[23:17:43] INFO: === DEBUG SESSION STARTED ===
[23:17:43] INFO: Timestamp: 20251127_231743
[23:17:43] INFO: Godot Version: { "major": 4, "minor": 5, "patch": 0, "hex": 263424, "status": "stable", "build": "official", "hash": "876b290332ec6f2e6d173d08162a02aa7e6ca46d", "timestamp": 0, "string": "4.5-stable (official)" }
[23:17:43] TERRAIN: Updating terrain for player chunk: (0.0, 0.0) (player pos: (0.0, 1.902, 0.0))
[23:17:43] TERRAIN: Queuing 709 new chunks for generation
[23:17:43] TERRAIN: Queued chunk: (0.0, 0.0) (distance: 0.00)
[23:17:43] TERRAIN: Queued chunk: (0.0, -1.0) (distance: 1.00)
[23:17:43] TERRAIN: Queued chunk: (-1.0, 0.0) (distance: 1.00)
[23:17:43] TERRAIN: Queued chunk: (0.0, 1.0) (distance: 1.00)
[23:17:43] TERRAIN: Queued chunk: (1.0, 0.0) (distance: 1.00)
[23:17:43] TERRAIN: Queued chunk: (-1.0, 1.0) (distance: 1.41)
[23:17:43] TERRAIN: Queued chunk: (-1.0, -1.0) (distance: 1.41)
[23:17:43] TERRAIN: Queued chunk: (1.0, 1.0) (distance: 1.41)
[23:17:43] TERRAIN: Queued chunk: (1.0, -1.0) (distance: 1.41)
[23:17:43] TERRAIN: Queued chunk: (0.0, -2.0) (distance: 2.00)
[23:17:43] TERRAIN: Queued chunk: (0.0, 2.0) (distance: 2.00)
[23:17:43] TERRAIN: Queued chunk: (-2.0, 0.0) (distance: 2.00)
[23:17:43] TERRAIN: Queued chunk: (2.0, 0.0) (distance: 2.00)
[23:17:43] TERRAIN: Queued chunk: (-2.0, 1.0) (distance: 2.24)
[23:17:43] TERRAIN: Queued chunk: (-2.0, -1.0) (distance: 2.24)
[23:17:43] TERRAIN: Queued chunk: (1.0, 2.0) (distance: 2.24)
[23:17:43] TERRAIN: Queued chunk: (1.0, -2.0) (distance: 2.24)
[23:17:43] TERRAIN: Queued chunk: (-1.0, 2.0) (distance: 2.24)
[23:17:43] TERRAIN: Queued chunk: (2.0, 1.0) (distance: 2.24)
[23:17:43] TERRAIN: Queued chunk: (2.0, -1.0) (distance: 2.24)
[23:17:43] TERRAIN: Queued chunk: (-1.0, -2.0) (distance: 2.24)
[23:17:43] TERRAIN: Queued chunk: (2.0, 2.0) (distance: 2.83)
[23:17:43] TERRAIN: Queued chunk: (2.0, -2.0) (distance: 2.83)
[23:17:43] TERRAIN: Queued chunk: (-2.0, -2.0) (distance: 2.83)
[23:17:43] TERRAIN: Queued chunk: (-2.0, 2.0) (distance: 2.83)
[23:17:43] TERRAIN: Queued chunk: (0.0, -3.0) (distance: 3.00)
[23:17:43] TERRAIN: Queued chunk: (0.0, 3.0) (distance: 3.00)
[23:17:43] TERRAIN: Queued chunk: (3.0, 0.0) (distance: 3.00)
[23:17:43] TERRAIN: Queued chunk: (-3.0, 0.0) (distance: 3.00)
[23:17:43] TERRAIN: Queued chunk: (1.0, 3.0) (distance: 3.16)
[23:17:43] TERRAIN: Queued chunk: (-1.0, -3.0) (distance: 3.16)
[23:17:43] TERRAIN: Queued chunk: (-3.0, -1.0) (distance: 3.16)
[23:17:43] TERRAIN: Queued chunk: (3.0, -1.0) (distance: 3.16)
[23:17:43] TERRAIN: Queued chunk: (3.0, 1.0) (distance: 3.16)
[23:17:43] TERRAIN: Queued chunk: (-3.0, 1.0) (distance: 3.16)
[23:17:43] TERRAIN: Queued chunk: (1.0, -3.0) (distance: 3.16)
[23:17:43] TERRAIN: Queued chunk: (-1.0, 3.0) (distance: 3.16)
[23:17:43] TERRAIN: Queued chunk: (-3.0, -2.0) (distance: 3.61)
[23:17:43] TERRAIN: Queued chunk: (-3.0, 2.0) (distance: 3.61)
[23:17:43] TERRAIN: Queued chunk: (2.0, -3.0) (distance: 3.61)
[23:17:43] TERRAIN: Queued chunk: (2.0, 3.0) (distance: 3.61)
[23:17:43] TERRAIN: Queued chunk: (-2.0, -3.0) (distance: 3.61)
[23:17:43] TERRAIN: Queued chunk: (3.0, 2.0) (distance: 3.61)
[23:17:43] TERRAIN: Queued chunk: (-2.0, 3.0) (distance: 3.61)
[23:17:43] TERRAIN: Queued chunk: (3.0, -2.0) (distance: 3.61)
[23:17:43] TERRAIN: Queued chunk: (4.0, 0.0) (distance: 4.00)
[23:17:43] TERRAIN: Queued chunk: (0.0, -4.0) (distance: 4.00)
[23:17:43] TERRAIN: Queued chunk: (0.0, 4.0) (distance: 4.00)
[23:17:43] TERRAIN: Queued chunk: (-4.0, 0.0) (distance: 4.00)
[23:17:43] TERRAIN: Queued chunk: (1.0, -4.0) (distance: 4.12)
[23:17:43] TERRAIN: Queued chunk: (-1.0, 4.0) (distance: 4.12)
[23:17:43] TERRAIN: Queued chunk: (1.0, 4.0) (distance: 4.12)
[23:17:43] TERRAIN: Queued chunk: (-4.0, -1.0) (distance: 4.12)
[23:17:43] TERRAIN: Queued chunk: (-1.0, -4.0) (distance: 4.12)
[23:17:43] TERRAIN: Queued chunk: (-4.0, 1.0) (distance: 4.12)
[23:17:43] TERRAIN: Queued chunk: (4.0, -1.0) (distance: 4.12)
[23:17:43] TERRAIN: Queued chunk: (4.0, 1.0) (distance: 4.12)
[23:17:43] TERRAIN: Queued chunk: (3.0, -3.0) (distance: 4.24)
[23:17:43] TERRAIN: Queued chunk: (3.0, 3.0) (distance: 4.24)
[23:17:43] TERRAIN: Queued chunk: (-3.0, -3.0) (distance: 4.24)
[23:17:43] TERRAIN: Queued chunk: (-3.0, 3.0) (distance: 4.24)
[23:17:43] TERRAIN: Queued chunk: (-4.0, -2.0) (distance: 4.47)
[23:17:43] TERRAIN: Queued chunk: (-4.0, 2.0) (distance: 4.47)
[23:17:43] TERRAIN: Queued chunk: (4.0, 2.0) (distance: 4.47)
[23:17:43] TERRAIN: Queued chunk: (4.0, -2.0) (distance: 4.47)
[23:17:43] TERRAIN: Queued chunk: (-2.0, -4.0) (distance: 4.47)
[23:17:43] TERRAIN: Queued chunk: (-2.0, 4.0) (distance: 4.47)
[23:17:43] TERRAIN: Queued chunk: (2.0, 4.0) (distance: 4.47)
[23:17:43] TERRAIN: Queued chunk: (2.0, -4.0) (distance: 4.47)
[23:17:43] TERRAIN: Queued chunk: (0.0, -5.0) (distance: 5.00)
[23:17:43] TERRAIN: Queued chunk: (-3.0, 4.0) (distance: 5.00)
[23:17:43] TERRAIN: Queued chunk: (-3.0, -4.0) (distance: 5.00)
[23:17:43] TERRAIN: Queued chunk: (-4.0, 3.0) (distance: 5.00)
[23:17:43] TERRAIN: Queued chunk: (-4.0, -3.0) (distance: 5.00)
[23:17:43] TERRAIN: Queued chunk: (3.0, -4.0) (distance: 5.00)
[23:17:43] TERRAIN: Queued chunk: (3.0, 4.0) (distance: 5.00)
[23:17:43] TERRAIN: Queued chunk: (-5.0, 0.0) (distance: 5.00)
[23:17:43] TERRAIN: Queued chunk: (5.0, 0.0) (distance: 5.00)
[23:17:43] TERRAIN: Queued chunk: (0.0, 5.0) (distance: 5.00)
[23:17:43] TERRAIN: Queued chunk: (4.0, -3.0) (distance: 5.00)
[23:17:43] TERRAIN: Queued chunk: (4.0, 3.0) (distance: 5.00)
[23:17:43] TERRAIN: Queued chunk: (5.0, 1.0) (distance: 5.10)
[23:17:43] TERRAIN: Queued chunk: (-1.0, 5.0) (distance: 5.10)
[23:17:43] TERRAIN: Queued chunk: (-5.0, -1.0) (distance: 5.10)
[23:17:43] TERRAIN: Queued chunk: (1.0, -5.0) (distance: 5.10)
[23:17:43] TERRAIN: Queued chunk: (1.0, 5.0) (distance: 5.10)
[23:17:43] TERRAIN: Queued chunk: (5.0, -1.0) (distance: 5.10)
[23:17:43] TERRAIN: Queued chunk: (-5.0, 1.0) (distance: 5.10)
[23:17:43] TERRAIN: Queued chunk: (-1.0, -5.0) (distance: 5.10)
[23:17:43] TERRAIN: Queued chunk: (-5.0, 2.0) (distance: 5.39)
[23:17:43] TERRAIN: Queued chunk: (5.0, -2.0) (distance: 5.39)
[23:17:43] TERRAIN: Queued chunk: (-2.0, 5.0) (distance: 5.39)
[23:17:43] TERRAIN: Queued chunk: (2.0, 5.0) (distance: 5.39)
[23:17:43] TERRAIN: Queued chunk: (2.0, -5.0) (distance: 5.39)
[23:17:43] TERRAIN: Queued chunk: (-2.0, -5.0) (distance: 5.39)
[23:17:43] TERRAIN: Queued chunk: (-5.0, -2.0) (distance: 5.39)
[23:17:43] TERRAIN: Queued chunk: (5.0, 2.0) (distance: 5.39)
[23:17:43] TERRAIN: Queued chunk: (4.0, 4.0) (distance: 5.66)
[23:17:43] TERRAIN: Queued chunk: (4.0, -4.0) (distance: 5.66)
[23:17:43] TERRAIN: Queued chunk: (-4.0, -4.0) (distance: 5.66)
[23:17:43] TERRAIN: Queued chunk: (-4.0, 4.0) (distance: 5.66)
[23:17:43] TERRAIN: Queued chunk: (3.0, -5.0) (distance: 5.83)
[23:17:43] TERRAIN: Queued chunk: (-3.0, -5.0) (distance: 5.83)
[23:17:43] TERRAIN: Queued chunk: (3.0, 5.0) (distance: 5.83)
[23:17:43] TERRAIN: Queued chunk: (5.0, -3.0) (distance: 5.83)
[23:17:43] TERRAIN: Queued chunk: (-5.0, 3.0) (distance: 5.83)
[23:17:43] TERRAIN: Queued chunk: (-3.0, 5.0) (distance: 5.83)
[23:17:43] TERRAIN: Queued chunk: (5.0, 3.0) (distance: 5.83)
[23:17:43] TERRAIN: Queued chunk: (-5.0, -3.0) (distance: 5.83)
[23:17:43] TERRAIN: Queued chunk: (-6.0, 0.0) (distance: 6.00)
[23:17:43] TERRAIN: Queued chunk: (6.0, 0.0) (distance: 6.00)
[23:17:43] TERRAIN: Queued chunk: (0.0, -6.0) (distance: 6.00)
[23:17:43] TERRAIN: Queued chunk: (0.0, 6.0) (distance: 6.00)
[23:17:43] TERRAIN: Queued chunk: (6.0, -1.0) (distance: 6.08)
[23:17:43] TERRAIN: Queued chunk: (-6.0, 1.0) (distance: 6.08)
[23:17:43] TERRAIN: Queued chunk: (-1.0, 6.0) (distance: 6.08)
[23:17:43] TERRAIN: Queued chunk: (1.0, -6.0) (distance: 6.08)
[23:17:43] TERRAIN: Queued chunk: (1.0, 6.0) (distance: 6.08)
[23:17:43] TERRAIN: Queued chunk: (-1.0, -6.0) (distance: 6.08)
[23:17:43] TERRAIN: Queued chunk: (-6.0, -1.0) (distance: 6.08)
[23:17:43] TERRAIN: Queued chunk: (6.0, 1.0) (distance: 6.08)
[23:17:43] TERRAIN: Queued chunk: (-2.0, 6.0) (distance: 6.32)
[23:17:43] TERRAIN: Queued chunk: (6.0, -2.0) (distance: 6.32)
[23:17:43] TERRAIN: Queued chunk: (6.0, 2.0) (distance: 6.32)
[23:17:43] TERRAIN: Queued chunk: (2.0, 6.0) (distance: 6.32)
[23:17:43] TERRAIN: Queued chunk: (2.0, -6.0) (distance: 6.32)
[23:17:43] TERRAIN: Queued chunk: (-2.0, -6.0) (distance: 6.32)
[23:17:43] TERRAIN: Queued chunk: (-6.0, -2.0) (distance: 6.32)
[23:17:43] TERRAIN: Queued chunk: (-6.0, 2.0) (distance: 6.32)
[23:17:43] TERRAIN: Queued chunk: (-4.0, -5.0) (distance: 6.40)
[23:17:43] TERRAIN: Queued chunk: (-5.0, 4.0) (distance: 6.40)
[23:17:43] TERRAIN: Queued chunk: (-5.0, -4.0) (distance: 6.40)
[23:17:43] TERRAIN: Queued chunk: (-4.0, 5.0) (distance: 6.40)
[23:17:43] TERRAIN: Queued chunk: (4.0, -5.0) (distance: 6.40)
[23:17:43] TERRAIN: Queued chunk: (4.0, 5.0) (distance: 6.40)
[23:17:43] TERRAIN: Queued chunk: (5.0, -4.0) (distance: 6.40)
[23:17:43] TERRAIN: Queued chunk: (5.0, 4.0) (distance: 6.40)
[23:17:43] TERRAIN: Queued chunk: (-3.0, -6.0) (distance: 6.71)
[23:17:43] TERRAIN: Queued chunk: (-3.0, 6.0) (distance: 6.71)
[23:17:43] TERRAIN: Queued chunk: (6.0, -3.0) (distance: 6.71)
[23:17:43] TERRAIN: Queued chunk: (6.0, 3.0) (distance: 6.71)
[23:17:43] TERRAIN: Queued chunk: (-6.0, 3.0) (distance: 6.71)
[23:17:43] TERRAIN: Queued chunk: (3.0, -6.0) (distance: 6.71)
[23:17:43] TERRAIN: Queued chunk: (3.0, 6.0) (distance: 6.71)
[23:17:43] TERRAIN: Queued chunk: (-6.0, -3.0) (distance: 6.71)
[23:17:43] TERRAIN: Queued chunk: (-7.0, 0.0) (distance: 7.00)
[23:17:43] TERRAIN: Queued chunk: (0.0, -7.0) (distance: 7.00)
[23:17:43] TERRAIN: Queued chunk: (0.0, 7.0) (distance: 7.00)
[23:17:43] TERRAIN: Queued chunk: (7.0, 0.0) (distance: 7.00)
[23:17:43] TERRAIN: Queued chunk: (-5.0, -5.0) (distance: 7.07)
[23:17:43] TERRAIN: Queued chunk: (-5.0, 5.0) (distance: 7.07)
[23:17:43] TERRAIN: Queued chunk: (-1.0, -7.0) (distance: 7.07)
[23:17:43] TERRAIN: Queued chunk: (-1.0, 7.0) (distance: 7.07)
[23:17:43] TERRAIN: Queued chunk: (1.0, -7.0) (distance: 7.07)
[23:17:43] TERRAIN: Queued chunk: (1.0, 7.0) (distance: 7.07)
[23:17:43] TERRAIN: Queued chunk: (5.0, -5.0) (distance: 7.07)
[23:17:43] TERRAIN: Queued chunk: (5.0, 5.0) (distance: 7.07)
[23:17:43] TERRAIN: Queued chunk: (7.0, 1.0) (distance: 7.07)
[23:17:43] TERRAIN: Queued chunk: (7.0, -1.0) (distance: 7.07)
[23:17:43] TERRAIN: Queued chunk: (-7.0, 1.0) (distance: 7.07)
[23:17:43] TERRAIN: Queued chunk: (-7.0, -1.0) (distance: 7.07)
[23:17:43] TERRAIN: Queued chunk: (-4.0, 6.0) (distance: 7.21)
[23:17:43] TERRAIN: Queued chunk: (4.0, -6.0) (distance: 7.21)
[23:17:43] TERRAIN: Queued chunk: (-6.0, 4.0) (distance: 7.21)
[23:17:43] TERRAIN: Queued chunk: (-6.0, -4.0) (distance: 7.21)
[23:17:43] TERRAIN: Queued chunk: (4.0, 6.0) (distance: 7.21)
[23:17:43] TERRAIN: Queued chunk: (6.0, 4.0) (distance: 7.21)
[23:17:43] TERRAIN: Queued chunk: (6.0, -4.0) (distance: 7.21)
[23:17:43] TERRAIN: Queued chunk: (-4.0, -6.0) (distance: 7.21)
[23:17:43] TERRAIN: Queued chunk: (-7.0, 2.0) (distance: 7.28)
[23:17:43] TERRAIN: Queued chunk: (2.0, -7.0) (distance: 7.28)
[23:17:43] TERRAIN: Queued chunk: (-7.0, -2.0) (distance: 7.28)
[23:17:43] TERRAIN: Queued chunk: (-2.0, -7.0) (distance: 7.28)
[23:17:43] TERRAIN: Queued chunk: (7.0, 2.0) (distance: 7.28)
[23:17:43] TERRAIN: Queued chunk: (-2.0, 7.0) (distance: 7.28)
[23:17:43] TERRAIN: Queued chunk: (7.0, -2.0) (distance: 7.28)
[23:17:43] TERRAIN: Queued chunk: (2.0, 7.0) (distance: 7.28)
[23:17:43] TERRAIN: Queued chunk: (-7.0, -3.0) (distance: 7.62)
[23:17:43] TERRAIN: Queued chunk: (-3.0, -7.0) (distance: 7.62)
[23:17:43] TERRAIN: Queued chunk: (-7.0, 3.0) (distance: 7.62)
[23:17:43] TERRAIN: Queued chunk: (-3.0, 7.0) (distance: 7.62)
[23:17:43] TERRAIN: Queued chunk: (3.0, -7.0) (distance: 7.62)
[23:17:43] TERRAIN: Queued chunk: (7.0, 3.0) (distance: 7.62)
[23:17:43] TERRAIN: Queued chunk: (7.0, -3.0) (distance: 7.62)
[23:17:43] TERRAIN: Queued chunk: (3.0, 7.0) (distance: 7.62)
[23:17:43] TERRAIN: Queued chunk: (-5.0, -6.0) (distance: 7.81)
[23:17:43] TERRAIN: Queued chunk: (-5.0, 6.0) (distance: 7.81)
[23:17:43] TERRAIN: Queued chunk: (-6.0, 5.0) (distance: 7.81)
[23:17:43] TERRAIN: Queued chunk: (-6.0, -5.0) (distance: 7.81)
[23:17:43] TERRAIN: Queued chunk: (5.0, -6.0) (distance: 7.81)
[23:17:43] TERRAIN: Queued chunk: (6.0, -5.0) (distance: 7.81)
[23:17:43] TERRAIN: Queued chunk: (5.0, 6.0) (distance: 7.81)
[23:17:43] TERRAIN: Queued chunk: (6.0, 5.0) (distance: 7.81)
[23:17:43] TERRAIN: Queued chunk: (8.0, 0.0) (distance: 8.00)
[23:17:43] TERRAIN: Queued chunk: (-8.0, 0.0) (distance: 8.00)
[23:17:43] TERRAIN: Queued chunk: (0.0, -8.0) (distance: 8.00)
[23:17:43] TERRAIN: Queued chunk: (0.0, 8.0) (distance: 8.00)
[23:17:43] TERRAIN: Queued chunk: (8.0, 1.0) (distance: 8.06)
[23:17:43] TERRAIN: Queued chunk: (-1.0, 8.0) (distance: 8.06)
[23:17:43] TERRAIN: Queued chunk: (-1.0, -8.0) (distance: 8.06)
[23:17:43] TERRAIN: Queued chunk: (1.0, -8.0) (distance: 8.06)
[23:17:43] TERRAIN: Queued chunk: (-4.0, -7.0) (distance: 8.06)
[23:17:43] TERRAIN: Queued chunk: (1.0, 8.0) (distance: 8.06)
[23:17:43] TERRAIN: Queued chunk: (-8.0, 1.0) (distance: 8.06)
[23:17:43] TERRAIN: Queued chunk: (8.0, -1.0) (distance: 8.06)
[23:17:43] TERRAIN: Queued chunk: (-8.0, -1.0) (distance: 8.06)
[23:17:43] TERRAIN: Queued chunk: (-4.0, 7.0) (distance: 8.06)
[23:17:43] TERRAIN: Queued chunk: (7.0, -4.0) (distance: 8.06)
[23:17:43] TERRAIN: Queued chunk: (4.0, 7.0) (distance: 8.06)
[23:17:43] TERRAIN: Queued chunk: (-7.0, -4.0) (distance: 8.06)
[23:17:43] TERRAIN: Queued chunk: (7.0, 4.0) (distance: 8.06)
[23:17:43] TERRAIN: Queued chunk: (4.0, -7.0) (distance: 8.06)
[23:17:43] TERRAIN: Queued chunk: (-7.0, 4.0) (distance: 8.06)
[23:17:43] TERRAIN: Queued chunk: (-8.0, -2.0) (distance: 8.25)
[23:17:43] TERRAIN: Queued chunk: (2.0, 8.0) (distance: 8.25)
[23:17:43] TERRAIN: Queued chunk: (-8.0, 2.0) (distance: 8.25)
[23:17:43] TERRAIN: Queued chunk: (2.0, -8.0) (distance: 8.25)
[23:17:43] TERRAIN: Queued chunk: (8.0, -2.0) (distance: 8.25)
[23:17:43] TERRAIN: Queued chunk: (-2.0, -8.0) (distance: 8.25)
[23:17:43] TERRAIN: Queued chunk: (-2.0, 8.0) (distance: 8.25)
[23:17:43] TERRAIN: Queued chunk: (8.0, 2.0) (distance: 8.25)
[23:17:43] TERRAIN: Queued chunk: (-6.0, 6.0) (distance: 8.49)
[23:17:43] TERRAIN: Queued chunk: (6.0, -6.0) (distance: 8.49)
[23:17:43] TERRAIN: Queued chunk: (6.0, 6.0) (distance: 8.49)
[23:17:43] TERRAIN: Queued chunk: (-6.0, -6.0) (distance: 8.49)
[23:17:43] TERRAIN: Queued chunk: (-8.0, 3.0) (distance: 8.54)
[23:17:43] TERRAIN: Queued chunk: (-3.0, -8.0) (distance: 8.54)
[23:17:43] TERRAIN: Queued chunk: (3.0, 8.0) (distance: 8.54)
[23:17:43] TERRAIN: Queued chunk: (-3.0, 8.0) (distance: 8.54)
[23:17:43] TERRAIN: Queued chunk: (8.0, -3.0) (distance: 8.54)
[23:17:43] TERRAIN: Queued chunk: (3.0, -8.0) (distance: 8.54)
[23:17:43] TERRAIN: Queued chunk: (-8.0, -3.0) (distance: 8.54)
[23:17:43] TERRAIN: Queued chunk: (8.0, 3.0) (distance: 8.54)
[23:17:43] TERRAIN: Queued chunk: (-7.0, -5.0) (distance: 8.60)
[23:17:43] TERRAIN: Queued chunk: (5.0, -7.0) (distance: 8.60)
[23:17:43] TERRAIN: Queued chunk: (-5.0, 7.0) (distance: 8.60)
[23:17:43] TERRAIN: Queued chunk: (7.0, -5.0) (distance: 8.60)
[23:17:43] TERRAIN: Queued chunk: (-7.0, 5.0) (distance: 8.60)
[23:17:43] TERRAIN: Queued chunk: (7.0, 5.0) (distance: 8.60)
[23:17:43] TERRAIN: Queued chunk: (5.0, 7.0) (distance: 8.60)
[23:17:43] TERRAIN: Queued chunk: (-5.0, -7.0) (distance: 8.60)
[23:17:43] TERRAIN: Queued chunk: (8.0, 4.0) (distance: 8.94)
[23:17:43] TERRAIN: Queued chunk: (4.0, 8.0) (distance: 8.94)
[23:17:43] TERRAIN: Queued chunk: (-4.0, 8.0) (distance: 8.94)
[23:17:43] TERRAIN: Queued chunk: (4.0, -8.0) (distance: 8.94)
[23:17:43] TERRAIN: Queued chunk: (-8.0, -4.0) (distance: 8.94)
[23:17:43] TERRAIN: Queued chunk: (8.0, -4.0) (distance: 8.94)
[23:17:43] TERRAIN: Queued chunk: (-4.0, -8.0) (distance: 8.94)
[23:17:43] TERRAIN: Queued chunk: (-8.0, 4.0) (distance: 8.94)
[23:17:43] TERRAIN: Queued chunk: (9.0, 0.0) (distance: 9.00)
[23:17:43] TERRAIN: Queued chunk: (-9.0, 0.0) (distance: 9.00)
[23:17:43] TERRAIN: Queued chunk: (0.0, -9.0) (distance: 9.00)
[23:17:43] TERRAIN: Queued chunk: (0.0, 9.0) (distance: 9.00)
[23:17:43] TERRAIN: Queued chunk: (9.0, 1.0) (distance: 9.06)
[23:17:43] TERRAIN: Queued chunk: (1.0, 9.0) (distance: 9.06)
[23:17:43] TERRAIN: Queued chunk: (9.0, -1.0) (distance: 9.06)
[23:17:43] TERRAIN: Queued chunk: (1.0, -9.0) (distance: 9.06)
[23:17:43] TERRAIN: Queued chunk: (-1.0, -9.0) (distance: 9.06)
[23:17:43] TERRAIN: Queued chunk: (-9.0, -1.0) (distance: 9.06)
[23:17:43] TERRAIN: Queued chunk: (-9.0, 1.0) (distance: 9.06)
[23:17:43] TERRAIN: Queued chunk: (-1.0, 9.0) (distance: 9.06)
[23:17:43] TERRAIN: Queued chunk: (-9.0, -2.0) (distance: 9.22)
[23:17:43] TERRAIN: Queued chunk: (6.0, 7.0) (distance: 9.22)
[23:17:43] TERRAIN: Queued chunk: (-9.0, 2.0) (distance: 9.22)
[23:17:43] TERRAIN: Queued chunk: (9.0, 2.0) (distance: 9.22)
[23:17:43] TERRAIN: Queued chunk: (-2.0, -9.0) (distance: 9.22)
[23:17:43] TERRAIN: Queued chunk: (-6.0, -7.0) (distance: 9.22)
[23:17:43] TERRAIN: Queued chunk: (2.0, -9.0) (distance: 9.22)
[23:17:43] TERRAIN: Queued chunk: (-2.0, 9.0) (distance: 9.22)
[23:17:43] TERRAIN: Queued chunk: (-7.0, 6.0) (distance: 9.22)
[23:17:43] TERRAIN: Queued chunk: (-7.0, -6.0) (distance: 9.22)
[23:17:43] TERRAIN: Queued chunk: (7.0, -6.0) (distance: 9.22)
[23:17:43] TERRAIN: Queued chunk: (2.0, 9.0) (distance: 9.22)
[23:17:43] TERRAIN: Queued chunk: (-6.0, 7.0) (distance: 9.22)
[23:17:43] TERRAIN: Queued chunk: (9.0, -2.0) (distance: 9.22)
[23:17:43] TERRAIN: Queued chunk: (7.0, 6.0) (distance: 9.22)
[23:17:43] TERRAIN: Queued chunk: (6.0, -7.0) (distance: 9.22)
[23:17:43] TERRAIN: Queued chunk: (-5.0, -8.0) (distance: 9.43)
[23:17:43] TERRAIN: Queued chunk: (8.0, -5.0) (distance: 9.43)
[23:17:43] TERRAIN: Queued chunk: (5.0, 8.0) (distance: 9.43)
[23:17:43] TERRAIN: Queued chunk: (-8.0, -5.0) (distance: 9.43)
[23:17:43] TERRAIN: Queued chunk: (8.0, 5.0) (distance: 9.43)
[23:17:43] TERRAIN: Queued chunk: (-8.0, 5.0) (distance: 9.43)
[23:17:43] TERRAIN: Queued chunk: (-5.0, 8.0) (distance: 9.43)
[23:17:43] TERRAIN: Queued chunk: (5.0, -8.0) (distance: 9.43)
[23:17:43] TERRAIN: Queued chunk: (-9.0, -3.0) (distance: 9.49)
[23:17:43] TERRAIN: Queued chunk: (9.0, -3.0) (distance: 9.49)
[23:17:43] TERRAIN: Queued chunk: (-9.0, 3.0) (distance: 9.49)
[23:17:43] TERRAIN: Queued chunk: (3.0, 9.0) (distance: 9.49)
[23:17:43] TERRAIN: Queued chunk: (-3.0, -9.0) (distance: 9.49)
[23:17:43] TERRAIN: Queued chunk: (-3.0, 9.0) (distance: 9.49)
[23:17:43] TERRAIN: Queued chunk: (3.0, -9.0) (distance: 9.49)
[23:17:43] TERRAIN: Queued chunk: (9.0, 3.0) (distance: 9.49)
[23:17:43] TERRAIN: Queued chunk: (-9.0, 4.0) (distance: 9.85)
[23:17:43] TERRAIN: Queued chunk: (-4.0, -9.0) (distance: 9.85)
[23:17:43] TERRAIN: Queued chunk: (9.0, -4.0) (distance: 9.85)
[23:17:43] TERRAIN: Queued chunk: (9.0, 4.0) (distance: 9.85)
[23:17:43] TERRAIN: Queued chunk: (-9.0, -4.0) (distance: 9.85)
[23:17:43] TERRAIN: Queued chunk: (4.0, 9.0) (distance: 9.85)
[23:17:43] TERRAIN: Queued chunk: (-4.0, 9.0) (distance: 9.85)
[23:17:43] TERRAIN: Queued chunk: (4.0, -9.0) (distance: 9.85)
[23:17:43] TERRAIN: Queued chunk: (7.0, -7.0) (distance: 9.90)
[23:17:43] TERRAIN: Queued chunk: (-7.0, -7.0) (distance: 9.90)
[23:17:43] TERRAIN: Queued chunk: (7.0, 7.0) (distance: 9.90)
[23:17:43] TERRAIN: Queued chunk: (-7.0, 7.0) (distance: 9.90)
[23:17:43] TERRAIN: Queued chunk: (-6.0, 8.0) (distance: 10.00)
[23:17:43] TERRAIN: Queued chunk: (-8.0, -6.0) (distance: 10.00)
[23:17:43] TERRAIN: Queued chunk: (6.0, -8.0) (distance: 10.00)
[23:17:43] TERRAIN: Queued chunk: (0.0, -10.0) (distance: 10.00)
[23:17:43] TERRAIN: Queued chunk: (8.0, 6.0) (distance: 10.00)
[23:17:43] TERRAIN: Queued chunk: (-8.0, 6.0) (distance: 10.00)
[23:17:43] TERRAIN: Queued chunk: (6.0, 8.0) (distance: 10.00)
[23:17:43] TERRAIN: Queued chunk: (-10.0, 0.0) (distance: 10.00)
[23:17:43] TERRAIN: Queued chunk: (10.0, 0.0) (distance: 10.00)
[23:17:43] TERRAIN: Queued chunk: (-6.0, -8.0) (distance: 10.00)
[23:17:43] TERRAIN: Queued chunk: (8.0, -6.0) (distance: 10.00)
[23:17:43] TERRAIN: Queued chunk: (0.0, 10.0) (distance: 10.00)
[23:17:43] TERRAIN: Queued chunk: (-10.0, -1.0) (distance: 10.05)
[23:17:43] TERRAIN: Queued chunk: (-1.0, 10.0) (distance: 10.05)
[23:17:43] TERRAIN: Queued chunk: (1.0, 10.0) (distance: 10.05)
[23:17:43] TERRAIN: Queued chunk: (1.0, -10.0) (distance: 10.05)
[23:17:43] TERRAIN: Queued chunk: (-10.0, 1.0) (distance: 10.05)
[23:17:43] TERRAIN: Queued chunk: (-1.0, -10.0) (distance: 10.05)
[23:17:43] TERRAIN: Queued chunk: (10.0, 1.0) (distance: 10.05)
[23:17:43] TERRAIN: Queued chunk: (10.0, -1.0) (distance: 10.05)
[23:17:43] TERRAIN: Queued chunk: (2.0, 10.0) (distance: 10.20)
[23:17:43] TERRAIN: Queued chunk: (-2.0, 10.0) (distance: 10.20)
[23:17:43] TERRAIN: Queued chunk: (-10.0, -2.0) (distance: 10.20)
[23:17:43] TERRAIN: Queued chunk: (10.0, -2.0) (distance: 10.20)
[23:17:43] TERRAIN: Queued chunk: (-2.0, -10.0) (distance: 10.20)
[23:17:43] TERRAIN: Queued chunk: (-10.0, 2.0) (distance: 10.20)
[23:17:43] TERRAIN: Queued chunk: (2.0, -10.0) (distance: 10.20)
[23:17:43] TERRAIN: Queued chunk: (10.0, 2.0) (distance: 10.20)
[23:17:43] TERRAIN: Queued chunk: (9.0, -5.0) (distance: 10.30)
[23:17:43] TERRAIN: Queued chunk: (9.0, 5.0) (distance: 10.30)
[23:17:43] TERRAIN: Queued chunk: (5.0, 9.0) (distance: 10.30)
[23:17:43] TERRAIN: Queued chunk: (-9.0, -5.0) (distance: 10.30)
[23:17:43] TERRAIN: Queued chunk: (5.0, -9.0) (distance: 10.30)
[23:17:43] TERRAIN: Queued chunk: (-5.0, -9.0) (distance: 10.30)
[23:17:43] TERRAIN: Queued chunk: (-9.0, 5.0) (distance: 10.30)
[23:17:43] TERRAIN: Queued chunk: (-5.0, 9.0) (distance: 10.30)
[23:17:43] TERRAIN: Queued chunk: (10.0, -3.0) (distance: 10.44)
[23:17:43] TERRAIN: Queued chunk: (-3.0, -10.0) (distance: 10.44)
[23:17:43] TERRAIN: Queued chunk: (-10.0, -3.0) (distance: 10.44)
[23:17:43] TERRAIN: Queued chunk: (3.0, 10.0) (distance: 10.44)
[23:17:43] TERRAIN: Queued chunk: (-10.0, 3.0) (distance: 10.44)
[23:17:43] TERRAIN: Queued chunk: (10.0, 3.0) (distance: 10.44)
[23:17:43] TERRAIN: Queued chunk: (3.0, -10.0) (distance: 10.44)
[23:17:43] TERRAIN: Queued chunk: (-3.0, 10.0) (distance: 10.44)
[23:17:43] TERRAIN: Queued chunk: (8.0, -7.0) (distance: 10.63)
[23:17:43] TERRAIN: Queued chunk: (7.0, 8.0) (distance: 10.63)
[23:17:43] TERRAIN: Queued chunk: (-8.0, 7.0) (distance: 10.63)
[23:17:43] TERRAIN: Queued chunk: (-8.0, -7.0) (distance: 10.63)
[23:17:43] TERRAIN: Queued chunk: (-7.0, 8.0) (distance: 10.63)
[23:17:43] TERRAIN: Queued chunk: (-7.0, -8.0) (distance: 10.63)
[23:17:43] TERRAIN: Queued chunk: (7.0, -8.0) (distance: 10.63)
[23:17:43] TERRAIN: Queued chunk: (8.0, 7.0) (distance: 10.63)
[23:17:43] TERRAIN: Queued chunk: (10.0, -4.0) (distance: 10.77)
[23:17:43] TERRAIN: Queued chunk: (-10.0, 4.0) (distance: 10.77)
[23:17:43] TERRAIN: Queued chunk: (10.0, 4.0) (distance: 10.77)
[23:17:43] TERRAIN: Queued chunk: (4.0, 10.0) (distance: 10.77)
[23:17:43] TERRAIN: Queued chunk: (-4.0, -10.0) (distance: 10.77)
[23:17:43] TERRAIN: Queued chunk: (-4.0, 10.0) (distance: 10.77)
[23:17:43] TERRAIN: Queued chunk: (-10.0, -4.0) (distance: 10.77)
[23:17:43] TERRAIN: Queued chunk: (4.0, -10.0) (distance: 10.77)
[23:17:43] TERRAIN: Queued chunk: (-9.0, 6.0) (distance: 10.82)
[23:17:43] TERRAIN: Queued chunk: (-9.0, -6.0) (distance: 10.82)
[23:17:43] TERRAIN: Queued chunk: (-6.0, 9.0) (distance: 10.82)
[23:17:43] TERRAIN: Queued chunk: (9.0, -6.0) (distance: 10.82)
[23:17:43] TERRAIN: Queued chunk: (9.0, 6.0) (distance: 10.82)
[23:17:43] TERRAIN: Queued chunk: (6.0, 9.0) (distance: 10.82)
[23:17:43] TERRAIN: Queued chunk: (6.0, -9.0) (distance: 10.82)
[23:17:43] TERRAIN: Queued chunk: (-6.0, -9.0) (distance: 10.82)
[23:17:43] TERRAIN: Queued chunk: (11.0, 0.0) (distance: 11.00)
[23:17:43] TERRAIN: Queued chunk: (-11.0, 0.0) (distance: 11.00)
[23:17:43] TERRAIN: Queued chunk: (0.0, 11.0) (distance: 11.00)
[23:17:43] TERRAIN: Queued chunk: (0.0, -11.0) (distance: 11.00)
[23:17:43] TERRAIN: Queued chunk: (1.0, -11.0) (distance: 11.05)
[23:17:43] TERRAIN: Queued chunk: (-1.0, 11.0) (distance: 11.05)
[23:17:43] TERRAIN: Queued chunk: (1.0, 11.0) (distance: 11.05)
[23:17:43] TERRAIN: Queued chunk: (-11.0, -1.0) (distance: 11.05)
[23:17:43] TERRAIN: Queued chunk: (11.0, -1.0) (distance: 11.05)
[23:17:43] TERRAIN: Queued chunk: (-1.0, -11.0) (distance: 11.05)
[23:17:43] TERRAIN: Queued chunk: (-11.0, 1.0) (distance: 11.05)
[23:17:43] TERRAIN: Queued chunk: (11.0, 1.0) (distance: 11.05)
[23:17:43] TERRAIN: Queued chunk: (2.0, -11.0) (distance: 11.18)
[23:17:43] TERRAIN: Queued chunk: (11.0, -2.0) (distance: 11.18)
[23:17:43] TERRAIN: Queued chunk: (10.0, -5.0) (distance: 11.18)
[23:17:43] TERRAIN: Queued chunk: (-5.0, -10.0) (distance: 11.18)
[23:17:43] TERRAIN: Queued chunk: (2.0, 11.0) (distance: 11.18)
[23:17:43] TERRAIN: Queued chunk: (5.0, 10.0) (distance: 11.18)
[23:17:43] TERRAIN: Queued chunk: (-5.0, 10.0) (distance: 11.18)
[23:17:43] TERRAIN: Queued chunk: (5.0, -10.0) (distance: 11.18)
[23:17:43] TERRAIN: Queued chunk: (11.0, 2.0) (distance: 11.18)
[23:17:43] TERRAIN: Queued chunk: (-10.0, 5.0) (distance: 11.18)
[23:17:43] TERRAIN: Queued chunk: (-11.0, -2.0) (distance: 11.18)
[23:17:43] TERRAIN: Queued chunk: (-11.0, 2.0) (distance: 11.18)
[23:17:43] TERRAIN: Queued chunk: (-2.0, 11.0) (distance: 11.18)
[23:17:43] TERRAIN: Queued chunk: (-10.0, -5.0) (distance: 11.18)
[23:17:43] TERRAIN: Queued chunk: (10.0, 5.0) (distance: 11.18)
[23:17:43] TERRAIN: Queued chunk: (-2.0, -11.0) (distance: 11.18)
[23:17:43] TERRAIN: Queued chunk: (8.0, -8.0) (distance: 11.31)
[23:17:43] TERRAIN: Queued chunk: (8.0, 8.0) (distance: 11.31)
[23:17:43] TERRAIN: Queued chunk: (-8.0, 8.0) (distance: 11.31)
[23:17:43] TERRAIN: Queued chunk: (-8.0, -8.0) (distance: 11.31)
[23:17:43] TERRAIN: Queued chunk: (7.0, -9.0) (distance: 11.40)
[23:17:43] TERRAIN: Queued chunk: (-7.0, 9.0) (distance: 11.40)
[23:17:43] TERRAIN: Queued chunk: (9.0, -7.0) (distance: 11.40)
[23:17:43] TERRAIN: Queued chunk: (-7.0, -9.0) (distance: 11.40)
[23:17:43] TERRAIN: Queued chunk: (3.0, 11.0) (distance: 11.40)
[23:17:43] TERRAIN: Queued chunk: (9.0, 7.0) (distance: 11.40)
[23:17:43] TERRAIN: Queued chunk: (11.0, 3.0) (distance: 11.40)
[23:17:43] TERRAIN: Queued chunk: (3.0, -11.0) (distance: 11.40)
[23:17:43] TERRAIN: Queued chunk: (-3.0, 11.0) (distance: 11.40)
[23:17:43] TERRAIN: Queued chunk: (-9.0, 7.0) (distance: 11.40)
[23:17:43] TERRAIN: Queued chunk: (-11.0, -3.0) (distance: 11.40)
[23:17:43] TERRAIN: Queued chunk: (-11.0, 3.0) (distance: 11.40)
[23:17:43] TERRAIN: Queued chunk: (11.0, -3.0) (distance: 11.40)
[23:17:43] TERRAIN: Queued chunk: (-9.0, -7.0) (distance: 11.40)
[23:17:43] TERRAIN: Queued chunk: (7.0, 9.0) (distance: 11.40)
[23:17:43] TERRAIN: Queued chunk: (-3.0, -11.0) (distance: 11.40)
[23:17:43] TERRAIN: Queued chunk: (6.0, -10.0) (distance: 11.66)
[23:17:43] TERRAIN: Queued chunk: (-6.0, -10.0) (distance: 11.66)
[23:17:43] TERRAIN: Queued chunk: (-10.0, -6.0) (distance: 11.66)
[23:17:43] TERRAIN: Queued chunk: (-10.0, 6.0) (distance: 11.66)
[23:17:43] TERRAIN: Queued chunk: (6.0, 10.0) (distance: 11.66)
[23:17:43] TERRAIN: Queued chunk: (-6.0, 10.0) (distance: 11.66)
[23:17:43] TERRAIN: Queued chunk: (10.0, 6.0) (distance: 11.66)
[23:17:43] TERRAIN: Queued chunk: (10.0, -6.0) (distance: 11.66)
[23:17:43] TERRAIN: Queued chunk: (11.0, 4.0) (distance: 11.70)
[23:17:43] TERRAIN: Queued chunk: (11.0, -4.0) (distance: 11.70)
[23:17:43] TERRAIN: Queued chunk: (-4.0, -11.0) (distance: 11.70)
[23:17:43] TERRAIN: Queued chunk: (4.0, -11.0) (distance: 11.70)
[23:17:43] TERRAIN: Queued chunk: (-4.0, 11.0) (distance: 11.70)
[23:17:43] TERRAIN: Queued chunk: (4.0, 11.0) (distance: 11.70)
[23:17:43] TERRAIN: Queued chunk: (-11.0, 4.0) (distance: 11.70)
[23:17:43] TERRAIN: Queued chunk: (-11.0, -4.0) (distance: 11.70)
[23:17:43] TERRAIN: Queued chunk: (12.0, 0.0) (distance: 12.00)
[23:17:43] TERRAIN: Queued chunk: (0.0, -12.0) (distance: 12.00)
[23:17:43] TERRAIN: Queued chunk: (-12.0, 0.0) (distance: 12.00)
[23:17:43] TERRAIN: Queued chunk: (0.0, 12.0) (distance: 12.00)
[23:17:43] TERRAIN: Queued chunk: (8.0, -9.0) (distance: 12.04)
[23:17:43] TERRAIN: Queued chunk: (8.0, 9.0) (distance: 12.04)
[23:17:43] TERRAIN: Queued chunk: (-8.0, 9.0) (distance: 12.04)
[23:17:43] TERRAIN: Queued chunk: (9.0, -8.0) (distance: 12.04)
[23:17:43] TERRAIN: Queued chunk: (12.0, 1.0) (distance: 12.04)
[23:17:43] TERRAIN: Queued chunk: (-1.0, 12.0) (distance: 12.04)
[23:17:43] TERRAIN: Queued chunk: (1.0, 12.0) (distance: 12.04)
[23:17:43] TERRAIN: Queued chunk: (-9.0, 8.0) (distance: 12.04)
[23:17:43] TERRAIN: Queued chunk: (1.0, -12.0) (distance: 12.04)
[23:17:43] TERRAIN: Queued chunk: (-8.0, -9.0) (distance: 12.04)
[23:17:43] TERRAIN: Queued chunk: (12.0, -1.0) (distance: 12.04)
[23:17:43] TERRAIN: Queued chunk: (-12.0, 1.0) (distance: 12.04)
[23:17:43] TERRAIN: Queued chunk: (-9.0, -8.0) (distance: 12.04)
[23:17:43] TERRAIN: Queued chunk: (-12.0, -1.0) (distance: 12.04)
[23:17:43] TERRAIN: Queued chunk: (9.0, 8.0) (distance: 12.04)
[23:17:43] TERRAIN: Queued chunk: (-1.0, -12.0) (distance: 12.04)
[23:17:43] TERRAIN: Queued chunk: (5.0, -11.0) (distance: 12.08)
[23:17:43] TERRAIN: Queued chunk: (-5.0, -11.0) (distance: 12.08)
[23:17:43] TERRAIN: Queued chunk: (-5.0, 11.0) (distance: 12.08)
[23:17:43] TERRAIN: Queued chunk: (11.0, -5.0) (distance: 12.08)
[23:17:43] TERRAIN: Queued chunk: (11.0, 5.0) (distance: 12.08)
[23:17:43] TERRAIN: Queued chunk: (5.0, 11.0) (distance: 12.08)
[23:17:43] TERRAIN: Queued chunk: (-11.0, -5.0) (distance: 12.08)
[23:17:43] TERRAIN: Queued chunk: (-11.0, 5.0) (distance: 12.08)
[23:17:43] TERRAIN: Queued chunk: (12.0, 2.0) (distance: 12.17)
[23:17:43] TERRAIN: Queued chunk: (2.0, 12.0) (distance: 12.17)
[23:17:43] TERRAIN: Queued chunk: (-2.0, 12.0) (distance: 12.17)
[23:17:43] TERRAIN: Queued chunk: (-12.0, 2.0) (distance: 12.17)
[23:17:43] TERRAIN: Queued chunk: (-12.0, -2.0) (distance: 12.17)
[23:17:43] TERRAIN: Queued chunk: (12.0, -2.0) (distance: 12.17)
[23:17:43] TERRAIN: Queued chunk: (2.0, -12.0) (distance: 12.17)
[23:17:43] TERRAIN: Queued chunk: (-2.0, -12.0) (distance: 12.17)
[23:17:43] TERRAIN: Queued chunk: (10.0, -7.0) (distance: 12.21)
[23:17:43] TERRAIN: Queued chunk: (7.0, 10.0) (distance: 12.21)
[23:17:43] TERRAIN: Queued chunk: (10.0, 7.0) (distance: 12.21)
[23:17:43] TERRAIN: Queued chunk: (7.0, -10.0) (distance: 12.21)
[23:17:43] TERRAIN: Queued chunk: (-7.0, -10.0) (distance: 12.21)
[23:17:43] TERRAIN: Queued chunk: (-7.0, 10.0) (distance: 12.21)
[23:17:43] TERRAIN: Queued chunk: (-10.0, 7.0) (distance: 12.21)
[23:17:43] TERRAIN: Queued chunk: (-10.0, -7.0) (distance: 12.21)
[23:17:43] TERRAIN: Queued chunk: (12.0, -3.0) (distance: 12.37)
[23:17:43] TERRAIN: Queued chunk: (-3.0, 12.0) (distance: 12.37)
[23:17:43] TERRAIN: Queued chunk: (12.0, 3.0) (distance: 12.37)
[23:17:43] TERRAIN: Queued chunk: (-3.0, -12.0) (distance: 12.37)
[23:17:43] TERRAIN: Queued chunk: (-12.0, 3.0) (distance: 12.37)
[23:17:43] TERRAIN: Queued chunk: (3.0, -12.0) (distance: 12.37)
[23:17:43] TERRAIN: Queued chunk: (3.0, 12.0) (distance: 12.37)
[23:17:43] TERRAIN: Queued chunk: (-12.0, -3.0) (distance: 12.37)
[23:17:43] TERRAIN: Queued chunk: (-11.0, 6.0) (distance: 12.53)
[23:17:43] TERRAIN: Queued chunk: (-6.0, -11.0) (distance: 12.53)
[23:17:43] TERRAIN: Queued chunk: (-11.0, -6.0) (distance: 12.53)
[23:17:43] TERRAIN: Queued chunk: (-6.0, 11.0) (distance: 12.53)
[23:17:43] TERRAIN: Queued chunk: (6.0, -11.0) (distance: 12.53)
[23:17:43] TERRAIN: Queued chunk: (6.0, 11.0) (distance: 12.53)
[23:17:43] TERRAIN: Queued chunk: (11.0, 6.0) (distance: 12.53)
[23:17:43] TERRAIN: Queued chunk: (11.0, -6.0) (distance: 12.53)
[23:17:43] TERRAIN: Queued chunk: (12.0, -4.0) (distance: 12.65)
[23:17:43] TERRAIN: Queued chunk: (4.0, 12.0) (distance: 12.65)
[23:17:43] TERRAIN: Queued chunk: (-12.0, 4.0) (distance: 12.65)
[23:17:43] TERRAIN: Queued chunk: (-4.0, 12.0) (distance: 12.65)
[23:17:43] TERRAIN: Queued chunk: (4.0, -12.0) (distance: 12.65)
[23:17:43] TERRAIN: Queued chunk: (-4.0, -12.0) (distance: 12.65)
[23:17:43] TERRAIN: Queued chunk: (-12.0, -4.0) (distance: 12.65)
[23:17:43] TERRAIN: Queued chunk: (12.0, 4.0) (distance: 12.65)
[23:17:43] TERRAIN: Queued chunk: (9.0, -9.0) (distance: 12.73)
[23:17:43] TERRAIN: Queued chunk: (9.0, 9.0) (distance: 12.73)
[23:17:43] TERRAIN: Queued chunk: (-9.0, 9.0) (distance: 12.73)
[23:17:43] TERRAIN: Queued chunk: (-9.0, -9.0) (distance: 12.73)
[23:17:43] TERRAIN: Queued chunk: (10.0, -8.0) (distance: 12.81)
[23:17:43] TERRAIN: Queued chunk: (-8.0, 10.0) (distance: 12.81)
[23:17:43] TERRAIN: Queued chunk: (-8.0, -10.0) (distance: 12.81)
[23:17:43] TERRAIN: Queued chunk: (-10.0, 8.0) (distance: 12.81)
[23:17:43] TERRAIN: Queued chunk: (-10.0, -8.0) (distance: 12.81)
[23:17:43] TERRAIN: Queued chunk: (10.0, 8.0) (distance: 12.81)
[23:17:43] TERRAIN: Queued chunk: (8.0, -10.0) (distance: 12.81)
[23:17:43] TERRAIN: Queued chunk: (8.0, 10.0) (distance: 12.81)
[23:17:43] TERRAIN: Queued chunk: (-12.0, 5.0) (distance: 13.00)
[23:17:43] TERRAIN: Queued chunk: (-12.0, -5.0) (distance: 13.00)
[23:17:43] TERRAIN: Queued chunk: (-13.0, 0.0) (distance: 13.00)
[23:17:43] TERRAIN: Queued chunk: (12.0, 5.0) (distance: 13.00)
[23:17:43] TERRAIN: Queued chunk: (13.0, 0.0) (distance: 13.00)
[23:17:43] TERRAIN: Queued chunk: (-5.0, -12.0) (distance: 13.00)
[23:17:43] TERRAIN: Queued chunk: (-5.0, 12.0) (distance: 13.00)
[23:17:43] TERRAIN: Queued chunk: (12.0, -5.0) (distance: 13.00)
[23:17:43] TERRAIN: Queued chunk: (5.0, 12.0) (distance: 13.00)
[23:17:43] TERRAIN: Queued chunk: (0.0, 13.0) (distance: 13.00)
[23:17:43] TERRAIN: Queued chunk: (0.0, -13.0) (distance: 13.00)
[23:17:43] TERRAIN: Queued chunk: (5.0, -12.0) (distance: 13.00)
[23:17:43] TERRAIN: Queued chunk: (-11.0, 7.0) (distance: 13.04)
[23:17:43] TERRAIN: Queued chunk: (-13.0, -1.0) (distance: 13.04)
[23:17:43] TERRAIN: Queued chunk: (-11.0, -7.0) (distance: 13.04)
[23:17:43] TERRAIN: Queued chunk: (7.0, -11.0) (distance: 13.04)
[23:17:43] TERRAIN: Queued chunk: (1.0, 13.0) (distance: 13.04)
[23:17:43] TERRAIN: Queued chunk: (13.0, 1.0) (distance: 13.04)
[23:17:43] TERRAIN: Queued chunk: (1.0, -13.0) (distance: 13.04)
[23:17:43] TERRAIN: Queued chunk: (7.0, 11.0) (distance: 13.04)
[23:17:43] TERRAIN: Queued chunk: (-7.0, -11.0) (distance: 13.04)
[23:17:43] TERRAIN: Queued chunk: (-7.0, 11.0) (distance: 13.04)
[23:17:43] TERRAIN: Queued chunk: (11.0, 7.0) (distance: 13.04)
[23:17:43] TERRAIN: Queued chunk: (-13.0, 1.0) (distance: 13.04)
[23:17:43] TERRAIN: Queued chunk: (-1.0, 13.0) (distance: 13.04)
[23:17:43] TERRAIN: Queued chunk: (-1.0, -13.0) (distance: 13.04)
[23:17:43] TERRAIN: Queued chunk: (11.0, -7.0) (distance: 13.04)
[23:17:43] TERRAIN: Queued chunk: (13.0, -1.0) (distance: 13.04)
[23:17:43] TERRAIN: Queued chunk: (-13.0, 2.0) (distance: 13.15)
[23:17:43] TERRAIN: Queued chunk: (2.0, 13.0) (distance: 13.15)
[23:17:43] TERRAIN: Queued chunk: (2.0, -13.0) (distance: 13.15)
[23:17:43] TERRAIN: Queued chunk: (13.0, 2.0) (distance: 13.15)
[23:17:43] TERRAIN: Queued chunk: (-13.0, -2.0) (distance: 13.15)
[23:17:43] TERRAIN: Queued chunk: (13.0, -2.0) (distance: 13.15)
[23:17:43] TERRAIN: Queued chunk: (-2.0, 13.0) (distance: 13.15)
[23:17:43] TERRAIN: Queued chunk: (-2.0, -13.0) (distance: 13.15)
[23:17:43] TERRAIN: Queued chunk: (3.0, -13.0) (distance: 13.34)
[23:17:43] TERRAIN: Queued chunk: (-13.0, -3.0) (distance: 13.34)
[23:17:43] TERRAIN: Queued chunk: (3.0, 13.0) (distance: 13.34)
[23:17:43] TERRAIN: Queued chunk: (-13.0, 3.0) (distance: 13.34)
[23:17:43] TERRAIN: Queued chunk: (13.0, 3.0) (distance: 13.34)
[23:17:43] TERRAIN: Queued chunk: (13.0, -3.0) (distance: 13.34)
[23:17:43] TERRAIN: Queued chunk: (-3.0, -13.0) (distance: 13.34)
[23:17:43] TERRAIN: Queued chunk: (-3.0, 13.0) (distance: 13.34)
[23:17:43] TERRAIN: Queued chunk: (-12.0, -6.0) (distance: 13.42)
[23:17:43] TERRAIN: Queued chunk: (-12.0, 6.0) (distance: 13.42)
[23:17:43] TERRAIN: Queued chunk: (6.0, 12.0) (distance: 13.42)
[23:17:43] TERRAIN: Queued chunk: (6.0, -12.0) (distance: 13.42)
[23:17:43] TERRAIN: Queued chunk: (12.0, 6.0) (distance: 13.42)
[23:17:43] TERRAIN: Queued chunk: (-6.0, -12.0) (distance: 13.42)
[23:17:43] TERRAIN: Queued chunk: (-6.0, 12.0) (distance: 13.42)
[23:17:43] TERRAIN: Queued chunk: (12.0, -6.0) (distance: 13.42)
[23:17:43] TERRAIN: Queued chunk: (9.0, -10.0) (distance: 13.45)
[23:17:43] TERRAIN: Queued chunk: (9.0, 10.0) (distance: 13.45)
[23:17:43] TERRAIN: Queued chunk: (10.0, -9.0) (distance: 13.45)
[23:17:43] TERRAIN: Queued chunk: (10.0, 9.0) (distance: 13.45)
[23:17:43] TERRAIN: Queued chunk: (-9.0, 10.0) (distance: 13.45)
[23:17:43] TERRAIN: Queued chunk: (-9.0, -10.0) (distance: 13.45)
[23:17:43] TERRAIN: Queued chunk: (-10.0, 9.0) (distance: 13.45)
[23:17:43] TERRAIN: Queued chunk: (-10.0, -9.0) (distance: 13.45)
[23:17:43] TERRAIN: Queued chunk: (8.0, 11.0) (distance: 13.60)
[23:17:43] TERRAIN: Queued chunk: (11.0, 8.0) (distance: 13.60)
[23:17:43] TERRAIN: Queued chunk: (-13.0, -4.0) (distance: 13.60)
[23:17:43] TERRAIN: Queued chunk: (-13.0, 4.0) (distance: 13.60)
[23:17:43] TERRAIN: Queued chunk: (11.0, -8.0) (distance: 13.60)
[23:17:43] TERRAIN: Queued chunk: (13.0, 4.0) (distance: 13.60)
[23:17:43] TERRAIN: Queued chunk: (-11.0, -8.0) (distance: 13.60)
[23:17:43] TERRAIN: Queued chunk: (-11.0, 8.0) (distance: 13.60)
[23:17:43] TERRAIN: Queued chunk: (-8.0, -11.0) (distance: 13.60)
[23:17:43] TERRAIN: Queued chunk: (-8.0, 11.0) (distance: 13.60)
[23:17:43] TERRAIN: Queued chunk: (-4.0, -13.0) (distance: 13.60)
[23:17:43] TERRAIN: Queued chunk: (-4.0, 13.0) (distance: 13.60)
[23:17:43] TERRAIN: Queued chunk: (13.0, -4.0) (distance: 13.60)
[23:17:43] TERRAIN: Queued chunk: (4.0, -13.0) (distance: 13.60)
[23:17:43] TERRAIN: Queued chunk: (4.0, 13.0) (distance: 13.60)
[23:17:43] TERRAIN: Queued chunk: (8.0, -11.0) (distance: 13.60)
[23:17:43] TERRAIN: Queued chunk: (12.0, -7.0) (distance: 13.89)
[23:17:43] TERRAIN: Queued chunk: (-7.0, 12.0) (distance: 13.89)
[23:17:43] TERRAIN: Queued chunk: (-7.0, -12.0) (distance: 13.89)
[23:17:43] TERRAIN: Queued chunk: (-12.0, 7.0) (distance: 13.89)
[23:17:43] TERRAIN: Queued chunk: (-12.0, -7.0) (distance: 13.89)
[23:17:43] TERRAIN: Queued chunk: (7.0, 12.0) (distance: 13.89)
[23:17:43] TERRAIN: Queued chunk: (7.0, -12.0) (distance: 13.89)
[23:17:43] TERRAIN: Queued chunk: (12.0, 7.0) (distance: 13.89)
[23:17:43] TERRAIN: Queued chunk: (13.0, 5.0) (distance: 13.93)
[23:17:43] TERRAIN: Queued chunk: (-13.0, 5.0) (distance: 13.93)
[23:17:43] TERRAIN: Queued chunk: (-13.0, -5.0) (distance: 13.93)
[23:17:43] TERRAIN: Queued chunk: (5.0, -13.0) (distance: 13.93)
[23:17:43] TERRAIN: Queued chunk: (5.0, 13.0) (distance: 13.93)
[23:17:43] TERRAIN: Queued chunk: (13.0, -5.0) (distance: 13.93)
[23:17:43] TERRAIN: Queued chunk: (-5.0, 13.0) (distance: 13.93)
[23:17:43] TERRAIN: Queued chunk: (-5.0, -13.0) (distance: 13.93)
[23:17:43] TERRAIN: Queued chunk: (0.0, -14.0) (distance: 14.00)
[23:17:43] TERRAIN: Queued chunk: (0.0, 14.0) (distance: 14.00)
[23:17:43] TERRAIN: Queued chunk: (14.0, 0.0) (distance: 14.00)
[23:17:43] TERRAIN: Queued chunk: (-14.0, 0.0) (distance: 14.00)
[23:17:43] TERRAIN: Queued chunk: (1.0, -14.0) (distance: 14.04)
[23:17:43] TERRAIN: Queued chunk: (14.0, 1.0) (distance: 14.04)
[23:17:43] TERRAIN: Queued chunk: (-1.0, 14.0) (distance: 14.04)
[23:17:43] TERRAIN: Queued chunk: (-1.0, -14.0) (distance: 14.04)
[23:17:43] TERRAIN: Queued chunk: (1.0, 14.0) (distance: 14.04)
[23:17:43] TERRAIN: Queued chunk: (-14.0, 1.0) (distance: 14.04)
[23:17:43] TERRAIN: Queued chunk: (-14.0, -1.0) (distance: 14.04)
[23:17:43] TERRAIN: Queued chunk: (14.0, -1.0) (distance: 14.04)
[23:17:43] TERRAIN: Queued chunk: (-14.0, 2.0) (distance: 14.14)
[23:17:43] TERRAIN: Queued chunk: (10.0, 10.0) (distance: 14.14)
[23:17:43] TERRAIN: Queued chunk: (-10.0, -10.0) (distance: 14.14)
[23:17:43] TERRAIN: Queued chunk: (-10.0, 10.0) (distance: 14.14)
[23:17:43] TERRAIN: Queued chunk: (14.0, 2.0) (distance: 14.14)
[23:17:43] TERRAIN: Queued chunk: (-14.0, -2.0) (distance: 14.14)
[23:17:43] TERRAIN: Queued chunk: (2.0, 14.0) (distance: 14.14)
[23:17:43] TERRAIN: Queued chunk: (2.0, -14.0) (distance: 14.14)
[23:17:43] TERRAIN: Queued chunk: (-2.0, 14.0) (distance: 14.14)
[23:17:43] TERRAIN: Queued chunk: (14.0, -2.0) (distance: 14.14)
[23:17:43] TERRAIN: Queued chunk: (-2.0, -14.0) (distance: 14.14)
[23:17:43] TERRAIN: Queued chunk: (10.0, -10.0) (distance: 14.14)
[23:17:43] TERRAIN: Queued chunk: (9.0, -11.0) (distance: 14.21)
[23:17:43] TERRAIN: Queued chunk: (11.0, -9.0) (distance: 14.21)
[23:17:43] TERRAIN: Queued chunk: (9.0, 11.0) (distance: 14.21)
[23:17:43] TERRAIN: Queued chunk: (-11.0, -9.0) (distance: 14.21)
[23:17:43] TERRAIN: Queued chunk: (-11.0, 9.0) (distance: 14.21)
[23:17:43] TERRAIN: Queued chunk: (-9.0, -11.0) (distance: 14.21)
[23:17:43] TERRAIN: Queued chunk: (-9.0, 11.0) (distance: 14.21)
[23:17:43] TERRAIN: Queued chunk: (11.0, 9.0) (distance: 14.21)
[23:17:43] TERRAIN: Queued chunk: (-6.0, -13.0) (distance: 14.32)
[23:17:43] TERRAIN: Queued chunk: (14.0, -3.0) (distance: 14.32)
[23:17:43] TERRAIN: Queued chunk: (6.0, 13.0) (distance: 14.32)
[23:17:43] TERRAIN: Queued chunk: (6.0, -13.0) (distance: 14.32)
[23:17:43] TERRAIN: Queued chunk: (-14.0, 3.0) (distance: 14.32)
[23:17:43] TERRAIN: Queued chunk: (13.0, 6.0) (distance: 14.32)
[23:17:43] TERRAIN: Queued chunk: (-13.0, -6.0) (distance: 14.32)
[23:17:43] TERRAIN: Queued chunk: (3.0, 14.0) (distance: 14.32)
[23:17:43] TERRAIN: Queued chunk: (3.0, -14.0) (distance: 14.32)
[23:17:43] TERRAIN: Queued chunk: (-13.0, 6.0) (distance: 14.32)
[23:17:43] TERRAIN: Queued chunk: (-6.0, 13.0) (distance: 14.32)
[23:17:43] TERRAIN: Queued chunk: (-14.0, -3.0) (distance: 14.32)
[23:17:43] TERRAIN: Queued chunk: (-3.0, -14.0) (distance: 14.32)
[23:17:43] TERRAIN: Queued chunk: (13.0, -6.0) (distance: 14.32)
[23:17:43] TERRAIN: Queued chunk: (14.0, 3.0) (distance: 14.32)
[23:17:43] TERRAIN: Queued chunk: (-3.0, 14.0) (distance: 14.32)
[23:17:43] TERRAIN: Queued chunk: (12.0, 8.0) (distance: 14.42)
[23:17:43] TERRAIN: Queued chunk: (12.0, -8.0) (distance: 14.42)
[23:17:43] TERRAIN: Queued chunk: (-12.0, -8.0) (distance: 14.42)
[23:17:43] TERRAIN: Queued chunk: (-12.0, 8.0) (distance: 14.42)
[23:17:43] TERRAIN: Queued chunk: (-8.0, -12.0) (distance: 14.42)
[23:17:43] TERRAIN: Queued chunk: (-8.0, 12.0) (distance: 14.42)
[23:17:43] TERRAIN: Queued chunk: (8.0, -12.0) (distance: 14.42)
[23:17:43] TERRAIN: Queued chunk: (8.0, 12.0) (distance: 14.42)
[23:17:43] TERRAIN: Queued chunk: (14.0, -4.0) (distance: 14.56)
[23:17:43] TERRAIN: Queued chunk: (4.0, 14.0) (distance: 14.56)
[23:17:43] TERRAIN: Queued chunk: (4.0, -14.0) (distance: 14.56)
[23:17:43] TERRAIN: Queued chunk: (-4.0, 14.0) (distance: 14.56)
[23:17:43] TERRAIN: Queued chunk: (-4.0, -14.0) (distance: 14.56)
[23:17:43] TERRAIN: Queued chunk: (14.0, 4.0) (distance: 14.56)
[23:17:43] TERRAIN: Queued chunk: (-14.0, 4.0) (distance: 14.56)
[23:17:43] TERRAIN: Queued chunk: (-14.0, -4.0) (distance: 14.56)
[23:17:43] TERRAIN: Queued chunk: (13.0, -7.0) (distance: 14.76)
[23:17:43] TERRAIN: Queued chunk: (7.0, 13.0) (distance: 14.76)
[23:17:43] TERRAIN: Queued chunk: (7.0, -13.0) (distance: 14.76)
[23:17:43] TERRAIN: Queued chunk: (-7.0, 13.0) (distance: 14.76)
[23:17:43] TERRAIN: Queued chunk: (-7.0, -13.0) (distance: 14.76)
[23:17:43] TERRAIN: Queued chunk: (-13.0, 7.0) (distance: 14.76)
[23:17:43] TERRAIN: Queued chunk: (-13.0, -7.0) (distance: 14.76)
[23:17:43] TERRAIN: Queued chunk: (13.0, 7.0) (distance: 14.76)
[23:17:43] TERRAIN: Queued chunk: (14.0, -5.0) (distance: 14.87)
[23:17:43] TERRAIN: Queued chunk: (11.0, 10.0) (distance: 14.87)
[23:17:43] TERRAIN: Queued chunk: (11.0, -10.0) (distance: 14.87)
[23:17:43] TERRAIN: Queued chunk: (10.0, 11.0) (distance: 14.87)
[23:17:43] TERRAIN: Queued chunk: (10.0, -11.0) (distance: 14.87)
[23:17:43] TERRAIN: Queued chunk: (5.0, 14.0) (distance: 14.87)
[23:17:43] TERRAIN: Queued chunk: (5.0, -14.0) (distance: 14.87)
[23:17:43] TERRAIN: Queued chunk: (-5.0, 14.0) (distance: 14.87)
[23:17:43] TERRAIN: Queued chunk: (-5.0, -14.0) (distance: 14.87)
[23:17:43] TERRAIN: Queued chunk: (-10.0, 11.0) (distance: 14.87)
[23:17:43] TERRAIN: Queued chunk: (-10.0, -11.0) (distance: 14.87)
[23:17:43] TERRAIN: Queued chunk: (-11.0, 10.0) (distance: 14.87)
[23:17:43] TERRAIN: Queued chunk: (-11.0, -10.0) (distance: 14.87)
[23:17:43] TERRAIN: Queued chunk: (14.0, 5.0) (distance: 14.87)
[23:17:43] TERRAIN: Queued chunk: (-14.0, 5.0) (distance: 14.87)
[23:17:43] TERRAIN: Queued chunk: (-14.0, -5.0) (distance: 14.87)
[23:17:43] TERRAIN: Queued chunk: (15.0, 0.0) (distance: 15.00)
[23:17:43] TERRAIN: Queued chunk: (12.0, 9.0) (distance: 15.00)
[23:17:43] TERRAIN: Queued chunk: (12.0, -9.0) (distance: 15.00)
[23:17:43] TERRAIN: Queued chunk: (9.0, 12.0) (distance: 15.00)
[23:17:43] TERRAIN: Queued chunk: (9.0, -12.0) (distance: 15.00)
[23:17:43] TERRAIN: Queued chunk: (0.0, 15.0) (distance: 15.00)
[23:17:43] TERRAIN: Queued chunk: (0.0, -15.0) (distance: 15.00)
[23:17:43] TERRAIN: Queued chunk: (-9.0, 12.0) (distance: 15.00)
[23:17:43] TERRAIN: Queued chunk: (-9.0, -12.0) (distance: 15.00)
[23:17:43] TERRAIN: Queued chunk: (-12.0, 9.0) (distance: 15.00)
[23:17:43] TERRAIN: Queued chunk: (-12.0, -9.0) (distance: 15.00)
[23:17:43] TERRAIN: Queued chunk: (-15.0, 0.0) (distance: 15.00)
[23:17:43] TERRAIN: Creating chunk: (0.0, 0.0) at distance 0.00
[23:17:43] TERRAIN: Chunk (0.0, 0.0): TRIMESH collision created successfully (distance: 0.00, vertices: 512)
[23:17:43] TERRAIN: Chunk created successfully: (0.0, 0.0) at world pos (0.0, 0.0, 0.0) (total chunks: 1)
[23:17:43] TERRAIN: Creating chunk: (0.0, -1.0) at distance 1.00
[23:17:43] TERRAIN: Chunk (0.0, -1.0): TRIMESH collision created successfully (distance: 1.00, vertices: 512)
[23:17:43] TERRAIN: Chunk created successfully: (0.0, -1.0) at world pos (0.0, 0.0, -32.0) (total chunks: 2)
[23:17:43] TERRAIN: Creating chunk: (-1.0, 0.0) at distance 1.00
[23:17:43] TERRAIN: Chunk (-1.0, 0.0): TRIMESH collision created successfully (distance: 1.00, vertices: 512)
[23:17:43] TERRAIN: Chunk created successfully: (-1.0, 0.0) at world pos (-32.0, 0.0, 0.0) (total chunks: 3)
[23:17:43] TERRAIN: Creating chunk: (0.0, 1.0) at distance 1.00
[23:17:43] TERRAIN: Chunk (0.0, 1.0): TRIMESH collision created successfully (distance: 1.00, vertices: 512)
[23:17:43] TERRAIN: Chunk created successfully: (0.0, 1.0) at world pos (0.0, 0.0, 32.0) (total chunks: 4)
[23:17:43] TERRAIN: Creating chunk: (1.0, 0.0) at distance 1.00
[23:17:43] TERRAIN: Chunk (1.0, 0.0): TRIMESH collision created successfully (distance: 1.00, vertices: 512)
[23:17:43] TERRAIN: Chunk created successfully: (1.0, 0.0) at world pos (32.0, 0.0, 0.0) (total chunks: 5)
[23:17:43] TERRAIN: Creating chunk: (-1.0, 1.0) at distance 1.41
[23:17:43] TERRAIN: Chunk (-1.0, 1.0): TRIMESH collision created successfully (distance: 1.41, vertices: 128)
[23:17:43] TERRAIN: Chunk created successfully: (-1.0, 1.0) at world pos (-32.0, 0.0, 32.0) (total chunks: 6)
[23:17:43] TERRAIN: Creating chunk: (-1.0, -1.0) at distance 1.41
[23:17:43] TERRAIN: Chunk (-1.0, -1.0): TRIMESH collision created successfully (distance: 1.41, vertices: 128)
[23:17:43] TERRAIN: Chunk created successfully: (-1.0, -1.0) at world pos (-32.0, 0.0, -32.0) (total chunks: 7)
[23:17:43] TERRAIN: Creating chunk: (1.0, 1.0) at distance 1.41
[23:17:43] TERRAIN: Chunk (1.0, 1.0): TRIMESH collision created successfully (distance: 1.41, vertices: 128)
[23:17:43] TERRAIN: Chunk created successfully: (1.0, 1.0) at world pos (32.0, 0.0, 32.0) (total chunks: 8)
[23:17:43] TERRAIN: Creating chunk: (1.0, -1.0) at distance 1.41
[23:17:43] TERRAIN: Chunk (1.0, -1.0): TRIMESH collision created successfully (distance: 1.41, vertices: 128)
[23:17:43] TERRAIN: Chunk created successfully: (1.0, -1.0) at world pos (32.0, 0.0, -32.0) (total chunks: 9)
[23:17:43] TERRAIN: Creating chunk: (0.0, -2.0) at distance 2.00
[23:17:43] TERRAIN: Chunk (0.0, -2.0): TRIMESH collision created successfully (distance: 2.00, vertices: 128)
[23:17:43] TERRAIN: Chunk created successfully: (0.0, -2.0) at world pos (0.0, 0.0, -64.0) (total chunks: 10)
[23:17:43] TERRAIN: Creating chunk: (0.0, 2.0) at distance 2.00
[23:17:43] TERRAIN: Chunk (0.0, 2.0): TRIMESH collision created successfully (distance: 2.00, vertices: 128)
[23:17:43] TERRAIN: Chunk created successfully: (0.0, 2.0) at world pos (0.0, 0.0, 64.0) (total chunks: 11)
[23:17:43] TERRAIN: Creating chunk: (-2.0, 0.0) at distance 2.00
[23:17:43] TERRAIN: Chunk (-2.0, 0.0): TRIMESH collision created successfully (distance: 2.00, vertices: 128)
[23:17:43] TERRAIN: Chunk created successfully: (-2.0, 0.0) at world pos (-64.0, 0.0, 0.0) (total chunks: 12)
[23:17:43] TERRAIN: Creating chunk: (2.0, 0.0) at distance 2.00
[23:17:43] TERRAIN: Chunk (2.0, 0.0): TRIMESH collision created successfully (distance: 2.00, vertices: 128)
[23:17:43] TERRAIN: Chunk created successfully: (2.0, 0.0) at world pos (64.0, 0.0, 0.0) (total chunks: 13)
[23:17:43] TERRAIN: Creating chunk: (-2.0, 1.0) at distance 2.24
[23:17:43] TERRAIN: Chunk (-2.0, 1.0): TRIMESH collision created successfully (distance: 2.24, vertices: 128)
[23:17:43] TERRAIN: Chunk created successfully: (-2.0, 1.0) at world pos (-64.0, 0.0, 32.0) (total chunks: 14)
[23:17:43] TERRAIN: Creating chunk: (-2.0, -1.0) at distance 2.24
[23:17:43] TERRAIN: Chunk (-2.0, -1.0): TRIMESH collision created successfully (distance: 2.24, vertices: 128)
[23:17:43] TERRAIN: Chunk created successfully: (-2.0, -1.0) at world pos (-64.0, 0.0, -32.0) (total chunks: 15)
[23:17:43] TERRAIN: Creating chunk: (1.0, 2.0) at distance 2.24
[23:17:43] TERRAIN: Chunk (1.0, 2.0): TRIMESH collision created successfully (distance: 2.24, vertices: 128)
[23:17:43] TERRAIN: Chunk created successfully: (1.0, 2.0) at world pos (32.0, 0.0, 64.0) (total chunks: 16)
[23:17:43] TERRAIN: Creating chunk: (1.0, -2.0) at distance 2.24
[23:17:43] TERRAIN: Chunk (1.0, -2.0): TRIMESH collision created successfully (distance: 2.24, vertices: 128)
[23:17:43] TERRAIN: Chunk created successfully: (1.0, -2.0) at world pos (32.0, 0.0, -64.0) (total chunks: 17)
[23:17:43] TERRAIN: Creating chunk: (-1.0, 2.0) at distance 2.24
[23:17:43] TERRAIN: Chunk (-1.0, 2.0): TRIMESH collision created successfully (distance: 2.24, vertices: 128)
[23:17:43] TERRAIN: Chunk created successfully: (-1.0, 2.0) at world pos (-32.0, 0.0, 64.0) (total chunks: 18)
[23:17:43] TERRAIN: Creating chunk: (2.0, 1.0) at distance 2.24
[23:17:43] TERRAIN: Chunk (2.0, 1.0): TRIMESH collision created successfully (distance: 2.24, vertices: 128)
[23:17:43] TERRAIN: Chunk created successfully: (2.0, 1.0) at world pos (64.0, 0.0, 32.0) (total chunks: 19)
[23:17:43] TERRAIN: Creating chunk: (2.0, -1.0) at distance 2.24
[23:17:43] TERRAIN: Chunk (2.0, -1.0): TRIMESH collision created successfully (distance: 2.24, vertices: 128)
[23:17:43] TERRAIN: Chunk created successfully: (2.0, -1.0) at world pos (64.0, 0.0, -32.0) (total chunks: 20)
[23:17:43] TERRAIN: Creating chunk: (-1.0, -2.0) at distance 2.24
[23:17:43] TERRAIN: Chunk (-1.0, -2.0): TRIMESH collision created successfully (distance: 2.24, vertices: 128)
[23:17:43] TERRAIN: Chunk created successfully: (-1.0, -2.0) at world pos (-32.0, 0.0, -64.0) (total chunks: 21)
[23:17:43] TERRAIN: Creating chunk: (2.0, 2.0) at distance 2.83
[23:17:43] TERRAIN: Chunk (2.0, 2.0): TRIMESH collision created successfully (distance: 2.83, vertices: 128)
[23:17:43] TERRAIN: Chunk created successfully: (2.0, 2.0) at world pos (64.0, 0.0, 64.0) (total chunks: 22)
[23:17:43] TERRAIN: Creating chunk: (2.0, -2.0) at distance 2.83
[23:17:43] TERRAIN: Chunk (2.0, -2.0): TRIMESH collision created successfully (distance: 2.83, vertices: 128)
[23:17:43] TERRAIN: Chunk created successfully: (2.0, -2.0) at world pos (64.0, 0.0, -64.0) (total chunks: 23)
[23:17:43] TERRAIN: Creating chunk: (-2.0, -2.0) at distance 2.83
[23:17:43] TERRAIN: Chunk (-2.0, -2.0): TRIMESH collision created successfully (distance: 2.83, vertices: 128)
[23:17:43] TERRAIN: Chunk created successfully: (-2.0, -2.0) at world pos (-64.0, 0.0, -64.0) (total chunks: 24)
[23:17:43] TERRAIN: Creating chunk: (-2.0, 2.0) at distance 2.83
[23:17:43] TERRAIN: Chunk (-2.0, 2.0): TRIMESH collision created successfully (distance: 2.83, vertices: 128)
[23:17:43] TERRAIN: Chunk created successfully: (-2.0, 2.0) at world pos (-64.0, 0.0, 64.0) (total chunks: 25)
[23:17:43] TERRAIN: Creating chunk: (0.0, -3.0) at distance 3.00
[23:17:43] TERRAIN: Chunk (0.0, -3.0): TRIMESH collision created successfully (distance: 3.00, vertices: 128)
[23:17:43] TERRAIN: Chunk created successfully: (0.0, -3.0) at world pos (0.0, 0.0, -96.0) (total chunks: 26)
[23:17:43] TERRAIN: Creating chunk: (0.0, 3.0) at distance 3.00
[23:17:43] TERRAIN: Chunk (0.0, 3.0): TRIMESH collision created successfully (distance: 3.00, vertices: 128)
[23:17:43] TERRAIN: Chunk created successfully: (0.0, 3.0) at world pos (0.0, 0.0, 96.0) (total chunks: 27)
[23:17:43] TERRAIN: Creating chunk: (3.0, 0.0) at distance 3.00
[23:17:43] TERRAIN: Chunk (3.0, 0.0): TRIMESH collision created successfully (distance: 3.00, vertices: 128)
[23:17:43] TERRAIN: Chunk created successfully: (3.0, 0.0) at world pos (96.0, 0.0, 0.0) (total chunks: 28)
[23:17:43] TERRAIN: Creating chunk: (-3.0, 0.0) at distance 3.00
[23:17:43] TERRAIN: Chunk (-3.0, 0.0): TRIMESH collision created successfully (distance: 3.00, vertices: 128)
[23:17:43] TERRAIN: Chunk created successfully: (-3.0, 0.0) at world pos (-96.0, 0.0, 0.0) (total chunks: 29)
[23:17:43] TERRAIN: Creating chunk: (1.0, 3.0) at distance 3.16
[23:17:43] TERRAIN: Chunk (1.0, 3.0): TRIMESH collision created successfully (distance: 3.16, vertices: 32)
[23:17:43] TERRAIN: Chunk created successfully: (1.0, 3.0) at world pos (32.0, 0.0, 96.0) (total chunks: 30)
[23:17:43] TERRAIN: Creating chunk: (-1.0, -3.0) at distance 3.16
[23:17:43] TERRAIN: Chunk (-1.0, -3.0): TRIMESH collision created successfully (distance: 3.16, vertices: 32)
[23:17:43] TERRAIN: Chunk created successfully: (-1.0, -3.0) at world pos (-32.0, 0.0, -96.0) (total chunks: 31)
[23:17:43] TERRAIN: Creating chunk: (-3.0, -1.0) at distance 3.16
[23:17:43] TERRAIN: Chunk (-3.0, -1.0): TRIMESH collision created successfully (distance: 3.16, vertices: 32)
[23:17:43] TERRAIN: Chunk created successfully: (-3.0, -1.0) at world pos (-96.0, 0.0, -32.0) (total chunks: 32)
[23:17:43] TERRAIN: Creating chunk: (3.0, -1.0) at distance 3.16
[23:17:43] TERRAIN: Chunk (3.0, -1.0): TRIMESH collision created successfully (distance: 3.16, vertices: 32)
[23:17:43] TERRAIN: Chunk created successfully: (3.0, -1.0) at world pos (96.0, 0.0, -32.0) (total chunks: 33)
[23:17:43] TERRAIN: Creating chunk: (3.0, 1.0) at distance 3.16
[23:17:43] TERRAIN: Chunk (3.0, 1.0): TRIMESH collision created successfully (distance: 3.16, vertices: 32)
[23:17:43] TERRAIN: Chunk created successfully: (3.0, 1.0) at world pos (96.0, 0.0, 32.0) (total chunks: 34)
[23:17:43] TERRAIN: Creating chunk: (-3.0, 1.0) at distance 3.16
[23:17:43] TERRAIN: Chunk (-3.0, 1.0): TRIMESH collision created successfully (distance: 3.16, vertices: 32)
[23:17:43] TERRAIN: Chunk created successfully: (-3.0, 1.0) at world pos (-96.0, 0.0, 32.0) (total chunks: 35)
[23:17:43] TERRAIN: Creating chunk: (1.0, -3.0) at distance 3.16
[23:17:43] TERRAIN: Chunk (1.0, -3.0): TRIMESH collision created successfully (distance: 3.16, vertices: 32)
[23:17:43] TERRAIN: Chunk created successfully: (1.0, -3.0) at world pos (32.0, 0.0, -96.0) (total chunks: 36)
[23:17:43] TERRAIN: Creating chunk: (-1.0, 3.0) at distance 3.16
[23:17:43] TERRAIN: Chunk (-1.0, 3.0): TRIMESH collision created successfully (distance: 3.16, vertices: 32)
[23:17:43] TERRAIN: Chunk created successfully: (-1.0, 3.0) at world pos (-32.0, 0.0, 96.0) (total chunks: 37)
[23:17:43] TERRAIN: Creating chunk: (-3.0, -2.0) at distance 3.61
[23:17:43] TERRAIN: Chunk (-3.0, -2.0): TRIMESH collision created successfully (distance: 3.61, vertices: 32)
[23:17:43] TERRAIN: Chunk created successfully: (-3.0, -2.0) at world pos (-96.0, 0.0, -64.0) (total chunks: 38)
[23:17:43] TERRAIN: Creating chunk: (-3.0, 2.0) at distance 3.61
[23:17:43] TERRAIN: Chunk (-3.0, 2.0): TRIMESH collision created successfully (distance: 3.61, vertices: 32)
[23:17:43] TERRAIN: Chunk created successfully: (-3.0, 2.0) at world pos (-96.0, 0.0, 64.0) (total chunks: 39)
[23:17:43] TERRAIN: Creating chunk: (2.0, -3.0) at distance 3.61
[23:17:43] TERRAIN: Chunk (2.0, -3.0): TRIMESH collision created successfully (distance: 3.61, vertices: 32)
[23:17:43] TERRAIN: Chunk created successfully: (2.0, -3.0) at world pos (64.0, 0.0, -96.0) (total chunks: 40)
[23:17:43] TERRAIN: Creating chunk: (2.0, 3.0) at distance 3.61
[23:17:43] TERRAIN: Chunk (2.0, 3.0): TRIMESH collision created successfully (distance: 3.61, vertices: 32)
[23:17:43] TERRAIN: Chunk created successfully: (2.0, 3.0) at world pos (64.0, 0.0, 96.0) (total chunks: 41)
[23:17:43] TERRAIN: Creating chunk: (-2.0, -3.0) at distance 3.61
[23:17:43] TERRAIN: Chunk (-2.0, -3.0): TRIMESH collision created successfully (distance: 3.61, vertices: 32)
[23:17:43] TERRAIN: Chunk created successfully: (-2.0, -3.0) at world pos (-64.0, 0.0, -96.0) (total chunks: 42)
[23:17:43] TERRAIN: Creating chunk: (3.0, 2.0) at distance 3.61
[23:17:43] TERRAIN: Chunk (3.0, 2.0): TRIMESH collision created successfully (distance: 3.61, vertices: 32)
[23:17:43] TERRAIN: Chunk created successfully: (3.0, 2.0) at world pos (96.0, 0.0, 64.0) (total chunks: 43)
[23:17:43] TERRAIN: Creating chunk: (-2.0, 3.0) at distance 3.61
[23:17:43] TERRAIN: Chunk (-2.0, 3.0): TRIMESH collision created successfully (distance: 3.61, vertices: 32)
[23:17:43] TERRAIN: Chunk created successfully: (-2.0, 3.0) at world pos (-64.0, 0.0, 96.0) (total chunks: 44)
[23:17:43] TERRAIN: Creating chunk: (3.0, -2.0) at distance 3.61
[23:17:43] TERRAIN: Chunk (3.0, -2.0): TRIMESH collision created successfully (distance: 3.61, vertices: 32)
[23:17:43] TERRAIN: Chunk created successfully: (3.0, -2.0) at world pos (96.0, 0.0, -64.0) (total chunks: 45)
[23:17:43] TERRAIN: Creating chunk: (4.0, 0.0) at distance 4.00
[23:17:43] TERRAIN: Chunk (4.0, 0.0): TRIMESH collision created successfully (distance: 4.00, vertices: 32)
[23:17:43] TERRAIN: Chunk created successfully: (4.0, 0.0) at world pos (128.0, 0.0, 0.0) (total chunks: 46)
[23:17:43] TERRAIN: Creating chunk: (0.0, -4.0) at distance 4.00
[23:17:43] TERRAIN: Chunk (0.0, -4.0): TRIMESH collision created successfully (distance: 4.00, vertices: 32)
[23:17:43] TERRAIN: Chunk created successfully: (0.0, -4.0) at world pos (0.0, 0.0, -128.0) (total chunks: 47)
[23:17:43] TERRAIN: Creating chunk: (0.0, 4.0) at distance 4.00
[23:17:43] TERRAIN: Chunk (0.0, 4.0): TRIMESH collision created successfully (distance: 4.00, vertices: 32)
[23:17:43] TERRAIN: Chunk created successfully: (0.0, 4.0) at world pos (0.0, 0.0, 128.0) (total chunks: 48)
[23:17:43] TERRAIN: Creating chunk: (-4.0, 0.0) at distance 4.00
[23:17:43] TERRAIN: Chunk (-4.0, 0.0): TRIMESH collision created successfully (distance: 4.00, vertices: 32)
[23:17:43] TERRAIN: Chunk created successfully: (-4.0, 0.0) at world pos (-128.0, 0.0, 0.0) (total chunks: 49)
[23:17:43] TERRAIN: Creating chunk: (1.0, -4.0) at distance 4.12
[23:17:43] TERRAIN: Chunk (1.0, -4.0): TRIMESH collision created successfully (distance: 4.12, vertices: 32)
[23:17:43] TERRAIN: Chunk created successfully: (1.0, -4.0) at world pos (32.0, 0.0, -128.0) (total chunks: 50)
[23:17:43] TERRAIN: Creating chunk: (-1.0, 4.0) at distance 4.12
[23:17:43] TERRAIN: Chunk (-1.0, 4.0): TRIMESH collision created successfully (distance: 4.12, vertices: 32)
[23:17:43] TERRAIN: Chunk created successfully: (-1.0, 4.0) at world pos (-32.0, 0.0, 128.0) (total chunks: 51)
[23:17:43] TERRAIN: Creating chunk: (1.0, 4.0) at distance 4.12
[23:17:43] TERRAIN: Chunk (1.0, 4.0): TRIMESH collision created successfully (distance: 4.12, vertices: 32)
[23:17:43] TERRAIN: Chunk created successfully: (1.0, 4.0) at world pos (32.0, 0.0, 128.0) (total chunks: 52)
[23:17:43] TERRAIN: Creating chunk: (-4.0, -1.0) at distance 4.12
[23:17:43] TERRAIN: Chunk (-4.0, -1.0): TRIMESH collision created successfully (distance: 4.12, vertices: 32)
[23:17:43] TERRAIN: Chunk created successfully: (-4.0, -1.0) at world pos (-128.0, 0.0, -32.0) (total chunks: 53)
[23:17:43] TERRAIN: Creating chunk: (-1.0, -4.0) at distance 4.12
[23:17:43] TERRAIN: Chunk (-1.0, -4.0): TRIMESH collision created successfully (distance: 4.12, vertices: 32)
[23:17:43] TERRAIN: Chunk created successfully: (-1.0, -4.0) at world pos (-32.0, 0.0, -128.0) (total chunks: 54)
[23:17:43] TERRAIN: Creating chunk: (-4.0, 1.0) at distance 4.12
[23:17:43] TERRAIN: Chunk (-4.0, 1.0): TRIMESH collision created successfully (distance: 4.12, vertices: 32)
[23:17:43] TERRAIN: Chunk created successfully: (-4.0, 1.0) at world pos (-128.0, 0.0, 32.0) (total chunks: 55)
[23:17:43] TERRAIN: Creating chunk: (4.0, -1.0) at distance 4.12
[23:17:43] TERRAIN: Chunk (4.0, -1.0): TRIMESH collision created successfully (distance: 4.12, vertices: 32)
[23:17:43] TERRAIN: Chunk created successfully: (4.0, -1.0) at world pos (128.0, 0.0, -32.0) (total chunks: 56)
[23:17:43] TERRAIN: Creating chunk: (4.0, 1.0) at distance 4.12
[23:17:43] TERRAIN: Chunk (4.0, 1.0): TRIMESH collision created successfully (distance: 4.12, vertices: 32)
[23:17:43] TERRAIN: Chunk created successfully: (4.0, 1.0) at world pos (128.0, 0.0, 32.0) (total chunks: 57)
[23:17:43] TERRAIN: Creating chunk: (3.0, -3.0) at distance 4.24
[23:17:43] TERRAIN: Chunk (3.0, -3.0): TRIMESH collision created successfully (distance: 4.24, vertices: 32)
[23:17:43] TERRAIN: Chunk created successfully: (3.0, -3.0) at world pos (96.0, 0.0, -96.0) (total chunks: 58)
[23:17:43] TERRAIN: Creating chunk: (3.0, 3.0) at distance 4.24
[23:17:43] TERRAIN: Chunk (3.0, 3.0): TRIMESH collision created successfully (distance: 4.24, vertices: 32)
[23:17:43] TERRAIN: Chunk created successfully: (3.0, 3.0) at world pos (96.0, 0.0, 96.0) (total chunks: 59)
[23:17:43] TERRAIN: Creating chunk: (-3.0, -3.0) at distance 4.24
[23:17:43] TERRAIN: Chunk (-3.0, -3.0): TRIMESH collision created successfully (distance: 4.24, vertices: 32)
[23:17:43] TERRAIN: Chunk created successfully: (-3.0, -3.0) at world pos (-96.0, 0.0, -96.0) (total chunks: 60)
[23:17:43] TERRAIN: Creating chunk: (-3.0, 3.0) at distance 4.24
[23:17:43] TERRAIN: Chunk (-3.0, 3.0): TRIMESH collision created successfully (distance: 4.24, vertices: 32)
[23:17:43] TERRAIN: Chunk created successfully: (-3.0, 3.0) at world pos (-96.0, 0.0, 96.0) (total chunks: 61)
[23:17:43] TERRAIN: Creating chunk: (-4.0, -2.0) at distance 4.47
[23:17:43] TERRAIN: Chunk (-4.0, -2.0): TRIMESH collision created successfully (distance: 4.47, vertices: 32)
[23:17:43] TERRAIN: Chunk created successfully: (-4.0, -2.0) at world pos (-128.0, 0.0, -64.0) (total chunks: 62)
[23:17:43] TERRAIN: Creating chunk: (-4.0, 2.0) at distance 4.47
[23:17:43] TERRAIN: Chunk (-4.0, 2.0): TRIMESH collision created successfully (distance: 4.47, vertices: 32)
[23:17:43] TERRAIN: Chunk created successfully: (-4.0, 2.0) at world pos (-128.0, 0.0, 64.0) (total chunks: 63)
[23:17:43] TERRAIN: Creating chunk: (4.0, 2.0) at distance 4.47
[23:17:43] TERRAIN: Chunk (4.0, 2.0): TRIMESH collision created successfully (distance: 4.47, vertices: 32)
[23:17:43] TERRAIN: Chunk created successfully: (4.0, 2.0) at world pos (128.0, 0.0, 64.0) (total chunks: 64)
[23:17:43] TERRAIN: Creating chunk: (4.0, -2.0) at distance 4.47
[23:17:43] TERRAIN: Chunk (4.0, -2.0): TRIMESH collision created successfully (distance: 4.47, vertices: 32)
[23:17:43] TERRAIN: Chunk created successfully: (4.0, -2.0) at world pos (128.0, 0.0, -64.0) (total chunks: 65)
[23:17:43] TERRAIN: Creating chunk: (-2.0, -4.0) at distance 4.47
[23:17:43] TERRAIN: Chunk (-2.0, -4.0): TRIMESH collision created successfully (distance: 4.47, vertices: 32)
[23:17:43] TERRAIN: Chunk created successfully: (-2.0, -4.0) at world pos (-64.0, 0.0, -128.0) (total chunks: 66)
[23:17:43] TERRAIN: Creating chunk: (-2.0, 4.0) at distance 4.47
[23:17:43] TERRAIN: Chunk (-2.0, 4.0): TRIMESH collision created successfully (distance: 4.47, vertices: 32)
[23:17:43] TERRAIN: Chunk created successfully: (-2.0, 4.0) at world pos (-64.0, 0.0, 128.0) (total chunks: 67)
[23:17:43] TERRAIN: Creating chunk: (2.0, 4.0) at distance 4.47
[23:17:43] TERRAIN: Chunk (2.0, 4.0): TRIMESH collision created successfully (distance: 4.47, vertices: 32)
[23:17:43] TERRAIN: Chunk created successfully: (2.0, 4.0) at world pos (64.0, 0.0, 128.0) (total chunks: 68)
[23:17:43] TERRAIN: Creating chunk: (2.0, -4.0) at distance 4.47
[23:17:43] TERRAIN: Chunk (2.0, -4.0): TRIMESH collision created successfully (distance: 4.47, vertices: 32)
[23:17:43] TERRAIN: Chunk created successfully: (2.0, -4.0) at world pos (64.0, 0.0, -128.0) (total chunks: 69)
[23:17:43] TERRAIN: Creating chunk: (0.0, -5.0) at distance 5.00
[23:17:43] TERRAIN: Chunk (0.0, -5.0): TRIMESH collision created successfully (distance: 5.00, vertices: 32)
[23:17:43] TERRAIN: Chunk created successfully: (0.0, -5.0) at world pos (0.0, 0.0, -160.0) (total chunks: 70)
[23:17:43] TERRAIN: Creating chunk: (-3.0, 4.0) at distance 5.00
[23:17:43] TERRAIN: Chunk (-3.0, 4.0): TRIMESH collision created successfully (distance: 5.00, vertices: 32)
[23:17:43] TERRAIN: Chunk created successfully: (-3.0, 4.0) at world pos (-96.0, 0.0, 128.0) (total chunks: 71)
[23:17:43] TERRAIN: Creating chunk: (-3.0, -4.0) at distance 5.00
[23:17:43] TERRAIN: Chunk (-3.0, -4.0): TRIMESH collision created successfully (distance: 5.00, vertices: 32)
[23:17:43] TERRAIN: Chunk created successfully: (-3.0, -4.0) at world pos (-96.0, 0.0, -128.0) (total chunks: 72)
[23:17:43] TERRAIN: Creating chunk: (-4.0, 3.0) at distance 5.00
[23:17:44] TERRAIN: Chunk (-4.0, 3.0): TRIMESH collision created successfully (distance: 5.00, vertices: 32)
[23:17:44] TERRAIN: Chunk created successfully: (-4.0, 3.0) at world pos (-128.0, 0.0, 96.0) (total chunks: 73)
[23:17:44] TERRAIN: Creating chunk: (-4.0, -3.0) at distance 5.00
[23:17:44] TERRAIN: Chunk (-4.0, -3.0): TRIMESH collision created successfully (distance: 5.00, vertices: 32)
[23:17:44] TERRAIN: Chunk created successfully: (-4.0, -3.0) at world pos (-128.0, 0.0, -96.0) (total chunks: 74)
[23:17:44] TERRAIN: Creating chunk: (3.0, -4.0) at distance 5.00
[23:17:44] TERRAIN: Chunk (3.0, -4.0): TRIMESH collision created successfully (distance: 5.00, vertices: 32)
[23:17:44] TERRAIN: Chunk created successfully: (3.0, -4.0) at world pos (96.0, 0.0, -128.0) (total chunks: 75)
[23:17:44] TERRAIN: Creating chunk: (3.0, 4.0) at distance 5.00
[23:17:44] TERRAIN: Chunk (3.0, 4.0): TRIMESH collision created successfully (distance: 5.00, vertices: 32)
[23:17:44] TERRAIN: Chunk created successfully: (3.0, 4.0) at world pos (96.0, 0.0, 128.0) (total chunks: 76)
[23:17:44] TERRAIN: Creating chunk: (-5.0, 0.0) at distance 5.00
[23:17:44] TERRAIN: Chunk (-5.0, 0.0): TRIMESH collision created successfully (distance: 5.00, vertices: 32)
[23:17:44] TERRAIN: Chunk created successfully: (-5.0, 0.0) at world pos (-160.0, 0.0, 0.0) (total chunks: 77)
[23:17:44] TERRAIN: Creating chunk: (5.0, 0.0) at distance 5.00
[23:17:44] TERRAIN: Chunk (5.0, 0.0): TRIMESH collision created successfully (distance: 5.00, vertices: 32)
[23:17:44] TERRAIN: Chunk created successfully: (5.0, 0.0) at world pos (160.0, 0.0, 0.0) (total chunks: 78)
[23:17:44] TERRAIN: Creating chunk: (0.0, 5.0) at distance 5.00
[23:17:44] TERRAIN: Chunk (0.0, 5.0): TRIMESH collision created successfully (distance: 5.00, vertices: 32)
[23:17:44] TERRAIN: Chunk created successfully: (0.0, 5.0) at world pos (0.0, 0.0, 160.0) (total chunks: 79)
[23:17:44] TERRAIN: Creating chunk: (4.0, -3.0) at distance 5.00
[23:17:44] TERRAIN: Chunk (4.0, -3.0): TRIMESH collision created successfully (distance: 5.00, vertices: 32)
[23:17:44] TERRAIN: Chunk created successfully: (4.0, -3.0) at world pos (128.0, 0.0, -96.0) (total chunks: 80)
[23:17:44] TERRAIN: Creating chunk: (4.0, 3.0) at distance 5.00
[23:17:44] TERRAIN: Chunk (4.0, 3.0): TRIMESH collision created successfully (distance: 5.00, vertices: 32)
[23:17:44] TERRAIN: Chunk created successfully: (4.0, 3.0) at world pos (128.0, 0.0, 96.0) (total chunks: 81)
[23:17:44] TERRAIN: Creating chunk: (5.0, 1.0) at distance 5.10
[23:17:44] TERRAIN: Chunk (5.0, 1.0): TRIMESH collision created successfully (distance: 5.10, vertices: 8)
[23:17:44] TERRAIN: Chunk created successfully: (5.0, 1.0) at world pos (160.0, 0.0, 32.0) (total chunks: 82)
[23:17:44] TERRAIN: Creating chunk: (-1.0, 5.0) at distance 5.10
[23:17:44] TERRAIN: Chunk (-1.0, 5.0): TRIMESH collision created successfully (distance: 5.10, vertices: 8)
[23:17:44] TERRAIN: Chunk created successfully: (-1.0, 5.0) at world pos (-32.0, 0.0, 160.0) (total chunks: 83)
[23:17:44] TERRAIN: Creating chunk: (-5.0, -1.0) at distance 5.10
[23:17:44] TERRAIN: Chunk (-5.0, -1.0): TRIMESH collision created successfully (distance: 5.10, vertices: 8)
[23:17:44] TERRAIN: Chunk created successfully: (-5.0, -1.0) at world pos (-160.0, 0.0, -32.0) (total chunks: 84)
[23:17:44] TERRAIN: Creating chunk: (1.0, -5.0) at distance 5.10
[23:17:44] TERRAIN: Chunk (1.0, -5.0): TRIMESH collision created successfully (distance: 5.10, vertices: 8)
[23:17:44] TERRAIN: Chunk created successfully: (1.0, -5.0) at world pos (32.0, 0.0, -160.0) (total chunks: 85)
[23:17:44] TERRAIN: Creating chunk: (1.0, 5.0) at distance 5.10
[23:17:44] TERRAIN: Chunk (1.0, 5.0): TRIMESH collision created successfully (distance: 5.10, vertices: 8)
[23:17:44] TERRAIN: Chunk created successfully: (1.0, 5.0) at world pos (32.0, 0.0, 160.0) (total chunks: 86)
[23:17:44] TERRAIN: Creating chunk: (5.0, -1.0) at distance 5.10
[23:17:44] TERRAIN: Chunk (5.0, -1.0): TRIMESH collision created successfully (distance: 5.10, vertices: 8)
[23:17:44] TERRAIN: Chunk created successfully: (5.0, -1.0) at world pos (160.0, 0.0, -32.0) (total chunks: 87)
[23:17:44] TERRAIN: Creating chunk: (-5.0, 1.0) at distance 5.10
[23:17:44] TERRAIN: Chunk (-5.0, 1.0): TRIMESH collision created successfully (distance: 5.10, vertices: 8)
[23:17:44] TERRAIN: Chunk created successfully: (-5.0, 1.0) at world pos (-160.0, 0.0, 32.0) (total chunks: 88)
[23:17:44] TERRAIN: Creating chunk: (-1.0, -5.0) at distance 5.10
[23:17:44] TERRAIN: Chunk (-1.0, -5.0): TRIMESH collision created successfully (distance: 5.10, vertices: 8)
[23:17:44] TERRAIN: Chunk created successfully: (-1.0, -5.0) at world pos (-32.0, 0.0, -160.0) (total chunks: 89)
[23:17:44] TERRAIN: Creating chunk: (-5.0, 2.0) at distance 5.39
[23:17:44] TERRAIN: Chunk (-5.0, 2.0): TRIMESH collision created successfully (distance: 5.39, vertices: 8)
[23:17:44] TERRAIN: Chunk created successfully: (-5.0, 2.0) at world pos (-160.0, 0.0, 64.0) (total chunks: 90)
[23:17:44] TERRAIN: Creating chunk: (5.0, -2.0) at distance 5.39
[23:17:44] TERRAIN: Chunk (5.0, -2.0): TRIMESH collision created successfully (distance: 5.39, vertices: 8)
[23:17:44] TERRAIN: Chunk created successfully: (5.0, -2.0) at world pos (160.0, 0.0, -64.0) (total chunks: 91)
[23:17:44] TERRAIN: Creating chunk: (-2.0, 5.0) at distance 5.39
[23:17:44] TERRAIN: Chunk (-2.0, 5.0): TRIMESH collision created successfully (distance: 5.39, vertices: 8)
[23:17:44] TERRAIN: Chunk created successfully: (-2.0, 5.0) at world pos (-64.0, 0.0, 160.0) (total chunks: 92)
[23:17:44] TERRAIN: Creating chunk: (2.0, 5.0) at distance 5.39
[23:17:44] TERRAIN: Chunk (2.0, 5.0): TRIMESH collision created successfully (distance: 5.39, vertices: 8)
[23:17:44] TERRAIN: Chunk created successfully: (2.0, 5.0) at world pos (64.0, 0.0, 160.0) (total chunks: 93)
[23:17:44] TERRAIN: Creating chunk: (2.0, -5.0) at distance 5.39
[23:17:44] TERRAIN: Chunk (2.0, -5.0): TRIMESH collision created successfully (distance: 5.39, vertices: 8)
[23:17:44] TERRAIN: Chunk created successfully: (2.0, -5.0) at world pos (64.0, 0.0, -160.0) (total chunks: 94)
[23:17:44] TERRAIN: Creating chunk: (-2.0, -5.0) at distance 5.39
[23:17:44] TERRAIN: Chunk (-2.0, -5.0): TRIMESH collision created successfully (distance: 5.39, vertices: 8)
[23:17:44] TERRAIN: Chunk created successfully: (-2.0, -5.0) at world pos (-64.0, 0.0, -160.0) (total chunks: 95)
[23:17:44] TERRAIN: Creating chunk: (-5.0, -2.0) at distance 5.39
[23:17:44] TERRAIN: Chunk (-5.0, -2.0): TRIMESH collision created successfully (distance: 5.39, vertices: 8)
[23:17:44] TERRAIN: Chunk created successfully: (-5.0, -2.0) at world pos (-160.0, 0.0, -64.0) (total chunks: 96)
[23:17:44] TERRAIN: Creating chunk: (5.0, 2.0) at distance 5.39
[23:17:44] TERRAIN: Chunk (5.0, 2.0): TRIMESH collision created successfully (distance: 5.39, vertices: 8)
[23:17:44] TERRAIN: Chunk created successfully: (5.0, 2.0) at world pos (160.0, 0.0, 64.0) (total chunks: 97)
[23:17:44] TERRAIN: Creating chunk: (4.0, 4.0) at distance 5.66
[23:17:44] TERRAIN: Chunk (4.0, 4.0): TRIMESH collision created successfully (distance: 5.66, vertices: 8)
[23:17:44] TERRAIN: Chunk created successfully: (4.0, 4.0) at world pos (128.0, 0.0, 128.0) (total chunks: 98)
[23:17:44] TERRAIN: Creating chunk: (4.0, -4.0) at distance 5.66
[23:17:44] TERRAIN: Chunk (4.0, -4.0): TRIMESH collision created successfully (distance: 5.66, vertices: 8)
[23:17:44] TERRAIN: Chunk created successfully: (4.0, -4.0) at world pos (128.0, 0.0, -128.0) (total chunks: 99)
[23:17:44] TERRAIN: Creating chunk: (-4.0, -4.0) at distance 5.66
[23:17:44] TERRAIN: Chunk (-4.0, -4.0): TRIMESH collision created successfully (distance: 5.66, vertices: 8)
[23:17:44] TERRAIN: Chunk created successfully: (-4.0, -4.0) at world pos (-128.0, 0.0, -128.0) (total chunks: 100)
[23:17:44] TERRAIN: Creating chunk: (-4.0, 4.0) at distance 5.66
[23:17:44] TERRAIN: Chunk (-4.0, 4.0): TRIMESH collision created successfully (distance: 5.66, vertices: 8)
[23:17:44] TERRAIN: Chunk created successfully: (-4.0, 4.0) at world pos (-128.0, 0.0, 128.0) (total chunks: 101)
[23:17:44] TERRAIN: Creating chunk: (3.0, -5.0) at distance 5.83
[23:17:44] TERRAIN: Chunk (3.0, -5.0): TRIMESH collision created successfully (distance: 5.83, vertices: 8)
[23:17:44] TERRAIN: Chunk created successfully: (3.0, -5.0) at world pos (96.0, 0.0, -160.0) (total chunks: 102)
[23:17:44] TERRAIN: Creating chunk: (-3.0, -5.0) at distance 5.83
[23:17:44] TERRAIN: Chunk (-3.0, -5.0): TRIMESH collision created successfully (distance: 5.83, vertices: 8)
[23:17:44] TERRAIN: Chunk created successfully: (-3.0, -5.0) at world pos (-96.0, 0.0, -160.0) (total chunks: 103)
[23:17:44] TERRAIN: Creating chunk: (3.0, 5.0) at distance 5.83
[23:17:44] TERRAIN: Chunk (3.0, 5.0): TRIMESH collision created successfully (distance: 5.83, vertices: 8)
[23:17:44] TERRAIN: Chunk created successfully: (3.0, 5.0) at world pos (96.0, 0.0, 160.0) (total chunks: 104)
[23:17:44] TERRAIN: Creating chunk: (5.0, -3.0) at distance 5.83
[23:17:44] TERRAIN: Chunk (5.0, -3.0): TRIMESH collision created successfully (distance: 5.83, vertices: 8)
[23:17:44] TERRAIN: Chunk created successfully: (5.0, -3.0) at world pos (160.0, 0.0, -96.0) (total chunks: 105)
[23:17:44] TERRAIN: Creating chunk: (-5.0, 3.0) at distance 5.83
[23:17:44] TERRAIN: Chunk (-5.0, 3.0): TRIMESH collision created successfully (distance: 5.83, vertices: 8)
[23:17:44] TERRAIN: Chunk created successfully: (-5.0, 3.0) at world pos (-160.0, 0.0, 96.0) (total chunks: 106)
[23:17:44] TERRAIN: Creating chunk: (-3.0, 5.0) at distance 5.83
[23:17:44] TERRAIN: Chunk (-3.0, 5.0): TRIMESH collision created successfully (distance: 5.83, vertices: 8)
[23:17:44] TERRAIN: Chunk created successfully: (-3.0, 5.0) at world pos (-96.0, 0.0, 160.0) (total chunks: 107)
[23:17:44] TERRAIN: Creating chunk: (5.0, 3.0) at distance 5.83
[23:17:44] TERRAIN: Chunk (5.0, 3.0): TRIMESH collision created successfully (distance: 5.83, vertices: 8)
[23:17:44] TERRAIN: Chunk created successfully: (5.0, 3.0) at world pos (160.0, 0.0, 96.0) (total chunks: 108)
[23:17:44] TERRAIN: Creating chunk: (-5.0, -3.0) at distance 5.83
[23:17:44] TERRAIN: Chunk (-5.0, -3.0): TRIMESH collision created successfully (distance: 5.83, vertices: 8)
[23:17:44] TERRAIN: Chunk created successfully: (-5.0, -3.0) at world pos (-160.0, 0.0, -96.0) (total chunks: 109)
[23:17:44] TERRAIN: Creating chunk: (-6.0, 0.0) at distance 6.00
[23:17:44] TERRAIN: Chunk (-6.0, 0.0): TRIMESH collision created successfully (distance: 6.00, vertices: 8)
[23:17:44] TERRAIN: Chunk created successfully: (-6.0, 0.0) at world pos (-192.0, 0.0, 0.0) (total chunks: 110)
[23:17:44] TERRAIN: Creating chunk: (6.0, 0.0) at distance 6.00
[23:17:44] TERRAIN: Chunk (6.0, 0.0): TRIMESH collision created successfully (distance: 6.00, vertices: 8)
[23:17:44] TERRAIN: Chunk created successfully: (6.0, 0.0) at world pos (192.0, 0.0, 0.0) (total chunks: 111)
[23:17:44] TERRAIN: Creating chunk: (0.0, -6.0) at distance 6.00
[23:17:44] TERRAIN: Chunk (0.0, -6.0): TRIMESH collision created successfully (distance: 6.00, vertices: 8)
[23:17:44] TERRAIN: Chunk created successfully: (0.0, -6.0) at world pos (0.0, 0.0, -192.0) (total chunks: 112)
[23:17:44] TERRAIN: Creating chunk: (0.0, 6.0) at distance 6.00
[23:17:44] TERRAIN: Chunk (0.0, 6.0): TRIMESH collision created successfully (distance: 6.00, vertices: 8)
[23:17:44] TERRAIN: Chunk created successfully: (0.0, 6.0) at world pos (0.0, 0.0, 192.0) (total chunks: 113)
[23:17:44] TERRAIN: Creating chunk: (6.0, -1.0) at distance 6.08
[23:17:44] TERRAIN: Chunk (6.0, -1.0): TRIMESH collision created successfully (distance: 6.08, vertices: 8)
[23:17:44] TERRAIN: Chunk created successfully: (6.0, -1.0) at world pos (192.0, 0.0, -32.0) (total chunks: 114)
[23:17:44] TERRAIN: Creating chunk: (-6.0, 1.0) at distance 6.08
[23:17:44] TERRAIN: Chunk (-6.0, 1.0): TRIMESH collision created successfully (distance: 6.08, vertices: 8)
[23:17:44] TERRAIN: Chunk created successfully: (-6.0, 1.0) at world pos (-192.0, 0.0, 32.0) (total chunks: 115)
[23:17:44] TERRAIN: Creating chunk: (-1.0, 6.0) at distance 6.08
[23:17:44] TERRAIN: Chunk (-1.0, 6.0): TRIMESH collision created successfully (distance: 6.08, vertices: 8)
[23:17:44] TERRAIN: Chunk created successfully: (-1.0, 6.0) at world pos (-32.0, 0.0, 192.0) (total chunks: 116)
[23:17:44] TERRAIN: Creating chunk: (1.0, -6.0) at distance 6.08
[23:17:44] TERRAIN: Chunk (1.0, -6.0): TRIMESH collision created successfully (distance: 6.08, vertices: 8)
[23:17:44] TERRAIN: Chunk created successfully: (1.0, -6.0) at world pos (32.0, 0.0, -192.0) (total chunks: 117)
[23:17:44] TERRAIN: Creating chunk: (1.0, 6.0) at distance 6.08
[23:17:44] TERRAIN: Chunk (1.0, 6.0): TRIMESH collision created successfully (distance: 6.08, vertices: 8)
[23:17:44] TERRAIN: Chunk created successfully: (1.0, 6.0) at world pos (32.0, 0.0, 192.0) (total chunks: 118)
[23:17:44] TERRAIN: Creating chunk: (-1.0, -6.0) at distance 6.08
[23:17:44] TERRAIN: Chunk (-1.0, -6.0): TRIMESH collision created successfully (distance: 6.08, vertices: 8)
[23:17:44] TERRAIN: Chunk created successfully: (-1.0, -6.0) at world pos (-32.0, 0.0, -192.0) (total chunks: 119)
[23:17:44] TERRAIN: Creating chunk: (-6.0, -1.0) at distance 6.08
[23:17:44] TERRAIN: Chunk (-6.0, -1.0): TRIMESH collision created successfully (distance: 6.08, vertices: 8)
[23:17:44] TERRAIN: Chunk created successfully: (-6.0, -1.0) at world pos (-192.0, 0.0, -32.0) (total chunks: 120)
[23:17:44] TERRAIN: Creating chunk: (6.0, 1.0) at distance 6.08
[23:17:44] TERRAIN: Chunk (6.0, 1.0): TRIMESH collision created successfully (distance: 6.08, vertices: 8)
[23:17:44] TERRAIN: Chunk created successfully: (6.0, 1.0) at world pos (192.0, 0.0, 32.0) (total chunks: 121)
[23:17:44] TERRAIN: Creating chunk: (-2.0, 6.0) at distance 6.32
[23:17:44] TERRAIN: Chunk (-2.0, 6.0): TRIMESH collision created successfully (distance: 6.32, vertices: 8)
[23:17:44] TERRAIN: Chunk created successfully: (-2.0, 6.0) at world pos (-64.0, 0.0, 192.0) (total chunks: 122)
[23:17:44] TERRAIN: Creating chunk: (6.0, -2.0) at distance 6.32
[23:17:44] TERRAIN: Chunk (6.0, -2.0): TRIMESH collision created successfully (distance: 6.32, vertices: 8)
[23:17:44] TERRAIN: Chunk created successfully: (6.0, -2.0) at world pos (192.0, 0.0, -64.0) (total chunks: 123)
[23:17:44] TERRAIN: Creating chunk: (6.0, 2.0) at distance 6.32
[23:17:44] TERRAIN: Chunk (6.0, 2.0): TRIMESH collision created successfully (distance: 6.32, vertices: 8)
[23:17:44] TERRAIN: Chunk created successfully: (6.0, 2.0) at world pos (192.0, 0.0, 64.0) (total chunks: 124)
[23:17:44] TERRAIN: Creating chunk: (2.0, 6.0) at distance 6.32
[23:17:44] TERRAIN: Chunk (2.0, 6.0): TRIMESH collision created successfully (distance: 6.32, vertices: 8)
[23:17:44] TERRAIN: Chunk created successfully: (2.0, 6.0) at world pos (64.0, 0.0, 192.0) (total chunks: 125)
[23:17:44] TERRAIN: Creating chunk: (2.0, -6.0) at distance 6.32
[23:17:44] TERRAIN: Chunk (2.0, -6.0): TRIMESH collision created successfully (distance: 6.32, vertices: 8)
[23:17:44] TERRAIN: Chunk created successfully: (2.0, -6.0) at world pos (64.0, 0.0, -192.0) (total chunks: 126)
[23:17:44] TERRAIN: Creating chunk: (-2.0, -6.0) at distance 6.32
[23:17:44] TERRAIN: Chunk (-2.0, -6.0): TRIMESH collision created successfully (distance: 6.32, vertices: 8)
[23:17:44] TERRAIN: Chunk created successfully: (-2.0, -6.0) at world pos (-64.0, 0.0, -192.0) (total chunks: 127)
[23:17:44] TERRAIN: Creating chunk: (-6.0, -2.0) at distance 6.32
[23:17:44] TERRAIN: Chunk (-6.0, -2.0): TRIMESH collision created successfully (distance: 6.32, vertices: 8)
[23:17:44] TERRAIN: Chunk created successfully: (-6.0, -2.0) at world pos (-192.0, 0.0, -64.0) (total chunks: 128)
[23:17:44] TERRAIN: Creating chunk: (-6.0, 2.0) at distance 6.32
[23:17:44] TERRAIN: Chunk (-6.0, 2.0): TRIMESH collision created successfully (distance: 6.32, vertices: 8)
[23:17:44] TERRAIN: Chunk created successfully: (-6.0, 2.0) at world pos (-192.0, 0.0, 64.0) (total chunks: 129)
[23:17:44] TERRAIN: Creating chunk: (-4.0, -5.0) at distance 6.40
[23:17:44] TERRAIN: Chunk (-4.0, -5.0): TRIMESH collision created successfully (distance: 6.40, vertices: 8)
[23:17:44] TERRAIN: Chunk created successfully: (-4.0, -5.0) at world pos (-128.0, 0.0, -160.0) (total chunks: 130)
[23:17:44] TERRAIN: Creating chunk: (-5.0, 4.0) at distance 6.40
[23:17:44] TERRAIN: Chunk (-5.0, 4.0): TRIMESH collision created successfully (distance: 6.40, vertices: 8)
[23:17:44] TERRAIN: Chunk created successfully: (-5.0, 4.0) at world pos (-160.0, 0.0, 128.0) (total chunks: 131)
[23:17:44] TERRAIN: Creating chunk: (-5.0, -4.0) at distance 6.40
[23:17:44] TERRAIN: Chunk (-5.0, -4.0): TRIMESH collision created successfully (distance: 6.40, vertices: 8)
[23:17:44] TERRAIN: Chunk created successfully: (-5.0, -4.0) at world pos (-160.0, 0.0, -128.0) (total chunks: 132)
[23:17:44] TERRAIN: Creating chunk: (-4.0, 5.0) at distance 6.40
[23:17:44] TERRAIN: Chunk (-4.0, 5.0): TRIMESH collision created successfully (distance: 6.40, vertices: 8)
[23:17:44] TERRAIN: Chunk created successfully: (-4.0, 5.0) at world pos (-128.0, 0.0, 160.0) (total chunks: 133)
[23:17:44] TERRAIN: Creating chunk: (4.0, -5.0) at distance 6.40
[23:17:44] TERRAIN: Chunk (4.0, -5.0): TRIMESH collision created successfully (distance: 6.40, vertices: 8)
[23:17:44] TERRAIN: Chunk created successfully: (4.0, -5.0) at world pos (128.0, 0.0, -160.0) (total chunks: 134)
[23:17:44] TERRAIN: Creating chunk: (4.0, 5.0) at distance 6.40
[23:17:44] TERRAIN: Chunk (4.0, 5.0): TRIMESH collision created successfully (distance: 6.40, vertices: 8)
[23:17:44] TERRAIN: Chunk created successfully: (4.0, 5.0) at world pos (128.0, 0.0, 160.0) (total chunks: 135)
[23:17:44] TERRAIN: Creating chunk: (5.0, -4.0) at distance 6.40
[23:17:44] TERRAIN: Chunk (5.0, -4.0): TRIMESH collision created successfully (distance: 6.40, vertices: 8)
[23:17:44] TERRAIN: Chunk created successfully: (5.0, -4.0) at world pos (160.0, 0.0, -128.0) (total chunks: 136)
[23:17:44] TERRAIN: Creating chunk: (5.0, 4.0) at distance 6.40
[23:17:44] TERRAIN: Chunk (5.0, 4.0): TRIMESH collision created successfully (distance: 6.40, vertices: 8)
[23:17:44] TERRAIN: Chunk created successfully: (5.0, 4.0) at world pos (160.0, 0.0, 128.0) (total chunks: 137)
[23:17:44] TERRAIN: Creating chunk: (-3.0, -6.0) at distance 6.71
[23:17:44] TERRAIN: Chunk (-3.0, -6.0): TRIMESH collision created successfully (distance: 6.71, vertices: 8)
[23:17:44] TERRAIN: Chunk created successfully: (-3.0, -6.0) at world pos (-96.0, 0.0, -192.0) (total chunks: 138)
[23:17:44] TERRAIN: Creating chunk: (-3.0, 6.0) at distance 6.71
[23:17:44] TERRAIN: Chunk (-3.0, 6.0): TRIMESH collision created successfully (distance: 6.71, vertices: 8)
[23:17:44] TERRAIN: Chunk created successfully: (-3.0, 6.0) at world pos (-96.0, 0.0, 192.0) (total chunks: 139)
[23:17:44] TERRAIN: Creating chunk: (6.0, -3.0) at distance 6.71
[23:17:44] TERRAIN: Chunk (6.0, -3.0): TRIMESH collision created successfully (distance: 6.71, vertices: 8)
[23:17:44] TERRAIN: Chunk created successfully: (6.0, -3.0) at world pos (192.0, 0.0, -96.0) (total chunks: 140)
[23:17:44] TERRAIN: Creating chunk: (6.0, 3.0) at distance 6.71
[23:17:44] TERRAIN: Chunk (6.0, 3.0): TRIMESH collision created successfully (distance: 6.71, vertices: 8)
[23:17:44] TERRAIN: Chunk created successfully: (6.0, 3.0) at world pos (192.0, 0.0, 96.0) (total chunks: 141)
[23:17:44] TERRAIN: Creating chunk: (-6.0, 3.0) at distance 6.71
[23:17:44] TERRAIN: Chunk (-6.0, 3.0): TRIMESH collision created successfully (distance: 6.71, vertices: 8)
[23:17:44] TERRAIN: Chunk created successfully: (-6.0, 3.0) at world pos (-192.0, 0.0, 96.0) (total chunks: 142)
[23:17:44] TERRAIN: Creating chunk: (3.0, -6.0) at distance 6.71
[23:17:44] TERRAIN: Chunk (3.0, -6.0): TRIMESH collision created successfully (distance: 6.71, vertices: 8)
[23:17:44] TERRAIN: Chunk created successfully: (3.0, -6.0) at world pos (96.0, 0.0, -192.0) (total chunks: 143)
[23:17:44] TERRAIN: Creating chunk: (3.0, 6.0) at distance 6.71
[23:17:44] TERRAIN: Chunk (3.0, 6.0): TRIMESH collision created successfully (distance: 6.71, vertices: 8)
[23:17:44] TERRAIN: Chunk created successfully: (3.0, 6.0) at world pos (96.0, 0.0, 192.0) (total chunks: 144)
[23:17:44] TERRAIN: Creating chunk: (-6.0, -3.0) at distance 6.71
[23:17:44] TERRAIN: Chunk (-6.0, -3.0): TRIMESH collision created successfully (distance: 6.71, vertices: 8)
[23:17:44] TERRAIN: Chunk created successfully: (-6.0, -3.0) at world pos (-192.0, 0.0, -96.0) (total chunks: 145)
[23:17:44] TERRAIN: Creating chunk: (-7.0, 0.0) at distance 7.00
[23:17:44] TERRAIN: Chunk (-7.0, 0.0): TRIMESH collision created successfully (distance: 7.00, vertices: 8)
[23:17:44] TERRAIN: Chunk created successfully: (-7.0, 0.0) at world pos (-224.0, 0.0, 0.0) (total chunks: 146)
[23:17:44] TERRAIN: Creating chunk: (0.0, -7.0) at distance 7.00
[23:17:44] TERRAIN: Chunk (0.0, -7.0): TRIMESH collision created successfully (distance: 7.00, vertices: 8)
[23:17:44] TERRAIN: Chunk created successfully: (0.0, -7.0) at world pos (0.0, 0.0, -224.0) (total chunks: 147)
[23:17:44] TERRAIN: Creating chunk: (0.0, 7.0) at distance 7.00
[23:17:44] TERRAIN: Chunk (0.0, 7.0): TRIMESH collision created successfully (distance: 7.00, vertices: 8)
[23:17:44] TERRAIN: Chunk created successfully: (0.0, 7.0) at world pos (0.0, 0.0, 224.0) (total chunks: 148)
[23:17:44] TERRAIN: Creating chunk: (7.0, 0.0) at distance 7.00
[23:17:44] TERRAIN: Chunk (7.0, 0.0): TRIMESH collision created successfully (distance: 7.00, vertices: 8)
[23:17:44] TERRAIN: Chunk created successfully: (7.0, 0.0) at world pos (224.0, 0.0, 0.0) (total chunks: 149)
[23:17:44] TERRAIN: Creating chunk: (-5.0, -5.0) at distance 7.07
[23:17:44] TERRAIN: Chunk (-5.0, -5.0): TRIMESH collision created successfully (distance: 7.07, vertices: 8)
[23:17:44] TERRAIN: Chunk created successfully: (-5.0, -5.0) at world pos (-160.0, 0.0, -160.0) (total chunks: 150)
[23:17:44] TERRAIN: Creating chunk: (-5.0, 5.0) at distance 7.07
[23:17:44] TERRAIN: Chunk (-5.0, 5.0): TRIMESH collision created successfully (distance: 7.07, vertices: 8)
[23:17:44] TERRAIN: Chunk created successfully: (-5.0, 5.0) at world pos (-160.0, 0.0, 160.0) (total chunks: 151)
[23:17:44] TERRAIN: Creating chunk: (-1.0, -7.0) at distance 7.07
[23:17:44] TERRAIN: Chunk (-1.0, -7.0): TRIMESH collision created successfully (distance: 7.07, vertices: 8)
[23:17:44] TERRAIN: Chunk created successfully: (-1.0, -7.0) at world pos (-32.0, 0.0, -224.0) (total chunks: 152)
[23:17:44] PLAYER: Pos: (0.0, 0.000485, 0.0) | Chunk: (0.0, 0.0) | TerrainHeight: 0.00 | HeightDiff: 0.00 | OnFloor: true
[23:17:44] PLAYER: CHUNK CHANGED: (inf, inf) -> (0.0, 0.0)
[23:17:44] TERRAIN: Creating chunk: (-1.0, 7.0) at distance 7.07
[23:17:44] TERRAIN: Chunk (-1.0, 7.0): TRIMESH collision created successfully (distance: 7.07, vertices: 8)
[23:17:44] TERRAIN: Chunk created successfully: (-1.0, 7.0) at world pos (-32.0, 0.0, 224.0) (total chunks: 153)
[23:17:44] TERRAIN: Creating chunk: (1.0, -7.0) at distance 7.07
[23:17:44] TERRAIN: Chunk (1.0, -7.0): TRIMESH collision created successfully (distance: 7.07, vertices: 8)
[23:17:44] TERRAIN: Chunk created successfully: (1.0, -7.0) at world pos (32.0, 0.0, -224.0) (total chunks: 154)
[23:17:44] TERRAIN: Creating chunk: (1.0, 7.0) at distance 7.07
[23:17:44] TERRAIN: Chunk (1.0, 7.0): TRIMESH collision created successfully (distance: 7.07, vertices: 8)
[23:17:44] TERRAIN: Chunk created successfully: (1.0, 7.0) at world pos (32.0, 0.0, 224.0) (total chunks: 155)
[23:17:44] TERRAIN: Creating chunk: (5.0, -5.0) at distance 7.07
[23:17:44] TERRAIN: Chunk (5.0, -5.0): TRIMESH collision created successfully (distance: 7.07, vertices: 8)
[23:17:44] TERRAIN: Chunk created successfully: (5.0, -5.0) at world pos (160.0, 0.0, -160.0) (total chunks: 156)
[23:17:44] TERRAIN: Creating chunk: (5.0, 5.0) at distance 7.07
[23:17:44] TERRAIN: Chunk (5.0, 5.0): TRIMESH collision created successfully (distance: 7.07, vertices: 8)
[23:17:44] TERRAIN: Chunk created successfully: (5.0, 5.0) at world pos (160.0, 0.0, 160.0) (total chunks: 157)
[23:17:44] TERRAIN: Creating chunk: (7.0, 1.0) at distance 7.07
[23:17:44] TERRAIN: Chunk (7.0, 1.0): TRIMESH collision created successfully (distance: 7.07, vertices: 8)
[23:17:44] TERRAIN: Chunk created successfully: (7.0, 1.0) at world pos (224.0, 0.0, 32.0) (total chunks: 158)
[23:17:44] TERRAIN: Creating chunk: (7.0, -1.0) at distance 7.07
[23:17:44] TERRAIN: Chunk (7.0, -1.0): TRIMESH collision created successfully (distance: 7.07, vertices: 8)
[23:17:44] TERRAIN: Chunk created successfully: (7.0, -1.0) at world pos (224.0, 0.0, -32.0) (total chunks: 159)
[23:17:44] TERRAIN: Creating chunk: (-7.0, 1.0) at distance 7.07
[23:17:44] TERRAIN: Chunk (-7.0, 1.0): TRIMESH collision created successfully (distance: 7.07, vertices: 8)
[23:17:44] TERRAIN: Chunk created successfully: (-7.0, 1.0) at world pos (-224.0, 0.0, 32.0) (total chunks: 160)
[23:17:44] TERRAIN: Creating chunk: (-7.0, -1.0) at distance 7.07
[23:17:44] TERRAIN: Chunk (-7.0, -1.0): TRIMESH collision created successfully (distance: 7.07, vertices: 8)
[23:17:44] TERRAIN: Chunk created successfully: (-7.0, -1.0) at world pos (-224.0, 0.0, -32.0) (total chunks: 161)
[23:17:44] TERRAIN: Creating chunk: (-4.0, 6.0) at distance 7.21
[23:17:44] TERRAIN: Chunk (-4.0, 6.0): TRIMESH collision created successfully (distance: 7.21, vertices: 8)
[23:17:44] TERRAIN: Chunk created successfully: (-4.0, 6.0) at world pos (-128.0, 0.0, 192.0) (total chunks: 162)
[23:17:44] TERRAIN: Creating chunk: (4.0, -6.0) at distance 7.21
[23:17:44] TERRAIN: Chunk (4.0, -6.0): TRIMESH collision created successfully (distance: 7.21, vertices: 8)
[23:17:44] TERRAIN: Chunk created successfully: (4.0, -6.0) at world pos (128.0, 0.0, -192.0) (total chunks: 163)
[23:17:44] TERRAIN: Creating chunk: (-6.0, 4.0) at distance 7.21
[23:17:44] TERRAIN: Chunk (-6.0, 4.0): TRIMESH collision created successfully (distance: 7.21, vertices: 8)
[23:17:44] TERRAIN: Chunk created successfully: (-6.0, 4.0) at world pos (-192.0, 0.0, 128.0) (total chunks: 164)
[23:17:44] TERRAIN: Creating chunk: (-6.0, -4.0) at distance 7.21
[23:17:44] TERRAIN: Chunk (-6.0, -4.0): TRIMESH collision created successfully (distance: 7.21, vertices: 8)
[23:17:44] TERRAIN: Chunk created successfully: (-6.0, -4.0) at world pos (-192.0, 0.0, -128.0) (total chunks: 165)
[23:17:44] TERRAIN: Creating chunk: (4.0, 6.0) at distance 7.21
[23:17:44] TERRAIN: Chunk (4.0, 6.0): TRIMESH collision created successfully (distance: 7.21, vertices: 8)
[23:17:44] TERRAIN: Chunk created successfully: (4.0, 6.0) at world pos (128.0, 0.0, 192.0) (total chunks: 166)
[23:17:44] TERRAIN: Creating chunk: (6.0, 4.0) at distance 7.21
[23:17:44] TERRAIN: Chunk (6.0, 4.0): TRIMESH collision created successfully (distance: 7.21, vertices: 8)
[23:17:44] TERRAIN: Chunk created successfully: (6.0, 4.0) at world pos (192.0, 0.0, 128.0) (total chunks: 167)
[23:17:44] TERRAIN: Creating chunk: (6.0, -4.0) at distance 7.21
[23:17:44] TERRAIN: Chunk (6.0, -4.0): TRIMESH collision created successfully (distance: 7.21, vertices: 8)
[23:17:44] TERRAIN: Chunk created successfully: (6.0, -4.0) at world pos (192.0, 0.0, -128.0) (total chunks: 168)
[23:17:44] TERRAIN: Creating chunk: (-4.0, -6.0) at distance 7.21
[23:17:44] TERRAIN: Chunk (-4.0, -6.0): TRIMESH collision created successfully (distance: 7.21, vertices: 8)
[23:17:44] TERRAIN: Chunk created successfully: (-4.0, -6.0) at world pos (-128.0, 0.0, -192.0) (total chunks: 169)
[23:17:44] TERRAIN: Creating chunk: (-7.0, 2.0) at distance 7.28
[23:17:44] TERRAIN: Chunk (-7.0, 2.0): TRIMESH collision created successfully (distance: 7.28, vertices: 8)
[23:17:44] TERRAIN: Chunk created successfully: (-7.0, 2.0) at world pos (-224.0, 0.0, 64.0) (total chunks: 170)
[23:17:44] TERRAIN: Creating chunk: (2.0, -7.0) at distance 7.28
[23:17:44] TERRAIN: Chunk (2.0, -7.0): TRIMESH collision created successfully (distance: 7.28, vertices: 8)
[23:17:44] TERRAIN: Chunk created successfully: (2.0, -7.0) at world pos (64.0, 0.0, -224.0) (total chunks: 171)
[23:17:44] TERRAIN: Creating chunk: (-7.0, -2.0) at distance 7.28
[23:17:44] TERRAIN: Chunk (-7.0, -2.0): TRIMESH collision created successfully (distance: 7.28, vertices: 8)
[23:17:44] TERRAIN: Chunk created successfully: (-7.0, -2.0) at world pos (-224.0, 0.0, -64.0) (total chunks: 172)
[23:17:44] TERRAIN: Creating chunk: (-2.0, -7.0) at distance 7.28
[23:17:44] TERRAIN: Chunk (-2.0, -7.0): TRIMESH collision created successfully (distance: 7.28, vertices: 8)
[23:17:44] TERRAIN: Chunk created successfully: (-2.0, -7.0) at world pos (-64.0, 0.0, -224.0) (total chunks: 173)
[23:17:44] TERRAIN: Creating chunk: (7.0, 2.0) at distance 7.28
[23:17:44] TERRAIN: Chunk (7.0, 2.0): TRIMESH collision created successfully (distance: 7.28, vertices: 8)
[23:17:44] TERRAIN: Chunk created successfully: (7.0, 2.0) at world pos (224.0, 0.0, 64.0) (total chunks: 174)
[23:17:44] TERRAIN: Creating chunk: (-2.0, 7.0) at distance 7.28
[23:17:44] TERRAIN: Chunk (-2.0, 7.0): TRIMESH collision created successfully (distance: 7.28, vertices: 8)
[23:17:44] TERRAIN: Chunk created successfully: (-2.0, 7.0) at world pos (-64.0, 0.0, 224.0) (total chunks: 175)
[23:17:44] TERRAIN: Creating chunk: (7.0, -2.0) at distance 7.28
[23:17:44] TERRAIN: Chunk (7.0, -2.0): TRIMESH collision created successfully (distance: 7.28, vertices: 8)
[23:17:44] TERRAIN: Chunk created successfully: (7.0, -2.0) at world pos (224.0, 0.0, -64.0) (total chunks: 176)
[23:17:44] TERRAIN: Creating chunk: (2.0, 7.0) at distance 7.28
[23:17:44] TERRAIN: Chunk (2.0, 7.0): TRIMESH collision created successfully (distance: 7.28, vertices: 8)
[23:17:44] TERRAIN: Chunk created successfully: (2.0, 7.0) at world pos (64.0, 0.0, 224.0) (total chunks: 177)
[23:17:44] TERRAIN: Creating chunk: (-7.0, -3.0) at distance 7.62
[23:17:44] TERRAIN: Chunk (-7.0, -3.0): TRIMESH collision created successfully (distance: 7.62, vertices: 8)
[23:17:44] TERRAIN: Chunk created successfully: (-7.0, -3.0) at world pos (-224.0, 0.0, -96.0) (total chunks: 178)
[23:17:44] TERRAIN: Creating chunk: (-3.0, -7.0) at distance 7.62
[23:17:44] TERRAIN: Chunk (-3.0, -7.0): TRIMESH collision created successfully (distance: 7.62, vertices: 8)
[23:17:44] TERRAIN: Chunk created successfully: (-3.0, -7.0) at world pos (-96.0, 0.0, -224.0) (total chunks: 179)
[23:17:44] TERRAIN: Creating chunk: (-7.0, 3.0) at distance 7.62
[23:17:44] TERRAIN: Chunk (-7.0, 3.0): TRIMESH collision created successfully (distance: 7.62, vertices: 8)
[23:17:44] TERRAIN: Chunk created successfully: (-7.0, 3.0) at world pos (-224.0, 0.0, 96.0) (total chunks: 180)
[23:17:44] TERRAIN: Creating chunk: (-3.0, 7.0) at distance 7.62
[23:17:44] TERRAIN: Chunk (-3.0, 7.0): TRIMESH collision created successfully (distance: 7.62, vertices: 8)
[23:17:44] TERRAIN: Chunk created successfully: (-3.0, 7.0) at world pos (-96.0, 0.0, 224.0) (total chunks: 181)
[23:17:44] TERRAIN: Creating chunk: (3.0, -7.0) at distance 7.62
[23:17:44] TERRAIN: Chunk (3.0, -7.0): TRIMESH collision created successfully (distance: 7.62, vertices: 8)
[23:17:44] TERRAIN: Chunk created successfully: (3.0, -7.0) at world pos (96.0, 0.0, -224.0) (total chunks: 182)
[23:17:44] TERRAIN: Creating chunk: (7.0, 3.0) at distance 7.62
[23:17:44] TERRAIN: Chunk (7.0, 3.0): TRIMESH collision created successfully (distance: 7.62, vertices: 8)
[23:17:44] TERRAIN: Chunk created successfully: (7.0, 3.0) at world pos (224.0, 0.0, 96.0) (total chunks: 183)
[23:17:44] TERRAIN: Creating chunk: (7.0, -3.0) at distance 7.62
[23:17:44] TERRAIN: Chunk (7.0, -3.0): TRIMESH collision created successfully (distance: 7.62, vertices: 8)
[23:17:44] TERRAIN: Chunk created successfully: (7.0, -3.0) at world pos (224.0, 0.0, -96.0) (total chunks: 184)
[23:17:44] TERRAIN: Creating chunk: (3.0, 7.0) at distance 7.62
[23:17:44] TERRAIN: Chunk (3.0, 7.0): TRIMESH collision created successfully (distance: 7.62, vertices: 8)
[23:17:44] TERRAIN: Chunk created successfully: (3.0, 7.0) at world pos (96.0, 0.0, 224.0) (total chunks: 185)
[23:17:44] TERRAIN: Creating chunk: (-5.0, -6.0) at distance 7.81
[23:17:44] TERRAIN: Chunk (-5.0, -6.0): TRIMESH collision created successfully (distance: 7.81, vertices: 8)
[23:17:44] TERRAIN: Chunk created successfully: (-5.0, -6.0) at world pos (-160.0, 0.0, -192.0) (total chunks: 186)
[23:17:44] TERRAIN: Creating chunk: (-5.0, 6.0) at distance 7.81
[23:17:44] TERRAIN: Chunk (-5.0, 6.0): TRIMESH collision created successfully (distance: 7.81, vertices: 8)
[23:17:44] TERRAIN: Chunk created successfully: (-5.0, 6.0) at world pos (-160.0, 0.0, 192.0) (total chunks: 187)
[23:17:44] TERRAIN: Creating chunk: (-6.0, 5.0) at distance 7.81
[23:17:44] TERRAIN: Chunk (-6.0, 5.0): TRIMESH collision created successfully (distance: 7.81, vertices: 8)
[23:17:44] TERRAIN: Chunk created successfully: (-6.0, 5.0) at world pos (-192.0, 0.0, 160.0) (total chunks: 188)
[23:17:44] TERRAIN: Creating chunk: (-6.0, -5.0) at distance 7.81
[23:17:44] TERRAIN: Chunk (-6.0, -5.0): TRIMESH collision created successfully (distance: 7.81, vertices: 8)
[23:17:44] TERRAIN: Chunk created successfully: (-6.0, -5.0) at world pos (-192.0, 0.0, -160.0) (total chunks: 189)
[23:17:44] TERRAIN: Creating chunk: (5.0, -6.0) at distance 7.81
[23:17:44] TERRAIN: Chunk (5.0, -6.0): TRIMESH collision created successfully (distance: 7.81, vertices: 8)
[23:17:44] TERRAIN: Chunk created successfully: (5.0, -6.0) at world pos (160.0, 0.0, -192.0) (total chunks: 190)
[23:17:44] TERRAIN: Creating chunk: (6.0, -5.0) at distance 7.81
[23:17:44] TERRAIN: Chunk (6.0, -5.0): TRIMESH collision created successfully (distance: 7.81, vertices: 8)
[23:17:44] TERRAIN: Chunk created successfully: (6.0, -5.0) at world pos (192.0, 0.0, -160.0) (total chunks: 191)
[23:17:44] TERRAIN: Creating chunk: (5.0, 6.0) at distance 7.81
[23:17:44] TERRAIN: Chunk (5.0, 6.0): TRIMESH collision created successfully (distance: 7.81, vertices: 8)
[23:17:44] TERRAIN: Chunk created successfully: (5.0, 6.0) at world pos (160.0, 0.0, 192.0) (total chunks: 192)
[23:17:44] TERRAIN: Creating chunk: (6.0, 5.0) at distance 7.81
[23:17:44] TERRAIN: Chunk (6.0, 5.0): TRIMESH collision created successfully (distance: 7.81, vertices: 8)
[23:17:44] TERRAIN: Chunk created successfully: (6.0, 5.0) at world pos (192.0, 0.0, 160.0) (total chunks: 193)
[23:17:44] TERRAIN: Creating chunk: (8.0, 0.0) at distance 8.00
[23:17:44] TERRAIN: Chunk (8.0, 0.0): TRIMESH collision created successfully (distance: 8.00, vertices: 8)
[23:17:44] TERRAIN: Chunk created successfully: (8.0, 0.0) at world pos (256.0, 0.0, 0.0) (total chunks: 194)
[23:17:44] TERRAIN: Creating chunk: (-8.0, 0.0) at distance 8.00
[23:17:44] TERRAIN: Chunk (-8.0, 0.0): TRIMESH collision created successfully (distance: 8.00, vertices: 8)
[23:17:44] TERRAIN: Chunk created successfully: (-8.0, 0.0) at world pos (-256.0, 0.0, 0.0) (total chunks: 195)
[23:17:44] TERRAIN: Creating chunk: (0.0, -8.0) at distance 8.00
[23:17:44] TERRAIN: Chunk (0.0, -8.0): TRIMESH collision created successfully (distance: 8.00, vertices: 8)
[23:17:44] TERRAIN: Chunk created successfully: (0.0, -8.0) at world pos (0.0, 0.0, -256.0) (total chunks: 196)
[23:17:44] TERRAIN: Creating chunk: (0.0, 8.0) at distance 8.00
[23:17:44] TERRAIN: Chunk (0.0, 8.0): TRIMESH collision created successfully (distance: 8.00, vertices: 8)
[23:17:44] TERRAIN: Chunk created successfully: (0.0, 8.0) at world pos (0.0, 0.0, 256.0) (total chunks: 197)
[23:17:44] TERRAIN: Creating chunk: (8.0, 1.0) at distance 8.06
[23:17:44] TERRAIN: Chunk (8.0, 1.0): TRIMESH collision created successfully (distance: 8.06, vertices: 8)
[23:17:44] TERRAIN: Chunk created successfully: (8.0, 1.0) at world pos (256.0, 0.0, 32.0) (total chunks: 198)
[23:17:44] TERRAIN: Creating chunk: (-1.0, 8.0) at distance 8.06
[23:17:44] TERRAIN: Chunk (-1.0, 8.0): TRIMESH collision created successfully (distance: 8.06, vertices: 8)
[23:17:44] TERRAIN: Chunk created successfully: (-1.0, 8.0) at world pos (-32.0, 0.0, 256.0) (total chunks: 199)
[23:17:44] TERRAIN: Creating chunk: (-1.0, -8.0) at distance 8.06
[23:17:44] TERRAIN: Chunk (-1.0, -8.0): TRIMESH collision created successfully (distance: 8.06, vertices: 8)
[23:17:44] TERRAIN: Chunk created successfully: (-1.0, -8.0) at world pos (-32.0, 0.0, -256.0) (total chunks: 200)
[23:17:44] TERRAIN: Creating chunk: (1.0, -8.0) at distance 8.06
[23:17:44] TERRAIN: Chunk (1.0, -8.0): TRIMESH collision created successfully (distance: 8.06, vertices: 8)
[23:17:44] TERRAIN: Chunk created successfully: (1.0, -8.0) at world pos (32.0, 0.0, -256.0) (total chunks: 201)
[23:17:44] TERRAIN: Creating chunk: (-4.0, -7.0) at distance 8.06
[23:17:44] TERRAIN: Chunk (-4.0, -7.0): TRIMESH collision created successfully (distance: 8.06, vertices: 8)
[23:17:44] TERRAIN: Chunk created successfully: (-4.0, -7.0) at world pos (-128.0, 0.0, -224.0) (total chunks: 202)
[23:17:44] TERRAIN: Creating chunk: (1.0, 8.0) at distance 8.06
[23:17:44] TERRAIN: Chunk (1.0, 8.0): TRIMESH collision created successfully (distance: 8.06, vertices: 8)
[23:17:44] TERRAIN: Chunk created successfully: (1.0, 8.0) at world pos (32.0, 0.0, 256.0) (total chunks: 203)
[23:17:44] TERRAIN: Creating chunk: (-8.0, 1.0) at distance 8.06
[23:17:44] TERRAIN: Chunk (-8.0, 1.0): TRIMESH collision created successfully (distance: 8.06, vertices: 8)
[23:17:44] TERRAIN: Chunk created successfully: (-8.0, 1.0) at world pos (-256.0, 0.0, 32.0) (total chunks: 204)
[23:17:44] TERRAIN: Creating chunk: (8.0, -1.0) at distance 8.06
[23:17:44] TERRAIN: Chunk (8.0, -1.0): TRIMESH collision created successfully (distance: 8.06, vertices: 8)
[23:17:44] TERRAIN: Chunk created successfully: (8.0, -1.0) at world pos (256.0, 0.0, -32.0) (total chunks: 205)
[23:17:44] TERRAIN: Creating chunk: (-8.0, -1.0) at distance 8.06
[23:17:44] TERRAIN: Chunk (-8.0, -1.0): TRIMESH collision created successfully (distance: 8.06, vertices: 8)
[23:17:44] TERRAIN: Chunk created successfully: (-8.0, -1.0) at world pos (-256.0, 0.0, -32.0) (total chunks: 206)
[23:17:44] TERRAIN: Creating chunk: (-4.0, 7.0) at distance 8.06
[23:17:44] TERRAIN: Chunk (-4.0, 7.0): TRIMESH collision created successfully (distance: 8.06, vertices: 8)
[23:17:44] TERRAIN: Chunk created successfully: (-4.0, 7.0) at world pos (-128.0, 0.0, 224.0) (total chunks: 207)
[23:17:44] TERRAIN: Creating chunk: (7.0, -4.0) at distance 8.06
[23:17:44] TERRAIN: Chunk (7.0, -4.0): TRIMESH collision created successfully (distance: 8.06, vertices: 8)
[23:17:44] TERRAIN: Chunk created successfully: (7.0, -4.0) at world pos (224.0, 0.0, -128.0) (total chunks: 208)
[23:17:44] TERRAIN: Creating chunk: (4.0, 7.0) at distance 8.06
[23:17:44] TERRAIN: Chunk (4.0, 7.0): TRIMESH collision created successfully (distance: 8.06, vertices: 8)
[23:17:44] TERRAIN: Chunk created successfully: (4.0, 7.0) at world pos (128.0, 0.0, 224.0) (total chunks: 209)
[23:17:44] TERRAIN: Creating chunk: (-7.0, -4.0) at distance 8.06
[23:17:44] TERRAIN: Chunk (-7.0, -4.0): TRIMESH collision created successfully (distance: 8.06, vertices: 8)
[23:17:44] TERRAIN: Chunk created successfully: (-7.0, -4.0) at world pos (-224.0, 0.0, -128.0) (total chunks: 210)
[23:17:44] TERRAIN: Creating chunk: (7.0, 4.0) at distance 8.06
[23:17:44] TERRAIN: Chunk (7.0, 4.0): TRIMESH collision created successfully (distance: 8.06, vertices: 8)
[23:17:44] TERRAIN: Chunk created successfully: (7.0, 4.0) at world pos (224.0, 0.0, 128.0) (total chunks: 211)
[23:17:44] TERRAIN: Creating chunk: (4.0, -7.0) at distance 8.06
[23:17:44] TERRAIN: Chunk (4.0, -7.0): TRIMESH collision created successfully (distance: 8.06, vertices: 8)
[23:17:44] TERRAIN: Chunk created successfully: (4.0, -7.0) at world pos (128.0, 0.0, -224.0) (total chunks: 212)
[23:17:44] TERRAIN: Creating chunk: (-7.0, 4.0) at distance 8.06
[23:17:44] TERRAIN: Chunk (-7.0, 4.0): TRIMESH collision created successfully (distance: 8.06, vertices: 8)
[23:17:44] TERRAIN: Chunk created successfully: (-7.0, 4.0) at world pos (-224.0, 0.0, 128.0) (total chunks: 213)
[23:17:44] TERRAIN: Creating chunk: (-8.0, -2.0) at distance 8.25
[23:17:44] TERRAIN: Chunk (-8.0, -2.0): TRIMESH collision created successfully (distance: 8.25, vertices: 8)
[23:17:44] TERRAIN: Chunk created successfully: (-8.0, -2.0) at world pos (-256.0, 0.0, -64.0) (total chunks: 214)
[23:17:44] TERRAIN: Creating chunk: (2.0, 8.0) at distance 8.25
[23:17:44] TERRAIN: Chunk (2.0, 8.0): TRIMESH collision created successfully (distance: 8.25, vertices: 8)
[23:17:44] TERRAIN: Chunk created successfully: (2.0, 8.0) at world pos (64.0, 0.0, 256.0) (total chunks: 215)
[23:17:44] TERRAIN: Creating chunk: (-8.0, 2.0) at distance 8.25
[23:17:44] TERRAIN: Chunk (-8.0, 2.0): TRIMESH collision created successfully (distance: 8.25, vertices: 8)
[23:17:44] TERRAIN: Chunk created successfully: (-8.0, 2.0) at world pos (-256.0, 0.0, 64.0) (total chunks: 216)
[23:17:44] TERRAIN: Creating chunk: (2.0, -8.0) at distance 8.25
[23:17:44] TERRAIN: Chunk (2.0, -8.0): TRIMESH collision created successfully (distance: 8.25, vertices: 8)
[23:17:44] TERRAIN: Chunk created successfully: (2.0, -8.0) at world pos (64.0, 0.0, -256.0) (total chunks: 217)
[23:17:44] TERRAIN: Creating chunk: (8.0, -2.0) at distance 8.25
[23:17:44] TERRAIN: Chunk (8.0, -2.0): TRIMESH collision created successfully (distance: 8.25, vertices: 8)
[23:17:44] TERRAIN: Chunk created successfully: (8.0, -2.0) at world pos (256.0, 0.0, -64.0) (total chunks: 218)
[23:17:44] TERRAIN: Creating chunk: (-2.0, -8.0) at distance 8.25
[23:17:44] TERRAIN: Chunk (-2.0, -8.0): TRIMESH collision created successfully (distance: 8.25, vertices: 8)
[23:17:44] TERRAIN: Chunk created successfully: (-2.0, -8.0) at world pos (-64.0, 0.0, -256.0) (total chunks: 219)
[23:17:44] TERRAIN: Creating chunk: (-2.0, 8.0) at distance 8.25
[23:17:44] TERRAIN: Chunk (-2.0, 8.0): TRIMESH collision created successfully (distance: 8.25, vertices: 8)
[23:17:44] TERRAIN: Chunk created successfully: (-2.0, 8.0) at world pos (-64.0, 0.0, 256.0) (total chunks: 220)
[23:17:44] TERRAIN: Creating chunk: (8.0, 2.0) at distance 8.25
[23:17:44] TERRAIN: Chunk (8.0, 2.0): TRIMESH collision created successfully (distance: 8.25, vertices: 8)
[23:17:44] TERRAIN: Chunk created successfully: (8.0, 2.0) at world pos (256.0, 0.0, 64.0) (total chunks: 221)
[23:17:44] TERRAIN: Creating chunk: (-6.0, 6.0) at distance 8.49
[23:17:44] TERRAIN: Chunk (-6.0, 6.0): TRIMESH collision created successfully (distance: 8.49, vertices: 8)
[23:17:44] TERRAIN: Chunk created successfully: (-6.0, 6.0) at world pos (-192.0, 0.0, 192.0) (total chunks: 222)
[23:17:44] TERRAIN: Creating chunk: (6.0, -6.0) at distance 8.49
[23:17:44] TERRAIN: Chunk (6.0, -6.0): TRIMESH collision created successfully (distance: 8.49, vertices: 8)
[23:17:44] TERRAIN: Chunk created successfully: (6.0, -6.0) at world pos (192.0, 0.0, -192.0) (total chunks: 223)
[23:17:44] TERRAIN: Creating chunk: (6.0, 6.0) at distance 8.49
[23:17:44] TERRAIN: Chunk (6.0, 6.0): TRIMESH collision created successfully (distance: 8.49, vertices: 8)
[23:17:44] TERRAIN: Chunk created successfully: (6.0, 6.0) at world pos (192.0, 0.0, 192.0) (total chunks: 224)
[23:17:44] TERRAIN: Creating chunk: (-6.0, -6.0) at distance 8.49
[23:17:44] TERRAIN: Chunk (-6.0, -6.0): TRIMESH collision created successfully (distance: 8.49, vertices: 8)
[23:17:44] TERRAIN: Chunk created successfully: (-6.0, -6.0) at world pos (-192.0, 0.0, -192.0) (total chunks: 225)
[23:17:44] TERRAIN: Creating chunk: (-8.0, 3.0) at distance 8.54
[23:17:44] TERRAIN: Chunk (-8.0, 3.0): TRIMESH collision created successfully (distance: 8.54, vertices: 8)
[23:17:44] TERRAIN: Chunk created successfully: (-8.0, 3.0) at world pos (-256.0, 0.0, 96.0) (total chunks: 226)
[23:17:44] TERRAIN: Creating chunk: (-3.0, -8.0) at distance 8.54
[23:17:44] TERRAIN: Chunk (-3.0, -8.0): TRIMESH collision created successfully (distance: 8.54, vertices: 8)
[23:17:44] TERRAIN: Chunk created successfully: (-3.0, -8.0) at world pos (-96.0, 0.0, -256.0) (total chunks: 227)
[23:17:44] TERRAIN: Creating chunk: (3.0, 8.0) at distance 8.54
[23:17:44] TERRAIN: Chunk (3.0, 8.0): TRIMESH collision created successfully (distance: 8.54, vertices: 8)
[23:17:44] TERRAIN: Chunk created successfully: (3.0, 8.0) at world pos (96.0, 0.0, 256.0) (total chunks: 228)
[23:17:44] TERRAIN: Creating chunk: (-3.0, 8.0) at distance 8.54
[23:17:44] TERRAIN: Chunk (-3.0, 8.0): TRIMESH collision created successfully (distance: 8.54, vertices: 8)
[23:17:44] TERRAIN: Chunk created successfully: (-3.0, 8.0) at world pos (-96.0, 0.0, 256.0) (total chunks: 229)
[23:17:44] TERRAIN: Creating chunk: (8.0, -3.0) at distance 8.54
[23:17:44] TERRAIN: Chunk (8.0, -3.0): TRIMESH collision created successfully (distance: 8.54, vertices: 8)
[23:17:44] TERRAIN: Chunk created successfully: (8.0, -3.0) at world pos (256.0, 0.0, -96.0) (total chunks: 230)
[23:17:44] TERRAIN: Creating chunk: (3.0, -8.0) at distance 8.54
[23:17:44] TERRAIN: Chunk (3.0, -8.0): TRIMESH collision created successfully (distance: 8.54, vertices: 8)
[23:17:44] TERRAIN: Chunk created successfully: (3.0, -8.0) at world pos (96.0, 0.0, -256.0) (total chunks: 231)
[23:17:44] TERRAIN: Creating chunk: (-8.0, -3.0) at distance 8.54
[23:17:44] TERRAIN: Chunk (-8.0, -3.0): TRIMESH collision created successfully (distance: 8.54, vertices: 8)
[23:17:44] TERRAIN: Chunk created successfully: (-8.0, -3.0) at world pos (-256.0, 0.0, -96.0) (total chunks: 232)
[23:17:44] TERRAIN: Creating chunk: (8.0, 3.0) at distance 8.54
[23:17:44] TERRAIN: Chunk (8.0, 3.0): TRIMESH collision created successfully (distance: 8.54, vertices: 8)
[23:17:44] TERRAIN: Chunk created successfully: (8.0, 3.0) at world pos (256.0, 0.0, 96.0) (total chunks: 233)
[23:17:44] TERRAIN: Creating chunk: (-7.0, -5.0) at distance 8.60
[23:17:44] TERRAIN: Chunk (-7.0, -5.0): TRIMESH collision created successfully (distance: 8.60, vertices: 8)
[23:17:44] TERRAIN: Chunk created successfully: (-7.0, -5.0) at world pos (-224.0, 0.0, -160.0) (total chunks: 234)
[23:17:44] TERRAIN: Creating chunk: (5.0, -7.0) at distance 8.60
[23:17:44] TERRAIN: Chunk (5.0, -7.0): TRIMESH collision created successfully (distance: 8.60, vertices: 8)
[23:17:44] TERRAIN: Chunk created successfully: (5.0, -7.0) at world pos (160.0, 0.0, -224.0) (total chunks: 235)
[23:17:44] TERRAIN: Creating chunk: (-5.0, 7.0) at distance 8.60
[23:17:44] TERRAIN: Chunk (-5.0, 7.0): TRIMESH collision created successfully (distance: 8.60, vertices: 8)
[23:17:44] TERRAIN: Chunk created successfully: (-5.0, 7.0) at world pos (-160.0, 0.0, 224.0) (total chunks: 236)
[23:17:45] TERRAIN: Creating chunk: (7.0, -5.0) at distance 8.60
[23:17:45] TERRAIN: Chunk (7.0, -5.0): TRIMESH collision created successfully (distance: 8.60, vertices: 8)
[23:17:45] TERRAIN: Chunk created successfully: (7.0, -5.0) at world pos (224.0, 0.0, -160.0) (total chunks: 237)
[23:17:45] TERRAIN: Creating chunk: (-7.0, 5.0) at distance 8.60
[23:17:45] TERRAIN: Chunk (-7.0, 5.0): TRIMESH collision created successfully (distance: 8.60, vertices: 8)
[23:17:45] TERRAIN: Chunk created successfully: (-7.0, 5.0) at world pos (-224.0, 0.0, 160.0) (total chunks: 238)
[23:17:45] TERRAIN: Creating chunk: (7.0, 5.0) at distance 8.60
[23:17:45] TERRAIN: Chunk (7.0, 5.0): TRIMESH collision created successfully (distance: 8.60, vertices: 8)
[23:17:45] TERRAIN: Chunk created successfully: (7.0, 5.0) at world pos (224.0, 0.0, 160.0) (total chunks: 239)
[23:17:45] TERRAIN: Creating chunk: (5.0, 7.0) at distance 8.60
[23:17:45] TERRAIN: Chunk (5.0, 7.0): TRIMESH collision created successfully (distance: 8.60, vertices: 8)
[23:17:45] TERRAIN: Chunk created successfully: (5.0, 7.0) at world pos (160.0, 0.0, 224.0) (total chunks: 240)
[23:17:45] TERRAIN: Creating chunk: (-5.0, -7.0) at distance 8.60
[23:17:45] TERRAIN: Chunk (-5.0, -7.0): TRIMESH collision created successfully (distance: 8.60, vertices: 8)
[23:17:45] TERRAIN: Chunk created successfully: (-5.0, -7.0) at world pos (-160.0, 0.0, -224.0) (total chunks: 241)
[23:17:45] TERRAIN: Creating chunk: (8.0, 4.0) at distance 8.94
[23:17:45] TERRAIN: Chunk (8.0, 4.0): TRIMESH collision created successfully (distance: 8.94, vertices: 8)
[23:17:45] TERRAIN: Chunk created successfully: (8.0, 4.0) at world pos (256.0, 0.0, 128.0) (total chunks: 242)
[23:17:45] TERRAIN: Creating chunk: (4.0, 8.0) at distance 8.94
[23:17:45] TERRAIN: Chunk (4.0, 8.0): TRIMESH collision created successfully (distance: 8.94, vertices: 8)
[23:17:45] TERRAIN: Chunk created successfully: (4.0, 8.0) at world pos (128.0, 0.0, 256.0) (total chunks: 243)
[23:17:45] TERRAIN: Creating chunk: (-4.0, 8.0) at distance 8.94
[23:17:45] TERRAIN: Chunk (-4.0, 8.0): TRIMESH collision created successfully (distance: 8.94, vertices: 8)
[23:17:45] TERRAIN: Chunk created successfully: (-4.0, 8.0) at world pos (-128.0, 0.0, 256.0) (total chunks: 244)
[23:17:45] TERRAIN: Player moved to new chunk: (0.0, -1.0) (was (0.0, 0.0))
[23:17:45] TERRAIN: Creating chunk: (4.0, -8.0) at distance 8.06
[23:17:45] TERRAIN: Chunk (4.0, -8.0): TRIMESH collision created successfully (distance: 8.06, vertices: 8)
[23:17:45] TERRAIN: Chunk created successfully: (4.0, -8.0) at world pos (128.0, 0.0, -256.0) (total chunks: 245)
[23:17:45] TERRAIN: Creating chunk: (-8.0, -4.0) at distance 8.54
[23:17:45] TERRAIN: Chunk (-8.0, -4.0): TRIMESH collision created successfully (distance: 8.54, vertices: 8)
[23:17:45] TERRAIN: Chunk created successfully: (-8.0, -4.0) at world pos (-256.0, 0.0, -128.0) (total chunks: 246)
[23:17:45] TERRAIN: Creating chunk: (8.0, -4.0) at distance 8.54
[23:17:45] TERRAIN: Chunk (8.0, -4.0): TRIMESH collision created successfully (distance: 8.54, vertices: 8)
[23:17:45] TERRAIN: Chunk created successfully: (8.0, -4.0) at world pos (256.0, 0.0, -128.0) (total chunks: 247)
[23:17:45] TERRAIN: Creating chunk: (-4.0, -8.0) at distance 8.06
[23:17:45] TERRAIN: Chunk (-4.0, -8.0): TRIMESH collision created successfully (distance: 8.06, vertices: 8)
[23:17:45] TERRAIN: Chunk created successfully: (-4.0, -8.0) at world pos (-128.0, 0.0, -256.0) (total chunks: 248)
[23:17:45] TERRAIN: Creating chunk: (-8.0, 4.0) at distance 9.43
[23:17:45] TERRAIN: Chunk (-8.0, 4.0): TRIMESH collision created successfully (distance: 9.43, vertices: 8)
[23:17:45] TERRAIN: Chunk created successfully: (-8.0, 4.0) at world pos (-256.0, 0.0, 128.0) (total chunks: 249)
[23:17:45] TERRAIN: Creating chunk: (9.0, 0.0) at distance 9.06
[23:17:45] TERRAIN: Chunk (9.0, 0.0): TRIMESH collision created successfully (distance: 9.06, vertices: 8)
[23:17:45] TERRAIN: Chunk created successfully: (9.0, 0.0) at world pos (288.0, 0.0, 0.0) (total chunks: 250)
[23:17:45] TERRAIN: Creating chunk: (-9.0, 0.0) at distance 9.06
[23:17:45] TERRAIN: Chunk (-9.0, 0.0): TRIMESH collision created successfully (distance: 9.06, vertices: 8)
[23:17:45] TERRAIN: Chunk created successfully: (-9.0, 0.0) at world pos (-288.0, 0.0, 0.0) (total chunks: 251)
[23:17:45] TERRAIN: Creating chunk: (0.0, -9.0) at distance 8.00
[23:17:45] TERRAIN: Chunk (0.0, -9.0): TRIMESH collision created successfully (distance: 8.00, vertices: 8)
[23:17:45] TERRAIN: Chunk created successfully: (0.0, -9.0) at world pos (0.0, 0.0, -288.0) (total chunks: 252)
[23:17:45] TERRAIN: Creating chunk: (0.0, 9.0) at distance 10.00
[23:17:45] TERRAIN: Chunk (0.0, 9.0): TRIMESH collision created successfully (distance: 10.00, vertices: 8)
[23:17:45] TERRAIN: Chunk created successfully: (0.0, 9.0) at world pos (0.0, 0.0, 288.0) (total chunks: 253)
[23:17:45] TERRAIN: Creating chunk: (9.0, 1.0) at distance 9.22
[23:17:45] TERRAIN: Chunk (9.0, 1.0): TRIMESH collision created successfully (distance: 9.22, vertices: 8)
[23:17:45] TERRAIN: Chunk created successfully: (9.0, 1.0) at world pos (288.0, 0.0, 32.0) (total chunks: 254)
[23:17:45] TERRAIN: Creating chunk: (1.0, 9.0) at distance 10.05
[23:17:45] TERRAIN: Chunk (1.0, 9.0): TRIMESH collision created successfully (distance: 10.05, vertices: 8)
[23:17:45] TERRAIN: Chunk created successfully: (1.0, 9.0) at world pos (32.0, 0.0, 288.0) (total chunks: 255)
[23:17:45] TERRAIN: Creating chunk: (9.0, -1.0) at distance 9.00
[23:17:45] TERRAIN: Chunk (9.0, -1.0): TRIMESH collision created successfully (distance: 9.00, vertices: 8)
[23:17:45] TERRAIN: Chunk created successfully: (9.0, -1.0) at world pos (288.0, 0.0, -32.0) (total chunks: 256)
[23:17:45] TERRAIN: Creating chunk: (1.0, -9.0) at distance 8.06
[23:17:45] TERRAIN: Chunk (1.0, -9.0): TRIMESH collision created successfully (distance: 8.06, vertices: 8)
[23:17:45] TERRAIN: Chunk created successfully: (1.0, -9.0) at world pos (32.0, 0.0, -288.0) (total chunks: 257)
[23:17:45] TERRAIN: Creating chunk: (-1.0, -9.0) at distance 8.06
[23:17:45] TERRAIN: Chunk (-1.0, -9.0): TRIMESH collision created successfully (distance: 8.06, vertices: 8)
[23:17:45] TERRAIN: Chunk created successfully: (-1.0, -9.0) at world pos (-32.0, 0.0, -288.0) (total chunks: 258)
[23:17:45] TERRAIN: Creating chunk: (-9.0, -1.0) at distance 9.00
[23:17:45] TERRAIN: Chunk (-9.0, -1.0): TRIMESH collision created successfully (distance: 9.00, vertices: 8)
[23:17:45] TERRAIN: Chunk created successfully: (-9.0, -1.0) at world pos (-288.0, 0.0, -32.0) (total chunks: 259)
[23:17:45] TERRAIN: Creating chunk: (-9.0, 1.0) at distance 9.22
[23:17:45] TERRAIN: Chunk (-9.0, 1.0): TRIMESH collision created successfully (distance: 9.22, vertices: 8)
[23:17:45] TERRAIN: Chunk created successfully: (-9.0, 1.0) at world pos (-288.0, 0.0, 32.0) (total chunks: 260)
[23:17:45] TERRAIN: Creating chunk: (-1.0, 9.0) at distance 10.05
[23:17:45] TERRAIN: Chunk (-1.0, 9.0): TRIMESH collision created successfully (distance: 10.05, vertices: 8)
[23:17:45] TERRAIN: Chunk created successfully: (-1.0, 9.0) at world pos (-32.0, 0.0, 288.0) (total chunks: 261)
[23:17:45] TERRAIN: Creating chunk: (-9.0, -2.0) at distance 9.06
[23:17:45] TERRAIN: Chunk (-9.0, -2.0): TRIMESH collision created successfully (distance: 9.06, vertices: 8)
[23:17:45] TERRAIN: Chunk created successfully: (-9.0, -2.0) at world pos (-288.0, 0.0, -64.0) (total chunks: 262)
[23:17:45] TERRAIN: Creating chunk: (6.0, 7.0) at distance 10.00
[23:17:45] TERRAIN: Chunk (6.0, 7.0): TRIMESH collision created successfully (distance: 10.00, vertices: 8)
[23:17:45] TERRAIN: Chunk created successfully: (6.0, 7.0) at world pos (192.0, 0.0, 224.0) (total chunks: 263)
[23:17:45] TERRAIN: Creating chunk: (-9.0, 2.0) at distance 9.49
[23:17:45] TERRAIN: Chunk (-9.0, 2.0): TRIMESH collision created successfully (distance: 9.49, vertices: 8)
[23:17:45] TERRAIN: Chunk created successfully: (-9.0, 2.0) at world pos (-288.0, 0.0, 64.0) (total chunks: 264)
[23:17:45] TERRAIN: Creating chunk: (9.0, 2.0) at distance 9.49
[23:17:45] TERRAIN: Chunk (9.0, 2.0): TRIMESH collision created successfully (distance: 9.49, vertices: 8)
[23:17:45] TERRAIN: Chunk created successfully: (9.0, 2.0) at world pos (288.0, 0.0, 64.0) (total chunks: 265)
[23:17:45] TERRAIN: Creating chunk: (-2.0, -9.0) at distance 8.25
[23:17:45] TERRAIN: Chunk (-2.0, -9.0): TRIMESH collision created successfully (distance: 8.25, vertices: 8)
[23:17:45] TERRAIN: Chunk created successfully: (-2.0, -9.0) at world pos (-64.0, 0.0, -288.0) (total chunks: 266)
[23:17:45] TERRAIN: Creating chunk: (-6.0, -7.0) at distance 8.49
[23:17:45] TERRAIN: Chunk (-6.0, -7.0): TRIMESH collision created successfully (distance: 8.49, vertices: 8)
[23:17:45] TERRAIN: Chunk created successfully: (-6.0, -7.0) at world pos (-192.0, 0.0, -224.0) (total chunks: 267)
[23:17:45] TERRAIN: Creating chunk: (2.0, -9.0) at distance 8.25
[23:17:45] TERRAIN: Chunk (2.0, -9.0): TRIMESH collision created successfully (distance: 8.25, vertices: 8)
[23:17:45] TERRAIN: Chunk created successfully: (2.0, -9.0) at world pos (64.0, 0.0, -288.0) (total chunks: 268)
[23:17:45] TERRAIN: Creating chunk: (-2.0, 9.0) at distance 10.20
[23:17:45] TERRAIN: Chunk (-2.0, 9.0): TRIMESH collision created successfully (distance: 10.20, vertices: 8)
[23:17:45] TERRAIN: Chunk created successfully: (-2.0, 9.0) at world pos (-64.0, 0.0, 288.0) (total chunks: 269)
[23:17:45] TERRAIN: Creating chunk: (-7.0, 6.0) at distance 9.90
[23:17:45] TERRAIN: Chunk (-7.0, 6.0): TRIMESH collision created successfully (distance: 9.90, vertices: 8)
[23:17:45] TERRAIN: Chunk created successfully: (-7.0, 6.0) at world pos (-224.0, 0.0, 192.0) (total chunks: 270)
[23:17:45] TERRAIN: Creating chunk: (-7.0, -6.0) at distance 8.60
[23:17:45] TERRAIN: Chunk (-7.0, -6.0): TRIMESH collision created successfully (distance: 8.60, vertices: 8)
[23:17:45] TERRAIN: Chunk created successfully: (-7.0, -6.0) at world pos (-224.0, 0.0, -192.0) (total chunks: 271)
[23:17:45] TERRAIN: Creating chunk: (7.0, -6.0) at distance 8.60
[23:17:45] TERRAIN: Chunk (7.0, -6.0): TRIMESH collision created successfully (distance: 8.60, vertices: 8)
[23:17:45] TERRAIN: Chunk created successfully: (7.0, -6.0) at world pos (224.0, 0.0, -192.0) (total chunks: 272)
[23:17:45] TERRAIN: Creating chunk: (2.0, 9.0) at distance 10.20
[23:17:45] TERRAIN: Chunk (2.0, 9.0): TRIMESH collision created successfully (distance: 10.20, vertices: 8)
[23:17:45] TERRAIN: Chunk created successfully: (2.0, 9.0) at world pos (64.0, 0.0, 288.0) (total chunks: 273)
[23:17:45] TERRAIN: Creating chunk: (-6.0, 7.0) at distance 10.00
[23:17:45] TERRAIN: Chunk (-6.0, 7.0): TRIMESH collision created successfully (distance: 10.00, vertices: 8)
[23:17:45] TERRAIN: Chunk created successfully: (-6.0, 7.0) at world pos (-192.0, 0.0, 224.0) (total chunks: 274)
[23:17:45] TERRAIN: Creating chunk: (9.0, -2.0) at distance 9.06
[23:17:45] TERRAIN: Chunk (9.0, -2.0): TRIMESH collision created successfully (distance: 9.06, vertices: 8)
[23:17:45] TERRAIN: Chunk created successfully: (9.0, -2.0) at world pos (288.0, 0.0, -64.0) (total chunks: 275)
[23:17:45] TERRAIN: Creating chunk: (7.0, 6.0) at distance 9.90
[23:17:45] TERRAIN: Chunk (7.0, 6.0): TRIMESH collision created successfully (distance: 9.90, vertices: 8)
[23:17:45] TERRAIN: Chunk created successfully: (7.0, 6.0) at world pos (224.0, 0.0, 192.0) (total chunks: 276)
[23:17:45] TERRAIN: Creating chunk: (6.0, -7.0) at distance 8.49
[23:17:45] TERRAIN: Chunk (6.0, -7.0): TRIMESH collision created successfully (distance: 8.49, vertices: 8)
[23:17:45] TERRAIN: Chunk created successfully: (6.0, -7.0) at world pos (192.0, 0.0, -224.0) (total chunks: 277)
[23:17:45] TERRAIN: Creating chunk: (-5.0, -8.0) at distance 8.60
[23:17:45] TERRAIN: Chunk (-5.0, -8.0): TRIMESH collision created successfully (distance: 8.60, vertices: 8)
[23:17:45] TERRAIN: Chunk created successfully: (-5.0, -8.0) at world pos (-160.0, 0.0, -256.0) (total chunks: 278)
[23:17:45] TERRAIN: Creating chunk: (8.0, -5.0) at distance 8.94
[23:17:45] TERRAIN: Chunk (8.0, -5.0): TRIMESH collision created successfully (distance: 8.94, vertices: 8)
[23:17:45] TERRAIN: Chunk created successfully: (8.0, -5.0) at world pos (256.0, 0.0, -160.0) (total chunks: 279)
[23:17:45] TERRAIN: Creating chunk: (5.0, 8.0) at distance 10.30
[23:17:45] TERRAIN: Chunk (5.0, 8.0): TRIMESH collision created successfully (distance: 10.30, vertices: 8)
[23:17:45] TERRAIN: Chunk created successfully: (5.0, 8.0) at world pos (160.0, 0.0, 256.0) (total chunks: 280)
[23:17:45] TERRAIN: Creating chunk: (-8.0, -5.0) at distance 8.94
[23:17:45] TERRAIN: Chunk (-8.0, -5.0): TRIMESH collision created successfully (distance: 8.94, vertices: 8)
[23:17:45] TERRAIN: Chunk created successfully: (-8.0, -5.0) at world pos (-256.0, 0.0, -160.0) (total chunks: 281)
[23:17:45] TERRAIN: Creating chunk: (8.0, 5.0) at distance 10.00
[23:17:45] TERRAIN: Chunk (8.0, 5.0): TRIMESH collision created successfully (distance: 10.00, vertices: 8)
[23:17:45] TERRAIN: Chunk created successfully: (8.0, 5.0) at world pos (256.0, 0.0, 160.0) (total chunks: 282)
[23:17:45] TERRAIN: Creating chunk: (-8.0, 5.0) at distance 10.00
[23:17:45] TERRAIN: Chunk (-8.0, 5.0): TRIMESH collision created successfully (distance: 10.00, vertices: 8)
[23:17:45] TERRAIN: Chunk created successfully: (-8.0, 5.0) at world pos (-256.0, 0.0, 160.0) (total chunks: 283)
[23:17:45] TERRAIN: Creating chunk: (-5.0, 8.0) at distance 10.30
[23:17:45] TERRAIN: Chunk (-5.0, 8.0): TRIMESH collision created successfully (distance: 10.30, vertices: 8)
[23:17:45] TERRAIN: Chunk created successfully: (-5.0, 8.0) at world pos (-160.0, 0.0, 256.0) (total chunks: 284)
[23:17:45] TERRAIN: Creating chunk: (5.0, -8.0) at distance 8.60
[23:17:45] TERRAIN: Chunk (5.0, -8.0): TRIMESH collision created successfully (distance: 8.60, vertices: 8)
[23:17:45] TERRAIN: Chunk created successfully: (5.0, -8.0) at world pos (160.0, 0.0, -256.0) (total chunks: 285)
[23:17:45] TERRAIN: Creating chunk: (-9.0, -3.0) at distance 9.22
[23:17:45] TERRAIN: Chunk (-9.0, -3.0): TRIMESH collision created successfully (distance: 9.22, vertices: 8)
[23:17:45] TERRAIN: Chunk created successfully: (-9.0, -3.0) at world pos (-288.0, 0.0, -96.0) (total chunks: 286)
[23:17:45] TERRAIN: Creating chunk: (9.0, -3.0) at distance 9.22
[23:17:45] TERRAIN: Chunk (9.0, -3.0): TRIMESH collision created successfully (distance: 9.22, vertices: 8)
[23:17:45] TERRAIN: Chunk created successfully: (9.0, -3.0) at world pos (288.0, 0.0, -96.0) (total chunks: 287)
[23:17:45] TERRAIN: Creating chunk: (-9.0, 3.0) at distance 9.85
[23:17:45] TERRAIN: Chunk (-9.0, 3.0): TRIMESH collision created successfully (distance: 9.85, vertices: 8)
[23:17:45] TERRAIN: Chunk created successfully: (-9.0, 3.0) at world pos (-288.0, 0.0, 96.0) (total chunks: 288)
[23:17:45] TERRAIN: Creating chunk: (3.0, 9.0) at distance 10.44
[23:17:45] TERRAIN: Chunk (3.0, 9.0): TRIMESH collision created successfully (distance: 10.44, vertices: 8)
[23:17:45] TERRAIN: Chunk created successfully: (3.0, 9.0) at world pos (96.0, 0.0, 288.0) (total chunks: 289)
[23:17:45] TERRAIN: Creating chunk: (-3.0, -9.0) at distance 8.54
[23:17:45] TERRAIN: Chunk (-3.0, -9.0): TRIMESH collision created successfully (distance: 8.54, vertices: 8)
[23:17:45] TERRAIN: Chunk created successfully: (-3.0, -9.0) at world pos (-96.0, 0.0, -288.0) (total chunks: 290)
[23:17:45] TERRAIN: Creating chunk: (-3.0, 9.0) at distance 10.44
[23:17:45] TERRAIN: Chunk (-3.0, 9.0): TRIMESH collision created successfully (distance: 10.44, vertices: 8)
[23:17:45] TERRAIN: Chunk created successfully: (-3.0, 9.0) at world pos (-96.0, 0.0, 288.0) (total chunks: 291)
[23:17:45] TERRAIN: Creating chunk: (3.0, -9.0) at distance 8.54
[23:17:45] TERRAIN: Chunk (3.0, -9.0): TRIMESH collision created successfully (distance: 8.54, vertices: 8)
[23:17:45] TERRAIN: Chunk created successfully: (3.0, -9.0) at world pos (96.0, 0.0, -288.0) (total chunks: 292)
[23:17:45] TERRAIN: Creating chunk: (9.0, 3.0) at distance 9.85
[23:17:45] TERRAIN: Chunk (9.0, 3.0): TRIMESH collision created successfully (distance: 9.85, vertices: 8)
[23:17:45] TERRAIN: Chunk created successfully: (9.0, 3.0) at world pos (288.0, 0.0, 96.0) (total chunks: 293)
[23:17:45] TERRAIN: Creating chunk: (-9.0, 4.0) at distance 10.30
[23:17:45] TERRAIN: Chunk (-9.0, 4.0): TRIMESH collision created successfully (distance: 10.30, vertices: 8)
[23:17:45] TERRAIN: Chunk created successfully: (-9.0, 4.0) at world pos (-288.0, 0.0, 128.0) (total chunks: 294)
[23:17:45] TERRAIN: Creating chunk: (-4.0, -9.0) at distance 8.94
[23:17:45] TERRAIN: Chunk (-4.0, -9.0): TRIMESH collision created successfully (distance: 8.94, vertices: 8)
[23:17:45] TERRAIN: Chunk created successfully: (-4.0, -9.0) at world pos (-128.0, 0.0, -288.0) (total chunks: 295)
[23:17:45] TERRAIN: Creating chunk: (9.0, -4.0) at distance 9.49
[23:17:45] TERRAIN: Chunk (9.0, -4.0): TRIMESH collision created successfully (distance: 9.49, vertices: 8)
[23:17:45] TERRAIN: Chunk created successfully: (9.0, -4.0) at world pos (288.0, 0.0, -128.0) (total chunks: 296)
[23:17:45] TERRAIN: Creating chunk: (9.0, 4.0) at distance 10.30
[23:17:45] TERRAIN: Chunk (9.0, 4.0): TRIMESH collision created successfully (distance: 10.30, vertices: 8)
[23:17:45] TERRAIN: Chunk created successfully: (9.0, 4.0) at world pos (288.0, 0.0, 128.0) (total chunks: 297)
[23:17:45] TERRAIN: Creating chunk: (-9.0, -4.0) at distance 9.49
[23:17:45] TERRAIN: Chunk (-9.0, -4.0): TRIMESH collision created successfully (distance: 9.49, vertices: 8)
[23:17:45] TERRAIN: Chunk created successfully: (-9.0, -4.0) at world pos (-288.0, 0.0, -128.0) (total chunks: 298)
[23:17:45] TERRAIN: Creating chunk: (4.0, 9.0) at distance 10.77
[23:17:45] TERRAIN: Chunk (4.0, 9.0): TRIMESH collision created successfully (distance: 10.77, vertices: 8)
[23:17:45] TERRAIN: Chunk created successfully: (4.0, 9.0) at world pos (128.0, 0.0, 288.0) (total chunks: 299)
[23:17:45] TERRAIN: Creating chunk: (-4.0, 9.0) at distance 10.77
[23:17:45] TERRAIN: Chunk (-4.0, 9.0): TRIMESH collision created successfully (distance: 10.77, vertices: 8)
[23:17:45] TERRAIN: Chunk created successfully: (-4.0, 9.0) at world pos (-128.0, 0.0, 288.0) (total chunks: 300)
[23:17:45] TERRAIN: Creating chunk: (4.0, -9.0) at distance 8.94
[23:17:45] TERRAIN: Chunk (4.0, -9.0): TRIMESH collision created successfully (distance: 8.94, vertices: 8)
[23:17:45] TERRAIN: Chunk created successfully: (4.0, -9.0) at world pos (128.0, 0.0, -288.0) (total chunks: 301)
[23:17:45] TERRAIN: Creating chunk: (7.0, -7.0) at distance 9.22
[23:17:45] TERRAIN: Chunk (7.0, -7.0): TRIMESH collision created successfully (distance: 9.22, vertices: 8)
[23:17:45] TERRAIN: Chunk created successfully: (7.0, -7.0) at world pos (224.0, 0.0, -224.0) (total chunks: 302)
[23:17:45] TERRAIN: Creating chunk: (-7.0, -7.0) at distance 9.22
[23:17:45] TERRAIN: Chunk (-7.0, -7.0): TRIMESH collision created successfully (distance: 9.22, vertices: 8)
[23:17:45] TERRAIN: Chunk created successfully: (-7.0, -7.0) at world pos (-224.0, 0.0, -224.0) (total chunks: 303)
[23:17:45] TERRAIN: Creating chunk: (7.0, 7.0) at distance 10.63
[23:17:45] TERRAIN: Chunk (7.0, 7.0): TRIMESH collision created successfully (distance: 10.63, vertices: 8)
[23:17:45] TERRAIN: Chunk created successfully: (7.0, 7.0) at world pos (224.0, 0.0, 224.0) (total chunks: 304)
[23:17:45] PLAYER: Pos: (1.745521, -0.002391, -0.560672) | Chunk: (0.0, -1.0) | TerrainHeight: -0.00 | HeightDiff: 0.00 | OnFloor: true
[23:17:45] PLAYER: CHUNK CHANGED: (0.0, 0.0) -> (0.0, -1.0)
[23:17:45] TERRAIN: Creating chunk: (-7.0, 7.0) at distance 10.63
[23:17:45] TERRAIN: Chunk (-7.0, 7.0): TRIMESH collision created successfully (distance: 10.63, vertices: 8)
[23:17:45] TERRAIN: Chunk created successfully: (-7.0, 7.0) at world pos (-224.0, 0.0, 224.0) (total chunks: 305)
[23:17:45] TERRAIN: Creating chunk: (-6.0, 8.0) at distance 10.82
[23:17:45] TERRAIN: Chunk (-6.0, 8.0): TRIMESH collision created successfully (distance: 10.82, vertices: 8)
[23:17:45] TERRAIN: Chunk created successfully: (-6.0, 8.0) at world pos (-192.0, 0.0, 256.0) (total chunks: 306)
[23:17:45] TERRAIN: Creating chunk: (-8.0, -6.0) at distance 9.43
[23:17:45] TERRAIN: Chunk (-8.0, -6.0): TRIMESH collision created successfully (distance: 9.43, vertices: 8)
[23:17:45] TERRAIN: Chunk created successfully: (-8.0, -6.0) at world pos (-256.0, 0.0, -192.0) (total chunks: 307)
[23:17:45] TERRAIN: Creating chunk: (6.0, -8.0) at distance 9.22
[23:17:45] TERRAIN: Chunk (6.0, -8.0): TRIMESH collision created successfully (distance: 9.22, vertices: 8)
[23:17:45] TERRAIN: Chunk created successfully: (6.0, -8.0) at world pos (192.0, 0.0, -256.0) (total chunks: 308)
[23:17:45] TERRAIN: Creating chunk: (0.0, -10.0) at distance 9.00
[23:17:45] TERRAIN: Chunk (0.0, -10.0): TRIMESH collision created successfully (distance: 9.00, vertices: 8)
[23:17:45] TERRAIN: Chunk created successfully: (0.0, -10.0) at world pos (0.0, 0.0, -320.0) (total chunks: 309)
[23:17:45] TERRAIN: Creating chunk: (8.0, 6.0) at distance 10.63
[23:17:45] TERRAIN: Chunk (8.0, 6.0): TRIMESH collision created successfully (distance: 10.63, vertices: 8)
[23:17:45] TERRAIN: Chunk created successfully: (8.0, 6.0) at world pos (256.0, 0.0, 192.0) (total chunks: 310)
[23:17:45] TERRAIN: Creating chunk: (-8.0, 6.0) at distance 10.63
[23:17:45] TERRAIN: Chunk (-8.0, 6.0): TRIMESH collision created successfully (distance: 10.63, vertices: 8)
[23:17:45] TERRAIN: Chunk created successfully: (-8.0, 6.0) at world pos (-256.0, 0.0, 192.0) (total chunks: 311)
[23:17:45] TERRAIN: Creating chunk: (6.0, 8.0) at distance 10.82
[23:17:45] TERRAIN: Chunk (6.0, 8.0): TRIMESH collision created successfully (distance: 10.82, vertices: 8)
[23:17:45] TERRAIN: Chunk created successfully: (6.0, 8.0) at world pos (192.0, 0.0, 256.0) (total chunks: 312)
[23:17:45] TERRAIN: Creating chunk: (-10.0, 0.0) at distance 10.05
[23:17:45] TERRAIN: Chunk (-10.0, 0.0): TRIMESH collision created successfully (distance: 10.05, vertices: 8)
[23:17:45] TERRAIN: Chunk created successfully: (-10.0, 0.0) at world pos (-320.0, 0.0, 0.0) (total chunks: 313)
[23:17:45] TERRAIN: Creating chunk: (10.0, 0.0) at distance 10.05
[23:17:45] TERRAIN: Chunk (10.0, 0.0): TRIMESH collision created successfully (distance: 10.05, vertices: 8)
[23:17:45] TERRAIN: Chunk created successfully: (10.0, 0.0) at world pos (320.0, 0.0, 0.0) (total chunks: 314)
[23:17:45] TERRAIN: Creating chunk: (-6.0, -8.0) at distance 9.22
[23:17:45] TERRAIN: Chunk (-6.0, -8.0): TRIMESH collision created successfully (distance: 9.22, vertices: 8)
[23:17:45] TERRAIN: Chunk created successfully: (-6.0, -8.0) at world pos (-192.0, 0.0, -256.0) (total chunks: 315)
[23:17:45] TERRAIN: Creating chunk: (8.0, -6.0) at distance 9.43
[23:17:45] TERRAIN: Chunk (8.0, -6.0): TRIMESH collision created successfully (distance: 9.43, vertices: 8)
[23:17:45] TERRAIN: Chunk created successfully: (8.0, -6.0) at world pos (256.0, 0.0, -192.0) (total chunks: 316)
[23:17:45] TERRAIN: Creating chunk: (0.0, 10.0) at distance 11.00
[23:17:45] TERRAIN: Chunk (0.0, 10.0): TRIMESH collision created successfully (distance: 11.00, vertices: 8)
[23:17:45] TERRAIN: Chunk created successfully: (0.0, 10.0) at world pos (0.0, 0.0, 320.0) (total chunks: 317)
[23:17:45] TERRAIN: Creating chunk: (-10.0, -1.0) at distance 10.00
[23:17:45] TERRAIN: Chunk (-10.0, -1.0): TRIMESH collision created successfully (distance: 10.00, vertices: 8)
[23:17:45] TERRAIN: Chunk created successfully: (-10.0, -1.0) at world pos (-320.0, 0.0, -32.0) (total chunks: 318)
[23:17:45] TERRAIN: Creating chunk: (-1.0, 10.0) at distance 11.05
[23:17:45] TERRAIN: Chunk (-1.0, 10.0): TRIMESH collision created successfully (distance: 11.05, vertices: 8)
[23:17:45] TERRAIN: Chunk created successfully: (-1.0, 10.0) at world pos (-32.0, 0.0, 320.0) (total chunks: 319)
[23:17:45] TERRAIN: Creating chunk: (1.0, 10.0) at distance 11.05
[23:17:45] TERRAIN: Chunk (1.0, 10.0): TRIMESH collision created successfully (distance: 11.05, vertices: 8)
[23:17:45] TERRAIN: Chunk created successfully: (1.0, 10.0) at world pos (32.0, 0.0, 320.0) (total chunks: 320)
[23:17:45] TERRAIN: Creating chunk: (1.0, -10.0) at distance 9.06
[23:17:45] TERRAIN: Chunk (1.0, -10.0): TRIMESH collision created successfully (distance: 9.06, vertices: 8)
[23:17:45] TERRAIN: Chunk created successfully: (1.0, -10.0) at world pos (32.0, 0.0, -320.0) (total chunks: 321)
[23:17:45] TERRAIN: Creating chunk: (-10.0, 1.0) at distance 10.20
[23:17:45] TERRAIN: Chunk (-10.0, 1.0): TRIMESH collision created successfully (distance: 10.20, vertices: 8)
[23:17:45] TERRAIN: Chunk created successfully: (-10.0, 1.0) at world pos (-320.0, 0.0, 32.0) (total chunks: 322)
[23:17:45] TERRAIN: Creating chunk: (-1.0, -10.0) at distance 9.06
[23:17:45] TERRAIN: Chunk (-1.0, -10.0): TRIMESH collision created successfully (distance: 9.06, vertices: 8)
[23:17:45] TERRAIN: Chunk created successfully: (-1.0, -10.0) at world pos (-32.0, 0.0, -320.0) (total chunks: 323)
[23:17:45] TERRAIN: Creating chunk: (10.0, 1.0) at distance 10.20
[23:17:45] TERRAIN: Chunk (10.0, 1.0): TRIMESH collision created successfully (distance: 10.20, vertices: 8)
[23:17:45] TERRAIN: Chunk created successfully: (10.0, 1.0) at world pos (320.0, 0.0, 32.0) (total chunks: 324)
[23:17:45] TERRAIN: Creating chunk: (10.0, -1.0) at distance 10.00
[23:17:45] TERRAIN: Chunk (10.0, -1.0): TRIMESH collision created successfully (distance: 10.00, vertices: 8)
[23:17:45] TERRAIN: Chunk created successfully: (10.0, -1.0) at world pos (320.0, 0.0, -32.0) (total chunks: 325)
[23:17:45] TERRAIN: Creating chunk: (2.0, 10.0) at distance 11.18
[23:17:45] TERRAIN: Chunk (2.0, 10.0): TRIMESH collision created successfully (distance: 11.18, vertices: 8)
[23:17:45] TERRAIN: Chunk created successfully: (2.0, 10.0) at world pos (64.0, 0.0, 320.0) (total chunks: 326)
[23:17:45] TERRAIN: Creating chunk: (-2.0, 10.0) at distance 11.18
[23:17:45] TERRAIN: Chunk (-2.0, 10.0): TRIMESH collision created successfully (distance: 11.18, vertices: 8)
[23:17:45] TERRAIN: Chunk created successfully: (-2.0, 10.0) at world pos (-64.0, 0.0, 320.0) (total chunks: 327)
[23:17:45] TERRAIN: Creating chunk: (-10.0, -2.0) at distance 10.05
[23:17:45] TERRAIN: Chunk (-10.0, -2.0): TRIMESH collision created successfully (distance: 10.05, vertices: 8)
[23:17:45] TERRAIN: Chunk created successfully: (-10.0, -2.0) at world pos (-320.0, 0.0, -64.0) (total chunks: 328)
[23:17:45] TERRAIN: Creating chunk: (10.0, -2.0) at distance 10.05
[23:17:45] TERRAIN: Chunk (10.0, -2.0): TRIMESH collision created successfully (distance: 10.05, vertices: 8)
[23:17:45] TERRAIN: Chunk created successfully: (10.0, -2.0) at world pos (320.0, 0.0, -64.0) (total chunks: 329)
[23:17:45] TERRAIN: Creating chunk: (-2.0, -10.0) at distance 9.22
[23:17:45] TERRAIN: Chunk (-2.0, -10.0): TRIMESH collision created successfully (distance: 9.22, vertices: 8)
[23:17:45] TERRAIN: Chunk created successfully: (-2.0, -10.0) at world pos (-64.0, 0.0, -320.0) (total chunks: 330)
[23:17:45] TERRAIN: Creating chunk: (-10.0, 2.0) at distance 10.44
[23:17:45] TERRAIN: Chunk (-10.0, 2.0): TRIMESH collision created successfully (distance: 10.44, vertices: 8)
[23:17:45] TERRAIN: Chunk created successfully: (-10.0, 2.0) at world pos (-320.0, 0.0, 64.0) (total chunks: 331)
[23:17:45] TERRAIN: Creating chunk: (2.0, -10.0) at distance 9.22
[23:17:45] TERRAIN: Chunk (2.0, -10.0): TRIMESH collision created successfully (distance: 9.22, vertices: 8)
[23:17:45] TERRAIN: Chunk created successfully: (2.0, -10.0) at world pos (64.0, 0.0, -320.0) (total chunks: 332)
[23:17:45] TERRAIN: Creating chunk: (10.0, 2.0) at distance 10.44
[23:17:45] TERRAIN: Chunk (10.0, 2.0): TRIMESH collision created successfully (distance: 10.44, vertices: 8)
[23:17:45] TERRAIN: Chunk created successfully: (10.0, 2.0) at world pos (320.0, 0.0, 64.0) (total chunks: 333)
[23:17:45] TERRAIN: Creating chunk: (9.0, -5.0) at distance 9.85
[23:17:45] TERRAIN: Chunk (9.0, -5.0): TRIMESH collision created successfully (distance: 9.85, vertices: 8)
[23:17:45] TERRAIN: Chunk created successfully: (9.0, -5.0) at world pos (288.0, 0.0, -160.0) (total chunks: 334)
[23:17:45] TERRAIN: Creating chunk: (9.0, 5.0) at distance 10.82
[23:17:45] TERRAIN: Chunk (9.0, 5.0): TRIMESH collision created successfully (distance: 10.82, vertices: 8)
[23:17:45] TERRAIN: Chunk created successfully: (9.0, 5.0) at world pos (288.0, 0.0, 160.0) (total chunks: 335)
[23:17:45] TERRAIN: Creating chunk: (5.0, 9.0) at distance 11.18
[23:17:45] TERRAIN: Chunk (5.0, 9.0): TRIMESH collision created successfully (distance: 11.18, vertices: 8)
[23:17:45] TERRAIN: Chunk created successfully: (5.0, 9.0) at world pos (160.0, 0.0, 288.0) (total chunks: 336)
[23:17:45] TERRAIN: Creating chunk: (-9.0, -5.0) at distance 9.85
[23:17:45] TERRAIN: Chunk (-9.0, -5.0): TRIMESH collision created successfully (distance: 9.85, vertices: 8)
[23:17:45] TERRAIN: Chunk created successfully: (-9.0, -5.0) at world pos (-288.0, 0.0, -160.0) (total chunks: 337)
[23:17:45] TERRAIN: Creating chunk: (5.0, -9.0) at distance 9.43
[23:17:45] TERRAIN: Chunk (5.0, -9.0): TRIMESH collision created successfully (distance: 9.43, vertices: 8)
[23:17:45] TERRAIN: Chunk created successfully: (5.0, -9.0) at world pos (160.0, 0.0, -288.0) (total chunks: 338)
[23:17:45] TERRAIN: Creating chunk: (-5.0, -9.0) at distance 9.43
[23:17:45] TERRAIN: Chunk (-5.0, -9.0): TRIMESH collision created successfully (distance: 9.43, vertices: 8)
[23:17:45] TERRAIN: Chunk created successfully: (-5.0, -9.0) at world pos (-160.0, 0.0, -288.0) (total chunks: 339)
[23:17:45] TERRAIN: Creating chunk: (-9.0, 5.0) at distance 10.82
[23:17:45] TERRAIN: Chunk (-9.0, 5.0): TRIMESH collision created successfully (distance: 10.82, vertices: 8)
[23:17:45] TERRAIN: Chunk created successfully: (-9.0, 5.0) at world pos (-288.0, 0.0, 160.0) (total chunks: 340)
[23:17:45] TERRAIN: Creating chunk: (-5.0, 9.0) at distance 11.18
[23:17:45] TERRAIN: Chunk (-5.0, 9.0): TRIMESH collision created successfully (distance: 11.18, vertices: 8)
[23:17:45] TERRAIN: Chunk created successfully: (-5.0, 9.0) at world pos (-160.0, 0.0, 288.0) (total chunks: 341)
[23:17:45] TERRAIN: Creating chunk: (10.0, -3.0) at distance 10.20
[23:17:45] TERRAIN: Chunk (10.0, -3.0): TRIMESH collision created successfully (distance: 10.20, vertices: 8)
[23:17:45] TERRAIN: Chunk created successfully: (10.0, -3.0) at world pos (320.0, 0.0, -96.0) (total chunks: 342)
[23:17:45] TERRAIN: Creating chunk: (-3.0, -10.0) at distance 9.49
[23:17:45] TERRAIN: Chunk (-3.0, -10.0): TRIMESH collision created successfully (distance: 9.49, vertices: 8)
[23:17:45] TERRAIN: Chunk created successfully: (-3.0, -10.0) at world pos (-96.0, 0.0, -320.0) (total chunks: 343)
[23:17:45] TERRAIN: Creating chunk: (-10.0, -3.0) at distance 10.20
[23:17:45] TERRAIN: Chunk (-10.0, -3.0): TRIMESH collision created successfully (distance: 10.20, vertices: 8)
[23:17:45] TERRAIN: Chunk created successfully: (-10.0, -3.0) at world pos (-320.0, 0.0, -96.0) (total chunks: 344)
[23:17:45] TERRAIN: Creating chunk: (3.0, 10.0) at distance 11.40
[23:17:45] TERRAIN: Chunk (3.0, 10.0): TRIMESH collision created successfully (distance: 11.40, vertices: 8)
[23:17:45] TERRAIN: Chunk created successfully: (3.0, 10.0) at world pos (96.0, 0.0, 320.0) (total chunks: 345)
[23:17:45] TERRAIN: Creating chunk: (-10.0, 3.0) at distance 10.77
[23:17:45] TERRAIN: Chunk (-10.0, 3.0): TRIMESH collision created successfully (distance: 10.77, vertices: 8)
[23:17:45] TERRAIN: Chunk created successfully: (-10.0, 3.0) at world pos (-320.0, 0.0, 96.0) (total chunks: 346)
[23:17:45] TERRAIN: Creating chunk: (10.0, 3.0) at distance 10.77
[23:17:45] TERRAIN: Chunk (10.0, 3.0): TRIMESH collision created successfully (distance: 10.77, vertices: 8)
[23:17:45] TERRAIN: Chunk created successfully: (10.0, 3.0) at world pos (320.0, 0.0, 96.0) (total chunks: 347)
[23:17:45] TERRAIN: Creating chunk: (3.0, -10.0) at distance 9.49
[23:17:45] TERRAIN: Chunk (3.0, -10.0): TRIMESH collision created successfully (distance: 9.49, vertices: 8)
[23:17:45] TERRAIN: Chunk created successfully: (3.0, -10.0) at world pos (96.0, 0.0, -320.0) (total chunks: 348)
[23:17:45] TERRAIN: Creating chunk: (-3.0, 10.0) at distance 11.40
[23:17:45] TERRAIN: Chunk (-3.0, 10.0): TRIMESH collision created successfully (distance: 11.40, vertices: 8)
[23:17:45] TERRAIN: Chunk created successfully: (-3.0, 10.0) at world pos (-96.0, 0.0, 320.0) (total chunks: 349)
[23:17:45] TERRAIN: Creating chunk: (8.0, -7.0) at distance 10.00
[23:17:45] TERRAIN: Chunk (8.0, -7.0): TRIMESH collision created successfully (distance: 10.00, vertices: 8)
[23:17:45] TERRAIN: Chunk created successfully: (8.0, -7.0) at world pos (256.0, 0.0, -224.0) (total chunks: 350)
[23:17:45] TERRAIN: Creating chunk: (7.0, 8.0) at distance 11.40
[23:17:45] TERRAIN: Chunk (7.0, 8.0): TRIMESH collision created successfully (distance: 11.40, vertices: 8)
[23:17:45] TERRAIN: Chunk created successfully: (7.0, 8.0) at world pos (224.0, 0.0, 256.0) (total chunks: 351)
[23:17:45] TERRAIN: Creating chunk: (-8.0, 7.0) at distance 11.31
[23:17:45] TERRAIN: Chunk (-8.0, 7.0): TRIMESH collision created successfully (distance: 11.31, vertices: 8)
[23:17:45] TERRAIN: Chunk created successfully: (-8.0, 7.0) at world pos (-256.0, 0.0, 224.0) (total chunks: 352)
[23:17:45] TERRAIN: Creating chunk: (-8.0, -7.0) at distance 10.00
[23:17:45] TERRAIN: Chunk (-8.0, -7.0): TRIMESH collision created successfully (distance: 10.00, vertices: 8)
[23:17:45] TERRAIN: Chunk created successfully: (-8.0, -7.0) at world pos (-256.0, 0.0, -224.0) (total chunks: 353)
[23:17:45] TERRAIN: Creating chunk: (-7.0, 8.0) at distance 11.40
[23:17:45] TERRAIN: Chunk (-7.0, 8.0): TRIMESH collision created successfully (distance: 11.40, vertices: 8)
[23:17:45] TERRAIN: Chunk created successfully: (-7.0, 8.0) at world pos (-224.0, 0.0, 256.0) (total chunks: 354)
[23:17:45] TERRAIN: Creating chunk: (-7.0, -8.0) at distance 9.90
[23:17:45] TERRAIN: Chunk (-7.0, -8.0): TRIMESH collision created successfully (distance: 9.90, vertices: 8)
[23:17:45] TERRAIN: Chunk created successfully: (-7.0, -8.0) at world pos (-224.0, 0.0, -256.0) (total chunks: 355)
[23:17:45] TERRAIN: Creating chunk: (7.0, -8.0) at distance 9.90
[23:17:45] TERRAIN: Chunk (7.0, -8.0): TRIMESH collision created successfully (distance: 9.90, vertices: 8)
[23:17:45] TERRAIN: Chunk created successfully: (7.0, -8.0) at world pos (224.0, 0.0, -256.0) (total chunks: 356)
[23:17:45] TERRAIN: Creating chunk: (8.0, 7.0) at distance 11.31
[23:17:45] TERRAIN: Chunk (8.0, 7.0): TRIMESH collision created successfully (distance: 11.31, vertices: 8)
[23:17:45] TERRAIN: Chunk created successfully: (8.0, 7.0) at world pos (256.0, 0.0, 224.0) (total chunks: 357)
[23:17:45] TERRAIN: Creating chunk: (10.0, -4.0) at distance 10.44
[23:17:45] TERRAIN: Chunk (10.0, -4.0): TRIMESH collision created successfully (distance: 10.44, vertices: 8)
[23:17:45] TERRAIN: Chunk created successfully: (10.0, -4.0) at world pos (320.0, 0.0, -128.0) (total chunks: 358)
[23:17:45] TERRAIN: Creating chunk: (-10.0, 4.0) at distance 11.18
[23:17:45] TERRAIN: Chunk (-10.0, 4.0): TRIMESH collision created successfully (distance: 11.18, vertices: 8)
[23:17:45] TERRAIN: Chunk created successfully: (-10.0, 4.0) at world pos (-320.0, 0.0, 128.0) (total chunks: 359)
[23:17:45] TERRAIN: Creating chunk: (10.0, 4.0) at distance 11.18
[23:17:45] TERRAIN: Chunk (10.0, 4.0): TRIMESH collision created successfully (distance: 11.18, vertices: 8)
[23:17:45] TERRAIN: Chunk created successfully: (10.0, 4.0) at world pos (320.0, 0.0, 128.0) (total chunks: 360)
[23:17:45] TERRAIN: Creating chunk: (4.0, 10.0) at distance 11.70
[23:17:45] TERRAIN: Chunk (4.0, 10.0): TRIMESH collision created successfully (distance: 11.70, vertices: 8)
[23:17:45] TERRAIN: Chunk created successfully: (4.0, 10.0) at world pos (128.0, 0.0, 320.0) (total chunks: 361)
[23:17:45] TERRAIN: Creating chunk: (-4.0, -10.0) at distance 9.85
[23:17:45] TERRAIN: Chunk (-4.0, -10.0): TRIMESH collision created successfully (distance: 9.85, vertices: 8)
[23:17:45] TERRAIN: Chunk created successfully: (-4.0, -10.0) at world pos (-128.0, 0.0, -320.0) (total chunks: 362)
[23:17:45] TERRAIN: Creating chunk: (-4.0, 10.0) at distance 11.70
[23:17:45] TERRAIN: Chunk (-4.0, 10.0): TRIMESH collision created successfully (distance: 11.70, vertices: 8)
[23:17:45] TERRAIN: Chunk created successfully: (-4.0, 10.0) at world pos (-128.0, 0.0, 320.0) (total chunks: 363)
[23:17:45] TERRAIN: Creating chunk: (-10.0, -4.0) at distance 10.44
[23:17:45] TERRAIN: Chunk (-10.0, -4.0): TRIMESH collision created successfully (distance: 10.44, vertices: 8)
[23:17:45] TERRAIN: Chunk created successfully: (-10.0, -4.0) at world pos (-320.0, 0.0, -128.0) (total chunks: 364)
[23:17:45] TERRAIN: Creating chunk: (4.0, -10.0) at distance 9.85
[23:17:45] TERRAIN: Chunk (4.0, -10.0): TRIMESH collision created successfully (distance: 9.85, vertices: 8)
[23:17:45] TERRAIN: Chunk created successfully: (4.0, -10.0) at world pos (128.0, 0.0, -320.0) (total chunks: 365)
[23:17:45] TERRAIN: Creating chunk: (-9.0, 6.0) at distance 11.40
[23:17:45] TERRAIN: Chunk (-9.0, 6.0): TRIMESH collision created successfully (distance: 11.40, vertices: 8)
[23:17:45] TERRAIN: Chunk created successfully: (-9.0, 6.0) at world pos (-288.0, 0.0, 192.0) (total chunks: 366)
[23:17:45] TERRAIN: Creating chunk: (-9.0, -6.0) at distance 10.30
[23:17:45] TERRAIN: Chunk (-9.0, -6.0): TRIMESH collision created successfully (distance: 10.30, vertices: 8)
[23:17:45] TERRAIN: Chunk created successfully: (-9.0, -6.0) at world pos (-288.0, 0.0, -192.0) (total chunks: 367)
[23:17:45] TERRAIN: Creating chunk: (-6.0, 9.0) at distance 11.66
[23:17:45] TERRAIN: Chunk (-6.0, 9.0): TRIMESH collision created successfully (distance: 11.66, vertices: 8)
[23:17:45] TERRAIN: Chunk created successfully: (-6.0, 9.0) at world pos (-192.0, 0.0, 288.0) (total chunks: 368)
[23:17:45] TERRAIN: Creating chunk: (9.0, -6.0) at distance 10.30
[23:17:45] TERRAIN: Chunk (9.0, -6.0): TRIMESH collision created successfully (distance: 10.30, vertices: 8)
[23:17:45] TERRAIN: Chunk created successfully: (9.0, -6.0) at world pos (288.0, 0.0, -192.0) (total chunks: 369)
[23:17:45] TERRAIN: Creating chunk: (9.0, 6.0) at distance 11.40
[23:17:45] TERRAIN: Chunk (9.0, 6.0): TRIMESH collision created successfully (distance: 11.40, vertices: 8)
[23:17:45] TERRAIN: Chunk created successfully: (9.0, 6.0) at world pos (288.0, 0.0, 192.0) (total chunks: 370)
[23:17:45] TERRAIN: Creating chunk: (6.0, 9.0) at distance 11.66
[23:17:45] TERRAIN: Chunk (6.0, 9.0): TRIMESH collision created successfully (distance: 11.66, vertices: 8)
[23:17:45] TERRAIN: Chunk created successfully: (6.0, 9.0) at world pos (192.0, 0.0, 288.0) (total chunks: 371)
[23:17:45] TERRAIN: Creating chunk: (6.0, -9.0) at distance 10.00
[23:17:45] TERRAIN: Chunk (6.0, -9.0): TRIMESH collision created successfully (distance: 10.00, vertices: 8)
[23:17:45] TERRAIN: Chunk created successfully: (6.0, -9.0) at world pos (192.0, 0.0, -288.0) (total chunks: 372)
[23:17:45] TERRAIN: Creating chunk: (-6.0, -9.0) at distance 10.00
[23:17:45] TERRAIN: Chunk (-6.0, -9.0): TRIMESH collision created successfully (distance: 10.00, vertices: 8)
[23:17:45] TERRAIN: Chunk created successfully: (-6.0, -9.0) at world pos (-192.0, 0.0, -288.0) (total chunks: 373)
[23:17:45] TERRAIN: Creating chunk: (11.0, 0.0) at distance 11.05
[23:17:45] TERRAIN: Chunk (11.0, 0.0): TRIMESH collision created successfully (distance: 11.05, vertices: 8)
[23:17:45] TERRAIN: Chunk created successfully: (11.0, 0.0) at world pos (352.0, 0.0, 0.0) (total chunks: 374)
[23:17:45] TERRAIN: Creating chunk: (-11.0, 0.0) at distance 11.05
[23:17:45] TERRAIN: Chunk (-11.0, 0.0): TRIMESH collision created successfully (distance: 11.05, vertices: 8)
[23:17:45] TERRAIN: Chunk created successfully: (-11.0, 0.0) at world pos (-352.0, 0.0, 0.0) (total chunks: 375)
[23:17:45] TERRAIN: Creating chunk: (0.0, 11.0) at distance 12.00
[23:17:45] TERRAIN: Chunk (0.0, 11.0): TRIMESH collision created successfully (distance: 12.00, vertices: 8)
[23:17:45] TERRAIN: Chunk created successfully: (0.0, 11.0) at world pos (0.0, 0.0, 352.0) (total chunks: 376)
[23:17:45] TERRAIN: Creating chunk: (0.0, -11.0) at distance 10.00
[23:17:45] TERRAIN: Chunk (0.0, -11.0): TRIMESH collision created successfully (distance: 10.00, vertices: 8)
[23:17:45] TERRAIN: Chunk created successfully: (0.0, -11.0) at world pos (0.0, 0.0, -352.0) (total chunks: 377)
[23:17:45] TERRAIN: Creating chunk: (1.0, -11.0) at distance 10.05
[23:17:45] TERRAIN: Chunk (1.0, -11.0): TRIMESH collision created successfully (distance: 10.05, vertices: 8)
[23:17:45] TERRAIN: Chunk created successfully: (1.0, -11.0) at world pos (32.0, 0.0, -352.0) (total chunks: 378)
[23:17:45] TERRAIN: Creating chunk: (-1.0, 11.0) at distance 12.04
[23:17:45] TERRAIN: Chunk (-1.0, 11.0): TRIMESH collision created successfully (distance: 12.04, vertices: 8)
[23:17:45] TERRAIN: Chunk created successfully: (-1.0, 11.0) at world pos (-32.0, 0.0, 352.0) (total chunks: 379)
[23:17:45] TERRAIN: Creating chunk: (1.0, 11.0) at distance 12.04
[23:17:45] TERRAIN: Chunk (1.0, 11.0): TRIMESH collision created successfully (distance: 12.04, vertices: 8)
[23:17:45] TERRAIN: Chunk created successfully: (1.0, 11.0) at world pos (32.0, 0.0, 352.0) (total chunks: 380)
[23:17:45] TERRAIN: Creating chunk: (-11.0, -1.0) at distance 11.00
[23:17:45] TERRAIN: Chunk (-11.0, -1.0): TRIMESH collision created successfully (distance: 11.00, vertices: 8)
[23:17:45] TERRAIN: Chunk created successfully: (-11.0, -1.0) at world pos (-352.0, 0.0, -32.0) (total chunks: 381)
[23:17:45] TERRAIN: Creating chunk: (11.0, -1.0) at distance 11.00
[23:17:45] TERRAIN: Chunk (11.0, -1.0): TRIMESH collision created successfully (distance: 11.00, vertices: 8)
[23:17:45] TERRAIN: Chunk created successfully: (11.0, -1.0) at world pos (352.0, 0.0, -32.0) (total chunks: 382)
[23:17:45] TERRAIN: Creating chunk: (-1.0, -11.0) at distance 10.05
[23:17:45] TERRAIN: Chunk (-1.0, -11.0): TRIMESH collision created successfully (distance: 10.05, vertices: 8)
[23:17:45] TERRAIN: Chunk created successfully: (-1.0, -11.0) at world pos (-32.0, 0.0, -352.0) (total chunks: 383)
[23:17:45] TERRAIN: Creating chunk: (-11.0, 1.0) at distance 11.18
[23:17:45] TERRAIN: Chunk (-11.0, 1.0): TRIMESH collision created successfully (distance: 11.18, vertices: 8)
[23:17:45] TERRAIN: Chunk created successfully: (-11.0, 1.0) at world pos (-352.0, 0.0, 32.0) (total chunks: 384)
[23:17:45] TERRAIN: Creating chunk: (11.0, 1.0) at distance 11.18
[23:17:45] TERRAIN: Chunk (11.0, 1.0): TRIMESH collision created successfully (distance: 11.18, vertices: 8)
[23:17:45] TERRAIN: Chunk created successfully: (11.0, 1.0) at world pos (352.0, 0.0, 32.0) (total chunks: 385)
[23:17:45] TERRAIN: Creating chunk: (2.0, -11.0) at distance 10.20
[23:17:45] TERRAIN: Chunk (2.0, -11.0): TRIMESH collision created successfully (distance: 10.20, vertices: 8)
[23:17:45] TERRAIN: Chunk created successfully: (2.0, -11.0) at world pos (64.0, 0.0, -352.0) (total chunks: 386)
[23:17:45] TERRAIN: Creating chunk: (11.0, -2.0) at distance 11.05
[23:17:45] TERRAIN: Chunk (11.0, -2.0): TRIMESH collision created successfully (distance: 11.05, vertices: 8)
[23:17:45] TERRAIN: Chunk created successfully: (11.0, -2.0) at world pos (352.0, 0.0, -64.0) (total chunks: 387)
[23:17:45] TERRAIN: Creating chunk: (10.0, -5.0) at distance 10.77
[23:17:45] TERRAIN: Chunk (10.0, -5.0): TRIMESH collision created successfully (distance: 10.77, vertices: 8)
[23:17:45] TERRAIN: Chunk created successfully: (10.0, -5.0) at world pos (320.0, 0.0, -160.0) (total chunks: 388)
[23:17:45] TERRAIN: Creating chunk: (-5.0, -10.0) at distance 10.30
[23:17:45] TERRAIN: Chunk (-5.0, -10.0): TRIMESH collision created successfully (distance: 10.30, vertices: 8)
[23:17:45] TERRAIN: Chunk created successfully: (-5.0, -10.0) at world pos (-160.0, 0.0, -320.0) (total chunks: 389)
[23:17:45] TERRAIN: Creating chunk: (2.0, 11.0) at distance 12.17
[23:17:45] TERRAIN: Chunk (2.0, 11.0): TRIMESH collision created successfully (distance: 12.17, vertices: 8)
[23:17:45] TERRAIN: Chunk created successfully: (2.0, 11.0) at world pos (64.0, 0.0, 352.0) (total chunks: 390)
[23:17:45] TERRAIN: Creating chunk: (5.0, 10.0) at distance 12.08
[23:17:45] TERRAIN: Chunk (5.0, 10.0): TRIMESH collision created successfully (distance: 12.08, vertices: 8)
[23:17:45] TERRAIN: Chunk created successfully: (5.0, 10.0) at world pos (160.0, 0.0, 320.0) (total chunks: 391)
[23:17:45] TERRAIN: Creating chunk: (-5.0, 10.0) at distance 12.08
[23:17:45] TERRAIN: Chunk (-5.0, 10.0): TRIMESH collision created successfully (distance: 12.08, vertices: 8)
[23:17:45] TERRAIN: Chunk created successfully: (-5.0, 10.0) at world pos (-160.0, 0.0, 320.0) (total chunks: 392)
[23:17:45] TERRAIN: Creating chunk: (5.0, -10.0) at distance 10.30
[23:17:46] TERRAIN: Chunk (5.0, -10.0): TRIMESH collision created successfully (distance: 10.30, vertices: 8)
[23:17:46] TERRAIN: Chunk created successfully: (5.0, -10.0) at world pos (160.0, 0.0, -320.0) (total chunks: 393)
[23:17:46] TERRAIN: Creating chunk: (11.0, 2.0) at distance 11.40
[23:17:46] TERRAIN: Chunk (11.0, 2.0): TRIMESH collision created successfully (distance: 11.40, vertices: 8)
[23:17:46] TERRAIN: Chunk created successfully: (11.0, 2.0) at world pos (352.0, 0.0, 64.0) (total chunks: 394)
[23:17:46] TERRAIN: Creating chunk: (-10.0, 5.0) at distance 11.66
[23:17:46] TERRAIN: Chunk (-10.0, 5.0): TRIMESH collision created successfully (distance: 11.66, vertices: 8)
[23:17:46] TERRAIN: Chunk created successfully: (-10.0, 5.0) at world pos (-320.0, 0.0, 160.0) (total chunks: 395)
[23:17:46] TERRAIN: Creating chunk: (-11.0, -2.0) at distance 11.05
[23:17:46] TERRAIN: Chunk (-11.0, -2.0): TRIMESH collision created successfully (distance: 11.05, vertices: 8)
[23:17:46] TERRAIN: Chunk created successfully: (-11.0, -2.0) at world pos (-352.0, 0.0, -64.0) (total chunks: 396)
[23:17:46] TERRAIN: Creating chunk: (-11.0, 2.0) at distance 11.40
[23:17:46] TERRAIN: Chunk (-11.0, 2.0): TRIMESH collision created successfully (distance: 11.40, vertices: 8)
[23:17:46] TERRAIN: Chunk created successfully: (-11.0, 2.0) at world pos (-352.0, 0.0, 64.0) (total chunks: 397)
[23:17:46] TERRAIN: Creating chunk: (-2.0, 11.0) at distance 12.17
[23:17:46] TERRAIN: Chunk (-2.0, 11.0): TRIMESH collision created successfully (distance: 12.17, vertices: 8)
[23:17:46] TERRAIN: Chunk created successfully: (-2.0, 11.0) at world pos (-64.0, 0.0, 352.0) (total chunks: 398)
[23:17:46] TERRAIN: Creating chunk: (-10.0, -5.0) at distance 10.77
[23:17:46] TERRAIN: Chunk (-10.0, -5.0): TRIMESH collision created successfully (distance: 10.77, vertices: 8)
[23:17:46] TERRAIN: Chunk created successfully: (-10.0, -5.0) at world pos (-320.0, 0.0, -160.0) (total chunks: 399)
[23:17:46] TERRAIN: Creating chunk: (10.0, 5.0) at distance 11.66
[23:17:46] TERRAIN: Chunk (10.0, 5.0): TRIMESH collision created successfully (distance: 11.66, vertices: 8)
[23:17:46] TERRAIN: Chunk created successfully: (10.0, 5.0) at world pos (320.0, 0.0, 160.0) (total chunks: 400)
[23:17:46] TERRAIN: Creating chunk: (-2.0, -11.0) at distance 10.20
[23:17:46] TERRAIN: Chunk (-2.0, -11.0): TRIMESH collision created successfully (distance: 10.20, vertices: 8)
[23:17:46] TERRAIN: Chunk created successfully: (-2.0, -11.0) at world pos (-64.0, 0.0, -352.0) (total chunks: 401)
[23:17:46] TERRAIN: Creating chunk: (8.0, -8.0) at distance 10.63
[23:17:46] TERRAIN: Chunk (8.0, -8.0): TRIMESH collision created successfully (distance: 10.63, vertices: 8)
[23:17:46] TERRAIN: Chunk created successfully: (8.0, -8.0) at world pos (256.0, 0.0, -256.0) (total chunks: 402)
[23:17:46] TERRAIN: Creating chunk: (8.0, 8.0) at distance 12.04
[23:17:46] TERRAIN: Chunk (8.0, 8.0): TRIMESH collision created successfully (distance: 12.04, vertices: 8)
[23:17:46] TERRAIN: Chunk created successfully: (8.0, 8.0) at world pos (256.0, 0.0, 256.0) (total chunks: 403)
[23:17:46] TERRAIN: Creating chunk: (-8.0, 8.0) at distance 12.04
[23:17:46] TERRAIN: Chunk (-8.0, 8.0): TRIMESH collision created successfully (distance: 12.04, vertices: 8)
[23:17:46] TERRAIN: Chunk created successfully: (-8.0, 8.0) at world pos (-256.0, 0.0, 256.0) (total chunks: 404)
[23:17:46] TERRAIN: Creating chunk: (-8.0, -8.0) at distance 10.63
[23:17:46] TERRAIN: Chunk (-8.0, -8.0): TRIMESH collision created successfully (distance: 10.63, vertices: 8)
[23:17:46] TERRAIN: Chunk created successfully: (-8.0, -8.0) at world pos (-256.0, 0.0, -256.0) (total chunks: 405)
[23:17:46] TERRAIN: Creating chunk: (7.0, -9.0) at distance 10.63
[23:17:46] TERRAIN: Chunk (7.0, -9.0): TRIMESH collision created successfully (distance: 10.63, vertices: 8)
[23:17:46] TERRAIN: Chunk created successfully: (7.0, -9.0) at world pos (224.0, 0.0, -288.0) (total chunks: 406)
[23:17:46] TERRAIN: Creating chunk: (-7.0, 9.0) at distance 12.21
[23:17:46] TERRAIN: Chunk (-7.0, 9.0): TRIMESH collision created successfully (distance: 12.21, vertices: 8)
[23:17:46] TERRAIN: Chunk created successfully: (-7.0, 9.0) at world pos (-224.0, 0.0, 288.0) (total chunks: 407)
[23:17:46] TERRAIN: Creating chunk: (9.0, -7.0) at distance 10.82
[23:17:46] TERRAIN: Chunk (9.0, -7.0): TRIMESH collision created successfully (distance: 10.82, vertices: 8)
[23:17:46] TERRAIN: Chunk created successfully: (9.0, -7.0) at world pos (288.0, 0.0, -224.0) (total chunks: 408)
[23:17:46] TERRAIN: Creating chunk: (-7.0, -9.0) at distance 10.63
[23:17:46] TERRAIN: Chunk (-7.0, -9.0): TRIMESH collision created successfully (distance: 10.63, vertices: 8)
[23:17:46] TERRAIN: Chunk created successfully: (-7.0, -9.0) at world pos (-224.0, 0.0, -288.0) (total chunks: 409)
[23:17:46] TERRAIN: Creating chunk: (3.0, 11.0) at distance 12.37
[23:17:46] TERRAIN: Chunk (3.0, 11.0): TRIMESH collision created successfully (distance: 12.37, vertices: 8)
[23:17:46] TERRAIN: Chunk created successfully: (3.0, 11.0) at world pos (96.0, 0.0, 352.0) (total chunks: 410)
[23:17:46] TERRAIN: Creating chunk: (9.0, 7.0) at distance 12.04
[23:17:46] TERRAIN: Chunk (9.0, 7.0): TRIMESH collision created successfully (distance: 12.04, vertices: 8)
[23:17:46] TERRAIN: Chunk created successfully: (9.0, 7.0) at world pos (288.0, 0.0, 224.0) (total chunks: 411)
[23:17:46] TERRAIN: Creating chunk: (11.0, 3.0) at distance 11.70
[23:17:46] TERRAIN: Chunk (11.0, 3.0): TRIMESH collision created successfully (distance: 11.70, vertices: 8)
[23:17:46] TERRAIN: Chunk created successfully: (11.0, 3.0) at world pos (352.0, 0.0, 96.0) (total chunks: 412)
[23:17:46] TERRAIN: Creating chunk: (3.0, -11.0) at distance 10.44
[23:17:46] TERRAIN: Chunk (3.0, -11.0): TRIMESH collision created successfully (distance: 10.44, vertices: 8)
[23:17:46] TERRAIN: Chunk created successfully: (3.0, -11.0) at world pos (96.0, 0.0, -352.0) (total chunks: 413)
[23:17:46] TERRAIN: Creating chunk: (-3.0, 11.0) at distance 12.37
[23:17:46] TERRAIN: Chunk (-3.0, 11.0): TRIMESH collision created successfully (distance: 12.37, vertices: 8)
[23:17:46] TERRAIN: Chunk created successfully: (-3.0, 11.0) at world pos (-96.0, 0.0, 352.0) (total chunks: 414)
[23:17:46] TERRAIN: Creating chunk: (-9.0, 7.0) at distance 12.04
[23:17:46] TERRAIN: Chunk (-9.0, 7.0): TRIMESH collision created successfully (distance: 12.04, vertices: 8)
[23:17:46] TERRAIN: Chunk created successfully: (-9.0, 7.0) at world pos (-288.0, 0.0, 224.0) (total chunks: 415)
[23:17:46] TERRAIN: Creating chunk: (-11.0, -3.0) at distance 11.18
[23:17:46] TERRAIN: Chunk (-11.0, -3.0): TRIMESH collision created successfully (distance: 11.18, vertices: 8)
[23:17:46] TERRAIN: Chunk created successfully: (-11.0, -3.0) at world pos (-352.0, 0.0, -96.0) (total chunks: 416)
[23:17:46] TERRAIN: Creating chunk: (-11.0, 3.0) at distance 11.70
[23:17:46] TERRAIN: Chunk (-11.0, 3.0): TRIMESH collision created successfully (distance: 11.70, vertices: 8)
[23:17:46] TERRAIN: Chunk created successfully: (-11.0, 3.0) at world pos (-352.0, 0.0, 96.0) (total chunks: 417)
[23:17:46] TERRAIN: Creating chunk: (11.0, -3.0) at distance 11.18
[23:17:46] TERRAIN: Chunk (11.0, -3.0): TRIMESH collision created successfully (distance: 11.18, vertices: 8)
[23:17:46] TERRAIN: Chunk created successfully: (11.0, -3.0) at world pos (352.0, 0.0, -96.0) (total chunks: 418)
[23:17:46] TERRAIN: Creating chunk: (-9.0, -7.0) at distance 10.82
[23:17:46] TERRAIN: Chunk (-9.0, -7.0): TRIMESH collision created successfully (distance: 10.82, vertices: 8)
[23:17:46] TERRAIN: Chunk created successfully: (-9.0, -7.0) at world pos (-288.0, 0.0, -224.0) (total chunks: 419)
[23:17:46] TERRAIN: Creating chunk: (7.0, 9.0) at distance 12.21
[23:17:46] TERRAIN: Chunk (7.0, 9.0): TRIMESH collision created successfully (distance: 12.21, vertices: 8)
[23:17:46] TERRAIN: Chunk created successfully: (7.0, 9.0) at world pos (224.0, 0.0, 288.0) (total chunks: 420)
[23:17:46] TERRAIN: Creating chunk: (-3.0, -11.0) at distance 10.44
[23:17:46] TERRAIN: Chunk (-3.0, -11.0): TRIMESH collision created successfully (distance: 10.44, vertices: 8)
[23:17:46] TERRAIN: Chunk created successfully: (-3.0, -11.0) at world pos (-96.0, 0.0, -352.0) (total chunks: 421)
[23:17:46] TERRAIN: Creating chunk: (6.0, -10.0) at distance 10.82
[23:17:46] TERRAIN: Chunk (6.0, -10.0): TRIMESH collision created successfully (distance: 10.82, vertices: 8)
[23:17:46] TERRAIN: Chunk created successfully: (6.0, -10.0) at world pos (192.0, 0.0, -320.0) (total chunks: 422)
[23:17:46] TERRAIN: Creating chunk: (-6.0, -10.0) at distance 10.82
[23:17:46] TERRAIN: Chunk (-6.0, -10.0): TRIMESH collision created successfully (distance: 10.82, vertices: 8)
[23:17:46] TERRAIN: Chunk created successfully: (-6.0, -10.0) at world pos (-192.0, 0.0, -320.0) (total chunks: 423)
[23:17:46] TERRAIN: Creating chunk: (-10.0, -6.0) at distance 11.18
[23:17:46] TERRAIN: Chunk (-10.0, -6.0): TRIMESH collision created successfully (distance: 11.18, vertices: 8)
[23:17:46] TERRAIN: Chunk created successfully: (-10.0, -6.0) at world pos (-320.0, 0.0, -192.0) (total chunks: 424)
[23:17:46] TERRAIN: Creating chunk: (-10.0, 6.0) at distance 12.21
[23:17:46] TERRAIN: Chunk (-10.0, 6.0): TRIMESH collision created successfully (distance: 12.21, vertices: 8)
[23:17:46] TERRAIN: Chunk created successfully: (-10.0, 6.0) at world pos (-320.0, 0.0, 192.0) (total chunks: 425)
[23:17:46] TERRAIN: Creating chunk: (6.0, 10.0) at distance 12.53
[23:17:46] TERRAIN: Chunk (6.0, 10.0): TRIMESH collision created successfully (distance: 12.53, vertices: 8)
[23:17:46] TERRAIN: Chunk created successfully: (6.0, 10.0) at world pos (192.0, 0.0, 320.0) (total chunks: 426)
[23:17:46] TERRAIN: Creating chunk: (-6.0, 10.0) at distance 12.53
[23:17:46] TERRAIN: Chunk (-6.0, 10.0): TRIMESH collision created successfully (distance: 12.53, vertices: 8)
[23:17:46] TERRAIN: Chunk created successfully: (-6.0, 10.0) at world pos (-192.0, 0.0, 320.0) (total chunks: 427)
[23:17:46] TERRAIN: Creating chunk: (10.0, 6.0) at distance 12.21
[23:17:46] TERRAIN: Chunk (10.0, 6.0): TRIMESH collision created successfully (distance: 12.21, vertices: 8)
[23:17:46] TERRAIN: Chunk created successfully: (10.0, 6.0) at world pos (320.0, 0.0, 192.0) (total chunks: 428)
[23:17:46] TERRAIN: Creating chunk: (10.0, -6.0) at distance 11.18
[23:17:46] TERRAIN: Chunk (10.0, -6.0): TRIMESH collision created successfully (distance: 11.18, vertices: 8)
[23:17:46] TERRAIN: Chunk created successfully: (10.0, -6.0) at world pos (320.0, 0.0, -192.0) (total chunks: 429)
[23:17:46] TERRAIN: Creating chunk: (11.0, 4.0) at distance 12.08
[23:17:46] TERRAIN: Chunk (11.0, 4.0): TRIMESH collision created successfully (distance: 12.08, vertices: 8)
[23:17:46] TERRAIN: Chunk created successfully: (11.0, 4.0) at world pos (352.0, 0.0, 128.0) (total chunks: 430)
[23:17:46] TERRAIN: Creating chunk: (11.0, -4.0) at distance 11.40
[23:17:46] TERRAIN: Chunk (11.0, -4.0): TRIMESH collision created successfully (distance: 11.40, vertices: 8)
[23:17:46] TERRAIN: Chunk created successfully: (11.0, -4.0) at world pos (352.0, 0.0, -128.0) (total chunks: 431)
[23:17:46] TERRAIN: Creating chunk: (-4.0, -11.0) at distance 10.77
[23:17:46] TERRAIN: Chunk (-4.0, -11.0): TRIMESH collision created successfully (distance: 10.77, vertices: 8)
[23:17:46] TERRAIN: Chunk created successfully: (-4.0, -11.0) at world pos (-128.0, 0.0, -352.0) (total chunks: 432)
[23:17:46] TERRAIN: Creating chunk: (4.0, -11.0) at distance 10.77
[23:17:46] TERRAIN: Chunk (4.0, -11.0): TRIMESH collision created successfully (distance: 10.77, vertices: 8)
[23:17:46] TERRAIN: Chunk created successfully: (4.0, -11.0) at world pos (128.0, 0.0, -352.0) (total chunks: 433)
[23:17:46] TERRAIN: Creating chunk: (-4.0, 11.0) at distance 12.65
[23:17:46] TERRAIN: Chunk (-4.0, 11.0): TRIMESH collision created successfully (distance: 12.65, vertices: 8)
[23:17:46] TERRAIN: Chunk created successfully: (-4.0, 11.0) at world pos (-128.0, 0.0, 352.0) (total chunks: 434)
[23:17:46] TERRAIN: Creating chunk: (4.0, 11.0) at distance 12.65
[23:17:46] TERRAIN: Chunk (4.0, 11.0): TRIMESH collision created successfully (distance: 12.65, vertices: 8)
[23:17:46] TERRAIN: Chunk created successfully: (4.0, 11.0) at world pos (128.0, 0.0, 352.0) (total chunks: 435)
[23:17:46] TERRAIN: Creating chunk: (-11.0, 4.0) at distance 12.08
[23:17:46] TERRAIN: Chunk (-11.0, 4.0): TRIMESH collision created successfully (distance: 12.08, vertices: 8)
[23:17:46] TERRAIN: Chunk created successfully: (-11.0, 4.0) at world pos (-352.0, 0.0, 128.0) (total chunks: 436)
[23:17:46] TERRAIN: Creating chunk: (-11.0, -4.0) at distance 11.40
[23:17:46] TERRAIN: Chunk (-11.0, -4.0): TRIMESH collision created successfully (distance: 11.40, vertices: 8)
[23:17:46] TERRAIN: Chunk created successfully: (-11.0, -4.0) at world pos (-352.0, 0.0, -128.0) (total chunks: 437)
[23:17:46] TERRAIN: Creating chunk: (12.0, 0.0) at distance 12.04
[23:17:46] TERRAIN: Chunk (12.0, 0.0): TRIMESH collision created successfully (distance: 12.04, vertices: 8)
[23:17:46] TERRAIN: Chunk created successfully: (12.0, 0.0) at world pos (384.0, 0.0, 0.0) (total chunks: 438)
[23:17:46] TERRAIN: Creating chunk: (0.0, -12.0) at distance 11.00
[23:17:46] TERRAIN: Chunk (0.0, -12.0): TRIMESH collision created successfully (distance: 11.00, vertices: 8)
[23:17:46] TERRAIN: Chunk created successfully: (0.0, -12.0) at world pos (0.0, 0.0, -384.0) (total chunks: 439)
[23:17:46] TERRAIN: Creating chunk: (-12.0, 0.0) at distance 12.04
[23:17:46] TERRAIN: Chunk (-12.0, 0.0): TRIMESH collision created successfully (distance: 12.04, vertices: 8)
[23:17:46] TERRAIN: Chunk created successfully: (-12.0, 0.0) at world pos (-384.0, 0.0, 0.0) (total chunks: 440)
[23:17:46] TERRAIN: Creating chunk: (0.0, 12.0) at distance 13.00
[23:17:46] TERRAIN: Chunk (0.0, 12.0): TRIMESH collision created successfully (distance: 13.00, vertices: 8)
[23:17:46] TERRAIN: Chunk created successfully: (0.0, 12.0) at world pos (0.0, 0.0, 384.0) (total chunks: 441)
[23:17:46] TERRAIN: Creating chunk: (8.0, -9.0) at distance 11.31
[23:17:46] TERRAIN: Chunk (8.0, -9.0): TRIMESH collision created successfully (distance: 11.31, vertices: 8)
[23:17:46] TERRAIN: Chunk created successfully: (8.0, -9.0) at world pos (256.0, 0.0, -288.0) (total chunks: 442)
[23:17:46] TERRAIN: Creating chunk: (8.0, 9.0) at distance 12.81
[23:17:46] TERRAIN: Chunk (8.0, 9.0): TRIMESH collision created successfully (distance: 12.81, vertices: 8)
[23:17:46] TERRAIN: Chunk created successfully: (8.0, 9.0) at world pos (256.0, 0.0, 288.0) (total chunks: 443)
[23:17:46] TERRAIN: Creating chunk: (-8.0, 9.0) at distance 12.81
[23:17:46] TERRAIN: Chunk (-8.0, 9.0): TRIMESH collision created successfully (distance: 12.81, vertices: 8)
[23:17:46] TERRAIN: Chunk created successfully: (-8.0, 9.0) at world pos (-256.0, 0.0, 288.0) (total chunks: 444)
[23:17:46] TERRAIN: Creating chunk: (9.0, -8.0) at distance 11.40
[23:17:46] TERRAIN: Chunk (9.0, -8.0): TRIMESH collision created successfully (distance: 11.40, vertices: 8)
[23:17:46] TERRAIN: Chunk created successfully: (9.0, -8.0) at world pos (288.0, 0.0, -256.0) (total chunks: 445)
[23:17:46] TERRAIN: Creating chunk: (12.0, 1.0) at distance 12.17
[23:17:46] TERRAIN: Chunk (12.0, 1.0): TRIMESH collision created successfully (distance: 12.17, vertices: 8)
[23:17:46] TERRAIN: Chunk created successfully: (12.0, 1.0) at world pos (384.0, 0.0, 32.0) (total chunks: 446)
[23:17:46] TERRAIN: Creating chunk: (-1.0, 12.0) at distance 13.04
[23:17:46] TERRAIN: Chunk (-1.0, 12.0): TRIMESH collision created successfully (distance: 13.04, vertices: 8)
[23:17:46] TERRAIN: Chunk created successfully: (-1.0, 12.0) at world pos (-32.0, 0.0, 384.0) (total chunks: 447)
[23:17:46] TERRAIN: Creating chunk: (1.0, 12.0) at distance 13.04
[23:17:46] TERRAIN: Chunk (1.0, 12.0): TRIMESH collision created successfully (distance: 13.04, vertices: 8)
[23:17:46] TERRAIN: Chunk created successfully: (1.0, 12.0) at world pos (32.0, 0.0, 384.0) (total chunks: 448)
[23:17:46] TERRAIN: Creating chunk: (-9.0, 8.0) at distance 12.73
[23:17:46] TERRAIN: Chunk (-9.0, 8.0): TRIMESH collision created successfully (distance: 12.73, vertices: 8)
[23:17:46] TERRAIN: Chunk created successfully: (-9.0, 8.0) at world pos (-288.0, 0.0, 256.0) (total chunks: 449)
[23:17:46] TERRAIN: Creating chunk: (1.0, -12.0) at distance 11.05
[23:17:46] TERRAIN: Chunk (1.0, -12.0): TRIMESH collision created successfully (distance: 11.05, vertices: 8)
[23:17:46] TERRAIN: Chunk created successfully: (1.0, -12.0) at world pos (32.0, 0.0, -384.0) (total chunks: 450)
[23:17:46] TERRAIN: Creating chunk: (-8.0, -9.0) at distance 11.31
[23:17:46] TERRAIN: Chunk (-8.0, -9.0): TRIMESH collision created successfully (distance: 11.31, vertices: 8)
[23:17:46] TERRAIN: Chunk created successfully: (-8.0, -9.0) at world pos (-256.0, 0.0, -288.0) (total chunks: 451)
[23:17:46] TERRAIN: Creating chunk: (12.0, -1.0) at distance 12.00
[23:17:46] TERRAIN: Chunk (12.0, -1.0): TRIMESH collision created successfully (distance: 12.00, vertices: 8)
[23:17:46] TERRAIN: Chunk created successfully: (12.0, -1.0) at world pos (384.0, 0.0, -32.0) (total chunks: 452)
[23:17:46] TERRAIN: Creating chunk: (-12.0, 1.0) at distance 12.17
[23:17:46] TERRAIN: Chunk (-12.0, 1.0): TRIMESH collision created successfully (distance: 12.17, vertices: 8)
[23:17:46] TERRAIN: Chunk created successfully: (-12.0, 1.0) at world pos (-384.0, 0.0, 32.0) (total chunks: 453)
[23:17:46] TERRAIN: Creating chunk: (-9.0, -8.0) at distance 11.40
[23:17:46] TERRAIN: Chunk (-9.0, -8.0): TRIMESH collision created successfully (distance: 11.40, vertices: 8)
[23:17:46] TERRAIN: Chunk created successfully: (-9.0, -8.0) at world pos (-288.0, 0.0, -256.0) (total chunks: 454)
[23:17:46] TERRAIN: Creating chunk: (-12.0, -1.0) at distance 12.00
[23:17:46] TERRAIN: Chunk (-12.0, -1.0): TRIMESH collision created successfully (distance: 12.00, vertices: 8)
[23:17:46] TERRAIN: Chunk created successfully: (-12.0, -1.0) at world pos (-384.0, 0.0, -32.0) (total chunks: 455)
[23:17:46] TERRAIN: Creating chunk: (9.0, 8.0) at distance 12.73
[23:17:46] TERRAIN: Chunk (9.0, 8.0): TRIMESH collision created successfully (distance: 12.73, vertices: 8)
[23:17:46] TERRAIN: Chunk created successfully: (9.0, 8.0) at world pos (288.0, 0.0, 256.0) (total chunks: 456)
[23:17:46] PLAYER: Pos: (6.502703, -0.001645, -0.048351) | Chunk: (0.0, -1.0) | TerrainHeight: -0.00 | HeightDiff: -0.00 | OnFloor: true
[23:17:46] TERRAIN: Creating chunk: (-1.0, -12.0) at distance 11.05
[23:17:46] TERRAIN: Chunk (-1.0, -12.0): TRIMESH collision created successfully (distance: 11.05, vertices: 8)
[23:17:46] TERRAIN: Chunk created successfully: (-1.0, -12.0) at world pos (-32.0, 0.0, -384.0) (total chunks: 457)
[23:17:46] TERRAIN: Creating chunk: (5.0, -11.0) at distance 11.18
[23:17:46] TERRAIN: Chunk (5.0, -11.0): TRIMESH collision created successfully (distance: 11.18, vertices: 8)
[23:17:46] TERRAIN: Chunk created successfully: (5.0, -11.0) at world pos (160.0, 0.0, -352.0) (total chunks: 458)
[23:17:46] TERRAIN: Creating chunk: (-5.0, -11.0) at distance 11.18
[23:17:46] TERRAIN: Chunk (-5.0, -11.0): TRIMESH collision created successfully (distance: 11.18, vertices: 8)
[23:17:46] TERRAIN: Chunk created successfully: (-5.0, -11.0) at world pos (-160.0, 0.0, -352.0) (total chunks: 459)
[23:17:46] TERRAIN: Creating chunk: (-5.0, 11.0) at distance 13.00
[23:17:46] TERRAIN: Chunk (-5.0, 11.0): TRIMESH collision created successfully (distance: 13.00, vertices: 8)
[23:17:46] TERRAIN: Chunk created successfully: (-5.0, 11.0) at world pos (-160.0, 0.0, 352.0) (total chunks: 460)
[23:17:46] TERRAIN: Creating chunk: (11.0, -5.0) at distance 11.70
[23:17:46] TERRAIN: Chunk (11.0, -5.0): TRIMESH collision created successfully (distance: 11.70, vertices: 8)
[23:17:46] TERRAIN: Chunk created successfully: (11.0, -5.0) at world pos (352.0, 0.0, -160.0) (total chunks: 461)
[23:17:46] TERRAIN: Creating chunk: (11.0, 5.0) at distance 12.53
[23:17:46] TERRAIN: Chunk (11.0, 5.0): TRIMESH collision created successfully (distance: 12.53, vertices: 8)
[23:17:46] TERRAIN: Chunk created successfully: (11.0, 5.0) at world pos (352.0, 0.0, 160.0) (total chunks: 462)
[23:17:46] TERRAIN: Creating chunk: (5.0, 11.0) at distance 13.00
[23:17:46] TERRAIN: Chunk (5.0, 11.0): TRIMESH collision created successfully (distance: 13.00, vertices: 8)
[23:17:46] TERRAIN: Chunk created successfully: (5.0, 11.0) at world pos (160.0, 0.0, 352.0) (total chunks: 463)
[23:17:46] TERRAIN: Creating chunk: (-11.0, -5.0) at distance 11.70
[23:17:46] TERRAIN: Chunk (-11.0, -5.0): TRIMESH collision created successfully (distance: 11.70, vertices: 8)
[23:17:46] TERRAIN: Chunk created successfully: (-11.0, -5.0) at world pos (-352.0, 0.0, -160.0) (total chunks: 464)
[23:17:46] TERRAIN: Player moved to new chunk: (0.0, 0.0) (was (0.0, -1.0))
[23:17:46] TERRAIN: Creating chunk: (-11.0, 5.0) at distance 12.08
[23:17:46] TERRAIN: Chunk (-11.0, 5.0): TRIMESH collision created successfully (distance: 12.08, vertices: 8)
[23:17:46] TERRAIN: Chunk created successfully: (-11.0, 5.0) at world pos (-352.0, 0.0, 160.0) (total chunks: 465)
[23:17:46] TERRAIN: Creating chunk: (12.0, 2.0) at distance 12.17
[23:17:46] TERRAIN: Chunk (12.0, 2.0): TRIMESH collision created successfully (distance: 12.17, vertices: 8)
[23:17:46] TERRAIN: Chunk created successfully: (12.0, 2.0) at world pos (384.0, 0.0, 64.0) (total chunks: 466)
[23:17:46] TERRAIN: Creating chunk: (2.0, 12.0) at distance 12.17
[23:17:46] TERRAIN: Chunk (2.0, 12.0): TRIMESH collision created successfully (distance: 12.17, vertices: 8)
[23:17:46] TERRAIN: Chunk created successfully: (2.0, 12.0) at world pos (64.0, 0.0, 384.0) (total chunks: 467)
[23:17:46] TERRAIN: Creating chunk: (-2.0, 12.0) at distance 12.17
[23:17:46] TERRAIN: Chunk (-2.0, 12.0): TRIMESH collision created successfully (distance: 12.17, vertices: 8)
[23:17:46] TERRAIN: Chunk created successfully: (-2.0, 12.0) at world pos (-64.0, 0.0, 384.0) (total chunks: 468)
[23:17:46] TERRAIN: Creating chunk: (-12.0, 2.0) at distance 12.17
[23:17:46] TERRAIN: Chunk (-12.0, 2.0): TRIMESH collision created successfully (distance: 12.17, vertices: 8)
[23:17:46] TERRAIN: Chunk created successfully: (-12.0, 2.0) at world pos (-384.0, 0.0, 64.0) (total chunks: 469)
[23:17:46] TERRAIN: Creating chunk: (-12.0, -2.0) at distance 12.17
[23:17:46] TERRAIN: Chunk (-12.0, -2.0): TRIMESH collision created successfully (distance: 12.17, vertices: 8)
[23:17:46] TERRAIN: Chunk created successfully: (-12.0, -2.0) at world pos (-384.0, 0.0, -64.0) (total chunks: 470)
[23:17:46] TERRAIN: Creating chunk: (12.0, -2.0) at distance 12.17
[23:17:46] TERRAIN: Chunk (12.0, -2.0): TRIMESH collision created successfully (distance: 12.17, vertices: 8)
[23:17:46] TERRAIN: Chunk created successfully: (12.0, -2.0) at world pos (384.0, 0.0, -64.0) (total chunks: 471)
[23:17:46] TERRAIN: Creating chunk: (2.0, -12.0) at distance 12.17
[23:17:46] TERRAIN: Chunk (2.0, -12.0): TRIMESH collision created successfully (distance: 12.17, vertices: 8)
[23:17:46] TERRAIN: Chunk created successfully: (2.0, -12.0) at world pos (64.0, 0.0, -384.0) (total chunks: 472)
[23:17:46] TERRAIN: Creating chunk: (-2.0, -12.0) at distance 12.17
[23:17:46] TERRAIN: Chunk (-2.0, -12.0): TRIMESH collision created successfully (distance: 12.17, vertices: 8)
[23:17:46] TERRAIN: Chunk created successfully: (-2.0, -12.0) at world pos (-64.0, 0.0, -384.0) (total chunks: 473)
[23:17:46] TERRAIN: Creating chunk: (10.0, -7.0) at distance 12.21
[23:17:46] TERRAIN: Chunk (10.0, -7.0): TRIMESH collision created successfully (distance: 12.21, vertices: 8)
[23:17:46] TERRAIN: Chunk created successfully: (10.0, -7.0) at world pos (320.0, 0.0, -224.0) (total chunks: 474)
[23:17:46] TERRAIN: Creating chunk: (7.0, 10.0) at distance 12.21
[23:17:46] TERRAIN: Chunk (7.0, 10.0): TRIMESH collision created successfully (distance: 12.21, vertices: 8)
[23:17:46] TERRAIN: Chunk created successfully: (7.0, 10.0) at world pos (224.0, 0.0, 320.0) (total chunks: 475)
[23:17:46] TERRAIN: Creating chunk: (10.0, 7.0) at distance 12.21
[23:17:46] TERRAIN: Chunk (10.0, 7.0): TRIMESH collision created successfully (distance: 12.21, vertices: 8)
[23:17:46] TERRAIN: Chunk created successfully: (10.0, 7.0) at world pos (320.0, 0.0, 224.0) (total chunks: 476)
[23:17:46] TERRAIN: Creating chunk: (7.0, -10.0) at distance 12.21
[23:17:46] TERRAIN: Chunk (7.0, -10.0): TRIMESH collision created successfully (distance: 12.21, vertices: 8)
[23:17:46] TERRAIN: Chunk created successfully: (7.0, -10.0) at world pos (224.0, 0.0, -320.0) (total chunks: 477)
[23:17:46] TERRAIN: Creating chunk: (-7.0, -10.0) at distance 12.21
[23:17:46] TERRAIN: Chunk (-7.0, -10.0): TRIMESH collision created successfully (distance: 12.21, vertices: 8)
[23:17:46] TERRAIN: Chunk created successfully: (-7.0, -10.0) at world pos (-224.0, 0.0, -320.0) (total chunks: 478)
[23:17:46] TERRAIN: Creating chunk: (-7.0, 10.0) at distance 12.21
[23:17:46] TERRAIN: Chunk (-7.0, 10.0): TRIMESH collision created successfully (distance: 12.21, vertices: 8)
[23:17:46] TERRAIN: Chunk created successfully: (-7.0, 10.0) at world pos (-224.0, 0.0, 320.0) (total chunks: 479)
[23:17:46] TERRAIN: Creating chunk: (-10.0, 7.0) at distance 12.21
[23:17:46] TERRAIN: Chunk (-10.0, 7.0): TRIMESH collision created successfully (distance: 12.21, vertices: 8)
[23:17:46] TERRAIN: Chunk created successfully: (-10.0, 7.0) at world pos (-320.0, 0.0, 224.0) (total chunks: 480)
[23:17:46] TERRAIN: Creating chunk: (-10.0, -7.0) at distance 12.21
[23:17:46] TERRAIN: Chunk (-10.0, -7.0): TRIMESH collision created successfully (distance: 12.21, vertices: 8)
[23:17:46] TERRAIN: Chunk created successfully: (-10.0, -7.0) at world pos (-320.0, 0.0, -224.0) (total chunks: 481)
[23:17:46] TERRAIN: Creating chunk: (12.0, -3.0) at distance 12.37
[23:17:46] TERRAIN: Chunk (12.0, -3.0): TRIMESH collision created successfully (distance: 12.37, vertices: 8)
[23:17:46] TERRAIN: Chunk created successfully: (12.0, -3.0) at world pos (384.0, 0.0, -96.0) (total chunks: 482)
[23:17:46] TERRAIN: Creating chunk: (-3.0, 12.0) at distance 12.37
[23:17:46] TERRAIN: Chunk (-3.0, 12.0): TRIMESH collision created successfully (distance: 12.37, vertices: 8)
[23:17:46] TERRAIN: Chunk created successfully: (-3.0, 12.0) at world pos (-96.0, 0.0, 384.0) (total chunks: 483)
[23:17:46] TERRAIN: Creating chunk: (12.0, 3.0) at distance 12.37
[23:17:46] TERRAIN: Chunk (12.0, 3.0): TRIMESH collision created successfully (distance: 12.37, vertices: 8)
[23:17:46] TERRAIN: Chunk created successfully: (12.0, 3.0) at world pos (384.0, 0.0, 96.0) (total chunks: 484)
[23:17:46] TERRAIN: Creating chunk: (-3.0, -12.0) at distance 12.37
[23:17:46] TERRAIN: Chunk (-3.0, -12.0): TRIMESH collision created successfully (distance: 12.37, vertices: 8)
[23:17:46] TERRAIN: Chunk created successfully: (-3.0, -12.0) at world pos (-96.0, 0.0, -384.0) (total chunks: 485)
[23:17:46] TERRAIN: Creating chunk: (-12.0, 3.0) at distance 12.37
[23:17:46] TERRAIN: Chunk (-12.0, 3.0): TRIMESH collision created successfully (distance: 12.37, vertices: 8)
[23:17:46] TERRAIN: Chunk created successfully: (-12.0, 3.0) at world pos (-384.0, 0.0, 96.0) (total chunks: 486)
[23:17:46] TERRAIN: Creating chunk: (3.0, -12.0) at distance 12.37
[23:17:46] TERRAIN: Chunk (3.0, -12.0): TRIMESH collision created successfully (distance: 12.37, vertices: 8)
[23:17:46] TERRAIN: Chunk created successfully: (3.0, -12.0) at world pos (96.0, 0.0, -384.0) (total chunks: 487)
[23:17:46] TERRAIN: Creating chunk: (3.0, 12.0) at distance 12.37
[23:17:46] TERRAIN: Chunk (3.0, 12.0): TRIMESH collision created successfully (distance: 12.37, vertices: 8)
[23:17:46] TERRAIN: Chunk created successfully: (3.0, 12.0) at world pos (96.0, 0.0, 384.0) (total chunks: 488)
[23:17:46] TERRAIN: Creating chunk: (-12.0, -3.0) at distance 12.37
[23:17:46] TERRAIN: Chunk (-12.0, -3.0): TRIMESH collision created successfully (distance: 12.37, vertices: 8)
[23:17:46] TERRAIN: Chunk created successfully: (-12.0, -3.0) at world pos (-384.0, 0.0, -96.0) (total chunks: 489)
[23:17:46] TERRAIN: Creating chunk: (-11.0, 6.0) at distance 12.53
[23:17:46] TERRAIN: Chunk (-11.0, 6.0): TRIMESH collision created successfully (distance: 12.53, vertices: 8)
[23:17:46] TERRAIN: Chunk created successfully: (-11.0, 6.0) at world pos (-352.0, 0.0, 192.0) (total chunks: 490)
[23:17:46] TERRAIN: Creating chunk: (-6.0, -11.0) at distance 12.53
[23:17:46] TERRAIN: Chunk (-6.0, -11.0): TRIMESH collision created successfully (distance: 12.53, vertices: 8)
[23:17:46] TERRAIN: Chunk created successfully: (-6.0, -11.0) at world pos (-192.0, 0.0, -352.0) (total chunks: 491)
[23:17:46] TERRAIN: Creating chunk: (-11.0, -6.0) at distance 12.53
[23:17:46] TERRAIN: Chunk (-11.0, -6.0): TRIMESH collision created successfully (distance: 12.53, vertices: 8)
[23:17:46] TERRAIN: Chunk created successfully: (-11.0, -6.0) at world pos (-352.0, 0.0, -192.0) (total chunks: 492)
[23:17:46] TERRAIN: Creating chunk: (-6.0, 11.0) at distance 12.53
[23:17:46] TERRAIN: Chunk (-6.0, 11.0): TRIMESH collision created successfully (distance: 12.53, vertices: 8)
[23:17:46] TERRAIN: Chunk created successfully: (-6.0, 11.0) at world pos (-192.0, 0.0, 352.0) (total chunks: 493)
[23:17:46] TERRAIN: Creating chunk: (6.0, -11.0) at distance 12.53
[23:17:46] TERRAIN: Chunk (6.0, -11.0): TRIMESH collision created successfully (distance: 12.53, vertices: 8)
[23:17:46] TERRAIN: Chunk created successfully: (6.0, -11.0) at world pos (192.0, 0.0, -352.0) (total chunks: 494)
[23:17:46] TERRAIN: Creating chunk: (6.0, 11.0) at distance 12.53
[23:17:46] TERRAIN: Chunk (6.0, 11.0): TRIMESH collision created successfully (distance: 12.53, vertices: 8)
[23:17:46] TERRAIN: Chunk created successfully: (6.0, 11.0) at world pos (192.0, 0.0, 352.0) (total chunks: 495)
[23:17:46] TERRAIN: Creating chunk: (11.0, 6.0) at distance 12.53
[23:17:46] TERRAIN: Chunk (11.0, 6.0): TRIMESH collision created successfully (distance: 12.53, vertices: 8)
[23:17:46] TERRAIN: Chunk created successfully: (11.0, 6.0) at world pos (352.0, 0.0, 192.0) (total chunks: 496)
[23:17:46] TERRAIN: Creating chunk: (11.0, -6.0) at distance 12.53
[23:17:46] TERRAIN: Chunk (11.0, -6.0): TRIMESH collision created successfully (distance: 12.53, vertices: 8)
[23:17:46] TERRAIN: Chunk created successfully: (11.0, -6.0) at world pos (352.0, 0.0, -192.0) (total chunks: 497)
[23:17:46] TERRAIN: Creating chunk: (12.0, -4.0) at distance 12.65
[23:17:46] TERRAIN: Chunk (12.0, -4.0): TRIMESH collision created successfully (distance: 12.65, vertices: 8)
[23:17:46] TERRAIN: Chunk created successfully: (12.0, -4.0) at world pos (384.0, 0.0, -128.0) (total chunks: 498)
[23:17:46] TERRAIN: Creating chunk: (4.0, 12.0) at distance 12.65
[23:17:46] TERRAIN: Chunk (4.0, 12.0): TRIMESH collision created successfully (distance: 12.65, vertices: 8)
[23:17:46] TERRAIN: Chunk created successfully: (4.0, 12.0) at world pos (128.0, 0.0, 384.0) (total chunks: 499)
[23:17:46] TERRAIN: Creating chunk: (-12.0, 4.0) at distance 12.65
[23:17:46] TERRAIN: Chunk (-12.0, 4.0): TRIMESH collision created successfully (distance: 12.65, vertices: 8)
[23:17:46] TERRAIN: Chunk created successfully: (-12.0, 4.0) at world pos (-384.0, 0.0, 128.0) (total chunks: 500)
[23:17:46] TERRAIN: Creating chunk: (-4.0, 12.0) at distance 12.65
[23:17:46] TERRAIN: Chunk (-4.0, 12.0): TRIMESH collision created successfully (distance: 12.65, vertices: 8)
[23:17:46] TERRAIN: Chunk created successfully: (-4.0, 12.0) at world pos (-128.0, 0.0, 384.0) (total chunks: 501)
[23:17:46] TERRAIN: Creating chunk: (4.0, -12.0) at distance 12.65
[23:17:46] TERRAIN: Chunk (4.0, -12.0): TRIMESH collision created successfully (distance: 12.65, vertices: 8)
[23:17:46] TERRAIN: Chunk created successfully: (4.0, -12.0) at world pos (128.0, 0.0, -384.0) (total chunks: 502)
[23:17:46] TERRAIN: Creating chunk: (-4.0, -12.0) at distance 12.65
[23:17:46] TERRAIN: Chunk (-4.0, -12.0): TRIMESH collision created successfully (distance: 12.65, vertices: 8)
[23:17:46] TERRAIN: Chunk created successfully: (-4.0, -12.0) at world pos (-128.0, 0.0, -384.0) (total chunks: 503)
[23:17:46] TERRAIN: Creating chunk: (-12.0, -4.0) at distance 12.65
[23:17:46] TERRAIN: Chunk (-12.0, -4.0): TRIMESH collision created successfully (distance: 12.65, vertices: 8)
[23:17:46] TERRAIN: Chunk created successfully: (-12.0, -4.0) at world pos (-384.0, 0.0, -128.0) (total chunks: 504)
[23:17:46] TERRAIN: Creating chunk: (12.0, 4.0) at distance 12.65
[23:17:46] TERRAIN: Chunk (12.0, 4.0): TRIMESH collision created successfully (distance: 12.65, vertices: 8)
[23:17:46] TERRAIN: Chunk created successfully: (12.0, 4.0) at world pos (384.0, 0.0, 128.0) (total chunks: 505)
[23:17:46] TERRAIN: Creating chunk: (9.0, -9.0) at distance 12.73
[23:17:46] TERRAIN: Chunk (9.0, -9.0): TRIMESH collision created successfully (distance: 12.73, vertices: 8)
[23:17:46] TERRAIN: Chunk created successfully: (9.0, -9.0) at world pos (288.0, 0.0, -288.0) (total chunks: 506)
[23:17:46] TERRAIN: Creating chunk: (9.0, 9.0) at distance 12.73
[23:17:46] TERRAIN: Chunk (9.0, 9.0): TRIMESH collision created successfully (distance: 12.73, vertices: 8)
[23:17:46] TERRAIN: Chunk created successfully: (9.0, 9.0) at world pos (288.0, 0.0, 288.0) (total chunks: 507)
[23:17:46] TERRAIN: Creating chunk: (-9.0, 9.0) at distance 12.73
[23:17:46] TERRAIN: Chunk (-9.0, 9.0): TRIMESH collision created successfully (distance: 12.73, vertices: 8)
[23:17:46] TERRAIN: Chunk created successfully: (-9.0, 9.0) at world pos (-288.0, 0.0, 288.0) (total chunks: 508)
[23:17:46] TERRAIN: Creating chunk: (-9.0, -9.0) at distance 12.73
[23:17:46] TERRAIN: Chunk (-9.0, -9.0): TRIMESH collision created successfully (distance: 12.73, vertices: 8)
[23:17:46] TERRAIN: Chunk created successfully: (-9.0, -9.0) at world pos (-288.0, 0.0, -288.0) (total chunks: 509)
[23:17:46] TERRAIN: Creating chunk: (10.0, -8.0) at distance 12.81
[23:17:46] TERRAIN: Chunk (10.0, -8.0): TRIMESH collision created successfully (distance: 12.81, vertices: 8)
[23:17:46] TERRAIN: Chunk created successfully: (10.0, -8.0) at world pos (320.0, 0.0, -256.0) (total chunks: 510)
[23:17:46] TERRAIN: Creating chunk: (-8.0, 10.0) at distance 12.81
[23:17:46] TERRAIN: Chunk (-8.0, 10.0): TRIMESH collision created successfully (distance: 12.81, vertices: 8)
[23:17:46] TERRAIN: Chunk created successfully: (-8.0, 10.0) at world pos (-256.0, 0.0, 320.0) (total chunks: 511)
[23:17:46] TERRAIN: Creating chunk: (-8.0, -10.0) at distance 12.81
[23:17:46] TERRAIN: Chunk (-8.0, -10.0): TRIMESH collision created successfully (distance: 12.81, vertices: 8)
[23:17:46] TERRAIN: Chunk created successfully: (-8.0, -10.0) at world pos (-256.0, 0.0, -320.0) (total chunks: 512)
[23:17:46] TERRAIN: Creating chunk: (-10.0, 8.0) at distance 12.81
[23:17:46] TERRAIN: Chunk (-10.0, 8.0): TRIMESH collision created successfully (distance: 12.81, vertices: 8)
[23:17:46] TERRAIN: Chunk created successfully: (-10.0, 8.0) at world pos (-320.0, 0.0, 256.0) (total chunks: 513)
[23:17:46] TERRAIN: Creating chunk: (-10.0, -8.0) at distance 12.81
[23:17:46] TERRAIN: Chunk (-10.0, -8.0): TRIMESH collision created successfully (distance: 12.81, vertices: 8)
[23:17:46] TERRAIN: Chunk created successfully: (-10.0, -8.0) at world pos (-320.0, 0.0, -256.0) (total chunks: 514)
[23:17:46] TERRAIN: Creating chunk: (10.0, 8.0) at distance 12.81
[23:17:46] TERRAIN: Chunk (10.0, 8.0): TRIMESH collision created successfully (distance: 12.81, vertices: 8)
[23:17:46] TERRAIN: Chunk created successfully: (10.0, 8.0) at world pos (320.0, 0.0, 256.0) (total chunks: 515)
[23:17:46] TERRAIN: Creating chunk: (8.0, -10.0) at distance 12.81
[23:17:46] TERRAIN: Chunk (8.0, -10.0): TRIMESH collision created successfully (distance: 12.81, vertices: 8)
[23:17:46] TERRAIN: Chunk created successfully: (8.0, -10.0) at world pos (256.0, 0.0, -320.0) (total chunks: 516)
[23:17:46] TERRAIN: Creating chunk: (8.0, 10.0) at distance 12.81
[23:17:46] TERRAIN: Chunk (8.0, 10.0): TRIMESH collision created successfully (distance: 12.81, vertices: 8)
[23:17:46] TERRAIN: Chunk created successfully: (8.0, 10.0) at world pos (256.0, 0.0, 320.0) (total chunks: 517)
[23:17:46] TERRAIN: Creating chunk: (-12.0, 5.0) at distance 13.00
[23:17:46] TERRAIN: Chunk (-12.0, 5.0): TRIMESH collision created successfully (distance: 13.00, vertices: 8)
[23:17:46] TERRAIN: Chunk created successfully: (-12.0, 5.0) at world pos (-384.0, 0.0, 160.0) (total chunks: 518)
[23:17:46] TERRAIN: Creating chunk: (-12.0, -5.0) at distance 13.00
[23:17:46] TERRAIN: Chunk (-12.0, -5.0): TRIMESH collision created successfully (distance: 13.00, vertices: 8)
[23:17:46] TERRAIN: Chunk created successfully: (-12.0, -5.0) at world pos (-384.0, 0.0, -160.0) (total chunks: 519)
[23:17:46] TERRAIN: Creating chunk: (-13.0, 0.0) at distance 13.00
[23:17:46] TERRAIN: Chunk (-13.0, 0.0): TRIMESH collision created successfully (distance: 13.00, vertices: 8)
[23:17:46] TERRAIN: Chunk created successfully: (-13.0, 0.0) at world pos (-416.0, 0.0, 0.0) (total chunks: 520)
[23:17:46] TERRAIN: Creating chunk: (12.0, 5.0) at distance 13.00
[23:17:46] TERRAIN: Chunk (12.0, 5.0): TRIMESH collision created successfully (distance: 13.00, vertices: 8)
[23:17:46] TERRAIN: Chunk created successfully: (12.0, 5.0) at world pos (384.0, 0.0, 160.0) (total chunks: 521)
[23:17:46] TERRAIN: Creating chunk: (13.0, 0.0) at distance 13.00
[23:17:46] TERRAIN: Chunk (13.0, 0.0): TRIMESH collision created successfully (distance: 13.00, vertices: 8)
[23:17:46] TERRAIN: Chunk created successfully: (13.0, 0.0) at world pos (416.0, 0.0, 0.0) (total chunks: 522)
[23:17:46] TERRAIN: Creating chunk: (-5.0, -12.0) at distance 13.00
[23:17:46] TERRAIN: Chunk (-5.0, -12.0): TRIMESH collision created successfully (distance: 13.00, vertices: 8)
[23:17:46] TERRAIN: Chunk created successfully: (-5.0, -12.0) at world pos (-160.0, 0.0, -384.0) (total chunks: 523)
[23:17:46] TERRAIN: Creating chunk: (-5.0, 12.0) at distance 13.00
[23:17:46] TERRAIN: Chunk (-5.0, 12.0): TRIMESH collision created successfully (distance: 13.00, vertices: 8)
[23:17:46] TERRAIN: Chunk created successfully: (-5.0, 12.0) at world pos (-160.0, 0.0, 384.0) (total chunks: 524)
[23:17:46] TERRAIN: Creating chunk: (12.0, -5.0) at distance 13.00
[23:17:46] TERRAIN: Chunk (12.0, -5.0): TRIMESH collision created successfully (distance: 13.00, vertices: 8)
[23:17:46] TERRAIN: Chunk created successfully: (12.0, -5.0) at world pos (384.0, 0.0, -160.0) (total chunks: 525)
[23:17:46] TERRAIN: Creating chunk: (5.0, 12.0) at distance 13.00
[23:17:46] TERRAIN: Chunk (5.0, 12.0): TRIMESH collision created successfully (distance: 13.00, vertices: 8)
[23:17:46] TERRAIN: Chunk created successfully: (5.0, 12.0) at world pos (160.0, 0.0, 384.0) (total chunks: 526)
[23:17:46] TERRAIN: Creating chunk: (0.0, 13.0) at distance 13.00
[23:17:46] TERRAIN: Chunk (0.0, 13.0): TRIMESH collision created successfully (distance: 13.00, vertices: 8)
[23:17:46] TERRAIN: Chunk created successfully: (0.0, 13.0) at world pos (0.0, 0.0, 416.0) (total chunks: 527)
[23:17:46] TERRAIN: Creating chunk: (0.0, -13.0) at distance 13.00
[23:17:46] TERRAIN: Chunk (0.0, -13.0): TRIMESH collision created successfully (distance: 13.00, vertices: 8)
[23:17:46] TERRAIN: Chunk created successfully: (0.0, -13.0) at world pos (0.0, 0.0, -416.0) (total chunks: 528)
[23:17:46] TERRAIN: Creating chunk: (5.0, -12.0) at distance 13.00
[23:17:46] TERRAIN: Chunk (5.0, -12.0): TRIMESH collision created successfully (distance: 13.00, vertices: 8)
[23:17:46] TERRAIN: Chunk created successfully: (5.0, -12.0) at world pos (160.0, 0.0, -384.0) (total chunks: 529)
[23:17:46] TERRAIN: Creating chunk: (-11.0, 7.0) at distance 13.04
[23:17:46] TERRAIN: Chunk (-11.0, 7.0): TRIMESH collision created successfully (distance: 13.04, vertices: 8)
[23:17:46] TERRAIN: Chunk created successfully: (-11.0, 7.0) at world pos (-352.0, 0.0, 224.0) (total chunks: 530)
[23:17:46] TERRAIN: Creating chunk: (-13.0, -1.0) at distance 13.04
[23:17:46] TERRAIN: Chunk (-13.0, -1.0): TRIMESH collision created successfully (distance: 13.04, vertices: 8)
[23:17:46] TERRAIN: Chunk created successfully: (-13.0, -1.0) at world pos (-416.0, 0.0, -32.0) (total chunks: 531)
[23:17:46] TERRAIN: Creating chunk: (-11.0, -7.0) at distance 13.04
[23:17:46] TERRAIN: Chunk (-11.0, -7.0): TRIMESH collision created successfully (distance: 13.04, vertices: 8)
[23:17:46] TERRAIN: Chunk created successfully: (-11.0, -7.0) at world pos (-352.0, 0.0, -224.0) (total chunks: 532)
[23:17:46] TERRAIN: Creating chunk: (7.0, -11.0) at distance 13.04
[23:17:46] TERRAIN: Chunk (7.0, -11.0): TRIMESH collision created successfully (distance: 13.04, vertices: 8)
[23:17:46] TERRAIN: Chunk created successfully: (7.0, -11.0) at world pos (224.0, 0.0, -352.0) (total chunks: 533)
[23:17:46] TERRAIN: Creating chunk: (1.0, 13.0) at distance 13.04
[23:17:46] TERRAIN: Chunk (1.0, 13.0): TRIMESH collision created successfully (distance: 13.04, vertices: 8)
[23:17:46] TERRAIN: Chunk created successfully: (1.0, 13.0) at world pos (32.0, 0.0, 416.0) (total chunks: 534)
[23:17:46] TERRAIN: Creating chunk: (13.0, 1.0) at distance 13.04
[23:17:46] TERRAIN: Chunk (13.0, 1.0): TRIMESH collision created successfully (distance: 13.04, vertices: 8)
[23:17:46] TERRAIN: Chunk created successfully: (13.0, 1.0) at world pos (416.0, 0.0, 32.0) (total chunks: 535)
[23:17:46] TERRAIN: Creating chunk: (1.0, -13.0) at distance 13.04
[23:17:46] TERRAIN: Chunk (1.0, -13.0): TRIMESH collision created successfully (distance: 13.04, vertices: 8)
[23:17:46] TERRAIN: Chunk created successfully: (1.0, -13.0) at world pos (32.0, 0.0, -416.0) (total chunks: 536)
[23:17:46] TERRAIN: Creating chunk: (7.0, 11.0) at distance 13.04
[23:17:46] TERRAIN: Chunk (7.0, 11.0): TRIMESH collision created successfully (distance: 13.04, vertices: 8)
[23:17:46] TERRAIN: Chunk created successfully: (7.0, 11.0) at world pos (224.0, 0.0, 352.0) (total chunks: 537)
[23:17:46] TERRAIN: Creating chunk: (-7.0, -11.0) at distance 13.04
[23:17:46] TERRAIN: Chunk (-7.0, -11.0): TRIMESH collision created successfully (distance: 13.04, vertices: 8)
[23:17:46] TERRAIN: Chunk created successfully: (-7.0, -11.0) at world pos (-224.0, 0.0, -352.0) (total chunks: 538)
[23:17:46] TERRAIN: Creating chunk: (-7.0, 11.0) at distance 13.04
[23:17:46] TERRAIN: Chunk (-7.0, 11.0): TRIMESH collision created successfully (distance: 13.04, vertices: 8)
[23:17:46] TERRAIN: Chunk created successfully: (-7.0, 11.0) at world pos (-224.0, 0.0, 352.0) (total chunks: 539)
[23:17:46] TERRAIN: Creating chunk: (11.0, 7.0) at distance 13.04
[23:17:46] TERRAIN: Chunk (11.0, 7.0): TRIMESH collision created successfully (distance: 13.04, vertices: 8)
[23:17:46] TERRAIN: Chunk created successfully: (11.0, 7.0) at world pos (352.0, 0.0, 224.0) (total chunks: 540)
[23:17:46] TERRAIN: Creating chunk: (-13.0, 1.0) at distance 13.04
[23:17:46] TERRAIN: Chunk (-13.0, 1.0): TRIMESH collision created successfully (distance: 13.04, vertices: 8)
[23:17:46] TERRAIN: Chunk created successfully: (-13.0, 1.0) at world pos (-416.0, 0.0, 32.0) (total chunks: 541)
[23:17:46] TERRAIN: Creating chunk: (-1.0, 13.0) at distance 13.04
[23:17:46] TERRAIN: Chunk (-1.0, 13.0): TRIMESH collision created successfully (distance: 13.04, vertices: 8)
[23:17:46] TERRAIN: Chunk created successfully: (-1.0, 13.0) at world pos (-32.0, 0.0, 416.0) (total chunks: 542)
[23:17:46] TERRAIN: Creating chunk: (-1.0, -13.0) at distance 13.04
[23:17:46] TERRAIN: Chunk (-1.0, -13.0): TRIMESH collision created successfully (distance: 13.04, vertices: 8)
[23:17:46] TERRAIN: Chunk created successfully: (-1.0, -13.0) at world pos (-32.0, 0.0, -416.0) (total chunks: 543)
[23:17:46] TERRAIN: Creating chunk: (11.0, -7.0) at distance 13.04
[23:17:46] TERRAIN: Chunk (11.0, -7.0): TRIMESH collision created successfully (distance: 13.04, vertices: 8)
[23:17:46] TERRAIN: Chunk created successfully: (11.0, -7.0) at world pos (352.0, 0.0, -224.0) (total chunks: 544)
[23:17:46] TERRAIN: Creating chunk: (13.0, -1.0) at distance 13.04
[23:17:46] TERRAIN: Chunk (13.0, -1.0): TRIMESH collision created successfully (distance: 13.04, vertices: 8)
[23:17:46] TERRAIN: Chunk created successfully: (13.0, -1.0) at world pos (416.0, 0.0, -32.0) (total chunks: 545)
[23:17:46] TERRAIN: Creating chunk: (-13.0, 2.0) at distance 13.15
[23:17:46] TERRAIN: Chunk (-13.0, 2.0): TRIMESH collision created successfully (distance: 13.15, vertices: 8)
[23:17:46] TERRAIN: Chunk created successfully: (-13.0, 2.0) at world pos (-416.0, 0.0, 64.0) (total chunks: 546)
[23:17:46] TERRAIN: Creating chunk: (2.0, 13.0) at distance 13.15
[23:17:46] TERRAIN: Chunk (2.0, 13.0): TRIMESH collision created successfully (distance: 13.15, vertices: 8)
[23:17:46] TERRAIN: Chunk created successfully: (2.0, 13.0) at world pos (64.0, 0.0, 416.0) (total chunks: 547)
[23:17:46] TERRAIN: Creating chunk: (2.0, -13.0) at distance 13.15
[23:17:46] TERRAIN: Chunk (2.0, -13.0): TRIMESH collision created successfully (distance: 13.15, vertices: 8)
[23:17:46] TERRAIN: Chunk created successfully: (2.0, -13.0) at world pos (64.0, 0.0, -416.0) (total chunks: 548)
[23:17:46] TERRAIN: Creating chunk: (13.0, 2.0) at distance 13.15
[23:17:46] TERRAIN: Chunk (13.0, 2.0): TRIMESH collision created successfully (distance: 13.15, vertices: 8)
[23:17:46] TERRAIN: Chunk created successfully: (13.0, 2.0) at world pos (416.0, 0.0, 64.0) (total chunks: 549)
[23:17:46] TERRAIN: Creating chunk: (-13.0, -2.0) at distance 13.15
[23:17:46] TERRAIN: Chunk (-13.0, -2.0): TRIMESH collision created successfully (distance: 13.15, vertices: 8)
[23:17:46] TERRAIN: Chunk created successfully: (-13.0, -2.0) at world pos (-416.0, 0.0, -64.0) (total chunks: 550)
[23:17:46] TERRAIN: Creating chunk: (13.0, -2.0) at distance 13.15
[23:17:46] TERRAIN: Chunk (13.0, -2.0): TRIMESH collision created successfully (distance: 13.15, vertices: 8)
[23:17:46] TERRAIN: Chunk created successfully: (13.0, -2.0) at world pos (416.0, 0.0, -64.0) (total chunks: 551)
[23:17:46] TERRAIN: Creating chunk: (-2.0, 13.0) at distance 13.15
[23:17:46] TERRAIN: Chunk (-2.0, 13.0): TRIMESH collision created successfully (distance: 13.15, vertices: 8)
[23:17:46] TERRAIN: Chunk created successfully: (-2.0, 13.0) at world pos (-64.0, 0.0, 416.0) (total chunks: 552)
[23:17:46] TERRAIN: Creating chunk: (-2.0, -13.0) at distance 13.15
[23:17:46] TERRAIN: Chunk (-2.0, -13.0): TRIMESH collision created successfully (distance: 13.15, vertices: 8)
[23:17:46] TERRAIN: Chunk created successfully: (-2.0, -13.0) at world pos (-64.0, 0.0, -416.0) (total chunks: 553)
[23:17:46] TERRAIN: Creating chunk: (3.0, -13.0) at distance 13.34
[23:17:46] TERRAIN: Chunk (3.0, -13.0): TRIMESH collision created successfully (distance: 13.34, vertices: 8)
[23:17:46] TERRAIN: Chunk created successfully: (3.0, -13.0) at world pos (96.0, 0.0, -416.0) (total chunks: 554)
[23:17:46] TERRAIN: Creating chunk: (-13.0, -3.0) at distance 13.34
[23:17:46] TERRAIN: Chunk (-13.0, -3.0): TRIMESH collision created successfully (distance: 13.34, vertices: 8)
[23:17:46] TERRAIN: Chunk created successfully: (-13.0, -3.0) at world pos (-416.0, 0.0, -96.0) (total chunks: 555)
[23:17:46] TERRAIN: Creating chunk: (3.0, 13.0) at distance 13.34
[23:17:46] TERRAIN: Chunk (3.0, 13.0): TRIMESH collision created successfully (distance: 13.34, vertices: 8)
[23:17:46] TERRAIN: Chunk created successfully: (3.0, 13.0) at world pos (96.0, 0.0, 416.0) (total chunks: 556)
[23:17:46] TERRAIN: Creating chunk: (-13.0, 3.0) at distance 13.34
[23:17:47] TERRAIN: Chunk (-13.0, 3.0): TRIMESH collision created successfully (distance: 13.34, vertices: 8)
[23:17:47] TERRAIN: Chunk created successfully: (-13.0, 3.0) at world pos (-416.0, 0.0, 96.0) (total chunks: 557)
[23:17:47] TERRAIN: Creating chunk: (13.0, 3.0) at distance 13.34
[23:17:47] TERRAIN: Chunk (13.0, 3.0): TRIMESH collision created successfully (distance: 13.34, vertices: 8)
[23:17:47] TERRAIN: Chunk created successfully: (13.0, 3.0) at world pos (416.0, 0.0, 96.0) (total chunks: 558)
[23:17:47] TERRAIN: Creating chunk: (13.0, -3.0) at distance 13.34
[23:17:47] TERRAIN: Chunk (13.0, -3.0): TRIMESH collision created successfully (distance: 13.34, vertices: 8)
[23:17:47] TERRAIN: Chunk created successfully: (13.0, -3.0) at world pos (416.0, 0.0, -96.0) (total chunks: 559)
[23:17:47] TERRAIN: Creating chunk: (-3.0, -13.0) at distance 13.34
[23:17:47] TERRAIN: Chunk (-3.0, -13.0): TRIMESH collision created successfully (distance: 13.34, vertices: 8)
[23:17:47] TERRAIN: Chunk created successfully: (-3.0, -13.0) at world pos (-96.0, 0.0, -416.0) (total chunks: 560)
[23:17:47] TERRAIN: Creating chunk: (-3.0, 13.0) at distance 13.34
[23:17:47] TERRAIN: Chunk (-3.0, 13.0): TRIMESH collision created successfully (distance: 13.34, vertices: 8)
[23:17:47] TERRAIN: Chunk created successfully: (-3.0, 13.0) at world pos (-96.0, 0.0, 416.0) (total chunks: 561)
[23:17:47] TERRAIN: Creating chunk: (-12.0, -6.0) at distance 13.42
[23:17:47] TERRAIN: Chunk (-12.0, -6.0): TRIMESH collision created successfully (distance: 13.42, vertices: 8)
[23:17:47] TERRAIN: Chunk created successfully: (-12.0, -6.0) at world pos (-384.0, 0.0, -192.0) (total chunks: 562)
[23:17:47] TERRAIN: Creating chunk: (-12.0, 6.0) at distance 13.42
[23:17:47] TERRAIN: Chunk (-12.0, 6.0): TRIMESH collision created successfully (distance: 13.42, vertices: 8)
[23:17:47] TERRAIN: Chunk created successfully: (-12.0, 6.0) at world pos (-384.0, 0.0, 192.0) (total chunks: 563)
[23:17:47] TERRAIN: Creating chunk: (6.0, 12.0) at distance 13.42
[23:17:47] TERRAIN: Chunk (6.0, 12.0): TRIMESH collision created successfully (distance: 13.42, vertices: 8)
[23:17:47] TERRAIN: Chunk created successfully: (6.0, 12.0) at world pos (192.0, 0.0, 384.0) (total chunks: 564)
[23:17:47] TERRAIN: Creating chunk: (6.0, -12.0) at distance 13.42
[23:17:47] TERRAIN: Chunk (6.0, -12.0): TRIMESH collision created successfully (distance: 13.42, vertices: 8)
[23:17:47] TERRAIN: Chunk created successfully: (6.0, -12.0) at world pos (192.0, 0.0, -384.0) (total chunks: 565)
[23:17:47] TERRAIN: Creating chunk: (12.0, 6.0) at distance 13.42
[23:17:47] TERRAIN: Chunk (12.0, 6.0): TRIMESH collision created successfully (distance: 13.42, vertices: 8)
[23:17:47] TERRAIN: Chunk created successfully: (12.0, 6.0) at world pos (384.0, 0.0, 192.0) (total chunks: 566)
[23:17:47] TERRAIN: Creating chunk: (-6.0, -12.0) at distance 13.42
[23:17:47] TERRAIN: Chunk (-6.0, -12.0): TRIMESH collision created successfully (distance: 13.42, vertices: 8)
[23:17:47] TERRAIN: Chunk created successfully: (-6.0, -12.0) at world pos (-192.0, 0.0, -384.0) (total chunks: 567)
[23:17:47] TERRAIN: Creating chunk: (-6.0, 12.0) at distance 13.42
[23:17:47] TERRAIN: Chunk (-6.0, 12.0): TRIMESH collision created successfully (distance: 13.42, vertices: 8)
[23:17:47] TERRAIN: Chunk created successfully: (-6.0, 12.0) at world pos (-192.0, 0.0, 384.0) (total chunks: 568)
[23:17:47] TERRAIN: Creating chunk: (12.0, -6.0) at distance 13.42
[23:17:47] TERRAIN: Chunk (12.0, -6.0): TRIMESH collision created successfully (distance: 13.42, vertices: 8)
[23:17:47] TERRAIN: Chunk created successfully: (12.0, -6.0) at world pos (384.0, 0.0, -192.0) (total chunks: 569)
[23:17:47] TERRAIN: Creating chunk: (9.0, -10.0) at distance 13.45
[23:17:47] TERRAIN: Chunk (9.0, -10.0): TRIMESH collision created successfully (distance: 13.45, vertices: 8)
[23:17:47] TERRAIN: Chunk created successfully: (9.0, -10.0) at world pos (288.0, 0.0, -320.0) (total chunks: 570)
[23:17:47] TERRAIN: Creating chunk: (9.0, 10.0) at distance 13.45
[23:17:47] TERRAIN: Chunk (9.0, 10.0): TRIMESH collision created successfully (distance: 13.45, vertices: 8)
[23:17:47] TERRAIN: Chunk created successfully: (9.0, 10.0) at world pos (288.0, 0.0, 320.0) (total chunks: 571)
[23:17:47] TERRAIN: Creating chunk: (10.0, -9.0) at distance 13.45
[23:17:47] TERRAIN: Chunk (10.0, -9.0): TRIMESH collision created successfully (distance: 13.45, vertices: 8)
[23:17:47] TERRAIN: Chunk created successfully: (10.0, -9.0) at world pos (320.0, 0.0, -288.0) (total chunks: 572)
[23:17:47] TERRAIN: Creating chunk: (10.0, 9.0) at distance 13.45
[23:17:47] TERRAIN: Chunk (10.0, 9.0): TRIMESH collision created successfully (distance: 13.45, vertices: 8)
[23:17:47] TERRAIN: Chunk created successfully: (10.0, 9.0) at world pos (320.0, 0.0, 288.0) (total chunks: 573)
[23:17:47] TERRAIN: Creating chunk: (-9.0, 10.0) at distance 13.45
[23:17:47] TERRAIN: Chunk (-9.0, 10.0): TRIMESH collision created successfully (distance: 13.45, vertices: 8)
[23:17:47] TERRAIN: Chunk created successfully: (-9.0, 10.0) at world pos (-288.0, 0.0, 320.0) (total chunks: 574)
[23:17:47] TERRAIN: Creating chunk: (-9.0, -10.0) at distance 13.45
[23:17:47] TERRAIN: Chunk (-9.0, -10.0): TRIMESH collision created successfully (distance: 13.45, vertices: 8)
[23:17:47] TERRAIN: Chunk created successfully: (-9.0, -10.0) at world pos (-288.0, 0.0, -320.0) (total chunks: 575)
[23:17:47] TERRAIN: Creating chunk: (-10.0, 9.0) at distance 13.45
[23:17:47] TERRAIN: Chunk (-10.0, 9.0): TRIMESH collision created successfully (distance: 13.45, vertices: 8)
[23:17:47] TERRAIN: Chunk created successfully: (-10.0, 9.0) at world pos (-320.0, 0.0, 288.0) (total chunks: 576)
[23:17:47] TERRAIN: Creating chunk: (-10.0, -9.0) at distance 13.45
[23:17:47] TERRAIN: Chunk (-10.0, -9.0): TRIMESH collision created successfully (distance: 13.45, vertices: 8)
[23:17:47] TERRAIN: Chunk created successfully: (-10.0, -9.0) at world pos (-320.0, 0.0, -288.0) (total chunks: 577)
[23:17:47] TERRAIN: Creating chunk: (8.0, 11.0) at distance 13.60
[23:17:47] TERRAIN: Chunk (8.0, 11.0): TRIMESH collision created successfully (distance: 13.60, vertices: 8)
[23:17:47] TERRAIN: Chunk created successfully: (8.0, 11.0) at world pos (256.0, 0.0, 352.0) (total chunks: 578)
[23:17:47] TERRAIN: Creating chunk: (11.0, 8.0) at distance 13.60
[23:17:47] TERRAIN: Chunk (11.0, 8.0): TRIMESH collision created successfully (distance: 13.60, vertices: 8)
[23:17:47] TERRAIN: Chunk created successfully: (11.0, 8.0) at world pos (352.0, 0.0, 256.0) (total chunks: 579)
[23:17:47] TERRAIN: Creating chunk: (-13.0, -4.0) at distance 13.60
[23:17:47] TERRAIN: Chunk (-13.0, -4.0): TRIMESH collision created successfully (distance: 13.60, vertices: 8)
[23:17:47] TERRAIN: Chunk created successfully: (-13.0, -4.0) at world pos (-416.0, 0.0, -128.0) (total chunks: 580)
[23:17:47] TERRAIN: Creating chunk: (-13.0, 4.0) at distance 13.60
[23:17:47] TERRAIN: Chunk (-13.0, 4.0): TRIMESH collision created successfully (distance: 13.60, vertices: 8)
[23:17:47] TERRAIN: Chunk created successfully: (-13.0, 4.0) at world pos (-416.0, 0.0, 128.0) (total chunks: 581)
[23:17:47] TERRAIN: Creating chunk: (11.0, -8.0) at distance 13.60
[23:17:47] TERRAIN: Chunk (11.0, -8.0): TRIMESH collision created successfully (distance: 13.60, vertices: 8)
[23:17:47] TERRAIN: Chunk created successfully: (11.0, -8.0) at world pos (352.0, 0.0, -256.0) (total chunks: 582)
[23:17:47] TERRAIN: Creating chunk: (13.0, 4.0) at distance 13.60
[23:17:47] TERRAIN: Chunk (13.0, 4.0): TRIMESH collision created successfully (distance: 13.60, vertices: 8)
[23:17:47] TERRAIN: Chunk created successfully: (13.0, 4.0) at world pos (416.0, 0.0, 128.0) (total chunks: 583)
[23:17:47] TERRAIN: Creating chunk: (-11.0, -8.0) at distance 13.60
[23:17:47] TERRAIN: Chunk (-11.0, -8.0): TRIMESH collision created successfully (distance: 13.60, vertices: 8)
[23:17:47] TERRAIN: Chunk created successfully: (-11.0, -8.0) at world pos (-352.0, 0.0, -256.0) (total chunks: 584)
[23:17:47] TERRAIN: Creating chunk: (-11.0, 8.0) at distance 13.60
[23:17:47] TERRAIN: Chunk (-11.0, 8.0): TRIMESH collision created successfully (distance: 13.60, vertices: 8)
[23:17:47] TERRAIN: Chunk created successfully: (-11.0, 8.0) at world pos (-352.0, 0.0, 256.0) (total chunks: 585)
[23:17:47] TERRAIN: Creating chunk: (-8.0, -11.0) at distance 13.60
[23:17:47] TERRAIN: Chunk (-8.0, -11.0): TRIMESH collision created successfully (distance: 13.60, vertices: 8)
[23:17:47] TERRAIN: Chunk created successfully: (-8.0, -11.0) at world pos (-256.0, 0.0, -352.0) (total chunks: 586)
[23:17:47] TERRAIN: Creating chunk: (-8.0, 11.0) at distance 13.60
[23:17:47] TERRAIN: Chunk (-8.0, 11.0): TRIMESH collision created successfully (distance: 13.60, vertices: 8)
[23:17:47] TERRAIN: Chunk created successfully: (-8.0, 11.0) at world pos (-256.0, 0.0, 352.0) (total chunks: 587)
[23:17:47] TERRAIN: Creating chunk: (-4.0, -13.0) at distance 13.60
[23:17:47] TERRAIN: Chunk (-4.0, -13.0): TRIMESH collision created successfully (distance: 13.60, vertices: 8)
[23:17:47] TERRAIN: Chunk created successfully: (-4.0, -13.0) at world pos (-128.0, 0.0, -416.0) (total chunks: 588)
[23:17:47] TERRAIN: Creating chunk: (-4.0, 13.0) at distance 13.60
[23:17:47] TERRAIN: Chunk (-4.0, 13.0): TRIMESH collision created successfully (distance: 13.60, vertices: 8)
[23:17:47] TERRAIN: Chunk created successfully: (-4.0, 13.0) at world pos (-128.0, 0.0, 416.0) (total chunks: 589)
[23:17:47] TERRAIN: Creating chunk: (13.0, -4.0) at distance 13.60
[23:17:47] TERRAIN: Chunk (13.0, -4.0): TRIMESH collision created successfully (distance: 13.60, vertices: 8)
[23:17:47] TERRAIN: Chunk created successfully: (13.0, -4.0) at world pos (416.0, 0.0, -128.0) (total chunks: 590)
[23:17:47] TERRAIN: Creating chunk: (4.0, -13.0) at distance 13.60
[23:17:47] TERRAIN: Chunk (4.0, -13.0): TRIMESH collision created successfully (distance: 13.60, vertices: 8)
[23:17:47] TERRAIN: Chunk created successfully: (4.0, -13.0) at world pos (128.0, 0.0, -416.0) (total chunks: 591)
[23:17:47] TERRAIN: Creating chunk: (4.0, 13.0) at distance 13.60
[23:17:47] TERRAIN: Chunk (4.0, 13.0): TRIMESH collision created successfully (distance: 13.60, vertices: 8)
[23:17:47] TERRAIN: Chunk created successfully: (4.0, 13.0) at world pos (128.0, 0.0, 416.0) (total chunks: 592)
[23:17:47] TERRAIN: Creating chunk: (8.0, -11.0) at distance 13.60
[23:17:47] TERRAIN: Chunk (8.0, -11.0): TRIMESH collision created successfully (distance: 13.60, vertices: 8)
[23:17:47] TERRAIN: Chunk created successfully: (8.0, -11.0) at world pos (256.0, 0.0, -352.0) (total chunks: 593)
[23:17:47] TERRAIN: Creating chunk: (12.0, -7.0) at distance 13.89
[23:17:47] TERRAIN: Chunk (12.0, -7.0): TRIMESH collision created successfully (distance: 13.89, vertices: 8)
[23:17:47] TERRAIN: Chunk created successfully: (12.0, -7.0) at world pos (384.0, 0.0, -224.0) (total chunks: 594)
[23:17:47] TERRAIN: Creating chunk: (-7.0, 12.0) at distance 13.89
[23:17:47] TERRAIN: Chunk (-7.0, 12.0): TRIMESH collision created successfully (distance: 13.89, vertices: 8)
[23:17:47] TERRAIN: Chunk created successfully: (-7.0, 12.0) at world pos (-224.0, 0.0, 384.0) (total chunks: 595)
[23:17:47] TERRAIN: Creating chunk: (-7.0, -12.0) at distance 13.89
[23:17:47] TERRAIN: Chunk (-7.0, -12.0): TRIMESH collision created successfully (distance: 13.89, vertices: 8)
[23:17:47] TERRAIN: Chunk created successfully: (-7.0, -12.0) at world pos (-224.0, 0.0, -384.0) (total chunks: 596)
[23:17:47] TERRAIN: Creating chunk: (-12.0, 7.0) at distance 13.89
[23:17:47] TERRAIN: Chunk (-12.0, 7.0): TRIMESH collision created successfully (distance: 13.89, vertices: 8)
[23:17:47] TERRAIN: Chunk created successfully: (-12.0, 7.0) at world pos (-384.0, 0.0, 224.0) (total chunks: 597)
[23:17:47] TERRAIN: Creating chunk: (-12.0, -7.0) at distance 13.89
[23:17:47] TERRAIN: Chunk (-12.0, -7.0): TRIMESH collision created successfully (distance: 13.89, vertices: 8)
[23:17:47] TERRAIN: Chunk created successfully: (-12.0, -7.0) at world pos (-384.0, 0.0, -224.0) (total chunks: 598)
[23:17:47] TERRAIN: Creating chunk: (7.0, 12.0) at distance 13.89
[23:17:47] TERRAIN: Chunk (7.0, 12.0): TRIMESH collision created successfully (distance: 13.89, vertices: 8)
[23:17:47] TERRAIN: Chunk created successfully: (7.0, 12.0) at world pos (224.0, 0.0, 384.0) (total chunks: 599)
[23:17:47] TERRAIN: Creating chunk: (7.0, -12.0) at distance 13.89
[23:17:47] TERRAIN: Chunk (7.0, -12.0): TRIMESH collision created successfully (distance: 13.89, vertices: 8)
[23:17:47] TERRAIN: Chunk created successfully: (7.0, -12.0) at world pos (224.0, 0.0, -384.0) (total chunks: 600)
[23:17:47] TERRAIN: Creating chunk: (12.0, 7.0) at distance 13.89
[23:17:47] TERRAIN: Chunk (12.0, 7.0): TRIMESH collision created successfully (distance: 13.89, vertices: 8)
[23:17:47] TERRAIN: Chunk created successfully: (12.0, 7.0) at world pos (384.0, 0.0, 224.0) (total chunks: 601)
[23:17:47] TERRAIN: Creating chunk: (13.0, 5.0) at distance 13.93
[23:17:47] TERRAIN: Chunk (13.0, 5.0): TRIMESH collision created successfully (distance: 13.93, vertices: 8)
[23:17:47] TERRAIN: Chunk created successfully: (13.0, 5.0) at world pos (416.0, 0.0, 160.0) (total chunks: 602)
[23:17:47] TERRAIN: Creating chunk: (-13.0, 5.0) at distance 13.93
[23:17:47] TERRAIN: Chunk (-13.0, 5.0): TRIMESH collision created successfully (distance: 13.93, vertices: 8)
[23:17:47] TERRAIN: Chunk created successfully: (-13.0, 5.0) at world pos (-416.0, 0.0, 160.0) (total chunks: 603)
[23:17:47] TERRAIN: Creating chunk: (-13.0, -5.0) at distance 13.93
[23:17:47] TERRAIN: Chunk (-13.0, -5.0): TRIMESH collision created successfully (distance: 13.93, vertices: 8)
[23:17:47] TERRAIN: Chunk created successfully: (-13.0, -5.0) at world pos (-416.0, 0.0, -160.0) (total chunks: 604)
[23:17:47] TERRAIN: Creating chunk: (5.0, -13.0) at distance 13.93
[23:17:47] TERRAIN: Chunk (5.0, -13.0): TRIMESH collision created successfully (distance: 13.93, vertices: 8)
[23:17:47] TERRAIN: Chunk created successfully: (5.0, -13.0) at world pos (160.0, 0.0, -416.0) (total chunks: 605)
[23:17:47] TERRAIN: Creating chunk: (5.0, 13.0) at distance 13.93
[23:17:47] TERRAIN: Chunk (5.0, 13.0): TRIMESH collision created successfully (distance: 13.93, vertices: 8)
[23:17:47] TERRAIN: Chunk created successfully: (5.0, 13.0) at world pos (160.0, 0.0, 416.0) (total chunks: 606)
[23:17:47] TERRAIN: Creating chunk: (13.0, -5.0) at distance 13.93
[23:17:47] TERRAIN: Chunk (13.0, -5.0): TRIMESH collision created successfully (distance: 13.93, vertices: 8)
[23:17:47] TERRAIN: Chunk created successfully: (13.0, -5.0) at world pos (416.0, 0.0, -160.0) (total chunks: 607)
[23:17:47] TERRAIN: Creating chunk: (-5.0, 13.0) at distance 13.93
[23:17:47] TERRAIN: Chunk (-5.0, 13.0): TRIMESH collision created successfully (distance: 13.93, vertices: 8)
[23:17:47] TERRAIN: Chunk created successfully: (-5.0, 13.0) at world pos (-160.0, 0.0, 416.0) (total chunks: 608)
[23:17:47] TERRAIN: Creating chunk: (-5.0, -13.0) at distance 13.93
[23:17:47] TERRAIN: Chunk (-5.0, -13.0): TRIMESH collision created successfully (distance: 13.93, vertices: 8)
[23:17:47] TERRAIN: Chunk created successfully: (-5.0, -13.0) at world pos (-160.0, 0.0, -416.0) (total chunks: 609)
[23:17:47] TERRAIN: Creating chunk: (0.0, -14.0) at distance 14.00
[23:17:47] TERRAIN: Chunk (0.0, -14.0): TRIMESH collision created successfully (distance: 14.00, vertices: 8)
[23:17:47] TERRAIN: Chunk created successfully: (0.0, -14.0) at world pos (0.0, 0.0, -448.0) (total chunks: 610)
[23:17:47] TERRAIN: Creating chunk: (0.0, 14.0) at distance 14.00
[23:17:47] TERRAIN: Chunk (0.0, 14.0): TRIMESH collision created successfully (distance: 14.00, vertices: 8)
[23:17:47] TERRAIN: Chunk created successfully: (0.0, 14.0) at world pos (0.0, 0.0, 448.0) (total chunks: 611)
[23:17:47] TERRAIN: Creating chunk: (14.0, 0.0) at distance 14.00
[23:17:47] TERRAIN: Chunk (14.0, 0.0): TRIMESH collision created successfully (distance: 14.00, vertices: 8)
[23:17:47] TERRAIN: Chunk created successfully: (14.0, 0.0) at world pos (448.0, 0.0, 0.0) (total chunks: 612)
[23:17:47] TERRAIN: Creating chunk: (-14.0, 0.0) at distance 14.00
[23:17:47] TERRAIN: Chunk (-14.0, 0.0): TRIMESH collision created successfully (distance: 14.00, vertices: 8)
[23:17:47] TERRAIN: Chunk created successfully: (-14.0, 0.0) at world pos (-448.0, 0.0, 0.0) (total chunks: 613)
[23:17:47] TERRAIN: Creating chunk: (1.0, -14.0) at distance 14.04
[23:17:47] TERRAIN: Chunk (1.0, -14.0): TRIMESH collision created successfully (distance: 14.04, vertices: 8)
[23:17:47] TERRAIN: Chunk created successfully: (1.0, -14.0) at world pos (32.0, 0.0, -448.0) (total chunks: 614)
[23:17:47] TERRAIN: Creating chunk: (14.0, 1.0) at distance 14.04
[23:17:47] TERRAIN: Chunk (14.0, 1.0): TRIMESH collision created successfully (distance: 14.04, vertices: 8)
[23:17:47] TERRAIN: Chunk created successfully: (14.0, 1.0) at world pos (448.0, 0.0, 32.0) (total chunks: 615)
[23:17:47] TERRAIN: Creating chunk: (-1.0, 14.0) at distance 14.04
[23:17:47] TERRAIN: Chunk (-1.0, 14.0): TRIMESH collision created successfully (distance: 14.04, vertices: 8)
[23:17:47] TERRAIN: Chunk created successfully: (-1.0, 14.0) at world pos (-32.0, 0.0, 448.0) (total chunks: 616)
[23:17:47] TERRAIN: Creating chunk: (-1.0, -14.0) at distance 14.04
[23:17:47] TERRAIN: Chunk (-1.0, -14.0): TRIMESH collision created successfully (distance: 14.04, vertices: 8)
[23:17:47] TERRAIN: Chunk created successfully: (-1.0, -14.0) at world pos (-32.0, 0.0, -448.0) (total chunks: 617)
[23:17:47] TERRAIN: Creating chunk: (1.0, 14.0) at distance 14.04
[23:17:47] TERRAIN: Chunk (1.0, 14.0): TRIMESH collision created successfully (distance: 14.04, vertices: 8)
[23:17:47] TERRAIN: Chunk created successfully: (1.0, 14.0) at world pos (32.0, 0.0, 448.0) (total chunks: 618)
[23:17:47] TERRAIN: Creating chunk: (-14.0, 1.0) at distance 14.04
[23:17:47] TERRAIN: Chunk (-14.0, 1.0): TRIMESH collision created successfully (distance: 14.04, vertices: 8)
[23:17:47] TERRAIN: Chunk created successfully: (-14.0, 1.0) at world pos (-448.0, 0.0, 32.0) (total chunks: 619)
[23:17:47] TERRAIN: Creating chunk: (-14.0, -1.0) at distance 14.04
[23:17:47] TERRAIN: Chunk (-14.0, -1.0): TRIMESH collision created successfully (distance: 14.04, vertices: 8)
[23:17:47] TERRAIN: Chunk created successfully: (-14.0, -1.0) at world pos (-448.0, 0.0, -32.0) (total chunks: 620)
[23:17:47] TERRAIN: Creating chunk: (14.0, -1.0) at distance 14.04
[23:17:47] TERRAIN: Chunk (14.0, -1.0): TRIMESH collision created successfully (distance: 14.04, vertices: 8)
[23:17:47] TERRAIN: Chunk created successfully: (14.0, -1.0) at world pos (448.0, 0.0, -32.0) (total chunks: 621)
[23:17:47] TERRAIN: Creating chunk: (-14.0, 2.0) at distance 14.14
[23:17:47] TERRAIN: Chunk (-14.0, 2.0): TRIMESH collision created successfully (distance: 14.14, vertices: 8)
[23:17:47] TERRAIN: Chunk created successfully: (-14.0, 2.0) at world pos (-448.0, 0.0, 64.0) (total chunks: 622)
[23:17:47] TERRAIN: Creating chunk: (10.0, 10.0) at distance 14.14
[23:17:47] TERRAIN: Chunk (10.0, 10.0): TRIMESH collision created successfully (distance: 14.14, vertices: 8)
[23:17:47] TERRAIN: Chunk created successfully: (10.0, 10.0) at world pos (320.0, 0.0, 320.0) (total chunks: 623)
[23:17:47] TERRAIN: Creating chunk: (-10.0, -10.0) at distance 14.14
[23:17:47] TERRAIN: Chunk (-10.0, -10.0): TRIMESH collision created successfully (distance: 14.14, vertices: 8)
[23:17:47] TERRAIN: Chunk created successfully: (-10.0, -10.0) at world pos (-320.0, 0.0, -320.0) (total chunks: 624)
[23:17:47] TERRAIN: Creating chunk: (-10.0, 10.0) at distance 14.14
[23:17:47] TERRAIN: Chunk (-10.0, 10.0): TRIMESH collision created successfully (distance: 14.14, vertices: 8)
[23:17:47] TERRAIN: Chunk created successfully: (-10.0, 10.0) at world pos (-320.0, 0.0, 320.0) (total chunks: 625)
[23:17:47] TERRAIN: Creating chunk: (14.0, 2.0) at distance 14.14
[23:17:47] TERRAIN: Chunk (14.0, 2.0): TRIMESH collision created successfully (distance: 14.14, vertices: 8)
[23:17:47] TERRAIN: Chunk created successfully: (14.0, 2.0) at world pos (448.0, 0.0, 64.0) (total chunks: 626)
[23:17:47] TERRAIN: Creating chunk: (-14.0, -2.0) at distance 14.14
[23:17:47] TERRAIN: Chunk (-14.0, -2.0): TRIMESH collision created successfully (distance: 14.14, vertices: 8)
[23:17:47] TERRAIN: Chunk created successfully: (-14.0, -2.0) at world pos (-448.0, 0.0, -64.0) (total chunks: 627)
[23:17:47] TERRAIN: Creating chunk: (2.0, 14.0) at distance 14.14
[23:17:47] TERRAIN: Chunk (2.0, 14.0): TRIMESH collision created successfully (distance: 14.14, vertices: 8)
[23:17:47] TERRAIN: Chunk created successfully: (2.0, 14.0) at world pos (64.0, 0.0, 448.0) (total chunks: 628)
[23:17:47] TERRAIN: Creating chunk: (2.0, -14.0) at distance 14.14
[23:17:47] TERRAIN: Chunk (2.0, -14.0): TRIMESH collision created successfully (distance: 14.14, vertices: 8)
[23:17:47] TERRAIN: Chunk created successfully: (2.0, -14.0) at world pos (64.0, 0.0, -448.0) (total chunks: 629)
[23:17:47] TERRAIN: Creating chunk: (-2.0, 14.0) at distance 14.14
[23:17:47] TERRAIN: Chunk (-2.0, 14.0): TRIMESH collision created successfully (distance: 14.14, vertices: 8)
[23:17:47] TERRAIN: Chunk created successfully: (-2.0, 14.0) at world pos (-64.0, 0.0, 448.0) (total chunks: 630)
[23:17:47] TERRAIN: Creating chunk: (14.0, -2.0) at distance 14.14
[23:17:47] TERRAIN: Chunk (14.0, -2.0): TRIMESH collision created successfully (distance: 14.14, vertices: 8)
[23:17:47] TERRAIN: Chunk created successfully: (14.0, -2.0) at world pos (448.0, 0.0, -64.0) (total chunks: 631)
[23:17:47] TERRAIN: Creating chunk: (-2.0, -14.0) at distance 14.14
[23:17:47] TERRAIN: Chunk (-2.0, -14.0): TRIMESH collision created successfully (distance: 14.14, vertices: 8)
[23:17:47] TERRAIN: Chunk created successfully: (-2.0, -14.0) at world pos (-64.0, 0.0, -448.0) (total chunks: 632)
[23:17:47] TERRAIN: Creating chunk: (10.0, -10.0) at distance 14.14
[23:17:47] TERRAIN: Chunk (10.0, -10.0): TRIMESH collision created successfully (distance: 14.14, vertices: 8)
[23:17:47] TERRAIN: Chunk created successfully: (10.0, -10.0) at world pos (320.0, 0.0, -320.0) (total chunks: 633)
[23:17:47] TERRAIN: Creating chunk: (9.0, -11.0) at distance 14.21
[23:17:47] TERRAIN: Chunk (9.0, -11.0): TRIMESH collision created successfully (distance: 14.21, vertices: 8)
[23:17:47] TERRAIN: Chunk created successfully: (9.0, -11.0) at world pos (288.0, 0.0, -352.0) (total chunks: 634)
[23:17:47] TERRAIN: Creating chunk: (11.0, -9.0) at distance 14.21
[23:17:47] TERRAIN: Chunk (11.0, -9.0): TRIMESH collision created successfully (distance: 14.21, vertices: 8)
[23:17:47] TERRAIN: Chunk created successfully: (11.0, -9.0) at world pos (352.0, 0.0, -288.0) (total chunks: 635)
[23:17:47] TERRAIN: Creating chunk: (9.0, 11.0) at distance 14.21
[23:17:47] TERRAIN: Chunk (9.0, 11.0): TRIMESH collision created successfully (distance: 14.21, vertices: 8)
[23:17:47] TERRAIN: Chunk created successfully: (9.0, 11.0) at world pos (288.0, 0.0, 352.0) (total chunks: 636)
[23:17:47] TERRAIN: Creating chunk: (-11.0, -9.0) at distance 14.21
[23:17:47] TERRAIN: Chunk (-11.0, -9.0): TRIMESH collision created successfully (distance: 14.21, vertices: 8)
[23:17:47] TERRAIN: Chunk created successfully: (-11.0, -9.0) at world pos (-352.0, 0.0, -288.0) (total chunks: 637)
[23:17:47] TERRAIN: Creating chunk: (-11.0, 9.0) at distance 14.21
[23:17:47] TERRAIN: Chunk (-11.0, 9.0): TRIMESH collision created successfully (distance: 14.21, vertices: 8)
[23:17:47] TERRAIN: Chunk created successfully: (-11.0, 9.0) at world pos (-352.0, 0.0, 288.0) (total chunks: 638)
[23:17:47] TERRAIN: Creating chunk: (-9.0, -11.0) at distance 14.21
[23:17:47] TERRAIN: Chunk (-9.0, -11.0): TRIMESH collision created successfully (distance: 14.21, vertices: 8)
[23:17:47] TERRAIN: Chunk created successfully: (-9.0, -11.0) at world pos (-288.0, 0.0, -352.0) (total chunks: 639)
[23:17:47] TERRAIN: Creating chunk: (-9.0, 11.0) at distance 14.21
[23:17:47] TERRAIN: Chunk (-9.0, 11.0): TRIMESH collision created successfully (distance: 14.21, vertices: 8)
[23:17:47] TERRAIN: Chunk created successfully: (-9.0, 11.0) at world pos (-288.0, 0.0, 352.0) (total chunks: 640)
[23:17:47] PLAYER: Pos: (8.400513, 0.010992, 3.798852) | Chunk: (0.0, 0.0) | TerrainHeight: 0.01 | HeightDiff: -0.00 | OnFloor: true
[23:17:47] PLAYER: CHUNK CHANGED: (0.0, -1.0) -> (0.0, 0.0)
[23:17:47] TERRAIN: Creating chunk: (11.0, 9.0) at distance 14.21
[23:17:47] TERRAIN: Chunk (11.0, 9.0): TRIMESH collision created successfully (distance: 14.21, vertices: 8)
[23:17:47] TERRAIN: Chunk created successfully: (11.0, 9.0) at world pos (352.0, 0.0, 288.0) (total chunks: 641)
[23:17:47] TERRAIN: Creating chunk: (-6.0, -13.0) at distance 14.32
[23:17:47] TERRAIN: Chunk (-6.0, -13.0): TRIMESH collision created successfully (distance: 14.32, vertices: 8)
[23:17:47] TERRAIN: Chunk created successfully: (-6.0, -13.0) at world pos (-192.0, 0.0, -416.0) (total chunks: 642)
[23:17:47] TERRAIN: Creating chunk: (14.0, -3.0) at distance 14.32
[23:17:47] TERRAIN: Chunk (14.0, -3.0): TRIMESH collision created successfully (distance: 14.32, vertices: 8)
[23:17:47] TERRAIN: Chunk created successfully: (14.0, -3.0) at world pos (448.0, 0.0, -96.0) (total chunks: 643)
[23:17:47] TERRAIN: Creating chunk: (6.0, 13.0) at distance 14.32
[23:17:47] TERRAIN: Chunk (6.0, 13.0): TRIMESH collision created successfully (distance: 14.32, vertices: 8)
[23:17:47] TERRAIN: Chunk created successfully: (6.0, 13.0) at world pos (192.0, 0.0, 416.0) (total chunks: 644)
[23:17:47] TERRAIN: Creating chunk: (6.0, -13.0) at distance 14.32
[23:17:47] TERRAIN: Chunk (6.0, -13.0): TRIMESH collision created successfully (distance: 14.32, vertices: 8)
[23:17:47] TERRAIN: Chunk created successfully: (6.0, -13.0) at world pos (192.0, 0.0, -416.0) (total chunks: 645)
[23:17:47] TERRAIN: Creating chunk: (-14.0, 3.0) at distance 14.32
[23:17:47] TERRAIN: Chunk (-14.0, 3.0): TRIMESH collision created successfully (distance: 14.32, vertices: 8)
[23:17:47] TERRAIN: Chunk created successfully: (-14.0, 3.0) at world pos (-448.0, 0.0, 96.0) (total chunks: 646)
[23:17:47] TERRAIN: Creating chunk: (13.0, 6.0) at distance 14.32
[23:17:47] TERRAIN: Chunk (13.0, 6.0): TRIMESH collision created successfully (distance: 14.32, vertices: 8)
[23:17:47] TERRAIN: Chunk created successfully: (13.0, 6.0) at world pos (416.0, 0.0, 192.0) (total chunks: 647)
[23:17:47] TERRAIN: Creating chunk: (-13.0, -6.0) at distance 14.32
[23:17:47] TERRAIN: Chunk (-13.0, -6.0): TRIMESH collision created successfully (distance: 14.32, vertices: 8)
[23:17:47] TERRAIN: Chunk created successfully: (-13.0, -6.0) at world pos (-416.0, 0.0, -192.0) (total chunks: 648)
[23:17:47] TERRAIN: Creating chunk: (3.0, 14.0) at distance 14.32
[23:17:47] TERRAIN: Chunk (3.0, 14.0): TRIMESH collision created successfully (distance: 14.32, vertices: 8)
[23:17:47] TERRAIN: Chunk created successfully: (3.0, 14.0) at world pos (96.0, 0.0, 448.0) (total chunks: 649)
[23:17:47] TERRAIN: Creating chunk: (3.0, -14.0) at distance 14.32
[23:17:47] TERRAIN: Chunk (3.0, -14.0): TRIMESH collision created successfully (distance: 14.32, vertices: 8)
[23:17:47] TERRAIN: Chunk created successfully: (3.0, -14.0) at world pos (96.0, 0.0, -448.0) (total chunks: 650)
[23:17:47] TERRAIN: Creating chunk: (-13.0, 6.0) at distance 14.32
[23:17:47] TERRAIN: Chunk (-13.0, 6.0): TRIMESH collision created successfully (distance: 14.32, vertices: 8)
[23:17:47] TERRAIN: Chunk created successfully: (-13.0, 6.0) at world pos (-416.0, 0.0, 192.0) (total chunks: 651)
[23:17:47] TERRAIN: Creating chunk: (-6.0, 13.0) at distance 14.32
[23:17:47] TERRAIN: Chunk (-6.0, 13.0): TRIMESH collision created successfully (distance: 14.32, vertices: 8)
[23:17:47] TERRAIN: Chunk created successfully: (-6.0, 13.0) at world pos (-192.0, 0.0, 416.0) (total chunks: 652)
[23:17:47] TERRAIN: Creating chunk: (-14.0, -3.0) at distance 14.32
[23:17:47] TERRAIN: Chunk (-14.0, -3.0): TRIMESH collision created successfully (distance: 14.32, vertices: 8)
[23:17:47] TERRAIN: Chunk created successfully: (-14.0, -3.0) at world pos (-448.0, 0.0, -96.0) (total chunks: 653)
[23:17:47] TERRAIN: Creating chunk: (-3.0, -14.0) at distance 14.32
[23:17:47] TERRAIN: Chunk (-3.0, -14.0): TRIMESH collision created successfully (distance: 14.32, vertices: 8)
[23:17:47] TERRAIN: Chunk created successfully: (-3.0, -14.0) at world pos (-96.0, 0.0, -448.0) (total chunks: 654)
[23:17:47] TERRAIN: Creating chunk: (13.0, -6.0) at distance 14.32
[23:17:47] TERRAIN: Chunk (13.0, -6.0): TRIMESH collision created successfully (distance: 14.32, vertices: 8)
[23:17:47] TERRAIN: Chunk created successfully: (13.0, -6.0) at world pos (416.0, 0.0, -192.0) (total chunks: 655)
[23:17:47] TERRAIN: Creating chunk: (14.0, 3.0) at distance 14.32
[23:17:47] TERRAIN: Chunk (14.0, 3.0): TRIMESH collision created successfully (distance: 14.32, vertices: 8)
[23:17:47] TERRAIN: Chunk created successfully: (14.0, 3.0) at world pos (448.0, 0.0, 96.0) (total chunks: 656)
[23:17:47] TERRAIN: Creating chunk: (-3.0, 14.0) at distance 14.32
[23:17:47] TERRAIN: Chunk (-3.0, 14.0): TRIMESH collision created successfully (distance: 14.32, vertices: 8)
[23:17:47] TERRAIN: Chunk created successfully: (-3.0, 14.0) at world pos (-96.0, 0.0, 448.0) (total chunks: 657)
[23:17:47] TERRAIN: Creating chunk: (12.0, 8.0) at distance 14.42
[23:17:47] TERRAIN: Chunk (12.0, 8.0): TRIMESH collision created successfully (distance: 14.42, vertices: 8)
[23:17:47] TERRAIN: Chunk created successfully: (12.0, 8.0) at world pos (384.0, 0.0, 256.0) (total chunks: 658)
[23:17:47] TERRAIN: Creating chunk: (12.0, -8.0) at distance 14.42
[23:17:47] TERRAIN: Chunk (12.0, -8.0): TRIMESH collision created successfully (distance: 14.42, vertices: 8)
[23:17:47] TERRAIN: Chunk created successfully: (12.0, -8.0) at world pos (384.0, 0.0, -256.0) (total chunks: 659)
[23:17:47] TERRAIN: Creating chunk: (-12.0, -8.0) at distance 14.42
[23:17:47] TERRAIN: Chunk (-12.0, -8.0): TRIMESH collision created successfully (distance: 14.42, vertices: 8)
[23:17:47] TERRAIN: Chunk created successfully: (-12.0, -8.0) at world pos (-384.0, 0.0, -256.0) (total chunks: 660)
[23:17:47] TERRAIN: Creating chunk: (-12.0, 8.0) at distance 14.42
[23:17:47] TERRAIN: Chunk (-12.0, 8.0): TRIMESH collision created successfully (distance: 14.42, vertices: 8)
[23:17:47] TERRAIN: Chunk created successfully: (-12.0, 8.0) at world pos (-384.0, 0.0, 256.0) (total chunks: 661)
[23:17:47] TERRAIN: Creating chunk: (-8.0, -12.0) at distance 14.42
[23:17:47] TERRAIN: Chunk (-8.0, -12.0): TRIMESH collision created successfully (distance: 14.42, vertices: 8)
[23:17:47] TERRAIN: Chunk created successfully: (-8.0, -12.0) at world pos (-256.0, 0.0, -384.0) (total chunks: 662)
[23:17:47] TERRAIN: Creating chunk: (-8.0, 12.0) at distance 14.42
[23:17:47] TERRAIN: Chunk (-8.0, 12.0): TRIMESH collision created successfully (distance: 14.42, vertices: 8)
[23:17:47] TERRAIN: Chunk created successfully: (-8.0, 12.0) at world pos (-256.0, 0.0, 384.0) (total chunks: 663)
[23:17:47] TERRAIN: Creating chunk: (8.0, -12.0) at distance 14.42
[23:17:47] TERRAIN: Chunk (8.0, -12.0): TRIMESH collision created successfully (distance: 14.42, vertices: 8)
[23:17:47] TERRAIN: Chunk created successfully: (8.0, -12.0) at world pos (256.0, 0.0, -384.0) (total chunks: 664)
[23:17:47] TERRAIN: Creating chunk: (8.0, 12.0) at distance 14.42
[23:17:47] TERRAIN: Chunk (8.0, 12.0): TRIMESH collision created successfully (distance: 14.42, vertices: 8)
[23:17:47] TERRAIN: Chunk created successfully: (8.0, 12.0) at world pos (256.0, 0.0, 384.0) (total chunks: 665)
[23:17:47] TERRAIN: Creating chunk: (14.0, -4.0) at distance 14.56
[23:17:47] TERRAIN: Chunk (14.0, -4.0): TRIMESH collision created successfully (distance: 14.56, vertices: 8)
[23:17:47] TERRAIN: Chunk created successfully: (14.0, -4.0) at world pos (448.0, 0.0, -128.0) (total chunks: 666)
[23:17:47] TERRAIN: Creating chunk: (4.0, 14.0) at distance 14.56
[23:17:47] TERRAIN: Chunk (4.0, 14.0): TRIMESH collision created successfully (distance: 14.56, vertices: 8)
[23:17:47] TERRAIN: Chunk created successfully: (4.0, 14.0) at world pos (128.0, 0.0, 448.0) (total chunks: 667)
[23:17:47] TERRAIN: Creating chunk: (4.0, -14.0) at distance 14.56
[23:17:47] TERRAIN: Chunk (4.0, -14.0): TRIMESH collision created successfully (distance: 14.56, vertices: 8)
[23:17:47] TERRAIN: Chunk created successfully: (4.0, -14.0) at world pos (128.0, 0.0, -448.0) (total chunks: 668)
[23:17:47] TERRAIN: Creating chunk: (-4.0, 14.0) at distance 14.56
[23:17:47] TERRAIN: Chunk (-4.0, 14.0): TRIMESH collision created successfully (distance: 14.56, vertices: 8)
[23:17:47] TERRAIN: Chunk created successfully: (-4.0, 14.0) at world pos (-128.0, 0.0, 448.0) (total chunks: 669)
[23:17:47] TERRAIN: Creating chunk: (-4.0, -14.0) at distance 14.56
[23:17:47] TERRAIN: Chunk (-4.0, -14.0): TRIMESH collision created successfully (distance: 14.56, vertices: 8)
[23:17:47] TERRAIN: Chunk created successfully: (-4.0, -14.0) at world pos (-128.0, 0.0, -448.0) (total chunks: 670)
[23:17:47] TERRAIN: Creating chunk: (14.0, 4.0) at distance 14.56
[23:17:47] TERRAIN: Chunk (14.0, 4.0): TRIMESH collision created successfully (distance: 14.56, vertices: 8)
[23:17:47] TERRAIN: Chunk created successfully: (14.0, 4.0) at world pos (448.0, 0.0, 128.0) (total chunks: 671)
[23:17:47] TERRAIN: Creating chunk: (-14.0, 4.0) at distance 14.56
[23:17:47] TERRAIN: Chunk (-14.0, 4.0): TRIMESH collision created successfully (distance: 14.56, vertices: 8)
[23:17:47] TERRAIN: Chunk created successfully: (-14.0, 4.0) at world pos (-448.0, 0.0, 128.0) (total chunks: 672)
[23:17:47] TERRAIN: Creating chunk: (-14.0, -4.0) at distance 14.56
[23:17:47] TERRAIN: Chunk (-14.0, -4.0): TRIMESH collision created successfully (distance: 14.56, vertices: 8)
[23:17:47] TERRAIN: Chunk created successfully: (-14.0, -4.0) at world pos (-448.0, 0.0, -128.0) (total chunks: 673)
[23:17:47] TERRAIN: Creating chunk: (13.0, -7.0) at distance 14.76
[23:17:47] TERRAIN: Chunk (13.0, -7.0): TRIMESH collision created successfully (distance: 14.76, vertices: 8)
[23:17:47] TERRAIN: Chunk created successfully: (13.0, -7.0) at world pos (416.0, 0.0, -224.0) (total chunks: 674)
[23:17:47] TERRAIN: Creating chunk: (7.0, 13.0) at distance 14.76
[23:17:47] TERRAIN: Chunk (7.0, 13.0): TRIMESH collision created successfully (distance: 14.76, vertices: 8)
[23:17:47] TERRAIN: Chunk created successfully: (7.0, 13.0) at world pos (224.0, 0.0, 416.0) (total chunks: 675)
[23:17:47] TERRAIN: Creating chunk: (7.0, -13.0) at distance 14.76
[23:17:47] TERRAIN: Chunk (7.0, -13.0): TRIMESH collision created successfully (distance: 14.76, vertices: 8)
[23:17:47] TERRAIN: Chunk created successfully: (7.0, -13.0) at world pos (224.0, 0.0, -416.0) (total chunks: 676)
[23:17:47] TERRAIN: Creating chunk: (-7.0, 13.0) at distance 14.76
[23:17:47] TERRAIN: Chunk (-7.0, 13.0): TRIMESH collision created successfully (distance: 14.76, vertices: 8)
[23:17:47] TERRAIN: Chunk created successfully: (-7.0, 13.0) at world pos (-224.0, 0.0, 416.0) (total chunks: 677)
[23:17:47] TERRAIN: Creating chunk: (-7.0, -13.0) at distance 14.76
[23:17:47] TERRAIN: Chunk (-7.0, -13.0): TRIMESH collision created successfully (distance: 14.76, vertices: 8)
[23:17:47] TERRAIN: Chunk created successfully: (-7.0, -13.0) at world pos (-224.0, 0.0, -416.0) (total chunks: 678)
[23:17:47] TERRAIN: Creating chunk: (-13.0, 7.0) at distance 14.76
[23:17:47] TERRAIN: Chunk (-13.0, 7.0): TRIMESH collision created successfully (distance: 14.76, vertices: 8)
[23:17:47] TERRAIN: Chunk created successfully: (-13.0, 7.0) at world pos (-416.0, 0.0, 224.0) (total chunks: 679)
[23:17:47] TERRAIN: Creating chunk: (-13.0, -7.0) at distance 14.76
[23:17:47] TERRAIN: Chunk (-13.0, -7.0): TRIMESH collision created successfully (distance: 14.76, vertices: 8)
[23:17:47] TERRAIN: Chunk created successfully: (-13.0, -7.0) at world pos (-416.0, 0.0, -224.0) (total chunks: 680)
[23:17:47] TERRAIN: Creating chunk: (13.0, 7.0) at distance 14.76
[23:17:47] TERRAIN: Chunk (13.0, 7.0): TRIMESH collision created successfully (distance: 14.76, vertices: 8)
[23:17:47] TERRAIN: Chunk created successfully: (13.0, 7.0) at world pos (416.0, 0.0, 224.0) (total chunks: 681)
[23:17:47] TERRAIN: Creating chunk: (14.0, -5.0) at distance 14.87
[23:17:47] TERRAIN: Chunk (14.0, -5.0): TRIMESH collision created successfully (distance: 14.87, vertices: 8)
[23:17:47] TERRAIN: Chunk created successfully: (14.0, -5.0) at world pos (448.0, 0.0, -160.0) (total chunks: 682)
[23:17:47] TERRAIN: Creating chunk: (11.0, 10.0) at distance 14.87
[23:17:47] TERRAIN: Chunk (11.0, 10.0): TRIMESH collision created successfully (distance: 14.87, vertices: 8)
[23:17:47] TERRAIN: Chunk created successfully: (11.0, 10.0) at world pos (352.0, 0.0, 320.0) (total chunks: 683)
[23:17:47] TERRAIN: Creating chunk: (11.0, -10.0) at distance 14.87
[23:17:47] TERRAIN: Chunk (11.0, -10.0): TRIMESH collision created successfully (distance: 14.87, vertices: 8)
[23:17:47] TERRAIN: Chunk created successfully: (11.0, -10.0) at world pos (352.0, 0.0, -320.0) (total chunks: 684)
[23:17:47] TERRAIN: Creating chunk: (10.0, 11.0) at distance 14.87
[23:17:47] TERRAIN: Chunk (10.0, 11.0): TRIMESH collision created successfully (distance: 14.87, vertices: 8)
[23:17:47] TERRAIN: Chunk created successfully: (10.0, 11.0) at world pos (320.0, 0.0, 352.0) (total chunks: 685)
[23:17:47] TERRAIN: Creating chunk: (10.0, -11.0) at distance 14.87
[23:17:47] TERRAIN: Chunk (10.0, -11.0): TRIMESH collision created successfully (distance: 14.87, vertices: 8)
[23:17:47] TERRAIN: Chunk created successfully: (10.0, -11.0) at world pos (320.0, 0.0, -352.0) (total chunks: 686)
[23:17:47] TERRAIN: Creating chunk: (5.0, 14.0) at distance 14.87
[23:17:47] TERRAIN: Chunk (5.0, 14.0): TRIMESH collision created successfully (distance: 14.87, vertices: 8)
[23:17:47] TERRAIN: Chunk created successfully: (5.0, 14.0) at world pos (160.0, 0.0, 448.0) (total chunks: 687)
[23:17:47] TERRAIN: Creating chunk: (5.0, -14.0) at distance 14.87
[23:17:47] TERRAIN: Chunk (5.0, -14.0): TRIMESH collision created successfully (distance: 14.87, vertices: 8)
[23:17:47] TERRAIN: Chunk created successfully: (5.0, -14.0) at world pos (160.0, 0.0, -448.0) (total chunks: 688)
[23:17:47] TERRAIN: Creating chunk: (-5.0, 14.0) at distance 14.87
[23:17:47] TERRAIN: Chunk (-5.0, 14.0): TRIMESH collision created successfully (distance: 14.87, vertices: 8)
[23:17:47] TERRAIN: Chunk created successfully: (-5.0, 14.0) at world pos (-160.0, 0.0, 448.0) (total chunks: 689)
[23:17:47] TERRAIN: Creating chunk: (-5.0, -14.0) at distance 14.87
[23:17:47] TERRAIN: Chunk (-5.0, -14.0): TRIMESH collision created successfully (distance: 14.87, vertices: 8)
[23:17:47] TERRAIN: Chunk created successfully: (-5.0, -14.0) at world pos (-160.0, 0.0, -448.0) (total chunks: 690)
[23:17:47] TERRAIN: Creating chunk: (-10.0, 11.0) at distance 14.87
[23:17:47] TERRAIN: Chunk (-10.0, 11.0): TRIMESH collision created successfully (distance: 14.87, vertices: 8)
[23:17:47] TERRAIN: Chunk created successfully: (-10.0, 11.0) at world pos (-320.0, 0.0, 352.0) (total chunks: 691)
[23:17:47] TERRAIN: Creating chunk: (-10.0, -11.0) at distance 14.87
[23:17:47] TERRAIN: Chunk (-10.0, -11.0): TRIMESH collision created successfully (distance: 14.87, vertices: 8)
[23:17:47] TERRAIN: Chunk created successfully: (-10.0, -11.0) at world pos (-320.0, 0.0, -352.0) (total chunks: 692)
[23:17:47] TERRAIN: Creating chunk: (-11.0, 10.0) at distance 14.87
[23:17:47] TERRAIN: Chunk (-11.0, 10.0): TRIMESH collision created successfully (distance: 14.87, vertices: 8)
[23:17:47] TERRAIN: Chunk created successfully: (-11.0, 10.0) at world pos (-352.0, 0.0, 320.0) (total chunks: 693)
[23:17:47] TERRAIN: Creating chunk: (-11.0, -10.0) at distance 14.87
[23:17:47] TERRAIN: Chunk (-11.0, -10.0): TRIMESH collision created successfully (distance: 14.87, vertices: 8)
[23:17:47] TERRAIN: Chunk created successfully: (-11.0, -10.0) at world pos (-352.0, 0.0, -320.0) (total chunks: 694)
[23:17:47] TERRAIN: Creating chunk: (14.0, 5.0) at distance 14.87
[23:17:47] TERRAIN: Chunk (14.0, 5.0): TRIMESH collision created successfully (distance: 14.87, vertices: 8)
[23:17:47] TERRAIN: Chunk created successfully: (14.0, 5.0) at world pos (448.0, 0.0, 160.0) (total chunks: 695)
[23:17:47] TERRAIN: Creating chunk: (-14.0, 5.0) at distance 14.87
[23:17:47] TERRAIN: Chunk (-14.0, 5.0): TRIMESH collision created successfully (distance: 14.87, vertices: 8)
[23:17:47] TERRAIN: Chunk created successfully: (-14.0, 5.0) at world pos (-448.0, 0.0, 160.0) (total chunks: 696)
[23:17:47] TERRAIN: Creating chunk: (-14.0, -5.0) at distance 14.87
[23:17:47] TERRAIN: Chunk (-14.0, -5.0): TRIMESH collision created successfully (distance: 14.87, vertices: 8)
[23:17:47] TERRAIN: Chunk created successfully: (-14.0, -5.0) at world pos (-448.0, 0.0, -160.0) (total chunks: 697)
[23:17:47] TERRAIN: Creating chunk: (15.0, 0.0) at distance 15.00
[23:17:47] TERRAIN: Chunk (15.0, 0.0): TRIMESH collision created successfully (distance: 15.00, vertices: 8)
[23:17:47] TERRAIN: Chunk created successfully: (15.0, 0.0) at world pos (480.0, 0.0, 0.0) (total chunks: 698)
[23:17:47] TERRAIN: Creating chunk: (12.0, 9.0) at distance 15.00
[23:17:47] TERRAIN: Chunk (12.0, 9.0): TRIMESH collision created successfully (distance: 15.00, vertices: 8)
[23:17:47] TERRAIN: Chunk created successfully: (12.0, 9.0) at world pos (384.0, 0.0, 288.0) (total chunks: 699)
[23:17:47] TERRAIN: Creating chunk: (12.0, -9.0) at distance 15.00
[23:17:47] TERRAIN: Chunk (12.0, -9.0): TRIMESH collision created successfully (distance: 15.00, vertices: 8)
[23:17:47] TERRAIN: Chunk created successfully: (12.0, -9.0) at world pos (384.0, 0.0, -288.0) (total chunks: 700)
[23:17:47] TERRAIN: Creating chunk: (9.0, 12.0) at distance 15.00
[23:17:47] TERRAIN: Chunk (9.0, 12.0): TRIMESH collision created successfully (distance: 15.00, vertices: 8)
[23:17:47] TERRAIN: Chunk created successfully: (9.0, 12.0) at world pos (288.0, 0.0, 384.0) (total chunks: 701)
[23:17:47] TERRAIN: Creating chunk: (9.0, -12.0) at distance 15.00
[23:17:47] TERRAIN: Chunk (9.0, -12.0): TRIMESH collision created successfully (distance: 15.00, vertices: 8)
[23:17:47] TERRAIN: Chunk created successfully: (9.0, -12.0) at world pos (288.0, 0.0, -384.0) (total chunks: 702)
[23:17:47] TERRAIN: Creating chunk: (0.0, 15.0) at distance 15.00
[23:17:47] TERRAIN: Chunk (0.0, 15.0): TRIMESH collision created successfully (distance: 15.00, vertices: 8)
[23:17:47] TERRAIN: Chunk created successfully: (0.0, 15.0) at world pos (0.0, 0.0, 480.0) (total chunks: 703)
[23:17:47] TERRAIN: Creating chunk: (0.0, -15.0) at distance 15.00
[23:17:47] TERRAIN: Chunk (0.0, -15.0): TRIMESH collision created successfully (distance: 15.00, vertices: 8)
[23:17:47] TERRAIN: Chunk created successfully: (0.0, -15.0) at world pos (0.0, 0.0, -480.0) (total chunks: 704)
[23:17:47] TERRAIN: Creating chunk: (-9.0, 12.0) at distance 15.00
[23:17:47] TERRAIN: Chunk (-9.0, 12.0): TRIMESH collision created successfully (distance: 15.00, vertices: 8)
[23:17:47] TERRAIN: Chunk created successfully: (-9.0, 12.0) at world pos (-288.0, 0.0, 384.0) (total chunks: 705)
[23:17:47] TERRAIN: Creating chunk: (-9.0, -12.0) at distance 15.00
[23:17:47] TERRAIN: Chunk (-9.0, -12.0): TRIMESH collision created successfully (distance: 15.00, vertices: 8)
[23:17:47] TERRAIN: Chunk created successfully: (-9.0, -12.0) at world pos (-288.0, 0.0, -384.0) (total chunks: 706)
[23:17:47] TERRAIN: Creating chunk: (-12.0, 9.0) at distance 15.00
[23:17:47] TERRAIN: Chunk (-12.0, 9.0): TRIMESH collision created successfully (distance: 15.00, vertices: 8)
[23:17:47] TERRAIN: Chunk created successfully: (-12.0, 9.0) at world pos (-384.0, 0.0, 288.0) (total chunks: 707)
[23:17:47] TERRAIN: Creating chunk: (-12.0, -9.0) at distance 15.00
[23:17:47] TERRAIN: Chunk (-12.0, -9.0): TRIMESH collision created successfully (distance: 15.00, vertices: 8)
[23:17:47] TERRAIN: Chunk created successfully: (-12.0, -9.0) at world pos (-384.0, 0.0, -288.0) (total chunks: 708)
[23:17:47] TERRAIN: Creating chunk: (-15.0, 0.0) at distance 15.00
[23:17:47] TERRAIN: Chunk (-15.0, 0.0): TRIMESH collision created successfully (distance: 15.00, vertices: 8)
[23:17:47] TERRAIN: Chunk created successfully: (-15.0, 0.0) at world pos (-480.0, 0.0, 0.0) (total chunks: 709)
[23:17:48] PLAYER: Pos: (9.768228, 0.027841, 8.063407) | Chunk: (0.0, 0.0) | TerrainHeight: 0.03 | HeightDiff: 0.00 | OnFloor: true
[23:17:49] PLAYER: Pos: (10.21159, 0.042885, 12.9453) | Chunk: (0.0, 0.0) | TerrainHeight: 0.04 | HeightDiff: 0.00 | OnFloor: true
[23:17:50] PLAYER: Pos: (11.80906, 0.041162, 16.42724) | Chunk: (0.0, 0.0) | TerrainHeight: 0.04 | HeightDiff: 0.00 | OnFloor: true
[23:17:51] PLAYER: Pos: (11.96695, 0.040039, 16.81284) | Chunk: (0.0, 0.0) | TerrainHeight: 0.04 | HeightDiff: 0.00 | OnFloor: true
[23:17:52] PLAYER: Pos: (9.717348, 0.046445, 18.39225) | Chunk: (0.0, 0.0) | TerrainHeight: 0.05 | HeightDiff: -0.00 | OnFloor: true
[23:17:53] PLAYER: Pos: (6.765531, 0.047035, 22.06431) | Chunk: (0.0, 0.0) | TerrainHeight: 0.05 | HeightDiff: 0.00 | OnFloor: true
[23:17:54] PLAYER: Pos: (4.62698, 0.035463, 26.55912) | Chunk: (0.0, 0.0) | TerrainHeight: 0.03 | HeightDiff: 0.00 | OnFloor: true
[23:17:55] PLAYER: Pos: (2.856485, 0.013588, 30.96689) | Chunk: (0.0, 0.0) | TerrainHeight: 0.01 | HeightDiff: 0.00 | OnFloor: true
[23:17:56] PLAYER: Pos: (2.856485, 0.013588, 30.96689) | Chunk: (0.0, 0.0) | TerrainHeight: 0.01 | HeightDiff: 0.00 | OnFloor: true
[23:17:57] PLAYER: Pos: (2.856485, 0.013588, 30.96689) | Chunk: (0.0, 0.0) | TerrainHeight: 0.01 | HeightDiff: 0.00 | OnFloor: true
[23:17:58] PLAYER: Pos: (2.856485, 0.013588, 30.96689) | Chunk: (0.0, 0.0) | TerrainHeight: 0.01 | HeightDiff: 0.00 | OnFloor: true
[23:17:59] PLAYER: Pos: (2.856485, 0.013588, 30.96689) | Chunk: (0.0, 0.0) | TerrainHeight: 0.01 | HeightDiff: 0.00 | OnFloor: true
[23:18:00] PLAYER: Pos: (2.856485, 0.013588, 30.96689) | Chunk: (0.0, 0.0) | TerrainHeight: 0.01 | HeightDiff: 0.00 | OnFloor: true
[23:18:01] PLAYER: Pos: (2.856485, 0.013588, 30.96689) | Chunk: (0.0, 0.0) | TerrainHeight: 0.01 | HeightDiff: 0.00 | OnFloor: true
[23:18:02] PLAYER: Pos: (2.856485, 0.013588, 30.96689) | Chunk: (0.0, 0.0) | TerrainHeight: 0.01 | HeightDiff: 0.00 | OnFloor: true
[23:18:03] PLAYER: Pos: (2.856485, 0.013588, 30.96689) | Chunk: (0.0, 0.0) | TerrainHeight: 0.01 | HeightDiff: 0.00 | OnFloor: true
[23:18:04] PLAYER: Pos: (2.856485, 0.013588, 30.96689) | Chunk: (0.0, 0.0) | TerrainHeight: 0.01 | HeightDiff: 0.00 | OnFloor: true
[23:18:05] PLAYER: Pos: (2.856485, 0.013588, 30.96689) | Chunk: (0.0, 0.0) | TerrainHeight: 0.01 | HeightDiff: 0.00 | OnFloor: true
[23:18:06] PLAYER: Pos: (2.856485, 0.013588, 30.96689) | Chunk: (0.0, 0.0) | TerrainHeight: 0.01 | HeightDiff: 0.00 | OnFloor: true
[23:18:07] PLAYER: Pos: (2.856485, 0.013588, 30.96689) | Chunk: (0.0, 0.0) | TerrainHeight: 0.01 | HeightDiff: 0.00 | OnFloor: true
[23:18:08] PLAYER: Pos: (2.856485, 0.013588, 30.96689) | Chunk: (0.0, 0.0) | TerrainHeight: 0.01 | HeightDiff: 0.00 | OnFloor: true
[23:18:09] PLAYER: Pos: (2.856485, 0.013588, 30.96689) | Chunk: (0.0, 0.0) | TerrainHeight: 0.01 | HeightDiff: 0.00 | OnFloor: true
[23:18:10] PLAYER: Pos: (2.856485, 0.013588, 30.96689) | Chunk: (0.0, 0.0) | TerrainHeight: 0.01 | HeightDiff: 0.00 | OnFloor: true
[23:18:11] PLAYER: Pos: (2.856485, 0.013588, 30.96689) | Chunk: (0.0, 0.0) | TerrainHeight: 0.01 | HeightDiff: 0.00 | OnFloor: true
[23:18:12] PLAYER: Pos: (2.856485, 0.013588, 30.96689) | Chunk: (0.0, 0.0) | TerrainHeight: 0.01 | HeightDiff: 0.00 | OnFloor: true
[23:18:13] PLAYER: Pos: (2.856485, 0.013588, 30.96689) | Chunk: (0.0, 0.0) | TerrainHeight: 0.01 | HeightDiff: 0.00 | OnFloor: true
[23:18:14] PLAYER: Pos: (2.856485, 0.013588, 30.96689) | Chunk: (0.0, 0.0) | TerrainHeight: 0.01 | HeightDiff: 0.00 | OnFloor: true
[23:18:15] PLAYER: Pos: (2.856485, 0.013588, 30.96689) | Chunk: (0.0, 0.0) | TerrainHeight: 0.01 | HeightDiff: 0.00 | OnFloor: true
[23:18:16] PLAYER: Pos: (2.856485, 0.013588, 30.96689) | Chunk: (0.0, 0.0) | TerrainHeight: 0.01 | HeightDiff: 0.00 | OnFloor: true
[23:18:17] PLAYER: Pos: (2.856485, 0.013588, 30.96689) | Chunk: (0.0, 0.0) | TerrainHeight: 0.01 | HeightDiff: 0.00 | OnFloor: true
[23:18:18] PLAYER: Pos: (2.856485, 0.013588, 30.96689) | Chunk: (0.0, 0.0) | TerrainHeight: 0.01 | HeightDiff: 0.00 | OnFloor: true
[23:18:19] PLAYER: Pos: (2.856485, 0.013588, 30.96689) | Chunk: (0.0, 0.0) | TerrainHeight: 0.01 | HeightDiff: 0.00 | OnFloor: true
[23:18:19] TERRAIN: Player moved to new chunk: (0.0, 1.0) (was (0.0, 0.0))
[23:18:20] PLAYER: Pos: (4.576249, 0.010902, 33.91151) | Chunk: (0.0, 1.0) | TerrainHeight: 0.01 | HeightDiff: 0.00 | OnFloor: true
[23:18:20] PLAYER: CHUNK CHANGED: (0.0, 0.0) -> (0.0, 1.0)
[23:18:21] PLAYER: Pos: (4.887046, 0.010615, 38.74113) | Chunk: (0.0, 1.0) | TerrainHeight: 0.01 | HeightDiff: 0.00 | OnFloor: true
[23:18:22] PLAYER: Pos: (5.657567, 0.023493, 43.67917) | Chunk: (0.0, 1.0) | TerrainHeight: 0.02 | HeightDiff: -0.00 | OnFloor: true
[23:18:23] PLAYER: Pos: (6.443211, 0.034649, 48.55891) | Chunk: (0.0, 1.0) | TerrainHeight: 0.04 | HeightDiff: -0.00 | OnFloor: true
[23:18:24] PLAYER: Pos: (10.10318, 0.056023, 51.38661) | Chunk: (0.0, 1.0) | TerrainHeight: 0.06 | HeightDiff: -0.00 | OnFloor: true
[23:18:25] PLAYER: Pos: (13.90183, 0.050798, 52.24342) | Chunk: (0.0, 1.0) | TerrainHeight: 0.05 | HeightDiff: -0.00 | OnFloor: true
[23:18:26] PLAYER: Pos: (16.4551, 0.050588, 56.07124) | Chunk: (0.0, 1.0) | TerrainHeight: 0.05 | HeightDiff: 0.00 | OnFloor: true
[23:18:27] PLAYER: Pos: (14.76488, 0.045637, 60.59064) | Chunk: (0.0, 1.0) | TerrainHeight: 0.05 | HeightDiff: 0.00 | OnFloor: true
[23:18:27] TERRAIN: Player moved to new chunk: (0.0, 2.0) (was (0.0, 1.0))
[23:18:27] TERRAIN: Updating terrain for player chunk: (0.0, 2.0) (player pos: (14.03942, 0.031841, 64.23219))
[23:18:27] TERRAIN: Player chunk (0.0, 2.0) distance: 0.00 (max_distance: 20)
[23:18:27] TERRAIN: Queuing 60 new chunks for generation
[23:18:27] TERRAIN: Queued chunk: (1.0, 15.0) (distance: 13.04)
[23:18:27] TERRAIN: Queued chunk: (-1.0, 15.0) (distance: 13.04)
[23:18:27] TERRAIN: Queued chunk: (2.0, 15.0) (distance: 13.15)
[23:18:27] TERRAIN: Queued chunk: (-2.0, 15.0) (distance: 13.15)
[23:18:27] TERRAIN: Queued chunk: (3.0, 15.0) (distance: 13.34)
[23:18:27] TERRAIN: Queued chunk: (-3.0, 15.0) (distance: 13.34)
[23:18:27] TERRAIN: Queued chunk: (-6.0, 14.0) (distance: 13.42)
[23:18:27] TERRAIN: Queued chunk: (6.0, 14.0) (distance: 13.42)
[23:18:27] TERRAIN: Queued chunk: (4.0, 15.0) (distance: 13.60)
[23:18:27] TERRAIN: Queued chunk: (-4.0, 15.0) (distance: 13.60)
[23:18:27] TERRAIN: Queued chunk: (8.0, 13.0) (distance: 13.60)
[23:18:27] TERRAIN: Queued chunk: (-8.0, 13.0) (distance: 13.60)
[23:18:27] TERRAIN: Queued chunk: (-7.0, 14.0) (distance: 13.89)
[23:18:27] TERRAIN: Queued chunk: (7.0, 14.0) (distance: 13.89)
[23:18:27] TERRAIN: Queued chunk: (5.0, 15.0) (distance: 13.93)
[23:18:27] TERRAIN: Queued chunk: (-5.0, 15.0) (distance: 13.93)
[23:18:27] TERRAIN: Queued chunk: (0.0, 16.0) (distance: 14.00)
[23:18:27] TERRAIN: Queued chunk: (-1.0, 16.0) (distance: 14.04)
[23:18:27] TERRAIN: Queued chunk: (1.0, 16.0) (distance: 14.04)
[23:18:27] TERRAIN: Queued chunk: (-2.0, 16.0) (distance: 14.14)
[23:18:27] TERRAIN: Queued chunk: (2.0, 16.0) (distance: 14.14)
[23:18:27] TERRAIN: Queued chunk: (-10.0, 12.0) (distance: 14.14)
[23:18:27] TERRAIN: Queued chunk: (10.0, 12.0) (distance: 14.14)
[23:18:27] TERRAIN: Queued chunk: (-9.0, 13.0) (distance: 14.21)
[23:18:27] TERRAIN: Queued chunk: (-11.0, 11.0) (distance: 14.21)
[23:18:27] TERRAIN: Queued chunk: (9.0, 13.0) (distance: 14.21)
[23:18:27] TERRAIN: Queued chunk: (11.0, 11.0) (distance: 14.21)
[23:18:27] TERRAIN: Queued chunk: (-6.0, 15.0) (distance: 14.32)
[23:18:27] TERRAIN: Queued chunk: (3.0, 16.0) (distance: 14.32)
[23:18:27] TERRAIN: Queued chunk: (6.0, 15.0) (distance: 14.32)
[23:18:27] TERRAIN: Queued chunk: (-3.0, 16.0) (distance: 14.32)
[23:18:27] TERRAIN: Queued chunk: (13.0, 8.0) (distance: 14.32)
[23:18:27] TERRAIN: Queued chunk: (-13.0, 8.0) (distance: 14.32)
[23:18:27] TERRAIN: Queued chunk: (8.0, 14.0) (distance: 14.42)
[23:18:27] TERRAIN: Queued chunk: (12.0, 10.0) (distance: 14.42)
[23:18:27] TERRAIN: Queued chunk: (-12.0, 10.0) (distance: 14.42)
[23:18:27] TERRAIN: Queued chunk: (-8.0, 14.0) (distance: 14.42)
[23:18:27] TERRAIN: Queued chunk: (-14.0, 6.0) (distance: 14.56)
[23:18:27] TERRAIN: Queued chunk: (-4.0, 16.0) (distance: 14.56)
[23:18:27] TERRAIN: Queued chunk: (4.0, 16.0) (distance: 14.56)
[23:18:27] TERRAIN: Queued chunk: (14.0, 6.0) (distance: 14.56)
[23:18:27] TERRAIN: Queued chunk: (-13.0, 9.0) (distance: 14.76)
[23:18:27] TERRAIN: Queued chunk: (7.0, 15.0) (distance: 14.76)
[23:18:27] TERRAIN: Queued chunk: (-7.0, 15.0) (distance: 14.76)
[23:18:27] TERRAIN: Queued chunk: (13.0, 9.0) (distance: 14.76)
[23:18:27] TERRAIN: Queued chunk: (-10.0, 13.0) (distance: 14.87)
[23:18:27] TERRAIN: Queued chunk: (5.0, 16.0) (distance: 14.87)
[23:18:27] TERRAIN: Queued chunk: (-11.0, 12.0) (distance: 14.87)
[23:18:27] TERRAIN: Queued chunk: (14.0, 7.0) (distance: 14.87)
[23:18:27] TERRAIN: Queued chunk: (-5.0, 16.0) (distance: 14.87)
[23:18:27] TERRAIN: Queued chunk: (-14.0, 7.0) (distance: 14.87)
[23:18:27] TERRAIN: Queued chunk: (10.0, 13.0) (distance: 14.87)
[23:18:27] TERRAIN: Queued chunk: (11.0, 12.0) (distance: 14.87)
[23:18:27] TERRAIN: Queued chunk: (15.0, 2.0) (distance: 15.00)
[23:18:27] TERRAIN: Queued chunk: (12.0, 11.0) (distance: 15.00)
[23:18:27] TERRAIN: Queued chunk: (9.0, 14.0) (distance: 15.00)
[23:18:27] TERRAIN: Queued chunk: (0.0, 17.0) (distance: 15.00)
[23:18:27] TERRAIN: Queued chunk: (-9.0, 14.0) (distance: 15.00)
[23:18:27] TERRAIN: Queued chunk: (-12.0, 11.0) (distance: 15.00)
[23:18:27] TERRAIN: Queued chunk: (-15.0, 2.0) (distance: 15.00)
[23:18:27] TERRAIN: Creating chunk: (1.0, 15.0) at distance 13.04
[23:18:27] TERRAIN: Chunk (1.0, 15.0): TRIMESH collision created successfully (distance: 13.04, vertices: 8)
[23:18:27] TERRAIN: Chunk created successfully: (1.0, 15.0) at world pos (32.0, 0.0, 480.0) (total chunks: 710)
[23:18:27] TERRAIN: Creating chunk: (-1.0, 15.0) at distance 13.04
[23:18:27] TERRAIN: Chunk (-1.0, 15.0): TRIMESH collision created successfully (distance: 13.04, vertices: 8)
[23:18:27] TERRAIN: Chunk created successfully: (-1.0, 15.0) at world pos (-32.0, 0.0, 480.0) (total chunks: 711)
[23:18:27] TERRAIN: Creating chunk: (2.0, 15.0) at distance 13.15
[23:18:27] TERRAIN: Chunk (2.0, 15.0): TRIMESH collision created successfully (distance: 13.15, vertices: 8)
[23:18:27] TERRAIN: Chunk created successfully: (2.0, 15.0) at world pos (64.0, 0.0, 480.0) (total chunks: 712)
[23:18:27] TERRAIN: Creating chunk: (-2.0, 15.0) at distance 13.15
[23:18:27] TERRAIN: Chunk (-2.0, 15.0): TRIMESH collision created successfully (distance: 13.15, vertices: 8)
[23:18:27] TERRAIN: Chunk created successfully: (-2.0, 15.0) at world pos (-64.0, 0.0, 480.0) (total chunks: 713)
[23:18:27] TERRAIN: Creating chunk: (3.0, 15.0) at distance 13.34
[23:18:27] TERRAIN: Chunk (3.0, 15.0): TRIMESH collision created successfully (distance: 13.34, vertices: 8)
[23:18:27] TERRAIN: Chunk created successfully: (3.0, 15.0) at world pos (96.0, 0.0, 480.0) (total chunks: 714)
[23:18:27] TERRAIN: Creating chunk: (-3.0, 15.0) at distance 13.34
[23:18:27] TERRAIN: Chunk (-3.0, 15.0): TRIMESH collision created successfully (distance: 13.34, vertices: 8)
[23:18:27] TERRAIN: Chunk created successfully: (-3.0, 15.0) at world pos (-96.0, 0.0, 480.0) (total chunks: 715)
[23:18:27] TERRAIN: Creating chunk: (-6.0, 14.0) at distance 13.42
[23:18:27] TERRAIN: Chunk (-6.0, 14.0): TRIMESH collision created successfully (distance: 13.42, vertices: 8)
[23:18:27] TERRAIN: Chunk created successfully: (-6.0, 14.0) at world pos (-192.0, 0.0, 448.0) (total chunks: 716)
[23:18:27] TERRAIN: Creating chunk: (6.0, 14.0) at distance 13.42
[23:18:27] TERRAIN: Chunk (6.0, 14.0): TRIMESH collision created successfully (distance: 13.42, vertices: 8)
[23:18:27] TERRAIN: Chunk created successfully: (6.0, 14.0) at world pos (192.0, 0.0, 448.0) (total chunks: 717)
[23:18:28] TERRAIN: Creating chunk: (4.0, 15.0) at distance 13.60
[23:18:28] TERRAIN: Chunk (4.0, 15.0): TRIMESH collision created successfully (distance: 13.60, vertices: 8)
[23:18:28] TERRAIN: Chunk created successfully: (4.0, 15.0) at world pos (128.0, 0.0, 480.0) (total chunks: 718)
[23:18:28] TERRAIN: Creating chunk: (-4.0, 15.0) at distance 13.60
[23:18:28] TERRAIN: Chunk (-4.0, 15.0): TRIMESH collision created successfully (distance: 13.60, vertices: 8)
[23:18:28] TERRAIN: Chunk created successfully: (-4.0, 15.0) at world pos (-128.0, 0.0, 480.0) (total chunks: 719)
[23:18:28] TERRAIN: Creating chunk: (8.0, 13.0) at distance 13.60
[23:18:28] TERRAIN: Chunk (8.0, 13.0): TRIMESH collision created successfully (distance: 13.60, vertices: 8)
[23:18:28] TERRAIN: Chunk created successfully: (8.0, 13.0) at world pos (256.0, 0.0, 416.0) (total chunks: 720)
[23:18:28] TERRAIN: Creating chunk: (-8.0, 13.0) at distance 13.60
[23:18:28] TERRAIN: Chunk (-8.0, 13.0): TRIMESH collision created successfully (distance: 13.60, vertices: 8)
[23:18:28] TERRAIN: Chunk created successfully: (-8.0, 13.0) at world pos (-256.0, 0.0, 416.0) (total chunks: 721)
[23:18:28] TERRAIN: Creating chunk: (-7.0, 14.0) at distance 13.89
[23:18:28] TERRAIN: Chunk (-7.0, 14.0): TRIMESH collision created successfully (distance: 13.89, vertices: 8)
[23:18:28] TERRAIN: Chunk created successfully: (-7.0, 14.0) at world pos (-224.0, 0.0, 448.0) (total chunks: 722)
[23:18:28] TERRAIN: Creating chunk: (7.0, 14.0) at distance 13.89
[23:18:28] TERRAIN: Chunk (7.0, 14.0): TRIMESH collision created successfully (distance: 13.89, vertices: 8)
[23:18:28] TERRAIN: Chunk created successfully: (7.0, 14.0) at world pos (224.0, 0.0, 448.0) (total chunks: 723)
[23:18:28] TERRAIN: Creating chunk: (5.0, 15.0) at distance 13.93
[23:18:28] TERRAIN: Chunk (5.0, 15.0): TRIMESH collision created successfully (distance: 13.93, vertices: 8)
[23:18:28] TERRAIN: Chunk created successfully: (5.0, 15.0) at world pos (160.0, 0.0, 480.0) (total chunks: 724)
[23:18:28] TERRAIN: Creating chunk: (-5.0, 15.0) at distance 13.93
[23:18:28] TERRAIN: Chunk (-5.0, 15.0): TRIMESH collision created successfully (distance: 13.93, vertices: 8)
[23:18:28] TERRAIN: Chunk created successfully: (-5.0, 15.0) at world pos (-160.0, 0.0, 480.0) (total chunks: 725)
[23:18:28] TERRAIN: Creating chunk: (0.0, 16.0) at distance 14.00
[23:18:28] TERRAIN: Chunk (0.0, 16.0): TRIMESH collision created successfully (distance: 14.00, vertices: 8)
[23:18:28] TERRAIN: Chunk created successfully: (0.0, 16.0) at world pos (0.0, 0.0, 512.0) (total chunks: 726)
[23:18:28] TERRAIN: Creating chunk: (-1.0, 16.0) at distance 14.04
[23:18:28] TERRAIN: Chunk (-1.0, 16.0): TRIMESH collision created successfully (distance: 14.04, vertices: 8)
[23:18:28] TERRAIN: Chunk created successfully: (-1.0, 16.0) at world pos (-32.0, 0.0, 512.0) (total chunks: 727)
[23:18:28] TERRAIN: Creating chunk: (1.0, 16.0) at distance 14.04
[23:18:28] TERRAIN: Chunk (1.0, 16.0): TRIMESH collision created successfully (distance: 14.04, vertices: 8)
[23:18:28] TERRAIN: Chunk created successfully: (1.0, 16.0) at world pos (32.0, 0.0, 512.0) (total chunks: 728)
[23:18:28] TERRAIN: Creating chunk: (-2.0, 16.0) at distance 14.14
[23:18:28] TERRAIN: Chunk (-2.0, 16.0): TRIMESH collision created successfully (distance: 14.14, vertices: 8)
[23:18:28] TERRAIN: Chunk created successfully: (-2.0, 16.0) at world pos (-64.0, 0.0, 512.0) (total chunks: 729)
[23:18:28] TERRAIN: Creating chunk: (2.0, 16.0) at distance 14.14
[23:18:28] TERRAIN: Chunk (2.0, 16.0): TRIMESH collision created successfully (distance: 14.14, vertices: 8)
[23:18:28] TERRAIN: Chunk created successfully: (2.0, 16.0) at world pos (64.0, 0.0, 512.0) (total chunks: 730)
[23:18:28] TERRAIN: Creating chunk: (-10.0, 12.0) at distance 14.14
[23:18:28] TERRAIN: Chunk (-10.0, 12.0): TRIMESH collision created successfully (distance: 14.14, vertices: 8)
[23:18:28] TERRAIN: Chunk created successfully: (-10.0, 12.0) at world pos (-320.0, 0.0, 384.0) (total chunks: 731)
[23:18:28] TERRAIN: Creating chunk: (10.0, 12.0) at distance 14.14
[23:18:28] TERRAIN: Chunk (10.0, 12.0): TRIMESH collision created successfully (distance: 14.14, vertices: 8)
[23:18:28] TERRAIN: Chunk created successfully: (10.0, 12.0) at world pos (320.0, 0.0, 384.0) (total chunks: 732)
[23:18:28] TERRAIN: Creating chunk: (-9.0, 13.0) at distance 14.21
[23:18:28] TERRAIN: Chunk (-9.0, 13.0): TRIMESH collision created successfully (distance: 14.21, vertices: 8)
[23:18:28] TERRAIN: Chunk created successfully: (-9.0, 13.0) at world pos (-288.0, 0.0, 416.0) (total chunks: 733)
[23:18:28] TERRAIN: Creating chunk: (-11.0, 11.0) at distance 14.21
[23:18:28] TERRAIN: Chunk (-11.0, 11.0): TRIMESH collision created successfully (distance: 14.21, vertices: 8)
[23:18:28] TERRAIN: Chunk created successfully: (-11.0, 11.0) at world pos (-352.0, 0.0, 352.0) (total chunks: 734)
[23:18:28] TERRAIN: Creating chunk: (9.0, 13.0) at distance 14.21
[23:18:28] TERRAIN: Chunk (9.0, 13.0): TRIMESH collision created successfully (distance: 14.21, vertices: 8)
[23:18:28] TERRAIN: Chunk created successfully: (9.0, 13.0) at world pos (288.0, 0.0, 416.0) (total chunks: 735)
[23:18:28] TERRAIN: Creating chunk: (11.0, 11.0) at distance 14.21
[23:18:28] TERRAIN: Chunk (11.0, 11.0): TRIMESH collision created successfully (distance: 14.21, vertices: 8)
[23:18:28] TERRAIN: Chunk created successfully: (11.0, 11.0) at world pos (352.0, 0.0, 352.0) (total chunks: 736)
[23:18:28] TERRAIN: Creating chunk: (-6.0, 15.0) at distance 14.32
[23:18:28] TERRAIN: Chunk (-6.0, 15.0): TRIMESH collision created successfully (distance: 14.32, vertices: 8)
[23:18:28] TERRAIN: Chunk created successfully: (-6.0, 15.0) at world pos (-192.0, 0.0, 480.0) (total chunks: 737)
[23:18:28] TERRAIN: Creating chunk: (3.0, 16.0) at distance 14.32
[23:18:28] TERRAIN: Chunk (3.0, 16.0): TRIMESH collision created successfully (distance: 14.32, vertices: 8)
[23:18:28] TERRAIN: Chunk created successfully: (3.0, 16.0) at world pos (96.0, 0.0, 512.0) (total chunks: 738)
[23:18:28] TERRAIN: Creating chunk: (6.0, 15.0) at distance 14.32
[23:18:28] TERRAIN: Chunk (6.0, 15.0): TRIMESH collision created successfully (distance: 14.32, vertices: 8)
[23:18:28] TERRAIN: Chunk created successfully: (6.0, 15.0) at world pos (192.0, 0.0, 480.0) (total chunks: 739)
[23:18:28] TERRAIN: Creating chunk: (-3.0, 16.0) at distance 14.32
[23:18:28] TERRAIN: Chunk (-3.0, 16.0): TRIMESH collision created successfully (distance: 14.32, vertices: 8)
[23:18:28] TERRAIN: Chunk created successfully: (-3.0, 16.0) at world pos (-96.0, 0.0, 512.0) (total chunks: 740)
[23:18:28] TERRAIN: Creating chunk: (13.0, 8.0) at distance 14.32
[23:18:28] TERRAIN: Chunk (13.0, 8.0): TRIMESH collision created successfully (distance: 14.32, vertices: 8)
[23:18:28] TERRAIN: Chunk created successfully: (13.0, 8.0) at world pos (416.0, 0.0, 256.0) (total chunks: 741)
[23:18:28] TERRAIN: Creating chunk: (-13.0, 8.0) at distance 14.32
[23:18:28] TERRAIN: Chunk (-13.0, 8.0): TRIMESH collision created successfully (distance: 14.32, vertices: 8)
[23:18:28] TERRAIN: Chunk created successfully: (-13.0, 8.0) at world pos (-416.0, 0.0, 256.0) (total chunks: 742)
[23:18:28] TERRAIN: Creating chunk: (8.0, 14.0) at distance 14.42
[23:18:28] TERRAIN: Chunk (8.0, 14.0): TRIMESH collision created successfully (distance: 14.42, vertices: 8)
[23:18:28] TERRAIN: Chunk created successfully: (8.0, 14.0) at world pos (256.0, 0.0, 448.0) (total chunks: 743)
[23:18:28] TERRAIN: Creating chunk: (12.0, 10.0) at distance 14.42
[23:18:28] TERRAIN: Chunk (12.0, 10.0): TRIMESH collision created successfully (distance: 14.42, vertices: 8)
[23:18:28] TERRAIN: Chunk created successfully: (12.0, 10.0) at world pos (384.0, 0.0, 320.0) (total chunks: 744)
[23:18:28] TERRAIN: Creating chunk: (-12.0, 10.0) at distance 14.42
[23:18:28] TERRAIN: Chunk (-12.0, 10.0): TRIMESH collision created successfully (distance: 14.42, vertices: 8)
[23:18:28] TERRAIN: Chunk created successfully: (-12.0, 10.0) at world pos (-384.0, 0.0, 320.0) (total chunks: 745)
[23:18:28] TERRAIN: Creating chunk: (-8.0, 14.0) at distance 14.42
[23:18:28] TERRAIN: Chunk (-8.0, 14.0): TRIMESH collision created successfully (distance: 14.42, vertices: 8)
[23:18:28] TERRAIN: Chunk created successfully: (-8.0, 14.0) at world pos (-256.0, 0.0, 448.0) (total chunks: 746)
[23:18:28] TERRAIN: Creating chunk: (-14.0, 6.0) at distance 14.56
[23:18:28] TERRAIN: Chunk (-14.0, 6.0): TRIMESH collision created successfully (distance: 14.56, vertices: 8)
[23:18:28] TERRAIN: Chunk created successfully: (-14.0, 6.0) at world pos (-448.0, 0.0, 192.0) (total chunks: 747)
[23:18:28] TERRAIN: Creating chunk: (-4.0, 16.0) at distance 14.56
[23:18:28] TERRAIN: Chunk (-4.0, 16.0): TRIMESH collision created successfully (distance: 14.56, vertices: 8)
[23:18:28] TERRAIN: Chunk created successfully: (-4.0, 16.0) at world pos (-128.0, 0.0, 512.0) (total chunks: 748)
[23:18:28] TERRAIN: Creating chunk: (4.0, 16.0) at distance 14.56
[23:18:28] TERRAIN: Chunk (4.0, 16.0): TRIMESH collision created successfully (distance: 14.56, vertices: 8)
[23:18:28] TERRAIN: Chunk created successfully: (4.0, 16.0) at world pos (128.0, 0.0, 512.0) (total chunks: 749)
[23:18:28] TERRAIN: Creating chunk: (14.0, 6.0) at distance 14.56
[23:18:28] TERRAIN: Chunk (14.0, 6.0): TRIMESH collision created successfully (distance: 14.56, vertices: 8)
[23:18:28] TERRAIN: Chunk created successfully: (14.0, 6.0) at world pos (448.0, 0.0, 192.0) (total chunks: 750)
[23:18:28] TERRAIN: Creating chunk: (-13.0, 9.0) at distance 14.76
[23:18:28] TERRAIN: Chunk (-13.0, 9.0): TRIMESH collision created successfully (distance: 14.76, vertices: 8)
[23:18:28] TERRAIN: Chunk created successfully: (-13.0, 9.0) at world pos (-416.0, 0.0, 288.0) (total chunks: 751)
[23:18:28] TERRAIN: Creating chunk: (7.0, 15.0) at distance 14.76
[23:18:28] TERRAIN: Chunk (7.0, 15.0): TRIMESH collision created successfully (distance: 14.76, vertices: 8)
[23:18:28] TERRAIN: Chunk created successfully: (7.0, 15.0) at world pos (224.0, 0.0, 480.0) (total chunks: 752)
[23:18:28] TERRAIN: Creating chunk: (-7.0, 15.0) at distance 14.76
[23:18:28] TERRAIN: Chunk (-7.0, 15.0): TRIMESH collision created successfully (distance: 14.76, vertices: 8)
[23:18:28] TERRAIN: Chunk created successfully: (-7.0, 15.0) at world pos (-224.0, 0.0, 480.0) (total chunks: 753)
[23:18:28] TERRAIN: Creating chunk: (13.0, 9.0) at distance 14.76
[23:18:28] TERRAIN: Chunk (13.0, 9.0): TRIMESH collision created successfully (distance: 14.76, vertices: 8)
[23:18:28] TERRAIN: Chunk created successfully: (13.0, 9.0) at world pos (416.0, 0.0, 288.0) (total chunks: 754)
[23:18:28] TERRAIN: Creating chunk: (-10.0, 13.0) at distance 14.87
[23:18:28] TERRAIN: Chunk (-10.0, 13.0): TRIMESH collision created successfully (distance: 14.87, vertices: 8)
[23:18:28] TERRAIN: Chunk created successfully: (-10.0, 13.0) at world pos (-320.0, 0.0, 416.0) (total chunks: 755)
[23:18:28] TERRAIN: Creating chunk: (5.0, 16.0) at distance 14.87
[23:18:28] TERRAIN: Chunk (5.0, 16.0): TRIMESH collision created successfully (distance: 14.87, vertices: 8)
[23:18:28] TERRAIN: Chunk created successfully: (5.0, 16.0) at world pos (160.0, 0.0, 512.0) (total chunks: 756)
[23:18:28] TERRAIN: Creating chunk: (-11.0, 12.0) at distance 14.87
[23:18:28] TERRAIN: Chunk (-11.0, 12.0): TRIMESH collision created successfully (distance: 14.87, vertices: 8)
[23:18:28] TERRAIN: Chunk created successfully: (-11.0, 12.0) at world pos (-352.0, 0.0, 384.0) (total chunks: 757)
[23:18:28] TERRAIN: Creating chunk: (14.0, 7.0) at distance 14.87
[23:18:28] TERRAIN: Chunk (14.0, 7.0): TRIMESH collision created successfully (distance: 14.87, vertices: 8)
[23:18:28] TERRAIN: Chunk created successfully: (14.0, 7.0) at world pos (448.0, 0.0, 224.0) (total chunks: 758)
[23:18:28] TERRAIN: Creating chunk: (-5.0, 16.0) at distance 14.87
[23:18:28] TERRAIN: Chunk (-5.0, 16.0): TRIMESH collision created successfully (distance: 14.87, vertices: 8)
[23:18:28] TERRAIN: Chunk created successfully: (-5.0, 16.0) at world pos (-160.0, 0.0, 512.0) (total chunks: 759)
[23:18:28] TERRAIN: Creating chunk: (-14.0, 7.0) at distance 14.87
[23:18:28] TERRAIN: Chunk (-14.0, 7.0): TRIMESH collision created successfully (distance: 14.87, vertices: 8)
[23:18:28] TERRAIN: Chunk created successfully: (-14.0, 7.0) at world pos (-448.0, 0.0, 224.0) (total chunks: 760)
[23:18:28] TERRAIN: Creating chunk: (10.0, 13.0) at distance 14.87
[23:18:28] TERRAIN: Chunk (10.0, 13.0): TRIMESH collision created successfully (distance: 14.87, vertices: 8)
[23:18:28] TERRAIN: Chunk created successfully: (10.0, 13.0) at world pos (320.0, 0.0, 416.0) (total chunks: 761)
[23:18:28] TERRAIN: Creating chunk: (11.0, 12.0) at distance 14.87
[23:18:28] TERRAIN: Chunk (11.0, 12.0): TRIMESH collision created successfully (distance: 14.87, vertices: 8)
[23:18:28] TERRAIN: Chunk created successfully: (11.0, 12.0) at world pos (352.0, 0.0, 384.0) (total chunks: 762)
[23:18:28] TERRAIN: Creating chunk: (15.0, 2.0) at distance 15.00
[23:18:28] TERRAIN: Chunk (15.0, 2.0): TRIMESH collision created successfully (distance: 15.00, vertices: 8)
[23:18:28] TERRAIN: Chunk created successfully: (15.0, 2.0) at world pos (480.0, 0.0, 64.0) (total chunks: 763)
[23:18:28] TERRAIN: Creating chunk: (12.0, 11.0) at distance 15.00
[23:18:28] TERRAIN: Chunk (12.0, 11.0): TRIMESH collision created successfully (distance: 15.00, vertices: 8)
[23:18:28] TERRAIN: Chunk created successfully: (12.0, 11.0) at world pos (384.0, 0.0, 352.0) (total chunks: 764)
[23:18:28] TERRAIN: Creating chunk: (9.0, 14.0) at distance 15.00
[23:18:28] TERRAIN: Chunk (9.0, 14.0): TRIMESH collision created successfully (distance: 15.00, vertices: 8)
[23:18:28] TERRAIN: Chunk created successfully: (9.0, 14.0) at world pos (288.0, 0.0, 448.0) (total chunks: 765)
[23:18:28] PLAYER: Pos: (14.44046, 0.030571, 65.30982) | Chunk: (0.0, 2.0) | TerrainHeight: 0.03 | HeightDiff: 0.00 | OnFloor: true
[23:18:28] PLAYER: CHUNK CHANGED: (0.0, 1.0) -> (0.0, 2.0)
[23:18:28] TERRAIN: Creating chunk: (0.0, 17.0) at distance 15.00
[23:18:28] TERRAIN: Chunk (0.0, 17.0): TRIMESH collision created successfully (distance: 15.00, vertices: 8)
[23:18:28] TERRAIN: Chunk created successfully: (0.0, 17.0) at world pos (0.0, 0.0, 544.0) (total chunks: 766)
[23:18:28] TERRAIN: Creating chunk: (-9.0, 14.0) at distance 15.00
[23:18:28] TERRAIN: Chunk (-9.0, 14.0): TRIMESH collision created successfully (distance: 15.00, vertices: 8)
[23:18:28] TERRAIN: Chunk created successfully: (-9.0, 14.0) at world pos (-288.0, 0.0, 448.0) (total chunks: 767)
[23:18:28] TERRAIN: Creating chunk: (-12.0, 11.0) at distance 15.00
[23:18:28] TERRAIN: Chunk (-12.0, 11.0): TRIMESH collision created successfully (distance: 15.00, vertices: 8)
[23:18:28] TERRAIN: Chunk created successfully: (-12.0, 11.0) at world pos (-384.0, 0.0, 352.0) (total chunks: 768)
[23:18:28] TERRAIN: Creating chunk: (-15.0, 2.0) at distance 15.00
[23:18:28] TERRAIN: Chunk (-15.0, 2.0): TRIMESH collision created successfully (distance: 15.00, vertices: 8)
[23:18:28] TERRAIN: Chunk created successfully: (-15.0, 2.0) at world pos (-480.0, 0.0, 64.0) (total chunks: 769)
[23:18:29] PLAYER: Pos: (11.76957, 0.030837, 69.26125) | Chunk: (0.0, 2.0) | TerrainHeight: 0.03 | HeightDiff: 0.00 | OnFloor: true
[23:18:30] PLAYER: Pos: (8.722492, 0.039389, 73.20473) | Chunk: (0.0, 2.0) | TerrainHeight: 0.04 | HeightDiff: -0.00 | OnFloor: true
[23:18:31] PLAYER: Pos: (4.816356, 0.039258, 75.85423) | Chunk: (0.0, 2.0) | TerrainHeight: 0.04 | HeightDiff: -0.00 | OnFloor: true
[23:18:32] PLAYER: Pos: (0.600246, 0.039919, 78.482) | Chunk: (0.0, 2.0) | TerrainHeight: 0.04 | HeightDiff: 0.00 | OnFloor: true
[23:18:32] TERRAIN: Player moved to new chunk: (-1.0, 2.0) (was (0.0, 2.0))
[23:18:33] PLAYER: Pos: (-2.838402, 0.046135, 82.03575) | Chunk: (-1.0, 2.0) | TerrainHeight: 0.05 | HeightDiff: 0.00 | OnFloor: true
[23:18:33] PLAYER: CHUNK CHANGED: (0.0, 2.0) -> (-1.0, 2.0)
[23:18:34] PLAYER: Pos: (-4.440801, 0.050312, 83.6151) | Chunk: (-1.0, 2.0) | TerrainHeight: 0.05 | HeightDiff: -0.00 | OnFloor: true
[23:18:35] PLAYER: Pos: (-4.440801, 0.050312, 83.6151) | Chunk: (-1.0, 2.0) | TerrainHeight: 0.05 | HeightDiff: -0.00 | OnFloor: true
[23:18:36] PLAYER: Pos: (-7.558952, 0.054455, 84.7913) | Chunk: (-1.0, 2.0) | TerrainHeight: 0.06 | HeightDiff: -0.00 | OnFloor: true
[23:18:37] PLAYER: Pos: (-12.39846, 0.045568, 85.91672) | Chunk: (-1.0, 2.0) | TerrainHeight: 0.05 | HeightDiff: -0.00 | OnFloor: true
[23:18:38] PLAYER: Pos: (-17.17551, 0.030529, 84.96111) | Chunk: (-1.0, 2.0) | TerrainHeight: 0.03 | HeightDiff: 0.00 | OnFloor: true
[23:18:39] PLAYER: Pos: (-22.14264, 0.021894, 84.57468) | Chunk: (-1.0, 2.0) | TerrainHeight: 0.02 | HeightDiff: -0.00 | OnFloor: true
[23:18:40] PLAYER: Pos: (-25.33031, 0.019269, 87.88829) | Chunk: (-1.0, 2.0) | TerrainHeight: 0.02 | HeightDiff: 0.00 | OnFloor: true
[23:18:41] PLAYER: Pos: (-26.60981, 0.027909, 92.27925) | Chunk: (-1.0, 2.0) | TerrainHeight: 0.03 | HeightDiff: 0.00 | OnFloor: true
[23:18:42] PLAYER: Pos: (-30.25792, 0.008134, 89.73521) | Chunk: (-1.0, 2.0) | TerrainHeight: 0.01 | HeightDiff: -0.00 | OnFloor: true
[23:18:43] PLAYER: Pos: (-27.21156, 0.010045, 87.50495) | Chunk: (-1.0, 2.0) | TerrainHeight: 0.01 | HeightDiff: 0.00 | OnFloor: true
[23:18:44] PLAYER: Pos: (-27.04637, 0.02647, 92.26334) | Chunk: (-1.0, 2.0) | TerrainHeight: 0.03 | HeightDiff: 0.00 | OnFloor: true
[23:18:44] TERRAIN: Player moved to new chunk: (-1.0, 3.0) (was (-1.0, 2.0))
[23:18:44] TERRAIN: Updating terrain for player chunk: (-1.0, 3.0) (player pos: (-25.83661, 0.024095, 96.23738))
[23:18:44] TERRAIN: Player chunk (-1.0, 3.0) distance: 0.00 (max_distance: 20)
[23:18:44] TERRAIN: Queuing 40 new chunks for generation
[23:18:44] TERRAIN: Queued chunk: (-13.0, 10.0) (distance: 13.89)
[23:18:44] TERRAIN: Queued chunk: (-8.0, 15.0) (distance: 13.89)
[23:18:44] TERRAIN: Queued chunk: (-14.0, 8.0) (distance: 13.93)
[23:18:44] TERRAIN: Queued chunk: (-6.0, 16.0) (distance: 13.93)
[23:18:44] TERRAIN: Queued chunk: (-1.0, 17.0) (distance: 14.00)
[23:18:44] TERRAIN: Queued chunk: (-15.0, 3.0) (distance: 14.00)
[23:18:44] TERRAIN: Queued chunk: (-15.0, 4.0) (distance: 14.04)
[23:18:44] TERRAIN: Queued chunk: (-2.0, 17.0) (distance: 14.04)
[23:18:44] TERRAIN: Queued chunk: (-11.0, 13.0) (distance: 14.14)
[23:18:44] TERRAIN: Queued chunk: (1.0, 17.0) (distance: 14.14)
[23:18:44] TERRAIN: Queued chunk: (-15.0, 1.0) (distance: 14.14)
[23:18:44] TERRAIN: Queued chunk: (-15.0, 5.0) (distance: 14.14)
[23:18:44] TERRAIN: Queued chunk: (-3.0, 17.0) (distance: 14.14)
[23:18:44] TERRAIN: Queued chunk: (-12.0, 12.0) (distance: 14.21)
[23:18:44] TERRAIN: Queued chunk: (-10.0, 14.0) (distance: 14.21)
[23:18:44] TERRAIN: Queued chunk: (-7.0, 16.0) (distance: 14.32)
[23:18:44] TERRAIN: Queued chunk: (-4.0, 17.0) (distance: 14.32)
[23:18:44] TERRAIN: Queued chunk: (2.0, 17.0) (distance: 14.32)
[23:18:44] TERRAIN: Queued chunk: (-14.0, 9.0) (distance: 14.32)
[23:18:44] TERRAIN: Queued chunk: (-15.0, 6.0) (distance: 14.32)
[23:18:44] TERRAIN: Queued chunk: (-9.0, 15.0) (distance: 14.42)
[23:18:44] TERRAIN: Queued chunk: (-13.0, 11.0) (distance: 14.42)
[23:18:44] TERRAIN: Queued chunk: (3.0, 17.0) (distance: 14.56)
[23:18:44] TERRAIN: Queued chunk: (-15.0, -1.0) (distance: 14.56)
[23:18:44] TERRAIN: Queued chunk: (-5.0, 17.0) (distance: 14.56)
[23:18:44] TERRAIN: Queued chunk: (-15.0, 7.0) (distance: 14.56)
[23:18:44] TERRAIN: Queued chunk: (6.0, 16.0) (distance: 14.76)
[23:18:44] TERRAIN: Queued chunk: (-8.0, 16.0) (distance: 14.76)
[23:18:44] TERRAIN: Queued chunk: (-14.0, 10.0) (distance: 14.76)
[23:18:44] TERRAIN: Queued chunk: (-15.0, -2.0) (distance: 14.87)
[23:18:44] TERRAIN: Queued chunk: (-15.0, 8.0) (distance: 14.87)
[23:18:44] TERRAIN: Queued chunk: (-6.0, 17.0) (distance: 14.87)
[23:18:44] TERRAIN: Queued chunk: (4.0, 17.0) (distance: 14.87)
[23:18:44] TERRAIN: Queued chunk: (-11.0, 14.0) (distance: 14.87)
[23:18:44] TERRAIN: Queued chunk: (-12.0, 13.0) (distance: 14.87)
[23:18:44] TERRAIN: Queued chunk: (8.0, 15.0) (distance: 15.00)
[23:18:44] TERRAIN: Queued chunk: (-1.0, 18.0) (distance: 15.00)
[23:18:44] TERRAIN: Queued chunk: (-10.0, 15.0) (distance: 15.00)
[23:18:44] TERRAIN: Queued chunk: (-13.0, 12.0) (distance: 15.00)
[23:18:44] TERRAIN: Queued chunk: (-16.0, 3.0) (distance: 15.00)
[23:18:44] TERRAIN: Creating chunk: (-13.0, 10.0) at distance 13.89
[23:18:44] TERRAIN: Chunk (-13.0, 10.0): TRIMESH collision created successfully (distance: 13.89, vertices: 8)
[23:18:44] TERRAIN: Chunk created successfully: (-13.0, 10.0) at world pos (-416.0, 0.0, 320.0) (total chunks: 770)
[23:18:45] TERRAIN: Creating chunk: (-8.0, 15.0) at distance 13.89
[23:18:45] TERRAIN: Chunk (-8.0, 15.0): TRIMESH collision created successfully (distance: 13.89, vertices: 8)
[23:18:45] TERRAIN: Chunk created successfully: (-8.0, 15.0) at world pos (-256.0, 0.0, 480.0) (total chunks: 771)
[23:18:45] TERRAIN: Creating chunk: (-14.0, 8.0) at distance 13.93
[23:18:45] TERRAIN: Chunk (-14.0, 8.0): TRIMESH collision created successfully (distance: 13.93, vertices: 8)
[23:18:45] TERRAIN: Chunk created successfully: (-14.0, 8.0) at world pos (-448.0, 0.0, 256.0) (total chunks: 772)
[23:18:45] TERRAIN: Creating chunk: (-6.0, 16.0) at distance 13.93
[23:18:45] TERRAIN: Chunk (-6.0, 16.0): TRIMESH collision created successfully (distance: 13.93, vertices: 8)
[23:18:45] TERRAIN: Chunk created successfully: (-6.0, 16.0) at world pos (-192.0, 0.0, 512.0) (total chunks: 773)
[23:18:45] TERRAIN: Creating chunk: (-1.0, 17.0) at distance 14.00
[23:18:45] TERRAIN: Chunk (-1.0, 17.0): TRIMESH collision created successfully (distance: 14.00, vertices: 8)
[23:18:45] TERRAIN: Chunk created successfully: (-1.0, 17.0) at world pos (-32.0, 0.0, 544.0) (total chunks: 774)
[23:18:45] TERRAIN: Creating chunk: (-15.0, 3.0) at distance 14.00
[23:18:45] TERRAIN: Chunk (-15.0, 3.0): TRIMESH collision created successfully (distance: 14.00, vertices: 8)
[23:18:45] TERRAIN: Chunk created successfully: (-15.0, 3.0) at world pos (-480.0, 0.0, 96.0) (total chunks: 775)
[23:18:45] TERRAIN: Creating chunk: (-15.0, 4.0) at distance 14.04
[23:18:45] TERRAIN: Chunk (-15.0, 4.0): TRIMESH collision created successfully (distance: 14.04, vertices: 8)
[23:18:45] TERRAIN: Chunk created successfully: (-15.0, 4.0) at world pos (-480.0, 0.0, 128.0) (total chunks: 776)
[23:18:45] TERRAIN: Creating chunk: (-2.0, 17.0) at distance 14.04
[23:18:45] TERRAIN: Chunk (-2.0, 17.0): TRIMESH collision created successfully (distance: 14.04, vertices: 8)
[23:18:45] TERRAIN: Chunk created successfully: (-2.0, 17.0) at world pos (-64.0, 0.0, 544.0) (total chunks: 777)
[23:18:45] TERRAIN: Creating chunk: (-11.0, 13.0) at distance 14.14
[23:18:45] TERRAIN: Chunk (-11.0, 13.0): TRIMESH collision created successfully (distance: 14.14, vertices: 8)
[23:18:45] TERRAIN: Chunk created successfully: (-11.0, 13.0) at world pos (-352.0, 0.0, 416.0) (total chunks: 778)
[23:18:45] TERRAIN: Creating chunk: (1.0, 17.0) at distance 14.14
[23:18:45] TERRAIN: Chunk (1.0, 17.0): TRIMESH collision created successfully (distance: 14.14, vertices: 8)
[23:18:45] TERRAIN: Chunk created successfully: (1.0, 17.0) at world pos (32.0, 0.0, 544.0) (total chunks: 779)
[23:18:45] TERRAIN: Creating chunk: (-15.0, 1.0) at distance 14.14
[23:18:45] TERRAIN: Chunk (-15.0, 1.0): TRIMESH collision created successfully (distance: 14.14, vertices: 8)
[23:18:45] TERRAIN: Chunk created successfully: (-15.0, 1.0) at world pos (-480.0, 0.0, 32.0) (total chunks: 780)
[23:18:45] TERRAIN: Creating chunk: (-15.0, 5.0) at distance 14.14
[23:18:45] TERRAIN: Chunk (-15.0, 5.0): TRIMESH collision created successfully (distance: 14.14, vertices: 8)
[23:18:45] TERRAIN: Chunk created successfully: (-15.0, 5.0) at world pos (-480.0, 0.0, 160.0) (total chunks: 781)
[23:18:45] TERRAIN: Creating chunk: (-3.0, 17.0) at distance 14.14
[23:18:45] TERRAIN: Chunk (-3.0, 17.0): TRIMESH collision created successfully (distance: 14.14, vertices: 8)
[23:18:45] TERRAIN: Chunk created successfully: (-3.0, 17.0) at world pos (-96.0, 0.0, 544.0) (total chunks: 782)
[23:18:45] TERRAIN: Creating chunk: (-12.0, 12.0) at distance 14.21
[23:18:45] TERRAIN: Chunk (-12.0, 12.0): TRIMESH collision created successfully (distance: 14.21, vertices: 8)
[23:18:45] TERRAIN: Chunk created successfully: (-12.0, 12.0) at world pos (-384.0, 0.0, 384.0) (total chunks: 783)
[23:18:45] TERRAIN: Creating chunk: (-10.0, 14.0) at distance 14.21
[23:18:45] TERRAIN: Chunk (-10.0, 14.0): TRIMESH collision created successfully (distance: 14.21, vertices: 8)
[23:18:45] TERRAIN: Chunk created successfully: (-10.0, 14.0) at world pos (-320.0, 0.0, 448.0) (total chunks: 784)
[23:18:45] TERRAIN: Creating chunk: (-7.0, 16.0) at distance 14.32
[23:18:45] TERRAIN: Chunk (-7.0, 16.0): TRIMESH collision created successfully (distance: 14.32, vertices: 8)
[23:18:45] TERRAIN: Chunk created successfully: (-7.0, 16.0) at world pos (-224.0, 0.0, 512.0) (total chunks: 785)
[23:18:45] TERRAIN: Creating chunk: (-4.0, 17.0) at distance 14.32
[23:18:45] TERRAIN: Chunk (-4.0, 17.0): TRIMESH collision created successfully (distance: 14.32, vertices: 8)
[23:18:45] TERRAIN: Chunk created successfully: (-4.0, 17.0) at world pos (-128.0, 0.0, 544.0) (total chunks: 786)
[23:18:45] TERRAIN: Creating chunk: (2.0, 17.0) at distance 14.32
[23:18:45] TERRAIN: Chunk (2.0, 17.0): TRIMESH collision created successfully (distance: 14.32, vertices: 8)
[23:18:45] TERRAIN: Chunk created successfully: (2.0, 17.0) at world pos (64.0, 0.0, 544.0) (total chunks: 787)
[23:18:45] TERRAIN: Creating chunk: (-14.0, 9.0) at distance 14.32
[23:18:45] TERRAIN: Chunk (-14.0, 9.0): TRIMESH collision created successfully (distance: 14.32, vertices: 8)
[23:18:45] TERRAIN: Chunk created successfully: (-14.0, 9.0) at world pos (-448.0, 0.0, 288.0) (total chunks: 788)
[23:18:45] TERRAIN: Creating chunk: (-15.0, 6.0) at distance 14.32
[23:18:45] TERRAIN: Chunk (-15.0, 6.0): TRIMESH collision created successfully (distance: 14.32, vertices: 8)
[23:18:45] TERRAIN: Chunk created successfully: (-15.0, 6.0) at world pos (-480.0, 0.0, 192.0) (total chunks: 789)
[23:18:45] TERRAIN: Creating chunk: (-9.0, 15.0) at distance 14.42
[23:18:45] TERRAIN: Chunk (-9.0, 15.0): TRIMESH collision created successfully (distance: 14.42, vertices: 8)
[23:18:45] TERRAIN: Chunk created successfully: (-9.0, 15.0) at world pos (-288.0, 0.0, 480.0) (total chunks: 790)
[23:18:45] TERRAIN: Creating chunk: (-13.0, 11.0) at distance 14.42
[23:18:45] TERRAIN: Chunk (-13.0, 11.0): TRIMESH collision created successfully (distance: 14.42, vertices: 8)
[23:18:45] TERRAIN: Chunk created successfully: (-13.0, 11.0) at world pos (-416.0, 0.0, 352.0) (total chunks: 791)
[23:18:45] TERRAIN: Creating chunk: (3.0, 17.0) at distance 14.56
[23:18:45] TERRAIN: Chunk (3.0, 17.0): TRIMESH collision created successfully (distance: 14.56, vertices: 8)
[23:18:45] TERRAIN: Chunk created successfully: (3.0, 17.0) at world pos (96.0, 0.0, 544.0) (total chunks: 792)
[23:18:45] TERRAIN: Creating chunk: (-15.0, -1.0) at distance 14.56
[23:18:45] TERRAIN: Chunk (-15.0, -1.0): TRIMESH collision created successfully (distance: 14.56, vertices: 8)
[23:18:45] TERRAIN: Chunk created successfully: (-15.0, -1.0) at world pos (-480.0, 0.0, -32.0) (total chunks: 793)
[23:18:45] TERRAIN: Creating chunk: (-5.0, 17.0) at distance 14.56
[23:18:45] TERRAIN: Chunk (-5.0, 17.0): TRIMESH collision created successfully (distance: 14.56, vertices: 8)
[23:18:45] TERRAIN: Chunk created successfully: (-5.0, 17.0) at world pos (-160.0, 0.0, 544.0) (total chunks: 794)
[23:18:45] TERRAIN: Creating chunk: (-15.0, 7.0) at distance 14.56
[23:18:45] TERRAIN: Chunk (-15.0, 7.0): TRIMESH collision created successfully (distance: 14.56, vertices: 8)
[23:18:45] TERRAIN: Chunk created successfully: (-15.0, 7.0) at world pos (-480.0, 0.0, 224.0) (total chunks: 795)
[23:18:45] TERRAIN: Creating chunk: (6.0, 16.0) at distance 14.76
[23:18:45] TERRAIN: Chunk (6.0, 16.0): TRIMESH collision created successfully (distance: 14.76, vertices: 8)
[23:18:45] TERRAIN: Chunk created successfully: (6.0, 16.0) at world pos (192.0, 0.0, 512.0) (total chunks: 796)
[23:18:45] TERRAIN: Creating chunk: (-8.0, 16.0) at distance 14.76
[23:18:45] TERRAIN: Chunk (-8.0, 16.0): TRIMESH collision created successfully (distance: 14.76, vertices: 8)
[23:18:45] TERRAIN: Chunk created successfully: (-8.0, 16.0) at world pos (-256.0, 0.0, 512.0) (total chunks: 797)
[23:18:45] TERRAIN: Creating chunk: (-14.0, 10.0) at distance 14.76
[23:18:45] TERRAIN: Chunk (-14.0, 10.0): TRIMESH collision created successfully (distance: 14.76, vertices: 8)
[23:18:45] TERRAIN: Chunk created successfully: (-14.0, 10.0) at world pos (-448.0, 0.0, 320.0) (total chunks: 798)
[23:18:45] TERRAIN: Creating chunk: (-15.0, -2.0) at distance 14.87
[23:18:45] TERRAIN: Chunk (-15.0, -2.0): TRIMESH collision created successfully (distance: 14.87, vertices: 8)
[23:18:45] TERRAIN: Chunk created successfully: (-15.0, -2.0) at world pos (-480.0, 0.0, -64.0) (total chunks: 799)
[23:18:45] TERRAIN: Creating chunk: (-15.0, 8.0) at distance 14.87
[23:18:45] TERRAIN: Chunk (-15.0, 8.0): TRIMESH collision created successfully (distance: 14.87, vertices: 8)
[23:18:45] TERRAIN: Chunk created successfully: (-15.0, 8.0) at world pos (-480.0, 0.0, 256.0) (total chunks: 800)
[23:18:45] TERRAIN: Creating chunk: (-6.0, 17.0) at distance 14.87
[23:18:45] TERRAIN: Chunk (-6.0, 17.0): TRIMESH collision created successfully (distance: 14.87, vertices: 8)
[23:18:45] TERRAIN: Chunk created successfully: (-6.0, 17.0) at world pos (-192.0, 0.0, 544.0) (total chunks: 801)
[23:18:45] TERRAIN: Creating chunk: (4.0, 17.0) at distance 14.87
[23:18:45] TERRAIN: Chunk (4.0, 17.0): TRIMESH collision created successfully (distance: 14.87, vertices: 8)
[23:18:45] TERRAIN: Chunk created successfully: (4.0, 17.0) at world pos (128.0, 0.0, 544.0) (total chunks: 802)
[23:18:45] TERRAIN: Creating chunk: (-11.0, 14.0) at distance 14.87
[23:18:45] TERRAIN: Chunk (-11.0, 14.0): TRIMESH collision created successfully (distance: 14.87, vertices: 8)
[23:18:45] TERRAIN: Chunk created successfully: (-11.0, 14.0) at world pos (-352.0, 0.0, 448.0) (total chunks: 803)
[23:18:45] TERRAIN: Creating chunk: (-12.0, 13.0) at distance 14.87
[23:18:45] TERRAIN: Chunk (-12.0, 13.0): TRIMESH collision created successfully (distance: 14.87, vertices: 8)
[23:18:45] TERRAIN: Chunk created successfully: (-12.0, 13.0) at world pos (-384.0, 0.0, 416.0) (total chunks: 804)
[23:18:45] TERRAIN: Creating chunk: (8.0, 15.0) at distance 15.00
[23:18:45] TERRAIN: Chunk (8.0, 15.0): TRIMESH collision created successfully (distance: 15.00, vertices: 8)
[23:18:45] TERRAIN: Chunk created successfully: (8.0, 15.0) at world pos (256.0, 0.0, 480.0) (total chunks: 805)
[23:18:45] TERRAIN: Creating chunk: (-1.0, 18.0) at distance 15.00
[23:18:45] TERRAIN: Chunk (-1.0, 18.0): TRIMESH collision created successfully (distance: 15.00, vertices: 8)
[23:18:45] TERRAIN: Chunk created successfully: (-1.0, 18.0) at world pos (-32.0, 0.0, 576.0) (total chunks: 806)
[23:18:45] TERRAIN: Creating chunk: (-10.0, 15.0) at distance 15.00
[23:18:45] TERRAIN: Chunk (-10.0, 15.0): TRIMESH collision created successfully (distance: 15.00, vertices: 8)
[23:18:45] TERRAIN: Chunk created successfully: (-10.0, 15.0) at world pos (-320.0, 0.0, 480.0) (total chunks: 807)
[23:18:45] TERRAIN: Creating chunk: (-13.0, 12.0) at distance 15.00
[23:18:45] TERRAIN: Chunk (-13.0, 12.0): TRIMESH collision created successfully (distance: 15.00, vertices: 8)
[23:18:45] TERRAIN: Chunk created successfully: (-13.0, 12.0) at world pos (-416.0, 0.0, 384.0) (total chunks: 808)
[23:18:45] TERRAIN: Creating chunk: (-16.0, 3.0) at distance 15.00
[23:18:45] TERRAIN: Chunk (-16.0, 3.0): TRIMESH collision created successfully (distance: 15.00, vertices: 8)
[23:18:45] TERRAIN: Chunk created successfully: (-16.0, 3.0) at world pos (-512.0, 0.0, 96.0) (total chunks: 809)
[23:18:45] PLAYER: Pos: (-25.54153, 0.021905, 97.01667) | Chunk: (-1.0, 3.0) | TerrainHeight: 0.02 | HeightDiff: -0.00 | OnFloor: true
[23:18:45] PLAYER: CHUNK CHANGED: (-1.0, 2.0) -> (-1.0, 3.0)
[23:18:46] PLAYER: Pos: (-24.07021, 0.00737, 100.5543) | Chunk: (-1.0, 3.0) | TerrainHeight: 0.00 | HeightDiff: 0.01 | OnFloor: true
[23:18:47] PLAYER: Pos: (-24.07021, 0.00737, 100.5543) | Chunk: (-1.0, 3.0) | TerrainHeight: 0.00 | HeightDiff: 0.01 | OnFloor: true
[23:18:48] PLAYER: Pos: (-24.07021, 0.00737, 100.5543) | Chunk: (-1.0, 3.0) | TerrainHeight: 0.00 | HeightDiff: 0.01 | OnFloor: true
[23:18:49] PLAYER: Pos: (-24.07021, 0.00737, 100.5543) | Chunk: (-1.0, 3.0) | TerrainHeight: 0.00 | HeightDiff: 0.01 | OnFloor: true
[23:18:50] PLAYER: Pos: (-24.07021, 0.00737, 100.5543) | Chunk: (-1.0, 3.0) | TerrainHeight: 0.00 | HeightDiff: 0.01 | OnFloor: true
[23:18:51] PLAYER: Pos: (-24.07021, 0.00737, 100.5543) | Chunk: (-1.0, 3.0) | TerrainHeight: 0.00 | HeightDiff: 0.01 | OnFloor: true
[23:18:52] PLAYER: Pos: (-24.07021, 0.00737, 100.5543) | Chunk: (-1.0, 3.0) | TerrainHeight: 0.00 | HeightDiff: 0.01 | OnFloor: true
[23:18:53] PLAYER: Pos: (-24.07021, 0.00737, 100.5543) | Chunk: (-1.0, 3.0) | TerrainHeight: 0.00 | HeightDiff: 0.01 | OnFloor: true
[23:18:54] PLAYER: Pos: (-24.07021, 0.00737, 100.5543) | Chunk: (-1.0, 3.0) | TerrainHeight: 0.00 | HeightDiff: 0.01 | OnFloor: true
[23:18:55] PLAYER: Pos: (-24.07021, 0.00737, 100.5543) | Chunk: (-1.0, 3.0) | TerrainHeight: 0.00 | HeightDiff: 0.01 | OnFloor: true
[23:18:56] PLAYER: Pos: (-24.07021, 0.00737, 100.5543) | Chunk: (-1.0, 3.0) | TerrainHeight: 0.00 | HeightDiff: 0.01 | OnFloor: true
[23:18:57] PLAYER: Pos: (-24.07021, 0.00737, 100.5543) | Chunk: (-1.0, 3.0) | TerrainHeight: 0.00 | HeightDiff: 0.01 | OnFloor: true
[23:18:58] PLAYER: Pos: (-24.07021, 0.00737, 100.5543) | Chunk: (-1.0, 3.0) | TerrainHeight: 0.00 | HeightDiff: 0.01 | OnFloor: true
[23:18:59] PLAYER: Pos: (-24.07021, 0.00737, 100.5543) | Chunk: (-1.0, 3.0) | TerrainHeight: 0.00 | HeightDiff: 0.01 | OnFloor: true
[23:19:00] PLAYER: Pos: (-24.07021, 0.00737, 100.5543) | Chunk: (-1.0, 3.0) | TerrainHeight: 0.00 | HeightDiff: 0.01 | OnFloor: true
[23:19:01] PLAYER: Pos: (-24.07021, 0.00737, 100.5543) | Chunk: (-1.0, 3.0) | TerrainHeight: 0.00 | HeightDiff: 0.01 | OnFloor: true
[23:19:02] PLAYER: Pos: (-24.07021, 0.00737, 100.5543) | Chunk: (-1.0, 3.0) | TerrainHeight: 0.00 | HeightDiff: 0.01 | OnFloor: true
[23:19:03] PLAYER: Pos: (-24.07021, 0.00737, 100.5543) | Chunk: (-1.0, 3.0) | TerrainHeight: 0.00 | HeightDiff: 0.01 | OnFloor: true
[23:19:04] PLAYER: Pos: (-24.07021, 0.00737, 100.5543) | Chunk: (-1.0, 3.0) | TerrainHeight: 0.00 | HeightDiff: 0.01 | OnFloor: true
[23:19:05] PLAYER: Pos: (-24.07021, 0.00737, 100.5543) | Chunk: (-1.0, 3.0) | TerrainHeight: 0.00 | HeightDiff: 0.01 | OnFloor: true
[23:19:06] PLAYER: Pos: (-24.07021, 0.00737, 100.5543) | Chunk: (-1.0, 3.0) | TerrainHeight: 0.00 | HeightDiff: 0.01 | OnFloor: true
[23:19:07] PLAYER: Pos: (-24.07021, 0.00737, 100.5543) | Chunk: (-1.0, 3.0) | TerrainHeight: 0.00 | HeightDiff: 0.01 | OnFloor: true
[23:19:08] PLAYER: Pos: (-24.07021, 0.00737, 100.5543) | Chunk: (-1.0, 3.0) | TerrainHeight: 0.00 | HeightDiff: 0.01 | OnFloor: true
[23:19:09] PLAYER: Pos: (-24.07021, 0.00737, 100.5543) | Chunk: (-1.0, 3.0) | TerrainHeight: 0.00 | HeightDiff: 0.01 | OnFloor: true
[23:19:10] PLAYER: Pos: (-24.07021, 0.00737, 100.5543) | Chunk: (-1.0, 3.0) | TerrainHeight: 0.00 | HeightDiff: 0.01 | OnFloor: true
[23:19:11] PLAYER: Pos: (-24.07021, 0.00737, 100.5543) | Chunk: (-1.0, 3.0) | TerrainHeight: 0.00 | HeightDiff: 0.01 | OnFloor: true
[23:19:12] PLAYER: Pos: (-24.07021, 0.00737, 100.5543) | Chunk: (-1.0, 3.0) | TerrainHeight: 0.00 | HeightDiff: 0.01 | OnFloor: true
[23:19:13] PLAYER: Pos: (-24.07021, 0.00737, 100.5543) | Chunk: (-1.0, 3.0) | TerrainHeight: 0.00 | HeightDiff: 0.01 | OnFloor: true
[23:19:14] PLAYER: Pos: (-24.07021, 0.00737, 100.5543) | Chunk: (-1.0, 3.0) | TerrainHeight: 0.00 | HeightDiff: 0.01 | OnFloor: true
[23:19:14] PLAYER: Pos: (-24.07021, 0.00737, 100.5543) | Chunk: (-1.0, 3.0) | TerrainHeight: 0.00 | HeightDiff: 0.01 | OnFloor: true
[23:19:15] PLAYER: Pos: (-24.07021, 0.00737, 100.5543) | Chunk: (-1.0, 3.0) | TerrainHeight: 0.00 | HeightDiff: 0.01 | OnFloor: true
[23:19:16] PLAYER: Pos: (-24.07021, 0.00737, 100.5543) | Chunk: (-1.0, 3.0) | TerrainHeight: 0.00 | HeightDiff: 0.01 | OnFloor: true
[23:19:17] PLAYER: Pos: (-24.07021, 0.00737, 100.5543) | Chunk: (-1.0, 3.0) | TerrainHeight: 0.00 | HeightDiff: 0.01 | OnFloor: true
[23:19:18] PLAYER: Pos: (-20.97532, 0.024346, 97.32987) | Chunk: (-1.0, 3.0) | TerrainHeight: 0.02 | HeightDiff: 0.00 | OnFloor: true
[23:19:19] TERRAIN: Player moved to new chunk: (-1.0, 2.0) (was (-1.0, 3.0))
[23:19:19] PLAYER: Pos: (-17.21828, 0.032825, 94.19186) | Chunk: (-1.0, 2.0) | TerrainHeight: 0.03 | HeightDiff: -0.00 | OnFloor: true
[23:19:19] PLAYER: CHUNK CHANGED: (-1.0, 3.0) -> (-1.0, 2.0)
[23:19:20] PLAYER: Pos: (-16.6117, 0.04141, 91.76289) | Chunk: (-1.0, 2.0) | TerrainHeight: 0.04 | HeightDiff: 0.00 | OnFloor: true
[23:19:21] PLAYER: Pos: (-17.23483, 0.040883, 87.64302) | Chunk: (-1.0, 2.0) | TerrainHeight: 0.04 | HeightDiff: 0.00 | OnFloor: true
[23:19:22] PLAYER: Pos: (-17.97013, 0.023857, 82.78157) | Chunk: (-1.0, 2.0) | TerrainHeight: 0.02 | HeightDiff: 0.00 | OnFloor: true
[23:19:23] PLAYER: Pos: (-18.71789, 0.002812, 77.83771) | Chunk: (-1.0, 2.0) | TerrainHeight: -0.00 | HeightDiff: 0.00 | OnFloor: true
[23:19:24] PLAYER: Pos: (-18.56518, -0.017256, 72.85151) | Chunk: (-1.0, 2.0) | TerrainHeight: -0.02 | HeightDiff: 0.00 | OnFloor: true
[23:19:25] PLAYER: Pos: (-18.23319, -0.03085, 67.86234) | Chunk: (-1.0, 2.0) | TerrainHeight: -0.03 | HeightDiff: 0.00 | OnFloor: true
[23:19:26] TERRAIN: Player moved to new chunk: (-1.0, 1.0) (was (-1.0, 2.0))
[23:19:26] TERRAIN: Updating terrain for player chunk: (-1.0, 1.0) (player pos: (-17.95653, -0.031209, 63.70472))
[23:19:26] TERRAIN: Player chunk (-1.0, 1.0) distance: 0.00 (max_distance: 20)
[23:19:26] TERRAIN: Queuing 5 new chunks for generation
[23:19:26] TERRAIN: Queued chunk: (-15.0, -3.0) (distance: 14.56)
[23:19:26] TERRAIN: Queued chunk: (-14.0, -6.0) (distance: 14.76)
[23:19:26] TERRAIN: Queued chunk: (-15.0, -4.0) (distance: 14.87)
[23:19:26] TERRAIN: Queued chunk: (-16.0, 1.0) (distance: 15.00)
[23:19:26] TERRAIN: Queued chunk: (-13.0, -8.0) (distance: 15.00)
[23:19:26] TERRAIN: Creating chunk: (-15.0, -3.0) at distance 14.56
[23:19:26] TERRAIN: Chunk (-15.0, -3.0): TRIMESH collision created successfully (distance: 14.56, vertices: 8)
[23:19:26] TERRAIN: Chunk created successfully: (-15.0, -3.0) at world pos (-480.0, 0.0, -96.0) (total chunks: 810)
[23:19:26] TERRAIN: Creating chunk: (-14.0, -6.0) at distance 14.76
[23:19:26] TERRAIN: Chunk (-14.0, -6.0): TRIMESH collision created successfully (distance: 14.76, vertices: 8)
[23:19:26] TERRAIN: Chunk created successfully: (-14.0, -6.0) at world pos (-448.0, 0.0, -192.0) (total chunks: 811)
[23:19:26] TERRAIN: Creating chunk: (-15.0, -4.0) at distance 14.87
[23:19:26] TERRAIN: Chunk (-15.0, -4.0): TRIMESH collision created successfully (distance: 14.87, vertices: 8)
[23:19:26] TERRAIN: Chunk created successfully: (-15.0, -4.0) at world pos (-480.0, 0.0, -128.0) (total chunks: 812)
[23:19:26] TERRAIN: Creating chunk: (-16.0, 1.0) at distance 15.00
[23:19:26] TERRAIN: Chunk (-16.0, 1.0): TRIMESH collision created successfully (distance: 15.00, vertices: 8)
[23:19:26] TERRAIN: Chunk created successfully: (-16.0, 1.0) at world pos (-512.0, 0.0, 32.0) (total chunks: 813)
[23:19:26] TERRAIN: Creating chunk: (-13.0, -8.0) at distance 15.00
[23:19:26] TERRAIN: Chunk (-13.0, -8.0): TRIMESH collision created successfully (distance: 15.00, vertices: 8)
[23:19:26] TERRAIN: Chunk created successfully: (-13.0, -8.0) at world pos (-416.0, 0.0, -256.0) (total chunks: 814)
[23:19:26] PLAYER: Pos: (-17.90122, -0.029062, 62.87325) | Chunk: (-1.0, 1.0) | TerrainHeight: -0.03 | HeightDiff: 0.00 | OnFloor: true
[23:19:26] PLAYER: CHUNK CHANGED: (-1.0, 2.0) -> (-1.0, 1.0)
[23:19:27] PLAYER: Pos: (-16.40763, -0.005227, 58.27954) | Chunk: (-1.0, 1.0) | TerrainHeight: -0.01 | HeightDiff: 0.00 | OnFloor: true
[23:19:28] PLAYER: Pos: (-14.09609, 0.019582, 54.1126) | Chunk: (-1.0, 1.0) | TerrainHeight: 0.03 | HeightDiff: -0.01 | OnFloor: true
[23:19:29] PLAYER: Pos: (-10.24193, 0.02686, 50.92761) | Chunk: (-1.0, 1.0) | TerrainHeight: 0.03 | HeightDiff: 0.00 | OnFloor: true
[23:19:30] PLAYER: Pos: (-6.38763, 0.014987, 47.74249) | Chunk: (-1.0, 1.0) | TerrainHeight: 0.01 | HeightDiff: 0.00 | OnFloor: true
[23:19:31] PLAYER: Pos: (-5.937963, 0.014987, 47.3709) | Chunk: (-1.0, 1.0) | TerrainHeight: 0.01 | HeightDiff: 0.00 | OnFloor: true
[23:19:32] PLAYER: Pos: (-5.937963, 0.014987, 47.3709) | Chunk: (-1.0, 1.0) | TerrainHeight: 0.01 | HeightDiff: 0.00 | OnFloor: true
[23:19:33] PLAYER: Pos: (-5.937963, 0.014987, 47.3709) | Chunk: (-1.0, 1.0) | TerrainHeight: 0.01 | HeightDiff: 0.00 | OnFloor: true
[23:19:34] PLAYER: Pos: (-4.781682, 0.013864, 46.41539) | Chunk: (-1.0, 1.0) | TerrainHeight: 0.01 | HeightDiff: 0.00 | OnFloor: true
[23:19:35] PLAYER: Pos: (-0.927458, 0.015875, 43.23045) | Chunk: (-1.0, 1.0) | TerrainHeight: 0.02 | HeightDiff: -0.00 | OnFloor: true
[23:19:36] TERRAIN: Player moved to new chunk: (0.0, 1.0) (was (-1.0, 1.0))
[23:19:36] PLAYER: Pos: (2.927139, 0.01109, 40.04587) | Chunk: (0.0, 1.0) | TerrainHeight: 0.01 | HeightDiff: 0.00 | OnFloor: true
[23:19:36] PLAYER: CHUNK CHANGED: (-1.0, 1.0) -> (0.0, 1.0)
[23:19:37] PLAYER: Pos: (7.260368, 0.016316, 37.56017) | Chunk: (0.0, 1.0) | TerrainHeight: 0.02 | HeightDiff: -0.00 | OnFloor: true
[23:19:38] PLAYER: Pos: (11.56635, 0.032962, 35.01917) | Chunk: (0.0, 1.0) | TerrainHeight: 0.03 | HeightDiff: -0.00 | OnFloor: true
[23:19:39] PLAYER: Pos: (16.3407, 0.037302, 33.67279) | Chunk: (0.0, 1.0) | TerrainHeight: 0.04 | HeightDiff: -0.00 | OnFloor: true
[23:19:40] TERRAIN: Player moved to new chunk: (0.0, 0.0) (was (0.0, 1.0))
[23:19:40] TERRAIN: Updating terrain for player chunk: (0.0, 0.0) (player pos: (20.14815, 0.043377, 31.98042))
[23:19:40] TERRAIN: Player chunk (0.0, 0.0) distance: 0.00 (max_distance: 20)
[23:19:40] PLAYER: Pos: (20.90964, 0.043377, 31.64194) | Chunk: (0.0, 0.0) | TerrainHeight: 0.05 | HeightDiff: -0.00 | OnFloor: true
[23:19:40] PLAYER: CHUNK CHANGED: (0.0, 1.0) -> (0.0, 0.0)
[23:19:41] PLAYER: Pos: (25.47858, 0.046047, 29.61109) | Chunk: (0.0, 0.0) | TerrainHeight: 0.05 | HeightDiff: 0.00 | OnFloor: true
[23:19:42] PLAYER: Pos: (30.04752, 0.044924, 27.58022) | Chunk: (0.0, 0.0) | TerrainHeight: 0.04 | HeightDiff: 0.00 | OnFloor: true
[23:19:43] TERRAIN: Player moved to new chunk: (1.0, 0.0) (was (0.0, 0.0))
[23:19:43] PLAYER: Pos: (34.61646, 0.050515, 25.54935) | Chunk: (1.0, 0.0) | TerrainHeight: 0.05 | HeightDiff: -0.00 | OnFloor: true
[23:19:43] PLAYER: CHUNK CHANGED: (0.0, 0.0) -> (1.0, 0.0)
[23:19:44] PLAYER: Pos: (39.18539, 0.046859, 23.51849) | Chunk: (1.0, 0.0) | TerrainHeight: 0.05 | HeightDiff: -0.00 | OnFloor: true
[23:19:45] PLAYER: Pos: (40.09919, 0.044173, 23.11231) | Chunk: (1.0, 0.0) | TerrainHeight: 0.04 | HeightDiff: -0.00 | OnFloor: true
[23:19:46] PLAYER: Pos: (40.09919, 0.044173, 23.11231) | Chunk: (1.0, 0.0) | TerrainHeight: 0.04 | HeightDiff: -0.00 | OnFloor: true
[23:19:47] PLAYER: Pos: (40.09919, 0.044173, 23.11231) | Chunk: (1.0, 0.0) | TerrainHeight: 0.04 | HeightDiff: -0.00 | OnFloor: true
[23:19:48] PLAYER: Pos: (40.09919, 0.044173, 23.11231) | Chunk: (1.0, 0.0) | TerrainHeight: 0.04 | HeightDiff: -0.00 | OnFloor: true
[23:19:49] PLAYER: Pos: (40.09919, 0.044173, 23.11231) | Chunk: (1.0, 0.0) | TerrainHeight: 0.04 | HeightDiff: -0.00 | OnFloor: true
[23:19:50] PLAYER: Pos: (40.09919, 0.044173, 23.11231) | Chunk: (1.0, 0.0) | TerrainHeight: 0.04 | HeightDiff: -0.00 | OnFloor: true
[23:19:51] PLAYER: Pos: (40.09919, 0.044173, 23.11231) | Chunk: (1.0, 0.0) | TerrainHeight: 0.04 | HeightDiff: -0.00 | OnFloor: true
[23:19:52] PLAYER: Pos: (40.09919, 0.044173, 23.11231) | Chunk: (1.0, 0.0) | TerrainHeight: 0.04 | HeightDiff: -0.00 | OnFloor: true
[23:19:53] PLAYER: Pos: (40.09919, 0.044173, 23.11231) | Chunk: (1.0, 0.0) | TerrainHeight: 0.04 | HeightDiff: -0.00 | OnFloor: true
[23:19:53] INFO: === DEBUG SESSION ENDED ===
