[13:44:48] INFO: === DEBUG SESSION STARTED ===
[13:44:48] INFO: Timestamp: 20251127_134448
[13:44:48] INFO: Godot Version: { "major": 4, "minor": 5, "patch": 0, "hex": 263424, "status": "stable", "build": "official", "hash": "876b290332ec6f2e6d173d08162a02aa7e6ca46d", "timestamp": 0, "string": "4.5-stable (official)" }
[13:44:48] TERRAIN: Updating terrain for player chunk: (0.0, 0.0) (player pos: (0.0, 1.902, 0.0))
[13:44:48] TERRAIN: Queuing 709 new chunks for generation
[13:44:48] TERRAIN: Queued chunk: (0.0, 0.0) (distance: 0.00)
[13:44:48] TERRAIN: Queued chunk: (0.0, -1.0) (distance: 1.00)
[13:44:48] TERRAIN: Queued chunk: (-1.0, 0.0) (distance: 1.00)
[13:44:48] TERRAIN: Queued chunk: (0.0, 1.0) (distance: 1.00)
[13:44:48] TERRAIN: Queued chunk: (1.0, 0.0) (distance: 1.00)
[13:44:48] TERRAIN: Queued chunk: (-1.0, 1.0) (distance: 1.41)
[13:44:48] TERRAIN: Queued chunk: (-1.0, -1.0) (distance: 1.41)
[13:44:48] TERRAIN: Queued chunk: (1.0, 1.0) (distance: 1.41)
[13:44:48] TERRAIN: Queued chunk: (1.0, -1.0) (distance: 1.41)
[13:44:48] TERRAIN: Queued chunk: (0.0, -2.0) (distance: 2.00)
[13:44:48] TERRAIN: Queued chunk: (0.0, 2.0) (distance: 2.00)
[13:44:48] TERRAIN: Queued chunk: (-2.0, 0.0) (distance: 2.00)
[13:44:48] TERRAIN: Queued chunk: (2.0, 0.0) (distance: 2.00)
[13:44:48] TERRAIN: Queued chunk: (-2.0, 1.0) (distance: 2.24)
[13:44:48] TERRAIN: Queued chunk: (-2.0, -1.0) (distance: 2.24)
[13:44:48] TERRAIN: Queued chunk: (1.0, 2.0) (distance: 2.24)
[13:44:48] TERRAIN: Queued chunk: (1.0, -2.0) (distance: 2.24)
[13:44:48] TERRAIN: Queued chunk: (-1.0, 2.0) (distance: 2.24)
[13:44:48] TERRAIN: Queued chunk: (2.0, 1.0) (distance: 2.24)
[13:44:48] TERRAIN: Queued chunk: (2.0, -1.0) (distance: 2.24)
[13:44:48] TERRAIN: Queued chunk: (-1.0, -2.0) (distance: 2.24)
[13:44:48] TERRAIN: Queued chunk: (2.0, 2.0) (distance: 2.83)
[13:44:48] TERRAIN: Queued chunk: (2.0, -2.0) (distance: 2.83)
[13:44:48] TERRAIN: Queued chunk: (-2.0, -2.0) (distance: 2.83)
[13:44:48] TERRAIN: Queued chunk: (-2.0, 2.0) (distance: 2.83)
[13:44:48] TERRAIN: Queued chunk: (0.0, -3.0) (distance: 3.00)
[13:44:48] TERRAIN: Queued chunk: (0.0, 3.0) (distance: 3.00)
[13:44:48] TERRAIN: Queued chunk: (3.0, 0.0) (distance: 3.00)
[13:44:48] TERRAIN: Queued chunk: (-3.0, 0.0) (distance: 3.00)
[13:44:48] TERRAIN: Queued chunk: (1.0, 3.0) (distance: 3.16)
[13:44:48] TERRAIN: Queued chunk: (-1.0, -3.0) (distance: 3.16)
[13:44:48] TERRAIN: Queued chunk: (-3.0, -1.0) (distance: 3.16)
[13:44:48] TERRAIN: Queued chunk: (3.0, -1.0) (distance: 3.16)
[13:44:48] TERRAIN: Queued chunk: (3.0, 1.0) (distance: 3.16)
[13:44:48] TERRAIN: Queued chunk: (-3.0, 1.0) (distance: 3.16)
[13:44:48] TERRAIN: Queued chunk: (1.0, -3.0) (distance: 3.16)
[13:44:48] TERRAIN: Queued chunk: (-1.0, 3.0) (distance: 3.16)
[13:44:48] TERRAIN: Queued chunk: (-3.0, -2.0) (distance: 3.61)
[13:44:48] TERRAIN: Queued chunk: (-3.0, 2.0) (distance: 3.61)
[13:44:48] TERRAIN: Queued chunk: (2.0, -3.0) (distance: 3.61)
[13:44:48] TERRAIN: Queued chunk: (2.0, 3.0) (distance: 3.61)
[13:44:48] TERRAIN: Queued chunk: (-2.0, -3.0) (distance: 3.61)
[13:44:48] TERRAIN: Queued chunk: (3.0, 2.0) (distance: 3.61)
[13:44:48] TERRAIN: Queued chunk: (-2.0, 3.0) (distance: 3.61)
[13:44:48] TERRAIN: Queued chunk: (3.0, -2.0) (distance: 3.61)
[13:44:48] TERRAIN: Queued chunk: (4.0, 0.0) (distance: 4.00)
[13:44:48] TERRAIN: Queued chunk: (0.0, -4.0) (distance: 4.00)
[13:44:48] TERRAIN: Queued chunk: (0.0, 4.0) (distance: 4.00)
[13:44:48] TERRAIN: Queued chunk: (-4.0, 0.0) (distance: 4.00)
[13:44:48] TERRAIN: Queued chunk: (1.0, -4.0) (distance: 4.12)
[13:44:48] TERRAIN: Queued chunk: (-1.0, 4.0) (distance: 4.12)
[13:44:48] TERRAIN: Queued chunk: (1.0, 4.0) (distance: 4.12)
[13:44:48] TERRAIN: Queued chunk: (-4.0, -1.0) (distance: 4.12)
[13:44:48] TERRAIN: Queued chunk: (-1.0, -4.0) (distance: 4.12)
[13:44:48] TERRAIN: Queued chunk: (-4.0, 1.0) (distance: 4.12)
[13:44:48] TERRAIN: Queued chunk: (4.0, -1.0) (distance: 4.12)
[13:44:48] TERRAIN: Queued chunk: (4.0, 1.0) (distance: 4.12)
[13:44:48] TERRAIN: Queued chunk: (3.0, -3.0) (distance: 4.24)
[13:44:48] TERRAIN: Queued chunk: (3.0, 3.0) (distance: 4.24)
[13:44:48] TERRAIN: Queued chunk: (-3.0, -3.0) (distance: 4.24)
[13:44:48] TERRAIN: Queued chunk: (-3.0, 3.0) (distance: 4.24)
[13:44:48] TERRAIN: Queued chunk: (-4.0, -2.0) (distance: 4.47)
[13:44:48] TERRAIN: Queued chunk: (-4.0, 2.0) (distance: 4.47)
[13:44:48] TERRAIN: Queued chunk: (4.0, 2.0) (distance: 4.47)
[13:44:48] TERRAIN: Queued chunk: (4.0, -2.0) (distance: 4.47)
[13:44:48] TERRAIN: Queued chunk: (-2.0, -4.0) (distance: 4.47)
[13:44:48] TERRAIN: Queued chunk: (-2.0, 4.0) (distance: 4.47)
[13:44:48] TERRAIN: Queued chunk: (2.0, 4.0) (distance: 4.47)
[13:44:48] TERRAIN: Queued chunk: (2.0, -4.0) (distance: 4.47)
[13:44:48] TERRAIN: Queued chunk: (0.0, -5.0) (distance: 5.00)
[13:44:48] TERRAIN: Queued chunk: (-3.0, 4.0) (distance: 5.00)
[13:44:48] TERRAIN: Queued chunk: (-3.0, -4.0) (distance: 5.00)
[13:44:48] TERRAIN: Queued chunk: (-4.0, 3.0) (distance: 5.00)
[13:44:48] TERRAIN: Queued chunk: (-4.0, -3.0) (distance: 5.00)
[13:44:48] TERRAIN: Queued chunk: (3.0, -4.0) (distance: 5.00)
[13:44:48] TERRAIN: Queued chunk: (3.0, 4.0) (distance: 5.00)
[13:44:48] TERRAIN: Queued chunk: (-5.0, 0.0) (distance: 5.00)
[13:44:48] TERRAIN: Queued chunk: (5.0, 0.0) (distance: 5.00)
[13:44:48] TERRAIN: Queued chunk: (0.0, 5.0) (distance: 5.00)
[13:44:48] TERRAIN: Queued chunk: (4.0, -3.0) (distance: 5.00)
[13:44:48] TERRAIN: Queued chunk: (4.0, 3.0) (distance: 5.00)
[13:44:48] TERRAIN: Queued chunk: (5.0, 1.0) (distance: 5.10)
[13:44:48] TERRAIN: Queued chunk: (-1.0, 5.0) (distance: 5.10)
[13:44:48] TERRAIN: Queued chunk: (-5.0, -1.0) (distance: 5.10)
[13:44:48] TERRAIN: Queued chunk: (1.0, -5.0) (distance: 5.10)
[13:44:48] TERRAIN: Queued chunk: (1.0, 5.0) (distance: 5.10)
[13:44:48] TERRAIN: Queued chunk: (5.0, -1.0) (distance: 5.10)
[13:44:48] TERRAIN: Queued chunk: (-5.0, 1.0) (distance: 5.10)
[13:44:48] TERRAIN: Queued chunk: (-1.0, -5.0) (distance: 5.10)
[13:44:48] TERRAIN: Queued chunk: (-5.0, 2.0) (distance: 5.39)
[13:44:48] TERRAIN: Queued chunk: (5.0, -2.0) (distance: 5.39)
[13:44:48] TERRAIN: Queued chunk: (-2.0, 5.0) (distance: 5.39)
[13:44:48] TERRAIN: Queued chunk: (2.0, 5.0) (distance: 5.39)
[13:44:48] TERRAIN: Queued chunk: (2.0, -5.0) (distance: 5.39)
[13:44:48] TERRAIN: Queued chunk: (-2.0, -5.0) (distance: 5.39)
[13:44:48] TERRAIN: Queued chunk: (-5.0, -2.0) (distance: 5.39)
[13:44:48] TERRAIN: Queued chunk: (5.0, 2.0) (distance: 5.39)
[13:44:48] TERRAIN: Queued chunk: (4.0, 4.0) (distance: 5.66)
[13:44:48] TERRAIN: Queued chunk: (4.0, -4.0) (distance: 5.66)
[13:44:48] TERRAIN: Queued chunk: (-4.0, -4.0) (distance: 5.66)
[13:44:48] TERRAIN: Queued chunk: (-4.0, 4.0) (distance: 5.66)
[13:44:48] TERRAIN: Queued chunk: (3.0, -5.0) (distance: 5.83)
[13:44:48] TERRAIN: Queued chunk: (-3.0, -5.0) (distance: 5.83)
[13:44:48] TERRAIN: Queued chunk: (3.0, 5.0) (distance: 5.83)
[13:44:48] TERRAIN: Queued chunk: (5.0, -3.0) (distance: 5.83)
[13:44:48] TERRAIN: Queued chunk: (-5.0, 3.0) (distance: 5.83)
[13:44:48] TERRAIN: Queued chunk: (-3.0, 5.0) (distance: 5.83)
[13:44:48] TERRAIN: Queued chunk: (5.0, 3.0) (distance: 5.83)
[13:44:48] TERRAIN: Queued chunk: (-5.0, -3.0) (distance: 5.83)
[13:44:48] TERRAIN: Queued chunk: (-6.0, 0.0) (distance: 6.00)
[13:44:48] TERRAIN: Queued chunk: (6.0, 0.0) (distance: 6.00)
[13:44:48] TERRAIN: Queued chunk: (0.0, -6.0) (distance: 6.00)
[13:44:48] TERRAIN: Queued chunk: (0.0, 6.0) (distance: 6.00)
[13:44:48] TERRAIN: Queued chunk: (6.0, -1.0) (distance: 6.08)
[13:44:48] TERRAIN: Queued chunk: (-6.0, 1.0) (distance: 6.08)
[13:44:48] TERRAIN: Queued chunk: (-1.0, 6.0) (distance: 6.08)
[13:44:48] TERRAIN: Queued chunk: (1.0, -6.0) (distance: 6.08)
[13:44:48] TERRAIN: Queued chunk: (1.0, 6.0) (distance: 6.08)
[13:44:48] TERRAIN: Queued chunk: (-1.0, -6.0) (distance: 6.08)
[13:44:48] TERRAIN: Queued chunk: (-6.0, -1.0) (distance: 6.08)
[13:44:48] TERRAIN: Queued chunk: (6.0, 1.0) (distance: 6.08)
[13:44:48] TERRAIN: Queued chunk: (-2.0, 6.0) (distance: 6.32)
[13:44:48] TERRAIN: Queued chunk: (6.0, -2.0) (distance: 6.32)
[13:44:48] TERRAIN: Queued chunk: (6.0, 2.0) (distance: 6.32)
[13:44:48] TERRAIN: Queued chunk: (2.0, 6.0) (distance: 6.32)
[13:44:48] TERRAIN: Queued chunk: (2.0, -6.0) (distance: 6.32)
[13:44:48] TERRAIN: Queued chunk: (-2.0, -6.0) (distance: 6.32)
[13:44:48] TERRAIN: Queued chunk: (-6.0, -2.0) (distance: 6.32)
[13:44:48] TERRAIN: Queued chunk: (-6.0, 2.0) (distance: 6.32)
[13:44:48] TERRAIN: Queued chunk: (-4.0, -5.0) (distance: 6.40)
[13:44:48] TERRAIN: Queued chunk: (-5.0, 4.0) (distance: 6.40)
[13:44:48] TERRAIN: Queued chunk: (-5.0, -4.0) (distance: 6.40)
[13:44:48] TERRAIN: Queued chunk: (-4.0, 5.0) (distance: 6.40)
[13:44:48] TERRAIN: Queued chunk: (4.0, -5.0) (distance: 6.40)
[13:44:48] TERRAIN: Queued chunk: (4.0, 5.0) (distance: 6.40)
[13:44:48] TERRAIN: Queued chunk: (5.0, -4.0) (distance: 6.40)
[13:44:48] TERRAIN: Queued chunk: (5.0, 4.0) (distance: 6.40)
[13:44:48] TERRAIN: Queued chunk: (-3.0, -6.0) (distance: 6.71)
[13:44:48] TERRAIN: Queued chunk: (-3.0, 6.0) (distance: 6.71)
[13:44:48] TERRAIN: Queued chunk: (6.0, -3.0) (distance: 6.71)
[13:44:48] TERRAIN: Queued chunk: (6.0, 3.0) (distance: 6.71)
[13:44:48] TERRAIN: Queued chunk: (-6.0, 3.0) (distance: 6.71)
[13:44:48] TERRAIN: Queued chunk: (3.0, -6.0) (distance: 6.71)
[13:44:48] TERRAIN: Queued chunk: (3.0, 6.0) (distance: 6.71)
[13:44:48] TERRAIN: Queued chunk: (-6.0, -3.0) (distance: 6.71)
[13:44:48] TERRAIN: Queued chunk: (-7.0, 0.0) (distance: 7.00)
[13:44:48] TERRAIN: Queued chunk: (0.0, -7.0) (distance: 7.00)
[13:44:48] TERRAIN: Queued chunk: (0.0, 7.0) (distance: 7.00)
[13:44:48] TERRAIN: Queued chunk: (7.0, 0.0) (distance: 7.00)
[13:44:48] TERRAIN: Queued chunk: (-5.0, -5.0) (distance: 7.07)
[13:44:48] TERRAIN: Queued chunk: (-5.0, 5.0) (distance: 7.07)
[13:44:48] TERRAIN: Queued chunk: (-1.0, -7.0) (distance: 7.07)
[13:44:48] TERRAIN: Queued chunk: (-1.0, 7.0) (distance: 7.07)
[13:44:48] TERRAIN: Queued chunk: (1.0, -7.0) (distance: 7.07)
[13:44:48] TERRAIN: Queued chunk: (1.0, 7.0) (distance: 7.07)
[13:44:48] TERRAIN: Queued chunk: (5.0, -5.0) (distance: 7.07)
[13:44:48] TERRAIN: Queued chunk: (5.0, 5.0) (distance: 7.07)
[13:44:48] TERRAIN: Queued chunk: (7.0, 1.0) (distance: 7.07)
[13:44:48] TERRAIN: Queued chunk: (7.0, -1.0) (distance: 7.07)
[13:44:48] TERRAIN: Queued chunk: (-7.0, 1.0) (distance: 7.07)
[13:44:48] TERRAIN: Queued chunk: (-7.0, -1.0) (distance: 7.07)
[13:44:48] TERRAIN: Queued chunk: (-4.0, 6.0) (distance: 7.21)
[13:44:48] TERRAIN: Queued chunk: (4.0, -6.0) (distance: 7.21)
[13:44:48] TERRAIN: Queued chunk: (-6.0, 4.0) (distance: 7.21)
[13:44:48] TERRAIN: Queued chunk: (-6.0, -4.0) (distance: 7.21)
[13:44:48] TERRAIN: Queued chunk: (4.0, 6.0) (distance: 7.21)
[13:44:48] TERRAIN: Queued chunk: (6.0, 4.0) (distance: 7.21)
[13:44:48] TERRAIN: Queued chunk: (6.0, -4.0) (distance: 7.21)
[13:44:48] TERRAIN: Queued chunk: (-4.0, -6.0) (distance: 7.21)
[13:44:48] TERRAIN: Queued chunk: (-7.0, 2.0) (distance: 7.28)
[13:44:48] TERRAIN: Queued chunk: (2.0, -7.0) (distance: 7.28)
[13:44:48] TERRAIN: Queued chunk: (-7.0, -2.0) (distance: 7.28)
[13:44:48] TERRAIN: Queued chunk: (-2.0, -7.0) (distance: 7.28)
[13:44:48] TERRAIN: Queued chunk: (7.0, 2.0) (distance: 7.28)
[13:44:48] TERRAIN: Queued chunk: (-2.0, 7.0) (distance: 7.28)
[13:44:48] TERRAIN: Queued chunk: (7.0, -2.0) (distance: 7.28)
[13:44:48] TERRAIN: Queued chunk: (2.0, 7.0) (distance: 7.28)
[13:44:48] TERRAIN: Queued chunk: (-7.0, -3.0) (distance: 7.62)
[13:44:48] TERRAIN: Queued chunk: (-3.0, -7.0) (distance: 7.62)
[13:44:48] TERRAIN: Queued chunk: (-7.0, 3.0) (distance: 7.62)
[13:44:48] TERRAIN: Queued chunk: (-3.0, 7.0) (distance: 7.62)
[13:44:48] TERRAIN: Queued chunk: (3.0, -7.0) (distance: 7.62)
[13:44:48] TERRAIN: Queued chunk: (7.0, 3.0) (distance: 7.62)
[13:44:48] TERRAIN: Queued chunk: (7.0, -3.0) (distance: 7.62)
[13:44:48] TERRAIN: Queued chunk: (3.0, 7.0) (distance: 7.62)
[13:44:48] TERRAIN: Queued chunk: (-5.0, -6.0) (distance: 7.81)
[13:44:48] TERRAIN: Queued chunk: (-5.0, 6.0) (distance: 7.81)
[13:44:48] TERRAIN: Queued chunk: (-6.0, 5.0) (distance: 7.81)
[13:44:48] TERRAIN: Queued chunk: (-6.0, -5.0) (distance: 7.81)
[13:44:48] TERRAIN: Queued chunk: (5.0, -6.0) (distance: 7.81)
[13:44:48] TERRAIN: Queued chunk: (6.0, -5.0) (distance: 7.81)
[13:44:48] TERRAIN: Queued chunk: (5.0, 6.0) (distance: 7.81)
[13:44:48] TERRAIN: Queued chunk: (6.0, 5.0) (distance: 7.81)
[13:44:48] TERRAIN: Queued chunk: (8.0, 0.0) (distance: 8.00)
[13:44:48] TERRAIN: Queued chunk: (-8.0, 0.0) (distance: 8.00)
[13:44:48] TERRAIN: Queued chunk: (0.0, -8.0) (distance: 8.00)
[13:44:48] TERRAIN: Queued chunk: (0.0, 8.0) (distance: 8.00)
[13:44:48] TERRAIN: Queued chunk: (8.0, 1.0) (distance: 8.06)
[13:44:48] TERRAIN: Queued chunk: (-1.0, 8.0) (distance: 8.06)
[13:44:48] TERRAIN: Queued chunk: (-1.0, -8.0) (distance: 8.06)
[13:44:48] TERRAIN: Queued chunk: (1.0, -8.0) (distance: 8.06)
[13:44:48] TERRAIN: Queued chunk: (-4.0, -7.0) (distance: 8.06)
[13:44:48] TERRAIN: Queued chunk: (1.0, 8.0) (distance: 8.06)
[13:44:48] TERRAIN: Queued chunk: (-8.0, 1.0) (distance: 8.06)
[13:44:48] TERRAIN: Queued chunk: (8.0, -1.0) (distance: 8.06)
[13:44:48] TERRAIN: Queued chunk: (-8.0, -1.0) (distance: 8.06)
[13:44:48] TERRAIN: Queued chunk: (-4.0, 7.0) (distance: 8.06)
[13:44:48] TERRAIN: Queued chunk: (7.0, -4.0) (distance: 8.06)
[13:44:48] TERRAIN: Queued chunk: (4.0, 7.0) (distance: 8.06)
[13:44:48] TERRAIN: Queued chunk: (-7.0, -4.0) (distance: 8.06)
[13:44:48] TERRAIN: Queued chunk: (7.0, 4.0) (distance: 8.06)
[13:44:48] TERRAIN: Queued chunk: (4.0, -7.0) (distance: 8.06)
[13:44:48] TERRAIN: Queued chunk: (-7.0, 4.0) (distance: 8.06)
[13:44:48] TERRAIN: Queued chunk: (-8.0, -2.0) (distance: 8.25)
[13:44:48] TERRAIN: Queued chunk: (2.0, 8.0) (distance: 8.25)
[13:44:48] TERRAIN: Queued chunk: (-8.0, 2.0) (distance: 8.25)
[13:44:48] TERRAIN: Queued chunk: (2.0, -8.0) (distance: 8.25)
[13:44:48] TERRAIN: Queued chunk: (8.0, -2.0) (distance: 8.25)
[13:44:48] TERRAIN: Queued chunk: (-2.0, -8.0) (distance: 8.25)
[13:44:48] TERRAIN: Queued chunk: (-2.0, 8.0) (distance: 8.25)
[13:44:48] TERRAIN: Queued chunk: (8.0, 2.0) (distance: 8.25)
[13:44:48] TERRAIN: Queued chunk: (-6.0, 6.0) (distance: 8.49)
[13:44:48] TERRAIN: Queued chunk: (6.0, -6.0) (distance: 8.49)
[13:44:48] TERRAIN: Queued chunk: (6.0, 6.0) (distance: 8.49)
[13:44:48] TERRAIN: Queued chunk: (-6.0, -6.0) (distance: 8.49)
[13:44:48] TERRAIN: Queued chunk: (-8.0, 3.0) (distance: 8.54)
[13:44:48] TERRAIN: Queued chunk: (-3.0, -8.0) (distance: 8.54)
[13:44:48] TERRAIN: Queued chunk: (3.0, 8.0) (distance: 8.54)
[13:44:48] TERRAIN: Queued chunk: (-3.0, 8.0) (distance: 8.54)
[13:44:48] TERRAIN: Queued chunk: (8.0, -3.0) (distance: 8.54)
[13:44:48] TERRAIN: Queued chunk: (3.0, -8.0) (distance: 8.54)
[13:44:48] TERRAIN: Queued chunk: (-8.0, -3.0) (distance: 8.54)
[13:44:48] TERRAIN: Queued chunk: (8.0, 3.0) (distance: 8.54)
[13:44:48] TERRAIN: Queued chunk: (-7.0, -5.0) (distance: 8.60)
[13:44:48] TERRAIN: Queued chunk: (5.0, -7.0) (distance: 8.60)
[13:44:48] TERRAIN: Queued chunk: (-5.0, 7.0) (distance: 8.60)
[13:44:48] TERRAIN: Queued chunk: (7.0, -5.0) (distance: 8.60)
[13:44:48] TERRAIN: Queued chunk: (-7.0, 5.0) (distance: 8.60)
[13:44:48] TERRAIN: Queued chunk: (7.0, 5.0) (distance: 8.60)
[13:44:48] TERRAIN: Queued chunk: (5.0, 7.0) (distance: 8.60)
[13:44:48] TERRAIN: Queued chunk: (-5.0, -7.0) (distance: 8.60)
[13:44:48] TERRAIN: Queued chunk: (8.0, 4.0) (distance: 8.94)
[13:44:48] TERRAIN: Queued chunk: (4.0, 8.0) (distance: 8.94)
[13:44:48] TERRAIN: Queued chunk: (-4.0, 8.0) (distance: 8.94)
[13:44:48] TERRAIN: Queued chunk: (4.0, -8.0) (distance: 8.94)
[13:44:48] TERRAIN: Queued chunk: (-8.0, -4.0) (distance: 8.94)
[13:44:48] TERRAIN: Queued chunk: (8.0, -4.0) (distance: 8.94)
[13:44:48] TERRAIN: Queued chunk: (-4.0, -8.0) (distance: 8.94)
[13:44:48] TERRAIN: Queued chunk: (-8.0, 4.0) (distance: 8.94)
[13:44:48] TERRAIN: Queued chunk: (9.0, 0.0) (distance: 9.00)
[13:44:48] TERRAIN: Queued chunk: (-9.0, 0.0) (distance: 9.00)
[13:44:48] TERRAIN: Queued chunk: (0.0, -9.0) (distance: 9.00)
[13:44:48] TERRAIN: Queued chunk: (0.0, 9.0) (distance: 9.00)
[13:44:48] TERRAIN: Queued chunk: (9.0, 1.0) (distance: 9.06)
[13:44:48] TERRAIN: Queued chunk: (1.0, 9.0) (distance: 9.06)
[13:44:48] TERRAIN: Queued chunk: (9.0, -1.0) (distance: 9.06)
[13:44:48] TERRAIN: Queued chunk: (1.0, -9.0) (distance: 9.06)
[13:44:48] TERRAIN: Queued chunk: (-1.0, -9.0) (distance: 9.06)
[13:44:48] TERRAIN: Queued chunk: (-9.0, -1.0) (distance: 9.06)
[13:44:48] TERRAIN: Queued chunk: (-9.0, 1.0) (distance: 9.06)
[13:44:48] TERRAIN: Queued chunk: (-1.0, 9.0) (distance: 9.06)
[13:44:48] TERRAIN: Queued chunk: (-9.0, -2.0) (distance: 9.22)
[13:44:48] TERRAIN: Queued chunk: (6.0, 7.0) (distance: 9.22)
[13:44:48] TERRAIN: Queued chunk: (-9.0, 2.0) (distance: 9.22)
[13:44:48] TERRAIN: Queued chunk: (9.0, 2.0) (distance: 9.22)
[13:44:48] TERRAIN: Queued chunk: (-2.0, -9.0) (distance: 9.22)
[13:44:48] TERRAIN: Queued chunk: (-6.0, -7.0) (distance: 9.22)
[13:44:48] TERRAIN: Queued chunk: (2.0, -9.0) (distance: 9.22)
[13:44:48] TERRAIN: Queued chunk: (-2.0, 9.0) (distance: 9.22)
[13:44:48] TERRAIN: Queued chunk: (-7.0, 6.0) (distance: 9.22)
[13:44:48] TERRAIN: Queued chunk: (-7.0, -6.0) (distance: 9.22)
[13:44:48] TERRAIN: Queued chunk: (7.0, -6.0) (distance: 9.22)
[13:44:48] TERRAIN: Queued chunk: (2.0, 9.0) (distance: 9.22)
[13:44:48] TERRAIN: Queued chunk: (-6.0, 7.0) (distance: 9.22)
[13:44:48] TERRAIN: Queued chunk: (9.0, -2.0) (distance: 9.22)
[13:44:48] TERRAIN: Queued chunk: (7.0, 6.0) (distance: 9.22)
[13:44:48] TERRAIN: Queued chunk: (6.0, -7.0) (distance: 9.22)
[13:44:48] TERRAIN: Queued chunk: (-5.0, -8.0) (distance: 9.43)
[13:44:48] TERRAIN: Queued chunk: (8.0, -5.0) (distance: 9.43)
[13:44:48] TERRAIN: Queued chunk: (5.0, 8.0) (distance: 9.43)
[13:44:48] TERRAIN: Queued chunk: (-8.0, -5.0) (distance: 9.43)
[13:44:48] TERRAIN: Queued chunk: (8.0, 5.0) (distance: 9.43)
[13:44:48] TERRAIN: Queued chunk: (-8.0, 5.0) (distance: 9.43)
[13:44:48] TERRAIN: Queued chunk: (-5.0, 8.0) (distance: 9.43)
[13:44:48] TERRAIN: Queued chunk: (5.0, -8.0) (distance: 9.43)
[13:44:48] TERRAIN: Queued chunk: (-9.0, -3.0) (distance: 9.49)
[13:44:48] TERRAIN: Queued chunk: (9.0, -3.0) (distance: 9.49)
[13:44:48] TERRAIN: Queued chunk: (-9.0, 3.0) (distance: 9.49)
[13:44:48] TERRAIN: Queued chunk: (3.0, 9.0) (distance: 9.49)
[13:44:48] TERRAIN: Queued chunk: (-3.0, -9.0) (distance: 9.49)
[13:44:48] TERRAIN: Queued chunk: (-3.0, 9.0) (distance: 9.49)
[13:44:48] TERRAIN: Queued chunk: (3.0, -9.0) (distance: 9.49)
[13:44:48] TERRAIN: Queued chunk: (9.0, 3.0) (distance: 9.49)
[13:44:48] TERRAIN: Queued chunk: (-9.0, 4.0) (distance: 9.85)
[13:44:48] TERRAIN: Queued chunk: (-4.0, -9.0) (distance: 9.85)
[13:44:48] TERRAIN: Queued chunk: (9.0, -4.0) (distance: 9.85)
[13:44:48] TERRAIN: Queued chunk: (9.0, 4.0) (distance: 9.85)
[13:44:48] TERRAIN: Queued chunk: (-9.0, -4.0) (distance: 9.85)
[13:44:48] TERRAIN: Queued chunk: (4.0, 9.0) (distance: 9.85)
[13:44:48] TERRAIN: Queued chunk: (-4.0, 9.0) (distance: 9.85)
[13:44:48] TERRAIN: Queued chunk: (4.0, -9.0) (distance: 9.85)
[13:44:48] TERRAIN: Queued chunk: (7.0, -7.0) (distance: 9.90)
[13:44:48] TERRAIN: Queued chunk: (-7.0, -7.0) (distance: 9.90)
[13:44:48] TERRAIN: Queued chunk: (7.0, 7.0) (distance: 9.90)
[13:44:48] TERRAIN: Queued chunk: (-7.0, 7.0) (distance: 9.90)
[13:44:48] TERRAIN: Queued chunk: (-6.0, 8.0) (distance: 10.00)
[13:44:48] TERRAIN: Queued chunk: (-8.0, -6.0) (distance: 10.00)
[13:44:48] TERRAIN: Queued chunk: (6.0, -8.0) (distance: 10.00)
[13:44:48] TERRAIN: Queued chunk: (0.0, -10.0) (distance: 10.00)
[13:44:48] TERRAIN: Queued chunk: (8.0, 6.0) (distance: 10.00)
[13:44:48] TERRAIN: Queued chunk: (-8.0, 6.0) (distance: 10.00)
[13:44:48] TERRAIN: Queued chunk: (6.0, 8.0) (distance: 10.00)
[13:44:48] TERRAIN: Queued chunk: (-10.0, 0.0) (distance: 10.00)
[13:44:48] TERRAIN: Queued chunk: (10.0, 0.0) (distance: 10.00)
[13:44:48] TERRAIN: Queued chunk: (-6.0, -8.0) (distance: 10.00)
[13:44:48] TERRAIN: Queued chunk: (8.0, -6.0) (distance: 10.00)
[13:44:48] TERRAIN: Queued chunk: (0.0, 10.0) (distance: 10.00)
[13:44:48] TERRAIN: Queued chunk: (-10.0, -1.0) (distance: 10.05)
[13:44:48] TERRAIN: Queued chunk: (-1.0, 10.0) (distance: 10.05)
[13:44:48] TERRAIN: Queued chunk: (1.0, 10.0) (distance: 10.05)
[13:44:48] TERRAIN: Queued chunk: (1.0, -10.0) (distance: 10.05)
[13:44:48] TERRAIN: Queued chunk: (-10.0, 1.0) (distance: 10.05)
[13:44:48] TERRAIN: Queued chunk: (-1.0, -10.0) (distance: 10.05)
[13:44:48] TERRAIN: Queued chunk: (10.0, 1.0) (distance: 10.05)
[13:44:48] TERRAIN: Queued chunk: (10.0, -1.0) (distance: 10.05)
[13:44:48] TERRAIN: Queued chunk: (2.0, 10.0) (distance: 10.20)
[13:44:48] TERRAIN: Queued chunk: (-2.0, 10.0) (distance: 10.20)
[13:44:48] TERRAIN: Queued chunk: (-10.0, -2.0) (distance: 10.20)
[13:44:48] TERRAIN: Queued chunk: (10.0, -2.0) (distance: 10.20)
[13:44:48] TERRAIN: Queued chunk: (-2.0, -10.0) (distance: 10.20)
[13:44:48] TERRAIN: Queued chunk: (-10.0, 2.0) (distance: 10.20)
[13:44:48] TERRAIN: Queued chunk: (2.0, -10.0) (distance: 10.20)
[13:44:48] TERRAIN: Queued chunk: (10.0, 2.0) (distance: 10.20)
[13:44:48] TERRAIN: Queued chunk: (9.0, -5.0) (distance: 10.30)
[13:44:48] TERRAIN: Queued chunk: (9.0, 5.0) (distance: 10.30)
[13:44:48] TERRAIN: Queued chunk: (5.0, 9.0) (distance: 10.30)
[13:44:48] TERRAIN: Queued chunk: (-9.0, -5.0) (distance: 10.30)
[13:44:48] TERRAIN: Queued chunk: (5.0, -9.0) (distance: 10.30)
[13:44:48] TERRAIN: Queued chunk: (-5.0, -9.0) (distance: 10.30)
[13:44:48] TERRAIN: Queued chunk: (-9.0, 5.0) (distance: 10.30)
[13:44:48] TERRAIN: Queued chunk: (-5.0, 9.0) (distance: 10.30)
[13:44:48] TERRAIN: Queued chunk: (10.0, -3.0) (distance: 10.44)
[13:44:48] TERRAIN: Queued chunk: (-3.0, -10.0) (distance: 10.44)
[13:44:48] TERRAIN: Queued chunk: (-10.0, -3.0) (distance: 10.44)
[13:44:48] TERRAIN: Queued chunk: (3.0, 10.0) (distance: 10.44)
[13:44:48] TERRAIN: Queued chunk: (-10.0, 3.0) (distance: 10.44)
[13:44:48] TERRAIN: Queued chunk: (10.0, 3.0) (distance: 10.44)
[13:44:48] TERRAIN: Queued chunk: (3.0, -10.0) (distance: 10.44)
[13:44:48] TERRAIN: Queued chunk: (-3.0, 10.0) (distance: 10.44)
[13:44:48] TERRAIN: Queued chunk: (8.0, -7.0) (distance: 10.63)
[13:44:48] TERRAIN: Queued chunk: (7.0, 8.0) (distance: 10.63)
[13:44:48] TERRAIN: Queued chunk: (-8.0, 7.0) (distance: 10.63)
[13:44:48] TERRAIN: Queued chunk: (-8.0, -7.0) (distance: 10.63)
[13:44:48] TERRAIN: Queued chunk: (-7.0, 8.0) (distance: 10.63)
[13:44:48] TERRAIN: Queued chunk: (-7.0, -8.0) (distance: 10.63)
[13:44:48] TERRAIN: Queued chunk: (7.0, -8.0) (distance: 10.63)
[13:44:48] TERRAIN: Queued chunk: (8.0, 7.0) (distance: 10.63)
[13:44:48] TERRAIN: Queued chunk: (10.0, -4.0) (distance: 10.77)
[13:44:48] TERRAIN: Queued chunk: (-10.0, 4.0) (distance: 10.77)
[13:44:48] TERRAIN: Queued chunk: (10.0, 4.0) (distance: 10.77)
[13:44:48] TERRAIN: Queued chunk: (4.0, 10.0) (distance: 10.77)
[13:44:48] TERRAIN: Queued chunk: (-4.0, -10.0) (distance: 10.77)
[13:44:48] TERRAIN: Queued chunk: (-4.0, 10.0) (distance: 10.77)
[13:44:48] TERRAIN: Queued chunk: (-10.0, -4.0) (distance: 10.77)
[13:44:48] TERRAIN: Queued chunk: (4.0, -10.0) (distance: 10.77)
[13:44:48] TERRAIN: Queued chunk: (-9.0, 6.0) (distance: 10.82)
[13:44:48] TERRAIN: Queued chunk: (-9.0, -6.0) (distance: 10.82)
[13:44:48] TERRAIN: Queued chunk: (-6.0, 9.0) (distance: 10.82)
[13:44:48] TERRAIN: Queued chunk: (9.0, -6.0) (distance: 10.82)
[13:44:48] TERRAIN: Queued chunk: (9.0, 6.0) (distance: 10.82)
[13:44:48] TERRAIN: Queued chunk: (6.0, 9.0) (distance: 10.82)
[13:44:48] TERRAIN: Queued chunk: (6.0, -9.0) (distance: 10.82)
[13:44:48] TERRAIN: Queued chunk: (-6.0, -9.0) (distance: 10.82)
[13:44:48] TERRAIN: Queued chunk: (11.0, 0.0) (distance: 11.00)
[13:44:48] TERRAIN: Queued chunk: (-11.0, 0.0) (distance: 11.00)
[13:44:48] TERRAIN: Queued chunk: (0.0, 11.0) (distance: 11.00)
[13:44:48] TERRAIN: Queued chunk: (0.0, -11.0) (distance: 11.00)
[13:44:48] TERRAIN: Queued chunk: (1.0, -11.0) (distance: 11.05)
[13:44:48] TERRAIN: Queued chunk: (-1.0, 11.0) (distance: 11.05)
[13:44:48] TERRAIN: Queued chunk: (1.0, 11.0) (distance: 11.05)
[13:44:48] TERRAIN: Queued chunk: (-11.0, -1.0) (distance: 11.05)
[13:44:48] TERRAIN: Queued chunk: (11.0, -1.0) (distance: 11.05)
[13:44:48] TERRAIN: Queued chunk: (-1.0, -11.0) (distance: 11.05)
[13:44:48] TERRAIN: Queued chunk: (-11.0, 1.0) (distance: 11.05)
[13:44:48] TERRAIN: Queued chunk: (11.0, 1.0) (distance: 11.05)
[13:44:48] TERRAIN: Queued chunk: (2.0, -11.0) (distance: 11.18)
[13:44:48] TERRAIN: Queued chunk: (11.0, -2.0) (distance: 11.18)
[13:44:48] TERRAIN: Queued chunk: (10.0, -5.0) (distance: 11.18)
[13:44:48] TERRAIN: Queued chunk: (-5.0, -10.0) (distance: 11.18)
[13:44:48] TERRAIN: Queued chunk: (2.0, 11.0) (distance: 11.18)
[13:44:48] TERRAIN: Queued chunk: (5.0, 10.0) (distance: 11.18)
[13:44:48] TERRAIN: Queued chunk: (-5.0, 10.0) (distance: 11.18)
[13:44:48] TERRAIN: Queued chunk: (5.0, -10.0) (distance: 11.18)
[13:44:48] TERRAIN: Queued chunk: (11.0, 2.0) (distance: 11.18)
[13:44:48] TERRAIN: Queued chunk: (-10.0, 5.0) (distance: 11.18)
[13:44:48] TERRAIN: Queued chunk: (-11.0, -2.0) (distance: 11.18)
[13:44:48] TERRAIN: Queued chunk: (-11.0, 2.0) (distance: 11.18)
[13:44:48] TERRAIN: Queued chunk: (-2.0, 11.0) (distance: 11.18)
[13:44:48] TERRAIN: Queued chunk: (-10.0, -5.0) (distance: 11.18)
[13:44:48] TERRAIN: Queued chunk: (10.0, 5.0) (distance: 11.18)
[13:44:48] TERRAIN: Queued chunk: (-2.0, -11.0) (distance: 11.18)
[13:44:48] TERRAIN: Queued chunk: (8.0, -8.0) (distance: 11.31)
[13:44:48] TERRAIN: Queued chunk: (8.0, 8.0) (distance: 11.31)
[13:44:48] TERRAIN: Queued chunk: (-8.0, 8.0) (distance: 11.31)
[13:44:48] TERRAIN: Queued chunk: (-8.0, -8.0) (distance: 11.31)
[13:44:48] TERRAIN: Queued chunk: (7.0, -9.0) (distance: 11.40)
[13:44:48] TERRAIN: Queued chunk: (-7.0, 9.0) (distance: 11.40)
[13:44:48] TERRAIN: Queued chunk: (9.0, -7.0) (distance: 11.40)
[13:44:48] TERRAIN: Queued chunk: (-7.0, -9.0) (distance: 11.40)
[13:44:48] TERRAIN: Queued chunk: (3.0, 11.0) (distance: 11.40)
[13:44:48] TERRAIN: Queued chunk: (9.0, 7.0) (distance: 11.40)
[13:44:48] TERRAIN: Queued chunk: (11.0, 3.0) (distance: 11.40)
[13:44:48] TERRAIN: Queued chunk: (3.0, -11.0) (distance: 11.40)
[13:44:48] TERRAIN: Queued chunk: (-3.0, 11.0) (distance: 11.40)
[13:44:48] TERRAIN: Queued chunk: (-9.0, 7.0) (distance: 11.40)
[13:44:48] TERRAIN: Queued chunk: (-11.0, -3.0) (distance: 11.40)
[13:44:48] TERRAIN: Queued chunk: (-11.0, 3.0) (distance: 11.40)
[13:44:48] TERRAIN: Queued chunk: (11.0, -3.0) (distance: 11.40)
[13:44:48] TERRAIN: Queued chunk: (-9.0, -7.0) (distance: 11.40)
[13:44:48] TERRAIN: Queued chunk: (7.0, 9.0) (distance: 11.40)
[13:44:48] TERRAIN: Queued chunk: (-3.0, -11.0) (distance: 11.40)
[13:44:48] TERRAIN: Queued chunk: (6.0, -10.0) (distance: 11.66)
[13:44:48] TERRAIN: Queued chunk: (-6.0, -10.0) (distance: 11.66)
[13:44:48] TERRAIN: Queued chunk: (-10.0, -6.0) (distance: 11.66)
[13:44:48] TERRAIN: Queued chunk: (-10.0, 6.0) (distance: 11.66)
[13:44:48] TERRAIN: Queued chunk: (6.0, 10.0) (distance: 11.66)
[13:44:48] TERRAIN: Queued chunk: (-6.0, 10.0) (distance: 11.66)
[13:44:48] TERRAIN: Queued chunk: (10.0, 6.0) (distance: 11.66)
[13:44:48] TERRAIN: Queued chunk: (10.0, -6.0) (distance: 11.66)
[13:44:48] TERRAIN: Queued chunk: (11.0, 4.0) (distance: 11.70)
[13:44:48] TERRAIN: Queued chunk: (11.0, -4.0) (distance: 11.70)
[13:44:48] TERRAIN: Queued chunk: (-4.0, -11.0) (distance: 11.70)
[13:44:48] TERRAIN: Queued chunk: (4.0, -11.0) (distance: 11.70)
[13:44:48] TERRAIN: Queued chunk: (-4.0, 11.0) (distance: 11.70)
[13:44:48] TERRAIN: Queued chunk: (4.0, 11.0) (distance: 11.70)
[13:44:48] TERRAIN: Queued chunk: (-11.0, 4.0) (distance: 11.70)
[13:44:48] TERRAIN: Queued chunk: (-11.0, -4.0) (distance: 11.70)
[13:44:48] TERRAIN: Queued chunk: (12.0, 0.0) (distance: 12.00)
[13:44:48] TERRAIN: Queued chunk: (0.0, -12.0) (distance: 12.00)
[13:44:48] TERRAIN: Queued chunk: (-12.0, 0.0) (distance: 12.00)
[13:44:48] TERRAIN: Queued chunk: (0.0, 12.0) (distance: 12.00)
[13:44:48] TERRAIN: Queued chunk: (8.0, -9.0) (distance: 12.04)
[13:44:48] TERRAIN: Queued chunk: (8.0, 9.0) (distance: 12.04)
[13:44:48] TERRAIN: Queued chunk: (-8.0, 9.0) (distance: 12.04)
[13:44:48] TERRAIN: Queued chunk: (9.0, -8.0) (distance: 12.04)
[13:44:48] TERRAIN: Queued chunk: (12.0, 1.0) (distance: 12.04)
[13:44:48] TERRAIN: Queued chunk: (-1.0, 12.0) (distance: 12.04)
[13:44:48] TERRAIN: Queued chunk: (1.0, 12.0) (distance: 12.04)
[13:44:48] TERRAIN: Queued chunk: (-9.0, 8.0) (distance: 12.04)
[13:44:48] TERRAIN: Queued chunk: (1.0, -12.0) (distance: 12.04)
[13:44:48] TERRAIN: Queued chunk: (-8.0, -9.0) (distance: 12.04)
[13:44:48] TERRAIN: Queued chunk: (12.0, -1.0) (distance: 12.04)
[13:44:48] TERRAIN: Queued chunk: (-12.0, 1.0) (distance: 12.04)
[13:44:48] TERRAIN: Queued chunk: (-9.0, -8.0) (distance: 12.04)
[13:44:48] TERRAIN: Queued chunk: (-12.0, -1.0) (distance: 12.04)
[13:44:48] TERRAIN: Queued chunk: (9.0, 8.0) (distance: 12.04)
[13:44:48] TERRAIN: Queued chunk: (-1.0, -12.0) (distance: 12.04)
[13:44:48] TERRAIN: Queued chunk: (5.0, -11.0) (distance: 12.08)
[13:44:48] TERRAIN: Queued chunk: (-5.0, -11.0) (distance: 12.08)
[13:44:48] TERRAIN: Queued chunk: (-5.0, 11.0) (distance: 12.08)
[13:44:48] TERRAIN: Queued chunk: (11.0, -5.0) (distance: 12.08)
[13:44:48] TERRAIN: Queued chunk: (11.0, 5.0) (distance: 12.08)
[13:44:48] TERRAIN: Queued chunk: (5.0, 11.0) (distance: 12.08)
[13:44:48] TERRAIN: Queued chunk: (-11.0, -5.0) (distance: 12.08)
[13:44:48] TERRAIN: Queued chunk: (-11.0, 5.0) (distance: 12.08)
[13:44:48] TERRAIN: Queued chunk: (12.0, 2.0) (distance: 12.17)
[13:44:48] TERRAIN: Queued chunk: (2.0, 12.0) (distance: 12.17)
[13:44:48] TERRAIN: Queued chunk: (-2.0, 12.0) (distance: 12.17)
[13:44:48] TERRAIN: Queued chunk: (-12.0, 2.0) (distance: 12.17)
[13:44:48] TERRAIN: Queued chunk: (-12.0, -2.0) (distance: 12.17)
[13:44:48] TERRAIN: Queued chunk: (12.0, -2.0) (distance: 12.17)
[13:44:48] TERRAIN: Queued chunk: (2.0, -12.0) (distance: 12.17)
[13:44:48] TERRAIN: Queued chunk: (-2.0, -12.0) (distance: 12.17)
[13:44:48] TERRAIN: Queued chunk: (10.0, -7.0) (distance: 12.21)
[13:44:48] TERRAIN: Queued chunk: (7.0, 10.0) (distance: 12.21)
[13:44:48] TERRAIN: Queued chunk: (10.0, 7.0) (distance: 12.21)
[13:44:48] TERRAIN: Queued chunk: (7.0, -10.0) (distance: 12.21)
[13:44:48] TERRAIN: Queued chunk: (-7.0, -10.0) (distance: 12.21)
[13:44:48] TERRAIN: Queued chunk: (-7.0, 10.0) (distance: 12.21)
[13:44:48] TERRAIN: Queued chunk: (-10.0, 7.0) (distance: 12.21)
[13:44:48] TERRAIN: Queued chunk: (-10.0, -7.0) (distance: 12.21)
[13:44:48] TERRAIN: Queued chunk: (12.0, -3.0) (distance: 12.37)
[13:44:48] TERRAIN: Queued chunk: (-3.0, 12.0) (distance: 12.37)
[13:44:48] TERRAIN: Queued chunk: (12.0, 3.0) (distance: 12.37)
[13:44:48] TERRAIN: Queued chunk: (-3.0, -12.0) (distance: 12.37)
[13:44:48] TERRAIN: Queued chunk: (-12.0, 3.0) (distance: 12.37)
[13:44:48] TERRAIN: Queued chunk: (3.0, -12.0) (distance: 12.37)
[13:44:48] TERRAIN: Queued chunk: (3.0, 12.0) (distance: 12.37)
[13:44:48] TERRAIN: Queued chunk: (-12.0, -3.0) (distance: 12.37)
[13:44:48] TERRAIN: Queued chunk: (-11.0, 6.0) (distance: 12.53)
[13:44:48] TERRAIN: Queued chunk: (-6.0, -11.0) (distance: 12.53)
[13:44:48] TERRAIN: Queued chunk: (-11.0, -6.0) (distance: 12.53)
[13:44:48] TERRAIN: Queued chunk: (-6.0, 11.0) (distance: 12.53)
[13:44:48] TERRAIN: Queued chunk: (6.0, -11.0) (distance: 12.53)
[13:44:48] TERRAIN: Queued chunk: (6.0, 11.0) (distance: 12.53)
[13:44:48] TERRAIN: Queued chunk: (11.0, 6.0) (distance: 12.53)
[13:44:48] TERRAIN: Queued chunk: (11.0, -6.0) (distance: 12.53)
[13:44:48] TERRAIN: Queued chunk: (12.0, -4.0) (distance: 12.65)
[13:44:48] TERRAIN: Queued chunk: (4.0, 12.0) (distance: 12.65)
[13:44:48] TERRAIN: Queued chunk: (-12.0, 4.0) (distance: 12.65)
[13:44:48] TERRAIN: Queued chunk: (-4.0, 12.0) (distance: 12.65)
[13:44:48] TERRAIN: Queued chunk: (4.0, -12.0) (distance: 12.65)
[13:44:48] TERRAIN: Queued chunk: (-4.0, -12.0) (distance: 12.65)
[13:44:48] TERRAIN: Queued chunk: (-12.0, -4.0) (distance: 12.65)
[13:44:48] TERRAIN: Queued chunk: (12.0, 4.0) (distance: 12.65)
[13:44:48] TERRAIN: Queued chunk: (9.0, -9.0) (distance: 12.73)
[13:44:48] TERRAIN: Queued chunk: (9.0, 9.0) (distance: 12.73)
[13:44:48] TERRAIN: Queued chunk: (-9.0, 9.0) (distance: 12.73)
[13:44:48] TERRAIN: Queued chunk: (-9.0, -9.0) (distance: 12.73)
[13:44:48] TERRAIN: Queued chunk: (10.0, -8.0) (distance: 12.81)
[13:44:48] TERRAIN: Queued chunk: (-8.0, 10.0) (distance: 12.81)
[13:44:48] TERRAIN: Queued chunk: (-8.0, -10.0) (distance: 12.81)
[13:44:48] TERRAIN: Queued chunk: (-10.0, 8.0) (distance: 12.81)
[13:44:48] TERRAIN: Queued chunk: (-10.0, -8.0) (distance: 12.81)
[13:44:48] TERRAIN: Queued chunk: (10.0, 8.0) (distance: 12.81)
[13:44:48] TERRAIN: Queued chunk: (8.0, -10.0) (distance: 12.81)
[13:44:48] TERRAIN: Queued chunk: (8.0, 10.0) (distance: 12.81)
[13:44:48] TERRAIN: Queued chunk: (-12.0, 5.0) (distance: 13.00)
[13:44:48] TERRAIN: Queued chunk: (-12.0, -5.0) (distance: 13.00)
[13:44:48] TERRAIN: Queued chunk: (-13.0, 0.0) (distance: 13.00)
[13:44:48] TERRAIN: Queued chunk: (12.0, 5.0) (distance: 13.00)
[13:44:48] TERRAIN: Queued chunk: (13.0, 0.0) (distance: 13.00)
[13:44:48] TERRAIN: Queued chunk: (-5.0, -12.0) (distance: 13.00)
[13:44:48] TERRAIN: Queued chunk: (-5.0, 12.0) (distance: 13.00)
[13:44:48] TERRAIN: Queued chunk: (12.0, -5.0) (distance: 13.00)
[13:44:48] TERRAIN: Queued chunk: (5.0, 12.0) (distance: 13.00)
[13:44:48] TERRAIN: Queued chunk: (0.0, 13.0) (distance: 13.00)
[13:44:48] TERRAIN: Queued chunk: (0.0, -13.0) (distance: 13.00)
[13:44:48] TERRAIN: Queued chunk: (5.0, -12.0) (distance: 13.00)
[13:44:48] TERRAIN: Queued chunk: (-11.0, 7.0) (distance: 13.04)
[13:44:48] TERRAIN: Queued chunk: (-13.0, -1.0) (distance: 13.04)
[13:44:48] TERRAIN: Queued chunk: (-11.0, -7.0) (distance: 13.04)
[13:44:48] TERRAIN: Queued chunk: (7.0, -11.0) (distance: 13.04)
[13:44:48] TERRAIN: Queued chunk: (1.0, 13.0) (distance: 13.04)
[13:44:48] TERRAIN: Queued chunk: (13.0, 1.0) (distance: 13.04)
[13:44:48] TERRAIN: Queued chunk: (1.0, -13.0) (distance: 13.04)
[13:44:48] TERRAIN: Queued chunk: (7.0, 11.0) (distance: 13.04)
[13:44:48] TERRAIN: Queued chunk: (-7.0, -11.0) (distance: 13.04)
[13:44:48] TERRAIN: Queued chunk: (-7.0, 11.0) (distance: 13.04)
[13:44:48] TERRAIN: Queued chunk: (11.0, 7.0) (distance: 13.04)
[13:44:48] TERRAIN: Queued chunk: (-13.0, 1.0) (distance: 13.04)
[13:44:48] TERRAIN: Queued chunk: (-1.0, 13.0) (distance: 13.04)
[13:44:48] TERRAIN: Queued chunk: (-1.0, -13.0) (distance: 13.04)
[13:44:48] TERRAIN: Queued chunk: (11.0, -7.0) (distance: 13.04)
[13:44:48] TERRAIN: Queued chunk: (13.0, -1.0) (distance: 13.04)
[13:44:48] TERRAIN: Queued chunk: (-13.0, 2.0) (distance: 13.15)
[13:44:48] TERRAIN: Queued chunk: (2.0, 13.0) (distance: 13.15)
[13:44:48] TERRAIN: Queued chunk: (2.0, -13.0) (distance: 13.15)
[13:44:48] TERRAIN: Queued chunk: (13.0, 2.0) (distance: 13.15)
[13:44:48] TERRAIN: Queued chunk: (-13.0, -2.0) (distance: 13.15)
[13:44:48] TERRAIN: Queued chunk: (13.0, -2.0) (distance: 13.15)
[13:44:48] TERRAIN: Queued chunk: (-2.0, 13.0) (distance: 13.15)
[13:44:48] TERRAIN: Queued chunk: (-2.0, -13.0) (distance: 13.15)
[13:44:48] TERRAIN: Queued chunk: (3.0, -13.0) (distance: 13.34)
[13:44:48] TERRAIN: Queued chunk: (-13.0, -3.0) (distance: 13.34)
[13:44:48] TERRAIN: Queued chunk: (3.0, 13.0) (distance: 13.34)
[13:44:48] TERRAIN: Queued chunk: (-13.0, 3.0) (distance: 13.34)
[13:44:48] TERRAIN: Queued chunk: (13.0, 3.0) (distance: 13.34)
[13:44:48] TERRAIN: Queued chunk: (13.0, -3.0) (distance: 13.34)
[13:44:48] TERRAIN: Queued chunk: (-3.0, -13.0) (distance: 13.34)
[13:44:48] TERRAIN: Queued chunk: (-3.0, 13.0) (distance: 13.34)
[13:44:48] TERRAIN: Queued chunk: (-12.0, -6.0) (distance: 13.42)
[13:44:48] TERRAIN: Queued chunk: (-12.0, 6.0) (distance: 13.42)
[13:44:48] TERRAIN: Queued chunk: (6.0, 12.0) (distance: 13.42)
[13:44:48] TERRAIN: Queued chunk: (6.0, -12.0) (distance: 13.42)
[13:44:48] TERRAIN: Queued chunk: (12.0, 6.0) (distance: 13.42)
[13:44:48] TERRAIN: Queued chunk: (-6.0, -12.0) (distance: 13.42)
[13:44:48] TERRAIN: Queued chunk: (-6.0, 12.0) (distance: 13.42)
[13:44:48] TERRAIN: Queued chunk: (12.0, -6.0) (distance: 13.42)
[13:44:48] TERRAIN: Queued chunk: (9.0, -10.0) (distance: 13.45)
[13:44:48] TERRAIN: Queued chunk: (9.0, 10.0) (distance: 13.45)
[13:44:48] TERRAIN: Queued chunk: (10.0, -9.0) (distance: 13.45)
[13:44:48] TERRAIN: Queued chunk: (10.0, 9.0) (distance: 13.45)
[13:44:48] TERRAIN: Queued chunk: (-9.0, 10.0) (distance: 13.45)
[13:44:48] TERRAIN: Queued chunk: (-9.0, -10.0) (distance: 13.45)
[13:44:48] TERRAIN: Queued chunk: (-10.0, 9.0) (distance: 13.45)
[13:44:48] TERRAIN: Queued chunk: (-10.0, -9.0) (distance: 13.45)
[13:44:48] TERRAIN: Queued chunk: (8.0, 11.0) (distance: 13.60)
[13:44:48] TERRAIN: Queued chunk: (11.0, 8.0) (distance: 13.60)
[13:44:48] TERRAIN: Queued chunk: (-13.0, -4.0) (distance: 13.60)
[13:44:48] TERRAIN: Queued chunk: (-13.0, 4.0) (distance: 13.60)
[13:44:48] TERRAIN: Queued chunk: (11.0, -8.0) (distance: 13.60)
[13:44:48] TERRAIN: Queued chunk: (13.0, 4.0) (distance: 13.60)
[13:44:48] TERRAIN: Queued chunk: (-11.0, -8.0) (distance: 13.60)
[13:44:48] TERRAIN: Queued chunk: (-11.0, 8.0) (distance: 13.60)
[13:44:48] TERRAIN: Queued chunk: (-8.0, -11.0) (distance: 13.60)
[13:44:48] TERRAIN: Queued chunk: (-8.0, 11.0) (distance: 13.60)
[13:44:48] TERRAIN: Queued chunk: (-4.0, -13.0) (distance: 13.60)
[13:44:48] TERRAIN: Queued chunk: (-4.0, 13.0) (distance: 13.60)
[13:44:48] TERRAIN: Queued chunk: (13.0, -4.0) (distance: 13.60)
[13:44:48] TERRAIN: Queued chunk: (4.0, -13.0) (distance: 13.60)
[13:44:48] TERRAIN: Queued chunk: (4.0, 13.0) (distance: 13.60)
[13:44:48] TERRAIN: Queued chunk: (8.0, -11.0) (distance: 13.60)
[13:44:48] TERRAIN: Queued chunk: (12.0, -7.0) (distance: 13.89)
[13:44:48] TERRAIN: Queued chunk: (-7.0, 12.0) (distance: 13.89)
[13:44:48] TERRAIN: Queued chunk: (-7.0, -12.0) (distance: 13.89)
[13:44:48] TERRAIN: Queued chunk: (-12.0, 7.0) (distance: 13.89)
[13:44:48] TERRAIN: Queued chunk: (-12.0, -7.0) (distance: 13.89)
[13:44:48] TERRAIN: Queued chunk: (7.0, 12.0) (distance: 13.89)
[13:44:48] TERRAIN: Queued chunk: (7.0, -12.0) (distance: 13.89)
[13:44:48] TERRAIN: Queued chunk: (12.0, 7.0) (distance: 13.89)
[13:44:48] TERRAIN: Queued chunk: (13.0, 5.0) (distance: 13.93)
[13:44:48] TERRAIN: Queued chunk: (-13.0, 5.0) (distance: 13.93)
[13:44:48] TERRAIN: Queued chunk: (-13.0, -5.0) (distance: 13.93)
[13:44:48] TERRAIN: Queued chunk: (5.0, -13.0) (distance: 13.93)
[13:44:48] TERRAIN: Queued chunk: (5.0, 13.0) (distance: 13.93)
[13:44:48] TERRAIN: Queued chunk: (13.0, -5.0) (distance: 13.93)
[13:44:48] TERRAIN: Queued chunk: (-5.0, 13.0) (distance: 13.93)
[13:44:48] TERRAIN: Queued chunk: (-5.0, -13.0) (distance: 13.93)
[13:44:48] TERRAIN: Queued chunk: (0.0, -14.0) (distance: 14.00)
[13:44:48] TERRAIN: Queued chunk: (0.0, 14.0) (distance: 14.00)
[13:44:48] TERRAIN: Queued chunk: (14.0, 0.0) (distance: 14.00)
[13:44:48] TERRAIN: Queued chunk: (-14.0, 0.0) (distance: 14.00)
[13:44:48] TERRAIN: Queued chunk: (1.0, -14.0) (distance: 14.04)
[13:44:48] TERRAIN: Queued chunk: (14.0, 1.0) (distance: 14.04)
[13:44:48] TERRAIN: Queued chunk: (-1.0, 14.0) (distance: 14.04)
[13:44:48] TERRAIN: Queued chunk: (-1.0, -14.0) (distance: 14.04)
[13:44:48] TERRAIN: Queued chunk: (1.0, 14.0) (distance: 14.04)
[13:44:48] TERRAIN: Queued chunk: (-14.0, 1.0) (distance: 14.04)
[13:44:48] TERRAIN: Queued chunk: (-14.0, -1.0) (distance: 14.04)
[13:44:48] TERRAIN: Queued chunk: (14.0, -1.0) (distance: 14.04)
[13:44:48] TERRAIN: Queued chunk: (-14.0, 2.0) (distance: 14.14)
[13:44:48] TERRAIN: Queued chunk: (10.0, 10.0) (distance: 14.14)
[13:44:48] TERRAIN: Queued chunk: (-10.0, -10.0) (distance: 14.14)
[13:44:48] TERRAIN: Queued chunk: (-10.0, 10.0) (distance: 14.14)
[13:44:48] TERRAIN: Queued chunk: (14.0, 2.0) (distance: 14.14)
[13:44:48] TERRAIN: Queued chunk: (-14.0, -2.0) (distance: 14.14)
[13:44:48] TERRAIN: Queued chunk: (2.0, 14.0) (distance: 14.14)
[13:44:48] TERRAIN: Queued chunk: (2.0, -14.0) (distance: 14.14)
[13:44:48] TERRAIN: Queued chunk: (-2.0, 14.0) (distance: 14.14)
[13:44:48] TERRAIN: Queued chunk: (14.0, -2.0) (distance: 14.14)
[13:44:48] TERRAIN: Queued chunk: (-2.0, -14.0) (distance: 14.14)
[13:44:48] TERRAIN: Queued chunk: (10.0, -10.0) (distance: 14.14)
[13:44:48] TERRAIN: Queued chunk: (9.0, -11.0) (distance: 14.21)
[13:44:48] TERRAIN: Queued chunk: (11.0, -9.0) (distance: 14.21)
[13:44:48] TERRAIN: Queued chunk: (9.0, 11.0) (distance: 14.21)
[13:44:48] TERRAIN: Queued chunk: (-11.0, -9.0) (distance: 14.21)
[13:44:48] TERRAIN: Queued chunk: (-11.0, 9.0) (distance: 14.21)
[13:44:48] TERRAIN: Queued chunk: (-9.0, -11.0) (distance: 14.21)
[13:44:48] TERRAIN: Queued chunk: (-9.0, 11.0) (distance: 14.21)
[13:44:48] TERRAIN: Queued chunk: (11.0, 9.0) (distance: 14.21)
[13:44:48] TERRAIN: Queued chunk: (-6.0, -13.0) (distance: 14.32)
[13:44:48] TERRAIN: Queued chunk: (14.0, -3.0) (distance: 14.32)
[13:44:48] TERRAIN: Queued chunk: (6.0, 13.0) (distance: 14.32)
[13:44:48] TERRAIN: Queued chunk: (6.0, -13.0) (distance: 14.32)
[13:44:48] TERRAIN: Queued chunk: (-14.0, 3.0) (distance: 14.32)
[13:44:48] TERRAIN: Queued chunk: (13.0, 6.0) (distance: 14.32)
[13:44:48] TERRAIN: Queued chunk: (-13.0, -6.0) (distance: 14.32)
[13:44:48] TERRAIN: Queued chunk: (3.0, 14.0) (distance: 14.32)
[13:44:48] TERRAIN: Queued chunk: (3.0, -14.0) (distance: 14.32)
[13:44:48] TERRAIN: Queued chunk: (-13.0, 6.0) (distance: 14.32)
[13:44:48] TERRAIN: Queued chunk: (-6.0, 13.0) (distance: 14.32)
[13:44:48] TERRAIN: Queued chunk: (-14.0, -3.0) (distance: 14.32)
[13:44:48] TERRAIN: Queued chunk: (-3.0, -14.0) (distance: 14.32)
[13:44:48] TERRAIN: Queued chunk: (13.0, -6.0) (distance: 14.32)
[13:44:48] TERRAIN: Queued chunk: (14.0, 3.0) (distance: 14.32)
[13:44:48] TERRAIN: Queued chunk: (-3.0, 14.0) (distance: 14.32)
[13:44:48] TERRAIN: Queued chunk: (12.0, 8.0) (distance: 14.42)
[13:44:48] TERRAIN: Queued chunk: (12.0, -8.0) (distance: 14.42)
[13:44:48] TERRAIN: Queued chunk: (-12.0, -8.0) (distance: 14.42)
[13:44:48] TERRAIN: Queued chunk: (-12.0, 8.0) (distance: 14.42)
[13:44:48] TERRAIN: Queued chunk: (-8.0, -12.0) (distance: 14.42)
[13:44:48] TERRAIN: Queued chunk: (-8.0, 12.0) (distance: 14.42)
[13:44:48] TERRAIN: Queued chunk: (8.0, -12.0) (distance: 14.42)
[13:44:48] TERRAIN: Queued chunk: (8.0, 12.0) (distance: 14.42)
[13:44:48] TERRAIN: Queued chunk: (14.0, -4.0) (distance: 14.56)
[13:44:48] TERRAIN: Queued chunk: (4.0, 14.0) (distance: 14.56)
[13:44:48] TERRAIN: Queued chunk: (4.0, -14.0) (distance: 14.56)
[13:44:48] TERRAIN: Queued chunk: (-4.0, 14.0) (distance: 14.56)
[13:44:48] TERRAIN: Queued chunk: (-4.0, -14.0) (distance: 14.56)
[13:44:48] TERRAIN: Queued chunk: (14.0, 4.0) (distance: 14.56)
[13:44:48] TERRAIN: Queued chunk: (-14.0, 4.0) (distance: 14.56)
[13:44:48] TERRAIN: Queued chunk: (-14.0, -4.0) (distance: 14.56)
[13:44:48] TERRAIN: Queued chunk: (13.0, -7.0) (distance: 14.76)
[13:44:48] TERRAIN: Queued chunk: (7.0, 13.0) (distance: 14.76)
[13:44:48] TERRAIN: Queued chunk: (7.0, -13.0) (distance: 14.76)
[13:44:48] TERRAIN: Queued chunk: (-7.0, 13.0) (distance: 14.76)
[13:44:48] TERRAIN: Queued chunk: (-7.0, -13.0) (distance: 14.76)
[13:44:48] TERRAIN: Queued chunk: (-13.0, 7.0) (distance: 14.76)
[13:44:48] TERRAIN: Queued chunk: (-13.0, -7.0) (distance: 14.76)
[13:44:48] TERRAIN: Queued chunk: (13.0, 7.0) (distance: 14.76)
[13:44:48] TERRAIN: Queued chunk: (14.0, -5.0) (distance: 14.87)
[13:44:48] TERRAIN: Queued chunk: (11.0, 10.0) (distance: 14.87)
[13:44:48] TERRAIN: Queued chunk: (11.0, -10.0) (distance: 14.87)
[13:44:48] TERRAIN: Queued chunk: (10.0, 11.0) (distance: 14.87)
[13:44:48] TERRAIN: Queued chunk: (10.0, -11.0) (distance: 14.87)
[13:44:48] TERRAIN: Queued chunk: (5.0, 14.0) (distance: 14.87)
[13:44:48] TERRAIN: Queued chunk: (5.0, -14.0) (distance: 14.87)
[13:44:48] TERRAIN: Queued chunk: (-5.0, 14.0) (distance: 14.87)
[13:44:48] TERRAIN: Queued chunk: (-5.0, -14.0) (distance: 14.87)
[13:44:48] TERRAIN: Queued chunk: (-10.0, 11.0) (distance: 14.87)
[13:44:48] TERRAIN: Queued chunk: (-10.0, -11.0) (distance: 14.87)
[13:44:48] TERRAIN: Queued chunk: (-11.0, 10.0) (distance: 14.87)
[13:44:48] TERRAIN: Queued chunk: (-11.0, -10.0) (distance: 14.87)
[13:44:48] TERRAIN: Queued chunk: (14.0, 5.0) (distance: 14.87)
[13:44:48] TERRAIN: Queued chunk: (-14.0, 5.0) (distance: 14.87)
[13:44:48] TERRAIN: Queued chunk: (-14.0, -5.0) (distance: 14.87)
[13:44:48] TERRAIN: Queued chunk: (15.0, 0.0) (distance: 15.00)
[13:44:48] TERRAIN: Queued chunk: (12.0, 9.0) (distance: 15.00)
[13:44:48] TERRAIN: Queued chunk: (12.0, -9.0) (distance: 15.00)
[13:44:48] TERRAIN: Queued chunk: (9.0, 12.0) (distance: 15.00)
[13:44:48] TERRAIN: Queued chunk: (9.0, -12.0) (distance: 15.00)
[13:44:48] TERRAIN: Queued chunk: (0.0, 15.0) (distance: 15.00)
[13:44:48] TERRAIN: Queued chunk: (0.0, -15.0) (distance: 15.00)
[13:44:48] TERRAIN: Queued chunk: (-9.0, 12.0) (distance: 15.00)
[13:44:48] TERRAIN: Queued chunk: (-9.0, -12.0) (distance: 15.00)
[13:44:48] TERRAIN: Queued chunk: (-12.0, 9.0) (distance: 15.00)
[13:44:48] TERRAIN: Queued chunk: (-12.0, -9.0) (distance: 15.00)
[13:44:48] TERRAIN: Queued chunk: (-15.0, 0.0) (distance: 15.00)
[13:44:48] TERRAIN: Creating chunk: (0.0, 0.0) at distance 0.00
[13:44:48] TERRAIN: Chunk (0.0, 0.0): TRIMESH collision created successfully (distance: 0.00, vertices: 512)
[13:44:48] TERRAIN: Chunk created successfully: (0.0, 0.0) at world pos (0.0, 0.0, 0.0) (total chunks: 1)
[13:44:48] TERRAIN: Creating chunk: (0.0, -1.0) at distance 1.00
[13:44:48] TERRAIN: Chunk (0.0, -1.0): TRIMESH collision created successfully (distance: 1.00, vertices: 512)
[13:44:48] TERRAIN: Chunk created successfully: (0.0, -1.0) at world pos (0.0, 0.0, -32.0) (total chunks: 2)
[13:44:48] TERRAIN: Creating chunk: (-1.0, 0.0) at distance 1.00
[13:44:48] TERRAIN: Chunk (-1.0, 0.0): TRIMESH collision created successfully (distance: 1.00, vertices: 512)
[13:44:48] TERRAIN: Chunk created successfully: (-1.0, 0.0) at world pos (-32.0, 0.0, 0.0) (total chunks: 3)
[13:44:48] TERRAIN: Creating chunk: (0.0, 1.0) at distance 1.00
[13:44:48] TERRAIN: Chunk (0.0, 1.0): TRIMESH collision created successfully (distance: 1.00, vertices: 512)
[13:44:48] TERRAIN: Chunk created successfully: (0.0, 1.0) at world pos (0.0, 0.0, 32.0) (total chunks: 4)
[13:44:48] TERRAIN: Creating chunk: (1.0, 0.0) at distance 1.00
[13:44:48] TERRAIN: Chunk (1.0, 0.0): TRIMESH collision created successfully (distance: 1.00, vertices: 512)
[13:44:48] TERRAIN: Chunk created successfully: (1.0, 0.0) at world pos (32.0, 0.0, 0.0) (total chunks: 5)
[13:44:48] TERRAIN: Creating chunk: (-1.0, 1.0) at distance 1.41
[13:44:48] TERRAIN: Chunk (-1.0, 1.0): TRIMESH collision created successfully (distance: 1.41, vertices: 128)
[13:44:48] TERRAIN: Chunk created successfully: (-1.0, 1.0) at world pos (-32.0, 0.0, 32.0) (total chunks: 6)
[13:44:48] TERRAIN: Creating chunk: (-1.0, -1.0) at distance 1.41
[13:44:48] TERRAIN: Chunk (-1.0, -1.0): TRIMESH collision created successfully (distance: 1.41, vertices: 128)
[13:44:48] TERRAIN: Chunk created successfully: (-1.0, -1.0) at world pos (-32.0, 0.0, -32.0) (total chunks: 7)
[13:44:48] TERRAIN: Creating chunk: (1.0, 1.0) at distance 1.41
[13:44:48] TERRAIN: Chunk (1.0, 1.0): TRIMESH collision created successfully (distance: 1.41, vertices: 128)
[13:44:48] TERRAIN: Chunk created successfully: (1.0, 1.0) at world pos (32.0, 0.0, 32.0) (total chunks: 8)
[13:44:48] TERRAIN: Creating chunk: (1.0, -1.0) at distance 1.41
[13:44:48] TERRAIN: Chunk (1.0, -1.0): TRIMESH collision created successfully (distance: 1.41, vertices: 128)
[13:44:48] TERRAIN: Chunk created successfully: (1.0, -1.0) at world pos (32.0, 0.0, -32.0) (total chunks: 9)
[13:44:48] TERRAIN: Creating chunk: (0.0, -2.0) at distance 2.00
[13:44:48] TERRAIN: Chunk (0.0, -2.0): TRIMESH collision created successfully (distance: 2.00, vertices: 128)
[13:44:48] TERRAIN: Chunk created successfully: (0.0, -2.0) at world pos (0.0, 0.0, -64.0) (total chunks: 10)
[13:44:48] TERRAIN: Creating chunk: (0.0, 2.0) at distance 2.00
[13:44:48] TERRAIN: Chunk (0.0, 2.0): TRIMESH collision created successfully (distance: 2.00, vertices: 128)
[13:44:48] TERRAIN: Chunk created successfully: (0.0, 2.0) at world pos (0.0, 0.0, 64.0) (total chunks: 11)
[13:44:48] TERRAIN: Creating chunk: (-2.0, 0.0) at distance 2.00
[13:44:48] TERRAIN: Chunk (-2.0, 0.0): TRIMESH collision created successfully (distance: 2.00, vertices: 128)
[13:44:48] TERRAIN: Chunk created successfully: (-2.0, 0.0) at world pos (-64.0, 0.0, 0.0) (total chunks: 12)
[13:44:48] TERRAIN: Creating chunk: (2.0, 0.0) at distance 2.00
[13:44:48] TERRAIN: Chunk (2.0, 0.0): TRIMESH collision created successfully (distance: 2.00, vertices: 128)
[13:44:48] TERRAIN: Chunk created successfully: (2.0, 0.0) at world pos (64.0, 0.0, 0.0) (total chunks: 13)
[13:44:48] TERRAIN: Creating chunk: (-2.0, 1.0) at distance 2.24
[13:44:48] TERRAIN: Chunk (-2.0, 1.0): TRIMESH collision created successfully (distance: 2.24, vertices: 128)
[13:44:48] TERRAIN: Chunk created successfully: (-2.0, 1.0) at world pos (-64.0, 0.0, 32.0) (total chunks: 14)
[13:44:48] TERRAIN: Creating chunk: (-2.0, -1.0) at distance 2.24
[13:44:48] TERRAIN: Chunk (-2.0, -1.0): TRIMESH collision created successfully (distance: 2.24, vertices: 128)
[13:44:48] TERRAIN: Chunk created successfully: (-2.0, -1.0) at world pos (-64.0, 0.0, -32.0) (total chunks: 15)
[13:44:48] TERRAIN: Creating chunk: (1.0, 2.0) at distance 2.24
[13:44:48] TERRAIN: Chunk (1.0, 2.0): TRIMESH collision created successfully (distance: 2.24, vertices: 128)
[13:44:48] TERRAIN: Chunk created successfully: (1.0, 2.0) at world pos (32.0, 0.0, 64.0) (total chunks: 16)
[13:44:48] TERRAIN: Creating chunk: (1.0, -2.0) at distance 2.24
[13:44:48] TERRAIN: Chunk (1.0, -2.0): TRIMESH collision created successfully (distance: 2.24, vertices: 128)
[13:44:48] TERRAIN: Chunk created successfully: (1.0, -2.0) at world pos (32.0, 0.0, -64.0) (total chunks: 17)
[13:44:48] TERRAIN: Creating chunk: (-1.0, 2.0) at distance 2.24
[13:44:48] TERRAIN: Chunk (-1.0, 2.0): TRIMESH collision created successfully (distance: 2.24, vertices: 128)
[13:44:48] TERRAIN: Chunk created successfully: (-1.0, 2.0) at world pos (-32.0, 0.0, 64.0) (total chunks: 18)
[13:44:48] TERRAIN: Creating chunk: (2.0, 1.0) at distance 2.24
[13:44:48] TERRAIN: Chunk (2.0, 1.0): TRIMESH collision created successfully (distance: 2.24, vertices: 128)
[13:44:48] TERRAIN: Chunk created successfully: (2.0, 1.0) at world pos (64.0, 0.0, 32.0) (total chunks: 19)
[13:44:48] TERRAIN: Creating chunk: (2.0, -1.0) at distance 2.24
[13:44:48] TERRAIN: Chunk (2.0, -1.0): TRIMESH collision created successfully (distance: 2.24, vertices: 128)
[13:44:48] TERRAIN: Chunk created successfully: (2.0, -1.0) at world pos (64.0, 0.0, -32.0) (total chunks: 20)
[13:44:48] TERRAIN: Creating chunk: (-1.0, -2.0) at distance 2.24
[13:44:48] TERRAIN: Chunk (-1.0, -2.0): TRIMESH collision created successfully (distance: 2.24, vertices: 128)
[13:44:48] TERRAIN: Chunk created successfully: (-1.0, -2.0) at world pos (-32.0, 0.0, -64.0) (total chunks: 21)
[13:44:48] TERRAIN: Creating chunk: (2.0, 2.0) at distance 2.83
[13:44:48] TERRAIN: Chunk (2.0, 2.0): TRIMESH collision created successfully (distance: 2.83, vertices: 128)
[13:44:48] TERRAIN: Chunk created successfully: (2.0, 2.0) at world pos (64.0, 0.0, 64.0) (total chunks: 22)
[13:44:48] TERRAIN: Creating chunk: (2.0, -2.0) at distance 2.83
[13:44:48] TERRAIN: Chunk (2.0, -2.0): TRIMESH collision created successfully (distance: 2.83, vertices: 128)
[13:44:48] TERRAIN: Chunk created successfully: (2.0, -2.0) at world pos (64.0, 0.0, -64.0) (total chunks: 23)
[13:44:48] TERRAIN: Creating chunk: (-2.0, -2.0) at distance 2.83
[13:44:48] TERRAIN: Chunk (-2.0, -2.0): TRIMESH collision created successfully (distance: 2.83, vertices: 128)
[13:44:48] TERRAIN: Chunk created successfully: (-2.0, -2.0) at world pos (-64.0, 0.0, -64.0) (total chunks: 24)
[13:44:48] TERRAIN: Creating chunk: (-2.0, 2.0) at distance 2.83
[13:44:48] TERRAIN: Chunk (-2.0, 2.0): TRIMESH collision created successfully (distance: 2.83, vertices: 128)
[13:44:48] TERRAIN: Chunk created successfully: (-2.0, 2.0) at world pos (-64.0, 0.0, 64.0) (total chunks: 25)
[13:44:48] TERRAIN: Creating chunk: (0.0, -3.0) at distance 3.00
[13:44:48] TERRAIN: Chunk (0.0, -3.0): TRIMESH collision created successfully (distance: 3.00, vertices: 128)
[13:44:48] TERRAIN: Chunk created successfully: (0.0, -3.0) at world pos (0.0, 0.0, -96.0) (total chunks: 26)
[13:44:48] TERRAIN: Creating chunk: (0.0, 3.0) at distance 3.00
[13:44:49] TERRAIN: Chunk (0.0, 3.0): TRIMESH collision created successfully (distance: 3.00, vertices: 128)
[13:44:49] TERRAIN: Chunk created successfully: (0.0, 3.0) at world pos (0.0, 0.0, 96.0) (total chunks: 27)
[13:44:49] TERRAIN: Creating chunk: (3.0, 0.0) at distance 3.00
[13:44:49] TERRAIN: Chunk (3.0, 0.0): TRIMESH collision created successfully (distance: 3.00, vertices: 128)
[13:44:49] TERRAIN: Chunk created successfully: (3.0, 0.0) at world pos (96.0, 0.0, 0.0) (total chunks: 28)
[13:44:49] TERRAIN: Creating chunk: (-3.0, 0.0) at distance 3.00
[13:44:49] TERRAIN: Chunk (-3.0, 0.0): TRIMESH collision created successfully (distance: 3.00, vertices: 128)
[13:44:49] TERRAIN: Chunk created successfully: (-3.0, 0.0) at world pos (-96.0, 0.0, 0.0) (total chunks: 29)
[13:44:49] TERRAIN: Creating chunk: (1.0, 3.0) at distance 3.16
[13:44:49] TERRAIN: Chunk (1.0, 3.0): TRIMESH collision created successfully (distance: 3.16, vertices: 32)
[13:44:49] TERRAIN: Chunk created successfully: (1.0, 3.0) at world pos (32.0, 0.0, 96.0) (total chunks: 30)
[13:44:49] TERRAIN: Creating chunk: (-1.0, -3.0) at distance 3.16
[13:44:49] TERRAIN: Chunk (-1.0, -3.0): TRIMESH collision created successfully (distance: 3.16, vertices: 32)
[13:44:49] TERRAIN: Chunk created successfully: (-1.0, -3.0) at world pos (-32.0, 0.0, -96.0) (total chunks: 31)
[13:44:49] TERRAIN: Creating chunk: (-3.0, -1.0) at distance 3.16
[13:44:49] TERRAIN: Chunk (-3.0, -1.0): TRIMESH collision created successfully (distance: 3.16, vertices: 32)
[13:44:49] TERRAIN: Chunk created successfully: (-3.0, -1.0) at world pos (-96.0, 0.0, -32.0) (total chunks: 32)
[13:44:49] TERRAIN: Creating chunk: (3.0, -1.0) at distance 3.16
[13:44:49] TERRAIN: Chunk (3.0, -1.0): TRIMESH collision created successfully (distance: 3.16, vertices: 32)
[13:44:49] TERRAIN: Chunk created successfully: (3.0, -1.0) at world pos (96.0, 0.0, -32.0) (total chunks: 33)
[13:44:49] TERRAIN: Creating chunk: (3.0, 1.0) at distance 3.16
[13:44:49] TERRAIN: Chunk (3.0, 1.0): TRIMESH collision created successfully (distance: 3.16, vertices: 32)
[13:44:49] TERRAIN: Chunk created successfully: (3.0, 1.0) at world pos (96.0, 0.0, 32.0) (total chunks: 34)
[13:44:49] TERRAIN: Creating chunk: (-3.0, 1.0) at distance 3.16
[13:44:49] TERRAIN: Chunk (-3.0, 1.0): TRIMESH collision created successfully (distance: 3.16, vertices: 32)
[13:44:49] TERRAIN: Chunk created successfully: (-3.0, 1.0) at world pos (-96.0, 0.0, 32.0) (total chunks: 35)
[13:44:49] TERRAIN: Creating chunk: (1.0, -3.0) at distance 3.16
[13:44:49] TERRAIN: Chunk (1.0, -3.0): TRIMESH collision created successfully (distance: 3.16, vertices: 32)
[13:44:49] TERRAIN: Chunk created successfully: (1.0, -3.0) at world pos (32.0, 0.0, -96.0) (total chunks: 36)
[13:44:49] TERRAIN: Creating chunk: (-1.0, 3.0) at distance 3.16
[13:44:49] TERRAIN: Chunk (-1.0, 3.0): TRIMESH collision created successfully (distance: 3.16, vertices: 32)
[13:44:49] TERRAIN: Chunk created successfully: (-1.0, 3.0) at world pos (-32.0, 0.0, 96.0) (total chunks: 37)
[13:44:49] TERRAIN: Creating chunk: (-3.0, -2.0) at distance 3.61
[13:44:49] TERRAIN: Chunk (-3.0, -2.0): TRIMESH collision created successfully (distance: 3.61, vertices: 32)
[13:44:49] TERRAIN: Chunk created successfully: (-3.0, -2.0) at world pos (-96.0, 0.0, -64.0) (total chunks: 38)
[13:44:49] TERRAIN: Creating chunk: (-3.0, 2.0) at distance 3.61
[13:44:49] TERRAIN: Chunk (-3.0, 2.0): TRIMESH collision created successfully (distance: 3.61, vertices: 32)
[13:44:49] TERRAIN: Chunk created successfully: (-3.0, 2.0) at world pos (-96.0, 0.0, 64.0) (total chunks: 39)
[13:44:49] TERRAIN: Creating chunk: (2.0, -3.0) at distance 3.61
[13:44:49] TERRAIN: Chunk (2.0, -3.0): TRIMESH collision created successfully (distance: 3.61, vertices: 32)
[13:44:49] TERRAIN: Chunk created successfully: (2.0, -3.0) at world pos (64.0, 0.0, -96.0) (total chunks: 40)
[13:44:49] TERRAIN: Creating chunk: (2.0, 3.0) at distance 3.61
[13:44:49] TERRAIN: Chunk (2.0, 3.0): TRIMESH collision created successfully (distance: 3.61, vertices: 32)
[13:44:49] TERRAIN: Chunk created successfully: (2.0, 3.0) at world pos (64.0, 0.0, 96.0) (total chunks: 41)
[13:44:49] TERRAIN: Creating chunk: (-2.0, -3.0) at distance 3.61
[13:44:49] TERRAIN: Chunk (-2.0, -3.0): TRIMESH collision created successfully (distance: 3.61, vertices: 32)
[13:44:49] TERRAIN: Chunk created successfully: (-2.0, -3.0) at world pos (-64.0, 0.0, -96.0) (total chunks: 42)
[13:44:49] TERRAIN: Creating chunk: (3.0, 2.0) at distance 3.61
[13:44:49] TERRAIN: Chunk (3.0, 2.0): TRIMESH collision created successfully (distance: 3.61, vertices: 32)
[13:44:49] TERRAIN: Chunk created successfully: (3.0, 2.0) at world pos (96.0, 0.0, 64.0) (total chunks: 43)
[13:44:49] TERRAIN: Creating chunk: (-2.0, 3.0) at distance 3.61
[13:44:49] TERRAIN: Chunk (-2.0, 3.0): TRIMESH collision created successfully (distance: 3.61, vertices: 32)
[13:44:49] TERRAIN: Chunk created successfully: (-2.0, 3.0) at world pos (-64.0, 0.0, 96.0) (total chunks: 44)
[13:44:49] TERRAIN: Creating chunk: (3.0, -2.0) at distance 3.61
[13:44:49] TERRAIN: Chunk (3.0, -2.0): TRIMESH collision created successfully (distance: 3.61, vertices: 32)
[13:44:49] TERRAIN: Chunk created successfully: (3.0, -2.0) at world pos (96.0, 0.0, -64.0) (total chunks: 45)
[13:44:49] TERRAIN: Creating chunk: (4.0, 0.0) at distance 4.00
[13:44:49] TERRAIN: Chunk (4.0, 0.0): TRIMESH collision created successfully (distance: 4.00, vertices: 32)
[13:44:49] TERRAIN: Chunk created successfully: (4.0, 0.0) at world pos (128.0, 0.0, 0.0) (total chunks: 46)
[13:44:49] TERRAIN: Creating chunk: (0.0, -4.0) at distance 4.00
[13:44:49] TERRAIN: Chunk (0.0, -4.0): TRIMESH collision created successfully (distance: 4.00, vertices: 32)
[13:44:49] TERRAIN: Chunk created successfully: (0.0, -4.0) at world pos (0.0, 0.0, -128.0) (total chunks: 47)
[13:44:49] TERRAIN: Creating chunk: (0.0, 4.0) at distance 4.00
[13:44:49] TERRAIN: Chunk (0.0, 4.0): TRIMESH collision created successfully (distance: 4.00, vertices: 32)
[13:44:49] TERRAIN: Chunk created successfully: (0.0, 4.0) at world pos (0.0, 0.0, 128.0) (total chunks: 48)
[13:44:49] TERRAIN: Creating chunk: (-4.0, 0.0) at distance 4.00
[13:44:49] TERRAIN: Chunk (-4.0, 0.0): TRIMESH collision created successfully (distance: 4.00, vertices: 32)
[13:44:49] TERRAIN: Chunk created successfully: (-4.0, 0.0) at world pos (-128.0, 0.0, 0.0) (total chunks: 49)
[13:44:49] TERRAIN: Creating chunk: (1.0, -4.0) at distance 4.12
[13:44:49] TERRAIN: Chunk (1.0, -4.0): TRIMESH collision created successfully (distance: 4.12, vertices: 32)
[13:44:49] TERRAIN: Chunk created successfully: (1.0, -4.0) at world pos (32.0, 0.0, -128.0) (total chunks: 50)
[13:44:49] TERRAIN: Creating chunk: (-1.0, 4.0) at distance 4.12
[13:44:49] TERRAIN: Chunk (-1.0, 4.0): TRIMESH collision created successfully (distance: 4.12, vertices: 32)
[13:44:49] TERRAIN: Chunk created successfully: (-1.0, 4.0) at world pos (-32.0, 0.0, 128.0) (total chunks: 51)
[13:44:49] TERRAIN: Creating chunk: (1.0, 4.0) at distance 4.12
[13:44:49] TERRAIN: Chunk (1.0, 4.0): TRIMESH collision created successfully (distance: 4.12, vertices: 32)
[13:44:49] TERRAIN: Chunk created successfully: (1.0, 4.0) at world pos (32.0, 0.0, 128.0) (total chunks: 52)
[13:44:49] TERRAIN: Creating chunk: (-4.0, -1.0) at distance 4.12
[13:44:49] TERRAIN: Chunk (-4.0, -1.0): TRIMESH collision created successfully (distance: 4.12, vertices: 32)
[13:44:49] TERRAIN: Chunk created successfully: (-4.0, -1.0) at world pos (-128.0, 0.0, -32.0) (total chunks: 53)
[13:44:49] TERRAIN: Creating chunk: (-1.0, -4.0) at distance 4.12
[13:44:49] TERRAIN: Chunk (-1.0, -4.0): TRIMESH collision created successfully (distance: 4.12, vertices: 32)
[13:44:49] TERRAIN: Chunk created successfully: (-1.0, -4.0) at world pos (-32.0, 0.0, -128.0) (total chunks: 54)
[13:44:49] TERRAIN: Creating chunk: (-4.0, 1.0) at distance 4.12
[13:44:49] TERRAIN: Chunk (-4.0, 1.0): TRIMESH collision created successfully (distance: 4.12, vertices: 32)
[13:44:49] TERRAIN: Chunk created successfully: (-4.0, 1.0) at world pos (-128.0, 0.0, 32.0) (total chunks: 55)
[13:44:49] TERRAIN: Creating chunk: (4.0, -1.0) at distance 4.12
[13:44:49] TERRAIN: Chunk (4.0, -1.0): TRIMESH collision created successfully (distance: 4.12, vertices: 32)
[13:44:49] TERRAIN: Chunk created successfully: (4.0, -1.0) at world pos (128.0, 0.0, -32.0) (total chunks: 56)
[13:44:49] TERRAIN: Creating chunk: (4.0, 1.0) at distance 4.12
[13:44:49] TERRAIN: Chunk (4.0, 1.0): TRIMESH collision created successfully (distance: 4.12, vertices: 32)
[13:44:49] TERRAIN: Chunk created successfully: (4.0, 1.0) at world pos (128.0, 0.0, 32.0) (total chunks: 57)
[13:44:49] TERRAIN: Creating chunk: (3.0, -3.0) at distance 4.24
[13:44:49] TERRAIN: Chunk (3.0, -3.0): TRIMESH collision created successfully (distance: 4.24, vertices: 32)
[13:44:49] TERRAIN: Chunk created successfully: (3.0, -3.0) at world pos (96.0, 0.0, -96.0) (total chunks: 58)
[13:44:49] TERRAIN: Creating chunk: (3.0, 3.0) at distance 4.24
[13:44:49] TERRAIN: Chunk (3.0, 3.0): TRIMESH collision created successfully (distance: 4.24, vertices: 32)
[13:44:49] TERRAIN: Chunk created successfully: (3.0, 3.0) at world pos (96.0, 0.0, 96.0) (total chunks: 59)
[13:44:49] TERRAIN: Creating chunk: (-3.0, -3.0) at distance 4.24
[13:44:49] TERRAIN: Chunk (-3.0, -3.0): TRIMESH collision created successfully (distance: 4.24, vertices: 32)
[13:44:49] TERRAIN: Chunk created successfully: (-3.0, -3.0) at world pos (-96.0, 0.0, -96.0) (total chunks: 60)
[13:44:49] TERRAIN: Creating chunk: (-3.0, 3.0) at distance 4.24
[13:44:49] TERRAIN: Chunk (-3.0, 3.0): TRIMESH collision created successfully (distance: 4.24, vertices: 32)
[13:44:49] TERRAIN: Chunk created successfully: (-3.0, 3.0) at world pos (-96.0, 0.0, 96.0) (total chunks: 61)
[13:44:49] TERRAIN: Creating chunk: (-4.0, -2.0) at distance 4.47
[13:44:49] TERRAIN: Chunk (-4.0, -2.0): TRIMESH collision created successfully (distance: 4.47, vertices: 32)
[13:44:49] TERRAIN: Chunk created successfully: (-4.0, -2.0) at world pos (-128.0, 0.0, -64.0) (total chunks: 62)
[13:44:49] TERRAIN: Creating chunk: (-4.0, 2.0) at distance 4.47
[13:44:49] TERRAIN: Chunk (-4.0, 2.0): TRIMESH collision created successfully (distance: 4.47, vertices: 32)
[13:44:49] TERRAIN: Chunk created successfully: (-4.0, 2.0) at world pos (-128.0, 0.0, 64.0) (total chunks: 63)
[13:44:49] TERRAIN: Creating chunk: (4.0, 2.0) at distance 4.47
[13:44:49] TERRAIN: Chunk (4.0, 2.0): TRIMESH collision created successfully (distance: 4.47, vertices: 32)
[13:44:49] TERRAIN: Chunk created successfully: (4.0, 2.0) at world pos (128.0, 0.0, 64.0) (total chunks: 64)
[13:44:49] TERRAIN: Creating chunk: (4.0, -2.0) at distance 4.47
[13:44:49] TERRAIN: Chunk (4.0, -2.0): TRIMESH collision created successfully (distance: 4.47, vertices: 32)
[13:44:49] TERRAIN: Chunk created successfully: (4.0, -2.0) at world pos (128.0, 0.0, -64.0) (total chunks: 65)
[13:44:49] TERRAIN: Creating chunk: (-2.0, -4.0) at distance 4.47
[13:44:49] TERRAIN: Chunk (-2.0, -4.0): TRIMESH collision created successfully (distance: 4.47, vertices: 32)
[13:44:49] TERRAIN: Chunk created successfully: (-2.0, -4.0) at world pos (-64.0, 0.0, -128.0) (total chunks: 66)
[13:44:49] TERRAIN: Creating chunk: (-2.0, 4.0) at distance 4.47
[13:44:49] TERRAIN: Chunk (-2.0, 4.0): TRIMESH collision created successfully (distance: 4.47, vertices: 32)
[13:44:49] TERRAIN: Chunk created successfully: (-2.0, 4.0) at world pos (-64.0, 0.0, 128.0) (total chunks: 67)
[13:44:49] TERRAIN: Creating chunk: (2.0, 4.0) at distance 4.47
[13:44:49] TERRAIN: Chunk (2.0, 4.0): TRIMESH collision created successfully (distance: 4.47, vertices: 32)
[13:44:49] TERRAIN: Chunk created successfully: (2.0, 4.0) at world pos (64.0, 0.0, 128.0) (total chunks: 68)
[13:44:49] TERRAIN: Creating chunk: (2.0, -4.0) at distance 4.47
[13:44:49] TERRAIN: Chunk (2.0, -4.0): TRIMESH collision created successfully (distance: 4.47, vertices: 32)
[13:44:49] TERRAIN: Chunk created successfully: (2.0, -4.0) at world pos (64.0, 0.0, -128.0) (total chunks: 69)
[13:44:49] TERRAIN: Creating chunk: (0.0, -5.0) at distance 5.00
[13:44:49] TERRAIN: Chunk (0.0, -5.0): TRIMESH collision created successfully (distance: 5.00, vertices: 32)
[13:44:49] TERRAIN: Chunk created successfully: (0.0, -5.0) at world pos (0.0, 0.0, -160.0) (total chunks: 70)
[13:44:49] TERRAIN: Creating chunk: (-3.0, 4.0) at distance 5.00
[13:44:49] TERRAIN: Chunk (-3.0, 4.0): TRIMESH collision created successfully (distance: 5.00, vertices: 32)
[13:44:49] TERRAIN: Chunk created successfully: (-3.0, 4.0) at world pos (-96.0, 0.0, 128.0) (total chunks: 71)
[13:44:49] TERRAIN: Creating chunk: (-3.0, -4.0) at distance 5.00
[13:44:49] TERRAIN: Chunk (-3.0, -4.0): TRIMESH collision created successfully (distance: 5.00, vertices: 32)
[13:44:49] TERRAIN: Chunk created successfully: (-3.0, -4.0) at world pos (-96.0, 0.0, -128.0) (total chunks: 72)
[13:44:49] TERRAIN: Creating chunk: (-4.0, 3.0) at distance 5.00
[13:44:49] TERRAIN: Chunk (-4.0, 3.0): TRIMESH collision created successfully (distance: 5.00, vertices: 32)
[13:44:49] TERRAIN: Chunk created successfully: (-4.0, 3.0) at world pos (-128.0, 0.0, 96.0) (total chunks: 73)
[13:44:49] TERRAIN: Creating chunk: (-4.0, -3.0) at distance 5.00
[13:44:49] TERRAIN: Chunk (-4.0, -3.0): TRIMESH collision created successfully (distance: 5.00, vertices: 32)
[13:44:49] TERRAIN: Chunk created successfully: (-4.0, -3.0) at world pos (-128.0, 0.0, -96.0) (total chunks: 74)
[13:44:49] TERRAIN: Creating chunk: (3.0, -4.0) at distance 5.00
[13:44:49] TERRAIN: Chunk (3.0, -4.0): TRIMESH collision created successfully (distance: 5.00, vertices: 32)
[13:44:49] TERRAIN: Chunk created successfully: (3.0, -4.0) at world pos (96.0, 0.0, -128.0) (total chunks: 75)
[13:44:49] TERRAIN: Creating chunk: (3.0, 4.0) at distance 5.00
[13:44:49] TERRAIN: Chunk (3.0, 4.0): TRIMESH collision created successfully (distance: 5.00, vertices: 32)
[13:44:49] TERRAIN: Chunk created successfully: (3.0, 4.0) at world pos (96.0, 0.0, 128.0) (total chunks: 76)
[13:44:49] TERRAIN: Creating chunk: (-5.0, 0.0) at distance 5.00
[13:44:49] TERRAIN: Chunk (-5.0, 0.0): TRIMESH collision created successfully (distance: 5.00, vertices: 32)
[13:44:49] TERRAIN: Chunk created successfully: (-5.0, 0.0) at world pos (-160.0, 0.0, 0.0) (total chunks: 77)
[13:44:49] TERRAIN: Creating chunk: (5.0, 0.0) at distance 5.00
[13:44:49] TERRAIN: Chunk (5.0, 0.0): TRIMESH collision created successfully (distance: 5.00, vertices: 32)
[13:44:49] TERRAIN: Chunk created successfully: (5.0, 0.0) at world pos (160.0, 0.0, 0.0) (total chunks: 78)
[13:44:49] TERRAIN: Creating chunk: (0.0, 5.0) at distance 5.00
[13:44:49] TERRAIN: Chunk (0.0, 5.0): TRIMESH collision created successfully (distance: 5.00, vertices: 32)
[13:44:49] TERRAIN: Chunk created successfully: (0.0, 5.0) at world pos (0.0, 0.0, 160.0) (total chunks: 79)
[13:44:49] TERRAIN: Creating chunk: (4.0, -3.0) at distance 5.00
[13:44:49] TERRAIN: Chunk (4.0, -3.0): TRIMESH collision created successfully (distance: 5.00, vertices: 32)
[13:44:49] TERRAIN: Chunk created successfully: (4.0, -3.0) at world pos (128.0, 0.0, -96.0) (total chunks: 80)
[13:44:49] TERRAIN: Creating chunk: (4.0, 3.0) at distance 5.00
[13:44:49] TERRAIN: Chunk (4.0, 3.0): TRIMESH collision created successfully (distance: 5.00, vertices: 32)
[13:44:49] TERRAIN: Chunk created successfully: (4.0, 3.0) at world pos (128.0, 0.0, 96.0) (total chunks: 81)
[13:44:49] TERRAIN: Creating chunk: (5.0, 1.0) at distance 5.10
[13:44:49] TERRAIN: Chunk (5.0, 1.0): TRIMESH collision created successfully (distance: 5.10, vertices: 8)
[13:44:49] TERRAIN: Chunk created successfully: (5.0, 1.0) at world pos (160.0, 0.0, 32.0) (total chunks: 82)
[13:44:49] TERRAIN: Creating chunk: (-1.0, 5.0) at distance 5.10
[13:44:49] TERRAIN: Chunk (-1.0, 5.0): TRIMESH collision created successfully (distance: 5.10, vertices: 8)
[13:44:49] TERRAIN: Chunk created successfully: (-1.0, 5.0) at world pos (-32.0, 0.0, 160.0) (total chunks: 83)
[13:44:49] TERRAIN: Creating chunk: (-5.0, -1.0) at distance 5.10
[13:44:49] TERRAIN: Chunk (-5.0, -1.0): TRIMESH collision created successfully (distance: 5.10, vertices: 8)
[13:44:49] TERRAIN: Chunk created successfully: (-5.0, -1.0) at world pos (-160.0, 0.0, -32.0) (total chunks: 84)
[13:44:49] TERRAIN: Creating chunk: (1.0, -5.0) at distance 5.10
[13:44:49] TERRAIN: Chunk (1.0, -5.0): TRIMESH collision created successfully (distance: 5.10, vertices: 8)
[13:44:49] TERRAIN: Chunk created successfully: (1.0, -5.0) at world pos (32.0, 0.0, -160.0) (total chunks: 85)
[13:44:49] TERRAIN: Creating chunk: (1.0, 5.0) at distance 5.10
[13:44:49] TERRAIN: Chunk (1.0, 5.0): TRIMESH collision created successfully (distance: 5.10, vertices: 8)
[13:44:49] TERRAIN: Chunk created successfully: (1.0, 5.0) at world pos (32.0, 0.0, 160.0) (total chunks: 86)
[13:44:49] TERRAIN: Creating chunk: (5.0, -1.0) at distance 5.10
[13:44:49] TERRAIN: Chunk (5.0, -1.0): TRIMESH collision created successfully (distance: 5.10, vertices: 8)
[13:44:49] TERRAIN: Chunk created successfully: (5.0, -1.0) at world pos (160.0, 0.0, -32.0) (total chunks: 87)
[13:44:49] TERRAIN: Creating chunk: (-5.0, 1.0) at distance 5.10
[13:44:49] TERRAIN: Chunk (-5.0, 1.0): TRIMESH collision created successfully (distance: 5.10, vertices: 8)
[13:44:49] TERRAIN: Chunk created successfully: (-5.0, 1.0) at world pos (-160.0, 0.0, 32.0) (total chunks: 88)
[13:44:49] TERRAIN: Creating chunk: (-1.0, -5.0) at distance 5.10
[13:44:49] TERRAIN: Chunk (-1.0, -5.0): TRIMESH collision created successfully (distance: 5.10, vertices: 8)
[13:44:49] TERRAIN: Chunk created successfully: (-1.0, -5.0) at world pos (-32.0, 0.0, -160.0) (total chunks: 89)
[13:44:49] TERRAIN: Creating chunk: (-5.0, 2.0) at distance 5.39
[13:44:49] TERRAIN: Chunk (-5.0, 2.0): TRIMESH collision created successfully (distance: 5.39, vertices: 8)
[13:44:49] TERRAIN: Chunk created successfully: (-5.0, 2.0) at world pos (-160.0, 0.0, 64.0) (total chunks: 90)
[13:44:49] TERRAIN: Creating chunk: (5.0, -2.0) at distance 5.39
[13:44:49] TERRAIN: Chunk (5.0, -2.0): TRIMESH collision created successfully (distance: 5.39, vertices: 8)
[13:44:49] TERRAIN: Chunk created successfully: (5.0, -2.0) at world pos (160.0, 0.0, -64.0) (total chunks: 91)
[13:44:49] TERRAIN: Creating chunk: (-2.0, 5.0) at distance 5.39
[13:44:49] TERRAIN: Chunk (-2.0, 5.0): TRIMESH collision created successfully (distance: 5.39, vertices: 8)
[13:44:49] TERRAIN: Chunk created successfully: (-2.0, 5.0) at world pos (-64.0, 0.0, 160.0) (total chunks: 92)
[13:44:49] TERRAIN: Creating chunk: (2.0, 5.0) at distance 5.39
[13:44:49] TERRAIN: Chunk (2.0, 5.0): TRIMESH collision created successfully (distance: 5.39, vertices: 8)
[13:44:49] TERRAIN: Chunk created successfully: (2.0, 5.0) at world pos (64.0, 0.0, 160.0) (total chunks: 93)
[13:44:49] TERRAIN: Creating chunk: (2.0, -5.0) at distance 5.39
[13:44:49] TERRAIN: Chunk (2.0, -5.0): TRIMESH collision created successfully (distance: 5.39, vertices: 8)
[13:44:49] TERRAIN: Chunk created successfully: (2.0, -5.0) at world pos (64.0, 0.0, -160.0) (total chunks: 94)
[13:44:49] TERRAIN: Creating chunk: (-2.0, -5.0) at distance 5.39
[13:44:49] TERRAIN: Chunk (-2.0, -5.0): TRIMESH collision created successfully (distance: 5.39, vertices: 8)
[13:44:49] TERRAIN: Chunk created successfully: (-2.0, -5.0) at world pos (-64.0, 0.0, -160.0) (total chunks: 95)
[13:44:49] TERRAIN: Creating chunk: (-5.0, -2.0) at distance 5.39
[13:44:49] TERRAIN: Chunk (-5.0, -2.0): TRIMESH collision created successfully (distance: 5.39, vertices: 8)
[13:44:49] TERRAIN: Chunk created successfully: (-5.0, -2.0) at world pos (-160.0, 0.0, -64.0) (total chunks: 96)
[13:44:49] TERRAIN: Creating chunk: (5.0, 2.0) at distance 5.39
[13:44:49] TERRAIN: Chunk (5.0, 2.0): TRIMESH collision created successfully (distance: 5.39, vertices: 8)
[13:44:49] TERRAIN: Chunk created successfully: (5.0, 2.0) at world pos (160.0, 0.0, 64.0) (total chunks: 97)
[13:44:49] TERRAIN: Creating chunk: (4.0, 4.0) at distance 5.66
[13:44:49] TERRAIN: Chunk (4.0, 4.0): TRIMESH collision created successfully (distance: 5.66, vertices: 8)
[13:44:49] TERRAIN: Chunk created successfully: (4.0, 4.0) at world pos (128.0, 0.0, 128.0) (total chunks: 98)
[13:44:49] TERRAIN: Creating chunk: (4.0, -4.0) at distance 5.66
[13:44:49] TERRAIN: Chunk (4.0, -4.0): TRIMESH collision created successfully (distance: 5.66, vertices: 8)
[13:44:49] TERRAIN: Chunk created successfully: (4.0, -4.0) at world pos (128.0, 0.0, -128.0) (total chunks: 99)
[13:44:49] TERRAIN: Creating chunk: (-4.0, -4.0) at distance 5.66
[13:44:49] TERRAIN: Chunk (-4.0, -4.0): TRIMESH collision created successfully (distance: 5.66, vertices: 8)
[13:44:49] TERRAIN: Chunk created successfully: (-4.0, -4.0) at world pos (-128.0, 0.0, -128.0) (total chunks: 100)
[13:44:49] TERRAIN: Player moved to new chunk: (0.0, -1.0) (was (0.0, 0.0))
[13:44:49] TERRAIN: Creating chunk: (-4.0, 4.0) at distance 6.40
[13:44:49] TERRAIN: Chunk (-4.0, 4.0): TRIMESH collision created successfully (distance: 6.40, vertices: 8)
[13:44:49] TERRAIN: Chunk created successfully: (-4.0, 4.0) at world pos (-128.0, 0.0, 128.0) (total chunks: 101)
[13:44:49] TERRAIN: Creating chunk: (3.0, -5.0) at distance 5.00
[13:44:49] TERRAIN: Chunk (3.0, -5.0): TRIMESH collision created successfully (distance: 5.00, vertices: 32)
[13:44:49] TERRAIN: Chunk created successfully: (3.0, -5.0) at world pos (96.0, 0.0, -160.0) (total chunks: 102)
[13:44:49] TERRAIN: Creating chunk: (-3.0, -5.0) at distance 5.00
[13:44:49] TERRAIN: Chunk (-3.0, -5.0): TRIMESH collision created successfully (distance: 5.00, vertices: 32)
[13:44:49] TERRAIN: Chunk created successfully: (-3.0, -5.0) at world pos (-96.0, 0.0, -160.0) (total chunks: 103)
[13:44:49] TERRAIN: Creating chunk: (3.0, 5.0) at distance 6.71
[13:44:49] TERRAIN: Chunk (3.0, 5.0): TRIMESH collision created successfully (distance: 6.71, vertices: 8)
[13:44:49] TERRAIN: Chunk created successfully: (3.0, 5.0) at world pos (96.0, 0.0, 160.0) (total chunks: 104)
[13:44:49] TERRAIN: Creating chunk: (5.0, -3.0) at distance 5.39
[13:44:49] TERRAIN: Chunk (5.0, -3.0): TRIMESH collision created successfully (distance: 5.39, vertices: 8)
[13:44:49] TERRAIN: Chunk created successfully: (5.0, -3.0) at world pos (160.0, 0.0, -96.0) (total chunks: 105)
[13:44:49] TERRAIN: Creating chunk: (-5.0, 3.0) at distance 6.40
[13:44:49] TERRAIN: Chunk (-5.0, 3.0): TRIMESH collision created successfully (distance: 6.40, vertices: 8)
[13:44:49] TERRAIN: Chunk created successfully: (-5.0, 3.0) at world pos (-160.0, 0.0, 96.0) (total chunks: 106)
[13:44:49] TERRAIN: Creating chunk: (-3.0, 5.0) at distance 6.71
[13:44:49] TERRAIN: Chunk (-3.0, 5.0): TRIMESH collision created successfully (distance: 6.71, vertices: 8)
[13:44:49] TERRAIN: Chunk created successfully: (-3.0, 5.0) at world pos (-96.0, 0.0, 160.0) (total chunks: 107)
[13:44:49] TERRAIN: Creating chunk: (5.0, 3.0) at distance 6.40
[13:44:49] TERRAIN: Chunk (5.0, 3.0): TRIMESH collision created successfully (distance: 6.40, vertices: 8)
[13:44:49] TERRAIN: Chunk created successfully: (5.0, 3.0) at world pos (160.0, 0.0, 96.0) (total chunks: 108)
[13:44:49] TERRAIN: Creating chunk: (-5.0, -3.0) at distance 5.39
[13:44:49] TERRAIN: Chunk (-5.0, -3.0): TRIMESH collision created successfully (distance: 5.39, vertices: 8)
[13:44:49] TERRAIN: Chunk created successfully: (-5.0, -3.0) at world pos (-160.0, 0.0, -96.0) (total chunks: 109)
[13:44:49] TERRAIN: Creating chunk: (-6.0, 0.0) at distance 6.08
[13:44:49] TERRAIN: Chunk (-6.0, 0.0): TRIMESH collision created successfully (distance: 6.08, vertices: 8)
[13:44:49] TERRAIN: Chunk created successfully: (-6.0, 0.0) at world pos (-192.0, 0.0, 0.0) (total chunks: 110)
[13:44:49] TERRAIN: Creating chunk: (6.0, 0.0) at distance 6.08
[13:44:49] TERRAIN: Chunk (6.0, 0.0): TRIMESH collision created successfully (distance: 6.08, vertices: 8)
[13:44:49] TERRAIN: Chunk created successfully: (6.0, 0.0) at world pos (192.0, 0.0, 0.0) (total chunks: 111)
[13:44:49] TERRAIN: Creating chunk: (0.0, -6.0) at distance 5.00
[13:44:49] TERRAIN: Chunk (0.0, -6.0): TRIMESH collision created successfully (distance: 5.00, vertices: 32)
[13:44:49] TERRAIN: Chunk created successfully: (0.0, -6.0) at world pos (0.0, 0.0, -192.0) (total chunks: 112)
[13:44:49] TERRAIN: Creating chunk: (0.0, 6.0) at distance 7.00
[13:44:49] TERRAIN: Chunk (0.0, 6.0): TRIMESH collision created successfully (distance: 7.00, vertices: 8)
[13:44:49] TERRAIN: Chunk created successfully: (0.0, 6.0) at world pos (0.0, 0.0, 192.0) (total chunks: 113)
[13:44:49] TERRAIN: Creating chunk: (6.0, -1.0) at distance 6.00
[13:44:49] TERRAIN: Chunk (6.0, -1.0): TRIMESH collision created successfully (distance: 6.00, vertices: 8)
[13:44:49] TERRAIN: Chunk created successfully: (6.0, -1.0) at world pos (192.0, 0.0, -32.0) (total chunks: 114)
[13:44:49] TERRAIN: Creating chunk: (-6.0, 1.0) at distance 6.32
[13:44:49] TERRAIN: Chunk (-6.0, 1.0): TRIMESH collision created successfully (distance: 6.32, vertices: 8)
[13:44:49] TERRAIN: Chunk created successfully: (-6.0, 1.0) at world pos (-192.0, 0.0, 32.0) (total chunks: 115)
[13:44:49] TERRAIN: Creating chunk: (-1.0, 6.0) at distance 7.07
[13:44:49] TERRAIN: Chunk (-1.0, 6.0): TRIMESH collision created successfully (distance: 7.07, vertices: 8)
[13:44:49] TERRAIN: Chunk created successfully: (-1.0, 6.0) at world pos (-32.0, 0.0, 192.0) (total chunks: 116)
[13:44:49] TERRAIN: Creating chunk: (1.0, -6.0) at distance 5.10
[13:44:49] TERRAIN: Chunk (1.0, -6.0): TRIMESH collision created successfully (distance: 5.10, vertices: 8)
[13:44:49] TERRAIN: Chunk created successfully: (1.0, -6.0) at world pos (32.0, 0.0, -192.0) (total chunks: 117)
[13:44:49] TERRAIN: Creating chunk: (1.0, 6.0) at distance 7.07
[13:44:49] TERRAIN: Chunk (1.0, 6.0): TRIMESH collision created successfully (distance: 7.07, vertices: 8)
[13:44:49] TERRAIN: Chunk created successfully: (1.0, 6.0) at world pos (32.0, 0.0, 192.0) (total chunks: 118)
[13:44:49] TERRAIN: Creating chunk: (-1.0, -6.0) at distance 5.10
[13:44:49] TERRAIN: Chunk (-1.0, -6.0): TRIMESH collision created successfully (distance: 5.10, vertices: 8)
[13:44:49] TERRAIN: Chunk created successfully: (-1.0, -6.0) at world pos (-32.0, 0.0, -192.0) (total chunks: 119)
[13:44:49] TERRAIN: Creating chunk: (-6.0, -1.0) at distance 6.00
[13:44:49] TERRAIN: Chunk (-6.0, -1.0): TRIMESH collision created successfully (distance: 6.00, vertices: 8)
[13:44:49] TERRAIN: Chunk created successfully: (-6.0, -1.0) at world pos (-192.0, 0.0, -32.0) (total chunks: 120)
[13:44:49] PLAYER: Pos: (0.0, -0.001049, -0.500015) | Chunk: (0.0, -1.0) | TerrainHeight: -0.00 | HeightDiff: -0.00 | OnFloor: true
[13:44:49] PLAYER: CHUNK CHANGED: (inf, inf) -> (0.0, -1.0)
[13:44:49] TERRAIN: Creating chunk: (6.0, 1.0) at distance 6.32
[13:44:49] TERRAIN: Chunk (6.0, 1.0): TRIMESH collision created successfully (distance: 6.32, vertices: 8)
[13:44:49] TERRAIN: Chunk created successfully: (6.0, 1.0) at world pos (192.0, 0.0, 32.0) (total chunks: 121)
[13:44:49] TERRAIN: Creating chunk: (-2.0, 6.0) at distance 7.28
[13:44:49] TERRAIN: Chunk (-2.0, 6.0): TRIMESH collision created successfully (distance: 7.28, vertices: 8)
[13:44:49] TERRAIN: Chunk created successfully: (-2.0, 6.0) at world pos (-64.0, 0.0, 192.0) (total chunks: 122)
[13:44:49] TERRAIN: Creating chunk: (6.0, -2.0) at distance 6.08
[13:44:49] TERRAIN: Chunk (6.0, -2.0): TRIMESH collision created successfully (distance: 6.08, vertices: 8)
[13:44:49] TERRAIN: Chunk created successfully: (6.0, -2.0) at world pos (192.0, 0.0, -64.0) (total chunks: 123)
[13:44:49] TERRAIN: Creating chunk: (6.0, 2.0) at distance 6.71
[13:44:49] TERRAIN: Chunk (6.0, 2.0): TRIMESH collision created successfully (distance: 6.71, vertices: 8)
[13:44:49] TERRAIN: Chunk created successfully: (6.0, 2.0) at world pos (192.0, 0.0, 64.0) (total chunks: 124)
[13:44:49] TERRAIN: Creating chunk: (2.0, 6.0) at distance 7.28
[13:44:49] TERRAIN: Chunk (2.0, 6.0): TRIMESH collision created successfully (distance: 7.28, vertices: 8)
[13:44:49] TERRAIN: Chunk created successfully: (2.0, 6.0) at world pos (64.0, 0.0, 192.0) (total chunks: 125)
[13:44:49] TERRAIN: Creating chunk: (2.0, -6.0) at distance 5.39
[13:44:49] TERRAIN: Chunk (2.0, -6.0): TRIMESH collision created successfully (distance: 5.39, vertices: 8)
[13:44:49] TERRAIN: Chunk created successfully: (2.0, -6.0) at world pos (64.0, 0.0, -192.0) (total chunks: 126)
[13:44:49] TERRAIN: Creating chunk: (-2.0, -6.0) at distance 5.39
[13:44:49] TERRAIN: Chunk (-2.0, -6.0): TRIMESH collision created successfully (distance: 5.39, vertices: 8)
[13:44:49] TERRAIN: Chunk created successfully: (-2.0, -6.0) at world pos (-64.0, 0.0, -192.0) (total chunks: 127)
[13:44:49] TERRAIN: Creating chunk: (-6.0, -2.0) at distance 6.08
[13:44:49] TERRAIN: Chunk (-6.0, -2.0): TRIMESH collision created successfully (distance: 6.08, vertices: 8)
[13:44:49] TERRAIN: Chunk created successfully: (-6.0, -2.0) at world pos (-192.0, 0.0, -64.0) (total chunks: 128)
[13:44:49] TERRAIN: Creating chunk: (-6.0, 2.0) at distance 6.71
[13:44:49] TERRAIN: Chunk (-6.0, 2.0): TRIMESH collision created successfully (distance: 6.71, vertices: 8)
[13:44:49] TERRAIN: Chunk created successfully: (-6.0, 2.0) at world pos (-192.0, 0.0, 64.0) (total chunks: 129)
[13:44:49] TERRAIN: Creating chunk: (-4.0, -5.0) at distance 5.66
[13:44:49] TERRAIN: Chunk (-4.0, -5.0): TRIMESH collision created successfully (distance: 5.66, vertices: 8)
[13:44:49] TERRAIN: Chunk created successfully: (-4.0, -5.0) at world pos (-128.0, 0.0, -160.0) (total chunks: 130)
[13:44:49] TERRAIN: Creating chunk: (-5.0, 4.0) at distance 7.07
[13:44:49] TERRAIN: Chunk (-5.0, 4.0): TRIMESH collision created successfully (distance: 7.07, vertices: 8)
[13:44:49] TERRAIN: Chunk created successfully: (-5.0, 4.0) at world pos (-160.0, 0.0, 128.0) (total chunks: 131)
[13:44:49] TERRAIN: Creating chunk: (-5.0, -4.0) at distance 5.83
[13:44:49] TERRAIN: Chunk (-5.0, -4.0): TRIMESH collision created successfully (distance: 5.83, vertices: 8)
[13:44:49] TERRAIN: Chunk created successfully: (-5.0, -4.0) at world pos (-160.0, 0.0, -128.0) (total chunks: 132)
[13:44:49] TERRAIN: Creating chunk: (-4.0, 5.0) at distance 7.21
[13:44:49] TERRAIN: Chunk (-4.0, 5.0): TRIMESH collision created successfully (distance: 7.21, vertices: 8)
[13:44:49] TERRAIN: Chunk created successfully: (-4.0, 5.0) at world pos (-128.0, 0.0, 160.0) (total chunks: 133)
[13:44:49] TERRAIN: Creating chunk: (4.0, -5.0) at distance 5.66
[13:44:49] TERRAIN: Chunk (4.0, -5.0): TRIMESH collision created successfully (distance: 5.66, vertices: 8)
[13:44:49] TERRAIN: Chunk created successfully: (4.0, -5.0) at world pos (128.0, 0.0, -160.0) (total chunks: 134)
[13:44:49] TERRAIN: Creating chunk: (4.0, 5.0) at distance 7.21
[13:44:49] TERRAIN: Chunk (4.0, 5.0): TRIMESH collision created successfully (distance: 7.21, vertices: 8)
[13:44:49] TERRAIN: Chunk created successfully: (4.0, 5.0) at world pos (128.0, 0.0, 160.0) (total chunks: 135)
[13:44:49] TERRAIN: Creating chunk: (5.0, -4.0) at distance 5.83
[13:44:49] TERRAIN: Chunk (5.0, -4.0): TRIMESH collision created successfully (distance: 5.83, vertices: 8)
[13:44:49] TERRAIN: Chunk created successfully: (5.0, -4.0) at world pos (160.0, 0.0, -128.0) (total chunks: 136)
[13:44:49] TERRAIN: Creating chunk: (5.0, 4.0) at distance 7.07
[13:44:49] TERRAIN: Chunk (5.0, 4.0): TRIMESH collision created successfully (distance: 7.07, vertices: 8)
[13:44:49] TERRAIN: Chunk created successfully: (5.0, 4.0) at world pos (160.0, 0.0, 128.0) (total chunks: 137)
[13:44:49] TERRAIN: Creating chunk: (-3.0, -6.0) at distance 5.83
[13:44:49] TERRAIN: Chunk (-3.0, -6.0): TRIMESH collision created successfully (distance: 5.83, vertices: 8)
[13:44:49] TERRAIN: Chunk created successfully: (-3.0, -6.0) at world pos (-96.0, 0.0, -192.0) (total chunks: 138)
[13:44:49] TERRAIN: Creating chunk: (-3.0, 6.0) at distance 7.62
[13:44:49] TERRAIN: Chunk (-3.0, 6.0): TRIMESH collision created successfully (distance: 7.62, vertices: 8)
[13:44:49] TERRAIN: Chunk created successfully: (-3.0, 6.0) at world pos (-96.0, 0.0, 192.0) (total chunks: 139)
[13:44:49] TERRAIN: Creating chunk: (6.0, -3.0) at distance 6.32
[13:44:49] TERRAIN: Chunk (6.0, -3.0): TRIMESH collision created successfully (distance: 6.32, vertices: 8)
[13:44:49] TERRAIN: Chunk created successfully: (6.0, -3.0) at world pos (192.0, 0.0, -96.0) (total chunks: 140)
[13:44:49] TERRAIN: Creating chunk: (6.0, 3.0) at distance 7.21
[13:44:49] TERRAIN: Chunk (6.0, 3.0): TRIMESH collision created successfully (distance: 7.21, vertices: 8)
[13:44:49] TERRAIN: Chunk created successfully: (6.0, 3.0) at world pos (192.0, 0.0, 96.0) (total chunks: 141)
[13:44:49] TERRAIN: Creating chunk: (-6.0, 3.0) at distance 7.21
[13:44:49] TERRAIN: Chunk (-6.0, 3.0): TRIMESH collision created successfully (distance: 7.21, vertices: 8)
[13:44:49] TERRAIN: Chunk created successfully: (-6.0, 3.0) at world pos (-192.0, 0.0, 96.0) (total chunks: 142)
[13:44:49] TERRAIN: Creating chunk: (3.0, -6.0) at distance 5.83
[13:44:49] TERRAIN: Chunk (3.0, -6.0): TRIMESH collision created successfully (distance: 5.83, vertices: 8)
[13:44:49] TERRAIN: Chunk created successfully: (3.0, -6.0) at world pos (96.0, 0.0, -192.0) (total chunks: 143)
[13:44:49] TERRAIN: Creating chunk: (3.0, 6.0) at distance 7.62
[13:44:49] TERRAIN: Chunk (3.0, 6.0): TRIMESH collision created successfully (distance: 7.62, vertices: 8)
[13:44:49] TERRAIN: Chunk created successfully: (3.0, 6.0) at world pos (96.0, 0.0, 192.0) (total chunks: 144)
[13:44:49] TERRAIN: Creating chunk: (-6.0, -3.0) at distance 6.32
[13:44:49] TERRAIN: Chunk (-6.0, -3.0): TRIMESH collision created successfully (distance: 6.32, vertices: 8)
[13:44:49] TERRAIN: Chunk created successfully: (-6.0, -3.0) at world pos (-192.0, 0.0, -96.0) (total chunks: 145)
[13:44:49] TERRAIN: Creating chunk: (-7.0, 0.0) at distance 7.07
[13:44:49] TERRAIN: Chunk (-7.0, 0.0): TRIMESH collision created successfully (distance: 7.07, vertices: 8)
[13:44:49] TERRAIN: Chunk created successfully: (-7.0, 0.0) at world pos (-224.0, 0.0, 0.0) (total chunks: 146)
[13:44:49] TERRAIN: Creating chunk: (0.0, -7.0) at distance 6.00
[13:44:49] TERRAIN: Chunk (0.0, -7.0): TRIMESH collision created successfully (distance: 6.00, vertices: 8)
[13:44:49] TERRAIN: Chunk created successfully: (0.0, -7.0) at world pos (0.0, 0.0, -224.0) (total chunks: 147)
[13:44:49] TERRAIN: Creating chunk: (0.0, 7.0) at distance 8.00
[13:44:49] TERRAIN: Chunk (0.0, 7.0): TRIMESH collision created successfully (distance: 8.00, vertices: 8)
[13:44:49] TERRAIN: Chunk created successfully: (0.0, 7.0) at world pos (0.0, 0.0, 224.0) (total chunks: 148)
[13:44:49] TERRAIN: Creating chunk: (7.0, 0.0) at distance 7.07
[13:44:49] TERRAIN: Chunk (7.0, 0.0): TRIMESH collision created successfully (distance: 7.07, vertices: 8)
[13:44:49] TERRAIN: Chunk created successfully: (7.0, 0.0) at world pos (224.0, 0.0, 0.0) (total chunks: 149)
[13:44:49] TERRAIN: Creating chunk: (-5.0, -5.0) at distance 6.40
[13:44:49] TERRAIN: Chunk (-5.0, -5.0): TRIMESH collision created successfully (distance: 6.40, vertices: 8)
[13:44:49] TERRAIN: Chunk created successfully: (-5.0, -5.0) at world pos (-160.0, 0.0, -160.0) (total chunks: 150)
[13:44:49] TERRAIN: Creating chunk: (-5.0, 5.0) at distance 7.81
[13:44:49] TERRAIN: Chunk (-5.0, 5.0): TRIMESH collision created successfully (distance: 7.81, vertices: 8)
[13:44:49] TERRAIN: Chunk created successfully: (-5.0, 5.0) at world pos (-160.0, 0.0, 160.0) (total chunks: 151)
[13:44:49] TERRAIN: Creating chunk: (-1.0, -7.0) at distance 6.08
[13:44:49] TERRAIN: Chunk (-1.0, -7.0): TRIMESH collision created successfully (distance: 6.08, vertices: 8)
[13:44:49] TERRAIN: Chunk created successfully: (-1.0, -7.0) at world pos (-32.0, 0.0, -224.0) (total chunks: 152)
[13:44:49] TERRAIN: Creating chunk: (-1.0, 7.0) at distance 8.06
[13:44:49] TERRAIN: Chunk (-1.0, 7.0): TRIMESH collision created successfully (distance: 8.06, vertices: 8)
[13:44:49] TERRAIN: Chunk created successfully: (-1.0, 7.0) at world pos (-32.0, 0.0, 224.0) (total chunks: 153)
[13:44:49] TERRAIN: Creating chunk: (1.0, -7.0) at distance 6.08
[13:44:49] TERRAIN: Chunk (1.0, -7.0): TRIMESH collision created successfully (distance: 6.08, vertices: 8)
[13:44:49] TERRAIN: Chunk created successfully: (1.0, -7.0) at world pos (32.0, 0.0, -224.0) (total chunks: 154)
[13:44:49] TERRAIN: Creating chunk: (1.0, 7.0) at distance 8.06
[13:44:49] TERRAIN: Chunk (1.0, 7.0): TRIMESH collision created successfully (distance: 8.06, vertices: 8)
[13:44:49] TERRAIN: Chunk created successfully: (1.0, 7.0) at world pos (32.0, 0.0, 224.0) (total chunks: 155)
[13:44:49] TERRAIN: Creating chunk: (5.0, -5.0) at distance 6.40
[13:44:49] TERRAIN: Chunk (5.0, -5.0): TRIMESH collision created successfully (distance: 6.40, vertices: 8)
[13:44:49] TERRAIN: Chunk created successfully: (5.0, -5.0) at world pos (160.0, 0.0, -160.0) (total chunks: 156)
[13:44:49] TERRAIN: Creating chunk: (5.0, 5.0) at distance 7.81
[13:44:49] TERRAIN: Chunk (5.0, 5.0): TRIMESH collision created successfully (distance: 7.81, vertices: 8)
[13:44:49] TERRAIN: Chunk created successfully: (5.0, 5.0) at world pos (160.0, 0.0, 160.0) (total chunks: 157)
[13:44:49] TERRAIN: Creating chunk: (7.0, 1.0) at distance 7.28
[13:44:49] TERRAIN: Chunk (7.0, 1.0): TRIMESH collision created successfully (distance: 7.28, vertices: 8)
[13:44:49] TERRAIN: Chunk created successfully: (7.0, 1.0) at world pos (224.0, 0.0, 32.0) (total chunks: 158)
[13:44:49] TERRAIN: Creating chunk: (7.0, -1.0) at distance 7.00
[13:44:49] TERRAIN: Chunk (7.0, -1.0): TRIMESH collision created successfully (distance: 7.00, vertices: 8)
[13:44:49] TERRAIN: Chunk created successfully: (7.0, -1.0) at world pos (224.0, 0.0, -32.0) (total chunks: 159)
[13:44:49] TERRAIN: Creating chunk: (-7.0, 1.0) at distance 7.28
[13:44:49] TERRAIN: Chunk (-7.0, 1.0): TRIMESH collision created successfully (distance: 7.28, vertices: 8)
[13:44:49] TERRAIN: Chunk created successfully: (-7.0, 1.0) at world pos (-224.0, 0.0, 32.0) (total chunks: 160)
[13:44:49] TERRAIN: Creating chunk: (-7.0, -1.0) at distance 7.00
[13:44:49] TERRAIN: Chunk (-7.0, -1.0): TRIMESH collision created successfully (distance: 7.00, vertices: 8)
[13:44:49] TERRAIN: Chunk created successfully: (-7.0, -1.0) at world pos (-224.0, 0.0, -32.0) (total chunks: 161)
[13:44:49] TERRAIN: Creating chunk: (-4.0, 6.0) at distance 8.06
[13:44:49] TERRAIN: Chunk (-4.0, 6.0): TRIMESH collision created successfully (distance: 8.06, vertices: 8)
[13:44:49] TERRAIN: Chunk created successfully: (-4.0, 6.0) at world pos (-128.0, 0.0, 192.0) (total chunks: 162)
[13:44:49] TERRAIN: Creating chunk: (4.0, -6.0) at distance 6.40
[13:44:49] TERRAIN: Chunk (4.0, -6.0): TRIMESH collision created successfully (distance: 6.40, vertices: 8)
[13:44:49] TERRAIN: Chunk created successfully: (4.0, -6.0) at world pos (128.0, 0.0, -192.0) (total chunks: 163)
[13:44:49] TERRAIN: Creating chunk: (-6.0, 4.0) at distance 7.81
[13:44:49] TERRAIN: Chunk (-6.0, 4.0): TRIMESH collision created successfully (distance: 7.81, vertices: 8)
[13:44:49] TERRAIN: Chunk created successfully: (-6.0, 4.0) at world pos (-192.0, 0.0, 128.0) (total chunks: 164)
[13:44:49] TERRAIN: Creating chunk: (-6.0, -4.0) at distance 6.71
[13:44:49] TERRAIN: Chunk (-6.0, -4.0): TRIMESH collision created successfully (distance: 6.71, vertices: 8)
[13:44:49] TERRAIN: Chunk created successfully: (-6.0, -4.0) at world pos (-192.0, 0.0, -128.0) (total chunks: 165)
[13:44:49] TERRAIN: Creating chunk: (4.0, 6.0) at distance 8.06
[13:44:49] TERRAIN: Chunk (4.0, 6.0): TRIMESH collision created successfully (distance: 8.06, vertices: 8)
[13:44:49] TERRAIN: Chunk created successfully: (4.0, 6.0) at world pos (128.0, 0.0, 192.0) (total chunks: 166)
[13:44:49] TERRAIN: Creating chunk: (6.0, 4.0) at distance 7.81
[13:44:49] TERRAIN: Chunk (6.0, 4.0): TRIMESH collision created successfully (distance: 7.81, vertices: 8)
[13:44:49] TERRAIN: Chunk created successfully: (6.0, 4.0) at world pos (192.0, 0.0, 128.0) (total chunks: 167)
[13:44:49] TERRAIN: Creating chunk: (6.0, -4.0) at distance 6.71
[13:44:49] TERRAIN: Chunk (6.0, -4.0): TRIMESH collision created successfully (distance: 6.71, vertices: 8)
[13:44:49] TERRAIN: Chunk created successfully: (6.0, -4.0) at world pos (192.0, 0.0, -128.0) (total chunks: 168)
[13:44:50] TERRAIN: Creating chunk: (-4.0, -6.0) at distance 6.40
[13:44:50] TERRAIN: Chunk (-4.0, -6.0): TRIMESH collision created successfully (distance: 6.40, vertices: 8)
[13:44:50] TERRAIN: Chunk created successfully: (-4.0, -6.0) at world pos (-128.0, 0.0, -192.0) (total chunks: 169)
[13:44:50] TERRAIN: Creating chunk: (-7.0, 2.0) at distance 7.62
[13:44:50] TERRAIN: Chunk (-7.0, 2.0): TRIMESH collision created successfully (distance: 7.62, vertices: 8)
[13:44:50] TERRAIN: Chunk created successfully: (-7.0, 2.0) at world pos (-224.0, 0.0, 64.0) (total chunks: 170)
[13:44:50] TERRAIN: Creating chunk: (2.0, -7.0) at distance 6.32
[13:44:50] TERRAIN: Chunk (2.0, -7.0): TRIMESH collision created successfully (distance: 6.32, vertices: 8)
[13:44:50] TERRAIN: Chunk created successfully: (2.0, -7.0) at world pos (64.0, 0.0, -224.0) (total chunks: 171)
[13:44:50] TERRAIN: Creating chunk: (-7.0, -2.0) at distance 7.07
[13:44:50] TERRAIN: Chunk (-7.0, -2.0): TRIMESH collision created successfully (distance: 7.07, vertices: 8)
[13:44:50] TERRAIN: Chunk created successfully: (-7.0, -2.0) at world pos (-224.0, 0.0, -64.0) (total chunks: 172)
[13:44:50] TERRAIN: Creating chunk: (-2.0, -7.0) at distance 6.32
[13:44:50] TERRAIN: Chunk (-2.0, -7.0): TRIMESH collision created successfully (distance: 6.32, vertices: 8)
[13:44:50] TERRAIN: Chunk created successfully: (-2.0, -7.0) at world pos (-64.0, 0.0, -224.0) (total chunks: 173)
[13:44:50] TERRAIN: Creating chunk: (7.0, 2.0) at distance 7.62
[13:44:50] TERRAIN: Chunk (7.0, 2.0): TRIMESH collision created successfully (distance: 7.62, vertices: 8)
[13:44:50] TERRAIN: Chunk created successfully: (7.0, 2.0) at world pos (224.0, 0.0, 64.0) (total chunks: 174)
[13:44:50] TERRAIN: Creating chunk: (-2.0, 7.0) at distance 8.25
[13:44:50] TERRAIN: Chunk (-2.0, 7.0): TRIMESH collision created successfully (distance: 8.25, vertices: 8)
[13:44:50] TERRAIN: Chunk created successfully: (-2.0, 7.0) at world pos (-64.0, 0.0, 224.0) (total chunks: 175)
[13:44:50] TERRAIN: Creating chunk: (7.0, -2.0) at distance 7.07
[13:44:50] TERRAIN: Chunk (7.0, -2.0): TRIMESH collision created successfully (distance: 7.07, vertices: 8)
[13:44:50] TERRAIN: Chunk created successfully: (7.0, -2.0) at world pos (224.0, 0.0, -64.0) (total chunks: 176)
[13:44:50] TERRAIN: Creating chunk: (2.0, 7.0) at distance 8.25
[13:44:50] TERRAIN: Chunk (2.0, 7.0): TRIMESH collision created successfully (distance: 8.25, vertices: 8)
[13:44:50] TERRAIN: Chunk created successfully: (2.0, 7.0) at world pos (64.0, 0.0, 224.0) (total chunks: 177)
[13:44:50] TERRAIN: Creating chunk: (-7.0, -3.0) at distance 7.28
[13:44:50] TERRAIN: Chunk (-7.0, -3.0): TRIMESH collision created successfully (distance: 7.28, vertices: 8)
[13:44:50] TERRAIN: Chunk created successfully: (-7.0, -3.0) at world pos (-224.0, 0.0, -96.0) (total chunks: 178)
[13:44:50] TERRAIN: Creating chunk: (-3.0, -7.0) at distance 6.71
[13:44:50] TERRAIN: Chunk (-3.0, -7.0): TRIMESH collision created successfully (distance: 6.71, vertices: 8)
[13:44:50] TERRAIN: Chunk created successfully: (-3.0, -7.0) at world pos (-96.0, 0.0, -224.0) (total chunks: 179)
[13:44:50] TERRAIN: Creating chunk: (-7.0, 3.0) at distance 8.06
[13:44:50] TERRAIN: Chunk (-7.0, 3.0): TRIMESH collision created successfully (distance: 8.06, vertices: 8)
[13:44:50] TERRAIN: Chunk created successfully: (-7.0, 3.0) at world pos (-224.0, 0.0, 96.0) (total chunks: 180)
[13:44:50] TERRAIN: Creating chunk: (-3.0, 7.0) at distance 8.54
[13:44:50] TERRAIN: Chunk (-3.0, 7.0): TRIMESH collision created successfully (distance: 8.54, vertices: 8)
[13:44:50] TERRAIN: Chunk created successfully: (-3.0, 7.0) at world pos (-96.0, 0.0, 224.0) (total chunks: 181)
[13:44:50] TERRAIN: Creating chunk: (3.0, -7.0) at distance 6.71
[13:44:50] TERRAIN: Chunk (3.0, -7.0): TRIMESH collision created successfully (distance: 6.71, vertices: 8)
[13:44:50] TERRAIN: Chunk created successfully: (3.0, -7.0) at world pos (96.0, 0.0, -224.0) (total chunks: 182)
[13:44:50] TERRAIN: Creating chunk: (7.0, 3.0) at distance 8.06
[13:44:50] TERRAIN: Chunk (7.0, 3.0): TRIMESH collision created successfully (distance: 8.06, vertices: 8)
[13:44:50] TERRAIN: Chunk created successfully: (7.0, 3.0) at world pos (224.0, 0.0, 96.0) (total chunks: 183)
[13:44:50] TERRAIN: Creating chunk: (7.0, -3.0) at distance 7.28
[13:44:50] TERRAIN: Chunk (7.0, -3.0): TRIMESH collision created successfully (distance: 7.28, vertices: 8)
[13:44:50] TERRAIN: Chunk created successfully: (7.0, -3.0) at world pos (224.0, 0.0, -96.0) (total chunks: 184)
[13:44:50] TERRAIN: Creating chunk: (3.0, 7.0) at distance 8.54
[13:44:50] TERRAIN: Chunk (3.0, 7.0): TRIMESH collision created successfully (distance: 8.54, vertices: 8)
[13:44:50] TERRAIN: Chunk created successfully: (3.0, 7.0) at world pos (96.0, 0.0, 224.0) (total chunks: 185)
[13:44:50] TERRAIN: Creating chunk: (-5.0, -6.0) at distance 7.07
[13:44:50] TERRAIN: Chunk (-5.0, -6.0): TRIMESH collision created successfully (distance: 7.07, vertices: 8)
[13:44:50] TERRAIN: Chunk created successfully: (-5.0, -6.0) at world pos (-160.0, 0.0, -192.0) (total chunks: 186)
[13:44:50] TERRAIN: Creating chunk: (-5.0, 6.0) at distance 8.60
[13:44:50] TERRAIN: Chunk (-5.0, 6.0): TRIMESH collision created successfully (distance: 8.60, vertices: 8)
[13:44:50] TERRAIN: Chunk created successfully: (-5.0, 6.0) at world pos (-160.0, 0.0, 192.0) (total chunks: 187)
[13:44:50] TERRAIN: Creating chunk: (-6.0, 5.0) at distance 8.49
[13:44:50] TERRAIN: Chunk (-6.0, 5.0): TRIMESH collision created successfully (distance: 8.49, vertices: 8)
[13:44:50] TERRAIN: Chunk created successfully: (-6.0, 5.0) at world pos (-192.0, 0.0, 160.0) (total chunks: 188)
[13:44:50] TERRAIN: Creating chunk: (-6.0, -5.0) at distance 7.21
[13:44:50] TERRAIN: Chunk (-6.0, -5.0): TRIMESH collision created successfully (distance: 7.21, vertices: 8)
[13:44:50] TERRAIN: Chunk created successfully: (-6.0, -5.0) at world pos (-192.0, 0.0, -160.0) (total chunks: 189)
[13:44:50] TERRAIN: Creating chunk: (5.0, -6.0) at distance 7.07
[13:44:50] TERRAIN: Chunk (5.0, -6.0): TRIMESH collision created successfully (distance: 7.07, vertices: 8)
[13:44:50] TERRAIN: Chunk created successfully: (5.0, -6.0) at world pos (160.0, 0.0, -192.0) (total chunks: 190)
[13:44:50] TERRAIN: Creating chunk: (6.0, -5.0) at distance 7.21
[13:44:50] TERRAIN: Chunk (6.0, -5.0): TRIMESH collision created successfully (distance: 7.21, vertices: 8)
[13:44:50] TERRAIN: Chunk created successfully: (6.0, -5.0) at world pos (192.0, 0.0, -160.0) (total chunks: 191)
[13:44:50] TERRAIN: Creating chunk: (5.0, 6.0) at distance 8.60
[13:44:50] TERRAIN: Chunk (5.0, 6.0): TRIMESH collision created successfully (distance: 8.60, vertices: 8)
[13:44:50] TERRAIN: Chunk created successfully: (5.0, 6.0) at world pos (160.0, 0.0, 192.0) (total chunks: 192)
[13:44:50] TERRAIN: Creating chunk: (6.0, 5.0) at distance 8.49
[13:44:50] TERRAIN: Chunk (6.0, 5.0): TRIMESH collision created successfully (distance: 8.49, vertices: 8)
[13:44:50] TERRAIN: Chunk created successfully: (6.0, 5.0) at world pos (192.0, 0.0, 160.0) (total chunks: 193)
[13:44:50] TERRAIN: Creating chunk: (8.0, 0.0) at distance 8.06
[13:44:50] TERRAIN: Chunk (8.0, 0.0): TRIMESH collision created successfully (distance: 8.06, vertices: 8)
[13:44:50] TERRAIN: Chunk created successfully: (8.0, 0.0) at world pos (256.0, 0.0, 0.0) (total chunks: 194)
[13:44:50] TERRAIN: Creating chunk: (-8.0, 0.0) at distance 8.06
[13:44:50] TERRAIN: Chunk (-8.0, 0.0): TRIMESH collision created successfully (distance: 8.06, vertices: 8)
[13:44:50] TERRAIN: Chunk created successfully: (-8.0, 0.0) at world pos (-256.0, 0.0, 0.0) (total chunks: 195)
[13:44:50] TERRAIN: Creating chunk: (0.0, -8.0) at distance 7.00
[13:44:50] TERRAIN: Chunk (0.0, -8.0): TRIMESH collision created successfully (distance: 7.00, vertices: 8)
[13:44:50] TERRAIN: Chunk created successfully: (0.0, -8.0) at world pos (0.0, 0.0, -256.0) (total chunks: 196)
[13:44:50] TERRAIN: Creating chunk: (0.0, 8.0) at distance 9.00
[13:44:50] TERRAIN: Chunk (0.0, 8.0): TRIMESH collision created successfully (distance: 9.00, vertices: 8)
[13:44:50] TERRAIN: Chunk created successfully: (0.0, 8.0) at world pos (0.0, 0.0, 256.0) (total chunks: 197)
[13:44:50] TERRAIN: Creating chunk: (8.0, 1.0) at distance 8.25
[13:44:50] TERRAIN: Chunk (8.0, 1.0): TRIMESH collision created successfully (distance: 8.25, vertices: 8)
[13:44:50] TERRAIN: Chunk created successfully: (8.0, 1.0) at world pos (256.0, 0.0, 32.0) (total chunks: 198)
[13:44:50] TERRAIN: Creating chunk: (-1.0, 8.0) at distance 9.06
[13:44:50] TERRAIN: Chunk (-1.0, 8.0): TRIMESH collision created successfully (distance: 9.06, vertices: 8)
[13:44:50] TERRAIN: Chunk created successfully: (-1.0, 8.0) at world pos (-32.0, 0.0, 256.0) (total chunks: 199)
[13:44:50] TERRAIN: Creating chunk: (-1.0, -8.0) at distance 7.07
[13:44:50] TERRAIN: Chunk (-1.0, -8.0): TRIMESH collision created successfully (distance: 7.07, vertices: 8)
[13:44:50] TERRAIN: Chunk created successfully: (-1.0, -8.0) at world pos (-32.0, 0.0, -256.0) (total chunks: 200)
[13:44:50] TERRAIN: Creating chunk: (1.0, -8.0) at distance 7.07
[13:44:50] TERRAIN: Chunk (1.0, -8.0): TRIMESH collision created successfully (distance: 7.07, vertices: 8)
[13:44:50] TERRAIN: Chunk created successfully: (1.0, -8.0) at world pos (32.0, 0.0, -256.0) (total chunks: 201)
[13:44:50] TERRAIN: Creating chunk: (-4.0, -7.0) at distance 7.21
[13:44:50] TERRAIN: Chunk (-4.0, -7.0): TRIMESH collision created successfully (distance: 7.21, vertices: 8)
[13:44:50] TERRAIN: Chunk created successfully: (-4.0, -7.0) at world pos (-128.0, 0.0, -224.0) (total chunks: 202)
[13:44:50] TERRAIN: Creating chunk: (1.0, 8.0) at distance 9.06
[13:44:50] TERRAIN: Chunk (1.0, 8.0): TRIMESH collision created successfully (distance: 9.06, vertices: 8)
[13:44:50] TERRAIN: Chunk created successfully: (1.0, 8.0) at world pos (32.0, 0.0, 256.0) (total chunks: 203)
[13:44:50] TERRAIN: Creating chunk: (-8.0, 1.0) at distance 8.25
[13:44:50] TERRAIN: Chunk (-8.0, 1.0): TRIMESH collision created successfully (distance: 8.25, vertices: 8)
[13:44:50] TERRAIN: Chunk created successfully: (-8.0, 1.0) at world pos (-256.0, 0.0, 32.0) (total chunks: 204)
[13:44:50] TERRAIN: Creating chunk: (8.0, -1.0) at distance 8.00
[13:44:50] TERRAIN: Chunk (8.0, -1.0): TRIMESH collision created successfully (distance: 8.00, vertices: 8)
[13:44:50] TERRAIN: Chunk created successfully: (8.0, -1.0) at world pos (256.0, 0.0, -32.0) (total chunks: 205)
[13:44:50] TERRAIN: Creating chunk: (-8.0, -1.0) at distance 8.00
[13:44:50] TERRAIN: Chunk (-8.0, -1.0): TRIMESH collision created successfully (distance: 8.00, vertices: 8)
[13:44:50] TERRAIN: Chunk created successfully: (-8.0, -1.0) at world pos (-256.0, 0.0, -32.0) (total chunks: 206)
[13:44:50] TERRAIN: Creating chunk: (-4.0, 7.0) at distance 8.94
[13:44:50] TERRAIN: Chunk (-4.0, 7.0): TRIMESH collision created successfully (distance: 8.94, vertices: 8)
[13:44:50] TERRAIN: Chunk created successfully: (-4.0, 7.0) at world pos (-128.0, 0.0, 224.0) (total chunks: 207)
[13:44:50] TERRAIN: Creating chunk: (7.0, -4.0) at distance 7.62
[13:44:50] TERRAIN: Chunk (7.0, -4.0): TRIMESH collision created successfully (distance: 7.62, vertices: 8)
[13:44:50] TERRAIN: Chunk created successfully: (7.0, -4.0) at world pos (224.0, 0.0, -128.0) (total chunks: 208)
[13:44:50] TERRAIN: Creating chunk: (4.0, 7.0) at distance 8.94
[13:44:50] TERRAIN: Chunk (4.0, 7.0): TRIMESH collision created successfully (distance: 8.94, vertices: 8)
[13:44:50] TERRAIN: Chunk created successfully: (4.0, 7.0) at world pos (128.0, 0.0, 224.0) (total chunks: 209)
[13:44:50] TERRAIN: Creating chunk: (-7.0, -4.0) at distance 7.62
[13:44:50] TERRAIN: Chunk (-7.0, -4.0): TRIMESH collision created successfully (distance: 7.62, vertices: 8)
[13:44:50] TERRAIN: Chunk created successfully: (-7.0, -4.0) at world pos (-224.0, 0.0, -128.0) (total chunks: 210)
[13:44:50] TERRAIN: Creating chunk: (7.0, 4.0) at distance 8.60
[13:44:50] TERRAIN: Chunk (7.0, 4.0): TRIMESH collision created successfully (distance: 8.60, vertices: 8)
[13:44:50] TERRAIN: Chunk created successfully: (7.0, 4.0) at world pos (224.0, 0.0, 128.0) (total chunks: 211)
[13:44:50] TERRAIN: Creating chunk: (4.0, -7.0) at distance 7.21
[13:44:50] TERRAIN: Chunk (4.0, -7.0): TRIMESH collision created successfully (distance: 7.21, vertices: 8)
[13:44:50] TERRAIN: Chunk created successfully: (4.0, -7.0) at world pos (128.0, 0.0, -224.0) (total chunks: 212)
[13:44:50] TERRAIN: Creating chunk: (-7.0, 4.0) at distance 8.60
[13:44:50] TERRAIN: Chunk (-7.0, 4.0): TRIMESH collision created successfully (distance: 8.60, vertices: 8)
[13:44:50] TERRAIN: Chunk created successfully: (-7.0, 4.0) at world pos (-224.0, 0.0, 128.0) (total chunks: 213)
[13:44:50] TERRAIN: Creating chunk: (-8.0, -2.0) at distance 8.06
[13:44:50] TERRAIN: Chunk (-8.0, -2.0): TRIMESH collision created successfully (distance: 8.06, vertices: 8)
[13:44:50] TERRAIN: Chunk created successfully: (-8.0, -2.0) at world pos (-256.0, 0.0, -64.0) (total chunks: 214)
[13:44:50] TERRAIN: Creating chunk: (2.0, 8.0) at distance 9.22
[13:44:50] TERRAIN: Chunk (2.0, 8.0): TRIMESH collision created successfully (distance: 9.22, vertices: 8)
[13:44:50] TERRAIN: Chunk created successfully: (2.0, 8.0) at world pos (64.0, 0.0, 256.0) (total chunks: 215)
[13:44:50] TERRAIN: Creating chunk: (-8.0, 2.0) at distance 8.54
[13:44:50] TERRAIN: Chunk (-8.0, 2.0): TRIMESH collision created successfully (distance: 8.54, vertices: 8)
[13:44:50] TERRAIN: Chunk created successfully: (-8.0, 2.0) at world pos (-256.0, 0.0, 64.0) (total chunks: 216)
[13:44:50] TERRAIN: Creating chunk: (2.0, -8.0) at distance 7.28
[13:44:50] TERRAIN: Chunk (2.0, -8.0): TRIMESH collision created successfully (distance: 7.28, vertices: 8)
[13:44:50] TERRAIN: Chunk created successfully: (2.0, -8.0) at world pos (64.0, 0.0, -256.0) (total chunks: 217)
[13:44:50] TERRAIN: Creating chunk: (8.0, -2.0) at distance 8.06
[13:44:50] TERRAIN: Chunk (8.0, -2.0): TRIMESH collision created successfully (distance: 8.06, vertices: 8)
[13:44:50] TERRAIN: Chunk created successfully: (8.0, -2.0) at world pos (256.0, 0.0, -64.0) (total chunks: 218)
[13:44:50] TERRAIN: Creating chunk: (-2.0, -8.0) at distance 7.28
[13:44:50] TERRAIN: Chunk (-2.0, -8.0): TRIMESH collision created successfully (distance: 7.28, vertices: 8)
[13:44:50] TERRAIN: Chunk created successfully: (-2.0, -8.0) at world pos (-64.0, 0.0, -256.0) (total chunks: 219)
[13:44:50] TERRAIN: Creating chunk: (-2.0, 8.0) at distance 9.22
[13:44:50] TERRAIN: Chunk (-2.0, 8.0): TRIMESH collision created successfully (distance: 9.22, vertices: 8)
[13:44:50] TERRAIN: Chunk created successfully: (-2.0, 8.0) at world pos (-64.0, 0.0, 256.0) (total chunks: 220)
[13:44:50] TERRAIN: Creating chunk: (8.0, 2.0) at distance 8.54
[13:44:50] TERRAIN: Chunk (8.0, 2.0): TRIMESH collision created successfully (distance: 8.54, vertices: 8)
[13:44:50] TERRAIN: Chunk created successfully: (8.0, 2.0) at world pos (256.0, 0.0, 64.0) (total chunks: 221)
[13:44:50] TERRAIN: Creating chunk: (-6.0, 6.0) at distance 9.22
[13:44:50] TERRAIN: Chunk (-6.0, 6.0): TRIMESH collision created successfully (distance: 9.22, vertices: 8)
[13:44:50] TERRAIN: Chunk created successfully: (-6.0, 6.0) at world pos (-192.0, 0.0, 192.0) (total chunks: 222)
[13:44:50] TERRAIN: Creating chunk: (6.0, -6.0) at distance 7.81
[13:44:50] TERRAIN: Chunk (6.0, -6.0): TRIMESH collision created successfully (distance: 7.81, vertices: 8)
[13:44:50] TERRAIN: Chunk created successfully: (6.0, -6.0) at world pos (192.0, 0.0, -192.0) (total chunks: 223)
[13:44:50] TERRAIN: Creating chunk: (6.0, 6.0) at distance 9.22
[13:44:50] TERRAIN: Chunk (6.0, 6.0): TRIMESH collision created successfully (distance: 9.22, vertices: 8)
[13:44:50] TERRAIN: Chunk created successfully: (6.0, 6.0) at world pos (192.0, 0.0, 192.0) (total chunks: 224)
[13:44:50] TERRAIN: Creating chunk: (-6.0, -6.0) at distance 7.81
[13:44:50] TERRAIN: Chunk (-6.0, -6.0): TRIMESH collision created successfully (distance: 7.81, vertices: 8)
[13:44:50] TERRAIN: Chunk created successfully: (-6.0, -6.0) at world pos (-192.0, 0.0, -192.0) (total chunks: 225)
[13:44:50] TERRAIN: Creating chunk: (-8.0, 3.0) at distance 8.94
[13:44:50] TERRAIN: Chunk (-8.0, 3.0): TRIMESH collision created successfully (distance: 8.94, vertices: 8)
[13:44:50] TERRAIN: Chunk created successfully: (-8.0, 3.0) at world pos (-256.0, 0.0, 96.0) (total chunks: 226)
[13:44:50] TERRAIN: Creating chunk: (-3.0, -8.0) at distance 7.62
[13:44:50] TERRAIN: Chunk (-3.0, -8.0): TRIMESH collision created successfully (distance: 7.62, vertices: 8)
[13:44:50] TERRAIN: Chunk created successfully: (-3.0, -8.0) at world pos (-96.0, 0.0, -256.0) (total chunks: 227)
[13:44:50] TERRAIN: Creating chunk: (3.0, 8.0) at distance 9.49
[13:44:50] TERRAIN: Chunk (3.0, 8.0): TRIMESH collision created successfully (distance: 9.49, vertices: 8)
[13:44:50] TERRAIN: Chunk created successfully: (3.0, 8.0) at world pos (96.0, 0.0, 256.0) (total chunks: 228)
[13:44:50] TERRAIN: Creating chunk: (-3.0, 8.0) at distance 9.49
[13:44:50] TERRAIN: Chunk (-3.0, 8.0): TRIMESH collision created successfully (distance: 9.49, vertices: 8)
[13:44:50] TERRAIN: Chunk created successfully: (-3.0, 8.0) at world pos (-96.0, 0.0, 256.0) (total chunks: 229)
[13:44:50] TERRAIN: Creating chunk: (8.0, -3.0) at distance 8.25
[13:44:50] TERRAIN: Chunk (8.0, -3.0): TRIMESH collision created successfully (distance: 8.25, vertices: 8)
[13:44:50] TERRAIN: Chunk created successfully: (8.0, -3.0) at world pos (256.0, 0.0, -96.0) (total chunks: 230)
[13:44:50] TERRAIN: Creating chunk: (3.0, -8.0) at distance 7.62
[13:44:50] TERRAIN: Chunk (3.0, -8.0): TRIMESH collision created successfully (distance: 7.62, vertices: 8)
[13:44:50] TERRAIN: Chunk created successfully: (3.0, -8.0) at world pos (96.0, 0.0, -256.0) (total chunks: 231)
[13:44:50] TERRAIN: Creating chunk: (-8.0, -3.0) at distance 8.25
[13:44:50] TERRAIN: Chunk (-8.0, -3.0): TRIMESH collision created successfully (distance: 8.25, vertices: 8)
[13:44:50] TERRAIN: Chunk created successfully: (-8.0, -3.0) at world pos (-256.0, 0.0, -96.0) (total chunks: 232)
[13:44:50] TERRAIN: Creating chunk: (8.0, 3.0) at distance 8.94
[13:44:50] TERRAIN: Chunk (8.0, 3.0): TRIMESH collision created successfully (distance: 8.94, vertices: 8)
[13:44:50] TERRAIN: Chunk created successfully: (8.0, 3.0) at world pos (256.0, 0.0, 96.0) (total chunks: 233)
[13:44:50] TERRAIN: Creating chunk: (-7.0, -5.0) at distance 8.06
[13:44:50] TERRAIN: Chunk (-7.0, -5.0): TRIMESH collision created successfully (distance: 8.06, vertices: 8)
[13:44:50] TERRAIN: Chunk created successfully: (-7.0, -5.0) at world pos (-224.0, 0.0, -160.0) (total chunks: 234)
[13:44:50] TERRAIN: Creating chunk: (5.0, -7.0) at distance 7.81
[13:44:50] TERRAIN: Chunk (5.0, -7.0): TRIMESH collision created successfully (distance: 7.81, vertices: 8)
[13:44:50] TERRAIN: Chunk created successfully: (5.0, -7.0) at world pos (160.0, 0.0, -224.0) (total chunks: 235)
[13:44:50] TERRAIN: Creating chunk: (-5.0, 7.0) at distance 9.43
[13:44:50] TERRAIN: Chunk (-5.0, 7.0): TRIMESH collision created successfully (distance: 9.43, vertices: 8)
[13:44:50] TERRAIN: Chunk created successfully: (-5.0, 7.0) at world pos (-160.0, 0.0, 224.0) (total chunks: 236)
[13:44:50] TERRAIN: Creating chunk: (7.0, -5.0) at distance 8.06
[13:44:50] TERRAIN: Chunk (7.0, -5.0): TRIMESH collision created successfully (distance: 8.06, vertices: 8)
[13:44:50] TERRAIN: Chunk created successfully: (7.0, -5.0) at world pos (224.0, 0.0, -160.0) (total chunks: 237)
[13:44:50] TERRAIN: Creating chunk: (-7.0, 5.0) at distance 9.22
[13:44:50] TERRAIN: Chunk (-7.0, 5.0): TRIMESH collision created successfully (distance: 9.22, vertices: 8)
[13:44:50] TERRAIN: Chunk created successfully: (-7.0, 5.0) at world pos (-224.0, 0.0, 160.0) (total chunks: 238)
[13:44:50] TERRAIN: Creating chunk: (7.0, 5.0) at distance 9.22
[13:44:50] TERRAIN: Chunk (7.0, 5.0): TRIMESH collision created successfully (distance: 9.22, vertices: 8)
[13:44:50] TERRAIN: Chunk created successfully: (7.0, 5.0) at world pos (224.0, 0.0, 160.0) (total chunks: 239)
[13:44:50] TERRAIN: Creating chunk: (5.0, 7.0) at distance 9.43
[13:44:50] TERRAIN: Chunk (5.0, 7.0): TRIMESH collision created successfully (distance: 9.43, vertices: 8)
[13:44:50] TERRAIN: Chunk created successfully: (5.0, 7.0) at world pos (160.0, 0.0, 224.0) (total chunks: 240)
[13:44:50] TERRAIN: Creating chunk: (-5.0, -7.0) at distance 7.81
[13:44:50] TERRAIN: Chunk (-5.0, -7.0): TRIMESH collision created successfully (distance: 7.81, vertices: 8)
[13:44:50] TERRAIN: Chunk created successfully: (-5.0, -7.0) at world pos (-160.0, 0.0, -224.0) (total chunks: 241)
[13:44:50] TERRAIN: Creating chunk: (8.0, 4.0) at distance 9.43
[13:44:50] TERRAIN: Chunk (8.0, 4.0): TRIMESH collision created successfully (distance: 9.43, vertices: 8)
[13:44:50] TERRAIN: Chunk created successfully: (8.0, 4.0) at world pos (256.0, 0.0, 128.0) (total chunks: 242)
[13:44:50] TERRAIN: Creating chunk: (4.0, 8.0) at distance 9.85
[13:44:50] TERRAIN: Chunk (4.0, 8.0): TRIMESH collision created successfully (distance: 9.85, vertices: 8)
[13:44:50] TERRAIN: Chunk created successfully: (4.0, 8.0) at world pos (128.0, 0.0, 256.0) (total chunks: 243)
[13:44:50] TERRAIN: Creating chunk: (-4.0, 8.0) at distance 9.85
[13:44:50] TERRAIN: Chunk (-4.0, 8.0): TRIMESH collision created successfully (distance: 9.85, vertices: 8)
[13:44:50] TERRAIN: Chunk created successfully: (-4.0, 8.0) at world pos (-128.0, 0.0, 256.0) (total chunks: 244)
[13:44:50] TERRAIN: Creating chunk: (4.0, -8.0) at distance 8.06
[13:44:50] TERRAIN: Chunk (4.0, -8.0): TRIMESH collision created successfully (distance: 8.06, vertices: 8)
[13:44:50] TERRAIN: Chunk created successfully: (4.0, -8.0) at world pos (128.0, 0.0, -256.0) (total chunks: 245)
[13:44:50] TERRAIN: Creating chunk: (-8.0, -4.0) at distance 8.54
[13:44:50] TERRAIN: Chunk (-8.0, -4.0): TRIMESH collision created successfully (distance: 8.54, vertices: 8)
[13:44:50] TERRAIN: Chunk created successfully: (-8.0, -4.0) at world pos (-256.0, 0.0, -128.0) (total chunks: 246)
[13:44:50] TERRAIN: Creating chunk: (8.0, -4.0) at distance 8.54
[13:44:50] TERRAIN: Chunk (8.0, -4.0): TRIMESH collision created successfully (distance: 8.54, vertices: 8)
[13:44:50] TERRAIN: Chunk created successfully: (8.0, -4.0) at world pos (256.0, 0.0, -128.0) (total chunks: 247)
[13:44:50] TERRAIN: Creating chunk: (-4.0, -8.0) at distance 8.06
[13:44:50] TERRAIN: Chunk (-4.0, -8.0): TRIMESH collision created successfully (distance: 8.06, vertices: 8)
[13:44:50] TERRAIN: Chunk created successfully: (-4.0, -8.0) at world pos (-128.0, 0.0, -256.0) (total chunks: 248)
[13:44:50] TERRAIN: Creating chunk: (-8.0, 4.0) at distance 9.43
[13:44:50] TERRAIN: Chunk (-8.0, 4.0): TRIMESH collision created successfully (distance: 9.43, vertices: 8)
[13:44:50] TERRAIN: Chunk created successfully: (-8.0, 4.0) at world pos (-256.0, 0.0, 128.0) (total chunks: 249)
[13:44:50] TERRAIN: Creating chunk: (9.0, 0.0) at distance 9.06
[13:44:50] TERRAIN: Chunk (9.0, 0.0): TRIMESH collision created successfully (distance: 9.06, vertices: 8)
[13:44:50] TERRAIN: Chunk created successfully: (9.0, 0.0) at world pos (288.0, 0.0, 0.0) (total chunks: 250)
[13:44:50] TERRAIN: Creating chunk: (-9.0, 0.0) at distance 9.06
[13:44:50] TERRAIN: Chunk (-9.0, 0.0): TRIMESH collision created successfully (distance: 9.06, vertices: 8)
[13:44:50] TERRAIN: Chunk created successfully: (-9.0, 0.0) at world pos (-288.0, 0.0, 0.0) (total chunks: 251)
[13:44:50] TERRAIN: Creating chunk: (0.0, -9.0) at distance 8.00
[13:44:50] TERRAIN: Chunk (0.0, -9.0): TRIMESH collision created successfully (distance: 8.00, vertices: 8)
[13:44:50] TERRAIN: Chunk created successfully: (0.0, -9.0) at world pos (0.0, 0.0, -288.0) (total chunks: 252)
[13:44:50] TERRAIN: Creating chunk: (0.0, 9.0) at distance 10.00
[13:44:50] TERRAIN: Chunk (0.0, 9.0): TRIMESH collision created successfully (distance: 10.00, vertices: 8)
[13:44:50] TERRAIN: Chunk created successfully: (0.0, 9.0) at world pos (0.0, 0.0, 288.0) (total chunks: 253)
[13:44:50] TERRAIN: Creating chunk: (9.0, 1.0) at distance 9.22
[13:44:50] TERRAIN: Chunk (9.0, 1.0): TRIMESH collision created successfully (distance: 9.22, vertices: 8)
[13:44:50] TERRAIN: Chunk created successfully: (9.0, 1.0) at world pos (288.0, 0.0, 32.0) (total chunks: 254)
[13:44:50] TERRAIN: Creating chunk: (1.0, 9.0) at distance 10.05
[13:44:50] TERRAIN: Chunk (1.0, 9.0): TRIMESH collision created successfully (distance: 10.05, vertices: 8)
[13:44:50] TERRAIN: Chunk created successfully: (1.0, 9.0) at world pos (32.0, 0.0, 288.0) (total chunks: 255)
[13:44:50] TERRAIN: Creating chunk: (9.0, -1.0) at distance 9.00
[13:44:50] TERRAIN: Chunk (9.0, -1.0): TRIMESH collision created successfully (distance: 9.00, vertices: 8)
[13:44:50] TERRAIN: Chunk created successfully: (9.0, -1.0) at world pos (288.0, 0.0, -32.0) (total chunks: 256)
[13:44:50] TERRAIN: Creating chunk: (1.0, -9.0) at distance 8.06
[13:44:50] TERRAIN: Chunk (1.0, -9.0): TRIMESH collision created successfully (distance: 8.06, vertices: 8)
[13:44:50] TERRAIN: Chunk created successfully: (1.0, -9.0) at world pos (32.0, 0.0, -288.0) (total chunks: 257)
[13:44:50] TERRAIN: Creating chunk: (-1.0, -9.0) at distance 8.06
[13:44:50] TERRAIN: Chunk (-1.0, -9.0): TRIMESH collision created successfully (distance: 8.06, vertices: 8)
[13:44:50] TERRAIN: Chunk created successfully: (-1.0, -9.0) at world pos (-32.0, 0.0, -288.0) (total chunks: 258)
[13:44:50] TERRAIN: Creating chunk: (-9.0, -1.0) at distance 9.00
[13:44:50] TERRAIN: Chunk (-9.0, -1.0): TRIMESH collision created successfully (distance: 9.00, vertices: 8)
[13:44:50] TERRAIN: Chunk created successfully: (-9.0, -1.0) at world pos (-288.0, 0.0, -32.0) (total chunks: 259)
[13:44:50] TERRAIN: Creating chunk: (-9.0, 1.0) at distance 9.22
[13:44:50] TERRAIN: Chunk (-9.0, 1.0): TRIMESH collision created successfully (distance: 9.22, vertices: 8)
[13:44:50] TERRAIN: Chunk created successfully: (-9.0, 1.0) at world pos (-288.0, 0.0, 32.0) (total chunks: 260)
[13:44:50] TERRAIN: Creating chunk: (-1.0, 9.0) at distance 10.05
[13:44:50] TERRAIN: Chunk (-1.0, 9.0): TRIMESH collision created successfully (distance: 10.05, vertices: 8)
[13:44:50] TERRAIN: Chunk created successfully: (-1.0, 9.0) at world pos (-32.0, 0.0, 288.0) (total chunks: 261)
[13:44:50] TERRAIN: Creating chunk: (-9.0, -2.0) at distance 9.06
[13:44:50] TERRAIN: Chunk (-9.0, -2.0): TRIMESH collision created successfully (distance: 9.06, vertices: 8)
[13:44:50] TERRAIN: Chunk created successfully: (-9.0, -2.0) at world pos (-288.0, 0.0, -64.0) (total chunks: 262)
[13:44:50] TERRAIN: Creating chunk: (6.0, 7.0) at distance 10.00
[13:44:50] TERRAIN: Chunk (6.0, 7.0): TRIMESH collision created successfully (distance: 10.00, vertices: 8)
[13:44:50] TERRAIN: Chunk created successfully: (6.0, 7.0) at world pos (192.0, 0.0, 224.0) (total chunks: 263)
[13:44:50] TERRAIN: Creating chunk: (-9.0, 2.0) at distance 9.49
[13:44:50] TERRAIN: Chunk (-9.0, 2.0): TRIMESH collision created successfully (distance: 9.49, vertices: 8)
[13:44:50] TERRAIN: Chunk created successfully: (-9.0, 2.0) at world pos (-288.0, 0.0, 64.0) (total chunks: 264)
[13:44:50] TERRAIN: Creating chunk: (9.0, 2.0) at distance 9.49
[13:44:50] TERRAIN: Chunk (9.0, 2.0): TRIMESH collision created successfully (distance: 9.49, vertices: 8)
[13:44:50] TERRAIN: Chunk created successfully: (9.0, 2.0) at world pos (288.0, 0.0, 64.0) (total chunks: 265)
[13:44:50] TERRAIN: Creating chunk: (-2.0, -9.0) at distance 8.25
[13:44:50] TERRAIN: Chunk (-2.0, -9.0): TRIMESH collision created successfully (distance: 8.25, vertices: 8)
[13:44:50] TERRAIN: Chunk created successfully: (-2.0, -9.0) at world pos (-64.0, 0.0, -288.0) (total chunks: 266)
[13:44:50] TERRAIN: Creating chunk: (-6.0, -7.0) at distance 8.49
[13:44:50] TERRAIN: Chunk (-6.0, -7.0): TRIMESH collision created successfully (distance: 8.49, vertices: 8)
[13:44:50] TERRAIN: Chunk created successfully: (-6.0, -7.0) at world pos (-192.0, 0.0, -224.0) (total chunks: 267)
[13:44:50] TERRAIN: Creating chunk: (2.0, -9.0) at distance 8.25
[13:44:50] TERRAIN: Chunk (2.0, -9.0): TRIMESH collision created successfully (distance: 8.25, vertices: 8)
[13:44:50] TERRAIN: Chunk created successfully: (2.0, -9.0) at world pos (64.0, 0.0, -288.0) (total chunks: 268)
[13:44:50] TERRAIN: Creating chunk: (-2.0, 9.0) at distance 10.20
[13:44:50] TERRAIN: Chunk (-2.0, 9.0): TRIMESH collision created successfully (distance: 10.20, vertices: 8)
[13:44:50] TERRAIN: Chunk created successfully: (-2.0, 9.0) at world pos (-64.0, 0.0, 288.0) (total chunks: 269)
[13:44:50] TERRAIN: Creating chunk: (-7.0, 6.0) at distance 9.90
[13:44:50] TERRAIN: Chunk (-7.0, 6.0): TRIMESH collision created successfully (distance: 9.90, vertices: 8)
[13:44:50] TERRAIN: Chunk created successfully: (-7.0, 6.0) at world pos (-224.0, 0.0, 192.0) (total chunks: 270)
[13:44:50] TERRAIN: Creating chunk: (-7.0, -6.0) at distance 8.60
[13:44:50] TERRAIN: Chunk (-7.0, -6.0): TRIMESH collision created successfully (distance: 8.60, vertices: 8)
[13:44:50] TERRAIN: Chunk created successfully: (-7.0, -6.0) at world pos (-224.0, 0.0, -192.0) (total chunks: 271)
[13:44:50] TERRAIN: Creating chunk: (7.0, -6.0) at distance 8.60
[13:44:50] TERRAIN: Chunk (7.0, -6.0): TRIMESH collision created successfully (distance: 8.60, vertices: 8)
[13:44:50] TERRAIN: Chunk created successfully: (7.0, -6.0) at world pos (224.0, 0.0, -192.0) (total chunks: 272)
[13:44:50] TERRAIN: Creating chunk: (2.0, 9.0) at distance 10.20
[13:44:50] TERRAIN: Chunk (2.0, 9.0): TRIMESH collision created successfully (distance: 10.20, vertices: 8)
[13:44:50] TERRAIN: Chunk created successfully: (2.0, 9.0) at world pos (64.0, 0.0, 288.0) (total chunks: 273)
[13:44:50] TERRAIN: Creating chunk: (-6.0, 7.0) at distance 10.00
[13:44:50] TERRAIN: Chunk (-6.0, 7.0): TRIMESH collision created successfully (distance: 10.00, vertices: 8)
[13:44:50] TERRAIN: Chunk created successfully: (-6.0, 7.0) at world pos (-192.0, 0.0, 224.0) (total chunks: 274)
[13:44:50] TERRAIN: Creating chunk: (9.0, -2.0) at distance 9.06
[13:44:50] TERRAIN: Chunk (9.0, -2.0): TRIMESH collision created successfully (distance: 9.06, vertices: 8)
[13:44:50] TERRAIN: Chunk created successfully: (9.0, -2.0) at world pos (288.0, 0.0, -64.0) (total chunks: 275)
[13:44:50] TERRAIN: Creating chunk: (7.0, 6.0) at distance 9.90
[13:44:50] TERRAIN: Chunk (7.0, 6.0): TRIMESH collision created successfully (distance: 9.90, vertices: 8)
[13:44:50] TERRAIN: Chunk created successfully: (7.0, 6.0) at world pos (224.0, 0.0, 192.0) (total chunks: 276)
[13:44:50] TERRAIN: Creating chunk: (6.0, -7.0) at distance 8.49
[13:44:50] TERRAIN: Chunk (6.0, -7.0): TRIMESH collision created successfully (distance: 8.49, vertices: 8)
[13:44:50] TERRAIN: Chunk created successfully: (6.0, -7.0) at world pos (192.0, 0.0, -224.0) (total chunks: 277)
[13:44:50] TERRAIN: Creating chunk: (-5.0, -8.0) at distance 8.60
[13:44:50] TERRAIN: Chunk (-5.0, -8.0): TRIMESH collision created successfully (distance: 8.60, vertices: 8)
[13:44:50] TERRAIN: Chunk created successfully: (-5.0, -8.0) at world pos (-160.0, 0.0, -256.0) (total chunks: 278)
[13:44:50] TERRAIN: Creating chunk: (8.0, -5.0) at distance 8.94
[13:44:50] TERRAIN: Chunk (8.0, -5.0): TRIMESH collision created successfully (distance: 8.94, vertices: 8)
[13:44:50] TERRAIN: Chunk created successfully: (8.0, -5.0) at world pos (256.0, 0.0, -160.0) (total chunks: 279)
[13:44:50] TERRAIN: Creating chunk: (5.0, 8.0) at distance 10.30
[13:44:50] TERRAIN: Chunk (5.0, 8.0): TRIMESH collision created successfully (distance: 10.30, vertices: 8)
[13:44:50] TERRAIN: Chunk created successfully: (5.0, 8.0) at world pos (160.0, 0.0, 256.0) (total chunks: 280)
[13:44:50] TERRAIN: Creating chunk: (-8.0, -5.0) at distance 8.94
[13:44:50] TERRAIN: Chunk (-8.0, -5.0): TRIMESH collision created successfully (distance: 8.94, vertices: 8)
[13:44:50] TERRAIN: Chunk created successfully: (-8.0, -5.0) at world pos (-256.0, 0.0, -160.0) (total chunks: 281)
[13:44:50] TERRAIN: Creating chunk: (8.0, 5.0) at distance 10.00
[13:44:50] TERRAIN: Chunk (8.0, 5.0): TRIMESH collision created successfully (distance: 10.00, vertices: 8)
[13:44:50] TERRAIN: Chunk created successfully: (8.0, 5.0) at world pos (256.0, 0.0, 160.0) (total chunks: 282)
[13:44:50] TERRAIN: Creating chunk: (-8.0, 5.0) at distance 10.00
[13:44:50] TERRAIN: Chunk (-8.0, 5.0): TRIMESH collision created successfully (distance: 10.00, vertices: 8)
[13:44:50] TERRAIN: Chunk created successfully: (-8.0, 5.0) at world pos (-256.0, 0.0, 160.0) (total chunks: 283)
[13:44:50] TERRAIN: Creating chunk: (-5.0, 8.0) at distance 10.30
[13:44:50] TERRAIN: Chunk (-5.0, 8.0): TRIMESH collision created successfully (distance: 10.30, vertices: 8)
[13:44:50] TERRAIN: Chunk created successfully: (-5.0, 8.0) at world pos (-160.0, 0.0, 256.0) (total chunks: 284)
[13:44:50] TERRAIN: Creating chunk: (5.0, -8.0) at distance 8.60
[13:44:50] TERRAIN: Chunk (5.0, -8.0): TRIMESH collision created successfully (distance: 8.60, vertices: 8)
[13:44:50] TERRAIN: Chunk created successfully: (5.0, -8.0) at world pos (160.0, 0.0, -256.0) (total chunks: 285)
[13:44:50] TERRAIN: Creating chunk: (-9.0, -3.0) at distance 9.22
[13:44:50] TERRAIN: Chunk (-9.0, -3.0): TRIMESH collision created successfully (distance: 9.22, vertices: 8)
[13:44:50] TERRAIN: Chunk created successfully: (-9.0, -3.0) at world pos (-288.0, 0.0, -96.0) (total chunks: 286)
[13:44:50] TERRAIN: Creating chunk: (9.0, -3.0) at distance 9.22
[13:44:50] TERRAIN: Chunk (9.0, -3.0): TRIMESH collision created successfully (distance: 9.22, vertices: 8)
[13:44:50] TERRAIN: Chunk created successfully: (9.0, -3.0) at world pos (288.0, 0.0, -96.0) (total chunks: 287)
[13:44:50] TERRAIN: Creating chunk: (-9.0, 3.0) at distance 9.85
[13:44:50] TERRAIN: Chunk (-9.0, 3.0): TRIMESH collision created successfully (distance: 9.85, vertices: 8)
[13:44:50] TERRAIN: Chunk created successfully: (-9.0, 3.0) at world pos (-288.0, 0.0, 96.0) (total chunks: 288)
[13:44:50] PLAYER: Pos: (0.0, -0.023457, -5.500207) | Chunk: (0.0, -1.0) | TerrainHeight: -0.03 | HeightDiff: 0.00 | OnFloor: true
[13:44:50] TERRAIN: Creating chunk: (3.0, 9.0) at distance 10.44
[13:44:50] TERRAIN: Chunk (3.0, 9.0): TRIMESH collision created successfully (distance: 10.44, vertices: 8)
[13:44:50] TERRAIN: Chunk created successfully: (3.0, 9.0) at world pos (96.0, 0.0, 288.0) (total chunks: 289)
[13:44:50] TERRAIN: Creating chunk: (-3.0, -9.0) at distance 8.54
[13:44:50] TERRAIN: Chunk (-3.0, -9.0): TRIMESH collision created successfully (distance: 8.54, vertices: 8)
[13:44:50] TERRAIN: Chunk created successfully: (-3.0, -9.0) at world pos (-96.0, 0.0, -288.0) (total chunks: 290)
[13:44:50] TERRAIN: Creating chunk: (-3.0, 9.0) at distance 10.44
[13:44:50] TERRAIN: Chunk (-3.0, 9.0): TRIMESH collision created successfully (distance: 10.44, vertices: 8)
[13:44:50] TERRAIN: Chunk created successfully: (-3.0, 9.0) at world pos (-96.0, 0.0, 288.0) (total chunks: 291)
[13:44:50] TERRAIN: Creating chunk: (3.0, -9.0) at distance 8.54
[13:44:50] TERRAIN: Chunk (3.0, -9.0): TRIMESH collision created successfully (distance: 8.54, vertices: 8)
[13:44:50] TERRAIN: Chunk created successfully: (3.0, -9.0) at world pos (96.0, 0.0, -288.0) (total chunks: 292)
[13:44:50] TERRAIN: Creating chunk: (9.0, 3.0) at distance 9.85
[13:44:50] TERRAIN: Chunk (9.0, 3.0): TRIMESH collision created successfully (distance: 9.85, vertices: 8)
[13:44:50] TERRAIN: Chunk created successfully: (9.0, 3.0) at world pos (288.0, 0.0, 96.0) (total chunks: 293)
[13:44:50] TERRAIN: Creating chunk: (-9.0, 4.0) at distance 10.30
[13:44:50] TERRAIN: Chunk (-9.0, 4.0): TRIMESH collision created successfully (distance: 10.30, vertices: 8)
[13:44:50] TERRAIN: Chunk created successfully: (-9.0, 4.0) at world pos (-288.0, 0.0, 128.0) (total chunks: 294)
[13:44:50] TERRAIN: Creating chunk: (-4.0, -9.0) at distance 8.94
[13:44:50] TERRAIN: Chunk (-4.0, -9.0): TRIMESH collision created successfully (distance: 8.94, vertices: 8)
[13:44:50] TERRAIN: Chunk created successfully: (-4.0, -9.0) at world pos (-128.0, 0.0, -288.0) (total chunks: 295)
[13:44:50] TERRAIN: Creating chunk: (9.0, -4.0) at distance 9.49
[13:44:50] TERRAIN: Chunk (9.0, -4.0): TRIMESH collision created successfully (distance: 9.49, vertices: 8)
[13:44:50] TERRAIN: Chunk created successfully: (9.0, -4.0) at world pos (288.0, 0.0, -128.0) (total chunks: 296)
[13:44:50] TERRAIN: Creating chunk: (9.0, 4.0) at distance 10.30
[13:44:50] TERRAIN: Chunk (9.0, 4.0): TRIMESH collision created successfully (distance: 10.30, vertices: 8)
[13:44:50] TERRAIN: Chunk created successfully: (9.0, 4.0) at world pos (288.0, 0.0, 128.0) (total chunks: 297)
[13:44:50] TERRAIN: Creating chunk: (-9.0, -4.0) at distance 9.49
[13:44:50] TERRAIN: Chunk (-9.0, -4.0): TRIMESH collision created successfully (distance: 9.49, vertices: 8)
[13:44:50] TERRAIN: Chunk created successfully: (-9.0, -4.0) at world pos (-288.0, 0.0, -128.0) (total chunks: 298)
[13:44:50] TERRAIN: Creating chunk: (4.0, 9.0) at distance 10.77
[13:44:50] TERRAIN: Chunk (4.0, 9.0): TRIMESH collision created successfully (distance: 10.77, vertices: 8)
[13:44:50] TERRAIN: Chunk created successfully: (4.0, 9.0) at world pos (128.0, 0.0, 288.0) (total chunks: 299)
[13:44:50] TERRAIN: Creating chunk: (-4.0, 9.0) at distance 10.77
[13:44:50] TERRAIN: Chunk (-4.0, 9.0): TRIMESH collision created successfully (distance: 10.77, vertices: 8)
[13:44:50] TERRAIN: Chunk created successfully: (-4.0, 9.0) at world pos (-128.0, 0.0, 288.0) (total chunks: 300)
[13:44:50] TERRAIN: Creating chunk: (4.0, -9.0) at distance 8.94
[13:44:50] TERRAIN: Chunk (4.0, -9.0): TRIMESH collision created successfully (distance: 8.94, vertices: 8)
[13:44:50] TERRAIN: Chunk created successfully: (4.0, -9.0) at world pos (128.0, 0.0, -288.0) (total chunks: 301)
[13:44:50] TERRAIN: Creating chunk: (7.0, -7.0) at distance 9.22
[13:44:50] TERRAIN: Chunk (7.0, -7.0): TRIMESH collision created successfully (distance: 9.22, vertices: 8)
[13:44:50] TERRAIN: Chunk created successfully: (7.0, -7.0) at world pos (224.0, 0.0, -224.0) (total chunks: 302)
[13:44:50] TERRAIN: Creating chunk: (-7.0, -7.0) at distance 9.22
[13:44:50] TERRAIN: Chunk (-7.0, -7.0): TRIMESH collision created successfully (distance: 9.22, vertices: 8)
[13:44:50] TERRAIN: Chunk created successfully: (-7.0, -7.0) at world pos (-224.0, 0.0, -224.0) (total chunks: 303)
[13:44:50] TERRAIN: Creating chunk: (7.0, 7.0) at distance 10.63
[13:44:50] TERRAIN: Chunk (7.0, 7.0): TRIMESH collision created successfully (distance: 10.63, vertices: 8)
[13:44:50] TERRAIN: Chunk created successfully: (7.0, 7.0) at world pos (224.0, 0.0, 224.0) (total chunks: 304)
[13:44:50] TERRAIN: Creating chunk: (-7.0, 7.0) at distance 10.63
[13:44:50] TERRAIN: Chunk (-7.0, 7.0): TRIMESH collision created successfully (distance: 10.63, vertices: 8)
[13:44:50] TERRAIN: Chunk created successfully: (-7.0, 7.0) at world pos (-224.0, 0.0, 224.0) (total chunks: 305)
[13:44:50] TERRAIN: Creating chunk: (-6.0, 8.0) at distance 10.82
[13:44:50] TERRAIN: Chunk (-6.0, 8.0): TRIMESH collision created successfully (distance: 10.82, vertices: 8)
[13:44:50] TERRAIN: Chunk created successfully: (-6.0, 8.0) at world pos (-192.0, 0.0, 256.0) (total chunks: 306)
[13:44:50] TERRAIN: Creating chunk: (-8.0, -6.0) at distance 9.43
[13:44:50] TERRAIN: Chunk (-8.0, -6.0): TRIMESH collision created successfully (distance: 9.43, vertices: 8)
[13:44:50] TERRAIN: Chunk created successfully: (-8.0, -6.0) at world pos (-256.0, 0.0, -192.0) (total chunks: 307)
[13:44:50] TERRAIN: Creating chunk: (6.0, -8.0) at distance 9.22
[13:44:50] TERRAIN: Chunk (6.0, -8.0): TRIMESH collision created successfully (distance: 9.22, vertices: 8)
[13:44:50] TERRAIN: Chunk created successfully: (6.0, -8.0) at world pos (192.0, 0.0, -256.0) (total chunks: 308)
[13:44:50] TERRAIN: Creating chunk: (0.0, -10.0) at distance 9.00
[13:44:50] TERRAIN: Chunk (0.0, -10.0): TRIMESH collision created successfully (distance: 9.00, vertices: 8)
[13:44:50] TERRAIN: Chunk created successfully: (0.0, -10.0) at world pos (0.0, 0.0, -320.0) (total chunks: 309)
[13:44:50] TERRAIN: Creating chunk: (8.0, 6.0) at distance 10.63
[13:44:50] TERRAIN: Chunk (8.0, 6.0): TRIMESH collision created successfully (distance: 10.63, vertices: 8)
[13:44:50] TERRAIN: Chunk created successfully: (8.0, 6.0) at world pos (256.0, 0.0, 192.0) (total chunks: 310)
[13:44:50] TERRAIN: Creating chunk: (-8.0, 6.0) at distance 10.63
[13:44:50] TERRAIN: Chunk (-8.0, 6.0): TRIMESH collision created successfully (distance: 10.63, vertices: 8)
[13:44:50] TERRAIN: Chunk created successfully: (-8.0, 6.0) at world pos (-256.0, 0.0, 192.0) (total chunks: 311)
[13:44:50] TERRAIN: Creating chunk: (6.0, 8.0) at distance 10.82
[13:44:50] TERRAIN: Chunk (6.0, 8.0): TRIMESH collision created successfully (distance: 10.82, vertices: 8)
[13:44:50] TERRAIN: Chunk created successfully: (6.0, 8.0) at world pos (192.0, 0.0, 256.0) (total chunks: 312)
[13:44:50] TERRAIN: Creating chunk: (-10.0, 0.0) at distance 10.05
[13:44:50] TERRAIN: Chunk (-10.0, 0.0): TRIMESH collision created successfully (distance: 10.05, vertices: 8)
[13:44:50] TERRAIN: Chunk created successfully: (-10.0, 0.0) at world pos (-320.0, 0.0, 0.0) (total chunks: 313)
[13:44:50] TERRAIN: Creating chunk: (10.0, 0.0) at distance 10.05
[13:44:50] TERRAIN: Chunk (10.0, 0.0): TRIMESH collision created successfully (distance: 10.05, vertices: 8)
[13:44:50] TERRAIN: Chunk created successfully: (10.0, 0.0) at world pos (320.0, 0.0, 0.0) (total chunks: 314)
[13:44:50] TERRAIN: Creating chunk: (-6.0, -8.0) at distance 9.22
[13:44:50] TERRAIN: Chunk (-6.0, -8.0): TRIMESH collision created successfully (distance: 9.22, vertices: 8)
[13:44:50] TERRAIN: Chunk created successfully: (-6.0, -8.0) at world pos (-192.0, 0.0, -256.0) (total chunks: 315)
[13:44:50] TERRAIN: Creating chunk: (8.0, -6.0) at distance 9.43
[13:44:50] TERRAIN: Chunk (8.0, -6.0): TRIMESH collision created successfully (distance: 9.43, vertices: 8)
[13:44:50] TERRAIN: Chunk created successfully: (8.0, -6.0) at world pos (256.0, 0.0, -192.0) (total chunks: 316)
[13:44:50] TERRAIN: Creating chunk: (0.0, 10.0) at distance 11.00
[13:44:50] TERRAIN: Chunk (0.0, 10.0): TRIMESH collision created successfully (distance: 11.00, vertices: 8)
[13:44:50] TERRAIN: Chunk created successfully: (0.0, 10.0) at world pos (0.0, 0.0, 320.0) (total chunks: 317)
[13:44:50] TERRAIN: Creating chunk: (-10.0, -1.0) at distance 10.00
[13:44:50] TERRAIN: Chunk (-10.0, -1.0): TRIMESH collision created successfully (distance: 10.00, vertices: 8)
[13:44:50] TERRAIN: Chunk created successfully: (-10.0, -1.0) at world pos (-320.0, 0.0, -32.0) (total chunks: 318)
[13:44:50] TERRAIN: Creating chunk: (-1.0, 10.0) at distance 11.05
[13:44:50] TERRAIN: Chunk (-1.0, 10.0): TRIMESH collision created successfully (distance: 11.05, vertices: 8)
[13:44:50] TERRAIN: Chunk created successfully: (-1.0, 10.0) at world pos (-32.0, 0.0, 320.0) (total chunks: 319)
[13:44:50] TERRAIN: Creating chunk: (1.0, 10.0) at distance 11.05
[13:44:50] TERRAIN: Chunk (1.0, 10.0): TRIMESH collision created successfully (distance: 11.05, vertices: 8)
[13:44:50] TERRAIN: Chunk created successfully: (1.0, 10.0) at world pos (32.0, 0.0, 320.0) (total chunks: 320)
[13:44:50] TERRAIN: Creating chunk: (1.0, -10.0) at distance 9.06
[13:44:50] TERRAIN: Chunk (1.0, -10.0): TRIMESH collision created successfully (distance: 9.06, vertices: 8)
[13:44:50] TERRAIN: Chunk created successfully: (1.0, -10.0) at world pos (32.0, 0.0, -320.0) (total chunks: 321)
[13:44:50] TERRAIN: Creating chunk: (-10.0, 1.0) at distance 10.20
[13:44:50] TERRAIN: Chunk (-10.0, 1.0): TRIMESH collision created successfully (distance: 10.20, vertices: 8)
[13:44:50] TERRAIN: Chunk created successfully: (-10.0, 1.0) at world pos (-320.0, 0.0, 32.0) (total chunks: 322)
[13:44:50] TERRAIN: Creating chunk: (-1.0, -10.0) at distance 9.06
[13:44:50] TERRAIN: Chunk (-1.0, -10.0): TRIMESH collision created successfully (distance: 9.06, vertices: 8)
[13:44:50] TERRAIN: Chunk created successfully: (-1.0, -10.0) at world pos (-32.0, 0.0, -320.0) (total chunks: 323)
[13:44:50] TERRAIN: Creating chunk: (10.0, 1.0) at distance 10.20
[13:44:50] TERRAIN: Chunk (10.0, 1.0): TRIMESH collision created successfully (distance: 10.20, vertices: 8)
[13:44:50] TERRAIN: Chunk created successfully: (10.0, 1.0) at world pos (320.0, 0.0, 32.0) (total chunks: 324)
[13:44:50] TERRAIN: Creating chunk: (10.0, -1.0) at distance 10.00
[13:44:50] TERRAIN: Chunk (10.0, -1.0): TRIMESH collision created successfully (distance: 10.00, vertices: 8)
[13:44:50] TERRAIN: Chunk created successfully: (10.0, -1.0) at world pos (320.0, 0.0, -32.0) (total chunks: 325)
[13:44:50] TERRAIN: Creating chunk: (2.0, 10.0) at distance 11.18
[13:44:50] TERRAIN: Chunk (2.0, 10.0): TRIMESH collision created successfully (distance: 11.18, vertices: 8)
[13:44:50] TERRAIN: Chunk created successfully: (2.0, 10.0) at world pos (64.0, 0.0, 320.0) (total chunks: 326)
[13:44:50] TERRAIN: Creating chunk: (-2.0, 10.0) at distance 11.18
[13:44:50] TERRAIN: Chunk (-2.0, 10.0): TRIMESH collision created successfully (distance: 11.18, vertices: 8)
[13:44:50] TERRAIN: Chunk created successfully: (-2.0, 10.0) at world pos (-64.0, 0.0, 320.0) (total chunks: 327)
[13:44:50] TERRAIN: Creating chunk: (-10.0, -2.0) at distance 10.05
[13:44:50] TERRAIN: Chunk (-10.0, -2.0): TRIMESH collision created successfully (distance: 10.05, vertices: 8)
[13:44:50] TERRAIN: Chunk created successfully: (-10.0, -2.0) at world pos (-320.0, 0.0, -64.0) (total chunks: 328)
[13:44:50] TERRAIN: Creating chunk: (10.0, -2.0) at distance 10.05
[13:44:50] TERRAIN: Chunk (10.0, -2.0): TRIMESH collision created successfully (distance: 10.05, vertices: 8)
[13:44:50] TERRAIN: Chunk created successfully: (10.0, -2.0) at world pos (320.0, 0.0, -64.0) (total chunks: 329)
[13:44:50] TERRAIN: Creating chunk: (-2.0, -10.0) at distance 9.22
[13:44:50] TERRAIN: Chunk (-2.0, -10.0): TRIMESH collision created successfully (distance: 9.22, vertices: 8)
[13:44:50] TERRAIN: Chunk created successfully: (-2.0, -10.0) at world pos (-64.0, 0.0, -320.0) (total chunks: 330)
[13:44:50] TERRAIN: Creating chunk: (-10.0, 2.0) at distance 10.44
[13:44:50] TERRAIN: Chunk (-10.0, 2.0): TRIMESH collision created successfully (distance: 10.44, vertices: 8)
[13:44:50] TERRAIN: Chunk created successfully: (-10.0, 2.0) at world pos (-320.0, 0.0, 64.0) (total chunks: 331)
[13:44:50] TERRAIN: Creating chunk: (2.0, -10.0) at distance 9.22
[13:44:50] TERRAIN: Chunk (2.0, -10.0): TRIMESH collision created successfully (distance: 9.22, vertices: 8)
[13:44:50] TERRAIN: Chunk created successfully: (2.0, -10.0) at world pos (64.0, 0.0, -320.0) (total chunks: 332)
[13:44:50] TERRAIN: Creating chunk: (10.0, 2.0) at distance 10.44
[13:44:50] TERRAIN: Chunk (10.0, 2.0): TRIMESH collision created successfully (distance: 10.44, vertices: 8)
[13:44:50] TERRAIN: Chunk created successfully: (10.0, 2.0) at world pos (320.0, 0.0, 64.0) (total chunks: 333)
[13:44:50] TERRAIN: Creating chunk: (9.0, -5.0) at distance 9.85
[13:44:50] TERRAIN: Chunk (9.0, -5.0): TRIMESH collision created successfully (distance: 9.85, vertices: 8)
[13:44:50] TERRAIN: Chunk created successfully: (9.0, -5.0) at world pos (288.0, 0.0, -160.0) (total chunks: 334)
[13:44:50] TERRAIN: Creating chunk: (9.0, 5.0) at distance 10.82
[13:44:50] TERRAIN: Chunk (9.0, 5.0): TRIMESH collision created successfully (distance: 10.82, vertices: 8)
[13:44:50] TERRAIN: Chunk created successfully: (9.0, 5.0) at world pos (288.0, 0.0, 160.0) (total chunks: 335)
[13:44:50] TERRAIN: Creating chunk: (5.0, 9.0) at distance 11.18
[13:44:50] TERRAIN: Chunk (5.0, 9.0): TRIMESH collision created successfully (distance: 11.18, vertices: 8)
[13:44:50] TERRAIN: Chunk created successfully: (5.0, 9.0) at world pos (160.0, 0.0, 288.0) (total chunks: 336)
[13:44:50] TERRAIN: Creating chunk: (-9.0, -5.0) at distance 9.85
[13:44:50] TERRAIN: Chunk (-9.0, -5.0): TRIMESH collision created successfully (distance: 9.85, vertices: 8)
[13:44:50] TERRAIN: Chunk created successfully: (-9.0, -5.0) at world pos (-288.0, 0.0, -160.0) (total chunks: 337)
[13:44:50] TERRAIN: Creating chunk: (5.0, -9.0) at distance 9.43
[13:44:50] TERRAIN: Chunk (5.0, -9.0): TRIMESH collision created successfully (distance: 9.43, vertices: 8)
[13:44:50] TERRAIN: Chunk created successfully: (5.0, -9.0) at world pos (160.0, 0.0, -288.0) (total chunks: 338)
[13:44:50] TERRAIN: Creating chunk: (-5.0, -9.0) at distance 9.43
[13:44:50] TERRAIN: Chunk (-5.0, -9.0): TRIMESH collision created successfully (distance: 9.43, vertices: 8)
[13:44:50] TERRAIN: Chunk created successfully: (-5.0, -9.0) at world pos (-160.0, 0.0, -288.0) (total chunks: 339)
[13:44:50] TERRAIN: Creating chunk: (-9.0, 5.0) at distance 10.82
[13:44:50] TERRAIN: Chunk (-9.0, 5.0): TRIMESH collision created successfully (distance: 10.82, vertices: 8)
[13:44:50] TERRAIN: Chunk created successfully: (-9.0, 5.0) at world pos (-288.0, 0.0, 160.0) (total chunks: 340)
[13:44:50] TERRAIN: Creating chunk: (-5.0, 9.0) at distance 11.18
[13:44:50] TERRAIN: Chunk (-5.0, 9.0): TRIMESH collision created successfully (distance: 11.18, vertices: 8)
[13:44:50] TERRAIN: Chunk created successfully: (-5.0, 9.0) at world pos (-160.0, 0.0, 288.0) (total chunks: 341)
[13:44:50] TERRAIN: Creating chunk: (10.0, -3.0) at distance 10.20
[13:44:50] TERRAIN: Chunk (10.0, -3.0): TRIMESH collision created successfully (distance: 10.20, vertices: 8)
[13:44:50] TERRAIN: Chunk created successfully: (10.0, -3.0) at world pos (320.0, 0.0, -96.0) (total chunks: 342)
[13:44:50] TERRAIN: Creating chunk: (-3.0, -10.0) at distance 9.49
[13:44:50] TERRAIN: Chunk (-3.0, -10.0): TRIMESH collision created successfully (distance: 9.49, vertices: 8)
[13:44:50] TERRAIN: Chunk created successfully: (-3.0, -10.0) at world pos (-96.0, 0.0, -320.0) (total chunks: 343)
[13:44:50] TERRAIN: Creating chunk: (-10.0, -3.0) at distance 10.20
[13:44:50] TERRAIN: Chunk (-10.0, -3.0): TRIMESH collision created successfully (distance: 10.20, vertices: 8)
[13:44:50] TERRAIN: Chunk created successfully: (-10.0, -3.0) at world pos (-320.0, 0.0, -96.0) (total chunks: 344)
[13:44:50] TERRAIN: Creating chunk: (3.0, 10.0) at distance 11.40
[13:44:50] TERRAIN: Chunk (3.0, 10.0): TRIMESH collision created successfully (distance: 11.40, vertices: 8)
[13:44:50] TERRAIN: Chunk created successfully: (3.0, 10.0) at world pos (96.0, 0.0, 320.0) (total chunks: 345)
[13:44:50] TERRAIN: Creating chunk: (-10.0, 3.0) at distance 10.77
[13:44:50] TERRAIN: Chunk (-10.0, 3.0): TRIMESH collision created successfully (distance: 10.77, vertices: 8)
[13:44:50] TERRAIN: Chunk created successfully: (-10.0, 3.0) at world pos (-320.0, 0.0, 96.0) (total chunks: 346)
[13:44:50] TERRAIN: Creating chunk: (10.0, 3.0) at distance 10.77
[13:44:50] TERRAIN: Chunk (10.0, 3.0): TRIMESH collision created successfully (distance: 10.77, vertices: 8)
[13:44:50] TERRAIN: Chunk created successfully: (10.0, 3.0) at world pos (320.0, 0.0, 96.0) (total chunks: 347)
[13:44:50] TERRAIN: Creating chunk: (3.0, -10.0) at distance 9.49
[13:44:50] TERRAIN: Chunk (3.0, -10.0): TRIMESH collision created successfully (distance: 9.49, vertices: 8)
[13:44:50] TERRAIN: Chunk created successfully: (3.0, -10.0) at world pos (96.0, 0.0, -320.0) (total chunks: 348)
[13:44:50] TERRAIN: Creating chunk: (-3.0, 10.0) at distance 11.40
[13:44:50] TERRAIN: Chunk (-3.0, 10.0): TRIMESH collision created successfully (distance: 11.40, vertices: 8)
[13:44:50] TERRAIN: Chunk created successfully: (-3.0, 10.0) at world pos (-96.0, 0.0, 320.0) (total chunks: 349)
[13:44:50] TERRAIN: Creating chunk: (8.0, -7.0) at distance 10.00
[13:44:50] TERRAIN: Chunk (8.0, -7.0): TRIMESH collision created successfully (distance: 10.00, vertices: 8)
[13:44:50] TERRAIN: Chunk created successfully: (8.0, -7.0) at world pos (256.0, 0.0, -224.0) (total chunks: 350)
[13:44:50] TERRAIN: Creating chunk: (7.0, 8.0) at distance 11.40
[13:44:50] TERRAIN: Chunk (7.0, 8.0): TRIMESH collision created successfully (distance: 11.40, vertices: 8)
[13:44:50] TERRAIN: Chunk created successfully: (7.0, 8.0) at world pos (224.0, 0.0, 256.0) (total chunks: 351)
[13:44:50] TERRAIN: Creating chunk: (-8.0, 7.0) at distance 11.31
[13:44:50] TERRAIN: Chunk (-8.0, 7.0): TRIMESH collision created successfully (distance: 11.31, vertices: 8)
[13:44:50] TERRAIN: Chunk created successfully: (-8.0, 7.0) at world pos (-256.0, 0.0, 224.0) (total chunks: 352)
[13:44:50] TERRAIN: Creating chunk: (-8.0, -7.0) at distance 10.00
[13:44:51] TERRAIN: Chunk (-8.0, -7.0): TRIMESH collision created successfully (distance: 10.00, vertices: 8)
[13:44:51] TERRAIN: Chunk created successfully: (-8.0, -7.0) at world pos (-256.0, 0.0, -224.0) (total chunks: 353)
[13:44:51] TERRAIN: Creating chunk: (-7.0, 8.0) at distance 11.40
[13:44:51] TERRAIN: Chunk (-7.0, 8.0): TRIMESH collision created successfully (distance: 11.40, vertices: 8)
[13:44:51] TERRAIN: Chunk created successfully: (-7.0, 8.0) at world pos (-224.0, 0.0, 256.0) (total chunks: 354)
[13:44:51] TERRAIN: Creating chunk: (-7.0, -8.0) at distance 9.90
[13:44:51] TERRAIN: Chunk (-7.0, -8.0): TRIMESH collision created successfully (distance: 9.90, vertices: 8)
[13:44:51] TERRAIN: Chunk created successfully: (-7.0, -8.0) at world pos (-224.0, 0.0, -256.0) (total chunks: 355)
[13:44:51] TERRAIN: Creating chunk: (7.0, -8.0) at distance 9.90
[13:44:51] TERRAIN: Chunk (7.0, -8.0): TRIMESH collision created successfully (distance: 9.90, vertices: 8)
[13:44:51] TERRAIN: Chunk created successfully: (7.0, -8.0) at world pos (224.0, 0.0, -256.0) (total chunks: 356)
[13:44:51] TERRAIN: Creating chunk: (8.0, 7.0) at distance 11.31
[13:44:51] TERRAIN: Chunk (8.0, 7.0): TRIMESH collision created successfully (distance: 11.31, vertices: 8)
[13:44:51] TERRAIN: Chunk created successfully: (8.0, 7.0) at world pos (256.0, 0.0, 224.0) (total chunks: 357)
[13:44:51] TERRAIN: Creating chunk: (10.0, -4.0) at distance 10.44
[13:44:51] TERRAIN: Chunk (10.0, -4.0): TRIMESH collision created successfully (distance: 10.44, vertices: 8)
[13:44:51] TERRAIN: Chunk created successfully: (10.0, -4.0) at world pos (320.0, 0.0, -128.0) (total chunks: 358)
[13:44:51] TERRAIN: Creating chunk: (-10.0, 4.0) at distance 11.18
[13:44:51] TERRAIN: Chunk (-10.0, 4.0): TRIMESH collision created successfully (distance: 11.18, vertices: 8)
[13:44:51] TERRAIN: Chunk created successfully: (-10.0, 4.0) at world pos (-320.0, 0.0, 128.0) (total chunks: 359)
[13:44:51] TERRAIN: Creating chunk: (10.0, 4.0) at distance 11.18
[13:44:51] TERRAIN: Chunk (10.0, 4.0): TRIMESH collision created successfully (distance: 11.18, vertices: 8)
[13:44:51] TERRAIN: Chunk created successfully: (10.0, 4.0) at world pos (320.0, 0.0, 128.0) (total chunks: 360)
[13:44:51] TERRAIN: Creating chunk: (4.0, 10.0) at distance 11.70
[13:44:51] TERRAIN: Chunk (4.0, 10.0): TRIMESH collision created successfully (distance: 11.70, vertices: 8)
[13:44:51] TERRAIN: Chunk created successfully: (4.0, 10.0) at world pos (128.0, 0.0, 320.0) (total chunks: 361)
[13:44:51] TERRAIN: Creating chunk: (-4.0, -10.0) at distance 9.85
[13:44:51] TERRAIN: Chunk (-4.0, -10.0): TRIMESH collision created successfully (distance: 9.85, vertices: 8)
[13:44:51] TERRAIN: Chunk created successfully: (-4.0, -10.0) at world pos (-128.0, 0.0, -320.0) (total chunks: 362)
[13:44:51] TERRAIN: Creating chunk: (-4.0, 10.0) at distance 11.70
[13:44:51] TERRAIN: Chunk (-4.0, 10.0): TRIMESH collision created successfully (distance: 11.70, vertices: 8)
[13:44:51] TERRAIN: Chunk created successfully: (-4.0, 10.0) at world pos (-128.0, 0.0, 320.0) (total chunks: 363)
[13:44:51] TERRAIN: Creating chunk: (-10.0, -4.0) at distance 10.44
[13:44:51] TERRAIN: Chunk (-10.0, -4.0): TRIMESH collision created successfully (distance: 10.44, vertices: 8)
[13:44:51] TERRAIN: Chunk created successfully: (-10.0, -4.0) at world pos (-320.0, 0.0, -128.0) (total chunks: 364)
[13:44:51] TERRAIN: Creating chunk: (4.0, -10.0) at distance 9.85
[13:44:51] TERRAIN: Chunk (4.0, -10.0): TRIMESH collision created successfully (distance: 9.85, vertices: 8)
[13:44:51] TERRAIN: Chunk created successfully: (4.0, -10.0) at world pos (128.0, 0.0, -320.0) (total chunks: 365)
[13:44:51] TERRAIN: Creating chunk: (-9.0, 6.0) at distance 11.40
[13:44:51] TERRAIN: Chunk (-9.0, 6.0): TRIMESH collision created successfully (distance: 11.40, vertices: 8)
[13:44:51] TERRAIN: Chunk created successfully: (-9.0, 6.0) at world pos (-288.0, 0.0, 192.0) (total chunks: 366)
[13:44:51] TERRAIN: Creating chunk: (-9.0, -6.0) at distance 10.30
[13:44:51] TERRAIN: Chunk (-9.0, -6.0): TRIMESH collision created successfully (distance: 10.30, vertices: 8)
[13:44:51] TERRAIN: Chunk created successfully: (-9.0, -6.0) at world pos (-288.0, 0.0, -192.0) (total chunks: 367)
[13:44:51] TERRAIN: Creating chunk: (-6.0, 9.0) at distance 11.66
[13:44:51] TERRAIN: Chunk (-6.0, 9.0): TRIMESH collision created successfully (distance: 11.66, vertices: 8)
[13:44:51] TERRAIN: Chunk created successfully: (-6.0, 9.0) at world pos (-192.0, 0.0, 288.0) (total chunks: 368)
[13:44:51] TERRAIN: Creating chunk: (9.0, -6.0) at distance 10.30
[13:44:51] TERRAIN: Chunk (9.0, -6.0): TRIMESH collision created successfully (distance: 10.30, vertices: 8)
[13:44:51] TERRAIN: Chunk created successfully: (9.0, -6.0) at world pos (288.0, 0.0, -192.0) (total chunks: 369)
[13:44:51] TERRAIN: Creating chunk: (9.0, 6.0) at distance 11.40
[13:44:51] TERRAIN: Chunk (9.0, 6.0): TRIMESH collision created successfully (distance: 11.40, vertices: 8)
[13:44:51] TERRAIN: Chunk created successfully: (9.0, 6.0) at world pos (288.0, 0.0, 192.0) (total chunks: 370)
[13:44:51] TERRAIN: Creating chunk: (6.0, 9.0) at distance 11.66
[13:44:51] TERRAIN: Chunk (6.0, 9.0): TRIMESH collision created successfully (distance: 11.66, vertices: 8)
[13:44:51] TERRAIN: Chunk created successfully: (6.0, 9.0) at world pos (192.0, 0.0, 288.0) (total chunks: 371)
[13:44:51] TERRAIN: Creating chunk: (6.0, -9.0) at distance 10.00
[13:44:51] TERRAIN: Chunk (6.0, -9.0): TRIMESH collision created successfully (distance: 10.00, vertices: 8)
[13:44:51] TERRAIN: Chunk created successfully: (6.0, -9.0) at world pos (192.0, 0.0, -288.0) (total chunks: 372)
[13:44:51] TERRAIN: Creating chunk: (-6.0, -9.0) at distance 10.00
[13:44:51] TERRAIN: Chunk (-6.0, -9.0): TRIMESH collision created successfully (distance: 10.00, vertices: 8)
[13:44:51] TERRAIN: Chunk created successfully: (-6.0, -9.0) at world pos (-192.0, 0.0, -288.0) (total chunks: 373)
[13:44:51] TERRAIN: Creating chunk: (11.0, 0.0) at distance 11.05
[13:44:51] TERRAIN: Chunk (11.0, 0.0): TRIMESH collision created successfully (distance: 11.05, vertices: 8)
[13:44:51] TERRAIN: Chunk created successfully: (11.0, 0.0) at world pos (352.0, 0.0, 0.0) (total chunks: 374)
[13:44:51] TERRAIN: Creating chunk: (-11.0, 0.0) at distance 11.05
[13:44:51] TERRAIN: Chunk (-11.0, 0.0): TRIMESH collision created successfully (distance: 11.05, vertices: 8)
[13:44:51] TERRAIN: Chunk created successfully: (-11.0, 0.0) at world pos (-352.0, 0.0, 0.0) (total chunks: 375)
[13:44:51] TERRAIN: Creating chunk: (0.0, 11.0) at distance 12.00
[13:44:51] TERRAIN: Chunk (0.0, 11.0): TRIMESH collision created successfully (distance: 12.00, vertices: 8)
[13:44:51] TERRAIN: Chunk created successfully: (0.0, 11.0) at world pos (0.0, 0.0, 352.0) (total chunks: 376)
[13:44:51] TERRAIN: Creating chunk: (0.0, -11.0) at distance 10.00
[13:44:51] TERRAIN: Chunk (0.0, -11.0): TRIMESH collision created successfully (distance: 10.00, vertices: 8)
[13:44:51] TERRAIN: Chunk created successfully: (0.0, -11.0) at world pos (0.0, 0.0, -352.0) (total chunks: 377)
[13:44:51] TERRAIN: Creating chunk: (1.0, -11.0) at distance 10.05
[13:44:51] TERRAIN: Chunk (1.0, -11.0): TRIMESH collision created successfully (distance: 10.05, vertices: 8)
[13:44:51] TERRAIN: Chunk created successfully: (1.0, -11.0) at world pos (32.0, 0.0, -352.0) (total chunks: 378)
[13:44:51] TERRAIN: Creating chunk: (-1.0, 11.0) at distance 12.04
[13:44:51] TERRAIN: Chunk (-1.0, 11.0): TRIMESH collision created successfully (distance: 12.04, vertices: 8)
[13:44:51] TERRAIN: Chunk created successfully: (-1.0, 11.0) at world pos (-32.0, 0.0, 352.0) (total chunks: 379)
[13:44:51] TERRAIN: Creating chunk: (1.0, 11.0) at distance 12.04
[13:44:51] TERRAIN: Chunk (1.0, 11.0): TRIMESH collision created successfully (distance: 12.04, vertices: 8)
[13:44:51] TERRAIN: Chunk created successfully: (1.0, 11.0) at world pos (32.0, 0.0, 352.0) (total chunks: 380)
[13:44:51] TERRAIN: Creating chunk: (-11.0, -1.0) at distance 11.00
[13:44:51] TERRAIN: Chunk (-11.0, -1.0): TRIMESH collision created successfully (distance: 11.00, vertices: 8)
[13:44:51] TERRAIN: Chunk created successfully: (-11.0, -1.0) at world pos (-352.0, 0.0, -32.0) (total chunks: 381)
[13:44:51] TERRAIN: Creating chunk: (11.0, -1.0) at distance 11.00
[13:44:51] TERRAIN: Chunk (11.0, -1.0): TRIMESH collision created successfully (distance: 11.00, vertices: 8)
[13:44:51] TERRAIN: Chunk created successfully: (11.0, -1.0) at world pos (352.0, 0.0, -32.0) (total chunks: 382)
[13:44:51] TERRAIN: Creating chunk: (-1.0, -11.0) at distance 10.05
[13:44:51] TERRAIN: Chunk (-1.0, -11.0): TRIMESH collision created successfully (distance: 10.05, vertices: 8)
[13:44:51] TERRAIN: Chunk created successfully: (-1.0, -11.0) at world pos (-32.0, 0.0, -352.0) (total chunks: 383)
[13:44:51] TERRAIN: Creating chunk: (-11.0, 1.0) at distance 11.18
[13:44:51] TERRAIN: Chunk (-11.0, 1.0): TRIMESH collision created successfully (distance: 11.18, vertices: 8)
[13:44:51] TERRAIN: Chunk created successfully: (-11.0, 1.0) at world pos (-352.0, 0.0, 32.0) (total chunks: 384)
[13:44:51] TERRAIN: Creating chunk: (11.0, 1.0) at distance 11.18
[13:44:51] TERRAIN: Chunk (11.0, 1.0): TRIMESH collision created successfully (distance: 11.18, vertices: 8)
[13:44:51] TERRAIN: Chunk created successfully: (11.0, 1.0) at world pos (352.0, 0.0, 32.0) (total chunks: 385)
[13:44:51] TERRAIN: Creating chunk: (2.0, -11.0) at distance 10.20
[13:44:51] TERRAIN: Chunk (2.0, -11.0): TRIMESH collision created successfully (distance: 10.20, vertices: 8)
[13:44:51] TERRAIN: Chunk created successfully: (2.0, -11.0) at world pos (64.0, 0.0, -352.0) (total chunks: 386)
[13:44:51] TERRAIN: Creating chunk: (11.0, -2.0) at distance 11.05
[13:44:51] TERRAIN: Chunk (11.0, -2.0): TRIMESH collision created successfully (distance: 11.05, vertices: 8)
[13:44:51] TERRAIN: Chunk created successfully: (11.0, -2.0) at world pos (352.0, 0.0, -64.0) (total chunks: 387)
[13:44:51] TERRAIN: Creating chunk: (10.0, -5.0) at distance 10.77
[13:44:51] TERRAIN: Chunk (10.0, -5.0): TRIMESH collision created successfully (distance: 10.77, vertices: 8)
[13:44:51] TERRAIN: Chunk created successfully: (10.0, -5.0) at world pos (320.0, 0.0, -160.0) (total chunks: 388)
[13:44:51] TERRAIN: Creating chunk: (-5.0, -10.0) at distance 10.30
[13:44:51] TERRAIN: Chunk (-5.0, -10.0): TRIMESH collision created successfully (distance: 10.30, vertices: 8)
[13:44:51] TERRAIN: Chunk created successfully: (-5.0, -10.0) at world pos (-160.0, 0.0, -320.0) (total chunks: 389)
[13:44:51] TERRAIN: Creating chunk: (2.0, 11.0) at distance 12.17
[13:44:51] TERRAIN: Chunk (2.0, 11.0): TRIMESH collision created successfully (distance: 12.17, vertices: 8)
[13:44:51] TERRAIN: Chunk created successfully: (2.0, 11.0) at world pos (64.0, 0.0, 352.0) (total chunks: 390)
[13:44:51] TERRAIN: Creating chunk: (5.0, 10.0) at distance 12.08
[13:44:51] TERRAIN: Chunk (5.0, 10.0): TRIMESH collision created successfully (distance: 12.08, vertices: 8)
[13:44:51] TERRAIN: Chunk created successfully: (5.0, 10.0) at world pos (160.0, 0.0, 320.0) (total chunks: 391)
[13:44:51] TERRAIN: Creating chunk: (-5.0, 10.0) at distance 12.08
[13:44:51] TERRAIN: Chunk (-5.0, 10.0): TRIMESH collision created successfully (distance: 12.08, vertices: 8)
[13:44:51] TERRAIN: Chunk created successfully: (-5.0, 10.0) at world pos (-160.0, 0.0, 320.0) (total chunks: 392)
[13:44:51] TERRAIN: Creating chunk: (5.0, -10.0) at distance 10.30
[13:44:51] TERRAIN: Chunk (5.0, -10.0): TRIMESH collision created successfully (distance: 10.30, vertices: 8)
[13:44:51] TERRAIN: Chunk created successfully: (5.0, -10.0) at world pos (160.0, 0.0, -320.0) (total chunks: 393)
[13:44:51] TERRAIN: Creating chunk: (11.0, 2.0) at distance 11.40
[13:44:51] TERRAIN: Chunk (11.0, 2.0): TRIMESH collision created successfully (distance: 11.40, vertices: 8)
[13:44:51] TERRAIN: Chunk created successfully: (11.0, 2.0) at world pos (352.0, 0.0, 64.0) (total chunks: 394)
[13:44:51] TERRAIN: Creating chunk: (-10.0, 5.0) at distance 11.66
[13:44:51] TERRAIN: Chunk (-10.0, 5.0): TRIMESH collision created successfully (distance: 11.66, vertices: 8)
[13:44:51] TERRAIN: Chunk created successfully: (-10.0, 5.0) at world pos (-320.0, 0.0, 160.0) (total chunks: 395)
[13:44:51] TERRAIN: Creating chunk: (-11.0, -2.0) at distance 11.05
[13:44:51] TERRAIN: Chunk (-11.0, -2.0): TRIMESH collision created successfully (distance: 11.05, vertices: 8)
[13:44:51] TERRAIN: Chunk created successfully: (-11.0, -2.0) at world pos (-352.0, 0.0, -64.0) (total chunks: 396)
[13:44:51] TERRAIN: Creating chunk: (-11.0, 2.0) at distance 11.40
[13:44:51] TERRAIN: Chunk (-11.0, 2.0): TRIMESH collision created successfully (distance: 11.40, vertices: 8)
[13:44:51] TERRAIN: Chunk created successfully: (-11.0, 2.0) at world pos (-352.0, 0.0, 64.0) (total chunks: 397)
[13:44:51] TERRAIN: Creating chunk: (-2.0, 11.0) at distance 12.17
[13:44:51] TERRAIN: Chunk (-2.0, 11.0): TRIMESH collision created successfully (distance: 12.17, vertices: 8)
[13:44:51] TERRAIN: Chunk created successfully: (-2.0, 11.0) at world pos (-64.0, 0.0, 352.0) (total chunks: 398)
[13:44:51] TERRAIN: Creating chunk: (-10.0, -5.0) at distance 10.77
[13:44:51] TERRAIN: Chunk (-10.0, -5.0): TRIMESH collision created successfully (distance: 10.77, vertices: 8)
[13:44:51] TERRAIN: Chunk created successfully: (-10.0, -5.0) at world pos (-320.0, 0.0, -160.0) (total chunks: 399)
[13:44:51] TERRAIN: Creating chunk: (10.0, 5.0) at distance 11.66
[13:44:51] TERRAIN: Chunk (10.0, 5.0): TRIMESH collision created successfully (distance: 11.66, vertices: 8)
[13:44:51] TERRAIN: Chunk created successfully: (10.0, 5.0) at world pos (320.0, 0.0, 160.0) (total chunks: 400)
[13:44:51] TERRAIN: Creating chunk: (-2.0, -11.0) at distance 10.20
[13:44:51] TERRAIN: Chunk (-2.0, -11.0): TRIMESH collision created successfully (distance: 10.20, vertices: 8)
[13:44:51] TERRAIN: Chunk created successfully: (-2.0, -11.0) at world pos (-64.0, 0.0, -352.0) (total chunks: 401)
[13:44:51] TERRAIN: Creating chunk: (8.0, -8.0) at distance 10.63
[13:44:51] TERRAIN: Chunk (8.0, -8.0): TRIMESH collision created successfully (distance: 10.63, vertices: 8)
[13:44:51] TERRAIN: Chunk created successfully: (8.0, -8.0) at world pos (256.0, 0.0, -256.0) (total chunks: 402)
[13:44:51] TERRAIN: Creating chunk: (8.0, 8.0) at distance 12.04
[13:44:51] TERRAIN: Chunk (8.0, 8.0): TRIMESH collision created successfully (distance: 12.04, vertices: 8)
[13:44:51] TERRAIN: Chunk created successfully: (8.0, 8.0) at world pos (256.0, 0.0, 256.0) (total chunks: 403)
[13:44:51] TERRAIN: Creating chunk: (-8.0, 8.0) at distance 12.04
[13:44:51] TERRAIN: Chunk (-8.0, 8.0): TRIMESH collision created successfully (distance: 12.04, vertices: 8)
[13:44:51] TERRAIN: Chunk created successfully: (-8.0, 8.0) at world pos (-256.0, 0.0, 256.0) (total chunks: 404)
[13:44:51] TERRAIN: Creating chunk: (-8.0, -8.0) at distance 10.63
[13:44:51] TERRAIN: Chunk (-8.0, -8.0): TRIMESH collision created successfully (distance: 10.63, vertices: 8)
[13:44:51] TERRAIN: Chunk created successfully: (-8.0, -8.0) at world pos (-256.0, 0.0, -256.0) (total chunks: 405)
[13:44:51] TERRAIN: Creating chunk: (7.0, -9.0) at distance 10.63
[13:44:51] TERRAIN: Chunk (7.0, -9.0): TRIMESH collision created successfully (distance: 10.63, vertices: 8)
[13:44:51] TERRAIN: Chunk created successfully: (7.0, -9.0) at world pos (224.0, 0.0, -288.0) (total chunks: 406)
[13:44:51] TERRAIN: Creating chunk: (-7.0, 9.0) at distance 12.21
[13:44:51] TERRAIN: Chunk (-7.0, 9.0): TRIMESH collision created successfully (distance: 12.21, vertices: 8)
[13:44:51] TERRAIN: Chunk created successfully: (-7.0, 9.0) at world pos (-224.0, 0.0, 288.0) (total chunks: 407)
[13:44:51] TERRAIN: Creating chunk: (9.0, -7.0) at distance 10.82
[13:44:51] TERRAIN: Chunk (9.0, -7.0): TRIMESH collision created successfully (distance: 10.82, vertices: 8)
[13:44:51] TERRAIN: Chunk created successfully: (9.0, -7.0) at world pos (288.0, 0.0, -224.0) (total chunks: 408)
[13:44:51] TERRAIN: Creating chunk: (-7.0, -9.0) at distance 10.63
[13:44:51] TERRAIN: Chunk (-7.0, -9.0): TRIMESH collision created successfully (distance: 10.63, vertices: 8)
[13:44:51] TERRAIN: Chunk created successfully: (-7.0, -9.0) at world pos (-224.0, 0.0, -288.0) (total chunks: 409)
[13:44:51] TERRAIN: Creating chunk: (3.0, 11.0) at distance 12.37
[13:44:51] TERRAIN: Chunk (3.0, 11.0): TRIMESH collision created successfully (distance: 12.37, vertices: 8)
[13:44:51] TERRAIN: Chunk created successfully: (3.0, 11.0) at world pos (96.0, 0.0, 352.0) (total chunks: 410)
[13:44:51] TERRAIN: Creating chunk: (9.0, 7.0) at distance 12.04
[13:44:51] TERRAIN: Chunk (9.0, 7.0): TRIMESH collision created successfully (distance: 12.04, vertices: 8)
[13:44:51] TERRAIN: Chunk created successfully: (9.0, 7.0) at world pos (288.0, 0.0, 224.0) (total chunks: 411)
[13:44:51] TERRAIN: Creating chunk: (11.0, 3.0) at distance 11.70
[13:44:51] TERRAIN: Chunk (11.0, 3.0): TRIMESH collision created successfully (distance: 11.70, vertices: 8)
[13:44:51] TERRAIN: Chunk created successfully: (11.0, 3.0) at world pos (352.0, 0.0, 96.0) (total chunks: 412)
[13:44:51] TERRAIN: Creating chunk: (3.0, -11.0) at distance 10.44
[13:44:51] TERRAIN: Chunk (3.0, -11.0): TRIMESH collision created successfully (distance: 10.44, vertices: 8)
[13:44:51] TERRAIN: Chunk created successfully: (3.0, -11.0) at world pos (96.0, 0.0, -352.0) (total chunks: 413)
[13:44:51] TERRAIN: Creating chunk: (-3.0, 11.0) at distance 12.37
[13:44:51] TERRAIN: Chunk (-3.0, 11.0): TRIMESH collision created successfully (distance: 12.37, vertices: 8)
[13:44:51] TERRAIN: Chunk created successfully: (-3.0, 11.0) at world pos (-96.0, 0.0, 352.0) (total chunks: 414)
[13:44:51] TERRAIN: Creating chunk: (-9.0, 7.0) at distance 12.04
[13:44:51] TERRAIN: Chunk (-9.0, 7.0): TRIMESH collision created successfully (distance: 12.04, vertices: 8)
[13:44:51] TERRAIN: Chunk created successfully: (-9.0, 7.0) at world pos (-288.0, 0.0, 224.0) (total chunks: 415)
[13:44:51] TERRAIN: Creating chunk: (-11.0, -3.0) at distance 11.18
[13:44:51] TERRAIN: Chunk (-11.0, -3.0): TRIMESH collision created successfully (distance: 11.18, vertices: 8)
[13:44:51] TERRAIN: Chunk created successfully: (-11.0, -3.0) at world pos (-352.0, 0.0, -96.0) (total chunks: 416)
[13:44:51] TERRAIN: Creating chunk: (-11.0, 3.0) at distance 11.70
[13:44:51] TERRAIN: Chunk (-11.0, 3.0): TRIMESH collision created successfully (distance: 11.70, vertices: 8)
[13:44:51] TERRAIN: Chunk created successfully: (-11.0, 3.0) at world pos (-352.0, 0.0, 96.0) (total chunks: 417)
[13:44:51] TERRAIN: Creating chunk: (11.0, -3.0) at distance 11.18
[13:44:51] TERRAIN: Chunk (11.0, -3.0): TRIMESH collision created successfully (distance: 11.18, vertices: 8)
[13:44:51] TERRAIN: Chunk created successfully: (11.0, -3.0) at world pos (352.0, 0.0, -96.0) (total chunks: 418)
[13:44:51] TERRAIN: Creating chunk: (-9.0, -7.0) at distance 10.82
[13:44:51] TERRAIN: Chunk (-9.0, -7.0): TRIMESH collision created successfully (distance: 10.82, vertices: 8)
[13:44:51] TERRAIN: Chunk created successfully: (-9.0, -7.0) at world pos (-288.0, 0.0, -224.0) (total chunks: 419)
[13:44:51] TERRAIN: Creating chunk: (7.0, 9.0) at distance 12.21
[13:44:51] TERRAIN: Chunk (7.0, 9.0): TRIMESH collision created successfully (distance: 12.21, vertices: 8)
[13:44:51] TERRAIN: Chunk created successfully: (7.0, 9.0) at world pos (224.0, 0.0, 288.0) (total chunks: 420)
[13:44:51] TERRAIN: Creating chunk: (-3.0, -11.0) at distance 10.44
[13:44:51] TERRAIN: Chunk (-3.0, -11.0): TRIMESH collision created successfully (distance: 10.44, vertices: 8)
[13:44:51] TERRAIN: Chunk created successfully: (-3.0, -11.0) at world pos (-96.0, 0.0, -352.0) (total chunks: 421)
[13:44:51] TERRAIN: Creating chunk: (6.0, -10.0) at distance 10.82
[13:44:51] TERRAIN: Chunk (6.0, -10.0): TRIMESH collision created successfully (distance: 10.82, vertices: 8)
[13:44:51] TERRAIN: Chunk created successfully: (6.0, -10.0) at world pos (192.0, 0.0, -320.0) (total chunks: 422)
[13:44:51] TERRAIN: Creating chunk: (-6.0, -10.0) at distance 10.82
[13:44:51] TERRAIN: Chunk (-6.0, -10.0): TRIMESH collision created successfully (distance: 10.82, vertices: 8)
[13:44:51] TERRAIN: Chunk created successfully: (-6.0, -10.0) at world pos (-192.0, 0.0, -320.0) (total chunks: 423)
[13:44:51] TERRAIN: Creating chunk: (-10.0, -6.0) at distance 11.18
[13:44:51] TERRAIN: Chunk (-10.0, -6.0): TRIMESH collision created successfully (distance: 11.18, vertices: 8)
[13:44:51] TERRAIN: Chunk created successfully: (-10.0, -6.0) at world pos (-320.0, 0.0, -192.0) (total chunks: 424)
[13:44:51] TERRAIN: Creating chunk: (-10.0, 6.0) at distance 12.21
[13:44:51] TERRAIN: Chunk (-10.0, 6.0): TRIMESH collision created successfully (distance: 12.21, vertices: 8)
[13:44:51] TERRAIN: Chunk created successfully: (-10.0, 6.0) at world pos (-320.0, 0.0, 192.0) (total chunks: 425)
[13:44:51] TERRAIN: Creating chunk: (6.0, 10.0) at distance 12.53
[13:44:51] TERRAIN: Chunk (6.0, 10.0): TRIMESH collision created successfully (distance: 12.53, vertices: 8)
[13:44:51] TERRAIN: Chunk created successfully: (6.0, 10.0) at world pos (192.0, 0.0, 320.0) (total chunks: 426)
[13:44:51] TERRAIN: Creating chunk: (-6.0, 10.0) at distance 12.53
[13:44:51] TERRAIN: Chunk (-6.0, 10.0): TRIMESH collision created successfully (distance: 12.53, vertices: 8)
[13:44:51] TERRAIN: Chunk created successfully: (-6.0, 10.0) at world pos (-192.0, 0.0, 320.0) (total chunks: 427)
[13:44:51] TERRAIN: Creating chunk: (10.0, 6.0) at distance 12.21
[13:44:51] TERRAIN: Chunk (10.0, 6.0): TRIMESH collision created successfully (distance: 12.21, vertices: 8)
[13:44:51] TERRAIN: Chunk created successfully: (10.0, 6.0) at world pos (320.0, 0.0, 192.0) (total chunks: 428)
[13:44:51] TERRAIN: Creating chunk: (10.0, -6.0) at distance 11.18
[13:44:51] TERRAIN: Chunk (10.0, -6.0): TRIMESH collision created successfully (distance: 11.18, vertices: 8)
[13:44:51] TERRAIN: Chunk created successfully: (10.0, -6.0) at world pos (320.0, 0.0, -192.0) (total chunks: 429)
[13:44:51] TERRAIN: Creating chunk: (11.0, 4.0) at distance 12.08
[13:44:51] TERRAIN: Chunk (11.0, 4.0): TRIMESH collision created successfully (distance: 12.08, vertices: 8)
[13:44:51] TERRAIN: Chunk created successfully: (11.0, 4.0) at world pos (352.0, 0.0, 128.0) (total chunks: 430)
[13:44:51] TERRAIN: Creating chunk: (11.0, -4.0) at distance 11.40
[13:44:51] TERRAIN: Chunk (11.0, -4.0): TRIMESH collision created successfully (distance: 11.40, vertices: 8)
[13:44:51] TERRAIN: Chunk created successfully: (11.0, -4.0) at world pos (352.0, 0.0, -128.0) (total chunks: 431)
[13:44:51] TERRAIN: Creating chunk: (-4.0, -11.0) at distance 10.77
[13:44:51] TERRAIN: Chunk (-4.0, -11.0): TRIMESH collision created successfully (distance: 10.77, vertices: 8)
[13:44:51] TERRAIN: Chunk created successfully: (-4.0, -11.0) at world pos (-128.0, 0.0, -352.0) (total chunks: 432)
[13:44:51] TERRAIN: Creating chunk: (4.0, -11.0) at distance 10.77
[13:44:51] TERRAIN: Chunk (4.0, -11.0): TRIMESH collision created successfully (distance: 10.77, vertices: 8)
[13:44:51] TERRAIN: Chunk created successfully: (4.0, -11.0) at world pos (128.0, 0.0, -352.0) (total chunks: 433)
[13:44:51] TERRAIN: Creating chunk: (-4.0, 11.0) at distance 12.65
[13:44:51] TERRAIN: Chunk (-4.0, 11.0): TRIMESH collision created successfully (distance: 12.65, vertices: 8)
[13:44:51] TERRAIN: Chunk created successfully: (-4.0, 11.0) at world pos (-128.0, 0.0, 352.0) (total chunks: 434)
[13:44:51] TERRAIN: Creating chunk: (4.0, 11.0) at distance 12.65
[13:44:51] TERRAIN: Chunk (4.0, 11.0): TRIMESH collision created successfully (distance: 12.65, vertices: 8)
[13:44:51] TERRAIN: Chunk created successfully: (4.0, 11.0) at world pos (128.0, 0.0, 352.0) (total chunks: 435)
[13:44:51] TERRAIN: Creating chunk: (-11.0, 4.0) at distance 12.08
[13:44:51] TERRAIN: Chunk (-11.0, 4.0): TRIMESH collision created successfully (distance: 12.08, vertices: 8)
[13:44:51] TERRAIN: Chunk created successfully: (-11.0, 4.0) at world pos (-352.0, 0.0, 128.0) (total chunks: 436)
[13:44:51] TERRAIN: Creating chunk: (-11.0, -4.0) at distance 11.40
[13:44:51] TERRAIN: Chunk (-11.0, -4.0): TRIMESH collision created successfully (distance: 11.40, vertices: 8)
[13:44:51] TERRAIN: Chunk created successfully: (-11.0, -4.0) at world pos (-352.0, 0.0, -128.0) (total chunks: 437)
[13:44:51] TERRAIN: Creating chunk: (12.0, 0.0) at distance 12.04
[13:44:51] TERRAIN: Chunk (12.0, 0.0): TRIMESH collision created successfully (distance: 12.04, vertices: 8)
[13:44:51] TERRAIN: Chunk created successfully: (12.0, 0.0) at world pos (384.0, 0.0, 0.0) (total chunks: 438)
[13:44:51] TERRAIN: Creating chunk: (0.0, -12.0) at distance 11.00
[13:44:51] TERRAIN: Chunk (0.0, -12.0): TRIMESH collision created successfully (distance: 11.00, vertices: 8)
[13:44:51] TERRAIN: Chunk created successfully: (0.0, -12.0) at world pos (0.0, 0.0, -384.0) (total chunks: 439)
[13:44:51] TERRAIN: Creating chunk: (-12.0, 0.0) at distance 12.04
[13:44:51] TERRAIN: Chunk (-12.0, 0.0): TRIMESH collision created successfully (distance: 12.04, vertices: 8)
[13:44:51] TERRAIN: Chunk created successfully: (-12.0, 0.0) at world pos (-384.0, 0.0, 0.0) (total chunks: 440)
[13:44:51] TERRAIN: Creating chunk: (0.0, 12.0) at distance 13.00
[13:44:51] TERRAIN: Chunk (0.0, 12.0): TRIMESH collision created successfully (distance: 13.00, vertices: 8)
[13:44:51] TERRAIN: Chunk created successfully: (0.0, 12.0) at world pos (0.0, 0.0, 384.0) (total chunks: 441)
[13:44:51] TERRAIN: Creating chunk: (8.0, -9.0) at distance 11.31
[13:44:51] TERRAIN: Chunk (8.0, -9.0): TRIMESH collision created successfully (distance: 11.31, vertices: 8)
[13:44:51] TERRAIN: Chunk created successfully: (8.0, -9.0) at world pos (256.0, 0.0, -288.0) (total chunks: 442)
[13:44:51] TERRAIN: Creating chunk: (8.0, 9.0) at distance 12.81
[13:44:51] TERRAIN: Chunk (8.0, 9.0): TRIMESH collision created successfully (distance: 12.81, vertices: 8)
[13:44:51] TERRAIN: Chunk created successfully: (8.0, 9.0) at world pos (256.0, 0.0, 288.0) (total chunks: 443)
[13:44:51] TERRAIN: Creating chunk: (-8.0, 9.0) at distance 12.81
[13:44:51] TERRAIN: Chunk (-8.0, 9.0): TRIMESH collision created successfully (distance: 12.81, vertices: 8)
[13:44:51] TERRAIN: Chunk created successfully: (-8.0, 9.0) at world pos (-256.0, 0.0, 288.0) (total chunks: 444)
[13:44:51] TERRAIN: Creating chunk: (9.0, -8.0) at distance 11.40
[13:44:51] TERRAIN: Chunk (9.0, -8.0): TRIMESH collision created successfully (distance: 11.40, vertices: 8)
[13:44:51] TERRAIN: Chunk created successfully: (9.0, -8.0) at world pos (288.0, 0.0, -256.0) (total chunks: 445)
[13:44:51] TERRAIN: Creating chunk: (12.0, 1.0) at distance 12.17
[13:44:51] TERRAIN: Chunk (12.0, 1.0): TRIMESH collision created successfully (distance: 12.17, vertices: 8)
[13:44:51] TERRAIN: Chunk created successfully: (12.0, 1.0) at world pos (384.0, 0.0, 32.0) (total chunks: 446)
[13:44:51] TERRAIN: Creating chunk: (-1.0, 12.0) at distance 13.04
[13:44:51] TERRAIN: Chunk (-1.0, 12.0): TRIMESH collision created successfully (distance: 13.04, vertices: 8)
[13:44:51] TERRAIN: Chunk created successfully: (-1.0, 12.0) at world pos (-32.0, 0.0, 384.0) (total chunks: 447)
[13:44:51] TERRAIN: Creating chunk: (1.0, 12.0) at distance 13.04
[13:44:51] TERRAIN: Chunk (1.0, 12.0): TRIMESH collision created successfully (distance: 13.04, vertices: 8)
[13:44:51] TERRAIN: Chunk created successfully: (1.0, 12.0) at world pos (32.0, 0.0, 384.0) (total chunks: 448)
[13:44:51] TERRAIN: Creating chunk: (-9.0, 8.0) at distance 12.73
[13:44:51] TERRAIN: Chunk (-9.0, 8.0): TRIMESH collision created successfully (distance: 12.73, vertices: 8)
[13:44:51] TERRAIN: Chunk created successfully: (-9.0, 8.0) at world pos (-288.0, 0.0, 256.0) (total chunks: 449)
[13:44:51] TERRAIN: Creating chunk: (1.0, -12.0) at distance 11.05
[13:44:51] TERRAIN: Chunk (1.0, -12.0): TRIMESH collision created successfully (distance: 11.05, vertices: 8)
[13:44:51] TERRAIN: Chunk created successfully: (1.0, -12.0) at world pos (32.0, 0.0, -384.0) (total chunks: 450)
[13:44:51] TERRAIN: Creating chunk: (-8.0, -9.0) at distance 11.31
[13:44:51] TERRAIN: Chunk (-8.0, -9.0): TRIMESH collision created successfully (distance: 11.31, vertices: 8)
[13:44:51] TERRAIN: Chunk created successfully: (-8.0, -9.0) at world pos (-256.0, 0.0, -288.0) (total chunks: 451)
[13:44:51] TERRAIN: Creating chunk: (12.0, -1.0) at distance 12.00
[13:44:51] TERRAIN: Chunk (12.0, -1.0): TRIMESH collision created successfully (distance: 12.00, vertices: 8)
[13:44:51] TERRAIN: Chunk created successfully: (12.0, -1.0) at world pos (384.0, 0.0, -32.0) (total chunks: 452)
[13:44:51] TERRAIN: Creating chunk: (-12.0, 1.0) at distance 12.17
[13:44:51] TERRAIN: Chunk (-12.0, 1.0): TRIMESH collision created successfully (distance: 12.17, vertices: 8)
[13:44:51] TERRAIN: Chunk created successfully: (-12.0, 1.0) at world pos (-384.0, 0.0, 32.0) (total chunks: 453)
[13:44:51] TERRAIN: Creating chunk: (-9.0, -8.0) at distance 11.40
[13:44:51] TERRAIN: Chunk (-9.0, -8.0): TRIMESH collision created successfully (distance: 11.40, vertices: 8)
[13:44:51] TERRAIN: Chunk created successfully: (-9.0, -8.0) at world pos (-288.0, 0.0, -256.0) (total chunks: 454)
[13:44:51] TERRAIN: Creating chunk: (-12.0, -1.0) at distance 12.00
[13:44:51] TERRAIN: Chunk (-12.0, -1.0): TRIMESH collision created successfully (distance: 12.00, vertices: 8)
[13:44:51] TERRAIN: Chunk created successfully: (-12.0, -1.0) at world pos (-384.0, 0.0, -32.0) (total chunks: 455)
[13:44:51] TERRAIN: Creating chunk: (9.0, 8.0) at distance 12.73
[13:44:51] TERRAIN: Chunk (9.0, 8.0): TRIMESH collision created successfully (distance: 12.73, vertices: 8)
[13:44:51] TERRAIN: Chunk created successfully: (9.0, 8.0) at world pos (288.0, 0.0, 256.0) (total chunks: 456)
[13:44:51] TERRAIN: Creating chunk: (-1.0, -12.0) at distance 11.05
[13:44:51] TERRAIN: Chunk (-1.0, -12.0): TRIMESH collision created successfully (distance: 11.05, vertices: 8)
[13:44:51] TERRAIN: Chunk created successfully: (-1.0, -12.0) at world pos (-32.0, 0.0, -384.0) (total chunks: 457)
[13:44:51] TERRAIN: Creating chunk: (5.0, -11.0) at distance 11.18
[13:44:51] TERRAIN: Chunk (5.0, -11.0): TRIMESH collision created successfully (distance: 11.18, vertices: 8)
[13:44:51] TERRAIN: Chunk created successfully: (5.0, -11.0) at world pos (160.0, 0.0, -352.0) (total chunks: 458)
[13:44:51] TERRAIN: Creating chunk: (-5.0, -11.0) at distance 11.18
[13:44:51] TERRAIN: Chunk (-5.0, -11.0): TRIMESH collision created successfully (distance: 11.18, vertices: 8)
[13:44:51] TERRAIN: Chunk created successfully: (-5.0, -11.0) at world pos (-160.0, 0.0, -352.0) (total chunks: 459)
[13:44:51] TERRAIN: Creating chunk: (-5.0, 11.0) at distance 13.00
[13:44:51] TERRAIN: Chunk (-5.0, 11.0): TRIMESH collision created successfully (distance: 13.00, vertices: 8)
[13:44:51] TERRAIN: Chunk created successfully: (-5.0, 11.0) at world pos (-160.0, 0.0, 352.0) (total chunks: 460)
[13:44:51] TERRAIN: Creating chunk: (11.0, -5.0) at distance 11.70
[13:44:51] TERRAIN: Chunk (11.0, -5.0): TRIMESH collision created successfully (distance: 11.70, vertices: 8)
[13:44:51] TERRAIN: Chunk created successfully: (11.0, -5.0) at world pos (352.0, 0.0, -160.0) (total chunks: 461)
[13:44:51] TERRAIN: Creating chunk: (11.0, 5.0) at distance 12.53
[13:44:51] TERRAIN: Chunk (11.0, 5.0): TRIMESH collision created successfully (distance: 12.53, vertices: 8)
[13:44:51] TERRAIN: Chunk created successfully: (11.0, 5.0) at world pos (352.0, 0.0, 160.0) (total chunks: 462)
[13:44:51] TERRAIN: Creating chunk: (5.0, 11.0) at distance 13.00
[13:44:51] TERRAIN: Chunk (5.0, 11.0): TRIMESH collision created successfully (distance: 13.00, vertices: 8)
[13:44:51] TERRAIN: Chunk created successfully: (5.0, 11.0) at world pos (160.0, 0.0, 352.0) (total chunks: 463)
[13:44:51] TERRAIN: Creating chunk: (-11.0, -5.0) at distance 11.70
[13:44:51] TERRAIN: Chunk (-11.0, -5.0): TRIMESH collision created successfully (distance: 11.70, vertices: 8)
[13:44:51] TERRAIN: Chunk created successfully: (-11.0, -5.0) at world pos (-352.0, 0.0, -160.0) (total chunks: 464)
[13:44:51] PLAYER: Pos: (1.5543, -0.037717, -10.06869) | Chunk: (0.0, -1.0) | TerrainHeight: -0.04 | HeightDiff: 0.00 | OnFloor: true
[13:44:51] TERRAIN: Creating chunk: (-11.0, 5.0) at distance 12.53
[13:44:51] TERRAIN: Chunk (-11.0, 5.0): TRIMESH collision created successfully (distance: 12.53, vertices: 8)
[13:44:51] TERRAIN: Chunk created successfully: (-11.0, 5.0) at world pos (-352.0, 0.0, 160.0) (total chunks: 465)
[13:44:51] TERRAIN: Creating chunk: (12.0, 2.0) at distance 12.37
[13:44:51] TERRAIN: Chunk (12.0, 2.0): TRIMESH collision created successfully (distance: 12.37, vertices: 8)
[13:44:51] TERRAIN: Chunk created successfully: (12.0, 2.0) at world pos (384.0, 0.0, 64.0) (total chunks: 466)
[13:44:51] TERRAIN: Creating chunk: (2.0, 12.0) at distance 13.15
[13:44:51] TERRAIN: Chunk (2.0, 12.0): TRIMESH collision created successfully (distance: 13.15, vertices: 8)
[13:44:51] TERRAIN: Chunk created successfully: (2.0, 12.0) at world pos (64.0, 0.0, 384.0) (total chunks: 467)
[13:44:51] TERRAIN: Creating chunk: (-2.0, 12.0) at distance 13.15
[13:44:51] TERRAIN: Chunk (-2.0, 12.0): TRIMESH collision created successfully (distance: 13.15, vertices: 8)
[13:44:51] TERRAIN: Chunk created successfully: (-2.0, 12.0) at world pos (-64.0, 0.0, 384.0) (total chunks: 468)
[13:44:51] TERRAIN: Creating chunk: (-12.0, 2.0) at distance 12.37
[13:44:51] TERRAIN: Chunk (-12.0, 2.0): TRIMESH collision created successfully (distance: 12.37, vertices: 8)
[13:44:51] TERRAIN: Chunk created successfully: (-12.0, 2.0) at world pos (-384.0, 0.0, 64.0) (total chunks: 469)
[13:44:51] TERRAIN: Creating chunk: (-12.0, -2.0) at distance 12.04
[13:44:51] TERRAIN: Chunk (-12.0, -2.0): TRIMESH collision created successfully (distance: 12.04, vertices: 8)
[13:44:51] TERRAIN: Chunk created successfully: (-12.0, -2.0) at world pos (-384.0, 0.0, -64.0) (total chunks: 470)
[13:44:51] TERRAIN: Creating chunk: (12.0, -2.0) at distance 12.04
[13:44:51] TERRAIN: Chunk (12.0, -2.0): TRIMESH collision created successfully (distance: 12.04, vertices: 8)
[13:44:51] TERRAIN: Chunk created successfully: (12.0, -2.0) at world pos (384.0, 0.0, -64.0) (total chunks: 471)
[13:44:51] TERRAIN: Creating chunk: (2.0, -12.0) at distance 11.18
[13:44:51] TERRAIN: Chunk (2.0, -12.0): TRIMESH collision created successfully (distance: 11.18, vertices: 8)
[13:44:51] TERRAIN: Chunk created successfully: (2.0, -12.0) at world pos (64.0, 0.0, -384.0) (total chunks: 472)
[13:44:51] TERRAIN: Creating chunk: (-2.0, -12.0) at distance 11.18
[13:44:51] TERRAIN: Chunk (-2.0, -12.0): TRIMESH collision created successfully (distance: 11.18, vertices: 8)
[13:44:51] TERRAIN: Chunk created successfully: (-2.0, -12.0) at world pos (-64.0, 0.0, -384.0) (total chunks: 473)
[13:44:51] TERRAIN: Creating chunk: (10.0, -7.0) at distance 11.66
[13:44:51] TERRAIN: Chunk (10.0, -7.0): TRIMESH collision created successfully (distance: 11.66, vertices: 8)
[13:44:51] TERRAIN: Chunk created successfully: (10.0, -7.0) at world pos (320.0, 0.0, -224.0) (total chunks: 474)
[13:44:51] TERRAIN: Creating chunk: (7.0, 10.0) at distance 13.04
[13:44:51] TERRAIN: Chunk (7.0, 10.0): TRIMESH collision created successfully (distance: 13.04, vertices: 8)
[13:44:51] TERRAIN: Chunk created successfully: (7.0, 10.0) at world pos (224.0, 0.0, 320.0) (total chunks: 475)
[13:44:51] TERRAIN: Creating chunk: (10.0, 7.0) at distance 12.81
[13:44:51] TERRAIN: Chunk (10.0, 7.0): TRIMESH collision created successfully (distance: 12.81, vertices: 8)
[13:44:51] TERRAIN: Chunk created successfully: (10.0, 7.0) at world pos (320.0, 0.0, 224.0) (total chunks: 476)
[13:44:51] TERRAIN: Creating chunk: (7.0, -10.0) at distance 11.40
[13:44:51] TERRAIN: Chunk (7.0, -10.0): TRIMESH collision created successfully (distance: 11.40, vertices: 8)
[13:44:51] TERRAIN: Chunk created successfully: (7.0, -10.0) at world pos (224.0, 0.0, -320.0) (total chunks: 477)
[13:44:51] TERRAIN: Creating chunk: (-7.0, -10.0) at distance 11.40
[13:44:51] TERRAIN: Chunk (-7.0, -10.0): TRIMESH collision created successfully (distance: 11.40, vertices: 8)
[13:44:51] TERRAIN: Chunk created successfully: (-7.0, -10.0) at world pos (-224.0, 0.0, -320.0) (total chunks: 478)
[13:44:51] TERRAIN: Creating chunk: (-7.0, 10.0) at distance 13.04
[13:44:51] TERRAIN: Chunk (-7.0, 10.0): TRIMESH collision created successfully (distance: 13.04, vertices: 8)
[13:44:51] TERRAIN: Chunk created successfully: (-7.0, 10.0) at world pos (-224.0, 0.0, 320.0) (total chunks: 479)
[13:44:51] TERRAIN: Creating chunk: (-10.0, 7.0) at distance 12.81
[13:44:51] TERRAIN: Chunk (-10.0, 7.0): TRIMESH collision created successfully (distance: 12.81, vertices: 8)
[13:44:51] TERRAIN: Chunk created successfully: (-10.0, 7.0) at world pos (-320.0, 0.0, 224.0) (total chunks: 480)
[13:44:51] TERRAIN: Creating chunk: (-10.0, -7.0) at distance 11.66
[13:44:51] TERRAIN: Chunk (-10.0, -7.0): TRIMESH collision created successfully (distance: 11.66, vertices: 8)
[13:44:51] TERRAIN: Chunk created successfully: (-10.0, -7.0) at world pos (-320.0, 0.0, -224.0) (total chunks: 481)
[13:44:51] TERRAIN: Creating chunk: (12.0, -3.0) at distance 12.17
[13:44:51] TERRAIN: Chunk (12.0, -3.0): TRIMESH collision created successfully (distance: 12.17, vertices: 8)
[13:44:51] TERRAIN: Chunk created successfully: (12.0, -3.0) at world pos (384.0, 0.0, -96.0) (total chunks: 482)
[13:44:51] TERRAIN: Creating chunk: (-3.0, 12.0) at distance 13.34
[13:44:51] TERRAIN: Chunk (-3.0, 12.0): TRIMESH collision created successfully (distance: 13.34, vertices: 8)
[13:44:51] TERRAIN: Chunk created successfully: (-3.0, 12.0) at world pos (-96.0, 0.0, 384.0) (total chunks: 483)
[13:44:51] TERRAIN: Creating chunk: (12.0, 3.0) at distance 12.65
[13:44:51] TERRAIN: Chunk (12.0, 3.0): TRIMESH collision created successfully (distance: 12.65, vertices: 8)
[13:44:51] TERRAIN: Chunk created successfully: (12.0, 3.0) at world pos (384.0, 0.0, 96.0) (total chunks: 484)
[13:44:51] TERRAIN: Creating chunk: (-3.0, -12.0) at distance 11.40
[13:44:51] TERRAIN: Chunk (-3.0, -12.0): TRIMESH collision created successfully (distance: 11.40, vertices: 8)
[13:44:51] TERRAIN: Chunk created successfully: (-3.0, -12.0) at world pos (-96.0, 0.0, -384.0) (total chunks: 485)
[13:44:51] TERRAIN: Creating chunk: (-12.0, 3.0) at distance 12.65
[13:44:51] TERRAIN: Chunk (-12.0, 3.0): TRIMESH collision created successfully (distance: 12.65, vertices: 8)
[13:44:51] TERRAIN: Chunk created successfully: (-12.0, 3.0) at world pos (-384.0, 0.0, 96.0) (total chunks: 486)
[13:44:51] TERRAIN: Creating chunk: (3.0, -12.0) at distance 11.40
[13:44:51] TERRAIN: Chunk (3.0, -12.0): TRIMESH collision created successfully (distance: 11.40, vertices: 8)
[13:44:51] TERRAIN: Chunk created successfully: (3.0, -12.0) at world pos (96.0, 0.0, -384.0) (total chunks: 487)
[13:44:51] TERRAIN: Creating chunk: (3.0, 12.0) at distance 13.34
[13:44:51] TERRAIN: Chunk (3.0, 12.0): TRIMESH collision created successfully (distance: 13.34, vertices: 8)
[13:44:51] TERRAIN: Chunk created successfully: (3.0, 12.0) at world pos (96.0, 0.0, 384.0) (total chunks: 488)
[13:44:51] TERRAIN: Creating chunk: (-12.0, -3.0) at distance 12.17
[13:44:51] TERRAIN: Chunk (-12.0, -3.0): TRIMESH collision created successfully (distance: 12.17, vertices: 8)
[13:44:51] TERRAIN: Chunk created successfully: (-12.0, -3.0) at world pos (-384.0, 0.0, -96.0) (total chunks: 489)
[13:44:51] TERRAIN: Creating chunk: (-11.0, 6.0) at distance 13.04
[13:44:51] TERRAIN: Chunk (-11.0, 6.0): TRIMESH collision created successfully (distance: 13.04, vertices: 8)
[13:44:51] TERRAIN: Chunk created successfully: (-11.0, 6.0) at world pos (-352.0, 0.0, 192.0) (total chunks: 490)
[13:44:51] TERRAIN: Creating chunk: (-6.0, -11.0) at distance 11.66
[13:44:51] TERRAIN: Chunk (-6.0, -11.0): TRIMESH collision created successfully (distance: 11.66, vertices: 8)
[13:44:51] TERRAIN: Chunk created successfully: (-6.0, -11.0) at world pos (-192.0, 0.0, -352.0) (total chunks: 491)
[13:44:51] TERRAIN: Creating chunk: (-11.0, -6.0) at distance 12.08
[13:44:51] TERRAIN: Chunk (-11.0, -6.0): TRIMESH collision created successfully (distance: 12.08, vertices: 8)
[13:44:51] TERRAIN: Chunk created successfully: (-11.0, -6.0) at world pos (-352.0, 0.0, -192.0) (total chunks: 492)
[13:44:51] TERRAIN: Creating chunk: (-6.0, 11.0) at distance 13.42
[13:44:51] TERRAIN: Chunk (-6.0, 11.0): TRIMESH collision created successfully (distance: 13.42, vertices: 8)
[13:44:51] TERRAIN: Chunk created successfully: (-6.0, 11.0) at world pos (-192.0, 0.0, 352.0) (total chunks: 493)
[13:44:51] TERRAIN: Creating chunk: (6.0, -11.0) at distance 11.66
[13:44:51] TERRAIN: Chunk (6.0, -11.0): TRIMESH collision created successfully (distance: 11.66, vertices: 8)
[13:44:51] TERRAIN: Chunk created successfully: (6.0, -11.0) at world pos (192.0, 0.0, -352.0) (total chunks: 494)
[13:44:51] TERRAIN: Creating chunk: (6.0, 11.0) at distance 13.42
[13:44:51] TERRAIN: Chunk (6.0, 11.0): TRIMESH collision created successfully (distance: 13.42, vertices: 8)
[13:44:51] TERRAIN: Chunk created successfully: (6.0, 11.0) at world pos (192.0, 0.0, 352.0) (total chunks: 495)
[13:44:51] TERRAIN: Creating chunk: (11.0, 6.0) at distance 13.04
[13:44:51] TERRAIN: Chunk (11.0, 6.0): TRIMESH collision created successfully (distance: 13.04, vertices: 8)
[13:44:51] TERRAIN: Chunk created successfully: (11.0, 6.0) at world pos (352.0, 0.0, 192.0) (total chunks: 496)
[13:44:51] TERRAIN: Creating chunk: (11.0, -6.0) at distance 12.08
[13:44:51] TERRAIN: Chunk (11.0, -6.0): TRIMESH collision created successfully (distance: 12.08, vertices: 8)
[13:44:51] TERRAIN: Chunk created successfully: (11.0, -6.0) at world pos (352.0, 0.0, -192.0) (total chunks: 497)
[13:44:51] TERRAIN: Creating chunk: (12.0, -4.0) at distance 12.37
[13:44:51] TERRAIN: Chunk (12.0, -4.0): TRIMESH collision created successfully (distance: 12.37, vertices: 8)
[13:44:51] TERRAIN: Chunk created successfully: (12.0, -4.0) at world pos (384.0, 0.0, -128.0) (total chunks: 498)
[13:44:51] TERRAIN: Creating chunk: (4.0, 12.0) at distance 13.60
[13:44:51] TERRAIN: Chunk (4.0, 12.0): TRIMESH collision created successfully (distance: 13.60, vertices: 8)
[13:44:51] TERRAIN: Chunk created successfully: (4.0, 12.0) at world pos (128.0, 0.0, 384.0) (total chunks: 499)
[13:44:51] TERRAIN: Creating chunk: (-12.0, 4.0) at distance 13.00
[13:44:51] TERRAIN: Chunk (-12.0, 4.0): TRIMESH collision created successfully (distance: 13.00, vertices: 8)
[13:44:51] TERRAIN: Chunk created successfully: (-12.0, 4.0) at world pos (-384.0, 0.0, 128.0) (total chunks: 500)
[13:44:51] TERRAIN: Creating chunk: (-4.0, 12.0) at distance 13.60
[13:44:51] TERRAIN: Chunk (-4.0, 12.0): TRIMESH collision created successfully (distance: 13.60, vertices: 8)
[13:44:51] TERRAIN: Chunk created successfully: (-4.0, 12.0) at world pos (-128.0, 0.0, 384.0) (total chunks: 501)
[13:44:51] TERRAIN: Creating chunk: (4.0, -12.0) at distance 11.70
[13:44:51] TERRAIN: Chunk (4.0, -12.0): TRIMESH collision created successfully (distance: 11.70, vertices: 8)
[13:44:51] TERRAIN: Chunk created successfully: (4.0, -12.0) at world pos (128.0, 0.0, -384.0) (total chunks: 502)
[13:44:51] TERRAIN: Creating chunk: (-4.0, -12.0) at distance 11.70
[13:44:51] TERRAIN: Chunk (-4.0, -12.0): TRIMESH collision created successfully (distance: 11.70, vertices: 8)
[13:44:51] TERRAIN: Chunk created successfully: (-4.0, -12.0) at world pos (-128.0, 0.0, -384.0) (total chunks: 503)
[13:44:51] TERRAIN: Creating chunk: (-12.0, -4.0) at distance 12.37
[13:44:51] TERRAIN: Chunk (-12.0, -4.0): TRIMESH collision created successfully (distance: 12.37, vertices: 8)
[13:44:51] TERRAIN: Chunk created successfully: (-12.0, -4.0) at world pos (-384.0, 0.0, -128.0) (total chunks: 504)
[13:44:51] TERRAIN: Creating chunk: (12.0, 4.0) at distance 13.00
[13:44:51] TERRAIN: Chunk (12.0, 4.0): TRIMESH collision created successfully (distance: 13.00, vertices: 8)
[13:44:51] TERRAIN: Chunk created successfully: (12.0, 4.0) at world pos (384.0, 0.0, 128.0) (total chunks: 505)
[13:44:51] TERRAIN: Creating chunk: (9.0, -9.0) at distance 12.04
[13:44:51] TERRAIN: Chunk (9.0, -9.0): TRIMESH collision created successfully (distance: 12.04, vertices: 8)
[13:44:51] TERRAIN: Chunk created successfully: (9.0, -9.0) at world pos (288.0, 0.0, -288.0) (total chunks: 506)
[13:44:51] TERRAIN: Creating chunk: (9.0, 9.0) at distance 13.45
[13:44:51] TERRAIN: Chunk (9.0, 9.0): TRIMESH collision created successfully (distance: 13.45, vertices: 8)
[13:44:51] TERRAIN: Chunk created successfully: (9.0, 9.0) at world pos (288.0, 0.0, 288.0) (total chunks: 507)
[13:44:51] TERRAIN: Creating chunk: (-9.0, 9.0) at distance 13.45
[13:44:51] TERRAIN: Chunk (-9.0, 9.0): TRIMESH collision created successfully (distance: 13.45, vertices: 8)
[13:44:51] TERRAIN: Chunk created successfully: (-9.0, 9.0) at world pos (-288.0, 0.0, 288.0) (total chunks: 508)
[13:44:51] TERRAIN: Creating chunk: (-9.0, -9.0) at distance 12.04
[13:44:51] TERRAIN: Chunk (-9.0, -9.0): TRIMESH collision created successfully (distance: 12.04, vertices: 8)
[13:44:51] TERRAIN: Chunk created successfully: (-9.0, -9.0) at world pos (-288.0, 0.0, -288.0) (total chunks: 509)
[13:44:51] TERRAIN: Creating chunk: (10.0, -8.0) at distance 12.21
[13:44:51] TERRAIN: Chunk (10.0, -8.0): TRIMESH collision created successfully (distance: 12.21, vertices: 8)
[13:44:51] TERRAIN: Chunk created successfully: (10.0, -8.0) at world pos (320.0, 0.0, -256.0) (total chunks: 510)
[13:44:51] TERRAIN: Creating chunk: (-8.0, 10.0) at distance 13.60
[13:44:51] TERRAIN: Chunk (-8.0, 10.0): TRIMESH collision created successfully (distance: 13.60, vertices: 8)
[13:44:51] TERRAIN: Chunk created successfully: (-8.0, 10.0) at world pos (-256.0, 0.0, 320.0) (total chunks: 511)
[13:44:51] TERRAIN: Creating chunk: (-8.0, -10.0) at distance 12.04
[13:44:51] TERRAIN: Chunk (-8.0, -10.0): TRIMESH collision created successfully (distance: 12.04, vertices: 8)
[13:44:51] TERRAIN: Chunk created successfully: (-8.0, -10.0) at world pos (-256.0, 0.0, -320.0) (total chunks: 512)
[13:44:51] TERRAIN: Creating chunk: (-10.0, 8.0) at distance 13.45
[13:44:51] TERRAIN: Chunk (-10.0, 8.0): TRIMESH collision created successfully (distance: 13.45, vertices: 8)
[13:44:51] TERRAIN: Chunk created successfully: (-10.0, 8.0) at world pos (-320.0, 0.0, 256.0) (total chunks: 513)
[13:44:51] TERRAIN: Creating chunk: (-10.0, -8.0) at distance 12.21
[13:44:51] TERRAIN: Chunk (-10.0, -8.0): TRIMESH collision created successfully (distance: 12.21, vertices: 8)
[13:44:51] TERRAIN: Chunk created successfully: (-10.0, -8.0) at world pos (-320.0, 0.0, -256.0) (total chunks: 514)
[13:44:51] TERRAIN: Creating chunk: (10.0, 8.0) at distance 13.45
[13:44:51] TERRAIN: Chunk (10.0, 8.0): TRIMESH collision created successfully (distance: 13.45, vertices: 8)
[13:44:51] TERRAIN: Chunk created successfully: (10.0, 8.0) at world pos (320.0, 0.0, 256.0) (total chunks: 515)
[13:44:51] TERRAIN: Creating chunk: (8.0, -10.0) at distance 12.04
[13:44:51] TERRAIN: Chunk (8.0, -10.0): TRIMESH collision created successfully (distance: 12.04, vertices: 8)
[13:44:51] TERRAIN: Chunk created successfully: (8.0, -10.0) at world pos (256.0, 0.0, -320.0) (total chunks: 516)
[13:44:51] TERRAIN: Creating chunk: (8.0, 10.0) at distance 13.60
[13:44:51] TERRAIN: Chunk (8.0, 10.0): TRIMESH collision created successfully (distance: 13.60, vertices: 8)
[13:44:51] TERRAIN: Chunk created successfully: (8.0, 10.0) at world pos (256.0, 0.0, 320.0) (total chunks: 517)
[13:44:51] TERRAIN: Creating chunk: (-12.0, 5.0) at distance 13.42
[13:44:51] TERRAIN: Chunk (-12.0, 5.0): TRIMESH collision created successfully (distance: 13.42, vertices: 8)
[13:44:51] TERRAIN: Chunk created successfully: (-12.0, 5.0) at world pos (-384.0, 0.0, 160.0) (total chunks: 518)
[13:44:51] TERRAIN: Creating chunk: (-12.0, -5.0) at distance 12.65
[13:44:51] TERRAIN: Chunk (-12.0, -5.0): TRIMESH collision created successfully (distance: 12.65, vertices: 8)
[13:44:51] TERRAIN: Chunk created successfully: (-12.0, -5.0) at world pos (-384.0, 0.0, -160.0) (total chunks: 519)
[13:44:51] TERRAIN: Creating chunk: (-13.0, 0.0) at distance 13.04
[13:44:51] TERRAIN: Chunk (-13.0, 0.0): TRIMESH collision created successfully (distance: 13.04, vertices: 8)
[13:44:51] TERRAIN: Chunk created successfully: (-13.0, 0.0) at world pos (-416.0, 0.0, 0.0) (total chunks: 520)
[13:44:51] TERRAIN: Creating chunk: (12.0, 5.0) at distance 13.42
[13:44:51] TERRAIN: Chunk (12.0, 5.0): TRIMESH collision created successfully (distance: 13.42, vertices: 8)
[13:44:51] TERRAIN: Chunk created successfully: (12.0, 5.0) at world pos (384.0, 0.0, 160.0) (total chunks: 521)
[13:44:51] TERRAIN: Creating chunk: (13.0, 0.0) at distance 13.04
[13:44:51] TERRAIN: Chunk (13.0, 0.0): TRIMESH collision created successfully (distance: 13.04, vertices: 8)
[13:44:51] TERRAIN: Chunk created successfully: (13.0, 0.0) at world pos (416.0, 0.0, 0.0) (total chunks: 522)
[13:44:51] TERRAIN: Creating chunk: (-5.0, -12.0) at distance 12.08
[13:44:51] TERRAIN: Chunk (-5.0, -12.0): TRIMESH collision created successfully (distance: 12.08, vertices: 8)
[13:44:51] TERRAIN: Chunk created successfully: (-5.0, -12.0) at world pos (-160.0, 0.0, -384.0) (total chunks: 523)
[13:44:51] TERRAIN: Creating chunk: (-5.0, 12.0) at distance 13.93
[13:44:51] TERRAIN: Chunk (-5.0, 12.0): TRIMESH collision created successfully (distance: 13.93, vertices: 8)
[13:44:51] TERRAIN: Chunk created successfully: (-5.0, 12.0) at world pos (-160.0, 0.0, 384.0) (total chunks: 524)
[13:44:51] TERRAIN: Creating chunk: (12.0, -5.0) at distance 12.65
[13:44:51] TERRAIN: Chunk (12.0, -5.0): TRIMESH collision created successfully (distance: 12.65, vertices: 8)
[13:44:51] TERRAIN: Chunk created successfully: (12.0, -5.0) at world pos (384.0, 0.0, -160.0) (total chunks: 525)
[13:44:51] TERRAIN: Creating chunk: (5.0, 12.0) at distance 13.93
[13:44:51] TERRAIN: Chunk (5.0, 12.0): TRIMESH collision created successfully (distance: 13.93, vertices: 8)
[13:44:51] TERRAIN: Chunk created successfully: (5.0, 12.0) at world pos (160.0, 0.0, 384.0) (total chunks: 526)
[13:44:51] TERRAIN: Creating chunk: (0.0, 13.0) at distance 14.00
[13:44:51] TERRAIN: Chunk (0.0, 13.0): TRIMESH collision created successfully (distance: 14.00, vertices: 8)
[13:44:51] TERRAIN: Chunk created successfully: (0.0, 13.0) at world pos (0.0, 0.0, 416.0) (total chunks: 527)
[13:44:51] TERRAIN: Creating chunk: (0.0, -13.0) at distance 12.00
[13:44:51] TERRAIN: Chunk (0.0, -13.0): TRIMESH collision created successfully (distance: 12.00, vertices: 8)
[13:44:51] TERRAIN: Chunk created successfully: (0.0, -13.0) at world pos (0.0, 0.0, -416.0) (total chunks: 528)
[13:44:51] TERRAIN: Creating chunk: (5.0, -12.0) at distance 12.08
[13:44:51] TERRAIN: Chunk (5.0, -12.0): TRIMESH collision created successfully (distance: 12.08, vertices: 8)
[13:44:51] TERRAIN: Chunk created successfully: (5.0, -12.0) at world pos (160.0, 0.0, -384.0) (total chunks: 529)
[13:44:51] TERRAIN: Creating chunk: (-11.0, 7.0) at distance 13.60
[13:44:51] TERRAIN: Chunk (-11.0, 7.0): TRIMESH collision created successfully (distance: 13.60, vertices: 8)
[13:44:51] TERRAIN: Chunk created successfully: (-11.0, 7.0) at world pos (-352.0, 0.0, 224.0) (total chunks: 530)
[13:44:51] TERRAIN: Creating chunk: (-13.0, -1.0) at distance 13.00
[13:44:51] TERRAIN: Chunk (-13.0, -1.0): TRIMESH collision created successfully (distance: 13.00, vertices: 8)
[13:44:51] TERRAIN: Chunk created successfully: (-13.0, -1.0) at world pos (-416.0, 0.0, -32.0) (total chunks: 531)
[13:44:51] TERRAIN: Creating chunk: (-11.0, -7.0) at distance 12.53
[13:44:51] TERRAIN: Chunk (-11.0, -7.0): TRIMESH collision created successfully (distance: 12.53, vertices: 8)
[13:44:51] TERRAIN: Chunk created successfully: (-11.0, -7.0) at world pos (-352.0, 0.0, -224.0) (total chunks: 532)
[13:44:52] TERRAIN: Creating chunk: (7.0, -11.0) at distance 12.21
[13:44:52] TERRAIN: Chunk (7.0, -11.0): TRIMESH collision created successfully (distance: 12.21, vertices: 8)
[13:44:52] TERRAIN: Chunk created successfully: (7.0, -11.0) at world pos (224.0, 0.0, -352.0) (total chunks: 533)
[13:44:52] TERRAIN: Creating chunk: (1.0, 13.0) at distance 14.04
[13:44:52] TERRAIN: Chunk (1.0, 13.0): TRIMESH collision created successfully (distance: 14.04, vertices: 8)
[13:44:52] TERRAIN: Chunk created successfully: (1.0, 13.0) at world pos (32.0, 0.0, 416.0) (total chunks: 534)
[13:44:52] TERRAIN: Creating chunk: (13.0, 1.0) at distance 13.15
[13:44:52] TERRAIN: Chunk (13.0, 1.0): TRIMESH collision created successfully (distance: 13.15, vertices: 8)
[13:44:52] TERRAIN: Chunk created successfully: (13.0, 1.0) at world pos (416.0, 0.0, 32.0) (total chunks: 535)
[13:44:52] TERRAIN: Creating chunk: (1.0, -13.0) at distance 12.04
[13:44:52] TERRAIN: Chunk (1.0, -13.0): TRIMESH collision created successfully (distance: 12.04, vertices: 8)
[13:44:52] TERRAIN: Chunk created successfully: (1.0, -13.0) at world pos (32.0, 0.0, -416.0) (total chunks: 536)
[13:44:52] TERRAIN: Creating chunk: (7.0, 11.0) at distance 13.89
[13:44:52] TERRAIN: Chunk (7.0, 11.0): TRIMESH collision created successfully (distance: 13.89, vertices: 8)
[13:44:52] TERRAIN: Chunk created successfully: (7.0, 11.0) at world pos (224.0, 0.0, 352.0) (total chunks: 537)
[13:44:52] TERRAIN: Creating chunk: (-7.0, -11.0) at distance 12.21
[13:44:52] TERRAIN: Chunk (-7.0, -11.0): TRIMESH collision created successfully (distance: 12.21, vertices: 8)
[13:44:52] TERRAIN: Chunk created successfully: (-7.0, -11.0) at world pos (-224.0, 0.0, -352.0) (total chunks: 538)
[13:44:52] TERRAIN: Creating chunk: (-7.0, 11.0) at distance 13.89
[13:44:52] TERRAIN: Chunk (-7.0, 11.0): TRIMESH collision created successfully (distance: 13.89, vertices: 8)
[13:44:52] TERRAIN: Chunk created successfully: (-7.0, 11.0) at world pos (-224.0, 0.0, 352.0) (total chunks: 539)
[13:44:52] TERRAIN: Creating chunk: (11.0, 7.0) at distance 13.60
[13:44:52] TERRAIN: Chunk (11.0, 7.0): TRIMESH collision created successfully (distance: 13.60, vertices: 8)
[13:44:52] TERRAIN: Chunk created successfully: (11.0, 7.0) at world pos (352.0, 0.0, 224.0) (total chunks: 540)
[13:44:52] TERRAIN: Creating chunk: (-13.0, 1.0) at distance 13.15
[13:44:52] TERRAIN: Chunk (-13.0, 1.0): TRIMESH collision created successfully (distance: 13.15, vertices: 8)
[13:44:52] TERRAIN: Chunk created successfully: (-13.0, 1.0) at world pos (-416.0, 0.0, 32.0) (total chunks: 541)
[13:44:52] TERRAIN: Creating chunk: (-1.0, 13.0) at distance 14.04
[13:44:52] TERRAIN: Chunk (-1.0, 13.0): TRIMESH collision created successfully (distance: 14.04, vertices: 8)
[13:44:52] TERRAIN: Chunk created successfully: (-1.0, 13.0) at world pos (-32.0, 0.0, 416.0) (total chunks: 542)
[13:44:52] TERRAIN: Creating chunk: (-1.0, -13.0) at distance 12.04
[13:44:52] TERRAIN: Chunk (-1.0, -13.0): TRIMESH collision created successfully (distance: 12.04, vertices: 8)
[13:44:52] TERRAIN: Chunk created successfully: (-1.0, -13.0) at world pos (-32.0, 0.0, -416.0) (total chunks: 543)
[13:44:52] TERRAIN: Creating chunk: (11.0, -7.0) at distance 12.53
[13:44:52] TERRAIN: Chunk (11.0, -7.0): TRIMESH collision created successfully (distance: 12.53, vertices: 8)
[13:44:52] TERRAIN: Chunk created successfully: (11.0, -7.0) at world pos (352.0, 0.0, -224.0) (total chunks: 544)
[13:44:52] TERRAIN: Creating chunk: (13.0, -1.0) at distance 13.00
[13:44:52] TERRAIN: Chunk (13.0, -1.0): TRIMESH collision created successfully (distance: 13.00, vertices: 8)
[13:44:52] TERRAIN: Chunk created successfully: (13.0, -1.0) at world pos (416.0, 0.0, -32.0) (total chunks: 545)
[13:44:52] TERRAIN: Creating chunk: (-13.0, 2.0) at distance 13.34
[13:44:52] TERRAIN: Chunk (-13.0, 2.0): TRIMESH collision created successfully (distance: 13.34, vertices: 8)
[13:44:52] TERRAIN: Chunk created successfully: (-13.0, 2.0) at world pos (-416.0, 0.0, 64.0) (total chunks: 546)
[13:44:52] TERRAIN: Creating chunk: (2.0, 13.0) at distance 14.14
[13:44:52] TERRAIN: Chunk (2.0, 13.0): TRIMESH collision created successfully (distance: 14.14, vertices: 8)
[13:44:52] TERRAIN: Chunk created successfully: (2.0, 13.0) at world pos (64.0, 0.0, 416.0) (total chunks: 547)
[13:44:52] TERRAIN: Creating chunk: (2.0, -13.0) at distance 12.17
[13:44:52] TERRAIN: Chunk (2.0, -13.0): TRIMESH collision created successfully (distance: 12.17, vertices: 8)
[13:44:52] TERRAIN: Chunk created successfully: (2.0, -13.0) at world pos (64.0, 0.0, -416.0) (total chunks: 548)
[13:44:52] TERRAIN: Creating chunk: (13.0, 2.0) at distance 13.34
[13:44:52] TERRAIN: Chunk (13.0, 2.0): TRIMESH collision created successfully (distance: 13.34, vertices: 8)
[13:44:52] TERRAIN: Chunk created successfully: (13.0, 2.0) at world pos (416.0, 0.0, 64.0) (total chunks: 549)
[13:44:52] TERRAIN: Creating chunk: (-13.0, -2.0) at distance 13.04
[13:44:52] TERRAIN: Chunk (-13.0, -2.0): TRIMESH collision created successfully (distance: 13.04, vertices: 8)
[13:44:52] TERRAIN: Chunk created successfully: (-13.0, -2.0) at world pos (-416.0, 0.0, -64.0) (total chunks: 550)
[13:44:52] TERRAIN: Creating chunk: (13.0, -2.0) at distance 13.04
[13:44:52] TERRAIN: Chunk (13.0, -2.0): TRIMESH collision created successfully (distance: 13.04, vertices: 8)
[13:44:52] TERRAIN: Chunk created successfully: (13.0, -2.0) at world pos (416.0, 0.0, -64.0) (total chunks: 551)
[13:44:52] TERRAIN: Creating chunk: (-2.0, 13.0) at distance 14.14
[13:44:52] TERRAIN: Chunk (-2.0, 13.0): TRIMESH collision created successfully (distance: 14.14, vertices: 8)
[13:44:52] TERRAIN: Chunk created successfully: (-2.0, 13.0) at world pos (-64.0, 0.0, 416.0) (total chunks: 552)
[13:44:52] TERRAIN: Creating chunk: (-2.0, -13.0) at distance 12.17
[13:44:52] TERRAIN: Chunk (-2.0, -13.0): TRIMESH collision created successfully (distance: 12.17, vertices: 8)
[13:44:52] TERRAIN: Chunk created successfully: (-2.0, -13.0) at world pos (-64.0, 0.0, -416.0) (total chunks: 553)
[13:44:52] TERRAIN: Creating chunk: (3.0, -13.0) at distance 12.37
[13:44:52] TERRAIN: Chunk (3.0, -13.0): TRIMESH collision created successfully (distance: 12.37, vertices: 8)
[13:44:52] TERRAIN: Chunk created successfully: (3.0, -13.0) at world pos (96.0, 0.0, -416.0) (total chunks: 554)
[13:44:52] TERRAIN: Creating chunk: (-13.0, -3.0) at distance 13.15
[13:44:52] TERRAIN: Chunk (-13.0, -3.0): TRIMESH collision created successfully (distance: 13.15, vertices: 8)
[13:44:52] TERRAIN: Chunk created successfully: (-13.0, -3.0) at world pos (-416.0, 0.0, -96.0) (total chunks: 555)
[13:44:52] TERRAIN: Creating chunk: (3.0, 13.0) at distance 14.32
[13:44:52] TERRAIN: Chunk (3.0, 13.0): TRIMESH collision created successfully (distance: 14.32, vertices: 8)
[13:44:52] TERRAIN: Chunk created successfully: (3.0, 13.0) at world pos (96.0, 0.0, 416.0) (total chunks: 556)
[13:44:52] TERRAIN: Creating chunk: (-13.0, 3.0) at distance 13.60
[13:44:52] TERRAIN: Chunk (-13.0, 3.0): TRIMESH collision created successfully (distance: 13.60, vertices: 8)
[13:44:52] TERRAIN: Chunk created successfully: (-13.0, 3.0) at world pos (-416.0, 0.0, 96.0) (total chunks: 557)
[13:44:52] TERRAIN: Creating chunk: (13.0, 3.0) at distance 13.60
[13:44:52] TERRAIN: Chunk (13.0, 3.0): TRIMESH collision created successfully (distance: 13.60, vertices: 8)
[13:44:52] TERRAIN: Chunk created successfully: (13.0, 3.0) at world pos (416.0, 0.0, 96.0) (total chunks: 558)
[13:44:52] TERRAIN: Creating chunk: (13.0, -3.0) at distance 13.15
[13:44:52] TERRAIN: Chunk (13.0, -3.0): TRIMESH collision created successfully (distance: 13.15, vertices: 8)
[13:44:52] TERRAIN: Chunk created successfully: (13.0, -3.0) at world pos (416.0, 0.0, -96.0) (total chunks: 559)
[13:44:52] TERRAIN: Creating chunk: (-3.0, -13.0) at distance 12.37
[13:44:52] TERRAIN: Chunk (-3.0, -13.0): TRIMESH collision created successfully (distance: 12.37, vertices: 8)
[13:44:52] TERRAIN: Chunk created successfully: (-3.0, -13.0) at world pos (-96.0, 0.0, -416.0) (total chunks: 560)
[13:44:52] TERRAIN: Creating chunk: (-3.0, 13.0) at distance 14.32
[13:44:52] TERRAIN: Chunk (-3.0, 13.0): TRIMESH collision created successfully (distance: 14.32, vertices: 8)
[13:44:52] TERRAIN: Chunk created successfully: (-3.0, 13.0) at world pos (-96.0, 0.0, 416.0) (total chunks: 561)
[13:44:52] TERRAIN: Creating chunk: (-12.0, -6.0) at distance 13.00
[13:44:52] TERRAIN: Chunk (-12.0, -6.0): TRIMESH collision created successfully (distance: 13.00, vertices: 8)
[13:44:52] TERRAIN: Chunk created successfully: (-12.0, -6.0) at world pos (-384.0, 0.0, -192.0) (total chunks: 562)
[13:44:52] TERRAIN: Creating chunk: (-12.0, 6.0) at distance 13.89
[13:44:52] TERRAIN: Chunk (-12.0, 6.0): TRIMESH collision created successfully (distance: 13.89, vertices: 8)
[13:44:52] TERRAIN: Chunk created successfully: (-12.0, 6.0) at world pos (-384.0, 0.0, 192.0) (total chunks: 563)
[13:44:52] TERRAIN: Creating chunk: (6.0, 12.0) at distance 14.32
[13:44:52] TERRAIN: Chunk (6.0, 12.0): TRIMESH collision created successfully (distance: 14.32, vertices: 8)
[13:44:52] TERRAIN: Chunk created successfully: (6.0, 12.0) at world pos (192.0, 0.0, 384.0) (total chunks: 564)
[13:44:52] TERRAIN: Creating chunk: (6.0, -12.0) at distance 12.53
[13:44:52] TERRAIN: Chunk (6.0, -12.0): TRIMESH collision created successfully (distance: 12.53, vertices: 8)
[13:44:52] TERRAIN: Chunk created successfully: (6.0, -12.0) at world pos (192.0, 0.0, -384.0) (total chunks: 565)
[13:44:52] TERRAIN: Creating chunk: (12.0, 6.0) at distance 13.89
[13:44:52] TERRAIN: Chunk (12.0, 6.0): TRIMESH collision created successfully (distance: 13.89, vertices: 8)
[13:44:52] TERRAIN: Chunk created successfully: (12.0, 6.0) at world pos (384.0, 0.0, 192.0) (total chunks: 566)
[13:44:52] TERRAIN: Creating chunk: (-6.0, -12.0) at distance 12.53
[13:44:52] TERRAIN: Chunk (-6.0, -12.0): TRIMESH collision created successfully (distance: 12.53, vertices: 8)
[13:44:52] TERRAIN: Chunk created successfully: (-6.0, -12.0) at world pos (-192.0, 0.0, -384.0) (total chunks: 567)
[13:44:52] TERRAIN: Creating chunk: (-6.0, 12.0) at distance 14.32
[13:44:52] TERRAIN: Chunk (-6.0, 12.0): TRIMESH collision created successfully (distance: 14.32, vertices: 8)
[13:44:52] TERRAIN: Chunk created successfully: (-6.0, 12.0) at world pos (-192.0, 0.0, 384.0) (total chunks: 568)
[13:44:52] TERRAIN: Creating chunk: (12.0, -6.0) at distance 13.00
[13:44:52] TERRAIN: Chunk (12.0, -6.0): TRIMESH collision created successfully (distance: 13.00, vertices: 8)
[13:44:52] TERRAIN: Chunk created successfully: (12.0, -6.0) at world pos (384.0, 0.0, -192.0) (total chunks: 569)
[13:44:52] TERRAIN: Creating chunk: (9.0, -10.0) at distance 12.73
[13:44:52] TERRAIN: Chunk (9.0, -10.0): TRIMESH collision created successfully (distance: 12.73, vertices: 8)
[13:44:52] TERRAIN: Chunk created successfully: (9.0, -10.0) at world pos (288.0, 0.0, -320.0) (total chunks: 570)
[13:44:52] TERRAIN: Creating chunk: (9.0, 10.0) at distance 14.21
[13:44:52] TERRAIN: Chunk (9.0, 10.0): TRIMESH collision created successfully (distance: 14.21, vertices: 8)
[13:44:52] TERRAIN: Chunk created successfully: (9.0, 10.0) at world pos (288.0, 0.0, 320.0) (total chunks: 571)
[13:44:52] TERRAIN: Creating chunk: (10.0, -9.0) at distance 12.81
[13:44:52] TERRAIN: Chunk (10.0, -9.0): TRIMESH collision created successfully (distance: 12.81, vertices: 8)
[13:44:52] TERRAIN: Chunk created successfully: (10.0, -9.0) at world pos (320.0, 0.0, -288.0) (total chunks: 572)
[13:44:52] TERRAIN: Creating chunk: (10.0, 9.0) at distance 14.14
[13:44:52] TERRAIN: Chunk (10.0, 9.0): TRIMESH collision created successfully (distance: 14.14, vertices: 8)
[13:44:52] TERRAIN: Chunk created successfully: (10.0, 9.0) at world pos (320.0, 0.0, 288.0) (total chunks: 573)
[13:44:52] TERRAIN: Creating chunk: (-9.0, 10.0) at distance 14.21
[13:44:52] TERRAIN: Chunk (-9.0, 10.0): TRIMESH collision created successfully (distance: 14.21, vertices: 8)
[13:44:52] TERRAIN: Chunk created successfully: (-9.0, 10.0) at world pos (-288.0, 0.0, 320.0) (total chunks: 574)
[13:44:52] TERRAIN: Creating chunk: (-9.0, -10.0) at distance 12.73
[13:44:52] TERRAIN: Chunk (-9.0, -10.0): TRIMESH collision created successfully (distance: 12.73, vertices: 8)
[13:44:52] TERRAIN: Chunk created successfully: (-9.0, -10.0) at world pos (-288.0, 0.0, -320.0) (total chunks: 575)
[13:44:52] TERRAIN: Creating chunk: (-10.0, 9.0) at distance 14.14
[13:44:52] TERRAIN: Chunk (-10.0, 9.0): TRIMESH collision created successfully (distance: 14.14, vertices: 8)
[13:44:52] TERRAIN: Chunk created successfully: (-10.0, 9.0) at world pos (-320.0, 0.0, 288.0) (total chunks: 576)
[13:44:52] TERRAIN: Creating chunk: (-10.0, -9.0) at distance 12.81
[13:44:52] TERRAIN: Chunk (-10.0, -9.0): TRIMESH collision created successfully (distance: 12.81, vertices: 8)
[13:44:52] TERRAIN: Chunk created successfully: (-10.0, -9.0) at world pos (-320.0, 0.0, -288.0) (total chunks: 577)
[13:44:52] TERRAIN: Creating chunk: (8.0, 11.0) at distance 14.42
[13:44:52] TERRAIN: Chunk (8.0, 11.0): TRIMESH collision created successfully (distance: 14.42, vertices: 8)
[13:44:52] TERRAIN: Chunk created successfully: (8.0, 11.0) at world pos (256.0, 0.0, 352.0) (total chunks: 578)
[13:44:52] TERRAIN: Creating chunk: (11.0, 8.0) at distance 14.21
[13:44:52] TERRAIN: Chunk (11.0, 8.0): TRIMESH collision created successfully (distance: 14.21, vertices: 8)
[13:44:52] TERRAIN: Chunk created successfully: (11.0, 8.0) at world pos (352.0, 0.0, 256.0) (total chunks: 579)
[13:44:52] TERRAIN: Creating chunk: (-13.0, -4.0) at distance 13.34
[13:44:52] TERRAIN: Chunk (-13.0, -4.0): TRIMESH collision created successfully (distance: 13.34, vertices: 8)
[13:44:52] TERRAIN: Chunk created successfully: (-13.0, -4.0) at world pos (-416.0, 0.0, -128.0) (total chunks: 580)
[13:44:52] TERRAIN: Creating chunk: (-13.0, 4.0) at distance 13.93
[13:44:52] TERRAIN: Chunk (-13.0, 4.0): TRIMESH collision created successfully (distance: 13.93, vertices: 8)
[13:44:52] TERRAIN: Chunk created successfully: (-13.0, 4.0) at world pos (-416.0, 0.0, 128.0) (total chunks: 581)
[13:44:52] TERRAIN: Creating chunk: (11.0, -8.0) at distance 13.04
[13:44:52] TERRAIN: Chunk (11.0, -8.0): TRIMESH collision created successfully (distance: 13.04, vertices: 8)
[13:44:52] TERRAIN: Chunk created successfully: (11.0, -8.0) at world pos (352.0, 0.0, -256.0) (total chunks: 582)
[13:44:52] TERRAIN: Creating chunk: (13.0, 4.0) at distance 13.93
[13:44:52] TERRAIN: Chunk (13.0, 4.0): TRIMESH collision created successfully (distance: 13.93, vertices: 8)
[13:44:52] TERRAIN: Chunk created successfully: (13.0, 4.0) at world pos (416.0, 0.0, 128.0) (total chunks: 583)
[13:44:52] TERRAIN: Creating chunk: (-11.0, -8.0) at distance 13.04
[13:44:52] TERRAIN: Chunk (-11.0, -8.0): TRIMESH collision created successfully (distance: 13.04, vertices: 8)
[13:44:52] TERRAIN: Chunk created successfully: (-11.0, -8.0) at world pos (-352.0, 0.0, -256.0) (total chunks: 584)
[13:44:52] TERRAIN: Creating chunk: (-11.0, 8.0) at distance 14.21
[13:44:52] TERRAIN: Chunk (-11.0, 8.0): TRIMESH collision created successfully (distance: 14.21, vertices: 8)
[13:44:52] TERRAIN: Chunk created successfully: (-11.0, 8.0) at world pos (-352.0, 0.0, 256.0) (total chunks: 585)
[13:44:52] TERRAIN: Creating chunk: (-8.0, -11.0) at distance 12.81
[13:44:52] TERRAIN: Chunk (-8.0, -11.0): TRIMESH collision created successfully (distance: 12.81, vertices: 8)
[13:44:52] TERRAIN: Chunk created successfully: (-8.0, -11.0) at world pos (-256.0, 0.0, -352.0) (total chunks: 586)
[13:44:52] TERRAIN: Creating chunk: (-8.0, 11.0) at distance 14.42
[13:44:52] TERRAIN: Chunk (-8.0, 11.0): TRIMESH collision created successfully (distance: 14.42, vertices: 8)
[13:44:52] TERRAIN: Chunk created successfully: (-8.0, 11.0) at world pos (-256.0, 0.0, 352.0) (total chunks: 587)
[13:44:52] TERRAIN: Creating chunk: (-4.0, -13.0) at distance 12.65
[13:44:52] TERRAIN: Chunk (-4.0, -13.0): TRIMESH collision created successfully (distance: 12.65, vertices: 8)
[13:44:52] TERRAIN: Chunk created successfully: (-4.0, -13.0) at world pos (-128.0, 0.0, -416.0) (total chunks: 588)
[13:44:52] TERRAIN: Creating chunk: (-4.0, 13.0) at distance 14.56
[13:44:52] TERRAIN: Chunk (-4.0, 13.0): TRIMESH collision created successfully (distance: 14.56, vertices: 8)
[13:44:52] TERRAIN: Chunk created successfully: (-4.0, 13.0) at world pos (-128.0, 0.0, 416.0) (total chunks: 589)
[13:44:52] TERRAIN: Creating chunk: (13.0, -4.0) at distance 13.34
[13:44:52] TERRAIN: Chunk (13.0, -4.0): TRIMESH collision created successfully (distance: 13.34, vertices: 8)
[13:44:52] TERRAIN: Chunk created successfully: (13.0, -4.0) at world pos (416.0, 0.0, -128.0) (total chunks: 590)
[13:44:52] TERRAIN: Creating chunk: (4.0, -13.0) at distance 12.65
[13:44:52] TERRAIN: Chunk (4.0, -13.0): TRIMESH collision created successfully (distance: 12.65, vertices: 8)
[13:44:52] TERRAIN: Chunk created successfully: (4.0, -13.0) at world pos (128.0, 0.0, -416.0) (total chunks: 591)
[13:44:52] TERRAIN: Creating chunk: (4.0, 13.0) at distance 14.56
[13:44:52] TERRAIN: Chunk (4.0, 13.0): TRIMESH collision created successfully (distance: 14.56, vertices: 8)
[13:44:52] TERRAIN: Chunk created successfully: (4.0, 13.0) at world pos (128.0, 0.0, 416.0) (total chunks: 592)
[13:44:52] TERRAIN: Creating chunk: (8.0, -11.0) at distance 12.81
[13:44:52] TERRAIN: Chunk (8.0, -11.0): TRIMESH collision created successfully (distance: 12.81, vertices: 8)
[13:44:52] TERRAIN: Chunk created successfully: (8.0, -11.0) at world pos (256.0, 0.0, -352.0) (total chunks: 593)
[13:44:52] TERRAIN: Creating chunk: (12.0, -7.0) at distance 13.42
[13:44:52] TERRAIN: Chunk (12.0, -7.0): TRIMESH collision created successfully (distance: 13.42, vertices: 8)
[13:44:52] TERRAIN: Chunk created successfully: (12.0, -7.0) at world pos (384.0, 0.0, -224.0) (total chunks: 594)
[13:44:52] TERRAIN: Creating chunk: (-7.0, 12.0) at distance 14.76
[13:44:52] TERRAIN: Chunk (-7.0, 12.0): TRIMESH collision created successfully (distance: 14.76, vertices: 8)
[13:44:52] TERRAIN: Chunk created successfully: (-7.0, 12.0) at world pos (-224.0, 0.0, 384.0) (total chunks: 595)
[13:44:52] TERRAIN: Creating chunk: (-7.0, -12.0) at distance 13.04
[13:44:52] TERRAIN: Chunk (-7.0, -12.0): TRIMESH collision created successfully (distance: 13.04, vertices: 8)
[13:44:52] TERRAIN: Chunk created successfully: (-7.0, -12.0) at world pos (-224.0, 0.0, -384.0) (total chunks: 596)
[13:44:52] TERRAIN: Creating chunk: (-12.0, 7.0) at distance 14.42
[13:44:52] TERRAIN: Chunk (-12.0, 7.0): TRIMESH collision created successfully (distance: 14.42, vertices: 8)
[13:44:52] TERRAIN: Chunk created successfully: (-12.0, 7.0) at world pos (-384.0, 0.0, 224.0) (total chunks: 597)
[13:44:52] TERRAIN: Creating chunk: (-12.0, -7.0) at distance 13.42
[13:44:52] TERRAIN: Chunk (-12.0, -7.0): TRIMESH collision created successfully (distance: 13.42, vertices: 8)
[13:44:52] TERRAIN: Chunk created successfully: (-12.0, -7.0) at world pos (-384.0, 0.0, -224.0) (total chunks: 598)
[13:44:52] TERRAIN: Creating chunk: (7.0, 12.0) at distance 14.76
[13:44:52] TERRAIN: Chunk (7.0, 12.0): TRIMESH collision created successfully (distance: 14.76, vertices: 8)
[13:44:52] TERRAIN: Chunk created successfully: (7.0, 12.0) at world pos (224.0, 0.0, 384.0) (total chunks: 599)
[13:44:52] TERRAIN: Creating chunk: (7.0, -12.0) at distance 13.04
[13:44:52] TERRAIN: Chunk (7.0, -12.0): TRIMESH collision created successfully (distance: 13.04, vertices: 8)
[13:44:52] TERRAIN: Chunk created successfully: (7.0, -12.0) at world pos (224.0, 0.0, -384.0) (total chunks: 600)
[13:44:52] TERRAIN: Creating chunk: (12.0, 7.0) at distance 14.42
[13:44:52] TERRAIN: Chunk (12.0, 7.0): TRIMESH collision created successfully (distance: 14.42, vertices: 8)
[13:44:52] TERRAIN: Chunk created successfully: (12.0, 7.0) at world pos (384.0, 0.0, 224.0) (total chunks: 601)
[13:44:52] TERRAIN: Creating chunk: (13.0, 5.0) at distance 14.32
[13:44:52] TERRAIN: Chunk (13.0, 5.0): TRIMESH collision created successfully (distance: 14.32, vertices: 8)
[13:44:52] TERRAIN: Chunk created successfully: (13.0, 5.0) at world pos (416.0, 0.0, 160.0) (total chunks: 602)
[13:44:52] TERRAIN: Creating chunk: (-13.0, 5.0) at distance 14.32
[13:44:52] TERRAIN: Chunk (-13.0, 5.0): TRIMESH collision created successfully (distance: 14.32, vertices: 8)
[13:44:52] TERRAIN: Chunk created successfully: (-13.0, 5.0) at world pos (-416.0, 0.0, 160.0) (total chunks: 603)
[13:44:52] TERRAIN: Creating chunk: (-13.0, -5.0) at distance 13.60
[13:44:52] TERRAIN: Chunk (-13.0, -5.0): TRIMESH collision created successfully (distance: 13.60, vertices: 8)
[13:44:52] TERRAIN: Chunk created successfully: (-13.0, -5.0) at world pos (-416.0, 0.0, -160.0) (total chunks: 604)
[13:44:52] TERRAIN: Creating chunk: (5.0, -13.0) at distance 13.00
[13:44:52] TERRAIN: Chunk (5.0, -13.0): TRIMESH collision created successfully (distance: 13.00, vertices: 8)
[13:44:52] TERRAIN: Chunk created successfully: (5.0, -13.0) at world pos (160.0, 0.0, -416.0) (total chunks: 605)
[13:44:52] TERRAIN: Creating chunk: (5.0, 13.0) at distance 14.87
[13:44:52] TERRAIN: Chunk (5.0, 13.0): TRIMESH collision created successfully (distance: 14.87, vertices: 8)
[13:44:52] TERRAIN: Chunk created successfully: (5.0, 13.0) at world pos (160.0, 0.0, 416.0) (total chunks: 606)
[13:44:52] TERRAIN: Creating chunk: (13.0, -5.0) at distance 13.60
[13:44:52] TERRAIN: Chunk (13.0, -5.0): TRIMESH collision created successfully (distance: 13.60, vertices: 8)
[13:44:52] TERRAIN: Chunk created successfully: (13.0, -5.0) at world pos (416.0, 0.0, -160.0) (total chunks: 607)
[13:44:52] TERRAIN: Creating chunk: (-5.0, 13.0) at distance 14.87
[13:44:52] TERRAIN: Chunk (-5.0, 13.0): TRIMESH collision created successfully (distance: 14.87, vertices: 8)
[13:44:52] TERRAIN: Chunk created successfully: (-5.0, 13.0) at world pos (-160.0, 0.0, 416.0) (total chunks: 608)
[13:44:52] TERRAIN: Creating chunk: (-5.0, -13.0) at distance 13.00
[13:44:52] TERRAIN: Chunk (-5.0, -13.0): TRIMESH collision created successfully (distance: 13.00, vertices: 8)
[13:44:52] TERRAIN: Chunk created successfully: (-5.0, -13.0) at world pos (-160.0, 0.0, -416.0) (total chunks: 609)
[13:44:52] TERRAIN: Creating chunk: (0.0, -14.0) at distance 13.00
[13:44:52] TERRAIN: Chunk (0.0, -14.0): TRIMESH collision created successfully (distance: 13.00, vertices: 8)
[13:44:52] TERRAIN: Chunk created successfully: (0.0, -14.0) at world pos (0.0, 0.0, -448.0) (total chunks: 610)
[13:44:52] TERRAIN: Creating chunk: (0.0, 14.0) at distance 15.00
[13:44:52] TERRAIN: Chunk (0.0, 14.0): TRIMESH collision created successfully (distance: 15.00, vertices: 8)
[13:44:52] TERRAIN: Chunk created successfully: (0.0, 14.0) at world pos (0.0, 0.0, 448.0) (total chunks: 611)
[13:44:52] TERRAIN: Creating chunk: (14.0, 0.0) at distance 14.04
[13:44:52] TERRAIN: Chunk (14.0, 0.0): TRIMESH collision created successfully (distance: 14.04, vertices: 8)
[13:44:52] TERRAIN: Chunk created successfully: (14.0, 0.0) at world pos (448.0, 0.0, 0.0) (total chunks: 612)
[13:44:52] TERRAIN: Creating chunk: (-14.0, 0.0) at distance 14.04
[13:44:52] TERRAIN: Chunk (-14.0, 0.0): TRIMESH collision created successfully (distance: 14.04, vertices: 8)
[13:44:52] TERRAIN: Chunk created successfully: (-14.0, 0.0) at world pos (-448.0, 0.0, 0.0) (total chunks: 613)
[13:44:52] TERRAIN: Creating chunk: (1.0, -14.0) at distance 13.04
[13:44:52] TERRAIN: Chunk (1.0, -14.0): TRIMESH collision created successfully (distance: 13.04, vertices: 8)
[13:44:52] TERRAIN: Chunk created successfully: (1.0, -14.0) at world pos (32.0, 0.0, -448.0) (total chunks: 614)
[13:44:52] TERRAIN: Creating chunk: (14.0, 1.0) at distance 14.14
[13:44:52] TERRAIN: Chunk (14.0, 1.0): TRIMESH collision created successfully (distance: 14.14, vertices: 8)
[13:44:52] TERRAIN: Chunk created successfully: (14.0, 1.0) at world pos (448.0, 0.0, 32.0) (total chunks: 615)
[13:44:52] TERRAIN: Creating chunk: (-1.0, -14.0) at distance 13.04
[13:44:52] TERRAIN: Chunk (-1.0, -14.0): TRIMESH collision created successfully (distance: 13.04, vertices: 8)
[13:44:52] TERRAIN: Chunk created successfully: (-1.0, -14.0) at world pos (-32.0, 0.0, -448.0) (total chunks: 616)
[13:44:52] TERRAIN: Creating chunk: (-14.0, 1.0) at distance 14.14
[13:44:52] TERRAIN: Chunk (-14.0, 1.0): TRIMESH collision created successfully (distance: 14.14, vertices: 8)
[13:44:52] TERRAIN: Chunk created successfully: (-14.0, 1.0) at world pos (-448.0, 0.0, 32.0) (total chunks: 617)
[13:44:52] TERRAIN: Creating chunk: (-14.0, -1.0) at distance 14.00
[13:44:52] TERRAIN: Chunk (-14.0, -1.0): TRIMESH collision created successfully (distance: 14.00, vertices: 8)
[13:44:52] TERRAIN: Chunk created successfully: (-14.0, -1.0) at world pos (-448.0, 0.0, -32.0) (total chunks: 618)
[13:44:52] TERRAIN: Creating chunk: (14.0, -1.0) at distance 14.00
[13:44:52] TERRAIN: Chunk (14.0, -1.0): TRIMESH collision created successfully (distance: 14.00, vertices: 8)
[13:44:52] TERRAIN: Chunk created successfully: (14.0, -1.0) at world pos (448.0, 0.0, -32.0) (total chunks: 619)
[13:44:52] TERRAIN: Creating chunk: (-14.0, 2.0) at distance 14.32
[13:44:52] TERRAIN: Chunk (-14.0, 2.0): TRIMESH collision created successfully (distance: 14.32, vertices: 8)
[13:44:52] TERRAIN: Chunk created successfully: (-14.0, 2.0) at world pos (-448.0, 0.0, 64.0) (total chunks: 620)
[13:44:52] TERRAIN: Creating chunk: (10.0, 10.0) at distance 14.87
[13:44:52] TERRAIN: Chunk (10.0, 10.0): TRIMESH collision created successfully (distance: 14.87, vertices: 8)
[13:44:52] TERRAIN: Chunk created successfully: (10.0, 10.0) at world pos (320.0, 0.0, 320.0) (total chunks: 621)
[13:44:52] TERRAIN: Creating chunk: (-10.0, -10.0) at distance 13.45
[13:44:52] TERRAIN: Chunk (-10.0, -10.0): TRIMESH collision created successfully (distance: 13.45, vertices: 8)
[13:44:52] TERRAIN: Chunk created successfully: (-10.0, -10.0) at world pos (-320.0, 0.0, -320.0) (total chunks: 622)
[13:44:52] TERRAIN: Creating chunk: (-10.0, 10.0) at distance 14.87
[13:44:52] TERRAIN: Chunk (-10.0, 10.0): TRIMESH collision created successfully (distance: 14.87, vertices: 8)
[13:44:52] TERRAIN: Chunk created successfully: (-10.0, 10.0) at world pos (-320.0, 0.0, 320.0) (total chunks: 623)
[13:44:52] TERRAIN: Creating chunk: (14.0, 2.0) at distance 14.32
[13:44:52] TERRAIN: Chunk (14.0, 2.0): TRIMESH collision created successfully (distance: 14.32, vertices: 8)
[13:44:52] TERRAIN: Chunk created successfully: (14.0, 2.0) at world pos (448.0, 0.0, 64.0) (total chunks: 624)
[13:44:52] TERRAIN: Creating chunk: (-14.0, -2.0) at distance 14.04
[13:44:52] TERRAIN: Chunk (-14.0, -2.0): TRIMESH collision created successfully (distance: 14.04, vertices: 8)
[13:44:52] TERRAIN: Chunk created successfully: (-14.0, -2.0) at world pos (-448.0, 0.0, -64.0) (total chunks: 625)
[13:44:52] TERRAIN: Creating chunk: (2.0, -14.0) at distance 13.15
[13:44:52] TERRAIN: Chunk (2.0, -14.0): TRIMESH collision created successfully (distance: 13.15, vertices: 8)
[13:44:52] TERRAIN: Chunk created successfully: (2.0, -14.0) at world pos (64.0, 0.0, -448.0) (total chunks: 626)
[13:44:52] TERRAIN: Creating chunk: (14.0, -2.0) at distance 14.04
[13:44:52] TERRAIN: Chunk (14.0, -2.0): TRIMESH collision created successfully (distance: 14.04, vertices: 8)
[13:44:52] TERRAIN: Chunk created successfully: (14.0, -2.0) at world pos (448.0, 0.0, -64.0) (total chunks: 627)
[13:44:52] TERRAIN: Creating chunk: (-2.0, -14.0) at distance 13.15
[13:44:52] TERRAIN: Chunk (-2.0, -14.0): TRIMESH collision created successfully (distance: 13.15, vertices: 8)
[13:44:52] TERRAIN: Chunk created successfully: (-2.0, -14.0) at world pos (-64.0, 0.0, -448.0) (total chunks: 628)
[13:44:52] TERRAIN: Creating chunk: (10.0, -10.0) at distance 13.45
[13:44:52] TERRAIN: Chunk (10.0, -10.0): TRIMESH collision created successfully (distance: 13.45, vertices: 8)
[13:44:52] TERRAIN: Chunk created successfully: (10.0, -10.0) at world pos (320.0, 0.0, -320.0) (total chunks: 629)
[13:44:52] TERRAIN: Creating chunk: (9.0, -11.0) at distance 13.45
[13:44:52] TERRAIN: Chunk (9.0, -11.0): TRIMESH collision created successfully (distance: 13.45, vertices: 8)
[13:44:52] TERRAIN: Chunk created successfully: (9.0, -11.0) at world pos (288.0, 0.0, -352.0) (total chunks: 630)
[13:44:52] TERRAIN: Creating chunk: (11.0, -9.0) at distance 13.60
[13:44:52] TERRAIN: Chunk (11.0, -9.0): TRIMESH collision created successfully (distance: 13.60, vertices: 8)
[13:44:52] TERRAIN: Chunk created successfully: (11.0, -9.0) at world pos (352.0, 0.0, -288.0) (total chunks: 631)
[13:44:52] TERRAIN: Creating chunk: (9.0, 11.0) at distance 15.00
[13:44:52] TERRAIN: Chunk (9.0, 11.0): TRIMESH collision created successfully (distance: 15.00, vertices: 8)
[13:44:52] TERRAIN: Chunk created successfully: (9.0, 11.0) at world pos (288.0, 0.0, 352.0) (total chunks: 632)
[13:44:52] TERRAIN: Creating chunk: (-11.0, -9.0) at distance 13.60
[13:44:52] TERRAIN: Chunk (-11.0, -9.0): TRIMESH collision created successfully (distance: 13.60, vertices: 8)
[13:44:52] TERRAIN: Chunk created successfully: (-11.0, -9.0) at world pos (-352.0, 0.0, -288.0) (total chunks: 633)
[13:44:52] TERRAIN: Creating chunk: (-11.0, 9.0) at distance 14.87
[13:44:52] TERRAIN: Chunk (-11.0, 9.0): TRIMESH collision created successfully (distance: 14.87, vertices: 8)
[13:44:52] TERRAIN: Chunk created successfully: (-11.0, 9.0) at world pos (-352.0, 0.0, 288.0) (total chunks: 634)
[13:44:52] TERRAIN: Creating chunk: (-9.0, -11.0) at distance 13.45
[13:44:52] TERRAIN: Chunk (-9.0, -11.0): TRIMESH collision created successfully (distance: 13.45, vertices: 8)
[13:44:52] TERRAIN: Chunk created successfully: (-9.0, -11.0) at world pos (-288.0, 0.0, -352.0) (total chunks: 635)
[13:44:52] TERRAIN: Creating chunk: (-9.0, 11.0) at distance 15.00
[13:44:52] TERRAIN: Chunk (-9.0, 11.0): TRIMESH collision created successfully (distance: 15.00, vertices: 8)
[13:44:52] TERRAIN: Chunk created successfully: (-9.0, 11.0) at world pos (-288.0, 0.0, 352.0) (total chunks: 636)
[13:44:52] TERRAIN: Creating chunk: (11.0, 9.0) at distance 14.87
[13:44:52] TERRAIN: Chunk (11.0, 9.0): TRIMESH collision created successfully (distance: 14.87, vertices: 8)
[13:44:52] TERRAIN: Chunk created successfully: (11.0, 9.0) at world pos (352.0, 0.0, 288.0) (total chunks: 637)
[13:44:52] TERRAIN: Creating chunk: (-6.0, -13.0) at distance 13.42
[13:44:52] TERRAIN: Chunk (-6.0, -13.0): TRIMESH collision created successfully (distance: 13.42, vertices: 8)
[13:44:52] TERRAIN: Chunk created successfully: (-6.0, -13.0) at world pos (-192.0, 0.0, -416.0) (total chunks: 638)
[13:44:52] TERRAIN: Creating chunk: (14.0, -3.0) at distance 14.14
[13:44:52] TERRAIN: Chunk (14.0, -3.0): TRIMESH collision created successfully (distance: 14.14, vertices: 8)
[13:44:52] TERRAIN: Chunk created successfully: (14.0, -3.0) at world pos (448.0, 0.0, -96.0) (total chunks: 639)
[13:44:52] TERRAIN: Creating chunk: (6.0, -13.0) at distance 13.42
[13:44:52] TERRAIN: Chunk (6.0, -13.0): TRIMESH collision created successfully (distance: 13.42, vertices: 8)
[13:44:52] TERRAIN: Chunk created successfully: (6.0, -13.0) at world pos (192.0, 0.0, -416.0) (total chunks: 640)
[13:44:52] TERRAIN: Creating chunk: (-14.0, 3.0) at distance 14.56
[13:44:52] TERRAIN: Chunk (-14.0, 3.0): TRIMESH collision created successfully (distance: 14.56, vertices: 8)
[13:44:52] TERRAIN: Chunk created successfully: (-14.0, 3.0) at world pos (-448.0, 0.0, 96.0) (total chunks: 641)
[13:44:52] TERRAIN: Creating chunk: (13.0, 6.0) at distance 14.76
[13:44:52] TERRAIN: Chunk (13.0, 6.0): TRIMESH collision created successfully (distance: 14.76, vertices: 8)
[13:44:52] TERRAIN: Chunk created successfully: (13.0, 6.0) at world pos (416.0, 0.0, 192.0) (total chunks: 642)
[13:44:52] TERRAIN: Creating chunk: (-13.0, -6.0) at distance 13.93
[13:44:52] TERRAIN: Chunk (-13.0, -6.0): TRIMESH collision created successfully (distance: 13.93, vertices: 8)
[13:44:52] TERRAIN: Chunk created successfully: (-13.0, -6.0) at world pos (-416.0, 0.0, -192.0) (total chunks: 643)
[13:44:52] TERRAIN: Creating chunk: (3.0, -14.0) at distance 13.34
[13:44:52] TERRAIN: Chunk (3.0, -14.0): TRIMESH collision created successfully (distance: 13.34, vertices: 8)
[13:44:52] TERRAIN: Chunk created successfully: (3.0, -14.0) at world pos (96.0, 0.0, -448.0) (total chunks: 644)
[13:44:52] PLAYER: Pos: (1.291017, -0.03884, -12.05038) | Chunk: (0.0, -1.0) | TerrainHeight: -0.04 | HeightDiff: 0.00 | OnFloor: true
[13:44:52] TERRAIN: Creating chunk: (-13.0, 6.0) at distance 14.76
[13:44:52] TERRAIN: Chunk (-13.0, 6.0): TRIMESH collision created successfully (distance: 14.76, vertices: 8)
[13:44:52] TERRAIN: Chunk created successfully: (-13.0, 6.0) at world pos (-416.0, 0.0, 192.0) (total chunks: 645)
[13:44:52] TERRAIN: Creating chunk: (-14.0, -3.0) at distance 14.14
[13:44:52] TERRAIN: Chunk (-14.0, -3.0): TRIMESH collision created successfully (distance: 14.14, vertices: 8)
[13:44:52] TERRAIN: Chunk created successfully: (-14.0, -3.0) at world pos (-448.0, 0.0, -96.0) (total chunks: 646)
[13:44:52] TERRAIN: Creating chunk: (-3.0, -14.0) at distance 13.34
[13:44:52] TERRAIN: Chunk (-3.0, -14.0): TRIMESH collision created successfully (distance: 13.34, vertices: 8)
[13:44:52] TERRAIN: Chunk created successfully: (-3.0, -14.0) at world pos (-96.0, 0.0, -448.0) (total chunks: 647)
[13:44:52] TERRAIN: Creating chunk: (13.0, -6.0) at distance 13.93
[13:44:52] TERRAIN: Chunk (13.0, -6.0): TRIMESH collision created successfully (distance: 13.93, vertices: 8)
[13:44:52] TERRAIN: Chunk created successfully: (13.0, -6.0) at world pos (416.0, 0.0, -192.0) (total chunks: 648)
[13:44:52] TERRAIN: Creating chunk: (14.0, 3.0) at distance 14.56
[13:44:52] TERRAIN: Chunk (14.0, 3.0): TRIMESH collision created successfully (distance: 14.56, vertices: 8)
[13:44:52] TERRAIN: Chunk created successfully: (14.0, 3.0) at world pos (448.0, 0.0, 96.0) (total chunks: 649)
[13:44:52] TERRAIN: Creating chunk: (12.0, 8.0) at distance 15.00
[13:44:52] TERRAIN: Chunk (12.0, 8.0): TRIMESH collision created successfully (distance: 15.00, vertices: 8)
[13:44:52] TERRAIN: Chunk created successfully: (12.0, 8.0) at world pos (384.0, 0.0, 256.0) (total chunks: 650)
[13:44:52] TERRAIN: Creating chunk: (12.0, -8.0) at distance 13.89
[13:44:52] TERRAIN: Chunk (12.0, -8.0): TRIMESH collision created successfully (distance: 13.89, vertices: 8)
[13:44:52] TERRAIN: Chunk created successfully: (12.0, -8.0) at world pos (384.0, 0.0, -256.0) (total chunks: 651)
[13:44:52] TERRAIN: Creating chunk: (-12.0, -8.0) at distance 13.89
[13:44:52] TERRAIN: Chunk (-12.0, -8.0): TRIMESH collision created successfully (distance: 13.89, vertices: 8)
[13:44:52] TERRAIN: Chunk created successfully: (-12.0, -8.0) at world pos (-384.0, 0.0, -256.0) (total chunks: 652)
[13:44:52] TERRAIN: Creating chunk: (-12.0, 8.0) at distance 15.00
[13:44:52] TERRAIN: Chunk (-12.0, 8.0): TRIMESH collision created successfully (distance: 15.00, vertices: 8)
[13:44:52] TERRAIN: Chunk created successfully: (-12.0, 8.0) at world pos (-384.0, 0.0, 256.0) (total chunks: 653)
[13:44:52] TERRAIN: Creating chunk: (-8.0, -12.0) at distance 13.60
[13:44:52] TERRAIN: Chunk (-8.0, -12.0): TRIMESH collision created successfully (distance: 13.60, vertices: 8)
[13:44:52] TERRAIN: Chunk created successfully: (-8.0, -12.0) at world pos (-256.0, 0.0, -384.0) (total chunks: 654)
[13:44:52] TERRAIN: Creating chunk: (8.0, -12.0) at distance 13.60
[13:44:52] TERRAIN: Chunk (8.0, -12.0): TRIMESH collision created successfully (distance: 13.60, vertices: 8)
[13:44:52] TERRAIN: Chunk created successfully: (8.0, -12.0) at world pos (256.0, 0.0, -384.0) (total chunks: 655)
[13:44:52] TERRAIN: Creating chunk: (14.0, -4.0) at distance 14.32
[13:44:52] TERRAIN: Chunk (14.0, -4.0): TRIMESH collision created successfully (distance: 14.32, vertices: 8)
[13:44:52] TERRAIN: Chunk created successfully: (14.0, -4.0) at world pos (448.0, 0.0, -128.0) (total chunks: 656)
[13:44:52] TERRAIN: Creating chunk: (4.0, -14.0) at distance 13.60
[13:44:52] TERRAIN: Chunk (4.0, -14.0): TRIMESH collision created successfully (distance: 13.60, vertices: 8)
[13:44:52] TERRAIN: Chunk created successfully: (4.0, -14.0) at world pos (128.0, 0.0, -448.0) (total chunks: 657)
[13:44:52] TERRAIN: Creating chunk: (-4.0, -14.0) at distance 13.60
[13:44:52] TERRAIN: Chunk (-4.0, -14.0): TRIMESH collision created successfully (distance: 13.60, vertices: 8)
[13:44:52] TERRAIN: Chunk created successfully: (-4.0, -14.0) at world pos (-128.0, 0.0, -448.0) (total chunks: 658)
[13:44:52] TERRAIN: Creating chunk: (14.0, 4.0) at distance 14.87
[13:44:52] TERRAIN: Chunk (14.0, 4.0): TRIMESH collision created successfully (distance: 14.87, vertices: 8)
[13:44:52] TERRAIN: Chunk created successfully: (14.0, 4.0) at world pos (448.0, 0.0, 128.0) (total chunks: 659)
[13:44:52] TERRAIN: Creating chunk: (-14.0, 4.0) at distance 14.87
[13:44:52] TERRAIN: Chunk (-14.0, 4.0): TRIMESH collision created successfully (distance: 14.87, vertices: 8)
[13:44:52] TERRAIN: Chunk created successfully: (-14.0, 4.0) at world pos (-448.0, 0.0, 128.0) (total chunks: 660)
[13:44:52] TERRAIN: Creating chunk: (-14.0, -4.0) at distance 14.32
[13:44:52] TERRAIN: Chunk (-14.0, -4.0): TRIMESH collision created successfully (distance: 14.32, vertices: 8)
[13:44:52] TERRAIN: Chunk created successfully: (-14.0, -4.0) at world pos (-448.0, 0.0, -128.0) (total chunks: 661)
[13:44:52] TERRAIN: Creating chunk: (13.0, -7.0) at distance 14.32
[13:44:52] TERRAIN: Chunk (13.0, -7.0): TRIMESH collision created successfully (distance: 14.32, vertices: 8)
[13:44:52] TERRAIN: Chunk created successfully: (13.0, -7.0) at world pos (416.0, 0.0, -224.0) (total chunks: 662)
[13:44:52] TERRAIN: Creating chunk: (7.0, -13.0) at distance 13.89
[13:44:52] TERRAIN: Chunk (7.0, -13.0): TRIMESH collision created successfully (distance: 13.89, vertices: 8)
[13:44:52] TERRAIN: Chunk created successfully: (7.0, -13.0) at world pos (224.0, 0.0, -416.0) (total chunks: 663)
[13:44:52] TERRAIN: Creating chunk: (-7.0, -13.0) at distance 13.89
[13:44:52] TERRAIN: Chunk (-7.0, -13.0): TRIMESH collision created successfully (distance: 13.89, vertices: 8)
[13:44:52] TERRAIN: Chunk created successfully: (-7.0, -13.0) at world pos (-224.0, 0.0, -416.0) (total chunks: 664)
[13:44:52] TERRAIN: Creating chunk: (-13.0, -7.0) at distance 14.32
[13:44:52] TERRAIN: Chunk (-13.0, -7.0): TRIMESH collision created successfully (distance: 14.32, vertices: 8)
[13:44:52] TERRAIN: Chunk created successfully: (-13.0, -7.0) at world pos (-416.0, 0.0, -224.0) (total chunks: 665)
[13:44:52] TERRAIN: Creating chunk: (14.0, -5.0) at distance 14.56
[13:44:52] TERRAIN: Chunk (14.0, -5.0): TRIMESH collision created successfully (distance: 14.56, vertices: 8)
[13:44:52] TERRAIN: Chunk created successfully: (14.0, -5.0) at world pos (448.0, 0.0, -160.0) (total chunks: 666)
[13:44:52] TERRAIN: Creating chunk: (11.0, -10.0) at distance 14.21
[13:44:52] TERRAIN: Chunk (11.0, -10.0): TRIMESH collision created successfully (distance: 14.21, vertices: 8)
[13:44:52] TERRAIN: Chunk created successfully: (11.0, -10.0) at world pos (352.0, 0.0, -320.0) (total chunks: 667)
[13:44:52] TERRAIN: Creating chunk: (10.0, -11.0) at distance 14.14
[13:44:52] TERRAIN: Chunk (10.0, -11.0): TRIMESH collision created successfully (distance: 14.14, vertices: 8)
[13:44:52] TERRAIN: Chunk created successfully: (10.0, -11.0) at world pos (320.0, 0.0, -352.0) (total chunks: 668)
[13:44:52] TERRAIN: Creating chunk: (5.0, -14.0) at distance 13.93
[13:44:52] TERRAIN: Chunk (5.0, -14.0): TRIMESH collision created successfully (distance: 13.93, vertices: 8)
[13:44:52] TERRAIN: Chunk created successfully: (5.0, -14.0) at world pos (160.0, 0.0, -448.0) (total chunks: 669)
[13:44:52] TERRAIN: Creating chunk: (-5.0, -14.0) at distance 13.93
[13:44:52] TERRAIN: Chunk (-5.0, -14.0): TRIMESH collision created successfully (distance: 13.93, vertices: 8)
[13:44:52] TERRAIN: Chunk created successfully: (-5.0, -14.0) at world pos (-160.0, 0.0, -448.0) (total chunks: 670)
[13:44:52] TERRAIN: Creating chunk: (-10.0, -11.0) at distance 14.14
[13:44:52] TERRAIN: Chunk (-10.0, -11.0): TRIMESH collision created successfully (distance: 14.14, vertices: 8)
[13:44:52] TERRAIN: Chunk created successfully: (-10.0, -11.0) at world pos (-320.0, 0.0, -352.0) (total chunks: 671)
[13:44:52] TERRAIN: Creating chunk: (-11.0, -10.0) at distance 14.21
[13:44:52] TERRAIN: Chunk (-11.0, -10.0): TRIMESH collision created successfully (distance: 14.21, vertices: 8)
[13:44:52] TERRAIN: Chunk created successfully: (-11.0, -10.0) at world pos (-352.0, 0.0, -320.0) (total chunks: 672)
[13:44:52] TERRAIN: Creating chunk: (-14.0, -5.0) at distance 14.56
[13:44:52] TERRAIN: Chunk (-14.0, -5.0): TRIMESH collision created successfully (distance: 14.56, vertices: 8)
[13:44:52] TERRAIN: Chunk created successfully: (-14.0, -5.0) at world pos (-448.0, 0.0, -160.0) (total chunks: 673)
[13:44:52] TERRAIN: Creating chunk: (12.0, -9.0) at distance 14.42
[13:44:52] TERRAIN: Chunk (12.0, -9.0): TRIMESH collision created successfully (distance: 14.42, vertices: 8)
[13:44:52] TERRAIN: Chunk created successfully: (12.0, -9.0) at world pos (384.0, 0.0, -288.0) (total chunks: 674)
[13:44:52] TERRAIN: Creating chunk: (9.0, -12.0) at distance 14.21
[13:44:52] TERRAIN: Chunk (9.0, -12.0): TRIMESH collision created successfully (distance: 14.21, vertices: 8)
[13:44:52] TERRAIN: Chunk created successfully: (9.0, -12.0) at world pos (288.0, 0.0, -384.0) (total chunks: 675)
[13:44:52] TERRAIN: Creating chunk: (0.0, -15.0) at distance 14.00
[13:44:52] TERRAIN: Chunk (0.0, -15.0): TRIMESH collision created successfully (distance: 14.00, vertices: 8)
[13:44:52] TERRAIN: Chunk created successfully: (0.0, -15.0) at world pos (0.0, 0.0, -480.0) (total chunks: 676)
[13:44:52] TERRAIN: Creating chunk: (-9.0, -12.0) at distance 14.21
[13:44:52] TERRAIN: Chunk (-9.0, -12.0): TRIMESH collision created successfully (distance: 14.21, vertices: 8)
[13:44:52] TERRAIN: Chunk created successfully: (-9.0, -12.0) at world pos (-288.0, 0.0, -384.0) (total chunks: 677)
[13:44:52] TERRAIN: Creating chunk: (-12.0, -9.0) at distance 14.42
[13:44:52] TERRAIN: Chunk (-12.0, -9.0): TRIMESH collision created successfully (distance: 14.42, vertices: 8)
[13:44:52] TERRAIN: Chunk created successfully: (-12.0, -9.0) at world pos (-384.0, 0.0, -288.0) (total chunks: 678)
[13:44:53] PLAYER: Pos: (1.337424, -0.03884, -12.1196) | Chunk: (0.0, -1.0) | TerrainHeight: -0.04 | HeightDiff: 0.00 | OnFloor: true
[13:44:54] PLAYER: Pos: (2.306025, -0.039964, -13.47591) | Chunk: (0.0, -1.0) | TerrainHeight: -0.04 | HeightDiff: 0.00 | OnFloor: true
[13:44:55] PLAYER: Pos: (4.388517, -0.043479, -16.39198) | Chunk: (0.0, -1.0) | TerrainHeight: -0.04 | HeightDiff: 0.00 | OnFloor: true
[13:44:56] PLAYER: Pos: (5.792989, -0.047288, -18.35863) | Chunk: (0.0, -1.0) | TerrainHeight: -0.05 | HeightDiff: 0.00 | OnFloor: true
[13:44:57] PLAYER: Pos: (7.245894, -0.052073, -20.39311) | Chunk: (0.0, -1.0) | TerrainHeight: -0.05 | HeightDiff: 0.00 | OnFloor: true
[13:44:58] PLAYER: Pos: (7.888945, -0.049989, -20.21742) | Chunk: (0.0, -1.0) | TerrainHeight: -0.05 | HeightDiff: -0.00 | OnFloor: true
[13:44:59] PLAYER: Pos: (11.29981, -0.039602, -19.90506) | Chunk: (0.0, -1.0) | TerrainHeight: -0.04 | HeightDiff: 0.00 | OnFloor: true
[13:45:00] PLAYER: Pos: (14.3355, -0.034366, -20.26467) | Chunk: (0.0, -1.0) | TerrainHeight: -0.04 | HeightDiff: 0.00 | OnFloor: true
[13:45:01] PLAYER: Pos: (17.46411, -0.032324, -19.77537) | Chunk: (0.0, -1.0) | TerrainHeight: -0.03 | HeightDiff: -0.00 | OnFloor: true
[13:45:02] PLAYER: Pos: (22.40406, -0.039355, -19.00278) | Chunk: (0.0, -1.0) | TerrainHeight: -0.04 | HeightDiff: -0.00 | OnFloor: true
[13:45:03] PLAYER: Pos: (25.12101, -0.035248, -18.57785) | Chunk: (0.0, -1.0) | TerrainHeight: -0.03 | HeightDiff: -0.00 | OnFloor: true
[13:45:04] PLAYER: Pos: (25.12101, -0.035248, -18.57785) | Chunk: (0.0, -1.0) | TerrainHeight: -0.03 | HeightDiff: -0.00 | OnFloor: true
[13:45:05] PLAYER: Pos: (25.12101, -0.035248, -18.57785) | Chunk: (0.0, -1.0) | TerrainHeight: -0.03 | HeightDiff: -0.00 | OnFloor: true
[13:45:06] PLAYER: Pos: (25.12101, -0.035248, -18.57785) | Chunk: (0.0, -1.0) | TerrainHeight: -0.03 | HeightDiff: -0.00 | OnFloor: true
[13:45:07] PLAYER: Pos: (25.12101, -0.035248, -18.57785) | Chunk: (0.0, -1.0) | TerrainHeight: -0.03 | HeightDiff: -0.00 | OnFloor: true
[13:45:08] PLAYER: Pos: (25.12101, -0.035248, -18.57785) | Chunk: (0.0, -1.0) | TerrainHeight: -0.03 | HeightDiff: -0.00 | OnFloor: true
[13:45:09] PLAYER: Pos: (25.12101, -0.035248, -18.57785) | Chunk: (0.0, -1.0) | TerrainHeight: -0.03 | HeightDiff: -0.00 | OnFloor: true
[13:45:10] PLAYER: Pos: (25.12101, -0.035248, -18.57785) | Chunk: (0.0, -1.0) | TerrainHeight: -0.03 | HeightDiff: -0.00 | OnFloor: true
[13:45:11] PLAYER: Pos: (25.12101, -0.035248, -18.57785) | Chunk: (0.0, -1.0) | TerrainHeight: -0.03 | HeightDiff: -0.00 | OnFloor: true
[13:45:12] PLAYER: Pos: (25.12101, -0.035248, -18.57785) | Chunk: (0.0, -1.0) | TerrainHeight: -0.03 | HeightDiff: -0.00 | OnFloor: true
[13:45:13] PLAYER: Pos: (25.12101, -0.035248, -18.57785) | Chunk: (0.0, -1.0) | TerrainHeight: -0.03 | HeightDiff: -0.00 | OnFloor: true
[13:45:13] INFO: === DEBUG SESSION ENDED ===
