[14:50:48] INFO: === DEBUG SESSION STARTED ===
[14:50:48] INFO: Timestamp: 20251127_145048
[14:50:48] INFO: Godot Version: { "major": 4, "minor": 5, "patch": 0, "hex": 263424, "status": "stable", "build": "official", "hash": "876b290332ec6f2e6d173d08162a02aa7e6ca46d", "timestamp": 0, "string": "4.5-stable (official)" }
[14:50:48] TERRAIN: Updating terrain for player chunk: (0.0, 0.0) (player pos: (0.0, 1.983667, 0.0))
[14:50:48] TERRAIN: Queuing 709 new chunks for generation
[14:50:48] TERRAIN: Queued chunk: (0.0, 0.0) (distance: 0.00)
[14:50:48] TERRAIN: Queued chunk: (0.0, -1.0) (distance: 1.00)
[14:50:48] TERRAIN: Queued chunk: (-1.0, 0.0) (distance: 1.00)
[14:50:48] TERRAIN: Queued chunk: (0.0, 1.0) (distance: 1.00)
[14:50:48] TERRAIN: Queued chunk: (1.0, 0.0) (distance: 1.00)
[14:50:48] TERRAIN: Queued chunk: (-1.0, 1.0) (distance: 1.41)
[14:50:48] TERRAIN: Queued chunk: (-1.0, -1.0) (distance: 1.41)
[14:50:48] TERRAIN: Queued chunk: (1.0, 1.0) (distance: 1.41)
[14:50:48] TERRAIN: Queued chunk: (1.0, -1.0) (distance: 1.41)
[14:50:48] TERRAIN: Queued chunk: (0.0, -2.0) (distance: 2.00)
[14:50:48] TERRAIN: Queued chunk: (0.0, 2.0) (distance: 2.00)
[14:50:48] TERRAIN: Queued chunk: (-2.0, 0.0) (distance: 2.00)
[14:50:48] TERRAIN: Queued chunk: (2.0, 0.0) (distance: 2.00)
[14:50:48] TERRAIN: Queued chunk: (-2.0, 1.0) (distance: 2.24)
[14:50:48] TERRAIN: Queued chunk: (-2.0, -1.0) (distance: 2.24)
[14:50:48] TERRAIN: Queued chunk: (1.0, 2.0) (distance: 2.24)
[14:50:48] TERRAIN: Queued chunk: (1.0, -2.0) (distance: 2.24)
[14:50:48] TERRAIN: Queued chunk: (-1.0, 2.0) (distance: 2.24)
[14:50:48] TERRAIN: Queued chunk: (2.0, 1.0) (distance: 2.24)
[14:50:48] TERRAIN: Queued chunk: (2.0, -1.0) (distance: 2.24)
[14:50:48] TERRAIN: Queued chunk: (-1.0, -2.0) (distance: 2.24)
[14:50:48] TERRAIN: Queued chunk: (2.0, 2.0) (distance: 2.83)
[14:50:48] TERRAIN: Queued chunk: (2.0, -2.0) (distance: 2.83)
[14:50:48] TERRAIN: Queued chunk: (-2.0, -2.0) (distance: 2.83)
[14:50:48] TERRAIN: Queued chunk: (-2.0, 2.0) (distance: 2.83)
[14:50:48] TERRAIN: Queued chunk: (0.0, -3.0) (distance: 3.00)
[14:50:48] TERRAIN: Queued chunk: (0.0, 3.0) (distance: 3.00)
[14:50:48] TERRAIN: Queued chunk: (3.0, 0.0) (distance: 3.00)
[14:50:48] TERRAIN: Queued chunk: (-3.0, 0.0) (distance: 3.00)
[14:50:48] TERRAIN: Queued chunk: (1.0, 3.0) (distance: 3.16)
[14:50:48] TERRAIN: Queued chunk: (-1.0, -3.0) (distance: 3.16)
[14:50:48] TERRAIN: Queued chunk: (-3.0, -1.0) (distance: 3.16)
[14:50:48] TERRAIN: Queued chunk: (3.0, -1.0) (distance: 3.16)
[14:50:48] TERRAIN: Queued chunk: (3.0, 1.0) (distance: 3.16)
[14:50:48] TERRAIN: Queued chunk: (-3.0, 1.0) (distance: 3.16)
[14:50:48] TERRAIN: Queued chunk: (1.0, -3.0) (distance: 3.16)
[14:50:48] TERRAIN: Queued chunk: (-1.0, 3.0) (distance: 3.16)
[14:50:48] TERRAIN: Queued chunk: (-3.0, -2.0) (distance: 3.61)
[14:50:48] TERRAIN: Queued chunk: (-3.0, 2.0) (distance: 3.61)
[14:50:48] TERRAIN: Queued chunk: (2.0, -3.0) (distance: 3.61)
[14:50:48] TERRAIN: Queued chunk: (2.0, 3.0) (distance: 3.61)
[14:50:48] TERRAIN: Queued chunk: (-2.0, -3.0) (distance: 3.61)
[14:50:48] TERRAIN: Queued chunk: (3.0, 2.0) (distance: 3.61)
[14:50:48] TERRAIN: Queued chunk: (-2.0, 3.0) (distance: 3.61)
[14:50:48] TERRAIN: Queued chunk: (3.0, -2.0) (distance: 3.61)
[14:50:48] TERRAIN: Queued chunk: (4.0, 0.0) (distance: 4.00)
[14:50:48] TERRAIN: Queued chunk: (0.0, -4.0) (distance: 4.00)
[14:50:48] TERRAIN: Queued chunk: (0.0, 4.0) (distance: 4.00)
[14:50:48] TERRAIN: Queued chunk: (-4.0, 0.0) (distance: 4.00)
[14:50:48] TERRAIN: Queued chunk: (1.0, -4.0) (distance: 4.12)
[14:50:48] TERRAIN: Queued chunk: (-1.0, 4.0) (distance: 4.12)
[14:50:48] TERRAIN: Queued chunk: (1.0, 4.0) (distance: 4.12)
[14:50:48] TERRAIN: Queued chunk: (-4.0, -1.0) (distance: 4.12)
[14:50:48] TERRAIN: Queued chunk: (-1.0, -4.0) (distance: 4.12)
[14:50:48] TERRAIN: Queued chunk: (-4.0, 1.0) (distance: 4.12)
[14:50:48] TERRAIN: Queued chunk: (4.0, -1.0) (distance: 4.12)
[14:50:48] TERRAIN: Queued chunk: (4.0, 1.0) (distance: 4.12)
[14:50:48] TERRAIN: Queued chunk: (3.0, -3.0) (distance: 4.24)
[14:50:48] TERRAIN: Queued chunk: (3.0, 3.0) (distance: 4.24)
[14:50:48] TERRAIN: Queued chunk: (-3.0, -3.0) (distance: 4.24)
[14:50:48] TERRAIN: Queued chunk: (-3.0, 3.0) (distance: 4.24)
[14:50:48] TERRAIN: Queued chunk: (-4.0, -2.0) (distance: 4.47)
[14:50:48] TERRAIN: Queued chunk: (-4.0, 2.0) (distance: 4.47)
[14:50:48] TERRAIN: Queued chunk: (4.0, 2.0) (distance: 4.47)
[14:50:48] TERRAIN: Queued chunk: (4.0, -2.0) (distance: 4.47)
[14:50:48] TERRAIN: Queued chunk: (-2.0, -4.0) (distance: 4.47)
[14:50:48] TERRAIN: Queued chunk: (-2.0, 4.0) (distance: 4.47)
[14:50:48] TERRAIN: Queued chunk: (2.0, 4.0) (distance: 4.47)
[14:50:48] TERRAIN: Queued chunk: (2.0, -4.0) (distance: 4.47)
[14:50:48] TERRAIN: Queued chunk: (0.0, -5.0) (distance: 5.00)
[14:50:48] TERRAIN: Queued chunk: (-3.0, 4.0) (distance: 5.00)
[14:50:48] TERRAIN: Queued chunk: (-3.0, -4.0) (distance: 5.00)
[14:50:48] TERRAIN: Queued chunk: (-4.0, 3.0) (distance: 5.00)
[14:50:48] TERRAIN: Queued chunk: (-4.0, -3.0) (distance: 5.00)
[14:50:48] TERRAIN: Queued chunk: (3.0, -4.0) (distance: 5.00)
[14:50:48] TERRAIN: Queued chunk: (3.0, 4.0) (distance: 5.00)
[14:50:48] TERRAIN: Queued chunk: (-5.0, 0.0) (distance: 5.00)
[14:50:48] TERRAIN: Queued chunk: (5.0, 0.0) (distance: 5.00)
[14:50:48] TERRAIN: Queued chunk: (0.0, 5.0) (distance: 5.00)
[14:50:48] TERRAIN: Queued chunk: (4.0, -3.0) (distance: 5.00)
[14:50:48] TERRAIN: Queued chunk: (4.0, 3.0) (distance: 5.00)
[14:50:48] TERRAIN: Queued chunk: (5.0, 1.0) (distance: 5.10)
[14:50:48] TERRAIN: Queued chunk: (-1.0, 5.0) (distance: 5.10)
[14:50:48] TERRAIN: Queued chunk: (-5.0, -1.0) (distance: 5.10)
[14:50:48] TERRAIN: Queued chunk: (1.0, -5.0) (distance: 5.10)
[14:50:48] TERRAIN: Queued chunk: (1.0, 5.0) (distance: 5.10)
[14:50:48] TERRAIN: Queued chunk: (5.0, -1.0) (distance: 5.10)
[14:50:48] TERRAIN: Queued chunk: (-5.0, 1.0) (distance: 5.10)
[14:50:48] TERRAIN: Queued chunk: (-1.0, -5.0) (distance: 5.10)
[14:50:48] TERRAIN: Queued chunk: (-5.0, 2.0) (distance: 5.39)
[14:50:48] TERRAIN: Queued chunk: (5.0, -2.0) (distance: 5.39)
[14:50:48] TERRAIN: Queued chunk: (-2.0, 5.0) (distance: 5.39)
[14:50:48] TERRAIN: Queued chunk: (2.0, 5.0) (distance: 5.39)
[14:50:48] TERRAIN: Queued chunk: (2.0, -5.0) (distance: 5.39)
[14:50:48] TERRAIN: Queued chunk: (-2.0, -5.0) (distance: 5.39)
[14:50:48] TERRAIN: Queued chunk: (-5.0, -2.0) (distance: 5.39)
[14:50:48] TERRAIN: Queued chunk: (5.0, 2.0) (distance: 5.39)
[14:50:48] TERRAIN: Queued chunk: (4.0, 4.0) (distance: 5.66)
[14:50:48] TERRAIN: Queued chunk: (4.0, -4.0) (distance: 5.66)
[14:50:48] TERRAIN: Queued chunk: (-4.0, -4.0) (distance: 5.66)
[14:50:48] TERRAIN: Queued chunk: (-4.0, 4.0) (distance: 5.66)
[14:50:48] TERRAIN: Queued chunk: (3.0, -5.0) (distance: 5.83)
[14:50:48] TERRAIN: Queued chunk: (-3.0, -5.0) (distance: 5.83)
[14:50:48] TERRAIN: Queued chunk: (3.0, 5.0) (distance: 5.83)
[14:50:48] TERRAIN: Queued chunk: (5.0, -3.0) (distance: 5.83)
[14:50:48] TERRAIN: Queued chunk: (-5.0, 3.0) (distance: 5.83)
[14:50:48] TERRAIN: Queued chunk: (-3.0, 5.0) (distance: 5.83)
[14:50:48] TERRAIN: Queued chunk: (5.0, 3.0) (distance: 5.83)
[14:50:48] TERRAIN: Queued chunk: (-5.0, -3.0) (distance: 5.83)
[14:50:48] TERRAIN: Queued chunk: (-6.0, 0.0) (distance: 6.00)
[14:50:48] TERRAIN: Queued chunk: (6.0, 0.0) (distance: 6.00)
[14:50:48] TERRAIN: Queued chunk: (0.0, -6.0) (distance: 6.00)
[14:50:48] TERRAIN: Queued chunk: (0.0, 6.0) (distance: 6.00)
[14:50:48] TERRAIN: Queued chunk: (6.0, -1.0) (distance: 6.08)
[14:50:48] TERRAIN: Queued chunk: (-6.0, 1.0) (distance: 6.08)
[14:50:48] TERRAIN: Queued chunk: (-1.0, 6.0) (distance: 6.08)
[14:50:48] TERRAIN: Queued chunk: (1.0, -6.0) (distance: 6.08)
[14:50:48] TERRAIN: Queued chunk: (1.0, 6.0) (distance: 6.08)
[14:50:48] TERRAIN: Queued chunk: (-1.0, -6.0) (distance: 6.08)
[14:50:48] TERRAIN: Queued chunk: (-6.0, -1.0) (distance: 6.08)
[14:50:48] TERRAIN: Queued chunk: (6.0, 1.0) (distance: 6.08)
[14:50:48] TERRAIN: Queued chunk: (-2.0, 6.0) (distance: 6.32)
[14:50:48] TERRAIN: Queued chunk: (6.0, -2.0) (distance: 6.32)
[14:50:48] TERRAIN: Queued chunk: (6.0, 2.0) (distance: 6.32)
[14:50:48] TERRAIN: Queued chunk: (2.0, 6.0) (distance: 6.32)
[14:50:48] TERRAIN: Queued chunk: (2.0, -6.0) (distance: 6.32)
[14:50:48] TERRAIN: Queued chunk: (-2.0, -6.0) (distance: 6.32)
[14:50:48] TERRAIN: Queued chunk: (-6.0, -2.0) (distance: 6.32)
[14:50:48] TERRAIN: Queued chunk: (-6.0, 2.0) (distance: 6.32)
[14:50:48] TERRAIN: Queued chunk: (-4.0, -5.0) (distance: 6.40)
[14:50:48] TERRAIN: Queued chunk: (-5.0, 4.0) (distance: 6.40)
[14:50:48] TERRAIN: Queued chunk: (-5.0, -4.0) (distance: 6.40)
[14:50:48] TERRAIN: Queued chunk: (-4.0, 5.0) (distance: 6.40)
[14:50:48] TERRAIN: Queued chunk: (4.0, -5.0) (distance: 6.40)
[14:50:48] TERRAIN: Queued chunk: (4.0, 5.0) (distance: 6.40)
[14:50:48] TERRAIN: Queued chunk: (5.0, -4.0) (distance: 6.40)
[14:50:48] TERRAIN: Queued chunk: (5.0, 4.0) (distance: 6.40)
[14:50:48] TERRAIN: Queued chunk: (-3.0, -6.0) (distance: 6.71)
[14:50:48] TERRAIN: Queued chunk: (-3.0, 6.0) (distance: 6.71)
[14:50:48] TERRAIN: Queued chunk: (6.0, -3.0) (distance: 6.71)
[14:50:48] TERRAIN: Queued chunk: (6.0, 3.0) (distance: 6.71)
[14:50:48] TERRAIN: Queued chunk: (-6.0, 3.0) (distance: 6.71)
[14:50:48] TERRAIN: Queued chunk: (3.0, -6.0) (distance: 6.71)
[14:50:48] TERRAIN: Queued chunk: (3.0, 6.0) (distance: 6.71)
[14:50:48] TERRAIN: Queued chunk: (-6.0, -3.0) (distance: 6.71)
[14:50:48] TERRAIN: Queued chunk: (-7.0, 0.0) (distance: 7.00)
[14:50:48] TERRAIN: Queued chunk: (0.0, -7.0) (distance: 7.00)
[14:50:48] TERRAIN: Queued chunk: (0.0, 7.0) (distance: 7.00)
[14:50:48] TERRAIN: Queued chunk: (7.0, 0.0) (distance: 7.00)
[14:50:48] TERRAIN: Queued chunk: (-5.0, -5.0) (distance: 7.07)
[14:50:48] TERRAIN: Queued chunk: (-5.0, 5.0) (distance: 7.07)
[14:50:48] TERRAIN: Queued chunk: (-1.0, -7.0) (distance: 7.07)
[14:50:48] TERRAIN: Queued chunk: (-1.0, 7.0) (distance: 7.07)
[14:50:48] TERRAIN: Queued chunk: (1.0, -7.0) (distance: 7.07)
[14:50:48] TERRAIN: Queued chunk: (1.0, 7.0) (distance: 7.07)
[14:50:48] TERRAIN: Queued chunk: (5.0, -5.0) (distance: 7.07)
[14:50:48] TERRAIN: Queued chunk: (5.0, 5.0) (distance: 7.07)
[14:50:48] TERRAIN: Queued chunk: (7.0, 1.0) (distance: 7.07)
[14:50:48] TERRAIN: Queued chunk: (7.0, -1.0) (distance: 7.07)
[14:50:48] TERRAIN: Queued chunk: (-7.0, 1.0) (distance: 7.07)
[14:50:48] TERRAIN: Queued chunk: (-7.0, -1.0) (distance: 7.07)
[14:50:48] TERRAIN: Queued chunk: (-4.0, 6.0) (distance: 7.21)
[14:50:48] TERRAIN: Queued chunk: (4.0, -6.0) (distance: 7.21)
[14:50:48] TERRAIN: Queued chunk: (-6.0, 4.0) (distance: 7.21)
[14:50:48] TERRAIN: Queued chunk: (-6.0, -4.0) (distance: 7.21)
[14:50:48] TERRAIN: Queued chunk: (4.0, 6.0) (distance: 7.21)
[14:50:48] TERRAIN: Queued chunk: (6.0, 4.0) (distance: 7.21)
[14:50:48] TERRAIN: Queued chunk: (6.0, -4.0) (distance: 7.21)
[14:50:48] TERRAIN: Queued chunk: (-4.0, -6.0) (distance: 7.21)
[14:50:48] TERRAIN: Queued chunk: (-7.0, 2.0) (distance: 7.28)
[14:50:48] TERRAIN: Queued chunk: (2.0, -7.0) (distance: 7.28)
[14:50:48] TERRAIN: Queued chunk: (-7.0, -2.0) (distance: 7.28)
[14:50:48] TERRAIN: Queued chunk: (-2.0, -7.0) (distance: 7.28)
[14:50:48] TERRAIN: Queued chunk: (7.0, 2.0) (distance: 7.28)
[14:50:48] TERRAIN: Queued chunk: (-2.0, 7.0) (distance: 7.28)
[14:50:48] TERRAIN: Queued chunk: (7.0, -2.0) (distance: 7.28)
[14:50:48] TERRAIN: Queued chunk: (2.0, 7.0) (distance: 7.28)
[14:50:48] TERRAIN: Queued chunk: (-7.0, -3.0) (distance: 7.62)
[14:50:48] TERRAIN: Queued chunk: (-3.0, -7.0) (distance: 7.62)
[14:50:48] TERRAIN: Queued chunk: (-7.0, 3.0) (distance: 7.62)
[14:50:48] TERRAIN: Queued chunk: (-3.0, 7.0) (distance: 7.62)
[14:50:48] TERRAIN: Queued chunk: (3.0, -7.0) (distance: 7.62)
[14:50:48] TERRAIN: Queued chunk: (7.0, 3.0) (distance: 7.62)
[14:50:48] TERRAIN: Queued chunk: (7.0, -3.0) (distance: 7.62)
[14:50:48] TERRAIN: Queued chunk: (3.0, 7.0) (distance: 7.62)
[14:50:48] TERRAIN: Queued chunk: (-5.0, -6.0) (distance: 7.81)
[14:50:48] TERRAIN: Queued chunk: (-5.0, 6.0) (distance: 7.81)
[14:50:48] TERRAIN: Queued chunk: (-6.0, 5.0) (distance: 7.81)
[14:50:48] TERRAIN: Queued chunk: (-6.0, -5.0) (distance: 7.81)
[14:50:48] TERRAIN: Queued chunk: (5.0, -6.0) (distance: 7.81)
[14:50:48] TERRAIN: Queued chunk: (6.0, -5.0) (distance: 7.81)
[14:50:48] TERRAIN: Queued chunk: (5.0, 6.0) (distance: 7.81)
[14:50:48] TERRAIN: Queued chunk: (6.0, 5.0) (distance: 7.81)
[14:50:48] TERRAIN: Queued chunk: (8.0, 0.0) (distance: 8.00)
[14:50:48] TERRAIN: Queued chunk: (-8.0, 0.0) (distance: 8.00)
[14:50:48] TERRAIN: Queued chunk: (0.0, -8.0) (distance: 8.00)
[14:50:48] TERRAIN: Queued chunk: (0.0, 8.0) (distance: 8.00)
[14:50:48] TERRAIN: Queued chunk: (8.0, 1.0) (distance: 8.06)
[14:50:48] TERRAIN: Queued chunk: (-1.0, 8.0) (distance: 8.06)
[14:50:48] TERRAIN: Queued chunk: (-1.0, -8.0) (distance: 8.06)
[14:50:48] TERRAIN: Queued chunk: (1.0, -8.0) (distance: 8.06)
[14:50:48] TERRAIN: Queued chunk: (-4.0, -7.0) (distance: 8.06)
[14:50:48] TERRAIN: Queued chunk: (1.0, 8.0) (distance: 8.06)
[14:50:48] TERRAIN: Queued chunk: (-8.0, 1.0) (distance: 8.06)
[14:50:48] TERRAIN: Queued chunk: (8.0, -1.0) (distance: 8.06)
[14:50:48] TERRAIN: Queued chunk: (-8.0, -1.0) (distance: 8.06)
[14:50:48] TERRAIN: Queued chunk: (-4.0, 7.0) (distance: 8.06)
[14:50:48] TERRAIN: Queued chunk: (7.0, -4.0) (distance: 8.06)
[14:50:48] TERRAIN: Queued chunk: (4.0, 7.0) (distance: 8.06)
[14:50:48] TERRAIN: Queued chunk: (-7.0, -4.0) (distance: 8.06)
[14:50:48] TERRAIN: Queued chunk: (7.0, 4.0) (distance: 8.06)
[14:50:48] TERRAIN: Queued chunk: (4.0, -7.0) (distance: 8.06)
[14:50:48] TERRAIN: Queued chunk: (-7.0, 4.0) (distance: 8.06)
[14:50:48] TERRAIN: Queued chunk: (-8.0, -2.0) (distance: 8.25)
[14:50:48] TERRAIN: Queued chunk: (2.0, 8.0) (distance: 8.25)
[14:50:48] TERRAIN: Queued chunk: (-8.0, 2.0) (distance: 8.25)
[14:50:48] TERRAIN: Queued chunk: (2.0, -8.0) (distance: 8.25)
[14:50:48] TERRAIN: Queued chunk: (8.0, -2.0) (distance: 8.25)
[14:50:48] TERRAIN: Queued chunk: (-2.0, -8.0) (distance: 8.25)
[14:50:48] TERRAIN: Queued chunk: (-2.0, 8.0) (distance: 8.25)
[14:50:48] TERRAIN: Queued chunk: (8.0, 2.0) (distance: 8.25)
[14:50:48] TERRAIN: Queued chunk: (-6.0, 6.0) (distance: 8.49)
[14:50:48] TERRAIN: Queued chunk: (6.0, -6.0) (distance: 8.49)
[14:50:48] TERRAIN: Queued chunk: (6.0, 6.0) (distance: 8.49)
[14:50:48] TERRAIN: Queued chunk: (-6.0, -6.0) (distance: 8.49)
[14:50:48] TERRAIN: Queued chunk: (-8.0, 3.0) (distance: 8.54)
[14:50:48] TERRAIN: Queued chunk: (-3.0, -8.0) (distance: 8.54)
[14:50:48] TERRAIN: Queued chunk: (3.0, 8.0) (distance: 8.54)
[14:50:48] TERRAIN: Queued chunk: (-3.0, 8.0) (distance: 8.54)
[14:50:48] TERRAIN: Queued chunk: (8.0, -3.0) (distance: 8.54)
[14:50:48] TERRAIN: Queued chunk: (3.0, -8.0) (distance: 8.54)
[14:50:48] TERRAIN: Queued chunk: (-8.0, -3.0) (distance: 8.54)
[14:50:48] TERRAIN: Queued chunk: (8.0, 3.0) (distance: 8.54)
[14:50:48] TERRAIN: Queued chunk: (-7.0, -5.0) (distance: 8.60)
[14:50:48] TERRAIN: Queued chunk: (5.0, -7.0) (distance: 8.60)
[14:50:48] TERRAIN: Queued chunk: (-5.0, 7.0) (distance: 8.60)
[14:50:48] TERRAIN: Queued chunk: (7.0, -5.0) (distance: 8.60)
[14:50:48] TERRAIN: Queued chunk: (-7.0, 5.0) (distance: 8.60)
[14:50:48] TERRAIN: Queued chunk: (7.0, 5.0) (distance: 8.60)
[14:50:48] TERRAIN: Queued chunk: (5.0, 7.0) (distance: 8.60)
[14:50:48] TERRAIN: Queued chunk: (-5.0, -7.0) (distance: 8.60)
[14:50:48] TERRAIN: Queued chunk: (8.0, 4.0) (distance: 8.94)
[14:50:48] TERRAIN: Queued chunk: (4.0, 8.0) (distance: 8.94)
[14:50:48] TERRAIN: Queued chunk: (-4.0, 8.0) (distance: 8.94)
[14:50:48] TERRAIN: Queued chunk: (4.0, -8.0) (distance: 8.94)
[14:50:48] TERRAIN: Queued chunk: (-8.0, -4.0) (distance: 8.94)
[14:50:48] TERRAIN: Queued chunk: (8.0, -4.0) (distance: 8.94)
[14:50:48] TERRAIN: Queued chunk: (-4.0, -8.0) (distance: 8.94)
[14:50:48] TERRAIN: Queued chunk: (-8.0, 4.0) (distance: 8.94)
[14:50:48] TERRAIN: Queued chunk: (9.0, 0.0) (distance: 9.00)
[14:50:48] TERRAIN: Queued chunk: (-9.0, 0.0) (distance: 9.00)
[14:50:48] TERRAIN: Queued chunk: (0.0, -9.0) (distance: 9.00)
[14:50:48] TERRAIN: Queued chunk: (0.0, 9.0) (distance: 9.00)
[14:50:48] TERRAIN: Queued chunk: (9.0, 1.0) (distance: 9.06)
[14:50:48] TERRAIN: Queued chunk: (1.0, 9.0) (distance: 9.06)
[14:50:48] TERRAIN: Queued chunk: (9.0, -1.0) (distance: 9.06)
[14:50:48] TERRAIN: Queued chunk: (1.0, -9.0) (distance: 9.06)
[14:50:48] TERRAIN: Queued chunk: (-1.0, -9.0) (distance: 9.06)
[14:50:48] TERRAIN: Queued chunk: (-9.0, -1.0) (distance: 9.06)
[14:50:48] TERRAIN: Queued chunk: (-9.0, 1.0) (distance: 9.06)
[14:50:48] TERRAIN: Queued chunk: (-1.0, 9.0) (distance: 9.06)
[14:50:48] TERRAIN: Queued chunk: (-9.0, -2.0) (distance: 9.22)
[14:50:48] TERRAIN: Queued chunk: (6.0, 7.0) (distance: 9.22)
[14:50:48] TERRAIN: Queued chunk: (-9.0, 2.0) (distance: 9.22)
[14:50:48] TERRAIN: Queued chunk: (9.0, 2.0) (distance: 9.22)
[14:50:48] TERRAIN: Queued chunk: (-2.0, -9.0) (distance: 9.22)
[14:50:48] TERRAIN: Queued chunk: (-6.0, -7.0) (distance: 9.22)
[14:50:48] TERRAIN: Queued chunk: (2.0, -9.0) (distance: 9.22)
[14:50:48] TERRAIN: Queued chunk: (-2.0, 9.0) (distance: 9.22)
[14:50:48] TERRAIN: Queued chunk: (-7.0, 6.0) (distance: 9.22)
[14:50:48] TERRAIN: Queued chunk: (-7.0, -6.0) (distance: 9.22)
[14:50:48] TERRAIN: Queued chunk: (7.0, -6.0) (distance: 9.22)
[14:50:48] TERRAIN: Queued chunk: (2.0, 9.0) (distance: 9.22)
[14:50:48] TERRAIN: Queued chunk: (-6.0, 7.0) (distance: 9.22)
[14:50:48] TERRAIN: Queued chunk: (9.0, -2.0) (distance: 9.22)
[14:50:48] TERRAIN: Queued chunk: (7.0, 6.0) (distance: 9.22)
[14:50:48] TERRAIN: Queued chunk: (6.0, -7.0) (distance: 9.22)
[14:50:48] TERRAIN: Queued chunk: (-5.0, -8.0) (distance: 9.43)
[14:50:48] TERRAIN: Queued chunk: (8.0, -5.0) (distance: 9.43)
[14:50:48] TERRAIN: Queued chunk: (5.0, 8.0) (distance: 9.43)
[14:50:48] TERRAIN: Queued chunk: (-8.0, -5.0) (distance: 9.43)
[14:50:48] TERRAIN: Queued chunk: (8.0, 5.0) (distance: 9.43)
[14:50:48] TERRAIN: Queued chunk: (-8.0, 5.0) (distance: 9.43)
[14:50:48] TERRAIN: Queued chunk: (-5.0, 8.0) (distance: 9.43)
[14:50:48] TERRAIN: Queued chunk: (5.0, -8.0) (distance: 9.43)
[14:50:48] TERRAIN: Queued chunk: (-9.0, -3.0) (distance: 9.49)
[14:50:48] TERRAIN: Queued chunk: (9.0, -3.0) (distance: 9.49)
[14:50:48] TERRAIN: Queued chunk: (-9.0, 3.0) (distance: 9.49)
[14:50:48] TERRAIN: Queued chunk: (3.0, 9.0) (distance: 9.49)
[14:50:48] TERRAIN: Queued chunk: (-3.0, -9.0) (distance: 9.49)
[14:50:48] TERRAIN: Queued chunk: (-3.0, 9.0) (distance: 9.49)
[14:50:48] TERRAIN: Queued chunk: (3.0, -9.0) (distance: 9.49)
[14:50:48] TERRAIN: Queued chunk: (9.0, 3.0) (distance: 9.49)
[14:50:48] TERRAIN: Queued chunk: (-9.0, 4.0) (distance: 9.85)
[14:50:48] TERRAIN: Queued chunk: (-4.0, -9.0) (distance: 9.85)
[14:50:48] TERRAIN: Queued chunk: (9.0, -4.0) (distance: 9.85)
[14:50:48] TERRAIN: Queued chunk: (9.0, 4.0) (distance: 9.85)
[14:50:48] TERRAIN: Queued chunk: (-9.0, -4.0) (distance: 9.85)
[14:50:48] TERRAIN: Queued chunk: (4.0, 9.0) (distance: 9.85)
[14:50:48] TERRAIN: Queued chunk: (-4.0, 9.0) (distance: 9.85)
[14:50:48] TERRAIN: Queued chunk: (4.0, -9.0) (distance: 9.85)
[14:50:48] TERRAIN: Queued chunk: (7.0, -7.0) (distance: 9.90)
[14:50:48] TERRAIN: Queued chunk: (-7.0, -7.0) (distance: 9.90)
[14:50:48] TERRAIN: Queued chunk: (7.0, 7.0) (distance: 9.90)
[14:50:48] TERRAIN: Queued chunk: (-7.0, 7.0) (distance: 9.90)
[14:50:48] TERRAIN: Queued chunk: (-6.0, 8.0) (distance: 10.00)
[14:50:48] TERRAIN: Queued chunk: (-8.0, -6.0) (distance: 10.00)
[14:50:48] TERRAIN: Queued chunk: (6.0, -8.0) (distance: 10.00)
[14:50:48] TERRAIN: Queued chunk: (0.0, -10.0) (distance: 10.00)
[14:50:48] TERRAIN: Queued chunk: (8.0, 6.0) (distance: 10.00)
[14:50:48] TERRAIN: Queued chunk: (-8.0, 6.0) (distance: 10.00)
[14:50:48] TERRAIN: Queued chunk: (6.0, 8.0) (distance: 10.00)
[14:50:48] TERRAIN: Queued chunk: (-10.0, 0.0) (distance: 10.00)
[14:50:48] TERRAIN: Queued chunk: (10.0, 0.0) (distance: 10.00)
[14:50:48] TERRAIN: Queued chunk: (-6.0, -8.0) (distance: 10.00)
[14:50:48] TERRAIN: Queued chunk: (8.0, -6.0) (distance: 10.00)
[14:50:48] TERRAIN: Queued chunk: (0.0, 10.0) (distance: 10.00)
[14:50:48] TERRAIN: Queued chunk: (-10.0, -1.0) (distance: 10.05)
[14:50:48] TERRAIN: Queued chunk: (-1.0, 10.0) (distance: 10.05)
[14:50:48] TERRAIN: Queued chunk: (1.0, 10.0) (distance: 10.05)
[14:50:48] TERRAIN: Queued chunk: (1.0, -10.0) (distance: 10.05)
[14:50:48] TERRAIN: Queued chunk: (-10.0, 1.0) (distance: 10.05)
[14:50:48] TERRAIN: Queued chunk: (-1.0, -10.0) (distance: 10.05)
[14:50:48] TERRAIN: Queued chunk: (10.0, 1.0) (distance: 10.05)
[14:50:48] TERRAIN: Queued chunk: (10.0, -1.0) (distance: 10.05)
[14:50:48] TERRAIN: Queued chunk: (2.0, 10.0) (distance: 10.20)
[14:50:48] TERRAIN: Queued chunk: (-2.0, 10.0) (distance: 10.20)
[14:50:48] TERRAIN: Queued chunk: (-10.0, -2.0) (distance: 10.20)
[14:50:48] TERRAIN: Queued chunk: (10.0, -2.0) (distance: 10.20)
[14:50:48] TERRAIN: Queued chunk: (-2.0, -10.0) (distance: 10.20)
[14:50:48] TERRAIN: Queued chunk: (-10.0, 2.0) (distance: 10.20)
[14:50:48] TERRAIN: Queued chunk: (2.0, -10.0) (distance: 10.20)
[14:50:48] TERRAIN: Queued chunk: (10.0, 2.0) (distance: 10.20)
[14:50:48] TERRAIN: Queued chunk: (9.0, -5.0) (distance: 10.30)
[14:50:48] TERRAIN: Queued chunk: (9.0, 5.0) (distance: 10.30)
[14:50:48] TERRAIN: Queued chunk: (5.0, 9.0) (distance: 10.30)
[14:50:48] TERRAIN: Queued chunk: (-9.0, -5.0) (distance: 10.30)
[14:50:48] TERRAIN: Queued chunk: (5.0, -9.0) (distance: 10.30)
[14:50:48] TERRAIN: Queued chunk: (-5.0, -9.0) (distance: 10.30)
[14:50:48] TERRAIN: Queued chunk: (-9.0, 5.0) (distance: 10.30)
[14:50:48] TERRAIN: Queued chunk: (-5.0, 9.0) (distance: 10.30)
[14:50:48] TERRAIN: Queued chunk: (10.0, -3.0) (distance: 10.44)
[14:50:48] TERRAIN: Queued chunk: (-3.0, -10.0) (distance: 10.44)
[14:50:48] TERRAIN: Queued chunk: (-10.0, -3.0) (distance: 10.44)
[14:50:48] TERRAIN: Queued chunk: (3.0, 10.0) (distance: 10.44)
[14:50:48] TERRAIN: Queued chunk: (-10.0, 3.0) (distance: 10.44)
[14:50:48] TERRAIN: Queued chunk: (10.0, 3.0) (distance: 10.44)
[14:50:48] TERRAIN: Queued chunk: (3.0, -10.0) (distance: 10.44)
[14:50:48] TERRAIN: Queued chunk: (-3.0, 10.0) (distance: 10.44)
[14:50:48] TERRAIN: Queued chunk: (8.0, -7.0) (distance: 10.63)
[14:50:48] TERRAIN: Queued chunk: (7.0, 8.0) (distance: 10.63)
[14:50:48] TERRAIN: Queued chunk: (-8.0, 7.0) (distance: 10.63)
[14:50:48] TERRAIN: Queued chunk: (-8.0, -7.0) (distance: 10.63)
[14:50:48] TERRAIN: Queued chunk: (-7.0, 8.0) (distance: 10.63)
[14:50:48] TERRAIN: Queued chunk: (-7.0, -8.0) (distance: 10.63)
[14:50:48] TERRAIN: Queued chunk: (7.0, -8.0) (distance: 10.63)
[14:50:48] TERRAIN: Queued chunk: (8.0, 7.0) (distance: 10.63)
[14:50:48] TERRAIN: Queued chunk: (10.0, -4.0) (distance: 10.77)
[14:50:48] TERRAIN: Queued chunk: (-10.0, 4.0) (distance: 10.77)
[14:50:48] TERRAIN: Queued chunk: (10.0, 4.0) (distance: 10.77)
[14:50:48] TERRAIN: Queued chunk: (4.0, 10.0) (distance: 10.77)
[14:50:48] TERRAIN: Queued chunk: (-4.0, -10.0) (distance: 10.77)
[14:50:48] TERRAIN: Queued chunk: (-4.0, 10.0) (distance: 10.77)
[14:50:48] TERRAIN: Queued chunk: (-10.0, -4.0) (distance: 10.77)
[14:50:48] TERRAIN: Queued chunk: (4.0, -10.0) (distance: 10.77)
[14:50:48] TERRAIN: Queued chunk: (-9.0, 6.0) (distance: 10.82)
[14:50:48] TERRAIN: Queued chunk: (-9.0, -6.0) (distance: 10.82)
[14:50:48] TERRAIN: Queued chunk: (-6.0, 9.0) (distance: 10.82)
[14:50:48] TERRAIN: Queued chunk: (9.0, -6.0) (distance: 10.82)
[14:50:48] TERRAIN: Queued chunk: (9.0, 6.0) (distance: 10.82)
[14:50:48] TERRAIN: Queued chunk: (6.0, 9.0) (distance: 10.82)
[14:50:48] TERRAIN: Queued chunk: (6.0, -9.0) (distance: 10.82)
[14:50:48] TERRAIN: Queued chunk: (-6.0, -9.0) (distance: 10.82)
[14:50:48] TERRAIN: Queued chunk: (11.0, 0.0) (distance: 11.00)
[14:50:48] TERRAIN: Queued chunk: (-11.0, 0.0) (distance: 11.00)
[14:50:48] TERRAIN: Queued chunk: (0.0, 11.0) (distance: 11.00)
[14:50:48] TERRAIN: Queued chunk: (0.0, -11.0) (distance: 11.00)
[14:50:48] TERRAIN: Queued chunk: (1.0, -11.0) (distance: 11.05)
[14:50:48] TERRAIN: Queued chunk: (-1.0, 11.0) (distance: 11.05)
[14:50:48] TERRAIN: Queued chunk: (1.0, 11.0) (distance: 11.05)
[14:50:48] TERRAIN: Queued chunk: (-11.0, -1.0) (distance: 11.05)
[14:50:48] TERRAIN: Queued chunk: (11.0, -1.0) (distance: 11.05)
[14:50:48] TERRAIN: Queued chunk: (-1.0, -11.0) (distance: 11.05)
[14:50:48] TERRAIN: Queued chunk: (-11.0, 1.0) (distance: 11.05)
[14:50:48] TERRAIN: Queued chunk: (11.0, 1.0) (distance: 11.05)
[14:50:48] TERRAIN: Queued chunk: (2.0, -11.0) (distance: 11.18)
[14:50:48] TERRAIN: Queued chunk: (11.0, -2.0) (distance: 11.18)
[14:50:48] TERRAIN: Queued chunk: (10.0, -5.0) (distance: 11.18)
[14:50:48] TERRAIN: Queued chunk: (-5.0, -10.0) (distance: 11.18)
[14:50:48] TERRAIN: Queued chunk: (2.0, 11.0) (distance: 11.18)
[14:50:48] TERRAIN: Queued chunk: (5.0, 10.0) (distance: 11.18)
[14:50:48] TERRAIN: Queued chunk: (-5.0, 10.0) (distance: 11.18)
[14:50:48] TERRAIN: Queued chunk: (5.0, -10.0) (distance: 11.18)
[14:50:48] TERRAIN: Queued chunk: (11.0, 2.0) (distance: 11.18)
[14:50:48] TERRAIN: Queued chunk: (-10.0, 5.0) (distance: 11.18)
[14:50:48] TERRAIN: Queued chunk: (-11.0, -2.0) (distance: 11.18)
[14:50:48] TERRAIN: Queued chunk: (-11.0, 2.0) (distance: 11.18)
[14:50:48] TERRAIN: Queued chunk: (-2.0, 11.0) (distance: 11.18)
[14:50:48] TERRAIN: Queued chunk: (-10.0, -5.0) (distance: 11.18)
[14:50:48] TERRAIN: Queued chunk: (10.0, 5.0) (distance: 11.18)
[14:50:48] TERRAIN: Queued chunk: (-2.0, -11.0) (distance: 11.18)
[14:50:48] TERRAIN: Queued chunk: (8.0, -8.0) (distance: 11.31)
[14:50:48] TERRAIN: Queued chunk: (8.0, 8.0) (distance: 11.31)
[14:50:48] TERRAIN: Queued chunk: (-8.0, 8.0) (distance: 11.31)
[14:50:48] TERRAIN: Queued chunk: (-8.0, -8.0) (distance: 11.31)
[14:50:48] TERRAIN: Queued chunk: (7.0, -9.0) (distance: 11.40)
[14:50:48] TERRAIN: Queued chunk: (-7.0, 9.0) (distance: 11.40)
[14:50:48] TERRAIN: Queued chunk: (9.0, -7.0) (distance: 11.40)
[14:50:48] TERRAIN: Queued chunk: (-7.0, -9.0) (distance: 11.40)
[14:50:48] TERRAIN: Queued chunk: (3.0, 11.0) (distance: 11.40)
[14:50:48] TERRAIN: Queued chunk: (9.0, 7.0) (distance: 11.40)
[14:50:48] TERRAIN: Queued chunk: (11.0, 3.0) (distance: 11.40)
[14:50:48] TERRAIN: Queued chunk: (3.0, -11.0) (distance: 11.40)
[14:50:48] TERRAIN: Queued chunk: (-3.0, 11.0) (distance: 11.40)
[14:50:48] TERRAIN: Queued chunk: (-9.0, 7.0) (distance: 11.40)
[14:50:48] TERRAIN: Queued chunk: (-11.0, -3.0) (distance: 11.40)
[14:50:48] TERRAIN: Queued chunk: (-11.0, 3.0) (distance: 11.40)
[14:50:48] TERRAIN: Queued chunk: (11.0, -3.0) (distance: 11.40)
[14:50:48] TERRAIN: Queued chunk: (-9.0, -7.0) (distance: 11.40)
[14:50:48] TERRAIN: Queued chunk: (7.0, 9.0) (distance: 11.40)
[14:50:48] TERRAIN: Queued chunk: (-3.0, -11.0) (distance: 11.40)
[14:50:48] TERRAIN: Queued chunk: (6.0, -10.0) (distance: 11.66)
[14:50:48] TERRAIN: Queued chunk: (-6.0, -10.0) (distance: 11.66)
[14:50:48] TERRAIN: Queued chunk: (-10.0, -6.0) (distance: 11.66)
[14:50:48] TERRAIN: Queued chunk: (-10.0, 6.0) (distance: 11.66)
[14:50:48] TERRAIN: Queued chunk: (6.0, 10.0) (distance: 11.66)
[14:50:48] TERRAIN: Queued chunk: (-6.0, 10.0) (distance: 11.66)
[14:50:48] TERRAIN: Queued chunk: (10.0, 6.0) (distance: 11.66)
[14:50:48] TERRAIN: Queued chunk: (10.0, -6.0) (distance: 11.66)
[14:50:48] TERRAIN: Queued chunk: (11.0, 4.0) (distance: 11.70)
[14:50:48] TERRAIN: Queued chunk: (11.0, -4.0) (distance: 11.70)
[14:50:48] TERRAIN: Queued chunk: (-4.0, -11.0) (distance: 11.70)
[14:50:48] TERRAIN: Queued chunk: (4.0, -11.0) (distance: 11.70)
[14:50:48] TERRAIN: Queued chunk: (-4.0, 11.0) (distance: 11.70)
[14:50:48] TERRAIN: Queued chunk: (4.0, 11.0) (distance: 11.70)
[14:50:48] TERRAIN: Queued chunk: (-11.0, 4.0) (distance: 11.70)
[14:50:48] TERRAIN: Queued chunk: (-11.0, -4.0) (distance: 11.70)
[14:50:48] TERRAIN: Queued chunk: (12.0, 0.0) (distance: 12.00)
[14:50:48] TERRAIN: Queued chunk: (0.0, -12.0) (distance: 12.00)
[14:50:48] TERRAIN: Queued chunk: (-12.0, 0.0) (distance: 12.00)
[14:50:48] TERRAIN: Queued chunk: (0.0, 12.0) (distance: 12.00)
[14:50:48] TERRAIN: Queued chunk: (8.0, -9.0) (distance: 12.04)
[14:50:48] TERRAIN: Queued chunk: (8.0, 9.0) (distance: 12.04)
[14:50:48] TERRAIN: Queued chunk: (-8.0, 9.0) (distance: 12.04)
[14:50:48] TERRAIN: Queued chunk: (9.0, -8.0) (distance: 12.04)
[14:50:48] TERRAIN: Queued chunk: (12.0, 1.0) (distance: 12.04)
[14:50:48] TERRAIN: Queued chunk: (-1.0, 12.0) (distance: 12.04)
[14:50:48] TERRAIN: Queued chunk: (1.0, 12.0) (distance: 12.04)
[14:50:48] TERRAIN: Queued chunk: (-9.0, 8.0) (distance: 12.04)
[14:50:48] TERRAIN: Queued chunk: (1.0, -12.0) (distance: 12.04)
[14:50:48] TERRAIN: Queued chunk: (-8.0, -9.0) (distance: 12.04)
[14:50:48] TERRAIN: Queued chunk: (12.0, -1.0) (distance: 12.04)
[14:50:48] TERRAIN: Queued chunk: (-12.0, 1.0) (distance: 12.04)
[14:50:48] TERRAIN: Queued chunk: (-9.0, -8.0) (distance: 12.04)
[14:50:48] TERRAIN: Queued chunk: (-12.0, -1.0) (distance: 12.04)
[14:50:48] TERRAIN: Queued chunk: (9.0, 8.0) (distance: 12.04)
[14:50:48] TERRAIN: Queued chunk: (-1.0, -12.0) (distance: 12.04)
[14:50:48] TERRAIN: Queued chunk: (5.0, -11.0) (distance: 12.08)
[14:50:48] TERRAIN: Queued chunk: (-5.0, -11.0) (distance: 12.08)
[14:50:48] TERRAIN: Queued chunk: (-5.0, 11.0) (distance: 12.08)
[14:50:48] TERRAIN: Queued chunk: (11.0, -5.0) (distance: 12.08)
[14:50:48] TERRAIN: Queued chunk: (11.0, 5.0) (distance: 12.08)
[14:50:48] TERRAIN: Queued chunk: (5.0, 11.0) (distance: 12.08)
[14:50:48] TERRAIN: Queued chunk: (-11.0, -5.0) (distance: 12.08)
[14:50:48] TERRAIN: Queued chunk: (-11.0, 5.0) (distance: 12.08)
[14:50:48] TERRAIN: Queued chunk: (12.0, 2.0) (distance: 12.17)
[14:50:48] TERRAIN: Queued chunk: (2.0, 12.0) (distance: 12.17)
[14:50:48] TERRAIN: Queued chunk: (-2.0, 12.0) (distance: 12.17)
[14:50:48] TERRAIN: Queued chunk: (-12.0, 2.0) (distance: 12.17)
[14:50:48] TERRAIN: Queued chunk: (-12.0, -2.0) (distance: 12.17)
[14:50:48] TERRAIN: Queued chunk: (12.0, -2.0) (distance: 12.17)
[14:50:48] TERRAIN: Queued chunk: (2.0, -12.0) (distance: 12.17)
[14:50:48] TERRAIN: Queued chunk: (-2.0, -12.0) (distance: 12.17)
[14:50:48] TERRAIN: Queued chunk: (10.0, -7.0) (distance: 12.21)
[14:50:48] TERRAIN: Queued chunk: (7.0, 10.0) (distance: 12.21)
[14:50:48] TERRAIN: Queued chunk: (10.0, 7.0) (distance: 12.21)
[14:50:48] TERRAIN: Queued chunk: (7.0, -10.0) (distance: 12.21)
[14:50:48] TERRAIN: Queued chunk: (-7.0, -10.0) (distance: 12.21)
[14:50:48] TERRAIN: Queued chunk: (-7.0, 10.0) (distance: 12.21)
[14:50:48] TERRAIN: Queued chunk: (-10.0, 7.0) (distance: 12.21)
[14:50:48] TERRAIN: Queued chunk: (-10.0, -7.0) (distance: 12.21)
[14:50:48] TERRAIN: Queued chunk: (12.0, -3.0) (distance: 12.37)
[14:50:48] TERRAIN: Queued chunk: (-3.0, 12.0) (distance: 12.37)
[14:50:48] TERRAIN: Queued chunk: (12.0, 3.0) (distance: 12.37)
[14:50:48] TERRAIN: Queued chunk: (-3.0, -12.0) (distance: 12.37)
[14:50:48] TERRAIN: Queued chunk: (-12.0, 3.0) (distance: 12.37)
[14:50:48] TERRAIN: Queued chunk: (3.0, -12.0) (distance: 12.37)
[14:50:48] TERRAIN: Queued chunk: (3.0, 12.0) (distance: 12.37)
[14:50:48] TERRAIN: Queued chunk: (-12.0, -3.0) (distance: 12.37)
[14:50:48] TERRAIN: Queued chunk: (-11.0, 6.0) (distance: 12.53)
[14:50:48] TERRAIN: Queued chunk: (-6.0, -11.0) (distance: 12.53)
[14:50:48] TERRAIN: Queued chunk: (-11.0, -6.0) (distance: 12.53)
[14:50:48] TERRAIN: Queued chunk: (-6.0, 11.0) (distance: 12.53)
[14:50:48] TERRAIN: Queued chunk: (6.0, -11.0) (distance: 12.53)
[14:50:48] TERRAIN: Queued chunk: (6.0, 11.0) (distance: 12.53)
[14:50:48] TERRAIN: Queued chunk: (11.0, 6.0) (distance: 12.53)
[14:50:48] TERRAIN: Queued chunk: (11.0, -6.0) (distance: 12.53)
[14:50:48] TERRAIN: Queued chunk: (12.0, -4.0) (distance: 12.65)
[14:50:48] TERRAIN: Queued chunk: (4.0, 12.0) (distance: 12.65)
[14:50:48] TERRAIN: Queued chunk: (-12.0, 4.0) (distance: 12.65)
[14:50:48] TERRAIN: Queued chunk: (-4.0, 12.0) (distance: 12.65)
[14:50:48] TERRAIN: Queued chunk: (4.0, -12.0) (distance: 12.65)
[14:50:48] TERRAIN: Queued chunk: (-4.0, -12.0) (distance: 12.65)
[14:50:48] TERRAIN: Queued chunk: (-12.0, -4.0) (distance: 12.65)
[14:50:48] TERRAIN: Queued chunk: (12.0, 4.0) (distance: 12.65)
[14:50:48] TERRAIN: Queued chunk: (9.0, -9.0) (distance: 12.73)
[14:50:48] TERRAIN: Queued chunk: (9.0, 9.0) (distance: 12.73)
[14:50:48] TERRAIN: Queued chunk: (-9.0, 9.0) (distance: 12.73)
[14:50:48] TERRAIN: Queued chunk: (-9.0, -9.0) (distance: 12.73)
[14:50:48] TERRAIN: Queued chunk: (10.0, -8.0) (distance: 12.81)
[14:50:48] TERRAIN: Queued chunk: (-8.0, 10.0) (distance: 12.81)
[14:50:48] TERRAIN: Queued chunk: (-8.0, -10.0) (distance: 12.81)
[14:50:48] TERRAIN: Queued chunk: (-10.0, 8.0) (distance: 12.81)
[14:50:48] TERRAIN: Queued chunk: (-10.0, -8.0) (distance: 12.81)
[14:50:48] TERRAIN: Queued chunk: (10.0, 8.0) (distance: 12.81)
[14:50:48] TERRAIN: Queued chunk: (8.0, -10.0) (distance: 12.81)
[14:50:48] TERRAIN: Queued chunk: (8.0, 10.0) (distance: 12.81)
[14:50:48] TERRAIN: Queued chunk: (-12.0, 5.0) (distance: 13.00)
[14:50:48] TERRAIN: Queued chunk: (-12.0, -5.0) (distance: 13.00)
[14:50:48] TERRAIN: Queued chunk: (-13.0, 0.0) (distance: 13.00)
[14:50:48] TERRAIN: Queued chunk: (12.0, 5.0) (distance: 13.00)
[14:50:48] TERRAIN: Queued chunk: (13.0, 0.0) (distance: 13.00)
[14:50:48] TERRAIN: Queued chunk: (-5.0, -12.0) (distance: 13.00)
[14:50:48] TERRAIN: Queued chunk: (-5.0, 12.0) (distance: 13.00)
[14:50:48] TERRAIN: Queued chunk: (12.0, -5.0) (distance: 13.00)
[14:50:48] TERRAIN: Queued chunk: (5.0, 12.0) (distance: 13.00)
[14:50:48] TERRAIN: Queued chunk: (0.0, 13.0) (distance: 13.00)
[14:50:48] TERRAIN: Queued chunk: (0.0, -13.0) (distance: 13.00)
[14:50:48] TERRAIN: Queued chunk: (5.0, -12.0) (distance: 13.00)
[14:50:48] TERRAIN: Queued chunk: (-11.0, 7.0) (distance: 13.04)
[14:50:48] TERRAIN: Queued chunk: (-13.0, -1.0) (distance: 13.04)
[14:50:48] TERRAIN: Queued chunk: (-11.0, -7.0) (distance: 13.04)
[14:50:48] TERRAIN: Queued chunk: (7.0, -11.0) (distance: 13.04)
[14:50:48] TERRAIN: Queued chunk: (1.0, 13.0) (distance: 13.04)
[14:50:48] TERRAIN: Queued chunk: (13.0, 1.0) (distance: 13.04)
[14:50:48] TERRAIN: Queued chunk: (1.0, -13.0) (distance: 13.04)
[14:50:48] TERRAIN: Queued chunk: (7.0, 11.0) (distance: 13.04)
[14:50:48] TERRAIN: Queued chunk: (-7.0, -11.0) (distance: 13.04)
[14:50:48] TERRAIN: Queued chunk: (-7.0, 11.0) (distance: 13.04)
[14:50:48] TERRAIN: Queued chunk: (11.0, 7.0) (distance: 13.04)
[14:50:48] TERRAIN: Queued chunk: (-13.0, 1.0) (distance: 13.04)
[14:50:48] TERRAIN: Queued chunk: (-1.0, 13.0) (distance: 13.04)
[14:50:48] TERRAIN: Queued chunk: (-1.0, -13.0) (distance: 13.04)
[14:50:48] TERRAIN: Queued chunk: (11.0, -7.0) (distance: 13.04)
[14:50:48] TERRAIN: Queued chunk: (13.0, -1.0) (distance: 13.04)
[14:50:48] TERRAIN: Queued chunk: (-13.0, 2.0) (distance: 13.15)
[14:50:48] TERRAIN: Queued chunk: (2.0, 13.0) (distance: 13.15)
[14:50:48] TERRAIN: Queued chunk: (2.0, -13.0) (distance: 13.15)
[14:50:48] TERRAIN: Queued chunk: (13.0, 2.0) (distance: 13.15)
[14:50:48] TERRAIN: Queued chunk: (-13.0, -2.0) (distance: 13.15)
[14:50:48] TERRAIN: Queued chunk: (13.0, -2.0) (distance: 13.15)
[14:50:48] TERRAIN: Queued chunk: (-2.0, 13.0) (distance: 13.15)
[14:50:48] TERRAIN: Queued chunk: (-2.0, -13.0) (distance: 13.15)
[14:50:48] TERRAIN: Queued chunk: (3.0, -13.0) (distance: 13.34)
[14:50:48] TERRAIN: Queued chunk: (-13.0, -3.0) (distance: 13.34)
[14:50:48] TERRAIN: Queued chunk: (3.0, 13.0) (distance: 13.34)
[14:50:48] TERRAIN: Queued chunk: (-13.0, 3.0) (distance: 13.34)
[14:50:48] TERRAIN: Queued chunk: (13.0, 3.0) (distance: 13.34)
[14:50:48] TERRAIN: Queued chunk: (13.0, -3.0) (distance: 13.34)
[14:50:48] TERRAIN: Queued chunk: (-3.0, -13.0) (distance: 13.34)
[14:50:48] TERRAIN: Queued chunk: (-3.0, 13.0) (distance: 13.34)
[14:50:48] TERRAIN: Queued chunk: (-12.0, -6.0) (distance: 13.42)
[14:50:48] TERRAIN: Queued chunk: (-12.0, 6.0) (distance: 13.42)
[14:50:48] TERRAIN: Queued chunk: (6.0, 12.0) (distance: 13.42)
[14:50:48] TERRAIN: Queued chunk: (6.0, -12.0) (distance: 13.42)
[14:50:48] TERRAIN: Queued chunk: (12.0, 6.0) (distance: 13.42)
[14:50:48] TERRAIN: Queued chunk: (-6.0, -12.0) (distance: 13.42)
[14:50:48] TERRAIN: Queued chunk: (-6.0, 12.0) (distance: 13.42)
[14:50:48] TERRAIN: Queued chunk: (12.0, -6.0) (distance: 13.42)
[14:50:48] TERRAIN: Queued chunk: (9.0, -10.0) (distance: 13.45)
[14:50:48] TERRAIN: Queued chunk: (9.0, 10.0) (distance: 13.45)
[14:50:48] TERRAIN: Queued chunk: (10.0, -9.0) (distance: 13.45)
[14:50:48] TERRAIN: Queued chunk: (10.0, 9.0) (distance: 13.45)
[14:50:48] TERRAIN: Queued chunk: (-9.0, 10.0) (distance: 13.45)
[14:50:48] TERRAIN: Queued chunk: (-9.0, -10.0) (distance: 13.45)
[14:50:48] TERRAIN: Queued chunk: (-10.0, 9.0) (distance: 13.45)
[14:50:48] TERRAIN: Queued chunk: (-10.0, -9.0) (distance: 13.45)
[14:50:48] TERRAIN: Queued chunk: (8.0, 11.0) (distance: 13.60)
[14:50:48] TERRAIN: Queued chunk: (11.0, 8.0) (distance: 13.60)
[14:50:48] TERRAIN: Queued chunk: (-13.0, -4.0) (distance: 13.60)
[14:50:48] TERRAIN: Queued chunk: (-13.0, 4.0) (distance: 13.60)
[14:50:48] TERRAIN: Queued chunk: (11.0, -8.0) (distance: 13.60)
[14:50:48] TERRAIN: Queued chunk: (13.0, 4.0) (distance: 13.60)
[14:50:48] TERRAIN: Queued chunk: (-11.0, -8.0) (distance: 13.60)
[14:50:48] TERRAIN: Queued chunk: (-11.0, 8.0) (distance: 13.60)
[14:50:48] TERRAIN: Queued chunk: (-8.0, -11.0) (distance: 13.60)
[14:50:48] TERRAIN: Queued chunk: (-8.0, 11.0) (distance: 13.60)
[14:50:48] TERRAIN: Queued chunk: (-4.0, -13.0) (distance: 13.60)
[14:50:48] TERRAIN: Queued chunk: (-4.0, 13.0) (distance: 13.60)
[14:50:48] TERRAIN: Queued chunk: (13.0, -4.0) (distance: 13.60)
[14:50:48] TERRAIN: Queued chunk: (4.0, -13.0) (distance: 13.60)
[14:50:48] TERRAIN: Queued chunk: (4.0, 13.0) (distance: 13.60)
[14:50:48] TERRAIN: Queued chunk: (8.0, -11.0) (distance: 13.60)
[14:50:48] TERRAIN: Queued chunk: (12.0, -7.0) (distance: 13.89)
[14:50:48] TERRAIN: Queued chunk: (-7.0, 12.0) (distance: 13.89)
[14:50:48] TERRAIN: Queued chunk: (-7.0, -12.0) (distance: 13.89)
[14:50:48] TERRAIN: Queued chunk: (-12.0, 7.0) (distance: 13.89)
[14:50:48] TERRAIN: Queued chunk: (-12.0, -7.0) (distance: 13.89)
[14:50:48] TERRAIN: Queued chunk: (7.0, 12.0) (distance: 13.89)
[14:50:48] TERRAIN: Queued chunk: (7.0, -12.0) (distance: 13.89)
[14:50:48] TERRAIN: Queued chunk: (12.0, 7.0) (distance: 13.89)
[14:50:48] TERRAIN: Queued chunk: (13.0, 5.0) (distance: 13.93)
[14:50:48] TERRAIN: Queued chunk: (-13.0, 5.0) (distance: 13.93)
[14:50:48] TERRAIN: Queued chunk: (-13.0, -5.0) (distance: 13.93)
[14:50:48] TERRAIN: Queued chunk: (5.0, -13.0) (distance: 13.93)
[14:50:48] TERRAIN: Queued chunk: (5.0, 13.0) (distance: 13.93)
[14:50:48] TERRAIN: Queued chunk: (13.0, -5.0) (distance: 13.93)
[14:50:48] TERRAIN: Queued chunk: (-5.0, 13.0) (distance: 13.93)
[14:50:48] TERRAIN: Queued chunk: (-5.0, -13.0) (distance: 13.93)
[14:50:48] TERRAIN: Queued chunk: (0.0, -14.0) (distance: 14.00)
[14:50:48] TERRAIN: Queued chunk: (0.0, 14.0) (distance: 14.00)
[14:50:48] TERRAIN: Queued chunk: (14.0, 0.0) (distance: 14.00)
[14:50:48] TERRAIN: Queued chunk: (-14.0, 0.0) (distance: 14.00)
[14:50:48] TERRAIN: Queued chunk: (1.0, -14.0) (distance: 14.04)
[14:50:48] TERRAIN: Queued chunk: (14.0, 1.0) (distance: 14.04)
[14:50:48] TERRAIN: Queued chunk: (-1.0, 14.0) (distance: 14.04)
[14:50:48] TERRAIN: Queued chunk: (-1.0, -14.0) (distance: 14.04)
[14:50:48] TERRAIN: Queued chunk: (1.0, 14.0) (distance: 14.04)
[14:50:48] TERRAIN: Queued chunk: (-14.0, 1.0) (distance: 14.04)
[14:50:48] TERRAIN: Queued chunk: (-14.0, -1.0) (distance: 14.04)
[14:50:48] TERRAIN: Queued chunk: (14.0, -1.0) (distance: 14.04)
[14:50:48] TERRAIN: Queued chunk: (-14.0, 2.0) (distance: 14.14)
[14:50:48] TERRAIN: Queued chunk: (10.0, 10.0) (distance: 14.14)
[14:50:48] TERRAIN: Queued chunk: (-10.0, -10.0) (distance: 14.14)
[14:50:48] TERRAIN: Queued chunk: (-10.0, 10.0) (distance: 14.14)
[14:50:48] TERRAIN: Queued chunk: (14.0, 2.0) (distance: 14.14)
[14:50:48] TERRAIN: Queued chunk: (-14.0, -2.0) (distance: 14.14)
[14:50:48] TERRAIN: Queued chunk: (2.0, 14.0) (distance: 14.14)
[14:50:48] TERRAIN: Queued chunk: (2.0, -14.0) (distance: 14.14)
[14:50:48] TERRAIN: Queued chunk: (-2.0, 14.0) (distance: 14.14)
[14:50:48] TERRAIN: Queued chunk: (14.0, -2.0) (distance: 14.14)
[14:50:48] TERRAIN: Queued chunk: (-2.0, -14.0) (distance: 14.14)
[14:50:48] TERRAIN: Queued chunk: (10.0, -10.0) (distance: 14.14)
[14:50:48] TERRAIN: Queued chunk: (9.0, -11.0) (distance: 14.21)
[14:50:48] TERRAIN: Queued chunk: (11.0, -9.0) (distance: 14.21)
[14:50:48] TERRAIN: Queued chunk: (9.0, 11.0) (distance: 14.21)
[14:50:48] TERRAIN: Queued chunk: (-11.0, -9.0) (distance: 14.21)
[14:50:48] TERRAIN: Queued chunk: (-11.0, 9.0) (distance: 14.21)
[14:50:48] TERRAIN: Queued chunk: (-9.0, -11.0) (distance: 14.21)
[14:50:48] TERRAIN: Queued chunk: (-9.0, 11.0) (distance: 14.21)
[14:50:48] TERRAIN: Queued chunk: (11.0, 9.0) (distance: 14.21)
[14:50:48] TERRAIN: Queued chunk: (-6.0, -13.0) (distance: 14.32)
[14:50:48] TERRAIN: Queued chunk: (14.0, -3.0) (distance: 14.32)
[14:50:48] TERRAIN: Queued chunk: (6.0, 13.0) (distance: 14.32)
[14:50:48] TERRAIN: Queued chunk: (6.0, -13.0) (distance: 14.32)
[14:50:48] TERRAIN: Queued chunk: (-14.0, 3.0) (distance: 14.32)
[14:50:48] TERRAIN: Queued chunk: (13.0, 6.0) (distance: 14.32)
[14:50:48] TERRAIN: Queued chunk: (-13.0, -6.0) (distance: 14.32)
[14:50:48] TERRAIN: Queued chunk: (3.0, 14.0) (distance: 14.32)
[14:50:48] TERRAIN: Queued chunk: (3.0, -14.0) (distance: 14.32)
[14:50:48] TERRAIN: Queued chunk: (-13.0, 6.0) (distance: 14.32)
[14:50:48] TERRAIN: Queued chunk: (-6.0, 13.0) (distance: 14.32)
[14:50:48] TERRAIN: Queued chunk: (-14.0, -3.0) (distance: 14.32)
[14:50:48] TERRAIN: Queued chunk: (-3.0, -14.0) (distance: 14.32)
[14:50:48] TERRAIN: Queued chunk: (13.0, -6.0) (distance: 14.32)
[14:50:48] TERRAIN: Queued chunk: (14.0, 3.0) (distance: 14.32)
[14:50:48] TERRAIN: Queued chunk: (-3.0, 14.0) (distance: 14.32)
[14:50:48] TERRAIN: Queued chunk: (12.0, 8.0) (distance: 14.42)
[14:50:48] TERRAIN: Queued chunk: (12.0, -8.0) (distance: 14.42)
[14:50:48] TERRAIN: Queued chunk: (-12.0, -8.0) (distance: 14.42)
[14:50:48] TERRAIN: Queued chunk: (-12.0, 8.0) (distance: 14.42)
[14:50:48] TERRAIN: Queued chunk: (-8.0, -12.0) (distance: 14.42)
[14:50:48] TERRAIN: Queued chunk: (-8.0, 12.0) (distance: 14.42)
[14:50:48] TERRAIN: Queued chunk: (8.0, -12.0) (distance: 14.42)
[14:50:48] TERRAIN: Queued chunk: (8.0, 12.0) (distance: 14.42)
[14:50:48] TERRAIN: Queued chunk: (14.0, -4.0) (distance: 14.56)
[14:50:48] TERRAIN: Queued chunk: (4.0, 14.0) (distance: 14.56)
[14:50:48] TERRAIN: Queued chunk: (4.0, -14.0) (distance: 14.56)
[14:50:48] TERRAIN: Queued chunk: (-4.0, 14.0) (distance: 14.56)
[14:50:48] TERRAIN: Queued chunk: (-4.0, -14.0) (distance: 14.56)
[14:50:48] TERRAIN: Queued chunk: (14.0, 4.0) (distance: 14.56)
[14:50:48] TERRAIN: Queued chunk: (-14.0, 4.0) (distance: 14.56)
[14:50:48] TERRAIN: Queued chunk: (-14.0, -4.0) (distance: 14.56)
[14:50:48] TERRAIN: Queued chunk: (13.0, -7.0) (distance: 14.76)
[14:50:48] TERRAIN: Queued chunk: (7.0, 13.0) (distance: 14.76)
[14:50:48] TERRAIN: Queued chunk: (7.0, -13.0) (distance: 14.76)
[14:50:48] TERRAIN: Queued chunk: (-7.0, 13.0) (distance: 14.76)
[14:50:48] TERRAIN: Queued chunk: (-7.0, -13.0) (distance: 14.76)
[14:50:48] TERRAIN: Queued chunk: (-13.0, 7.0) (distance: 14.76)
[14:50:48] TERRAIN: Queued chunk: (-13.0, -7.0) (distance: 14.76)
[14:50:48] TERRAIN: Queued chunk: (13.0, 7.0) (distance: 14.76)
[14:50:48] TERRAIN: Queued chunk: (14.0, -5.0) (distance: 14.87)
[14:50:48] TERRAIN: Queued chunk: (11.0, 10.0) (distance: 14.87)
[14:50:48] TERRAIN: Queued chunk: (11.0, -10.0) (distance: 14.87)
[14:50:48] TERRAIN: Queued chunk: (10.0, 11.0) (distance: 14.87)
[14:50:48] TERRAIN: Queued chunk: (10.0, -11.0) (distance: 14.87)
[14:50:48] TERRAIN: Queued chunk: (5.0, 14.0) (distance: 14.87)
[14:50:48] TERRAIN: Queued chunk: (5.0, -14.0) (distance: 14.87)
[14:50:48] TERRAIN: Queued chunk: (-5.0, 14.0) (distance: 14.87)
[14:50:48] TERRAIN: Queued chunk: (-5.0, -14.0) (distance: 14.87)
[14:50:48] TERRAIN: Queued chunk: (-10.0, 11.0) (distance: 14.87)
[14:50:48] TERRAIN: Queued chunk: (-10.0, -11.0) (distance: 14.87)
[14:50:48] TERRAIN: Queued chunk: (-11.0, 10.0) (distance: 14.87)
[14:50:48] TERRAIN: Queued chunk: (-11.0, -10.0) (distance: 14.87)
[14:50:48] TERRAIN: Queued chunk: (14.0, 5.0) (distance: 14.87)
[14:50:48] TERRAIN: Queued chunk: (-14.0, 5.0) (distance: 14.87)
[14:50:48] TERRAIN: Queued chunk: (-14.0, -5.0) (distance: 14.87)
[14:50:48] TERRAIN: Queued chunk: (15.0, 0.0) (distance: 15.00)
[14:50:48] TERRAIN: Queued chunk: (12.0, 9.0) (distance: 15.00)
[14:50:48] TERRAIN: Queued chunk: (12.0, -9.0) (distance: 15.00)
[14:50:48] TERRAIN: Queued chunk: (9.0, 12.0) (distance: 15.00)
[14:50:48] TERRAIN: Queued chunk: (9.0, -12.0) (distance: 15.00)
[14:50:48] TERRAIN: Queued chunk: (0.0, 15.0) (distance: 15.00)
[14:50:48] TERRAIN: Queued chunk: (0.0, -15.0) (distance: 15.00)
[14:50:48] TERRAIN: Queued chunk: (-9.0, 12.0) (distance: 15.00)
[14:50:48] TERRAIN: Queued chunk: (-9.0, -12.0) (distance: 15.00)
[14:50:48] TERRAIN: Queued chunk: (-12.0, 9.0) (distance: 15.00)
[14:50:48] TERRAIN: Queued chunk: (-12.0, -9.0) (distance: 15.00)
[14:50:48] TERRAIN: Queued chunk: (-15.0, 0.0) (distance: 15.00)
[14:50:48] TERRAIN: Creating chunk: (0.0, 0.0) at distance 0.00
[14:50:48] TERRAIN: Chunk (0.0, 0.0): TRIMESH collision created successfully (distance: 0.00, vertices: 512)
[14:50:48] TERRAIN: Chunk created successfully: (0.0, 0.0) at world pos (0.0, 0.0, 0.0) (total chunks: 1)
[14:50:48] TERRAIN: Creating chunk: (0.0, -1.0) at distance 1.00
[14:50:48] TERRAIN: Chunk (0.0, -1.0): TRIMESH collision created successfully (distance: 1.00, vertices: 512)
[14:50:48] TERRAIN: Chunk created successfully: (0.0, -1.0) at world pos (0.0, 0.0, -32.0) (total chunks: 2)
[14:50:48] TERRAIN: Creating chunk: (-1.0, 0.0) at distance 1.00
[14:50:48] TERRAIN: Chunk (-1.0, 0.0): TRIMESH collision created successfully (distance: 1.00, vertices: 512)
[14:50:48] TERRAIN: Chunk created successfully: (-1.0, 0.0) at world pos (-32.0, 0.0, 0.0) (total chunks: 3)
[14:50:48] TERRAIN: Creating chunk: (0.0, 1.0) at distance 1.00
[14:50:48] TERRAIN: Chunk (0.0, 1.0): TRIMESH collision created successfully (distance: 1.00, vertices: 512)
[14:50:48] TERRAIN: Chunk created successfully: (0.0, 1.0) at world pos (0.0, 0.0, 32.0) (total chunks: 4)
[14:50:48] TERRAIN: Creating chunk: (1.0, 0.0) at distance 1.00
[14:50:48] TERRAIN: Chunk (1.0, 0.0): TRIMESH collision created successfully (distance: 1.00, vertices: 512)
[14:50:48] TERRAIN: Chunk created successfully: (1.0, 0.0) at world pos (32.0, 0.0, 0.0) (total chunks: 5)
[14:50:48] TERRAIN: Creating chunk: (-1.0, 1.0) at distance 1.41
[14:50:48] TERRAIN: Chunk (-1.0, 1.0): TRIMESH collision created successfully (distance: 1.41, vertices: 128)
[14:50:48] TERRAIN: Chunk created successfully: (-1.0, 1.0) at world pos (-32.0, 0.0, 32.0) (total chunks: 6)
[14:50:48] TERRAIN: Creating chunk: (-1.0, -1.0) at distance 1.41
[14:50:48] TERRAIN: Chunk (-1.0, -1.0): TRIMESH collision created successfully (distance: 1.41, vertices: 128)
[14:50:48] TERRAIN: Chunk created successfully: (-1.0, -1.0) at world pos (-32.0, 0.0, -32.0) (total chunks: 7)
[14:50:48] TERRAIN: Creating chunk: (1.0, 1.0) at distance 1.41
[14:50:48] TERRAIN: Chunk (1.0, 1.0): TRIMESH collision created successfully (distance: 1.41, vertices: 128)
[14:50:48] TERRAIN: Chunk created successfully: (1.0, 1.0) at world pos (32.0, 0.0, 32.0) (total chunks: 8)
[14:50:48] TERRAIN: Creating chunk: (1.0, -1.0) at distance 1.41
[14:50:48] TERRAIN: Chunk (1.0, -1.0): TRIMESH collision created successfully (distance: 1.41, vertices: 128)
[14:50:48] TERRAIN: Chunk created successfully: (1.0, -1.0) at world pos (32.0, 0.0, -32.0) (total chunks: 9)
[14:50:48] TERRAIN: Creating chunk: (0.0, -2.0) at distance 2.00
[14:50:48] TERRAIN: Chunk (0.0, -2.0): TRIMESH collision created successfully (distance: 2.00, vertices: 128)
[14:50:48] TERRAIN: Chunk created successfully: (0.0, -2.0) at world pos (0.0, 0.0, -64.0) (total chunks: 10)
[14:50:48] TERRAIN: Creating chunk: (0.0, 2.0) at distance 2.00
[14:50:48] TERRAIN: Chunk (0.0, 2.0): TRIMESH collision created successfully (distance: 2.00, vertices: 128)
[14:50:48] TERRAIN: Chunk created successfully: (0.0, 2.0) at world pos (0.0, 0.0, 64.0) (total chunks: 11)
[14:50:48] TERRAIN: Creating chunk: (-2.0, 0.0) at distance 2.00
[14:50:48] TERRAIN: Chunk (-2.0, 0.0): TRIMESH collision created successfully (distance: 2.00, vertices: 128)
[14:50:48] TERRAIN: Chunk created successfully: (-2.0, 0.0) at world pos (-64.0, 0.0, 0.0) (total chunks: 12)
[14:50:48] TERRAIN: Creating chunk: (2.0, 0.0) at distance 2.00
[14:50:49] TERRAIN: Chunk (2.0, 0.0): TRIMESH collision created successfully (distance: 2.00, vertices: 128)
[14:50:49] TERRAIN: Chunk created successfully: (2.0, 0.0) at world pos (64.0, 0.0, 0.0) (total chunks: 13)
[14:50:49] TERRAIN: Creating chunk: (-2.0, 1.0) at distance 2.24
[14:50:49] TERRAIN: Chunk (-2.0, 1.0): TRIMESH collision created successfully (distance: 2.24, vertices: 128)
[14:50:49] TERRAIN: Chunk created successfully: (-2.0, 1.0) at world pos (-64.0, 0.0, 32.0) (total chunks: 14)
[14:50:49] TERRAIN: Creating chunk: (-2.0, -1.0) at distance 2.24
[14:50:49] TERRAIN: Chunk (-2.0, -1.0): TRIMESH collision created successfully (distance: 2.24, vertices: 128)
[14:50:49] TERRAIN: Chunk created successfully: (-2.0, -1.0) at world pos (-64.0, 0.0, -32.0) (total chunks: 15)
[14:50:49] TERRAIN: Creating chunk: (1.0, 2.0) at distance 2.24
[14:50:49] TERRAIN: Chunk (1.0, 2.0): TRIMESH collision created successfully (distance: 2.24, vertices: 128)
[14:50:49] TERRAIN: Chunk created successfully: (1.0, 2.0) at world pos (32.0, 0.0, 64.0) (total chunks: 16)
[14:50:49] TERRAIN: Creating chunk: (1.0, -2.0) at distance 2.24
[14:50:49] TERRAIN: Chunk (1.0, -2.0): TRIMESH collision created successfully (distance: 2.24, vertices: 128)
[14:50:49] TERRAIN: Chunk created successfully: (1.0, -2.0) at world pos (32.0, 0.0, -64.0) (total chunks: 17)
[14:50:49] TERRAIN: Creating chunk: (-1.0, 2.0) at distance 2.24
[14:50:49] TERRAIN: Chunk (-1.0, 2.0): TRIMESH collision created successfully (distance: 2.24, vertices: 128)
[14:50:49] TERRAIN: Chunk created successfully: (-1.0, 2.0) at world pos (-32.0, 0.0, 64.0) (total chunks: 18)
[14:50:49] TERRAIN: Creating chunk: (2.0, 1.0) at distance 2.24
[14:50:49] TERRAIN: Chunk (2.0, 1.0): TRIMESH collision created successfully (distance: 2.24, vertices: 128)
[14:50:49] TERRAIN: Chunk created successfully: (2.0, 1.0) at world pos (64.0, 0.0, 32.0) (total chunks: 19)
[14:50:49] TERRAIN: Creating chunk: (2.0, -1.0) at distance 2.24
[14:50:49] TERRAIN: Chunk (2.0, -1.0): TRIMESH collision created successfully (distance: 2.24, vertices: 128)
[14:50:49] TERRAIN: Chunk created successfully: (2.0, -1.0) at world pos (64.0, 0.0, -32.0) (total chunks: 20)
[14:50:49] TERRAIN: Creating chunk: (-1.0, -2.0) at distance 2.24
[14:50:49] TERRAIN: Chunk (-1.0, -2.0): TRIMESH collision created successfully (distance: 2.24, vertices: 128)
[14:50:49] TERRAIN: Chunk created successfully: (-1.0, -2.0) at world pos (-32.0, 0.0, -64.0) (total chunks: 21)
[14:50:49] TERRAIN: Creating chunk: (2.0, 2.0) at distance 2.83
[14:50:49] TERRAIN: Chunk (2.0, 2.0): TRIMESH collision created successfully (distance: 2.83, vertices: 128)
[14:50:49] TERRAIN: Chunk created successfully: (2.0, 2.0) at world pos (64.0, 0.0, 64.0) (total chunks: 22)
[14:50:49] TERRAIN: Creating chunk: (2.0, -2.0) at distance 2.83
[14:50:49] TERRAIN: Chunk (2.0, -2.0): TRIMESH collision created successfully (distance: 2.83, vertices: 128)
[14:50:49] TERRAIN: Chunk created successfully: (2.0, -2.0) at world pos (64.0, 0.0, -64.0) (total chunks: 23)
[14:50:49] TERRAIN: Creating chunk: (-2.0, -2.0) at distance 2.83
[14:50:49] TERRAIN: Chunk (-2.0, -2.0): TRIMESH collision created successfully (distance: 2.83, vertices: 128)
[14:50:49] TERRAIN: Chunk created successfully: (-2.0, -2.0) at world pos (-64.0, 0.0, -64.0) (total chunks: 24)
[14:50:49] TERRAIN: Creating chunk: (-2.0, 2.0) at distance 2.83
[14:50:49] TERRAIN: Chunk (-2.0, 2.0): TRIMESH collision created successfully (distance: 2.83, vertices: 128)
[14:50:49] TERRAIN: Chunk created successfully: (-2.0, 2.0) at world pos (-64.0, 0.0, 64.0) (total chunks: 25)
[14:50:49] TERRAIN: Creating chunk: (0.0, -3.0) at distance 3.00
[14:50:49] TERRAIN: Chunk (0.0, -3.0): TRIMESH collision created successfully (distance: 3.00, vertices: 128)
[14:50:49] TERRAIN: Chunk created successfully: (0.0, -3.0) at world pos (0.0, 0.0, -96.0) (total chunks: 26)
[14:50:49] TERRAIN: Creating chunk: (0.0, 3.0) at distance 3.00
[14:50:49] TERRAIN: Chunk (0.0, 3.0): TRIMESH collision created successfully (distance: 3.00, vertices: 128)
[14:50:49] TERRAIN: Chunk created successfully: (0.0, 3.0) at world pos (0.0, 0.0, 96.0) (total chunks: 27)
[14:50:49] TERRAIN: Creating chunk: (3.0, 0.0) at distance 3.00
[14:50:49] TERRAIN: Chunk (3.0, 0.0): TRIMESH collision created successfully (distance: 3.00, vertices: 128)
[14:50:49] TERRAIN: Chunk created successfully: (3.0, 0.0) at world pos (96.0, 0.0, 0.0) (total chunks: 28)
[14:50:49] TERRAIN: Creating chunk: (-3.0, 0.0) at distance 3.00
[14:50:49] TERRAIN: Chunk (-3.0, 0.0): TRIMESH collision created successfully (distance: 3.00, vertices: 128)
[14:50:49] TERRAIN: Chunk created successfully: (-3.0, 0.0) at world pos (-96.0, 0.0, 0.0) (total chunks: 29)
[14:50:49] TERRAIN: Creating chunk: (1.0, 3.0) at distance 3.16
[14:50:49] TERRAIN: Chunk (1.0, 3.0): TRIMESH collision created successfully (distance: 3.16, vertices: 32)
[14:50:49] TERRAIN: Chunk created successfully: (1.0, 3.0) at world pos (32.0, 0.0, 96.0) (total chunks: 30)
[14:50:49] TERRAIN: Creating chunk: (-1.0, -3.0) at distance 3.16
[14:50:49] TERRAIN: Chunk (-1.0, -3.0): TRIMESH collision created successfully (distance: 3.16, vertices: 32)
[14:50:49] TERRAIN: Chunk created successfully: (-1.0, -3.0) at world pos (-32.0, 0.0, -96.0) (total chunks: 31)
[14:50:49] TERRAIN: Creating chunk: (-3.0, -1.0) at distance 3.16
[14:50:49] TERRAIN: Chunk (-3.0, -1.0): TRIMESH collision created successfully (distance: 3.16, vertices: 32)
[14:50:49] TERRAIN: Chunk created successfully: (-3.0, -1.0) at world pos (-96.0, 0.0, -32.0) (total chunks: 32)
[14:50:49] TERRAIN: Creating chunk: (3.0, -1.0) at distance 3.16
[14:50:49] TERRAIN: Chunk (3.0, -1.0): TRIMESH collision created successfully (distance: 3.16, vertices: 32)
[14:50:49] TERRAIN: Chunk created successfully: (3.0, -1.0) at world pos (96.0, 0.0, -32.0) (total chunks: 33)
[14:50:49] TERRAIN: Creating chunk: (3.0, 1.0) at distance 3.16
[14:50:49] TERRAIN: Chunk (3.0, 1.0): TRIMESH collision created successfully (distance: 3.16, vertices: 32)
[14:50:49] TERRAIN: Chunk created successfully: (3.0, 1.0) at world pos (96.0, 0.0, 32.0) (total chunks: 34)
[14:50:49] TERRAIN: Creating chunk: (-3.0, 1.0) at distance 3.16
[14:50:49] TERRAIN: Chunk (-3.0, 1.0): TRIMESH collision created successfully (distance: 3.16, vertices: 32)
[14:50:49] TERRAIN: Chunk created successfully: (-3.0, 1.0) at world pos (-96.0, 0.0, 32.0) (total chunks: 35)
[14:50:49] TERRAIN: Creating chunk: (1.0, -3.0) at distance 3.16
[14:50:49] TERRAIN: Chunk (1.0, -3.0): TRIMESH collision created successfully (distance: 3.16, vertices: 32)
[14:50:49] TERRAIN: Chunk created successfully: (1.0, -3.0) at world pos (32.0, 0.0, -96.0) (total chunks: 36)
[14:50:49] TERRAIN: Creating chunk: (-1.0, 3.0) at distance 3.16
[14:50:49] TERRAIN: Chunk (-1.0, 3.0): TRIMESH collision created successfully (distance: 3.16, vertices: 32)
[14:50:49] TERRAIN: Chunk created successfully: (-1.0, 3.0) at world pos (-32.0, 0.0, 96.0) (total chunks: 37)
[14:50:49] TERRAIN: Creating chunk: (-3.0, -2.0) at distance 3.61
[14:50:49] TERRAIN: Chunk (-3.0, -2.0): TRIMESH collision created successfully (distance: 3.61, vertices: 32)
[14:50:49] TERRAIN: Chunk created successfully: (-3.0, -2.0) at world pos (-96.0, 0.0, -64.0) (total chunks: 38)
[14:50:49] TERRAIN: Creating chunk: (-3.0, 2.0) at distance 3.61
[14:50:49] TERRAIN: Chunk (-3.0, 2.0): TRIMESH collision created successfully (distance: 3.61, vertices: 32)
[14:50:49] TERRAIN: Chunk created successfully: (-3.0, 2.0) at world pos (-96.0, 0.0, 64.0) (total chunks: 39)
[14:50:49] TERRAIN: Creating chunk: (2.0, -3.0) at distance 3.61
[14:50:49] TERRAIN: Chunk (2.0, -3.0): TRIMESH collision created successfully (distance: 3.61, vertices: 32)
[14:50:49] TERRAIN: Chunk created successfully: (2.0, -3.0) at world pos (64.0, 0.0, -96.0) (total chunks: 40)
[14:50:49] TERRAIN: Creating chunk: (2.0, 3.0) at distance 3.61
[14:50:49] TERRAIN: Chunk (2.0, 3.0): TRIMESH collision created successfully (distance: 3.61, vertices: 32)
[14:50:49] TERRAIN: Chunk created successfully: (2.0, 3.0) at world pos (64.0, 0.0, 96.0) (total chunks: 41)
[14:50:49] TERRAIN: Creating chunk: (-2.0, -3.0) at distance 3.61
[14:50:49] TERRAIN: Chunk (-2.0, -3.0): TRIMESH collision created successfully (distance: 3.61, vertices: 32)
[14:50:49] TERRAIN: Chunk created successfully: (-2.0, -3.0) at world pos (-64.0, 0.0, -96.0) (total chunks: 42)
[14:50:49] TERRAIN: Creating chunk: (3.0, 2.0) at distance 3.61
[14:50:49] TERRAIN: Chunk (3.0, 2.0): TRIMESH collision created successfully (distance: 3.61, vertices: 32)
[14:50:49] TERRAIN: Chunk created successfully: (3.0, 2.0) at world pos (96.0, 0.0, 64.0) (total chunks: 43)
[14:50:49] TERRAIN: Creating chunk: (-2.0, 3.0) at distance 3.61
[14:50:49] TERRAIN: Chunk (-2.0, 3.0): TRIMESH collision created successfully (distance: 3.61, vertices: 32)
[14:50:49] TERRAIN: Chunk created successfully: (-2.0, 3.0) at world pos (-64.0, 0.0, 96.0) (total chunks: 44)
[14:50:49] TERRAIN: Creating chunk: (3.0, -2.0) at distance 3.61
[14:50:49] TERRAIN: Chunk (3.0, -2.0): TRIMESH collision created successfully (distance: 3.61, vertices: 32)
[14:50:49] TERRAIN: Chunk created successfully: (3.0, -2.0) at world pos (96.0, 0.0, -64.0) (total chunks: 45)
[14:50:49] TERRAIN: Creating chunk: (4.0, 0.0) at distance 4.00
[14:50:49] TERRAIN: Chunk (4.0, 0.0): TRIMESH collision created successfully (distance: 4.00, vertices: 32)
[14:50:49] TERRAIN: Chunk created successfully: (4.0, 0.0) at world pos (128.0, 0.0, 0.0) (total chunks: 46)
[14:50:49] TERRAIN: Creating chunk: (0.0, -4.0) at distance 4.00
[14:50:49] TERRAIN: Chunk (0.0, -4.0): TRIMESH collision created successfully (distance: 4.00, vertices: 32)
[14:50:49] TERRAIN: Chunk created successfully: (0.0, -4.0) at world pos (0.0, 0.0, -128.0) (total chunks: 47)
[14:50:49] TERRAIN: Creating chunk: (0.0, 4.0) at distance 4.00
[14:50:49] TERRAIN: Chunk (0.0, 4.0): TRIMESH collision created successfully (distance: 4.00, vertices: 32)
[14:50:49] TERRAIN: Chunk created successfully: (0.0, 4.0) at world pos (0.0, 0.0, 128.0) (total chunks: 48)
[14:50:49] TERRAIN: Creating chunk: (-4.0, 0.0) at distance 4.00
[14:50:49] TERRAIN: Chunk (-4.0, 0.0): TRIMESH collision created successfully (distance: 4.00, vertices: 32)
[14:50:49] TERRAIN: Chunk created successfully: (-4.0, 0.0) at world pos (-128.0, 0.0, 0.0) (total chunks: 49)
[14:50:49] TERRAIN: Creating chunk: (1.0, -4.0) at distance 4.12
[14:50:49] TERRAIN: Chunk (1.0, -4.0): TRIMESH collision created successfully (distance: 4.12, vertices: 32)
[14:50:49] TERRAIN: Chunk created successfully: (1.0, -4.0) at world pos (32.0, 0.0, -128.0) (total chunks: 50)
[14:50:49] TERRAIN: Creating chunk: (-1.0, 4.0) at distance 4.12
[14:50:49] TERRAIN: Chunk (-1.0, 4.0): TRIMESH collision created successfully (distance: 4.12, vertices: 32)
[14:50:49] TERRAIN: Chunk created successfully: (-1.0, 4.0) at world pos (-32.0, 0.0, 128.0) (total chunks: 51)
[14:50:49] TERRAIN: Creating chunk: (1.0, 4.0) at distance 4.12
[14:50:49] TERRAIN: Chunk (1.0, 4.0): TRIMESH collision created successfully (distance: 4.12, vertices: 32)
[14:50:49] TERRAIN: Chunk created successfully: (1.0, 4.0) at world pos (32.0, 0.0, 128.0) (total chunks: 52)
[14:50:49] TERRAIN: Creating chunk: (-4.0, -1.0) at distance 4.12
[14:50:49] TERRAIN: Chunk (-4.0, -1.0): TRIMESH collision created successfully (distance: 4.12, vertices: 32)
[14:50:49] TERRAIN: Chunk created successfully: (-4.0, -1.0) at world pos (-128.0, 0.0, -32.0) (total chunks: 53)
[14:50:49] TERRAIN: Creating chunk: (-1.0, -4.0) at distance 4.12
[14:50:49] TERRAIN: Chunk (-1.0, -4.0): TRIMESH collision created successfully (distance: 4.12, vertices: 32)
[14:50:49] TERRAIN: Chunk created successfully: (-1.0, -4.0) at world pos (-32.0, 0.0, -128.0) (total chunks: 54)
[14:50:49] TERRAIN: Creating chunk: (-4.0, 1.0) at distance 4.12
[14:50:49] TERRAIN: Chunk (-4.0, 1.0): TRIMESH collision created successfully (distance: 4.12, vertices: 32)
[14:50:49] TERRAIN: Chunk created successfully: (-4.0, 1.0) at world pos (-128.0, 0.0, 32.0) (total chunks: 55)
[14:50:49] TERRAIN: Creating chunk: (4.0, -1.0) at distance 4.12
[14:50:49] TERRAIN: Chunk (4.0, -1.0): TRIMESH collision created successfully (distance: 4.12, vertices: 32)
[14:50:49] TERRAIN: Chunk created successfully: (4.0, -1.0) at world pos (128.0, 0.0, -32.0) (total chunks: 56)
[14:50:49] TERRAIN: Creating chunk: (4.0, 1.0) at distance 4.12
[14:50:49] TERRAIN: Chunk (4.0, 1.0): TRIMESH collision created successfully (distance: 4.12, vertices: 32)
[14:50:49] TERRAIN: Chunk created successfully: (4.0, 1.0) at world pos (128.0, 0.0, 32.0) (total chunks: 57)
[14:50:49] TERRAIN: Creating chunk: (3.0, -3.0) at distance 4.24
[14:50:49] TERRAIN: Chunk (3.0, -3.0): TRIMESH collision created successfully (distance: 4.24, vertices: 32)
[14:50:49] TERRAIN: Chunk created successfully: (3.0, -3.0) at world pos (96.0, 0.0, -96.0) (total chunks: 58)
[14:50:49] TERRAIN: Creating chunk: (3.0, 3.0) at distance 4.24
[14:50:49] TERRAIN: Chunk (3.0, 3.0): TRIMESH collision created successfully (distance: 4.24, vertices: 32)
[14:50:49] TERRAIN: Chunk created successfully: (3.0, 3.0) at world pos (96.0, 0.0, 96.0) (total chunks: 59)
[14:50:49] TERRAIN: Creating chunk: (-3.0, -3.0) at distance 4.24
[14:50:49] TERRAIN: Chunk (-3.0, -3.0): TRIMESH collision created successfully (distance: 4.24, vertices: 32)
[14:50:49] TERRAIN: Chunk created successfully: (-3.0, -3.0) at world pos (-96.0, 0.0, -96.0) (total chunks: 60)
[14:50:49] TERRAIN: Creating chunk: (-3.0, 3.0) at distance 4.24
[14:50:49] TERRAIN: Chunk (-3.0, 3.0): TRIMESH collision created successfully (distance: 4.24, vertices: 32)
[14:50:49] TERRAIN: Chunk created successfully: (-3.0, 3.0) at world pos (-96.0, 0.0, 96.0) (total chunks: 61)
[14:50:49] TERRAIN: Creating chunk: (-4.0, -2.0) at distance 4.47
[14:50:49] TERRAIN: Chunk (-4.0, -2.0): TRIMESH collision created successfully (distance: 4.47, vertices: 32)
[14:50:49] TERRAIN: Chunk created successfully: (-4.0, -2.0) at world pos (-128.0, 0.0, -64.0) (total chunks: 62)
[14:50:49] TERRAIN: Creating chunk: (-4.0, 2.0) at distance 4.47
[14:50:49] TERRAIN: Chunk (-4.0, 2.0): TRIMESH collision created successfully (distance: 4.47, vertices: 32)
[14:50:49] TERRAIN: Chunk created successfully: (-4.0, 2.0) at world pos (-128.0, 0.0, 64.0) (total chunks: 63)
[14:50:49] TERRAIN: Creating chunk: (4.0, 2.0) at distance 4.47
[14:50:49] TERRAIN: Chunk (4.0, 2.0): TRIMESH collision created successfully (distance: 4.47, vertices: 32)
[14:50:49] TERRAIN: Chunk created successfully: (4.0, 2.0) at world pos (128.0, 0.0, 64.0) (total chunks: 64)
[14:50:49] TERRAIN: Creating chunk: (4.0, -2.0) at distance 4.47
[14:50:49] TERRAIN: Chunk (4.0, -2.0): TRIMESH collision created successfully (distance: 4.47, vertices: 32)
[14:50:49] TERRAIN: Chunk created successfully: (4.0, -2.0) at world pos (128.0, 0.0, -64.0) (total chunks: 65)
[14:50:49] TERRAIN: Creating chunk: (-2.0, -4.0) at distance 4.47
[14:50:49] TERRAIN: Chunk (-2.0, -4.0): TRIMESH collision created successfully (distance: 4.47, vertices: 32)
[14:50:49] TERRAIN: Chunk created successfully: (-2.0, -4.0) at world pos (-64.0, 0.0, -128.0) (total chunks: 66)
[14:50:49] TERRAIN: Creating chunk: (-2.0, 4.0) at distance 4.47
[14:50:49] TERRAIN: Chunk (-2.0, 4.0): TRIMESH collision created successfully (distance: 4.47, vertices: 32)
[14:50:49] TERRAIN: Chunk created successfully: (-2.0, 4.0) at world pos (-64.0, 0.0, 128.0) (total chunks: 67)
[14:50:49] TERRAIN: Creating chunk: (2.0, 4.0) at distance 4.47
[14:50:49] TERRAIN: Chunk (2.0, 4.0): TRIMESH collision created successfully (distance: 4.47, vertices: 32)
[14:50:49] TERRAIN: Chunk created successfully: (2.0, 4.0) at world pos (64.0, 0.0, 128.0) (total chunks: 68)
[14:50:49] TERRAIN: Creating chunk: (2.0, -4.0) at distance 4.47
[14:50:49] TERRAIN: Chunk (2.0, -4.0): TRIMESH collision created successfully (distance: 4.47, vertices: 32)
[14:50:49] TERRAIN: Chunk created successfully: (2.0, -4.0) at world pos (64.0, 0.0, -128.0) (total chunks: 69)
[14:50:49] TERRAIN: Creating chunk: (0.0, -5.0) at distance 5.00
[14:50:49] TERRAIN: Chunk (0.0, -5.0): TRIMESH collision created successfully (distance: 5.00, vertices: 32)
[14:50:49] TERRAIN: Chunk created successfully: (0.0, -5.0) at world pos (0.0, 0.0, -160.0) (total chunks: 70)
[14:50:49] TERRAIN: Creating chunk: (-3.0, 4.0) at distance 5.00
[14:50:49] TERRAIN: Chunk (-3.0, 4.0): TRIMESH collision created successfully (distance: 5.00, vertices: 32)
[14:50:49] TERRAIN: Chunk created successfully: (-3.0, 4.0) at world pos (-96.0, 0.0, 128.0) (total chunks: 71)
[14:50:49] TERRAIN: Creating chunk: (-3.0, -4.0) at distance 5.00
[14:50:49] TERRAIN: Chunk (-3.0, -4.0): TRIMESH collision created successfully (distance: 5.00, vertices: 32)
[14:50:49] TERRAIN: Chunk created successfully: (-3.0, -4.0) at world pos (-96.0, 0.0, -128.0) (total chunks: 72)
[14:50:49] TERRAIN: Creating chunk: (-4.0, 3.0) at distance 5.00
[14:50:49] TERRAIN: Chunk (-4.0, 3.0): TRIMESH collision created successfully (distance: 5.00, vertices: 32)
[14:50:49] TERRAIN: Chunk created successfully: (-4.0, 3.0) at world pos (-128.0, 0.0, 96.0) (total chunks: 73)
[14:50:49] TERRAIN: Creating chunk: (-4.0, -3.0) at distance 5.00
[14:50:49] TERRAIN: Chunk (-4.0, -3.0): TRIMESH collision created successfully (distance: 5.00, vertices: 32)
[14:50:49] TERRAIN: Chunk created successfully: (-4.0, -3.0) at world pos (-128.0, 0.0, -96.0) (total chunks: 74)
[14:50:49] TERRAIN: Creating chunk: (3.0, -4.0) at distance 5.00
[14:50:49] TERRAIN: Chunk (3.0, -4.0): TRIMESH collision created successfully (distance: 5.00, vertices: 32)
[14:50:49] TERRAIN: Chunk created successfully: (3.0, -4.0) at world pos (96.0, 0.0, -128.0) (total chunks: 75)
[14:50:49] TERRAIN: Creating chunk: (3.0, 4.0) at distance 5.00
[14:50:49] TERRAIN: Chunk (3.0, 4.0): TRIMESH collision created successfully (distance: 5.00, vertices: 32)
[14:50:49] TERRAIN: Chunk created successfully: (3.0, 4.0) at world pos (96.0, 0.0, 128.0) (total chunks: 76)
[14:50:49] TERRAIN: Creating chunk: (-5.0, 0.0) at distance 5.00
[14:50:49] TERRAIN: Chunk (-5.0, 0.0): TRIMESH collision created successfully (distance: 5.00, vertices: 32)
[14:50:49] TERRAIN: Chunk created successfully: (-5.0, 0.0) at world pos (-160.0, 0.0, 0.0) (total chunks: 77)
[14:50:49] TERRAIN: Creating chunk: (5.0, 0.0) at distance 5.00
[14:50:49] TERRAIN: Chunk (5.0, 0.0): TRIMESH collision created successfully (distance: 5.00, vertices: 32)
[14:50:49] TERRAIN: Chunk created successfully: (5.0, 0.0) at world pos (160.0, 0.0, 0.0) (total chunks: 78)
[14:50:49] TERRAIN: Creating chunk: (0.0, 5.0) at distance 5.00
[14:50:49] TERRAIN: Chunk (0.0, 5.0): TRIMESH collision created successfully (distance: 5.00, vertices: 32)
[14:50:49] TERRAIN: Chunk created successfully: (0.0, 5.0) at world pos (0.0, 0.0, 160.0) (total chunks: 79)
[14:50:49] TERRAIN: Creating chunk: (4.0, -3.0) at distance 5.00
[14:50:49] TERRAIN: Chunk (4.0, -3.0): TRIMESH collision created successfully (distance: 5.00, vertices: 32)
[14:50:49] TERRAIN: Chunk created successfully: (4.0, -3.0) at world pos (128.0, 0.0, -96.0) (total chunks: 80)
[14:50:49] TERRAIN: Creating chunk: (4.0, 3.0) at distance 5.00
[14:50:49] TERRAIN: Chunk (4.0, 3.0): TRIMESH collision created successfully (distance: 5.00, vertices: 32)
[14:50:49] TERRAIN: Chunk created successfully: (4.0, 3.0) at world pos (128.0, 0.0, 96.0) (total chunks: 81)
[14:50:49] TERRAIN: Creating chunk: (5.0, 1.0) at distance 5.10
[14:50:49] TERRAIN: Chunk (5.0, 1.0): TRIMESH collision created successfully (distance: 5.10, vertices: 8)
[14:50:49] TERRAIN: Chunk created successfully: (5.0, 1.0) at world pos (160.0, 0.0, 32.0) (total chunks: 82)
[14:50:49] TERRAIN: Creating chunk: (-1.0, 5.0) at distance 5.10
[14:50:49] TERRAIN: Chunk (-1.0, 5.0): TRIMESH collision created successfully (distance: 5.10, vertices: 8)
[14:50:49] TERRAIN: Chunk created successfully: (-1.0, 5.0) at world pos (-32.0, 0.0, 160.0) (total chunks: 83)
[14:50:49] TERRAIN: Creating chunk: (-5.0, -1.0) at distance 5.10
[14:50:49] TERRAIN: Chunk (-5.0, -1.0): TRIMESH collision created successfully (distance: 5.10, vertices: 8)
[14:50:49] TERRAIN: Chunk created successfully: (-5.0, -1.0) at world pos (-160.0, 0.0, -32.0) (total chunks: 84)
[14:50:49] TERRAIN: Creating chunk: (1.0, -5.0) at distance 5.10
[14:50:49] TERRAIN: Chunk (1.0, -5.0): TRIMESH collision created successfully (distance: 5.10, vertices: 8)
[14:50:49] TERRAIN: Chunk created successfully: (1.0, -5.0) at world pos (32.0, 0.0, -160.0) (total chunks: 85)
[14:50:49] TERRAIN: Creating chunk: (1.0, 5.0) at distance 5.10
[14:50:49] TERRAIN: Chunk (1.0, 5.0): TRIMESH collision created successfully (distance: 5.10, vertices: 8)
[14:50:49] TERRAIN: Chunk created successfully: (1.0, 5.0) at world pos (32.0, 0.0, 160.0) (total chunks: 86)
[14:50:49] TERRAIN: Creating chunk: (5.0, -1.0) at distance 5.10
[14:50:49] TERRAIN: Chunk (5.0, -1.0): TRIMESH collision created successfully (distance: 5.10, vertices: 8)
[14:50:49] TERRAIN: Chunk created successfully: (5.0, -1.0) at world pos (160.0, 0.0, -32.0) (total chunks: 87)
[14:50:49] TERRAIN: Creating chunk: (-5.0, 1.0) at distance 5.10
[14:50:49] TERRAIN: Chunk (-5.0, 1.0): TRIMESH collision created successfully (distance: 5.10, vertices: 8)
[14:50:49] TERRAIN: Chunk created successfully: (-5.0, 1.0) at world pos (-160.0, 0.0, 32.0) (total chunks: 88)
[14:50:49] TERRAIN: Creating chunk: (-1.0, -5.0) at distance 5.10
[14:50:49] TERRAIN: Chunk (-1.0, -5.0): TRIMESH collision created successfully (distance: 5.10, vertices: 8)
[14:50:49] TERRAIN: Chunk created successfully: (-1.0, -5.0) at world pos (-32.0, 0.0, -160.0) (total chunks: 89)
[14:50:49] TERRAIN: Creating chunk: (-5.0, 2.0) at distance 5.39
[14:50:49] TERRAIN: Chunk (-5.0, 2.0): TRIMESH collision created successfully (distance: 5.39, vertices: 8)
[14:50:49] TERRAIN: Chunk created successfully: (-5.0, 2.0) at world pos (-160.0, 0.0, 64.0) (total chunks: 90)
[14:50:49] TERRAIN: Creating chunk: (5.0, -2.0) at distance 5.39
[14:50:49] TERRAIN: Chunk (5.0, -2.0): TRIMESH collision created successfully (distance: 5.39, vertices: 8)
[14:50:49] TERRAIN: Chunk created successfully: (5.0, -2.0) at world pos (160.0, 0.0, -64.0) (total chunks: 91)
[14:50:49] TERRAIN: Creating chunk: (-2.0, 5.0) at distance 5.39
[14:50:49] TERRAIN: Chunk (-2.0, 5.0): TRIMESH collision created successfully (distance: 5.39, vertices: 8)
[14:50:49] TERRAIN: Chunk created successfully: (-2.0, 5.0) at world pos (-64.0, 0.0, 160.0) (total chunks: 92)
[14:50:49] TERRAIN: Creating chunk: (2.0, 5.0) at distance 5.39
[14:50:49] TERRAIN: Chunk (2.0, 5.0): TRIMESH collision created successfully (distance: 5.39, vertices: 8)
[14:50:49] TERRAIN: Chunk created successfully: (2.0, 5.0) at world pos (64.0, 0.0, 160.0) (total chunks: 93)
[14:50:49] TERRAIN: Creating chunk: (2.0, -5.0) at distance 5.39
[14:50:49] TERRAIN: Chunk (2.0, -5.0): TRIMESH collision created successfully (distance: 5.39, vertices: 8)
[14:50:49] TERRAIN: Chunk created successfully: (2.0, -5.0) at world pos (64.0, 0.0, -160.0) (total chunks: 94)
[14:50:49] TERRAIN: Creating chunk: (-2.0, -5.0) at distance 5.39
[14:50:49] TERRAIN: Chunk (-2.0, -5.0): TRIMESH collision created successfully (distance: 5.39, vertices: 8)
[14:50:49] TERRAIN: Chunk created successfully: (-2.0, -5.0) at world pos (-64.0, 0.0, -160.0) (total chunks: 95)
[14:50:49] TERRAIN: Creating chunk: (-5.0, -2.0) at distance 5.39
[14:50:49] TERRAIN: Chunk (-5.0, -2.0): TRIMESH collision created successfully (distance: 5.39, vertices: 8)
[14:50:49] TERRAIN: Chunk created successfully: (-5.0, -2.0) at world pos (-160.0, 0.0, -64.0) (total chunks: 96)
[14:50:49] TERRAIN: Creating chunk: (5.0, 2.0) at distance 5.39
[14:50:49] TERRAIN: Chunk (5.0, 2.0): TRIMESH collision created successfully (distance: 5.39, vertices: 8)
[14:50:49] TERRAIN: Chunk created successfully: (5.0, 2.0) at world pos (160.0, 0.0, 64.0) (total chunks: 97)
[14:50:49] TERRAIN: Creating chunk: (4.0, 4.0) at distance 5.66
[14:50:49] TERRAIN: Chunk (4.0, 4.0): TRIMESH collision created successfully (distance: 5.66, vertices: 8)
[14:50:49] TERRAIN: Chunk created successfully: (4.0, 4.0) at world pos (128.0, 0.0, 128.0) (total chunks: 98)
[14:50:49] TERRAIN: Creating chunk: (4.0, -4.0) at distance 5.66
[14:50:49] TERRAIN: Chunk (4.0, -4.0): TRIMESH collision created successfully (distance: 5.66, vertices: 8)
[14:50:49] TERRAIN: Chunk created successfully: (4.0, -4.0) at world pos (128.0, 0.0, -128.0) (total chunks: 99)
[14:50:49] TERRAIN: Creating chunk: (-4.0, -4.0) at distance 5.66
[14:50:49] TERRAIN: Chunk (-4.0, -4.0): TRIMESH collision created successfully (distance: 5.66, vertices: 8)
[14:50:49] TERRAIN: Chunk created successfully: (-4.0, -4.0) at world pos (-128.0, 0.0, -128.0) (total chunks: 100)
[14:50:49] TERRAIN: Creating chunk: (-4.0, 4.0) at distance 5.66
[14:50:49] TERRAIN: Chunk (-4.0, 4.0): TRIMESH collision created successfully (distance: 5.66, vertices: 8)
[14:50:49] TERRAIN: Chunk created successfully: (-4.0, 4.0) at world pos (-128.0, 0.0, 128.0) (total chunks: 101)
[14:50:49] TERRAIN: Creating chunk: (3.0, -5.0) at distance 5.83
[14:50:49] TERRAIN: Chunk (3.0, -5.0): TRIMESH collision created successfully (distance: 5.83, vertices: 8)
[14:50:49] TERRAIN: Chunk created successfully: (3.0, -5.0) at world pos (96.0, 0.0, -160.0) (total chunks: 102)
[14:50:49] TERRAIN: Creating chunk: (-3.0, -5.0) at distance 5.83
[14:50:49] TERRAIN: Chunk (-3.0, -5.0): TRIMESH collision created successfully (distance: 5.83, vertices: 8)
[14:50:49] TERRAIN: Chunk created successfully: (-3.0, -5.0) at world pos (-96.0, 0.0, -160.0) (total chunks: 103)
[14:50:49] TERRAIN: Creating chunk: (3.0, 5.0) at distance 5.83
[14:50:49] TERRAIN: Chunk (3.0, 5.0): TRIMESH collision created successfully (distance: 5.83, vertices: 8)
[14:50:49] TERRAIN: Chunk created successfully: (3.0, 5.0) at world pos (96.0, 0.0, 160.0) (total chunks: 104)
[14:50:49] TERRAIN: Creating chunk: (5.0, -3.0) at distance 5.83
[14:50:49] TERRAIN: Chunk (5.0, -3.0): TRIMESH collision created successfully (distance: 5.83, vertices: 8)
[14:50:49] TERRAIN: Chunk created successfully: (5.0, -3.0) at world pos (160.0, 0.0, -96.0) (total chunks: 105)
[14:50:49] TERRAIN: Creating chunk: (-5.0, 3.0) at distance 5.83
[14:50:49] TERRAIN: Chunk (-5.0, 3.0): TRIMESH collision created successfully (distance: 5.83, vertices: 8)
[14:50:49] TERRAIN: Chunk created successfully: (-5.0, 3.0) at world pos (-160.0, 0.0, 96.0) (total chunks: 106)
[14:50:49] TERRAIN: Creating chunk: (-3.0, 5.0) at distance 5.83
[14:50:49] TERRAIN: Chunk (-3.0, 5.0): TRIMESH collision created successfully (distance: 5.83, vertices: 8)
[14:50:49] TERRAIN: Chunk created successfully: (-3.0, 5.0) at world pos (-96.0, 0.0, 160.0) (total chunks: 107)
[14:50:49] TERRAIN: Creating chunk: (5.0, 3.0) at distance 5.83
[14:50:49] TERRAIN: Chunk (5.0, 3.0): TRIMESH collision created successfully (distance: 5.83, vertices: 8)
[14:50:49] TERRAIN: Chunk created successfully: (5.0, 3.0) at world pos (160.0, 0.0, 96.0) (total chunks: 108)
[14:50:49] TERRAIN: Creating chunk: (-5.0, -3.0) at distance 5.83
[14:50:49] TERRAIN: Chunk (-5.0, -3.0): TRIMESH collision created successfully (distance: 5.83, vertices: 8)
[14:50:49] TERRAIN: Chunk created successfully: (-5.0, -3.0) at world pos (-160.0, 0.0, -96.0) (total chunks: 109)
[14:50:49] TERRAIN: Creating chunk: (-6.0, 0.0) at distance 6.00
[14:50:49] TERRAIN: Chunk (-6.0, 0.0): TRIMESH collision created successfully (distance: 6.00, vertices: 8)
[14:50:49] TERRAIN: Chunk created successfully: (-6.0, 0.0) at world pos (-192.0, 0.0, 0.0) (total chunks: 110)
[14:50:49] TERRAIN: Creating chunk: (6.0, 0.0) at distance 6.00
[14:50:49] TERRAIN: Chunk (6.0, 0.0): TRIMESH collision created successfully (distance: 6.00, vertices: 8)
[14:50:49] TERRAIN: Chunk created successfully: (6.0, 0.0) at world pos (192.0, 0.0, 0.0) (total chunks: 111)
[14:50:49] TERRAIN: Creating chunk: (0.0, -6.0) at distance 6.00
[14:50:49] TERRAIN: Chunk (0.0, -6.0): TRIMESH collision created successfully (distance: 6.00, vertices: 8)
[14:50:49] TERRAIN: Chunk created successfully: (0.0, -6.0) at world pos (0.0, 0.0, -192.0) (total chunks: 112)
[14:50:49] TERRAIN: Creating chunk: (0.0, 6.0) at distance 6.00
[14:50:49] TERRAIN: Chunk (0.0, 6.0): TRIMESH collision created successfully (distance: 6.00, vertices: 8)
[14:50:49] TERRAIN: Chunk created successfully: (0.0, 6.0) at world pos (0.0, 0.0, 192.0) (total chunks: 113)
[14:50:49] TERRAIN: Creating chunk: (6.0, -1.0) at distance 6.08
[14:50:49] TERRAIN: Chunk (6.0, -1.0): TRIMESH collision created successfully (distance: 6.08, vertices: 8)
[14:50:49] TERRAIN: Chunk created successfully: (6.0, -1.0) at world pos (192.0, 0.0, -32.0) (total chunks: 114)
[14:50:49] TERRAIN: Creating chunk: (-6.0, 1.0) at distance 6.08
[14:50:49] TERRAIN: Chunk (-6.0, 1.0): TRIMESH collision created successfully (distance: 6.08, vertices: 8)
[14:50:49] TERRAIN: Chunk created successfully: (-6.0, 1.0) at world pos (-192.0, 0.0, 32.0) (total chunks: 115)
[14:50:49] TERRAIN: Creating chunk: (-1.0, 6.0) at distance 6.08
[14:50:49] TERRAIN: Chunk (-1.0, 6.0): TRIMESH collision created successfully (distance: 6.08, vertices: 8)
[14:50:49] TERRAIN: Chunk created successfully: (-1.0, 6.0) at world pos (-32.0, 0.0, 192.0) (total chunks: 116)
[14:50:49] TERRAIN: Creating chunk: (1.0, -6.0) at distance 6.08
[14:50:49] TERRAIN: Chunk (1.0, -6.0): TRIMESH collision created successfully (distance: 6.08, vertices: 8)
[14:50:49] TERRAIN: Chunk created successfully: (1.0, -6.0) at world pos (32.0, 0.0, -192.0) (total chunks: 117)
[14:50:49] TERRAIN: Creating chunk: (1.0, 6.0) at distance 6.08
[14:50:49] TERRAIN: Chunk (1.0, 6.0): TRIMESH collision created successfully (distance: 6.08, vertices: 8)
[14:50:49] TERRAIN: Chunk created successfully: (1.0, 6.0) at world pos (32.0, 0.0, 192.0) (total chunks: 118)
[14:50:49] TERRAIN: Creating chunk: (-1.0, -6.0) at distance 6.08
[14:50:49] TERRAIN: Chunk (-1.0, -6.0): TRIMESH collision created successfully (distance: 6.08, vertices: 8)
[14:50:49] TERRAIN: Chunk created successfully: (-1.0, -6.0) at world pos (-32.0, 0.0, -192.0) (total chunks: 119)
[14:50:49] TERRAIN: Creating chunk: (-6.0, -1.0) at distance 6.08
[14:50:49] TERRAIN: Chunk (-6.0, -1.0): TRIMESH collision created successfully (distance: 6.08, vertices: 8)
[14:50:49] TERRAIN: Chunk created successfully: (-6.0, -1.0) at world pos (-192.0, 0.0, -32.0) (total chunks: 120)
[14:50:49] TERRAIN: Creating chunk: (6.0, 1.0) at distance 6.08
[14:50:49] TERRAIN: Chunk (6.0, 1.0): TRIMESH collision created successfully (distance: 6.08, vertices: 8)
[14:50:49] TERRAIN: Chunk created successfully: (6.0, 1.0) at world pos (192.0, 0.0, 32.0) (total chunks: 121)
[14:50:49] TERRAIN: Creating chunk: (-2.0, 6.0) at distance 6.32
[14:50:49] TERRAIN: Chunk (-2.0, 6.0): TRIMESH collision created successfully (distance: 6.32, vertices: 8)
[14:50:49] TERRAIN: Chunk created successfully: (-2.0, 6.0) at world pos (-64.0, 0.0, 192.0) (total chunks: 122)
[14:50:49] TERRAIN: Creating chunk: (6.0, -2.0) at distance 6.32
[14:50:49] TERRAIN: Chunk (6.0, -2.0): TRIMESH collision created successfully (distance: 6.32, vertices: 8)
[14:50:49] TERRAIN: Chunk created successfully: (6.0, -2.0) at world pos (192.0, 0.0, -64.0) (total chunks: 123)
[14:50:49] TERRAIN: Creating chunk: (6.0, 2.0) at distance 6.32
[14:50:49] TERRAIN: Chunk (6.0, 2.0): TRIMESH collision created successfully (distance: 6.32, vertices: 8)
[14:50:49] TERRAIN: Chunk created successfully: (6.0, 2.0) at world pos (192.0, 0.0, 64.0) (total chunks: 124)
[14:50:49] TERRAIN: Creating chunk: (2.0, 6.0) at distance 6.32
[14:50:49] TERRAIN: Chunk (2.0, 6.0): TRIMESH collision created successfully (distance: 6.32, vertices: 8)
[14:50:49] TERRAIN: Chunk created successfully: (2.0, 6.0) at world pos (64.0, 0.0, 192.0) (total chunks: 125)
[14:50:49] TERRAIN: Creating chunk: (2.0, -6.0) at distance 6.32
[14:50:49] TERRAIN: Chunk (2.0, -6.0): TRIMESH collision created successfully (distance: 6.32, vertices: 8)
[14:50:49] TERRAIN: Chunk created successfully: (2.0, -6.0) at world pos (64.0, 0.0, -192.0) (total chunks: 126)
[14:50:49] TERRAIN: Creating chunk: (-2.0, -6.0) at distance 6.32
[14:50:49] TERRAIN: Chunk (-2.0, -6.0): TRIMESH collision created successfully (distance: 6.32, vertices: 8)
[14:50:49] TERRAIN: Chunk created successfully: (-2.0, -6.0) at world pos (-64.0, 0.0, -192.0) (total chunks: 127)
[14:50:49] TERRAIN: Creating chunk: (-6.0, -2.0) at distance 6.32
[14:50:49] TERRAIN: Chunk (-6.0, -2.0): TRIMESH collision created successfully (distance: 6.32, vertices: 8)
[14:50:49] TERRAIN: Chunk created successfully: (-6.0, -2.0) at world pos (-192.0, 0.0, -64.0) (total chunks: 128)
[14:50:49] TERRAIN: Creating chunk: (-6.0, 2.0) at distance 6.32
[14:50:49] TERRAIN: Chunk (-6.0, 2.0): TRIMESH collision created successfully (distance: 6.32, vertices: 8)
[14:50:49] TERRAIN: Chunk created successfully: (-6.0, 2.0) at world pos (-192.0, 0.0, 64.0) (total chunks: 129)
[14:50:49] TERRAIN: Creating chunk: (-4.0, -5.0) at distance 6.40
[14:50:49] TERRAIN: Chunk (-4.0, -5.0): TRIMESH collision created successfully (distance: 6.40, vertices: 8)
[14:50:49] TERRAIN: Chunk created successfully: (-4.0, -5.0) at world pos (-128.0, 0.0, -160.0) (total chunks: 130)
[14:50:49] TERRAIN: Creating chunk: (-5.0, 4.0) at distance 6.40
[14:50:49] TERRAIN: Chunk (-5.0, 4.0): TRIMESH collision created successfully (distance: 6.40, vertices: 8)
[14:50:49] TERRAIN: Chunk created successfully: (-5.0, 4.0) at world pos (-160.0, 0.0, 128.0) (total chunks: 131)
[14:50:49] TERRAIN: Creating chunk: (-5.0, -4.0) at distance 6.40
[14:50:49] TERRAIN: Chunk (-5.0, -4.0): TRIMESH collision created successfully (distance: 6.40, vertices: 8)
[14:50:49] TERRAIN: Chunk created successfully: (-5.0, -4.0) at world pos (-160.0, 0.0, -128.0) (total chunks: 132)
[14:50:49] TERRAIN: Creating chunk: (-4.0, 5.0) at distance 6.40
[14:50:49] TERRAIN: Chunk (-4.0, 5.0): TRIMESH collision created successfully (distance: 6.40, vertices: 8)
[14:50:49] TERRAIN: Chunk created successfully: (-4.0, 5.0) at world pos (-128.0, 0.0, 160.0) (total chunks: 133)
[14:50:49] TERRAIN: Creating chunk: (4.0, -5.0) at distance 6.40
[14:50:49] TERRAIN: Chunk (4.0, -5.0): TRIMESH collision created successfully (distance: 6.40, vertices: 8)
[14:50:49] TERRAIN: Chunk created successfully: (4.0, -5.0) at world pos (128.0, 0.0, -160.0) (total chunks: 134)
[14:50:49] TERRAIN: Creating chunk: (4.0, 5.0) at distance 6.40
[14:50:49] TERRAIN: Chunk (4.0, 5.0): TRIMESH collision created successfully (distance: 6.40, vertices: 8)
[14:50:49] TERRAIN: Chunk created successfully: (4.0, 5.0) at world pos (128.0, 0.0, 160.0) (total chunks: 135)
[14:50:49] TERRAIN: Creating chunk: (5.0, -4.0) at distance 6.40
[14:50:49] TERRAIN: Chunk (5.0, -4.0): TRIMESH collision created successfully (distance: 6.40, vertices: 8)
[14:50:49] TERRAIN: Chunk created successfully: (5.0, -4.0) at world pos (160.0, 0.0, -128.0) (total chunks: 136)
[14:50:49] TERRAIN: Creating chunk: (5.0, 4.0) at distance 6.40
[14:50:49] TERRAIN: Chunk (5.0, 4.0): TRIMESH collision created successfully (distance: 6.40, vertices: 8)
[14:50:49] TERRAIN: Chunk created successfully: (5.0, 4.0) at world pos (160.0, 0.0, 128.0) (total chunks: 137)
[14:50:49] TERRAIN: Creating chunk: (-3.0, -6.0) at distance 6.71
[14:50:49] TERRAIN: Chunk (-3.0, -6.0): TRIMESH collision created successfully (distance: 6.71, vertices: 8)
[14:50:49] TERRAIN: Chunk created successfully: (-3.0, -6.0) at world pos (-96.0, 0.0, -192.0) (total chunks: 138)
[14:50:49] TERRAIN: Creating chunk: (-3.0, 6.0) at distance 6.71
[14:50:49] TERRAIN: Chunk (-3.0, 6.0): TRIMESH collision created successfully (distance: 6.71, vertices: 8)
[14:50:49] TERRAIN: Chunk created successfully: (-3.0, 6.0) at world pos (-96.0, 0.0, 192.0) (total chunks: 139)
[14:50:49] TERRAIN: Creating chunk: (6.0, -3.0) at distance 6.71
[14:50:49] TERRAIN: Chunk (6.0, -3.0): TRIMESH collision created successfully (distance: 6.71, vertices: 8)
[14:50:49] TERRAIN: Chunk created successfully: (6.0, -3.0) at world pos (192.0, 0.0, -96.0) (total chunks: 140)
[14:50:49] TERRAIN: Creating chunk: (6.0, 3.0) at distance 6.71
[14:50:49] TERRAIN: Chunk (6.0, 3.0): TRIMESH collision created successfully (distance: 6.71, vertices: 8)
[14:50:49] TERRAIN: Chunk created successfully: (6.0, 3.0) at world pos (192.0, 0.0, 96.0) (total chunks: 141)
[14:50:49] TERRAIN: Creating chunk: (-6.0, 3.0) at distance 6.71
[14:50:49] TERRAIN: Chunk (-6.0, 3.0): TRIMESH collision created successfully (distance: 6.71, vertices: 8)
[14:50:49] TERRAIN: Chunk created successfully: (-6.0, 3.0) at world pos (-192.0, 0.0, 96.0) (total chunks: 142)
[14:50:49] TERRAIN: Creating chunk: (3.0, -6.0) at distance 6.71
[14:50:49] TERRAIN: Chunk (3.0, -6.0): TRIMESH collision created successfully (distance: 6.71, vertices: 8)
[14:50:49] TERRAIN: Chunk created successfully: (3.0, -6.0) at world pos (96.0, 0.0, -192.0) (total chunks: 143)
[14:50:49] TERRAIN: Creating chunk: (3.0, 6.0) at distance 6.71
[14:50:49] TERRAIN: Chunk (3.0, 6.0): TRIMESH collision created successfully (distance: 6.71, vertices: 8)
[14:50:49] TERRAIN: Chunk created successfully: (3.0, 6.0) at world pos (96.0, 0.0, 192.0) (total chunks: 144)
[14:50:49] TERRAIN: Creating chunk: (-6.0, -3.0) at distance 6.71
[14:50:49] TERRAIN: Chunk (-6.0, -3.0): TRIMESH collision created successfully (distance: 6.71, vertices: 8)
[14:50:49] TERRAIN: Chunk created successfully: (-6.0, -3.0) at world pos (-192.0, 0.0, -96.0) (total chunks: 145)
[14:50:49] TERRAIN: Creating chunk: (-7.0, 0.0) at distance 7.00
[14:50:49] TERRAIN: Chunk (-7.0, 0.0): TRIMESH collision created successfully (distance: 7.00, vertices: 8)
[14:50:49] TERRAIN: Chunk created successfully: (-7.0, 0.0) at world pos (-224.0, 0.0, 0.0) (total chunks: 146)
[14:50:49] TERRAIN: Creating chunk: (0.0, -7.0) at distance 7.00
[14:50:49] TERRAIN: Chunk (0.0, -7.0): TRIMESH collision created successfully (distance: 7.00, vertices: 8)
[14:50:49] TERRAIN: Chunk created successfully: (0.0, -7.0) at world pos (0.0, 0.0, -224.0) (total chunks: 147)
[14:50:49] TERRAIN: Creating chunk: (0.0, 7.0) at distance 7.00
[14:50:49] TERRAIN: Chunk (0.0, 7.0): TRIMESH collision created successfully (distance: 7.00, vertices: 8)
[14:50:49] TERRAIN: Chunk created successfully: (0.0, 7.0) at world pos (0.0, 0.0, 224.0) (total chunks: 148)
[14:50:49] TERRAIN: Creating chunk: (7.0, 0.0) at distance 7.00
[14:50:49] TERRAIN: Chunk (7.0, 0.0): TRIMESH collision created successfully (distance: 7.00, vertices: 8)
[14:50:49] TERRAIN: Chunk created successfully: (7.0, 0.0) at world pos (224.0, 0.0, 0.0) (total chunks: 149)
[14:50:49] TERRAIN: Creating chunk: (-5.0, -5.0) at distance 7.07
[14:50:49] TERRAIN: Chunk (-5.0, -5.0): TRIMESH collision created successfully (distance: 7.07, vertices: 8)
[14:50:49] TERRAIN: Chunk created successfully: (-5.0, -5.0) at world pos (-160.0, 0.0, -160.0) (total chunks: 150)
[14:50:49] TERRAIN: Creating chunk: (-5.0, 5.0) at distance 7.07
[14:50:49] TERRAIN: Chunk (-5.0, 5.0): TRIMESH collision created successfully (distance: 7.07, vertices: 8)
[14:50:49] TERRAIN: Chunk created successfully: (-5.0, 5.0) at world pos (-160.0, 0.0, 160.0) (total chunks: 151)
[14:50:49] TERRAIN: Creating chunk: (-1.0, -7.0) at distance 7.07
[14:50:49] TERRAIN: Chunk (-1.0, -7.0): TRIMESH collision created successfully (distance: 7.07, vertices: 8)
[14:50:49] TERRAIN: Chunk created successfully: (-1.0, -7.0) at world pos (-32.0, 0.0, -224.0) (total chunks: 152)
[14:50:49] TERRAIN: Creating chunk: (-1.0, 7.0) at distance 7.07
[14:50:49] TERRAIN: Chunk (-1.0, 7.0): TRIMESH collision created successfully (distance: 7.07, vertices: 8)
[14:50:49] TERRAIN: Chunk created successfully: (-1.0, 7.0) at world pos (-32.0, 0.0, 224.0) (total chunks: 153)
[14:50:49] TERRAIN: Creating chunk: (1.0, -7.0) at distance 7.07
[14:50:49] TERRAIN: Chunk (1.0, -7.0): TRIMESH collision created successfully (distance: 7.07, vertices: 8)
[14:50:49] TERRAIN: Chunk created successfully: (1.0, -7.0) at world pos (32.0, 0.0, -224.0) (total chunks: 154)
[14:50:49] TERRAIN: Creating chunk: (1.0, 7.0) at distance 7.07
[14:50:49] TERRAIN: Chunk (1.0, 7.0): TRIMESH collision created successfully (distance: 7.07, vertices: 8)
[14:50:49] TERRAIN: Chunk created successfully: (1.0, 7.0) at world pos (32.0, 0.0, 224.0) (total chunks: 155)
[14:50:49] TERRAIN: Creating chunk: (5.0, -5.0) at distance 7.07
[14:50:49] TERRAIN: Chunk (5.0, -5.0): TRIMESH collision created successfully (distance: 7.07, vertices: 8)
[14:50:49] TERRAIN: Chunk created successfully: (5.0, -5.0) at world pos (160.0, 0.0, -160.0) (total chunks: 156)
[14:50:49] TERRAIN: Creating chunk: (5.0, 5.0) at distance 7.07
[14:50:49] TERRAIN: Chunk (5.0, 5.0): TRIMESH collision created successfully (distance: 7.07, vertices: 8)
[14:50:49] TERRAIN: Chunk created successfully: (5.0, 5.0) at world pos (160.0, 0.0, 160.0) (total chunks: 157)
[14:50:49] TERRAIN: Creating chunk: (7.0, 1.0) at distance 7.07
[14:50:49] TERRAIN: Chunk (7.0, 1.0): TRIMESH collision created successfully (distance: 7.07, vertices: 8)
[14:50:49] TERRAIN: Chunk created successfully: (7.0, 1.0) at world pos (224.0, 0.0, 32.0) (total chunks: 158)
[14:50:49] TERRAIN: Creating chunk: (7.0, -1.0) at distance 7.07
[14:50:49] TERRAIN: Chunk (7.0, -1.0): TRIMESH collision created successfully (distance: 7.07, vertices: 8)
[14:50:49] TERRAIN: Chunk created successfully: (7.0, -1.0) at world pos (224.0, 0.0, -32.0) (total chunks: 159)
[14:50:49] TERRAIN: Creating chunk: (-7.0, 1.0) at distance 7.07
[14:50:49] TERRAIN: Chunk (-7.0, 1.0): TRIMESH collision created successfully (distance: 7.07, vertices: 8)
[14:50:49] TERRAIN: Chunk created successfully: (-7.0, 1.0) at world pos (-224.0, 0.0, 32.0) (total chunks: 160)
[14:50:49] TERRAIN: Creating chunk: (-7.0, -1.0) at distance 7.07
[14:50:49] TERRAIN: Chunk (-7.0, -1.0): TRIMESH collision created successfully (distance: 7.07, vertices: 8)
[14:50:49] TERRAIN: Chunk created successfully: (-7.0, -1.0) at world pos (-224.0, 0.0, -32.0) (total chunks: 161)
[14:50:49] TERRAIN: Creating chunk: (-4.0, 6.0) at distance 7.21
[14:50:49] TERRAIN: Chunk (-4.0, 6.0): TRIMESH collision created successfully (distance: 7.21, vertices: 8)
[14:50:49] TERRAIN: Chunk created successfully: (-4.0, 6.0) at world pos (-128.0, 0.0, 192.0) (total chunks: 162)
[14:50:49] TERRAIN: Creating chunk: (4.0, -6.0) at distance 7.21
[14:50:49] TERRAIN: Chunk (4.0, -6.0): TRIMESH collision created successfully (distance: 7.21, vertices: 8)
[14:50:49] TERRAIN: Chunk created successfully: (4.0, -6.0) at world pos (128.0, 0.0, -192.0) (total chunks: 163)
[14:50:49] TERRAIN: Creating chunk: (-6.0, 4.0) at distance 7.21
[14:50:49] TERRAIN: Chunk (-6.0, 4.0): TRIMESH collision created successfully (distance: 7.21, vertices: 8)
[14:50:49] TERRAIN: Chunk created successfully: (-6.0, 4.0) at world pos (-192.0, 0.0, 128.0) (total chunks: 164)
[14:50:49] TERRAIN: Creating chunk: (-6.0, -4.0) at distance 7.21
[14:50:49] TERRAIN: Chunk (-6.0, -4.0): TRIMESH collision created successfully (distance: 7.21, vertices: 8)
[14:50:49] TERRAIN: Chunk created successfully: (-6.0, -4.0) at world pos (-192.0, 0.0, -128.0) (total chunks: 165)
[14:50:49] TERRAIN: Creating chunk: (4.0, 6.0) at distance 7.21
[14:50:49] TERRAIN: Chunk (4.0, 6.0): TRIMESH collision created successfully (distance: 7.21, vertices: 8)
[14:50:49] TERRAIN: Chunk created successfully: (4.0, 6.0) at world pos (128.0, 0.0, 192.0) (total chunks: 166)
[14:50:49] TERRAIN: Creating chunk: (6.0, 4.0) at distance 7.21
[14:50:49] TERRAIN: Chunk (6.0, 4.0): TRIMESH collision created successfully (distance: 7.21, vertices: 8)
[14:50:49] TERRAIN: Chunk created successfully: (6.0, 4.0) at world pos (192.0, 0.0, 128.0) (total chunks: 167)
[14:50:49] TERRAIN: Creating chunk: (6.0, -4.0) at distance 7.21
[14:50:49] TERRAIN: Chunk (6.0, -4.0): TRIMESH collision created successfully (distance: 7.21, vertices: 8)
[14:50:49] TERRAIN: Chunk created successfully: (6.0, -4.0) at world pos (192.0, 0.0, -128.0) (total chunks: 168)
[14:50:49] PLAYER: Pos: (0.0, 0.000187, 0.0) | Chunk: (0.0, 0.0) | TerrainHeight: 0.00 | HeightDiff: 0.00 | OnFloor: true
[14:50:49] PLAYER: CHUNK CHANGED: (inf, inf) -> (0.0, 0.0)
[14:50:49] TERRAIN: Creating chunk: (-4.0, -6.0) at distance 7.21
[14:50:49] TERRAIN: Chunk (-4.0, -6.0): TRIMESH collision created successfully (distance: 7.21, vertices: 8)
[14:50:49] TERRAIN: Chunk created successfully: (-4.0, -6.0) at world pos (-128.0, 0.0, -192.0) (total chunks: 169)
[14:50:49] TERRAIN: Creating chunk: (-7.0, 2.0) at distance 7.28
[14:50:49] TERRAIN: Chunk (-7.0, 2.0): TRIMESH collision created successfully (distance: 7.28, vertices: 8)
[14:50:49] TERRAIN: Chunk created successfully: (-7.0, 2.0) at world pos (-224.0, 0.0, 64.0) (total chunks: 170)
[14:50:49] TERRAIN: Creating chunk: (2.0, -7.0) at distance 7.28
[14:50:49] TERRAIN: Chunk (2.0, -7.0): TRIMESH collision created successfully (distance: 7.28, vertices: 8)
[14:50:49] TERRAIN: Chunk created successfully: (2.0, -7.0) at world pos (64.0, 0.0, -224.0) (total chunks: 171)
[14:50:49] TERRAIN: Creating chunk: (-7.0, -2.0) at distance 7.28
[14:50:49] TERRAIN: Chunk (-7.0, -2.0): TRIMESH collision created successfully (distance: 7.28, vertices: 8)
[14:50:49] TERRAIN: Chunk created successfully: (-7.0, -2.0) at world pos (-224.0, 0.0, -64.0) (total chunks: 172)
[14:50:49] TERRAIN: Creating chunk: (-2.0, -7.0) at distance 7.28
[14:50:49] TERRAIN: Chunk (-2.0, -7.0): TRIMESH collision created successfully (distance: 7.28, vertices: 8)
[14:50:49] TERRAIN: Chunk created successfully: (-2.0, -7.0) at world pos (-64.0, 0.0, -224.0) (total chunks: 173)
[14:50:49] TERRAIN: Creating chunk: (7.0, 2.0) at distance 7.28
[14:50:49] TERRAIN: Chunk (7.0, 2.0): TRIMESH collision created successfully (distance: 7.28, vertices: 8)
[14:50:49] TERRAIN: Chunk created successfully: (7.0, 2.0) at world pos (224.0, 0.0, 64.0) (total chunks: 174)
[14:50:49] TERRAIN: Creating chunk: (-2.0, 7.0) at distance 7.28
[14:50:49] TERRAIN: Chunk (-2.0, 7.0): TRIMESH collision created successfully (distance: 7.28, vertices: 8)
[14:50:49] TERRAIN: Chunk created successfully: (-2.0, 7.0) at world pos (-64.0, 0.0, 224.0) (total chunks: 175)
[14:50:49] TERRAIN: Creating chunk: (7.0, -2.0) at distance 7.28
[14:50:49] TERRAIN: Chunk (7.0, -2.0): TRIMESH collision created successfully (distance: 7.28, vertices: 8)
[14:50:49] TERRAIN: Chunk created successfully: (7.0, -2.0) at world pos (224.0, 0.0, -64.0) (total chunks: 176)
[14:50:49] TERRAIN: Creating chunk: (2.0, 7.0) at distance 7.28
[14:50:49] TERRAIN: Chunk (2.0, 7.0): TRIMESH collision created successfully (distance: 7.28, vertices: 8)
[14:50:49] TERRAIN: Chunk created successfully: (2.0, 7.0) at world pos (64.0, 0.0, 224.0) (total chunks: 177)
[14:50:49] TERRAIN: Creating chunk: (-7.0, -3.0) at distance 7.62
[14:50:49] TERRAIN: Chunk (-7.0, -3.0): TRIMESH collision created successfully (distance: 7.62, vertices: 8)
[14:50:49] TERRAIN: Chunk created successfully: (-7.0, -3.0) at world pos (-224.0, 0.0, -96.0) (total chunks: 178)
[14:50:49] TERRAIN: Creating chunk: (-3.0, -7.0) at distance 7.62
[14:50:49] TERRAIN: Chunk (-3.0, -7.0): TRIMESH collision created successfully (distance: 7.62, vertices: 8)
[14:50:49] TERRAIN: Chunk created successfully: (-3.0, -7.0) at world pos (-96.0, 0.0, -224.0) (total chunks: 179)
[14:50:49] TERRAIN: Creating chunk: (-7.0, 3.0) at distance 7.62
[14:50:49] TERRAIN: Chunk (-7.0, 3.0): TRIMESH collision created successfully (distance: 7.62, vertices: 8)
[14:50:49] TERRAIN: Chunk created successfully: (-7.0, 3.0) at world pos (-224.0, 0.0, 96.0) (total chunks: 180)
[14:50:49] TERRAIN: Creating chunk: (-3.0, 7.0) at distance 7.62
[14:50:49] TERRAIN: Chunk (-3.0, 7.0): TRIMESH collision created successfully (distance: 7.62, vertices: 8)
[14:50:49] TERRAIN: Chunk created successfully: (-3.0, 7.0) at world pos (-96.0, 0.0, 224.0) (total chunks: 181)
[14:50:49] TERRAIN: Creating chunk: (3.0, -7.0) at distance 7.62
[14:50:49] TERRAIN: Chunk (3.0, -7.0): TRIMESH collision created successfully (distance: 7.62, vertices: 8)
[14:50:49] TERRAIN: Chunk created successfully: (3.0, -7.0) at world pos (96.0, 0.0, -224.0) (total chunks: 182)
[14:50:49] TERRAIN: Creating chunk: (7.0, 3.0) at distance 7.62
[14:50:49] TERRAIN: Chunk (7.0, 3.0): TRIMESH collision created successfully (distance: 7.62, vertices: 8)
[14:50:49] TERRAIN: Chunk created successfully: (7.0, 3.0) at world pos (224.0, 0.0, 96.0) (total chunks: 183)
[14:50:49] TERRAIN: Creating chunk: (7.0, -3.0) at distance 7.62
[14:50:49] TERRAIN: Chunk (7.0, -3.0): TRIMESH collision created successfully (distance: 7.62, vertices: 8)
[14:50:49] TERRAIN: Chunk created successfully: (7.0, -3.0) at world pos (224.0, 0.0, -96.0) (total chunks: 184)
[14:50:49] TERRAIN: Creating chunk: (3.0, 7.0) at distance 7.62
[14:50:49] TERRAIN: Chunk (3.0, 7.0): TRIMESH collision created successfully (distance: 7.62, vertices: 8)
[14:50:49] TERRAIN: Chunk created successfully: (3.0, 7.0) at world pos (96.0, 0.0, 224.0) (total chunks: 185)
[14:50:49] TERRAIN: Creating chunk: (-5.0, -6.0) at distance 7.81
[14:50:49] TERRAIN: Chunk (-5.0, -6.0): TRIMESH collision created successfully (distance: 7.81, vertices: 8)
[14:50:49] TERRAIN: Chunk created successfully: (-5.0, -6.0) at world pos (-160.0, 0.0, -192.0) (total chunks: 186)
[14:50:49] TERRAIN: Creating chunk: (-5.0, 6.0) at distance 7.81
[14:50:49] TERRAIN: Chunk (-5.0, 6.0): TRIMESH collision created successfully (distance: 7.81, vertices: 8)
[14:50:49] TERRAIN: Chunk created successfully: (-5.0, 6.0) at world pos (-160.0, 0.0, 192.0) (total chunks: 187)
[14:50:49] TERRAIN: Creating chunk: (-6.0, 5.0) at distance 7.81
[14:50:49] TERRAIN: Chunk (-6.0, 5.0): TRIMESH collision created successfully (distance: 7.81, vertices: 8)
[14:50:49] TERRAIN: Chunk created successfully: (-6.0, 5.0) at world pos (-192.0, 0.0, 160.0) (total chunks: 188)
[14:50:49] TERRAIN: Creating chunk: (-6.0, -5.0) at distance 7.81
[14:50:50] TERRAIN: Chunk (-6.0, -5.0): TRIMESH collision created successfully (distance: 7.81, vertices: 8)
[14:50:50] TERRAIN: Chunk created successfully: (-6.0, -5.0) at world pos (-192.0, 0.0, -160.0) (total chunks: 189)
[14:50:50] TERRAIN: Creating chunk: (5.0, -6.0) at distance 7.81
[14:50:50] TERRAIN: Chunk (5.0, -6.0): TRIMESH collision created successfully (distance: 7.81, vertices: 8)
[14:50:50] TERRAIN: Chunk created successfully: (5.0, -6.0) at world pos (160.0, 0.0, -192.0) (total chunks: 190)
[14:50:50] TERRAIN: Creating chunk: (6.0, -5.0) at distance 7.81
[14:50:50] TERRAIN: Chunk (6.0, -5.0): TRIMESH collision created successfully (distance: 7.81, vertices: 8)
[14:50:50] TERRAIN: Chunk created successfully: (6.0, -5.0) at world pos (192.0, 0.0, -160.0) (total chunks: 191)
[14:50:50] TERRAIN: Creating chunk: (5.0, 6.0) at distance 7.81
[14:50:50] TERRAIN: Chunk (5.0, 6.0): TRIMESH collision created successfully (distance: 7.81, vertices: 8)
[14:50:50] TERRAIN: Chunk created successfully: (5.0, 6.0) at world pos (160.0, 0.0, 192.0) (total chunks: 192)
[14:50:50] TERRAIN: Creating chunk: (6.0, 5.0) at distance 7.81
[14:50:50] TERRAIN: Chunk (6.0, 5.0): TRIMESH collision created successfully (distance: 7.81, vertices: 8)
[14:50:50] TERRAIN: Chunk created successfully: (6.0, 5.0) at world pos (192.0, 0.0, 160.0) (total chunks: 193)
[14:50:50] TERRAIN: Creating chunk: (8.0, 0.0) at distance 8.00
[14:50:50] TERRAIN: Chunk (8.0, 0.0): TRIMESH collision created successfully (distance: 8.00, vertices: 8)
[14:50:50] TERRAIN: Chunk created successfully: (8.0, 0.0) at world pos (256.0, 0.0, 0.0) (total chunks: 194)
[14:50:50] TERRAIN: Creating chunk: (-8.0, 0.0) at distance 8.00
[14:50:50] TERRAIN: Chunk (-8.0, 0.0): TRIMESH collision created successfully (distance: 8.00, vertices: 8)
[14:50:50] TERRAIN: Chunk created successfully: (-8.0, 0.0) at world pos (-256.0, 0.0, 0.0) (total chunks: 195)
[14:50:50] TERRAIN: Creating chunk: (0.0, -8.0) at distance 8.00
[14:50:50] TERRAIN: Chunk (0.0, -8.0): TRIMESH collision created successfully (distance: 8.00, vertices: 8)
[14:50:50] TERRAIN: Chunk created successfully: (0.0, -8.0) at world pos (0.0, 0.0, -256.0) (total chunks: 196)
[14:50:50] TERRAIN: Creating chunk: (0.0, 8.0) at distance 8.00
[14:50:50] TERRAIN: Chunk (0.0, 8.0): TRIMESH collision created successfully (distance: 8.00, vertices: 8)
[14:50:50] TERRAIN: Chunk created successfully: (0.0, 8.0) at world pos (0.0, 0.0, 256.0) (total chunks: 197)
[14:50:50] TERRAIN: Creating chunk: (8.0, 1.0) at distance 8.06
[14:50:50] TERRAIN: Chunk (8.0, 1.0): TRIMESH collision created successfully (distance: 8.06, vertices: 8)
[14:50:50] TERRAIN: Chunk created successfully: (8.0, 1.0) at world pos (256.0, 0.0, 32.0) (total chunks: 198)
[14:50:50] TERRAIN: Creating chunk: (-1.0, 8.0) at distance 8.06
[14:50:50] TERRAIN: Chunk (-1.0, 8.0): TRIMESH collision created successfully (distance: 8.06, vertices: 8)
[14:50:50] TERRAIN: Chunk created successfully: (-1.0, 8.0) at world pos (-32.0, 0.0, 256.0) (total chunks: 199)
[14:50:50] TERRAIN: Creating chunk: (-1.0, -8.0) at distance 8.06
[14:50:50] TERRAIN: Chunk (-1.0, -8.0): TRIMESH collision created successfully (distance: 8.06, vertices: 8)
[14:50:50] TERRAIN: Chunk created successfully: (-1.0, -8.0) at world pos (-32.0, 0.0, -256.0) (total chunks: 200)
[14:50:50] TERRAIN: Creating chunk: (1.0, -8.0) at distance 8.06
[14:50:50] TERRAIN: Chunk (1.0, -8.0): TRIMESH collision created successfully (distance: 8.06, vertices: 8)
[14:50:50] TERRAIN: Chunk created successfully: (1.0, -8.0) at world pos (32.0, 0.0, -256.0) (total chunks: 201)
[14:50:50] TERRAIN: Creating chunk: (-4.0, -7.0) at distance 8.06
[14:50:50] TERRAIN: Chunk (-4.0, -7.0): TRIMESH collision created successfully (distance: 8.06, vertices: 8)
[14:50:50] TERRAIN: Chunk created successfully: (-4.0, -7.0) at world pos (-128.0, 0.0, -224.0) (total chunks: 202)
[14:50:50] TERRAIN: Creating chunk: (1.0, 8.0) at distance 8.06
[14:50:50] TERRAIN: Chunk (1.0, 8.0): TRIMESH collision created successfully (distance: 8.06, vertices: 8)
[14:50:50] TERRAIN: Chunk created successfully: (1.0, 8.0) at world pos (32.0, 0.0, 256.0) (total chunks: 203)
[14:50:50] TERRAIN: Creating chunk: (-8.0, 1.0) at distance 8.06
[14:50:50] TERRAIN: Chunk (-8.0, 1.0): TRIMESH collision created successfully (distance: 8.06, vertices: 8)
[14:50:50] TERRAIN: Chunk created successfully: (-8.0, 1.0) at world pos (-256.0, 0.0, 32.0) (total chunks: 204)
[14:50:50] TERRAIN: Creating chunk: (8.0, -1.0) at distance 8.06
[14:50:50] TERRAIN: Chunk (8.0, -1.0): TRIMESH collision created successfully (distance: 8.06, vertices: 8)
[14:50:50] TERRAIN: Chunk created successfully: (8.0, -1.0) at world pos (256.0, 0.0, -32.0) (total chunks: 205)
[14:50:50] TERRAIN: Creating chunk: (-8.0, -1.0) at distance 8.06
[14:50:50] TERRAIN: Chunk (-8.0, -1.0): TRIMESH collision created successfully (distance: 8.06, vertices: 8)
[14:50:50] TERRAIN: Chunk created successfully: (-8.0, -1.0) at world pos (-256.0, 0.0, -32.0) (total chunks: 206)
[14:50:50] TERRAIN: Creating chunk: (-4.0, 7.0) at distance 8.06
[14:50:50] TERRAIN: Chunk (-4.0, 7.0): TRIMESH collision created successfully (distance: 8.06, vertices: 8)
[14:50:50] TERRAIN: Chunk created successfully: (-4.0, 7.0) at world pos (-128.0, 0.0, 224.0) (total chunks: 207)
[14:50:50] TERRAIN: Creating chunk: (7.0, -4.0) at distance 8.06
[14:50:50] TERRAIN: Chunk (7.0, -4.0): TRIMESH collision created successfully (distance: 8.06, vertices: 8)
[14:50:50] TERRAIN: Chunk created successfully: (7.0, -4.0) at world pos (224.0, 0.0, -128.0) (total chunks: 208)
[14:50:50] TERRAIN: Creating chunk: (4.0, 7.0) at distance 8.06
[14:50:50] TERRAIN: Chunk (4.0, 7.0): TRIMESH collision created successfully (distance: 8.06, vertices: 8)
[14:50:50] TERRAIN: Chunk created successfully: (4.0, 7.0) at world pos (128.0, 0.0, 224.0) (total chunks: 209)
[14:50:50] TERRAIN: Creating chunk: (-7.0, -4.0) at distance 8.06
[14:50:50] TERRAIN: Chunk (-7.0, -4.0): TRIMESH collision created successfully (distance: 8.06, vertices: 8)
[14:50:50] TERRAIN: Chunk created successfully: (-7.0, -4.0) at world pos (-224.0, 0.0, -128.0) (total chunks: 210)
[14:50:50] TERRAIN: Creating chunk: (7.0, 4.0) at distance 8.06
[14:50:50] TERRAIN: Chunk (7.0, 4.0): TRIMESH collision created successfully (distance: 8.06, vertices: 8)
[14:50:50] TERRAIN: Chunk created successfully: (7.0, 4.0) at world pos (224.0, 0.0, 128.0) (total chunks: 211)
[14:50:50] TERRAIN: Creating chunk: (4.0, -7.0) at distance 8.06
[14:50:50] TERRAIN: Chunk (4.0, -7.0): TRIMESH collision created successfully (distance: 8.06, vertices: 8)
[14:50:50] TERRAIN: Chunk created successfully: (4.0, -7.0) at world pos (128.0, 0.0, -224.0) (total chunks: 212)
[14:50:50] TERRAIN: Creating chunk: (-7.0, 4.0) at distance 8.06
[14:50:50] TERRAIN: Chunk (-7.0, 4.0): TRIMESH collision created successfully (distance: 8.06, vertices: 8)
[14:50:50] TERRAIN: Chunk created successfully: (-7.0, 4.0) at world pos (-224.0, 0.0, 128.0) (total chunks: 213)
[14:50:50] TERRAIN: Creating chunk: (-8.0, -2.0) at distance 8.25
[14:50:50] TERRAIN: Chunk (-8.0, -2.0): TRIMESH collision created successfully (distance: 8.25, vertices: 8)
[14:50:50] TERRAIN: Chunk created successfully: (-8.0, -2.0) at world pos (-256.0, 0.0, -64.0) (total chunks: 214)
[14:50:50] TERRAIN: Creating chunk: (2.0, 8.0) at distance 8.25
[14:50:50] TERRAIN: Chunk (2.0, 8.0): TRIMESH collision created successfully (distance: 8.25, vertices: 8)
[14:50:50] TERRAIN: Chunk created successfully: (2.0, 8.0) at world pos (64.0, 0.0, 256.0) (total chunks: 215)
[14:50:50] TERRAIN: Creating chunk: (-8.0, 2.0) at distance 8.25
[14:50:50] TERRAIN: Chunk (-8.0, 2.0): TRIMESH collision created successfully (distance: 8.25, vertices: 8)
[14:50:50] TERRAIN: Chunk created successfully: (-8.0, 2.0) at world pos (-256.0, 0.0, 64.0) (total chunks: 216)
[14:50:50] TERRAIN: Creating chunk: (2.0, -8.0) at distance 8.25
[14:50:50] TERRAIN: Chunk (2.0, -8.0): TRIMESH collision created successfully (distance: 8.25, vertices: 8)
[14:50:50] TERRAIN: Chunk created successfully: (2.0, -8.0) at world pos (64.0, 0.0, -256.0) (total chunks: 217)
[14:50:50] TERRAIN: Creating chunk: (8.0, -2.0) at distance 8.25
[14:50:50] TERRAIN: Chunk (8.0, -2.0): TRIMESH collision created successfully (distance: 8.25, vertices: 8)
[14:50:50] TERRAIN: Chunk created successfully: (8.0, -2.0) at world pos (256.0, 0.0, -64.0) (total chunks: 218)
[14:50:50] TERRAIN: Creating chunk: (-2.0, -8.0) at distance 8.25
[14:50:50] TERRAIN: Chunk (-2.0, -8.0): TRIMESH collision created successfully (distance: 8.25, vertices: 8)
[14:50:50] TERRAIN: Chunk created successfully: (-2.0, -8.0) at world pos (-64.0, 0.0, -256.0) (total chunks: 219)
[14:50:50] TERRAIN: Creating chunk: (-2.0, 8.0) at distance 8.25
[14:50:50] TERRAIN: Chunk (-2.0, 8.0): TRIMESH collision created successfully (distance: 8.25, vertices: 8)
[14:50:50] TERRAIN: Chunk created successfully: (-2.0, 8.0) at world pos (-64.0, 0.0, 256.0) (total chunks: 220)
[14:50:50] TERRAIN: Creating chunk: (8.0, 2.0) at distance 8.25
[14:50:50] TERRAIN: Chunk (8.0, 2.0): TRIMESH collision created successfully (distance: 8.25, vertices: 8)
[14:50:50] TERRAIN: Chunk created successfully: (8.0, 2.0) at world pos (256.0, 0.0, 64.0) (total chunks: 221)
[14:50:50] TERRAIN: Creating chunk: (-6.0, 6.0) at distance 8.49
[14:50:50] TERRAIN: Chunk (-6.0, 6.0): TRIMESH collision created successfully (distance: 8.49, vertices: 8)
[14:50:50] TERRAIN: Chunk created successfully: (-6.0, 6.0) at world pos (-192.0, 0.0, 192.0) (total chunks: 222)
[14:50:50] TERRAIN: Creating chunk: (6.0, -6.0) at distance 8.49
[14:50:50] TERRAIN: Chunk (6.0, -6.0): TRIMESH collision created successfully (distance: 8.49, vertices: 8)
[14:50:50] TERRAIN: Chunk created successfully: (6.0, -6.0) at world pos (192.0, 0.0, -192.0) (total chunks: 223)
[14:50:50] TERRAIN: Creating chunk: (6.0, 6.0) at distance 8.49
[14:50:50] TERRAIN: Chunk (6.0, 6.0): TRIMESH collision created successfully (distance: 8.49, vertices: 8)
[14:50:50] TERRAIN: Chunk created successfully: (6.0, 6.0) at world pos (192.0, 0.0, 192.0) (total chunks: 224)
[14:50:50] TERRAIN: Creating chunk: (-6.0, -6.0) at distance 8.49
[14:50:50] TERRAIN: Chunk (-6.0, -6.0): TRIMESH collision created successfully (distance: 8.49, vertices: 8)
[14:50:50] TERRAIN: Chunk created successfully: (-6.0, -6.0) at world pos (-192.0, 0.0, -192.0) (total chunks: 225)
[14:50:50] TERRAIN: Creating chunk: (-8.0, 3.0) at distance 8.54
[14:50:50] TERRAIN: Chunk (-8.0, 3.0): TRIMESH collision created successfully (distance: 8.54, vertices: 8)
[14:50:50] TERRAIN: Chunk created successfully: (-8.0, 3.0) at world pos (-256.0, 0.0, 96.0) (total chunks: 226)
[14:50:50] TERRAIN: Creating chunk: (-3.0, -8.0) at distance 8.54
[14:50:50] TERRAIN: Chunk (-3.0, -8.0): TRIMESH collision created successfully (distance: 8.54, vertices: 8)
[14:50:50] TERRAIN: Chunk created successfully: (-3.0, -8.0) at world pos (-96.0, 0.0, -256.0) (total chunks: 227)
[14:50:50] TERRAIN: Creating chunk: (3.0, 8.0) at distance 8.54
[14:50:50] TERRAIN: Chunk (3.0, 8.0): TRIMESH collision created successfully (distance: 8.54, vertices: 8)
[14:50:50] TERRAIN: Chunk created successfully: (3.0, 8.0) at world pos (96.0, 0.0, 256.0) (total chunks: 228)
[14:50:50] TERRAIN: Creating chunk: (-3.0, 8.0) at distance 8.54
[14:50:50] TERRAIN: Chunk (-3.0, 8.0): TRIMESH collision created successfully (distance: 8.54, vertices: 8)
[14:50:50] TERRAIN: Chunk created successfully: (-3.0, 8.0) at world pos (-96.0, 0.0, 256.0) (total chunks: 229)
[14:50:50] TERRAIN: Creating chunk: (8.0, -3.0) at distance 8.54
[14:50:50] TERRAIN: Chunk (8.0, -3.0): TRIMESH collision created successfully (distance: 8.54, vertices: 8)
[14:50:50] TERRAIN: Chunk created successfully: (8.0, -3.0) at world pos (256.0, 0.0, -96.0) (total chunks: 230)
[14:50:50] TERRAIN: Creating chunk: (3.0, -8.0) at distance 8.54
[14:50:50] TERRAIN: Chunk (3.0, -8.0): TRIMESH collision created successfully (distance: 8.54, vertices: 8)
[14:50:50] TERRAIN: Chunk created successfully: (3.0, -8.0) at world pos (96.0, 0.0, -256.0) (total chunks: 231)
[14:50:50] TERRAIN: Creating chunk: (-8.0, -3.0) at distance 8.54
[14:50:50] TERRAIN: Chunk (-8.0, -3.0): TRIMESH collision created successfully (distance: 8.54, vertices: 8)
[14:50:50] TERRAIN: Chunk created successfully: (-8.0, -3.0) at world pos (-256.0, 0.0, -96.0) (total chunks: 232)
[14:50:50] TERRAIN: Creating chunk: (8.0, 3.0) at distance 8.54
[14:50:50] TERRAIN: Chunk (8.0, 3.0): TRIMESH collision created successfully (distance: 8.54, vertices: 8)
[14:50:50] TERRAIN: Chunk created successfully: (8.0, 3.0) at world pos (256.0, 0.0, 96.0) (total chunks: 233)
[14:50:50] TERRAIN: Creating chunk: (-7.0, -5.0) at distance 8.60
[14:50:50] TERRAIN: Chunk (-7.0, -5.0): TRIMESH collision created successfully (distance: 8.60, vertices: 8)
[14:50:50] TERRAIN: Chunk created successfully: (-7.0, -5.0) at world pos (-224.0, 0.0, -160.0) (total chunks: 234)
[14:50:50] TERRAIN: Creating chunk: (5.0, -7.0) at distance 8.60
[14:50:50] TERRAIN: Chunk (5.0, -7.0): TRIMESH collision created successfully (distance: 8.60, vertices: 8)
[14:50:50] TERRAIN: Chunk created successfully: (5.0, -7.0) at world pos (160.0, 0.0, -224.0) (total chunks: 235)
[14:50:50] TERRAIN: Creating chunk: (-5.0, 7.0) at distance 8.60
[14:50:50] TERRAIN: Chunk (-5.0, 7.0): TRIMESH collision created successfully (distance: 8.60, vertices: 8)
[14:50:50] TERRAIN: Chunk created successfully: (-5.0, 7.0) at world pos (-160.0, 0.0, 224.0) (total chunks: 236)
[14:50:50] TERRAIN: Creating chunk: (7.0, -5.0) at distance 8.60
[14:50:50] TERRAIN: Chunk (7.0, -5.0): TRIMESH collision created successfully (distance: 8.60, vertices: 8)
[14:50:50] TERRAIN: Chunk created successfully: (7.0, -5.0) at world pos (224.0, 0.0, -160.0) (total chunks: 237)
[14:50:50] TERRAIN: Creating chunk: (-7.0, 5.0) at distance 8.60
[14:50:50] TERRAIN: Chunk (-7.0, 5.0): TRIMESH collision created successfully (distance: 8.60, vertices: 8)
[14:50:50] TERRAIN: Chunk created successfully: (-7.0, 5.0) at world pos (-224.0, 0.0, 160.0) (total chunks: 238)
[14:50:50] TERRAIN: Creating chunk: (7.0, 5.0) at distance 8.60
[14:50:50] TERRAIN: Chunk (7.0, 5.0): TRIMESH collision created successfully (distance: 8.60, vertices: 8)
[14:50:50] TERRAIN: Chunk created successfully: (7.0, 5.0) at world pos (224.0, 0.0, 160.0) (total chunks: 239)
[14:50:50] TERRAIN: Creating chunk: (5.0, 7.0) at distance 8.60
[14:50:50] TERRAIN: Chunk (5.0, 7.0): TRIMESH collision created successfully (distance: 8.60, vertices: 8)
[14:50:50] TERRAIN: Chunk created successfully: (5.0, 7.0) at world pos (160.0, 0.0, 224.0) (total chunks: 240)
[14:50:50] TERRAIN: Creating chunk: (-5.0, -7.0) at distance 8.60
[14:50:50] TERRAIN: Chunk (-5.0, -7.0): TRIMESH collision created successfully (distance: 8.60, vertices: 8)
[14:50:50] TERRAIN: Chunk created successfully: (-5.0, -7.0) at world pos (-160.0, 0.0, -224.0) (total chunks: 241)
[14:50:50] TERRAIN: Creating chunk: (8.0, 4.0) at distance 8.94
[14:50:50] TERRAIN: Chunk (8.0, 4.0): TRIMESH collision created successfully (distance: 8.94, vertices: 8)
[14:50:50] TERRAIN: Chunk created successfully: (8.0, 4.0) at world pos (256.0, 0.0, 128.0) (total chunks: 242)
[14:50:50] TERRAIN: Creating chunk: (4.0, 8.0) at distance 8.94
[14:50:50] TERRAIN: Chunk (4.0, 8.0): TRIMESH collision created successfully (distance: 8.94, vertices: 8)
[14:50:50] TERRAIN: Chunk created successfully: (4.0, 8.0) at world pos (128.0, 0.0, 256.0) (total chunks: 243)
[14:50:50] TERRAIN: Creating chunk: (-4.0, 8.0) at distance 8.94
[14:50:50] TERRAIN: Chunk (-4.0, 8.0): TRIMESH collision created successfully (distance: 8.94, vertices: 8)
[14:50:50] TERRAIN: Chunk created successfully: (-4.0, 8.0) at world pos (-128.0, 0.0, 256.0) (total chunks: 244)
[14:50:50] TERRAIN: Creating chunk: (4.0, -8.0) at distance 8.94
[14:50:50] TERRAIN: Chunk (4.0, -8.0): TRIMESH collision created successfully (distance: 8.94, vertices: 8)
[14:50:50] TERRAIN: Chunk created successfully: (4.0, -8.0) at world pos (128.0, 0.0, -256.0) (total chunks: 245)
[14:50:50] TERRAIN: Creating chunk: (-8.0, -4.0) at distance 8.94
[14:50:50] TERRAIN: Chunk (-8.0, -4.0): TRIMESH collision created successfully (distance: 8.94, vertices: 8)
[14:50:50] TERRAIN: Chunk created successfully: (-8.0, -4.0) at world pos (-256.0, 0.0, -128.0) (total chunks: 246)
[14:50:50] TERRAIN: Creating chunk: (8.0, -4.0) at distance 8.94
[14:50:50] TERRAIN: Chunk (8.0, -4.0): TRIMESH collision created successfully (distance: 8.94, vertices: 8)
[14:50:50] TERRAIN: Chunk created successfully: (8.0, -4.0) at world pos (256.0, 0.0, -128.0) (total chunks: 247)
[14:50:50] TERRAIN: Creating chunk: (-4.0, -8.0) at distance 8.94
[14:50:50] TERRAIN: Chunk (-4.0, -8.0): TRIMESH collision created successfully (distance: 8.94, vertices: 8)
[14:50:50] TERRAIN: Chunk created successfully: (-4.0, -8.0) at world pos (-128.0, 0.0, -256.0) (total chunks: 248)
[14:50:50] TERRAIN: Creating chunk: (-8.0, 4.0) at distance 8.94
[14:50:50] TERRAIN: Chunk (-8.0, 4.0): TRIMESH collision created successfully (distance: 8.94, vertices: 8)
[14:50:50] TERRAIN: Chunk created successfully: (-8.0, 4.0) at world pos (-256.0, 0.0, 128.0) (total chunks: 249)
[14:50:50] TERRAIN: Creating chunk: (9.0, 0.0) at distance 9.00
[14:50:50] TERRAIN: Chunk (9.0, 0.0): TRIMESH collision created successfully (distance: 9.00, vertices: 8)
[14:50:50] TERRAIN: Chunk created successfully: (9.0, 0.0) at world pos (288.0, 0.0, 0.0) (total chunks: 250)
[14:50:50] TERRAIN: Creating chunk: (-9.0, 0.0) at distance 9.00
[14:50:50] TERRAIN: Chunk (-9.0, 0.0): TRIMESH collision created successfully (distance: 9.00, vertices: 8)
[14:50:50] TERRAIN: Chunk created successfully: (-9.0, 0.0) at world pos (-288.0, 0.0, 0.0) (total chunks: 251)
[14:50:50] TERRAIN: Creating chunk: (0.0, -9.0) at distance 9.00
[14:50:50] TERRAIN: Chunk (0.0, -9.0): TRIMESH collision created successfully (distance: 9.00, vertices: 8)
[14:50:50] TERRAIN: Chunk created successfully: (0.0, -9.0) at world pos (0.0, 0.0, -288.0) (total chunks: 252)
[14:50:50] TERRAIN: Creating chunk: (0.0, 9.0) at distance 9.00
[14:50:50] TERRAIN: Chunk (0.0, 9.0): TRIMESH collision created successfully (distance: 9.00, vertices: 8)
[14:50:50] TERRAIN: Chunk created successfully: (0.0, 9.0) at world pos (0.0, 0.0, 288.0) (total chunks: 253)
[14:50:50] TERRAIN: Creating chunk: (9.0, 1.0) at distance 9.06
[14:50:50] TERRAIN: Chunk (9.0, 1.0): TRIMESH collision created successfully (distance: 9.06, vertices: 8)
[14:50:50] TERRAIN: Chunk created successfully: (9.0, 1.0) at world pos (288.0, 0.0, 32.0) (total chunks: 254)
[14:50:50] TERRAIN: Creating chunk: (1.0, 9.0) at distance 9.06
[14:50:50] TERRAIN: Chunk (1.0, 9.0): TRIMESH collision created successfully (distance: 9.06, vertices: 8)
[14:50:50] TERRAIN: Chunk created successfully: (1.0, 9.0) at world pos (32.0, 0.0, 288.0) (total chunks: 255)
[14:50:50] TERRAIN: Creating chunk: (9.0, -1.0) at distance 9.06
[14:50:50] TERRAIN: Chunk (9.0, -1.0): TRIMESH collision created successfully (distance: 9.06, vertices: 8)
[14:50:50] TERRAIN: Chunk created successfully: (9.0, -1.0) at world pos (288.0, 0.0, -32.0) (total chunks: 256)
[14:50:50] TERRAIN: Creating chunk: (1.0, -9.0) at distance 9.06
[14:50:50] TERRAIN: Chunk (1.0, -9.0): TRIMESH collision created successfully (distance: 9.06, vertices: 8)
[14:50:50] TERRAIN: Chunk created successfully: (1.0, -9.0) at world pos (32.0, 0.0, -288.0) (total chunks: 257)
[14:50:50] TERRAIN: Creating chunk: (-1.0, -9.0) at distance 9.06
[14:50:50] TERRAIN: Chunk (-1.0, -9.0): TRIMESH collision created successfully (distance: 9.06, vertices: 8)
[14:50:50] TERRAIN: Chunk created successfully: (-1.0, -9.0) at world pos (-32.0, 0.0, -288.0) (total chunks: 258)
[14:50:50] TERRAIN: Creating chunk: (-9.0, -1.0) at distance 9.06
[14:50:50] TERRAIN: Chunk (-9.0, -1.0): TRIMESH collision created successfully (distance: 9.06, vertices: 8)
[14:50:50] TERRAIN: Chunk created successfully: (-9.0, -1.0) at world pos (-288.0, 0.0, -32.0) (total chunks: 259)
[14:50:50] TERRAIN: Creating chunk: (-9.0, 1.0) at distance 9.06
[14:50:50] TERRAIN: Chunk (-9.0, 1.0): TRIMESH collision created successfully (distance: 9.06, vertices: 8)
[14:50:50] TERRAIN: Chunk created successfully: (-9.0, 1.0) at world pos (-288.0, 0.0, 32.0) (total chunks: 260)
[14:50:50] TERRAIN: Creating chunk: (-1.0, 9.0) at distance 9.06
[14:50:50] TERRAIN: Chunk (-1.0, 9.0): TRIMESH collision created successfully (distance: 9.06, vertices: 8)
[14:50:50] TERRAIN: Chunk created successfully: (-1.0, 9.0) at world pos (-32.0, 0.0, 288.0) (total chunks: 261)
[14:50:50] TERRAIN: Creating chunk: (-9.0, -2.0) at distance 9.22
[14:50:50] TERRAIN: Chunk (-9.0, -2.0): TRIMESH collision created successfully (distance: 9.22, vertices: 8)
[14:50:50] TERRAIN: Chunk created successfully: (-9.0, -2.0) at world pos (-288.0, 0.0, -64.0) (total chunks: 262)
[14:50:50] TERRAIN: Creating chunk: (6.0, 7.0) at distance 9.22
[14:50:50] TERRAIN: Chunk (6.0, 7.0): TRIMESH collision created successfully (distance: 9.22, vertices: 8)
[14:50:50] TERRAIN: Chunk created successfully: (6.0, 7.0) at world pos (192.0, 0.0, 224.0) (total chunks: 263)
[14:50:50] TERRAIN: Creating chunk: (-9.0, 2.0) at distance 9.22
[14:50:50] TERRAIN: Chunk (-9.0, 2.0): TRIMESH collision created successfully (distance: 9.22, vertices: 8)
[14:50:50] TERRAIN: Chunk created successfully: (-9.0, 2.0) at world pos (-288.0, 0.0, 64.0) (total chunks: 264)
[14:50:50] TERRAIN: Creating chunk: (9.0, 2.0) at distance 9.22
[14:50:50] TERRAIN: Chunk (9.0, 2.0): TRIMESH collision created successfully (distance: 9.22, vertices: 8)
[14:50:50] TERRAIN: Chunk created successfully: (9.0, 2.0) at world pos (288.0, 0.0, 64.0) (total chunks: 265)
[14:50:50] TERRAIN: Creating chunk: (-2.0, -9.0) at distance 9.22
[14:50:50] TERRAIN: Chunk (-2.0, -9.0): TRIMESH collision created successfully (distance: 9.22, vertices: 8)
[14:50:50] TERRAIN: Chunk created successfully: (-2.0, -9.0) at world pos (-64.0, 0.0, -288.0) (total chunks: 266)
[14:50:50] TERRAIN: Creating chunk: (-6.0, -7.0) at distance 9.22
[14:50:50] TERRAIN: Chunk (-6.0, -7.0): TRIMESH collision created successfully (distance: 9.22, vertices: 8)
[14:50:50] TERRAIN: Chunk created successfully: (-6.0, -7.0) at world pos (-192.0, 0.0, -224.0) (total chunks: 267)
[14:50:50] TERRAIN: Creating chunk: (2.0, -9.0) at distance 9.22
[14:50:50] TERRAIN: Chunk (2.0, -9.0): TRIMESH collision created successfully (distance: 9.22, vertices: 8)
[14:50:50] TERRAIN: Chunk created successfully: (2.0, -9.0) at world pos (64.0, 0.0, -288.0) (total chunks: 268)
[14:50:50] TERRAIN: Creating chunk: (-2.0, 9.0) at distance 9.22
[14:50:50] TERRAIN: Chunk (-2.0, 9.0): TRIMESH collision created successfully (distance: 9.22, vertices: 8)
[14:50:50] TERRAIN: Chunk created successfully: (-2.0, 9.0) at world pos (-64.0, 0.0, 288.0) (total chunks: 269)
[14:50:50] TERRAIN: Creating chunk: (-7.0, 6.0) at distance 9.22
[14:50:50] TERRAIN: Chunk (-7.0, 6.0): TRIMESH collision created successfully (distance: 9.22, vertices: 8)
[14:50:50] TERRAIN: Chunk created successfully: (-7.0, 6.0) at world pos (-224.0, 0.0, 192.0) (total chunks: 270)
[14:50:50] TERRAIN: Creating chunk: (-7.0, -6.0) at distance 9.22
[14:50:50] TERRAIN: Chunk (-7.0, -6.0): TRIMESH collision created successfully (distance: 9.22, vertices: 8)
[14:50:50] TERRAIN: Chunk created successfully: (-7.0, -6.0) at world pos (-224.0, 0.0, -192.0) (total chunks: 271)
[14:50:50] TERRAIN: Creating chunk: (7.0, -6.0) at distance 9.22
[14:50:50] TERRAIN: Chunk (7.0, -6.0): TRIMESH collision created successfully (distance: 9.22, vertices: 8)
[14:50:50] TERRAIN: Chunk created successfully: (7.0, -6.0) at world pos (224.0, 0.0, -192.0) (total chunks: 272)
[14:50:50] TERRAIN: Creating chunk: (2.0, 9.0) at distance 9.22
[14:50:50] TERRAIN: Chunk (2.0, 9.0): TRIMESH collision created successfully (distance: 9.22, vertices: 8)
[14:50:50] TERRAIN: Chunk created successfully: (2.0, 9.0) at world pos (64.0, 0.0, 288.0) (total chunks: 273)
[14:50:50] TERRAIN: Creating chunk: (-6.0, 7.0) at distance 9.22
[14:50:50] TERRAIN: Chunk (-6.0, 7.0): TRIMESH collision created successfully (distance: 9.22, vertices: 8)
[14:50:50] TERRAIN: Chunk created successfully: (-6.0, 7.0) at world pos (-192.0, 0.0, 224.0) (total chunks: 274)
[14:50:50] TERRAIN: Creating chunk: (9.0, -2.0) at distance 9.22
[14:50:50] TERRAIN: Chunk (9.0, -2.0): TRIMESH collision created successfully (distance: 9.22, vertices: 8)
[14:50:50] TERRAIN: Chunk created successfully: (9.0, -2.0) at world pos (288.0, 0.0, -64.0) (total chunks: 275)
[14:50:50] TERRAIN: Creating chunk: (7.0, 6.0) at distance 9.22
[14:50:50] TERRAIN: Chunk (7.0, 6.0): TRIMESH collision created successfully (distance: 9.22, vertices: 8)
[14:50:50] TERRAIN: Chunk created successfully: (7.0, 6.0) at world pos (224.0, 0.0, 192.0) (total chunks: 276)
[14:50:50] TERRAIN: Creating chunk: (6.0, -7.0) at distance 9.22
[14:50:50] TERRAIN: Chunk (6.0, -7.0): TRIMESH collision created successfully (distance: 9.22, vertices: 8)
[14:50:50] TERRAIN: Chunk created successfully: (6.0, -7.0) at world pos (192.0, 0.0, -224.0) (total chunks: 277)
[14:50:50] TERRAIN: Creating chunk: (-5.0, -8.0) at distance 9.43
[14:50:50] TERRAIN: Chunk (-5.0, -8.0): TRIMESH collision created successfully (distance: 9.43, vertices: 8)
[14:50:50] TERRAIN: Chunk created successfully: (-5.0, -8.0) at world pos (-160.0, 0.0, -256.0) (total chunks: 278)
[14:50:50] TERRAIN: Creating chunk: (8.0, -5.0) at distance 9.43
[14:50:50] TERRAIN: Chunk (8.0, -5.0): TRIMESH collision created successfully (distance: 9.43, vertices: 8)
[14:50:50] TERRAIN: Chunk created successfully: (8.0, -5.0) at world pos (256.0, 0.0, -160.0) (total chunks: 279)
[14:50:50] TERRAIN: Creating chunk: (5.0, 8.0) at distance 9.43
[14:50:50] TERRAIN: Chunk (5.0, 8.0): TRIMESH collision created successfully (distance: 9.43, vertices: 8)
[14:50:50] TERRAIN: Chunk created successfully: (5.0, 8.0) at world pos (160.0, 0.0, 256.0) (total chunks: 280)
[14:50:50] TERRAIN: Creating chunk: (-8.0, -5.0) at distance 9.43
[14:50:50] TERRAIN: Chunk (-8.0, -5.0): TRIMESH collision created successfully (distance: 9.43, vertices: 8)
[14:50:50] TERRAIN: Chunk created successfully: (-8.0, -5.0) at world pos (-256.0, 0.0, -160.0) (total chunks: 281)
[14:50:50] TERRAIN: Creating chunk: (8.0, 5.0) at distance 9.43
[14:50:50] TERRAIN: Chunk (8.0, 5.0): TRIMESH collision created successfully (distance: 9.43, vertices: 8)
[14:50:50] TERRAIN: Chunk created successfully: (8.0, 5.0) at world pos (256.0, 0.0, 160.0) (total chunks: 282)
[14:50:50] TERRAIN: Creating chunk: (-8.0, 5.0) at distance 9.43
[14:50:50] TERRAIN: Chunk (-8.0, 5.0): TRIMESH collision created successfully (distance: 9.43, vertices: 8)
[14:50:50] TERRAIN: Chunk created successfully: (-8.0, 5.0) at world pos (-256.0, 0.0, 160.0) (total chunks: 283)
[14:50:50] TERRAIN: Creating chunk: (-5.0, 8.0) at distance 9.43
[14:50:50] TERRAIN: Chunk (-5.0, 8.0): TRIMESH collision created successfully (distance: 9.43, vertices: 8)
[14:50:50] TERRAIN: Chunk created successfully: (-5.0, 8.0) at world pos (-160.0, 0.0, 256.0) (total chunks: 284)
[14:50:50] TERRAIN: Creating chunk: (5.0, -8.0) at distance 9.43
[14:50:50] TERRAIN: Chunk (5.0, -8.0): TRIMESH collision created successfully (distance: 9.43, vertices: 8)
[14:50:50] TERRAIN: Chunk created successfully: (5.0, -8.0) at world pos (160.0, 0.0, -256.0) (total chunks: 285)
[14:50:50] TERRAIN: Creating chunk: (-9.0, -3.0) at distance 9.49
[14:50:50] TERRAIN: Chunk (-9.0, -3.0): TRIMESH collision created successfully (distance: 9.49, vertices: 8)
[14:50:50] TERRAIN: Chunk created successfully: (-9.0, -3.0) at world pos (-288.0, 0.0, -96.0) (total chunks: 286)
[14:50:50] TERRAIN: Creating chunk: (9.0, -3.0) at distance 9.49
[14:50:50] TERRAIN: Chunk (9.0, -3.0): TRIMESH collision created successfully (distance: 9.49, vertices: 8)
[14:50:50] TERRAIN: Chunk created successfully: (9.0, -3.0) at world pos (288.0, 0.0, -96.0) (total chunks: 287)
[14:50:50] TERRAIN: Creating chunk: (-9.0, 3.0) at distance 9.49
[14:50:50] TERRAIN: Chunk (-9.0, 3.0): TRIMESH collision created successfully (distance: 9.49, vertices: 8)
[14:50:50] TERRAIN: Chunk created successfully: (-9.0, 3.0) at world pos (-288.0, 0.0, 96.0) (total chunks: 288)
[14:50:50] TERRAIN: Creating chunk: (3.0, 9.0) at distance 9.49
[14:50:50] TERRAIN: Chunk (3.0, 9.0): TRIMESH collision created successfully (distance: 9.49, vertices: 8)
[14:50:50] TERRAIN: Chunk created successfully: (3.0, 9.0) at world pos (96.0, 0.0, 288.0) (total chunks: 289)
[14:50:50] TERRAIN: Creating chunk: (-3.0, -9.0) at distance 9.49
[14:50:50] TERRAIN: Chunk (-3.0, -9.0): TRIMESH collision created successfully (distance: 9.49, vertices: 8)
[14:50:50] TERRAIN: Chunk created successfully: (-3.0, -9.0) at world pos (-96.0, 0.0, -288.0) (total chunks: 290)
[14:50:50] TERRAIN: Creating chunk: (-3.0, 9.0) at distance 9.49
[14:50:50] TERRAIN: Chunk (-3.0, 9.0): TRIMESH collision created successfully (distance: 9.49, vertices: 8)
[14:50:50] TERRAIN: Chunk created successfully: (-3.0, 9.0) at world pos (-96.0, 0.0, 288.0) (total chunks: 291)
[14:50:50] TERRAIN: Creating chunk: (3.0, -9.0) at distance 9.49
[14:50:50] TERRAIN: Chunk (3.0, -9.0): TRIMESH collision created successfully (distance: 9.49, vertices: 8)
[14:50:50] TERRAIN: Chunk created successfully: (3.0, -9.0) at world pos (96.0, 0.0, -288.0) (total chunks: 292)
[14:50:50] TERRAIN: Creating chunk: (9.0, 3.0) at distance 9.49
[14:50:50] TERRAIN: Chunk (9.0, 3.0): TRIMESH collision created successfully (distance: 9.49, vertices: 8)
[14:50:50] TERRAIN: Chunk created successfully: (9.0, 3.0) at world pos (288.0, 0.0, 96.0) (total chunks: 293)
[14:50:50] TERRAIN: Creating chunk: (-9.0, 4.0) at distance 9.85
[14:50:50] TERRAIN: Chunk (-9.0, 4.0): TRIMESH collision created successfully (distance: 9.85, vertices: 8)
[14:50:50] TERRAIN: Chunk created successfully: (-9.0, 4.0) at world pos (-288.0, 0.0, 128.0) (total chunks: 294)
[14:50:50] TERRAIN: Creating chunk: (-4.0, -9.0) at distance 9.85
[14:50:50] TERRAIN: Chunk (-4.0, -9.0): TRIMESH collision created successfully (distance: 9.85, vertices: 8)
[14:50:50] TERRAIN: Chunk created successfully: (-4.0, -9.0) at world pos (-128.0, 0.0, -288.0) (total chunks: 295)
[14:50:50] TERRAIN: Creating chunk: (9.0, -4.0) at distance 9.85
[14:50:50] TERRAIN: Chunk (9.0, -4.0): TRIMESH collision created successfully (distance: 9.85, vertices: 8)
[14:50:50] TERRAIN: Chunk created successfully: (9.0, -4.0) at world pos (288.0, 0.0, -128.0) (total chunks: 296)
[14:50:50] TERRAIN: Creating chunk: (9.0, 4.0) at distance 9.85
[14:50:50] TERRAIN: Chunk (9.0, 4.0): TRIMESH collision created successfully (distance: 9.85, vertices: 8)
[14:50:50] TERRAIN: Chunk created successfully: (9.0, 4.0) at world pos (288.0, 0.0, 128.0) (total chunks: 297)
[14:50:50] TERRAIN: Creating chunk: (-9.0, -4.0) at distance 9.85
[14:50:50] TERRAIN: Chunk (-9.0, -4.0): TRIMESH collision created successfully (distance: 9.85, vertices: 8)
[14:50:50] TERRAIN: Chunk created successfully: (-9.0, -4.0) at world pos (-288.0, 0.0, -128.0) (total chunks: 298)
[14:50:50] TERRAIN: Creating chunk: (4.0, 9.0) at distance 9.85
[14:50:50] TERRAIN: Chunk (4.0, 9.0): TRIMESH collision created successfully (distance: 9.85, vertices: 8)
[14:50:50] TERRAIN: Chunk created successfully: (4.0, 9.0) at world pos (128.0, 0.0, 288.0) (total chunks: 299)
[14:50:50] TERRAIN: Creating chunk: (-4.0, 9.0) at distance 9.85
[14:50:50] TERRAIN: Chunk (-4.0, 9.0): TRIMESH collision created successfully (distance: 9.85, vertices: 8)
[14:50:50] TERRAIN: Chunk created successfully: (-4.0, 9.0) at world pos (-128.0, 0.0, 288.0) (total chunks: 300)
[14:50:50] TERRAIN: Creating chunk: (4.0, -9.0) at distance 9.85
[14:50:50] TERRAIN: Chunk (4.0, -9.0): TRIMESH collision created successfully (distance: 9.85, vertices: 8)
[14:50:50] TERRAIN: Chunk created successfully: (4.0, -9.0) at world pos (128.0, 0.0, -288.0) (total chunks: 301)
[14:50:50] TERRAIN: Creating chunk: (7.0, -7.0) at distance 9.90
[14:50:50] TERRAIN: Chunk (7.0, -7.0): TRIMESH collision created successfully (distance: 9.90, vertices: 8)
[14:50:50] TERRAIN: Chunk created successfully: (7.0, -7.0) at world pos (224.0, 0.0, -224.0) (total chunks: 302)
[14:50:50] TERRAIN: Creating chunk: (-7.0, -7.0) at distance 9.90
[14:50:50] TERRAIN: Chunk (-7.0, -7.0): TRIMESH collision created successfully (distance: 9.90, vertices: 8)
[14:50:50] TERRAIN: Chunk created successfully: (-7.0, -7.0) at world pos (-224.0, 0.0, -224.0) (total chunks: 303)
[14:50:50] TERRAIN: Creating chunk: (7.0, 7.0) at distance 9.90
[14:50:50] TERRAIN: Chunk (7.0, 7.0): TRIMESH collision created successfully (distance: 9.90, vertices: 8)
[14:50:50] TERRAIN: Chunk created successfully: (7.0, 7.0) at world pos (224.0, 0.0, 224.0) (total chunks: 304)
[14:50:50] TERRAIN: Creating chunk: (-7.0, 7.0) at distance 9.90
[14:50:50] TERRAIN: Chunk (-7.0, 7.0): TRIMESH collision created successfully (distance: 9.90, vertices: 8)
[14:50:50] TERRAIN: Chunk created successfully: (-7.0, 7.0) at world pos (-224.0, 0.0, 224.0) (total chunks: 305)
[14:50:50] TERRAIN: Creating chunk: (-6.0, 8.0) at distance 10.00
[14:50:50] TERRAIN: Chunk (-6.0, 8.0): TRIMESH collision created successfully (distance: 10.00, vertices: 8)
[14:50:50] TERRAIN: Chunk created successfully: (-6.0, 8.0) at world pos (-192.0, 0.0, 256.0) (total chunks: 306)
[14:50:50] TERRAIN: Creating chunk: (-8.0, -6.0) at distance 10.00
[14:50:50] TERRAIN: Chunk (-8.0, -6.0): TRIMESH collision created successfully (distance: 10.00, vertices: 8)
[14:50:50] TERRAIN: Chunk created successfully: (-8.0, -6.0) at world pos (-256.0, 0.0, -192.0) (total chunks: 307)
[14:50:50] TERRAIN: Creating chunk: (6.0, -8.0) at distance 10.00
[14:50:50] TERRAIN: Chunk (6.0, -8.0): TRIMESH collision created successfully (distance: 10.00, vertices: 8)
[14:50:50] TERRAIN: Chunk created successfully: (6.0, -8.0) at world pos (192.0, 0.0, -256.0) (total chunks: 308)
[14:50:50] TERRAIN: Creating chunk: (0.0, -10.0) at distance 10.00
[14:50:50] TERRAIN: Chunk (0.0, -10.0): TRIMESH collision created successfully (distance: 10.00, vertices: 8)
[14:50:50] TERRAIN: Chunk created successfully: (0.0, -10.0) at world pos (0.0, 0.0, -320.0) (total chunks: 309)
[14:50:50] TERRAIN: Creating chunk: (8.0, 6.0) at distance 10.00
[14:50:50] TERRAIN: Chunk (8.0, 6.0): TRIMESH collision created successfully (distance: 10.00, vertices: 8)
[14:50:50] TERRAIN: Chunk created successfully: (8.0, 6.0) at world pos (256.0, 0.0, 192.0) (total chunks: 310)
[14:50:50] TERRAIN: Creating chunk: (-8.0, 6.0) at distance 10.00
[14:50:50] TERRAIN: Chunk (-8.0, 6.0): TRIMESH collision created successfully (distance: 10.00, vertices: 8)
[14:50:50] TERRAIN: Chunk created successfully: (-8.0, 6.0) at world pos (-256.0, 0.0, 192.0) (total chunks: 311)
[14:50:50] TERRAIN: Creating chunk: (6.0, 8.0) at distance 10.00
[14:50:50] TERRAIN: Chunk (6.0, 8.0): TRIMESH collision created successfully (distance: 10.00, vertices: 8)
[14:50:50] TERRAIN: Chunk created successfully: (6.0, 8.0) at world pos (192.0, 0.0, 256.0) (total chunks: 312)
[14:50:50] TERRAIN: Creating chunk: (-10.0, 0.0) at distance 10.00
[14:50:50] TERRAIN: Chunk (-10.0, 0.0): TRIMESH collision created successfully (distance: 10.00, vertices: 8)
[14:50:50] TERRAIN: Chunk created successfully: (-10.0, 0.0) at world pos (-320.0, 0.0, 0.0) (total chunks: 313)
[14:50:50] TERRAIN: Creating chunk: (10.0, 0.0) at distance 10.00
[14:50:50] TERRAIN: Chunk (10.0, 0.0): TRIMESH collision created successfully (distance: 10.00, vertices: 8)
[14:50:50] TERRAIN: Chunk created successfully: (10.0, 0.0) at world pos (320.0, 0.0, 0.0) (total chunks: 314)
[14:50:50] TERRAIN: Creating chunk: (-6.0, -8.0) at distance 10.00
[14:50:50] TERRAIN: Chunk (-6.0, -8.0): TRIMESH collision created successfully (distance: 10.00, vertices: 8)
[14:50:50] TERRAIN: Chunk created successfully: (-6.0, -8.0) at world pos (-192.0, 0.0, -256.0) (total chunks: 315)
[14:50:50] TERRAIN: Creating chunk: (8.0, -6.0) at distance 10.00
[14:50:50] TERRAIN: Chunk (8.0, -6.0): TRIMESH collision created successfully (distance: 10.00, vertices: 8)
[14:50:50] TERRAIN: Chunk created successfully: (8.0, -6.0) at world pos (256.0, 0.0, -192.0) (total chunks: 316)
[14:50:50] TERRAIN: Creating chunk: (0.0, 10.0) at distance 10.00
[14:50:50] TERRAIN: Chunk (0.0, 10.0): TRIMESH collision created successfully (distance: 10.00, vertices: 8)
[14:50:50] TERRAIN: Chunk created successfully: (0.0, 10.0) at world pos (0.0, 0.0, 320.0) (total chunks: 317)
[14:50:50] TERRAIN: Creating chunk: (-10.0, -1.0) at distance 10.05
[14:50:50] TERRAIN: Chunk (-10.0, -1.0): TRIMESH collision created successfully (distance: 10.05, vertices: 8)
[14:50:50] TERRAIN: Chunk created successfully: (-10.0, -1.0) at world pos (-320.0, 0.0, -32.0) (total chunks: 318)
[14:50:50] TERRAIN: Creating chunk: (-1.0, 10.0) at distance 10.05
[14:50:50] TERRAIN: Chunk (-1.0, 10.0): TRIMESH collision created successfully (distance: 10.05, vertices: 8)
[14:50:50] TERRAIN: Chunk created successfully: (-1.0, 10.0) at world pos (-32.0, 0.0, 320.0) (total chunks: 319)
[14:50:50] TERRAIN: Creating chunk: (1.0, 10.0) at distance 10.05
[14:50:50] TERRAIN: Chunk (1.0, 10.0): TRIMESH collision created successfully (distance: 10.05, vertices: 8)
[14:50:50] TERRAIN: Chunk created successfully: (1.0, 10.0) at world pos (32.0, 0.0, 320.0) (total chunks: 320)
[14:50:50] TERRAIN: Creating chunk: (1.0, -10.0) at distance 10.05
[14:50:50] TERRAIN: Chunk (1.0, -10.0): TRIMESH collision created successfully (distance: 10.05, vertices: 8)
[14:50:50] TERRAIN: Chunk created successfully: (1.0, -10.0) at world pos (32.0, 0.0, -320.0) (total chunks: 321)
[14:50:50] TERRAIN: Creating chunk: (-10.0, 1.0) at distance 10.05
[14:50:50] TERRAIN: Chunk (-10.0, 1.0): TRIMESH collision created successfully (distance: 10.05, vertices: 8)
[14:50:50] TERRAIN: Chunk created successfully: (-10.0, 1.0) at world pos (-320.0, 0.0, 32.0) (total chunks: 322)
[14:50:50] TERRAIN: Creating chunk: (-1.0, -10.0) at distance 10.05
[14:50:50] TERRAIN: Chunk (-1.0, -10.0): TRIMESH collision created successfully (distance: 10.05, vertices: 8)
[14:50:50] TERRAIN: Chunk created successfully: (-1.0, -10.0) at world pos (-32.0, 0.0, -320.0) (total chunks: 323)
[14:50:50] TERRAIN: Creating chunk: (10.0, 1.0) at distance 10.05
[14:50:50] TERRAIN: Chunk (10.0, 1.0): TRIMESH collision created successfully (distance: 10.05, vertices: 8)
[14:50:50] TERRAIN: Chunk created successfully: (10.0, 1.0) at world pos (320.0, 0.0, 32.0) (total chunks: 324)
[14:50:50] TERRAIN: Creating chunk: (10.0, -1.0) at distance 10.05
[14:50:50] TERRAIN: Chunk (10.0, -1.0): TRIMESH collision created successfully (distance: 10.05, vertices: 8)
[14:50:50] TERRAIN: Chunk created successfully: (10.0, -1.0) at world pos (320.0, 0.0, -32.0) (total chunks: 325)
[14:50:50] TERRAIN: Creating chunk: (2.0, 10.0) at distance 10.20
[14:50:50] TERRAIN: Chunk (2.0, 10.0): TRIMESH collision created successfully (distance: 10.20, vertices: 8)
[14:50:50] TERRAIN: Chunk created successfully: (2.0, 10.0) at world pos (64.0, 0.0, 320.0) (total chunks: 326)
[14:50:50] TERRAIN: Creating chunk: (-2.0, 10.0) at distance 10.20
[14:50:50] TERRAIN: Chunk (-2.0, 10.0): TRIMESH collision created successfully (distance: 10.20, vertices: 8)
[14:50:50] TERRAIN: Chunk created successfully: (-2.0, 10.0) at world pos (-64.0, 0.0, 320.0) (total chunks: 327)
[14:50:50] TERRAIN: Creating chunk: (-10.0, -2.0) at distance 10.20
[14:50:50] TERRAIN: Chunk (-10.0, -2.0): TRIMESH collision created successfully (distance: 10.20, vertices: 8)
[14:50:50] TERRAIN: Chunk created successfully: (-10.0, -2.0) at world pos (-320.0, 0.0, -64.0) (total chunks: 328)
[14:50:50] TERRAIN: Creating chunk: (10.0, -2.0) at distance 10.20
[14:50:50] TERRAIN: Chunk (10.0, -2.0): TRIMESH collision created successfully (distance: 10.20, vertices: 8)
[14:50:50] TERRAIN: Chunk created successfully: (10.0, -2.0) at world pos (320.0, 0.0, -64.0) (total chunks: 329)
[14:50:50] TERRAIN: Creating chunk: (-2.0, -10.0) at distance 10.20
[14:50:50] TERRAIN: Chunk (-2.0, -10.0): TRIMESH collision created successfully (distance: 10.20, vertices: 8)
[14:50:50] TERRAIN: Chunk created successfully: (-2.0, -10.0) at world pos (-64.0, 0.0, -320.0) (total chunks: 330)
[14:50:50] TERRAIN: Creating chunk: (-10.0, 2.0) at distance 10.20
[14:50:50] TERRAIN: Chunk (-10.0, 2.0): TRIMESH collision created successfully (distance: 10.20, vertices: 8)
[14:50:50] TERRAIN: Chunk created successfully: (-10.0, 2.0) at world pos (-320.0, 0.0, 64.0) (total chunks: 331)
[14:50:50] TERRAIN: Creating chunk: (2.0, -10.0) at distance 10.20
[14:50:50] TERRAIN: Chunk (2.0, -10.0): TRIMESH collision created successfully (distance: 10.20, vertices: 8)
[14:50:50] TERRAIN: Chunk created successfully: (2.0, -10.0) at world pos (64.0, 0.0, -320.0) (total chunks: 332)
[14:50:50] TERRAIN: Creating chunk: (10.0, 2.0) at distance 10.20
[14:50:50] TERRAIN: Chunk (10.0, 2.0): TRIMESH collision created successfully (distance: 10.20, vertices: 8)
[14:50:50] TERRAIN: Chunk created successfully: (10.0, 2.0) at world pos (320.0, 0.0, 64.0) (total chunks: 333)
[14:50:50] TERRAIN: Creating chunk: (9.0, -5.0) at distance 10.30
[14:50:50] TERRAIN: Chunk (9.0, -5.0): TRIMESH collision created successfully (distance: 10.30, vertices: 8)
[14:50:50] TERRAIN: Chunk created successfully: (9.0, -5.0) at world pos (288.0, 0.0, -160.0) (total chunks: 334)
[14:50:50] TERRAIN: Creating chunk: (9.0, 5.0) at distance 10.30
[14:50:50] TERRAIN: Chunk (9.0, 5.0): TRIMESH collision created successfully (distance: 10.30, vertices: 8)
[14:50:50] TERRAIN: Chunk created successfully: (9.0, 5.0) at world pos (288.0, 0.0, 160.0) (total chunks: 335)
[14:50:50] TERRAIN: Creating chunk: (5.0, 9.0) at distance 10.30
[14:50:50] TERRAIN: Chunk (5.0, 9.0): TRIMESH collision created successfully (distance: 10.30, vertices: 8)
[14:50:50] TERRAIN: Chunk created successfully: (5.0, 9.0) at world pos (160.0, 0.0, 288.0) (total chunks: 336)
[14:50:50] TERRAIN: Creating chunk: (-9.0, -5.0) at distance 10.30
[14:50:50] TERRAIN: Chunk (-9.0, -5.0): TRIMESH collision created successfully (distance: 10.30, vertices: 8)
[14:50:50] TERRAIN: Chunk created successfully: (-9.0, -5.0) at world pos (-288.0, 0.0, -160.0) (total chunks: 337)
[14:50:50] TERRAIN: Creating chunk: (5.0, -9.0) at distance 10.30
[14:50:50] TERRAIN: Chunk (5.0, -9.0): TRIMESH collision created successfully (distance: 10.30, vertices: 8)
[14:50:50] TERRAIN: Chunk created successfully: (5.0, -9.0) at world pos (160.0, 0.0, -288.0) (total chunks: 338)
[14:50:50] TERRAIN: Creating chunk: (-5.0, -9.0) at distance 10.30
[14:50:50] TERRAIN: Chunk (-5.0, -9.0): TRIMESH collision created successfully (distance: 10.30, vertices: 8)
[14:50:50] TERRAIN: Chunk created successfully: (-5.0, -9.0) at world pos (-160.0, 0.0, -288.0) (total chunks: 339)
[14:50:50] TERRAIN: Creating chunk: (-9.0, 5.0) at distance 10.30
[14:50:50] TERRAIN: Chunk (-9.0, 5.0): TRIMESH collision created successfully (distance: 10.30, vertices: 8)
[14:50:50] TERRAIN: Chunk created successfully: (-9.0, 5.0) at world pos (-288.0, 0.0, 160.0) (total chunks: 340)
[14:50:50] PLAYER: Pos: (0.0, 0.000187, 0.0) | Chunk: (0.0, 0.0) | TerrainHeight: 0.00 | HeightDiff: 0.00 | OnFloor: true
[14:50:50] TERRAIN: Creating chunk: (-5.0, 9.0) at distance 10.30
[14:50:50] TERRAIN: Chunk (-5.0, 9.0): TRIMESH collision created successfully (distance: 10.30, vertices: 8)
[14:50:50] TERRAIN: Chunk created successfully: (-5.0, 9.0) at world pos (-160.0, 0.0, 288.0) (total chunks: 341)
[14:50:50] TERRAIN: Creating chunk: (10.0, -3.0) at distance 10.44
[14:50:50] TERRAIN: Chunk (10.0, -3.0): TRIMESH collision created successfully (distance: 10.44, vertices: 8)
[14:50:50] TERRAIN: Chunk created successfully: (10.0, -3.0) at world pos (320.0, 0.0, -96.0) (total chunks: 342)
[14:50:50] TERRAIN: Creating chunk: (-3.0, -10.0) at distance 10.44
[14:50:50] TERRAIN: Chunk (-3.0, -10.0): TRIMESH collision created successfully (distance: 10.44, vertices: 8)
[14:50:50] TERRAIN: Chunk created successfully: (-3.0, -10.0) at world pos (-96.0, 0.0, -320.0) (total chunks: 343)
[14:50:50] TERRAIN: Creating chunk: (-10.0, -3.0) at distance 10.44
[14:50:50] TERRAIN: Chunk (-10.0, -3.0): TRIMESH collision created successfully (distance: 10.44, vertices: 8)
[14:50:50] TERRAIN: Chunk created successfully: (-10.0, -3.0) at world pos (-320.0, 0.0, -96.0) (total chunks: 344)
[14:50:50] TERRAIN: Creating chunk: (3.0, 10.0) at distance 10.44
[14:50:50] TERRAIN: Chunk (3.0, 10.0): TRIMESH collision created successfully (distance: 10.44, vertices: 8)
[14:50:50] TERRAIN: Chunk created successfully: (3.0, 10.0) at world pos (96.0, 0.0, 320.0) (total chunks: 345)
[14:50:50] TERRAIN: Creating chunk: (-10.0, 3.0) at distance 10.44
[14:50:50] TERRAIN: Chunk (-10.0, 3.0): TRIMESH collision created successfully (distance: 10.44, vertices: 8)
[14:50:50] TERRAIN: Chunk created successfully: (-10.0, 3.0) at world pos (-320.0, 0.0, 96.0) (total chunks: 346)
[14:50:50] TERRAIN: Creating chunk: (10.0, 3.0) at distance 10.44
[14:50:50] TERRAIN: Chunk (10.0, 3.0): TRIMESH collision created successfully (distance: 10.44, vertices: 8)
[14:50:50] TERRAIN: Chunk created successfully: (10.0, 3.0) at world pos (320.0, 0.0, 96.0) (total chunks: 347)
[14:50:50] TERRAIN: Creating chunk: (3.0, -10.0) at distance 10.44
[14:50:50] TERRAIN: Chunk (3.0, -10.0): TRIMESH collision created successfully (distance: 10.44, vertices: 8)
[14:50:50] TERRAIN: Chunk created successfully: (3.0, -10.0) at world pos (96.0, 0.0, -320.0) (total chunks: 348)
[14:50:50] TERRAIN: Creating chunk: (-3.0, 10.0) at distance 10.44
[14:50:50] TERRAIN: Chunk (-3.0, 10.0): TRIMESH collision created successfully (distance: 10.44, vertices: 8)
[14:50:50] TERRAIN: Chunk created successfully: (-3.0, 10.0) at world pos (-96.0, 0.0, 320.0) (total chunks: 349)
[14:50:50] TERRAIN: Creating chunk: (8.0, -7.0) at distance 10.63
[14:50:50] TERRAIN: Chunk (8.0, -7.0): TRIMESH collision created successfully (distance: 10.63, vertices: 8)
[14:50:50] TERRAIN: Chunk created successfully: (8.0, -7.0) at world pos (256.0, 0.0, -224.0) (total chunks: 350)
[14:50:50] TERRAIN: Creating chunk: (7.0, 8.0) at distance 10.63
[14:50:50] TERRAIN: Chunk (7.0, 8.0): TRIMESH collision created successfully (distance: 10.63, vertices: 8)
[14:50:50] TERRAIN: Chunk created successfully: (7.0, 8.0) at world pos (224.0, 0.0, 256.0) (total chunks: 351)
[14:50:50] TERRAIN: Creating chunk: (-8.0, 7.0) at distance 10.63
[14:50:50] TERRAIN: Chunk (-8.0, 7.0): TRIMESH collision created successfully (distance: 10.63, vertices: 8)
[14:50:50] TERRAIN: Chunk created successfully: (-8.0, 7.0) at world pos (-256.0, 0.0, 224.0) (total chunks: 352)
[14:50:50] TERRAIN: Creating chunk: (-8.0, -7.0) at distance 10.63
[14:50:50] TERRAIN: Chunk (-8.0, -7.0): TRIMESH collision created successfully (distance: 10.63, vertices: 8)
[14:50:50] TERRAIN: Chunk created successfully: (-8.0, -7.0) at world pos (-256.0, 0.0, -224.0) (total chunks: 353)
[14:50:50] TERRAIN: Creating chunk: (-7.0, 8.0) at distance 10.63
[14:50:50] TERRAIN: Chunk (-7.0, 8.0): TRIMESH collision created successfully (distance: 10.63, vertices: 8)
[14:50:50] TERRAIN: Chunk created successfully: (-7.0, 8.0) at world pos (-224.0, 0.0, 256.0) (total chunks: 354)
[14:50:50] TERRAIN: Creating chunk: (-7.0, -8.0) at distance 10.63
[14:50:50] TERRAIN: Chunk (-7.0, -8.0): TRIMESH collision created successfully (distance: 10.63, vertices: 8)
[14:50:50] TERRAIN: Chunk created successfully: (-7.0, -8.0) at world pos (-224.0, 0.0, -256.0) (total chunks: 355)
[14:50:50] TERRAIN: Creating chunk: (7.0, -8.0) at distance 10.63
[14:50:50] TERRAIN: Chunk (7.0, -8.0): TRIMESH collision created successfully (distance: 10.63, vertices: 8)
[14:50:50] TERRAIN: Chunk created successfully: (7.0, -8.0) at world pos (224.0, 0.0, -256.0) (total chunks: 356)
[14:50:50] TERRAIN: Creating chunk: (8.0, 7.0) at distance 10.63
[14:50:50] TERRAIN: Chunk (8.0, 7.0): TRIMESH collision created successfully (distance: 10.63, vertices: 8)
[14:50:50] TERRAIN: Chunk created successfully: (8.0, 7.0) at world pos (256.0, 0.0, 224.0) (total chunks: 357)
[14:50:50] TERRAIN: Creating chunk: (10.0, -4.0) at distance 10.77
[14:50:50] TERRAIN: Chunk (10.0, -4.0): TRIMESH collision created successfully (distance: 10.77, vertices: 8)
[14:50:50] TERRAIN: Chunk created successfully: (10.0, -4.0) at world pos (320.0, 0.0, -128.0) (total chunks: 358)
[14:50:50] TERRAIN: Creating chunk: (-10.0, 4.0) at distance 10.77
[14:50:50] TERRAIN: Chunk (-10.0, 4.0): TRIMESH collision created successfully (distance: 10.77, vertices: 8)
[14:50:50] TERRAIN: Chunk created successfully: (-10.0, 4.0) at world pos (-320.0, 0.0, 128.0) (total chunks: 359)
[14:50:50] TERRAIN: Creating chunk: (10.0, 4.0) at distance 10.77
[14:50:50] TERRAIN: Chunk (10.0, 4.0): TRIMESH collision created successfully (distance: 10.77, vertices: 8)
[14:50:50] TERRAIN: Chunk created successfully: (10.0, 4.0) at world pos (320.0, 0.0, 128.0) (total chunks: 360)
[14:50:50] TERRAIN: Creating chunk: (4.0, 10.0) at distance 10.77
[14:50:50] TERRAIN: Chunk (4.0, 10.0): TRIMESH collision created successfully (distance: 10.77, vertices: 8)
[14:50:50] TERRAIN: Chunk created successfully: (4.0, 10.0) at world pos (128.0, 0.0, 320.0) (total chunks: 361)
[14:50:50] TERRAIN: Creating chunk: (-4.0, -10.0) at distance 10.77
[14:50:50] TERRAIN: Chunk (-4.0, -10.0): TRIMESH collision created successfully (distance: 10.77, vertices: 8)
[14:50:50] TERRAIN: Chunk created successfully: (-4.0, -10.0) at world pos (-128.0, 0.0, -320.0) (total chunks: 362)
[14:50:50] TERRAIN: Creating chunk: (-4.0, 10.0) at distance 10.77
[14:50:50] TERRAIN: Chunk (-4.0, 10.0): TRIMESH collision created successfully (distance: 10.77, vertices: 8)
[14:50:50] TERRAIN: Chunk created successfully: (-4.0, 10.0) at world pos (-128.0, 0.0, 320.0) (total chunks: 363)
[14:50:50] TERRAIN: Creating chunk: (-10.0, -4.0) at distance 10.77
[14:50:50] TERRAIN: Chunk (-10.0, -4.0): TRIMESH collision created successfully (distance: 10.77, vertices: 8)
[14:50:50] TERRAIN: Chunk created successfully: (-10.0, -4.0) at world pos (-320.0, 0.0, -128.0) (total chunks: 364)
[14:50:50] TERRAIN: Creating chunk: (4.0, -10.0) at distance 10.77
[14:50:50] TERRAIN: Chunk (4.0, -10.0): TRIMESH collision created successfully (distance: 10.77, vertices: 8)
[14:50:50] TERRAIN: Chunk created successfully: (4.0, -10.0) at world pos (128.0, 0.0, -320.0) (total chunks: 365)
[14:50:50] TERRAIN: Creating chunk: (-9.0, 6.0) at distance 10.82
[14:50:50] TERRAIN: Chunk (-9.0, 6.0): TRIMESH collision created successfully (distance: 10.82, vertices: 8)
[14:50:50] TERRAIN: Chunk created successfully: (-9.0, 6.0) at world pos (-288.0, 0.0, 192.0) (total chunks: 366)
[14:50:50] TERRAIN: Creating chunk: (-9.0, -6.0) at distance 10.82
[14:50:50] TERRAIN: Chunk (-9.0, -6.0): TRIMESH collision created successfully (distance: 10.82, vertices: 8)
[14:50:50] TERRAIN: Chunk created successfully: (-9.0, -6.0) at world pos (-288.0, 0.0, -192.0) (total chunks: 367)
[14:50:50] TERRAIN: Creating chunk: (-6.0, 9.0) at distance 10.82
[14:50:50] TERRAIN: Chunk (-6.0, 9.0): TRIMESH collision created successfully (distance: 10.82, vertices: 8)
[14:50:50] TERRAIN: Chunk created successfully: (-6.0, 9.0) at world pos (-192.0, 0.0, 288.0) (total chunks: 368)
[14:50:50] TERRAIN: Creating chunk: (9.0, -6.0) at distance 10.82
[14:50:50] TERRAIN: Chunk (9.0, -6.0): TRIMESH collision created successfully (distance: 10.82, vertices: 8)
[14:50:50] TERRAIN: Chunk created successfully: (9.0, -6.0) at world pos (288.0, 0.0, -192.0) (total chunks: 369)
[14:50:50] TERRAIN: Creating chunk: (9.0, 6.0) at distance 10.82
[14:50:50] TERRAIN: Chunk (9.0, 6.0): TRIMESH collision created successfully (distance: 10.82, vertices: 8)
[14:50:50] TERRAIN: Chunk created successfully: (9.0, 6.0) at world pos (288.0, 0.0, 192.0) (total chunks: 370)
[14:50:50] TERRAIN: Creating chunk: (6.0, 9.0) at distance 10.82
[14:50:50] TERRAIN: Chunk (6.0, 9.0): TRIMESH collision created successfully (distance: 10.82, vertices: 8)
[14:50:50] TERRAIN: Chunk created successfully: (6.0, 9.0) at world pos (192.0, 0.0, 288.0) (total chunks: 371)
[14:50:50] TERRAIN: Creating chunk: (6.0, -9.0) at distance 10.82
[14:50:50] TERRAIN: Chunk (6.0, -9.0): TRIMESH collision created successfully (distance: 10.82, vertices: 8)
[14:50:50] TERRAIN: Chunk created successfully: (6.0, -9.0) at world pos (192.0, 0.0, -288.0) (total chunks: 372)
[14:50:50] TERRAIN: Creating chunk: (-6.0, -9.0) at distance 10.82
[14:50:50] TERRAIN: Chunk (-6.0, -9.0): TRIMESH collision created successfully (distance: 10.82, vertices: 8)
[14:50:50] TERRAIN: Chunk created successfully: (-6.0, -9.0) at world pos (-192.0, 0.0, -288.0) (total chunks: 373)
[14:50:50] TERRAIN: Creating chunk: (11.0, 0.0) at distance 11.00
[14:50:50] TERRAIN: Chunk (11.0, 0.0): TRIMESH collision created successfully (distance: 11.00, vertices: 8)
[14:50:50] TERRAIN: Chunk created successfully: (11.0, 0.0) at world pos (352.0, 0.0, 0.0) (total chunks: 374)
[14:50:50] TERRAIN: Creating chunk: (-11.0, 0.0) at distance 11.00
[14:50:50] TERRAIN: Chunk (-11.0, 0.0): TRIMESH collision created successfully (distance: 11.00, vertices: 8)
[14:50:50] TERRAIN: Chunk created successfully: (-11.0, 0.0) at world pos (-352.0, 0.0, 0.0) (total chunks: 375)
[14:50:50] TERRAIN: Creating chunk: (0.0, 11.0) at distance 11.00
[14:50:50] TERRAIN: Chunk (0.0, 11.0): TRIMESH collision created successfully (distance: 11.00, vertices: 8)
[14:50:50] TERRAIN: Chunk created successfully: (0.0, 11.0) at world pos (0.0, 0.0, 352.0) (total chunks: 376)
[14:50:50] TERRAIN: Creating chunk: (0.0, -11.0) at distance 11.00
[14:50:50] TERRAIN: Chunk (0.0, -11.0): TRIMESH collision created successfully (distance: 11.00, vertices: 8)
[14:50:50] TERRAIN: Chunk created successfully: (0.0, -11.0) at world pos (0.0, 0.0, -352.0) (total chunks: 377)
[14:50:50] TERRAIN: Creating chunk: (1.0, -11.0) at distance 11.05
[14:50:50] TERRAIN: Chunk (1.0, -11.0): TRIMESH collision created successfully (distance: 11.05, vertices: 8)
[14:50:50] TERRAIN: Chunk created successfully: (1.0, -11.0) at world pos (32.0, 0.0, -352.0) (total chunks: 378)
[14:50:50] TERRAIN: Creating chunk: (-1.0, 11.0) at distance 11.05
[14:50:50] TERRAIN: Chunk (-1.0, 11.0): TRIMESH collision created successfully (distance: 11.05, vertices: 8)
[14:50:50] TERRAIN: Chunk created successfully: (-1.0, 11.0) at world pos (-32.0, 0.0, 352.0) (total chunks: 379)
[14:50:50] TERRAIN: Creating chunk: (1.0, 11.0) at distance 11.05
[14:50:50] TERRAIN: Chunk (1.0, 11.0): TRIMESH collision created successfully (distance: 11.05, vertices: 8)
[14:50:50] TERRAIN: Chunk created successfully: (1.0, 11.0) at world pos (32.0, 0.0, 352.0) (total chunks: 380)
[14:50:50] TERRAIN: Creating chunk: (-11.0, -1.0) at distance 11.05
[14:50:51] TERRAIN: Chunk (-11.0, -1.0): TRIMESH collision created successfully (distance: 11.05, vertices: 8)
[14:50:51] TERRAIN: Chunk created successfully: (-11.0, -1.0) at world pos (-352.0, 0.0, -32.0) (total chunks: 381)
[14:50:51] TERRAIN: Creating chunk: (11.0, -1.0) at distance 11.05
[14:50:51] TERRAIN: Chunk (11.0, -1.0): TRIMESH collision created successfully (distance: 11.05, vertices: 8)
[14:50:51] TERRAIN: Chunk created successfully: (11.0, -1.0) at world pos (352.0, 0.0, -32.0) (total chunks: 382)
[14:50:51] TERRAIN: Creating chunk: (-1.0, -11.0) at distance 11.05
[14:50:51] TERRAIN: Chunk (-1.0, -11.0): TRIMESH collision created successfully (distance: 11.05, vertices: 8)
[14:50:51] TERRAIN: Chunk created successfully: (-1.0, -11.0) at world pos (-32.0, 0.0, -352.0) (total chunks: 383)
[14:50:51] TERRAIN: Creating chunk: (-11.0, 1.0) at distance 11.05
[14:50:51] TERRAIN: Chunk (-11.0, 1.0): TRIMESH collision created successfully (distance: 11.05, vertices: 8)
[14:50:51] TERRAIN: Chunk created successfully: (-11.0, 1.0) at world pos (-352.0, 0.0, 32.0) (total chunks: 384)
[14:50:51] TERRAIN: Creating chunk: (11.0, 1.0) at distance 11.05
[14:50:51] TERRAIN: Chunk (11.0, 1.0): TRIMESH collision created successfully (distance: 11.05, vertices: 8)
[14:50:51] TERRAIN: Chunk created successfully: (11.0, 1.0) at world pos (352.0, 0.0, 32.0) (total chunks: 385)
[14:50:51] TERRAIN: Creating chunk: (2.0, -11.0) at distance 11.18
[14:50:51] TERRAIN: Chunk (2.0, -11.0): TRIMESH collision created successfully (distance: 11.18, vertices: 8)
[14:50:51] TERRAIN: Chunk created successfully: (2.0, -11.0) at world pos (64.0, 0.0, -352.0) (total chunks: 386)
[14:50:51] TERRAIN: Creating chunk: (11.0, -2.0) at distance 11.18
[14:50:51] TERRAIN: Chunk (11.0, -2.0): TRIMESH collision created successfully (distance: 11.18, vertices: 8)
[14:50:51] TERRAIN: Chunk created successfully: (11.0, -2.0) at world pos (352.0, 0.0, -64.0) (total chunks: 387)
[14:50:51] TERRAIN: Creating chunk: (10.0, -5.0) at distance 11.18
[14:50:51] TERRAIN: Chunk (10.0, -5.0): TRIMESH collision created successfully (distance: 11.18, vertices: 8)
[14:50:51] TERRAIN: Chunk created successfully: (10.0, -5.0) at world pos (320.0, 0.0, -160.0) (total chunks: 388)
[14:50:51] TERRAIN: Creating chunk: (-5.0, -10.0) at distance 11.18
[14:50:51] TERRAIN: Chunk (-5.0, -10.0): TRIMESH collision created successfully (distance: 11.18, vertices: 8)
[14:50:51] TERRAIN: Chunk created successfully: (-5.0, -10.0) at world pos (-160.0, 0.0, -320.0) (total chunks: 389)
[14:50:51] TERRAIN: Creating chunk: (2.0, 11.0) at distance 11.18
[14:50:51] TERRAIN: Chunk (2.0, 11.0): TRIMESH collision created successfully (distance: 11.18, vertices: 8)
[14:50:51] TERRAIN: Chunk created successfully: (2.0, 11.0) at world pos (64.0, 0.0, 352.0) (total chunks: 390)
[14:50:51] TERRAIN: Creating chunk: (5.0, 10.0) at distance 11.18
[14:50:51] TERRAIN: Chunk (5.0, 10.0): TRIMESH collision created successfully (distance: 11.18, vertices: 8)
[14:50:51] TERRAIN: Chunk created successfully: (5.0, 10.0) at world pos (160.0, 0.0, 320.0) (total chunks: 391)
[14:50:51] TERRAIN: Creating chunk: (-5.0, 10.0) at distance 11.18
[14:50:51] TERRAIN: Chunk (-5.0, 10.0): TRIMESH collision created successfully (distance: 11.18, vertices: 8)
[14:50:51] TERRAIN: Chunk created successfully: (-5.0, 10.0) at world pos (-160.0, 0.0, 320.0) (total chunks: 392)
[14:50:51] TERRAIN: Creating chunk: (5.0, -10.0) at distance 11.18
[14:50:51] TERRAIN: Chunk (5.0, -10.0): TRIMESH collision created successfully (distance: 11.18, vertices: 8)
[14:50:51] TERRAIN: Chunk created successfully: (5.0, -10.0) at world pos (160.0, 0.0, -320.0) (total chunks: 393)
[14:50:51] TERRAIN: Creating chunk: (11.0, 2.0) at distance 11.18
[14:50:51] TERRAIN: Chunk (11.0, 2.0): TRIMESH collision created successfully (distance: 11.18, vertices: 8)
[14:50:51] TERRAIN: Chunk created successfully: (11.0, 2.0) at world pos (352.0, 0.0, 64.0) (total chunks: 394)
[14:50:51] TERRAIN: Creating chunk: (-10.0, 5.0) at distance 11.18
[14:50:51] TERRAIN: Chunk (-10.0, 5.0): TRIMESH collision created successfully (distance: 11.18, vertices: 8)
[14:50:51] TERRAIN: Chunk created successfully: (-10.0, 5.0) at world pos (-320.0, 0.0, 160.0) (total chunks: 395)
[14:50:51] TERRAIN: Creating chunk: (-11.0, -2.0) at distance 11.18
[14:50:51] TERRAIN: Chunk (-11.0, -2.0): TRIMESH collision created successfully (distance: 11.18, vertices: 8)
[14:50:51] TERRAIN: Chunk created successfully: (-11.0, -2.0) at world pos (-352.0, 0.0, -64.0) (total chunks: 396)
[14:50:51] TERRAIN: Creating chunk: (-11.0, 2.0) at distance 11.18
[14:50:51] TERRAIN: Chunk (-11.0, 2.0): TRIMESH collision created successfully (distance: 11.18, vertices: 8)
[14:50:51] TERRAIN: Chunk created successfully: (-11.0, 2.0) at world pos (-352.0, 0.0, 64.0) (total chunks: 397)
[14:50:51] TERRAIN: Creating chunk: (-2.0, 11.0) at distance 11.18
[14:50:51] TERRAIN: Chunk (-2.0, 11.0): TRIMESH collision created successfully (distance: 11.18, vertices: 8)
[14:50:51] TERRAIN: Chunk created successfully: (-2.0, 11.0) at world pos (-64.0, 0.0, 352.0) (total chunks: 398)
[14:50:51] TERRAIN: Creating chunk: (-10.0, -5.0) at distance 11.18
[14:50:51] TERRAIN: Chunk (-10.0, -5.0): TRIMESH collision created successfully (distance: 11.18, vertices: 8)
[14:50:51] TERRAIN: Chunk created successfully: (-10.0, -5.0) at world pos (-320.0, 0.0, -160.0) (total chunks: 399)
[14:50:51] TERRAIN: Creating chunk: (10.0, 5.0) at distance 11.18
[14:50:51] TERRAIN: Chunk (10.0, 5.0): TRIMESH collision created successfully (distance: 11.18, vertices: 8)
[14:50:51] TERRAIN: Chunk created successfully: (10.0, 5.0) at world pos (320.0, 0.0, 160.0) (total chunks: 400)
[14:50:51] TERRAIN: Creating chunk: (-2.0, -11.0) at distance 11.18
[14:50:51] TERRAIN: Chunk (-2.0, -11.0): TRIMESH collision created successfully (distance: 11.18, vertices: 8)
[14:50:51] TERRAIN: Chunk created successfully: (-2.0, -11.0) at world pos (-64.0, 0.0, -352.0) (total chunks: 401)
[14:50:51] TERRAIN: Creating chunk: (8.0, -8.0) at distance 11.31
[14:50:51] TERRAIN: Chunk (8.0, -8.0): TRIMESH collision created successfully (distance: 11.31, vertices: 8)
[14:50:51] TERRAIN: Chunk created successfully: (8.0, -8.0) at world pos (256.0, 0.0, -256.0) (total chunks: 402)
[14:50:51] TERRAIN: Creating chunk: (8.0, 8.0) at distance 11.31
[14:50:51] TERRAIN: Chunk (8.0, 8.0): TRIMESH collision created successfully (distance: 11.31, vertices: 8)
[14:50:51] TERRAIN: Chunk created successfully: (8.0, 8.0) at world pos (256.0, 0.0, 256.0) (total chunks: 403)
[14:50:51] TERRAIN: Creating chunk: (-8.0, 8.0) at distance 11.31
[14:50:51] TERRAIN: Chunk (-8.0, 8.0): TRIMESH collision created successfully (distance: 11.31, vertices: 8)
[14:50:51] TERRAIN: Chunk created successfully: (-8.0, 8.0) at world pos (-256.0, 0.0, 256.0) (total chunks: 404)
[14:50:51] TERRAIN: Creating chunk: (-8.0, -8.0) at distance 11.31
[14:50:51] TERRAIN: Chunk (-8.0, -8.0): TRIMESH collision created successfully (distance: 11.31, vertices: 8)
[14:50:51] TERRAIN: Chunk created successfully: (-8.0, -8.0) at world pos (-256.0, 0.0, -256.0) (total chunks: 405)
[14:50:51] TERRAIN: Creating chunk: (7.0, -9.0) at distance 11.40
[14:50:51] TERRAIN: Chunk (7.0, -9.0): TRIMESH collision created successfully (distance: 11.40, vertices: 8)
[14:50:51] TERRAIN: Chunk created successfully: (7.0, -9.0) at world pos (224.0, 0.0, -288.0) (total chunks: 406)
[14:50:51] TERRAIN: Creating chunk: (-7.0, 9.0) at distance 11.40
[14:50:51] TERRAIN: Chunk (-7.0, 9.0): TRIMESH collision created successfully (distance: 11.40, vertices: 8)
[14:50:51] TERRAIN: Chunk created successfully: (-7.0, 9.0) at world pos (-224.0, 0.0, 288.0) (total chunks: 407)
[14:50:51] TERRAIN: Creating chunk: (9.0, -7.0) at distance 11.40
[14:50:51] TERRAIN: Chunk (9.0, -7.0): TRIMESH collision created successfully (distance: 11.40, vertices: 8)
[14:50:51] TERRAIN: Chunk created successfully: (9.0, -7.0) at world pos (288.0, 0.0, -224.0) (total chunks: 408)
[14:50:51] TERRAIN: Creating chunk: (-7.0, -9.0) at distance 11.40
[14:50:51] TERRAIN: Chunk (-7.0, -9.0): TRIMESH collision created successfully (distance: 11.40, vertices: 8)
[14:50:51] TERRAIN: Chunk created successfully: (-7.0, -9.0) at world pos (-224.0, 0.0, -288.0) (total chunks: 409)
[14:50:51] TERRAIN: Creating chunk: (3.0, 11.0) at distance 11.40
[14:50:51] TERRAIN: Chunk (3.0, 11.0): TRIMESH collision created successfully (distance: 11.40, vertices: 8)
[14:50:51] TERRAIN: Chunk created successfully: (3.0, 11.0) at world pos (96.0, 0.0, 352.0) (total chunks: 410)
[14:50:51] TERRAIN: Creating chunk: (9.0, 7.0) at distance 11.40
[14:50:51] TERRAIN: Chunk (9.0, 7.0): TRIMESH collision created successfully (distance: 11.40, vertices: 8)
[14:50:51] TERRAIN: Chunk created successfully: (9.0, 7.0) at world pos (288.0, 0.0, 224.0) (total chunks: 411)
[14:50:51] TERRAIN: Creating chunk: (11.0, 3.0) at distance 11.40
[14:50:51] TERRAIN: Chunk (11.0, 3.0): TRIMESH collision created successfully (distance: 11.40, vertices: 8)
[14:50:51] TERRAIN: Chunk created successfully: (11.0, 3.0) at world pos (352.0, 0.0, 96.0) (total chunks: 412)
[14:50:51] TERRAIN: Creating chunk: (3.0, -11.0) at distance 11.40
[14:50:51] TERRAIN: Chunk (3.0, -11.0): TRIMESH collision created successfully (distance: 11.40, vertices: 8)
[14:50:51] TERRAIN: Chunk created successfully: (3.0, -11.0) at world pos (96.0, 0.0, -352.0) (total chunks: 413)
[14:50:51] TERRAIN: Creating chunk: (-3.0, 11.0) at distance 11.40
[14:50:51] TERRAIN: Chunk (-3.0, 11.0): TRIMESH collision created successfully (distance: 11.40, vertices: 8)
[14:50:51] TERRAIN: Chunk created successfully: (-3.0, 11.0) at world pos (-96.0, 0.0, 352.0) (total chunks: 414)
[14:50:51] TERRAIN: Creating chunk: (-9.0, 7.0) at distance 11.40
[14:50:51] TERRAIN: Chunk (-9.0, 7.0): TRIMESH collision created successfully (distance: 11.40, vertices: 8)
[14:50:51] TERRAIN: Chunk created successfully: (-9.0, 7.0) at world pos (-288.0, 0.0, 224.0) (total chunks: 415)
[14:50:51] TERRAIN: Creating chunk: (-11.0, -3.0) at distance 11.40
[14:50:51] TERRAIN: Chunk (-11.0, -3.0): TRIMESH collision created successfully (distance: 11.40, vertices: 8)
[14:50:51] TERRAIN: Chunk created successfully: (-11.0, -3.0) at world pos (-352.0, 0.0, -96.0) (total chunks: 416)
[14:50:51] TERRAIN: Creating chunk: (-11.0, 3.0) at distance 11.40
[14:50:51] TERRAIN: Chunk (-11.0, 3.0): TRIMESH collision created successfully (distance: 11.40, vertices: 8)
[14:50:51] TERRAIN: Chunk created successfully: (-11.0, 3.0) at world pos (-352.0, 0.0, 96.0) (total chunks: 417)
[14:50:51] TERRAIN: Creating chunk: (11.0, -3.0) at distance 11.40
[14:50:51] TERRAIN: Chunk (11.0, -3.0): TRIMESH collision created successfully (distance: 11.40, vertices: 8)
[14:50:51] TERRAIN: Chunk created successfully: (11.0, -3.0) at world pos (352.0, 0.0, -96.0) (total chunks: 418)
[14:50:51] TERRAIN: Creating chunk: (-9.0, -7.0) at distance 11.40
[14:50:51] TERRAIN: Chunk (-9.0, -7.0): TRIMESH collision created successfully (distance: 11.40, vertices: 8)
[14:50:51] TERRAIN: Chunk created successfully: (-9.0, -7.0) at world pos (-288.0, 0.0, -224.0) (total chunks: 419)
[14:50:51] TERRAIN: Creating chunk: (7.0, 9.0) at distance 11.40
[14:50:51] TERRAIN: Chunk (7.0, 9.0): TRIMESH collision created successfully (distance: 11.40, vertices: 8)
[14:50:51] TERRAIN: Chunk created successfully: (7.0, 9.0) at world pos (224.0, 0.0, 288.0) (total chunks: 420)
[14:50:51] TERRAIN: Creating chunk: (-3.0, -11.0) at distance 11.40
[14:50:51] TERRAIN: Chunk (-3.0, -11.0): TRIMESH collision created successfully (distance: 11.40, vertices: 8)
[14:50:51] TERRAIN: Chunk created successfully: (-3.0, -11.0) at world pos (-96.0, 0.0, -352.0) (total chunks: 421)
[14:50:51] TERRAIN: Creating chunk: (6.0, -10.0) at distance 11.66
[14:50:51] TERRAIN: Chunk (6.0, -10.0): TRIMESH collision created successfully (distance: 11.66, vertices: 8)
[14:50:51] TERRAIN: Chunk created successfully: (6.0, -10.0) at world pos (192.0, 0.0, -320.0) (total chunks: 422)
[14:50:51] TERRAIN: Creating chunk: (-6.0, -10.0) at distance 11.66
[14:50:51] TERRAIN: Chunk (-6.0, -10.0): TRIMESH collision created successfully (distance: 11.66, vertices: 8)
[14:50:51] TERRAIN: Chunk created successfully: (-6.0, -10.0) at world pos (-192.0, 0.0, -320.0) (total chunks: 423)
[14:50:51] TERRAIN: Creating chunk: (-10.0, -6.0) at distance 11.66
[14:50:51] TERRAIN: Chunk (-10.0, -6.0): TRIMESH collision created successfully (distance: 11.66, vertices: 8)
[14:50:51] TERRAIN: Chunk created successfully: (-10.0, -6.0) at world pos (-320.0, 0.0, -192.0) (total chunks: 424)
[14:50:51] TERRAIN: Creating chunk: (-10.0, 6.0) at distance 11.66
[14:50:51] TERRAIN: Chunk (-10.0, 6.0): TRIMESH collision created successfully (distance: 11.66, vertices: 8)
[14:50:51] TERRAIN: Chunk created successfully: (-10.0, 6.0) at world pos (-320.0, 0.0, 192.0) (total chunks: 425)
[14:50:51] TERRAIN: Creating chunk: (6.0, 10.0) at distance 11.66
[14:50:51] TERRAIN: Chunk (6.0, 10.0): TRIMESH collision created successfully (distance: 11.66, vertices: 8)
[14:50:51] TERRAIN: Chunk created successfully: (6.0, 10.0) at world pos (192.0, 0.0, 320.0) (total chunks: 426)
[14:50:51] TERRAIN: Creating chunk: (-6.0, 10.0) at distance 11.66
[14:50:51] TERRAIN: Chunk (-6.0, 10.0): TRIMESH collision created successfully (distance: 11.66, vertices: 8)
[14:50:51] TERRAIN: Chunk created successfully: (-6.0, 10.0) at world pos (-192.0, 0.0, 320.0) (total chunks: 427)
[14:50:51] TERRAIN: Creating chunk: (10.0, 6.0) at distance 11.66
[14:50:51] TERRAIN: Chunk (10.0, 6.0): TRIMESH collision created successfully (distance: 11.66, vertices: 8)
[14:50:51] TERRAIN: Chunk created successfully: (10.0, 6.0) at world pos (320.0, 0.0, 192.0) (total chunks: 428)
[14:50:51] TERRAIN: Creating chunk: (10.0, -6.0) at distance 11.66
[14:50:51] TERRAIN: Chunk (10.0, -6.0): TRIMESH collision created successfully (distance: 11.66, vertices: 8)
[14:50:51] TERRAIN: Chunk created successfully: (10.0, -6.0) at world pos (320.0, 0.0, -192.0) (total chunks: 429)
[14:50:51] TERRAIN: Creating chunk: (11.0, 4.0) at distance 11.70
[14:50:51] TERRAIN: Chunk (11.0, 4.0): TRIMESH collision created successfully (distance: 11.70, vertices: 8)
[14:50:51] TERRAIN: Chunk created successfully: (11.0, 4.0) at world pos (352.0, 0.0, 128.0) (total chunks: 430)
[14:50:51] TERRAIN: Creating chunk: (11.0, -4.0) at distance 11.70
[14:50:51] TERRAIN: Chunk (11.0, -4.0): TRIMESH collision created successfully (distance: 11.70, vertices: 8)
[14:50:51] TERRAIN: Chunk created successfully: (11.0, -4.0) at world pos (352.0, 0.0, -128.0) (total chunks: 431)
[14:50:51] TERRAIN: Creating chunk: (-4.0, -11.0) at distance 11.70
[14:50:51] TERRAIN: Chunk (-4.0, -11.0): TRIMESH collision created successfully (distance: 11.70, vertices: 8)
[14:50:51] TERRAIN: Chunk created successfully: (-4.0, -11.0) at world pos (-128.0, 0.0, -352.0) (total chunks: 432)
[14:50:51] TERRAIN: Creating chunk: (4.0, -11.0) at distance 11.70
[14:50:51] TERRAIN: Chunk (4.0, -11.0): TRIMESH collision created successfully (distance: 11.70, vertices: 8)
[14:50:51] TERRAIN: Chunk created successfully: (4.0, -11.0) at world pos (128.0, 0.0, -352.0) (total chunks: 433)
[14:50:51] TERRAIN: Creating chunk: (-4.0, 11.0) at distance 11.70
[14:50:51] TERRAIN: Chunk (-4.0, 11.0): TRIMESH collision created successfully (distance: 11.70, vertices: 8)
[14:50:51] TERRAIN: Chunk created successfully: (-4.0, 11.0) at world pos (-128.0, 0.0, 352.0) (total chunks: 434)
[14:50:51] TERRAIN: Creating chunk: (4.0, 11.0) at distance 11.70
[14:50:51] TERRAIN: Chunk (4.0, 11.0): TRIMESH collision created successfully (distance: 11.70, vertices: 8)
[14:50:51] TERRAIN: Chunk created successfully: (4.0, 11.0) at world pos (128.0, 0.0, 352.0) (total chunks: 435)
[14:50:51] TERRAIN: Creating chunk: (-11.0, 4.0) at distance 11.70
[14:50:51] TERRAIN: Chunk (-11.0, 4.0): TRIMESH collision created successfully (distance: 11.70, vertices: 8)
[14:50:51] TERRAIN: Chunk created successfully: (-11.0, 4.0) at world pos (-352.0, 0.0, 128.0) (total chunks: 436)
[14:50:51] TERRAIN: Creating chunk: (-11.0, -4.0) at distance 11.70
[14:50:51] TERRAIN: Chunk (-11.0, -4.0): TRIMESH collision created successfully (distance: 11.70, vertices: 8)
[14:50:51] TERRAIN: Chunk created successfully: (-11.0, -4.0) at world pos (-352.0, 0.0, -128.0) (total chunks: 437)
[14:50:51] TERRAIN: Creating chunk: (12.0, 0.0) at distance 12.00
[14:50:51] TERRAIN: Chunk (12.0, 0.0): TRIMESH collision created successfully (distance: 12.00, vertices: 8)
[14:50:51] TERRAIN: Chunk created successfully: (12.0, 0.0) at world pos (384.0, 0.0, 0.0) (total chunks: 438)
[14:50:51] TERRAIN: Creating chunk: (0.0, -12.0) at distance 12.00
[14:50:51] TERRAIN: Chunk (0.0, -12.0): TRIMESH collision created successfully (distance: 12.00, vertices: 8)
[14:50:51] TERRAIN: Chunk created successfully: (0.0, -12.0) at world pos (0.0, 0.0, -384.0) (total chunks: 439)
[14:50:51] TERRAIN: Creating chunk: (-12.0, 0.0) at distance 12.00
[14:50:51] TERRAIN: Chunk (-12.0, 0.0): TRIMESH collision created successfully (distance: 12.00, vertices: 8)
[14:50:51] TERRAIN: Chunk created successfully: (-12.0, 0.0) at world pos (-384.0, 0.0, 0.0) (total chunks: 440)
[14:50:51] TERRAIN: Creating chunk: (0.0, 12.0) at distance 12.00
[14:50:51] TERRAIN: Chunk (0.0, 12.0): TRIMESH collision created successfully (distance: 12.00, vertices: 8)
[14:50:51] TERRAIN: Chunk created successfully: (0.0, 12.0) at world pos (0.0, 0.0, 384.0) (total chunks: 441)
[14:50:51] TERRAIN: Creating chunk: (8.0, -9.0) at distance 12.04
[14:50:51] TERRAIN: Chunk (8.0, -9.0): TRIMESH collision created successfully (distance: 12.04, vertices: 8)
[14:50:51] TERRAIN: Chunk created successfully: (8.0, -9.0) at world pos (256.0, 0.0, -288.0) (total chunks: 442)
[14:50:51] TERRAIN: Creating chunk: (8.0, 9.0) at distance 12.04
[14:50:51] TERRAIN: Chunk (8.0, 9.0): TRIMESH collision created successfully (distance: 12.04, vertices: 8)
[14:50:51] TERRAIN: Chunk created successfully: (8.0, 9.0) at world pos (256.0, 0.0, 288.0) (total chunks: 443)
[14:50:51] TERRAIN: Creating chunk: (-8.0, 9.0) at distance 12.04
[14:50:51] TERRAIN: Chunk (-8.0, 9.0): TRIMESH collision created successfully (distance: 12.04, vertices: 8)
[14:50:51] TERRAIN: Chunk created successfully: (-8.0, 9.0) at world pos (-256.0, 0.0, 288.0) (total chunks: 444)
[14:50:51] TERRAIN: Creating chunk: (9.0, -8.0) at distance 12.04
[14:50:51] TERRAIN: Chunk (9.0, -8.0): TRIMESH collision created successfully (distance: 12.04, vertices: 8)
[14:50:51] TERRAIN: Chunk created successfully: (9.0, -8.0) at world pos (288.0, 0.0, -256.0) (total chunks: 445)
[14:50:51] TERRAIN: Creating chunk: (12.0, 1.0) at distance 12.04
[14:50:51] TERRAIN: Chunk (12.0, 1.0): TRIMESH collision created successfully (distance: 12.04, vertices: 8)
[14:50:51] TERRAIN: Chunk created successfully: (12.0, 1.0) at world pos (384.0, 0.0, 32.0) (total chunks: 446)
[14:50:51] TERRAIN: Creating chunk: (-1.0, 12.0) at distance 12.04
[14:50:51] TERRAIN: Chunk (-1.0, 12.0): TRIMESH collision created successfully (distance: 12.04, vertices: 8)
[14:50:51] TERRAIN: Chunk created successfully: (-1.0, 12.0) at world pos (-32.0, 0.0, 384.0) (total chunks: 447)
[14:50:51] TERRAIN: Creating chunk: (1.0, 12.0) at distance 12.04
[14:50:51] TERRAIN: Chunk (1.0, 12.0): TRIMESH collision created successfully (distance: 12.04, vertices: 8)
[14:50:51] TERRAIN: Chunk created successfully: (1.0, 12.0) at world pos (32.0, 0.0, 384.0) (total chunks: 448)
[14:50:51] TERRAIN: Creating chunk: (-9.0, 8.0) at distance 12.04
[14:50:51] TERRAIN: Chunk (-9.0, 8.0): TRIMESH collision created successfully (distance: 12.04, vertices: 8)
[14:50:51] TERRAIN: Chunk created successfully: (-9.0, 8.0) at world pos (-288.0, 0.0, 256.0) (total chunks: 449)
[14:50:51] TERRAIN: Creating chunk: (1.0, -12.0) at distance 12.04
[14:50:51] TERRAIN: Chunk (1.0, -12.0): TRIMESH collision created successfully (distance: 12.04, vertices: 8)
[14:50:51] TERRAIN: Chunk created successfully: (1.0, -12.0) at world pos (32.0, 0.0, -384.0) (total chunks: 450)
[14:50:51] TERRAIN: Creating chunk: (-8.0, -9.0) at distance 12.04
[14:50:51] TERRAIN: Chunk (-8.0, -9.0): TRIMESH collision created successfully (distance: 12.04, vertices: 8)
[14:50:51] TERRAIN: Chunk created successfully: (-8.0, -9.0) at world pos (-256.0, 0.0, -288.0) (total chunks: 451)
[14:50:51] TERRAIN: Creating chunk: (12.0, -1.0) at distance 12.04
[14:50:51] TERRAIN: Chunk (12.0, -1.0): TRIMESH collision created successfully (distance: 12.04, vertices: 8)
[14:50:51] TERRAIN: Chunk created successfully: (12.0, -1.0) at world pos (384.0, 0.0, -32.0) (total chunks: 452)
[14:50:51] TERRAIN: Creating chunk: (-12.0, 1.0) at distance 12.04
[14:50:51] TERRAIN: Chunk (-12.0, 1.0): TRIMESH collision created successfully (distance: 12.04, vertices: 8)
[14:50:51] TERRAIN: Chunk created successfully: (-12.0, 1.0) at world pos (-384.0, 0.0, 32.0) (total chunks: 453)
[14:50:51] TERRAIN: Creating chunk: (-9.0, -8.0) at distance 12.04
[14:50:51] TERRAIN: Chunk (-9.0, -8.0): TRIMESH collision created successfully (distance: 12.04, vertices: 8)
[14:50:51] TERRAIN: Chunk created successfully: (-9.0, -8.0) at world pos (-288.0, 0.0, -256.0) (total chunks: 454)
[14:50:51] TERRAIN: Creating chunk: (-12.0, -1.0) at distance 12.04
[14:50:51] TERRAIN: Chunk (-12.0, -1.0): TRIMESH collision created successfully (distance: 12.04, vertices: 8)
[14:50:51] TERRAIN: Chunk created successfully: (-12.0, -1.0) at world pos (-384.0, 0.0, -32.0) (total chunks: 455)
[14:50:51] TERRAIN: Creating chunk: (9.0, 8.0) at distance 12.04
[14:50:51] TERRAIN: Chunk (9.0, 8.0): TRIMESH collision created successfully (distance: 12.04, vertices: 8)
[14:50:51] TERRAIN: Chunk created successfully: (9.0, 8.0) at world pos (288.0, 0.0, 256.0) (total chunks: 456)
[14:50:51] TERRAIN: Creating chunk: (-1.0, -12.0) at distance 12.04
[14:50:51] TERRAIN: Chunk (-1.0, -12.0): TRIMESH collision created successfully (distance: 12.04, vertices: 8)
[14:50:51] TERRAIN: Chunk created successfully: (-1.0, -12.0) at world pos (-32.0, 0.0, -384.0) (total chunks: 457)
[14:50:51] TERRAIN: Creating chunk: (5.0, -11.0) at distance 12.08
[14:50:51] TERRAIN: Chunk (5.0, -11.0): TRIMESH collision created successfully (distance: 12.08, vertices: 8)
[14:50:51] TERRAIN: Chunk created successfully: (5.0, -11.0) at world pos (160.0, 0.0, -352.0) (total chunks: 458)
[14:50:51] TERRAIN: Creating chunk: (-5.0, -11.0) at distance 12.08
[14:50:51] TERRAIN: Chunk (-5.0, -11.0): TRIMESH collision created successfully (distance: 12.08, vertices: 8)
[14:50:51] TERRAIN: Chunk created successfully: (-5.0, -11.0) at world pos (-160.0, 0.0, -352.0) (total chunks: 459)
[14:50:51] TERRAIN: Creating chunk: (-5.0, 11.0) at distance 12.08
[14:50:51] TERRAIN: Chunk (-5.0, 11.0): TRIMESH collision created successfully (distance: 12.08, vertices: 8)
[14:50:51] TERRAIN: Chunk created successfully: (-5.0, 11.0) at world pos (-160.0, 0.0, 352.0) (total chunks: 460)
[14:50:51] TERRAIN: Creating chunk: (11.0, -5.0) at distance 12.08
[14:50:51] TERRAIN: Chunk (11.0, -5.0): TRIMESH collision created successfully (distance: 12.08, vertices: 8)
[14:50:51] TERRAIN: Chunk created successfully: (11.0, -5.0) at world pos (352.0, 0.0, -160.0) (total chunks: 461)
[14:50:51] TERRAIN: Creating chunk: (11.0, 5.0) at distance 12.08
[14:50:51] TERRAIN: Chunk (11.0, 5.0): TRIMESH collision created successfully (distance: 12.08, vertices: 8)
[14:50:51] TERRAIN: Chunk created successfully: (11.0, 5.0) at world pos (352.0, 0.0, 160.0) (total chunks: 462)
[14:50:51] TERRAIN: Creating chunk: (5.0, 11.0) at distance 12.08
[14:50:51] TERRAIN: Chunk (5.0, 11.0): TRIMESH collision created successfully (distance: 12.08, vertices: 8)
[14:50:51] TERRAIN: Chunk created successfully: (5.0, 11.0) at world pos (160.0, 0.0, 352.0) (total chunks: 463)
[14:50:51] TERRAIN: Creating chunk: (-11.0, -5.0) at distance 12.08
[14:50:51] TERRAIN: Chunk (-11.0, -5.0): TRIMESH collision created successfully (distance: 12.08, vertices: 8)
[14:50:51] TERRAIN: Chunk created successfully: (-11.0, -5.0) at world pos (-352.0, 0.0, -160.0) (total chunks: 464)
[14:50:51] TERRAIN: Creating chunk: (-11.0, 5.0) at distance 12.08
[14:50:51] TERRAIN: Chunk (-11.0, 5.0): TRIMESH collision created successfully (distance: 12.08, vertices: 8)
[14:50:51] TERRAIN: Chunk created successfully: (-11.0, 5.0) at world pos (-352.0, 0.0, 160.0) (total chunks: 465)
[14:50:51] TERRAIN: Creating chunk: (12.0, 2.0) at distance 12.17
[14:50:51] TERRAIN: Chunk (12.0, 2.0): TRIMESH collision created successfully (distance: 12.17, vertices: 8)
[14:50:51] TERRAIN: Chunk created successfully: (12.0, 2.0) at world pos (384.0, 0.0, 64.0) (total chunks: 466)
[14:50:51] TERRAIN: Creating chunk: (2.0, 12.0) at distance 12.17
[14:50:51] TERRAIN: Chunk (2.0, 12.0): TRIMESH collision created successfully (distance: 12.17, vertices: 8)
[14:50:51] TERRAIN: Chunk created successfully: (2.0, 12.0) at world pos (64.0, 0.0, 384.0) (total chunks: 467)
[14:50:51] TERRAIN: Creating chunk: (-2.0, 12.0) at distance 12.17
[14:50:51] TERRAIN: Chunk (-2.0, 12.0): TRIMESH collision created successfully (distance: 12.17, vertices: 8)
[14:50:51] TERRAIN: Chunk created successfully: (-2.0, 12.0) at world pos (-64.0, 0.0, 384.0) (total chunks: 468)
[14:50:51] TERRAIN: Creating chunk: (-12.0, 2.0) at distance 12.17
[14:50:51] TERRAIN: Chunk (-12.0, 2.0): TRIMESH collision created successfully (distance: 12.17, vertices: 8)
[14:50:51] TERRAIN: Chunk created successfully: (-12.0, 2.0) at world pos (-384.0, 0.0, 64.0) (total chunks: 469)
[14:50:51] TERRAIN: Creating chunk: (-12.0, -2.0) at distance 12.17
[14:50:51] TERRAIN: Chunk (-12.0, -2.0): TRIMESH collision created successfully (distance: 12.17, vertices: 8)
[14:50:51] TERRAIN: Chunk created successfully: (-12.0, -2.0) at world pos (-384.0, 0.0, -64.0) (total chunks: 470)
[14:50:51] TERRAIN: Creating chunk: (12.0, -2.0) at distance 12.17
[14:50:51] TERRAIN: Chunk (12.0, -2.0): TRIMESH collision created successfully (distance: 12.17, vertices: 8)
[14:50:51] TERRAIN: Chunk created successfully: (12.0, -2.0) at world pos (384.0, 0.0, -64.0) (total chunks: 471)
[14:50:51] TERRAIN: Creating chunk: (2.0, -12.0) at distance 12.17
[14:50:51] TERRAIN: Chunk (2.0, -12.0): TRIMESH collision created successfully (distance: 12.17, vertices: 8)
[14:50:51] TERRAIN: Chunk created successfully: (2.0, -12.0) at world pos (64.0, 0.0, -384.0) (total chunks: 472)
[14:50:51] TERRAIN: Creating chunk: (-2.0, -12.0) at distance 12.17
[14:50:51] TERRAIN: Chunk (-2.0, -12.0): TRIMESH collision created successfully (distance: 12.17, vertices: 8)
[14:50:51] TERRAIN: Chunk created successfully: (-2.0, -12.0) at world pos (-64.0, 0.0, -384.0) (total chunks: 473)
[14:50:51] TERRAIN: Creating chunk: (10.0, -7.0) at distance 12.21
[14:50:51] TERRAIN: Chunk (10.0, -7.0): TRIMESH collision created successfully (distance: 12.21, vertices: 8)
[14:50:51] TERRAIN: Chunk created successfully: (10.0, -7.0) at world pos (320.0, 0.0, -224.0) (total chunks: 474)
[14:50:51] TERRAIN: Creating chunk: (7.0, 10.0) at distance 12.21
[14:50:51] TERRAIN: Chunk (7.0, 10.0): TRIMESH collision created successfully (distance: 12.21, vertices: 8)
[14:50:51] TERRAIN: Chunk created successfully: (7.0, 10.0) at world pos (224.0, 0.0, 320.0) (total chunks: 475)
[14:50:51] TERRAIN: Creating chunk: (10.0, 7.0) at distance 12.21
[14:50:51] TERRAIN: Chunk (10.0, 7.0): TRIMESH collision created successfully (distance: 12.21, vertices: 8)
[14:50:51] TERRAIN: Chunk created successfully: (10.0, 7.0) at world pos (320.0, 0.0, 224.0) (total chunks: 476)
[14:50:51] TERRAIN: Creating chunk: (7.0, -10.0) at distance 12.21
[14:50:51] TERRAIN: Chunk (7.0, -10.0): TRIMESH collision created successfully (distance: 12.21, vertices: 8)
[14:50:51] TERRAIN: Chunk created successfully: (7.0, -10.0) at world pos (224.0, 0.0, -320.0) (total chunks: 477)
[14:50:51] TERRAIN: Creating chunk: (-7.0, -10.0) at distance 12.21
[14:50:51] TERRAIN: Chunk (-7.0, -10.0): TRIMESH collision created successfully (distance: 12.21, vertices: 8)
[14:50:51] TERRAIN: Chunk created successfully: (-7.0, -10.0) at world pos (-224.0, 0.0, -320.0) (total chunks: 478)
[14:50:51] TERRAIN: Creating chunk: (-7.0, 10.0) at distance 12.21
[14:50:51] TERRAIN: Chunk (-7.0, 10.0): TRIMESH collision created successfully (distance: 12.21, vertices: 8)
[14:50:51] TERRAIN: Chunk created successfully: (-7.0, 10.0) at world pos (-224.0, 0.0, 320.0) (total chunks: 479)
[14:50:51] TERRAIN: Creating chunk: (-10.0, 7.0) at distance 12.21
[14:50:51] TERRAIN: Chunk (-10.0, 7.0): TRIMESH collision created successfully (distance: 12.21, vertices: 8)
[14:50:51] TERRAIN: Chunk created successfully: (-10.0, 7.0) at world pos (-320.0, 0.0, 224.0) (total chunks: 480)
[14:50:51] TERRAIN: Creating chunk: (-10.0, -7.0) at distance 12.21
[14:50:51] TERRAIN: Chunk (-10.0, -7.0): TRIMESH collision created successfully (distance: 12.21, vertices: 8)
[14:50:51] TERRAIN: Chunk created successfully: (-10.0, -7.0) at world pos (-320.0, 0.0, -224.0) (total chunks: 481)
[14:50:51] TERRAIN: Creating chunk: (12.0, -3.0) at distance 12.37
[14:50:51] TERRAIN: Chunk (12.0, -3.0): TRIMESH collision created successfully (distance: 12.37, vertices: 8)
[14:50:51] TERRAIN: Chunk created successfully: (12.0, -3.0) at world pos (384.0, 0.0, -96.0) (total chunks: 482)
[14:50:51] TERRAIN: Creating chunk: (-3.0, 12.0) at distance 12.37
[14:50:51] TERRAIN: Chunk (-3.0, 12.0): TRIMESH collision created successfully (distance: 12.37, vertices: 8)
[14:50:51] TERRAIN: Chunk created successfully: (-3.0, 12.0) at world pos (-96.0, 0.0, 384.0) (total chunks: 483)
[14:50:51] TERRAIN: Creating chunk: (12.0, 3.0) at distance 12.37
[14:50:51] TERRAIN: Chunk (12.0, 3.0): TRIMESH collision created successfully (distance: 12.37, vertices: 8)
[14:50:51] TERRAIN: Chunk created successfully: (12.0, 3.0) at world pos (384.0, 0.0, 96.0) (total chunks: 484)
[14:50:51] TERRAIN: Creating chunk: (-3.0, -12.0) at distance 12.37
[14:50:51] TERRAIN: Chunk (-3.0, -12.0): TRIMESH collision created successfully (distance: 12.37, vertices: 8)
[14:50:51] TERRAIN: Chunk created successfully: (-3.0, -12.0) at world pos (-96.0, 0.0, -384.0) (total chunks: 485)
[14:50:51] TERRAIN: Creating chunk: (-12.0, 3.0) at distance 12.37
[14:50:51] TERRAIN: Chunk (-12.0, 3.0): TRIMESH collision created successfully (distance: 12.37, vertices: 8)
[14:50:51] TERRAIN: Chunk created successfully: (-12.0, 3.0) at world pos (-384.0, 0.0, 96.0) (total chunks: 486)
[14:50:51] TERRAIN: Creating chunk: (3.0, -12.0) at distance 12.37
[14:50:51] TERRAIN: Chunk (3.0, -12.0): TRIMESH collision created successfully (distance: 12.37, vertices: 8)
[14:50:51] TERRAIN: Chunk created successfully: (3.0, -12.0) at world pos (96.0, 0.0, -384.0) (total chunks: 487)
[14:50:51] TERRAIN: Creating chunk: (3.0, 12.0) at distance 12.37
[14:50:51] TERRAIN: Chunk (3.0, 12.0): TRIMESH collision created successfully (distance: 12.37, vertices: 8)
[14:50:51] TERRAIN: Chunk created successfully: (3.0, 12.0) at world pos (96.0, 0.0, 384.0) (total chunks: 488)
[14:50:51] TERRAIN: Creating chunk: (-12.0, -3.0) at distance 12.37
[14:50:51] TERRAIN: Chunk (-12.0, -3.0): TRIMESH collision created successfully (distance: 12.37, vertices: 8)
[14:50:51] TERRAIN: Chunk created successfully: (-12.0, -3.0) at world pos (-384.0, 0.0, -96.0) (total chunks: 489)
[14:50:51] TERRAIN: Creating chunk: (-11.0, 6.0) at distance 12.53
[14:50:51] TERRAIN: Chunk (-11.0, 6.0): TRIMESH collision created successfully (distance: 12.53, vertices: 8)
[14:50:51] TERRAIN: Chunk created successfully: (-11.0, 6.0) at world pos (-352.0, 0.0, 192.0) (total chunks: 490)
[14:50:51] TERRAIN: Creating chunk: (-6.0, -11.0) at distance 12.53
[14:50:51] TERRAIN: Chunk (-6.0, -11.0): TRIMESH collision created successfully (distance: 12.53, vertices: 8)
[14:50:51] TERRAIN: Chunk created successfully: (-6.0, -11.0) at world pos (-192.0, 0.0, -352.0) (total chunks: 491)
[14:50:51] TERRAIN: Creating chunk: (-11.0, -6.0) at distance 12.53
[14:50:51] TERRAIN: Chunk (-11.0, -6.0): TRIMESH collision created successfully (distance: 12.53, vertices: 8)
[14:50:51] TERRAIN: Chunk created successfully: (-11.0, -6.0) at world pos (-352.0, 0.0, -192.0) (total chunks: 492)
[14:50:51] TERRAIN: Creating chunk: (-6.0, 11.0) at distance 12.53
[14:50:51] TERRAIN: Chunk (-6.0, 11.0): TRIMESH collision created successfully (distance: 12.53, vertices: 8)
[14:50:51] TERRAIN: Chunk created successfully: (-6.0, 11.0) at world pos (-192.0, 0.0, 352.0) (total chunks: 493)
[14:50:51] TERRAIN: Creating chunk: (6.0, -11.0) at distance 12.53
[14:50:51] TERRAIN: Chunk (6.0, -11.0): TRIMESH collision created successfully (distance: 12.53, vertices: 8)
[14:50:51] TERRAIN: Chunk created successfully: (6.0, -11.0) at world pos (192.0, 0.0, -352.0) (total chunks: 494)
[14:50:51] TERRAIN: Creating chunk: (6.0, 11.0) at distance 12.53
[14:50:51] TERRAIN: Chunk (6.0, 11.0): TRIMESH collision created successfully (distance: 12.53, vertices: 8)
[14:50:51] TERRAIN: Chunk created successfully: (6.0, 11.0) at world pos (192.0, 0.0, 352.0) (total chunks: 495)
[14:50:51] TERRAIN: Creating chunk: (11.0, 6.0) at distance 12.53
[14:50:51] TERRAIN: Chunk (11.0, 6.0): TRIMESH collision created successfully (distance: 12.53, vertices: 8)
[14:50:51] TERRAIN: Chunk created successfully: (11.0, 6.0) at world pos (352.0, 0.0, 192.0) (total chunks: 496)
[14:50:51] TERRAIN: Creating chunk: (11.0, -6.0) at distance 12.53
[14:50:51] TERRAIN: Chunk (11.0, -6.0): TRIMESH collision created successfully (distance: 12.53, vertices: 8)
[14:50:51] TERRAIN: Chunk created successfully: (11.0, -6.0) at world pos (352.0, 0.0, -192.0) (total chunks: 497)
[14:50:51] TERRAIN: Creating chunk: (12.0, -4.0) at distance 12.65
[14:50:51] TERRAIN: Chunk (12.0, -4.0): TRIMESH collision created successfully (distance: 12.65, vertices: 8)
[14:50:51] TERRAIN: Chunk created successfully: (12.0, -4.0) at world pos (384.0, 0.0, -128.0) (total chunks: 498)
[14:50:51] TERRAIN: Creating chunk: (4.0, 12.0) at distance 12.65
[14:50:51] TERRAIN: Chunk (4.0, 12.0): TRIMESH collision created successfully (distance: 12.65, vertices: 8)
[14:50:51] TERRAIN: Chunk created successfully: (4.0, 12.0) at world pos (128.0, 0.0, 384.0) (total chunks: 499)
[14:50:51] TERRAIN: Creating chunk: (-12.0, 4.0) at distance 12.65
[14:50:51] TERRAIN: Chunk (-12.0, 4.0): TRIMESH collision created successfully (distance: 12.65, vertices: 8)
[14:50:51] TERRAIN: Chunk created successfully: (-12.0, 4.0) at world pos (-384.0, 0.0, 128.0) (total chunks: 500)
[14:50:51] TERRAIN: Creating chunk: (-4.0, 12.0) at distance 12.65
[14:50:51] TERRAIN: Chunk (-4.0, 12.0): TRIMESH collision created successfully (distance: 12.65, vertices: 8)
[14:50:51] TERRAIN: Chunk created successfully: (-4.0, 12.0) at world pos (-128.0, 0.0, 384.0) (total chunks: 501)
[14:50:51] TERRAIN: Creating chunk: (4.0, -12.0) at distance 12.65
[14:50:51] TERRAIN: Chunk (4.0, -12.0): TRIMESH collision created successfully (distance: 12.65, vertices: 8)
[14:50:51] TERRAIN: Chunk created successfully: (4.0, -12.0) at world pos (128.0, 0.0, -384.0) (total chunks: 502)
[14:50:51] TERRAIN: Creating chunk: (-4.0, -12.0) at distance 12.65
[14:50:51] TERRAIN: Chunk (-4.0, -12.0): TRIMESH collision created successfully (distance: 12.65, vertices: 8)
[14:50:51] TERRAIN: Chunk created successfully: (-4.0, -12.0) at world pos (-128.0, 0.0, -384.0) (total chunks: 503)
[14:50:51] TERRAIN: Creating chunk: (-12.0, -4.0) at distance 12.65
[14:50:51] TERRAIN: Chunk (-12.0, -4.0): TRIMESH collision created successfully (distance: 12.65, vertices: 8)
[14:50:51] TERRAIN: Chunk created successfully: (-12.0, -4.0) at world pos (-384.0, 0.0, -128.0) (total chunks: 504)
[14:50:51] TERRAIN: Creating chunk: (12.0, 4.0) at distance 12.65
[14:50:51] TERRAIN: Chunk (12.0, 4.0): TRIMESH collision created successfully (distance: 12.65, vertices: 8)
[14:50:51] TERRAIN: Chunk created successfully: (12.0, 4.0) at world pos (384.0, 0.0, 128.0) (total chunks: 505)
[14:50:51] TERRAIN: Creating chunk: (9.0, -9.0) at distance 12.73
[14:50:51] TERRAIN: Chunk (9.0, -9.0): TRIMESH collision created successfully (distance: 12.73, vertices: 8)
[14:50:51] TERRAIN: Chunk created successfully: (9.0, -9.0) at world pos (288.0, 0.0, -288.0) (total chunks: 506)
[14:50:51] TERRAIN: Creating chunk: (9.0, 9.0) at distance 12.73
[14:50:51] TERRAIN: Chunk (9.0, 9.0): TRIMESH collision created successfully (distance: 12.73, vertices: 8)
[14:50:51] TERRAIN: Chunk created successfully: (9.0, 9.0) at world pos (288.0, 0.0, 288.0) (total chunks: 507)
[14:50:51] TERRAIN: Creating chunk: (-9.0, 9.0) at distance 12.73
[14:50:51] TERRAIN: Chunk (-9.0, 9.0): TRIMESH collision created successfully (distance: 12.73, vertices: 8)
[14:50:51] TERRAIN: Chunk created successfully: (-9.0, 9.0) at world pos (-288.0, 0.0, 288.0) (total chunks: 508)
[14:50:51] TERRAIN: Creating chunk: (-9.0, -9.0) at distance 12.73
[14:50:51] TERRAIN: Chunk (-9.0, -9.0): TRIMESH collision created successfully (distance: 12.73, vertices: 8)
[14:50:51] TERRAIN: Chunk created successfully: (-9.0, -9.0) at world pos (-288.0, 0.0, -288.0) (total chunks: 509)
[14:50:51] TERRAIN: Creating chunk: (10.0, -8.0) at distance 12.81
[14:50:51] TERRAIN: Chunk (10.0, -8.0): TRIMESH collision created successfully (distance: 12.81, vertices: 8)
[14:50:51] TERRAIN: Chunk created successfully: (10.0, -8.0) at world pos (320.0, 0.0, -256.0) (total chunks: 510)
[14:50:51] TERRAIN: Creating chunk: (-8.0, 10.0) at distance 12.81
[14:50:51] TERRAIN: Chunk (-8.0, 10.0): TRIMESH collision created successfully (distance: 12.81, vertices: 8)
[14:50:51] TERRAIN: Chunk created successfully: (-8.0, 10.0) at world pos (-256.0, 0.0, 320.0) (total chunks: 511)
[14:50:51] TERRAIN: Creating chunk: (-8.0, -10.0) at distance 12.81
[14:50:51] TERRAIN: Chunk (-8.0, -10.0): TRIMESH collision created successfully (distance: 12.81, vertices: 8)
[14:50:51] TERRAIN: Chunk created successfully: (-8.0, -10.0) at world pos (-256.0, 0.0, -320.0) (total chunks: 512)
[14:50:51] TERRAIN: Creating chunk: (-10.0, 8.0) at distance 12.81
[14:50:51] TERRAIN: Chunk (-10.0, 8.0): TRIMESH collision created successfully (distance: 12.81, vertices: 8)
[14:50:51] TERRAIN: Chunk created successfully: (-10.0, 8.0) at world pos (-320.0, 0.0, 256.0) (total chunks: 513)
[14:50:51] TERRAIN: Creating chunk: (-10.0, -8.0) at distance 12.81
[14:50:51] TERRAIN: Chunk (-10.0, -8.0): TRIMESH collision created successfully (distance: 12.81, vertices: 8)
[14:50:51] TERRAIN: Chunk created successfully: (-10.0, -8.0) at world pos (-320.0, 0.0, -256.0) (total chunks: 514)
[14:50:51] TERRAIN: Creating chunk: (10.0, 8.0) at distance 12.81
[14:50:51] TERRAIN: Chunk (10.0, 8.0): TRIMESH collision created successfully (distance: 12.81, vertices: 8)
[14:50:51] TERRAIN: Chunk created successfully: (10.0, 8.0) at world pos (320.0, 0.0, 256.0) (total chunks: 515)
[14:50:51] TERRAIN: Creating chunk: (8.0, -10.0) at distance 12.81
[14:50:51] TERRAIN: Chunk (8.0, -10.0): TRIMESH collision created successfully (distance: 12.81, vertices: 8)
[14:50:51] TERRAIN: Chunk created successfully: (8.0, -10.0) at world pos (256.0, 0.0, -320.0) (total chunks: 516)
[14:50:51] TERRAIN: Creating chunk: (8.0, 10.0) at distance 12.81
[14:50:51] TERRAIN: Chunk (8.0, 10.0): TRIMESH collision created successfully (distance: 12.81, vertices: 8)
[14:50:51] TERRAIN: Chunk created successfully: (8.0, 10.0) at world pos (256.0, 0.0, 320.0) (total chunks: 517)
[14:50:51] TERRAIN: Creating chunk: (-12.0, 5.0) at distance 13.00
[14:50:51] TERRAIN: Chunk (-12.0, 5.0): TRIMESH collision created successfully (distance: 13.00, vertices: 8)
[14:50:51] TERRAIN: Chunk created successfully: (-12.0, 5.0) at world pos (-384.0, 0.0, 160.0) (total chunks: 518)
[14:50:51] TERRAIN: Creating chunk: (-12.0, -5.0) at distance 13.00
[14:50:51] TERRAIN: Chunk (-12.0, -5.0): TRIMESH collision created successfully (distance: 13.00, vertices: 8)
[14:50:51] TERRAIN: Chunk created successfully: (-12.0, -5.0) at world pos (-384.0, 0.0, -160.0) (total chunks: 519)
[14:50:51] TERRAIN: Creating chunk: (-13.0, 0.0) at distance 13.00
[14:50:51] TERRAIN: Chunk (-13.0, 0.0): TRIMESH collision created successfully (distance: 13.00, vertices: 8)
[14:50:51] TERRAIN: Chunk created successfully: (-13.0, 0.0) at world pos (-416.0, 0.0, 0.0) (total chunks: 520)
[14:50:51] TERRAIN: Creating chunk: (12.0, 5.0) at distance 13.00
[14:50:51] TERRAIN: Chunk (12.0, 5.0): TRIMESH collision created successfully (distance: 13.00, vertices: 8)
[14:50:51] TERRAIN: Chunk created successfully: (12.0, 5.0) at world pos (384.0, 0.0, 160.0) (total chunks: 521)
[14:50:51] TERRAIN: Creating chunk: (13.0, 0.0) at distance 13.00
[14:50:51] TERRAIN: Chunk (13.0, 0.0): TRIMESH collision created successfully (distance: 13.00, vertices: 8)
[14:50:51] TERRAIN: Chunk created successfully: (13.0, 0.0) at world pos (416.0, 0.0, 0.0) (total chunks: 522)
[14:50:51] TERRAIN: Creating chunk: (-5.0, -12.0) at distance 13.00
[14:50:51] TERRAIN: Chunk (-5.0, -12.0): TRIMESH collision created successfully (distance: 13.00, vertices: 8)
[14:50:51] TERRAIN: Chunk created successfully: (-5.0, -12.0) at world pos (-160.0, 0.0, -384.0) (total chunks: 523)
[14:50:51] TERRAIN: Creating chunk: (-5.0, 12.0) at distance 13.00
[14:50:51] TERRAIN: Chunk (-5.0, 12.0): TRIMESH collision created successfully (distance: 13.00, vertices: 8)
[14:50:51] TERRAIN: Chunk created successfully: (-5.0, 12.0) at world pos (-160.0, 0.0, 384.0) (total chunks: 524)
[14:50:51] TERRAIN: Creating chunk: (12.0, -5.0) at distance 13.00
[14:50:51] TERRAIN: Chunk (12.0, -5.0): TRIMESH collision created successfully (distance: 13.00, vertices: 8)
[14:50:51] TERRAIN: Chunk created successfully: (12.0, -5.0) at world pos (384.0, 0.0, -160.0) (total chunks: 525)
[14:50:51] TERRAIN: Creating chunk: (5.0, 12.0) at distance 13.00
[14:50:51] TERRAIN: Chunk (5.0, 12.0): TRIMESH collision created successfully (distance: 13.00, vertices: 8)
[14:50:51] TERRAIN: Chunk created successfully: (5.0, 12.0) at world pos (160.0, 0.0, 384.0) (total chunks: 526)
[14:50:51] TERRAIN: Creating chunk: (0.0, 13.0) at distance 13.00
[14:50:51] TERRAIN: Chunk (0.0, 13.0): TRIMESH collision created successfully (distance: 13.00, vertices: 8)
[14:50:51] TERRAIN: Chunk created successfully: (0.0, 13.0) at world pos (0.0, 0.0, 416.0) (total chunks: 527)
[14:50:51] TERRAIN: Creating chunk: (0.0, -13.0) at distance 13.00
[14:50:51] TERRAIN: Chunk (0.0, -13.0): TRIMESH collision created successfully (distance: 13.00, vertices: 8)
[14:50:51] TERRAIN: Chunk created successfully: (0.0, -13.0) at world pos (0.0, 0.0, -416.0) (total chunks: 528)
[14:50:51] TERRAIN: Creating chunk: (5.0, -12.0) at distance 13.00
[14:50:51] TERRAIN: Chunk (5.0, -12.0): TRIMESH collision created successfully (distance: 13.00, vertices: 8)
[14:50:51] TERRAIN: Chunk created successfully: (5.0, -12.0) at world pos (160.0, 0.0, -384.0) (total chunks: 529)
[14:50:51] TERRAIN: Creating chunk: (-11.0, 7.0) at distance 13.04
[14:50:51] TERRAIN: Chunk (-11.0, 7.0): TRIMESH collision created successfully (distance: 13.04, vertices: 8)
[14:50:51] TERRAIN: Chunk created successfully: (-11.0, 7.0) at world pos (-352.0, 0.0, 224.0) (total chunks: 530)
[14:50:51] TERRAIN: Creating chunk: (-13.0, -1.0) at distance 13.04
[14:50:51] TERRAIN: Chunk (-13.0, -1.0): TRIMESH collision created successfully (distance: 13.04, vertices: 8)
[14:50:51] TERRAIN: Chunk created successfully: (-13.0, -1.0) at world pos (-416.0, 0.0, -32.0) (total chunks: 531)
[14:50:51] TERRAIN: Creating chunk: (-11.0, -7.0) at distance 13.04
[14:50:51] TERRAIN: Chunk (-11.0, -7.0): TRIMESH collision created successfully (distance: 13.04, vertices: 8)
[14:50:51] TERRAIN: Chunk created successfully: (-11.0, -7.0) at world pos (-352.0, 0.0, -224.0) (total chunks: 532)
[14:50:51] TERRAIN: Creating chunk: (7.0, -11.0) at distance 13.04
[14:50:51] TERRAIN: Chunk (7.0, -11.0): TRIMESH collision created successfully (distance: 13.04, vertices: 8)
[14:50:51] TERRAIN: Chunk created successfully: (7.0, -11.0) at world pos (224.0, 0.0, -352.0) (total chunks: 533)
[14:50:51] TERRAIN: Creating chunk: (1.0, 13.0) at distance 13.04
[14:50:51] TERRAIN: Chunk (1.0, 13.0): TRIMESH collision created successfully (distance: 13.04, vertices: 8)
[14:50:51] TERRAIN: Chunk created successfully: (1.0, 13.0) at world pos (32.0, 0.0, 416.0) (total chunks: 534)
[14:50:51] TERRAIN: Creating chunk: (13.0, 1.0) at distance 13.04
[14:50:51] TERRAIN: Chunk (13.0, 1.0): TRIMESH collision created successfully (distance: 13.04, vertices: 8)
[14:50:51] TERRAIN: Chunk created successfully: (13.0, 1.0) at world pos (416.0, 0.0, 32.0) (total chunks: 535)
[14:50:51] TERRAIN: Creating chunk: (1.0, -13.0) at distance 13.04
[14:50:51] TERRAIN: Chunk (1.0, -13.0): TRIMESH collision created successfully (distance: 13.04, vertices: 8)
[14:50:51] TERRAIN: Chunk created successfully: (1.0, -13.0) at world pos (32.0, 0.0, -416.0) (total chunks: 536)
[14:50:51] TERRAIN: Creating chunk: (7.0, 11.0) at distance 13.04
[14:50:51] TERRAIN: Chunk (7.0, 11.0): TRIMESH collision created successfully (distance: 13.04, vertices: 8)
[14:50:51] TERRAIN: Chunk created successfully: (7.0, 11.0) at world pos (224.0, 0.0, 352.0) (total chunks: 537)
[14:50:51] TERRAIN: Creating chunk: (-7.0, -11.0) at distance 13.04
[14:50:51] TERRAIN: Chunk (-7.0, -11.0): TRIMESH collision created successfully (distance: 13.04, vertices: 8)
[14:50:51] TERRAIN: Chunk created successfully: (-7.0, -11.0) at world pos (-224.0, 0.0, -352.0) (total chunks: 538)
[14:50:51] TERRAIN: Creating chunk: (-7.0, 11.0) at distance 13.04
[14:50:51] TERRAIN: Chunk (-7.0, 11.0): TRIMESH collision created successfully (distance: 13.04, vertices: 8)
[14:50:51] TERRAIN: Chunk created successfully: (-7.0, 11.0) at world pos (-224.0, 0.0, 352.0) (total chunks: 539)
[14:50:51] TERRAIN: Creating chunk: (11.0, 7.0) at distance 13.04
[14:50:51] TERRAIN: Chunk (11.0, 7.0): TRIMESH collision created successfully (distance: 13.04, vertices: 8)
[14:50:51] TERRAIN: Chunk created successfully: (11.0, 7.0) at world pos (352.0, 0.0, 224.0) (total chunks: 540)
[14:50:51] TERRAIN: Creating chunk: (-13.0, 1.0) at distance 13.04
[14:50:51] TERRAIN: Chunk (-13.0, 1.0): TRIMESH collision created successfully (distance: 13.04, vertices: 8)
[14:50:51] TERRAIN: Chunk created successfully: (-13.0, 1.0) at world pos (-416.0, 0.0, 32.0) (total chunks: 541)
[14:50:51] TERRAIN: Creating chunk: (-1.0, 13.0) at distance 13.04
[14:50:51] TERRAIN: Chunk (-1.0, 13.0): TRIMESH collision created successfully (distance: 13.04, vertices: 8)
[14:50:51] TERRAIN: Chunk created successfully: (-1.0, 13.0) at world pos (-32.0, 0.0, 416.0) (total chunks: 542)
[14:50:51] TERRAIN: Creating chunk: (-1.0, -13.0) at distance 13.04
[14:50:51] TERRAIN: Chunk (-1.0, -13.0): TRIMESH collision created successfully (distance: 13.04, vertices: 8)
[14:50:51] TERRAIN: Chunk created successfully: (-1.0, -13.0) at world pos (-32.0, 0.0, -416.0) (total chunks: 543)
[14:50:51] TERRAIN: Creating chunk: (11.0, -7.0) at distance 13.04
[14:50:51] TERRAIN: Chunk (11.0, -7.0): TRIMESH collision created successfully (distance: 13.04, vertices: 8)
[14:50:51] TERRAIN: Chunk created successfully: (11.0, -7.0) at world pos (352.0, 0.0, -224.0) (total chunks: 544)
[14:50:51] TERRAIN: Creating chunk: (13.0, -1.0) at distance 13.04
[14:50:51] TERRAIN: Chunk (13.0, -1.0): TRIMESH collision created successfully (distance: 13.04, vertices: 8)
[14:50:51] TERRAIN: Chunk created successfully: (13.0, -1.0) at world pos (416.0, 0.0, -32.0) (total chunks: 545)
[14:50:51] TERRAIN: Creating chunk: (-13.0, 2.0) at distance 13.15
[14:50:51] TERRAIN: Chunk (-13.0, 2.0): TRIMESH collision created successfully (distance: 13.15, vertices: 8)
[14:50:51] TERRAIN: Chunk created successfully: (-13.0, 2.0) at world pos (-416.0, 0.0, 64.0) (total chunks: 546)
[14:50:51] TERRAIN: Creating chunk: (2.0, 13.0) at distance 13.15
[14:50:51] TERRAIN: Chunk (2.0, 13.0): TRIMESH collision created successfully (distance: 13.15, vertices: 8)
[14:50:51] TERRAIN: Chunk created successfully: (2.0, 13.0) at world pos (64.0, 0.0, 416.0) (total chunks: 547)
[14:50:51] TERRAIN: Creating chunk: (2.0, -13.0) at distance 13.15
[14:50:51] TERRAIN: Chunk (2.0, -13.0): TRIMESH collision created successfully (distance: 13.15, vertices: 8)
[14:50:51] TERRAIN: Chunk created successfully: (2.0, -13.0) at world pos (64.0, 0.0, -416.0) (total chunks: 548)
[14:50:51] TERRAIN: Creating chunk: (13.0, 2.0) at distance 13.15
[14:50:51] TERRAIN: Chunk (13.0, 2.0): TRIMESH collision created successfully (distance: 13.15, vertices: 8)
[14:50:51] TERRAIN: Chunk created successfully: (13.0, 2.0) at world pos (416.0, 0.0, 64.0) (total chunks: 549)
[14:50:51] TERRAIN: Creating chunk: (-13.0, -2.0) at distance 13.15
[14:50:51] TERRAIN: Chunk (-13.0, -2.0): TRIMESH collision created successfully (distance: 13.15, vertices: 8)
[14:50:51] TERRAIN: Chunk created successfully: (-13.0, -2.0) at world pos (-416.0, 0.0, -64.0) (total chunks: 550)
[14:50:51] TERRAIN: Creating chunk: (13.0, -2.0) at distance 13.15
[14:50:51] TERRAIN: Chunk (13.0, -2.0): TRIMESH collision created successfully (distance: 13.15, vertices: 8)
[14:50:51] TERRAIN: Chunk created successfully: (13.0, -2.0) at world pos (416.0, 0.0, -64.0) (total chunks: 551)
[14:50:51] TERRAIN: Creating chunk: (-2.0, 13.0) at distance 13.15
[14:50:51] TERRAIN: Chunk (-2.0, 13.0): TRIMESH collision created successfully (distance: 13.15, vertices: 8)
[14:50:51] TERRAIN: Chunk created successfully: (-2.0, 13.0) at world pos (-64.0, 0.0, 416.0) (total chunks: 552)
[14:50:51] PLAYER: Pos: (0.0, 0.000187, 0.0) | Chunk: (0.0, 0.0) | TerrainHeight: 0.00 | HeightDiff: 0.00 | OnFloor: true
[14:50:51] TERRAIN: Creating chunk: (-2.0, -13.0) at distance 13.15
[14:50:51] TERRAIN: Chunk (-2.0, -13.0): TRIMESH collision created successfully (distance: 13.15, vertices: 8)
[14:50:51] TERRAIN: Chunk created successfully: (-2.0, -13.0) at world pos (-64.0, 0.0, -416.0) (total chunks: 553)
[14:50:51] TERRAIN: Creating chunk: (3.0, -13.0) at distance 13.34
[14:50:51] TERRAIN: Chunk (3.0, -13.0): TRIMESH collision created successfully (distance: 13.34, vertices: 8)
[14:50:51] TERRAIN: Chunk created successfully: (3.0, -13.0) at world pos (96.0, 0.0, -416.0) (total chunks: 554)
[14:50:51] TERRAIN: Creating chunk: (-13.0, -3.0) at distance 13.34
[14:50:51] TERRAIN: Chunk (-13.0, -3.0): TRIMESH collision created successfully (distance: 13.34, vertices: 8)
[14:50:51] TERRAIN: Chunk created successfully: (-13.0, -3.0) at world pos (-416.0, 0.0, -96.0) (total chunks: 555)
[14:50:51] TERRAIN: Creating chunk: (3.0, 13.0) at distance 13.34
[14:50:51] TERRAIN: Chunk (3.0, 13.0): TRIMESH collision created successfully (distance: 13.34, vertices: 8)
[14:50:51] TERRAIN: Chunk created successfully: (3.0, 13.0) at world pos (96.0, 0.0, 416.0) (total chunks: 556)
[14:50:51] TERRAIN: Creating chunk: (-13.0, 3.0) at distance 13.34
[14:50:51] TERRAIN: Chunk (-13.0, 3.0): TRIMESH collision created successfully (distance: 13.34, vertices: 8)
[14:50:51] TERRAIN: Chunk created successfully: (-13.0, 3.0) at world pos (-416.0, 0.0, 96.0) (total chunks: 557)
[14:50:51] TERRAIN: Creating chunk: (13.0, 3.0) at distance 13.34
[14:50:51] TERRAIN: Chunk (13.0, 3.0): TRIMESH collision created successfully (distance: 13.34, vertices: 8)
[14:50:51] TERRAIN: Chunk created successfully: (13.0, 3.0) at world pos (416.0, 0.0, 96.0) (total chunks: 558)
[14:50:51] TERRAIN: Creating chunk: (13.0, -3.0) at distance 13.34
[14:50:51] TERRAIN: Chunk (13.0, -3.0): TRIMESH collision created successfully (distance: 13.34, vertices: 8)
[14:50:51] TERRAIN: Chunk created successfully: (13.0, -3.0) at world pos (416.0, 0.0, -96.0) (total chunks: 559)
[14:50:51] TERRAIN: Creating chunk: (-3.0, -13.0) at distance 13.34
[14:50:51] TERRAIN: Chunk (-3.0, -13.0): TRIMESH collision created successfully (distance: 13.34, vertices: 8)
[14:50:51] TERRAIN: Chunk created successfully: (-3.0, -13.0) at world pos (-96.0, 0.0, -416.0) (total chunks: 560)
[14:50:51] TERRAIN: Creating chunk: (-3.0, 13.0) at distance 13.34
[14:50:51] TERRAIN: Chunk (-3.0, 13.0): TRIMESH collision created successfully (distance: 13.34, vertices: 8)
[14:50:51] TERRAIN: Chunk created successfully: (-3.0, 13.0) at world pos (-96.0, 0.0, 416.0) (total chunks: 561)
[14:50:51] TERRAIN: Creating chunk: (-12.0, -6.0) at distance 13.42
[14:50:51] TERRAIN: Chunk (-12.0, -6.0): TRIMESH collision created successfully (distance: 13.42, vertices: 8)
[14:50:51] TERRAIN: Chunk created successfully: (-12.0, -6.0) at world pos (-384.0, 0.0, -192.0) (total chunks: 562)
[14:50:51] TERRAIN: Creating chunk: (-12.0, 6.0) at distance 13.42
[14:50:51] TERRAIN: Chunk (-12.0, 6.0): TRIMESH collision created successfully (distance: 13.42, vertices: 8)
[14:50:51] TERRAIN: Chunk created successfully: (-12.0, 6.0) at world pos (-384.0, 0.0, 192.0) (total chunks: 563)
[14:50:51] TERRAIN: Creating chunk: (6.0, 12.0) at distance 13.42
[14:50:51] TERRAIN: Chunk (6.0, 12.0): TRIMESH collision created successfully (distance: 13.42, vertices: 8)
[14:50:51] TERRAIN: Chunk created successfully: (6.0, 12.0) at world pos (192.0, 0.0, 384.0) (total chunks: 564)
[14:50:51] TERRAIN: Creating chunk: (6.0, -12.0) at distance 13.42
[14:50:51] TERRAIN: Chunk (6.0, -12.0): TRIMESH collision created successfully (distance: 13.42, vertices: 8)
[14:50:51] TERRAIN: Chunk created successfully: (6.0, -12.0) at world pos (192.0, 0.0, -384.0) (total chunks: 565)
[14:50:51] TERRAIN: Creating chunk: (12.0, 6.0) at distance 13.42
[14:50:51] TERRAIN: Chunk (12.0, 6.0): TRIMESH collision created successfully (distance: 13.42, vertices: 8)
[14:50:51] TERRAIN: Chunk created successfully: (12.0, 6.0) at world pos (384.0, 0.0, 192.0) (total chunks: 566)
[14:50:51] TERRAIN: Creating chunk: (-6.0, -12.0) at distance 13.42
[14:50:51] TERRAIN: Chunk (-6.0, -12.0): TRIMESH collision created successfully (distance: 13.42, vertices: 8)
[14:50:51] TERRAIN: Chunk created successfully: (-6.0, -12.0) at world pos (-192.0, 0.0, -384.0) (total chunks: 567)
[14:50:51] TERRAIN: Creating chunk: (-6.0, 12.0) at distance 13.42
[14:50:51] TERRAIN: Chunk (-6.0, 12.0): TRIMESH collision created successfully (distance: 13.42, vertices: 8)
[14:50:51] TERRAIN: Chunk created successfully: (-6.0, 12.0) at world pos (-192.0, 0.0, 384.0) (total chunks: 568)
[14:50:51] TERRAIN: Creating chunk: (12.0, -6.0) at distance 13.42
[14:50:51] TERRAIN: Chunk (12.0, -6.0): TRIMESH collision created successfully (distance: 13.42, vertices: 8)
[14:50:51] TERRAIN: Chunk created successfully: (12.0, -6.0) at world pos (384.0, 0.0, -192.0) (total chunks: 569)
[14:50:51] TERRAIN: Creating chunk: (9.0, -10.0) at distance 13.45
[14:50:51] TERRAIN: Chunk (9.0, -10.0): TRIMESH collision created successfully (distance: 13.45, vertices: 8)
[14:50:51] TERRAIN: Chunk created successfully: (9.0, -10.0) at world pos (288.0, 0.0, -320.0) (total chunks: 570)
[14:50:51] TERRAIN: Creating chunk: (9.0, 10.0) at distance 13.45
[14:50:51] TERRAIN: Chunk (9.0, 10.0): TRIMESH collision created successfully (distance: 13.45, vertices: 8)
[14:50:51] TERRAIN: Chunk created successfully: (9.0, 10.0) at world pos (288.0, 0.0, 320.0) (total chunks: 571)
[14:50:51] TERRAIN: Creating chunk: (10.0, -9.0) at distance 13.45
[14:50:51] TERRAIN: Chunk (10.0, -9.0): TRIMESH collision created successfully (distance: 13.45, vertices: 8)
[14:50:51] TERRAIN: Chunk created successfully: (10.0, -9.0) at world pos (320.0, 0.0, -288.0) (total chunks: 572)
[14:50:51] TERRAIN: Creating chunk: (10.0, 9.0) at distance 13.45
[14:50:51] TERRAIN: Chunk (10.0, 9.0): TRIMESH collision created successfully (distance: 13.45, vertices: 8)
[14:50:51] TERRAIN: Chunk created successfully: (10.0, 9.0) at world pos (320.0, 0.0, 288.0) (total chunks: 573)
[14:50:51] TERRAIN: Creating chunk: (-9.0, 10.0) at distance 13.45
[14:50:51] TERRAIN: Chunk (-9.0, 10.0): TRIMESH collision created successfully (distance: 13.45, vertices: 8)
[14:50:51] TERRAIN: Chunk created successfully: (-9.0, 10.0) at world pos (-288.0, 0.0, 320.0) (total chunks: 574)
[14:50:51] TERRAIN: Creating chunk: (-9.0, -10.0) at distance 13.45
[14:50:51] TERRAIN: Chunk (-9.0, -10.0): TRIMESH collision created successfully (distance: 13.45, vertices: 8)
[14:50:51] TERRAIN: Chunk created successfully: (-9.0, -10.0) at world pos (-288.0, 0.0, -320.0) (total chunks: 575)
[14:50:51] TERRAIN: Creating chunk: (-10.0, 9.0) at distance 13.45
[14:50:51] TERRAIN: Chunk (-10.0, 9.0): TRIMESH collision created successfully (distance: 13.45, vertices: 8)
[14:50:51] TERRAIN: Chunk created successfully: (-10.0, 9.0) at world pos (-320.0, 0.0, 288.0) (total chunks: 576)
[14:50:51] TERRAIN: Creating chunk: (-10.0, -9.0) at distance 13.45
[14:50:51] TERRAIN: Chunk (-10.0, -9.0): TRIMESH collision created successfully (distance: 13.45, vertices: 8)
[14:50:51] TERRAIN: Chunk created successfully: (-10.0, -9.0) at world pos (-320.0, 0.0, -288.0) (total chunks: 577)
[14:50:51] TERRAIN: Creating chunk: (8.0, 11.0) at distance 13.60
[14:50:51] TERRAIN: Chunk (8.0, 11.0): TRIMESH collision created successfully (distance: 13.60, vertices: 8)
[14:50:51] TERRAIN: Chunk created successfully: (8.0, 11.0) at world pos (256.0, 0.0, 352.0) (total chunks: 578)
[14:50:51] TERRAIN: Creating chunk: (11.0, 8.0) at distance 13.60
[14:50:51] TERRAIN: Chunk (11.0, 8.0): TRIMESH collision created successfully (distance: 13.60, vertices: 8)
[14:50:51] TERRAIN: Chunk created successfully: (11.0, 8.0) at world pos (352.0, 0.0, 256.0) (total chunks: 579)
[14:50:51] TERRAIN: Creating chunk: (-13.0, -4.0) at distance 13.60
[14:50:51] TERRAIN: Chunk (-13.0, -4.0): TRIMESH collision created successfully (distance: 13.60, vertices: 8)
[14:50:51] TERRAIN: Chunk created successfully: (-13.0, -4.0) at world pos (-416.0, 0.0, -128.0) (total chunks: 580)
[14:50:51] TERRAIN: Creating chunk: (-13.0, 4.0) at distance 13.60
[14:50:51] TERRAIN: Chunk (-13.0, 4.0): TRIMESH collision created successfully (distance: 13.60, vertices: 8)
[14:50:51] TERRAIN: Chunk created successfully: (-13.0, 4.0) at world pos (-416.0, 0.0, 128.0) (total chunks: 581)
[14:50:51] TERRAIN: Creating chunk: (11.0, -8.0) at distance 13.60
[14:50:51] TERRAIN: Chunk (11.0, -8.0): TRIMESH collision created successfully (distance: 13.60, vertices: 8)
[14:50:51] TERRAIN: Chunk created successfully: (11.0, -8.0) at world pos (352.0, 0.0, -256.0) (total chunks: 582)
[14:50:51] TERRAIN: Creating chunk: (13.0, 4.0) at distance 13.60
[14:50:51] TERRAIN: Chunk (13.0, 4.0): TRIMESH collision created successfully (distance: 13.60, vertices: 8)
[14:50:51] TERRAIN: Chunk created successfully: (13.0, 4.0) at world pos (416.0, 0.0, 128.0) (total chunks: 583)
[14:50:51] TERRAIN: Creating chunk: (-11.0, -8.0) at distance 13.60
[14:50:51] TERRAIN: Chunk (-11.0, -8.0): TRIMESH collision created successfully (distance: 13.60, vertices: 8)
[14:50:51] TERRAIN: Chunk created successfully: (-11.0, -8.0) at world pos (-352.0, 0.0, -256.0) (total chunks: 584)
[14:50:51] TERRAIN: Creating chunk: (-11.0, 8.0) at distance 13.60
[14:50:51] TERRAIN: Chunk (-11.0, 8.0): TRIMESH collision created successfully (distance: 13.60, vertices: 8)
[14:50:51] TERRAIN: Chunk created successfully: (-11.0, 8.0) at world pos (-352.0, 0.0, 256.0) (total chunks: 585)
[14:50:51] TERRAIN: Creating chunk: (-8.0, -11.0) at distance 13.60
[14:50:51] TERRAIN: Chunk (-8.0, -11.0): TRIMESH collision created successfully (distance: 13.60, vertices: 8)
[14:50:51] TERRAIN: Chunk created successfully: (-8.0, -11.0) at world pos (-256.0, 0.0, -352.0) (total chunks: 586)
[14:50:51] TERRAIN: Creating chunk: (-8.0, 11.0) at distance 13.60
[14:50:51] TERRAIN: Chunk (-8.0, 11.0): TRIMESH collision created successfully (distance: 13.60, vertices: 8)
[14:50:51] TERRAIN: Chunk created successfully: (-8.0, 11.0) at world pos (-256.0, 0.0, 352.0) (total chunks: 587)
[14:50:51] TERRAIN: Creating chunk: (-4.0, -13.0) at distance 13.60
[14:50:51] TERRAIN: Chunk (-4.0, -13.0): TRIMESH collision created successfully (distance: 13.60, vertices: 8)
[14:50:51] TERRAIN: Chunk created successfully: (-4.0, -13.0) at world pos (-128.0, 0.0, -416.0) (total chunks: 588)
[14:50:51] TERRAIN: Creating chunk: (-4.0, 13.0) at distance 13.60
[14:50:51] TERRAIN: Chunk (-4.0, 13.0): TRIMESH collision created successfully (distance: 13.60, vertices: 8)
[14:50:51] TERRAIN: Chunk created successfully: (-4.0, 13.0) at world pos (-128.0, 0.0, 416.0) (total chunks: 589)
[14:50:51] TERRAIN: Creating chunk: (13.0, -4.0) at distance 13.60
[14:50:51] TERRAIN: Chunk (13.0, -4.0): TRIMESH collision created successfully (distance: 13.60, vertices: 8)
[14:50:51] TERRAIN: Chunk created successfully: (13.0, -4.0) at world pos (416.0, 0.0, -128.0) (total chunks: 590)
[14:50:51] TERRAIN: Creating chunk: (4.0, -13.0) at distance 13.60
[14:50:51] TERRAIN: Chunk (4.0, -13.0): TRIMESH collision created successfully (distance: 13.60, vertices: 8)
[14:50:51] TERRAIN: Chunk created successfully: (4.0, -13.0) at world pos (128.0, 0.0, -416.0) (total chunks: 591)
[14:50:51] TERRAIN: Creating chunk: (4.0, 13.0) at distance 13.60
[14:50:51] TERRAIN: Chunk (4.0, 13.0): TRIMESH collision created successfully (distance: 13.60, vertices: 8)
[14:50:51] TERRAIN: Chunk created successfully: (4.0, 13.0) at world pos (128.0, 0.0, 416.0) (total chunks: 592)
[14:50:51] TERRAIN: Creating chunk: (8.0, -11.0) at distance 13.60
[14:50:52] TERRAIN: Chunk (8.0, -11.0): TRIMESH collision created successfully (distance: 13.60, vertices: 8)
[14:50:52] TERRAIN: Chunk created successfully: (8.0, -11.0) at world pos (256.0, 0.0, -352.0) (total chunks: 593)
[14:50:52] TERRAIN: Creating chunk: (12.0, -7.0) at distance 13.89
[14:50:52] TERRAIN: Chunk (12.0, -7.0): TRIMESH collision created successfully (distance: 13.89, vertices: 8)
[14:50:52] TERRAIN: Chunk created successfully: (12.0, -7.0) at world pos (384.0, 0.0, -224.0) (total chunks: 594)
[14:50:52] TERRAIN: Creating chunk: (-7.0, 12.0) at distance 13.89
[14:50:52] TERRAIN: Chunk (-7.0, 12.0): TRIMESH collision created successfully (distance: 13.89, vertices: 8)
[14:50:52] TERRAIN: Chunk created successfully: (-7.0, 12.0) at world pos (-224.0, 0.0, 384.0) (total chunks: 595)
[14:50:52] TERRAIN: Creating chunk: (-7.0, -12.0) at distance 13.89
[14:50:52] TERRAIN: Chunk (-7.0, -12.0): TRIMESH collision created successfully (distance: 13.89, vertices: 8)
[14:50:52] TERRAIN: Chunk created successfully: (-7.0, -12.0) at world pos (-224.0, 0.0, -384.0) (total chunks: 596)
[14:50:52] TERRAIN: Creating chunk: (-12.0, 7.0) at distance 13.89
[14:50:52] TERRAIN: Chunk (-12.0, 7.0): TRIMESH collision created successfully (distance: 13.89, vertices: 8)
[14:50:52] TERRAIN: Chunk created successfully: (-12.0, 7.0) at world pos (-384.0, 0.0, 224.0) (total chunks: 597)
[14:50:52] TERRAIN: Creating chunk: (-12.0, -7.0) at distance 13.89
[14:50:52] TERRAIN: Chunk (-12.0, -7.0): TRIMESH collision created successfully (distance: 13.89, vertices: 8)
[14:50:52] TERRAIN: Chunk created successfully: (-12.0, -7.0) at world pos (-384.0, 0.0, -224.0) (total chunks: 598)
[14:50:52] TERRAIN: Creating chunk: (7.0, 12.0) at distance 13.89
[14:50:52] TERRAIN: Chunk (7.0, 12.0): TRIMESH collision created successfully (distance: 13.89, vertices: 8)
[14:50:52] TERRAIN: Chunk created successfully: (7.0, 12.0) at world pos (224.0, 0.0, 384.0) (total chunks: 599)
[14:50:52] TERRAIN: Creating chunk: (7.0, -12.0) at distance 13.89
[14:50:52] TERRAIN: Chunk (7.0, -12.0): TRIMESH collision created successfully (distance: 13.89, vertices: 8)
[14:50:52] TERRAIN: Chunk created successfully: (7.0, -12.0) at world pos (224.0, 0.0, -384.0) (total chunks: 600)
[14:50:52] TERRAIN: Creating chunk: (12.0, 7.0) at distance 13.89
[14:50:52] TERRAIN: Chunk (12.0, 7.0): TRIMESH collision created successfully (distance: 13.89, vertices: 8)
[14:50:52] TERRAIN: Chunk created successfully: (12.0, 7.0) at world pos (384.0, 0.0, 224.0) (total chunks: 601)
[14:50:52] TERRAIN: Creating chunk: (13.0, 5.0) at distance 13.93
[14:50:52] TERRAIN: Chunk (13.0, 5.0): TRIMESH collision created successfully (distance: 13.93, vertices: 8)
[14:50:52] TERRAIN: Chunk created successfully: (13.0, 5.0) at world pos (416.0, 0.0, 160.0) (total chunks: 602)
[14:50:52] TERRAIN: Creating chunk: (-13.0, 5.0) at distance 13.93
[14:50:52] TERRAIN: Chunk (-13.0, 5.0): TRIMESH collision created successfully (distance: 13.93, vertices: 8)
[14:50:52] TERRAIN: Chunk created successfully: (-13.0, 5.0) at world pos (-416.0, 0.0, 160.0) (total chunks: 603)
[14:50:52] TERRAIN: Creating chunk: (-13.0, -5.0) at distance 13.93
[14:50:52] TERRAIN: Chunk (-13.0, -5.0): TRIMESH collision created successfully (distance: 13.93, vertices: 8)
[14:50:52] TERRAIN: Chunk created successfully: (-13.0, -5.0) at world pos (-416.0, 0.0, -160.0) (total chunks: 604)
[14:50:52] TERRAIN: Creating chunk: (5.0, -13.0) at distance 13.93
[14:50:52] TERRAIN: Chunk (5.0, -13.0): TRIMESH collision created successfully (distance: 13.93, vertices: 8)
[14:50:52] TERRAIN: Chunk created successfully: (5.0, -13.0) at world pos (160.0, 0.0, -416.0) (total chunks: 605)
[14:50:52] TERRAIN: Creating chunk: (5.0, 13.0) at distance 13.93
[14:50:52] TERRAIN: Chunk (5.0, 13.0): TRIMESH collision created successfully (distance: 13.93, vertices: 8)
[14:50:52] TERRAIN: Chunk created successfully: (5.0, 13.0) at world pos (160.0, 0.0, 416.0) (total chunks: 606)
[14:50:52] TERRAIN: Creating chunk: (13.0, -5.0) at distance 13.93
[14:50:52] TERRAIN: Chunk (13.0, -5.0): TRIMESH collision created successfully (distance: 13.93, vertices: 8)
[14:50:52] TERRAIN: Chunk created successfully: (13.0, -5.0) at world pos (416.0, 0.0, -160.0) (total chunks: 607)
[14:50:52] TERRAIN: Creating chunk: (-5.0, 13.0) at distance 13.93
[14:50:52] TERRAIN: Chunk (-5.0, 13.0): TRIMESH collision created successfully (distance: 13.93, vertices: 8)
[14:50:52] TERRAIN: Chunk created successfully: (-5.0, 13.0) at world pos (-160.0, 0.0, 416.0) (total chunks: 608)
[14:50:52] TERRAIN: Creating chunk: (-5.0, -13.0) at distance 13.93
[14:50:52] TERRAIN: Chunk (-5.0, -13.0): TRIMESH collision created successfully (distance: 13.93, vertices: 8)
[14:50:52] TERRAIN: Chunk created successfully: (-5.0, -13.0) at world pos (-160.0, 0.0, -416.0) (total chunks: 609)
[14:50:52] TERRAIN: Creating chunk: (0.0, -14.0) at distance 14.00
[14:50:52] TERRAIN: Chunk (0.0, -14.0): TRIMESH collision created successfully (distance: 14.00, vertices: 8)
[14:50:52] TERRAIN: Chunk created successfully: (0.0, -14.0) at world pos (0.0, 0.0, -448.0) (total chunks: 610)
[14:50:52] TERRAIN: Creating chunk: (0.0, 14.0) at distance 14.00
[14:50:52] TERRAIN: Chunk (0.0, 14.0): TRIMESH collision created successfully (distance: 14.00, vertices: 8)
[14:50:52] TERRAIN: Chunk created successfully: (0.0, 14.0) at world pos (0.0, 0.0, 448.0) (total chunks: 611)
[14:50:52] TERRAIN: Creating chunk: (14.0, 0.0) at distance 14.00
[14:50:52] TERRAIN: Chunk (14.0, 0.0): TRIMESH collision created successfully (distance: 14.00, vertices: 8)
[14:50:52] TERRAIN: Chunk created successfully: (14.0, 0.0) at world pos (448.0, 0.0, 0.0) (total chunks: 612)
[14:50:52] TERRAIN: Creating chunk: (-14.0, 0.0) at distance 14.00
[14:50:52] TERRAIN: Chunk (-14.0, 0.0): TRIMESH collision created successfully (distance: 14.00, vertices: 8)
[14:50:52] TERRAIN: Chunk created successfully: (-14.0, 0.0) at world pos (-448.0, 0.0, 0.0) (total chunks: 613)
[14:50:52] TERRAIN: Creating chunk: (1.0, -14.0) at distance 14.04
[14:50:52] TERRAIN: Chunk (1.0, -14.0): TRIMESH collision created successfully (distance: 14.04, vertices: 8)
[14:50:52] TERRAIN: Chunk created successfully: (1.0, -14.0) at world pos (32.0, 0.0, -448.0) (total chunks: 614)
[14:50:52] TERRAIN: Creating chunk: (14.0, 1.0) at distance 14.04
[14:50:52] TERRAIN: Chunk (14.0, 1.0): TRIMESH collision created successfully (distance: 14.04, vertices: 8)
[14:50:52] TERRAIN: Chunk created successfully: (14.0, 1.0) at world pos (448.0, 0.0, 32.0) (total chunks: 615)
[14:50:52] TERRAIN: Creating chunk: (-1.0, 14.0) at distance 14.04
[14:50:52] TERRAIN: Chunk (-1.0, 14.0): TRIMESH collision created successfully (distance: 14.04, vertices: 8)
[14:50:52] TERRAIN: Chunk created successfully: (-1.0, 14.0) at world pos (-32.0, 0.0, 448.0) (total chunks: 616)
[14:50:52] TERRAIN: Creating chunk: (-1.0, -14.0) at distance 14.04
[14:50:52] TERRAIN: Chunk (-1.0, -14.0): TRIMESH collision created successfully (distance: 14.04, vertices: 8)
[14:50:52] TERRAIN: Chunk created successfully: (-1.0, -14.0) at world pos (-32.0, 0.0, -448.0) (total chunks: 617)
[14:50:52] TERRAIN: Creating chunk: (1.0, 14.0) at distance 14.04
[14:50:52] TERRAIN: Chunk (1.0, 14.0): TRIMESH collision created successfully (distance: 14.04, vertices: 8)
[14:50:52] TERRAIN: Chunk created successfully: (1.0, 14.0) at world pos (32.0, 0.0, 448.0) (total chunks: 618)
[14:50:52] TERRAIN: Creating chunk: (-14.0, 1.0) at distance 14.04
[14:50:52] TERRAIN: Chunk (-14.0, 1.0): TRIMESH collision created successfully (distance: 14.04, vertices: 8)
[14:50:52] TERRAIN: Chunk created successfully: (-14.0, 1.0) at world pos (-448.0, 0.0, 32.0) (total chunks: 619)
[14:50:52] TERRAIN: Creating chunk: (-14.0, -1.0) at distance 14.04
[14:50:52] TERRAIN: Chunk (-14.0, -1.0): TRIMESH collision created successfully (distance: 14.04, vertices: 8)
[14:50:52] TERRAIN: Chunk created successfully: (-14.0, -1.0) at world pos (-448.0, 0.0, -32.0) (total chunks: 620)
[14:50:52] TERRAIN: Creating chunk: (14.0, -1.0) at distance 14.04
[14:50:52] TERRAIN: Chunk (14.0, -1.0): TRIMESH collision created successfully (distance: 14.04, vertices: 8)
[14:50:52] TERRAIN: Chunk created successfully: (14.0, -1.0) at world pos (448.0, 0.0, -32.0) (total chunks: 621)
[14:50:52] TERRAIN: Creating chunk: (-14.0, 2.0) at distance 14.14
[14:50:52] TERRAIN: Chunk (-14.0, 2.0): TRIMESH collision created successfully (distance: 14.14, vertices: 8)
[14:50:52] TERRAIN: Chunk created successfully: (-14.0, 2.0) at world pos (-448.0, 0.0, 64.0) (total chunks: 622)
[14:50:52] TERRAIN: Creating chunk: (10.0, 10.0) at distance 14.14
[14:50:52] TERRAIN: Chunk (10.0, 10.0): TRIMESH collision created successfully (distance: 14.14, vertices: 8)
[14:50:52] TERRAIN: Chunk created successfully: (10.0, 10.0) at world pos (320.0, 0.0, 320.0) (total chunks: 623)
[14:50:52] TERRAIN: Creating chunk: (-10.0, -10.0) at distance 14.14
[14:50:52] TERRAIN: Chunk (-10.0, -10.0): TRIMESH collision created successfully (distance: 14.14, vertices: 8)
[14:50:52] TERRAIN: Chunk created successfully: (-10.0, -10.0) at world pos (-320.0, 0.0, -320.0) (total chunks: 624)
[14:50:52] TERRAIN: Creating chunk: (-10.0, 10.0) at distance 14.14
[14:50:52] TERRAIN: Chunk (-10.0, 10.0): TRIMESH collision created successfully (distance: 14.14, vertices: 8)
[14:50:52] TERRAIN: Chunk created successfully: (-10.0, 10.0) at world pos (-320.0, 0.0, 320.0) (total chunks: 625)
[14:50:52] TERRAIN: Creating chunk: (14.0, 2.0) at distance 14.14
[14:50:52] TERRAIN: Chunk (14.0, 2.0): TRIMESH collision created successfully (distance: 14.14, vertices: 8)
[14:50:52] TERRAIN: Chunk created successfully: (14.0, 2.0) at world pos (448.0, 0.0, 64.0) (total chunks: 626)
[14:50:52] TERRAIN: Creating chunk: (-14.0, -2.0) at distance 14.14
[14:50:52] TERRAIN: Chunk (-14.0, -2.0): TRIMESH collision created successfully (distance: 14.14, vertices: 8)
[14:50:52] TERRAIN: Chunk created successfully: (-14.0, -2.0) at world pos (-448.0, 0.0, -64.0) (total chunks: 627)
[14:50:52] TERRAIN: Creating chunk: (2.0, 14.0) at distance 14.14
[14:50:52] TERRAIN: Chunk (2.0, 14.0): TRIMESH collision created successfully (distance: 14.14, vertices: 8)
[14:50:52] TERRAIN: Chunk created successfully: (2.0, 14.0) at world pos (64.0, 0.0, 448.0) (total chunks: 628)
[14:50:52] TERRAIN: Creating chunk: (2.0, -14.0) at distance 14.14
[14:50:52] TERRAIN: Chunk (2.0, -14.0): TRIMESH collision created successfully (distance: 14.14, vertices: 8)
[14:50:52] TERRAIN: Chunk created successfully: (2.0, -14.0) at world pos (64.0, 0.0, -448.0) (total chunks: 629)
[14:50:52] TERRAIN: Creating chunk: (-2.0, 14.0) at distance 14.14
[14:50:52] TERRAIN: Chunk (-2.0, 14.0): TRIMESH collision created successfully (distance: 14.14, vertices: 8)
[14:50:52] TERRAIN: Chunk created successfully: (-2.0, 14.0) at world pos (-64.0, 0.0, 448.0) (total chunks: 630)
[14:50:52] TERRAIN: Creating chunk: (14.0, -2.0) at distance 14.14
[14:50:52] TERRAIN: Chunk (14.0, -2.0): TRIMESH collision created successfully (distance: 14.14, vertices: 8)
[14:50:52] TERRAIN: Chunk created successfully: (14.0, -2.0) at world pos (448.0, 0.0, -64.0) (total chunks: 631)
[14:50:52] TERRAIN: Creating chunk: (-2.0, -14.0) at distance 14.14
[14:50:52] TERRAIN: Chunk (-2.0, -14.0): TRIMESH collision created successfully (distance: 14.14, vertices: 8)
[14:50:52] TERRAIN: Chunk created successfully: (-2.0, -14.0) at world pos (-64.0, 0.0, -448.0) (total chunks: 632)
[14:50:52] TERRAIN: Creating chunk: (10.0, -10.0) at distance 14.14
[14:50:52] TERRAIN: Chunk (10.0, -10.0): TRIMESH collision created successfully (distance: 14.14, vertices: 8)
[14:50:52] TERRAIN: Chunk created successfully: (10.0, -10.0) at world pos (320.0, 0.0, -320.0) (total chunks: 633)
[14:50:52] TERRAIN: Creating chunk: (9.0, -11.0) at distance 14.21
[14:50:52] TERRAIN: Chunk (9.0, -11.0): TRIMESH collision created successfully (distance: 14.21, vertices: 8)
[14:50:52] TERRAIN: Chunk created successfully: (9.0, -11.0) at world pos (288.0, 0.0, -352.0) (total chunks: 634)
[14:50:52] TERRAIN: Creating chunk: (11.0, -9.0) at distance 14.21
[14:50:52] TERRAIN: Chunk (11.0, -9.0): TRIMESH collision created successfully (distance: 14.21, vertices: 8)
[14:50:52] TERRAIN: Chunk created successfully: (11.0, -9.0) at world pos (352.0, 0.0, -288.0) (total chunks: 635)
[14:50:52] TERRAIN: Creating chunk: (9.0, 11.0) at distance 14.21
[14:50:52] TERRAIN: Chunk (9.0, 11.0): TRIMESH collision created successfully (distance: 14.21, vertices: 8)
[14:50:52] TERRAIN: Chunk created successfully: (9.0, 11.0) at world pos (288.0, 0.0, 352.0) (total chunks: 636)
[14:50:52] TERRAIN: Creating chunk: (-11.0, -9.0) at distance 14.21
[14:50:52] TERRAIN: Chunk (-11.0, -9.0): TRIMESH collision created successfully (distance: 14.21, vertices: 8)
[14:50:52] TERRAIN: Chunk created successfully: (-11.0, -9.0) at world pos (-352.0, 0.0, -288.0) (total chunks: 637)
[14:50:52] TERRAIN: Creating chunk: (-11.0, 9.0) at distance 14.21
[14:50:52] TERRAIN: Chunk (-11.0, 9.0): TRIMESH collision created successfully (distance: 14.21, vertices: 8)
[14:50:52] TERRAIN: Chunk created successfully: (-11.0, 9.0) at world pos (-352.0, 0.0, 288.0) (total chunks: 638)
[14:50:52] TERRAIN: Creating chunk: (-9.0, -11.0) at distance 14.21
[14:50:52] TERRAIN: Chunk (-9.0, -11.0): TRIMESH collision created successfully (distance: 14.21, vertices: 8)
[14:50:52] TERRAIN: Chunk created successfully: (-9.0, -11.0) at world pos (-288.0, 0.0, -352.0) (total chunks: 639)
[14:50:52] TERRAIN: Creating chunk: (-9.0, 11.0) at distance 14.21
[14:50:52] TERRAIN: Chunk (-9.0, 11.0): TRIMESH collision created successfully (distance: 14.21, vertices: 8)
[14:50:52] TERRAIN: Chunk created successfully: (-9.0, 11.0) at world pos (-288.0, 0.0, 352.0) (total chunks: 640)
[14:50:52] TERRAIN: Creating chunk: (11.0, 9.0) at distance 14.21
[14:50:52] TERRAIN: Chunk (11.0, 9.0): TRIMESH collision created successfully (distance: 14.21, vertices: 8)
[14:50:52] TERRAIN: Chunk created successfully: (11.0, 9.0) at world pos (352.0, 0.0, 288.0) (total chunks: 641)
[14:50:52] TERRAIN: Creating chunk: (-6.0, -13.0) at distance 14.32
[14:50:52] TERRAIN: Chunk (-6.0, -13.0): TRIMESH collision created successfully (distance: 14.32, vertices: 8)
[14:50:52] TERRAIN: Chunk created successfully: (-6.0, -13.0) at world pos (-192.0, 0.0, -416.0) (total chunks: 642)
[14:50:52] TERRAIN: Creating chunk: (14.0, -3.0) at distance 14.32
[14:50:52] TERRAIN: Chunk (14.0, -3.0): TRIMESH collision created successfully (distance: 14.32, vertices: 8)
[14:50:52] TERRAIN: Chunk created successfully: (14.0, -3.0) at world pos (448.0, 0.0, -96.0) (total chunks: 643)
[14:50:52] TERRAIN: Creating chunk: (6.0, 13.0) at distance 14.32
[14:50:52] TERRAIN: Chunk (6.0, 13.0): TRIMESH collision created successfully (distance: 14.32, vertices: 8)
[14:50:52] TERRAIN: Chunk created successfully: (6.0, 13.0) at world pos (192.0, 0.0, 416.0) (total chunks: 644)
[14:50:52] TERRAIN: Creating chunk: (6.0, -13.0) at distance 14.32
[14:50:52] TERRAIN: Chunk (6.0, -13.0): TRIMESH collision created successfully (distance: 14.32, vertices: 8)
[14:50:52] TERRAIN: Chunk created successfully: (6.0, -13.0) at world pos (192.0, 0.0, -416.0) (total chunks: 645)
[14:50:52] TERRAIN: Creating chunk: (-14.0, 3.0) at distance 14.32
[14:50:52] TERRAIN: Chunk (-14.0, 3.0): TRIMESH collision created successfully (distance: 14.32, vertices: 8)
[14:50:52] TERRAIN: Chunk created successfully: (-14.0, 3.0) at world pos (-448.0, 0.0, 96.0) (total chunks: 646)
[14:50:52] TERRAIN: Creating chunk: (13.0, 6.0) at distance 14.32
[14:50:52] TERRAIN: Chunk (13.0, 6.0): TRIMESH collision created successfully (distance: 14.32, vertices: 8)
[14:50:52] TERRAIN: Chunk created successfully: (13.0, 6.0) at world pos (416.0, 0.0, 192.0) (total chunks: 647)
[14:50:52] TERRAIN: Creating chunk: (-13.0, -6.0) at distance 14.32
[14:50:52] TERRAIN: Chunk (-13.0, -6.0): TRIMESH collision created successfully (distance: 14.32, vertices: 8)
[14:50:52] TERRAIN: Chunk created successfully: (-13.0, -6.0) at world pos (-416.0, 0.0, -192.0) (total chunks: 648)
[14:50:52] TERRAIN: Creating chunk: (3.0, 14.0) at distance 14.32
[14:50:52] TERRAIN: Chunk (3.0, 14.0): TRIMESH collision created successfully (distance: 14.32, vertices: 8)
[14:50:52] TERRAIN: Chunk created successfully: (3.0, 14.0) at world pos (96.0, 0.0, 448.0) (total chunks: 649)
[14:50:52] TERRAIN: Creating chunk: (3.0, -14.0) at distance 14.32
[14:50:52] TERRAIN: Chunk (3.0, -14.0): TRIMESH collision created successfully (distance: 14.32, vertices: 8)
[14:50:52] TERRAIN: Chunk created successfully: (3.0, -14.0) at world pos (96.0, 0.0, -448.0) (total chunks: 650)
[14:50:52] TERRAIN: Creating chunk: (-13.0, 6.0) at distance 14.32
[14:50:52] TERRAIN: Chunk (-13.0, 6.0): TRIMESH collision created successfully (distance: 14.32, vertices: 8)
[14:50:52] TERRAIN: Chunk created successfully: (-13.0, 6.0) at world pos (-416.0, 0.0, 192.0) (total chunks: 651)
[14:50:52] TERRAIN: Creating chunk: (-6.0, 13.0) at distance 14.32
[14:50:52] TERRAIN: Chunk (-6.0, 13.0): TRIMESH collision created successfully (distance: 14.32, vertices: 8)
[14:50:52] TERRAIN: Chunk created successfully: (-6.0, 13.0) at world pos (-192.0, 0.0, 416.0) (total chunks: 652)
[14:50:52] TERRAIN: Creating chunk: (-14.0, -3.0) at distance 14.32
[14:50:52] TERRAIN: Chunk (-14.0, -3.0): TRIMESH collision created successfully (distance: 14.32, vertices: 8)
[14:50:52] TERRAIN: Chunk created successfully: (-14.0, -3.0) at world pos (-448.0, 0.0, -96.0) (total chunks: 653)
[14:50:52] TERRAIN: Creating chunk: (-3.0, -14.0) at distance 14.32
[14:50:52] TERRAIN: Chunk (-3.0, -14.0): TRIMESH collision created successfully (distance: 14.32, vertices: 8)
[14:50:52] TERRAIN: Chunk created successfully: (-3.0, -14.0) at world pos (-96.0, 0.0, -448.0) (total chunks: 654)
[14:50:52] TERRAIN: Creating chunk: (13.0, -6.0) at distance 14.32
[14:50:52] TERRAIN: Chunk (13.0, -6.0): TRIMESH collision created successfully (distance: 14.32, vertices: 8)
[14:50:52] TERRAIN: Chunk created successfully: (13.0, -6.0) at world pos (416.0, 0.0, -192.0) (total chunks: 655)
[14:50:52] TERRAIN: Creating chunk: (14.0, 3.0) at distance 14.32
[14:50:52] TERRAIN: Chunk (14.0, 3.0): TRIMESH collision created successfully (distance: 14.32, vertices: 8)
[14:50:52] TERRAIN: Chunk created successfully: (14.0, 3.0) at world pos (448.0, 0.0, 96.0) (total chunks: 656)
[14:50:52] TERRAIN: Creating chunk: (-3.0, 14.0) at distance 14.32
[14:50:52] TERRAIN: Chunk (-3.0, 14.0): TRIMESH collision created successfully (distance: 14.32, vertices: 8)
[14:50:52] TERRAIN: Chunk created successfully: (-3.0, 14.0) at world pos (-96.0, 0.0, 448.0) (total chunks: 657)
[14:50:52] TERRAIN: Creating chunk: (12.0, 8.0) at distance 14.42
[14:50:52] TERRAIN: Chunk (12.0, 8.0): TRIMESH collision created successfully (distance: 14.42, vertices: 8)
[14:50:52] TERRAIN: Chunk created successfully: (12.0, 8.0) at world pos (384.0, 0.0, 256.0) (total chunks: 658)
[14:50:52] TERRAIN: Creating chunk: (12.0, -8.0) at distance 14.42
[14:50:52] TERRAIN: Chunk (12.0, -8.0): TRIMESH collision created successfully (distance: 14.42, vertices: 8)
[14:50:52] TERRAIN: Chunk created successfully: (12.0, -8.0) at world pos (384.0, 0.0, -256.0) (total chunks: 659)
[14:50:52] TERRAIN: Creating chunk: (-12.0, -8.0) at distance 14.42
[14:50:52] TERRAIN: Chunk (-12.0, -8.0): TRIMESH collision created successfully (distance: 14.42, vertices: 8)
[14:50:52] TERRAIN: Chunk created successfully: (-12.0, -8.0) at world pos (-384.0, 0.0, -256.0) (total chunks: 660)
[14:50:52] TERRAIN: Creating chunk: (-12.0, 8.0) at distance 14.42
[14:50:52] TERRAIN: Chunk (-12.0, 8.0): TRIMESH collision created successfully (distance: 14.42, vertices: 8)
[14:50:52] TERRAIN: Chunk created successfully: (-12.0, 8.0) at world pos (-384.0, 0.0, 256.0) (total chunks: 661)
[14:50:52] TERRAIN: Creating chunk: (-8.0, -12.0) at distance 14.42
[14:50:52] TERRAIN: Chunk (-8.0, -12.0): TRIMESH collision created successfully (distance: 14.42, vertices: 8)
[14:50:52] TERRAIN: Chunk created successfully: (-8.0, -12.0) at world pos (-256.0, 0.0, -384.0) (total chunks: 662)
[14:50:52] TERRAIN: Creating chunk: (-8.0, 12.0) at distance 14.42
[14:50:52] TERRAIN: Chunk (-8.0, 12.0): TRIMESH collision created successfully (distance: 14.42, vertices: 8)
[14:50:52] TERRAIN: Chunk created successfully: (-8.0, 12.0) at world pos (-256.0, 0.0, 384.0) (total chunks: 663)
[14:50:52] TERRAIN: Creating chunk: (8.0, -12.0) at distance 14.42
[14:50:52] TERRAIN: Chunk (8.0, -12.0): TRIMESH collision created successfully (distance: 14.42, vertices: 8)
[14:50:52] TERRAIN: Chunk created successfully: (8.0, -12.0) at world pos (256.0, 0.0, -384.0) (total chunks: 664)
[14:50:52] TERRAIN: Creating chunk: (8.0, 12.0) at distance 14.42
[14:50:52] TERRAIN: Chunk (8.0, 12.0): TRIMESH collision created successfully (distance: 14.42, vertices: 8)
[14:50:52] TERRAIN: Chunk created successfully: (8.0, 12.0) at world pos (256.0, 0.0, 384.0) (total chunks: 665)
[14:50:52] TERRAIN: Creating chunk: (14.0, -4.0) at distance 14.56
[14:50:52] TERRAIN: Chunk (14.0, -4.0): TRIMESH collision created successfully (distance: 14.56, vertices: 8)
[14:50:52] TERRAIN: Chunk created successfully: (14.0, -4.0) at world pos (448.0, 0.0, -128.0) (total chunks: 666)
[14:50:52] TERRAIN: Creating chunk: (4.0, 14.0) at distance 14.56
[14:50:52] TERRAIN: Chunk (4.0, 14.0): TRIMESH collision created successfully (distance: 14.56, vertices: 8)
[14:50:52] TERRAIN: Chunk created successfully: (4.0, 14.0) at world pos (128.0, 0.0, 448.0) (total chunks: 667)
[14:50:52] TERRAIN: Creating chunk: (4.0, -14.0) at distance 14.56
[14:50:52] TERRAIN: Chunk (4.0, -14.0): TRIMESH collision created successfully (distance: 14.56, vertices: 8)
[14:50:52] TERRAIN: Chunk created successfully: (4.0, -14.0) at world pos (128.0, 0.0, -448.0) (total chunks: 668)
[14:50:52] TERRAIN: Creating chunk: (-4.0, 14.0) at distance 14.56
[14:50:52] TERRAIN: Chunk (-4.0, 14.0): TRIMESH collision created successfully (distance: 14.56, vertices: 8)
[14:50:52] TERRAIN: Chunk created successfully: (-4.0, 14.0) at world pos (-128.0, 0.0, 448.0) (total chunks: 669)
[14:50:52] TERRAIN: Creating chunk: (-4.0, -14.0) at distance 14.56
[14:50:52] TERRAIN: Chunk (-4.0, -14.0): TRIMESH collision created successfully (distance: 14.56, vertices: 8)
[14:50:52] TERRAIN: Chunk created successfully: (-4.0, -14.0) at world pos (-128.0, 0.0, -448.0) (total chunks: 670)
[14:50:52] TERRAIN: Creating chunk: (14.0, 4.0) at distance 14.56
[14:50:52] TERRAIN: Chunk (14.0, 4.0): TRIMESH collision created successfully (distance: 14.56, vertices: 8)
[14:50:52] TERRAIN: Chunk created successfully: (14.0, 4.0) at world pos (448.0, 0.0, 128.0) (total chunks: 671)
[14:50:52] TERRAIN: Creating chunk: (-14.0, 4.0) at distance 14.56
[14:50:52] TERRAIN: Chunk (-14.0, 4.0): TRIMESH collision created successfully (distance: 14.56, vertices: 8)
[14:50:52] TERRAIN: Chunk created successfully: (-14.0, 4.0) at world pos (-448.0, 0.0, 128.0) (total chunks: 672)
[14:50:52] TERRAIN: Creating chunk: (-14.0, -4.0) at distance 14.56
[14:50:52] TERRAIN: Chunk (-14.0, -4.0): TRIMESH collision created successfully (distance: 14.56, vertices: 8)
[14:50:52] TERRAIN: Chunk created successfully: (-14.0, -4.0) at world pos (-448.0, 0.0, -128.0) (total chunks: 673)
[14:50:52] TERRAIN: Creating chunk: (13.0, -7.0) at distance 14.76
[14:50:52] TERRAIN: Chunk (13.0, -7.0): TRIMESH collision created successfully (distance: 14.76, vertices: 8)
[14:50:52] TERRAIN: Chunk created successfully: (13.0, -7.0) at world pos (416.0, 0.0, -224.0) (total chunks: 674)
[14:50:52] TERRAIN: Creating chunk: (7.0, 13.0) at distance 14.76
[14:50:52] TERRAIN: Chunk (7.0, 13.0): TRIMESH collision created successfully (distance: 14.76, vertices: 8)
[14:50:52] TERRAIN: Chunk created successfully: (7.0, 13.0) at world pos (224.0, 0.0, 416.0) (total chunks: 675)
[14:50:52] TERRAIN: Creating chunk: (7.0, -13.0) at distance 14.76
[14:50:52] TERRAIN: Chunk (7.0, -13.0): TRIMESH collision created successfully (distance: 14.76, vertices: 8)
[14:50:52] TERRAIN: Chunk created successfully: (7.0, -13.0) at world pos (224.0, 0.0, -416.0) (total chunks: 676)
[14:50:52] TERRAIN: Creating chunk: (-7.0, 13.0) at distance 14.76
[14:50:52] TERRAIN: Chunk (-7.0, 13.0): TRIMESH collision created successfully (distance: 14.76, vertices: 8)
[14:50:52] TERRAIN: Chunk created successfully: (-7.0, 13.0) at world pos (-224.0, 0.0, 416.0) (total chunks: 677)
[14:50:52] TERRAIN: Creating chunk: (-7.0, -13.0) at distance 14.76
[14:50:52] TERRAIN: Chunk (-7.0, -13.0): TRIMESH collision created successfully (distance: 14.76, vertices: 8)
[14:50:52] TERRAIN: Chunk created successfully: (-7.0, -13.0) at world pos (-224.0, 0.0, -416.0) (total chunks: 678)
[14:50:52] TERRAIN: Creating chunk: (-13.0, 7.0) at distance 14.76
[14:50:52] TERRAIN: Chunk (-13.0, 7.0): TRIMESH collision created successfully (distance: 14.76, vertices: 8)
[14:50:52] TERRAIN: Chunk created successfully: (-13.0, 7.0) at world pos (-416.0, 0.0, 224.0) (total chunks: 679)
[14:50:52] TERRAIN: Creating chunk: (-13.0, -7.0) at distance 14.76
[14:50:52] TERRAIN: Chunk (-13.0, -7.0): TRIMESH collision created successfully (distance: 14.76, vertices: 8)
[14:50:52] TERRAIN: Chunk created successfully: (-13.0, -7.0) at world pos (-416.0, 0.0, -224.0) (total chunks: 680)
[14:50:52] TERRAIN: Creating chunk: (13.0, 7.0) at distance 14.76
[14:50:52] TERRAIN: Chunk (13.0, 7.0): TRIMESH collision created successfully (distance: 14.76, vertices: 8)
[14:50:52] TERRAIN: Chunk created successfully: (13.0, 7.0) at world pos (416.0, 0.0, 224.0) (total chunks: 681)
[14:50:52] TERRAIN: Creating chunk: (14.0, -5.0) at distance 14.87
[14:50:52] TERRAIN: Chunk (14.0, -5.0): TRIMESH collision created successfully (distance: 14.87, vertices: 8)
[14:50:52] TERRAIN: Chunk created successfully: (14.0, -5.0) at world pos (448.0, 0.0, -160.0) (total chunks: 682)
[14:50:52] TERRAIN: Creating chunk: (11.0, 10.0) at distance 14.87
[14:50:52] TERRAIN: Chunk (11.0, 10.0): TRIMESH collision created successfully (distance: 14.87, vertices: 8)
[14:50:52] TERRAIN: Chunk created successfully: (11.0, 10.0) at world pos (352.0, 0.0, 320.0) (total chunks: 683)
[14:50:52] TERRAIN: Creating chunk: (11.0, -10.0) at distance 14.87
[14:50:52] TERRAIN: Chunk (11.0, -10.0): TRIMESH collision created successfully (distance: 14.87, vertices: 8)
[14:50:52] TERRAIN: Chunk created successfully: (11.0, -10.0) at world pos (352.0, 0.0, -320.0) (total chunks: 684)
[14:50:52] TERRAIN: Creating chunk: (10.0, 11.0) at distance 14.87
[14:50:52] TERRAIN: Chunk (10.0, 11.0): TRIMESH collision created successfully (distance: 14.87, vertices: 8)
[14:50:52] TERRAIN: Chunk created successfully: (10.0, 11.0) at world pos (320.0, 0.0, 352.0) (total chunks: 685)
[14:50:52] TERRAIN: Creating chunk: (10.0, -11.0) at distance 14.87
[14:50:52] TERRAIN: Chunk (10.0, -11.0): TRIMESH collision created successfully (distance: 14.87, vertices: 8)
[14:50:52] TERRAIN: Chunk created successfully: (10.0, -11.0) at world pos (320.0, 0.0, -352.0) (total chunks: 686)
[14:50:52] TERRAIN: Creating chunk: (5.0, 14.0) at distance 14.87
[14:50:52] TERRAIN: Chunk (5.0, 14.0): TRIMESH collision created successfully (distance: 14.87, vertices: 8)
[14:50:52] TERRAIN: Chunk created successfully: (5.0, 14.0) at world pos (160.0, 0.0, 448.0) (total chunks: 687)
[14:50:52] TERRAIN: Creating chunk: (5.0, -14.0) at distance 14.87
[14:50:52] TERRAIN: Chunk (5.0, -14.0): TRIMESH collision created successfully (distance: 14.87, vertices: 8)
[14:50:52] TERRAIN: Chunk created successfully: (5.0, -14.0) at world pos (160.0, 0.0, -448.0) (total chunks: 688)
[14:50:52] TERRAIN: Creating chunk: (-5.0, 14.0) at distance 14.87
[14:50:52] TERRAIN: Chunk (-5.0, 14.0): TRIMESH collision created successfully (distance: 14.87, vertices: 8)
[14:50:52] TERRAIN: Chunk created successfully: (-5.0, 14.0) at world pos (-160.0, 0.0, 448.0) (total chunks: 689)
[14:50:52] TERRAIN: Creating chunk: (-5.0, -14.0) at distance 14.87
[14:50:52] TERRAIN: Chunk (-5.0, -14.0): TRIMESH collision created successfully (distance: 14.87, vertices: 8)
[14:50:52] TERRAIN: Chunk created successfully: (-5.0, -14.0) at world pos (-160.0, 0.0, -448.0) (total chunks: 690)
[14:50:52] TERRAIN: Creating chunk: (-10.0, 11.0) at distance 14.87
[14:50:52] TERRAIN: Chunk (-10.0, 11.0): TRIMESH collision created successfully (distance: 14.87, vertices: 8)
[14:50:52] TERRAIN: Chunk created successfully: (-10.0, 11.0) at world pos (-320.0, 0.0, 352.0) (total chunks: 691)
[14:50:52] TERRAIN: Creating chunk: (-10.0, -11.0) at distance 14.87
[14:50:52] TERRAIN: Chunk (-10.0, -11.0): TRIMESH collision created successfully (distance: 14.87, vertices: 8)
[14:50:52] TERRAIN: Chunk created successfully: (-10.0, -11.0) at world pos (-320.0, 0.0, -352.0) (total chunks: 692)
[14:50:52] TERRAIN: Creating chunk: (-11.0, 10.0) at distance 14.87
[14:50:52] TERRAIN: Chunk (-11.0, 10.0): TRIMESH collision created successfully (distance: 14.87, vertices: 8)
[14:50:52] TERRAIN: Chunk created successfully: (-11.0, 10.0) at world pos (-352.0, 0.0, 320.0) (total chunks: 693)
[14:50:52] TERRAIN: Creating chunk: (-11.0, -10.0) at distance 14.87
[14:50:52] TERRAIN: Chunk (-11.0, -10.0): TRIMESH collision created successfully (distance: 14.87, vertices: 8)
[14:50:52] TERRAIN: Chunk created successfully: (-11.0, -10.0) at world pos (-352.0, 0.0, -320.0) (total chunks: 694)
[14:50:52] TERRAIN: Creating chunk: (14.0, 5.0) at distance 14.87
[14:50:52] TERRAIN: Chunk (14.0, 5.0): TRIMESH collision created successfully (distance: 14.87, vertices: 8)
[14:50:52] TERRAIN: Chunk created successfully: (14.0, 5.0) at world pos (448.0, 0.0, 160.0) (total chunks: 695)
[14:50:52] TERRAIN: Creating chunk: (-14.0, 5.0) at distance 14.87
[14:50:52] TERRAIN: Chunk (-14.0, 5.0): TRIMESH collision created successfully (distance: 14.87, vertices: 8)
[14:50:52] TERRAIN: Chunk created successfully: (-14.0, 5.0) at world pos (-448.0, 0.0, 160.0) (total chunks: 696)
[14:50:52] TERRAIN: Creating chunk: (-14.0, -5.0) at distance 14.87
[14:50:52] TERRAIN: Chunk (-14.0, -5.0): TRIMESH collision created successfully (distance: 14.87, vertices: 8)
[14:50:52] TERRAIN: Chunk created successfully: (-14.0, -5.0) at world pos (-448.0, 0.0, -160.0) (total chunks: 697)
[14:50:52] TERRAIN: Creating chunk: (15.0, 0.0) at distance 15.00
[14:50:52] TERRAIN: Chunk (15.0, 0.0): TRIMESH collision created successfully (distance: 15.00, vertices: 8)
[14:50:52] TERRAIN: Chunk created successfully: (15.0, 0.0) at world pos (480.0, 0.0, 0.0) (total chunks: 698)
[14:50:52] TERRAIN: Creating chunk: (12.0, 9.0) at distance 15.00
[14:50:52] TERRAIN: Chunk (12.0, 9.0): TRIMESH collision created successfully (distance: 15.00, vertices: 8)
[14:50:52] TERRAIN: Chunk created successfully: (12.0, 9.0) at world pos (384.0, 0.0, 288.0) (total chunks: 699)
[14:50:52] TERRAIN: Creating chunk: (12.0, -9.0) at distance 15.00
[14:50:52] TERRAIN: Chunk (12.0, -9.0): TRIMESH collision created successfully (distance: 15.00, vertices: 8)
[14:50:52] TERRAIN: Chunk created successfully: (12.0, -9.0) at world pos (384.0, 0.0, -288.0) (total chunks: 700)
[14:50:52] TERRAIN: Creating chunk: (9.0, 12.0) at distance 15.00
[14:50:52] TERRAIN: Chunk (9.0, 12.0): TRIMESH collision created successfully (distance: 15.00, vertices: 8)
[14:50:52] TERRAIN: Chunk created successfully: (9.0, 12.0) at world pos (288.0, 0.0, 384.0) (total chunks: 701)
[14:50:52] TERRAIN: Creating chunk: (9.0, -12.0) at distance 15.00
[14:50:52] TERRAIN: Chunk (9.0, -12.0): TRIMESH collision created successfully (distance: 15.00, vertices: 8)
[14:50:52] TERRAIN: Chunk created successfully: (9.0, -12.0) at world pos (288.0, 0.0, -384.0) (total chunks: 702)
[14:50:52] TERRAIN: Creating chunk: (0.0, 15.0) at distance 15.00
[14:50:52] TERRAIN: Chunk (0.0, 15.0): TRIMESH collision created successfully (distance: 15.00, vertices: 8)
[14:50:52] TERRAIN: Chunk created successfully: (0.0, 15.0) at world pos (0.0, 0.0, 480.0) (total chunks: 703)
[14:50:52] TERRAIN: Creating chunk: (0.0, -15.0) at distance 15.00
[14:50:52] TERRAIN: Chunk (0.0, -15.0): TRIMESH collision created successfully (distance: 15.00, vertices: 8)
[14:50:52] TERRAIN: Chunk created successfully: (0.0, -15.0) at world pos (0.0, 0.0, -480.0) (total chunks: 704)
[14:50:52] TERRAIN: Creating chunk: (-9.0, 12.0) at distance 15.00
[14:50:52] TERRAIN: Chunk (-9.0, 12.0): TRIMESH collision created successfully (distance: 15.00, vertices: 8)
[14:50:52] TERRAIN: Chunk created successfully: (-9.0, 12.0) at world pos (-288.0, 0.0, 384.0) (total chunks: 705)
[14:50:52] TERRAIN: Creating chunk: (-9.0, -12.0) at distance 15.00
[14:50:52] TERRAIN: Chunk (-9.0, -12.0): TRIMESH collision created successfully (distance: 15.00, vertices: 8)
[14:50:52] TERRAIN: Chunk created successfully: (-9.0, -12.0) at world pos (-288.0, 0.0, -384.0) (total chunks: 706)
[14:50:52] TERRAIN: Creating chunk: (-12.0, 9.0) at distance 15.00
[14:50:52] TERRAIN: Chunk (-12.0, 9.0): TRIMESH collision created successfully (distance: 15.00, vertices: 8)
[14:50:52] TERRAIN: Chunk created successfully: (-12.0, 9.0) at world pos (-384.0, 0.0, 288.0) (total chunks: 707)
[14:50:52] TERRAIN: Creating chunk: (-12.0, -9.0) at distance 15.00
[14:50:52] TERRAIN: Chunk (-12.0, -9.0): TRIMESH collision created successfully (distance: 15.00, vertices: 8)
[14:50:52] TERRAIN: Chunk created successfully: (-12.0, -9.0) at world pos (-384.0, 0.0, -288.0) (total chunks: 708)
[14:50:52] TERRAIN: Creating chunk: (-15.0, 0.0) at distance 15.00
[14:50:52] TERRAIN: Chunk (-15.0, 0.0): TRIMESH collision created successfully (distance: 15.00, vertices: 8)
[14:50:52] TERRAIN: Chunk created successfully: (-15.0, 0.0) at world pos (-480.0, 0.0, 0.0) (total chunks: 709)
[14:50:52] PLAYER: Pos: (0.0, 0.000187, 0.0) | Chunk: (0.0, 0.0) | TerrainHeight: 0.00 | HeightDiff: 0.00 | OnFloor: true
[14:50:53] TERRAIN: Player moved to new chunk: (-1.0, 0.0) (was (0.0, 0.0))
[14:50:53] PLAYER: Pos: (-0.882399, 0.000187, 0.248209) | Chunk: (-1.0, 0.0) | TerrainHeight: 0.00 | HeightDiff: -0.00 | OnFloor: true
[14:50:53] PLAYER: CHUNK CHANGED: (0.0, 0.0) -> (-1.0, 0.0)
[14:50:54] TERRAIN: Player moved to new chunk: (-1.0, -1.0) (was (-1.0, 0.0))
[14:50:54] TERRAIN: Updating terrain for player chunk: (-1.0, -1.0) (player pos: (-2.941637, 0.001631, -0.117755))
[14:50:54] TERRAIN: Player chunk (-1.0, -1.0) distance: 0.00 (max_distance: 20)
[14:50:54] TERRAIN: Queuing 43 new chunks for generation
[14:50:54] TERRAIN: Queued chunk: (-8.0, -13.0) (distance: 13.89)
[14:50:54] TERRAIN: Queued chunk: (-13.0, -8.0) (distance: 13.89)
[14:50:54] TERRAIN: Queued chunk: (-6.0, -14.0) (distance: 13.93)
[14:50:54] TERRAIN: Queued chunk: (-14.0, -6.0) (distance: 13.93)
[14:50:54] TERRAIN: Queued chunk: (-1.0, -15.0) (distance: 14.00)
[14:50:54] TERRAIN: Queued chunk: (-15.0, -1.0) (distance: 14.00)
[14:50:54] TERRAIN: Queued chunk: (-15.0, -2.0) (distance: 14.04)
[14:50:54] TERRAIN: Queued chunk: (-2.0, -15.0) (distance: 14.04)
[14:50:54] TERRAIN: Queued chunk: (-11.0, -11.0) (distance: 14.14)
[14:50:54] TERRAIN: Queued chunk: (-3.0, -15.0) (distance: 14.14)
[14:50:54] TERRAIN: Queued chunk: (1.0, -15.0) (distance: 14.14)
[14:50:54] TERRAIN: Queued chunk: (-15.0, -3.0) (distance: 14.14)
[14:50:54] TERRAIN: Queued chunk: (-15.0, 1.0) (distance: 14.14)
[14:50:54] TERRAIN: Queued chunk: (-10.0, -12.0) (distance: 14.21)
[14:50:54] TERRAIN: Queued chunk: (-12.0, -10.0) (distance: 14.21)
[14:50:54] TERRAIN: Queued chunk: (-15.0, 2.0) (distance: 14.32)
[14:50:54] TERRAIN: Queued chunk: (-14.0, -7.0) (distance: 14.32)
[14:50:54] TERRAIN: Queued chunk: (-4.0, -15.0) (distance: 14.32)
[14:50:54] TERRAIN: Queued chunk: (-15.0, -4.0) (distance: 14.32)
[14:50:54] TERRAIN: Queued chunk: (-7.0, -14.0) (distance: 14.32)
[14:50:54] TERRAIN: Queued chunk: (2.0, -15.0) (distance: 14.32)
[14:50:54] TERRAIN: Queued chunk: (-13.0, -9.0) (distance: 14.42)
[14:50:54] TERRAIN: Queued chunk: (-9.0, -13.0) (distance: 14.42)
[14:50:54] TERRAIN: Queued chunk: (-15.0, 3.0) (distance: 14.56)
[14:50:54] TERRAIN: Queued chunk: (3.0, -15.0) (distance: 14.56)
[14:50:54] TERRAIN: Queued chunk: (-15.0, -5.0) (distance: 14.56)
[14:50:54] TERRAIN: Queued chunk: (-5.0, -15.0) (distance: 14.56)
[14:50:54] TERRAIN: Queued chunk: (6.0, -14.0) (distance: 14.76)
[14:50:54] TERRAIN: Queued chunk: (-14.0, 6.0) (distance: 14.76)
[14:50:54] TERRAIN: Queued chunk: (-14.0, -8.0) (distance: 14.76)
[14:50:54] TERRAIN: Queued chunk: (-8.0, -14.0) (distance: 14.76)
[14:50:54] TERRAIN: Queued chunk: (-6.0, -15.0) (distance: 14.87)
[14:50:54] TERRAIN: Queued chunk: (-11.0, -12.0) (distance: 14.87)
[14:50:54] TERRAIN: Queued chunk: (-12.0, -11.0) (distance: 14.87)
[14:50:54] TERRAIN: Queued chunk: (4.0, -15.0) (distance: 14.87)
[14:50:54] TERRAIN: Queued chunk: (-15.0, 4.0) (distance: 14.87)
[14:50:54] TERRAIN: Queued chunk: (-15.0, -6.0) (distance: 14.87)
[14:50:54] TERRAIN: Queued chunk: (8.0, -13.0) (distance: 15.00)
[14:50:54] TERRAIN: Queued chunk: (-1.0, -16.0) (distance: 15.00)
[14:50:54] TERRAIN: Queued chunk: (-10.0, -13.0) (distance: 15.00)
[14:50:54] TERRAIN: Queued chunk: (-13.0, 8.0) (distance: 15.00)
[14:50:54] TERRAIN: Queued chunk: (-13.0, -10.0) (distance: 15.00)
[14:50:54] TERRAIN: Queued chunk: (-16.0, -1.0) (distance: 15.00)
[14:50:54] TERRAIN: Creating chunk: (-8.0, -13.0) at distance 13.89
[14:50:54] TERRAIN: Chunk (-8.0, -13.0): TRIMESH collision created successfully (distance: 13.89, vertices: 8)
[14:50:54] TERRAIN: Chunk created successfully: (-8.0, -13.0) at world pos (-256.0, 0.0, -416.0) (total chunks: 710)
[14:50:54] TERRAIN: Creating chunk: (-13.0, -8.0) at distance 13.89
[14:50:54] TERRAIN: Chunk (-13.0, -8.0): TRIMESH collision created successfully (distance: 13.89, vertices: 8)
[14:50:54] TERRAIN: Chunk created successfully: (-13.0, -8.0) at world pos (-416.0, 0.0, -256.0) (total chunks: 711)
[14:50:54] TERRAIN: Creating chunk: (-6.0, -14.0) at distance 13.93
[14:50:54] TERRAIN: Chunk (-6.0, -14.0): TRIMESH collision created successfully (distance: 13.93, vertices: 8)
[14:50:54] TERRAIN: Chunk created successfully: (-6.0, -14.0) at world pos (-192.0, 0.0, -448.0) (total chunks: 712)
[14:50:54] TERRAIN: Creating chunk: (-14.0, -6.0) at distance 13.93
[14:50:54] TERRAIN: Chunk (-14.0, -6.0): TRIMESH collision created successfully (distance: 13.93, vertices: 8)
[14:50:54] TERRAIN: Chunk created successfully: (-14.0, -6.0) at world pos (-448.0, 0.0, -192.0) (total chunks: 713)
[14:50:54] TERRAIN: Creating chunk: (-1.0, -15.0) at distance 14.00
[14:50:54] TERRAIN: Chunk (-1.0, -15.0): TRIMESH collision created successfully (distance: 14.00, vertices: 8)
[14:50:54] TERRAIN: Chunk created successfully: (-1.0, -15.0) at world pos (-32.0, 0.0, -480.0) (total chunks: 714)
[14:50:54] TERRAIN: Creating chunk: (-15.0, -1.0) at distance 14.00
[14:50:54] TERRAIN: Chunk (-15.0, -1.0): TRIMESH collision created successfully (distance: 14.00, vertices: 8)
[14:50:54] TERRAIN: Chunk created successfully: (-15.0, -1.0) at world pos (-480.0, 0.0, -32.0) (total chunks: 715)
[14:50:54] TERRAIN: Creating chunk: (-15.0, -2.0) at distance 14.04
[14:50:54] TERRAIN: Chunk (-15.0, -2.0): TRIMESH collision created successfully (distance: 14.04, vertices: 8)
[14:50:54] TERRAIN: Chunk created successfully: (-15.0, -2.0) at world pos (-480.0, 0.0, -64.0) (total chunks: 716)
[14:50:54] TERRAIN: Creating chunk: (-2.0, -15.0) at distance 14.04
[14:50:54] TERRAIN: Chunk (-2.0, -15.0): TRIMESH collision created successfully (distance: 14.04, vertices: 8)
[14:50:54] TERRAIN: Chunk created successfully: (-2.0, -15.0) at world pos (-64.0, 0.0, -480.0) (total chunks: 717)
[14:50:54] TERRAIN: Creating chunk: (-11.0, -11.0) at distance 14.14
[14:50:54] TERRAIN: Chunk (-11.0, -11.0): TRIMESH collision created successfully (distance: 14.14, vertices: 8)
[14:50:54] TERRAIN: Chunk created successfully: (-11.0, -11.0) at world pos (-352.0, 0.0, -352.0) (total chunks: 718)
[14:50:54] TERRAIN: Creating chunk: (-3.0, -15.0) at distance 14.14
[14:50:54] TERRAIN: Chunk (-3.0, -15.0): TRIMESH collision created successfully (distance: 14.14, vertices: 8)
[14:50:54] TERRAIN: Chunk created successfully: (-3.0, -15.0) at world pos (-96.0, 0.0, -480.0) (total chunks: 719)
[14:50:54] TERRAIN: Creating chunk: (1.0, -15.0) at distance 14.14
[14:50:54] TERRAIN: Chunk (1.0, -15.0): TRIMESH collision created successfully (distance: 14.14, vertices: 8)
[14:50:54] TERRAIN: Chunk created successfully: (1.0, -15.0) at world pos (32.0, 0.0, -480.0) (total chunks: 720)
[14:50:54] TERRAIN: Creating chunk: (-15.0, -3.0) at distance 14.14
[14:50:54] TERRAIN: Chunk (-15.0, -3.0): TRIMESH collision created successfully (distance: 14.14, vertices: 8)
[14:50:54] TERRAIN: Chunk created successfully: (-15.0, -3.0) at world pos (-480.0, 0.0, -96.0) (total chunks: 721)
[14:50:54] TERRAIN: Creating chunk: (-15.0, 1.0) at distance 14.14
[14:50:54] TERRAIN: Chunk (-15.0, 1.0): TRIMESH collision created successfully (distance: 14.14, vertices: 8)
[14:50:54] TERRAIN: Chunk created successfully: (-15.0, 1.0) at world pos (-480.0, 0.0, 32.0) (total chunks: 722)
[14:50:54] TERRAIN: Creating chunk: (-10.0, -12.0) at distance 14.21
[14:50:54] TERRAIN: Chunk (-10.0, -12.0): TRIMESH collision created successfully (distance: 14.21, vertices: 8)
[14:50:54] TERRAIN: Chunk created successfully: (-10.0, -12.0) at world pos (-320.0, 0.0, -384.0) (total chunks: 723)
[14:50:54] TERRAIN: Creating chunk: (-12.0, -10.0) at distance 14.21
[14:50:54] TERRAIN: Chunk (-12.0, -10.0): TRIMESH collision created successfully (distance: 14.21, vertices: 8)
[14:50:54] TERRAIN: Chunk created successfully: (-12.0, -10.0) at world pos (-384.0, 0.0, -320.0) (total chunks: 724)
[14:50:54] TERRAIN: Creating chunk: (-15.0, 2.0) at distance 14.32
[14:50:54] TERRAIN: Chunk (-15.0, 2.0): TRIMESH collision created successfully (distance: 14.32, vertices: 8)
[14:50:54] TERRAIN: Chunk created successfully: (-15.0, 2.0) at world pos (-480.0, 0.0, 64.0) (total chunks: 725)
[14:50:54] TERRAIN: Creating chunk: (-14.0, -7.0) at distance 14.32
[14:50:54] TERRAIN: Chunk (-14.0, -7.0): TRIMESH collision created successfully (distance: 14.32, vertices: 8)
[14:50:54] TERRAIN: Chunk created successfully: (-14.0, -7.0) at world pos (-448.0, 0.0, -224.0) (total chunks: 726)
[14:50:54] TERRAIN: Creating chunk: (-4.0, -15.0) at distance 14.32
[14:50:54] TERRAIN: Chunk (-4.0, -15.0): TRIMESH collision created successfully (distance: 14.32, vertices: 8)
[14:50:54] TERRAIN: Chunk created successfully: (-4.0, -15.0) at world pos (-128.0, 0.0, -480.0) (total chunks: 727)
[14:50:54] TERRAIN: Creating chunk: (-15.0, -4.0) at distance 14.32
[14:50:54] TERRAIN: Chunk (-15.0, -4.0): TRIMESH collision created successfully (distance: 14.32, vertices: 8)
[14:50:54] TERRAIN: Chunk created successfully: (-15.0, -4.0) at world pos (-480.0, 0.0, -128.0) (total chunks: 728)
[14:50:54] TERRAIN: Creating chunk: (-7.0, -14.0) at distance 14.32
[14:50:54] TERRAIN: Chunk (-7.0, -14.0): TRIMESH collision created successfully (distance: 14.32, vertices: 8)
[14:50:54] TERRAIN: Chunk created successfully: (-7.0, -14.0) at world pos (-224.0, 0.0, -448.0) (total chunks: 729)
[14:50:54] TERRAIN: Creating chunk: (2.0, -15.0) at distance 14.32
[14:50:54] TERRAIN: Chunk (2.0, -15.0): TRIMESH collision created successfully (distance: 14.32, vertices: 8)
[14:50:54] TERRAIN: Chunk created successfully: (2.0, -15.0) at world pos (64.0, 0.0, -480.0) (total chunks: 730)
[14:50:54] TERRAIN: Creating chunk: (-13.0, -9.0) at distance 14.42
[14:50:54] TERRAIN: Chunk (-13.0, -9.0): TRIMESH collision created successfully (distance: 14.42, vertices: 8)
[14:50:54] TERRAIN: Chunk created successfully: (-13.0, -9.0) at world pos (-416.0, 0.0, -288.0) (total chunks: 731)
[14:50:54] TERRAIN: Creating chunk: (-9.0, -13.0) at distance 14.42
[14:50:54] TERRAIN: Chunk (-9.0, -13.0): TRIMESH collision created successfully (distance: 14.42, vertices: 8)
[14:50:54] TERRAIN: Chunk created successfully: (-9.0, -13.0) at world pos (-288.0, 0.0, -416.0) (total chunks: 732)
[14:50:54] TERRAIN: Creating chunk: (-15.0, 3.0) at distance 14.56
[14:50:54] TERRAIN: Chunk (-15.0, 3.0): TRIMESH collision created successfully (distance: 14.56, vertices: 8)
[14:50:54] TERRAIN: Chunk created successfully: (-15.0, 3.0) at world pos (-480.0, 0.0, 96.0) (total chunks: 733)
[14:50:54] TERRAIN: Creating chunk: (3.0, -15.0) at distance 14.56
[14:50:54] TERRAIN: Chunk (3.0, -15.0): TRIMESH collision created successfully (distance: 14.56, vertices: 8)
[14:50:54] TERRAIN: Chunk created successfully: (3.0, -15.0) at world pos (96.0, 0.0, -480.0) (total chunks: 734)
[14:50:54] TERRAIN: Creating chunk: (-15.0, -5.0) at distance 14.56
[14:50:54] TERRAIN: Chunk (-15.0, -5.0): TRIMESH collision created successfully (distance: 14.56, vertices: 8)
[14:50:54] TERRAIN: Chunk created successfully: (-15.0, -5.0) at world pos (-480.0, 0.0, -160.0) (total chunks: 735)
[14:50:54] TERRAIN: Creating chunk: (-5.0, -15.0) at distance 14.56
[14:50:54] TERRAIN: Chunk (-5.0, -15.0): TRIMESH collision created successfully (distance: 14.56, vertices: 8)
[14:50:54] TERRAIN: Chunk created successfully: (-5.0, -15.0) at world pos (-160.0, 0.0, -480.0) (total chunks: 736)
[14:50:54] TERRAIN: Creating chunk: (6.0, -14.0) at distance 14.76
[14:50:54] TERRAIN: Chunk (6.0, -14.0): TRIMESH collision created successfully (distance: 14.76, vertices: 8)
[14:50:54] TERRAIN: Chunk created successfully: (6.0, -14.0) at world pos (192.0, 0.0, -448.0) (total chunks: 737)
[14:50:54] TERRAIN: Creating chunk: (-14.0, 6.0) at distance 14.76
[14:50:54] TERRAIN: Chunk (-14.0, 6.0): TRIMESH collision created successfully (distance: 14.76, vertices: 8)
[14:50:54] TERRAIN: Chunk created successfully: (-14.0, 6.0) at world pos (-448.0, 0.0, 192.0) (total chunks: 738)
[14:50:54] TERRAIN: Creating chunk: (-14.0, -8.0) at distance 14.76
[14:50:54] TERRAIN: Chunk (-14.0, -8.0): TRIMESH collision created successfully (distance: 14.76, vertices: 8)
[14:50:54] TERRAIN: Chunk created successfully: (-14.0, -8.0) at world pos (-448.0, 0.0, -256.0) (total chunks: 739)
[14:50:54] TERRAIN: Creating chunk: (-8.0, -14.0) at distance 14.76
[14:50:54] TERRAIN: Chunk (-8.0, -14.0): TRIMESH collision created successfully (distance: 14.76, vertices: 8)
[14:50:54] TERRAIN: Chunk created successfully: (-8.0, -14.0) at world pos (-256.0, 0.0, -448.0) (total chunks: 740)
[14:50:54] TERRAIN: Creating chunk: (-6.0, -15.0) at distance 14.87
[14:50:54] TERRAIN: Chunk (-6.0, -15.0): TRIMESH collision created successfully (distance: 14.87, vertices: 8)
[14:50:54] TERRAIN: Chunk created successfully: (-6.0, -15.0) at world pos (-192.0, 0.0, -480.0) (total chunks: 741)
[14:50:54] TERRAIN: Creating chunk: (-11.0, -12.0) at distance 14.87
[14:50:54] TERRAIN: Chunk (-11.0, -12.0): TRIMESH collision created successfully (distance: 14.87, vertices: 8)
[14:50:54] TERRAIN: Chunk created successfully: (-11.0, -12.0) at world pos (-352.0, 0.0, -384.0) (total chunks: 742)
[14:50:54] TERRAIN: Creating chunk: (-12.0, -11.0) at distance 14.87
[14:50:54] TERRAIN: Chunk (-12.0, -11.0): TRIMESH collision created successfully (distance: 14.87, vertices: 8)
[14:50:54] TERRAIN: Chunk created successfully: (-12.0, -11.0) at world pos (-384.0, 0.0, -352.0) (total chunks: 743)
[14:50:54] TERRAIN: Creating chunk: (4.0, -15.0) at distance 14.87
[14:50:54] TERRAIN: Chunk (4.0, -15.0): TRIMESH collision created successfully (distance: 14.87, vertices: 8)
[14:50:54] TERRAIN: Chunk created successfully: (4.0, -15.0) at world pos (128.0, 0.0, -480.0) (total chunks: 744)
[14:50:54] TERRAIN: Creating chunk: (-15.0, 4.0) at distance 14.87
[14:50:54] TERRAIN: Chunk (-15.0, 4.0): TRIMESH collision created successfully (distance: 14.87, vertices: 8)
[14:50:54] TERRAIN: Chunk created successfully: (-15.0, 4.0) at world pos (-480.0, 0.0, 128.0) (total chunks: 745)
[14:50:54] TERRAIN: Creating chunk: (-15.0, -6.0) at distance 14.87
[14:50:54] TERRAIN: Chunk (-15.0, -6.0): TRIMESH collision created successfully (distance: 14.87, vertices: 8)
[14:50:54] TERRAIN: Chunk created successfully: (-15.0, -6.0) at world pos (-480.0, 0.0, -192.0) (total chunks: 746)
[14:50:54] TERRAIN: Creating chunk: (8.0, -13.0) at distance 15.00
[14:50:54] TERRAIN: Chunk (8.0, -13.0): TRIMESH collision created successfully (distance: 15.00, vertices: 8)
[14:50:54] TERRAIN: Chunk created successfully: (8.0, -13.0) at world pos (256.0, 0.0, -416.0) (total chunks: 747)
[14:50:54] TERRAIN: Creating chunk: (-1.0, -16.0) at distance 15.00
[14:50:54] TERRAIN: Chunk (-1.0, -16.0): TRIMESH collision created successfully (distance: 15.00, vertices: 8)
[14:50:54] TERRAIN: Chunk created successfully: (-1.0, -16.0) at world pos (-32.0, 0.0, -512.0) (total chunks: 748)
[14:50:54] TERRAIN: Creating chunk: (-10.0, -13.0) at distance 15.00
[14:50:54] TERRAIN: Chunk (-10.0, -13.0): TRIMESH collision created successfully (distance: 15.00, vertices: 8)
[14:50:54] TERRAIN: Chunk created successfully: (-10.0, -13.0) at world pos (-320.0, 0.0, -416.0) (total chunks: 749)
[14:50:54] TERRAIN: Creating chunk: (-13.0, 8.0) at distance 15.00
[14:50:54] TERRAIN: Chunk (-13.0, 8.0): TRIMESH collision created successfully (distance: 15.00, vertices: 8)
[14:50:54] TERRAIN: Chunk created successfully: (-13.0, 8.0) at world pos (-416.0, 0.0, 256.0) (total chunks: 750)
[14:50:54] TERRAIN: Creating chunk: (-13.0, -10.0) at distance 15.00
[14:50:54] TERRAIN: Chunk (-13.0, -10.0): TRIMESH collision created successfully (distance: 15.00, vertices: 8)
[14:50:54] TERRAIN: Chunk created successfully: (-13.0, -10.0) at world pos (-416.0, 0.0, -320.0) (total chunks: 751)
[14:50:54] TERRAIN: Creating chunk: (-16.0, -1.0) at distance 15.00
[14:50:54] TERRAIN: Chunk (-16.0, -1.0): TRIMESH collision created successfully (distance: 15.00, vertices: 8)
[14:50:54] TERRAIN: Chunk created successfully: (-16.0, -1.0) at world pos (-512.0, 0.0, -32.0) (total chunks: 752)
[14:50:54] PLAYER: Pos: (-2.941637, 0.001631, -0.117755) | Chunk: (-1.0, -1.0) | TerrainHeight: 0.00 | HeightDiff: -0.00 | OnFloor: true
[14:50:54] PLAYER: CHUNK CHANGED: (-1.0, 0.0) -> (-1.0, -1.0)
[14:50:55] PLAYER: Pos: (-4.761879, -0.011943, -3.860755) | Chunk: (-1.0, -1.0) | TerrainHeight: -0.01 | HeightDiff: 0.00 | OnFloor: true
[14:50:56] PLAYER: Pos: (-6.810487, -0.02662, -8.326405) | Chunk: (-1.0, -1.0) | TerrainHeight: -0.02 | HeightDiff: -0.00 | OnFloor: true
[14:50:57] PLAYER: Pos: (-9.496046, -0.041114, -12.54404) | Chunk: (-1.0, -1.0) | TerrainHeight: -0.04 | HeightDiff: 0.00 | OnFloor: true
[14:50:58] PLAYER: Pos: (-10.43598, -0.04463, -14.02021) | Chunk: (-1.0, -1.0) | TerrainHeight: -0.04 | HeightDiff: -0.00 | OnFloor: true
[14:50:59] PLAYER: Pos: (-10.43598, -0.04463, -14.02021) | Chunk: (-1.0, -1.0) | TerrainHeight: -0.04 | HeightDiff: -0.00 | OnFloor: true
[14:51:00] PLAYER: Pos: (-10.43598, -0.04463, -14.02021) | Chunk: (-1.0, -1.0) | TerrainHeight: -0.04 | HeightDiff: -0.00 | OnFloor: true
[14:51:01] PLAYER: Pos: (-10.43598, -0.04463, -14.02021) | Chunk: (-1.0, -1.0) | TerrainHeight: -0.04 | HeightDiff: -0.00 | OnFloor: true
[14:51:02] PLAYER: Pos: (-10.43598, -0.04463, -14.02021) | Chunk: (-1.0, -1.0) | TerrainHeight: -0.04 | HeightDiff: -0.00 | OnFloor: true
[14:51:03] PLAYER: Pos: (-10.43598, -0.04463, -14.02021) | Chunk: (-1.0, -1.0) | TerrainHeight: -0.04 | HeightDiff: -0.00 | OnFloor: true
[14:51:04] PLAYER: Pos: (-10.43598, -0.04463, -14.02021) | Chunk: (-1.0, -1.0) | TerrainHeight: -0.04 | HeightDiff: -0.00 | OnFloor: true
[14:51:04] INFO: === DEBUG SESSION ENDED ===
