[22:01:56] INFO: === DEBUG SESSION STARTED ===
[22:01:56] INFO: Timestamp: 20250816_220156
[22:01:56] INFO: Godot Version: { "major": 4, "minor": 4, "patch": 0, "hex": 263168, "status": "stable", "build": "official", "hash": "4c311cbee68c0b66ff8ebb8b0defdd9979dd2a41", "timestamp": 0, "string": "4.4-stable (official)" }
[22:01:56] TERRAIN: Updating terrain for player chunk: (0.0, 0.0) (player pos: (0.0, 1.902, 0.0))
[22:01:56] TERRAIN: Queuing 961 new chunks for generation
[22:01:56] TERRAIN: Queued chunk: (0.0, 0.0) (distance: 0.00)
[22:01:56] TERRAIN: Queued chunk: (1.0, 0.0) (distance: 1.00)
[22:01:56] TERRAIN: Queued chunk: (-1.0, 0.0) (distance: 1.00)
[22:01:56] TERRAIN: Queued chunk: (0.0, -1.0) (distance: 1.00)
[22:01:56] TERRAIN: Queued chunk: (0.0, 1.0) (distance: 1.00)
[22:01:56] TERRAIN: Queued chunk: (-1.0, 1.0) (distance: 1.41)
[22:01:56] TERRAIN: Queued chunk: (1.0, 1.0) (distance: 1.41)
[22:01:56] TERRAIN: Queued chunk: (-1.0, -1.0) (distance: 1.41)
[22:01:56] TERRAIN: Queued chunk: (1.0, -1.0) (distance: 1.41)
[22:01:56] TERRAIN: Queued chunk: (-2.0, 0.0) (distance: 2.00)
[22:01:56] TERRAIN: Queued chunk: (0.0, -2.0) (distance: 2.00)
[22:01:56] TERRAIN: Queued chunk: (0.0, 2.0) (distance: 2.00)
[22:01:56] TERRAIN: Queued chunk: (2.0, 0.0) (distance: 2.00)
[22:01:56] TERRAIN: Queued chunk: (1.0, 2.0) (distance: 2.24)
[22:01:56] TERRAIN: Queued chunk: (-2.0, 1.0) (distance: 2.24)
[22:01:56] TERRAIN: Queued chunk: (-2.0, -1.0) (distance: 2.24)
[22:01:56] TERRAIN: Queued chunk: (2.0, 1.0) (distance: 2.24)
[22:01:56] TERRAIN: Queued chunk: (2.0, -1.0) (distance: 2.24)
[22:01:56] TERRAIN: Queued chunk: (1.0, -2.0) (distance: 2.24)
[22:01:56] TERRAIN: Queued chunk: (-1.0, -2.0) (distance: 2.24)
[22:01:56] TERRAIN: Queued chunk: (-1.0, 2.0) (distance: 2.24)
[22:01:56] TERRAIN: Queued chunk: (-2.0, 2.0) (distance: 2.83)
[22:01:56] TERRAIN: Queued chunk: (2.0, 2.0) (distance: 2.83)
[22:01:56] TERRAIN: Queued chunk: (-2.0, -2.0) (distance: 2.83)
[22:01:56] TERRAIN: Queued chunk: (2.0, -2.0) (distance: 2.83)
[22:01:56] TERRAIN: Queued chunk: (3.0, 0.0) (distance: 3.00)
[22:01:56] TERRAIN: Queued chunk: (0.0, -3.0) (distance: 3.00)
[22:01:56] TERRAIN: Queued chunk: (-3.0, 0.0) (distance: 3.00)
[22:01:56] TERRAIN: Queued chunk: (0.0, 3.0) (distance: 3.00)
[22:01:56] TERRAIN: Queued chunk: (-1.0, 3.0) (distance: 3.16)
[22:01:56] TERRAIN: Queued chunk: (3.0, -1.0) (distance: 3.16)
[22:01:56] TERRAIN: Queued chunk: (1.0, -3.0) (distance: 3.16)
[22:01:56] TERRAIN: Queued chunk: (-3.0, 1.0) (distance: 3.16)
[22:01:56] TERRAIN: Queued chunk: (-1.0, -3.0) (distance: 3.16)
[22:01:56] TERRAIN: Queued chunk: (1.0, 3.0) (distance: 3.16)
[22:01:56] TERRAIN: Queued chunk: (-3.0, -1.0) (distance: 3.16)
[22:01:56] TERRAIN: Queued chunk: (3.0, 1.0) (distance: 3.16)
[22:01:56] TERRAIN: Queued chunk: (2.0, 3.0) (distance: 3.61)
[22:01:56] TERRAIN: Queued chunk: (-2.0, -3.0) (distance: 3.61)
[22:01:56] TERRAIN: Queued chunk: (-2.0, 3.0) (distance: 3.61)
[22:01:56] TERRAIN: Queued chunk: (-3.0, -2.0) (distance: 3.61)
[22:01:56] TERRAIN: Queued chunk: (2.0, -3.0) (distance: 3.61)
[22:01:56] TERRAIN: Queued chunk: (-3.0, 2.0) (distance: 3.61)
[22:01:56] TERRAIN: Queued chunk: (3.0, -2.0) (distance: 3.61)
[22:01:56] TERRAIN: Queued chunk: (3.0, 2.0) (distance: 3.61)
[22:01:56] TERRAIN: Queued chunk: (-4.0, 0.0) (distance: 4.00)
[22:01:56] TERRAIN: Queued chunk: (0.0, 4.0) (distance: 4.00)
[22:01:56] TERRAIN: Queued chunk: (0.0, -4.0) (distance: 4.00)
[22:01:56] TERRAIN: Queued chunk: (4.0, 0.0) (distance: 4.00)
[22:01:56] TERRAIN: Queued chunk: (-4.0, 1.0) (distance: 4.12)
[22:01:56] TERRAIN: Queued chunk: (4.0, 1.0) (distance: 4.12)
[22:01:56] TERRAIN: Queued chunk: (1.0, -4.0) (distance: 4.12)
[22:01:56] TERRAIN: Queued chunk: (4.0, -1.0) (distance: 4.12)
[22:01:56] TERRAIN: Queued chunk: (-4.0, -1.0) (distance: 4.12)
[22:01:56] TERRAIN: Queued chunk: (-1.0, -4.0) (distance: 4.12)
[22:01:56] TERRAIN: Queued chunk: (1.0, 4.0) (distance: 4.12)
[22:01:56] TERRAIN: Queued chunk: (-1.0, 4.0) (distance: 4.12)
[22:01:56] TERRAIN: Queued chunk: (3.0, -3.0) (distance: 4.24)
[22:01:56] TERRAIN: Queued chunk: (3.0, 3.0) (distance: 4.24)
[22:01:56] TERRAIN: Queued chunk: (-3.0, 3.0) (distance: 4.24)
[22:01:56] TERRAIN: Queued chunk: (-3.0, -3.0) (distance: 4.24)
[22:01:56] TERRAIN: Queued chunk: (-2.0, 4.0) (distance: 4.47)
[22:01:56] TERRAIN: Queued chunk: (-2.0, -4.0) (distance: 4.47)
[22:01:56] TERRAIN: Queued chunk: (2.0, -4.0) (distance: 4.47)
[22:01:56] TERRAIN: Queued chunk: (-4.0, 2.0) (distance: 4.47)
[22:01:56] TERRAIN: Queued chunk: (4.0, 2.0) (distance: 4.47)
[22:01:56] TERRAIN: Queued chunk: (2.0, 4.0) (distance: 4.47)
[22:01:56] TERRAIN: Queued chunk: (-4.0, -2.0) (distance: 4.47)
[22:01:56] TERRAIN: Queued chunk: (4.0, -2.0) (distance: 4.47)
[22:01:56] TERRAIN: Queued chunk: (-3.0, -4.0) (distance: 5.00)
[22:01:56] TERRAIN: Queued chunk: (0.0, 5.0) (distance: 5.00)
[22:01:56] TERRAIN: Queued chunk: (-3.0, 4.0) (distance: 5.00)
[22:01:56] TERRAIN: Queued chunk: (-5.0, 0.0) (distance: 5.00)
[22:01:56] TERRAIN: Queued chunk: (0.0, -5.0) (distance: 5.00)
[22:01:56] TERRAIN: Queued chunk: (5.0, 0.0) (distance: 5.00)
[22:01:56] TERRAIN: Queued chunk: (3.0, -4.0) (distance: 5.00)
[22:01:56] TERRAIN: Queued chunk: (3.0, 4.0) (distance: 5.00)
[22:01:56] TERRAIN: Queued chunk: (-4.0, -3.0) (distance: 5.00)
[22:01:56] TERRAIN: Queued chunk: (4.0, -3.0) (distance: 5.00)
[22:01:56] TERRAIN: Queued chunk: (4.0, 3.0) (distance: 5.00)
[22:01:56] TERRAIN: Queued chunk: (-4.0, 3.0) (distance: 5.00)
[22:01:56] TERRAIN: Queued chunk: (1.0, -5.0) (distance: 5.10)
[22:01:56] TERRAIN: Queued chunk: (5.0, -1.0) (distance: 5.10)
[22:01:56] TERRAIN: Queued chunk: (5.0, 1.0) (distance: 5.10)
[22:01:56] TERRAIN: Queued chunk: (-1.0, 5.0) (distance: 5.10)
[22:01:56] TERRAIN: Queued chunk: (-1.0, -5.0) (distance: 5.10)
[22:01:56] TERRAIN: Queued chunk: (-5.0, -1.0) (distance: 5.10)
[22:01:56] TERRAIN: Queued chunk: (1.0, 5.0) (distance: 5.10)
[22:01:56] TERRAIN: Queued chunk: (-5.0, 1.0) (distance: 5.10)
[22:01:56] TERRAIN: Queued chunk: (2.0, -5.0) (distance: 5.39)
[22:01:56] TERRAIN: Queued chunk: (-5.0, 2.0) (distance: 5.39)
[22:01:56] TERRAIN: Queued chunk: (-2.0, -5.0) (distance: 5.39)
[22:01:56] TERRAIN: Queued chunk: (-5.0, -2.0) (distance: 5.39)
[22:01:56] TERRAIN: Queued chunk: (2.0, 5.0) (distance: 5.39)
[22:01:56] TERRAIN: Queued chunk: (5.0, 2.0) (distance: 5.39)
[22:01:56] TERRAIN: Queued chunk: (-2.0, 5.0) (distance: 5.39)
[22:01:56] TERRAIN: Queued chunk: (5.0, -2.0) (distance: 5.39)
[22:01:56] TERRAIN: Queued chunk: (4.0, 4.0) (distance: 5.66)
[22:01:56] TERRAIN: Queued chunk: (-4.0, -4.0) (distance: 5.66)
[22:01:56] TERRAIN: Queued chunk: (4.0, -4.0) (distance: 5.66)
[22:01:56] TERRAIN: Queued chunk: (-4.0, 4.0) (distance: 5.66)
[22:01:56] TERRAIN: Queued chunk: (5.0, -3.0) (distance: 5.83)
[22:01:56] TERRAIN: Queued chunk: (-5.0, 3.0) (distance: 5.83)
[22:01:56] TERRAIN: Queued chunk: (-5.0, -3.0) (distance: 5.83)
[22:01:56] TERRAIN: Queued chunk: (5.0, 3.0) (distance: 5.83)
[22:01:56] TERRAIN: Queued chunk: (-3.0, -5.0) (distance: 5.83)
[22:01:56] TERRAIN: Queued chunk: (3.0, -5.0) (distance: 5.83)
[22:01:56] TERRAIN: Queued chunk: (3.0, 5.0) (distance: 5.83)
[22:01:56] TERRAIN: Queued chunk: (-3.0, 5.0) (distance: 5.83)
[22:01:56] TERRAIN: Queued chunk: (6.0, 0.0) (distance: 6.00)
[22:01:56] TERRAIN: Queued chunk: (-6.0, 0.0) (distance: 6.00)
[22:01:56] TERRAIN: Queued chunk: (0.0, 6.0) (distance: 6.00)
[22:01:56] TERRAIN: Queued chunk: (0.0, -6.0) (distance: 6.00)
[22:01:56] TERRAIN: Queued chunk: (6.0, 1.0) (distance: 6.08)
[22:01:56] TERRAIN: Queued chunk: (-6.0, -1.0) (distance: 6.08)
[22:01:56] TERRAIN: Queued chunk: (-6.0, 1.0) (distance: 6.08)
[22:01:56] TERRAIN: Queued chunk: (6.0, -1.0) (distance: 6.08)
[22:01:56] TERRAIN: Queued chunk: (1.0, -6.0) (distance: 6.08)
[22:01:56] TERRAIN: Queued chunk: (-1.0, 6.0) (distance: 6.08)
[22:01:56] TERRAIN: Queued chunk: (1.0, 6.0) (distance: 6.08)
[22:01:56] TERRAIN: Queued chunk: (-1.0, -6.0) (distance: 6.08)
[22:01:56] TERRAIN: Queued chunk: (6.0, -2.0) (distance: 6.32)
[22:01:56] TERRAIN: Queued chunk: (6.0, 2.0) (distance: 6.32)
[22:01:56] TERRAIN: Queued chunk: (2.0, 6.0) (distance: 6.32)
[22:01:56] TERRAIN: Queued chunk: (-2.0, -6.0) (distance: 6.32)
[22:01:56] TERRAIN: Queued chunk: (2.0, -6.0) (distance: 6.32)
[22:01:56] TERRAIN: Queued chunk: (-6.0, -2.0) (distance: 6.32)
[22:01:56] TERRAIN: Queued chunk: (-6.0, 2.0) (distance: 6.32)
[22:01:56] TERRAIN: Queued chunk: (-2.0, 6.0) (distance: 6.32)
[22:01:56] TERRAIN: Queued chunk: (-4.0, -5.0) (distance: 6.40)
[22:01:56] TERRAIN: Queued chunk: (5.0, 4.0) (distance: 6.40)
[22:01:56] TERRAIN: Queued chunk: (-4.0, 5.0) (distance: 6.40)
[22:01:56] TERRAIN: Queued chunk: (4.0, 5.0) (distance: 6.40)
[22:01:56] TERRAIN: Queued chunk: (4.0, -5.0) (distance: 6.40)
[22:01:56] TERRAIN: Queued chunk: (-5.0, 4.0) (distance: 6.40)
[22:01:56] TERRAIN: Queued chunk: (5.0, -4.0) (distance: 6.40)
[22:01:56] TERRAIN: Queued chunk: (-5.0, -4.0) (distance: 6.40)
[22:01:56] TERRAIN: Queued chunk: (6.0, 3.0) (distance: 6.71)
[22:01:56] TERRAIN: Queued chunk: (-3.0, -6.0) (distance: 6.71)
[22:01:56] TERRAIN: Queued chunk: (3.0, 6.0) (distance: 6.71)
[22:01:56] TERRAIN: Queued chunk: (-6.0, -3.0) (distance: 6.71)
[22:01:56] TERRAIN: Queued chunk: (-6.0, 3.0) (distance: 6.71)
[22:01:56] TERRAIN: Queued chunk: (-3.0, 6.0) (distance: 6.71)
[22:01:56] TERRAIN: Queued chunk: (6.0, -3.0) (distance: 6.71)
[22:01:56] TERRAIN: Queued chunk: (3.0, -6.0) (distance: 6.71)
[22:01:56] TERRAIN: Queued chunk: (0.0, -7.0) (distance: 7.00)
[22:01:56] TERRAIN: Queued chunk: (7.0, 0.0) (distance: 7.00)
[22:01:56] TERRAIN: Queued chunk: (0.0, 7.0) (distance: 7.00)
[22:01:56] TERRAIN: Queued chunk: (-7.0, 0.0) (distance: 7.00)
[22:01:56] TERRAIN: Queued chunk: (7.0, 1.0) (distance: 7.07)
[22:01:56] TERRAIN: Queued chunk: (7.0, -1.0) (distance: 7.07)
[22:01:56] TERRAIN: Queued chunk: (1.0, 7.0) (distance: 7.07)
[22:01:56] TERRAIN: Queued chunk: (-1.0, 7.0) (distance: 7.07)
[22:01:56] TERRAIN: Queued chunk: (-7.0, -1.0) (distance: 7.07)
[22:01:56] TERRAIN: Queued chunk: (-7.0, 1.0) (distance: 7.07)
[22:01:56] TERRAIN: Queued chunk: (5.0, -5.0) (distance: 7.07)
[22:01:56] TERRAIN: Queued chunk: (-1.0, -7.0) (distance: 7.07)
[22:01:56] TERRAIN: Queued chunk: (-5.0, -5.0) (distance: 7.07)
[22:01:56] TERRAIN: Queued chunk: (1.0, -7.0) (distance: 7.07)
[22:01:56] TERRAIN: Queued chunk: (-5.0, 5.0) (distance: 7.07)
[22:01:56] TERRAIN: Queued chunk: (5.0, 5.0) (distance: 7.07)
[22:01:56] TERRAIN: Queued chunk: (6.0, 4.0) (distance: 7.21)
[22:01:56] TERRAIN: Queued chunk: (-6.0, 4.0) (distance: 7.21)
[22:01:56] TERRAIN: Queued chunk: (6.0, -4.0) (distance: 7.21)
[22:01:56] TERRAIN: Queued chunk: (-4.0, -6.0) (distance: 7.21)
[22:01:56] TERRAIN: Queued chunk: (-4.0, 6.0) (distance: 7.21)
[22:01:56] TERRAIN: Queued chunk: (4.0, -6.0) (distance: 7.21)
[22:01:56] TERRAIN: Queued chunk: (4.0, 6.0) (distance: 7.21)
[22:01:56] TERRAIN: Queued chunk: (-6.0, -4.0) (distance: 7.21)
[22:01:56] TERRAIN: Queued chunk: (7.0, 2.0) (distance: 7.28)
[22:01:56] TERRAIN: Queued chunk: (7.0, -2.0) (distance: 7.28)
[22:01:56] TERRAIN: Queued chunk: (-2.0, 7.0) (distance: 7.28)
[22:01:56] TERRAIN: Queued chunk: (-7.0, 2.0) (distance: 7.28)
[22:01:56] TERRAIN: Queued chunk: (-2.0, -7.0) (distance: 7.28)
[22:01:56] TERRAIN: Queued chunk: (2.0, 7.0) (distance: 7.28)
[22:01:56] TERRAIN: Queued chunk: (2.0, -7.0) (distance: 7.28)
[22:01:56] TERRAIN: Queued chunk: (-7.0, -2.0) (distance: 7.28)
[22:01:56] TERRAIN: Queued chunk: (-7.0, 3.0) (distance: 7.62)
[22:01:56] TERRAIN: Queued chunk: (-3.0, -7.0) (distance: 7.62)
[22:01:56] TERRAIN: Queued chunk: (7.0, -3.0) (distance: 7.62)
[22:01:56] TERRAIN: Queued chunk: (-7.0, -3.0) (distance: 7.62)
[22:01:56] TERRAIN: Queued chunk: (-3.0, 7.0) (distance: 7.62)
[22:01:56] TERRAIN: Queued chunk: (7.0, 3.0) (distance: 7.62)
[22:01:56] TERRAIN: Queued chunk: (3.0, -7.0) (distance: 7.62)
[22:01:56] TERRAIN: Queued chunk: (3.0, 7.0) (distance: 7.62)
[22:01:56] TERRAIN: Queued chunk: (-6.0, -5.0) (distance: 7.81)
[22:01:56] TERRAIN: Queued chunk: (-5.0, -6.0) (distance: 7.81)
[22:01:56] TERRAIN: Queued chunk: (5.0, -6.0) (distance: 7.81)
[22:01:56] TERRAIN: Queued chunk: (-6.0, 5.0) (distance: 7.81)
[22:01:56] TERRAIN: Queued chunk: (6.0, -5.0) (distance: 7.81)
[22:01:56] TERRAIN: Queued chunk: (-5.0, 6.0) (distance: 7.81)
[22:01:56] TERRAIN: Queued chunk: (5.0, 6.0) (distance: 7.81)
[22:01:56] TERRAIN: Queued chunk: (6.0, 5.0) (distance: 7.81)
[22:01:56] TERRAIN: Queued chunk: (0.0, -8.0) (distance: 8.00)
[22:01:56] TERRAIN: Queued chunk: (8.0, 0.0) (distance: 8.00)
[22:01:56] TERRAIN: Queued chunk: (0.0, 8.0) (distance: 8.00)
[22:01:56] TERRAIN: Queued chunk: (-8.0, 0.0) (distance: 8.00)
[22:01:56] TERRAIN: Queued chunk: (-7.0, 4.0) (distance: 8.06)
[22:01:56] TERRAIN: Queued chunk: (-4.0, 7.0) (distance: 8.06)
[22:01:56] TERRAIN: Queued chunk: (-7.0, -4.0) (distance: 8.06)
[22:01:56] TERRAIN: Queued chunk: (-8.0, -1.0) (distance: 8.06)
[22:01:56] TERRAIN: Queued chunk: (-4.0, -7.0) (distance: 8.06)
[22:01:56] TERRAIN: Queued chunk: (-8.0, 1.0) (distance: 8.06)
[22:01:56] TERRAIN: Queued chunk: (4.0, 7.0) (distance: 8.06)
[22:01:56] TERRAIN: Queued chunk: (4.0, -7.0) (distance: 8.06)
[22:01:56] TERRAIN: Queued chunk: (1.0, -8.0) (distance: 8.06)
[22:01:56] TERRAIN: Queued chunk: (1.0, 8.0) (distance: 8.06)
[22:01:56] TERRAIN: Queued chunk: (-1.0, -8.0) (distance: 8.06)
[22:01:56] TERRAIN: Queued chunk: (-1.0, 8.0) (distance: 8.06)
[22:01:56] TERRAIN: Queued chunk: (7.0, 4.0) (distance: 8.06)
[22:01:56] TERRAIN: Queued chunk: (8.0, -1.0) (distance: 8.06)
[22:01:56] TERRAIN: Queued chunk: (7.0, -4.0) (distance: 8.06)
[22:01:56] TERRAIN: Queued chunk: (8.0, 1.0) (distance: 8.06)
[22:01:56] TERRAIN: Queued chunk: (-2.0, -8.0) (distance: 8.25)
[22:01:56] TERRAIN: Queued chunk: (-8.0, 2.0) (distance: 8.25)
[22:01:56] TERRAIN: Queued chunk: (-8.0, -2.0) (distance: 8.25)
[22:01:56] TERRAIN: Queued chunk: (8.0, 2.0) (distance: 8.25)
[22:01:56] TERRAIN: Queued chunk: (2.0, -8.0) (distance: 8.25)
[22:01:56] TERRAIN: Queued chunk: (2.0, 8.0) (distance: 8.25)
[22:01:56] TERRAIN: Queued chunk: (8.0, -2.0) (distance: 8.25)
[22:01:56] TERRAIN: Queued chunk: (-2.0, 8.0) (distance: 8.25)
[22:01:56] TERRAIN: Queued chunk: (-6.0, 6.0) (distance: 8.49)
[22:01:56] TERRAIN: Queued chunk: (6.0, 6.0) (distance: 8.49)
[22:01:56] TERRAIN: Queued chunk: (-6.0, -6.0) (distance: 8.49)
[22:01:56] TERRAIN: Queued chunk: (6.0, -6.0) (distance: 8.49)
[22:01:56] TERRAIN: Queued chunk: (-3.0, 8.0) (distance: 8.54)
[22:01:56] TERRAIN: Queued chunk: (-8.0, 3.0) (distance: 8.54)
[22:01:56] TERRAIN: Queued chunk: (3.0, 8.0) (distance: 8.54)
[22:01:56] TERRAIN: Queued chunk: (8.0, -3.0) (distance: 8.54)
[22:01:56] TERRAIN: Queued chunk: (-8.0, -3.0) (distance: 8.54)
[22:01:56] TERRAIN: Queued chunk: (8.0, 3.0) (distance: 8.54)
[22:01:56] TERRAIN: Queued chunk: (3.0, -8.0) (distance: 8.54)
[22:01:56] TERRAIN: Queued chunk: (-3.0, -8.0) (distance: 8.54)
[22:01:56] TERRAIN: Queued chunk: (5.0, 7.0) (distance: 8.60)
[22:01:56] TERRAIN: Queued chunk: (5.0, -7.0) (distance: 8.60)
[22:01:56] TERRAIN: Queued chunk: (-5.0, -7.0) (distance: 8.60)
[22:01:56] TERRAIN: Queued chunk: (7.0, 5.0) (distance: 8.60)
[22:01:56] TERRAIN: Queued chunk: (7.0, -5.0) (distance: 8.60)
[22:01:56] TERRAIN: Queued chunk: (-7.0, -5.0) (distance: 8.60)
[22:01:56] TERRAIN: Queued chunk: (-5.0, 7.0) (distance: 8.60)
[22:01:56] TERRAIN: Queued chunk: (-7.0, 5.0) (distance: 8.60)
[22:01:56] TERRAIN: Queued chunk: (8.0, 4.0) (distance: 8.94)
[22:01:56] TERRAIN: Queued chunk: (8.0, -4.0) (distance: 8.94)
[22:01:56] TERRAIN: Queued chunk: (4.0, 8.0) (distance: 8.94)
[22:01:56] TERRAIN: Queued chunk: (4.0, -8.0) (distance: 8.94)
[22:01:56] TERRAIN: Queued chunk: (-4.0, -8.0) (distance: 8.94)
[22:01:56] TERRAIN: Queued chunk: (-8.0, 4.0) (distance: 8.94)
[22:01:56] TERRAIN: Queued chunk: (-4.0, 8.0) (distance: 8.94)
[22:01:56] TERRAIN: Queued chunk: (-8.0, -4.0) (distance: 8.94)
[22:01:56] TERRAIN: Queued chunk: (0.0, -9.0) (distance: 9.00)
[22:01:56] TERRAIN: Queued chunk: (9.0, 0.0) (distance: 9.00)
[22:01:56] TERRAIN: Queued chunk: (0.0, 9.0) (distance: 9.00)
[22:01:56] TERRAIN: Queued chunk: (-9.0, 0.0) (distance: 9.00)
[22:01:56] TERRAIN: Queued chunk: (-1.0, 9.0) (distance: 9.06)
[22:01:56] TERRAIN: Queued chunk: (-9.0, 1.0) (distance: 9.06)
[22:01:56] TERRAIN: Queued chunk: (-9.0, -1.0) (distance: 9.06)
[22:01:56] TERRAIN: Queued chunk: (-1.0, -9.0) (distance: 9.06)
[22:01:56] TERRAIN: Queued chunk: (1.0, 9.0) (distance: 9.06)
[22:01:56] TERRAIN: Queued chunk: (1.0, -9.0) (distance: 9.06)
[22:01:56] TERRAIN: Queued chunk: (9.0, 1.0) (distance: 9.06)
[22:01:56] TERRAIN: Queued chunk: (9.0, -1.0) (distance: 9.06)
[22:01:56] TERRAIN: Queued chunk: (2.0, -9.0) (distance: 9.22)
[22:01:56] TERRAIN: Queued chunk: (2.0, 9.0) (distance: 9.22)
[22:01:56] TERRAIN: Queued chunk: (-6.0, -7.0) (distance: 9.22)
[22:01:56] TERRAIN: Queued chunk: (6.0, -7.0) (distance: 9.22)
[22:01:56] TERRAIN: Queued chunk: (9.0, 2.0) (distance: 9.22)
[22:01:56] TERRAIN: Queued chunk: (9.0, -2.0) (distance: 9.22)
[22:01:56] TERRAIN: Queued chunk: (-7.0, 6.0) (distance: 9.22)
[22:01:56] TERRAIN: Queued chunk: (-6.0, 7.0) (distance: 9.22)
[22:01:56] TERRAIN: Queued chunk: (6.0, 7.0) (distance: 9.22)
[22:01:56] TERRAIN: Queued chunk: (-2.0, 9.0) (distance: 9.22)
[22:01:56] TERRAIN: Queued chunk: (-9.0, -2.0) (distance: 9.22)
[22:01:56] TERRAIN: Queued chunk: (-7.0, -6.0) (distance: 9.22)
[22:01:56] TERRAIN: Queued chunk: (7.0, 6.0) (distance: 9.22)
[22:01:56] TERRAIN: Queued chunk: (-2.0, -9.0) (distance: 9.22)
[22:01:56] TERRAIN: Queued chunk: (-9.0, 2.0) (distance: 9.22)
[22:01:56] TERRAIN: Queued chunk: (7.0, -6.0) (distance: 9.22)
[22:01:56] TERRAIN: Queued chunk: (8.0, -5.0) (distance: 9.43)
[22:01:56] TERRAIN: Queued chunk: (-5.0, 8.0) (distance: 9.43)
[22:01:56] TERRAIN: Queued chunk: (-8.0, 5.0) (distance: 9.43)
[22:01:56] TERRAIN: Queued chunk: (-8.0, -5.0) (distance: 9.43)
[22:01:56] TERRAIN: Queued chunk: (5.0, 8.0) (distance: 9.43)
[22:01:56] TERRAIN: Queued chunk: (-5.0, -8.0) (distance: 9.43)
[22:01:56] TERRAIN: Queued chunk: (8.0, 5.0) (distance: 9.43)
[22:01:56] TERRAIN: Queued chunk: (5.0, -8.0) (distance: 9.43)
[22:01:56] TERRAIN: Queued chunk: (3.0, -9.0) (distance: 9.49)
[22:01:56] TERRAIN: Queued chunk: (-3.0, -9.0) (distance: 9.49)
[22:01:56] TERRAIN: Queued chunk: (9.0, -3.0) (distance: 9.49)
[22:01:56] TERRAIN: Queued chunk: (-9.0, -3.0) (distance: 9.49)
[22:01:56] TERRAIN: Queued chunk: (9.0, 3.0) (distance: 9.49)
[22:01:56] TERRAIN: Queued chunk: (-3.0, 9.0) (distance: 9.49)
[22:01:56] TERRAIN: Queued chunk: (-9.0, 3.0) (distance: 9.49)
[22:01:56] TERRAIN: Queued chunk: (3.0, 9.0) (distance: 9.49)
[22:01:56] TERRAIN: Queued chunk: (4.0, 9.0) (distance: 9.85)
[22:01:56] TERRAIN: Queued chunk: (-4.0, 9.0) (distance: 9.85)
[22:01:56] TERRAIN: Queued chunk: (-4.0, -9.0) (distance: 9.85)
[22:01:56] TERRAIN: Queued chunk: (9.0, -4.0) (distance: 9.85)
[22:01:56] TERRAIN: Queued chunk: (9.0, 4.0) (distance: 9.85)
[22:01:56] TERRAIN: Queued chunk: (-9.0, -4.0) (distance: 9.85)
[22:01:56] TERRAIN: Queued chunk: (-9.0, 4.0) (distance: 9.85)
[22:01:56] TERRAIN: Queued chunk: (4.0, -9.0) (distance: 9.85)
[22:01:56] TERRAIN: Queued chunk: (-7.0, 7.0) (distance: 9.90)
[22:01:56] TERRAIN: Queued chunk: (7.0, -7.0) (distance: 9.90)
[22:01:56] TERRAIN: Queued chunk: (7.0, 7.0) (distance: 9.90)
[22:01:56] TERRAIN: Queued chunk: (-7.0, -7.0) (distance: 9.90)
[22:01:56] TERRAIN: Queued chunk: (0.0, -10.0) (distance: 10.00)
[22:01:56] TERRAIN: Queued chunk: (8.0, 6.0) (distance: 10.00)
[22:01:56] TERRAIN: Queued chunk: (-8.0, -6.0) (distance: 10.00)
[22:01:56] TERRAIN: Queued chunk: (0.0, 10.0) (distance: 10.00)
[22:01:56] TERRAIN: Queued chunk: (10.0, 0.0) (distance: 10.00)
[22:01:56] TERRAIN: Queued chunk: (6.0, -8.0) (distance: 10.00)
[22:01:56] TERRAIN: Queued chunk: (-6.0, -8.0) (distance: 10.00)
[22:01:56] TERRAIN: Queued chunk: (8.0, -6.0) (distance: 10.00)
[22:01:56] TERRAIN: Queued chunk: (-8.0, 6.0) (distance: 10.00)
[22:01:56] TERRAIN: Queued chunk: (6.0, 8.0) (distance: 10.00)
[22:01:56] TERRAIN: Queued chunk: (-10.0, 0.0) (distance: 10.00)
[22:01:56] TERRAIN: Queued chunk: (-6.0, 8.0) (distance: 10.00)
[22:01:56] TERRAIN: Queued chunk: (10.0, 1.0) (distance: 10.05)
[22:01:56] TERRAIN: Queued chunk: (10.0, -1.0) (distance: 10.05)
[22:01:56] TERRAIN: Queued chunk: (-1.0, -10.0) (distance: 10.05)
[22:01:56] TERRAIN: Queued chunk: (1.0, -10.0) (distance: 10.05)
[22:01:56] TERRAIN: Queued chunk: (-1.0, 10.0) (distance: 10.05)
[22:01:56] TERRAIN: Queued chunk: (1.0, 10.0) (distance: 10.05)
[22:01:56] TERRAIN: Queued chunk: (-10.0, -1.0) (distance: 10.05)
[22:01:56] TERRAIN: Queued chunk: (-10.0, 1.0) (distance: 10.05)
[22:01:56] TERRAIN: Queued chunk: (2.0, -10.0) (distance: 10.20)
[22:01:56] TERRAIN: Queued chunk: (-10.0, -2.0) (distance: 10.20)
[22:01:56] TERRAIN: Queued chunk: (10.0, -2.0) (distance: 10.20)
[22:01:56] TERRAIN: Queued chunk: (-10.0, 2.0) (distance: 10.20)
[22:01:56] TERRAIN: Queued chunk: (10.0, 2.0) (distance: 10.20)
[22:01:56] TERRAIN: Queued chunk: (-2.0, 10.0) (distance: 10.20)
[22:01:56] TERRAIN: Queued chunk: (2.0, 10.0) (distance: 10.20)
[22:01:56] TERRAIN: Queued chunk: (-2.0, -10.0) (distance: 10.20)
[22:01:56] TERRAIN: Queued chunk: (5.0, -9.0) (distance: 10.30)
[22:01:56] TERRAIN: Queued chunk: (5.0, 9.0) (distance: 10.30)
[22:01:56] TERRAIN: Queued chunk: (9.0, -5.0) (distance: 10.30)
[22:01:56] TERRAIN: Queued chunk: (-5.0, 9.0) (distance: 10.30)
[22:01:56] TERRAIN: Queued chunk: (-9.0, -5.0) (distance: 10.30)
[22:01:56] TERRAIN: Queued chunk: (-9.0, 5.0) (distance: 10.30)
[22:01:56] TERRAIN: Queued chunk: (-5.0, -9.0) (distance: 10.30)
[22:01:56] TERRAIN: Queued chunk: (9.0, 5.0) (distance: 10.30)
[22:01:56] TERRAIN: Queued chunk: (3.0, 10.0) (distance: 10.44)
[22:01:56] TERRAIN: Queued chunk: (-10.0, -3.0) (distance: 10.44)
[22:01:56] TERRAIN: Queued chunk: (-3.0, 10.0) (distance: 10.44)
[22:01:56] TERRAIN: Queued chunk: (3.0, -10.0) (distance: 10.44)
[22:01:56] TERRAIN: Queued chunk: (-3.0, -10.0) (distance: 10.44)
[22:01:56] TERRAIN: Queued chunk: (10.0, 3.0) (distance: 10.44)
[22:01:56] TERRAIN: Queued chunk: (-10.0, 3.0) (distance: 10.44)
[22:01:56] TERRAIN: Queued chunk: (10.0, -3.0) (distance: 10.44)
[22:01:56] TERRAIN: Queued chunk: (7.0, -8.0) (distance: 10.63)
[22:01:56] TERRAIN: Queued chunk: (8.0, 7.0) (distance: 10.63)
[22:01:56] TERRAIN: Queued chunk: (-8.0, 7.0) (distance: 10.63)
[22:01:56] TERRAIN: Queued chunk: (-7.0, -8.0) (distance: 10.63)
[22:01:56] TERRAIN: Queued chunk: (-7.0, 8.0) (distance: 10.63)
[22:01:56] TERRAIN: Queued chunk: (7.0, 8.0) (distance: 10.63)
[22:01:56] TERRAIN: Queued chunk: (8.0, -7.0) (distance: 10.63)
[22:01:56] TERRAIN: Queued chunk: (-8.0, -7.0) (distance: 10.63)
[22:01:56] TERRAIN: Queued chunk: (4.0, 10.0) (distance: 10.77)
[22:01:56] TERRAIN: Queued chunk: (4.0, -10.0) (distance: 10.77)
[22:01:56] TERRAIN: Queued chunk: (-4.0, 10.0) (distance: 10.77)
[22:01:56] TERRAIN: Queued chunk: (-4.0, -10.0) (distance: 10.77)
[22:01:56] TERRAIN: Queued chunk: (10.0, -4.0) (distance: 10.77)
[22:01:56] TERRAIN: Queued chunk: (10.0, 4.0) (distance: 10.77)
[22:01:56] TERRAIN: Queued chunk: (-10.0, 4.0) (distance: 10.77)
[22:01:56] TERRAIN: Queued chunk: (-10.0, -4.0) (distance: 10.77)
[22:01:56] TERRAIN: Queued chunk: (-6.0, 9.0) (distance: 10.82)
[22:01:56] TERRAIN: Queued chunk: (-6.0, -9.0) (distance: 10.82)
[22:01:56] TERRAIN: Queued chunk: (6.0, 9.0) (distance: 10.82)
[22:01:56] TERRAIN: Queued chunk: (-9.0, 6.0) (distance: 10.82)
[22:01:56] TERRAIN: Queued chunk: (-9.0, -6.0) (distance: 10.82)
[22:01:56] TERRAIN: Queued chunk: (6.0, -9.0) (distance: 10.82)
[22:01:56] TERRAIN: Queued chunk: (9.0, -6.0) (distance: 10.82)
[22:01:56] TERRAIN: Queued chunk: (9.0, 6.0) (distance: 10.82)
[22:01:56] TERRAIN: Queued chunk: (0.0, -11.0) (distance: 11.00)
[22:01:56] TERRAIN: Queued chunk: (-11.0, 0.0) (distance: 11.00)
[22:01:56] TERRAIN: Queued chunk: (0.0, 11.0) (distance: 11.00)
[22:01:56] TERRAIN: Queued chunk: (11.0, 0.0) (distance: 11.00)
[22:01:56] TERRAIN: Queued chunk: (-1.0, 11.0) (distance: 11.05)
[22:01:56] TERRAIN: Queued chunk: (-11.0, 1.0) (distance: 11.05)
[22:01:56] TERRAIN: Queued chunk: (-1.0, -11.0) (distance: 11.05)
[22:01:56] TERRAIN: Queued chunk: (11.0, -1.0) (distance: 11.05)
[22:01:56] TERRAIN: Queued chunk: (-11.0, -1.0) (distance: 11.05)
[22:01:56] TERRAIN: Queued chunk: (1.0, -11.0) (distance: 11.05)
[22:01:56] TERRAIN: Queued chunk: (11.0, 1.0) (distance: 11.05)
[22:01:56] TERRAIN: Queued chunk: (1.0, 11.0) (distance: 11.05)
[22:01:56] TERRAIN: Queued chunk: (10.0, 5.0) (distance: 11.18)
[22:01:56] TERRAIN: Queued chunk: (-5.0, -10.0) (distance: 11.18)
[22:01:56] TERRAIN: Queued chunk: (-2.0, -11.0) (distance: 11.18)
[22:01:56] TERRAIN: Queued chunk: (-10.0, -5.0) (distance: 11.18)
[22:01:56] TERRAIN: Queued chunk: (5.0, 10.0) (distance: 11.18)
[22:01:56] TERRAIN: Queued chunk: (10.0, -5.0) (distance: 11.18)
[22:01:56] TERRAIN: Queued chunk: (-10.0, 5.0) (distance: 11.18)
[22:01:56] TERRAIN: Queued chunk: (11.0, 2.0) (distance: 11.18)
[22:01:56] TERRAIN: Queued chunk: (-5.0, 10.0) (distance: 11.18)
[22:01:56] TERRAIN: Queued chunk: (5.0, -10.0) (distance: 11.18)
[22:01:56] TERRAIN: Queued chunk: (2.0, -11.0) (distance: 11.18)
[22:01:56] TERRAIN: Queued chunk: (11.0, -2.0) (distance: 11.18)
[22:01:56] TERRAIN: Queued chunk: (2.0, 11.0) (distance: 11.18)
[22:01:56] TERRAIN: Queued chunk: (-2.0, 11.0) (distance: 11.18)
[22:01:56] TERRAIN: Queued chunk: (-11.0, 2.0) (distance: 11.18)
[22:01:56] TERRAIN: Queued chunk: (-11.0, -2.0) (distance: 11.18)
[22:01:56] TERRAIN: Queued chunk: (8.0, -8.0) (distance: 11.31)
[22:01:56] TERRAIN: Queued chunk: (8.0, 8.0) (distance: 11.31)
[22:01:56] TERRAIN: Queued chunk: (-8.0, -8.0) (distance: 11.31)
[22:01:56] TERRAIN: Queued chunk: (-8.0, 8.0) (distance: 11.31)
[22:01:56] TERRAIN: Queued chunk: (11.0, -3.0) (distance: 11.40)
[22:01:56] TERRAIN: Queued chunk: (-9.0, 7.0) (distance: 11.40)
[22:01:56] TERRAIN: Queued chunk: (7.0, -9.0) (distance: 11.40)
[22:01:56] TERRAIN: Queued chunk: (11.0, 3.0) (distance: 11.40)
[22:01:56] TERRAIN: Queued chunk: (-3.0, -11.0) (distance: 11.40)
[22:01:56] TERRAIN: Queued chunk: (-9.0, -7.0) (distance: 11.40)
[22:01:56] TERRAIN: Queued chunk: (-11.0, 3.0) (distance: 11.40)
[22:01:56] TERRAIN: Queued chunk: (7.0, 9.0) (distance: 11.40)
[22:01:56] TERRAIN: Queued chunk: (3.0, -11.0) (distance: 11.40)
[22:01:56] TERRAIN: Queued chunk: (3.0, 11.0) (distance: 11.40)
[22:01:56] TERRAIN: Queued chunk: (-11.0, -3.0) (distance: 11.40)
[22:01:56] TERRAIN: Queued chunk: (-7.0, -9.0) (distance: 11.40)
[22:01:56] TERRAIN: Queued chunk: (9.0, -7.0) (distance: 11.40)
[22:01:56] TERRAIN: Queued chunk: (-3.0, 11.0) (distance: 11.40)
[22:01:56] TERRAIN: Queued chunk: (9.0, 7.0) (distance: 11.40)
[22:01:56] TERRAIN: Queued chunk: (-7.0, 9.0) (distance: 11.40)
[22:01:56] TERRAIN: Queued chunk: (6.0, -10.0) (distance: 11.66)
[22:01:56] TERRAIN: Queued chunk: (-6.0, 10.0) (distance: 11.66)
[22:01:56] TERRAIN: Queued chunk: (-6.0, -10.0) (distance: 11.66)
[22:01:56] TERRAIN: Queued chunk: (-10.0, 6.0) (distance: 11.66)
[22:01:56] TERRAIN: Queued chunk: (6.0, 10.0) (distance: 11.66)
[22:01:56] TERRAIN: Queued chunk: (-10.0, -6.0) (distance: 11.66)
[22:01:56] TERRAIN: Queued chunk: (10.0, -6.0) (distance: 11.66)
[22:01:56] TERRAIN: Queued chunk: (10.0, 6.0) (distance: 11.66)
[22:01:56] TERRAIN: Queued chunk: (-4.0, 11.0) (distance: 11.70)
[22:01:56] TERRAIN: Queued chunk: (-11.0, -4.0) (distance: 11.70)
[22:01:56] TERRAIN: Queued chunk: (-11.0, 4.0) (distance: 11.70)
[22:01:56] TERRAIN: Queued chunk: (11.0, -4.0) (distance: 11.70)
[22:01:56] TERRAIN: Queued chunk: (-4.0, -11.0) (distance: 11.70)
[22:01:56] TERRAIN: Queued chunk: (4.0, 11.0) (distance: 11.70)
[22:01:56] TERRAIN: Queued chunk: (11.0, 4.0) (distance: 11.70)
[22:01:56] TERRAIN: Queued chunk: (4.0, -11.0) (distance: 11.70)
[22:01:56] TERRAIN: Queued chunk: (0.0, 12.0) (distance: 12.00)
[22:01:56] TERRAIN: Queued chunk: (0.0, -12.0) (distance: 12.00)
[22:01:56] TERRAIN: Queued chunk: (-12.0, 0.0) (distance: 12.00)
[22:01:56] TERRAIN: Queued chunk: (12.0, 0.0) (distance: 12.00)
[22:01:56] TERRAIN: Queued chunk: (1.0, 12.0) (distance: 12.04)
[22:01:56] TERRAIN: Queued chunk: (-9.0, -8.0) (distance: 12.04)
[22:01:56] TERRAIN: Queued chunk: (12.0, -1.0) (distance: 12.04)
[22:01:56] TERRAIN: Queued chunk: (-1.0, 12.0) (distance: 12.04)
[22:01:56] TERRAIN: Queued chunk: (8.0, -9.0) (distance: 12.04)
[22:01:56] TERRAIN: Queued chunk: (9.0, -8.0) (distance: 12.04)
[22:01:56] TERRAIN: Queued chunk: (9.0, 8.0) (distance: 12.04)
[22:01:56] TERRAIN: Queued chunk: (8.0, 9.0) (distance: 12.04)
[22:01:56] TERRAIN: Queued chunk: (-8.0, 9.0) (distance: 12.04)
[22:01:56] TERRAIN: Queued chunk: (-1.0, -12.0) (distance: 12.04)
[22:01:56] TERRAIN: Queued chunk: (-9.0, 8.0) (distance: 12.04)
[22:01:56] TERRAIN: Queued chunk: (-8.0, -9.0) (distance: 12.04)
[22:01:56] TERRAIN: Queued chunk: (1.0, -12.0) (distance: 12.04)
[22:01:56] TERRAIN: Queued chunk: (12.0, 1.0) (distance: 12.04)
[22:01:56] TERRAIN: Queued chunk: (-12.0, -1.0) (distance: 12.04)
[22:01:56] TERRAIN: Queued chunk: (-12.0, 1.0) (distance: 12.04)
[22:01:56] TERRAIN: Queued chunk: (-5.0, 11.0) (distance: 12.08)
[22:01:56] TERRAIN: Queued chunk: (-11.0, 5.0) (distance: 12.08)
[22:01:56] TERRAIN: Queued chunk: (-5.0, -11.0) (distance: 12.08)
[22:01:56] TERRAIN: Queued chunk: (11.0, -5.0) (distance: 12.08)
[22:01:56] TERRAIN: Queued chunk: (5.0, -11.0) (distance: 12.08)
[22:01:56] TERRAIN: Queued chunk: (5.0, 11.0) (distance: 12.08)
[22:01:56] TERRAIN: Queued chunk: (11.0, 5.0) (distance: 12.08)
[22:01:56] TERRAIN: Queued chunk: (-11.0, -5.0) (distance: 12.08)
[22:01:56] TERRAIN: Queued chunk: (12.0, -2.0) (distance: 12.17)
[22:01:56] TERRAIN: Queued chunk: (-12.0, 2.0) (distance: 12.17)
[22:01:56] TERRAIN: Queued chunk: (2.0, 12.0) (distance: 12.17)
[22:01:56] TERRAIN: Queued chunk: (12.0, 2.0) (distance: 12.17)
[22:01:56] TERRAIN: Queued chunk: (-2.0, -12.0) (distance: 12.17)
[22:01:56] TERRAIN: Queued chunk: (2.0, -12.0) (distance: 12.17)
[22:01:56] TERRAIN: Queued chunk: (-12.0, -2.0) (distance: 12.17)
[22:01:56] TERRAIN: Queued chunk: (-2.0, 12.0) (distance: 12.17)
[22:01:56] TERRAIN: Queued chunk: (10.0, 7.0) (distance: 12.21)
[22:01:56] TERRAIN: Queued chunk: (10.0, -7.0) (distance: 12.21)
[22:01:56] TERRAIN: Queued chunk: (7.0, -10.0) (distance: 12.21)
[22:01:56] TERRAIN: Queued chunk: (-7.0, -10.0) (distance: 12.21)
[22:01:56] TERRAIN: Queued chunk: (-10.0, 7.0) (distance: 12.21)
[22:01:56] TERRAIN: Queued chunk: (-10.0, -7.0) (distance: 12.21)
[22:01:56] TERRAIN: Queued chunk: (-7.0, 10.0) (distance: 12.21)
[22:01:56] TERRAIN: Queued chunk: (7.0, 10.0) (distance: 12.21)
[22:01:56] TERRAIN: Queued chunk: (-12.0, -3.0) (distance: 12.37)
[22:01:56] TERRAIN: Queued chunk: (12.0, -3.0) (distance: 12.37)
[22:01:56] TERRAIN: Queued chunk: (-3.0, -12.0) (distance: 12.37)
[22:01:56] TERRAIN: Queued chunk: (-12.0, 3.0) (distance: 12.37)
[22:01:56] TERRAIN: Queued chunk: (-3.0, 12.0) (distance: 12.37)
[22:01:56] TERRAIN: Queued chunk: (3.0, -12.0) (distance: 12.37)
[22:01:56] TERRAIN: Queued chunk: (12.0, 3.0) (distance: 12.37)
[22:01:56] TERRAIN: Queued chunk: (3.0, 12.0) (distance: 12.37)
[22:01:56] TERRAIN: Queued chunk: (11.0, -6.0) (distance: 12.53)
[22:01:56] TERRAIN: Queued chunk: (-11.0, -6.0) (distance: 12.53)
[22:01:56] TERRAIN: Queued chunk: (-6.0, -11.0) (distance: 12.53)
[22:01:56] TERRAIN: Queued chunk: (-6.0, 11.0) (distance: 12.53)
[22:01:56] TERRAIN: Queued chunk: (-11.0, 6.0) (distance: 12.53)
[22:01:56] TERRAIN: Queued chunk: (6.0, -11.0) (distance: 12.53)
[22:01:56] TERRAIN: Queued chunk: (11.0, 6.0) (distance: 12.53)
[22:01:56] TERRAIN: Queued chunk: (6.0, 11.0) (distance: 12.53)
[22:01:56] TERRAIN: Queued chunk: (-4.0, -12.0) (distance: 12.65)
[22:01:56] TERRAIN: Queued chunk: (12.0, -4.0) (distance: 12.65)
[22:01:56] TERRAIN: Queued chunk: (-12.0, -4.0) (distance: 12.65)
[22:01:56] TERRAIN: Queued chunk: (4.0, 12.0) (distance: 12.65)
[22:01:56] TERRAIN: Queued chunk: (12.0, 4.0) (distance: 12.65)
[22:01:56] TERRAIN: Queued chunk: (-4.0, 12.0) (distance: 12.65)
[22:01:56] TERRAIN: Queued chunk: (-12.0, 4.0) (distance: 12.65)
[22:01:56] TERRAIN: Queued chunk: (4.0, -12.0) (distance: 12.65)
[22:01:56] TERRAIN: Queued chunk: (9.0, -9.0) (distance: 12.73)
[22:01:56] TERRAIN: Queued chunk: (-9.0, -9.0) (distance: 12.73)
[22:01:56] TERRAIN: Queued chunk: (9.0, 9.0) (distance: 12.73)
[22:01:56] TERRAIN: Queued chunk: (-9.0, 9.0) (distance: 12.73)
[22:01:56] TERRAIN: Queued chunk: (8.0, 10.0) (distance: 12.81)
[22:01:56] TERRAIN: Queued chunk: (10.0, -8.0) (distance: 12.81)
[22:01:56] TERRAIN: Queued chunk: (-10.0, 8.0) (distance: 12.81)
[22:01:56] TERRAIN: Queued chunk: (-8.0, -10.0) (distance: 12.81)
[22:01:56] TERRAIN: Queued chunk: (-10.0, -8.0) (distance: 12.81)
[22:01:56] TERRAIN: Queued chunk: (10.0, 8.0) (distance: 12.81)
[22:01:56] TERRAIN: Queued chunk: (8.0, -10.0) (distance: 12.81)
[22:01:56] TERRAIN: Queued chunk: (-8.0, 10.0) (distance: 12.81)
[22:01:56] TERRAIN: Queued chunk: (12.0, -5.0) (distance: 13.00)
[22:01:56] TERRAIN: Queued chunk: (13.0, 0.0) (distance: 13.00)
[22:01:56] TERRAIN: Queued chunk: (5.0, -12.0) (distance: 13.00)
[22:01:56] TERRAIN: Queued chunk: (12.0, 5.0) (distance: 13.00)
[22:01:56] TERRAIN: Queued chunk: (-12.0, -5.0) (distance: 13.00)
[22:01:56] TERRAIN: Queued chunk: (5.0, 12.0) (distance: 13.00)
[22:01:56] TERRAIN: Queued chunk: (0.0, 13.0) (distance: 13.00)
[22:01:56] TERRAIN: Queued chunk: (-12.0, 5.0) (distance: 13.00)
[22:01:56] TERRAIN: Queued chunk: (-5.0, 12.0) (distance: 13.00)
[22:01:56] TERRAIN: Queued chunk: (-5.0, -12.0) (distance: 13.00)
[22:01:56] TERRAIN: Queued chunk: (0.0, -13.0) (distance: 13.00)
[22:01:56] TERRAIN: Queued chunk: (-13.0, 0.0) (distance: 13.00)
[22:01:56] TERRAIN: Queued chunk: (-11.0, 7.0) (distance: 13.04)
[22:01:56] TERRAIN: Queued chunk: (-7.0, 11.0) (distance: 13.04)
[22:01:56] TERRAIN: Queued chunk: (-1.0, 13.0) (distance: 13.04)
[22:01:56] TERRAIN: Queued chunk: (-11.0, -7.0) (distance: 13.04)
[22:01:56] TERRAIN: Queued chunk: (11.0, -7.0) (distance: 13.04)
[22:01:56] TERRAIN: Queued chunk: (-7.0, -11.0) (distance: 13.04)
[22:01:56] TERRAIN: Queued chunk: (7.0, 11.0) (distance: 13.04)
[22:01:56] TERRAIN: Queued chunk: (11.0, 7.0) (distance: 13.04)
[22:01:56] TERRAIN: Queued chunk: (-1.0, -13.0) (distance: 13.04)
[22:01:56] TERRAIN: Queued chunk: (1.0, -13.0) (distance: 13.04)
[22:01:56] TERRAIN: Queued chunk: (7.0, -11.0) (distance: 13.04)
[22:01:56] TERRAIN: Queued chunk: (-13.0, -1.0) (distance: 13.04)
[22:01:56] TERRAIN: Queued chunk: (-13.0, 1.0) (distance: 13.04)
[22:01:56] TERRAIN: Queued chunk: (1.0, 13.0) (distance: 13.04)
[22:01:56] TERRAIN: Queued chunk: (13.0, -1.0) (distance: 13.04)
[22:01:56] TERRAIN: Queued chunk: (13.0, 1.0) (distance: 13.04)
[22:01:56] TERRAIN: Queued chunk: (-2.0, 13.0) (distance: 13.15)
[22:01:56] TERRAIN: Queued chunk: (-13.0, -2.0) (distance: 13.15)
[22:01:56] TERRAIN: Queued chunk: (-2.0, -13.0) (distance: 13.15)
[22:01:56] TERRAIN: Queued chunk: (13.0, 2.0) (distance: 13.15)
[22:01:56] TERRAIN: Queued chunk: (2.0, 13.0) (distance: 13.15)
[22:01:56] TERRAIN: Queued chunk: (2.0, -13.0) (distance: 13.15)
[22:01:56] TERRAIN: Queued chunk: (-13.0, 2.0) (distance: 13.15)
[22:01:56] TERRAIN: Queued chunk: (13.0, -2.0) (distance: 13.15)
[22:01:56] TERRAIN: Queued chunk: (-3.0, -13.0) (distance: 13.34)
[22:01:56] TERRAIN: Queued chunk: (13.0, -3.0) (distance: 13.34)
[22:01:56] TERRAIN: Queued chunk: (3.0, -13.0) (distance: 13.34)
[22:01:56] TERRAIN: Queued chunk: (-13.0, -3.0) (distance: 13.34)
[22:01:56] TERRAIN: Queued chunk: (13.0, 3.0) (distance: 13.34)
[22:01:56] TERRAIN: Queued chunk: (-3.0, 13.0) (distance: 13.34)
[22:01:56] TERRAIN: Queued chunk: (3.0, 13.0) (distance: 13.34)
[22:01:56] TERRAIN: Queued chunk: (-13.0, 3.0) (distance: 13.34)
[22:01:56] TERRAIN: Queued chunk: (-6.0, 12.0) (distance: 13.42)
[22:01:56] TERRAIN: Queued chunk: (-12.0, 6.0) (distance: 13.42)
[22:01:56] TERRAIN: Queued chunk: (-6.0, -12.0) (distance: 13.42)
[22:01:56] TERRAIN: Queued chunk: (12.0, -6.0) (distance: 13.42)
[22:01:56] TERRAIN: Queued chunk: (12.0, 6.0) (distance: 13.42)
[22:01:56] TERRAIN: Queued chunk: (6.0, 12.0) (distance: 13.42)
[22:01:56] TERRAIN: Queued chunk: (6.0, -12.0) (distance: 13.42)
[22:01:56] TERRAIN: Queued chunk: (-12.0, -6.0) (distance: 13.42)
[22:01:56] TERRAIN: Queued chunk: (10.0, -9.0) (distance: 13.45)
[22:01:56] TERRAIN: Queued chunk: (9.0, 10.0) (distance: 13.45)
[22:01:56] TERRAIN: Queued chunk: (10.0, 9.0) (distance: 13.45)
[22:01:56] TERRAIN: Queued chunk: (9.0, -10.0) (distance: 13.45)
[22:01:56] TERRAIN: Queued chunk: (-10.0, -9.0) (distance: 13.45)
[22:01:56] TERRAIN: Queued chunk: (-10.0, 9.0) (distance: 13.45)
[22:01:56] TERRAIN: Queued chunk: (-9.0, 10.0) (distance: 13.45)
[22:01:56] TERRAIN: Queued chunk: (-9.0, -10.0) (distance: 13.45)
[22:01:56] TERRAIN: Queued chunk: (-4.0, 13.0) (distance: 13.60)
[22:01:56] TERRAIN: Queued chunk: (4.0, -13.0) (distance: 13.60)
[22:01:56] TERRAIN: Queued chunk: (-11.0, -8.0) (distance: 13.60)
[22:01:56] TERRAIN: Queued chunk: (13.0, 4.0) (distance: 13.60)
[22:01:56] TERRAIN: Queued chunk: (4.0, 13.0) (distance: 13.60)
[22:01:56] TERRAIN: Queued chunk: (13.0, -4.0) (distance: 13.60)
[22:01:56] TERRAIN: Queued chunk: (11.0, -8.0) (distance: 13.60)
[22:01:56] TERRAIN: Queued chunk: (8.0, 11.0) (distance: 13.60)
[22:01:56] TERRAIN: Queued chunk: (-8.0, -11.0) (distance: 13.60)
[22:01:56] TERRAIN: Queued chunk: (-11.0, 8.0) (distance: 13.60)
[22:01:56] TERRAIN: Queued chunk: (8.0, -11.0) (distance: 13.60)
[22:01:56] TERRAIN: Queued chunk: (-4.0, -13.0) (distance: 13.60)
[22:01:56] TERRAIN: Queued chunk: (-13.0, 4.0) (distance: 13.60)
[22:01:56] TERRAIN: Queued chunk: (-8.0, 11.0) (distance: 13.60)
[22:01:56] TERRAIN: Queued chunk: (-13.0, -4.0) (distance: 13.60)
[22:01:56] TERRAIN: Queued chunk: (11.0, 8.0) (distance: 13.60)
[22:01:56] TERRAIN: Queued chunk: (12.0, 7.0) (distance: 13.89)
[22:01:56] TERRAIN: Queued chunk: (-12.0, -7.0) (distance: 13.89)
[22:01:56] TERRAIN: Queued chunk: (-12.0, 7.0) (distance: 13.89)
[22:01:56] TERRAIN: Queued chunk: (-7.0, 12.0) (distance: 13.89)
[22:01:56] TERRAIN: Queued chunk: (7.0, -12.0) (distance: 13.89)
[22:01:56] TERRAIN: Queued chunk: (-7.0, -12.0) (distance: 13.89)
[22:01:56] TERRAIN: Queued chunk: (7.0, 12.0) (distance: 13.89)
[22:01:56] TERRAIN: Queued chunk: (12.0, -7.0) (distance: 13.89)
[22:01:56] TERRAIN: Queued chunk: (5.0, 13.0) (distance: 13.93)
[22:01:56] TERRAIN: Queued chunk: (-5.0, 13.0) (distance: 13.93)
[22:01:56] TERRAIN: Queued chunk: (-5.0, -13.0) (distance: 13.93)
[22:01:56] TERRAIN: Queued chunk: (5.0, -13.0) (distance: 13.93)
[22:01:56] TERRAIN: Queued chunk: (13.0, -5.0) (distance: 13.93)
[22:01:56] TERRAIN: Queued chunk: (13.0, 5.0) (distance: 13.93)
[22:01:56] TERRAIN: Queued chunk: (-13.0, 5.0) (distance: 13.93)
[22:01:56] TERRAIN: Queued chunk: (-13.0, -5.0) (distance: 13.93)
[22:01:56] TERRAIN: Queued chunk: (14.0, 0.0) (distance: 14.00)
[22:01:56] TERRAIN: Queued chunk: (0.0, -14.0) (distance: 14.00)
[22:01:56] TERRAIN: Queued chunk: (-14.0, 0.0) (distance: 14.00)
[22:01:56] TERRAIN: Queued chunk: (0.0, 14.0) (distance: 14.00)
[22:01:56] TERRAIN: Queued chunk: (14.0, 1.0) (distance: 14.04)
[22:01:56] TERRAIN: Queued chunk: (14.0, -1.0) (distance: 14.04)
[22:01:56] TERRAIN: Queued chunk: (-14.0, 1.0) (distance: 14.04)
[22:01:56] TERRAIN: Queued chunk: (-1.0, -14.0) (distance: 14.04)
[22:01:56] TERRAIN: Queued chunk: (-1.0, 14.0) (distance: 14.04)
[22:01:56] TERRAIN: Queued chunk: (-14.0, -1.0) (distance: 14.04)
[22:01:56] TERRAIN: Queued chunk: (1.0, -14.0) (distance: 14.04)
[22:01:56] TERRAIN: Queued chunk: (1.0, 14.0) (distance: 14.04)
[22:01:56] TERRAIN: Queued chunk: (-10.0, 10.0) (distance: 14.14)
[22:01:56] TERRAIN: Queued chunk: (-10.0, -10.0) (distance: 14.14)
[22:01:56] TERRAIN: Queued chunk: (10.0, -10.0) (distance: 14.14)
[22:01:56] TERRAIN: Queued chunk: (-14.0, 2.0) (distance: 14.14)
[22:01:56] TERRAIN: Queued chunk: (-2.0, -14.0) (distance: 14.14)
[22:01:56] TERRAIN: Queued chunk: (-2.0, 14.0) (distance: 14.14)
[22:01:56] TERRAIN: Queued chunk: (10.0, 10.0) (distance: 14.14)
[22:01:56] TERRAIN: Queued chunk: (-14.0, -2.0) (distance: 14.14)
[22:01:56] TERRAIN: Queued chunk: (2.0, -14.0) (distance: 14.14)
[22:01:56] TERRAIN: Queued chunk: (14.0, 2.0) (distance: 14.14)
[22:01:56] TERRAIN: Queued chunk: (2.0, 14.0) (distance: 14.14)
[22:01:56] TERRAIN: Queued chunk: (14.0, -2.0) (distance: 14.14)
[22:01:56] TERRAIN: Queued chunk: (-9.0, -11.0) (distance: 14.21)
[22:01:56] TERRAIN: Queued chunk: (9.0, 11.0) (distance: 14.21)
[22:01:56] TERRAIN: Queued chunk: (-9.0, 11.0) (distance: 14.21)
[22:01:56] TERRAIN: Queued chunk: (9.0, -11.0) (distance: 14.21)
[22:01:56] TERRAIN: Queued chunk: (11.0, -9.0) (distance: 14.21)
[22:01:56] TERRAIN: Queued chunk: (-11.0, -9.0) (distance: 14.21)
[22:01:56] TERRAIN: Queued chunk: (11.0, 9.0) (distance: 14.21)
[22:01:56] TERRAIN: Queued chunk: (-11.0, 9.0) (distance: 14.21)
[22:01:56] TERRAIN: Queued chunk: (-6.0, 13.0) (distance: 14.32)
[22:01:56] TERRAIN: Queued chunk: (6.0, -13.0) (distance: 14.32)
[22:01:56] TERRAIN: Queued chunk: (14.0, -3.0) (distance: 14.32)
[22:01:56] TERRAIN: Queued chunk: (-13.0, 6.0) (distance: 14.32)
[22:01:56] TERRAIN: Queued chunk: (-13.0, -6.0) (distance: 14.32)
[22:01:56] TERRAIN: Queued chunk: (-6.0, -13.0) (distance: 14.32)
[22:01:56] TERRAIN: Queued chunk: (-14.0, 3.0) (distance: 14.32)
[22:01:56] TERRAIN: Queued chunk: (-3.0, -14.0) (distance: 14.32)
[22:01:56] TERRAIN: Queued chunk: (-3.0, 14.0) (distance: 14.32)
[22:01:56] TERRAIN: Queued chunk: (13.0, 6.0) (distance: 14.32)
[22:01:56] TERRAIN: Queued chunk: (13.0, -6.0) (distance: 14.32)
[22:01:56] TERRAIN: Queued chunk: (3.0, 14.0) (distance: 14.32)
[22:01:56] TERRAIN: Queued chunk: (6.0, 13.0) (distance: 14.32)
[22:01:56] TERRAIN: Queued chunk: (3.0, -14.0) (distance: 14.32)
[22:01:56] TERRAIN: Queued chunk: (14.0, 3.0) (distance: 14.32)
[22:01:56] TERRAIN: Queued chunk: (-14.0, -3.0) (distance: 14.32)
[22:01:56] TERRAIN: Queued chunk: (-8.0, -12.0) (distance: 14.42)
[22:01:56] TERRAIN: Queued chunk: (-8.0, 12.0) (distance: 14.42)
[22:01:56] TERRAIN: Queued chunk: (8.0, -12.0) (distance: 14.42)
[22:01:56] TERRAIN: Queued chunk: (-12.0, 8.0) (distance: 14.42)
[22:01:56] TERRAIN: Queued chunk: (-12.0, -8.0) (distance: 14.42)
[22:01:56] TERRAIN: Queued chunk: (8.0, 12.0) (distance: 14.42)
[22:01:56] TERRAIN: Queued chunk: (12.0, 8.0) (distance: 14.42)
[22:01:56] TERRAIN: Queued chunk: (12.0, -8.0) (distance: 14.42)
[22:01:56] TERRAIN: Queued chunk: (14.0, -4.0) (distance: 14.56)
[22:01:56] TERRAIN: Queued chunk: (-14.0, 4.0) (distance: 14.56)
[22:01:56] TERRAIN: Queued chunk: (14.0, 4.0) (distance: 14.56)
[22:01:56] TERRAIN: Queued chunk: (-14.0, -4.0) (distance: 14.56)
[22:01:56] TERRAIN: Queued chunk: (-4.0, 14.0) (distance: 14.56)
[22:01:56] TERRAIN: Queued chunk: (-4.0, -14.0) (distance: 14.56)
[22:01:56] TERRAIN: Queued chunk: (4.0, -14.0) (distance: 14.56)
[22:01:56] TERRAIN: Queued chunk: (4.0, 14.0) (distance: 14.56)
[22:01:56] TERRAIN: Queued chunk: (7.0, 13.0) (distance: 14.76)
[22:01:56] TERRAIN: Queued chunk: (7.0, -13.0) (distance: 14.76)
[22:01:56] TERRAIN: Queued chunk: (-13.0, -7.0) (distance: 14.76)
[22:01:56] TERRAIN: Queued chunk: (13.0, 7.0) (distance: 14.76)
[22:01:56] TERRAIN: Queued chunk: (-13.0, 7.0) (distance: 14.76)
[22:01:56] TERRAIN: Queued chunk: (-7.0, 13.0) (distance: 14.76)
[22:01:56] TERRAIN: Queued chunk: (13.0, -7.0) (distance: 14.76)
[22:01:56] TERRAIN: Queued chunk: (-7.0, -13.0) (distance: 14.76)
[22:01:56] TERRAIN: Queued chunk: (-11.0, 10.0) (distance: 14.87)
[22:01:56] TERRAIN: Queued chunk: (-5.0, -14.0) (distance: 14.87)
[22:01:56] TERRAIN: Queued chunk: (-5.0, 14.0) (distance: 14.87)
[22:01:56] TERRAIN: Queued chunk: (5.0, 14.0) (distance: 14.87)
[22:01:56] TERRAIN: Queued chunk: (5.0, -14.0) (distance: 14.87)
[22:01:56] TERRAIN: Queued chunk: (-11.0, -10.0) (distance: 14.87)
[22:01:56] TERRAIN: Queued chunk: (10.0, -11.0) (distance: 14.87)
[22:01:56] TERRAIN: Queued chunk: (14.0, 5.0) (distance: 14.87)
[22:01:56] TERRAIN: Queued chunk: (-10.0, -11.0) (distance: 14.87)
[22:01:56] TERRAIN: Queued chunk: (-10.0, 11.0) (distance: 14.87)
[22:01:56] TERRAIN: Queued chunk: (-14.0, 5.0) (distance: 14.87)
[22:01:56] TERRAIN: Queued chunk: (11.0, 10.0) (distance: 14.87)
[22:01:56] TERRAIN: Queued chunk: (-14.0, -5.0) (distance: 14.87)
[22:01:56] TERRAIN: Queued chunk: (11.0, -10.0) (distance: 14.87)
[22:01:56] TERRAIN: Queued chunk: (14.0, -5.0) (distance: 14.87)
[22:01:56] TERRAIN: Queued chunk: (10.0, 11.0) (distance: 14.87)
[22:01:56] TERRAIN: Queued chunk: (-12.0, -9.0) (distance: 15.00)
[22:01:56] TERRAIN: Queued chunk: (-12.0, 9.0) (distance: 15.00)
[22:01:56] TERRAIN: Queued chunk: (9.0, -12.0) (distance: 15.00)
[22:01:56] TERRAIN: Queued chunk: (12.0, -9.0) (distance: 15.00)
[22:01:56] TERRAIN: Queued chunk: (0.0, 15.0) (distance: 15.00)
[22:01:56] TERRAIN: Queued chunk: (0.0, -15.0) (distance: 15.00)
[22:01:56] TERRAIN: Queued chunk: (9.0, 12.0) (distance: 15.00)
[22:01:56] TERRAIN: Queued chunk: (12.0, 9.0) (distance: 15.00)
[22:01:56] TERRAIN: Queued chunk: (-9.0, -12.0) (distance: 15.00)
[22:01:56] TERRAIN: Queued chunk: (-9.0, 12.0) (distance: 15.00)
[22:01:56] TERRAIN: Queued chunk: (-15.0, 0.0) (distance: 15.00)
[22:01:56] TERRAIN: Queued chunk: (15.0, 0.0) (distance: 15.00)
[22:01:56] TERRAIN: Queued chunk: (15.0, -1.0) (distance: 15.03)
[22:01:56] TERRAIN: Queued chunk: (1.0, 15.0) (distance: 15.03)
[22:01:56] TERRAIN: Queued chunk: (1.0, -15.0) (distance: 15.03)
[22:01:56] TERRAIN: Queued chunk: (-15.0, 1.0) (distance: 15.03)
[22:01:56] TERRAIN: Queued chunk: (-15.0, -1.0) (distance: 15.03)
[22:01:56] TERRAIN: Queued chunk: (-1.0, 15.0) (distance: 15.03)
[22:01:56] TERRAIN: Queued chunk: (15.0, 1.0) (distance: 15.03)
[22:01:56] TERRAIN: Queued chunk: (-1.0, -15.0) (distance: 15.03)
[22:01:56] TERRAIN: Queued chunk: (-2.0, -15.0) (distance: 15.13)
[22:01:56] TERRAIN: Queued chunk: (-15.0, -2.0) (distance: 15.13)
[22:01:56] TERRAIN: Queued chunk: (2.0, -15.0) (distance: 15.13)
[22:01:56] TERRAIN: Queued chunk: (2.0, 15.0) (distance: 15.13)
[22:01:56] TERRAIN: Queued chunk: (15.0, -2.0) (distance: 15.13)
[22:01:56] TERRAIN: Queued chunk: (-15.0, 2.0) (distance: 15.13)
[22:01:56] TERRAIN: Queued chunk: (15.0, 2.0) (distance: 15.13)
[22:01:56] TERRAIN: Queued chunk: (-2.0, 15.0) (distance: 15.13)
[22:01:56] TERRAIN: Queued chunk: (-14.0, -6.0) (distance: 15.23)
[22:01:56] TERRAIN: Queued chunk: (-14.0, 6.0) (distance: 15.23)
[22:01:56] TERRAIN: Queued chunk: (6.0, 14.0) (distance: 15.23)
[22:01:56] TERRAIN: Queued chunk: (14.0, 6.0) (distance: 15.23)
[22:01:56] TERRAIN: Queued chunk: (-6.0, 14.0) (distance: 15.23)
[22:01:56] TERRAIN: Queued chunk: (6.0, -14.0) (distance: 15.23)
[22:01:56] TERRAIN: Queued chunk: (-6.0, -14.0) (distance: 15.23)
[22:01:56] TERRAIN: Queued chunk: (14.0, -6.0) (distance: 15.23)
[22:01:56] TERRAIN: Queued chunk: (-13.0, 8.0) (distance: 15.26)
[22:01:56] TERRAIN: Queued chunk: (13.0, -8.0) (distance: 15.26)
[22:01:56] TERRAIN: Queued chunk: (-13.0, -8.0) (distance: 15.26)
[22:01:56] TERRAIN: Queued chunk: (8.0, 13.0) (distance: 15.26)
[22:01:56] TERRAIN: Queued chunk: (-8.0, 13.0) (distance: 15.26)
[22:01:56] TERRAIN: Queued chunk: (13.0, 8.0) (distance: 15.26)
[22:01:56] TERRAIN: Queued chunk: (-8.0, -13.0) (distance: 15.26)
[22:01:56] TERRAIN: Queued chunk: (8.0, -13.0) (distance: 15.26)
[22:01:56] TERRAIN: Queued chunk: (3.0, 15.0) (distance: 15.30)
[22:01:56] TERRAIN: Queued chunk: (-3.0, -15.0) (distance: 15.30)
[22:01:56] TERRAIN: Queued chunk: (15.0, 3.0) (distance: 15.30)
[22:01:56] TERRAIN: Queued chunk: (15.0, -3.0) (distance: 15.30)
[22:01:56] TERRAIN: Queued chunk: (3.0, -15.0) (distance: 15.30)
[22:01:56] TERRAIN: Queued chunk: (-15.0, 3.0) (distance: 15.30)
[22:01:56] TERRAIN: Queued chunk: (-15.0, -3.0) (distance: 15.30)
[22:01:56] TERRAIN: Queued chunk: (-3.0, 15.0) (distance: 15.30)
[22:01:56] TERRAIN: Queued chunk: (-15.0, 4.0) (distance: 15.52)
[22:01:56] TERRAIN: Queued chunk: (4.0, 15.0) (distance: 15.52)
[22:01:56] TERRAIN: Queued chunk: (-15.0, -4.0) (distance: 15.52)
[22:01:56] TERRAIN: Queued chunk: (4.0, -15.0) (distance: 15.52)
[22:01:56] TERRAIN: Queued chunk: (15.0, 4.0) (distance: 15.52)
[22:01:56] TERRAIN: Queued chunk: (15.0, -4.0) (distance: 15.52)
[22:01:56] TERRAIN: Queued chunk: (-4.0, 15.0) (distance: 15.52)
[22:01:56] TERRAIN: Queued chunk: (-4.0, -15.0) (distance: 15.52)
[22:01:56] TERRAIN: Queued chunk: (11.0, -11.0) (distance: 15.56)
[22:01:56] TERRAIN: Queued chunk: (-11.0, -11.0) (distance: 15.56)
[22:01:56] TERRAIN: Queued chunk: (11.0, 11.0) (distance: 15.56)
[22:01:56] TERRAIN: Queued chunk: (-11.0, 11.0) (distance: 15.56)
[22:01:56] TERRAIN: Queued chunk: (10.0, -12.0) (distance: 15.62)
[22:01:56] TERRAIN: Queued chunk: (12.0, 10.0) (distance: 15.62)
[22:01:56] TERRAIN: Queued chunk: (12.0, -10.0) (distance: 15.62)
[22:01:56] TERRAIN: Queued chunk: (-10.0, -12.0) (distance: 15.62)
[22:01:56] TERRAIN: Queued chunk: (-10.0, 12.0) (distance: 15.62)
[22:01:56] TERRAIN: Queued chunk: (10.0, 12.0) (distance: 15.62)
[22:01:56] TERRAIN: Queued chunk: (-12.0, 10.0) (distance: 15.62)
[22:01:56] TERRAIN: Queued chunk: (-12.0, -10.0) (distance: 15.62)
[22:01:56] TERRAIN: Queued chunk: (7.0, -14.0) (distance: 15.65)
[22:01:56] TERRAIN: Queued chunk: (14.0, -7.0) (distance: 15.65)
[22:01:56] TERRAIN: Queued chunk: (7.0, 14.0) (distance: 15.65)
[22:01:56] TERRAIN: Queued chunk: (-7.0, 14.0) (distance: 15.65)
[22:01:56] TERRAIN: Queued chunk: (-14.0, 7.0) (distance: 15.65)
[22:01:56] TERRAIN: Queued chunk: (-7.0, -14.0) (distance: 15.65)
[22:01:56] TERRAIN: Queued chunk: (14.0, 7.0) (distance: 15.65)
[22:01:56] TERRAIN: Queued chunk: (-14.0, -7.0) (distance: 15.65)
[22:01:56] TERRAIN: Queued chunk: (-5.0, 15.0) (distance: 15.81)
[22:01:56] TERRAIN: Queued chunk: (-15.0, 5.0) (distance: 15.81)
[22:01:56] TERRAIN: Queued chunk: (9.0, -13.0) (distance: 15.81)
[22:01:56] TERRAIN: Queued chunk: (-15.0, -5.0) (distance: 15.81)
[22:01:56] TERRAIN: Queued chunk: (-9.0, 13.0) (distance: 15.81)
[22:01:56] TERRAIN: Queued chunk: (15.0, 5.0) (distance: 15.81)
[22:01:56] TERRAIN: Queued chunk: (13.0, -9.0) (distance: 15.81)
[22:01:56] TERRAIN: Queued chunk: (9.0, 13.0) (distance: 15.81)
[22:01:56] TERRAIN: Queued chunk: (5.0, -15.0) (distance: 15.81)
[22:01:56] TERRAIN: Queued chunk: (-13.0, 9.0) (distance: 15.81)
[22:01:56] TERRAIN: Queued chunk: (5.0, 15.0) (distance: 15.81)
[22:01:56] TERRAIN: Queued chunk: (-5.0, -15.0) (distance: 15.81)
[22:01:56] TERRAIN: Queued chunk: (13.0, 9.0) (distance: 15.81)
[22:01:56] TERRAIN: Queued chunk: (-13.0, -9.0) (distance: 15.81)
[22:01:56] TERRAIN: Queued chunk: (-9.0, -13.0) (distance: 15.81)
[22:01:56] TERRAIN: Queued chunk: (15.0, -5.0) (distance: 15.81)
[22:01:56] TERRAIN: Queued chunk: (14.0, -8.0) (distance: 16.12)
[22:01:56] TERRAIN: Queued chunk: (-14.0, 8.0) (distance: 16.12)
[22:01:56] TERRAIN: Queued chunk: (14.0, 8.0) (distance: 16.12)
[22:01:56] TERRAIN: Queued chunk: (-8.0, -14.0) (distance: 16.12)
[22:01:56] TERRAIN: Queued chunk: (8.0, -14.0) (distance: 16.12)
[22:01:56] TERRAIN: Queued chunk: (-14.0, -8.0) (distance: 16.12)
[22:01:56] TERRAIN: Queued chunk: (-8.0, 14.0) (distance: 16.12)
[22:01:56] TERRAIN: Queued chunk: (8.0, 14.0) (distance: 16.12)
[22:01:56] TERRAIN: Queued chunk: (6.0, 15.0) (distance: 16.16)
[22:01:56] TERRAIN: Queued chunk: (15.0, 6.0) (distance: 16.16)
[22:01:56] TERRAIN: Queued chunk: (-15.0, 6.0) (distance: 16.16)
[22:01:56] TERRAIN: Queued chunk: (-6.0, -15.0) (distance: 16.16)
[22:01:56] TERRAIN: Queued chunk: (-15.0, -6.0) (distance: 16.16)
[22:01:56] TERRAIN: Queued chunk: (15.0, -6.0) (distance: 16.16)
[22:01:56] TERRAIN: Queued chunk: (-6.0, 15.0) (distance: 16.16)
[22:01:56] TERRAIN: Queued chunk: (6.0, -15.0) (distance: 16.16)
[22:01:56] TERRAIN: Queued chunk: (11.0, 12.0) (distance: 16.28)
[22:01:56] TERRAIN: Queued chunk: (-12.0, 11.0) (distance: 16.28)
[22:01:56] TERRAIN: Queued chunk: (-12.0, -11.0) (distance: 16.28)
[22:01:56] TERRAIN: Queued chunk: (-11.0, -12.0) (distance: 16.28)
[22:01:56] TERRAIN: Queued chunk: (12.0, -11.0) (distance: 16.28)
[22:01:56] TERRAIN: Queued chunk: (-11.0, 12.0) (distance: 16.28)
[22:01:56] TERRAIN: Queued chunk: (12.0, 11.0) (distance: 16.28)
[22:01:56] TERRAIN: Queued chunk: (11.0, -12.0) (distance: 16.28)
[22:01:56] TERRAIN: Queued chunk: (10.0, 13.0) (distance: 16.40)
[22:01:56] TERRAIN: Queued chunk: (13.0, -10.0) (distance: 16.40)
[22:01:56] TERRAIN: Queued chunk: (-10.0, 13.0) (distance: 16.40)
[22:01:56] TERRAIN: Queued chunk: (-13.0, 10.0) (distance: 16.40)
[22:01:56] TERRAIN: Queued chunk: (-10.0, -13.0) (distance: 16.40)
[22:01:56] TERRAIN: Queued chunk: (-13.0, -10.0) (distance: 16.40)
[22:01:56] TERRAIN: Queued chunk: (10.0, -13.0) (distance: 16.40)
[22:01:56] TERRAIN: Queued chunk: (13.0, 10.0) (distance: 16.40)
[22:01:56] TERRAIN: Queued chunk: (7.0, -15.0) (distance: 16.55)
[22:01:56] TERRAIN: Queued chunk: (15.0, -7.0) (distance: 16.55)
[22:01:56] TERRAIN: Queued chunk: (-7.0, 15.0) (distance: 16.55)
[22:01:56] TERRAIN: Queued chunk: (7.0, 15.0) (distance: 16.55)
[22:01:56] TERRAIN: Queued chunk: (-15.0, -7.0) (distance: 16.55)
[22:01:56] TERRAIN: Queued chunk: (-7.0, -15.0) (distance: 16.55)
[22:01:56] TERRAIN: Queued chunk: (15.0, 7.0) (distance: 16.55)
[22:01:56] TERRAIN: Queued chunk: (-15.0, 7.0) (distance: 16.55)
[22:01:56] TERRAIN: Queued chunk: (14.0, -9.0) (distance: 16.64)
[22:01:56] TERRAIN: Queued chunk: (9.0, 14.0) (distance: 16.64)
[22:01:56] TERRAIN: Queued chunk: (-9.0, 14.0) (distance: 16.64)
[22:01:56] TERRAIN: Queued chunk: (14.0, 9.0) (distance: 16.64)
[22:01:56] TERRAIN: Queued chunk: (-9.0, -14.0) (distance: 16.64)
[22:01:56] TERRAIN: Queued chunk: (9.0, -14.0) (distance: 16.64)
[22:01:56] TERRAIN: Queued chunk: (-14.0, 9.0) (distance: 16.64)
[22:01:56] TERRAIN: Queued chunk: (-14.0, -9.0) (distance: 16.64)
[22:01:56] TERRAIN: Queued chunk: (12.0, 12.0) (distance: 16.97)
[22:01:56] TERRAIN: Queued chunk: (-12.0, -12.0) (distance: 16.97)
[22:01:56] TERRAIN: Queued chunk: (12.0, -12.0) (distance: 16.97)
[22:01:56] TERRAIN: Queued chunk: (-12.0, 12.0) (distance: 16.97)
[22:01:56] TERRAIN: Queued chunk: (8.0, 15.0) (distance: 17.00)
[22:01:56] TERRAIN: Queued chunk: (-15.0, 8.0) (distance: 17.00)
[22:01:56] TERRAIN: Queued chunk: (-15.0, -8.0) (distance: 17.00)
[22:01:56] TERRAIN: Queued chunk: (15.0, 8.0) (distance: 17.00)
[22:01:56] TERRAIN: Queued chunk: (8.0, -15.0) (distance: 17.00)
[22:01:56] TERRAIN: Queued chunk: (15.0, -8.0) (distance: 17.00)
[22:01:56] TERRAIN: Queued chunk: (-8.0, -15.0) (distance: 17.00)
[22:01:56] TERRAIN: Queued chunk: (-8.0, 15.0) (distance: 17.00)
[22:01:56] TERRAIN: Queued chunk: (-11.0, -13.0) (distance: 17.03)
[22:01:56] TERRAIN: Queued chunk: (-11.0, 13.0) (distance: 17.03)
[22:01:56] TERRAIN: Queued chunk: (11.0, -13.0) (distance: 17.03)
[22:01:56] TERRAIN: Queued chunk: (13.0, 11.0) (distance: 17.03)
[22:01:56] TERRAIN: Queued chunk: (13.0, -11.0) (distance: 17.03)
[22:01:56] TERRAIN: Queued chunk: (-13.0, 11.0) (distance: 17.03)
[22:01:56] TERRAIN: Queued chunk: (-13.0, -11.0) (distance: 17.03)
[22:01:56] TERRAIN: Queued chunk: (11.0, 13.0) (distance: 17.03)
[22:01:56] TERRAIN: Queued chunk: (-10.0, -14.0) (distance: 17.20)
[22:01:56] TERRAIN: Queued chunk: (-10.0, 14.0) (distance: 17.20)
[22:01:56] TERRAIN: Queued chunk: (14.0, -10.0) (distance: 17.20)
[22:01:56] TERRAIN: Queued chunk: (14.0, 10.0) (distance: 17.20)
[22:01:56] TERRAIN: Queued chunk: (-14.0, -10.0) (distance: 17.20)
[22:01:56] TERRAIN: Queued chunk: (10.0, -14.0) (distance: 17.20)
[22:01:56] TERRAIN: Queued chunk: (10.0, 14.0) (distance: 17.20)
[22:01:56] TERRAIN: Queued chunk: (-14.0, 10.0) (distance: 17.20)
[22:01:56] TERRAIN: Queued chunk: (15.0, -9.0) (distance: 17.49)
[22:01:56] TERRAIN: Queued chunk: (15.0, 9.0) (distance: 17.49)
[22:01:56] TERRAIN: Queued chunk: (-15.0, -9.0) (distance: 17.49)
[22:01:56] TERRAIN: Queued chunk: (-15.0, 9.0) (distance: 17.49)
[22:01:56] TERRAIN: Queued chunk: (-9.0, -15.0) (distance: 17.49)
[22:01:56] TERRAIN: Queued chunk: (9.0, -15.0) (distance: 17.49)
[22:01:56] TERRAIN: Queued chunk: (-9.0, 15.0) (distance: 17.49)
[22:01:56] TERRAIN: Queued chunk: (9.0, 15.0) (distance: 17.49)
[22:01:56] TERRAIN: Queued chunk: (-12.0, -13.0) (distance: 17.69)
[22:01:56] TERRAIN: Queued chunk: (12.0, 13.0) (distance: 17.69)
[22:01:56] TERRAIN: Queued chunk: (-12.0, 13.0) (distance: 17.69)
[22:01:56] TERRAIN: Queued chunk: (13.0, -12.0) (distance: 17.69)
[22:01:56] TERRAIN: Queued chunk: (12.0, -13.0) (distance: 17.69)
[22:01:56] TERRAIN: Queued chunk: (-13.0, 12.0) (distance: 17.69)
[22:01:56] TERRAIN: Queued chunk: (13.0, 12.0) (distance: 17.69)
[22:01:56] TERRAIN: Queued chunk: (-13.0, -12.0) (distance: 17.69)
[22:01:56] TERRAIN: Queued chunk: (11.0, 14.0) (distance: 17.80)
[22:01:56] TERRAIN: Queued chunk: (14.0, -11.0) (distance: 17.80)
[22:01:56] TERRAIN: Queued chunk: (-14.0, -11.0) (distance: 17.80)
[22:01:56] TERRAIN: Queued chunk: (-11.0, 14.0) (distance: 17.80)
[22:01:56] TERRAIN: Queued chunk: (11.0, -14.0) (distance: 17.80)
[22:01:56] TERRAIN: Queued chunk: (14.0, 11.0) (distance: 17.80)
[22:01:56] TERRAIN: Queued chunk: (-11.0, -14.0) (distance: 17.80)
[22:01:56] TERRAIN: Queued chunk: (-14.0, 11.0) (distance: 17.80)
[22:01:56] TERRAIN: Queued chunk: (-15.0, 10.0) (distance: 18.03)
[22:01:56] TERRAIN: Queued chunk: (-10.0, 15.0) (distance: 18.03)
[22:01:56] TERRAIN: Queued chunk: (-10.0, -15.0) (distance: 18.03)
[22:01:56] TERRAIN: Queued chunk: (10.0, -15.0) (distance: 18.03)
[22:01:56] TERRAIN: Queued chunk: (-15.0, -10.0) (distance: 18.03)
[22:01:56] TERRAIN: Queued chunk: (15.0, 10.0) (distance: 18.03)
[22:01:56] TERRAIN: Queued chunk: (10.0, 15.0) (distance: 18.03)
[22:01:56] TERRAIN: Queued chunk: (15.0, -10.0) (distance: 18.03)
[22:01:56] TERRAIN: Queued chunk: (13.0, 13.0) (distance: 18.38)
[22:01:56] TERRAIN: Queued chunk: (13.0, -13.0) (distance: 18.38)
[22:01:56] TERRAIN: Queued chunk: (-13.0, -13.0) (distance: 18.38)
[22:01:56] TERRAIN: Queued chunk: (-13.0, 13.0) (distance: 18.38)
[22:01:56] TERRAIN: Queued chunk: (14.0, -12.0) (distance: 18.44)
[22:01:56] TERRAIN: Queued chunk: (14.0, 12.0) (distance: 18.44)
[22:01:56] TERRAIN: Queued chunk: (-12.0, 14.0) (distance: 18.44)
[22:01:56] TERRAIN: Queued chunk: (-12.0, -14.0) (distance: 18.44)
[22:01:56] TERRAIN: Queued chunk: (12.0, 14.0) (distance: 18.44)
[22:01:56] TERRAIN: Queued chunk: (-14.0, 12.0) (distance: 18.44)
[22:01:56] TERRAIN: Queued chunk: (12.0, -14.0) (distance: 18.44)
[22:01:56] TERRAIN: Queued chunk: (-14.0, -12.0) (distance: 18.44)
[22:01:56] TERRAIN: Queued chunk: (15.0, -11.0) (distance: 18.60)
[22:01:56] TERRAIN: Queued chunk: (11.0, 15.0) (distance: 18.60)
[22:01:56] TERRAIN: Queued chunk: (11.0, -15.0) (distance: 18.60)
[22:01:56] TERRAIN: Queued chunk: (-11.0, 15.0) (distance: 18.60)
[22:01:56] TERRAIN: Queued chunk: (-11.0, -15.0) (distance: 18.60)
[22:01:56] TERRAIN: Queued chunk: (-15.0, 11.0) (distance: 18.60)
[22:01:56] TERRAIN: Queued chunk: (-15.0, -11.0) (distance: 18.60)
[22:01:56] TERRAIN: Queued chunk: (15.0, 11.0) (distance: 18.60)
[22:01:56] TERRAIN: Queued chunk: (14.0, -13.0) (distance: 19.10)
[22:01:56] TERRAIN: Queued chunk: (13.0, 14.0) (distance: 19.10)
[22:01:56] TERRAIN: Queued chunk: (13.0, -14.0) (distance: 19.10)
[22:01:56] TERRAIN: Queued chunk: (-13.0, 14.0) (distance: 19.10)
[22:01:56] TERRAIN: Queued chunk: (-13.0, -14.0) (distance: 19.10)
[22:01:56] TERRAIN: Queued chunk: (-14.0, 13.0) (distance: 19.10)
[22:01:56] TERRAIN: Queued chunk: (-14.0, -13.0) (distance: 19.10)
[22:01:56] TERRAIN: Queued chunk: (14.0, 13.0) (distance: 19.10)
[22:01:56] TERRAIN: Queued chunk: (15.0, -12.0) (distance: 19.21)
[22:01:56] TERRAIN: Queued chunk: (15.0, 12.0) (distance: 19.21)
[22:01:56] TERRAIN: Queued chunk: (-15.0, 12.0) (distance: 19.21)
[22:01:56] TERRAIN: Queued chunk: (-15.0, -12.0) (distance: 19.21)
[22:01:56] TERRAIN: Queued chunk: (12.0, 15.0) (distance: 19.21)
[22:01:56] TERRAIN: Queued chunk: (12.0, -15.0) (distance: 19.21)
[22:01:56] TERRAIN: Queued chunk: (-12.0, 15.0) (distance: 19.21)
[22:01:56] TERRAIN: Queued chunk: (-12.0, -15.0) (distance: 19.21)
[22:01:56] TERRAIN: Queued chunk: (-14.0, -14.0) (distance: 19.80)
[22:01:56] TERRAIN: Queued chunk: (-14.0, 14.0) (distance: 19.80)
[22:01:56] TERRAIN: Queued chunk: (14.0, 14.0) (distance: 19.80)
[22:01:56] TERRAIN: Queued chunk: (14.0, -14.0) (distance: 19.80)
[22:01:56] TERRAIN: Queued chunk: (-15.0, 13.0) (distance: 19.85)
[22:01:56] TERRAIN: Queued chunk: (-13.0, -15.0) (distance: 19.85)
[22:01:56] TERRAIN: Queued chunk: (-13.0, 15.0) (distance: 19.85)
[22:01:56] TERRAIN: Queued chunk: (13.0, -15.0) (distance: 19.85)
[22:01:56] TERRAIN: Queued chunk: (13.0, 15.0) (distance: 19.85)
[22:01:56] TERRAIN: Queued chunk: (-15.0, -13.0) (distance: 19.85)
[22:01:56] TERRAIN: Queued chunk: (15.0, 13.0) (distance: 19.85)
[22:01:56] TERRAIN: Queued chunk: (15.0, -13.0) (distance: 19.85)
[22:01:56] TERRAIN: Queued chunk: (-15.0, 14.0) (distance: 20.52)
[22:01:56] TERRAIN: Queued chunk: (-15.0, -14.0) (distance: 20.52)
[22:01:56] TERRAIN: Queued chunk: (15.0, 14.0) (distance: 20.52)
[22:01:56] TERRAIN: Queued chunk: (-14.0, -15.0) (distance: 20.52)
[22:01:56] TERRAIN: Queued chunk: (-14.0, 15.0) (distance: 20.52)
[22:01:56] TERRAIN: Queued chunk: (14.0, -15.0) (distance: 20.52)
[22:01:56] TERRAIN: Queued chunk: (14.0, 15.0) (distance: 20.52)
[22:01:56] TERRAIN: Queued chunk: (15.0, -14.0) (distance: 20.52)
[22:01:56] TERRAIN: Queued chunk: (15.0, 15.0) (distance: 21.21)
[22:01:56] TERRAIN: Queued chunk: (15.0, -15.0) (distance: 21.21)
[22:01:56] TERRAIN: Queued chunk: (-15.0, 15.0) (distance: 21.21)
[22:01:56] TERRAIN: Queued chunk: (-15.0, -15.0) (distance: 21.21)
[22:01:56] TERRAIN: Creating chunk: (0.0, 0.0) at distance 0.00
[22:01:56] TERRAIN: Chunk created successfully: (0.0, 0.0) (total chunks: 1)
[22:01:56] TERRAIN: Creating chunk: (1.0, 0.0) at distance 1.00
[22:01:56] TERRAIN: Chunk created successfully: (1.0, 0.0) (total chunks: 2)
[22:01:56] TERRAIN: Creating chunk: (-1.0, 0.0) at distance 1.00
[22:01:56] TERRAIN: Chunk created successfully: (-1.0, 0.0) (total chunks: 3)
[22:01:56] TERRAIN: Creating chunk: (0.0, -1.0) at distance 1.00
[22:01:56] TERRAIN: Chunk created successfully: (0.0, -1.0) (total chunks: 4)
[22:01:57] TERRAIN: Creating chunk: (0.0, 1.0) at distance 1.00
[22:01:57] TERRAIN: Chunk created successfully: (0.0, 1.0) (total chunks: 5)
[22:01:57] TERRAIN: Creating chunk: (-1.0, 1.0) at distance 1.41
[22:01:57] TERRAIN: Chunk created successfully: (-1.0, 1.0) (total chunks: 6)
[22:01:57] TERRAIN: Creating chunk: (1.0, 1.0) at distance 1.41
[22:01:57] TERRAIN: Chunk created successfully: (1.0, 1.0) (total chunks: 7)
[22:01:57] TERRAIN: Creating chunk: (-1.0, -1.0) at distance 1.41
[22:01:57] TERRAIN: Chunk created successfully: (-1.0, -1.0) (total chunks: 8)
[22:01:57] TERRAIN: Creating chunk: (1.0, -1.0) at distance 1.41
[22:01:57] TERRAIN: Chunk created successfully: (1.0, -1.0) (total chunks: 9)
[22:01:57] TERRAIN: Creating chunk: (-2.0, 0.0) at distance 2.00
[22:01:57] TERRAIN: Chunk created successfully: (-2.0, 0.0) (total chunks: 10)
[22:01:57] TERRAIN: Creating chunk: (0.0, -2.0) at distance 2.00
[22:01:57] TERRAIN: Chunk created successfully: (0.0, -2.0) (total chunks: 11)
[22:01:57] TERRAIN: Creating chunk: (0.0, 2.0) at distance 2.00
[22:01:57] TERRAIN: Chunk created successfully: (0.0, 2.0) (total chunks: 12)
[22:01:57] TERRAIN: Creating chunk: (2.0, 0.0) at distance 2.00
[22:01:57] TERRAIN: Chunk created successfully: (2.0, 0.0) (total chunks: 13)
[22:01:57] TERRAIN: Creating chunk: (1.0, 2.0) at distance 2.24
[22:01:57] TERRAIN: Chunk created successfully: (1.0, 2.0) (total chunks: 14)
[22:01:57] TERRAIN: Creating chunk: (-2.0, 1.0) at distance 2.24
[22:01:57] TERRAIN: Chunk created successfully: (-2.0, 1.0) (total chunks: 15)
[22:01:57] TERRAIN: Creating chunk: (-2.0, -1.0) at distance 2.24
[22:01:57] TERRAIN: Chunk created successfully: (-2.0, -1.0) (total chunks: 16)
[22:01:57] TERRAIN: Creating chunk: (2.0, 1.0) at distance 2.24
[22:01:57] TERRAIN: Chunk created successfully: (2.0, 1.0) (total chunks: 17)
[22:01:57] TERRAIN: Creating chunk: (2.0, -1.0) at distance 2.24
[22:01:57] TERRAIN: Chunk created successfully: (2.0, -1.0) (total chunks: 18)
[22:01:57] TERRAIN: Creating chunk: (1.0, -2.0) at distance 2.24
[22:01:57] TERRAIN: Chunk created successfully: (1.0, -2.0) (total chunks: 19)
[22:01:57] TERRAIN: Creating chunk: (-1.0, -2.0) at distance 2.24
[22:01:57] TERRAIN: Chunk created successfully: (-1.0, -2.0) (total chunks: 20)
[22:01:57] TERRAIN: Creating chunk: (-1.0, 2.0) at distance 2.24
[22:01:57] TERRAIN: Chunk created successfully: (-1.0, 2.0) (total chunks: 21)
[22:01:57] TERRAIN: Creating chunk: (-2.0, 2.0) at distance 2.83
[22:01:57] TERRAIN: Chunk created successfully: (-2.0, 2.0) (total chunks: 22)
[22:01:57] TERRAIN: Creating chunk: (2.0, 2.0) at distance 2.83
[22:01:57] TERRAIN: Chunk created successfully: (2.0, 2.0) (total chunks: 23)
[22:01:57] TERRAIN: Creating chunk: (-2.0, -2.0) at distance 2.83
[22:01:57] TERRAIN: Chunk created successfully: (-2.0, -2.0) (total chunks: 24)
[22:01:57] TERRAIN: Creating chunk: (2.0, -2.0) at distance 2.83
[22:01:57] TERRAIN: Chunk created successfully: (2.0, -2.0) (total chunks: 25)
[22:01:57] TERRAIN: Creating chunk: (3.0, 0.0) at distance 3.00
[22:01:57] TERRAIN: Chunk created successfully: (3.0, 0.0) (total chunks: 26)
[22:01:57] TERRAIN: Creating chunk: (0.0, -3.0) at distance 3.00
[22:01:57] TERRAIN: Chunk created successfully: (0.0, -3.0) (total chunks: 27)
[22:01:57] TERRAIN: Creating chunk: (-3.0, 0.0) at distance 3.00
[22:01:57] TERRAIN: Chunk created successfully: (-3.0, 0.0) (total chunks: 28)
[22:01:57] TERRAIN: Creating chunk: (0.0, 3.0) at distance 3.00
[22:01:57] TERRAIN: Chunk created successfully: (0.0, 3.0) (total chunks: 29)
[22:01:57] TERRAIN: Creating chunk: (-1.0, 3.0) at distance 3.16
[22:01:57] TERRAIN: Chunk created successfully: (-1.0, 3.0) (total chunks: 30)
[22:01:57] TERRAIN: Creating chunk: (3.0, -1.0) at distance 3.16
[22:01:57] TERRAIN: Chunk created successfully: (3.0, -1.0) (total chunks: 31)
[22:01:57] TERRAIN: Creating chunk: (1.0, -3.0) at distance 3.16
[22:01:57] TERRAIN: Chunk created successfully: (1.0, -3.0) (total chunks: 32)
[22:01:57] TERRAIN: Creating chunk: (-3.0, 1.0) at distance 3.16
[22:01:57] TERRAIN: Chunk created successfully: (-3.0, 1.0) (total chunks: 33)
[22:01:57] TERRAIN: Creating chunk: (-1.0, -3.0) at distance 3.16
[22:01:57] TERRAIN: Chunk created successfully: (-1.0, -3.0) (total chunks: 34)
[22:01:57] TERRAIN: Creating chunk: (1.0, 3.0) at distance 3.16
[22:01:57] TERRAIN: Chunk created successfully: (1.0, 3.0) (total chunks: 35)
[22:01:57] TERRAIN: Creating chunk: (-3.0, -1.0) at distance 3.16
[22:01:57] TERRAIN: Chunk created successfully: (-3.0, -1.0) (total chunks: 36)
[22:01:57] TERRAIN: Creating chunk: (3.0, 1.0) at distance 3.16
[22:01:57] TERRAIN: Chunk created successfully: (3.0, 1.0) (total chunks: 37)
[22:01:57] TERRAIN: Creating chunk: (2.0, 3.0) at distance 3.61
[22:01:57] TERRAIN: Chunk created successfully: (2.0, 3.0) (total chunks: 38)
[22:01:57] TERRAIN: Creating chunk: (-2.0, -3.0) at distance 3.61
[22:01:57] TERRAIN: Chunk created successfully: (-2.0, -3.0) (total chunks: 39)
[22:01:57] TERRAIN: Creating chunk: (-2.0, 3.0) at distance 3.61
[22:01:57] TERRAIN: Chunk created successfully: (-2.0, 3.0) (total chunks: 40)
[22:01:57] TERRAIN: Creating chunk: (-3.0, -2.0) at distance 3.61
[22:01:57] TERRAIN: Chunk created successfully: (-3.0, -2.0) (total chunks: 41)
[22:01:57] TERRAIN: Creating chunk: (2.0, -3.0) at distance 3.61
[22:01:57] TERRAIN: Chunk created successfully: (2.0, -3.0) (total chunks: 42)
[22:01:57] TERRAIN: Creating chunk: (-3.0, 2.0) at distance 3.61
[22:01:57] TERRAIN: Chunk created successfully: (-3.0, 2.0) (total chunks: 43)
[22:01:57] TERRAIN: Creating chunk: (3.0, -2.0) at distance 3.61
[22:01:57] TERRAIN: Chunk created successfully: (3.0, -2.0) (total chunks: 44)
[22:01:57] TERRAIN: Creating chunk: (3.0, 2.0) at distance 3.61
[22:01:57] TERRAIN: Chunk created successfully: (3.0, 2.0) (total chunks: 45)
[22:01:57] TERRAIN: Creating chunk: (-4.0, 0.0) at distance 4.00
[22:01:57] TERRAIN: Chunk created successfully: (-4.0, 0.0) (total chunks: 46)
[22:01:57] TERRAIN: Creating chunk: (0.0, 4.0) at distance 4.00
[22:01:57] TERRAIN: Chunk created successfully: (0.0, 4.0) (total chunks: 47)
[22:01:57] TERRAIN: Creating chunk: (0.0, -4.0) at distance 4.00
[22:01:57] TERRAIN: Chunk created successfully: (0.0, -4.0) (total chunks: 48)
[22:01:57] TERRAIN: Creating chunk: (4.0, 0.0) at distance 4.00
[22:01:57] TERRAIN: Chunk created successfully: (4.0, 0.0) (total chunks: 49)
[22:01:57] TERRAIN: Creating chunk: (-4.0, 1.0) at distance 4.12
[22:01:57] TERRAIN: Chunk created successfully: (-4.0, 1.0) (total chunks: 50)
[22:01:57] TERRAIN: Creating chunk: (4.0, 1.0) at distance 4.12
[22:01:57] TERRAIN: Chunk created successfully: (4.0, 1.0) (total chunks: 51)
[22:01:57] TERRAIN: Creating chunk: (1.0, -4.0) at distance 4.12
[22:01:57] TERRAIN: Chunk created successfully: (1.0, -4.0) (total chunks: 52)
[22:01:57] TERRAIN: Creating chunk: (4.0, -1.0) at distance 4.12
[22:01:57] TERRAIN: Chunk created successfully: (4.0, -1.0) (total chunks: 53)
[22:01:57] TERRAIN: Creating chunk: (-4.0, -1.0) at distance 4.12
[22:01:57] TERRAIN: Chunk created successfully: (-4.0, -1.0) (total chunks: 54)
[22:01:57] TERRAIN: Creating chunk: (-1.0, -4.0) at distance 4.12
[22:01:57] TERRAIN: Chunk created successfully: (-1.0, -4.0) (total chunks: 55)
[22:01:57] TERRAIN: Creating chunk: (1.0, 4.0) at distance 4.12
[22:01:57] TERRAIN: Chunk created successfully: (1.0, 4.0) (total chunks: 56)
[22:01:57] TERRAIN: Creating chunk: (-1.0, 4.0) at distance 4.12
[22:01:57] TERRAIN: Chunk created successfully: (-1.0, 4.0) (total chunks: 57)
[22:01:57] TERRAIN: Creating chunk: (3.0, -3.0) at distance 4.24
[22:01:57] TERRAIN: Chunk created successfully: (3.0, -3.0) (total chunks: 58)
[22:01:57] TERRAIN: Creating chunk: (3.0, 3.0) at distance 4.24
[22:01:57] TERRAIN: Chunk created successfully: (3.0, 3.0) (total chunks: 59)
[22:01:57] TERRAIN: Creating chunk: (-3.0, 3.0) at distance 4.24
[22:01:57] TERRAIN: Chunk created successfully: (-3.0, 3.0) (total chunks: 60)
[22:01:57] TERRAIN: Creating chunk: (-3.0, -3.0) at distance 4.24
[22:01:57] TERRAIN: Chunk created successfully: (-3.0, -3.0) (total chunks: 61)
[22:01:57] TERRAIN: Creating chunk: (-2.0, 4.0) at distance 4.47
[22:01:57] TERRAIN: Chunk created successfully: (-2.0, 4.0) (total chunks: 62)
[22:01:57] TERRAIN: Creating chunk: (-2.0, -4.0) at distance 4.47
[22:01:57] TERRAIN: Chunk created successfully: (-2.0, -4.0) (total chunks: 63)
[22:01:57] TERRAIN: Creating chunk: (2.0, -4.0) at distance 4.47
[22:01:57] TERRAIN: Chunk created successfully: (2.0, -4.0) (total chunks: 64)
[22:01:57] TERRAIN: Creating chunk: (-4.0, 2.0) at distance 4.47
[22:01:57] TERRAIN: Chunk created successfully: (-4.0, 2.0) (total chunks: 65)
[22:01:57] TERRAIN: Creating chunk: (4.0, 2.0) at distance 4.47
[22:01:57] TERRAIN: Chunk created successfully: (4.0, 2.0) (total chunks: 66)
[22:01:57] TERRAIN: Creating chunk: (2.0, 4.0) at distance 4.47
[22:01:57] TERRAIN: Chunk created successfully: (2.0, 4.0) (total chunks: 67)
[22:01:57] TERRAIN: Creating chunk: (-4.0, -2.0) at distance 4.47
[22:01:57] TERRAIN: Chunk created successfully: (-4.0, -2.0) (total chunks: 68)
[22:01:57] TERRAIN: Creating chunk: (4.0, -2.0) at distance 4.47
[22:01:57] TERRAIN: Chunk created successfully: (4.0, -2.0) (total chunks: 69)
[22:01:57] TERRAIN: Creating chunk: (-3.0, -4.0) at distance 5.00
[22:01:57] TERRAIN: Chunk created successfully: (-3.0, -4.0) (total chunks: 70)
[22:01:57] TERRAIN: Creating chunk: (0.0, 5.0) at distance 5.00
[22:01:57] TERRAIN: Chunk created successfully: (0.0, 5.0) (total chunks: 71)
[22:01:57] TERRAIN: Creating chunk: (-3.0, 4.0) at distance 5.00
[22:01:57] TERRAIN: Chunk created successfully: (-3.0, 4.0) (total chunks: 72)
[22:01:57] TERRAIN: Creating chunk: (-5.0, 0.0) at distance 5.00
[22:01:57] TERRAIN: Chunk created successfully: (-5.0, 0.0) (total chunks: 73)
[22:01:57] TERRAIN: Creating chunk: (0.0, -5.0) at distance 5.00
[22:01:57] TERRAIN: Chunk created successfully: (0.0, -5.0) (total chunks: 74)
[22:01:57] TERRAIN: Creating chunk: (5.0, 0.0) at distance 5.00
[22:01:57] TERRAIN: Chunk created successfully: (5.0, 0.0) (total chunks: 75)
[22:01:57] TERRAIN: Creating chunk: (3.0, -4.0) at distance 5.00
[22:01:57] TERRAIN: Chunk created successfully: (3.0, -4.0) (total chunks: 76)
[22:01:57] TERRAIN: Creating chunk: (3.0, 4.0) at distance 5.00
[22:01:57] TERRAIN: Chunk created successfully: (3.0, 4.0) (total chunks: 77)
[22:01:57] TERRAIN: Creating chunk: (-4.0, -3.0) at distance 5.00
[22:01:57] TERRAIN: Chunk created successfully: (-4.0, -3.0) (total chunks: 78)
[22:01:57] TERRAIN: Creating chunk: (4.0, -3.0) at distance 5.00
[22:01:57] TERRAIN: Chunk created successfully: (4.0, -3.0) (total chunks: 79)
[22:01:57] TERRAIN: Creating chunk: (4.0, 3.0) at distance 5.00
[22:01:57] TERRAIN: Chunk created successfully: (4.0, 3.0) (total chunks: 80)
[22:01:57] TERRAIN: Creating chunk: (-4.0, 3.0) at distance 5.00
[22:01:57] TERRAIN: Chunk created successfully: (-4.0, 3.0) (total chunks: 81)
[22:01:57] TERRAIN: Creating chunk: (1.0, -5.0) at distance 5.10
[22:01:57] TERRAIN: Chunk created successfully: (1.0, -5.0) (total chunks: 82)
[22:01:57] TERRAIN: Creating chunk: (5.0, -1.0) at distance 5.10
[22:01:57] TERRAIN: Chunk created successfully: (5.0, -1.0) (total chunks: 83)
[22:01:57] TERRAIN: Creating chunk: (5.0, 1.0) at distance 5.10
[22:01:57] TERRAIN: Chunk created successfully: (5.0, 1.0) (total chunks: 84)
[22:01:57] TERRAIN: Creating chunk: (-1.0, 5.0) at distance 5.10
[22:01:57] TERRAIN: Chunk created successfully: (-1.0, 5.0) (total chunks: 85)
[22:01:57] TERRAIN: Creating chunk: (-1.0, -5.0) at distance 5.10
[22:01:57] TERRAIN: Chunk created successfully: (-1.0, -5.0) (total chunks: 86)
[22:01:57] TERRAIN: Creating chunk: (-5.0, -1.0) at distance 5.10
[22:01:57] TERRAIN: Chunk created successfully: (-5.0, -1.0) (total chunks: 87)
[22:01:57] TERRAIN: Creating chunk: (1.0, 5.0) at distance 5.10
[22:01:57] TERRAIN: Chunk created successfully: (1.0, 5.0) (total chunks: 88)
[22:01:57] TERRAIN: Creating chunk: (-5.0, 1.0) at distance 5.10
[22:01:57] TERRAIN: Chunk created successfully: (-5.0, 1.0) (total chunks: 89)
[22:01:57] TERRAIN: Creating chunk: (2.0, -5.0) at distance 5.39
[22:01:57] TERRAIN: Chunk created successfully: (2.0, -5.0) (total chunks: 90)
[22:01:57] TERRAIN: Creating chunk: (-5.0, 2.0) at distance 5.39
[22:01:57] TERRAIN: Chunk created successfully: (-5.0, 2.0) (total chunks: 91)
[22:01:57] TERRAIN: Creating chunk: (-2.0, -5.0) at distance 5.39
[22:01:57] TERRAIN: Chunk created successfully: (-2.0, -5.0) (total chunks: 92)
[22:01:57] TERRAIN: Creating chunk: (-5.0, -2.0) at distance 5.39
[22:01:57] TERRAIN: Chunk created successfully: (-5.0, -2.0) (total chunks: 93)
[22:01:57] TERRAIN: Creating chunk: (2.0, 5.0) at distance 5.39
[22:01:57] TERRAIN: Chunk created successfully: (2.0, 5.0) (total chunks: 94)
[22:01:57] TERRAIN: Creating chunk: (5.0, 2.0) at distance 5.39
[22:01:57] TERRAIN: Chunk created successfully: (5.0, 2.0) (total chunks: 95)
[22:01:57] TERRAIN: Creating chunk: (-2.0, 5.0) at distance 5.39
[22:01:57] TERRAIN: Chunk created successfully: (-2.0, 5.0) (total chunks: 96)
[22:01:57] TERRAIN: Creating chunk: (5.0, -2.0) at distance 5.39
[22:01:57] TERRAIN: Chunk created successfully: (5.0, -2.0) (total chunks: 97)
[22:01:57] TERRAIN: Creating chunk: (4.0, 4.0) at distance 5.66
[22:01:57] TERRAIN: Chunk created successfully: (4.0, 4.0) (total chunks: 98)
[22:01:57] TERRAIN: Creating chunk: (-4.0, -4.0) at distance 5.66
[22:01:57] TERRAIN: Chunk created successfully: (-4.0, -4.0) (total chunks: 99)
[22:01:57] TERRAIN: Creating chunk: (4.0, -4.0) at distance 5.66
[22:01:57] TERRAIN: Chunk created successfully: (4.0, -4.0) (total chunks: 100)
[22:01:57] TERRAIN: Creating chunk: (-4.0, 4.0) at distance 5.66
[22:01:57] TERRAIN: Chunk created successfully: (-4.0, 4.0) (total chunks: 101)
[22:01:57] TERRAIN: Creating chunk: (5.0, -3.0) at distance 5.83
[22:01:57] TERRAIN: Chunk created successfully: (5.0, -3.0) (total chunks: 102)
[22:01:57] TERRAIN: Creating chunk: (-5.0, 3.0) at distance 5.83
[22:01:57] TERRAIN: Chunk created successfully: (-5.0, 3.0) (total chunks: 103)
[22:01:57] TERRAIN: Creating chunk: (-5.0, -3.0) at distance 5.83
[22:01:57] TERRAIN: Chunk created successfully: (-5.0, -3.0) (total chunks: 104)
[22:01:57] TERRAIN: Creating chunk: (5.0, 3.0) at distance 5.83
[22:01:57] TERRAIN: Chunk created successfully: (5.0, 3.0) (total chunks: 105)
[22:01:57] TERRAIN: Creating chunk: (-3.0, -5.0) at distance 5.83
[22:01:57] TERRAIN: Chunk created successfully: (-3.0, -5.0) (total chunks: 106)
[22:01:57] TERRAIN: Creating chunk: (3.0, -5.0) at distance 5.83
[22:01:57] TERRAIN: Chunk created successfully: (3.0, -5.0) (total chunks: 107)
[22:01:57] TERRAIN: Creating chunk: (3.0, 5.0) at distance 5.83
[22:01:57] TERRAIN: Chunk created successfully: (3.0, 5.0) (total chunks: 108)
[22:01:57] PLAYER: Pos: (0.0, 0.000183, 0.0) | Chunk: (0.0, 0.0) | TerrainHeight: 0.00 | HeightDiff: 0.00 | OnFloor: true
[22:01:57] PLAYER: CHUNK CHANGED: (inf, inf) -> (0.0, 0.0)
[22:01:57] TERRAIN: Creating chunk: (-3.0, 5.0) at distance 5.83
[22:01:57] TERRAIN: Chunk created successfully: (-3.0, 5.0) (total chunks: 109)
[22:01:57] TERRAIN: Creating chunk: (6.0, 0.0) at distance 6.00
[22:01:57] TERRAIN: Chunk created successfully: (6.0, 0.0) (total chunks: 110)
[22:01:57] TERRAIN: Creating chunk: (-6.0, 0.0) at distance 6.00
[22:01:57] TERRAIN: Chunk created successfully: (-6.0, 0.0) (total chunks: 111)
[22:01:57] TERRAIN: Creating chunk: (0.0, 6.0) at distance 6.00
[22:01:57] TERRAIN: Chunk created successfully: (0.0, 6.0) (total chunks: 112)
[22:01:57] TERRAIN: Creating chunk: (0.0, -6.0) at distance 6.00
[22:01:57] TERRAIN: Chunk created successfully: (0.0, -6.0) (total chunks: 113)
[22:01:57] TERRAIN: Creating chunk: (6.0, 1.0) at distance 6.08
[22:01:57] TERRAIN: Chunk created successfully: (6.0, 1.0) (total chunks: 114)
[22:01:57] TERRAIN: Creating chunk: (-6.0, -1.0) at distance 6.08
[22:01:57] TERRAIN: Chunk created successfully: (-6.0, -1.0) (total chunks: 115)
[22:01:57] TERRAIN: Creating chunk: (-6.0, 1.0) at distance 6.08
[22:01:57] TERRAIN: Chunk created successfully: (-6.0, 1.0) (total chunks: 116)
[22:01:57] TERRAIN: Creating chunk: (6.0, -1.0) at distance 6.08
[22:01:57] TERRAIN: Chunk created successfully: (6.0, -1.0) (total chunks: 117)
[22:01:57] TERRAIN: Creating chunk: (1.0, -6.0) at distance 6.08
[22:01:57] TERRAIN: Chunk created successfully: (1.0, -6.0) (total chunks: 118)
[22:01:57] TERRAIN: Creating chunk: (-1.0, 6.0) at distance 6.08
[22:01:57] TERRAIN: Chunk created successfully: (-1.0, 6.0) (total chunks: 119)
[22:01:57] TERRAIN: Creating chunk: (1.0, 6.0) at distance 6.08
[22:01:57] TERRAIN: Chunk created successfully: (1.0, 6.0) (total chunks: 120)
[22:01:57] TERRAIN: Creating chunk: (-1.0, -6.0) at distance 6.08
[22:01:57] TERRAIN: Chunk created successfully: (-1.0, -6.0) (total chunks: 121)
[22:01:57] TERRAIN: Creating chunk: (6.0, -2.0) at distance 6.32
[22:01:57] TERRAIN: Chunk created successfully: (6.0, -2.0) (total chunks: 122)
[22:01:57] TERRAIN: Creating chunk: (6.0, 2.0) at distance 6.32
[22:01:57] TERRAIN: Chunk created successfully: (6.0, 2.0) (total chunks: 123)
[22:01:57] TERRAIN: Creating chunk: (2.0, 6.0) at distance 6.32
[22:01:57] TERRAIN: Chunk created successfully: (2.0, 6.0) (total chunks: 124)
[22:01:57] TERRAIN: Creating chunk: (-2.0, -6.0) at distance 6.32
[22:01:57] TERRAIN: Chunk created successfully: (-2.0, -6.0) (total chunks: 125)
[22:01:57] TERRAIN: Creating chunk: (2.0, -6.0) at distance 6.32
[22:01:57] TERRAIN: Chunk created successfully: (2.0, -6.0) (total chunks: 126)
[22:01:57] TERRAIN: Creating chunk: (-6.0, -2.0) at distance 6.32
[22:01:57] TERRAIN: Chunk created successfully: (-6.0, -2.0) (total chunks: 127)
[22:01:57] TERRAIN: Creating chunk: (-6.0, 2.0) at distance 6.32
[22:01:57] TERRAIN: Chunk created successfully: (-6.0, 2.0) (total chunks: 128)
[22:01:57] TERRAIN: Creating chunk: (-2.0, 6.0) at distance 6.32
[22:01:57] TERRAIN: Chunk created successfully: (-2.0, 6.0) (total chunks: 129)
[22:01:57] TERRAIN: Creating chunk: (-4.0, -5.0) at distance 6.40
[22:01:57] TERRAIN: Chunk created successfully: (-4.0, -5.0) (total chunks: 130)
[22:01:57] TERRAIN: Creating chunk: (5.0, 4.0) at distance 6.40
[22:01:57] TERRAIN: Chunk created successfully: (5.0, 4.0) (total chunks: 131)
[22:01:57] TERRAIN: Creating chunk: (-4.0, 5.0) at distance 6.40
[22:01:57] TERRAIN: Chunk created successfully: (-4.0, 5.0) (total chunks: 132)
[22:01:57] TERRAIN: Creating chunk: (4.0, 5.0) at distance 6.40
[22:01:57] TERRAIN: Chunk created successfully: (4.0, 5.0) (total chunks: 133)
[22:01:57] TERRAIN: Creating chunk: (4.0, -5.0) at distance 6.40
[22:01:57] TERRAIN: Chunk created successfully: (4.0, -5.0) (total chunks: 134)
[22:01:57] TERRAIN: Creating chunk: (-5.0, 4.0) at distance 6.40
[22:01:57] TERRAIN: Chunk created successfully: (-5.0, 4.0) (total chunks: 135)
[22:01:57] TERRAIN: Creating chunk: (5.0, -4.0) at distance 6.40
[22:01:57] TERRAIN: Chunk created successfully: (5.0, -4.0) (total chunks: 136)
[22:01:57] TERRAIN: Creating chunk: (-5.0, -4.0) at distance 6.40
[22:01:57] TERRAIN: Chunk created successfully: (-5.0, -4.0) (total chunks: 137)
[22:01:57] TERRAIN: Creating chunk: (6.0, 3.0) at distance 6.71
[22:01:57] TERRAIN: Chunk created successfully: (6.0, 3.0) (total chunks: 138)
[22:01:57] TERRAIN: Creating chunk: (-3.0, -6.0) at distance 6.71
[22:01:57] TERRAIN: Chunk created successfully: (-3.0, -6.0) (total chunks: 139)
[22:01:57] TERRAIN: Creating chunk: (3.0, 6.0) at distance 6.71
[22:01:57] TERRAIN: Chunk created successfully: (3.0, 6.0) (total chunks: 140)
[22:01:57] TERRAIN: Creating chunk: (-6.0, -3.0) at distance 6.71
[22:01:57] TERRAIN: Chunk created successfully: (-6.0, -3.0) (total chunks: 141)
[22:01:57] TERRAIN: Creating chunk: (-6.0, 3.0) at distance 6.71
[22:01:57] TERRAIN: Chunk created successfully: (-6.0, 3.0) (total chunks: 142)
[22:01:57] TERRAIN: Creating chunk: (-3.0, 6.0) at distance 6.71
[22:01:57] TERRAIN: Chunk created successfully: (-3.0, 6.0) (total chunks: 143)
[22:01:57] TERRAIN: Creating chunk: (6.0, -3.0) at distance 6.71
[22:01:57] TERRAIN: Chunk created successfully: (6.0, -3.0) (total chunks: 144)
[22:01:58] TERRAIN: Creating chunk: (3.0, -6.0) at distance 6.71
[22:01:58] TERRAIN: Chunk created successfully: (3.0, -6.0) (total chunks: 145)
[22:01:58] TERRAIN: Creating chunk: (0.0, -7.0) at distance 7.00
[22:01:58] TERRAIN: Chunk created successfully: (0.0, -7.0) (total chunks: 146)
[22:01:58] TERRAIN: Creating chunk: (7.0, 0.0) at distance 7.00
[22:01:58] TERRAIN: Chunk created successfully: (7.0, 0.0) (total chunks: 147)
[22:01:58] TERRAIN: Creating chunk: (0.0, 7.0) at distance 7.00
[22:01:58] TERRAIN: Chunk created successfully: (0.0, 7.0) (total chunks: 148)
[22:01:58] TERRAIN: Creating chunk: (-7.0, 0.0) at distance 7.00
[22:01:58] TERRAIN: Chunk created successfully: (-7.0, 0.0) (total chunks: 149)
[22:01:58] TERRAIN: Creating chunk: (7.0, 1.0) at distance 7.07
[22:01:58] TERRAIN: Chunk created successfully: (7.0, 1.0) (total chunks: 150)
[22:01:58] TERRAIN: Creating chunk: (7.0, -1.0) at distance 7.07
[22:01:58] TERRAIN: Chunk created successfully: (7.0, -1.0) (total chunks: 151)
[22:01:58] TERRAIN: Creating chunk: (1.0, 7.0) at distance 7.07
[22:01:58] TERRAIN: Chunk created successfully: (1.0, 7.0) (total chunks: 152)
[22:01:58] TERRAIN: Creating chunk: (-1.0, 7.0) at distance 7.07
[22:01:58] TERRAIN: Chunk created successfully: (-1.0, 7.0) (total chunks: 153)
[22:01:58] TERRAIN: Creating chunk: (-7.0, -1.0) at distance 7.07
[22:01:58] TERRAIN: Chunk created successfully: (-7.0, -1.0) (total chunks: 154)
[22:01:58] TERRAIN: Creating chunk: (-7.0, 1.0) at distance 7.07
[22:01:58] TERRAIN: Chunk created successfully: (-7.0, 1.0) (total chunks: 155)
[22:01:58] TERRAIN: Creating chunk: (5.0, -5.0) at distance 7.07
[22:01:58] TERRAIN: Chunk created successfully: (5.0, -5.0) (total chunks: 156)
[22:01:58] TERRAIN: Creating chunk: (-1.0, -7.0) at distance 7.07
[22:01:58] TERRAIN: Chunk created successfully: (-1.0, -7.0) (total chunks: 157)
[22:01:58] TERRAIN: Creating chunk: (-5.0, -5.0) at distance 7.07
[22:01:58] TERRAIN: Chunk created successfully: (-5.0, -5.0) (total chunks: 158)
[22:01:58] TERRAIN: Creating chunk: (1.0, -7.0) at distance 7.07
[22:01:58] TERRAIN: Chunk created successfully: (1.0, -7.0) (total chunks: 159)
[22:01:58] TERRAIN: Creating chunk: (-5.0, 5.0) at distance 7.07
[22:01:58] TERRAIN: Chunk created successfully: (-5.0, 5.0) (total chunks: 160)
[22:01:58] TERRAIN: Creating chunk: (5.0, 5.0) at distance 7.07
[22:01:58] TERRAIN: Chunk created successfully: (5.0, 5.0) (total chunks: 161)
[22:01:58] TERRAIN: Creating chunk: (6.0, 4.0) at distance 7.21
[22:01:58] TERRAIN: Chunk created successfully: (6.0, 4.0) (total chunks: 162)
[22:01:58] TERRAIN: Creating chunk: (-6.0, 4.0) at distance 7.21
[22:01:58] TERRAIN: Chunk created successfully: (-6.0, 4.0) (total chunks: 163)
[22:01:58] TERRAIN: Creating chunk: (6.0, -4.0) at distance 7.21
[22:01:58] TERRAIN: Chunk created successfully: (6.0, -4.0) (total chunks: 164)
[22:01:58] TERRAIN: Creating chunk: (-4.0, -6.0) at distance 7.21
[22:01:58] TERRAIN: Chunk created successfully: (-4.0, -6.0) (total chunks: 165)
[22:01:58] TERRAIN: Creating chunk: (-4.0, 6.0) at distance 7.21
[22:01:58] TERRAIN: Chunk created successfully: (-4.0, 6.0) (total chunks: 166)
[22:01:58] TERRAIN: Creating chunk: (4.0, -6.0) at distance 7.21
[22:01:58] TERRAIN: Chunk created successfully: (4.0, -6.0) (total chunks: 167)
[22:01:58] TERRAIN: Creating chunk: (4.0, 6.0) at distance 7.21
[22:01:58] TERRAIN: Chunk created successfully: (4.0, 6.0) (total chunks: 168)
[22:01:58] TERRAIN: Creating chunk: (-6.0, -4.0) at distance 7.21
[22:01:58] TERRAIN: Chunk created successfully: (-6.0, -4.0) (total chunks: 169)
[22:01:58] TERRAIN: Creating chunk: (7.0, 2.0) at distance 7.28
[22:01:58] TERRAIN: Chunk created successfully: (7.0, 2.0) (total chunks: 170)
[22:01:58] TERRAIN: Creating chunk: (7.0, -2.0) at distance 7.28
[22:01:58] TERRAIN: Chunk created successfully: (7.0, -2.0) (total chunks: 171)
[22:01:58] TERRAIN: Creating chunk: (-2.0, 7.0) at distance 7.28
[22:01:58] TERRAIN: Chunk created successfully: (-2.0, 7.0) (total chunks: 172)
[22:01:58] TERRAIN: Creating chunk: (-7.0, 2.0) at distance 7.28
[22:01:58] TERRAIN: Chunk created successfully: (-7.0, 2.0) (total chunks: 173)
[22:01:58] TERRAIN: Creating chunk: (-2.0, -7.0) at distance 7.28
[22:01:58] TERRAIN: Chunk created successfully: (-2.0, -7.0) (total chunks: 174)
[22:01:58] TERRAIN: Creating chunk: (2.0, 7.0) at distance 7.28
[22:01:58] TERRAIN: Chunk created successfully: (2.0, 7.0) (total chunks: 175)
[22:01:58] TERRAIN: Creating chunk: (2.0, -7.0) at distance 7.28
[22:01:58] TERRAIN: Chunk created successfully: (2.0, -7.0) (total chunks: 176)
[22:01:58] TERRAIN: Creating chunk: (-7.0, -2.0) at distance 7.28
[22:01:58] TERRAIN: Chunk created successfully: (-7.0, -2.0) (total chunks: 177)
[22:01:58] TERRAIN: Creating chunk: (-7.0, 3.0) at distance 7.62
[22:01:58] TERRAIN: Chunk created successfully: (-7.0, 3.0) (total chunks: 178)
[22:01:58] TERRAIN: Creating chunk: (-3.0, -7.0) at distance 7.62
[22:01:58] TERRAIN: Chunk created successfully: (-3.0, -7.0) (total chunks: 179)
[22:01:58] TERRAIN: Creating chunk: (7.0, -3.0) at distance 7.62
[22:01:58] TERRAIN: Chunk created successfully: (7.0, -3.0) (total chunks: 180)
[22:01:58] TERRAIN: Creating chunk: (-7.0, -3.0) at distance 7.62
[22:01:58] TERRAIN: Chunk created successfully: (-7.0, -3.0) (total chunks: 181)
[22:01:58] TERRAIN: Creating chunk: (-3.0, 7.0) at distance 7.62
[22:01:58] TERRAIN: Chunk created successfully: (-3.0, 7.0) (total chunks: 182)
[22:01:58] TERRAIN: Creating chunk: (7.0, 3.0) at distance 7.62
[22:01:58] TERRAIN: Chunk created successfully: (7.0, 3.0) (total chunks: 183)
[22:01:58] TERRAIN: Creating chunk: (3.0, -7.0) at distance 7.62
[22:01:58] TERRAIN: Chunk created successfully: (3.0, -7.0) (total chunks: 184)
[22:01:58] TERRAIN: Creating chunk: (3.0, 7.0) at distance 7.62
[22:01:58] TERRAIN: Chunk created successfully: (3.0, 7.0) (total chunks: 185)
[22:01:58] TERRAIN: Creating chunk: (-6.0, -5.0) at distance 7.81
[22:01:58] TERRAIN: Chunk created successfully: (-6.0, -5.0) (total chunks: 186)
[22:01:58] TERRAIN: Creating chunk: (-5.0, -6.0) at distance 7.81
[22:01:58] TERRAIN: Chunk created successfully: (-5.0, -6.0) (total chunks: 187)
[22:01:58] TERRAIN: Creating chunk: (5.0, -6.0) at distance 7.81
[22:01:58] TERRAIN: Chunk created successfully: (5.0, -6.0) (total chunks: 188)
[22:01:58] TERRAIN: Creating chunk: (-6.0, 5.0) at distance 7.81
[22:01:58] TERRAIN: Chunk created successfully: (-6.0, 5.0) (total chunks: 189)
[22:01:58] TERRAIN: Creating chunk: (6.0, -5.0) at distance 7.81
[22:01:58] TERRAIN: Chunk created successfully: (6.0, -5.0) (total chunks: 190)
[22:01:58] TERRAIN: Creating chunk: (-5.0, 6.0) at distance 7.81
[22:01:58] TERRAIN: Chunk created successfully: (-5.0, 6.0) (total chunks: 191)
[22:01:58] TERRAIN: Creating chunk: (5.0, 6.0) at distance 7.81
[22:01:58] TERRAIN: Chunk created successfully: (5.0, 6.0) (total chunks: 192)
[22:01:58] TERRAIN: Creating chunk: (6.0, 5.0) at distance 7.81
[22:01:58] TERRAIN: Chunk created successfully: (6.0, 5.0) (total chunks: 193)
[22:01:58] TERRAIN: Creating chunk: (0.0, -8.0) at distance 8.00
[22:01:58] TERRAIN: Chunk created successfully: (0.0, -8.0) (total chunks: 194)
[22:01:58] TERRAIN: Creating chunk: (8.0, 0.0) at distance 8.00
[22:01:58] TERRAIN: Chunk created successfully: (8.0, 0.0) (total chunks: 195)
[22:01:58] TERRAIN: Creating chunk: (0.0, 8.0) at distance 8.00
[22:01:58] TERRAIN: Chunk created successfully: (0.0, 8.0) (total chunks: 196)
[22:01:58] TERRAIN: Creating chunk: (-8.0, 0.0) at distance 8.00
[22:01:58] TERRAIN: Chunk created successfully: (-8.0, 0.0) (total chunks: 197)
[22:01:58] TERRAIN: Creating chunk: (-7.0, 4.0) at distance 8.06
[22:01:58] TERRAIN: Chunk created successfully: (-7.0, 4.0) (total chunks: 198)
[22:01:58] TERRAIN: Creating chunk: (-4.0, 7.0) at distance 8.06
[22:01:58] TERRAIN: Chunk created successfully: (-4.0, 7.0) (total chunks: 199)
[22:01:58] TERRAIN: Creating chunk: (-7.0, -4.0) at distance 8.06
[22:01:58] TERRAIN: Chunk created successfully: (-7.0, -4.0) (total chunks: 200)
[22:01:58] TERRAIN: Creating chunk: (-8.0, -1.0) at distance 8.06
[22:01:58] TERRAIN: Chunk created successfully: (-8.0, -1.0) (total chunks: 201)
[22:01:58] TERRAIN: Creating chunk: (-4.0, -7.0) at distance 8.06
[22:01:58] TERRAIN: Chunk created successfully: (-4.0, -7.0) (total chunks: 202)
[22:01:58] TERRAIN: Creating chunk: (-8.0, 1.0) at distance 8.06
[22:01:58] TERRAIN: Chunk created successfully: (-8.0, 1.0) (total chunks: 203)
[22:01:58] TERRAIN: Creating chunk: (4.0, 7.0) at distance 8.06
[22:01:58] TERRAIN: Chunk created successfully: (4.0, 7.0) (total chunks: 204)
[22:01:58] TERRAIN: Creating chunk: (4.0, -7.0) at distance 8.06
[22:01:58] TERRAIN: Chunk created successfully: (4.0, -7.0) (total chunks: 205)
[22:01:58] TERRAIN: Creating chunk: (1.0, -8.0) at distance 8.06
[22:01:58] TERRAIN: Chunk created successfully: (1.0, -8.0) (total chunks: 206)
[22:01:58] TERRAIN: Creating chunk: (1.0, 8.0) at distance 8.06
[22:01:58] TERRAIN: Chunk created successfully: (1.0, 8.0) (total chunks: 207)
[22:01:58] TERRAIN: Creating chunk: (-1.0, -8.0) at distance 8.06
[22:01:58] TERRAIN: Chunk created successfully: (-1.0, -8.0) (total chunks: 208)
[22:01:58] TERRAIN: Creating chunk: (-1.0, 8.0) at distance 8.06
[22:01:58] TERRAIN: Chunk created successfully: (-1.0, 8.0) (total chunks: 209)
[22:01:58] TERRAIN: Creating chunk: (7.0, 4.0) at distance 8.06
[22:01:58] TERRAIN: Chunk created successfully: (7.0, 4.0) (total chunks: 210)
[22:01:58] TERRAIN: Creating chunk: (8.0, -1.0) at distance 8.06
[22:01:58] TERRAIN: Chunk created successfully: (8.0, -1.0) (total chunks: 211)
[22:01:58] TERRAIN: Creating chunk: (7.0, -4.0) at distance 8.06
[22:01:58] TERRAIN: Chunk created successfully: (7.0, -4.0) (total chunks: 212)
[22:01:58] TERRAIN: Creating chunk: (8.0, 1.0) at distance 8.06
[22:01:58] TERRAIN: Chunk created successfully: (8.0, 1.0) (total chunks: 213)
[22:01:58] TERRAIN: Creating chunk: (-2.0, -8.0) at distance 8.25
[22:01:58] TERRAIN: Chunk created successfully: (-2.0, -8.0) (total chunks: 214)
[22:01:58] TERRAIN: Creating chunk: (-8.0, 2.0) at distance 8.25
[22:01:58] TERRAIN: Chunk created successfully: (-8.0, 2.0) (total chunks: 215)
[22:01:58] TERRAIN: Creating chunk: (-8.0, -2.0) at distance 8.25
[22:01:58] TERRAIN: Chunk created successfully: (-8.0, -2.0) (total chunks: 216)
[22:01:58] TERRAIN: Creating chunk: (8.0, 2.0) at distance 8.25
[22:01:58] TERRAIN: Chunk created successfully: (8.0, 2.0) (total chunks: 217)
[22:01:58] TERRAIN: Creating chunk: (2.0, -8.0) at distance 8.25
[22:01:58] TERRAIN: Chunk created successfully: (2.0, -8.0) (total chunks: 218)
[22:01:58] TERRAIN: Creating chunk: (2.0, 8.0) at distance 8.25
[22:01:58] TERRAIN: Chunk created successfully: (2.0, 8.0) (total chunks: 219)
[22:01:58] TERRAIN: Creating chunk: (8.0, -2.0) at distance 8.25
[22:01:58] TERRAIN: Chunk created successfully: (8.0, -2.0) (total chunks: 220)
[22:01:58] TERRAIN: Creating chunk: (-2.0, 8.0) at distance 8.25
[22:01:58] TERRAIN: Chunk created successfully: (-2.0, 8.0) (total chunks: 221)
[22:01:58] TERRAIN: Creating chunk: (-6.0, 6.0) at distance 8.49
[22:01:58] TERRAIN: Chunk created successfully: (-6.0, 6.0) (total chunks: 222)
[22:01:58] TERRAIN: Creating chunk: (6.0, 6.0) at distance 8.49
[22:01:58] TERRAIN: Chunk created successfully: (6.0, 6.0) (total chunks: 223)
[22:01:58] TERRAIN: Creating chunk: (-6.0, -6.0) at distance 8.49
[22:01:58] TERRAIN: Chunk created successfully: (-6.0, -6.0) (total chunks: 224)
[22:01:58] TERRAIN: Creating chunk: (6.0, -6.0) at distance 8.49
[22:01:58] TERRAIN: Chunk created successfully: (6.0, -6.0) (total chunks: 225)
[22:01:58] TERRAIN: Creating chunk: (-3.0, 8.0) at distance 8.54
[22:01:58] TERRAIN: Chunk created successfully: (-3.0, 8.0) (total chunks: 226)
[22:01:58] TERRAIN: Creating chunk: (-8.0, 3.0) at distance 8.54
[22:01:58] TERRAIN: Chunk created successfully: (-8.0, 3.0) (total chunks: 227)
[22:01:58] TERRAIN: Creating chunk: (3.0, 8.0) at distance 8.54
[22:01:58] TERRAIN: Chunk created successfully: (3.0, 8.0) (total chunks: 228)
[22:01:58] TERRAIN: Creating chunk: (8.0, -3.0) at distance 8.54
[22:01:58] TERRAIN: Chunk created successfully: (8.0, -3.0) (total chunks: 229)
[22:01:58] TERRAIN: Creating chunk: (-8.0, -3.0) at distance 8.54
[22:01:58] TERRAIN: Chunk created successfully: (-8.0, -3.0) (total chunks: 230)
[22:01:58] TERRAIN: Creating chunk: (8.0, 3.0) at distance 8.54
[22:01:58] TERRAIN: Chunk created successfully: (8.0, 3.0) (total chunks: 231)
[22:01:58] TERRAIN: Creating chunk: (3.0, -8.0) at distance 8.54
[22:01:58] TERRAIN: Chunk created successfully: (3.0, -8.0) (total chunks: 232)
[22:01:58] TERRAIN: Creating chunk: (-3.0, -8.0) at distance 8.54
[22:01:58] TERRAIN: Chunk created successfully: (-3.0, -8.0) (total chunks: 233)
[22:01:58] TERRAIN: Creating chunk: (5.0, 7.0) at distance 8.60
[22:01:58] TERRAIN: Chunk created successfully: (5.0, 7.0) (total chunks: 234)
[22:01:58] TERRAIN: Creating chunk: (5.0, -7.0) at distance 8.60
[22:01:58] TERRAIN: Chunk created successfully: (5.0, -7.0) (total chunks: 235)
[22:01:58] TERRAIN: Creating chunk: (-5.0, -7.0) at distance 8.60
[22:01:58] TERRAIN: Chunk created successfully: (-5.0, -7.0) (total chunks: 236)
[22:01:58] TERRAIN: Creating chunk: (7.0, 5.0) at distance 8.60
[22:01:58] TERRAIN: Chunk created successfully: (7.0, 5.0) (total chunks: 237)
[22:01:58] TERRAIN: Creating chunk: (7.0, -5.0) at distance 8.60
[22:01:58] TERRAIN: Chunk created successfully: (7.0, -5.0) (total chunks: 238)
[22:01:58] TERRAIN: Creating chunk: (-7.0, -5.0) at distance 8.60
[22:01:58] TERRAIN: Chunk created successfully: (-7.0, -5.0) (total chunks: 239)
[22:01:58] TERRAIN: Creating chunk: (-5.0, 7.0) at distance 8.60
[22:01:58] TERRAIN: Chunk created successfully: (-5.0, 7.0) (total chunks: 240)
[22:01:58] TERRAIN: Creating chunk: (-7.0, 5.0) at distance 8.60
[22:01:58] TERRAIN: Chunk created successfully: (-7.0, 5.0) (total chunks: 241)
[22:01:58] TERRAIN: Creating chunk: (8.0, 4.0) at distance 8.94
[22:01:58] TERRAIN: Chunk created successfully: (8.0, 4.0) (total chunks: 242)
[22:01:58] TERRAIN: Creating chunk: (8.0, -4.0) at distance 8.94
[22:01:58] TERRAIN: Chunk created successfully: (8.0, -4.0) (total chunks: 243)
[22:01:58] TERRAIN: Creating chunk: (4.0, 8.0) at distance 8.94
[22:01:58] TERRAIN: Chunk created successfully: (4.0, 8.0) (total chunks: 244)
[22:01:58] TERRAIN: Creating chunk: (4.0, -8.0) at distance 8.94
[22:01:58] TERRAIN: Chunk created successfully: (4.0, -8.0) (total chunks: 245)
[22:01:58] TERRAIN: Creating chunk: (-4.0, -8.0) at distance 8.94
[22:01:58] TERRAIN: Chunk created successfully: (-4.0, -8.0) (total chunks: 246)
[22:01:58] TERRAIN: Creating chunk: (-8.0, 4.0) at distance 8.94
[22:01:58] TERRAIN: Chunk created successfully: (-8.0, 4.0) (total chunks: 247)
[22:01:58] TERRAIN: Creating chunk: (-4.0, 8.0) at distance 8.94
[22:01:58] TERRAIN: Chunk created successfully: (-4.0, 8.0) (total chunks: 248)
[22:01:58] TERRAIN: Creating chunk: (-8.0, -4.0) at distance 8.94
[22:01:58] TERRAIN: Chunk created successfully: (-8.0, -4.0) (total chunks: 249)
[22:01:58] TERRAIN: Creating chunk: (0.0, -9.0) at distance 9.00
[22:01:58] TERRAIN: Chunk created successfully: (0.0, -9.0) (total chunks: 250)
[22:01:58] TERRAIN: Creating chunk: (9.0, 0.0) at distance 9.00
[22:01:58] TERRAIN: Chunk created successfully: (9.0, 0.0) (total chunks: 251)
[22:01:58] TERRAIN: Creating chunk: (0.0, 9.0) at distance 9.00
[22:01:58] TERRAIN: Chunk created successfully: (0.0, 9.0) (total chunks: 252)
[22:01:58] TERRAIN: Creating chunk: (-9.0, 0.0) at distance 9.00
[22:01:58] TERRAIN: Chunk created successfully: (-9.0, 0.0) (total chunks: 253)
[22:01:58] TERRAIN: Creating chunk: (-1.0, 9.0) at distance 9.06
[22:01:58] TERRAIN: Chunk created successfully: (-1.0, 9.0) (total chunks: 254)
[22:01:58] TERRAIN: Creating chunk: (-9.0, 1.0) at distance 9.06
[22:01:58] TERRAIN: Chunk created successfully: (-9.0, 1.0) (total chunks: 255)
[22:01:58] TERRAIN: Creating chunk: (-9.0, -1.0) at distance 9.06
[22:01:58] TERRAIN: Chunk created successfully: (-9.0, -1.0) (total chunks: 256)
[22:01:58] TERRAIN: Creating chunk: (-1.0, -9.0) at distance 9.06
[22:01:58] TERRAIN: Chunk created successfully: (-1.0, -9.0) (total chunks: 257)
[22:01:58] TERRAIN: Creating chunk: (1.0, 9.0) at distance 9.06
[22:01:58] TERRAIN: Chunk created successfully: (1.0, 9.0) (total chunks: 258)
[22:01:58] TERRAIN: Creating chunk: (1.0, -9.0) at distance 9.06
[22:01:58] TERRAIN: Chunk created successfully: (1.0, -9.0) (total chunks: 259)
[22:01:58] TERRAIN: Creating chunk: (9.0, 1.0) at distance 9.06
[22:01:58] TERRAIN: Chunk created successfully: (9.0, 1.0) (total chunks: 260)
[22:01:58] TERRAIN: Creating chunk: (9.0, -1.0) at distance 9.06
[22:01:58] TERRAIN: Chunk created successfully: (9.0, -1.0) (total chunks: 261)
[22:01:58] TERRAIN: Creating chunk: (2.0, -9.0) at distance 9.22
[22:01:58] TERRAIN: Chunk created successfully: (2.0, -9.0) (total chunks: 262)
[22:01:58] TERRAIN: Creating chunk: (2.0, 9.0) at distance 9.22
[22:01:58] TERRAIN: Chunk created successfully: (2.0, 9.0) (total chunks: 263)
[22:01:58] TERRAIN: Creating chunk: (-6.0, -7.0) at distance 9.22
[22:01:58] TERRAIN: Chunk created successfully: (-6.0, -7.0) (total chunks: 264)
[22:01:58] TERRAIN: Creating chunk: (6.0, -7.0) at distance 9.22
[22:01:58] TERRAIN: Chunk created successfully: (6.0, -7.0) (total chunks: 265)
[22:01:58] TERRAIN: Creating chunk: (9.0, 2.0) at distance 9.22
[22:01:58] TERRAIN: Chunk created successfully: (9.0, 2.0) (total chunks: 266)
[22:01:58] TERRAIN: Creating chunk: (9.0, -2.0) at distance 9.22
[22:01:58] TERRAIN: Chunk created successfully: (9.0, -2.0) (total chunks: 267)
[22:01:58] TERRAIN: Creating chunk: (-7.0, 6.0) at distance 9.22
[22:01:58] TERRAIN: Chunk created successfully: (-7.0, 6.0) (total chunks: 268)
[22:01:58] TERRAIN: Creating chunk: (-6.0, 7.0) at distance 9.22
[22:01:58] TERRAIN: Chunk created successfully: (-6.0, 7.0) (total chunks: 269)
[22:01:58] TERRAIN: Creating chunk: (6.0, 7.0) at distance 9.22
[22:01:58] TERRAIN: Chunk created successfully: (6.0, 7.0) (total chunks: 270)
[22:01:58] TERRAIN: Creating chunk: (-2.0, 9.0) at distance 9.22
[22:01:58] TERRAIN: Chunk created successfully: (-2.0, 9.0) (total chunks: 271)
[22:01:58] TERRAIN: Creating chunk: (-9.0, -2.0) at distance 9.22
[22:01:58] TERRAIN: Chunk created successfully: (-9.0, -2.0) (total chunks: 272)
[22:01:58] TERRAIN: Creating chunk: (-7.0, -6.0) at distance 9.22
[22:01:58] TERRAIN: Chunk created successfully: (-7.0, -6.0) (total chunks: 273)
[22:01:58] TERRAIN: Creating chunk: (7.0, 6.0) at distance 9.22
[22:01:58] TERRAIN: Chunk created successfully: (7.0, 6.0) (total chunks: 274)
[22:01:58] TERRAIN: Creating chunk: (-2.0, -9.0) at distance 9.22
[22:01:58] TERRAIN: Chunk created successfully: (-2.0, -9.0) (total chunks: 275)
[22:01:58] TERRAIN: Creating chunk: (-9.0, 2.0) at distance 9.22
[22:01:58] TERRAIN: Chunk created successfully: (-9.0, 2.0) (total chunks: 276)
[22:01:58] TERRAIN: Creating chunk: (7.0, -6.0) at distance 9.22
[22:01:58] TERRAIN: Chunk created successfully: (7.0, -6.0) (total chunks: 277)
[22:01:58] TERRAIN: Creating chunk: (8.0, -5.0) at distance 9.43
[22:01:58] TERRAIN: Chunk created successfully: (8.0, -5.0) (total chunks: 278)
[22:01:58] TERRAIN: Creating chunk: (-5.0, 8.0) at distance 9.43
[22:01:58] TERRAIN: Chunk created successfully: (-5.0, 8.0) (total chunks: 279)
[22:01:58] TERRAIN: Creating chunk: (-8.0, 5.0) at distance 9.43
[22:01:58] TERRAIN: Chunk created successfully: (-8.0, 5.0) (total chunks: 280)
[22:01:58] TERRAIN: Creating chunk: (-8.0, -5.0) at distance 9.43
[22:01:58] TERRAIN: Chunk created successfully: (-8.0, -5.0) (total chunks: 281)
[22:01:58] TERRAIN: Creating chunk: (5.0, 8.0) at distance 9.43
[22:01:58] TERRAIN: Chunk created successfully: (5.0, 8.0) (total chunks: 282)
[22:01:58] TERRAIN: Creating chunk: (-5.0, -8.0) at distance 9.43
[22:01:58] TERRAIN: Chunk created successfully: (-5.0, -8.0) (total chunks: 283)
[22:01:58] TERRAIN: Creating chunk: (8.0, 5.0) at distance 9.43
[22:01:58] TERRAIN: Chunk created successfully: (8.0, 5.0) (total chunks: 284)
[22:01:58] TERRAIN: Creating chunk: (5.0, -8.0) at distance 9.43
[22:01:58] TERRAIN: Chunk created successfully: (5.0, -8.0) (total chunks: 285)
[22:01:58] TERRAIN: Creating chunk: (3.0, -9.0) at distance 9.49
[22:01:58] TERRAIN: Chunk created successfully: (3.0, -9.0) (total chunks: 286)
[22:01:58] TERRAIN: Creating chunk: (-3.0, -9.0) at distance 9.49
[22:01:58] TERRAIN: Chunk created successfully: (-3.0, -9.0) (total chunks: 287)
[22:01:58] TERRAIN: Creating chunk: (9.0, -3.0) at distance 9.49
[22:01:58] TERRAIN: Chunk created successfully: (9.0, -3.0) (total chunks: 288)
[22:01:58] TERRAIN: Creating chunk: (-9.0, -3.0) at distance 9.49
[22:01:58] TERRAIN: Chunk created successfully: (-9.0, -3.0) (total chunks: 289)
[22:01:58] TERRAIN: Creating chunk: (9.0, 3.0) at distance 9.49
[22:01:58] TERRAIN: Chunk created successfully: (9.0, 3.0) (total chunks: 290)
[22:01:58] TERRAIN: Creating chunk: (-3.0, 9.0) at distance 9.49
[22:01:58] TERRAIN: Chunk created successfully: (-3.0, 9.0) (total chunks: 291)
[22:01:58] TERRAIN: Creating chunk: (-9.0, 3.0) at distance 9.49
[22:01:58] TERRAIN: Chunk created successfully: (-9.0, 3.0) (total chunks: 292)
[22:01:58] TERRAIN: Creating chunk: (3.0, 9.0) at distance 9.49
[22:01:58] TERRAIN: Chunk created successfully: (3.0, 9.0) (total chunks: 293)
[22:01:58] TERRAIN: Creating chunk: (4.0, 9.0) at distance 9.85
[22:01:58] TERRAIN: Chunk created successfully: (4.0, 9.0) (total chunks: 294)
[22:01:58] TERRAIN: Creating chunk: (-4.0, 9.0) at distance 9.85
[22:01:58] TERRAIN: Chunk created successfully: (-4.0, 9.0) (total chunks: 295)
[22:01:58] TERRAIN: Creating chunk: (-4.0, -9.0) at distance 9.85
[22:01:58] TERRAIN: Chunk created successfully: (-4.0, -9.0) (total chunks: 296)
[22:01:58] TERRAIN: Creating chunk: (9.0, -4.0) at distance 9.85
[22:01:58] TERRAIN: Chunk created successfully: (9.0, -4.0) (total chunks: 297)
[22:01:58] TERRAIN: Creating chunk: (9.0, 4.0) at distance 9.85
[22:01:58] TERRAIN: Chunk created successfully: (9.0, 4.0) (total chunks: 298)
[22:01:58] TERRAIN: Creating chunk: (-9.0, -4.0) at distance 9.85
[22:01:58] TERRAIN: Chunk created successfully: (-9.0, -4.0) (total chunks: 299)
[22:01:58] TERRAIN: Creating chunk: (-9.0, 4.0) at distance 9.85
[22:01:58] TERRAIN: Chunk created successfully: (-9.0, 4.0) (total chunks: 300)
[22:01:58] TERRAIN: Creating chunk: (4.0, -9.0) at distance 9.85
[22:01:58] TERRAIN: Chunk created successfully: (4.0, -9.0) (total chunks: 301)
[22:01:58] TERRAIN: Creating chunk: (-7.0, 7.0) at distance 9.90
[22:01:58] TERRAIN: Chunk created successfully: (-7.0, 7.0) (total chunks: 302)
[22:01:58] TERRAIN: Creating chunk: (7.0, -7.0) at distance 9.90
[22:01:58] TERRAIN: Chunk created successfully: (7.0, -7.0) (total chunks: 303)
[22:01:58] TERRAIN: Creating chunk: (7.0, 7.0) at distance 9.90
[22:01:58] TERRAIN: Chunk created successfully: (7.0, 7.0) (total chunks: 304)
[22:01:58] TERRAIN: Creating chunk: (-7.0, -7.0) at distance 9.90
[22:01:58] TERRAIN: Chunk created successfully: (-7.0, -7.0) (total chunks: 305)
[22:01:58] TERRAIN: Creating chunk: (0.0, -10.0) at distance 10.00
[22:01:58] TERRAIN: Chunk created successfully: (0.0, -10.0) (total chunks: 306)
[22:01:58] TERRAIN: Creating chunk: (8.0, 6.0) at distance 10.00
[22:01:58] TERRAIN: Chunk created successfully: (8.0, 6.0) (total chunks: 307)
[22:01:58] TERRAIN: Creating chunk: (-8.0, -6.0) at distance 10.00
[22:01:58] TERRAIN: Chunk created successfully: (-8.0, -6.0) (total chunks: 308)
[22:01:58] TERRAIN: Creating chunk: (0.0, 10.0) at distance 10.00
[22:01:58] TERRAIN: Chunk created successfully: (0.0, 10.0) (total chunks: 309)
[22:01:58] TERRAIN: Creating chunk: (10.0, 0.0) at distance 10.00
[22:01:58] TERRAIN: Chunk created successfully: (10.0, 0.0) (total chunks: 310)
[22:01:58] TERRAIN: Creating chunk: (6.0, -8.0) at distance 10.00
[22:01:58] TERRAIN: Chunk created successfully: (6.0, -8.0) (total chunks: 311)
[22:01:58] TERRAIN: Creating chunk: (-6.0, -8.0) at distance 10.00
[22:01:58] TERRAIN: Chunk created successfully: (-6.0, -8.0) (total chunks: 312)
[22:01:58] TERRAIN: Creating chunk: (8.0, -6.0) at distance 10.00
[22:01:58] TERRAIN: Chunk created successfully: (8.0, -6.0) (total chunks: 313)
[22:01:58] TERRAIN: Creating chunk: (-8.0, 6.0) at distance 10.00
[22:01:58] TERRAIN: Chunk created successfully: (-8.0, 6.0) (total chunks: 314)
[22:01:58] TERRAIN: Creating chunk: (6.0, 8.0) at distance 10.00
[22:01:58] TERRAIN: Chunk created successfully: (6.0, 8.0) (total chunks: 315)
[22:01:58] TERRAIN: Creating chunk: (-10.0, 0.0) at distance 10.00
[22:01:58] TERRAIN: Chunk created successfully: (-10.0, 0.0) (total chunks: 316)
[22:01:58] TERRAIN: Creating chunk: (-6.0, 8.0) at distance 10.00
[22:01:58] TERRAIN: Chunk created successfully: (-6.0, 8.0) (total chunks: 317)
[22:01:58] TERRAIN: Creating chunk: (10.0, 1.0) at distance 10.05
[22:01:58] TERRAIN: Chunk created successfully: (10.0, 1.0) (total chunks: 318)
[22:01:58] TERRAIN: Creating chunk: (10.0, -1.0) at distance 10.05
[22:01:58] TERRAIN: Chunk created successfully: (10.0, -1.0) (total chunks: 319)
[22:01:58] TERRAIN: Creating chunk: (-1.0, -10.0) at distance 10.05
[22:01:58] TERRAIN: Chunk created successfully: (-1.0, -10.0) (total chunks: 320)
[22:01:58] TERRAIN: Creating chunk: (1.0, -10.0) at distance 10.05
[22:01:58] TERRAIN: Chunk created successfully: (1.0, -10.0) (total chunks: 321)
[22:01:58] TERRAIN: Creating chunk: (-1.0, 10.0) at distance 10.05
[22:01:58] TERRAIN: Chunk created successfully: (-1.0, 10.0) (total chunks: 322)
[22:01:58] TERRAIN: Creating chunk: (1.0, 10.0) at distance 10.05
[22:01:58] TERRAIN: Chunk created successfully: (1.0, 10.0) (total chunks: 323)
[22:01:58] TERRAIN: Creating chunk: (-10.0, -1.0) at distance 10.05
[22:01:58] TERRAIN: Chunk created successfully: (-10.0, -1.0) (total chunks: 324)
[22:01:58] TERRAIN: Creating chunk: (-10.0, 1.0) at distance 10.05
[22:01:58] TERRAIN: Chunk created successfully: (-10.0, 1.0) (total chunks: 325)
[22:01:58] TERRAIN: Creating chunk: (2.0, -10.0) at distance 10.20
[22:01:58] TERRAIN: Chunk created successfully: (2.0, -10.0) (total chunks: 326)
[22:01:58] TERRAIN: Creating chunk: (-10.0, -2.0) at distance 10.20
[22:01:58] TERRAIN: Chunk created successfully: (-10.0, -2.0) (total chunks: 327)
[22:01:58] TERRAIN: Creating chunk: (10.0, -2.0) at distance 10.20
[22:01:58] TERRAIN: Chunk created successfully: (10.0, -2.0) (total chunks: 328)
[22:01:58] TERRAIN: Creating chunk: (-10.0, 2.0) at distance 10.20
[22:01:58] TERRAIN: Chunk created successfully: (-10.0, 2.0) (total chunks: 329)
[22:01:58] TERRAIN: Creating chunk: (10.0, 2.0) at distance 10.20
[22:01:58] TERRAIN: Chunk created successfully: (10.0, 2.0) (total chunks: 330)
[22:01:58] TERRAIN: Creating chunk: (-2.0, 10.0) at distance 10.20
[22:01:58] TERRAIN: Chunk created successfully: (-2.0, 10.0) (total chunks: 331)
[22:01:58] TERRAIN: Creating chunk: (2.0, 10.0) at distance 10.20
[22:01:58] TERRAIN: Chunk created successfully: (2.0, 10.0) (total chunks: 332)
[22:01:58] TERRAIN: Creating chunk: (-2.0, -10.0) at distance 10.20
[22:01:58] TERRAIN: Chunk created successfully: (-2.0, -10.0) (total chunks: 333)
[22:01:58] TERRAIN: Creating chunk: (5.0, -9.0) at distance 10.30
[22:01:58] TERRAIN: Chunk created successfully: (5.0, -9.0) (total chunks: 334)
[22:01:58] TERRAIN: Creating chunk: (5.0, 9.0) at distance 10.30
[22:01:58] TERRAIN: Chunk created successfully: (5.0, 9.0) (total chunks: 335)
[22:01:58] TERRAIN: Creating chunk: (9.0, -5.0) at distance 10.30
[22:01:58] TERRAIN: Chunk created successfully: (9.0, -5.0) (total chunks: 336)
[22:01:58] PLAYER: Pos: (0.0, 0.000183, 0.0) | Chunk: (0.0, 0.0) | TerrainHeight: 0.00 | HeightDiff: 0.00 | OnFloor: true
[22:01:58] TERRAIN: Creating chunk: (-5.0, 9.0) at distance 10.30
[22:01:58] TERRAIN: Chunk created successfully: (-5.0, 9.0) (total chunks: 337)
[22:01:58] TERRAIN: Creating chunk: (-9.0, -5.0) at distance 10.30
[22:01:58] TERRAIN: Chunk created successfully: (-9.0, -5.0) (total chunks: 338)
[22:01:58] TERRAIN: Creating chunk: (-9.0, 5.0) at distance 10.30
[22:01:58] TERRAIN: Chunk created successfully: (-9.0, 5.0) (total chunks: 339)
[22:01:58] TERRAIN: Creating chunk: (-5.0, -9.0) at distance 10.30
[22:01:58] TERRAIN: Chunk created successfully: (-5.0, -9.0) (total chunks: 340)
[22:01:58] TERRAIN: Creating chunk: (9.0, 5.0) at distance 10.30
[22:01:58] TERRAIN: Chunk created successfully: (9.0, 5.0) (total chunks: 341)
[22:01:58] TERRAIN: Creating chunk: (3.0, 10.0) at distance 10.44
[22:01:58] TERRAIN: Chunk created successfully: (3.0, 10.0) (total chunks: 342)
[22:01:58] TERRAIN: Creating chunk: (-10.0, -3.0) at distance 10.44
[22:01:58] TERRAIN: Chunk created successfully: (-10.0, -3.0) (total chunks: 343)
[22:01:58] TERRAIN: Creating chunk: (-3.0, 10.0) at distance 10.44
[22:01:58] TERRAIN: Chunk created successfully: (-3.0, 10.0) (total chunks: 344)
[22:01:58] TERRAIN: Creating chunk: (3.0, -10.0) at distance 10.44
[22:01:58] TERRAIN: Chunk created successfully: (3.0, -10.0) (total chunks: 345)
[22:01:58] TERRAIN: Creating chunk: (-3.0, -10.0) at distance 10.44
[22:01:58] TERRAIN: Chunk created successfully: (-3.0, -10.0) (total chunks: 346)
[22:01:58] TERRAIN: Creating chunk: (10.0, 3.0) at distance 10.44
[22:01:58] TERRAIN: Chunk created successfully: (10.0, 3.0) (total chunks: 347)
[22:01:58] TERRAIN: Creating chunk: (-10.0, 3.0) at distance 10.44
[22:01:58] TERRAIN: Chunk created successfully: (-10.0, 3.0) (total chunks: 348)
[22:01:58] TERRAIN: Creating chunk: (10.0, -3.0) at distance 10.44
[22:01:58] TERRAIN: Chunk created successfully: (10.0, -3.0) (total chunks: 349)
[22:01:58] TERRAIN: Creating chunk: (7.0, -8.0) at distance 10.63
[22:01:58] TERRAIN: Chunk created successfully: (7.0, -8.0) (total chunks: 350)
[22:01:58] TERRAIN: Creating chunk: (8.0, 7.0) at distance 10.63
[22:01:58] TERRAIN: Chunk created successfully: (8.0, 7.0) (total chunks: 351)
[22:01:58] TERRAIN: Creating chunk: (-8.0, 7.0) at distance 10.63
[22:01:58] TERRAIN: Chunk created successfully: (-8.0, 7.0) (total chunks: 352)
[22:01:58] TERRAIN: Creating chunk: (-7.0, -8.0) at distance 10.63
[22:01:58] TERRAIN: Chunk created successfully: (-7.0, -8.0) (total chunks: 353)
[22:01:58] TERRAIN: Creating chunk: (-7.0, 8.0) at distance 10.63
[22:01:58] TERRAIN: Chunk created successfully: (-7.0, 8.0) (total chunks: 354)
[22:01:58] TERRAIN: Creating chunk: (7.0, 8.0) at distance 10.63
[22:01:58] TERRAIN: Chunk created successfully: (7.0, 8.0) (total chunks: 355)
[22:01:58] TERRAIN: Creating chunk: (8.0, -7.0) at distance 10.63
[22:01:58] TERRAIN: Chunk created successfully: (8.0, -7.0) (total chunks: 356)
[22:01:58] TERRAIN: Creating chunk: (-8.0, -7.0) at distance 10.63
[22:01:58] TERRAIN: Chunk created successfully: (-8.0, -7.0) (total chunks: 357)
[22:01:58] TERRAIN: Creating chunk: (4.0, 10.0) at distance 10.77
[22:01:58] TERRAIN: Chunk created successfully: (4.0, 10.0) (total chunks: 358)
[22:01:58] TERRAIN: Creating chunk: (4.0, -10.0) at distance 10.77
[22:01:58] TERRAIN: Chunk created successfully: (4.0, -10.0) (total chunks: 359)
[22:01:58] TERRAIN: Creating chunk: (-4.0, 10.0) at distance 10.77
[22:01:58] TERRAIN: Chunk created successfully: (-4.0, 10.0) (total chunks: 360)
[22:01:58] TERRAIN: Creating chunk: (-4.0, -10.0) at distance 10.77
[22:01:58] TERRAIN: Chunk created successfully: (-4.0, -10.0) (total chunks: 361)
[22:01:58] TERRAIN: Creating chunk: (10.0, -4.0) at distance 10.77
[22:01:58] TERRAIN: Chunk created successfully: (10.0, -4.0) (total chunks: 362)
[22:01:58] TERRAIN: Creating chunk: (10.0, 4.0) at distance 10.77
[22:01:58] TERRAIN: Chunk created successfully: (10.0, 4.0) (total chunks: 363)
[22:01:58] TERRAIN: Creating chunk: (-10.0, 4.0) at distance 10.77
[22:01:58] TERRAIN: Chunk created successfully: (-10.0, 4.0) (total chunks: 364)
[22:01:58] TERRAIN: Creating chunk: (-10.0, -4.0) at distance 10.77
[22:01:58] TERRAIN: Chunk created successfully: (-10.0, -4.0) (total chunks: 365)
[22:01:58] TERRAIN: Creating chunk: (-6.0, 9.0) at distance 10.82
[22:01:58] TERRAIN: Chunk created successfully: (-6.0, 9.0) (total chunks: 366)
[22:01:58] TERRAIN: Creating chunk: (-6.0, -9.0) at distance 10.82
[22:01:58] TERRAIN: Chunk created successfully: (-6.0, -9.0) (total chunks: 367)
[22:01:58] TERRAIN: Creating chunk: (6.0, 9.0) at distance 10.82
[22:01:58] TERRAIN: Chunk created successfully: (6.0, 9.0) (total chunks: 368)
[22:01:58] TERRAIN: Creating chunk: (-9.0, 6.0) at distance 10.82
[22:01:58] TERRAIN: Chunk created successfully: (-9.0, 6.0) (total chunks: 369)
[22:01:58] TERRAIN: Creating chunk: (-9.0, -6.0) at distance 10.82
[22:01:58] TERRAIN: Chunk created successfully: (-9.0, -6.0) (total chunks: 370)
[22:01:58] TERRAIN: Creating chunk: (6.0, -9.0) at distance 10.82
[22:01:58] TERRAIN: Chunk created successfully: (6.0, -9.0) (total chunks: 371)
[22:01:58] TERRAIN: Creating chunk: (9.0, -6.0) at distance 10.82
[22:01:58] TERRAIN: Chunk created successfully: (9.0, -6.0) (total chunks: 372)
[22:01:58] TERRAIN: Creating chunk: (9.0, 6.0) at distance 10.82
[22:01:58] TERRAIN: Chunk created successfully: (9.0, 6.0) (total chunks: 373)
[22:01:58] TERRAIN: Creating chunk: (0.0, -11.0) at distance 11.00
[22:01:58] TERRAIN: Chunk created successfully: (0.0, -11.0) (total chunks: 374)
[22:01:58] TERRAIN: Creating chunk: (-11.0, 0.0) at distance 11.00
[22:01:58] TERRAIN: Chunk created successfully: (-11.0, 0.0) (total chunks: 375)
[22:01:58] TERRAIN: Creating chunk: (0.0, 11.0) at distance 11.00
[22:01:58] TERRAIN: Chunk created successfully: (0.0, 11.0) (total chunks: 376)
[22:01:59] TERRAIN: Creating chunk: (11.0, 0.0) at distance 11.00
[22:01:59] TERRAIN: Chunk created successfully: (11.0, 0.0) (total chunks: 377)
[22:01:59] TERRAIN: Creating chunk: (-1.0, 11.0) at distance 11.05
[22:01:59] TERRAIN: Chunk created successfully: (-1.0, 11.0) (total chunks: 378)
[22:01:59] TERRAIN: Creating chunk: (-11.0, 1.0) at distance 11.05
[22:01:59] TERRAIN: Chunk created successfully: (-11.0, 1.0) (total chunks: 379)
[22:01:59] TERRAIN: Creating chunk: (-1.0, -11.0) at distance 11.05
[22:01:59] TERRAIN: Chunk created successfully: (-1.0, -11.0) (total chunks: 380)
[22:01:59] TERRAIN: Creating chunk: (11.0, -1.0) at distance 11.05
[22:01:59] TERRAIN: Chunk created successfully: (11.0, -1.0) (total chunks: 381)
[22:01:59] TERRAIN: Creating chunk: (-11.0, -1.0) at distance 11.05
[22:01:59] TERRAIN: Chunk created successfully: (-11.0, -1.0) (total chunks: 382)
[22:01:59] TERRAIN: Creating chunk: (1.0, -11.0) at distance 11.05
[22:01:59] TERRAIN: Chunk created successfully: (1.0, -11.0) (total chunks: 383)
[22:01:59] TERRAIN: Creating chunk: (11.0, 1.0) at distance 11.05
[22:01:59] TERRAIN: Chunk created successfully: (11.0, 1.0) (total chunks: 384)
[22:01:59] TERRAIN: Creating chunk: (1.0, 11.0) at distance 11.05
[22:01:59] TERRAIN: Chunk created successfully: (1.0, 11.0) (total chunks: 385)
[22:01:59] TERRAIN: Creating chunk: (10.0, 5.0) at distance 11.18
[22:01:59] TERRAIN: Chunk created successfully: (10.0, 5.0) (total chunks: 386)
[22:01:59] TERRAIN: Creating chunk: (-5.0, -10.0) at distance 11.18
[22:01:59] TERRAIN: Chunk created successfully: (-5.0, -10.0) (total chunks: 387)
[22:01:59] TERRAIN: Creating chunk: (-2.0, -11.0) at distance 11.18
[22:01:59] TERRAIN: Chunk created successfully: (-2.0, -11.0) (total chunks: 388)
[22:01:59] TERRAIN: Creating chunk: (-10.0, -5.0) at distance 11.18
[22:01:59] TERRAIN: Chunk created successfully: (-10.0, -5.0) (total chunks: 389)
[22:01:59] TERRAIN: Creating chunk: (5.0, 10.0) at distance 11.18
[22:01:59] TERRAIN: Chunk created successfully: (5.0, 10.0) (total chunks: 390)
[22:01:59] TERRAIN: Creating chunk: (10.0, -5.0) at distance 11.18
[22:01:59] TERRAIN: Chunk created successfully: (10.0, -5.0) (total chunks: 391)
[22:01:59] TERRAIN: Creating chunk: (-10.0, 5.0) at distance 11.18
[22:01:59] TERRAIN: Chunk created successfully: (-10.0, 5.0) (total chunks: 392)
[22:01:59] TERRAIN: Creating chunk: (11.0, 2.0) at distance 11.18
[22:01:59] TERRAIN: Chunk created successfully: (11.0, 2.0) (total chunks: 393)
[22:01:59] TERRAIN: Creating chunk: (-5.0, 10.0) at distance 11.18
[22:01:59] TERRAIN: Chunk created successfully: (-5.0, 10.0) (total chunks: 394)
[22:01:59] TERRAIN: Creating chunk: (5.0, -10.0) at distance 11.18
[22:01:59] TERRAIN: Chunk created successfully: (5.0, -10.0) (total chunks: 395)
[22:01:59] TERRAIN: Creating chunk: (2.0, -11.0) at distance 11.18
[22:01:59] TERRAIN: Chunk created successfully: (2.0, -11.0) (total chunks: 396)
[22:01:59] TERRAIN: Creating chunk: (11.0, -2.0) at distance 11.18
[22:01:59] TERRAIN: Chunk created successfully: (11.0, -2.0) (total chunks: 397)
[22:01:59] TERRAIN: Creating chunk: (2.0, 11.0) at distance 11.18
[22:01:59] TERRAIN: Chunk created successfully: (2.0, 11.0) (total chunks: 398)
[22:01:59] TERRAIN: Creating chunk: (-2.0, 11.0) at distance 11.18
[22:01:59] TERRAIN: Chunk created successfully: (-2.0, 11.0) (total chunks: 399)
[22:01:59] TERRAIN: Creating chunk: (-11.0, 2.0) at distance 11.18
[22:01:59] TERRAIN: Chunk created successfully: (-11.0, 2.0) (total chunks: 400)
[22:01:59] TERRAIN: Creating chunk: (-11.0, -2.0) at distance 11.18
[22:01:59] TERRAIN: Chunk created successfully: (-11.0, -2.0) (total chunks: 401)
[22:01:59] TERRAIN: Creating chunk: (8.0, -8.0) at distance 11.31
[22:01:59] TERRAIN: Chunk created successfully: (8.0, -8.0) (total chunks: 402)
[22:01:59] TERRAIN: Creating chunk: (8.0, 8.0) at distance 11.31
[22:01:59] TERRAIN: Chunk created successfully: (8.0, 8.0) (total chunks: 403)
[22:01:59] TERRAIN: Creating chunk: (-8.0, -8.0) at distance 11.31
[22:01:59] TERRAIN: Chunk created successfully: (-8.0, -8.0) (total chunks: 404)
[22:01:59] TERRAIN: Creating chunk: (-8.0, 8.0) at distance 11.31
[22:01:59] TERRAIN: Chunk created successfully: (-8.0, 8.0) (total chunks: 405)
[22:01:59] TERRAIN: Creating chunk: (11.0, -3.0) at distance 11.40
[22:01:59] TERRAIN: Chunk created successfully: (11.0, -3.0) (total chunks: 406)
[22:01:59] TERRAIN: Creating chunk: (-9.0, 7.0) at distance 11.40
[22:01:59] TERRAIN: Chunk created successfully: (-9.0, 7.0) (total chunks: 407)
[22:01:59] TERRAIN: Creating chunk: (7.0, -9.0) at distance 11.40
[22:01:59] TERRAIN: Chunk created successfully: (7.0, -9.0) (total chunks: 408)
[22:01:59] TERRAIN: Creating chunk: (11.0, 3.0) at distance 11.40
[22:01:59] TERRAIN: Chunk created successfully: (11.0, 3.0) (total chunks: 409)
[22:01:59] TERRAIN: Creating chunk: (-3.0, -11.0) at distance 11.40
[22:01:59] TERRAIN: Chunk created successfully: (-3.0, -11.0) (total chunks: 410)
[22:01:59] TERRAIN: Creating chunk: (-9.0, -7.0) at distance 11.40
[22:01:59] TERRAIN: Chunk created successfully: (-9.0, -7.0) (total chunks: 411)
[22:01:59] TERRAIN: Creating chunk: (-11.0, 3.0) at distance 11.40
[22:01:59] TERRAIN: Chunk created successfully: (-11.0, 3.0) (total chunks: 412)
[22:01:59] TERRAIN: Creating chunk: (7.0, 9.0) at distance 11.40
[22:01:59] TERRAIN: Chunk created successfully: (7.0, 9.0) (total chunks: 413)
[22:01:59] TERRAIN: Creating chunk: (3.0, -11.0) at distance 11.40
[22:01:59] TERRAIN: Chunk created successfully: (3.0, -11.0) (total chunks: 414)
[22:01:59] TERRAIN: Creating chunk: (3.0, 11.0) at distance 11.40
[22:01:59] TERRAIN: Chunk created successfully: (3.0, 11.0) (total chunks: 415)
[22:01:59] TERRAIN: Creating chunk: (-11.0, -3.0) at distance 11.40
[22:01:59] TERRAIN: Chunk created successfully: (-11.0, -3.0) (total chunks: 416)
[22:01:59] TERRAIN: Creating chunk: (-7.0, -9.0) at distance 11.40
[22:01:59] TERRAIN: Chunk created successfully: (-7.0, -9.0) (total chunks: 417)
[22:01:59] TERRAIN: Creating chunk: (9.0, -7.0) at distance 11.40
[22:01:59] TERRAIN: Chunk created successfully: (9.0, -7.0) (total chunks: 418)
[22:01:59] TERRAIN: Creating chunk: (-3.0, 11.0) at distance 11.40
[22:01:59] TERRAIN: Chunk created successfully: (-3.0, 11.0) (total chunks: 419)
[22:01:59] TERRAIN: Creating chunk: (9.0, 7.0) at distance 11.40
[22:01:59] TERRAIN: Chunk created successfully: (9.0, 7.0) (total chunks: 420)
[22:01:59] TERRAIN: Creating chunk: (-7.0, 9.0) at distance 11.40
[22:01:59] TERRAIN: Chunk created successfully: (-7.0, 9.0) (total chunks: 421)
[22:01:59] TERRAIN: Creating chunk: (6.0, -10.0) at distance 11.66
[22:01:59] TERRAIN: Chunk created successfully: (6.0, -10.0) (total chunks: 422)
[22:01:59] TERRAIN: Creating chunk: (-6.0, 10.0) at distance 11.66
[22:01:59] TERRAIN: Chunk created successfully: (-6.0, 10.0) (total chunks: 423)
[22:01:59] TERRAIN: Creating chunk: (-6.0, -10.0) at distance 11.66
[22:01:59] TERRAIN: Chunk created successfully: (-6.0, -10.0) (total chunks: 424)
[22:01:59] TERRAIN: Creating chunk: (-10.0, 6.0) at distance 11.66
[22:01:59] TERRAIN: Chunk created successfully: (-10.0, 6.0) (total chunks: 425)
[22:01:59] TERRAIN: Creating chunk: (6.0, 10.0) at distance 11.66
[22:01:59] TERRAIN: Chunk created successfully: (6.0, 10.0) (total chunks: 426)
[22:01:59] TERRAIN: Creating chunk: (-10.0, -6.0) at distance 11.66
[22:01:59] TERRAIN: Chunk created successfully: (-10.0, -6.0) (total chunks: 427)
[22:01:59] TERRAIN: Creating chunk: (10.0, -6.0) at distance 11.66
[22:01:59] TERRAIN: Chunk created successfully: (10.0, -6.0) (total chunks: 428)
[22:01:59] TERRAIN: Creating chunk: (10.0, 6.0) at distance 11.66
[22:01:59] TERRAIN: Chunk created successfully: (10.0, 6.0) (total chunks: 429)
[22:01:59] TERRAIN: Creating chunk: (-4.0, 11.0) at distance 11.70
[22:01:59] TERRAIN: Chunk created successfully: (-4.0, 11.0) (total chunks: 430)
[22:01:59] TERRAIN: Creating chunk: (-11.0, -4.0) at distance 11.70
[22:01:59] TERRAIN: Chunk created successfully: (-11.0, -4.0) (total chunks: 431)
[22:01:59] TERRAIN: Creating chunk: (-11.0, 4.0) at distance 11.70
[22:01:59] TERRAIN: Chunk created successfully: (-11.0, 4.0) (total chunks: 432)
[22:01:59] TERRAIN: Creating chunk: (11.0, -4.0) at distance 11.70
[22:01:59] TERRAIN: Chunk created successfully: (11.0, -4.0) (total chunks: 433)
[22:01:59] TERRAIN: Creating chunk: (-4.0, -11.0) at distance 11.70
[22:01:59] TERRAIN: Chunk created successfully: (-4.0, -11.0) (total chunks: 434)
[22:01:59] TERRAIN: Creating chunk: (4.0, 11.0) at distance 11.70
[22:01:59] TERRAIN: Chunk created successfully: (4.0, 11.0) (total chunks: 435)
[22:01:59] TERRAIN: Creating chunk: (11.0, 4.0) at distance 11.70
[22:01:59] TERRAIN: Chunk created successfully: (11.0, 4.0) (total chunks: 436)
[22:01:59] TERRAIN: Creating chunk: (4.0, -11.0) at distance 11.70
[22:01:59] TERRAIN: Chunk created successfully: (4.0, -11.0) (total chunks: 437)
[22:01:59] TERRAIN: Creating chunk: (0.0, 12.0) at distance 12.00
[22:01:59] TERRAIN: Chunk created successfully: (0.0, 12.0) (total chunks: 438)
[22:01:59] TERRAIN: Creating chunk: (0.0, -12.0) at distance 12.00
[22:01:59] TERRAIN: Chunk created successfully: (0.0, -12.0) (total chunks: 439)
[22:01:59] TERRAIN: Creating chunk: (-12.0, 0.0) at distance 12.00
[22:01:59] TERRAIN: Chunk created successfully: (-12.0, 0.0) (total chunks: 440)
[22:01:59] TERRAIN: Creating chunk: (12.0, 0.0) at distance 12.00
[22:01:59] TERRAIN: Chunk created successfully: (12.0, 0.0) (total chunks: 441)
[22:01:59] TERRAIN: Creating chunk: (1.0, 12.0) at distance 12.04
[22:01:59] TERRAIN: Chunk created successfully: (1.0, 12.0) (total chunks: 442)
[22:01:59] TERRAIN: Creating chunk: (-9.0, -8.0) at distance 12.04
[22:01:59] TERRAIN: Chunk created successfully: (-9.0, -8.0) (total chunks: 443)
[22:01:59] TERRAIN: Creating chunk: (12.0, -1.0) at distance 12.04
[22:01:59] TERRAIN: Chunk created successfully: (12.0, -1.0) (total chunks: 444)
[22:01:59] TERRAIN: Creating chunk: (-1.0, 12.0) at distance 12.04
[22:01:59] TERRAIN: Chunk created successfully: (-1.0, 12.0) (total chunks: 445)
[22:01:59] TERRAIN: Creating chunk: (8.0, -9.0) at distance 12.04
[22:01:59] TERRAIN: Chunk created successfully: (8.0, -9.0) (total chunks: 446)
[22:01:59] TERRAIN: Creating chunk: (9.0, -8.0) at distance 12.04
[22:01:59] TERRAIN: Chunk created successfully: (9.0, -8.0) (total chunks: 447)
[22:01:59] TERRAIN: Creating chunk: (9.0, 8.0) at distance 12.04
[22:01:59] TERRAIN: Chunk created successfully: (9.0, 8.0) (total chunks: 448)
[22:01:59] TERRAIN: Creating chunk: (8.0, 9.0) at distance 12.04
[22:01:59] TERRAIN: Chunk created successfully: (8.0, 9.0) (total chunks: 449)
[22:01:59] TERRAIN: Creating chunk: (-8.0, 9.0) at distance 12.04
[22:01:59] TERRAIN: Chunk created successfully: (-8.0, 9.0) (total chunks: 450)
[22:01:59] TERRAIN: Creating chunk: (-1.0, -12.0) at distance 12.04
[22:01:59] TERRAIN: Chunk created successfully: (-1.0, -12.0) (total chunks: 451)
[22:01:59] TERRAIN: Creating chunk: (-9.0, 8.0) at distance 12.04
[22:01:59] TERRAIN: Chunk created successfully: (-9.0, 8.0) (total chunks: 452)
[22:01:59] TERRAIN: Creating chunk: (-8.0, -9.0) at distance 12.04
[22:01:59] TERRAIN: Chunk created successfully: (-8.0, -9.0) (total chunks: 453)
[22:01:59] TERRAIN: Creating chunk: (1.0, -12.0) at distance 12.04
[22:01:59] TERRAIN: Chunk created successfully: (1.0, -12.0) (total chunks: 454)
[22:01:59] TERRAIN: Creating chunk: (12.0, 1.0) at distance 12.04
[22:01:59] TERRAIN: Chunk created successfully: (12.0, 1.0) (total chunks: 455)
[22:01:59] TERRAIN: Creating chunk: (-12.0, -1.0) at distance 12.04
[22:01:59] TERRAIN: Chunk created successfully: (-12.0, -1.0) (total chunks: 456)
[22:01:59] TERRAIN: Creating chunk: (-12.0, 1.0) at distance 12.04
[22:01:59] TERRAIN: Chunk created successfully: (-12.0, 1.0) (total chunks: 457)
[22:01:59] TERRAIN: Creating chunk: (-5.0, 11.0) at distance 12.08
[22:01:59] TERRAIN: Chunk created successfully: (-5.0, 11.0) (total chunks: 458)
[22:01:59] TERRAIN: Creating chunk: (-11.0, 5.0) at distance 12.08
[22:01:59] TERRAIN: Chunk created successfully: (-11.0, 5.0) (total chunks: 459)
[22:01:59] TERRAIN: Creating chunk: (-5.0, -11.0) at distance 12.08
[22:01:59] TERRAIN: Chunk created successfully: (-5.0, -11.0) (total chunks: 460)
[22:01:59] TERRAIN: Creating chunk: (11.0, -5.0) at distance 12.08
[22:01:59] TERRAIN: Chunk created successfully: (11.0, -5.0) (total chunks: 461)
[22:01:59] TERRAIN: Creating chunk: (5.0, -11.0) at distance 12.08
[22:01:59] TERRAIN: Chunk created successfully: (5.0, -11.0) (total chunks: 462)
[22:01:59] TERRAIN: Creating chunk: (5.0, 11.0) at distance 12.08
[22:01:59] TERRAIN: Chunk created successfully: (5.0, 11.0) (total chunks: 463)
[22:01:59] TERRAIN: Creating chunk: (11.0, 5.0) at distance 12.08
[22:01:59] TERRAIN: Chunk created successfully: (11.0, 5.0) (total chunks: 464)
[22:01:59] TERRAIN: Creating chunk: (-11.0, -5.0) at distance 12.08
[22:01:59] TERRAIN: Chunk created successfully: (-11.0, -5.0) (total chunks: 465)
[22:01:59] TERRAIN: Creating chunk: (12.0, -2.0) at distance 12.17
[22:01:59] TERRAIN: Chunk created successfully: (12.0, -2.0) (total chunks: 466)
[22:01:59] TERRAIN: Creating chunk: (-12.0, 2.0) at distance 12.17
[22:01:59] TERRAIN: Chunk created successfully: (-12.0, 2.0) (total chunks: 467)
[22:01:59] TERRAIN: Creating chunk: (2.0, 12.0) at distance 12.17
[22:01:59] TERRAIN: Chunk created successfully: (2.0, 12.0) (total chunks: 468)
[22:01:59] TERRAIN: Creating chunk: (12.0, 2.0) at distance 12.17
[22:01:59] TERRAIN: Chunk created successfully: (12.0, 2.0) (total chunks: 469)
[22:01:59] TERRAIN: Creating chunk: (-2.0, -12.0) at distance 12.17
[22:01:59] TERRAIN: Chunk created successfully: (-2.0, -12.0) (total chunks: 470)
[22:01:59] TERRAIN: Creating chunk: (2.0, -12.0) at distance 12.17
[22:01:59] TERRAIN: Chunk created successfully: (2.0, -12.0) (total chunks: 471)
[22:01:59] TERRAIN: Creating chunk: (-12.0, -2.0) at distance 12.17
[22:01:59] TERRAIN: Chunk created successfully: (-12.0, -2.0) (total chunks: 472)
[22:01:59] TERRAIN: Creating chunk: (-2.0, 12.0) at distance 12.17
[22:01:59] TERRAIN: Chunk created successfully: (-2.0, 12.0) (total chunks: 473)
[22:01:59] TERRAIN: Creating chunk: (10.0, 7.0) at distance 12.21
[22:01:59] TERRAIN: Chunk created successfully: (10.0, 7.0) (total chunks: 474)
[22:01:59] TERRAIN: Creating chunk: (10.0, -7.0) at distance 12.21
[22:01:59] TERRAIN: Chunk created successfully: (10.0, -7.0) (total chunks: 475)
[22:01:59] TERRAIN: Creating chunk: (7.0, -10.0) at distance 12.21
[22:01:59] TERRAIN: Chunk created successfully: (7.0, -10.0) (total chunks: 476)
[22:01:59] TERRAIN: Creating chunk: (-7.0, -10.0) at distance 12.21
[22:01:59] TERRAIN: Chunk created successfully: (-7.0, -10.0) (total chunks: 477)
[22:01:59] TERRAIN: Creating chunk: (-10.0, 7.0) at distance 12.21
[22:01:59] TERRAIN: Chunk created successfully: (-10.0, 7.0) (total chunks: 478)
[22:01:59] TERRAIN: Creating chunk: (-10.0, -7.0) at distance 12.21
[22:01:59] TERRAIN: Chunk created successfully: (-10.0, -7.0) (total chunks: 479)
[22:01:59] TERRAIN: Creating chunk: (-7.0, 10.0) at distance 12.21
[22:01:59] TERRAIN: Chunk created successfully: (-7.0, 10.0) (total chunks: 480)
[22:01:59] TERRAIN: Creating chunk: (7.0, 10.0) at distance 12.21
[22:01:59] TERRAIN: Chunk created successfully: (7.0, 10.0) (total chunks: 481)
[22:01:59] TERRAIN: Creating chunk: (-12.0, -3.0) at distance 12.37
[22:01:59] TERRAIN: Chunk created successfully: (-12.0, -3.0) (total chunks: 482)
[22:01:59] TERRAIN: Creating chunk: (12.0, -3.0) at distance 12.37
[22:01:59] TERRAIN: Chunk created successfully: (12.0, -3.0) (total chunks: 483)
[22:01:59] TERRAIN: Creating chunk: (-3.0, -12.0) at distance 12.37
[22:01:59] TERRAIN: Chunk created successfully: (-3.0, -12.0) (total chunks: 484)
[22:01:59] TERRAIN: Creating chunk: (-12.0, 3.0) at distance 12.37
[22:01:59] TERRAIN: Chunk created successfully: (-12.0, 3.0) (total chunks: 485)
[22:01:59] TERRAIN: Creating chunk: (-3.0, 12.0) at distance 12.37
[22:01:59] TERRAIN: Chunk created successfully: (-3.0, 12.0) (total chunks: 486)
[22:01:59] TERRAIN: Creating chunk: (3.0, -12.0) at distance 12.37
[22:01:59] TERRAIN: Chunk created successfully: (3.0, -12.0) (total chunks: 487)
[22:01:59] TERRAIN: Creating chunk: (12.0, 3.0) at distance 12.37
[22:01:59] TERRAIN: Chunk created successfully: (12.0, 3.0) (total chunks: 488)
[22:01:59] TERRAIN: Creating chunk: (3.0, 12.0) at distance 12.37
[22:01:59] TERRAIN: Chunk created successfully: (3.0, 12.0) (total chunks: 489)
[22:01:59] TERRAIN: Creating chunk: (11.0, -6.0) at distance 12.53
[22:01:59] TERRAIN: Chunk created successfully: (11.0, -6.0) (total chunks: 490)
[22:01:59] TERRAIN: Creating chunk: (-11.0, -6.0) at distance 12.53
[22:01:59] TERRAIN: Chunk created successfully: (-11.0, -6.0) (total chunks: 491)
[22:01:59] TERRAIN: Creating chunk: (-6.0, -11.0) at distance 12.53
[22:01:59] TERRAIN: Chunk created successfully: (-6.0, -11.0) (total chunks: 492)
[22:01:59] TERRAIN: Creating chunk: (-6.0, 11.0) at distance 12.53
[22:01:59] TERRAIN: Chunk created successfully: (-6.0, 11.0) (total chunks: 493)
[22:01:59] TERRAIN: Creating chunk: (-11.0, 6.0) at distance 12.53
[22:01:59] TERRAIN: Chunk created successfully: (-11.0, 6.0) (total chunks: 494)
[22:01:59] TERRAIN: Creating chunk: (6.0, -11.0) at distance 12.53
[22:01:59] TERRAIN: Chunk created successfully: (6.0, -11.0) (total chunks: 495)
[22:01:59] TERRAIN: Creating chunk: (11.0, 6.0) at distance 12.53
[22:01:59] TERRAIN: Chunk created successfully: (11.0, 6.0) (total chunks: 496)
[22:01:59] TERRAIN: Creating chunk: (6.0, 11.0) at distance 12.53
[22:01:59] TERRAIN: Chunk created successfully: (6.0, 11.0) (total chunks: 497)
[22:01:59] TERRAIN: Creating chunk: (-4.0, -12.0) at distance 12.65
[22:01:59] TERRAIN: Chunk created successfully: (-4.0, -12.0) (total chunks: 498)
[22:01:59] TERRAIN: Creating chunk: (12.0, -4.0) at distance 12.65
[22:01:59] TERRAIN: Chunk created successfully: (12.0, -4.0) (total chunks: 499)
[22:01:59] TERRAIN: Creating chunk: (-12.0, -4.0) at distance 12.65
[22:01:59] TERRAIN: Chunk created successfully: (-12.0, -4.0) (total chunks: 500)
[22:01:59] TERRAIN: Creating chunk: (4.0, 12.0) at distance 12.65
[22:01:59] TERRAIN: Chunk created successfully: (4.0, 12.0) (total chunks: 501)
[22:01:59] TERRAIN: Creating chunk: (12.0, 4.0) at distance 12.65
[22:01:59] TERRAIN: Chunk created successfully: (12.0, 4.0) (total chunks: 502)
[22:01:59] TERRAIN: Creating chunk: (-4.0, 12.0) at distance 12.65
[22:01:59] TERRAIN: Chunk created successfully: (-4.0, 12.0) (total chunks: 503)
[22:01:59] TERRAIN: Creating chunk: (-12.0, 4.0) at distance 12.65
[22:01:59] TERRAIN: Chunk created successfully: (-12.0, 4.0) (total chunks: 504)
[22:01:59] TERRAIN: Creating chunk: (4.0, -12.0) at distance 12.65
[22:01:59] TERRAIN: Chunk created successfully: (4.0, -12.0) (total chunks: 505)
[22:01:59] TERRAIN: Creating chunk: (9.0, -9.0) at distance 12.73
[22:01:59] TERRAIN: Chunk created successfully: (9.0, -9.0) (total chunks: 506)
[22:01:59] TERRAIN: Creating chunk: (-9.0, -9.0) at distance 12.73
[22:01:59] TERRAIN: Chunk created successfully: (-9.0, -9.0) (total chunks: 507)
[22:01:59] TERRAIN: Creating chunk: (9.0, 9.0) at distance 12.73
[22:01:59] TERRAIN: Chunk created successfully: (9.0, 9.0) (total chunks: 508)
[22:01:59] TERRAIN: Creating chunk: (-9.0, 9.0) at distance 12.73
[22:01:59] TERRAIN: Chunk created successfully: (-9.0, 9.0) (total chunks: 509)
[22:01:59] TERRAIN: Creating chunk: (8.0, 10.0) at distance 12.81
[22:01:59] TERRAIN: Chunk created successfully: (8.0, 10.0) (total chunks: 510)
[22:01:59] TERRAIN: Creating chunk: (10.0, -8.0) at distance 12.81
[22:01:59] TERRAIN: Chunk created successfully: (10.0, -8.0) (total chunks: 511)
[22:01:59] TERRAIN: Creating chunk: (-10.0, 8.0) at distance 12.81
[22:01:59] TERRAIN: Chunk created successfully: (-10.0, 8.0) (total chunks: 512)
[22:01:59] TERRAIN: Creating chunk: (-8.0, -10.0) at distance 12.81
[22:01:59] TERRAIN: Chunk created successfully: (-8.0, -10.0) (total chunks: 513)
[22:01:59] TERRAIN: Creating chunk: (-10.0, -8.0) at distance 12.81
[22:01:59] TERRAIN: Chunk created successfully: (-10.0, -8.0) (total chunks: 514)
[22:01:59] TERRAIN: Creating chunk: (10.0, 8.0) at distance 12.81
[22:01:59] TERRAIN: Chunk created successfully: (10.0, 8.0) (total chunks: 515)
[22:01:59] TERRAIN: Creating chunk: (8.0, -10.0) at distance 12.81
[22:01:59] TERRAIN: Chunk created successfully: (8.0, -10.0) (total chunks: 516)
[22:01:59] TERRAIN: Creating chunk: (-8.0, 10.0) at distance 12.81
[22:01:59] TERRAIN: Chunk created successfully: (-8.0, 10.0) (total chunks: 517)
[22:01:59] TERRAIN: Creating chunk: (12.0, -5.0) at distance 13.00
[22:01:59] TERRAIN: Chunk created successfully: (12.0, -5.0) (total chunks: 518)
[22:01:59] TERRAIN: Creating chunk: (13.0, 0.0) at distance 13.00
[22:01:59] TERRAIN: Chunk created successfully: (13.0, 0.0) (total chunks: 519)
[22:01:59] TERRAIN: Creating chunk: (5.0, -12.0) at distance 13.00
[22:01:59] TERRAIN: Chunk created successfully: (5.0, -12.0) (total chunks: 520)
[22:01:59] TERRAIN: Creating chunk: (12.0, 5.0) at distance 13.00
[22:01:59] TERRAIN: Chunk created successfully: (12.0, 5.0) (total chunks: 521)
[22:01:59] TERRAIN: Creating chunk: (-12.0, -5.0) at distance 13.00
[22:01:59] TERRAIN: Chunk created successfully: (-12.0, -5.0) (total chunks: 522)
[22:01:59] TERRAIN: Creating chunk: (5.0, 12.0) at distance 13.00
[22:01:59] TERRAIN: Chunk created successfully: (5.0, 12.0) (total chunks: 523)
[22:01:59] TERRAIN: Creating chunk: (0.0, 13.0) at distance 13.00
[22:01:59] TERRAIN: Chunk created successfully: (0.0, 13.0) (total chunks: 524)
[22:01:59] TERRAIN: Creating chunk: (-12.0, 5.0) at distance 13.00
[22:01:59] TERRAIN: Chunk created successfully: (-12.0, 5.0) (total chunks: 525)
[22:01:59] TERRAIN: Creating chunk: (-5.0, 12.0) at distance 13.00
[22:01:59] TERRAIN: Chunk created successfully: (-5.0, 12.0) (total chunks: 526)
[22:01:59] TERRAIN: Creating chunk: (-5.0, -12.0) at distance 13.00
[22:01:59] TERRAIN: Chunk created successfully: (-5.0, -12.0) (total chunks: 527)
[22:01:59] TERRAIN: Creating chunk: (0.0, -13.0) at distance 13.00
[22:01:59] TERRAIN: Chunk created successfully: (0.0, -13.0) (total chunks: 528)
[22:01:59] TERRAIN: Creating chunk: (-13.0, 0.0) at distance 13.00
[22:01:59] TERRAIN: Chunk created successfully: (-13.0, 0.0) (total chunks: 529)
[22:01:59] TERRAIN: Creating chunk: (-11.0, 7.0) at distance 13.04
[22:01:59] TERRAIN: Chunk created successfully: (-11.0, 7.0) (total chunks: 530)
[22:01:59] TERRAIN: Creating chunk: (-7.0, 11.0) at distance 13.04
[22:01:59] TERRAIN: Chunk created successfully: (-7.0, 11.0) (total chunks: 531)
[22:01:59] TERRAIN: Creating chunk: (-1.0, 13.0) at distance 13.04
[22:01:59] TERRAIN: Chunk created successfully: (-1.0, 13.0) (total chunks: 532)
[22:01:59] TERRAIN: Creating chunk: (-11.0, -7.0) at distance 13.04
[22:01:59] TERRAIN: Chunk created successfully: (-11.0, -7.0) (total chunks: 533)
[22:01:59] TERRAIN: Creating chunk: (11.0, -7.0) at distance 13.04
[22:01:59] TERRAIN: Chunk created successfully: (11.0, -7.0) (total chunks: 534)
[22:01:59] TERRAIN: Creating chunk: (-7.0, -11.0) at distance 13.04
[22:01:59] TERRAIN: Chunk created successfully: (-7.0, -11.0) (total chunks: 535)
[22:01:59] TERRAIN: Creating chunk: (7.0, 11.0) at distance 13.04
[22:01:59] TERRAIN: Chunk created successfully: (7.0, 11.0) (total chunks: 536)
[22:01:59] TERRAIN: Creating chunk: (11.0, 7.0) at distance 13.04
[22:01:59] TERRAIN: Chunk created successfully: (11.0, 7.0) (total chunks: 537)
[22:01:59] TERRAIN: Creating chunk: (-1.0, -13.0) at distance 13.04
[22:01:59] TERRAIN: Chunk created successfully: (-1.0, -13.0) (total chunks: 538)
[22:01:59] TERRAIN: Creating chunk: (1.0, -13.0) at distance 13.04
[22:01:59] TERRAIN: Chunk created successfully: (1.0, -13.0) (total chunks: 539)
[22:01:59] TERRAIN: Creating chunk: (7.0, -11.0) at distance 13.04
[22:01:59] TERRAIN: Chunk created successfully: (7.0, -11.0) (total chunks: 540)
[22:01:59] TERRAIN: Creating chunk: (-13.0, -1.0) at distance 13.04
[22:01:59] TERRAIN: Chunk created successfully: (-13.0, -1.0) (total chunks: 541)
[22:01:59] TERRAIN: Creating chunk: (-13.0, 1.0) at distance 13.04
[22:01:59] TERRAIN: Chunk created successfully: (-13.0, 1.0) (total chunks: 542)
[22:01:59] TERRAIN: Creating chunk: (1.0, 13.0) at distance 13.04
[22:01:59] TERRAIN: Chunk created successfully: (1.0, 13.0) (total chunks: 543)
[22:01:59] TERRAIN: Creating chunk: (13.0, -1.0) at distance 13.04
[22:01:59] TERRAIN: Chunk created successfully: (13.0, -1.0) (total chunks: 544)
[22:01:59] TERRAIN: Creating chunk: (13.0, 1.0) at distance 13.04
[22:01:59] TERRAIN: Chunk created successfully: (13.0, 1.0) (total chunks: 545)
[22:01:59] TERRAIN: Creating chunk: (-2.0, 13.0) at distance 13.15
[22:01:59] TERRAIN: Chunk created successfully: (-2.0, 13.0) (total chunks: 546)
[22:01:59] TERRAIN: Creating chunk: (-13.0, -2.0) at distance 13.15
[22:01:59] TERRAIN: Chunk created successfully: (-13.0, -2.0) (total chunks: 547)
[22:01:59] TERRAIN: Creating chunk: (-2.0, -13.0) at distance 13.15
[22:01:59] TERRAIN: Chunk created successfully: (-2.0, -13.0) (total chunks: 548)
[22:01:59] TERRAIN: Creating chunk: (13.0, 2.0) at distance 13.15
[22:01:59] TERRAIN: Chunk created successfully: (13.0, 2.0) (total chunks: 549)
[22:01:59] TERRAIN: Creating chunk: (2.0, 13.0) at distance 13.15
[22:01:59] TERRAIN: Chunk created successfully: (2.0, 13.0) (total chunks: 550)
[22:01:59] TERRAIN: Creating chunk: (2.0, -13.0) at distance 13.15
[22:01:59] TERRAIN: Chunk created successfully: (2.0, -13.0) (total chunks: 551)
[22:01:59] TERRAIN: Creating chunk: (-13.0, 2.0) at distance 13.15
[22:01:59] TERRAIN: Chunk created successfully: (-13.0, 2.0) (total chunks: 552)
[22:01:59] TERRAIN: Creating chunk: (13.0, -2.0) at distance 13.15
[22:01:59] TERRAIN: Chunk created successfully: (13.0, -2.0) (total chunks: 553)
[22:01:59] TERRAIN: Creating chunk: (-3.0, -13.0) at distance 13.34
[22:01:59] TERRAIN: Chunk created successfully: (-3.0, -13.0) (total chunks: 554)
[22:01:59] TERRAIN: Creating chunk: (13.0, -3.0) at distance 13.34
[22:01:59] TERRAIN: Chunk created successfully: (13.0, -3.0) (total chunks: 555)
[22:01:59] TERRAIN: Creating chunk: (3.0, -13.0) at distance 13.34
[22:01:59] TERRAIN: Chunk created successfully: (3.0, -13.0) (total chunks: 556)
[22:01:59] TERRAIN: Creating chunk: (-13.0, -3.0) at distance 13.34
[22:01:59] TERRAIN: Chunk created successfully: (-13.0, -3.0) (total chunks: 557)
[22:01:59] TERRAIN: Creating chunk: (13.0, 3.0) at distance 13.34
[22:01:59] TERRAIN: Chunk created successfully: (13.0, 3.0) (total chunks: 558)
[22:01:59] TERRAIN: Creating chunk: (-3.0, 13.0) at distance 13.34
[22:01:59] TERRAIN: Chunk created successfully: (-3.0, 13.0) (total chunks: 559)
[22:01:59] TERRAIN: Creating chunk: (3.0, 13.0) at distance 13.34
[22:01:59] TERRAIN: Chunk created successfully: (3.0, 13.0) (total chunks: 560)
[22:01:59] TERRAIN: Creating chunk: (-13.0, 3.0) at distance 13.34
[22:01:59] TERRAIN: Chunk created successfully: (-13.0, 3.0) (total chunks: 561)
[22:01:59] TERRAIN: Creating chunk: (-6.0, 12.0) at distance 13.42
[22:01:59] TERRAIN: Chunk created successfully: (-6.0, 12.0) (total chunks: 562)
[22:01:59] TERRAIN: Creating chunk: (-12.0, 6.0) at distance 13.42
[22:01:59] TERRAIN: Chunk created successfully: (-12.0, 6.0) (total chunks: 563)
[22:01:59] TERRAIN: Creating chunk: (-6.0, -12.0) at distance 13.42
[22:01:59] TERRAIN: Chunk created successfully: (-6.0, -12.0) (total chunks: 564)
[22:01:59] TERRAIN: Creating chunk: (12.0, -6.0) at distance 13.42
[22:01:59] TERRAIN: Chunk created successfully: (12.0, -6.0) (total chunks: 565)
[22:01:59] TERRAIN: Creating chunk: (12.0, 6.0) at distance 13.42
[22:01:59] TERRAIN: Chunk created successfully: (12.0, 6.0) (total chunks: 566)
[22:01:59] TERRAIN: Creating chunk: (6.0, 12.0) at distance 13.42
[22:01:59] TERRAIN: Chunk created successfully: (6.0, 12.0) (total chunks: 567)
[22:01:59] TERRAIN: Creating chunk: (6.0, -12.0) at distance 13.42
[22:01:59] TERRAIN: Chunk created successfully: (6.0, -12.0) (total chunks: 568)
[22:01:59] PLAYER: Pos: (0.0, 0.000183, 0.0) | Chunk: (0.0, 0.0) | TerrainHeight: 0.00 | HeightDiff: 0.00 | OnFloor: true
[22:01:59] TERRAIN: Creating chunk: (-12.0, -6.0) at distance 13.42
[22:01:59] TERRAIN: Chunk created successfully: (-12.0, -6.0) (total chunks: 569)
[22:01:59] TERRAIN: Creating chunk: (10.0, -9.0) at distance 13.45
[22:01:59] TERRAIN: Chunk created successfully: (10.0, -9.0) (total chunks: 570)
[22:01:59] TERRAIN: Creating chunk: (9.0, 10.0) at distance 13.45
[22:01:59] TERRAIN: Chunk created successfully: (9.0, 10.0) (total chunks: 571)
[22:01:59] TERRAIN: Creating chunk: (10.0, 9.0) at distance 13.45
[22:01:59] TERRAIN: Chunk created successfully: (10.0, 9.0) (total chunks: 572)
[22:01:59] TERRAIN: Creating chunk: (9.0, -10.0) at distance 13.45
[22:01:59] TERRAIN: Chunk created successfully: (9.0, -10.0) (total chunks: 573)
[22:01:59] TERRAIN: Creating chunk: (-10.0, -9.0) at distance 13.45
[22:01:59] TERRAIN: Chunk created successfully: (-10.0, -9.0) (total chunks: 574)
[22:01:59] TERRAIN: Creating chunk: (-10.0, 9.0) at distance 13.45
[22:01:59] TERRAIN: Chunk created successfully: (-10.0, 9.0) (total chunks: 575)
[22:01:59] TERRAIN: Creating chunk: (-9.0, 10.0) at distance 13.45
[22:01:59] TERRAIN: Chunk created successfully: (-9.0, 10.0) (total chunks: 576)
[22:01:59] TERRAIN: Creating chunk: (-9.0, -10.0) at distance 13.45
[22:01:59] TERRAIN: Chunk created successfully: (-9.0, -10.0) (total chunks: 577)
[22:01:59] TERRAIN: Creating chunk: (-4.0, 13.0) at distance 13.60
[22:01:59] TERRAIN: Chunk created successfully: (-4.0, 13.0) (total chunks: 578)
[22:01:59] TERRAIN: Creating chunk: (4.0, -13.0) at distance 13.60
[22:01:59] TERRAIN: Chunk created successfully: (4.0, -13.0) (total chunks: 579)
[22:01:59] TERRAIN: Creating chunk: (-11.0, -8.0) at distance 13.60
[22:01:59] TERRAIN: Chunk created successfully: (-11.0, -8.0) (total chunks: 580)
[22:01:59] TERRAIN: Creating chunk: (13.0, 4.0) at distance 13.60
[22:01:59] TERRAIN: Chunk created successfully: (13.0, 4.0) (total chunks: 581)
[22:01:59] TERRAIN: Creating chunk: (4.0, 13.0) at distance 13.60
[22:01:59] TERRAIN: Chunk created successfully: (4.0, 13.0) (total chunks: 582)
[22:01:59] TERRAIN: Creating chunk: (13.0, -4.0) at distance 13.60
[22:01:59] TERRAIN: Chunk created successfully: (13.0, -4.0) (total chunks: 583)
[22:01:59] TERRAIN: Creating chunk: (11.0, -8.0) at distance 13.60
[22:01:59] TERRAIN: Chunk created successfully: (11.0, -8.0) (total chunks: 584)
[22:01:59] TERRAIN: Player moved to new chunk: (-1.0, -1.0) (was (0.0, 0.0))
[22:01:59] TERRAIN: Updating terrain for player chunk: (-1.0, -1.0) (player pos: (-0.005465, 0.000183, -0.083156))
[22:01:59] TERRAIN: Queuing 61 new chunks for generation
[22:01:59] TERRAIN: Queued chunk: (-16.0, -1.0) (distance: 15.00)
[22:01:59] TERRAIN: Queued chunk: (-1.0, -16.0) (distance: 15.00)
[22:01:59] TERRAIN: Queued chunk: (0.0, -16.0) (distance: 15.03)
[22:01:59] TERRAIN: Queued chunk: (-2.0, -16.0) (distance: 15.03)
[22:01:59] TERRAIN: Queued chunk: (-16.0, 0.0) (distance: 15.03)
[22:01:59] TERRAIN: Queued chunk: (-16.0, -2.0) (distance: 15.03)
[22:01:59] TERRAIN: Queued chunk: (1.0, -16.0) (distance: 15.13)
[22:01:59] TERRAIN: Queued chunk: (-16.0, 1.0) (distance: 15.13)
[22:01:59] TERRAIN: Queued chunk: (-16.0, -3.0) (distance: 15.13)
[22:01:59] TERRAIN: Queued chunk: (-3.0, -16.0) (distance: 15.13)
[22:01:59] TERRAIN: Queued chunk: (-16.0, -4.0) (distance: 15.30)
[22:01:59] TERRAIN: Queued chunk: (2.0, -16.0) (distance: 15.30)
[22:01:59] TERRAIN: Queued chunk: (-4.0, -16.0) (distance: 15.30)
[22:01:59] TERRAIN: Queued chunk: (-16.0, 2.0) (distance: 15.30)
[22:01:59] TERRAIN: Queued chunk: (-16.0, -5.0) (distance: 15.52)
[22:01:59] TERRAIN: Queued chunk: (-5.0, -16.0) (distance: 15.52)
[22:01:59] TERRAIN: Queued chunk: (-16.0, 3.0) (distance: 15.52)
[22:01:59] TERRAIN: Queued chunk: (3.0, -16.0) (distance: 15.52)
[22:01:59] TERRAIN: Queued chunk: (-16.0, -6.0) (distance: 15.81)
[22:01:59] TERRAIN: Queued chunk: (4.0, -16.0) (distance: 15.81)
[22:01:59] TERRAIN: Queued chunk: (-16.0, 4.0) (distance: 15.81)
[22:01:59] TERRAIN: Queued chunk: (-6.0, -16.0) (distance: 15.81)
[22:01:59] TERRAIN: Queued chunk: (5.0, -16.0) (distance: 16.16)
[22:01:59] TERRAIN: Queued chunk: (-7.0, -16.0) (distance: 16.16)
[22:01:59] TERRAIN: Queued chunk: (-16.0, 5.0) (distance: 16.16)
[22:01:59] TERRAIN: Queued chunk: (-16.0, -7.0) (distance: 16.16)
[22:01:59] TERRAIN: Queued chunk: (-16.0, 6.0) (distance: 16.55)
[22:01:59] TERRAIN: Queued chunk: (-8.0, -16.0) (distance: 16.55)
[22:01:59] TERRAIN: Queued chunk: (-16.0, -8.0) (distance: 16.55)
[22:01:59] TERRAIN: Queued chunk: (6.0, -16.0) (distance: 16.55)
[22:01:59] TERRAIN: Queued chunk: (-9.0, -16.0) (distance: 17.00)
[22:01:59] TERRAIN: Queued chunk: (-16.0, 7.0) (distance: 17.00)
[22:01:59] TERRAIN: Queued chunk: (-16.0, -9.0) (distance: 17.00)
[22:01:59] TERRAIN: Queued chunk: (7.0, -16.0) (distance: 17.00)
[22:01:59] TERRAIN: Queued chunk: (8.0, -16.0) (distance: 17.49)
[22:01:59] TERRAIN: Queued chunk: (-10.0, -16.0) (distance: 17.49)
[22:01:59] TERRAIN: Queued chunk: (-16.0, 8.0) (distance: 17.49)
[22:01:59] TERRAIN: Queued chunk: (-16.0, -10.0) (distance: 17.49)
[22:01:59] TERRAIN: Queued chunk: (9.0, -16.0) (distance: 18.03)
[22:01:59] TERRAIN: Queued chunk: (-11.0, -16.0) (distance: 18.03)
[22:01:59] TERRAIN: Queued chunk: (-16.0, 9.0) (distance: 18.03)
[22:01:59] TERRAIN: Queued chunk: (-16.0, -11.0) (distance: 18.03)
[22:01:59] TERRAIN: Queued chunk: (10.0, -16.0) (distance: 18.60)
[22:01:59] TERRAIN: Queued chunk: (-12.0, -16.0) (distance: 18.60)
[22:01:59] TERRAIN: Queued chunk: (-16.0, 10.0) (distance: 18.60)
[22:01:59] TERRAIN: Queued chunk: (-16.0, -12.0) (distance: 18.60)
[22:01:59] TERRAIN: Queued chunk: (-13.0, -16.0) (distance: 19.21)
[22:01:59] TERRAIN: Queued chunk: (-16.0, 11.0) (distance: 19.21)
[22:01:59] TERRAIN: Queued chunk: (-16.0, -13.0) (distance: 19.21)
[22:01:59] TERRAIN: Queued chunk: (11.0, -16.0) (distance: 19.21)
[22:01:59] TERRAIN: Queued chunk: (-14.0, -16.0) (distance: 19.85)
[22:01:59] TERRAIN: Queued chunk: (-16.0, 12.0) (distance: 19.85)
[22:01:59] TERRAIN: Queued chunk: (-16.0, -14.0) (distance: 19.85)
[22:01:59] TERRAIN: Queued chunk: (12.0, -16.0) (distance: 19.85)
[22:01:59] TERRAIN: Queued chunk: (-15.0, -16.0) (distance: 20.52)
[22:01:59] TERRAIN: Queued chunk: (13.0, -16.0) (distance: 20.52)
[22:01:59] TERRAIN: Queued chunk: (-16.0, 13.0) (distance: 20.52)
[22:01:59] TERRAIN: Queued chunk: (-16.0, -15.0) (distance: 20.52)
[22:01:59] TERRAIN: Queued chunk: (14.0, -16.0) (distance: 21.21)
[22:01:59] TERRAIN: Queued chunk: (-16.0, 14.0) (distance: 21.21)
[22:01:59] TERRAIN: Queued chunk: (-16.0, -16.0) (distance: 21.21)
[22:01:59] TERRAIN: Creating chunk: (8.0, 11.0) at distance 15.00
[22:01:59] TERRAIN: Chunk created successfully: (8.0, 11.0) (total chunks: 585)
[22:01:59] TERRAIN: Creating chunk: (-8.0, -11.0) at distance 12.21
[22:01:59] TERRAIN: Chunk created successfully: (-8.0, -11.0) (total chunks: 586)
[22:01:59] TERRAIN: Creating chunk: (-11.0, 8.0) at distance 13.45
[22:01:59] TERRAIN: Chunk created successfully: (-11.0, 8.0) (total chunks: 587)
[22:01:59] TERRAIN: Creating chunk: (8.0, -11.0) at distance 13.45
[22:01:59] TERRAIN: Chunk created successfully: (8.0, -11.0) (total chunks: 588)
[22:01:59] TERRAIN: Creating chunk: (-4.0, -13.0) at distance 12.37
[22:01:59] TERRAIN: Chunk created successfully: (-4.0, -13.0) (total chunks: 589)
[22:01:59] TERRAIN: Creating chunk: (-13.0, 4.0) at distance 13.00
[22:01:59] TERRAIN: Chunk created successfully: (-13.0, 4.0) (total chunks: 590)
[22:01:59] TERRAIN: Creating chunk: (-8.0, 11.0) at distance 13.89
[22:01:59] TERRAIN: Chunk created successfully: (-8.0, 11.0) (total chunks: 591)
[22:01:59] TERRAIN: Creating chunk: (-13.0, -4.0) at distance 12.37
[22:01:59] TERRAIN: Chunk created successfully: (-13.0, -4.0) (total chunks: 592)
[22:01:59] TERRAIN: Creating chunk: (11.0, 8.0) at distance 15.00
[22:01:59] TERRAIN: Chunk created successfully: (11.0, 8.0) (total chunks: 593)
[22:01:59] TERRAIN: Creating chunk: (-12.0, -7.0) at distance 12.53
[22:01:59] TERRAIN: Chunk created successfully: (-12.0, -7.0) (total chunks: 594)
[22:01:59] TERRAIN: Creating chunk: (-12.0, 7.0) at distance 13.60
[22:01:59] TERRAIN: Chunk created successfully: (-12.0, 7.0) (total chunks: 595)
[22:01:59] TERRAIN: Creating chunk: (-7.0, 12.0) at distance 14.32
[22:01:59] TERRAIN: Chunk created successfully: (-7.0, 12.0) (total chunks: 596)
[22:01:59] TERRAIN: Creating chunk: (7.0, -12.0) at distance 13.60
[22:01:59] TERRAIN: Chunk created successfully: (7.0, -12.0) (total chunks: 597)
[22:01:59] TERRAIN: Creating chunk: (-7.0, -12.0) at distance 12.53
[22:01:59] TERRAIN: Chunk created successfully: (-7.0, -12.0) (total chunks: 598)
[22:01:59] TERRAIN: Creating chunk: (12.0, -7.0) at distance 14.32
[22:01:59] TERRAIN: Chunk created successfully: (12.0, -7.0) (total chunks: 599)
[22:01:59] TERRAIN: Creating chunk: (-5.0, 13.0) at distance 14.56
[22:01:59] TERRAIN: Chunk created successfully: (-5.0, 13.0) (total chunks: 600)
[22:01:59] TERRAIN: Creating chunk: (-5.0, -13.0) at distance 12.65
[22:01:59] TERRAIN: Chunk created successfully: (-5.0, -13.0) (total chunks: 601)
[22:01:59] TERRAIN: Creating chunk: (5.0, -13.0) at distance 13.42
[22:01:59] TERRAIN: Chunk created successfully: (5.0, -13.0) (total chunks: 602)
[22:01:59] TERRAIN: Creating chunk: (13.0, -5.0) at distance 14.56
[22:01:59] TERRAIN: Chunk created successfully: (13.0, -5.0) (total chunks: 603)
[22:01:59] TERRAIN: Creating chunk: (-13.0, 5.0) at distance 13.42
[22:01:59] TERRAIN: Chunk created successfully: (-13.0, 5.0) (total chunks: 604)
[22:01:59] TERRAIN: Creating chunk: (-13.0, -5.0) at distance 12.65
[22:01:59] TERRAIN: Chunk created successfully: (-13.0, -5.0) (total chunks: 605)
[22:01:59] TERRAIN: Creating chunk: (0.0, -14.0) at distance 13.04
[22:01:59] TERRAIN: Chunk created successfully: (0.0, -14.0) (total chunks: 606)
[22:01:59] TERRAIN: Creating chunk: (-14.0, 0.0) at distance 13.04
[22:01:59] TERRAIN: Chunk created successfully: (-14.0, 0.0) (total chunks: 607)
[22:01:59] TERRAIN: Creating chunk: (14.0, -1.0) at distance 15.00
[22:01:59] TERRAIN: Chunk created successfully: (14.0, -1.0) (total chunks: 608)
[22:01:59] TERRAIN: Creating chunk: (-14.0, 1.0) at distance 13.15
[22:01:59] TERRAIN: Chunk created successfully: (-14.0, 1.0) (total chunks: 609)
[22:01:59] TERRAIN: Creating chunk: (-1.0, -14.0) at distance 13.00
[22:01:59] TERRAIN: Chunk created successfully: (-1.0, -14.0) (total chunks: 610)
[22:01:59] TERRAIN: Creating chunk: (-1.0, 14.0) at distance 15.00
[22:01:59] TERRAIN: Chunk created successfully: (-1.0, 14.0) (total chunks: 611)
[22:01:59] TERRAIN: Creating chunk: (-14.0, -1.0) at distance 13.00
[22:01:59] TERRAIN: Chunk created successfully: (-14.0, -1.0) (total chunks: 612)
[22:01:59] TERRAIN: Creating chunk: (1.0, -14.0) at distance 13.15
[22:01:59] TERRAIN: Chunk created successfully: (1.0, -14.0) (total chunks: 613)
[22:01:59] TERRAIN: Creating chunk: (-10.0, 10.0) at distance 14.21
[22:01:59] TERRAIN: Chunk created successfully: (-10.0, 10.0) (total chunks: 614)
[22:01:59] TERRAIN: Creating chunk: (-10.0, -10.0) at distance 12.73
[22:01:59] TERRAIN: Chunk created successfully: (-10.0, -10.0) (total chunks: 615)
[22:01:59] TERRAIN: Creating chunk: (10.0, -10.0) at distance 14.21
[22:01:59] TERRAIN: Chunk created successfully: (10.0, -10.0) (total chunks: 616)
[22:02:00] TERRAIN: Creating chunk: (-14.0, 2.0) at distance 13.34
[22:02:00] TERRAIN: Chunk created successfully: (-14.0, 2.0) (total chunks: 617)
[22:02:00] TERRAIN: Creating chunk: (-2.0, -14.0) at distance 13.04
[22:02:00] TERRAIN: Chunk created successfully: (-2.0, -14.0) (total chunks: 618)
[22:02:00] TERRAIN: Creating chunk: (-14.0, -2.0) at distance 13.04
[22:02:00] TERRAIN: Chunk created successfully: (-14.0, -2.0) (total chunks: 619)
[22:02:00] TERRAIN: Creating chunk: (2.0, -14.0) at distance 13.34
[22:02:00] TERRAIN: Chunk created successfully: (2.0, -14.0) (total chunks: 620)
[22:02:00] TERRAIN: Creating chunk: (-9.0, -11.0) at distance 12.81
[22:02:00] TERRAIN: Chunk created successfully: (-9.0, -11.0) (total chunks: 621)
[22:02:00] TERRAIN: Creating chunk: (-9.0, 11.0) at distance 14.42
[22:02:00] TERRAIN: Chunk created successfully: (-9.0, 11.0) (total chunks: 622)
[22:02:00] TERRAIN: Creating chunk: (9.0, -11.0) at distance 14.14
[22:02:00] TERRAIN: Chunk created successfully: (9.0, -11.0) (total chunks: 623)
[22:02:00] TERRAIN: Creating chunk: (11.0, -9.0) at distance 14.42
[22:02:00] TERRAIN: Chunk created successfully: (11.0, -9.0) (total chunks: 624)
[22:02:00] TERRAIN: Creating chunk: (-11.0, -9.0) at distance 12.81
[22:02:00] TERRAIN: Chunk created successfully: (-11.0, -9.0) (total chunks: 625)
[22:02:00] TERRAIN: Creating chunk: (-11.0, 9.0) at distance 14.14
[22:02:00] TERRAIN: Chunk created successfully: (-11.0, 9.0) (total chunks: 626)
[22:02:00] TERRAIN: Creating chunk: (-6.0, 13.0) at distance 14.87
[22:02:00] TERRAIN: Chunk created successfully: (-6.0, 13.0) (total chunks: 627)
[22:02:00] TERRAIN: Creating chunk: (6.0, -13.0) at distance 13.89
[22:02:00] TERRAIN: Chunk created successfully: (6.0, -13.0) (total chunks: 628)
[22:02:00] TERRAIN: Creating chunk: (-13.0, 6.0) at distance 13.89
[22:02:00] TERRAIN: Chunk created successfully: (-13.0, 6.0) (total chunks: 629)
[22:02:00] TERRAIN: Creating chunk: (-13.0, -6.0) at distance 13.00
[22:02:00] TERRAIN: Chunk created successfully: (-13.0, -6.0) (total chunks: 630)
[22:02:00] TERRAIN: Creating chunk: (-6.0, -13.0) at distance 13.00
[22:02:00] TERRAIN: Chunk created successfully: (-6.0, -13.0) (total chunks: 631)
[22:02:00] TERRAIN: Creating chunk: (-14.0, 3.0) at distance 13.60
[22:02:00] TERRAIN: Chunk created successfully: (-14.0, 3.0) (total chunks: 632)
[22:02:00] TERRAIN: Creating chunk: (-3.0, -14.0) at distance 13.15
[22:02:00] TERRAIN: Chunk created successfully: (-3.0, -14.0) (total chunks: 633)
[22:02:00] TERRAIN: Creating chunk: (13.0, -6.0) at distance 14.87
[22:02:00] TERRAIN: Chunk created successfully: (13.0, -6.0) (total chunks: 634)
[22:02:00] TERRAIN: Creating chunk: (3.0, -14.0) at distance 13.60
[22:02:00] TERRAIN: Chunk created successfully: (3.0, -14.0) (total chunks: 635)
[22:02:00] TERRAIN: Creating chunk: (-14.0, -3.0) at distance 13.15
[22:02:00] TERRAIN: Chunk created successfully: (-14.0, -3.0) (total chunks: 636)
[22:02:00] TERRAIN: Creating chunk: (-8.0, -12.0) at distance 13.04
[22:02:00] TERRAIN: Chunk created successfully: (-8.0, -12.0) (total chunks: 637)
[22:02:00] TERRAIN: Creating chunk: (-8.0, 12.0) at distance 14.76
[22:02:00] TERRAIN: Chunk created successfully: (-8.0, 12.0) (total chunks: 638)
[22:02:00] TERRAIN: Creating chunk: (8.0, -12.0) at distance 14.21
[22:02:00] TERRAIN: Chunk created successfully: (8.0, -12.0) (total chunks: 639)
[22:02:00] TERRAIN: Creating chunk: (-12.0, 8.0) at distance 14.21
[22:02:00] TERRAIN: Chunk created successfully: (-12.0, 8.0) (total chunks: 640)
[22:02:00] TERRAIN: Creating chunk: (-12.0, -8.0) at distance 13.04
[22:02:00] TERRAIN: Chunk created successfully: (-12.0, -8.0) (total chunks: 641)
[22:02:00] TERRAIN: Creating chunk: (12.0, -8.0) at distance 14.76
[22:02:00] TERRAIN: Chunk created successfully: (12.0, -8.0) (total chunks: 642)
[22:02:00] TERRAIN: Creating chunk: (-14.0, 4.0) at distance 13.93
[22:02:00] TERRAIN: Chunk created successfully: (-14.0, 4.0) (total chunks: 643)
[22:02:00] TERRAIN: Creating chunk: (-14.0, -4.0) at distance 13.34
[22:02:00] TERRAIN: Chunk created successfully: (-14.0, -4.0) (total chunks: 644)
[22:02:00] TERRAIN: Creating chunk: (-4.0, -14.0) at distance 13.34
[22:02:00] TERRAIN: Chunk created successfully: (-4.0, -14.0) (total chunks: 645)
[22:02:00] TERRAIN: Creating chunk: (4.0, -14.0) at distance 13.93
[22:02:00] TERRAIN: Chunk created successfully: (4.0, -14.0) (total chunks: 646)
[22:02:00] TERRAIN: Creating chunk: (7.0, -13.0) at distance 14.42
[22:02:00] TERRAIN: Chunk created successfully: (7.0, -13.0) (total chunks: 647)
[22:02:00] TERRAIN: Creating chunk: (-13.0, -7.0) at distance 13.42
[22:02:00] TERRAIN: Chunk created successfully: (-13.0, -7.0) (total chunks: 648)
[22:02:00] TERRAIN: Creating chunk: (-13.0, 7.0) at distance 14.42
[22:02:00] TERRAIN: Chunk created successfully: (-13.0, 7.0) (total chunks: 649)
[22:02:00] TERRAIN: Creating chunk: (-7.0, -13.0) at distance 13.42
[22:02:00] TERRAIN: Chunk created successfully: (-7.0, -13.0) (total chunks: 650)
[22:02:00] TERRAIN: Creating chunk: (-11.0, 10.0) at distance 14.87
[22:02:00] TERRAIN: Chunk created successfully: (-11.0, 10.0) (total chunks: 651)
[22:02:00] TERRAIN: Creating chunk: (-5.0, -14.0) at distance 13.60
[22:02:00] TERRAIN: Chunk created successfully: (-5.0, -14.0) (total chunks: 652)
[22:02:00] TERRAIN: Creating chunk: (5.0, -14.0) at distance 14.32
[22:02:00] TERRAIN: Chunk created successfully: (5.0, -14.0) (total chunks: 653)
[22:02:00] TERRAIN: Creating chunk: (-11.0, -10.0) at distance 13.45
[22:02:00] TERRAIN: Chunk created successfully: (-11.0, -10.0) (total chunks: 654)
[22:02:00] TERRAIN: Creating chunk: (10.0, -11.0) at distance 14.87
[22:02:00] TERRAIN: Chunk created successfully: (10.0, -11.0) (total chunks: 655)
[22:02:00] TERRAIN: Creating chunk: (-10.0, -11.0) at distance 13.45
[22:02:00] TERRAIN: Chunk created successfully: (-10.0, -11.0) (total chunks: 656)
[22:02:00] TERRAIN: Creating chunk: (-10.0, 11.0) at distance 15.00
[22:02:00] TERRAIN: Chunk created successfully: (-10.0, 11.0) (total chunks: 657)
[22:02:00] TERRAIN: Creating chunk: (-14.0, 5.0) at distance 14.32
[22:02:00] TERRAIN: Chunk created successfully: (-14.0, 5.0) (total chunks: 658)
[22:02:00] TERRAIN: Creating chunk: (-14.0, -5.0) at distance 13.60
[22:02:00] TERRAIN: Chunk created successfully: (-14.0, -5.0) (total chunks: 659)
[22:02:00] TERRAIN: Creating chunk: (11.0, -10.0) at distance 15.00
[22:02:00] TERRAIN: Chunk created successfully: (11.0, -10.0) (total chunks: 660)
[22:02:00] TERRAIN: Creating chunk: (-12.0, -9.0) at distance 13.60
[22:02:00] TERRAIN: Chunk created successfully: (-12.0, -9.0) (total chunks: 661)
[22:02:00] TERRAIN: Creating chunk: (-12.0, 9.0) at distance 14.87
[22:02:00] TERRAIN: Chunk created successfully: (-12.0, 9.0) (total chunks: 662)
[22:02:00] TERRAIN: Creating chunk: (9.0, -12.0) at distance 14.87
[22:02:00] TERRAIN: Chunk created successfully: (9.0, -12.0) (total chunks: 663)
[22:02:00] TERRAIN: Creating chunk: (0.0, -15.0) at distance 14.04
[22:02:00] TERRAIN: Chunk created successfully: (0.0, -15.0) (total chunks: 664)
[22:02:00] TERRAIN: Creating chunk: (-9.0, -12.0) at distance 13.60
[22:02:00] TERRAIN: Chunk created successfully: (-9.0, -12.0) (total chunks: 665)
[22:02:00] TERRAIN: Creating chunk: (-15.0, 0.0) at distance 14.04
[22:02:00] TERRAIN: Chunk created successfully: (-15.0, 0.0) (total chunks: 666)
[22:02:00] TERRAIN: Creating chunk: (1.0, -15.0) at distance 14.14
[22:02:00] TERRAIN: Chunk created successfully: (1.0, -15.0) (total chunks: 667)
[22:02:00] TERRAIN: Creating chunk: (-15.0, 1.0) at distance 14.14
[22:02:00] TERRAIN: Chunk created successfully: (-15.0, 1.0) (total chunks: 668)
[22:02:00] TERRAIN: Creating chunk: (-15.0, -1.0) at distance 14.00
[22:02:00] TERRAIN: Chunk created successfully: (-15.0, -1.0) (total chunks: 669)
[22:02:00] TERRAIN: Creating chunk: (-1.0, -15.0) at distance 14.00
[22:02:00] TERRAIN: Chunk created successfully: (-1.0, -15.0) (total chunks: 670)
[22:02:00] TERRAIN: Creating chunk: (-2.0, -15.0) at distance 14.04
[22:02:00] TERRAIN: Chunk created successfully: (-2.0, -15.0) (total chunks: 671)
[22:02:00] TERRAIN: Creating chunk: (-15.0, -2.0) at distance 14.04
[22:02:00] TERRAIN: Chunk created successfully: (-15.0, -2.0) (total chunks: 672)
[22:02:00] TERRAIN: Creating chunk: (2.0, -15.0) at distance 14.32
[22:02:00] TERRAIN: Chunk created successfully: (2.0, -15.0) (total chunks: 673)
[22:02:00] TERRAIN: Creating chunk: (-15.0, 2.0) at distance 14.32
[22:02:00] TERRAIN: Chunk created successfully: (-15.0, 2.0) (total chunks: 674)
[22:02:00] TERRAIN: Creating chunk: (-14.0, -6.0) at distance 13.93
[22:02:00] TERRAIN: Chunk created successfully: (-14.0, -6.0) (total chunks: 675)
[22:02:00] TERRAIN: Creating chunk: (-14.0, 6.0) at distance 14.76
[22:02:00] TERRAIN: Chunk created successfully: (-14.0, 6.0) (total chunks: 676)
[22:02:00] TERRAIN: Creating chunk: (6.0, -14.0) at distance 14.76
[22:02:00] TERRAIN: Chunk created successfully: (6.0, -14.0) (total chunks: 677)
[22:02:00] TERRAIN: Creating chunk: (-6.0, -14.0) at distance 13.93
[22:02:00] TERRAIN: Chunk created successfully: (-6.0, -14.0) (total chunks: 678)
[22:02:00] TERRAIN: Creating chunk: (-13.0, 8.0) at distance 15.00
[22:02:00] TERRAIN: Chunk created successfully: (-13.0, 8.0) (total chunks: 679)
[22:02:00] TERRAIN: Creating chunk: (-13.0, -8.0) at distance 13.89
[22:02:00] TERRAIN: Chunk created successfully: (-13.0, -8.0) (total chunks: 680)
[22:02:00] TERRAIN: Creating chunk: (-8.0, -13.0) at distance 13.89
[22:02:00] TERRAIN: Chunk created successfully: (-8.0, -13.0) (total chunks: 681)
[22:02:00] TERRAIN: Creating chunk: (8.0, -13.0) at distance 15.00
[22:02:00] TERRAIN: Chunk created successfully: (8.0, -13.0) (total chunks: 682)
[22:02:00] TERRAIN: Creating chunk: (-3.0, -15.0) at distance 14.14
[22:02:00] TERRAIN: Chunk created successfully: (-3.0, -15.0) (total chunks: 683)
[22:02:00] TERRAIN: Creating chunk: (3.0, -15.0) at distance 14.56
[22:02:00] TERRAIN: Chunk created successfully: (3.0, -15.0) (total chunks: 684)
[22:02:00] TERRAIN: Creating chunk: (-15.0, 3.0) at distance 14.56
[22:02:00] TERRAIN: Chunk created successfully: (-15.0, 3.0) (total chunks: 685)
[22:02:00] TERRAIN: Creating chunk: (-15.0, -3.0) at distance 14.14
[22:02:00] TERRAIN: Chunk created successfully: (-15.0, -3.0) (total chunks: 686)
[22:02:00] TERRAIN: Creating chunk: (-15.0, 4.0) at distance 14.87
[22:02:00] TERRAIN: Chunk created successfully: (-15.0, 4.0) (total chunks: 687)
[22:02:00] TERRAIN: Creating chunk: (-15.0, -4.0) at distance 14.32
[22:02:00] TERRAIN: Chunk created successfully: (-15.0, -4.0) (total chunks: 688)
[22:02:00] TERRAIN: Creating chunk: (4.0, -15.0) at distance 14.87
[22:02:00] TERRAIN: Chunk created successfully: (4.0, -15.0) (total chunks: 689)
[22:02:00] TERRAIN: Creating chunk: (-4.0, -15.0) at distance 14.32
[22:02:00] TERRAIN: Chunk created successfully: (-4.0, -15.0) (total chunks: 690)
[22:02:00] TERRAIN: Creating chunk: (-11.0, -11.0) at distance 14.14
[22:02:00] TERRAIN: Chunk created successfully: (-11.0, -11.0) (total chunks: 691)
[22:02:00] TERRAIN: Creating chunk: (-10.0, -12.0) at distance 14.21
[22:02:00] TERRAIN: Chunk created successfully: (-10.0, -12.0) (total chunks: 692)
[22:02:00] TERRAIN: Creating chunk: (-12.0, -10.0) at distance 14.21
[22:02:00] TERRAIN: Chunk created successfully: (-12.0, -10.0) (total chunks: 693)
[22:02:00] TERRAIN: Creating chunk: (-7.0, -14.0) at distance 14.32
[22:02:00] TERRAIN: Chunk created successfully: (-7.0, -14.0) (total chunks: 694)
[22:02:00] TERRAIN: Creating chunk: (-14.0, -7.0) at distance 14.32
[22:02:00] TERRAIN: Chunk created successfully: (-14.0, -7.0) (total chunks: 695)
[22:02:00] TERRAIN: Creating chunk: (-15.0, -5.0) at distance 14.56
[22:02:00] TERRAIN: Chunk created successfully: (-15.0, -5.0) (total chunks: 696)
[22:02:00] TERRAIN: Creating chunk: (-5.0, -15.0) at distance 14.56
[22:02:00] TERRAIN: Chunk created successfully: (-5.0, -15.0) (total chunks: 697)
[22:02:00] TERRAIN: Creating chunk: (-13.0, -9.0) at distance 14.42
[22:02:00] TERRAIN: Chunk created successfully: (-13.0, -9.0) (total chunks: 698)
[22:02:00] TERRAIN: Creating chunk: (-9.0, -13.0) at distance 14.42
[22:02:00] TERRAIN: Chunk created successfully: (-9.0, -13.0) (total chunks: 699)
[22:02:00] TERRAIN: Creating chunk: (-8.0, -14.0) at distance 14.76
[22:02:00] TERRAIN: Chunk created successfully: (-8.0, -14.0) (total chunks: 700)
[22:02:00] TERRAIN: Creating chunk: (-14.0, -8.0) at distance 14.76
[22:02:00] TERRAIN: Chunk created successfully: (-14.0, -8.0) (total chunks: 701)
[22:02:00] TERRAIN: Creating chunk: (-6.0, -15.0) at distance 14.87
[22:02:00] TERRAIN: Chunk created successfully: (-6.0, -15.0) (total chunks: 702)
[22:02:00] TERRAIN: Creating chunk: (-15.0, -6.0) at distance 14.87
[22:02:00] TERRAIN: Chunk created successfully: (-15.0, -6.0) (total chunks: 703)
[22:02:00] TERRAIN: Creating chunk: (-12.0, -11.0) at distance 14.87
[22:02:00] TERRAIN: Chunk created successfully: (-12.0, -11.0) (total chunks: 704)
[22:02:00] TERRAIN: Creating chunk: (-11.0, -12.0) at distance 14.87
[22:02:00] TERRAIN: Chunk created successfully: (-11.0, -12.0) (total chunks: 705)
[22:02:00] TERRAIN: Creating chunk: (-10.0, -13.0) at distance 15.00
[22:02:00] TERRAIN: Chunk created successfully: (-10.0, -13.0) (total chunks: 706)
[22:02:00] TERRAIN: Creating chunk: (-13.0, -10.0) at distance 15.00
[22:02:00] TERRAIN: Chunk created successfully: (-13.0, -10.0) (total chunks: 707)
[22:02:00] TERRAIN: Creating chunk: (-16.0, -1.0) at distance 15.00
[22:02:00] TERRAIN: Chunk created successfully: (-16.0, -1.0) (total chunks: 708)
[22:02:00] TERRAIN: Creating chunk: (-1.0, -16.0) at distance 15.00
[22:02:00] TERRAIN: Chunk created successfully: (-1.0, -16.0) (total chunks: 709)
[22:02:00] PLAYER: Pos: (-0.30604, -0.018427, -4.656774) | Chunk: (-1.0, -1.0) | TerrainHeight: -0.02 | HeightDiff: 0.00 | OnFloor: true
[22:02:00] PLAYER: CHUNK CHANGED: (0.0, 0.0) -> (-1.0, -1.0)
[22:02:01] PLAYER: Pos: (-0.14805, -0.038602, -9.652143) | Chunk: (-1.0, -1.0) | TerrainHeight: -0.04 | HeightDiff: 0.00 | OnFloor: true
[22:02:02] TERRAIN: Player moved to new chunk: (0.0, -1.0) (was (-1.0, -1.0))
[22:02:02] TERRAIN: Updating terrain for player chunk: (0.0, -1.0) (player pos: (0.001196, -0.044387, -12.89873))
[22:02:02] TERRAIN: Removing 31 distant chunks
[22:02:02] TERRAIN: Removing chunk: (-1.0, 14.0)
[22:02:02] TERRAIN: Removing chunk: (-6.0, 13.0)
[22:02:02] TERRAIN: Removing chunk: (-8.0, 12.0)
[22:02:02] TERRAIN: Removing chunk: (-13.0, 7.0)
[22:02:02] TERRAIN: Removing chunk: (-11.0, 10.0)
[22:02:02] TERRAIN: Removing chunk: (-10.0, 11.0)
[22:02:02] TERRAIN: Removing chunk: (-14.0, 5.0)
[22:02:02] TERRAIN: Removing chunk: (-12.0, 9.0)
[22:02:02] TERRAIN: Removing chunk: (-15.0, 0.0)
[22:02:02] TERRAIN: Removing chunk: (-15.0, 1.0)
[22:02:02] TERRAIN: Removing chunk: (-15.0, -2.0)
[22:02:02] TERRAIN: Removing chunk: (-15.0, 2.0)
[22:02:02] TERRAIN: Removing chunk: (-14.0, 6.0)
[22:02:02] TERRAIN: Removing chunk: (-13.0, 8.0)
[22:02:02] TERRAIN: Removing chunk: (-15.0, 3.0)
[22:02:02] TERRAIN: Removing chunk: (-15.0, -3.0)
[22:02:02] TERRAIN: Removing chunk: (-15.0, 4.0)
[22:02:02] TERRAIN: Removing chunk: (-15.0, -4.0)
[22:02:02] TERRAIN: Removing chunk: (-14.0, -7.0)
[22:02:02] TERRAIN: Removing chunk: (-15.0, -5.0)
[22:02:02] TERRAIN: Removing chunk: (-13.0, -9.0)
[22:02:02] TERRAIN: Removing chunk: (-8.0, -14.0)
[22:02:02] TERRAIN: Removing chunk: (-14.0, -8.0)
[22:02:02] TERRAIN: Removing chunk: (-6.0, -15.0)
[22:02:02] TERRAIN: Removing chunk: (-15.0, -6.0)
[22:02:02] TERRAIN: Removing chunk: (-12.0, -11.0)
[22:02:02] TERRAIN: Removing chunk: (-11.0, -12.0)
[22:02:02] TERRAIN: Removing chunk: (-10.0, -13.0)
[22:02:02] TERRAIN: Removing chunk: (-13.0, -10.0)
[22:02:02] TERRAIN: Removing chunk: (-16.0, -1.0)
[22:02:02] TERRAIN: Removing chunk: (-1.0, -16.0)
[22:02:02] TERRAIN: Queuing 283 new chunks for generation
[22:02:02] TERRAIN: Queued chunk: (14.0, -2.0) (distance: 14.04)
[22:02:02] TERRAIN: Queued chunk: (14.0, 0.0) (distance: 14.04)
[22:02:02] TERRAIN: Queued chunk: (14.0, -3.0) (distance: 14.14)
[22:02:02] TERRAIN: Queued chunk: (14.0, 1.0) (distance: 14.14)
[22:02:02] TERRAIN: Queued chunk: (14.0, 2.0) (distance: 14.32)
[22:02:02] TERRAIN: Queued chunk: (13.0, -7.0) (distance: 14.32)
[22:02:02] TERRAIN: Queued chunk: (13.0, 5.0) (distance: 14.32)
[22:02:02] TERRAIN: Queued chunk: (14.0, -4.0) (distance: 14.32)
[22:02:02] TERRAIN: Queued chunk: (12.0, -9.0) (distance: 14.42)
[22:02:02] TERRAIN: Queued chunk: (12.0, 7.0) (distance: 14.42)
[22:02:02] TERRAIN: Queued chunk: (14.0, 3.0) (distance: 14.56)
[22:02:02] TERRAIN: Queued chunk: (14.0, -5.0) (distance: 14.56)
[22:02:02] TERRAIN: Queued chunk: (13.0, 6.0) (distance: 14.76)
[22:02:02] TERRAIN: Queued chunk: (7.0, -14.0) (distance: 14.76)
[22:02:02] TERRAIN: Queued chunk: (13.0, -8.0) (distance: 14.76)
[22:02:02] TERRAIN: Queued chunk: (7.0, 12.0) (distance: 14.76)
[22:02:02] TERRAIN: Queued chunk: (5.0, -15.0) (distance: 14.87)
[22:02:02] TERRAIN: Queued chunk: (5.0, 13.0) (distance: 14.87)
[22:02:02] TERRAIN: Queued chunk: (10.0, -12.0) (distance: 14.87)
[22:02:02] TERRAIN: Queued chunk: (10.0, 10.0) (distance: 14.87)
[22:02:02] TERRAIN: Queued chunk: (11.0, -11.0) (distance: 14.87)
[22:02:02] TERRAIN: Queued chunk: (11.0, 9.0) (distance: 14.87)
[22:02:02] TERRAIN: Queued chunk: (14.0, 4.0) (distance: 14.87)
[22:02:02] TERRAIN: Queued chunk: (14.0, -6.0) (distance: 14.87)
[22:02:02] TERRAIN: Queued chunk: (12.0, 8.0) (distance: 15.00)
[22:02:02] TERRAIN: Queued chunk: (12.0, -10.0) (distance: 15.00)
[22:02:02] TERRAIN: Queued chunk: (15.0, -1.0) (distance: 15.00)
[22:02:02] TERRAIN: Queued chunk: (0.0, 14.0) (distance: 15.00)
[22:02:02] TERRAIN: Queued chunk: (0.0, -16.0) (distance: 15.00)
[22:02:02] TERRAIN: Queued chunk: (9.0, 11.0) (distance: 15.00)
[22:02:02] TERRAIN: Queued chunk: (9.0, -13.0) (distance: 15.00)
[22:02:02] TERRAIN: Queued chunk: (15.0, 0.0) (distance: 15.03)
[22:02:02] TERRAIN: Queued chunk: (1.0, 14.0) (distance: 15.03)
[22:02:02] TERRAIN: Queued chunk: (1.0, -16.0) (distance: 15.03)
[22:02:02] TERRAIN: Queued chunk: (-1.0, 14.0) (distance: 15.03)
[22:02:02] TERRAIN: Queued chunk: (-1.0, -16.0) (distance: 15.03)
[22:02:02] TERRAIN: Queued chunk: (-15.0, -2.0) (distance: 15.03)
[22:02:02] TERRAIN: Queued chunk: (-15.0, 0.0) (distance: 15.03)
[22:02:02] TERRAIN: Queued chunk: (15.0, -2.0) (distance: 15.03)
[22:02:02] TERRAIN: Queued chunk: (-2.0, 14.0) (distance: 15.13)
[22:02:02] TERRAIN: Queued chunk: (-2.0, -16.0) (distance: 15.13)
[22:02:02] TERRAIN: Queued chunk: (-15.0, -3.0) (distance: 15.13)
[22:02:02] TERRAIN: Queued chunk: (-15.0, 1.0) (distance: 15.13)
[22:02:02] TERRAIN: Queued chunk: (2.0, -16.0) (distance: 15.13)
[22:02:02] TERRAIN: Queued chunk: (2.0, 14.0) (distance: 15.13)
[22:02:02] TERRAIN: Queued chunk: (15.0, -3.0) (distance: 15.13)
[22:02:02] TERRAIN: Queued chunk: (15.0, 1.0) (distance: 15.13)
[22:02:02] TERRAIN: Queued chunk: (-6.0, -15.0) (distance: 15.23)
[22:02:02] TERRAIN: Queued chunk: (14.0, 5.0) (distance: 15.23)
[22:02:02] TERRAIN: Queued chunk: (-6.0, 13.0) (distance: 15.23)
[22:02:02] TERRAIN: Queued chunk: (14.0, -7.0) (distance: 15.23)
[22:02:02] TERRAIN: Queued chunk: (6.0, -15.0) (distance: 15.23)
[22:02:02] TERRAIN: Queued chunk: (-14.0, 5.0) (distance: 15.23)
[22:02:02] TERRAIN: Queued chunk: (-14.0, -7.0) (distance: 15.23)
[22:02:02] TERRAIN: Queued chunk: (6.0, 13.0) (distance: 15.23)
[22:02:02] TERRAIN: Queued chunk: (13.0, 7.0) (distance: 15.26)
[22:02:02] TERRAIN: Queued chunk: (-8.0, -14.0) (distance: 15.26)
[22:02:02] TERRAIN: Queued chunk: (-13.0, -9.0) (distance: 15.26)
[22:02:02] TERRAIN: Queued chunk: (-13.0, 7.0) (distance: 15.26)
[22:02:02] TERRAIN: Queued chunk: (8.0, -14.0) (distance: 15.26)
[22:02:02] TERRAIN: Queued chunk: (8.0, 12.0) (distance: 15.26)
[22:02:02] TERRAIN: Queued chunk: (-8.0, 12.0) (distance: 15.26)
[22:02:02] TERRAIN: Queued chunk: (13.0, -9.0) (distance: 15.26)
[22:02:02] TERRAIN: Queued chunk: (15.0, -4.0) (distance: 15.30)
[22:02:02] TERRAIN: Queued chunk: (-15.0, -4.0) (distance: 15.30)
[22:02:02] TERRAIN: Queued chunk: (-15.0, 2.0) (distance: 15.30)
[22:02:02] TERRAIN: Queued chunk: (-3.0, -16.0) (distance: 15.30)
[22:02:02] TERRAIN: Queued chunk: (-3.0, 14.0) (distance: 15.30)
[22:02:02] TERRAIN: Queued chunk: (15.0, 2.0) (distance: 15.30)
[22:02:02] TERRAIN: Queued chunk: (3.0, 14.0) (distance: 15.30)
[22:02:02] TERRAIN: Queued chunk: (3.0, -16.0) (distance: 15.30)
[22:02:02] TERRAIN: Queued chunk: (15.0, -5.0) (distance: 15.52)
[22:02:02] TERRAIN: Queued chunk: (-4.0, 14.0) (distance: 15.52)
[22:02:02] TERRAIN: Queued chunk: (-4.0, -16.0) (distance: 15.52)
[22:02:02] TERRAIN: Queued chunk: (4.0, 14.0) (distance: 15.52)
[22:02:02] TERRAIN: Queued chunk: (4.0, -16.0) (distance: 15.52)
[22:02:02] TERRAIN: Queued chunk: (-15.0, 3.0) (distance: 15.52)
[22:02:02] TERRAIN: Queued chunk: (15.0, 3.0) (distance: 15.52)
[22:02:02] TERRAIN: Queued chunk: (-15.0, -5.0) (distance: 15.52)
[22:02:02] TERRAIN: Queued chunk: (-11.0, -12.0) (distance: 15.56)
[22:02:02] TERRAIN: Queued chunk: (-11.0, 10.0) (distance: 15.56)
[22:02:02] TERRAIN: Queued chunk: (11.0, -12.0) (distance: 15.56)
[22:02:02] TERRAIN: Queued chunk: (11.0, 10.0) (distance: 15.56)
[22:02:02] TERRAIN: Queued chunk: (-10.0, 11.0) (distance: 15.62)
[22:02:02] TERRAIN: Queued chunk: (-10.0, -13.0) (distance: 15.62)
[22:02:02] TERRAIN: Queued chunk: (-12.0, -11.0) (distance: 15.62)
[22:02:02] TERRAIN: Queued chunk: (12.0, 9.0) (distance: 15.62)
[22:02:02] TERRAIN: Queued chunk: (-12.0, 9.0) (distance: 15.62)
[22:02:02] TERRAIN: Queued chunk: (12.0, -11.0) (distance: 15.62)
[22:02:02] TERRAIN: Queued chunk: (10.0, -13.0) (distance: 15.62)
[22:02:02] TERRAIN: Queued chunk: (10.0, 11.0) (distance: 15.62)
[22:02:02] TERRAIN: Queued chunk: (-14.0, 6.0) (distance: 15.65)
[22:02:02] TERRAIN: Queued chunk: (14.0, 6.0) (distance: 15.65)
[22:02:02] TERRAIN: Queued chunk: (-14.0, -8.0) (distance: 15.65)
[22:02:02] TERRAIN: Queued chunk: (7.0, -15.0) (distance: 15.65)
[22:02:02] TERRAIN: Queued chunk: (7.0, 13.0) (distance: 15.65)
[22:02:02] TERRAIN: Queued chunk: (-7.0, -15.0) (distance: 15.65)
[22:02:02] TERRAIN: Queued chunk: (-7.0, 13.0) (distance: 15.65)
[22:02:02] TERRAIN: Queued chunk: (14.0, -8.0) (distance: 15.65)
[22:02:02] TERRAIN: Queued chunk: (-5.0, 14.0) (distance: 15.81)
[22:02:02] TERRAIN: Queued chunk: (-15.0, -6.0) (distance: 15.81)
[22:02:02] TERRAIN: Queued chunk: (-5.0, -16.0) (distance: 15.81)
[22:02:02] TERRAIN: Queued chunk: (13.0, -10.0) (distance: 15.81)
[22:02:02] TERRAIN: Queued chunk: (-13.0, 8.0) (distance: 15.81)
[22:02:02] TERRAIN: Queued chunk: (-13.0, -10.0) (distance: 15.81)
[22:02:02] TERRAIN: Queued chunk: (-15.0, 4.0) (distance: 15.81)
[22:02:02] TERRAIN: Queued chunk: (15.0, -6.0) (distance: 15.81)
[22:02:02] TERRAIN: Queued chunk: (5.0, -16.0) (distance: 15.81)
[22:02:02] TERRAIN: Queued chunk: (5.0, 14.0) (distance: 15.81)
[22:02:02] TERRAIN: Queued chunk: (9.0, -14.0) (distance: 15.81)
[22:02:02] TERRAIN: Queued chunk: (9.0, 12.0) (distance: 15.81)
[22:02:02] TERRAIN: Queued chunk: (15.0, 4.0) (distance: 15.81)
[22:02:02] TERRAIN: Queued chunk: (13.0, 8.0) (distance: 15.81)
[22:02:02] TERRAIN: Queued chunk: (-9.0, -14.0) (distance: 15.81)
[22:02:02] TERRAIN: Queued chunk: (-9.0, 12.0) (distance: 15.81)
[22:02:02] TERRAIN: Queued chunk: (8.0, -15.0) (distance: 16.12)
[22:02:02] TERRAIN: Queued chunk: (14.0, -9.0) (distance: 16.12)
[22:02:02] TERRAIN: Queued chunk: (-14.0, -9.0) (distance: 16.12)
[22:02:02] TERRAIN: Queued chunk: (8.0, 13.0) (distance: 16.12)
[22:02:02] TERRAIN: Queued chunk: (-8.0, 13.0) (distance: 16.12)
[22:02:02] TERRAIN: Queued chunk: (-8.0, -15.0) (distance: 16.12)
[22:02:02] TERRAIN: Queued chunk: (-14.0, 7.0) (distance: 16.12)
[22:02:02] TERRAIN: Queued chunk: (14.0, 7.0) (distance: 16.12)
[22:02:02] TERRAIN: Queued chunk: (6.0, 14.0) (distance: 16.16)
[22:02:02] TERRAIN: Queued chunk: (6.0, -16.0) (distance: 16.16)
[22:02:02] TERRAIN: Queued chunk: (15.0, -7.0) (distance: 16.16)
[22:02:02] TERRAIN: Queued chunk: (-15.0, 5.0) (distance: 16.16)
[22:02:02] TERRAIN: Queued chunk: (-6.0, -16.0) (distance: 16.16)
[22:02:02] TERRAIN: Queued chunk: (15.0, 5.0) (distance: 16.16)
[22:02:02] TERRAIN: Queued chunk: (-15.0, -7.0) (distance: 16.16)
[22:02:02] TERRAIN: Queued chunk: (-6.0, 14.0) (distance: 16.16)
[22:02:02] TERRAIN: Queued chunk: (-12.0, -12.0) (distance: 16.28)
[22:02:02] TERRAIN: Queued chunk: (11.0, -13.0) (distance: 16.28)
[22:02:02] TERRAIN: Queued chunk: (-11.0, 11.0) (distance: 16.28)
[22:02:02] TERRAIN: Queued chunk: (-11.0, -13.0) (distance: 16.28)
[22:02:02] TERRAIN: Queued chunk: (-12.0, 10.0) (distance: 16.28)
[22:02:02] TERRAIN: Queued chunk: (12.0, 10.0) (distance: 16.28)
[22:02:02] TERRAIN: Queued chunk: (12.0, -12.0) (distance: 16.28)
[22:02:02] TERRAIN: Queued chunk: (11.0, 11.0) (distance: 16.28)
[22:02:02] TERRAIN: Queued chunk: (13.0, 9.0) (distance: 16.40)
[22:02:02] TERRAIN: Queued chunk: (-10.0, -14.0) (distance: 16.40)
[22:02:02] TERRAIN: Queued chunk: (-10.0, 12.0) (distance: 16.40)
[22:02:02] TERRAIN: Queued chunk: (10.0, 12.0) (distance: 16.40)
[22:02:02] TERRAIN: Queued chunk: (10.0, -14.0) (distance: 16.40)
[22:02:02] TERRAIN: Queued chunk: (-13.0, 9.0) (distance: 16.40)
[22:02:02] TERRAIN: Queued chunk: (13.0, -11.0) (distance: 16.40)
[22:02:02] TERRAIN: Queued chunk: (-13.0, -11.0) (distance: 16.40)
[22:02:02] TERRAIN: Queued chunk: (15.0, -8.0) (distance: 16.55)
[22:02:02] TERRAIN: Queued chunk: (-15.0, 6.0) (distance: 16.55)
[22:02:02] TERRAIN: Queued chunk: (7.0, 14.0) (distance: 16.55)
[22:02:02] TERRAIN: Queued chunk: (-7.0, 14.0) (distance: 16.55)
[22:02:02] TERRAIN: Queued chunk: (-7.0, -16.0) (distance: 16.55)
[22:02:02] TERRAIN: Queued chunk: (15.0, 6.0) (distance: 16.55)
[22:02:02] TERRAIN: Queued chunk: (7.0, -16.0) (distance: 16.55)
[22:02:02] TERRAIN: Queued chunk: (-15.0, -8.0) (distance: 16.55)
[22:02:02] TERRAIN: Queued chunk: (14.0, -10.0) (distance: 16.64)
[22:02:02] TERRAIN: Queued chunk: (-9.0, 13.0) (distance: 16.64)
[22:02:02] TERRAIN: Queued chunk: (9.0, 13.0) (distance: 16.64)
[22:02:02] TERRAIN: Queued chunk: (14.0, 8.0) (distance: 16.64)
[22:02:02] TERRAIN: Queued chunk: (-9.0, -15.0) (distance: 16.64)
[22:02:02] TERRAIN: Queued chunk: (9.0, -15.0) (distance: 16.64)
[22:02:02] TERRAIN: Queued chunk: (-14.0, 8.0) (distance: 16.64)
[22:02:02] TERRAIN: Queued chunk: (-14.0, -10.0) (distance: 16.64)
[22:02:02] TERRAIN: Queued chunk: (12.0, 11.0) (distance: 16.97)
[22:02:02] TERRAIN: Queued chunk: (-12.0, 11.0) (distance: 16.97)
[22:02:02] TERRAIN: Queued chunk: (12.0, -13.0) (distance: 16.97)
[22:02:02] TERRAIN: Queued chunk: (-12.0, -13.0) (distance: 16.97)
[22:02:02] TERRAIN: Queued chunk: (-15.0, -9.0) (distance: 17.00)
[22:02:02] TERRAIN: Queued chunk: (8.0, 14.0) (distance: 17.00)
[22:02:02] TERRAIN: Queued chunk: (-15.0, 7.0) (distance: 17.00)
[22:02:02] TERRAIN: Queued chunk: (-8.0, -16.0) (distance: 17.00)
[22:02:02] TERRAIN: Queued chunk: (-8.0, 14.0) (distance: 17.00)
[22:02:02] TERRAIN: Queued chunk: (15.0, -9.0) (distance: 17.00)
[22:02:02] TERRAIN: Queued chunk: (15.0, 7.0) (distance: 17.00)
[22:02:02] TERRAIN: Queued chunk: (8.0, -16.0) (distance: 17.00)
[22:02:02] TERRAIN: Queued chunk: (11.0, 12.0) (distance: 17.03)
[22:02:02] TERRAIN: Queued chunk: (11.0, -14.0) (distance: 17.03)
[22:02:02] TERRAIN: Queued chunk: (13.0, -12.0) (distance: 17.03)
[22:02:02] TERRAIN: Queued chunk: (-13.0, -12.0) (distance: 17.03)
[22:02:02] TERRAIN: Queued chunk: (-13.0, 10.0) (distance: 17.03)
[22:02:02] TERRAIN: Queued chunk: (13.0, 10.0) (distance: 17.03)
[22:02:02] TERRAIN: Queued chunk: (-11.0, 12.0) (distance: 17.03)
[22:02:02] TERRAIN: Queued chunk: (-11.0, -14.0) (distance: 17.03)
[22:02:02] TERRAIN: Queued chunk: (14.0, -11.0) (distance: 17.20)
[22:02:02] TERRAIN: Queued chunk: (-10.0, -15.0) (distance: 17.20)
[22:02:02] TERRAIN: Queued chunk: (-10.0, 13.0) (distance: 17.20)
[22:02:02] TERRAIN: Queued chunk: (-14.0, 9.0) (distance: 17.20)
[22:02:02] TERRAIN: Queued chunk: (-14.0, -11.0) (distance: 17.20)
[22:02:02] TERRAIN: Queued chunk: (14.0, 9.0) (distance: 17.20)
[22:02:02] TERRAIN: Queued chunk: (10.0, -15.0) (distance: 17.20)
[22:02:02] TERRAIN: Queued chunk: (10.0, 13.0) (distance: 17.20)
[22:02:02] TERRAIN: Queued chunk: (-9.0, -16.0) (distance: 17.49)
[22:02:02] TERRAIN: Queued chunk: (-9.0, 14.0) (distance: 17.49)
[22:02:02] TERRAIN: Queued chunk: (-15.0, -10.0) (distance: 17.49)
[22:02:02] TERRAIN: Queued chunk: (15.0, -10.0) (distance: 17.49)
[22:02:02] TERRAIN: Queued chunk: (15.0, 8.0) (distance: 17.49)
[22:02:02] TERRAIN: Queued chunk: (9.0, -16.0) (distance: 17.49)
[22:02:02] TERRAIN: Queued chunk: (-15.0, 8.0) (distance: 17.49)
[22:02:02] TERRAIN: Queued chunk: (9.0, 14.0) (distance: 17.49)
[22:02:02] TERRAIN: Queued chunk: (12.0, 12.0) (distance: 17.69)
[22:02:02] TERRAIN: Queued chunk: (13.0, 11.0) (distance: 17.69)
[22:02:02] TERRAIN: Queued chunk: (12.0, -14.0) (distance: 17.69)
[22:02:02] TERRAIN: Queued chunk: (13.0, -13.0) (distance: 17.69)
[22:02:02] TERRAIN: Queued chunk: (-12.0, -14.0) (distance: 17.69)
[22:02:02] TERRAIN: Queued chunk: (-13.0, -13.0) (distance: 17.69)
[22:02:02] TERRAIN: Queued chunk: (-13.0, 11.0) (distance: 17.69)
[22:02:02] TERRAIN: Queued chunk: (-12.0, 12.0) (distance: 17.69)
[22:02:02] TERRAIN: Queued chunk: (11.0, 13.0) (distance: 17.80)
[22:02:02] TERRAIN: Queued chunk: (14.0, 10.0) (distance: 17.80)
[22:02:02] TERRAIN: Queued chunk: (14.0, -12.0) (distance: 17.80)
[22:02:02] TERRAIN: Queued chunk: (-11.0, 13.0) (distance: 17.80)
[22:02:02] TERRAIN: Queued chunk: (-11.0, -15.0) (distance: 17.80)
[22:02:02] TERRAIN: Queued chunk: (-14.0, 10.0) (distance: 17.80)
[22:02:02] TERRAIN: Queued chunk: (11.0, -15.0) (distance: 17.80)
[22:02:02] TERRAIN: Queued chunk: (-14.0, -12.0) (distance: 17.80)
[22:02:02] TERRAIN: Queued chunk: (15.0, -11.0) (distance: 18.03)
[22:02:02] TERRAIN: Queued chunk: (-15.0, -11.0) (distance: 18.03)
[22:02:02] TERRAIN: Queued chunk: (-10.0, -16.0) (distance: 18.03)
[22:02:02] TERRAIN: Queued chunk: (-10.0, 14.0) (distance: 18.03)
[22:02:02] TERRAIN: Queued chunk: (15.0, 9.0) (distance: 18.03)
[22:02:02] TERRAIN: Queued chunk: (10.0, -16.0) (distance: 18.03)
[22:02:02] TERRAIN: Queued chunk: (10.0, 14.0) (distance: 18.03)
[22:02:02] TERRAIN: Queued chunk: (-15.0, 9.0) (distance: 18.03)
[22:02:02] TERRAIN: Queued chunk: (13.0, 12.0) (distance: 18.38)
[22:02:02] TERRAIN: Queued chunk: (-13.0, 12.0) (distance: 18.38)
[22:02:02] TERRAIN: Queued chunk: (-13.0, -14.0) (distance: 18.38)
[22:02:02] TERRAIN: Queued chunk: (13.0, -14.0) (distance: 18.38)
[22:02:02] TERRAIN: Queued chunk: (14.0, 11.0) (distance: 18.44)
[22:02:02] TERRAIN: Queued chunk: (14.0, -13.0) (distance: 18.44)
[22:02:02] TERRAIN: Queued chunk: (12.0, 13.0) (distance: 18.44)
[22:02:02] TERRAIN: Queued chunk: (12.0, -15.0) (distance: 18.44)
[22:02:02] TERRAIN: Queued chunk: (-14.0, -13.0) (distance: 18.44)
[22:02:02] TERRAIN: Queued chunk: (-14.0, 11.0) (distance: 18.44)
[22:02:02] TERRAIN: Queued chunk: (-12.0, -15.0) (distance: 18.44)
[22:02:02] TERRAIN: Queued chunk: (-12.0, 13.0) (distance: 18.44)
[22:02:02] TERRAIN: Queued chunk: (15.0, -12.0) (distance: 18.60)
[22:02:02] TERRAIN: Queued chunk: (11.0, 14.0) (distance: 18.60)
[22:02:02] TERRAIN: Queued chunk: (11.0, -16.0) (distance: 18.60)
[22:02:02] TERRAIN: Queued chunk: (-11.0, 14.0) (distance: 18.60)
[22:02:02] TERRAIN: Queued chunk: (-11.0, -16.0) (distance: 18.60)
[22:02:02] TERRAIN: Queued chunk: (-15.0, 10.0) (distance: 18.60)
[22:02:02] TERRAIN: Queued chunk: (-15.0, -12.0) (distance: 18.60)
[22:02:02] TERRAIN: Queued chunk: (15.0, 10.0) (distance: 18.60)
[22:02:02] TERRAIN: Queued chunk: (14.0, -14.0) (distance: 19.10)
[22:02:02] TERRAIN: Queued chunk: (13.0, 13.0) (distance: 19.10)
[22:02:02] TERRAIN: Queued chunk: (13.0, -15.0) (distance: 19.10)
[22:02:02] TERRAIN: Queued chunk: (-13.0, 13.0) (distance: 19.10)
[22:02:02] TERRAIN: Queued chunk: (-13.0, -15.0) (distance: 19.10)
[22:02:02] TERRAIN: Queued chunk: (-14.0, 12.0) (distance: 19.10)
[22:02:02] TERRAIN: Queued chunk: (-14.0, -14.0) (distance: 19.10)
[22:02:02] TERRAIN: Queued chunk: (14.0, 12.0) (distance: 19.10)
[22:02:02] TERRAIN: Queued chunk: (15.0, -13.0) (distance: 19.21)
[22:02:02] TERRAIN: Queued chunk: (15.0, 11.0) (distance: 19.21)
[22:02:02] TERRAIN: Queued chunk: (-15.0, 11.0) (distance: 19.21)
[22:02:02] TERRAIN: Queued chunk: (-15.0, -13.0) (distance: 19.21)
[22:02:02] TERRAIN: Queued chunk: (12.0, 14.0) (distance: 19.21)
[22:02:02] TERRAIN: Queued chunk: (12.0, -16.0) (distance: 19.21)
[22:02:02] TERRAIN: Queued chunk: (-12.0, 14.0) (distance: 19.21)
[22:02:02] TERRAIN: Queued chunk: (-12.0, -16.0) (distance: 19.21)
[22:02:02] TERRAIN: Queued chunk: (-14.0, -15.0) (distance: 19.80)
[22:02:02] TERRAIN: Queued chunk: (-14.0, 13.0) (distance: 19.80)
[22:02:02] TERRAIN: Queued chunk: (14.0, 13.0) (distance: 19.80)
[22:02:02] TERRAIN: Queued chunk: (14.0, -15.0) (distance: 19.80)
[22:02:02] TERRAIN: Queued chunk: (-15.0, 12.0) (distance: 19.85)
[22:02:02] TERRAIN: Queued chunk: (-13.0, -16.0) (distance: 19.85)
[22:02:02] TERRAIN: Queued chunk: (-13.0, 14.0) (distance: 19.85)
[22:02:02] TERRAIN: Queued chunk: (13.0, -16.0) (distance: 19.85)
[22:02:02] TERRAIN: Queued chunk: (13.0, 14.0) (distance: 19.85)
[22:02:02] TERRAIN: Queued chunk: (-15.0, -14.0) (distance: 19.85)
[22:02:02] TERRAIN: Queued chunk: (15.0, 12.0) (distance: 19.85)
[22:02:02] TERRAIN: Queued chunk: (15.0, -14.0) (distance: 19.85)
[22:02:02] TERRAIN: Queued chunk: (-15.0, 13.0) (distance: 20.52)
[22:02:02] TERRAIN: Queued chunk: (-15.0, -15.0) (distance: 20.52)
[22:02:02] TERRAIN: Queued chunk: (15.0, 13.0) (distance: 20.52)
[22:02:02] TERRAIN: Queued chunk: (-14.0, -16.0) (distance: 20.52)
[22:02:02] TERRAIN: Queued chunk: (-14.0, 14.0) (distance: 20.52)
[22:02:02] TERRAIN: Queued chunk: (14.0, -16.0) (distance: 20.52)
[22:02:02] TERRAIN: Queued chunk: (14.0, 14.0) (distance: 20.52)
[22:02:02] TERRAIN: Queued chunk: (15.0, -15.0) (distance: 20.52)
[22:02:02] TERRAIN: Queued chunk: (15.0, 14.0) (distance: 21.21)
[22:02:02] TERRAIN: Queued chunk: (15.0, -16.0) (distance: 21.21)
[22:02:02] TERRAIN: Queued chunk: (-15.0, 14.0) (distance: 21.21)
[22:02:02] TERRAIN: Queued chunk: (-15.0, -16.0) (distance: 21.21)
[22:02:02] TERRAIN: Creating chunk: (14.0, -2.0) at distance 14.04
[22:02:02] TERRAIN: Chunk created successfully: (14.0, -2.0) (total chunks: 679)
[22:02:02] TERRAIN: Creating chunk: (14.0, 0.0) at distance 14.04
[22:02:02] TERRAIN: Chunk created successfully: (14.0, 0.0) (total chunks: 680)
[22:02:02] TERRAIN: Creating chunk: (14.0, -3.0) at distance 14.14
[22:02:02] TERRAIN: Chunk created successfully: (14.0, -3.0) (total chunks: 681)
[22:02:02] TERRAIN: Creating chunk: (14.0, 1.0) at distance 14.14
[22:02:02] TERRAIN: Chunk created successfully: (14.0, 1.0) (total chunks: 682)
[22:02:02] TERRAIN: Creating chunk: (14.0, 2.0) at distance 14.32
[22:02:02] TERRAIN: Chunk created successfully: (14.0, 2.0) (total chunks: 683)
[22:02:02] TERRAIN: Creating chunk: (13.0, -7.0) at distance 14.32
[22:02:02] TERRAIN: Chunk created successfully: (13.0, -7.0) (total chunks: 684)
[22:02:02] TERRAIN: Creating chunk: (13.0, 5.0) at distance 14.32
[22:02:02] TERRAIN: Chunk created successfully: (13.0, 5.0) (total chunks: 685)
[22:02:02] TERRAIN: Creating chunk: (14.0, -4.0) at distance 14.32
[22:02:02] TERRAIN: Chunk created successfully: (14.0, -4.0) (total chunks: 686)
[22:02:02] TERRAIN: Creating chunk: (12.0, -9.0) at distance 14.42
[22:02:02] TERRAIN: Chunk created successfully: (12.0, -9.0) (total chunks: 687)
[22:02:02] TERRAIN: Creating chunk: (12.0, 7.0) at distance 14.42
[22:02:02] TERRAIN: Chunk created successfully: (12.0, 7.0) (total chunks: 688)
[22:02:02] TERRAIN: Creating chunk: (14.0, 3.0) at distance 14.56
[22:02:02] TERRAIN: Chunk created successfully: (14.0, 3.0) (total chunks: 689)
[22:02:02] TERRAIN: Creating chunk: (14.0, -5.0) at distance 14.56
[22:02:02] TERRAIN: Chunk created successfully: (14.0, -5.0) (total chunks: 690)
[22:02:02] TERRAIN: Creating chunk: (13.0, 6.0) at distance 14.76
[22:02:02] TERRAIN: Chunk created successfully: (13.0, 6.0) (total chunks: 691)
[22:02:02] TERRAIN: Creating chunk: (7.0, -14.0) at distance 14.76
[22:02:02] TERRAIN: Chunk created successfully: (7.0, -14.0) (total chunks: 692)
[22:02:02] TERRAIN: Creating chunk: (13.0, -8.0) at distance 14.76
[22:02:02] TERRAIN: Chunk created successfully: (13.0, -8.0) (total chunks: 693)
[22:02:02] TERRAIN: Creating chunk: (7.0, 12.0) at distance 14.76
[22:02:02] TERRAIN: Chunk created successfully: (7.0, 12.0) (total chunks: 694)
[22:02:02] TERRAIN: Creating chunk: (5.0, -15.0) at distance 14.87
[22:02:02] TERRAIN: Chunk created successfully: (5.0, -15.0) (total chunks: 695)
[22:02:02] TERRAIN: Creating chunk: (5.0, 13.0) at distance 14.87
[22:02:02] TERRAIN: Chunk created successfully: (5.0, 13.0) (total chunks: 696)
[22:02:02] TERRAIN: Creating chunk: (10.0, -12.0) at distance 14.87
[22:02:02] TERRAIN: Chunk created successfully: (10.0, -12.0) (total chunks: 697)
[22:02:02] TERRAIN: Creating chunk: (10.0, 10.0) at distance 14.87
[22:02:02] TERRAIN: Chunk created successfully: (10.0, 10.0) (total chunks: 698)
[22:02:02] TERRAIN: Creating chunk: (11.0, -11.0) at distance 14.87
[22:02:02] TERRAIN: Chunk created successfully: (11.0, -11.0) (total chunks: 699)
[22:02:02] TERRAIN: Creating chunk: (11.0, 9.0) at distance 14.87
[22:02:02] TERRAIN: Chunk created successfully: (11.0, 9.0) (total chunks: 700)
[22:02:02] TERRAIN: Creating chunk: (14.0, 4.0) at distance 14.87
[22:02:02] TERRAIN: Chunk created successfully: (14.0, 4.0) (total chunks: 701)
[22:02:02] TERRAIN: Creating chunk: (14.0, -6.0) at distance 14.87
[22:02:02] TERRAIN: Chunk created successfully: (14.0, -6.0) (total chunks: 702)
[22:02:02] TERRAIN: Creating chunk: (12.0, 8.0) at distance 15.00
[22:02:02] TERRAIN: Chunk created successfully: (12.0, 8.0) (total chunks: 703)
[22:02:02] TERRAIN: Creating chunk: (12.0, -10.0) at distance 15.00
[22:02:02] TERRAIN: Chunk created successfully: (12.0, -10.0) (total chunks: 704)
[22:02:02] TERRAIN: Creating chunk: (15.0, -1.0) at distance 15.00
[22:02:02] TERRAIN: Chunk created successfully: (15.0, -1.0) (total chunks: 705)
[22:02:02] TERRAIN: Creating chunk: (0.0, 14.0) at distance 15.00
[22:02:02] TERRAIN: Chunk created successfully: (0.0, 14.0) (total chunks: 706)
[22:02:02] TERRAIN: Creating chunk: (0.0, -16.0) at distance 15.00
[22:02:02] TERRAIN: Chunk created successfully: (0.0, -16.0) (total chunks: 707)
[22:02:02] TERRAIN: Creating chunk: (9.0, 11.0) at distance 15.00
[22:02:02] TERRAIN: Chunk created successfully: (9.0, 11.0) (total chunks: 708)
[22:02:02] TERRAIN: Creating chunk: (9.0, -13.0) at distance 15.00
[22:02:02] TERRAIN: Chunk created successfully: (9.0, -13.0) (total chunks: 709)
[22:02:02] PLAYER: Pos: (0.081559, -0.048195, -14.64689) | Chunk: (0.0, -1.0) | TerrainHeight: -0.05 | HeightDiff: 0.00 | OnFloor: true
[22:02:02] PLAYER: CHUNK CHANGED: (-1.0, -1.0) -> (0.0, -1.0)
[22:02:03] PLAYER: Pos: (0.311168, -0.066213, -19.64168) | Chunk: (0.0, -1.0) | TerrainHeight: -0.07 | HeightDiff: 0.00 | OnFloor: true
[22:02:04] PLAYER: Pos: (0.540777, -0.081008, -24.63647) | Chunk: (0.0, -1.0) | TerrainHeight: -0.08 | HeightDiff: 0.00 | OnFloor: true
[22:02:05] PLAYER: Pos: (0.770383, -0.070932, -29.63117) | Chunk: (0.0, -1.0) | TerrainHeight: -0.07 | HeightDiff: 0.00 | OnFloor: true
[22:02:06] TERRAIN: Player moved to new chunk: (0.0, -2.0) (was (0.0, -1.0))
[22:02:06] TERRAIN: Updating terrain for player chunk: (0.0, -2.0) (player pos: (0.885187, -0.072055, -32.12855))
[22:02:06] TERRAIN: Removing 31 distant chunks
[22:02:06] TERRAIN: Removing chunk: (-1.0, 13.0)
[22:02:06] TERRAIN: Removing chunk: (1.0, 13.0)
[22:02:06] TERRAIN: Removing chunk: (-2.0, 13.0)
[22:02:06] TERRAIN: Removing chunk: (2.0, 13.0)
[22:02:06] TERRAIN: Removing chunk: (-3.0, 13.0)
[22:02:06] TERRAIN: Removing chunk: (3.0, 13.0)
[22:02:06] TERRAIN: Removing chunk: (-6.0, 12.0)
[22:02:06] TERRAIN: Removing chunk: (6.0, 12.0)
[22:02:06] TERRAIN: Removing chunk: (-4.0, 13.0)
[22:02:06] TERRAIN: Removing chunk: (4.0, 13.0)
[22:02:06] TERRAIN: Removing chunk: (8.0, 11.0)
[22:02:06] TERRAIN: Removing chunk: (-8.0, 11.0)
[22:02:06] TERRAIN: Removing chunk: (-7.0, 12.0)
[22:02:06] TERRAIN: Removing chunk: (-5.0, 13.0)
[22:02:06] TERRAIN: Removing chunk: (-10.0, 10.0)
[22:02:06] TERRAIN: Removing chunk: (-9.0, 11.0)
[22:02:06] TERRAIN: Removing chunk: (-11.0, 9.0)
[22:02:06] TERRAIN: Removing chunk: (-13.0, 6.0)
[22:02:06] TERRAIN: Removing chunk: (-12.0, 8.0)
[22:02:06] TERRAIN: Removing chunk: (-14.0, 4.0)
[22:02:06] TERRAIN: Removing chunk: (-15.0, -1.0)
[22:02:06] TERRAIN: Removing chunk: (13.0, 6.0)
[22:02:06] TERRAIN: Removing chunk: (7.0, 12.0)
[22:02:06] TERRAIN: Removing chunk: (5.0, 13.0)
[22:02:06] TERRAIN: Removing chunk: (10.0, 10.0)
[22:02:06] TERRAIN: Removing chunk: (11.0, 9.0)
[22:02:06] TERRAIN: Removing chunk: (14.0, 4.0)
[22:02:06] TERRAIN: Removing chunk: (12.0, 8.0)
[22:02:06] TERRAIN: Removing chunk: (15.0, -1.0)
[22:02:06] TERRAIN: Removing chunk: (0.0, 14.0)
[22:02:06] TERRAIN: Removing chunk: (9.0, 11.0)
[22:02:06] TERRAIN: Queuing 283 new chunks for generation
[22:02:06] TERRAIN: Queued chunk: (1.0, -16.0) (distance: 14.04)
[22:02:06] TERRAIN: Queued chunk: (-1.0, -16.0) (distance: 14.04)
[22:02:06] TERRAIN: Queued chunk: (2.0, -16.0) (distance: 14.14)
[22:02:06] TERRAIN: Queued chunk: (-2.0, -16.0) (distance: 14.14)
[22:02:06] TERRAIN: Queued chunk: (6.0, -15.0) (distance: 14.32)
[22:02:06] TERRAIN: Queued chunk: (-6.0, -15.0) (distance: 14.32)
[22:02:06] TERRAIN: Queued chunk: (3.0, -16.0) (distance: 14.32)
[22:02:06] TERRAIN: Queued chunk: (-3.0, -16.0) (distance: 14.32)
[22:02:06] TERRAIN: Queued chunk: (-8.0, -14.0) (distance: 14.42)
[22:02:06] TERRAIN: Queued chunk: (8.0, -14.0) (distance: 14.42)
[22:02:06] TERRAIN: Queued chunk: (4.0, -16.0) (distance: 14.56)
[22:02:06] TERRAIN: Queued chunk: (-4.0, -16.0) (distance: 14.56)
[22:02:06] TERRAIN: Queued chunk: (7.0, -15.0) (distance: 14.76)
[22:02:06] TERRAIN: Queued chunk: (13.0, -9.0) (distance: 14.76)
[22:02:06] TERRAIN: Queued chunk: (-13.0, -9.0) (distance: 14.76)
[22:02:06] TERRAIN: Queued chunk: (-7.0, -15.0) (distance: 14.76)
[22:02:06] TERRAIN: Queued chunk: (10.0, -13.0) (distance: 14.87)
[22:02:06] TERRAIN: Queued chunk: (-11.0, -12.0) (distance: 14.87)
[22:02:06] TERRAIN: Queued chunk: (-5.0, -16.0) (distance: 14.87)
[22:02:06] TERRAIN: Queued chunk: (11.0, -12.0) (distance: 14.87)
[22:02:06] TERRAIN: Queued chunk: (14.0, -7.0) (distance: 14.87)
[22:02:06] TERRAIN: Queued chunk: (-14.0, -7.0) (distance: 14.87)
[22:02:06] TERRAIN: Queued chunk: (5.0, -16.0) (distance: 14.87)
[22:02:06] TERRAIN: Queued chunk: (-10.0, -13.0) (distance: 14.87)
[22:02:06] TERRAIN: Queued chunk: (0.0, -17.0) (distance: 15.00)
[22:02:06] TERRAIN: Queued chunk: (-12.0, -11.0) (distance: 15.00)
[22:02:06] TERRAIN: Queued chunk: (15.0, -2.0) (distance: 15.00)
[22:02:06] TERRAIN: Queued chunk: (-9.0, -14.0) (distance: 15.00)
[22:02:06] TERRAIN: Queued chunk: (12.0, -11.0) (distance: 15.00)
[22:02:06] TERRAIN: Queued chunk: (-15.0, -2.0) (distance: 15.00)
[22:02:06] TERRAIN: Queued chunk: (9.0, -14.0) (distance: 15.00)
[22:02:06] TERRAIN: Queued chunk: (15.0, -1.0) (distance: 15.03)
[22:02:06] TERRAIN: Queued chunk: (1.0, 13.0) (distance: 15.03)
[22:02:06] TERRAIN: Queued chunk: (-15.0, -1.0) (distance: 15.03)
[22:02:06] TERRAIN: Queued chunk: (1.0, -17.0) (distance: 15.03)
[22:02:06] TERRAIN: Queued chunk: (-1.0, 13.0) (distance: 15.03)
[22:02:06] TERRAIN: Queued chunk: (15.0, -3.0) (distance: 15.03)
[22:02:06] TERRAIN: Queued chunk: (-15.0, -3.0) (distance: 15.03)
[22:02:06] TERRAIN: Queued chunk: (-1.0, -17.0) (distance: 15.03)
[22:02:06] TERRAIN: Queued chunk: (15.0, -4.0) (distance: 15.13)
[22:02:06] TERRAIN: Queued chunk: (-2.0, 13.0) (distance: 15.13)
[22:02:06] TERRAIN: Queued chunk: (-15.0, -4.0) (distance: 15.13)
[22:02:06] TERRAIN: Queued chunk: (-2.0, -17.0) (distance: 15.13)
[22:02:06] TERRAIN: Queued chunk: (-15.0, 0.0) (distance: 15.13)
[22:02:06] TERRAIN: Queued chunk: (2.0, -17.0) (distance: 15.13)
[22:02:06] TERRAIN: Queued chunk: (2.0, 13.0) (distance: 15.13)
[22:02:06] TERRAIN: Queued chunk: (15.0, 0.0) (distance: 15.13)
[22:02:06] TERRAIN: Queued chunk: (14.0, 4.0) (distance: 15.23)
[22:02:06] TERRAIN: Queued chunk: (14.0, -8.0) (distance: 15.23)
[22:02:06] TERRAIN: Queued chunk: (-6.0, -16.0) (distance: 15.23)
[22:02:06] TERRAIN: Queued chunk: (-6.0, 12.0) (distance: 15.23)
[22:02:06] TERRAIN: Queued chunk: (6.0, 12.0) (distance: 15.23)
[22:02:06] TERRAIN: Queued chunk: (6.0, -16.0) (distance: 15.23)
[22:02:06] TERRAIN: Queued chunk: (-14.0, -8.0) (distance: 15.23)
[22:02:06] TERRAIN: Queued chunk: (-14.0, 4.0) (distance: 15.23)
[22:02:06] TERRAIN: Queued chunk: (8.0, -15.0) (distance: 15.26)
[22:02:06] TERRAIN: Queued chunk: (-8.0, -15.0) (distance: 15.26)
[22:02:06] TERRAIN: Queued chunk: (8.0, 11.0) (distance: 15.26)
[22:02:06] TERRAIN: Queued chunk: (-8.0, 11.0) (distance: 15.26)
[22:02:06] TERRAIN: Queued chunk: (13.0, -10.0) (distance: 15.26)
[22:02:06] TERRAIN: Queued chunk: (-13.0, 6.0) (distance: 15.26)
[22:02:06] TERRAIN: Queued chunk: (-13.0, -10.0) (distance: 15.26)
[22:02:06] TERRAIN: Queued chunk: (13.0, 6.0) (distance: 15.26)
[22:02:06] TERRAIN: Queued chunk: (3.0, 13.0) (distance: 15.30)
[22:02:06] TERRAIN: Queued chunk: (15.0, 1.0) (distance: 15.30)
[22:02:06] TERRAIN: Queued chunk: (15.0, -5.0) (distance: 15.30)
[22:02:06] TERRAIN: Queued chunk: (-3.0, -17.0) (distance: 15.30)
[22:02:06] TERRAIN: Queued chunk: (-15.0, 1.0) (distance: 15.30)
[22:02:06] TERRAIN: Queued chunk: (-3.0, 13.0) (distance: 15.30)
[22:02:06] TERRAIN: Queued chunk: (3.0, -17.0) (distance: 15.30)
[22:02:06] TERRAIN: Queued chunk: (-15.0, -5.0) (distance: 15.30)
[22:02:06] TERRAIN: Queued chunk: (15.0, -6.0) (distance: 15.52)
[22:02:06] TERRAIN: Queued chunk: (15.0, 2.0) (distance: 15.52)
[22:02:06] TERRAIN: Queued chunk: (-4.0, -17.0) (distance: 15.52)
[22:02:06] TERRAIN: Queued chunk: (-4.0, 13.0) (distance: 15.52)
[22:02:06] TERRAIN: Queued chunk: (-15.0, -6.0) (distance: 15.52)
[22:02:06] TERRAIN: Queued chunk: (-15.0, 2.0) (distance: 15.52)
[22:02:06] TERRAIN: Queued chunk: (4.0, 13.0) (distance: 15.52)
[22:02:06] TERRAIN: Queued chunk: (4.0, -17.0) (distance: 15.52)
[22:02:06] TERRAIN: Queued chunk: (11.0, 9.0) (distance: 15.56)
[22:02:06] TERRAIN: Queued chunk: (11.0, -13.0) (distance: 15.56)
[22:02:06] TERRAIN: Queued chunk: (-11.0, 9.0) (distance: 15.56)
[22:02:06] TERRAIN: Queued chunk: (-11.0, -13.0) (distance: 15.56)
[22:02:06] TERRAIN: Queued chunk: (-10.0, 10.0) (distance: 15.62)
[22:02:06] TERRAIN: Queued chunk: (10.0, -14.0) (distance: 15.62)
[22:02:06] TERRAIN: Queued chunk: (10.0, 10.0) (distance: 15.62)
[22:02:06] TERRAIN: Queued chunk: (-10.0, -14.0) (distance: 15.62)
[22:02:06] TERRAIN: Queued chunk: (12.0, 8.0) (distance: 15.62)
[22:02:06] TERRAIN: Queued chunk: (12.0, -12.0) (distance: 15.62)
[22:02:06] TERRAIN: Queued chunk: (-12.0, -12.0) (distance: 15.62)
[22:02:06] TERRAIN: Queued chunk: (-12.0, 8.0) (distance: 15.62)
[22:02:06] TERRAIN: Queued chunk: (-7.0, 12.0) (distance: 15.65)
[22:02:06] TERRAIN: Queued chunk: (-7.0, -16.0) (distance: 15.65)
[22:02:06] TERRAIN: Queued chunk: (14.0, -9.0) (distance: 15.65)
[22:02:06] TERRAIN: Queued chunk: (14.0, 5.0) (distance: 15.65)
[22:02:06] TERRAIN: Queued chunk: (-14.0, 5.0) (distance: 15.65)
[22:02:06] TERRAIN: Queued chunk: (-14.0, -9.0) (distance: 15.65)
[22:02:06] TERRAIN: Queued chunk: (7.0, -16.0) (distance: 15.65)
[22:02:06] TERRAIN: Queued chunk: (7.0, 12.0) (distance: 15.65)
[22:02:06] TERRAIN: Queued chunk: (-5.0, -17.0) (distance: 15.81)
[22:02:06] TERRAIN: Queued chunk: (-5.0, 13.0) (distance: 15.81)
[22:02:06] TERRAIN: Queued chunk: (15.0, -7.0) (distance: 15.81)
[22:02:06] TERRAIN: Queued chunk: (9.0, 11.0) (distance: 15.81)
[22:02:06] TERRAIN: Queued chunk: (5.0, -17.0) (distance: 15.81)
[22:02:06] TERRAIN: Queued chunk: (9.0, -15.0) (distance: 15.81)
[22:02:06] TERRAIN: Queued chunk: (5.0, 13.0) (distance: 15.81)
[22:02:06] TERRAIN: Queued chunk: (13.0, -11.0) (distance: 15.81)
[22:02:06] TERRAIN: Queued chunk: (-13.0, 7.0) (distance: 15.81)
[22:02:06] TERRAIN: Queued chunk: (-13.0, -11.0) (distance: 15.81)
[22:02:06] TERRAIN: Queued chunk: (13.0, 7.0) (distance: 15.81)
[22:02:06] TERRAIN: Queued chunk: (15.0, 3.0) (distance: 15.81)
[22:02:06] TERRAIN: Queued chunk: (-9.0, 11.0) (distance: 15.81)
[22:02:06] TERRAIN: Queued chunk: (-15.0, -7.0) (distance: 15.81)
[22:02:06] TERRAIN: Queued chunk: (-15.0, 3.0) (distance: 15.81)
[22:02:06] TERRAIN: Queued chunk: (-9.0, -15.0) (distance: 15.81)
[22:02:06] TERRAIN: Queued chunk: (-8.0, 12.0) (distance: 16.12)
[22:02:06] TERRAIN: Queued chunk: (8.0, -16.0) (distance: 16.12)
[22:02:06] TERRAIN: Queued chunk: (-8.0, -16.0) (distance: 16.12)
[22:02:06] TERRAIN: Queued chunk: (-14.0, -10.0) (distance: 16.12)
[22:02:06] TERRAIN: Queued chunk: (-14.0, 6.0) (distance: 16.12)
[22:02:06] TERRAIN: Queued chunk: (8.0, 12.0) (distance: 16.12)
[22:02:06] TERRAIN: Queued chunk: (14.0, 6.0) (distance: 16.12)
[22:02:06] TERRAIN: Queued chunk: (14.0, -10.0) (distance: 16.12)
[22:02:06] TERRAIN: Queued chunk: (15.0, 4.0) (distance: 16.16)
[22:02:06] TERRAIN: Queued chunk: (6.0, 13.0) (distance: 16.16)
[22:02:06] TERRAIN: Queued chunk: (6.0, -17.0) (distance: 16.16)
[22:02:06] TERRAIN: Queued chunk: (-15.0, 4.0) (distance: 16.16)
[22:02:06] TERRAIN: Queued chunk: (-15.0, -8.0) (distance: 16.16)
[22:02:06] TERRAIN: Queued chunk: (-6.0, 13.0) (distance: 16.16)
[22:02:06] TERRAIN: Queued chunk: (15.0, -8.0) (distance: 16.16)
[22:02:06] TERRAIN: Queued chunk: (-6.0, -17.0) (distance: 16.16)
[22:02:06] TERRAIN: Queued chunk: (11.0, -14.0) (distance: 16.28)
[22:02:06] TERRAIN: Queued chunk: (11.0, 10.0) (distance: 16.28)
[22:02:06] TERRAIN: Queued chunk: (12.0, 9.0) (distance: 16.28)
[22:02:06] TERRAIN: Queued chunk: (-12.0, -13.0) (distance: 16.28)
[22:02:06] TERRAIN: Queued chunk: (-12.0, 9.0) (distance: 16.28)
[22:02:06] TERRAIN: Queued chunk: (12.0, -13.0) (distance: 16.28)
[22:02:06] TERRAIN: Queued chunk: (-11.0, -14.0) (distance: 16.28)
[22:02:06] TERRAIN: Queued chunk: (-11.0, 10.0) (distance: 16.28)
[22:02:06] TERRAIN: Queued chunk: (-10.0, 11.0) (distance: 16.40)
[22:02:06] TERRAIN: Queued chunk: (13.0, 8.0) (distance: 16.40)
[22:02:06] TERRAIN: Queued chunk: (10.0, -15.0) (distance: 16.40)
[22:02:06] TERRAIN: Queued chunk: (-10.0, -15.0) (distance: 16.40)
[22:02:06] TERRAIN: Queued chunk: (10.0, 11.0) (distance: 16.40)
[22:02:06] TERRAIN: Queued chunk: (-13.0, -12.0) (distance: 16.40)
[22:02:06] TERRAIN: Queued chunk: (-13.0, 8.0) (distance: 16.40)
[22:02:06] TERRAIN: Queued chunk: (13.0, -12.0) (distance: 16.40)
[22:02:06] TERRAIN: Queued chunk: (-15.0, -9.0) (distance: 16.55)
[22:02:06] TERRAIN: Queued chunk: (-15.0, 5.0) (distance: 16.55)
[22:02:06] TERRAIN: Queued chunk: (15.0, -9.0) (distance: 16.55)
[22:02:06] TERRAIN: Queued chunk: (7.0, 13.0) (distance: 16.55)
[22:02:06] TERRAIN: Queued chunk: (15.0, 5.0) (distance: 16.55)
[22:02:06] TERRAIN: Queued chunk: (-7.0, -17.0) (distance: 16.55)
[22:02:06] TERRAIN: Queued chunk: (-7.0, 13.0) (distance: 16.55)
[22:02:06] TERRAIN: Queued chunk: (7.0, -17.0) (distance: 16.55)
[22:02:06] TERRAIN: Queued chunk: (14.0, -11.0) (distance: 16.64)
[22:02:06] TERRAIN: Queued chunk: (9.0, -16.0) (distance: 16.64)
[22:02:06] TERRAIN: Queued chunk: (9.0, 12.0) (distance: 16.64)
[22:02:06] TERRAIN: Queued chunk: (-9.0, -16.0) (distance: 16.64)
[22:02:06] TERRAIN: Queued chunk: (-14.0, -11.0) (distance: 16.64)
[22:02:06] TERRAIN: Queued chunk: (-14.0, 7.0) (distance: 16.64)
[22:02:06] TERRAIN: Queued chunk: (-9.0, 12.0) (distance: 16.64)
[22:02:06] TERRAIN: Queued chunk: (14.0, 7.0) (distance: 16.64)
[22:02:06] TERRAIN: Queued chunk: (-12.0, 10.0) (distance: 16.97)
[22:02:06] TERRAIN: Queued chunk: (12.0, -14.0) (distance: 16.97)
[22:02:06] TERRAIN: Queued chunk: (-12.0, -14.0) (distance: 16.97)
[22:02:06] TERRAIN: Queued chunk: (12.0, 10.0) (distance: 16.97)
[22:02:06] TERRAIN: Queued chunk: (15.0, -10.0) (distance: 17.00)
[22:02:06] TERRAIN: Queued chunk: (-8.0, -17.0) (distance: 17.00)
[22:02:06] TERRAIN: Queued chunk: (-15.0, 6.0) (distance: 17.00)
[22:02:06] TERRAIN: Queued chunk: (-15.0, -10.0) (distance: 17.00)
[22:02:06] TERRAIN: Queued chunk: (8.0, 13.0) (distance: 17.00)
[22:02:06] TERRAIN: Queued chunk: (15.0, 6.0) (distance: 17.00)
[22:02:06] TERRAIN: Queued chunk: (-8.0, 13.0) (distance: 17.00)
[22:02:06] TERRAIN: Queued chunk: (8.0, -17.0) (distance: 17.00)
[22:02:06] TERRAIN: Queued chunk: (-13.0, 9.0) (distance: 17.03)
[22:02:06] TERRAIN: Queued chunk: (11.0, -15.0) (distance: 17.03)
[22:02:06] TERRAIN: Queued chunk: (-13.0, -13.0) (distance: 17.03)
[22:02:06] TERRAIN: Queued chunk: (13.0, -13.0) (distance: 17.03)
[22:02:06] TERRAIN: Queued chunk: (-11.0, -15.0) (distance: 17.03)
[22:02:06] TERRAIN: Queued chunk: (13.0, 9.0) (distance: 17.03)
[22:02:06] TERRAIN: Queued chunk: (-11.0, 11.0) (distance: 17.03)
[22:02:06] TERRAIN: Queued chunk: (11.0, 11.0) (distance: 17.03)
[22:02:06] TERRAIN: Queued chunk: (14.0, 8.0) (distance: 17.20)
[22:02:06] TERRAIN: Queued chunk: (10.0, -16.0) (distance: 17.20)
[22:02:06] TERRAIN: Queued chunk: (-14.0, -12.0) (distance: 17.20)
[22:02:06] TERRAIN: Queued chunk: (-14.0, 8.0) (distance: 17.20)
[22:02:06] TERRAIN: Queued chunk: (-10.0, -16.0) (distance: 17.20)
[22:02:06] TERRAIN: Queued chunk: (10.0, 12.0) (distance: 17.20)
[22:02:06] TERRAIN: Queued chunk: (-10.0, 12.0) (distance: 17.20)
[22:02:06] TERRAIN: Queued chunk: (14.0, -12.0) (distance: 17.20)
[22:02:06] TERRAIN: Queued chunk: (15.0, -11.0) (distance: 17.49)
[22:02:06] TERRAIN: Queued chunk: (-15.0, -11.0) (distance: 17.49)
[22:02:06] TERRAIN: Queued chunk: (15.0, 7.0) (distance: 17.49)
[22:02:06] TERRAIN: Queued chunk: (-9.0, 13.0) (distance: 17.49)
[22:02:06] TERRAIN: Queued chunk: (9.0, 13.0) (distance: 17.49)
[22:02:06] TERRAIN: Queued chunk: (-15.0, 7.0) (distance: 17.49)
[22:02:06] TERRAIN: Queued chunk: (9.0, -17.0) (distance: 17.49)
[22:02:06] TERRAIN: Queued chunk: (-9.0, -17.0) (distance: 17.49)
[22:02:06] TERRAIN: Queued chunk: (12.0, -15.0) (distance: 17.69)
[22:02:06] TERRAIN: Queued chunk: (-12.0, 11.0) (distance: 17.69)
[22:02:06] TERRAIN: Queued chunk: (-12.0, -15.0) (distance: 17.69)
[22:02:06] TERRAIN: Queued chunk: (-13.0, 10.0) (distance: 17.69)
[22:02:06] TERRAIN: Queued chunk: (13.0, -14.0) (distance: 17.69)
[22:02:06] TERRAIN: Queued chunk: (-13.0, -14.0) (distance: 17.69)
[22:02:06] TERRAIN: Queued chunk: (12.0, 11.0) (distance: 17.69)
[22:02:06] TERRAIN: Queued chunk: (13.0, 10.0) (distance: 17.69)
[22:02:06] TERRAIN: Queued chunk: (14.0, -13.0) (distance: 17.80)
[22:02:06] TERRAIN: Queued chunk: (11.0, 12.0) (distance: 17.80)
[22:02:06] TERRAIN: Queued chunk: (11.0, -16.0) (distance: 17.80)
[22:02:06] TERRAIN: Queued chunk: (14.0, 9.0) (distance: 17.80)
[22:02:06] TERRAIN: Queued chunk: (-11.0, 12.0) (distance: 17.80)
[22:02:06] TERRAIN: Queued chunk: (-11.0, -16.0) (distance: 17.80)
[22:02:06] TERRAIN: Queued chunk: (-14.0, -13.0) (distance: 17.80)
[22:02:06] TERRAIN: Queued chunk: (-14.0, 9.0) (distance: 17.80)
[22:02:06] TERRAIN: Queued chunk: (10.0, 13.0) (distance: 18.03)
[22:02:06] TERRAIN: Queued chunk: (15.0, -12.0) (distance: 18.03)
[22:02:06] TERRAIN: Queued chunk: (10.0, -17.0) (distance: 18.03)
[22:02:06] TERRAIN: Queued chunk: (-10.0, 13.0) (distance: 18.03)
[22:02:06] TERRAIN: Queued chunk: (-10.0, -17.0) (distance: 18.03)
[22:02:06] TERRAIN: Queued chunk: (15.0, 8.0) (distance: 18.03)
[22:02:06] TERRAIN: Queued chunk: (-15.0, 8.0) (distance: 18.03)
[22:02:06] TERRAIN: Queued chunk: (-15.0, -12.0) (distance: 18.03)
[22:02:06] TERRAIN: Queued chunk: (13.0, 11.0) (distance: 18.38)
[22:02:06] TERRAIN: Queued chunk: (-13.0, -15.0) (distance: 18.38)
[22:02:06] TERRAIN: Queued chunk: (-13.0, 11.0) (distance: 18.38)
[22:02:06] TERRAIN: Queued chunk: (13.0, -15.0) (distance: 18.38)
[22:02:06] TERRAIN: Queued chunk: (14.0, 10.0) (distance: 18.44)
[22:02:06] TERRAIN: Queued chunk: (14.0, -14.0) (distance: 18.44)
[22:02:06] TERRAIN: Queued chunk: (-14.0, -14.0) (distance: 18.44)
[22:02:06] TERRAIN: Queued chunk: (-14.0, 10.0) (distance: 18.44)
[22:02:06] TERRAIN: Queued chunk: (-12.0, -16.0) (distance: 18.44)
[22:02:06] TERRAIN: Queued chunk: (-12.0, 12.0) (distance: 18.44)
[22:02:06] TERRAIN: Queued chunk: (12.0, 12.0) (distance: 18.44)
[22:02:06] TERRAIN: Queued chunk: (12.0, -16.0) (distance: 18.44)
[22:02:06] TERRAIN: Queued chunk: (15.0, -13.0) (distance: 18.60)
[22:02:06] TERRAIN: Queued chunk: (11.0, 13.0) (distance: 18.60)
[22:02:06] TERRAIN: Queued chunk: (11.0, -17.0) (distance: 18.60)
[22:02:06] TERRAIN: Queued chunk: (-11.0, 13.0) (distance: 18.60)
[22:02:06] TERRAIN: Queued chunk: (-11.0, -17.0) (distance: 18.60)
[22:02:06] TERRAIN: Queued chunk: (-15.0, 9.0) (distance: 18.60)
[22:02:06] TERRAIN: Queued chunk: (-15.0, -13.0) (distance: 18.60)
[22:02:06] TERRAIN: Queued chunk: (15.0, 9.0) (distance: 18.60)
[22:02:06] TERRAIN: Queued chunk: (14.0, -15.0) (distance: 19.10)
[22:02:06] TERRAIN: Queued chunk: (13.0, 12.0) (distance: 19.10)
[22:02:06] TERRAIN: Queued chunk: (13.0, -16.0) (distance: 19.10)
[22:02:06] TERRAIN: Queued chunk: (-13.0, 12.0) (distance: 19.10)
[22:02:06] TERRAIN: Queued chunk: (-13.0, -16.0) (distance: 19.10)
[22:02:06] TERRAIN: Queued chunk: (-14.0, 11.0) (distance: 19.10)
[22:02:06] TERRAIN: Queued chunk: (-14.0, -15.0) (distance: 19.10)
[22:02:06] TERRAIN: Queued chunk: (14.0, 11.0) (distance: 19.10)
[22:02:06] TERRAIN: Queued chunk: (15.0, -14.0) (distance: 19.21)
[22:02:06] TERRAIN: Queued chunk: (15.0, 10.0) (distance: 19.21)
[22:02:06] TERRAIN: Queued chunk: (-15.0, 10.0) (distance: 19.21)
[22:02:06] TERRAIN: Queued chunk: (-15.0, -14.0) (distance: 19.21)
[22:02:06] TERRAIN: Queued chunk: (12.0, 13.0) (distance: 19.21)
[22:02:06] TERRAIN: Queued chunk: (12.0, -17.0) (distance: 19.21)
[22:02:06] TERRAIN: Queued chunk: (-12.0, 13.0) (distance: 19.21)
[22:02:06] TERRAIN: Queued chunk: (-12.0, -17.0) (distance: 19.21)
[22:02:06] TERRAIN: Queued chunk: (-14.0, -16.0) (distance: 19.80)
[22:02:06] TERRAIN: Queued chunk: (-14.0, 12.0) (distance: 19.80)
[22:02:06] TERRAIN: Queued chunk: (14.0, 12.0) (distance: 19.80)
[22:02:06] TERRAIN: Queued chunk: (14.0, -16.0) (distance: 19.80)
[22:02:06] TERRAIN: Queued chunk: (-15.0, 11.0) (distance: 19.85)
[22:02:06] TERRAIN: Queued chunk: (-13.0, -17.0) (distance: 19.85)
[22:02:06] TERRAIN: Queued chunk: (-13.0, 13.0) (distance: 19.85)
[22:02:06] TERRAIN: Queued chunk: (13.0, -17.0) (distance: 19.85)
[22:02:06] TERRAIN: Queued chunk: (13.0, 13.0) (distance: 19.85)
[22:02:06] TERRAIN: Queued chunk: (-15.0, -15.0) (distance: 19.85)
[22:02:06] TERRAIN: Queued chunk: (15.0, 11.0) (distance: 19.85)
[22:02:06] TERRAIN: Queued chunk: (15.0, -15.0) (distance: 19.85)
[22:02:06] TERRAIN: Queued chunk: (-15.0, 12.0) (distance: 20.52)
[22:02:06] TERRAIN: Queued chunk: (-15.0, -16.0) (distance: 20.52)
[22:02:06] TERRAIN: Queued chunk: (15.0, 12.0) (distance: 20.52)
[22:02:06] TERRAIN: Queued chunk: (-14.0, -17.0) (distance: 20.52)
[22:02:06] TERRAIN: Queued chunk: (-14.0, 13.0) (distance: 20.52)
[22:02:06] TERRAIN: Queued chunk: (14.0, -17.0) (distance: 20.52)
[22:02:06] TERRAIN: Queued chunk: (14.0, 13.0) (distance: 20.52)
[22:02:06] TERRAIN: Queued chunk: (15.0, -16.0) (distance: 20.52)
[22:02:06] TERRAIN: Queued chunk: (15.0, 13.0) (distance: 21.21)
[22:02:06] TERRAIN: Queued chunk: (15.0, -17.0) (distance: 21.21)
[22:02:06] TERRAIN: Queued chunk: (-15.0, 13.0) (distance: 21.21)
[22:02:06] TERRAIN: Queued chunk: (-15.0, -17.0) (distance: 21.21)
[22:02:06] TERRAIN: Creating chunk: (1.0, -16.0) at distance 14.04
[22:02:06] TERRAIN: Chunk created successfully: (1.0, -16.0) (total chunks: 679)
[22:02:06] TERRAIN: Creating chunk: (-1.0, -16.0) at distance 14.04
[22:02:06] TERRAIN: Chunk created successfully: (-1.0, -16.0) (total chunks: 680)
[22:02:06] TERRAIN: Creating chunk: (2.0, -16.0) at distance 14.14
[22:02:06] TERRAIN: Chunk created successfully: (2.0, -16.0) (total chunks: 681)
[22:02:06] TERRAIN: Creating chunk: (-2.0, -16.0) at distance 14.14
[22:02:06] TERRAIN: Chunk created successfully: (-2.0, -16.0) (total chunks: 682)
[22:02:06] TERRAIN: Creating chunk: (6.0, -15.0) at distance 14.32
[22:02:06] TERRAIN: Chunk created successfully: (6.0, -15.0) (total chunks: 683)
[22:02:06] TERRAIN: Creating chunk: (-6.0, -15.0) at distance 14.32
[22:02:06] TERRAIN: Chunk created successfully: (-6.0, -15.0) (total chunks: 684)
[22:02:06] TERRAIN: Creating chunk: (3.0, -16.0) at distance 14.32
[22:02:06] TERRAIN: Chunk created successfully: (3.0, -16.0) (total chunks: 685)
[22:02:06] TERRAIN: Creating chunk: (-3.0, -16.0) at distance 14.32
[22:02:06] TERRAIN: Chunk created successfully: (-3.0, -16.0) (total chunks: 686)
[22:02:06] TERRAIN: Creating chunk: (-8.0, -14.0) at distance 14.42
[22:02:06] TERRAIN: Chunk created successfully: (-8.0, -14.0) (total chunks: 687)
[22:02:06] TERRAIN: Creating chunk: (8.0, -14.0) at distance 14.42
[22:02:06] TERRAIN: Chunk created successfully: (8.0, -14.0) (total chunks: 688)
[22:02:06] TERRAIN: Creating chunk: (4.0, -16.0) at distance 14.56
[22:02:06] TERRAIN: Chunk created successfully: (4.0, -16.0) (total chunks: 689)
[22:02:06] TERRAIN: Creating chunk: (-4.0, -16.0) at distance 14.56
[22:02:06] TERRAIN: Chunk created successfully: (-4.0, -16.0) (total chunks: 690)
[22:02:06] TERRAIN: Creating chunk: (7.0, -15.0) at distance 14.76
[22:02:06] TERRAIN: Chunk created successfully: (7.0, -15.0) (total chunks: 691)
[22:02:06] TERRAIN: Creating chunk: (13.0, -9.0) at distance 14.76
[22:02:06] TERRAIN: Chunk created successfully: (13.0, -9.0) (total chunks: 692)
[22:02:06] TERRAIN: Creating chunk: (-13.0, -9.0) at distance 14.76
[22:02:06] TERRAIN: Chunk created successfully: (-13.0, -9.0) (total chunks: 693)
[22:02:06] TERRAIN: Creating chunk: (-7.0, -15.0) at distance 14.76
[22:02:06] TERRAIN: Chunk created successfully: (-7.0, -15.0) (total chunks: 694)
[22:02:06] TERRAIN: Creating chunk: (10.0, -13.0) at distance 14.87
[22:02:06] TERRAIN: Chunk created successfully: (10.0, -13.0) (total chunks: 695)
[22:02:06] TERRAIN: Creating chunk: (-11.0, -12.0) at distance 14.87
[22:02:06] TERRAIN: Chunk created successfully: (-11.0, -12.0) (total chunks: 696)
[22:02:06] TERRAIN: Creating chunk: (-5.0, -16.0) at distance 14.87
[22:02:06] TERRAIN: Chunk created successfully: (-5.0, -16.0) (total chunks: 697)
[22:02:06] TERRAIN: Creating chunk: (11.0, -12.0) at distance 14.87
[22:02:06] TERRAIN: Chunk created successfully: (11.0, -12.0) (total chunks: 698)
[22:02:06] TERRAIN: Creating chunk: (14.0, -7.0) at distance 14.87
[22:02:06] TERRAIN: Chunk created successfully: (14.0, -7.0) (total chunks: 699)
[22:02:06] TERRAIN: Creating chunk: (-14.0, -7.0) at distance 14.87
[22:02:06] TERRAIN: Chunk created successfully: (-14.0, -7.0) (total chunks: 700)
[22:02:06] TERRAIN: Creating chunk: (5.0, -16.0) at distance 14.87
[22:02:06] TERRAIN: Chunk created successfully: (5.0, -16.0) (total chunks: 701)
[22:02:06] TERRAIN: Creating chunk: (-10.0, -13.0) at distance 14.87
[22:02:06] TERRAIN: Chunk created successfully: (-10.0, -13.0) (total chunks: 702)
[22:02:06] TERRAIN: Creating chunk: (0.0, -17.0) at distance 15.00
[22:02:06] TERRAIN: Chunk created successfully: (0.0, -17.0) (total chunks: 703)
[22:02:06] TERRAIN: Creating chunk: (-12.0, -11.0) at distance 15.00
[22:02:06] TERRAIN: Chunk created successfully: (-12.0, -11.0) (total chunks: 704)
[22:02:06] TERRAIN: Creating chunk: (15.0, -2.0) at distance 15.00
[22:02:06] TERRAIN: Chunk created successfully: (15.0, -2.0) (total chunks: 705)
[22:02:06] TERRAIN: Creating chunk: (-9.0, -14.0) at distance 15.00
[22:02:06] TERRAIN: Chunk created successfully: (-9.0, -14.0) (total chunks: 706)
[22:02:06] TERRAIN: Creating chunk: (12.0, -11.0) at distance 15.00
[22:02:06] TERRAIN: Chunk created successfully: (12.0, -11.0) (total chunks: 707)
[22:02:06] TERRAIN: Creating chunk: (-15.0, -2.0) at distance 15.00
[22:02:06] TERRAIN: Chunk created successfully: (-15.0, -2.0) (total chunks: 708)
[22:02:06] TERRAIN: Creating chunk: (9.0, -14.0) at distance 15.00
[22:02:06] TERRAIN: Chunk created successfully: (9.0, -14.0) (total chunks: 709)
[22:02:06] PLAYER: Pos: (0.999985, -0.071408, -34.62588) | Chunk: (0.0, -2.0) | TerrainHeight: -0.08 | HeightDiff: 0.00 | OnFloor: true
[22:02:06] PLAYER: CHUNK CHANGED: (0.0, -1.0) -> (0.0, -2.0)
[22:02:07] PLAYER: Pos: (1.229564, -0.060583, -39.62046) | Chunk: (0.0, -2.0) | TerrainHeight: -0.06 | HeightDiff: -0.00 | OnFloor: true
[22:02:08] PLAYER: Pos: (1.458846, -0.043383, -44.61503) | Chunk: (0.0, -2.0) | TerrainHeight: -0.04 | HeightDiff: -0.00 | OnFloor: true
[22:02:09] PLAYER: Pos: (1.517858, -0.028506, -49.61428) | Chunk: (0.0, -2.0) | TerrainHeight: -0.03 | HeightDiff: -0.00 | OnFloor: true
[22:02:10] PLAYER: Pos: (1.666005, -0.013257, -54.61132) | Chunk: (0.0, -2.0) | TerrainHeight: -0.01 | HeightDiff: -0.00 | OnFloor: true
[22:02:11] PLAYER: Pos: (1.400753, 0.001094, -59.59997) | Chunk: (0.0, -2.0) | TerrainHeight: 0.00 | HeightDiff: -0.00 | OnFloor: true
[22:02:12] TERRAIN: Player moved to new chunk: (0.0, -3.0) (was (0.0, -2.0))
[22:02:12] TERRAIN: Updating terrain for player chunk: (0.0, -3.0) (player pos: (2.114318, 0.00367, -64.01817))
[22:02:12] TERRAIN: Removing 31 distant chunks
[22:02:12] TERRAIN: Removing chunk: (1.0, 12.0)
[22:02:12] TERRAIN: Removing chunk: (-1.0, 12.0)
[22:02:12] TERRAIN: Removing chunk: (2.0, 12.0)
[22:02:12] TERRAIN: Removing chunk: (-2.0, 12.0)
[22:02:12] TERRAIN: Removing chunk: (-3.0, 12.0)
[22:02:12] TERRAIN: Removing chunk: (3.0, 12.0)
[22:02:12] TERRAIN: Removing chunk: (-6.0, 11.0)
[22:02:12] TERRAIN: Removing chunk: (6.0, 11.0)
[22:02:12] TERRAIN: Removing chunk: (4.0, 12.0)
[22:02:12] TERRAIN: Removing chunk: (-4.0, 12.0)
[22:02:12] TERRAIN: Removing chunk: (8.0, 10.0)
[22:02:12] TERRAIN: Removing chunk: (-8.0, 10.0)
[22:02:12] TERRAIN: Removing chunk: (5.0, 12.0)
[22:02:12] TERRAIN: Removing chunk: (0.0, 13.0)
[22:02:12] TERRAIN: Removing chunk: (-5.0, 12.0)
[22:02:12] TERRAIN: Removing chunk: (-7.0, 11.0)
[22:02:12] TERRAIN: Removing chunk: (7.0, 11.0)
[22:02:12] TERRAIN: Removing chunk: (9.0, 10.0)
[22:02:12] TERRAIN: Removing chunk: (10.0, 9.0)
[22:02:12] TERRAIN: Removing chunk: (-10.0, 9.0)
[22:02:12] TERRAIN: Removing chunk: (-9.0, 10.0)
[22:02:12] TERRAIN: Removing chunk: (-11.0, 8.0)
[22:02:12] TERRAIN: Removing chunk: (11.0, 8.0)
[22:02:12] TERRAIN: Removing chunk: (-12.0, 7.0)
[22:02:12] TERRAIN: Removing chunk: (-13.0, 5.0)
[22:02:12] TERRAIN: Removing chunk: (-14.0, 3.0)
[22:02:12] TERRAIN: Removing chunk: (13.0, 5.0)
[22:02:12] TERRAIN: Removing chunk: (12.0, 7.0)
[22:02:12] TERRAIN: Removing chunk: (14.0, 3.0)
[22:02:12] TERRAIN: Removing chunk: (15.0, -2.0)
[22:02:12] TERRAIN: Removing chunk: (-15.0, -2.0)
[22:02:12] TERRAIN: Queuing 283 new chunks for generation
[22:02:12] TERRAIN: Queued chunk: (1.0, -17.0) (distance: 14.04)
[22:02:12] TERRAIN: Queued chunk: (-1.0, -17.0) (distance: 14.04)
[22:02:12] TERRAIN: Queued chunk: (2.0, -17.0) (distance: 14.14)
[22:02:12] TERRAIN: Queued chunk: (-2.0, -17.0) (distance: 14.14)
[22:02:12] TERRAIN: Queued chunk: (6.0, -16.0) (distance: 14.32)
[22:02:12] TERRAIN: Queued chunk: (-6.0, -16.0) (distance: 14.32)
[22:02:12] TERRAIN: Queued chunk: (3.0, -17.0) (distance: 14.32)
[22:02:12] TERRAIN: Queued chunk: (-3.0, -17.0) (distance: 14.32)
[22:02:12] TERRAIN: Queued chunk: (-8.0, -15.0) (distance: 14.42)
[22:02:12] TERRAIN: Queued chunk: (8.0, -15.0) (distance: 14.42)
[22:02:12] TERRAIN: Queued chunk: (4.0, -17.0) (distance: 14.56)
[22:02:12] TERRAIN: Queued chunk: (-4.0, -17.0) (distance: 14.56)
[22:02:12] TERRAIN: Queued chunk: (7.0, -16.0) (distance: 14.76)
[22:02:12] TERRAIN: Queued chunk: (13.0, -10.0) (distance: 14.76)
[22:02:12] TERRAIN: Queued chunk: (-13.0, -10.0) (distance: 14.76)
[22:02:12] TERRAIN: Queued chunk: (-7.0, -16.0) (distance: 14.76)
[22:02:12] TERRAIN: Queued chunk: (10.0, -14.0) (distance: 14.87)
[22:02:12] TERRAIN: Queued chunk: (-11.0, -13.0) (distance: 14.87)
[22:02:12] TERRAIN: Queued chunk: (-5.0, -17.0) (distance: 14.87)
[22:02:12] TERRAIN: Queued chunk: (11.0, -13.0) (distance: 14.87)
[22:02:12] TERRAIN: Queued chunk: (14.0, -8.0) (distance: 14.87)
[22:02:12] TERRAIN: Queued chunk: (-14.0, -8.0) (distance: 14.87)
[22:02:12] TERRAIN: Queued chunk: (5.0, -17.0) (distance: 14.87)
[22:02:12] TERRAIN: Queued chunk: (-10.0, -14.0) (distance: 14.87)
[22:02:12] TERRAIN: Queued chunk: (0.0, -18.0) (distance: 15.00)
[22:02:12] TERRAIN: Queued chunk: (-12.0, -12.0) (distance: 15.00)
[22:02:12] TERRAIN: Queued chunk: (15.0, -3.0) (distance: 15.00)
[22:02:12] TERRAIN: Queued chunk: (-9.0, -15.0) (distance: 15.00)
[22:02:12] TERRAIN: Queued chunk: (12.0, -12.0) (distance: 15.00)
[22:02:12] TERRAIN: Queued chunk: (-15.0, -3.0) (distance: 15.00)
[22:02:12] TERRAIN: Queued chunk: (9.0, -15.0) (distance: 15.00)
[22:02:12] TERRAIN: Queued chunk: (15.0, -2.0) (distance: 15.03)
[22:02:12] TERRAIN: Queued chunk: (1.0, 12.0) (distance: 15.03)
[22:02:12] TERRAIN: Queued chunk: (-15.0, -2.0) (distance: 15.03)
[22:02:12] TERRAIN: Queued chunk: (1.0, -18.0) (distance: 15.03)
[22:02:12] TERRAIN: Queued chunk: (-1.0, 12.0) (distance: 15.03)
[22:02:12] TERRAIN: Queued chunk: (15.0, -4.0) (distance: 15.03)
[22:02:12] TERRAIN: Queued chunk: (-15.0, -4.0) (distance: 15.03)
[22:02:12] TERRAIN: Queued chunk: (-1.0, -18.0) (distance: 15.03)
[22:02:12] TERRAIN: Queued chunk: (15.0, -5.0) (distance: 15.13)
[22:02:12] TERRAIN: Queued chunk: (-2.0, 12.0) (distance: 15.13)
[22:02:12] TERRAIN: Queued chunk: (-15.0, -5.0) (distance: 15.13)
[22:02:12] TERRAIN: Queued chunk: (-2.0, -18.0) (distance: 15.13)
[22:02:12] TERRAIN: Queued chunk: (-15.0, -1.0) (distance: 15.13)
[22:02:12] TERRAIN: Queued chunk: (2.0, -18.0) (distance: 15.13)
[22:02:12] TERRAIN: Queued chunk: (2.0, 12.0) (distance: 15.13)
[22:02:12] TERRAIN: Queued chunk: (15.0, -1.0) (distance: 15.13)
[22:02:12] TERRAIN: Queued chunk: (14.0, 3.0) (distance: 15.23)
[22:02:12] TERRAIN: Queued chunk: (14.0, -9.0) (distance: 15.23)
[22:02:12] TERRAIN: Queued chunk: (-6.0, -17.0) (distance: 15.23)
[22:02:12] TERRAIN: Queued chunk: (-6.0, 11.0) (distance: 15.23)
[22:02:12] TERRAIN: Queued chunk: (6.0, 11.0) (distance: 15.23)
[22:02:12] TERRAIN: Queued chunk: (6.0, -17.0) (distance: 15.23)
[22:02:12] TERRAIN: Queued chunk: (-14.0, -9.0) (distance: 15.23)
[22:02:12] TERRAIN: Queued chunk: (-14.0, 3.0) (distance: 15.23)
[22:02:12] TERRAIN: Queued chunk: (8.0, -16.0) (distance: 15.26)
[22:02:12] TERRAIN: Queued chunk: (-8.0, -16.0) (distance: 15.26)
[22:02:12] TERRAIN: Queued chunk: (8.0, 10.0) (distance: 15.26)
[22:02:12] TERRAIN: Queued chunk: (-8.0, 10.0) (distance: 15.26)
[22:02:12] TERRAIN: Queued chunk: (13.0, -11.0) (distance: 15.26)
[22:02:12] TERRAIN: Queued chunk: (-13.0, 5.0) (distance: 15.26)
[22:02:12] TERRAIN: Queued chunk: (-13.0, -11.0) (distance: 15.26)
[22:02:12] TERRAIN: Queued chunk: (13.0, 5.0) (distance: 15.26)
[22:02:12] TERRAIN: Queued chunk: (3.0, 12.0) (distance: 15.30)
[22:02:12] TERRAIN: Queued chunk: (15.0, 0.0) (distance: 15.30)
[22:02:12] TERRAIN: Queued chunk: (15.0, -6.0) (distance: 15.30)
[22:02:12] TERRAIN: Queued chunk: (-3.0, -18.0) (distance: 15.30)
[22:02:12] TERRAIN: Queued chunk: (-15.0, 0.0) (distance: 15.30)
[22:02:12] TERRAIN: Queued chunk: (-3.0, 12.0) (distance: 15.30)
[22:02:12] TERRAIN: Queued chunk: (3.0, -18.0) (distance: 15.30)
[22:02:12] TERRAIN: Queued chunk: (-15.0, -6.0) (distance: 15.30)
[22:02:12] TERRAIN: Queued chunk: (15.0, -7.0) (distance: 15.52)
[22:02:12] TERRAIN: Queued chunk: (15.0, 1.0) (distance: 15.52)
[22:02:12] TERRAIN: Queued chunk: (-4.0, -18.0) (distance: 15.52)
[22:02:12] TERRAIN: Queued chunk: (-4.0, 12.0) (distance: 15.52)
[22:02:12] TERRAIN: Queued chunk: (-15.0, -7.0) (distance: 15.52)
[22:02:12] TERRAIN: Queued chunk: (-15.0, 1.0) (distance: 15.52)
[22:02:12] TERRAIN: Queued chunk: (4.0, 12.0) (distance: 15.52)
[22:02:12] TERRAIN: Queued chunk: (4.0, -18.0) (distance: 15.52)
[22:02:12] TERRAIN: Queued chunk: (11.0, 8.0) (distance: 15.56)
[22:02:12] TERRAIN: Queued chunk: (11.0, -14.0) (distance: 15.56)
[22:02:12] TERRAIN: Queued chunk: (-11.0, 8.0) (distance: 15.56)
[22:02:12] TERRAIN: Queued chunk: (-11.0, -14.0) (distance: 15.56)
[22:02:12] TERRAIN: Queued chunk: (-10.0, 9.0) (distance: 15.62)
[22:02:12] TERRAIN: Queued chunk: (10.0, -15.0) (distance: 15.62)
[22:02:12] TERRAIN: Queued chunk: (10.0, 9.0) (distance: 15.62)
[22:02:12] TERRAIN: Queued chunk: (-10.0, -15.0) (distance: 15.62)
[22:02:12] TERRAIN: Queued chunk: (12.0, 7.0) (distance: 15.62)
[22:02:12] TERRAIN: Queued chunk: (12.0, -13.0) (distance: 15.62)
[22:02:12] TERRAIN: Queued chunk: (-12.0, -13.0) (distance: 15.62)
[22:02:12] TERRAIN: Queued chunk: (-12.0, 7.0) (distance: 15.62)
[22:02:12] TERRAIN: Queued chunk: (-7.0, 11.0) (distance: 15.65)
[22:02:12] TERRAIN: Queued chunk: (-7.0, -17.0) (distance: 15.65)
[22:02:12] TERRAIN: Queued chunk: (14.0, -10.0) (distance: 15.65)
[22:02:12] TERRAIN: Queued chunk: (14.0, 4.0) (distance: 15.65)
[22:02:12] TERRAIN: Queued chunk: (-14.0, 4.0) (distance: 15.65)
[22:02:12] TERRAIN: Queued chunk: (-14.0, -10.0) (distance: 15.65)
[22:02:12] TERRAIN: Queued chunk: (7.0, -17.0) (distance: 15.65)
[22:02:12] TERRAIN: Queued chunk: (7.0, 11.0) (distance: 15.65)
[22:02:12] TERRAIN: Queued chunk: (-5.0, -18.0) (distance: 15.81)
[22:02:12] TERRAIN: Queued chunk: (-5.0, 12.0) (distance: 15.81)
[22:02:12] TERRAIN: Queued chunk: (15.0, -8.0) (distance: 15.81)
[22:02:12] TERRAIN: Queued chunk: (9.0, 10.0) (distance: 15.81)
[22:02:12] TERRAIN: Queued chunk: (5.0, -18.0) (distance: 15.81)
[22:02:12] TERRAIN: Queued chunk: (9.0, -16.0) (distance: 15.81)
[22:02:12] TERRAIN: Queued chunk: (5.0, 12.0) (distance: 15.81)
[22:02:12] TERRAIN: Queued chunk: (13.0, -12.0) (distance: 15.81)
[22:02:12] TERRAIN: Queued chunk: (-13.0, 6.0) (distance: 15.81)
[22:02:12] TERRAIN: Queued chunk: (-13.0, -12.0) (distance: 15.81)
[22:02:12] TERRAIN: Queued chunk: (13.0, 6.0) (distance: 15.81)
[22:02:12] TERRAIN: Queued chunk: (15.0, 2.0) (distance: 15.81)
[22:02:12] TERRAIN: Queued chunk: (-9.0, 10.0) (distance: 15.81)
[22:02:12] TERRAIN: Queued chunk: (-15.0, -8.0) (distance: 15.81)
[22:02:12] TERRAIN: Queued chunk: (-15.0, 2.0) (distance: 15.81)
[22:02:12] TERRAIN: Queued chunk: (-9.0, -16.0) (distance: 15.81)
[22:02:12] TERRAIN: Queued chunk: (-8.0, 11.0) (distance: 16.12)
[22:02:12] TERRAIN: Queued chunk: (8.0, -17.0) (distance: 16.12)
[22:02:12] TERRAIN: Queued chunk: (-8.0, -17.0) (distance: 16.12)
[22:02:12] TERRAIN: Queued chunk: (-14.0, -11.0) (distance: 16.12)
[22:02:12] TERRAIN: Queued chunk: (-14.0, 5.0) (distance: 16.12)
[22:02:12] TERRAIN: Queued chunk: (8.0, 11.0) (distance: 16.12)
[22:02:12] TERRAIN: Queued chunk: (14.0, 5.0) (distance: 16.12)
[22:02:12] TERRAIN: Queued chunk: (14.0, -11.0) (distance: 16.12)
[22:02:12] TERRAIN: Queued chunk: (15.0, 3.0) (distance: 16.16)
[22:02:12] TERRAIN: Queued chunk: (6.0, 12.0) (distance: 16.16)
[22:02:12] TERRAIN: Queued chunk: (6.0, -18.0) (distance: 16.16)
[22:02:12] TERRAIN: Queued chunk: (-15.0, 3.0) (distance: 16.16)
[22:02:12] TERRAIN: Queued chunk: (-15.0, -9.0) (distance: 16.16)
[22:02:12] TERRAIN: Queued chunk: (-6.0, 12.0) (distance: 16.16)
[22:02:12] TERRAIN: Queued chunk: (15.0, -9.0) (distance: 16.16)
[22:02:12] TERRAIN: Queued chunk: (-6.0, -18.0) (distance: 16.16)
[22:02:12] TERRAIN: Queued chunk: (11.0, -15.0) (distance: 16.28)
[22:02:12] TERRAIN: Queued chunk: (11.0, 9.0) (distance: 16.28)
[22:02:12] TERRAIN: Queued chunk: (12.0, 8.0) (distance: 16.28)
[22:02:12] TERRAIN: Queued chunk: (-12.0, -14.0) (distance: 16.28)
[22:02:12] TERRAIN: Queued chunk: (-12.0, 8.0) (distance: 16.28)
[22:02:12] TERRAIN: Queued chunk: (12.0, -14.0) (distance: 16.28)
[22:02:12] TERRAIN: Queued chunk: (-11.0, -15.0) (distance: 16.28)
[22:02:12] TERRAIN: Queued chunk: (-11.0, 9.0) (distance: 16.28)
[22:02:12] TERRAIN: Queued chunk: (-10.0, 10.0) (distance: 16.40)
[22:02:12] TERRAIN: Queued chunk: (13.0, 7.0) (distance: 16.40)
[22:02:12] TERRAIN: Queued chunk: (10.0, -16.0) (distance: 16.40)
[22:02:12] TERRAIN: Queued chunk: (-10.0, -16.0) (distance: 16.40)
[22:02:12] TERRAIN: Queued chunk: (10.0, 10.0) (distance: 16.40)
[22:02:12] TERRAIN: Queued chunk: (-13.0, -13.0) (distance: 16.40)
[22:02:12] TERRAIN: Queued chunk: (-13.0, 7.0) (distance: 16.40)
[22:02:12] TERRAIN: Queued chunk: (13.0, -13.0) (distance: 16.40)
[22:02:12] TERRAIN: Queued chunk: (-15.0, -10.0) (distance: 16.55)
[22:02:12] TERRAIN: Queued chunk: (-15.0, 4.0) (distance: 16.55)
[22:02:12] TERRAIN: Queued chunk: (15.0, -10.0) (distance: 16.55)
[22:02:12] TERRAIN: Queued chunk: (7.0, 12.0) (distance: 16.55)
[22:02:12] TERRAIN: Queued chunk: (15.0, 4.0) (distance: 16.55)
[22:02:12] TERRAIN: Queued chunk: (-7.0, -18.0) (distance: 16.55)
[22:02:12] TERRAIN: Queued chunk: (-7.0, 12.0) (distance: 16.55)
[22:02:12] TERRAIN: Queued chunk: (7.0, -18.0) (distance: 16.55)
[22:02:12] TERRAIN: Queued chunk: (14.0, -12.0) (distance: 16.64)
[22:02:12] TERRAIN: Queued chunk: (9.0, -17.0) (distance: 16.64)
[22:02:12] TERRAIN: Queued chunk: (9.0, 11.0) (distance: 16.64)
[22:02:12] TERRAIN: Queued chunk: (-9.0, -17.0) (distance: 16.64)
[22:02:12] TERRAIN: Queued chunk: (-14.0, -12.0) (distance: 16.64)
[22:02:12] TERRAIN: Queued chunk: (-14.0, 6.0) (distance: 16.64)
[22:02:12] TERRAIN: Queued chunk: (-9.0, 11.0) (distance: 16.64)
[22:02:12] TERRAIN: Queued chunk: (14.0, 6.0) (distance: 16.64)
[22:02:12] TERRAIN: Queued chunk: (-12.0, 9.0) (distance: 16.97)
[22:02:12] TERRAIN: Queued chunk: (12.0, -15.0) (distance: 16.97)
[22:02:12] TERRAIN: Queued chunk: (-12.0, -15.0) (distance: 16.97)
[22:02:12] TERRAIN: Queued chunk: (12.0, 9.0) (distance: 16.97)
[22:02:12] TERRAIN: Queued chunk: (15.0, -11.0) (distance: 17.00)
[22:02:12] TERRAIN: Queued chunk: (-8.0, -18.0) (distance: 17.00)
[22:02:12] TERRAIN: Queued chunk: (-15.0, 5.0) (distance: 17.00)
[22:02:12] TERRAIN: Queued chunk: (-15.0, -11.0) (distance: 17.00)
[22:02:12] TERRAIN: Queued chunk: (8.0, 12.0) (distance: 17.00)
[22:02:12] TERRAIN: Queued chunk: (15.0, 5.0) (distance: 17.00)
[22:02:12] TERRAIN: Queued chunk: (-8.0, 12.0) (distance: 17.00)
[22:02:12] TERRAIN: Queued chunk: (8.0, -18.0) (distance: 17.00)
[22:02:12] TERRAIN: Queued chunk: (-13.0, 8.0) (distance: 17.03)
[22:02:12] TERRAIN: Queued chunk: (11.0, -16.0) (distance: 17.03)
[22:02:12] TERRAIN: Queued chunk: (-13.0, -14.0) (distance: 17.03)
[22:02:12] TERRAIN: Queued chunk: (13.0, -14.0) (distance: 17.03)
[22:02:12] TERRAIN: Queued chunk: (-11.0, -16.0) (distance: 17.03)
[22:02:12] TERRAIN: Queued chunk: (13.0, 8.0) (distance: 17.03)
[22:02:12] TERRAIN: Queued chunk: (-11.0, 10.0) (distance: 17.03)
[22:02:12] TERRAIN: Queued chunk: (11.0, 10.0) (distance: 17.03)
[22:02:12] TERRAIN: Queued chunk: (14.0, 7.0) (distance: 17.20)
[22:02:12] TERRAIN: Queued chunk: (10.0, -17.0) (distance: 17.20)
[22:02:12] TERRAIN: Queued chunk: (-14.0, -13.0) (distance: 17.20)
[22:02:12] TERRAIN: Queued chunk: (-14.0, 7.0) (distance: 17.20)
[22:02:12] TERRAIN: Queued chunk: (-10.0, -17.0) (distance: 17.20)
[22:02:12] TERRAIN: Queued chunk: (10.0, 11.0) (distance: 17.20)
[22:02:12] TERRAIN: Queued chunk: (-10.0, 11.0) (distance: 17.20)
[22:02:12] TERRAIN: Queued chunk: (14.0, -13.0) (distance: 17.20)
[22:02:12] TERRAIN: Queued chunk: (15.0, -12.0) (distance: 17.49)
[22:02:12] TERRAIN: Queued chunk: (-15.0, -12.0) (distance: 17.49)
[22:02:12] TERRAIN: Queued chunk: (15.0, 6.0) (distance: 17.49)
[22:02:12] TERRAIN: Queued chunk: (-9.0, 12.0) (distance: 17.49)
[22:02:12] TERRAIN: Queued chunk: (9.0, 12.0) (distance: 17.49)
[22:02:12] TERRAIN: Queued chunk: (-15.0, 6.0) (distance: 17.49)
[22:02:12] TERRAIN: Queued chunk: (9.0, -18.0) (distance: 17.49)
[22:02:12] TERRAIN: Queued chunk: (-9.0, -18.0) (distance: 17.49)
[22:02:12] TERRAIN: Queued chunk: (12.0, -16.0) (distance: 17.69)
[22:02:12] TERRAIN: Queued chunk: (-12.0, 10.0) (distance: 17.69)
[22:02:12] TERRAIN: Queued chunk: (-12.0, -16.0) (distance: 17.69)
[22:02:12] TERRAIN: Queued chunk: (-13.0, 9.0) (distance: 17.69)
[22:02:12] TERRAIN: Queued chunk: (13.0, -15.0) (distance: 17.69)
[22:02:12] TERRAIN: Queued chunk: (-13.0, -15.0) (distance: 17.69)
[22:02:12] TERRAIN: Queued chunk: (12.0, 10.0) (distance: 17.69)
[22:02:12] TERRAIN: Queued chunk: (13.0, 9.0) (distance: 17.69)
[22:02:12] TERRAIN: Queued chunk: (14.0, -14.0) (distance: 17.80)
[22:02:12] TERRAIN: Queued chunk: (11.0, 11.0) (distance: 17.80)
[22:02:12] TERRAIN: Queued chunk: (11.0, -17.0) (distance: 17.80)
[22:02:12] TERRAIN: Queued chunk: (14.0, 8.0) (distance: 17.80)
[22:02:12] TERRAIN: Queued chunk: (-11.0, 11.0) (distance: 17.80)
[22:02:12] TERRAIN: Queued chunk: (-11.0, -17.0) (distance: 17.80)
[22:02:12] TERRAIN: Queued chunk: (-14.0, -14.0) (distance: 17.80)
[22:02:12] TERRAIN: Queued chunk: (-14.0, 8.0) (distance: 17.80)
[22:02:12] TERRAIN: Queued chunk: (10.0, 12.0) (distance: 18.03)
[22:02:12] TERRAIN: Queued chunk: (15.0, -13.0) (distance: 18.03)
[22:02:12] TERRAIN: Queued chunk: (10.0, -18.0) (distance: 18.03)
[22:02:12] TERRAIN: Queued chunk: (-10.0, 12.0) (distance: 18.03)
[22:02:12] TERRAIN: Queued chunk: (-10.0, -18.0) (distance: 18.03)
[22:02:12] TERRAIN: Queued chunk: (15.0, 7.0) (distance: 18.03)
[22:02:12] TERRAIN: Queued chunk: (-15.0, 7.0) (distance: 18.03)
[22:02:12] TERRAIN: Queued chunk: (-15.0, -13.0) (distance: 18.03)
[22:02:12] TERRAIN: Queued chunk: (13.0, 10.0) (distance: 18.38)
[22:02:12] TERRAIN: Queued chunk: (-13.0, -16.0) (distance: 18.38)
[22:02:12] TERRAIN: Queued chunk: (-13.0, 10.0) (distance: 18.38)
[22:02:12] TERRAIN: Queued chunk: (13.0, -16.0) (distance: 18.38)
[22:02:12] TERRAIN: Queued chunk: (14.0, 9.0) (distance: 18.44)
[22:02:12] TERRAIN: Queued chunk: (14.0, -15.0) (distance: 18.44)
[22:02:12] TERRAIN: Queued chunk: (-14.0, -15.0) (distance: 18.44)
[22:02:12] TERRAIN: Queued chunk: (-14.0, 9.0) (distance: 18.44)
[22:02:12] TERRAIN: Queued chunk: (-12.0, -17.0) (distance: 18.44)
[22:02:12] TERRAIN: Queued chunk: (-12.0, 11.0) (distance: 18.44)
[22:02:12] TERRAIN: Queued chunk: (12.0, 11.0) (distance: 18.44)
[22:02:12] TERRAIN: Queued chunk: (12.0, -17.0) (distance: 18.44)
[22:02:12] TERRAIN: Queued chunk: (15.0, -14.0) (distance: 18.60)
[22:02:12] TERRAIN: Queued chunk: (11.0, 12.0) (distance: 18.60)
[22:02:12] TERRAIN: Queued chunk: (11.0, -18.0) (distance: 18.60)
[22:02:12] TERRAIN: Queued chunk: (-11.0, 12.0) (distance: 18.60)
[22:02:12] TERRAIN: Queued chunk: (-11.0, -18.0) (distance: 18.60)
[22:02:12] TERRAIN: Queued chunk: (-15.0, 8.0) (distance: 18.60)
[22:02:12] TERRAIN: Queued chunk: (-15.0, -14.0) (distance: 18.60)
[22:02:12] TERRAIN: Queued chunk: (15.0, 8.0) (distance: 18.60)
[22:02:12] TERRAIN: Queued chunk: (14.0, -16.0) (distance: 19.10)
[22:02:12] TERRAIN: Queued chunk: (13.0, 11.0) (distance: 19.10)
[22:02:12] TERRAIN: Queued chunk: (13.0, -17.0) (distance: 19.10)
[22:02:12] TERRAIN: Queued chunk: (-13.0, 11.0) (distance: 19.10)
[22:02:12] TERRAIN: Queued chunk: (-13.0, -17.0) (distance: 19.10)
[22:02:12] TERRAIN: Queued chunk: (-14.0, 10.0) (distance: 19.10)
[22:02:12] TERRAIN: Queued chunk: (-14.0, -16.0) (distance: 19.10)
[22:02:12] TERRAIN: Queued chunk: (14.0, 10.0) (distance: 19.10)
[22:02:12] TERRAIN: Queued chunk: (15.0, -15.0) (distance: 19.21)
[22:02:12] TERRAIN: Queued chunk: (15.0, 9.0) (distance: 19.21)
[22:02:12] TERRAIN: Queued chunk: (-15.0, 9.0) (distance: 19.21)
[22:02:12] TERRAIN: Queued chunk: (-15.0, -15.0) (distance: 19.21)
[22:02:12] TERRAIN: Queued chunk: (12.0, 12.0) (distance: 19.21)
[22:02:12] TERRAIN: Queued chunk: (12.0, -18.0) (distance: 19.21)
[22:02:12] TERRAIN: Queued chunk: (-12.0, 12.0) (distance: 19.21)
[22:02:12] TERRAIN: Queued chunk: (-12.0, -18.0) (distance: 19.21)
[22:02:12] TERRAIN: Queued chunk: (-14.0, -17.0) (distance: 19.80)
[22:02:12] TERRAIN: Queued chunk: (-14.0, 11.0) (distance: 19.80)
[22:02:12] TERRAIN: Queued chunk: (14.0, 11.0) (distance: 19.80)
[22:02:12] TERRAIN: Queued chunk: (14.0, -17.0) (distance: 19.80)
[22:02:12] TERRAIN: Queued chunk: (-15.0, 10.0) (distance: 19.85)
[22:02:12] TERRAIN: Queued chunk: (-13.0, -18.0) (distance: 19.85)
[22:02:12] TERRAIN: Queued chunk: (-13.0, 12.0) (distance: 19.85)
[22:02:12] TERRAIN: Queued chunk: (13.0, -18.0) (distance: 19.85)
[22:02:12] TERRAIN: Queued chunk: (13.0, 12.0) (distance: 19.85)
[22:02:12] TERRAIN: Queued chunk: (-15.0, -16.0) (distance: 19.85)
[22:02:12] TERRAIN: Queued chunk: (15.0, 10.0) (distance: 19.85)
[22:02:12] TERRAIN: Queued chunk: (15.0, -16.0) (distance: 19.85)
[22:02:12] TERRAIN: Queued chunk: (-15.0, 11.0) (distance: 20.52)
[22:02:12] TERRAIN: Queued chunk: (-15.0, -17.0) (distance: 20.52)
[22:02:12] TERRAIN: Queued chunk: (15.0, 11.0) (distance: 20.52)
[22:02:12] TERRAIN: Queued chunk: (-14.0, -18.0) (distance: 20.52)
[22:02:12] TERRAIN: Queued chunk: (-14.0, 12.0) (distance: 20.52)
[22:02:12] TERRAIN: Queued chunk: (14.0, -18.0) (distance: 20.52)
[22:02:12] TERRAIN: Queued chunk: (14.0, 12.0) (distance: 20.52)
[22:02:12] TERRAIN: Queued chunk: (15.0, -17.0) (distance: 20.52)
[22:02:12] TERRAIN: Queued chunk: (15.0, 12.0) (distance: 21.21)
[22:02:12] TERRAIN: Queued chunk: (15.0, -18.0) (distance: 21.21)
[22:02:12] TERRAIN: Queued chunk: (-15.0, 12.0) (distance: 21.21)
[22:02:12] TERRAIN: Queued chunk: (-15.0, -18.0) (distance: 21.21)
[22:02:12] TERRAIN: Creating chunk: (1.0, -17.0) at distance 14.04
[22:02:12] TERRAIN: Chunk created successfully: (1.0, -17.0) (total chunks: 679)
[22:02:12] TERRAIN: Creating chunk: (-1.0, -17.0) at distance 14.04
[22:02:12] TERRAIN: Chunk created successfully: (-1.0, -17.0) (total chunks: 680)
[22:02:12] TERRAIN: Creating chunk: (2.0, -17.0) at distance 14.14
[22:02:12] TERRAIN: Chunk created successfully: (2.0, -17.0) (total chunks: 681)
[22:02:12] TERRAIN: Creating chunk: (-2.0, -17.0) at distance 14.14
[22:02:12] TERRAIN: Chunk created successfully: (-2.0, -17.0) (total chunks: 682)
[22:02:12] TERRAIN: Creating chunk: (6.0, -16.0) at distance 14.32
[22:02:12] TERRAIN: Chunk created successfully: (6.0, -16.0) (total chunks: 683)
[22:02:12] TERRAIN: Creating chunk: (-6.0, -16.0) at distance 14.32
[22:02:12] TERRAIN: Chunk created successfully: (-6.0, -16.0) (total chunks: 684)
[22:02:12] TERRAIN: Creating chunk: (3.0, -17.0) at distance 14.32
[22:02:12] TERRAIN: Chunk created successfully: (3.0, -17.0) (total chunks: 685)
[22:02:12] TERRAIN: Creating chunk: (-3.0, -17.0) at distance 14.32
[22:02:12] TERRAIN: Chunk created successfully: (-3.0, -17.0) (total chunks: 686)
[22:02:12] TERRAIN: Creating chunk: (-8.0, -15.0) at distance 14.42
[22:02:12] TERRAIN: Chunk created successfully: (-8.0, -15.0) (total chunks: 687)
[22:02:12] TERRAIN: Creating chunk: (8.0, -15.0) at distance 14.42
[22:02:12] TERRAIN: Chunk created successfully: (8.0, -15.0) (total chunks: 688)
[22:02:12] TERRAIN: Creating chunk: (4.0, -17.0) at distance 14.56
[22:02:12] TERRAIN: Chunk created successfully: (4.0, -17.0) (total chunks: 689)
[22:02:12] TERRAIN: Creating chunk: (-4.0, -17.0) at distance 14.56
[22:02:12] TERRAIN: Chunk created successfully: (-4.0, -17.0) (total chunks: 690)
[22:02:12] TERRAIN: Creating chunk: (7.0, -16.0) at distance 14.76
[22:02:12] TERRAIN: Chunk created successfully: (7.0, -16.0) (total chunks: 691)
[22:02:12] TERRAIN: Creating chunk: (13.0, -10.0) at distance 14.76
[22:02:12] TERRAIN: Chunk created successfully: (13.0, -10.0) (total chunks: 692)
[22:02:12] TERRAIN: Creating chunk: (-13.0, -10.0) at distance 14.76
[22:02:12] TERRAIN: Chunk created successfully: (-13.0, -10.0) (total chunks: 693)
[22:02:12] TERRAIN: Creating chunk: (-7.0, -16.0) at distance 14.76
[22:02:12] TERRAIN: Chunk created successfully: (-7.0, -16.0) (total chunks: 694)
[22:02:12] TERRAIN: Creating chunk: (10.0, -14.0) at distance 14.87
[22:02:12] TERRAIN: Chunk created successfully: (10.0, -14.0) (total chunks: 695)
[22:02:12] TERRAIN: Creating chunk: (-11.0, -13.0) at distance 14.87
[22:02:12] TERRAIN: Chunk created successfully: (-11.0, -13.0) (total chunks: 696)
[22:02:12] TERRAIN: Creating chunk: (-5.0, -17.0) at distance 14.87
[22:02:12] TERRAIN: Chunk created successfully: (-5.0, -17.0) (total chunks: 697)
[22:02:12] TERRAIN: Creating chunk: (11.0, -13.0) at distance 14.87
[22:02:12] TERRAIN: Chunk created successfully: (11.0, -13.0) (total chunks: 698)
[22:02:12] TERRAIN: Creating chunk: (14.0, -8.0) at distance 14.87
[22:02:12] TERRAIN: Chunk created successfully: (14.0, -8.0) (total chunks: 699)
[22:02:12] TERRAIN: Creating chunk: (-14.0, -8.0) at distance 14.87
[22:02:12] TERRAIN: Chunk created successfully: (-14.0, -8.0) (total chunks: 700)
[22:02:12] TERRAIN: Creating chunk: (5.0, -17.0) at distance 14.87
[22:02:12] TERRAIN: Chunk created successfully: (5.0, -17.0) (total chunks: 701)
[22:02:12] TERRAIN: Creating chunk: (-10.0, -14.0) at distance 14.87
[22:02:12] TERRAIN: Chunk created successfully: (-10.0, -14.0) (total chunks: 702)
[22:02:12] PLAYER: Pos: (2.226556, 0.00367, -64.50541) | Chunk: (0.0, -3.0) | TerrainHeight: 0.00 | HeightDiff: 0.00 | OnFloor: true
[22:02:12] PLAYER: CHUNK CHANGED: (0.0, -2.0) -> (0.0, -3.0)
[22:02:12] TERRAIN: Creating chunk: (0.0, -18.0) at distance 15.00
[22:02:12] TERRAIN: Chunk created successfully: (0.0, -18.0) (total chunks: 703)
[22:02:12] TERRAIN: Creating chunk: (-12.0, -12.0) at distance 15.00
[22:02:12] TERRAIN: Chunk created successfully: (-12.0, -12.0) (total chunks: 704)
[22:02:12] TERRAIN: Creating chunk: (15.0, -3.0) at distance 15.00
[22:02:12] TERRAIN: Chunk created successfully: (15.0, -3.0) (total chunks: 705)
[22:02:12] TERRAIN: Creating chunk: (-9.0, -15.0) at distance 15.00
[22:02:12] TERRAIN: Chunk created successfully: (-9.0, -15.0) (total chunks: 706)
[22:02:12] TERRAIN: Creating chunk: (12.0, -12.0) at distance 15.00
[22:02:12] TERRAIN: Chunk created successfully: (12.0, -12.0) (total chunks: 707)
[22:02:12] TERRAIN: Creating chunk: (-15.0, -3.0) at distance 15.00
[22:02:12] TERRAIN: Chunk created successfully: (-15.0, -3.0) (total chunks: 708)
[22:02:12] TERRAIN: Creating chunk: (9.0, -15.0) at distance 15.00
[22:02:12] TERRAIN: Chunk created successfully: (9.0, -15.0) (total chunks: 709)
[22:02:13] PLAYER: Pos: (4.006833, 0.005707, -69.00068) | Chunk: (0.0, -3.0) | TerrainHeight: 0.01 | HeightDiff: -0.00 | OnFloor: true
[22:02:14] PLAYER: Pos: (8.916585, 0.01004, -69.75022) | Chunk: (0.0, -3.0) | TerrainHeight: 0.01 | HeightDiff: 0.00 | OnFloor: true
[22:02:15] PLAYER: Pos: (13.916, 0.011795, -69.80638) | Chunk: (0.0, -3.0) | TerrainHeight: 0.01 | HeightDiff: -0.00 | OnFloor: true
[22:02:16] PLAYER: Pos: (17.91887, 0.018011, -70.59648) | Chunk: (0.0, -3.0) | TerrainHeight: 0.02 | HeightDiff: -0.00 | OnFloor: true
[22:02:17] PLAYER: Pos: (19.15481, 0.021797, -70.78326) | Chunk: (0.0, -3.0) | TerrainHeight: 0.02 | HeightDiff: -0.00 | OnFloor: true
[22:02:18] PLAYER: Pos: (18.99365, 0.023872, -70.05074) | Chunk: (0.0, -3.0) | TerrainHeight: 0.03 | HeightDiff: -0.00 | OnFloor: true
[22:02:19] PLAYER: Pos: (18.99365, 0.023872, -70.05074) | Chunk: (0.0, -3.0) | TerrainHeight: 0.03 | HeightDiff: -0.00 | OnFloor: true
[22:02:20] PLAYER: Pos: (18.61985, 0.025939, -69.40049) | Chunk: (0.0, -3.0) | TerrainHeight: 0.03 | HeightDiff: -0.00 | OnFloor: true
[22:02:21] PLAYER: Pos: (18.67416, 0.02467, -69.89752) | Chunk: (0.0, -3.0) | TerrainHeight: 0.03 | HeightDiff: -0.00 | OnFloor: true
[22:02:22] PLAYER: Pos: (18.40925, 0.003393, -74.80371) | Chunk: (0.0, -3.0) | TerrainHeight: 0.00 | HeightDiff: 0.00 | OnFloor: true
[22:02:23] PLAYER: Pos: (17.16626, -0.004908, -79.19172) | Chunk: (0.0, -3.0) | TerrainHeight: -0.01 | HeightDiff: 0.00 | OnFloor: true
[22:02:24] PLAYER: Pos: (16.39824, -0.011793, -84.13237) | Chunk: (0.0, -3.0) | TerrainHeight: -0.01 | HeightDiff: 0.00 | OnFloor: true
[22:02:25] PLAYER: Pos: (15.63021, -0.032495, -89.07302) | Chunk: (0.0, -3.0) | TerrainHeight: -0.03 | HeightDiff: 0.00 | OnFloor: true
[22:02:26] PLAYER: Pos: (13.60647, -0.028479, -93.39982) | Chunk: (0.0, -3.0) | TerrainHeight: -0.03 | HeightDiff: -0.00 | OnFloor: true
[22:02:27] TERRAIN: Player moved to new chunk: (0.0, -4.0) (was (0.0, -3.0))
[22:02:27] TERRAIN: Updating terrain for player chunk: (0.0, -4.0) (player pos: (12.53728, -0.02222, -96.02181))
[22:02:27] TERRAIN: Removing 31 distant chunks
[22:02:27] TERRAIN: Removing chunk: (-1.0, 11.0)
[22:02:27] TERRAIN: Removing chunk: (1.0, 11.0)
[22:02:27] TERRAIN: Removing chunk: (2.0, 11.0)
[22:02:27] TERRAIN: Removing chunk: (-2.0, 11.0)
[22:02:27] TERRAIN: Removing chunk: (3.0, 11.0)
[22:02:27] TERRAIN: Removing chunk: (-3.0, 11.0)
[22:02:27] TERRAIN: Removing chunk: (-6.0, 10.0)
[22:02:27] TERRAIN: Removing chunk: (6.0, 10.0)
[22:02:27] TERRAIN: Removing chunk: (-4.0, 11.0)
[22:02:27] TERRAIN: Removing chunk: (4.0, 11.0)
[22:02:27] TERRAIN: Removing chunk: (0.0, 12.0)
[22:02:27] TERRAIN: Removing chunk: (8.0, 9.0)
[22:02:27] TERRAIN: Removing chunk: (-8.0, 9.0)
[22:02:27] TERRAIN: Removing chunk: (-5.0, 11.0)
[22:02:27] TERRAIN: Removing chunk: (5.0, 11.0)
[22:02:27] TERRAIN: Removing chunk: (-7.0, 10.0)
[22:02:27] TERRAIN: Removing chunk: (7.0, 10.0)
[22:02:27] TERRAIN: Removing chunk: (9.0, 9.0)
[22:02:27] TERRAIN: Removing chunk: (-9.0, 9.0)
[22:02:27] TERRAIN: Removing chunk: (-10.0, 8.0)
[22:02:27] TERRAIN: Removing chunk: (10.0, 8.0)
[22:02:27] TERRAIN: Removing chunk: (-11.0, 7.0)
[22:02:27] TERRAIN: Removing chunk: (11.0, 7.0)
[22:02:27] TERRAIN: Removing chunk: (-12.0, 6.0)
[22:02:27] TERRAIN: Removing chunk: (12.0, 6.0)
[22:02:27] TERRAIN: Removing chunk: (13.0, 4.0)
[22:02:27] TERRAIN: Removing chunk: (-13.0, 4.0)
[22:02:27] TERRAIN: Removing chunk: (-14.0, 2.0)
[22:02:27] TERRAIN: Removing chunk: (14.0, 2.0)
[22:02:27] TERRAIN: Removing chunk: (15.0, -3.0)
[22:02:27] TERRAIN: Removing chunk: (-15.0, -3.0)
[22:02:27] TERRAIN: Queuing 283 new chunks for generation
[22:02:27] TERRAIN: Queued chunk: (1.0, -18.0) (distance: 14.04)
[22:02:27] TERRAIN: Queued chunk: (-1.0, -18.0) (distance: 14.04)
[22:02:27] TERRAIN: Queued chunk: (2.0, -18.0) (distance: 14.14)
[22:02:27] TERRAIN: Queued chunk: (-2.0, -18.0) (distance: 14.14)
[22:02:27] TERRAIN: Queued chunk: (6.0, -17.0) (distance: 14.32)
[22:02:27] TERRAIN: Queued chunk: (-6.0, -17.0) (distance: 14.32)
[22:02:27] TERRAIN: Queued chunk: (3.0, -18.0) (distance: 14.32)
[22:02:27] TERRAIN: Queued chunk: (-3.0, -18.0) (distance: 14.32)
[22:02:27] TERRAIN: Queued chunk: (-8.0, -16.0) (distance: 14.42)
[22:02:27] TERRAIN: Queued chunk: (8.0, -16.0) (distance: 14.42)
[22:02:27] TERRAIN: Queued chunk: (4.0, -18.0) (distance: 14.56)
[22:02:27] TERRAIN: Queued chunk: (-4.0, -18.0) (distance: 14.56)
[22:02:27] TERRAIN: Queued chunk: (7.0, -17.0) (distance: 14.76)
[22:02:27] TERRAIN: Queued chunk: (13.0, -11.0) (distance: 14.76)
[22:02:27] TERRAIN: Queued chunk: (-13.0, -11.0) (distance: 14.76)
[22:02:27] TERRAIN: Queued chunk: (-7.0, -17.0) (distance: 14.76)
[22:02:27] TERRAIN: Queued chunk: (10.0, -15.0) (distance: 14.87)
[22:02:27] TERRAIN: Queued chunk: (-11.0, -14.0) (distance: 14.87)
[22:02:27] TERRAIN: Queued chunk: (-5.0, -18.0) (distance: 14.87)
[22:02:27] TERRAIN: Queued chunk: (11.0, -14.0) (distance: 14.87)
[22:02:27] TERRAIN: Queued chunk: (14.0, -9.0) (distance: 14.87)
[22:02:27] TERRAIN: Queued chunk: (-14.0, -9.0) (distance: 14.87)
[22:02:27] TERRAIN: Queued chunk: (5.0, -18.0) (distance: 14.87)
[22:02:27] TERRAIN: Queued chunk: (-10.0, -15.0) (distance: 14.87)
[22:02:27] TERRAIN: Queued chunk: (0.0, -19.0) (distance: 15.00)
[22:02:27] TERRAIN: Queued chunk: (-12.0, -13.0) (distance: 15.00)
[22:02:27] TERRAIN: Queued chunk: (15.0, -4.0) (distance: 15.00)
[22:02:27] TERRAIN: Queued chunk: (-9.0, -16.0) (distance: 15.00)
[22:02:27] TERRAIN: Queued chunk: (12.0, -13.0) (distance: 15.00)
[22:02:27] TERRAIN: Queued chunk: (-15.0, -4.0) (distance: 15.00)
[22:02:27] TERRAIN: Queued chunk: (9.0, -16.0) (distance: 15.00)
[22:02:27] TERRAIN: Queued chunk: (15.0, -3.0) (distance: 15.03)
[22:02:27] TERRAIN: Queued chunk: (1.0, 11.0) (distance: 15.03)
[22:02:27] TERRAIN: Queued chunk: (-15.0, -3.0) (distance: 15.03)
[22:02:27] TERRAIN: Queued chunk: (1.0, -19.0) (distance: 15.03)
[22:02:27] TERRAIN: Queued chunk: (-1.0, 11.0) (distance: 15.03)
[22:02:27] TERRAIN: Queued chunk: (15.0, -5.0) (distance: 15.03)
[22:02:27] TERRAIN: Queued chunk: (-15.0, -5.0) (distance: 15.03)
[22:02:27] TERRAIN: Queued chunk: (-1.0, -19.0) (distance: 15.03)
[22:02:27] TERRAIN: Queued chunk: (15.0, -6.0) (distance: 15.13)
[22:02:27] TERRAIN: Queued chunk: (-2.0, 11.0) (distance: 15.13)
[22:02:27] TERRAIN: Queued chunk: (-15.0, -6.0) (distance: 15.13)
[22:02:27] TERRAIN: Queued chunk: (-2.0, -19.0) (distance: 15.13)
[22:02:27] TERRAIN: Queued chunk: (-15.0, -2.0) (distance: 15.13)
[22:02:27] TERRAIN: Queued chunk: (2.0, -19.0) (distance: 15.13)
[22:02:27] TERRAIN: Queued chunk: (2.0, 11.0) (distance: 15.13)
[22:02:27] TERRAIN: Queued chunk: (15.0, -2.0) (distance: 15.13)
[22:02:27] TERRAIN: Queued chunk: (14.0, 2.0) (distance: 15.23)
[22:02:27] TERRAIN: Queued chunk: (14.0, -10.0) (distance: 15.23)
[22:02:27] TERRAIN: Queued chunk: (-6.0, -18.0) (distance: 15.23)
[22:02:27] TERRAIN: Queued chunk: (-6.0, 10.0) (distance: 15.23)
[22:02:27] TERRAIN: Queued chunk: (6.0, 10.0) (distance: 15.23)
[22:02:27] TERRAIN: Queued chunk: (6.0, -18.0) (distance: 15.23)
[22:02:27] TERRAIN: Queued chunk: (-14.0, -10.0) (distance: 15.23)
[22:02:27] TERRAIN: Queued chunk: (-14.0, 2.0) (distance: 15.23)
[22:02:27] TERRAIN: Queued chunk: (8.0, -17.0) (distance: 15.26)
[22:02:27] TERRAIN: Queued chunk: (-8.0, -17.0) (distance: 15.26)
[22:02:27] TERRAIN: Queued chunk: (8.0, 9.0) (distance: 15.26)
[22:02:27] TERRAIN: Queued chunk: (-8.0, 9.0) (distance: 15.26)
[22:02:27] TERRAIN: Queued chunk: (13.0, -12.0) (distance: 15.26)
[22:02:27] TERRAIN: Queued chunk: (-13.0, 4.0) (distance: 15.26)
[22:02:27] TERRAIN: Queued chunk: (-13.0, -12.0) (distance: 15.26)
[22:02:27] TERRAIN: Queued chunk: (13.0, 4.0) (distance: 15.26)
[22:02:27] TERRAIN: Queued chunk: (3.0, 11.0) (distance: 15.30)
[22:02:27] TERRAIN: Queued chunk: (15.0, -1.0) (distance: 15.30)
[22:02:27] TERRAIN: Queued chunk: (15.0, -7.0) (distance: 15.30)
[22:02:27] TERRAIN: Queued chunk: (-3.0, -19.0) (distance: 15.30)
[22:02:27] TERRAIN: Queued chunk: (-15.0, -1.0) (distance: 15.30)
[22:02:27] TERRAIN: Queued chunk: (-3.0, 11.0) (distance: 15.30)
[22:02:27] TERRAIN: Queued chunk: (3.0, -19.0) (distance: 15.30)
[22:02:27] TERRAIN: Queued chunk: (-15.0, -7.0) (distance: 15.30)
[22:02:27] TERRAIN: Queued chunk: (15.0, -8.0) (distance: 15.52)
[22:02:27] TERRAIN: Queued chunk: (15.0, 0.0) (distance: 15.52)
[22:02:27] TERRAIN: Queued chunk: (-4.0, -19.0) (distance: 15.52)
[22:02:27] TERRAIN: Queued chunk: (-4.0, 11.0) (distance: 15.52)
[22:02:27] TERRAIN: Queued chunk: (-15.0, -8.0) (distance: 15.52)
[22:02:27] TERRAIN: Queued chunk: (-15.0, 0.0) (distance: 15.52)
[22:02:27] TERRAIN: Queued chunk: (4.0, 11.0) (distance: 15.52)
[22:02:27] TERRAIN: Queued chunk: (4.0, -19.0) (distance: 15.52)
[22:02:27] TERRAIN: Queued chunk: (11.0, 7.0) (distance: 15.56)
[22:02:27] TERRAIN: Queued chunk: (11.0, -15.0) (distance: 15.56)
[22:02:27] TERRAIN: Queued chunk: (-11.0, 7.0) (distance: 15.56)
[22:02:27] TERRAIN: Queued chunk: (-11.0, -15.0) (distance: 15.56)
[22:02:27] TERRAIN: Queued chunk: (-10.0, 8.0) (distance: 15.62)
[22:02:27] TERRAIN: Queued chunk: (10.0, -16.0) (distance: 15.62)
[22:02:27] TERRAIN: Queued chunk: (10.0, 8.0) (distance: 15.62)
[22:02:27] TERRAIN: Queued chunk: (-10.0, -16.0) (distance: 15.62)
[22:02:27] TERRAIN: Queued chunk: (12.0, 6.0) (distance: 15.62)
[22:02:27] TERRAIN: Queued chunk: (12.0, -14.0) (distance: 15.62)
[22:02:27] TERRAIN: Queued chunk: (-12.0, -14.0) (distance: 15.62)
[22:02:27] TERRAIN: Queued chunk: (-12.0, 6.0) (distance: 15.62)
[22:02:27] TERRAIN: Queued chunk: (-7.0, 10.0) (distance: 15.65)
[22:02:27] TERRAIN: Queued chunk: (-7.0, -18.0) (distance: 15.65)
[22:02:27] TERRAIN: Queued chunk: (14.0, -11.0) (distance: 15.65)
[22:02:27] TERRAIN: Queued chunk: (14.0, 3.0) (distance: 15.65)
[22:02:27] TERRAIN: Queued chunk: (-14.0, 3.0) (distance: 15.65)
[22:02:27] TERRAIN: Queued chunk: (-14.0, -11.0) (distance: 15.65)
[22:02:27] TERRAIN: Queued chunk: (7.0, -18.0) (distance: 15.65)
[22:02:27] TERRAIN: Queued chunk: (7.0, 10.0) (distance: 15.65)
[22:02:27] TERRAIN: Queued chunk: (-5.0, -19.0) (distance: 15.81)
[22:02:27] TERRAIN: Queued chunk: (-5.0, 11.0) (distance: 15.81)
[22:02:27] TERRAIN: Queued chunk: (15.0, -9.0) (distance: 15.81)
[22:02:27] TERRAIN: Queued chunk: (9.0, 9.0) (distance: 15.81)
[22:02:27] TERRAIN: Queued chunk: (5.0, -19.0) (distance: 15.81)
[22:02:27] TERRAIN: Queued chunk: (9.0, -17.0) (distance: 15.81)
[22:02:27] TERRAIN: Queued chunk: (5.0, 11.0) (distance: 15.81)
[22:02:27] TERRAIN: Queued chunk: (13.0, -13.0) (distance: 15.81)
[22:02:27] TERRAIN: Queued chunk: (-13.0, 5.0) (distance: 15.81)
[22:02:27] TERRAIN: Queued chunk: (-13.0, -13.0) (distance: 15.81)
[22:02:27] TERRAIN: Queued chunk: (13.0, 5.0) (distance: 15.81)
[22:02:27] TERRAIN: Queued chunk: (15.0, 1.0) (distance: 15.81)
[22:02:27] TERRAIN: Queued chunk: (-9.0, 9.0) (distance: 15.81)
[22:02:27] TERRAIN: Queued chunk: (-15.0, -9.0) (distance: 15.81)
[22:02:27] TERRAIN: Queued chunk: (-15.0, 1.0) (distance: 15.81)
[22:02:27] TERRAIN: Queued chunk: (-9.0, -17.0) (distance: 15.81)
[22:02:27] TERRAIN: Queued chunk: (-8.0, 10.0) (distance: 16.12)
[22:02:27] TERRAIN: Queued chunk: (8.0, -18.0) (distance: 16.12)
[22:02:27] TERRAIN: Queued chunk: (-8.0, -18.0) (distance: 16.12)
[22:02:27] TERRAIN: Queued chunk: (-14.0, -12.0) (distance: 16.12)
[22:02:27] TERRAIN: Queued chunk: (-14.0, 4.0) (distance: 16.12)
[22:02:27] TERRAIN: Queued chunk: (8.0, 10.0) (distance: 16.12)
[22:02:27] TERRAIN: Queued chunk: (14.0, 4.0) (distance: 16.12)
[22:02:27] TERRAIN: Queued chunk: (14.0, -12.0) (distance: 16.12)
[22:02:27] TERRAIN: Queued chunk: (15.0, 2.0) (distance: 16.16)
[22:02:27] TERRAIN: Queued chunk: (6.0, 11.0) (distance: 16.16)
[22:02:27] TERRAIN: Queued chunk: (6.0, -19.0) (distance: 16.16)
[22:02:27] TERRAIN: Queued chunk: (-15.0, 2.0) (distance: 16.16)
[22:02:27] TERRAIN: Queued chunk: (-15.0, -10.0) (distance: 16.16)
[22:02:27] TERRAIN: Queued chunk: (-6.0, 11.0) (distance: 16.16)
[22:02:27] TERRAIN: Queued chunk: (15.0, -10.0) (distance: 16.16)
[22:02:27] TERRAIN: Queued chunk: (-6.0, -19.0) (distance: 16.16)
[22:02:27] TERRAIN: Queued chunk: (11.0, -16.0) (distance: 16.28)
[22:02:27] TERRAIN: Queued chunk: (11.0, 8.0) (distance: 16.28)
[22:02:27] TERRAIN: Queued chunk: (12.0, 7.0) (distance: 16.28)
[22:02:27] TERRAIN: Queued chunk: (-12.0, -15.0) (distance: 16.28)
[22:02:27] TERRAIN: Queued chunk: (-12.0, 7.0) (distance: 16.28)
[22:02:27] TERRAIN: Queued chunk: (12.0, -15.0) (distance: 16.28)
[22:02:27] TERRAIN: Queued chunk: (-11.0, -16.0) (distance: 16.28)
[22:02:27] TERRAIN: Queued chunk: (-11.0, 8.0) (distance: 16.28)
[22:02:27] TERRAIN: Queued chunk: (-10.0, 9.0) (distance: 16.40)
[22:02:27] TERRAIN: Queued chunk: (13.0, 6.0) (distance: 16.40)
[22:02:27] TERRAIN: Queued chunk: (10.0, -17.0) (distance: 16.40)
[22:02:27] TERRAIN: Queued chunk: (-10.0, -17.0) (distance: 16.40)
[22:02:27] TERRAIN: Queued chunk: (10.0, 9.0) (distance: 16.40)
[22:02:27] TERRAIN: Queued chunk: (-13.0, -14.0) (distance: 16.40)
[22:02:27] TERRAIN: Queued chunk: (-13.0, 6.0) (distance: 16.40)
[22:02:27] TERRAIN: Queued chunk: (13.0, -14.0) (distance: 16.40)
[22:02:27] TERRAIN: Queued chunk: (-15.0, -11.0) (distance: 16.55)
[22:02:27] TERRAIN: Queued chunk: (-15.0, 3.0) (distance: 16.55)
[22:02:27] TERRAIN: Queued chunk: (15.0, -11.0) (distance: 16.55)
[22:02:27] TERRAIN: Queued chunk: (7.0, 11.0) (distance: 16.55)
[22:02:27] TERRAIN: Queued chunk: (15.0, 3.0) (distance: 16.55)
[22:02:27] TERRAIN: Queued chunk: (-7.0, -19.0) (distance: 16.55)
[22:02:27] TERRAIN: Queued chunk: (-7.0, 11.0) (distance: 16.55)
[22:02:27] TERRAIN: Queued chunk: (7.0, -19.0) (distance: 16.55)
[22:02:27] TERRAIN: Queued chunk: (14.0, -13.0) (distance: 16.64)
[22:02:27] TERRAIN: Queued chunk: (9.0, -18.0) (distance: 16.64)
[22:02:27] TERRAIN: Queued chunk: (9.0, 10.0) (distance: 16.64)
[22:02:27] TERRAIN: Queued chunk: (-9.0, -18.0) (distance: 16.64)
[22:02:27] TERRAIN: Queued chunk: (-14.0, -13.0) (distance: 16.64)
[22:02:27] TERRAIN: Queued chunk: (-14.0, 5.0) (distance: 16.64)
[22:02:27] TERRAIN: Queued chunk: (-9.0, 10.0) (distance: 16.64)
[22:02:27] TERRAIN: Queued chunk: (14.0, 5.0) (distance: 16.64)
[22:02:27] TERRAIN: Queued chunk: (-12.0, 8.0) (distance: 16.97)
[22:02:27] TERRAIN: Queued chunk: (12.0, -16.0) (distance: 16.97)
[22:02:27] TERRAIN: Queued chunk: (-12.0, -16.0) (distance: 16.97)
[22:02:27] TERRAIN: Queued chunk: (12.0, 8.0) (distance: 16.97)
[22:02:27] TERRAIN: Queued chunk: (15.0, -12.0) (distance: 17.00)
[22:02:27] TERRAIN: Queued chunk: (-8.0, -19.0) (distance: 17.00)
[22:02:27] TERRAIN: Queued chunk: (-15.0, 4.0) (distance: 17.00)
[22:02:27] TERRAIN: Queued chunk: (-15.0, -12.0) (distance: 17.00)
[22:02:27] TERRAIN: Queued chunk: (8.0, 11.0) (distance: 17.00)
[22:02:27] TERRAIN: Queued chunk: (15.0, 4.0) (distance: 17.00)
[22:02:27] TERRAIN: Queued chunk: (-8.0, 11.0) (distance: 17.00)
[22:02:27] TERRAIN: Queued chunk: (8.0, -19.0) (distance: 17.00)
[22:02:27] TERRAIN: Queued chunk: (-13.0, 7.0) (distance: 17.03)
[22:02:27] TERRAIN: Queued chunk: (11.0, -17.0) (distance: 17.03)
[22:02:27] TERRAIN: Queued chunk: (-13.0, -15.0) (distance: 17.03)
[22:02:27] TERRAIN: Queued chunk: (13.0, -15.0) (distance: 17.03)
[22:02:27] TERRAIN: Queued chunk: (-11.0, -17.0) (distance: 17.03)
[22:02:27] TERRAIN: Queued chunk: (13.0, 7.0) (distance: 17.03)
[22:02:27] TERRAIN: Queued chunk: (-11.0, 9.0) (distance: 17.03)
[22:02:27] TERRAIN: Queued chunk: (11.0, 9.0) (distance: 17.03)
[22:02:27] TERRAIN: Queued chunk: (14.0, 6.0) (distance: 17.20)
[22:02:27] TERRAIN: Queued chunk: (10.0, -18.0) (distance: 17.20)
[22:02:27] TERRAIN: Queued chunk: (-14.0, -14.0) (distance: 17.20)
[22:02:27] TERRAIN: Queued chunk: (-14.0, 6.0) (distance: 17.20)
[22:02:27] TERRAIN: Queued chunk: (-10.0, -18.0) (distance: 17.20)
[22:02:27] TERRAIN: Queued chunk: (10.0, 10.0) (distance: 17.20)
[22:02:27] TERRAIN: Queued chunk: (-10.0, 10.0) (distance: 17.20)
[22:02:27] TERRAIN: Queued chunk: (14.0, -14.0) (distance: 17.20)
[22:02:27] TERRAIN: Queued chunk: (15.0, -13.0) (distance: 17.49)
[22:02:27] TERRAIN: Queued chunk: (-15.0, -13.0) (distance: 17.49)
[22:02:27] TERRAIN: Queued chunk: (15.0, 5.0) (distance: 17.49)
[22:02:27] TERRAIN: Queued chunk: (-9.0, 11.0) (distance: 17.49)
[22:02:27] TERRAIN: Queued chunk: (9.0, 11.0) (distance: 17.49)
[22:02:27] TERRAIN: Queued chunk: (-15.0, 5.0) (distance: 17.49)
[22:02:27] TERRAIN: Queued chunk: (9.0, -19.0) (distance: 17.49)
[22:02:27] TERRAIN: Queued chunk: (-9.0, -19.0) (distance: 17.49)
[22:02:27] TERRAIN: Queued chunk: (12.0, -17.0) (distance: 17.69)
[22:02:27] TERRAIN: Queued chunk: (-12.0, 9.0) (distance: 17.69)
[22:02:27] TERRAIN: Queued chunk: (-12.0, -17.0) (distance: 17.69)
[22:02:27] TERRAIN: Queued chunk: (-13.0, 8.0) (distance: 17.69)
[22:02:27] TERRAIN: Queued chunk: (13.0, -16.0) (distance: 17.69)
[22:02:27] TERRAIN: Queued chunk: (-13.0, -16.0) (distance: 17.69)
[22:02:27] TERRAIN: Queued chunk: (12.0, 9.0) (distance: 17.69)
[22:02:27] TERRAIN: Queued chunk: (13.0, 8.0) (distance: 17.69)
[22:02:27] TERRAIN: Queued chunk: (14.0, -15.0) (distance: 17.80)
[22:02:27] TERRAIN: Queued chunk: (11.0, 10.0) (distance: 17.80)
[22:02:27] TERRAIN: Queued chunk: (11.0, -18.0) (distance: 17.80)
[22:02:27] TERRAIN: Queued chunk: (14.0, 7.0) (distance: 17.80)
[22:02:27] TERRAIN: Queued chunk: (-11.0, 10.0) (distance: 17.80)
[22:02:27] TERRAIN: Queued chunk: (-11.0, -18.0) (distance: 17.80)
[22:02:27] TERRAIN: Queued chunk: (-14.0, -15.0) (distance: 17.80)
[22:02:27] TERRAIN: Queued chunk: (-14.0, 7.0) (distance: 17.80)
[22:02:27] TERRAIN: Queued chunk: (10.0, 11.0) (distance: 18.03)
[22:02:27] TERRAIN: Queued chunk: (15.0, -14.0) (distance: 18.03)
[22:02:27] TERRAIN: Queued chunk: (10.0, -19.0) (distance: 18.03)
[22:02:27] TERRAIN: Queued chunk: (-10.0, 11.0) (distance: 18.03)
[22:02:27] TERRAIN: Queued chunk: (-10.0, -19.0) (distance: 18.03)
[22:02:27] TERRAIN: Queued chunk: (15.0, 6.0) (distance: 18.03)
[22:02:27] TERRAIN: Queued chunk: (-15.0, 6.0) (distance: 18.03)
[22:02:27] TERRAIN: Queued chunk: (-15.0, -14.0) (distance: 18.03)
[22:02:27] TERRAIN: Queued chunk: (13.0, 9.0) (distance: 18.38)
[22:02:27] TERRAIN: Queued chunk: (-13.0, -17.0) (distance: 18.38)
[22:02:27] TERRAIN: Queued chunk: (-13.0, 9.0) (distance: 18.38)
[22:02:27] TERRAIN: Queued chunk: (13.0, -17.0) (distance: 18.38)
[22:02:27] TERRAIN: Queued chunk: (14.0, 8.0) (distance: 18.44)
[22:02:27] TERRAIN: Queued chunk: (14.0, -16.0) (distance: 18.44)
[22:02:27] TERRAIN: Queued chunk: (-14.0, -16.0) (distance: 18.44)
[22:02:27] TERRAIN: Queued chunk: (-14.0, 8.0) (distance: 18.44)
[22:02:27] TERRAIN: Queued chunk: (-12.0, -18.0) (distance: 18.44)
[22:02:27] TERRAIN: Queued chunk: (-12.0, 10.0) (distance: 18.44)
[22:02:27] TERRAIN: Queued chunk: (12.0, 10.0) (distance: 18.44)
[22:02:27] TERRAIN: Queued chunk: (12.0, -18.0) (distance: 18.44)
[22:02:27] TERRAIN: Queued chunk: (15.0, -15.0) (distance: 18.60)
[22:02:27] TERRAIN: Queued chunk: (11.0, 11.0) (distance: 18.60)
[22:02:27] TERRAIN: Queued chunk: (11.0, -19.0) (distance: 18.60)
[22:02:27] TERRAIN: Queued chunk: (-11.0, 11.0) (distance: 18.60)
[22:02:27] TERRAIN: Queued chunk: (-11.0, -19.0) (distance: 18.60)
[22:02:27] TERRAIN: Queued chunk: (-15.0, 7.0) (distance: 18.60)
[22:02:27] TERRAIN: Queued chunk: (-15.0, -15.0) (distance: 18.60)
[22:02:27] TERRAIN: Queued chunk: (15.0, 7.0) (distance: 18.60)
[22:02:27] TERRAIN: Queued chunk: (14.0, -17.0) (distance: 19.10)
[22:02:27] TERRAIN: Queued chunk: (13.0, 10.0) (distance: 19.10)
[22:02:27] TERRAIN: Queued chunk: (13.0, -18.0) (distance: 19.10)
[22:02:27] TERRAIN: Queued chunk: (-13.0, 10.0) (distance: 19.10)
[22:02:27] TERRAIN: Queued chunk: (-13.0, -18.0) (distance: 19.10)
[22:02:27] TERRAIN: Queued chunk: (-14.0, 9.0) (distance: 19.10)
[22:02:27] TERRAIN: Queued chunk: (-14.0, -17.0) (distance: 19.10)
[22:02:27] TERRAIN: Queued chunk: (14.0, 9.0) (distance: 19.10)
[22:02:27] TERRAIN: Queued chunk: (15.0, -16.0) (distance: 19.21)
[22:02:27] TERRAIN: Queued chunk: (15.0, 8.0) (distance: 19.21)
[22:02:27] TERRAIN: Queued chunk: (-15.0, 8.0) (distance: 19.21)
[22:02:27] TERRAIN: Queued chunk: (-15.0, -16.0) (distance: 19.21)
[22:02:27] TERRAIN: Queued chunk: (12.0, 11.0) (distance: 19.21)
[22:02:27] TERRAIN: Queued chunk: (12.0, -19.0) (distance: 19.21)
[22:02:27] TERRAIN: Queued chunk: (-12.0, 11.0) (distance: 19.21)
[22:02:27] TERRAIN: Queued chunk: (-12.0, -19.0) (distance: 19.21)
[22:02:27] TERRAIN: Queued chunk: (-14.0, -18.0) (distance: 19.80)
[22:02:27] TERRAIN: Queued chunk: (-14.0, 10.0) (distance: 19.80)
[22:02:27] TERRAIN: Queued chunk: (14.0, 10.0) (distance: 19.80)
[22:02:27] TERRAIN: Queued chunk: (14.0, -18.0) (distance: 19.80)
[22:02:27] TERRAIN: Queued chunk: (-15.0, 9.0) (distance: 19.85)
[22:02:27] TERRAIN: Queued chunk: (-13.0, -19.0) (distance: 19.85)
[22:02:27] TERRAIN: Queued chunk: (-13.0, 11.0) (distance: 19.85)
[22:02:27] TERRAIN: Queued chunk: (13.0, -19.0) (distance: 19.85)
[22:02:27] TERRAIN: Queued chunk: (13.0, 11.0) (distance: 19.85)
[22:02:27] TERRAIN: Queued chunk: (-15.0, -17.0) (distance: 19.85)
[22:02:27] TERRAIN: Queued chunk: (15.0, 9.0) (distance: 19.85)
[22:02:27] TERRAIN: Queued chunk: (15.0, -17.0) (distance: 19.85)
[22:02:27] TERRAIN: Queued chunk: (-15.0, 10.0) (distance: 20.52)
[22:02:27] TERRAIN: Queued chunk: (-15.0, -18.0) (distance: 20.52)
[22:02:27] TERRAIN: Queued chunk: (15.0, 10.0) (distance: 20.52)
[22:02:27] TERRAIN: Queued chunk: (-14.0, -19.0) (distance: 20.52)
[22:02:27] TERRAIN: Queued chunk: (-14.0, 11.0) (distance: 20.52)
[22:02:27] TERRAIN: Queued chunk: (14.0, -19.0) (distance: 20.52)
[22:02:27] TERRAIN: Queued chunk: (14.0, 11.0) (distance: 20.52)
[22:02:27] TERRAIN: Queued chunk: (15.0, -18.0) (distance: 20.52)
[22:02:27] TERRAIN: Queued chunk: (15.0, 11.0) (distance: 21.21)
[22:02:27] TERRAIN: Queued chunk: (15.0, -19.0) (distance: 21.21)
[22:02:27] TERRAIN: Queued chunk: (-15.0, 11.0) (distance: 21.21)
[22:02:27] TERRAIN: Queued chunk: (-15.0, -19.0) (distance: 21.21)
[22:02:27] TERRAIN: Creating chunk: (1.0, -18.0) at distance 14.04
[22:02:27] TERRAIN: Chunk created successfully: (1.0, -18.0) (total chunks: 679)
[22:02:27] TERRAIN: Creating chunk: (-1.0, -18.0) at distance 14.04
[22:02:27] TERRAIN: Chunk created successfully: (-1.0, -18.0) (total chunks: 680)
[22:02:27] TERRAIN: Creating chunk: (2.0, -18.0) at distance 14.14
[22:02:27] TERRAIN: Chunk created successfully: (2.0, -18.0) (total chunks: 681)
[22:02:27] TERRAIN: Creating chunk: (-2.0, -18.0) at distance 14.14
[22:02:27] TERRAIN: Chunk created successfully: (-2.0, -18.0) (total chunks: 682)
[22:02:27] TERRAIN: Creating chunk: (6.0, -17.0) at distance 14.32
[22:02:27] TERRAIN: Chunk created successfully: (6.0, -17.0) (total chunks: 683)
[22:02:27] TERRAIN: Creating chunk: (-6.0, -17.0) at distance 14.32
[22:02:27] TERRAIN: Chunk created successfully: (-6.0, -17.0) (total chunks: 684)
[22:02:27] TERRAIN: Creating chunk: (3.0, -18.0) at distance 14.32
[22:02:27] TERRAIN: Chunk created successfully: (3.0, -18.0) (total chunks: 685)
[22:02:27] TERRAIN: Creating chunk: (-3.0, -18.0) at distance 14.32
[22:02:27] TERRAIN: Chunk created successfully: (-3.0, -18.0) (total chunks: 686)
[22:02:27] TERRAIN: Creating chunk: (-8.0, -16.0) at distance 14.42
[22:02:27] TERRAIN: Chunk created successfully: (-8.0, -16.0) (total chunks: 687)
[22:02:27] TERRAIN: Creating chunk: (8.0, -16.0) at distance 14.42
[22:02:27] TERRAIN: Chunk created successfully: (8.0, -16.0) (total chunks: 688)
[22:02:27] TERRAIN: Creating chunk: (4.0, -18.0) at distance 14.56
[22:02:27] TERRAIN: Chunk created successfully: (4.0, -18.0) (total chunks: 689)
[22:02:27] TERRAIN: Creating chunk: (-4.0, -18.0) at distance 14.56
[22:02:27] TERRAIN: Chunk created successfully: (-4.0, -18.0) (total chunks: 690)
[22:02:27] TERRAIN: Creating chunk: (7.0, -17.0) at distance 14.76
[22:02:27] TERRAIN: Chunk created successfully: (7.0, -17.0) (total chunks: 691)
[22:02:27] TERRAIN: Creating chunk: (13.0, -11.0) at distance 14.76
[22:02:27] TERRAIN: Chunk created successfully: (13.0, -11.0) (total chunks: 692)
[22:02:27] TERRAIN: Creating chunk: (-13.0, -11.0) at distance 14.76
[22:02:27] TERRAIN: Chunk created successfully: (-13.0, -11.0) (total chunks: 693)
[22:02:27] TERRAIN: Creating chunk: (-7.0, -17.0) at distance 14.76
[22:02:27] TERRAIN: Chunk created successfully: (-7.0, -17.0) (total chunks: 694)
[22:02:27] TERRAIN: Creating chunk: (10.0, -15.0) at distance 14.87
[22:02:27] TERRAIN: Chunk created successfully: (10.0, -15.0) (total chunks: 695)
[22:02:27] TERRAIN: Creating chunk: (-11.0, -14.0) at distance 14.87
[22:02:27] TERRAIN: Chunk created successfully: (-11.0, -14.0) (total chunks: 696)
[22:02:27] TERRAIN: Creating chunk: (-5.0, -18.0) at distance 14.87
[22:02:27] TERRAIN: Chunk created successfully: (-5.0, -18.0) (total chunks: 697)
[22:02:27] TERRAIN: Creating chunk: (11.0, -14.0) at distance 14.87
[22:02:27] TERRAIN: Chunk created successfully: (11.0, -14.0) (total chunks: 698)
[22:02:27] TERRAIN: Creating chunk: (14.0, -9.0) at distance 14.87
[22:02:27] TERRAIN: Chunk created successfully: (14.0, -9.0) (total chunks: 699)
[22:02:27] TERRAIN: Creating chunk: (-14.0, -9.0) at distance 14.87
[22:02:27] TERRAIN: Chunk created successfully: (-14.0, -9.0) (total chunks: 700)
[22:02:27] TERRAIN: Creating chunk: (5.0, -18.0) at distance 14.87
[22:02:27] TERRAIN: Chunk created successfully: (5.0, -18.0) (total chunks: 701)
[22:02:27] TERRAIN: Creating chunk: (-10.0, -15.0) at distance 14.87
[22:02:27] TERRAIN: Chunk created successfully: (-10.0, -15.0) (total chunks: 702)
[22:02:27] TERRAIN: Creating chunk: (0.0, -19.0) at distance 15.00
[22:02:27] TERRAIN: Chunk created successfully: (0.0, -19.0) (total chunks: 703)
[22:02:27] TERRAIN: Creating chunk: (-12.0, -13.0) at distance 15.00
[22:02:27] TERRAIN: Chunk created successfully: (-12.0, -13.0) (total chunks: 704)
[22:02:27] TERRAIN: Creating chunk: (15.0, -4.0) at distance 15.00
[22:02:27] TERRAIN: Chunk created successfully: (15.0, -4.0) (total chunks: 705)
[22:02:27] TERRAIN: Creating chunk: (-9.0, -16.0) at distance 15.00
[22:02:27] TERRAIN: Chunk created successfully: (-9.0, -16.0) (total chunks: 706)
[22:02:27] TERRAIN: Creating chunk: (12.0, -13.0) at distance 15.00
[22:02:27] TERRAIN: Chunk created successfully: (12.0, -13.0) (total chunks: 707)
[22:02:27] TERRAIN: Creating chunk: (-15.0, -4.0) at distance 15.00
[22:02:27] TERRAIN: Chunk created successfully: (-15.0, -4.0) (total chunks: 708)
[22:02:27] TERRAIN: Creating chunk: (9.0, -16.0) at distance 15.00
[22:02:27] TERRAIN: Chunk created successfully: (9.0, -16.0) (total chunks: 709)
[22:02:27] PLAYER: Pos: (12.41261, -0.700332, -98.01886) | Chunk: (0.0, -4.0) | TerrainHeight: -0.02 | HeightDiff: -0.68 | OnFloor: false
[22:02:27] PLAYER: CHUNK CHANGED: (0.0, -3.0) -> (0.0, -4.0)
[22:02:28] PLAYER: Pos: (11.97343, -8.948664, -102.9883) | Chunk: (0.0, -4.0) | TerrainHeight: -0.02 | HeightDiff: -8.93 | OnFloor: false
[22:02:28] ERROR: PLAYER FALLING THROUGH TERRAIN! Height diff: -8.93
[22:02:28] WARNING: Player falling fast! Velocity Y: -13.07
[22:02:29] PLAYER: Pos: (15.21888, -26.99699, -104.5779) | Chunk: (0.0, -4.0) | TerrainHeight: -0.02 | HeightDiff: -26.98 | OnFloor: false
[22:02:29] ERROR: PLAYER FALLING THROUGH TERRAIN! Height diff: -26.98
[22:02:29] WARNING: Player falling fast! Velocity Y: -22.87
[22:02:30] PLAYER: Pos: (15.37137, -54.84535, -102.4487) | Chunk: (0.0, -4.0) | TerrainHeight: -0.02 | HeightDiff: -54.83 | OnFloor: false
[22:02:30] ERROR: PLAYER FALLING THROUGH TERRAIN! Height diff: -54.83
[22:02:30] WARNING: Player falling fast! Velocity Y: -32.67
[22:02:31] PLAYER: Pos: (17.92424, -92.49374, -101.038) | Chunk: (0.0, -4.0) | TerrainHeight: -0.02 | HeightDiff: -92.48 | OnFloor: false
[22:02:31] ERROR: PLAYER FALLING THROUGH TERRAIN! Height diff: -92.48
[22:02:31] WARNING: Player falling fast! Velocity Y: -42.47
[22:02:32] PLAYER: Pos: (17.92424, -139.9422, -101.038) | Chunk: (0.0, -4.0) | TerrainHeight: -0.02 | HeightDiff: -139.93 | OnFloor: false
[22:02:32] ERROR: PLAYER FALLING THROUGH TERRAIN! Height diff: -139.93
[22:02:32] WARNING: Player falling fast! Velocity Y: -52.27
[22:02:33] PLAYER: Pos: (17.92424, -197.1906, -101.038) | Chunk: (0.0, -4.0) | TerrainHeight: -0.02 | HeightDiff: -197.17 | OnFloor: false
[22:02:33] ERROR: PLAYER FALLING THROUGH TERRAIN! Height diff: -197.17
[22:02:33] WARNING: Player falling fast! Velocity Y: -62.07
[22:02:34] INFO: === DEBUG SESSION ENDED ===
