[22:22:04] INFO: === DEBUG SESSION STARTED ===
[22:22:04] INFO: Timestamp: 20250816_222204
[22:22:04] INFO: Godot Version: { "major": 4, "minor": 4, "patch": 0, "hex": 263168, "status": "stable", "build": "official", "hash": "4c311cbee68c0b66ff8ebb8b0defdd9979dd2a41", "timestamp": 0, "string": "4.4-stable (official)" }
[22:22:04] TERRAIN: Updating terrain for player chunk: (0.0, 0.0) (player pos: (0.0, 1.902, 0.0))
[22:22:04] TERRAIN: Queuing 709 new chunks for generation
[22:22:04] TERRAIN: Queued chunk: (0.0, 0.0) (distance: 0.00)
[22:22:04] TERRAIN: Queued chunk: (0.0, -1.0) (distance: 1.00)
[22:22:04] TERRAIN: Queued chunk: (-1.0, 0.0) (distance: 1.00)
[22:22:04] TERRAIN: Queued chunk: (0.0, 1.0) (distance: 1.00)
[22:22:04] TERRAIN: Queued chunk: (1.0, 0.0) (distance: 1.00)
[22:22:04] TERRAIN: Queued chunk: (-1.0, 1.0) (distance: 1.41)
[22:22:04] TERRAIN: Queued chunk: (-1.0, -1.0) (distance: 1.41)
[22:22:04] TERRAIN: Queued chunk: (1.0, 1.0) (distance: 1.41)
[22:22:04] TERRAIN: Queued chunk: (1.0, -1.0) (distance: 1.41)
[22:22:04] TERRAIN: Queued chunk: (0.0, -2.0) (distance: 2.00)
[22:22:04] TERRAIN: Queued chunk: (0.0, 2.0) (distance: 2.00)
[22:22:04] TERRAIN: Queued chunk: (-2.0, 0.0) (distance: 2.00)
[22:22:04] TERRAIN: Queued chunk: (2.0, 0.0) (distance: 2.00)
[22:22:04] TERRAIN: Queued chunk: (-2.0, 1.0) (distance: 2.24)
[22:22:04] TERRAIN: Queued chunk: (-2.0, -1.0) (distance: 2.24)
[22:22:04] TERRAIN: Queued chunk: (1.0, 2.0) (distance: 2.24)
[22:22:04] TERRAIN: Queued chunk: (1.0, -2.0) (distance: 2.24)
[22:22:04] TERRAIN: Queued chunk: (-1.0, 2.0) (distance: 2.24)
[22:22:04] TERRAIN: Queued chunk: (2.0, 1.0) (distance: 2.24)
[22:22:04] TERRAIN: Queued chunk: (2.0, -1.0) (distance: 2.24)
[22:22:04] TERRAIN: Queued chunk: (-1.0, -2.0) (distance: 2.24)
[22:22:04] TERRAIN: Queued chunk: (2.0, 2.0) (distance: 2.83)
[22:22:04] TERRAIN: Queued chunk: (2.0, -2.0) (distance: 2.83)
[22:22:04] TERRAIN: Queued chunk: (-2.0, -2.0) (distance: 2.83)
[22:22:04] TERRAIN: Queued chunk: (-2.0, 2.0) (distance: 2.83)
[22:22:04] TERRAIN: Queued chunk: (0.0, -3.0) (distance: 3.00)
[22:22:04] TERRAIN: Queued chunk: (0.0, 3.0) (distance: 3.00)
[22:22:04] TERRAIN: Queued chunk: (3.0, 0.0) (distance: 3.00)
[22:22:04] TERRAIN: Queued chunk: (-3.0, 0.0) (distance: 3.00)
[22:22:04] TERRAIN: Queued chunk: (1.0, 3.0) (distance: 3.16)
[22:22:04] TERRAIN: Queued chunk: (-1.0, -3.0) (distance: 3.16)
[22:22:04] TERRAIN: Queued chunk: (-3.0, -1.0) (distance: 3.16)
[22:22:04] TERRAIN: Queued chunk: (3.0, -1.0) (distance: 3.16)
[22:22:04] TERRAIN: Queued chunk: (3.0, 1.0) (distance: 3.16)
[22:22:04] TERRAIN: Queued chunk: (-3.0, 1.0) (distance: 3.16)
[22:22:04] TERRAIN: Queued chunk: (1.0, -3.0) (distance: 3.16)
[22:22:04] TERRAIN: Queued chunk: (-1.0, 3.0) (distance: 3.16)
[22:22:04] TERRAIN: Queued chunk: (-3.0, -2.0) (distance: 3.61)
[22:22:04] TERRAIN: Queued chunk: (-3.0, 2.0) (distance: 3.61)
[22:22:04] TERRAIN: Queued chunk: (2.0, -3.0) (distance: 3.61)
[22:22:04] TERRAIN: Queued chunk: (2.0, 3.0) (distance: 3.61)
[22:22:04] TERRAIN: Queued chunk: (-2.0, -3.0) (distance: 3.61)
[22:22:04] TERRAIN: Queued chunk: (3.0, 2.0) (distance: 3.61)
[22:22:04] TERRAIN: Queued chunk: (-2.0, 3.0) (distance: 3.61)
[22:22:04] TERRAIN: Queued chunk: (3.0, -2.0) (distance: 3.61)
[22:22:04] TERRAIN: Queued chunk: (4.0, 0.0) (distance: 4.00)
[22:22:04] TERRAIN: Queued chunk: (0.0, -4.0) (distance: 4.00)
[22:22:04] TERRAIN: Queued chunk: (0.0, 4.0) (distance: 4.00)
[22:22:04] TERRAIN: Queued chunk: (-4.0, 0.0) (distance: 4.00)
[22:22:04] TERRAIN: Queued chunk: (1.0, -4.0) (distance: 4.12)
[22:22:04] TERRAIN: Queued chunk: (-1.0, 4.0) (distance: 4.12)
[22:22:04] TERRAIN: Queued chunk: (1.0, 4.0) (distance: 4.12)
[22:22:04] TERRAIN: Queued chunk: (-4.0, -1.0) (distance: 4.12)
[22:22:04] TERRAIN: Queued chunk: (-1.0, -4.0) (distance: 4.12)
[22:22:04] TERRAIN: Queued chunk: (-4.0, 1.0) (distance: 4.12)
[22:22:04] TERRAIN: Queued chunk: (4.0, -1.0) (distance: 4.12)
[22:22:04] TERRAIN: Queued chunk: (4.0, 1.0) (distance: 4.12)
[22:22:04] TERRAIN: Queued chunk: (3.0, -3.0) (distance: 4.24)
[22:22:04] TERRAIN: Queued chunk: (3.0, 3.0) (distance: 4.24)
[22:22:04] TERRAIN: Queued chunk: (-3.0, -3.0) (distance: 4.24)
[22:22:04] TERRAIN: Queued chunk: (-3.0, 3.0) (distance: 4.24)
[22:22:04] TERRAIN: Queued chunk: (-4.0, -2.0) (distance: 4.47)
[22:22:04] TERRAIN: Queued chunk: (-4.0, 2.0) (distance: 4.47)
[22:22:04] TERRAIN: Queued chunk: (4.0, 2.0) (distance: 4.47)
[22:22:04] TERRAIN: Queued chunk: (4.0, -2.0) (distance: 4.47)
[22:22:04] TERRAIN: Queued chunk: (-2.0, -4.0) (distance: 4.47)
[22:22:04] TERRAIN: Queued chunk: (-2.0, 4.0) (distance: 4.47)
[22:22:04] TERRAIN: Queued chunk: (2.0, 4.0) (distance: 4.47)
[22:22:04] TERRAIN: Queued chunk: (2.0, -4.0) (distance: 4.47)
[22:22:04] TERRAIN: Queued chunk: (0.0, -5.0) (distance: 5.00)
[22:22:04] TERRAIN: Queued chunk: (-3.0, 4.0) (distance: 5.00)
[22:22:04] TERRAIN: Queued chunk: (-3.0, -4.0) (distance: 5.00)
[22:22:04] TERRAIN: Queued chunk: (-4.0, 3.0) (distance: 5.00)
[22:22:04] TERRAIN: Queued chunk: (-4.0, -3.0) (distance: 5.00)
[22:22:04] TERRAIN: Queued chunk: (3.0, -4.0) (distance: 5.00)
[22:22:04] TERRAIN: Queued chunk: (3.0, 4.0) (distance: 5.00)
[22:22:04] TERRAIN: Queued chunk: (-5.0, 0.0) (distance: 5.00)
[22:22:04] TERRAIN: Queued chunk: (5.0, 0.0) (distance: 5.00)
[22:22:04] TERRAIN: Queued chunk: (0.0, 5.0) (distance: 5.00)
[22:22:04] TERRAIN: Queued chunk: (4.0, -3.0) (distance: 5.00)
[22:22:04] TERRAIN: Queued chunk: (4.0, 3.0) (distance: 5.00)
[22:22:04] TERRAIN: Queued chunk: (5.0, 1.0) (distance: 5.10)
[22:22:04] TERRAIN: Queued chunk: (-1.0, 5.0) (distance: 5.10)
[22:22:04] TERRAIN: Queued chunk: (-5.0, -1.0) (distance: 5.10)
[22:22:04] TERRAIN: Queued chunk: (1.0, -5.0) (distance: 5.10)
[22:22:04] TERRAIN: Queued chunk: (1.0, 5.0) (distance: 5.10)
[22:22:04] TERRAIN: Queued chunk: (5.0, -1.0) (distance: 5.10)
[22:22:04] TERRAIN: Queued chunk: (-5.0, 1.0) (distance: 5.10)
[22:22:04] TERRAIN: Queued chunk: (-1.0, -5.0) (distance: 5.10)
[22:22:04] TERRAIN: Queued chunk: (-5.0, 2.0) (distance: 5.39)
[22:22:04] TERRAIN: Queued chunk: (5.0, -2.0) (distance: 5.39)
[22:22:04] TERRAIN: Queued chunk: (-2.0, 5.0) (distance: 5.39)
[22:22:04] TERRAIN: Queued chunk: (2.0, 5.0) (distance: 5.39)
[22:22:04] TERRAIN: Queued chunk: (2.0, -5.0) (distance: 5.39)
[22:22:04] TERRAIN: Queued chunk: (-2.0, -5.0) (distance: 5.39)
[22:22:04] TERRAIN: Queued chunk: (-5.0, -2.0) (distance: 5.39)
[22:22:04] TERRAIN: Queued chunk: (5.0, 2.0) (distance: 5.39)
[22:22:04] TERRAIN: Queued chunk: (4.0, 4.0) (distance: 5.66)
[22:22:04] TERRAIN: Queued chunk: (4.0, -4.0) (distance: 5.66)
[22:22:04] TERRAIN: Queued chunk: (-4.0, -4.0) (distance: 5.66)
[22:22:04] TERRAIN: Queued chunk: (-4.0, 4.0) (distance: 5.66)
[22:22:04] TERRAIN: Queued chunk: (3.0, -5.0) (distance: 5.83)
[22:22:04] TERRAIN: Queued chunk: (-3.0, -5.0) (distance: 5.83)
[22:22:04] TERRAIN: Queued chunk: (3.0, 5.0) (distance: 5.83)
[22:22:04] TERRAIN: Queued chunk: (5.0, -3.0) (distance: 5.83)
[22:22:04] TERRAIN: Queued chunk: (-5.0, 3.0) (distance: 5.83)
[22:22:04] TERRAIN: Queued chunk: (-3.0, 5.0) (distance: 5.83)
[22:22:04] TERRAIN: Queued chunk: (5.0, 3.0) (distance: 5.83)
[22:22:04] TERRAIN: Queued chunk: (-5.0, -3.0) (distance: 5.83)
[22:22:04] TERRAIN: Queued chunk: (-6.0, 0.0) (distance: 6.00)
[22:22:04] TERRAIN: Queued chunk: (6.0, 0.0) (distance: 6.00)
[22:22:04] TERRAIN: Queued chunk: (0.0, -6.0) (distance: 6.00)
[22:22:04] TERRAIN: Queued chunk: (0.0, 6.0) (distance: 6.00)
[22:22:04] TERRAIN: Queued chunk: (6.0, -1.0) (distance: 6.08)
[22:22:04] TERRAIN: Queued chunk: (-6.0, 1.0) (distance: 6.08)
[22:22:04] TERRAIN: Queued chunk: (-1.0, 6.0) (distance: 6.08)
[22:22:04] TERRAIN: Queued chunk: (1.0, -6.0) (distance: 6.08)
[22:22:04] TERRAIN: Queued chunk: (1.0, 6.0) (distance: 6.08)
[22:22:04] TERRAIN: Queued chunk: (-1.0, -6.0) (distance: 6.08)
[22:22:04] TERRAIN: Queued chunk: (-6.0, -1.0) (distance: 6.08)
[22:22:04] TERRAIN: Queued chunk: (6.0, 1.0) (distance: 6.08)
[22:22:04] TERRAIN: Queued chunk: (-2.0, 6.0) (distance: 6.32)
[22:22:04] TERRAIN: Queued chunk: (6.0, -2.0) (distance: 6.32)
[22:22:04] TERRAIN: Queued chunk: (6.0, 2.0) (distance: 6.32)
[22:22:04] TERRAIN: Queued chunk: (2.0, 6.0) (distance: 6.32)
[22:22:04] TERRAIN: Queued chunk: (2.0, -6.0) (distance: 6.32)
[22:22:04] TERRAIN: Queued chunk: (-2.0, -6.0) (distance: 6.32)
[22:22:04] TERRAIN: Queued chunk: (-6.0, -2.0) (distance: 6.32)
[22:22:04] TERRAIN: Queued chunk: (-6.0, 2.0) (distance: 6.32)
[22:22:04] TERRAIN: Queued chunk: (-4.0, -5.0) (distance: 6.40)
[22:22:04] TERRAIN: Queued chunk: (-5.0, 4.0) (distance: 6.40)
[22:22:04] TERRAIN: Queued chunk: (-5.0, -4.0) (distance: 6.40)
[22:22:04] TERRAIN: Queued chunk: (-4.0, 5.0) (distance: 6.40)
[22:22:04] TERRAIN: Queued chunk: (4.0, -5.0) (distance: 6.40)
[22:22:04] TERRAIN: Queued chunk: (4.0, 5.0) (distance: 6.40)
[22:22:04] TERRAIN: Queued chunk: (5.0, -4.0) (distance: 6.40)
[22:22:04] TERRAIN: Queued chunk: (5.0, 4.0) (distance: 6.40)
[22:22:04] TERRAIN: Queued chunk: (-3.0, -6.0) (distance: 6.71)
[22:22:04] TERRAIN: Queued chunk: (-3.0, 6.0) (distance: 6.71)
[22:22:04] TERRAIN: Queued chunk: (6.0, -3.0) (distance: 6.71)
[22:22:04] TERRAIN: Queued chunk: (6.0, 3.0) (distance: 6.71)
[22:22:04] TERRAIN: Queued chunk: (-6.0, 3.0) (distance: 6.71)
[22:22:04] TERRAIN: Queued chunk: (3.0, -6.0) (distance: 6.71)
[22:22:04] TERRAIN: Queued chunk: (3.0, 6.0) (distance: 6.71)
[22:22:04] TERRAIN: Queued chunk: (-6.0, -3.0) (distance: 6.71)
[22:22:04] TERRAIN: Queued chunk: (-7.0, 0.0) (distance: 7.00)
[22:22:04] TERRAIN: Queued chunk: (0.0, -7.0) (distance: 7.00)
[22:22:04] TERRAIN: Queued chunk: (0.0, 7.0) (distance: 7.00)
[22:22:04] TERRAIN: Queued chunk: (7.0, 0.0) (distance: 7.00)
[22:22:04] TERRAIN: Queued chunk: (-5.0, -5.0) (distance: 7.07)
[22:22:04] TERRAIN: Queued chunk: (-5.0, 5.0) (distance: 7.07)
[22:22:04] TERRAIN: Queued chunk: (-1.0, -7.0) (distance: 7.07)
[22:22:04] TERRAIN: Queued chunk: (-1.0, 7.0) (distance: 7.07)
[22:22:04] TERRAIN: Queued chunk: (1.0, -7.0) (distance: 7.07)
[22:22:04] TERRAIN: Queued chunk: (1.0, 7.0) (distance: 7.07)
[22:22:04] TERRAIN: Queued chunk: (5.0, -5.0) (distance: 7.07)
[22:22:04] TERRAIN: Queued chunk: (5.0, 5.0) (distance: 7.07)
[22:22:04] TERRAIN: Queued chunk: (7.0, 1.0) (distance: 7.07)
[22:22:04] TERRAIN: Queued chunk: (7.0, -1.0) (distance: 7.07)
[22:22:04] TERRAIN: Queued chunk: (-7.0, 1.0) (distance: 7.07)
[22:22:04] TERRAIN: Queued chunk: (-7.0, -1.0) (distance: 7.07)
[22:22:04] TERRAIN: Queued chunk: (-4.0, 6.0) (distance: 7.21)
[22:22:04] TERRAIN: Queued chunk: (4.0, -6.0) (distance: 7.21)
[22:22:04] TERRAIN: Queued chunk: (-6.0, 4.0) (distance: 7.21)
[22:22:04] TERRAIN: Queued chunk: (-6.0, -4.0) (distance: 7.21)
[22:22:04] TERRAIN: Queued chunk: (4.0, 6.0) (distance: 7.21)
[22:22:04] TERRAIN: Queued chunk: (6.0, 4.0) (distance: 7.21)
[22:22:04] TERRAIN: Queued chunk: (6.0, -4.0) (distance: 7.21)
[22:22:04] TERRAIN: Queued chunk: (-4.0, -6.0) (distance: 7.21)
[22:22:04] TERRAIN: Queued chunk: (-7.0, 2.0) (distance: 7.28)
[22:22:04] TERRAIN: Queued chunk: (2.0, -7.0) (distance: 7.28)
[22:22:04] TERRAIN: Queued chunk: (-7.0, -2.0) (distance: 7.28)
[22:22:04] TERRAIN: Queued chunk: (-2.0, -7.0) (distance: 7.28)
[22:22:04] TERRAIN: Queued chunk: (7.0, 2.0) (distance: 7.28)
[22:22:04] TERRAIN: Queued chunk: (-2.0, 7.0) (distance: 7.28)
[22:22:04] TERRAIN: Queued chunk: (7.0, -2.0) (distance: 7.28)
[22:22:04] TERRAIN: Queued chunk: (2.0, 7.0) (distance: 7.28)
[22:22:04] TERRAIN: Queued chunk: (-7.0, -3.0) (distance: 7.62)
[22:22:04] TERRAIN: Queued chunk: (-3.0, -7.0) (distance: 7.62)
[22:22:04] TERRAIN: Queued chunk: (-7.0, 3.0) (distance: 7.62)
[22:22:04] TERRAIN: Queued chunk: (-3.0, 7.0) (distance: 7.62)
[22:22:04] TERRAIN: Queued chunk: (3.0, -7.0) (distance: 7.62)
[22:22:04] TERRAIN: Queued chunk: (7.0, 3.0) (distance: 7.62)
[22:22:04] TERRAIN: Queued chunk: (7.0, -3.0) (distance: 7.62)
[22:22:04] TERRAIN: Queued chunk: (3.0, 7.0) (distance: 7.62)
[22:22:04] TERRAIN: Queued chunk: (-5.0, -6.0) (distance: 7.81)
[22:22:04] TERRAIN: Queued chunk: (-5.0, 6.0) (distance: 7.81)
[22:22:04] TERRAIN: Queued chunk: (-6.0, 5.0) (distance: 7.81)
[22:22:04] TERRAIN: Queued chunk: (-6.0, -5.0) (distance: 7.81)
[22:22:04] TERRAIN: Queued chunk: (5.0, -6.0) (distance: 7.81)
[22:22:04] TERRAIN: Queued chunk: (6.0, -5.0) (distance: 7.81)
[22:22:04] TERRAIN: Queued chunk: (5.0, 6.0) (distance: 7.81)
[22:22:04] TERRAIN: Queued chunk: (6.0, 5.0) (distance: 7.81)
[22:22:04] TERRAIN: Queued chunk: (8.0, 0.0) (distance: 8.00)
[22:22:04] TERRAIN: Queued chunk: (-8.0, 0.0) (distance: 8.00)
[22:22:04] TERRAIN: Queued chunk: (0.0, -8.0) (distance: 8.00)
[22:22:04] TERRAIN: Queued chunk: (0.0, 8.0) (distance: 8.00)
[22:22:04] TERRAIN: Queued chunk: (8.0, 1.0) (distance: 8.06)
[22:22:04] TERRAIN: Queued chunk: (-1.0, 8.0) (distance: 8.06)
[22:22:04] TERRAIN: Queued chunk: (-1.0, -8.0) (distance: 8.06)
[22:22:04] TERRAIN: Queued chunk: (1.0, -8.0) (distance: 8.06)
[22:22:04] TERRAIN: Queued chunk: (-4.0, -7.0) (distance: 8.06)
[22:22:04] TERRAIN: Queued chunk: (1.0, 8.0) (distance: 8.06)
[22:22:04] TERRAIN: Queued chunk: (-8.0, 1.0) (distance: 8.06)
[22:22:04] TERRAIN: Queued chunk: (8.0, -1.0) (distance: 8.06)
[22:22:04] TERRAIN: Queued chunk: (-8.0, -1.0) (distance: 8.06)
[22:22:04] TERRAIN: Queued chunk: (-4.0, 7.0) (distance: 8.06)
[22:22:04] TERRAIN: Queued chunk: (7.0, -4.0) (distance: 8.06)
[22:22:04] TERRAIN: Queued chunk: (4.0, 7.0) (distance: 8.06)
[22:22:04] TERRAIN: Queued chunk: (-7.0, -4.0) (distance: 8.06)
[22:22:04] TERRAIN: Queued chunk: (7.0, 4.0) (distance: 8.06)
[22:22:04] TERRAIN: Queued chunk: (4.0, -7.0) (distance: 8.06)
[22:22:04] TERRAIN: Queued chunk: (-7.0, 4.0) (distance: 8.06)
[22:22:04] TERRAIN: Queued chunk: (-8.0, -2.0) (distance: 8.25)
[22:22:04] TERRAIN: Queued chunk: (2.0, 8.0) (distance: 8.25)
[22:22:04] TERRAIN: Queued chunk: (-8.0, 2.0) (distance: 8.25)
[22:22:04] TERRAIN: Queued chunk: (2.0, -8.0) (distance: 8.25)
[22:22:04] TERRAIN: Queued chunk: (8.0, -2.0) (distance: 8.25)
[22:22:04] TERRAIN: Queued chunk: (-2.0, -8.0) (distance: 8.25)
[22:22:04] TERRAIN: Queued chunk: (-2.0, 8.0) (distance: 8.25)
[22:22:04] TERRAIN: Queued chunk: (8.0, 2.0) (distance: 8.25)
[22:22:04] TERRAIN: Queued chunk: (-6.0, 6.0) (distance: 8.49)
[22:22:04] TERRAIN: Queued chunk: (6.0, -6.0) (distance: 8.49)
[22:22:04] TERRAIN: Queued chunk: (6.0, 6.0) (distance: 8.49)
[22:22:04] TERRAIN: Queued chunk: (-6.0, -6.0) (distance: 8.49)
[22:22:04] TERRAIN: Queued chunk: (-8.0, 3.0) (distance: 8.54)
[22:22:04] TERRAIN: Queued chunk: (-3.0, -8.0) (distance: 8.54)
[22:22:04] TERRAIN: Queued chunk: (3.0, 8.0) (distance: 8.54)
[22:22:04] TERRAIN: Queued chunk: (-3.0, 8.0) (distance: 8.54)
[22:22:04] TERRAIN: Queued chunk: (8.0, -3.0) (distance: 8.54)
[22:22:04] TERRAIN: Queued chunk: (3.0, -8.0) (distance: 8.54)
[22:22:04] TERRAIN: Queued chunk: (-8.0, -3.0) (distance: 8.54)
[22:22:04] TERRAIN: Queued chunk: (8.0, 3.0) (distance: 8.54)
[22:22:04] TERRAIN: Queued chunk: (-7.0, -5.0) (distance: 8.60)
[22:22:04] TERRAIN: Queued chunk: (5.0, -7.0) (distance: 8.60)
[22:22:04] TERRAIN: Queued chunk: (-5.0, 7.0) (distance: 8.60)
[22:22:04] TERRAIN: Queued chunk: (7.0, -5.0) (distance: 8.60)
[22:22:04] TERRAIN: Queued chunk: (-7.0, 5.0) (distance: 8.60)
[22:22:04] TERRAIN: Queued chunk: (7.0, 5.0) (distance: 8.60)
[22:22:04] TERRAIN: Queued chunk: (5.0, 7.0) (distance: 8.60)
[22:22:04] TERRAIN: Queued chunk: (-5.0, -7.0) (distance: 8.60)
[22:22:04] TERRAIN: Queued chunk: (8.0, 4.0) (distance: 8.94)
[22:22:04] TERRAIN: Queued chunk: (4.0, 8.0) (distance: 8.94)
[22:22:04] TERRAIN: Queued chunk: (-4.0, 8.0) (distance: 8.94)
[22:22:04] TERRAIN: Queued chunk: (4.0, -8.0) (distance: 8.94)
[22:22:04] TERRAIN: Queued chunk: (-8.0, -4.0) (distance: 8.94)
[22:22:04] TERRAIN: Queued chunk: (8.0, -4.0) (distance: 8.94)
[22:22:04] TERRAIN: Queued chunk: (-4.0, -8.0) (distance: 8.94)
[22:22:04] TERRAIN: Queued chunk: (-8.0, 4.0) (distance: 8.94)
[22:22:04] TERRAIN: Queued chunk: (9.0, 0.0) (distance: 9.00)
[22:22:04] TERRAIN: Queued chunk: (-9.0, 0.0) (distance: 9.00)
[22:22:04] TERRAIN: Queued chunk: (0.0, -9.0) (distance: 9.00)
[22:22:04] TERRAIN: Queued chunk: (0.0, 9.0) (distance: 9.00)
[22:22:04] TERRAIN: Queued chunk: (9.0, 1.0) (distance: 9.06)
[22:22:04] TERRAIN: Queued chunk: (1.0, 9.0) (distance: 9.06)
[22:22:04] TERRAIN: Queued chunk: (9.0, -1.0) (distance: 9.06)
[22:22:04] TERRAIN: Queued chunk: (1.0, -9.0) (distance: 9.06)
[22:22:04] TERRAIN: Queued chunk: (-1.0, -9.0) (distance: 9.06)
[22:22:04] TERRAIN: Queued chunk: (-9.0, -1.0) (distance: 9.06)
[22:22:04] TERRAIN: Queued chunk: (-9.0, 1.0) (distance: 9.06)
[22:22:04] TERRAIN: Queued chunk: (-1.0, 9.0) (distance: 9.06)
[22:22:04] TERRAIN: Queued chunk: (-9.0, -2.0) (distance: 9.22)
[22:22:04] TERRAIN: Queued chunk: (6.0, 7.0) (distance: 9.22)
[22:22:04] TERRAIN: Queued chunk: (-9.0, 2.0) (distance: 9.22)
[22:22:04] TERRAIN: Queued chunk: (9.0, 2.0) (distance: 9.22)
[22:22:04] TERRAIN: Queued chunk: (-2.0, -9.0) (distance: 9.22)
[22:22:04] TERRAIN: Queued chunk: (-6.0, -7.0) (distance: 9.22)
[22:22:04] TERRAIN: Queued chunk: (2.0, -9.0) (distance: 9.22)
[22:22:04] TERRAIN: Queued chunk: (-2.0, 9.0) (distance: 9.22)
[22:22:04] TERRAIN: Queued chunk: (-7.0, 6.0) (distance: 9.22)
[22:22:04] TERRAIN: Queued chunk: (-7.0, -6.0) (distance: 9.22)
[22:22:04] TERRAIN: Queued chunk: (7.0, -6.0) (distance: 9.22)
[22:22:04] TERRAIN: Queued chunk: (2.0, 9.0) (distance: 9.22)
[22:22:04] TERRAIN: Queued chunk: (-6.0, 7.0) (distance: 9.22)
[22:22:04] TERRAIN: Queued chunk: (9.0, -2.0) (distance: 9.22)
[22:22:04] TERRAIN: Queued chunk: (7.0, 6.0) (distance: 9.22)
[22:22:04] TERRAIN: Queued chunk: (6.0, -7.0) (distance: 9.22)
[22:22:04] TERRAIN: Queued chunk: (-5.0, -8.0) (distance: 9.43)
[22:22:04] TERRAIN: Queued chunk: (8.0, -5.0) (distance: 9.43)
[22:22:04] TERRAIN: Queued chunk: (5.0, 8.0) (distance: 9.43)
[22:22:04] TERRAIN: Queued chunk: (-8.0, -5.0) (distance: 9.43)
[22:22:04] TERRAIN: Queued chunk: (8.0, 5.0) (distance: 9.43)
[22:22:04] TERRAIN: Queued chunk: (-8.0, 5.0) (distance: 9.43)
[22:22:04] TERRAIN: Queued chunk: (-5.0, 8.0) (distance: 9.43)
[22:22:04] TERRAIN: Queued chunk: (5.0, -8.0) (distance: 9.43)
[22:22:04] TERRAIN: Queued chunk: (-9.0, -3.0) (distance: 9.49)
[22:22:04] TERRAIN: Queued chunk: (9.0, -3.0) (distance: 9.49)
[22:22:04] TERRAIN: Queued chunk: (-9.0, 3.0) (distance: 9.49)
[22:22:04] TERRAIN: Queued chunk: (3.0, 9.0) (distance: 9.49)
[22:22:04] TERRAIN: Queued chunk: (-3.0, -9.0) (distance: 9.49)
[22:22:04] TERRAIN: Queued chunk: (-3.0, 9.0) (distance: 9.49)
[22:22:04] TERRAIN: Queued chunk: (3.0, -9.0) (distance: 9.49)
[22:22:04] TERRAIN: Queued chunk: (9.0, 3.0) (distance: 9.49)
[22:22:04] TERRAIN: Queued chunk: (-9.0, 4.0) (distance: 9.85)
[22:22:04] TERRAIN: Queued chunk: (-4.0, -9.0) (distance: 9.85)
[22:22:04] TERRAIN: Queued chunk: (9.0, -4.0) (distance: 9.85)
[22:22:04] TERRAIN: Queued chunk: (9.0, 4.0) (distance: 9.85)
[22:22:04] TERRAIN: Queued chunk: (-9.0, -4.0) (distance: 9.85)
[22:22:04] TERRAIN: Queued chunk: (4.0, 9.0) (distance: 9.85)
[22:22:04] TERRAIN: Queued chunk: (-4.0, 9.0) (distance: 9.85)
[22:22:04] TERRAIN: Queued chunk: (4.0, -9.0) (distance: 9.85)
[22:22:04] TERRAIN: Queued chunk: (7.0, -7.0) (distance: 9.90)
[22:22:04] TERRAIN: Queued chunk: (-7.0, -7.0) (distance: 9.90)
[22:22:04] TERRAIN: Queued chunk: (7.0, 7.0) (distance: 9.90)
[22:22:04] TERRAIN: Queued chunk: (-7.0, 7.0) (distance: 9.90)
[22:22:04] TERRAIN: Queued chunk: (-6.0, 8.0) (distance: 10.00)
[22:22:04] TERRAIN: Queued chunk: (-8.0, -6.0) (distance: 10.00)
[22:22:04] TERRAIN: Queued chunk: (6.0, -8.0) (distance: 10.00)
[22:22:04] TERRAIN: Queued chunk: (0.0, -10.0) (distance: 10.00)
[22:22:04] TERRAIN: Queued chunk: (8.0, 6.0) (distance: 10.00)
[22:22:04] TERRAIN: Queued chunk: (-8.0, 6.0) (distance: 10.00)
[22:22:04] TERRAIN: Queued chunk: (6.0, 8.0) (distance: 10.00)
[22:22:04] TERRAIN: Queued chunk: (-10.0, 0.0) (distance: 10.00)
[22:22:04] TERRAIN: Queued chunk: (10.0, 0.0) (distance: 10.00)
[22:22:04] TERRAIN: Queued chunk: (-6.0, -8.0) (distance: 10.00)
[22:22:04] TERRAIN: Queued chunk: (8.0, -6.0) (distance: 10.00)
[22:22:04] TERRAIN: Queued chunk: (0.0, 10.0) (distance: 10.00)
[22:22:04] TERRAIN: Queued chunk: (-10.0, -1.0) (distance: 10.05)
[22:22:04] TERRAIN: Queued chunk: (-1.0, 10.0) (distance: 10.05)
[22:22:04] TERRAIN: Queued chunk: (1.0, 10.0) (distance: 10.05)
[22:22:04] TERRAIN: Queued chunk: (1.0, -10.0) (distance: 10.05)
[22:22:04] TERRAIN: Queued chunk: (-10.0, 1.0) (distance: 10.05)
[22:22:04] TERRAIN: Queued chunk: (-1.0, -10.0) (distance: 10.05)
[22:22:04] TERRAIN: Queued chunk: (10.0, 1.0) (distance: 10.05)
[22:22:04] TERRAIN: Queued chunk: (10.0, -1.0) (distance: 10.05)
[22:22:04] TERRAIN: Queued chunk: (2.0, 10.0) (distance: 10.20)
[22:22:04] TERRAIN: Queued chunk: (-2.0, 10.0) (distance: 10.20)
[22:22:04] TERRAIN: Queued chunk: (-10.0, -2.0) (distance: 10.20)
[22:22:04] TERRAIN: Queued chunk: (10.0, -2.0) (distance: 10.20)
[22:22:04] TERRAIN: Queued chunk: (-2.0, -10.0) (distance: 10.20)
[22:22:04] TERRAIN: Queued chunk: (-10.0, 2.0) (distance: 10.20)
[22:22:04] TERRAIN: Queued chunk: (2.0, -10.0) (distance: 10.20)
[22:22:04] TERRAIN: Queued chunk: (10.0, 2.0) (distance: 10.20)
[22:22:04] TERRAIN: Queued chunk: (9.0, -5.0) (distance: 10.30)
[22:22:04] TERRAIN: Queued chunk: (9.0, 5.0) (distance: 10.30)
[22:22:04] TERRAIN: Queued chunk: (5.0, 9.0) (distance: 10.30)
[22:22:04] TERRAIN: Queued chunk: (-9.0, -5.0) (distance: 10.30)
[22:22:04] TERRAIN: Queued chunk: (5.0, -9.0) (distance: 10.30)
[22:22:04] TERRAIN: Queued chunk: (-5.0, -9.0) (distance: 10.30)
[22:22:04] TERRAIN: Queued chunk: (-9.0, 5.0) (distance: 10.30)
[22:22:04] TERRAIN: Queued chunk: (-5.0, 9.0) (distance: 10.30)
[22:22:04] TERRAIN: Queued chunk: (10.0, -3.0) (distance: 10.44)
[22:22:04] TERRAIN: Queued chunk: (-3.0, -10.0) (distance: 10.44)
[22:22:04] TERRAIN: Queued chunk: (-10.0, -3.0) (distance: 10.44)
[22:22:04] TERRAIN: Queued chunk: (3.0, 10.0) (distance: 10.44)
[22:22:04] TERRAIN: Queued chunk: (-10.0, 3.0) (distance: 10.44)
[22:22:04] TERRAIN: Queued chunk: (10.0, 3.0) (distance: 10.44)
[22:22:04] TERRAIN: Queued chunk: (3.0, -10.0) (distance: 10.44)
[22:22:04] TERRAIN: Queued chunk: (-3.0, 10.0) (distance: 10.44)
[22:22:04] TERRAIN: Queued chunk: (8.0, -7.0) (distance: 10.63)
[22:22:04] TERRAIN: Queued chunk: (7.0, 8.0) (distance: 10.63)
[22:22:04] TERRAIN: Queued chunk: (-8.0, 7.0) (distance: 10.63)
[22:22:04] TERRAIN: Queued chunk: (-8.0, -7.0) (distance: 10.63)
[22:22:04] TERRAIN: Queued chunk: (-7.0, 8.0) (distance: 10.63)
[22:22:04] TERRAIN: Queued chunk: (-7.0, -8.0) (distance: 10.63)
[22:22:04] TERRAIN: Queued chunk: (7.0, -8.0) (distance: 10.63)
[22:22:04] TERRAIN: Queued chunk: (8.0, 7.0) (distance: 10.63)
[22:22:04] TERRAIN: Queued chunk: (10.0, -4.0) (distance: 10.77)
[22:22:04] TERRAIN: Queued chunk: (-10.0, 4.0) (distance: 10.77)
[22:22:04] TERRAIN: Queued chunk: (10.0, 4.0) (distance: 10.77)
[22:22:04] TERRAIN: Queued chunk: (4.0, 10.0) (distance: 10.77)
[22:22:04] TERRAIN: Queued chunk: (-4.0, -10.0) (distance: 10.77)
[22:22:04] TERRAIN: Queued chunk: (-4.0, 10.0) (distance: 10.77)
[22:22:04] TERRAIN: Queued chunk: (-10.0, -4.0) (distance: 10.77)
[22:22:04] TERRAIN: Queued chunk: (4.0, -10.0) (distance: 10.77)
[22:22:04] TERRAIN: Queued chunk: (-9.0, 6.0) (distance: 10.82)
[22:22:04] TERRAIN: Queued chunk: (-9.0, -6.0) (distance: 10.82)
[22:22:04] TERRAIN: Queued chunk: (-6.0, 9.0) (distance: 10.82)
[22:22:04] TERRAIN: Queued chunk: (9.0, -6.0) (distance: 10.82)
[22:22:04] TERRAIN: Queued chunk: (9.0, 6.0) (distance: 10.82)
[22:22:04] TERRAIN: Queued chunk: (6.0, 9.0) (distance: 10.82)
[22:22:04] TERRAIN: Queued chunk: (6.0, -9.0) (distance: 10.82)
[22:22:04] TERRAIN: Queued chunk: (-6.0, -9.0) (distance: 10.82)
[22:22:04] TERRAIN: Queued chunk: (11.0, 0.0) (distance: 11.00)
[22:22:04] TERRAIN: Queued chunk: (-11.0, 0.0) (distance: 11.00)
[22:22:04] TERRAIN: Queued chunk: (0.0, 11.0) (distance: 11.00)
[22:22:04] TERRAIN: Queued chunk: (0.0, -11.0) (distance: 11.00)
[22:22:04] TERRAIN: Queued chunk: (1.0, -11.0) (distance: 11.05)
[22:22:04] TERRAIN: Queued chunk: (-1.0, 11.0) (distance: 11.05)
[22:22:04] TERRAIN: Queued chunk: (1.0, 11.0) (distance: 11.05)
[22:22:04] TERRAIN: Queued chunk: (-11.0, -1.0) (distance: 11.05)
[22:22:04] TERRAIN: Queued chunk: (11.0, -1.0) (distance: 11.05)
[22:22:04] TERRAIN: Queued chunk: (-1.0, -11.0) (distance: 11.05)
[22:22:04] TERRAIN: Queued chunk: (-11.0, 1.0) (distance: 11.05)
[22:22:04] TERRAIN: Queued chunk: (11.0, 1.0) (distance: 11.05)
[22:22:04] TERRAIN: Queued chunk: (2.0, -11.0) (distance: 11.18)
[22:22:04] TERRAIN: Queued chunk: (11.0, -2.0) (distance: 11.18)
[22:22:04] TERRAIN: Queued chunk: (10.0, -5.0) (distance: 11.18)
[22:22:04] TERRAIN: Queued chunk: (-5.0, -10.0) (distance: 11.18)
[22:22:04] TERRAIN: Queued chunk: (2.0, 11.0) (distance: 11.18)
[22:22:04] TERRAIN: Queued chunk: (5.0, 10.0) (distance: 11.18)
[22:22:04] TERRAIN: Queued chunk: (-5.0, 10.0) (distance: 11.18)
[22:22:04] TERRAIN: Queued chunk: (5.0, -10.0) (distance: 11.18)
[22:22:04] TERRAIN: Queued chunk: (11.0, 2.0) (distance: 11.18)
[22:22:04] TERRAIN: Queued chunk: (-10.0, 5.0) (distance: 11.18)
[22:22:04] TERRAIN: Queued chunk: (-11.0, -2.0) (distance: 11.18)
[22:22:04] TERRAIN: Queued chunk: (-11.0, 2.0) (distance: 11.18)
[22:22:04] TERRAIN: Queued chunk: (-2.0, 11.0) (distance: 11.18)
[22:22:04] TERRAIN: Queued chunk: (-10.0, -5.0) (distance: 11.18)
[22:22:04] TERRAIN: Queued chunk: (10.0, 5.0) (distance: 11.18)
[22:22:04] TERRAIN: Queued chunk: (-2.0, -11.0) (distance: 11.18)
[22:22:04] TERRAIN: Queued chunk: (8.0, -8.0) (distance: 11.31)
[22:22:04] TERRAIN: Queued chunk: (8.0, 8.0) (distance: 11.31)
[22:22:04] TERRAIN: Queued chunk: (-8.0, 8.0) (distance: 11.31)
[22:22:04] TERRAIN: Queued chunk: (-8.0, -8.0) (distance: 11.31)
[22:22:04] TERRAIN: Queued chunk: (7.0, -9.0) (distance: 11.40)
[22:22:04] TERRAIN: Queued chunk: (-7.0, 9.0) (distance: 11.40)
[22:22:04] TERRAIN: Queued chunk: (9.0, -7.0) (distance: 11.40)
[22:22:04] TERRAIN: Queued chunk: (-7.0, -9.0) (distance: 11.40)
[22:22:04] TERRAIN: Queued chunk: (3.0, 11.0) (distance: 11.40)
[22:22:04] TERRAIN: Queued chunk: (9.0, 7.0) (distance: 11.40)
[22:22:04] TERRAIN: Queued chunk: (11.0, 3.0) (distance: 11.40)
[22:22:04] TERRAIN: Queued chunk: (3.0, -11.0) (distance: 11.40)
[22:22:04] TERRAIN: Queued chunk: (-3.0, 11.0) (distance: 11.40)
[22:22:04] TERRAIN: Queued chunk: (-9.0, 7.0) (distance: 11.40)
[22:22:04] TERRAIN: Queued chunk: (-11.0, -3.0) (distance: 11.40)
[22:22:04] TERRAIN: Queued chunk: (-11.0, 3.0) (distance: 11.40)
[22:22:04] TERRAIN: Queued chunk: (11.0, -3.0) (distance: 11.40)
[22:22:04] TERRAIN: Queued chunk: (-9.0, -7.0) (distance: 11.40)
[22:22:04] TERRAIN: Queued chunk: (7.0, 9.0) (distance: 11.40)
[22:22:04] TERRAIN: Queued chunk: (-3.0, -11.0) (distance: 11.40)
[22:22:04] TERRAIN: Queued chunk: (6.0, -10.0) (distance: 11.66)
[22:22:04] TERRAIN: Queued chunk: (-6.0, -10.0) (distance: 11.66)
[22:22:04] TERRAIN: Queued chunk: (-10.0, -6.0) (distance: 11.66)
[22:22:04] TERRAIN: Queued chunk: (-10.0, 6.0) (distance: 11.66)
[22:22:04] TERRAIN: Queued chunk: (6.0, 10.0) (distance: 11.66)
[22:22:04] TERRAIN: Queued chunk: (-6.0, 10.0) (distance: 11.66)
[22:22:04] TERRAIN: Queued chunk: (10.0, 6.0) (distance: 11.66)
[22:22:04] TERRAIN: Queued chunk: (10.0, -6.0) (distance: 11.66)
[22:22:04] TERRAIN: Queued chunk: (11.0, 4.0) (distance: 11.70)
[22:22:04] TERRAIN: Queued chunk: (11.0, -4.0) (distance: 11.70)
[22:22:04] TERRAIN: Queued chunk: (-4.0, -11.0) (distance: 11.70)
[22:22:04] TERRAIN: Queued chunk: (4.0, -11.0) (distance: 11.70)
[22:22:04] TERRAIN: Queued chunk: (-4.0, 11.0) (distance: 11.70)
[22:22:04] TERRAIN: Queued chunk: (4.0, 11.0) (distance: 11.70)
[22:22:04] TERRAIN: Queued chunk: (-11.0, 4.0) (distance: 11.70)
[22:22:04] TERRAIN: Queued chunk: (-11.0, -4.0) (distance: 11.70)
[22:22:04] TERRAIN: Queued chunk: (12.0, 0.0) (distance: 12.00)
[22:22:04] TERRAIN: Queued chunk: (0.0, -12.0) (distance: 12.00)
[22:22:04] TERRAIN: Queued chunk: (-12.0, 0.0) (distance: 12.00)
[22:22:04] TERRAIN: Queued chunk: (0.0, 12.0) (distance: 12.00)
[22:22:04] TERRAIN: Queued chunk: (8.0, -9.0) (distance: 12.04)
[22:22:04] TERRAIN: Queued chunk: (8.0, 9.0) (distance: 12.04)
[22:22:04] TERRAIN: Queued chunk: (-8.0, 9.0) (distance: 12.04)
[22:22:04] TERRAIN: Queued chunk: (9.0, -8.0) (distance: 12.04)
[22:22:04] TERRAIN: Queued chunk: (12.0, 1.0) (distance: 12.04)
[22:22:04] TERRAIN: Queued chunk: (-1.0, 12.0) (distance: 12.04)
[22:22:04] TERRAIN: Queued chunk: (1.0, 12.0) (distance: 12.04)
[22:22:04] TERRAIN: Queued chunk: (-9.0, 8.0) (distance: 12.04)
[22:22:04] TERRAIN: Queued chunk: (1.0, -12.0) (distance: 12.04)
[22:22:04] TERRAIN: Queued chunk: (-8.0, -9.0) (distance: 12.04)
[22:22:04] TERRAIN: Queued chunk: (12.0, -1.0) (distance: 12.04)
[22:22:04] TERRAIN: Queued chunk: (-12.0, 1.0) (distance: 12.04)
[22:22:04] TERRAIN: Queued chunk: (-9.0, -8.0) (distance: 12.04)
[22:22:04] TERRAIN: Queued chunk: (-12.0, -1.0) (distance: 12.04)
[22:22:04] TERRAIN: Queued chunk: (9.0, 8.0) (distance: 12.04)
[22:22:04] TERRAIN: Queued chunk: (-1.0, -12.0) (distance: 12.04)
[22:22:04] TERRAIN: Queued chunk: (5.0, -11.0) (distance: 12.08)
[22:22:04] TERRAIN: Queued chunk: (-5.0, -11.0) (distance: 12.08)
[22:22:04] TERRAIN: Queued chunk: (-5.0, 11.0) (distance: 12.08)
[22:22:04] TERRAIN: Queued chunk: (11.0, -5.0) (distance: 12.08)
[22:22:04] TERRAIN: Queued chunk: (11.0, 5.0) (distance: 12.08)
[22:22:04] TERRAIN: Queued chunk: (5.0, 11.0) (distance: 12.08)
[22:22:04] TERRAIN: Queued chunk: (-11.0, -5.0) (distance: 12.08)
[22:22:04] TERRAIN: Queued chunk: (-11.0, 5.0) (distance: 12.08)
[22:22:04] TERRAIN: Queued chunk: (12.0, 2.0) (distance: 12.17)
[22:22:04] TERRAIN: Queued chunk: (2.0, 12.0) (distance: 12.17)
[22:22:04] TERRAIN: Queued chunk: (-2.0, 12.0) (distance: 12.17)
[22:22:04] TERRAIN: Queued chunk: (-12.0, 2.0) (distance: 12.17)
[22:22:04] TERRAIN: Queued chunk: (-12.0, -2.0) (distance: 12.17)
[22:22:04] TERRAIN: Queued chunk: (12.0, -2.0) (distance: 12.17)
[22:22:04] TERRAIN: Queued chunk: (2.0, -12.0) (distance: 12.17)
[22:22:04] TERRAIN: Queued chunk: (-2.0, -12.0) (distance: 12.17)
[22:22:04] TERRAIN: Queued chunk: (10.0, -7.0) (distance: 12.21)
[22:22:04] TERRAIN: Queued chunk: (7.0, 10.0) (distance: 12.21)
[22:22:04] TERRAIN: Queued chunk: (10.0, 7.0) (distance: 12.21)
[22:22:04] TERRAIN: Queued chunk: (7.0, -10.0) (distance: 12.21)
[22:22:04] TERRAIN: Queued chunk: (-7.0, -10.0) (distance: 12.21)
[22:22:04] TERRAIN: Queued chunk: (-7.0, 10.0) (distance: 12.21)
[22:22:04] TERRAIN: Queued chunk: (-10.0, 7.0) (distance: 12.21)
[22:22:04] TERRAIN: Queued chunk: (-10.0, -7.0) (distance: 12.21)
[22:22:04] TERRAIN: Queued chunk: (12.0, -3.0) (distance: 12.37)
[22:22:04] TERRAIN: Queued chunk: (-3.0, 12.0) (distance: 12.37)
[22:22:04] TERRAIN: Queued chunk: (12.0, 3.0) (distance: 12.37)
[22:22:04] TERRAIN: Queued chunk: (-3.0, -12.0) (distance: 12.37)
[22:22:04] TERRAIN: Queued chunk: (-12.0, 3.0) (distance: 12.37)
[22:22:04] TERRAIN: Queued chunk: (3.0, -12.0) (distance: 12.37)
[22:22:04] TERRAIN: Queued chunk: (3.0, 12.0) (distance: 12.37)
[22:22:04] TERRAIN: Queued chunk: (-12.0, -3.0) (distance: 12.37)
[22:22:04] TERRAIN: Queued chunk: (-11.0, 6.0) (distance: 12.53)
[22:22:04] TERRAIN: Queued chunk: (-6.0, -11.0) (distance: 12.53)
[22:22:04] TERRAIN: Queued chunk: (-11.0, -6.0) (distance: 12.53)
[22:22:04] TERRAIN: Queued chunk: (-6.0, 11.0) (distance: 12.53)
[22:22:04] TERRAIN: Queued chunk: (6.0, -11.0) (distance: 12.53)
[22:22:04] TERRAIN: Queued chunk: (6.0, 11.0) (distance: 12.53)
[22:22:04] TERRAIN: Queued chunk: (11.0, 6.0) (distance: 12.53)
[22:22:04] TERRAIN: Queued chunk: (11.0, -6.0) (distance: 12.53)
[22:22:04] TERRAIN: Queued chunk: (12.0, -4.0) (distance: 12.65)
[22:22:04] TERRAIN: Queued chunk: (4.0, 12.0) (distance: 12.65)
[22:22:04] TERRAIN: Queued chunk: (-12.0, 4.0) (distance: 12.65)
[22:22:04] TERRAIN: Queued chunk: (-4.0, 12.0) (distance: 12.65)
[22:22:04] TERRAIN: Queued chunk: (4.0, -12.0) (distance: 12.65)
[22:22:04] TERRAIN: Queued chunk: (-4.0, -12.0) (distance: 12.65)
[22:22:04] TERRAIN: Queued chunk: (-12.0, -4.0) (distance: 12.65)
[22:22:04] TERRAIN: Queued chunk: (12.0, 4.0) (distance: 12.65)
[22:22:04] TERRAIN: Queued chunk: (9.0, -9.0) (distance: 12.73)
[22:22:04] TERRAIN: Queued chunk: (9.0, 9.0) (distance: 12.73)
[22:22:04] TERRAIN: Queued chunk: (-9.0, 9.0) (distance: 12.73)
[22:22:04] TERRAIN: Queued chunk: (-9.0, -9.0) (distance: 12.73)
[22:22:04] TERRAIN: Queued chunk: (10.0, -8.0) (distance: 12.81)
[22:22:04] TERRAIN: Queued chunk: (-8.0, 10.0) (distance: 12.81)
[22:22:04] TERRAIN: Queued chunk: (-8.0, -10.0) (distance: 12.81)
[22:22:04] TERRAIN: Queued chunk: (-10.0, 8.0) (distance: 12.81)
[22:22:04] TERRAIN: Queued chunk: (-10.0, -8.0) (distance: 12.81)
[22:22:04] TERRAIN: Queued chunk: (10.0, 8.0) (distance: 12.81)
[22:22:04] TERRAIN: Queued chunk: (8.0, -10.0) (distance: 12.81)
[22:22:04] TERRAIN: Queued chunk: (8.0, 10.0) (distance: 12.81)
[22:22:04] TERRAIN: Queued chunk: (-12.0, 5.0) (distance: 13.00)
[22:22:04] TERRAIN: Queued chunk: (-12.0, -5.0) (distance: 13.00)
[22:22:04] TERRAIN: Queued chunk: (-13.0, 0.0) (distance: 13.00)
[22:22:04] TERRAIN: Queued chunk: (12.0, 5.0) (distance: 13.00)
[22:22:04] TERRAIN: Queued chunk: (13.0, 0.0) (distance: 13.00)
[22:22:04] TERRAIN: Queued chunk: (-5.0, -12.0) (distance: 13.00)
[22:22:04] TERRAIN: Queued chunk: (-5.0, 12.0) (distance: 13.00)
[22:22:04] TERRAIN: Queued chunk: (12.0, -5.0) (distance: 13.00)
[22:22:04] TERRAIN: Queued chunk: (5.0, 12.0) (distance: 13.00)
[22:22:04] TERRAIN: Queued chunk: (0.0, 13.0) (distance: 13.00)
[22:22:04] TERRAIN: Queued chunk: (0.0, -13.0) (distance: 13.00)
[22:22:04] TERRAIN: Queued chunk: (5.0, -12.0) (distance: 13.00)
[22:22:04] TERRAIN: Queued chunk: (-11.0, 7.0) (distance: 13.04)
[22:22:04] TERRAIN: Queued chunk: (-13.0, -1.0) (distance: 13.04)
[22:22:04] TERRAIN: Queued chunk: (-11.0, -7.0) (distance: 13.04)
[22:22:04] TERRAIN: Queued chunk: (7.0, -11.0) (distance: 13.04)
[22:22:04] TERRAIN: Queued chunk: (1.0, 13.0) (distance: 13.04)
[22:22:04] TERRAIN: Queued chunk: (13.0, 1.0) (distance: 13.04)
[22:22:04] TERRAIN: Queued chunk: (1.0, -13.0) (distance: 13.04)
[22:22:04] TERRAIN: Queued chunk: (7.0, 11.0) (distance: 13.04)
[22:22:04] TERRAIN: Queued chunk: (-7.0, -11.0) (distance: 13.04)
[22:22:04] TERRAIN: Queued chunk: (-7.0, 11.0) (distance: 13.04)
[22:22:04] TERRAIN: Queued chunk: (11.0, 7.0) (distance: 13.04)
[22:22:04] TERRAIN: Queued chunk: (-13.0, 1.0) (distance: 13.04)
[22:22:04] TERRAIN: Queued chunk: (-1.0, 13.0) (distance: 13.04)
[22:22:04] TERRAIN: Queued chunk: (-1.0, -13.0) (distance: 13.04)
[22:22:04] TERRAIN: Queued chunk: (11.0, -7.0) (distance: 13.04)
[22:22:04] TERRAIN: Queued chunk: (13.0, -1.0) (distance: 13.04)
[22:22:04] TERRAIN: Queued chunk: (-13.0, 2.0) (distance: 13.15)
[22:22:04] TERRAIN: Queued chunk: (2.0, 13.0) (distance: 13.15)
[22:22:04] TERRAIN: Queued chunk: (2.0, -13.0) (distance: 13.15)
[22:22:04] TERRAIN: Queued chunk: (13.0, 2.0) (distance: 13.15)
[22:22:04] TERRAIN: Queued chunk: (-13.0, -2.0) (distance: 13.15)
[22:22:04] TERRAIN: Queued chunk: (13.0, -2.0) (distance: 13.15)
[22:22:04] TERRAIN: Queued chunk: (-2.0, 13.0) (distance: 13.15)
[22:22:04] TERRAIN: Queued chunk: (-2.0, -13.0) (distance: 13.15)
[22:22:04] TERRAIN: Queued chunk: (3.0, -13.0) (distance: 13.34)
[22:22:04] TERRAIN: Queued chunk: (-13.0, -3.0) (distance: 13.34)
[22:22:04] TERRAIN: Queued chunk: (3.0, 13.0) (distance: 13.34)
[22:22:04] TERRAIN: Queued chunk: (-13.0, 3.0) (distance: 13.34)
[22:22:04] TERRAIN: Queued chunk: (13.0, 3.0) (distance: 13.34)
[22:22:04] TERRAIN: Queued chunk: (13.0, -3.0) (distance: 13.34)
[22:22:04] TERRAIN: Queued chunk: (-3.0, -13.0) (distance: 13.34)
[22:22:04] TERRAIN: Queued chunk: (-3.0, 13.0) (distance: 13.34)
[22:22:04] TERRAIN: Queued chunk: (-12.0, -6.0) (distance: 13.42)
[22:22:04] TERRAIN: Queued chunk: (-12.0, 6.0) (distance: 13.42)
[22:22:04] TERRAIN: Queued chunk: (6.0, 12.0) (distance: 13.42)
[22:22:04] TERRAIN: Queued chunk: (6.0, -12.0) (distance: 13.42)
[22:22:04] TERRAIN: Queued chunk: (12.0, 6.0) (distance: 13.42)
[22:22:04] TERRAIN: Queued chunk: (-6.0, -12.0) (distance: 13.42)
[22:22:04] TERRAIN: Queued chunk: (-6.0, 12.0) (distance: 13.42)
[22:22:04] TERRAIN: Queued chunk: (12.0, -6.0) (distance: 13.42)
[22:22:04] TERRAIN: Queued chunk: (9.0, -10.0) (distance: 13.45)
[22:22:04] TERRAIN: Queued chunk: (9.0, 10.0) (distance: 13.45)
[22:22:04] TERRAIN: Queued chunk: (10.0, -9.0) (distance: 13.45)
[22:22:04] TERRAIN: Queued chunk: (10.0, 9.0) (distance: 13.45)
[22:22:04] TERRAIN: Queued chunk: (-9.0, 10.0) (distance: 13.45)
[22:22:04] TERRAIN: Queued chunk: (-9.0, -10.0) (distance: 13.45)
[22:22:04] TERRAIN: Queued chunk: (-10.0, 9.0) (distance: 13.45)
[22:22:04] TERRAIN: Queued chunk: (-10.0, -9.0) (distance: 13.45)
[22:22:04] TERRAIN: Queued chunk: (8.0, 11.0) (distance: 13.60)
[22:22:04] TERRAIN: Queued chunk: (11.0, 8.0) (distance: 13.60)
[22:22:04] TERRAIN: Queued chunk: (-13.0, -4.0) (distance: 13.60)
[22:22:04] TERRAIN: Queued chunk: (-13.0, 4.0) (distance: 13.60)
[22:22:04] TERRAIN: Queued chunk: (11.0, -8.0) (distance: 13.60)
[22:22:04] TERRAIN: Queued chunk: (13.0, 4.0) (distance: 13.60)
[22:22:04] TERRAIN: Queued chunk: (-11.0, -8.0) (distance: 13.60)
[22:22:04] TERRAIN: Queued chunk: (-11.0, 8.0) (distance: 13.60)
[22:22:04] TERRAIN: Queued chunk: (-8.0, -11.0) (distance: 13.60)
[22:22:04] TERRAIN: Queued chunk: (-8.0, 11.0) (distance: 13.60)
[22:22:04] TERRAIN: Queued chunk: (-4.0, -13.0) (distance: 13.60)
[22:22:04] TERRAIN: Queued chunk: (-4.0, 13.0) (distance: 13.60)
[22:22:04] TERRAIN: Queued chunk: (13.0, -4.0) (distance: 13.60)
[22:22:04] TERRAIN: Queued chunk: (4.0, -13.0) (distance: 13.60)
[22:22:04] TERRAIN: Queued chunk: (4.0, 13.0) (distance: 13.60)
[22:22:04] TERRAIN: Queued chunk: (8.0, -11.0) (distance: 13.60)
[22:22:04] TERRAIN: Queued chunk: (12.0, -7.0) (distance: 13.89)
[22:22:04] TERRAIN: Queued chunk: (-7.0, 12.0) (distance: 13.89)
[22:22:04] TERRAIN: Queued chunk: (-7.0, -12.0) (distance: 13.89)
[22:22:04] TERRAIN: Queued chunk: (-12.0, 7.0) (distance: 13.89)
[22:22:04] TERRAIN: Queued chunk: (-12.0, -7.0) (distance: 13.89)
[22:22:04] TERRAIN: Queued chunk: (7.0, 12.0) (distance: 13.89)
[22:22:04] TERRAIN: Queued chunk: (7.0, -12.0) (distance: 13.89)
[22:22:04] TERRAIN: Queued chunk: (12.0, 7.0) (distance: 13.89)
[22:22:04] TERRAIN: Queued chunk: (13.0, 5.0) (distance: 13.93)
[22:22:04] TERRAIN: Queued chunk: (-13.0, 5.0) (distance: 13.93)
[22:22:04] TERRAIN: Queued chunk: (-13.0, -5.0) (distance: 13.93)
[22:22:04] TERRAIN: Queued chunk: (5.0, -13.0) (distance: 13.93)
[22:22:04] TERRAIN: Queued chunk: (5.0, 13.0) (distance: 13.93)
[22:22:04] TERRAIN: Queued chunk: (13.0, -5.0) (distance: 13.93)
[22:22:04] TERRAIN: Queued chunk: (-5.0, 13.0) (distance: 13.93)
[22:22:04] TERRAIN: Queued chunk: (-5.0, -13.0) (distance: 13.93)
[22:22:04] TERRAIN: Queued chunk: (0.0, -14.0) (distance: 14.00)
[22:22:04] TERRAIN: Queued chunk: (0.0, 14.0) (distance: 14.00)
[22:22:04] TERRAIN: Queued chunk: (14.0, 0.0) (distance: 14.00)
[22:22:04] TERRAIN: Queued chunk: (-14.0, 0.0) (distance: 14.00)
[22:22:04] TERRAIN: Queued chunk: (1.0, -14.0) (distance: 14.04)
[22:22:04] TERRAIN: Queued chunk: (14.0, 1.0) (distance: 14.04)
[22:22:04] TERRAIN: Queued chunk: (-1.0, 14.0) (distance: 14.04)
[22:22:04] TERRAIN: Queued chunk: (-1.0, -14.0) (distance: 14.04)
[22:22:04] TERRAIN: Queued chunk: (1.0, 14.0) (distance: 14.04)
[22:22:04] TERRAIN: Queued chunk: (-14.0, 1.0) (distance: 14.04)
[22:22:04] TERRAIN: Queued chunk: (-14.0, -1.0) (distance: 14.04)
[22:22:04] TERRAIN: Queued chunk: (14.0, -1.0) (distance: 14.04)
[22:22:04] TERRAIN: Queued chunk: (-14.0, 2.0) (distance: 14.14)
[22:22:04] TERRAIN: Queued chunk: (10.0, 10.0) (distance: 14.14)
[22:22:04] TERRAIN: Queued chunk: (-10.0, -10.0) (distance: 14.14)
[22:22:04] TERRAIN: Queued chunk: (-10.0, 10.0) (distance: 14.14)
[22:22:04] TERRAIN: Queued chunk: (14.0, 2.0) (distance: 14.14)
[22:22:04] TERRAIN: Queued chunk: (-14.0, -2.0) (distance: 14.14)
[22:22:04] TERRAIN: Queued chunk: (2.0, 14.0) (distance: 14.14)
[22:22:04] TERRAIN: Queued chunk: (2.0, -14.0) (distance: 14.14)
[22:22:04] TERRAIN: Queued chunk: (-2.0, 14.0) (distance: 14.14)
[22:22:04] TERRAIN: Queued chunk: (14.0, -2.0) (distance: 14.14)
[22:22:04] TERRAIN: Queued chunk: (-2.0, -14.0) (distance: 14.14)
[22:22:04] TERRAIN: Queued chunk: (10.0, -10.0) (distance: 14.14)
[22:22:04] TERRAIN: Queued chunk: (9.0, -11.0) (distance: 14.21)
[22:22:04] TERRAIN: Queued chunk: (11.0, -9.0) (distance: 14.21)
[22:22:04] TERRAIN: Queued chunk: (9.0, 11.0) (distance: 14.21)
[22:22:04] TERRAIN: Queued chunk: (-11.0, -9.0) (distance: 14.21)
[22:22:04] TERRAIN: Queued chunk: (-11.0, 9.0) (distance: 14.21)
[22:22:04] TERRAIN: Queued chunk: (-9.0, -11.0) (distance: 14.21)
[22:22:04] TERRAIN: Queued chunk: (-9.0, 11.0) (distance: 14.21)
[22:22:04] TERRAIN: Queued chunk: (11.0, 9.0) (distance: 14.21)
[22:22:04] TERRAIN: Queued chunk: (-6.0, -13.0) (distance: 14.32)
[22:22:04] TERRAIN: Queued chunk: (14.0, -3.0) (distance: 14.32)
[22:22:04] TERRAIN: Queued chunk: (6.0, 13.0) (distance: 14.32)
[22:22:04] TERRAIN: Queued chunk: (6.0, -13.0) (distance: 14.32)
[22:22:04] TERRAIN: Queued chunk: (-14.0, 3.0) (distance: 14.32)
[22:22:04] TERRAIN: Queued chunk: (13.0, 6.0) (distance: 14.32)
[22:22:04] TERRAIN: Queued chunk: (-13.0, -6.0) (distance: 14.32)
[22:22:04] TERRAIN: Queued chunk: (3.0, 14.0) (distance: 14.32)
[22:22:04] TERRAIN: Queued chunk: (3.0, -14.0) (distance: 14.32)
[22:22:04] TERRAIN: Queued chunk: (-13.0, 6.0) (distance: 14.32)
[22:22:04] TERRAIN: Queued chunk: (-6.0, 13.0) (distance: 14.32)
[22:22:04] TERRAIN: Queued chunk: (-14.0, -3.0) (distance: 14.32)
[22:22:04] TERRAIN: Queued chunk: (-3.0, -14.0) (distance: 14.32)
[22:22:04] TERRAIN: Queued chunk: (13.0, -6.0) (distance: 14.32)
[22:22:04] TERRAIN: Queued chunk: (14.0, 3.0) (distance: 14.32)
[22:22:04] TERRAIN: Queued chunk: (-3.0, 14.0) (distance: 14.32)
[22:22:04] TERRAIN: Queued chunk: (12.0, 8.0) (distance: 14.42)
[22:22:04] TERRAIN: Queued chunk: (12.0, -8.0) (distance: 14.42)
[22:22:04] TERRAIN: Queued chunk: (-12.0, -8.0) (distance: 14.42)
[22:22:04] TERRAIN: Queued chunk: (-12.0, 8.0) (distance: 14.42)
[22:22:04] TERRAIN: Queued chunk: (-8.0, -12.0) (distance: 14.42)
[22:22:04] TERRAIN: Queued chunk: (-8.0, 12.0) (distance: 14.42)
[22:22:04] TERRAIN: Queued chunk: (8.0, -12.0) (distance: 14.42)
[22:22:04] TERRAIN: Queued chunk: (8.0, 12.0) (distance: 14.42)
[22:22:04] TERRAIN: Queued chunk: (14.0, -4.0) (distance: 14.56)
[22:22:04] TERRAIN: Queued chunk: (4.0, 14.0) (distance: 14.56)
[22:22:04] TERRAIN: Queued chunk: (4.0, -14.0) (distance: 14.56)
[22:22:04] TERRAIN: Queued chunk: (-4.0, 14.0) (distance: 14.56)
[22:22:04] TERRAIN: Queued chunk: (-4.0, -14.0) (distance: 14.56)
[22:22:04] TERRAIN: Queued chunk: (14.0, 4.0) (distance: 14.56)
[22:22:04] TERRAIN: Queued chunk: (-14.0, 4.0) (distance: 14.56)
[22:22:04] TERRAIN: Queued chunk: (-14.0, -4.0) (distance: 14.56)
[22:22:04] TERRAIN: Queued chunk: (13.0, -7.0) (distance: 14.76)
[22:22:04] TERRAIN: Queued chunk: (7.0, 13.0) (distance: 14.76)
[22:22:04] TERRAIN: Queued chunk: (7.0, -13.0) (distance: 14.76)
[22:22:04] TERRAIN: Queued chunk: (-7.0, 13.0) (distance: 14.76)
[22:22:04] TERRAIN: Queued chunk: (-7.0, -13.0) (distance: 14.76)
[22:22:04] TERRAIN: Queued chunk: (-13.0, 7.0) (distance: 14.76)
[22:22:04] TERRAIN: Queued chunk: (-13.0, -7.0) (distance: 14.76)
[22:22:04] TERRAIN: Queued chunk: (13.0, 7.0) (distance: 14.76)
[22:22:04] TERRAIN: Queued chunk: (14.0, -5.0) (distance: 14.87)
[22:22:04] TERRAIN: Queued chunk: (11.0, 10.0) (distance: 14.87)
[22:22:04] TERRAIN: Queued chunk: (11.0, -10.0) (distance: 14.87)
[22:22:04] TERRAIN: Queued chunk: (10.0, 11.0) (distance: 14.87)
[22:22:04] TERRAIN: Queued chunk: (10.0, -11.0) (distance: 14.87)
[22:22:04] TERRAIN: Queued chunk: (5.0, 14.0) (distance: 14.87)
[22:22:04] TERRAIN: Queued chunk: (5.0, -14.0) (distance: 14.87)
[22:22:04] TERRAIN: Queued chunk: (-5.0, 14.0) (distance: 14.87)
[22:22:04] TERRAIN: Queued chunk: (-5.0, -14.0) (distance: 14.87)
[22:22:04] TERRAIN: Queued chunk: (-10.0, 11.0) (distance: 14.87)
[22:22:04] TERRAIN: Queued chunk: (-10.0, -11.0) (distance: 14.87)
[22:22:04] TERRAIN: Queued chunk: (-11.0, 10.0) (distance: 14.87)
[22:22:04] TERRAIN: Queued chunk: (-11.0, -10.0) (distance: 14.87)
[22:22:04] TERRAIN: Queued chunk: (14.0, 5.0) (distance: 14.87)
[22:22:04] TERRAIN: Queued chunk: (-14.0, 5.0) (distance: 14.87)
[22:22:04] TERRAIN: Queued chunk: (-14.0, -5.0) (distance: 14.87)
[22:22:04] TERRAIN: Queued chunk: (15.0, 0.0) (distance: 15.00)
[22:22:04] TERRAIN: Queued chunk: (12.0, 9.0) (distance: 15.00)
[22:22:04] TERRAIN: Queued chunk: (12.0, -9.0) (distance: 15.00)
[22:22:04] TERRAIN: Queued chunk: (9.0, 12.0) (distance: 15.00)
[22:22:04] TERRAIN: Queued chunk: (9.0, -12.0) (distance: 15.00)
[22:22:04] TERRAIN: Queued chunk: (0.0, 15.0) (distance: 15.00)
[22:22:04] TERRAIN: Queued chunk: (0.0, -15.0) (distance: 15.00)
[22:22:04] TERRAIN: Queued chunk: (-9.0, 12.0) (distance: 15.00)
[22:22:04] TERRAIN: Queued chunk: (-9.0, -12.0) (distance: 15.00)
[22:22:04] TERRAIN: Queued chunk: (-12.0, 9.0) (distance: 15.00)
[22:22:04] TERRAIN: Queued chunk: (-12.0, -9.0) (distance: 15.00)
[22:22:04] TERRAIN: Queued chunk: (-15.0, 0.0) (distance: 15.00)
[22:22:04] TERRAIN: Creating chunk: (0.0, 0.0) at distance 0.00
[22:22:05] TERRAIN: Chunk (0.0, 0.0): Using TRIMESH collision (distance: 0.00)
[22:22:05] TERRAIN: Chunk created successfully: (0.0, 0.0) at world pos (0.0, 0.0, 0.0) (total chunks: 1)
[22:22:05] TERRAIN: Creating chunk: (0.0, -1.0) at distance 1.00
[22:22:05] TERRAIN: Chunk (0.0, -1.0): Using TRIMESH collision (distance: 1.00)
[22:22:05] TERRAIN: Chunk created successfully: (0.0, -1.0) at world pos (0.0, 0.0, -32.0) (total chunks: 2)
[22:22:05] TERRAIN: Creating chunk: (-1.0, 0.0) at distance 1.00
[22:22:05] TERRAIN: Chunk (-1.0, 0.0): Using TRIMESH collision (distance: 1.00)
[22:22:05] TERRAIN: Chunk created successfully: (-1.0, 0.0) at world pos (-32.0, 0.0, 0.0) (total chunks: 3)
[22:22:05] TERRAIN: Creating chunk: (0.0, 1.0) at distance 1.00
[22:22:05] TERRAIN: Chunk (0.0, 1.0): Using TRIMESH collision (distance: 1.00)
[22:22:05] TERRAIN: Chunk created successfully: (0.0, 1.0) at world pos (0.0, 0.0, 32.0) (total chunks: 4)
[22:22:05] TERRAIN: Creating chunk: (1.0, 0.0) at distance 1.00
[22:22:05] TERRAIN: Chunk (1.0, 0.0): Using TRIMESH collision (distance: 1.00)
[22:22:05] TERRAIN: Chunk created successfully: (1.0, 0.0) at world pos (32.0, 0.0, 0.0) (total chunks: 5)
[22:22:05] TERRAIN: Creating chunk: (-1.0, 1.0) at distance 1.41
[22:22:05] TERRAIN: Chunk (-1.0, 1.0): Using TRIMESH collision (distance: 1.41)
[22:22:05] TERRAIN: Chunk created successfully: (-1.0, 1.0) at world pos (-32.0, 0.0, 32.0) (total chunks: 6)
[22:22:05] TERRAIN: Creating chunk: (-1.0, -1.0) at distance 1.41
[22:22:05] TERRAIN: Chunk (-1.0, -1.0): Using TRIMESH collision (distance: 1.41)
[22:22:05] TERRAIN: Chunk created successfully: (-1.0, -1.0) at world pos (-32.0, 0.0, -32.0) (total chunks: 7)
[22:22:05] TERRAIN: Creating chunk: (1.0, 1.0) at distance 1.41
[22:22:05] TERRAIN: Chunk (1.0, 1.0): Using TRIMESH collision (distance: 1.41)
[22:22:05] TERRAIN: Chunk created successfully: (1.0, 1.0) at world pos (32.0, 0.0, 32.0) (total chunks: 8)
[22:22:05] TERRAIN: Creating chunk: (1.0, -1.0) at distance 1.41
[22:22:05] TERRAIN: Chunk (1.0, -1.0): Using TRIMESH collision (distance: 1.41)
[22:22:05] TERRAIN: Chunk created successfully: (1.0, -1.0) at world pos (32.0, 0.0, -32.0) (total chunks: 9)
[22:22:05] TERRAIN: Creating chunk: (0.0, -2.0) at distance 2.00
[22:22:05] TERRAIN: Chunk (0.0, -2.0): Using TRIMESH collision (distance: 2.00)
[22:22:05] TERRAIN: Chunk created successfully: (0.0, -2.0) at world pos (0.0, 0.0, -64.0) (total chunks: 10)
[22:22:05] TERRAIN: Creating chunk: (0.0, 2.0) at distance 2.00
[22:22:05] TERRAIN: Chunk (0.0, 2.0): Using TRIMESH collision (distance: 2.00)
[22:22:05] TERRAIN: Chunk created successfully: (0.0, 2.0) at world pos (0.0, 0.0, 64.0) (total chunks: 11)
[22:22:05] TERRAIN: Creating chunk: (-2.0, 0.0) at distance 2.00
[22:22:05] TERRAIN: Chunk (-2.0, 0.0): Using TRIMESH collision (distance: 2.00)
[22:22:05] TERRAIN: Chunk created successfully: (-2.0, 0.0) at world pos (-64.0, 0.0, 0.0) (total chunks: 12)
[22:22:05] TERRAIN: Creating chunk: (2.0, 0.0) at distance 2.00
[22:22:05] TERRAIN: Chunk (2.0, 0.0): Using TRIMESH collision (distance: 2.00)
[22:22:05] TERRAIN: Chunk created successfully: (2.0, 0.0) at world pos (64.0, 0.0, 0.0) (total chunks: 13)
[22:22:05] TERRAIN: Creating chunk: (-2.0, 1.0) at distance 2.24
[22:22:05] TERRAIN: Chunk (-2.0, 1.0): Using TRIMESH collision (distance: 2.24)
[22:22:05] TERRAIN: Chunk created successfully: (-2.0, 1.0) at world pos (-64.0, 0.0, 32.0) (total chunks: 14)
[22:22:05] TERRAIN: Creating chunk: (-2.0, -1.0) at distance 2.24
[22:22:05] TERRAIN: Chunk (-2.0, -1.0): Using TRIMESH collision (distance: 2.24)
[22:22:05] TERRAIN: Chunk created successfully: (-2.0, -1.0) at world pos (-64.0, 0.0, -32.0) (total chunks: 15)
[22:22:05] TERRAIN: Creating chunk: (1.0, 2.0) at distance 2.24
[22:22:05] TERRAIN: Chunk (1.0, 2.0): Using TRIMESH collision (distance: 2.24)
[22:22:05] TERRAIN: Chunk created successfully: (1.0, 2.0) at world pos (32.0, 0.0, 64.0) (total chunks: 16)
[22:22:05] TERRAIN: Creating chunk: (1.0, -2.0) at distance 2.24
[22:22:05] TERRAIN: Chunk (1.0, -2.0): Using TRIMESH collision (distance: 2.24)
[22:22:05] TERRAIN: Chunk created successfully: (1.0, -2.0) at world pos (32.0, 0.0, -64.0) (total chunks: 17)
[22:22:05] TERRAIN: Creating chunk: (-1.0, 2.0) at distance 2.24
[22:22:05] TERRAIN: Chunk (-1.0, 2.0): Using TRIMESH collision (distance: 2.24)
[22:22:05] TERRAIN: Chunk created successfully: (-1.0, 2.0) at world pos (-32.0, 0.0, 64.0) (total chunks: 18)
[22:22:05] TERRAIN: Creating chunk: (2.0, 1.0) at distance 2.24
[22:22:05] TERRAIN: Chunk (2.0, 1.0): Using TRIMESH collision (distance: 2.24)
[22:22:05] TERRAIN: Chunk created successfully: (2.0, 1.0) at world pos (64.0, 0.0, 32.0) (total chunks: 19)
[22:22:05] TERRAIN: Creating chunk: (2.0, -1.0) at distance 2.24
[22:22:05] TERRAIN: Chunk (2.0, -1.0): Using TRIMESH collision (distance: 2.24)
[22:22:05] TERRAIN: Chunk created successfully: (2.0, -1.0) at world pos (64.0, 0.0, -32.0) (total chunks: 20)
[22:22:05] TERRAIN: Creating chunk: (-1.0, -2.0) at distance 2.24
[22:22:05] TERRAIN: Chunk (-1.0, -2.0): Using TRIMESH collision (distance: 2.24)
[22:22:05] TERRAIN: Chunk created successfully: (-1.0, -2.0) at world pos (-32.0, 0.0, -64.0) (total chunks: 21)
[22:22:05] TERRAIN: Creating chunk: (2.0, 2.0) at distance 2.83
[22:22:05] TERRAIN: Chunk (2.0, 2.0): Using TRIMESH collision (distance: 2.83)
[22:22:05] TERRAIN: Chunk created successfully: (2.0, 2.0) at world pos (64.0, 0.0, 64.0) (total chunks: 22)
[22:22:05] TERRAIN: Creating chunk: (2.0, -2.0) at distance 2.83
[22:22:05] TERRAIN: Chunk (2.0, -2.0): Using TRIMESH collision (distance: 2.83)
[22:22:05] TERRAIN: Chunk created successfully: (2.0, -2.0) at world pos (64.0, 0.0, -64.0) (total chunks: 23)
[22:22:05] TERRAIN: Creating chunk: (-2.0, -2.0) at distance 2.83
[22:22:05] TERRAIN: Chunk (-2.0, -2.0): Using TRIMESH collision (distance: 2.83)
[22:22:05] TERRAIN: Chunk created successfully: (-2.0, -2.0) at world pos (-64.0, 0.0, -64.0) (total chunks: 24)
[22:22:05] TERRAIN: Creating chunk: (-2.0, 2.0) at distance 2.83
[22:22:05] TERRAIN: Chunk (-2.0, 2.0): Using TRIMESH collision (distance: 2.83)
[22:22:05] TERRAIN: Chunk created successfully: (-2.0, 2.0) at world pos (-64.0, 0.0, 64.0) (total chunks: 25)
[22:22:05] TERRAIN: Creating chunk: (0.0, -3.0) at distance 3.00
[22:22:05] TERRAIN: Chunk (0.0, -3.0): Using TRIMESH collision (distance: 3.00)
[22:22:05] TERRAIN: Chunk created successfully: (0.0, -3.0) at world pos (0.0, 0.0, -96.0) (total chunks: 26)
[22:22:05] TERRAIN: Creating chunk: (0.0, 3.0) at distance 3.00
[22:22:05] TERRAIN: Chunk (0.0, 3.0): Using TRIMESH collision (distance: 3.00)
[22:22:05] TERRAIN: Chunk created successfully: (0.0, 3.0) at world pos (0.0, 0.0, 96.0) (total chunks: 27)
[22:22:05] TERRAIN: Creating chunk: (3.0, 0.0) at distance 3.00
[22:22:05] TERRAIN: Chunk (3.0, 0.0): Using TRIMESH collision (distance: 3.00)
[22:22:05] TERRAIN: Chunk created successfully: (3.0, 0.0) at world pos (96.0, 0.0, 0.0) (total chunks: 28)
[22:22:05] TERRAIN: Creating chunk: (-3.0, 0.0) at distance 3.00
[22:22:05] TERRAIN: Chunk (-3.0, 0.0): Using TRIMESH collision (distance: 3.00)
[22:22:05] TERRAIN: Chunk created successfully: (-3.0, 0.0) at world pos (-96.0, 0.0, 0.0) (total chunks: 29)
[22:22:05] TERRAIN: Creating chunk: (1.0, 3.0) at distance 3.16
[22:22:05] TERRAIN: Chunk (1.0, 3.0): Using TRIMESH collision (distance: 3.16)
[22:22:05] TERRAIN: Chunk created successfully: (1.0, 3.0) at world pos (32.0, 0.0, 96.0) (total chunks: 30)
[22:22:05] TERRAIN: Creating chunk: (-1.0, -3.0) at distance 3.16
[22:22:05] TERRAIN: Chunk (-1.0, -3.0): Using TRIMESH collision (distance: 3.16)
[22:22:05] TERRAIN: Chunk created successfully: (-1.0, -3.0) at world pos (-32.0, 0.0, -96.0) (total chunks: 31)
[22:22:05] TERRAIN: Creating chunk: (-3.0, -1.0) at distance 3.16
[22:22:05] TERRAIN: Chunk (-3.0, -1.0): Using TRIMESH collision (distance: 3.16)
[22:22:05] TERRAIN: Chunk created successfully: (-3.0, -1.0) at world pos (-96.0, 0.0, -32.0) (total chunks: 32)
[22:22:05] TERRAIN: Creating chunk: (3.0, -1.0) at distance 3.16
[22:22:05] TERRAIN: Chunk (3.0, -1.0): Using TRIMESH collision (distance: 3.16)
[22:22:05] TERRAIN: Chunk created successfully: (3.0, -1.0) at world pos (96.0, 0.0, -32.0) (total chunks: 33)
[22:22:05] TERRAIN: Creating chunk: (3.0, 1.0) at distance 3.16
[22:22:05] TERRAIN: Chunk (3.0, 1.0): Using TRIMESH collision (distance: 3.16)
[22:22:05] TERRAIN: Chunk created successfully: (3.0, 1.0) at world pos (96.0, 0.0, 32.0) (total chunks: 34)
[22:22:05] TERRAIN: Creating chunk: (-3.0, 1.0) at distance 3.16
[22:22:05] TERRAIN: Chunk (-3.0, 1.0): Using TRIMESH collision (distance: 3.16)
[22:22:05] TERRAIN: Chunk created successfully: (-3.0, 1.0) at world pos (-96.0, 0.0, 32.0) (total chunks: 35)
[22:22:05] TERRAIN: Creating chunk: (1.0, -3.0) at distance 3.16
[22:22:05] TERRAIN: Chunk (1.0, -3.0): Using TRIMESH collision (distance: 3.16)
[22:22:05] TERRAIN: Chunk created successfully: (1.0, -3.0) at world pos (32.0, 0.0, -96.0) (total chunks: 36)
[22:22:05] TERRAIN: Creating chunk: (-1.0, 3.0) at distance 3.16
[22:22:05] TERRAIN: Chunk (-1.0, 3.0): Using TRIMESH collision (distance: 3.16)
[22:22:05] TERRAIN: Chunk created successfully: (-1.0, 3.0) at world pos (-32.0, 0.0, 96.0) (total chunks: 37)
[22:22:05] TERRAIN: Creating chunk: (-3.0, -2.0) at distance 3.61
[22:22:05] TERRAIN: Chunk (-3.0, -2.0): Using TRIMESH collision (distance: 3.61)
[22:22:05] TERRAIN: Chunk created successfully: (-3.0, -2.0) at world pos (-96.0, 0.0, -64.0) (total chunks: 38)
[22:22:05] TERRAIN: Creating chunk: (-3.0, 2.0) at distance 3.61
[22:22:05] TERRAIN: Chunk (-3.0, 2.0): Using TRIMESH collision (distance: 3.61)
[22:22:05] TERRAIN: Chunk created successfully: (-3.0, 2.0) at world pos (-96.0, 0.0, 64.0) (total chunks: 39)
[22:22:05] TERRAIN: Creating chunk: (2.0, -3.0) at distance 3.61
[22:22:05] TERRAIN: Chunk (2.0, -3.0): Using TRIMESH collision (distance: 3.61)
[22:22:05] TERRAIN: Chunk created successfully: (2.0, -3.0) at world pos (64.0, 0.0, -96.0) (total chunks: 40)
[22:22:05] TERRAIN: Creating chunk: (2.0, 3.0) at distance 3.61
[22:22:05] TERRAIN: Chunk (2.0, 3.0): Using TRIMESH collision (distance: 3.61)
[22:22:05] TERRAIN: Chunk created successfully: (2.0, 3.0) at world pos (64.0, 0.0, 96.0) (total chunks: 41)
[22:22:05] TERRAIN: Creating chunk: (-2.0, -3.0) at distance 3.61
[22:22:05] TERRAIN: Chunk (-2.0, -3.0): Using TRIMESH collision (distance: 3.61)
[22:22:05] TERRAIN: Chunk created successfully: (-2.0, -3.0) at world pos (-64.0, 0.0, -96.0) (total chunks: 42)
[22:22:05] TERRAIN: Creating chunk: (3.0, 2.0) at distance 3.61
[22:22:05] TERRAIN: Chunk (3.0, 2.0): Using TRIMESH collision (distance: 3.61)
[22:22:05] TERRAIN: Chunk created successfully: (3.0, 2.0) at world pos (96.0, 0.0, 64.0) (total chunks: 43)
[22:22:05] TERRAIN: Creating chunk: (-2.0, 3.0) at distance 3.61
[22:22:05] TERRAIN: Chunk (-2.0, 3.0): Using TRIMESH collision (distance: 3.61)
[22:22:05] TERRAIN: Chunk created successfully: (-2.0, 3.0) at world pos (-64.0, 0.0, 96.0) (total chunks: 44)
[22:22:05] TERRAIN: Creating chunk: (3.0, -2.0) at distance 3.61
[22:22:05] TERRAIN: Chunk (3.0, -2.0): Using TRIMESH collision (distance: 3.61)
[22:22:05] TERRAIN: Chunk created successfully: (3.0, -2.0) at world pos (96.0, 0.0, -64.0) (total chunks: 45)
[22:22:05] TERRAIN: Creating chunk: (4.0, 0.0) at distance 4.00
[22:22:05] TERRAIN: Chunk (4.0, 0.0): Using TRIMESH collision (distance: 4.00)
[22:22:05] TERRAIN: Chunk created successfully: (4.0, 0.0) at world pos (128.0, 0.0, 0.0) (total chunks: 46)
[22:22:05] TERRAIN: Creating chunk: (0.0, -4.0) at distance 4.00
[22:22:05] TERRAIN: Chunk (0.0, -4.0): Using TRIMESH collision (distance: 4.00)
[22:22:05] TERRAIN: Chunk created successfully: (0.0, -4.0) at world pos (0.0, 0.0, -128.0) (total chunks: 47)
[22:22:05] TERRAIN: Creating chunk: (0.0, 4.0) at distance 4.00
[22:22:05] TERRAIN: Chunk (0.0, 4.0): Using TRIMESH collision (distance: 4.00)
[22:22:05] TERRAIN: Chunk created successfully: (0.0, 4.0) at world pos (0.0, 0.0, 128.0) (total chunks: 48)
[22:22:05] TERRAIN: Creating chunk: (-4.0, 0.0) at distance 4.00
[22:22:05] TERRAIN: Chunk (-4.0, 0.0): Using TRIMESH collision (distance: 4.00)
[22:22:05] TERRAIN: Chunk created successfully: (-4.0, 0.0) at world pos (-128.0, 0.0, 0.0) (total chunks: 49)
[22:22:05] TERRAIN: Creating chunk: (1.0, -4.0) at distance 4.12
[22:22:05] TERRAIN: Chunk (1.0, -4.0): Using TRIMESH collision (distance: 4.12)
[22:22:05] TERRAIN: Chunk created successfully: (1.0, -4.0) at world pos (32.0, 0.0, -128.0) (total chunks: 50)
[22:22:05] TERRAIN: Creating chunk: (-1.0, 4.0) at distance 4.12
[22:22:05] TERRAIN: Chunk (-1.0, 4.0): Using TRIMESH collision (distance: 4.12)
[22:22:05] TERRAIN: Chunk created successfully: (-1.0, 4.0) at world pos (-32.0, 0.0, 128.0) (total chunks: 51)
[22:22:05] TERRAIN: Creating chunk: (1.0, 4.0) at distance 4.12
[22:22:05] TERRAIN: Chunk (1.0, 4.0): Using TRIMESH collision (distance: 4.12)
[22:22:05] TERRAIN: Chunk created successfully: (1.0, 4.0) at world pos (32.0, 0.0, 128.0) (total chunks: 52)
[22:22:05] TERRAIN: Creating chunk: (-4.0, -1.0) at distance 4.12
[22:22:05] TERRAIN: Chunk (-4.0, -1.0): Using TRIMESH collision (distance: 4.12)
[22:22:05] TERRAIN: Chunk created successfully: (-4.0, -1.0) at world pos (-128.0, 0.0, -32.0) (total chunks: 53)
[22:22:05] TERRAIN: Creating chunk: (-1.0, -4.0) at distance 4.12
[22:22:05] TERRAIN: Chunk (-1.0, -4.0): Using TRIMESH collision (distance: 4.12)
[22:22:05] TERRAIN: Chunk created successfully: (-1.0, -4.0) at world pos (-32.0, 0.0, -128.0) (total chunks: 54)
[22:22:05] TERRAIN: Creating chunk: (-4.0, 1.0) at distance 4.12
[22:22:05] TERRAIN: Chunk (-4.0, 1.0): Using TRIMESH collision (distance: 4.12)
[22:22:05] TERRAIN: Chunk created successfully: (-4.0, 1.0) at world pos (-128.0, 0.0, 32.0) (total chunks: 55)
[22:22:05] TERRAIN: Creating chunk: (4.0, -1.0) at distance 4.12
[22:22:05] TERRAIN: Chunk (4.0, -1.0): Using TRIMESH collision (distance: 4.12)
[22:22:05] TERRAIN: Chunk created successfully: (4.0, -1.0) at world pos (128.0, 0.0, -32.0) (total chunks: 56)
[22:22:05] TERRAIN: Creating chunk: (4.0, 1.0) at distance 4.12
[22:22:05] TERRAIN: Chunk (4.0, 1.0): Using TRIMESH collision (distance: 4.12)
[22:22:05] TERRAIN: Chunk created successfully: (4.0, 1.0) at world pos (128.0, 0.0, 32.0) (total chunks: 57)
[22:22:05] TERRAIN: Creating chunk: (3.0, -3.0) at distance 4.24
[22:22:05] TERRAIN: Chunk (3.0, -3.0): Using TRIMESH collision (distance: 4.24)
[22:22:05] TERRAIN: Chunk created successfully: (3.0, -3.0) at world pos (96.0, 0.0, -96.0) (total chunks: 58)
[22:22:05] TERRAIN: Creating chunk: (3.0, 3.0) at distance 4.24
[22:22:05] TERRAIN: Chunk (3.0, 3.0): Using TRIMESH collision (distance: 4.24)
[22:22:05] TERRAIN: Chunk created successfully: (3.0, 3.0) at world pos (96.0, 0.0, 96.0) (total chunks: 59)
[22:22:05] TERRAIN: Creating chunk: (-3.0, -3.0) at distance 4.24
[22:22:05] TERRAIN: Chunk (-3.0, -3.0): Using TRIMESH collision (distance: 4.24)
[22:22:05] TERRAIN: Chunk created successfully: (-3.0, -3.0) at world pos (-96.0, 0.0, -96.0) (total chunks: 60)
[22:22:05] TERRAIN: Creating chunk: (-3.0, 3.0) at distance 4.24
[22:22:05] TERRAIN: Chunk (-3.0, 3.0): Using TRIMESH collision (distance: 4.24)
[22:22:05] TERRAIN: Chunk created successfully: (-3.0, 3.0) at world pos (-96.0, 0.0, 96.0) (total chunks: 61)
[22:22:05] TERRAIN: Creating chunk: (-4.0, -2.0) at distance 4.47
[22:22:05] TERRAIN: Chunk (-4.0, -2.0): Using TRIMESH collision (distance: 4.47)
[22:22:05] TERRAIN: Chunk created successfully: (-4.0, -2.0) at world pos (-128.0, 0.0, -64.0) (total chunks: 62)
[22:22:05] TERRAIN: Creating chunk: (-4.0, 2.0) at distance 4.47
[22:22:05] TERRAIN: Chunk (-4.0, 2.0): Using TRIMESH collision (distance: 4.47)
[22:22:05] TERRAIN: Chunk created successfully: (-4.0, 2.0) at world pos (-128.0, 0.0, 64.0) (total chunks: 63)
[22:22:05] TERRAIN: Creating chunk: (4.0, 2.0) at distance 4.47
[22:22:05] TERRAIN: Chunk (4.0, 2.0): Using TRIMESH collision (distance: 4.47)
[22:22:05] TERRAIN: Chunk created successfully: (4.0, 2.0) at world pos (128.0, 0.0, 64.0) (total chunks: 64)
[22:22:05] TERRAIN: Creating chunk: (4.0, -2.0) at distance 4.47
[22:22:05] TERRAIN: Chunk (4.0, -2.0): Using TRIMESH collision (distance: 4.47)
[22:22:05] TERRAIN: Chunk created successfully: (4.0, -2.0) at world pos (128.0, 0.0, -64.0) (total chunks: 65)
[22:22:05] TERRAIN: Creating chunk: (-2.0, -4.0) at distance 4.47
[22:22:05] TERRAIN: Chunk (-2.0, -4.0): Using TRIMESH collision (distance: 4.47)
[22:22:05] TERRAIN: Chunk created successfully: (-2.0, -4.0) at world pos (-64.0, 0.0, -128.0) (total chunks: 66)
[22:22:05] TERRAIN: Creating chunk: (-2.0, 4.0) at distance 4.47
[22:22:05] TERRAIN: Chunk (-2.0, 4.0): Using TRIMESH collision (distance: 4.47)
[22:22:05] TERRAIN: Chunk created successfully: (-2.0, 4.0) at world pos (-64.0, 0.0, 128.0) (total chunks: 67)
[22:22:05] TERRAIN: Creating chunk: (2.0, 4.0) at distance 4.47
[22:22:05] TERRAIN: Chunk (2.0, 4.0): Using TRIMESH collision (distance: 4.47)
[22:22:05] TERRAIN: Chunk created successfully: (2.0, 4.0) at world pos (64.0, 0.0, 128.0) (total chunks: 68)
[22:22:05] TERRAIN: Creating chunk: (2.0, -4.0) at distance 4.47
[22:22:05] TERRAIN: Chunk (2.0, -4.0): Using TRIMESH collision (distance: 4.47)
[22:22:05] TERRAIN: Chunk created successfully: (2.0, -4.0) at world pos (64.0, 0.0, -128.0) (total chunks: 69)
[22:22:05] TERRAIN: Creating chunk: (0.0, -5.0) at distance 5.00
[22:22:05] TERRAIN: Chunk (0.0, -5.0): Using TRIMESH collision (distance: 5.00)
[22:22:05] TERRAIN: Chunk created successfully: (0.0, -5.0) at world pos (0.0, 0.0, -160.0) (total chunks: 70)
[22:22:05] TERRAIN: Creating chunk: (-3.0, 4.0) at distance 5.00
[22:22:05] TERRAIN: Chunk (-3.0, 4.0): Using TRIMESH collision (distance: 5.00)
[22:22:05] TERRAIN: Chunk created successfully: (-3.0, 4.0) at world pos (-96.0, 0.0, 128.0) (total chunks: 71)
[22:22:05] TERRAIN: Creating chunk: (-3.0, -4.0) at distance 5.00
[22:22:05] TERRAIN: Chunk (-3.0, -4.0): Using TRIMESH collision (distance: 5.00)
[22:22:05] TERRAIN: Chunk created successfully: (-3.0, -4.0) at world pos (-96.0, 0.0, -128.0) (total chunks: 72)
[22:22:05] TERRAIN: Creating chunk: (-4.0, 3.0) at distance 5.00
[22:22:05] TERRAIN: Chunk (-4.0, 3.0): Using TRIMESH collision (distance: 5.00)
[22:22:05] TERRAIN: Chunk created successfully: (-4.0, 3.0) at world pos (-128.0, 0.0, 96.0) (total chunks: 73)
[22:22:05] TERRAIN: Creating chunk: (-4.0, -3.0) at distance 5.00
[22:22:05] TERRAIN: Chunk (-4.0, -3.0): Using TRIMESH collision (distance: 5.00)
[22:22:05] TERRAIN: Chunk created successfully: (-4.0, -3.0) at world pos (-128.0, 0.0, -96.0) (total chunks: 74)
[22:22:05] TERRAIN: Creating chunk: (3.0, -4.0) at distance 5.00
[22:22:05] TERRAIN: Chunk (3.0, -4.0): Using TRIMESH collision (distance: 5.00)
[22:22:05] TERRAIN: Chunk created successfully: (3.0, -4.0) at world pos (96.0, 0.0, -128.0) (total chunks: 75)
[22:22:05] TERRAIN: Creating chunk: (3.0, 4.0) at distance 5.00
[22:22:05] TERRAIN: Chunk (3.0, 4.0): Using TRIMESH collision (distance: 5.00)
[22:22:05] TERRAIN: Chunk created successfully: (3.0, 4.0) at world pos (96.0, 0.0, 128.0) (total chunks: 76)
[22:22:05] TERRAIN: Creating chunk: (-5.0, 0.0) at distance 5.00
[22:22:05] TERRAIN: Chunk (-5.0, 0.0): Using TRIMESH collision (distance: 5.00)
[22:22:05] TERRAIN: Chunk created successfully: (-5.0, 0.0) at world pos (-160.0, 0.0, 0.0) (total chunks: 77)
[22:22:05] TERRAIN: Creating chunk: (5.0, 0.0) at distance 5.00
[22:22:05] TERRAIN: Chunk (5.0, 0.0): Using TRIMESH collision (distance: 5.00)
[22:22:05] TERRAIN: Chunk created successfully: (5.0, 0.0) at world pos (160.0, 0.0, 0.0) (total chunks: 78)
[22:22:05] TERRAIN: Creating chunk: (0.0, 5.0) at distance 5.00
[22:22:05] TERRAIN: Chunk (0.0, 5.0): Using TRIMESH collision (distance: 5.00)
[22:22:05] TERRAIN: Chunk created successfully: (0.0, 5.0) at world pos (0.0, 0.0, 160.0) (total chunks: 79)
[22:22:05] TERRAIN: Creating chunk: (4.0, -3.0) at distance 5.00
[22:22:05] TERRAIN: Chunk (4.0, -3.0): Using TRIMESH collision (distance: 5.00)
[22:22:05] TERRAIN: Chunk created successfully: (4.0, -3.0) at world pos (128.0, 0.0, -96.0) (total chunks: 80)
[22:22:05] TERRAIN: Creating chunk: (4.0, 3.0) at distance 5.00
[22:22:05] TERRAIN: Chunk (4.0, 3.0): Using TRIMESH collision (distance: 5.00)
[22:22:05] TERRAIN: Chunk created successfully: (4.0, 3.0) at world pos (128.0, 0.0, 96.0) (total chunks: 81)
[22:22:05] TERRAIN: Creating chunk: (5.0, 1.0) at distance 5.10
[22:22:05] TERRAIN: Chunk (5.0, 1.0): Using TRIMESH collision (distance: 5.10)
[22:22:05] TERRAIN: Chunk created successfully: (5.0, 1.0) at world pos (160.0, 0.0, 32.0) (total chunks: 82)
[22:22:05] TERRAIN: Creating chunk: (-1.0, 5.0) at distance 5.10
[22:22:05] TERRAIN: Chunk (-1.0, 5.0): Using TRIMESH collision (distance: 5.10)
[22:22:05] TERRAIN: Chunk created successfully: (-1.0, 5.0) at world pos (-32.0, 0.0, 160.0) (total chunks: 83)
[22:22:05] TERRAIN: Creating chunk: (-5.0, -1.0) at distance 5.10
[22:22:05] TERRAIN: Chunk (-5.0, -1.0): Using TRIMESH collision (distance: 5.10)
[22:22:05] TERRAIN: Chunk created successfully: (-5.0, -1.0) at world pos (-160.0, 0.0, -32.0) (total chunks: 84)
[22:22:05] TERRAIN: Creating chunk: (1.0, -5.0) at distance 5.10
[22:22:05] TERRAIN: Chunk (1.0, -5.0): Using TRIMESH collision (distance: 5.10)
[22:22:05] TERRAIN: Chunk created successfully: (1.0, -5.0) at world pos (32.0, 0.0, -160.0) (total chunks: 85)
[22:22:05] TERRAIN: Creating chunk: (1.0, 5.0) at distance 5.10
[22:22:05] TERRAIN: Chunk (1.0, 5.0): Using TRIMESH collision (distance: 5.10)
[22:22:05] TERRAIN: Chunk created successfully: (1.0, 5.0) at world pos (32.0, 0.0, 160.0) (total chunks: 86)
[22:22:05] TERRAIN: Creating chunk: (5.0, -1.0) at distance 5.10
[22:22:05] TERRAIN: Chunk (5.0, -1.0): Using TRIMESH collision (distance: 5.10)
[22:22:05] TERRAIN: Chunk created successfully: (5.0, -1.0) at world pos (160.0, 0.0, -32.0) (total chunks: 87)
[22:22:05] TERRAIN: Creating chunk: (-5.0, 1.0) at distance 5.10
[22:22:05] TERRAIN: Chunk (-5.0, 1.0): Using TRIMESH collision (distance: 5.10)
[22:22:05] TERRAIN: Chunk created successfully: (-5.0, 1.0) at world pos (-160.0, 0.0, 32.0) (total chunks: 88)
[22:22:05] PLAYER: Pos: (0.0, 0.000183, 0.0) | Chunk: (0.0, 0.0) | TerrainHeight: 0.00 | HeightDiff: 0.00 | OnFloor: true
[22:22:05] PLAYER: CHUNK CHANGED: (inf, inf) -> (0.0, 0.0)
[22:22:05] TERRAIN: Creating chunk: (-1.0, -5.0) at distance 5.10
[22:22:05] TERRAIN: Chunk (-1.0, -5.0): Using TRIMESH collision (distance: 5.10)
[22:22:05] TERRAIN: Chunk created successfully: (-1.0, -5.0) at world pos (-32.0, 0.0, -160.0) (total chunks: 89)
[22:22:05] TERRAIN: Creating chunk: (-5.0, 2.0) at distance 5.39
[22:22:05] TERRAIN: Chunk (-5.0, 2.0): Using TRIMESH collision (distance: 5.39)
[22:22:05] TERRAIN: Chunk created successfully: (-5.0, 2.0) at world pos (-160.0, 0.0, 64.0) (total chunks: 90)
[22:22:05] TERRAIN: Creating chunk: (5.0, -2.0) at distance 5.39
[22:22:05] TERRAIN: Chunk (5.0, -2.0): Using TRIMESH collision (distance: 5.39)
[22:22:05] TERRAIN: Chunk created successfully: (5.0, -2.0) at world pos (160.0, 0.0, -64.0) (total chunks: 91)
[22:22:05] TERRAIN: Creating chunk: (-2.0, 5.0) at distance 5.39
[22:22:05] TERRAIN: Chunk (-2.0, 5.0): Using TRIMESH collision (distance: 5.39)
[22:22:05] TERRAIN: Chunk created successfully: (-2.0, 5.0) at world pos (-64.0, 0.0, 160.0) (total chunks: 92)
[22:22:05] TERRAIN: Creating chunk: (2.0, 5.0) at distance 5.39
[22:22:05] TERRAIN: Chunk (2.0, 5.0): Using TRIMESH collision (distance: 5.39)
[22:22:05] TERRAIN: Chunk created successfully: (2.0, 5.0) at world pos (64.0, 0.0, 160.0) (total chunks: 93)
[22:22:05] TERRAIN: Creating chunk: (2.0, -5.0) at distance 5.39
[22:22:05] TERRAIN: Chunk (2.0, -5.0): Using TRIMESH collision (distance: 5.39)
[22:22:05] TERRAIN: Chunk created successfully: (2.0, -5.0) at world pos (64.0, 0.0, -160.0) (total chunks: 94)
[22:22:05] TERRAIN: Creating chunk: (-2.0, -5.0) at distance 5.39
[22:22:05] TERRAIN: Chunk (-2.0, -5.0): Using TRIMESH collision (distance: 5.39)
[22:22:05] TERRAIN: Chunk created successfully: (-2.0, -5.0) at world pos (-64.0, 0.0, -160.0) (total chunks: 95)
[22:22:05] TERRAIN: Creating chunk: (-5.0, -2.0) at distance 5.39
[22:22:05] TERRAIN: Chunk (-5.0, -2.0): Using TRIMESH collision (distance: 5.39)
[22:22:05] TERRAIN: Chunk created successfully: (-5.0, -2.0) at world pos (-160.0, 0.0, -64.0) (total chunks: 96)
[22:22:06] TERRAIN: Creating chunk: (5.0, 2.0) at distance 5.39
[22:22:06] TERRAIN: Chunk (5.0, 2.0): Using TRIMESH collision (distance: 5.39)
[22:22:06] TERRAIN: Chunk created successfully: (5.0, 2.0) at world pos (160.0, 0.0, 64.0) (total chunks: 97)
[22:22:06] TERRAIN: Creating chunk: (4.0, 4.0) at distance 5.66
[22:22:06] TERRAIN: Chunk (4.0, 4.0): Using TRIMESH collision (distance: 5.66)
[22:22:06] TERRAIN: Chunk created successfully: (4.0, 4.0) at world pos (128.0, 0.0, 128.0) (total chunks: 98)
[22:22:06] TERRAIN: Creating chunk: (4.0, -4.0) at distance 5.66
[22:22:06] TERRAIN: Chunk (4.0, -4.0): Using TRIMESH collision (distance: 5.66)
[22:22:06] TERRAIN: Chunk created successfully: (4.0, -4.0) at world pos (128.0, 0.0, -128.0) (total chunks: 99)
[22:22:06] TERRAIN: Creating chunk: (-4.0, -4.0) at distance 5.66
[22:22:06] TERRAIN: Chunk (-4.0, -4.0): Using TRIMESH collision (distance: 5.66)
[22:22:06] TERRAIN: Chunk created successfully: (-4.0, -4.0) at world pos (-128.0, 0.0, -128.0) (total chunks: 100)
[22:22:06] TERRAIN: Creating chunk: (-4.0, 4.0) at distance 5.66
[22:22:06] TERRAIN: Chunk (-4.0, 4.0): Using TRIMESH collision (distance: 5.66)
[22:22:06] TERRAIN: Chunk created successfully: (-4.0, 4.0) at world pos (-128.0, 0.0, 128.0) (total chunks: 101)
[22:22:06] TERRAIN: Creating chunk: (3.0, -5.0) at distance 5.83
[22:22:06] TERRAIN: Chunk (3.0, -5.0): Using TRIMESH collision (distance: 5.83)
[22:22:06] TERRAIN: Chunk created successfully: (3.0, -5.0) at world pos (96.0, 0.0, -160.0) (total chunks: 102)
[22:22:06] TERRAIN: Creating chunk: (-3.0, -5.0) at distance 5.83
[22:22:06] TERRAIN: Chunk (-3.0, -5.0): Using TRIMESH collision (distance: 5.83)
[22:22:06] TERRAIN: Chunk created successfully: (-3.0, -5.0) at world pos (-96.0, 0.0, -160.0) (total chunks: 103)
[22:22:06] TERRAIN: Creating chunk: (3.0, 5.0) at distance 5.83
[22:22:06] TERRAIN: Chunk (3.0, 5.0): Using TRIMESH collision (distance: 5.83)
[22:22:06] TERRAIN: Chunk created successfully: (3.0, 5.0) at world pos (96.0, 0.0, 160.0) (total chunks: 104)
[22:22:06] TERRAIN: Creating chunk: (5.0, -3.0) at distance 5.83
[22:22:06] TERRAIN: Chunk (5.0, -3.0): Using TRIMESH collision (distance: 5.83)
[22:22:06] TERRAIN: Chunk created successfully: (5.0, -3.0) at world pos (160.0, 0.0, -96.0) (total chunks: 105)
[22:22:06] TERRAIN: Creating chunk: (-5.0, 3.0) at distance 5.83
[22:22:06] TERRAIN: Chunk (-5.0, 3.0): Using TRIMESH collision (distance: 5.83)
[22:22:06] TERRAIN: Chunk created successfully: (-5.0, 3.0) at world pos (-160.0, 0.0, 96.0) (total chunks: 106)
[22:22:06] TERRAIN: Creating chunk: (-3.0, 5.0) at distance 5.83
[22:22:06] TERRAIN: Chunk (-3.0, 5.0): Using TRIMESH collision (distance: 5.83)
[22:22:06] TERRAIN: Chunk created successfully: (-3.0, 5.0) at world pos (-96.0, 0.0, 160.0) (total chunks: 107)
[22:22:06] TERRAIN: Creating chunk: (5.0, 3.0) at distance 5.83
[22:22:06] TERRAIN: Chunk (5.0, 3.0): Using TRIMESH collision (distance: 5.83)
[22:22:06] TERRAIN: Chunk created successfully: (5.0, 3.0) at world pos (160.0, 0.0, 96.0) (total chunks: 108)
[22:22:06] TERRAIN: Creating chunk: (-5.0, -3.0) at distance 5.83
[22:22:06] TERRAIN: Chunk (-5.0, -3.0): Using TRIMESH collision (distance: 5.83)
[22:22:06] TERRAIN: Chunk created successfully: (-5.0, -3.0) at world pos (-160.0, 0.0, -96.0) (total chunks: 109)
[22:22:06] TERRAIN: Creating chunk: (-6.0, 0.0) at distance 6.00
[22:22:06] TERRAIN: Chunk (-6.0, 0.0): Using TRIMESH collision (distance: 6.00)
[22:22:06] TERRAIN: Chunk created successfully: (-6.0, 0.0) at world pos (-192.0, 0.0, 0.0) (total chunks: 110)
[22:22:06] TERRAIN: Creating chunk: (6.0, 0.0) at distance 6.00
[22:22:06] TERRAIN: Chunk (6.0, 0.0): Using TRIMESH collision (distance: 6.00)
[22:22:06] TERRAIN: Chunk created successfully: (6.0, 0.0) at world pos (192.0, 0.0, 0.0) (total chunks: 111)
[22:22:06] TERRAIN: Creating chunk: (0.0, -6.0) at distance 6.00
[22:22:06] TERRAIN: Chunk (0.0, -6.0): Using TRIMESH collision (distance: 6.00)
[22:22:06] TERRAIN: Chunk created successfully: (0.0, -6.0) at world pos (0.0, 0.0, -192.0) (total chunks: 112)
[22:22:06] TERRAIN: Creating chunk: (0.0, 6.0) at distance 6.00
[22:22:06] TERRAIN: Chunk (0.0, 6.0): Using TRIMESH collision (distance: 6.00)
[22:22:06] TERRAIN: Chunk created successfully: (0.0, 6.0) at world pos (0.0, 0.0, 192.0) (total chunks: 113)
[22:22:06] TERRAIN: Creating chunk: (6.0, -1.0) at distance 6.08
[22:22:06] TERRAIN: Chunk (6.0, -1.0): Using TRIMESH collision (distance: 6.08)
[22:22:06] TERRAIN: Chunk created successfully: (6.0, -1.0) at world pos (192.0, 0.0, -32.0) (total chunks: 114)
[22:22:06] TERRAIN: Creating chunk: (-6.0, 1.0) at distance 6.08
[22:22:06] TERRAIN: Chunk (-6.0, 1.0): Using TRIMESH collision (distance: 6.08)
[22:22:06] TERRAIN: Chunk created successfully: (-6.0, 1.0) at world pos (-192.0, 0.0, 32.0) (total chunks: 115)
[22:22:06] TERRAIN: Creating chunk: (-1.0, 6.0) at distance 6.08
[22:22:06] TERRAIN: Chunk (-1.0, 6.0): Using TRIMESH collision (distance: 6.08)
[22:22:06] TERRAIN: Chunk created successfully: (-1.0, 6.0) at world pos (-32.0, 0.0, 192.0) (total chunks: 116)
[22:22:06] TERRAIN: Creating chunk: (1.0, -6.0) at distance 6.08
[22:22:06] TERRAIN: Chunk (1.0, -6.0): Using TRIMESH collision (distance: 6.08)
[22:22:06] TERRAIN: Chunk created successfully: (1.0, -6.0) at world pos (32.0, 0.0, -192.0) (total chunks: 117)
[22:22:06] TERRAIN: Creating chunk: (1.0, 6.0) at distance 6.08
[22:22:06] TERRAIN: Chunk (1.0, 6.0): Using TRIMESH collision (distance: 6.08)
[22:22:06] TERRAIN: Chunk created successfully: (1.0, 6.0) at world pos (32.0, 0.0, 192.0) (total chunks: 118)
[22:22:06] TERRAIN: Creating chunk: (-1.0, -6.0) at distance 6.08
[22:22:06] TERRAIN: Chunk (-1.0, -6.0): Using TRIMESH collision (distance: 6.08)
[22:22:06] TERRAIN: Chunk created successfully: (-1.0, -6.0) at world pos (-32.0, 0.0, -192.0) (total chunks: 119)
[22:22:06] TERRAIN: Creating chunk: (-6.0, -1.0) at distance 6.08
[22:22:06] TERRAIN: Chunk (-6.0, -1.0): Using TRIMESH collision (distance: 6.08)
[22:22:06] TERRAIN: Chunk created successfully: (-6.0, -1.0) at world pos (-192.0, 0.0, -32.0) (total chunks: 120)
[22:22:06] TERRAIN: Creating chunk: (6.0, 1.0) at distance 6.08
[22:22:06] TERRAIN: Chunk (6.0, 1.0): Using TRIMESH collision (distance: 6.08)
[22:22:06] TERRAIN: Chunk created successfully: (6.0, 1.0) at world pos (192.0, 0.0, 32.0) (total chunks: 121)
[22:22:06] TERRAIN: Creating chunk: (-2.0, 6.0) at distance 6.32
[22:22:06] TERRAIN: Chunk (-2.0, 6.0): Using TRIMESH collision (distance: 6.32)
[22:22:06] TERRAIN: Chunk created successfully: (-2.0, 6.0) at world pos (-64.0, 0.0, 192.0) (total chunks: 122)
[22:22:06] TERRAIN: Creating chunk: (6.0, -2.0) at distance 6.32
[22:22:06] TERRAIN: Chunk (6.0, -2.0): Using TRIMESH collision (distance: 6.32)
[22:22:06] TERRAIN: Chunk created successfully: (6.0, -2.0) at world pos (192.0, 0.0, -64.0) (total chunks: 123)
[22:22:06] TERRAIN: Creating chunk: (6.0, 2.0) at distance 6.32
[22:22:06] TERRAIN: Chunk (6.0, 2.0): Using TRIMESH collision (distance: 6.32)
[22:22:06] TERRAIN: Chunk created successfully: (6.0, 2.0) at world pos (192.0, 0.0, 64.0) (total chunks: 124)
[22:22:06] TERRAIN: Creating chunk: (2.0, 6.0) at distance 6.32
[22:22:06] TERRAIN: Chunk (2.0, 6.0): Using TRIMESH collision (distance: 6.32)
[22:22:06] TERRAIN: Chunk created successfully: (2.0, 6.0) at world pos (64.0, 0.0, 192.0) (total chunks: 125)
[22:22:06] TERRAIN: Creating chunk: (2.0, -6.0) at distance 6.32
[22:22:06] TERRAIN: Chunk (2.0, -6.0): Using TRIMESH collision (distance: 6.32)
[22:22:06] TERRAIN: Chunk created successfully: (2.0, -6.0) at world pos (64.0, 0.0, -192.0) (total chunks: 126)
[22:22:06] TERRAIN: Creating chunk: (-2.0, -6.0) at distance 6.32
[22:22:06] TERRAIN: Chunk (-2.0, -6.0): Using TRIMESH collision (distance: 6.32)
[22:22:06] TERRAIN: Chunk created successfully: (-2.0, -6.0) at world pos (-64.0, 0.0, -192.0) (total chunks: 127)
[22:22:06] TERRAIN: Creating chunk: (-6.0, -2.0) at distance 6.32
[22:22:06] TERRAIN: Chunk (-6.0, -2.0): Using TRIMESH collision (distance: 6.32)
[22:22:06] TERRAIN: Chunk created successfully: (-6.0, -2.0) at world pos (-192.0, 0.0, -64.0) (total chunks: 128)
[22:22:06] TERRAIN: Creating chunk: (-6.0, 2.0) at distance 6.32
[22:22:06] TERRAIN: Chunk (-6.0, 2.0): Using TRIMESH collision (distance: 6.32)
[22:22:06] TERRAIN: Chunk created successfully: (-6.0, 2.0) at world pos (-192.0, 0.0, 64.0) (total chunks: 129)
[22:22:06] TERRAIN: Creating chunk: (-4.0, -5.0) at distance 6.40
[22:22:06] TERRAIN: Chunk (-4.0, -5.0): Using TRIMESH collision (distance: 6.40)
[22:22:06] TERRAIN: Chunk created successfully: (-4.0, -5.0) at world pos (-128.0, 0.0, -160.0) (total chunks: 130)
[22:22:06] TERRAIN: Creating chunk: (-5.0, 4.0) at distance 6.40
[22:22:06] TERRAIN: Chunk (-5.0, 4.0): Using TRIMESH collision (distance: 6.40)
[22:22:06] TERRAIN: Chunk created successfully: (-5.0, 4.0) at world pos (-160.0, 0.0, 128.0) (total chunks: 131)
[22:22:06] TERRAIN: Creating chunk: (-5.0, -4.0) at distance 6.40
[22:22:06] TERRAIN: Chunk (-5.0, -4.0): Using TRIMESH collision (distance: 6.40)
[22:22:06] TERRAIN: Chunk created successfully: (-5.0, -4.0) at world pos (-160.0, 0.0, -128.0) (total chunks: 132)
[22:22:06] TERRAIN: Creating chunk: (-4.0, 5.0) at distance 6.40
[22:22:06] TERRAIN: Chunk (-4.0, 5.0): Using TRIMESH collision (distance: 6.40)
[22:22:06] TERRAIN: Chunk created successfully: (-4.0, 5.0) at world pos (-128.0, 0.0, 160.0) (total chunks: 133)
[22:22:06] TERRAIN: Creating chunk: (4.0, -5.0) at distance 6.40
[22:22:06] TERRAIN: Chunk (4.0, -5.0): Using TRIMESH collision (distance: 6.40)
[22:22:06] TERRAIN: Chunk created successfully: (4.0, -5.0) at world pos (128.0, 0.0, -160.0) (total chunks: 134)
[22:22:06] TERRAIN: Creating chunk: (4.0, 5.0) at distance 6.40
[22:22:06] TERRAIN: Chunk (4.0, 5.0): Using TRIMESH collision (distance: 6.40)
[22:22:06] TERRAIN: Chunk created successfully: (4.0, 5.0) at world pos (128.0, 0.0, 160.0) (total chunks: 135)
[22:22:06] TERRAIN: Creating chunk: (5.0, -4.0) at distance 6.40
[22:22:06] TERRAIN: Chunk (5.0, -4.0): Using TRIMESH collision (distance: 6.40)
[22:22:06] TERRAIN: Chunk created successfully: (5.0, -4.0) at world pos (160.0, 0.0, -128.0) (total chunks: 136)
[22:22:06] TERRAIN: Creating chunk: (5.0, 4.0) at distance 6.40
[22:22:06] TERRAIN: Chunk (5.0, 4.0): Using TRIMESH collision (distance: 6.40)
[22:22:06] TERRAIN: Chunk created successfully: (5.0, 4.0) at world pos (160.0, 0.0, 128.0) (total chunks: 137)
[22:22:06] TERRAIN: Creating chunk: (-3.0, -6.0) at distance 6.71
[22:22:06] TERRAIN: Chunk (-3.0, -6.0): Using TRIMESH collision (distance: 6.71)
[22:22:06] TERRAIN: Chunk created successfully: (-3.0, -6.0) at world pos (-96.0, 0.0, -192.0) (total chunks: 138)
[22:22:06] TERRAIN: Creating chunk: (-3.0, 6.0) at distance 6.71
[22:22:06] TERRAIN: Chunk (-3.0, 6.0): Using TRIMESH collision (distance: 6.71)
[22:22:06] TERRAIN: Chunk created successfully: (-3.0, 6.0) at world pos (-96.0, 0.0, 192.0) (total chunks: 139)
[22:22:06] TERRAIN: Creating chunk: (6.0, -3.0) at distance 6.71
[22:22:06] TERRAIN: Chunk (6.0, -3.0): Using TRIMESH collision (distance: 6.71)
[22:22:06] TERRAIN: Chunk created successfully: (6.0, -3.0) at world pos (192.0, 0.0, -96.0) (total chunks: 140)
[22:22:06] TERRAIN: Creating chunk: (6.0, 3.0) at distance 6.71
[22:22:06] TERRAIN: Chunk (6.0, 3.0): Using TRIMESH collision (distance: 6.71)
[22:22:06] TERRAIN: Chunk created successfully: (6.0, 3.0) at world pos (192.0, 0.0, 96.0) (total chunks: 141)
[22:22:06] TERRAIN: Creating chunk: (-6.0, 3.0) at distance 6.71
[22:22:06] TERRAIN: Chunk (-6.0, 3.0): Using TRIMESH collision (distance: 6.71)
[22:22:06] TERRAIN: Chunk created successfully: (-6.0, 3.0) at world pos (-192.0, 0.0, 96.0) (total chunks: 142)
[22:22:06] TERRAIN: Creating chunk: (3.0, -6.0) at distance 6.71
[22:22:06] TERRAIN: Chunk (3.0, -6.0): Using TRIMESH collision (distance: 6.71)
[22:22:06] TERRAIN: Chunk created successfully: (3.0, -6.0) at world pos (96.0, 0.0, -192.0) (total chunks: 143)
[22:22:06] TERRAIN: Creating chunk: (3.0, 6.0) at distance 6.71
[22:22:06] TERRAIN: Chunk (3.0, 6.0): Using TRIMESH collision (distance: 6.71)
[22:22:06] TERRAIN: Chunk created successfully: (3.0, 6.0) at world pos (96.0, 0.0, 192.0) (total chunks: 144)
[22:22:06] TERRAIN: Creating chunk: (-6.0, -3.0) at distance 6.71
[22:22:06] TERRAIN: Chunk (-6.0, -3.0): Using TRIMESH collision (distance: 6.71)
[22:22:06] TERRAIN: Chunk created successfully: (-6.0, -3.0) at world pos (-192.0, 0.0, -96.0) (total chunks: 145)
[22:22:06] TERRAIN: Creating chunk: (-7.0, 0.0) at distance 7.00
[22:22:06] TERRAIN: Chunk (-7.0, 0.0): Using TRIMESH collision (distance: 7.00)
[22:22:06] TERRAIN: Chunk created successfully: (-7.0, 0.0) at world pos (-224.0, 0.0, 0.0) (total chunks: 146)
[22:22:06] TERRAIN: Creating chunk: (0.0, -7.0) at distance 7.00
[22:22:06] TERRAIN: Chunk (0.0, -7.0): Using TRIMESH collision (distance: 7.00)
[22:22:06] TERRAIN: Chunk created successfully: (0.0, -7.0) at world pos (0.0, 0.0, -224.0) (total chunks: 147)
[22:22:06] TERRAIN: Creating chunk: (0.0, 7.0) at distance 7.00
[22:22:06] TERRAIN: Chunk (0.0, 7.0): Using TRIMESH collision (distance: 7.00)
[22:22:06] TERRAIN: Chunk created successfully: (0.0, 7.0) at world pos (0.0, 0.0, 224.0) (total chunks: 148)
[22:22:06] TERRAIN: Creating chunk: (7.0, 0.0) at distance 7.00
[22:22:06] TERRAIN: Chunk (7.0, 0.0): Using TRIMESH collision (distance: 7.00)
[22:22:06] TERRAIN: Chunk created successfully: (7.0, 0.0) at world pos (224.0, 0.0, 0.0) (total chunks: 149)
[22:22:06] TERRAIN: Creating chunk: (-5.0, -5.0) at distance 7.07
[22:22:06] TERRAIN: Chunk (-5.0, -5.0): Using TRIMESH collision (distance: 7.07)
[22:22:06] TERRAIN: Chunk created successfully: (-5.0, -5.0) at world pos (-160.0, 0.0, -160.0) (total chunks: 150)
[22:22:06] TERRAIN: Creating chunk: (-5.0, 5.0) at distance 7.07
[22:22:06] TERRAIN: Chunk (-5.0, 5.0): Using TRIMESH collision (distance: 7.07)
[22:22:06] TERRAIN: Chunk created successfully: (-5.0, 5.0) at world pos (-160.0, 0.0, 160.0) (total chunks: 151)
[22:22:06] TERRAIN: Creating chunk: (-1.0, -7.0) at distance 7.07
[22:22:06] TERRAIN: Chunk (-1.0, -7.0): Using TRIMESH collision (distance: 7.07)
[22:22:06] TERRAIN: Chunk created successfully: (-1.0, -7.0) at world pos (-32.0, 0.0, -224.0) (total chunks: 152)
[22:22:06] TERRAIN: Creating chunk: (-1.0, 7.0) at distance 7.07
[22:22:06] TERRAIN: Chunk (-1.0, 7.0): Using TRIMESH collision (distance: 7.07)
[22:22:06] TERRAIN: Chunk created successfully: (-1.0, 7.0) at world pos (-32.0, 0.0, 224.0) (total chunks: 153)
[22:22:06] TERRAIN: Creating chunk: (1.0, -7.0) at distance 7.07
[22:22:06] TERRAIN: Chunk (1.0, -7.0): Using TRIMESH collision (distance: 7.07)
[22:22:06] TERRAIN: Chunk created successfully: (1.0, -7.0) at world pos (32.0, 0.0, -224.0) (total chunks: 154)
[22:22:06] TERRAIN: Creating chunk: (1.0, 7.0) at distance 7.07
[22:22:06] TERRAIN: Chunk (1.0, 7.0): Using TRIMESH collision (distance: 7.07)
[22:22:06] TERRAIN: Chunk created successfully: (1.0, 7.0) at world pos (32.0, 0.0, 224.0) (total chunks: 155)
[22:22:06] TERRAIN: Creating chunk: (5.0, -5.0) at distance 7.07
[22:22:06] TERRAIN: Chunk (5.0, -5.0): Using TRIMESH collision (distance: 7.07)
[22:22:06] TERRAIN: Chunk created successfully: (5.0, -5.0) at world pos (160.0, 0.0, -160.0) (total chunks: 156)
[22:22:06] TERRAIN: Creating chunk: (5.0, 5.0) at distance 7.07
[22:22:06] TERRAIN: Chunk (5.0, 5.0): Using TRIMESH collision (distance: 7.07)
[22:22:06] TERRAIN: Chunk created successfully: (5.0, 5.0) at world pos (160.0, 0.0, 160.0) (total chunks: 157)
[22:22:06] TERRAIN: Creating chunk: (7.0, 1.0) at distance 7.07
[22:22:06] TERRAIN: Chunk (7.0, 1.0): Using TRIMESH collision (distance: 7.07)
[22:22:06] TERRAIN: Chunk created successfully: (7.0, 1.0) at world pos (224.0, 0.0, 32.0) (total chunks: 158)
[22:22:06] TERRAIN: Creating chunk: (7.0, -1.0) at distance 7.07
[22:22:06] TERRAIN: Chunk (7.0, -1.0): Using TRIMESH collision (distance: 7.07)
[22:22:06] TERRAIN: Chunk created successfully: (7.0, -1.0) at world pos (224.0, 0.0, -32.0) (total chunks: 159)
[22:22:06] TERRAIN: Creating chunk: (-7.0, 1.0) at distance 7.07
[22:22:06] TERRAIN: Chunk (-7.0, 1.0): Using TRIMESH collision (distance: 7.07)
[22:22:06] TERRAIN: Chunk created successfully: (-7.0, 1.0) at world pos (-224.0, 0.0, 32.0) (total chunks: 160)
[22:22:06] TERRAIN: Creating chunk: (-7.0, -1.0) at distance 7.07
[22:22:06] TERRAIN: Chunk (-7.0, -1.0): Using TRIMESH collision (distance: 7.07)
[22:22:06] TERRAIN: Chunk created successfully: (-7.0, -1.0) at world pos (-224.0, 0.0, -32.0) (total chunks: 161)
[22:22:06] TERRAIN: Creating chunk: (-4.0, 6.0) at distance 7.21
[22:22:06] TERRAIN: Chunk (-4.0, 6.0): Using TRIMESH collision (distance: 7.21)
[22:22:06] TERRAIN: Chunk created successfully: (-4.0, 6.0) at world pos (-128.0, 0.0, 192.0) (total chunks: 162)
[22:22:06] TERRAIN: Creating chunk: (4.0, -6.0) at distance 7.21
[22:22:06] TERRAIN: Chunk (4.0, -6.0): Using TRIMESH collision (distance: 7.21)
[22:22:06] TERRAIN: Chunk created successfully: (4.0, -6.0) at world pos (128.0, 0.0, -192.0) (total chunks: 163)
[22:22:06] TERRAIN: Creating chunk: (-6.0, 4.0) at distance 7.21
[22:22:06] TERRAIN: Chunk (-6.0, 4.0): Using TRIMESH collision (distance: 7.21)
[22:22:06] TERRAIN: Chunk created successfully: (-6.0, 4.0) at world pos (-192.0, 0.0, 128.0) (total chunks: 164)
[22:22:06] TERRAIN: Creating chunk: (-6.0, -4.0) at distance 7.21
[22:22:06] TERRAIN: Chunk (-6.0, -4.0): Using TRIMESH collision (distance: 7.21)
[22:22:06] TERRAIN: Chunk created successfully: (-6.0, -4.0) at world pos (-192.0, 0.0, -128.0) (total chunks: 165)
[22:22:06] TERRAIN: Creating chunk: (4.0, 6.0) at distance 7.21
[22:22:06] TERRAIN: Chunk (4.0, 6.0): Using TRIMESH collision (distance: 7.21)
[22:22:06] TERRAIN: Chunk created successfully: (4.0, 6.0) at world pos (128.0, 0.0, 192.0) (total chunks: 166)
[22:22:06] TERRAIN: Creating chunk: (6.0, 4.0) at distance 7.21
[22:22:06] TERRAIN: Chunk (6.0, 4.0): Using TRIMESH collision (distance: 7.21)
[22:22:06] TERRAIN: Chunk created successfully: (6.0, 4.0) at world pos (192.0, 0.0, 128.0) (total chunks: 167)
[22:22:06] TERRAIN: Creating chunk: (6.0, -4.0) at distance 7.21
[22:22:06] TERRAIN: Chunk (6.0, -4.0): Using TRIMESH collision (distance: 7.21)
[22:22:06] TERRAIN: Chunk created successfully: (6.0, -4.0) at world pos (192.0, 0.0, -128.0) (total chunks: 168)
[22:22:06] TERRAIN: Creating chunk: (-4.0, -6.0) at distance 7.21
[22:22:06] TERRAIN: Chunk (-4.0, -6.0): Using TRIMESH collision (distance: 7.21)
[22:22:06] TERRAIN: Chunk created successfully: (-4.0, -6.0) at world pos (-128.0, 0.0, -192.0) (total chunks: 169)
[22:22:06] TERRAIN: Creating chunk: (-7.0, 2.0) at distance 7.28
[22:22:06] TERRAIN: Chunk (-7.0, 2.0): Using TRIMESH collision (distance: 7.28)
[22:22:06] TERRAIN: Chunk created successfully: (-7.0, 2.0) at world pos (-224.0, 0.0, 64.0) (total chunks: 170)
[22:22:06] TERRAIN: Creating chunk: (2.0, -7.0) at distance 7.28
[22:22:06] TERRAIN: Chunk (2.0, -7.0): Using TRIMESH collision (distance: 7.28)
[22:22:06] TERRAIN: Chunk created successfully: (2.0, -7.0) at world pos (64.0, 0.0, -224.0) (total chunks: 171)
[22:22:06] TERRAIN: Creating chunk: (-7.0, -2.0) at distance 7.28
[22:22:06] TERRAIN: Chunk (-7.0, -2.0): Using TRIMESH collision (distance: 7.28)
[22:22:06] TERRAIN: Chunk created successfully: (-7.0, -2.0) at world pos (-224.0, 0.0, -64.0) (total chunks: 172)
[22:22:06] TERRAIN: Creating chunk: (-2.0, -7.0) at distance 7.28
[22:22:06] TERRAIN: Chunk (-2.0, -7.0): Using TRIMESH collision (distance: 7.28)
[22:22:06] TERRAIN: Chunk created successfully: (-2.0, -7.0) at world pos (-64.0, 0.0, -224.0) (total chunks: 173)
[22:22:06] TERRAIN: Creating chunk: (7.0, 2.0) at distance 7.28
[22:22:06] TERRAIN: Chunk (7.0, 2.0): Using TRIMESH collision (distance: 7.28)
[22:22:06] TERRAIN: Chunk created successfully: (7.0, 2.0) at world pos (224.0, 0.0, 64.0) (total chunks: 174)
[22:22:06] TERRAIN: Creating chunk: (-2.0, 7.0) at distance 7.28
[22:22:06] TERRAIN: Chunk (-2.0, 7.0): Using TRIMESH collision (distance: 7.28)
[22:22:06] TERRAIN: Chunk created successfully: (-2.0, 7.0) at world pos (-64.0, 0.0, 224.0) (total chunks: 175)
[22:22:06] TERRAIN: Creating chunk: (7.0, -2.0) at distance 7.28
[22:22:06] TERRAIN: Chunk (7.0, -2.0): Using TRIMESH collision (distance: 7.28)
[22:22:06] TERRAIN: Chunk created successfully: (7.0, -2.0) at world pos (224.0, 0.0, -64.0) (total chunks: 176)
[22:22:06] TERRAIN: Creating chunk: (2.0, 7.0) at distance 7.28
[22:22:06] TERRAIN: Chunk (2.0, 7.0): Using TRIMESH collision (distance: 7.28)
[22:22:06] TERRAIN: Chunk created successfully: (2.0, 7.0) at world pos (64.0, 0.0, 224.0) (total chunks: 177)
[22:22:06] TERRAIN: Creating chunk: (-7.0, -3.0) at distance 7.62
[22:22:06] TERRAIN: Chunk (-7.0, -3.0): Using TRIMESH collision (distance: 7.62)
[22:22:06] TERRAIN: Chunk created successfully: (-7.0, -3.0) at world pos (-224.0, 0.0, -96.0) (total chunks: 178)
[22:22:06] TERRAIN: Creating chunk: (-3.0, -7.0) at distance 7.62
[22:22:06] TERRAIN: Chunk (-3.0, -7.0): Using TRIMESH collision (distance: 7.62)
[22:22:06] TERRAIN: Chunk created successfully: (-3.0, -7.0) at world pos (-96.0, 0.0, -224.0) (total chunks: 179)
[22:22:06] TERRAIN: Creating chunk: (-7.0, 3.0) at distance 7.62
[22:22:06] TERRAIN: Chunk (-7.0, 3.0): Using TRIMESH collision (distance: 7.62)
[22:22:06] TERRAIN: Chunk created successfully: (-7.0, 3.0) at world pos (-224.0, 0.0, 96.0) (total chunks: 180)
[22:22:06] TERRAIN: Creating chunk: (-3.0, 7.0) at distance 7.62
[22:22:06] TERRAIN: Chunk (-3.0, 7.0): Using TRIMESH collision (distance: 7.62)
[22:22:06] TERRAIN: Chunk created successfully: (-3.0, 7.0) at world pos (-96.0, 0.0, 224.0) (total chunks: 181)
[22:22:06] TERRAIN: Creating chunk: (3.0, -7.0) at distance 7.62
[22:22:06] TERRAIN: Chunk (3.0, -7.0): Using TRIMESH collision (distance: 7.62)
[22:22:06] TERRAIN: Chunk created successfully: (3.0, -7.0) at world pos (96.0, 0.0, -224.0) (total chunks: 182)
[22:22:06] TERRAIN: Creating chunk: (7.0, 3.0) at distance 7.62
[22:22:06] TERRAIN: Chunk (7.0, 3.0): Using TRIMESH collision (distance: 7.62)
[22:22:06] TERRAIN: Chunk created successfully: (7.0, 3.0) at world pos (224.0, 0.0, 96.0) (total chunks: 183)
[22:22:06] TERRAIN: Creating chunk: (7.0, -3.0) at distance 7.62
[22:22:06] TERRAIN: Chunk (7.0, -3.0): Using TRIMESH collision (distance: 7.62)
[22:22:06] TERRAIN: Chunk created successfully: (7.0, -3.0) at world pos (224.0, 0.0, -96.0) (total chunks: 184)
[22:22:06] TERRAIN: Creating chunk: (3.0, 7.0) at distance 7.62
[22:22:06] TERRAIN: Chunk (3.0, 7.0): Using TRIMESH collision (distance: 7.62)
[22:22:06] TERRAIN: Chunk created successfully: (3.0, 7.0) at world pos (96.0, 0.0, 224.0) (total chunks: 185)
[22:22:06] TERRAIN: Creating chunk: (-5.0, -6.0) at distance 7.81
[22:22:06] TERRAIN: Chunk (-5.0, -6.0): Using TRIMESH collision (distance: 7.81)
[22:22:06] TERRAIN: Chunk created successfully: (-5.0, -6.0) at world pos (-160.0, 0.0, -192.0) (total chunks: 186)
[22:22:06] TERRAIN: Creating chunk: (-5.0, 6.0) at distance 7.81
[22:22:06] TERRAIN: Chunk (-5.0, 6.0): Using TRIMESH collision (distance: 7.81)
[22:22:06] TERRAIN: Chunk created successfully: (-5.0, 6.0) at world pos (-160.0, 0.0, 192.0) (total chunks: 187)
[22:22:06] TERRAIN: Creating chunk: (-6.0, 5.0) at distance 7.81
[22:22:06] TERRAIN: Chunk (-6.0, 5.0): Using TRIMESH collision (distance: 7.81)
[22:22:06] TERRAIN: Chunk created successfully: (-6.0, 5.0) at world pos (-192.0, 0.0, 160.0) (total chunks: 188)
[22:22:06] TERRAIN: Creating chunk: (-6.0, -5.0) at distance 7.81
[22:22:06] TERRAIN: Chunk (-6.0, -5.0): Using TRIMESH collision (distance: 7.81)
[22:22:06] TERRAIN: Chunk created successfully: (-6.0, -5.0) at world pos (-192.0, 0.0, -160.0) (total chunks: 189)
[22:22:06] TERRAIN: Creating chunk: (5.0, -6.0) at distance 7.81
[22:22:06] TERRAIN: Chunk (5.0, -6.0): Using TRIMESH collision (distance: 7.81)
[22:22:06] TERRAIN: Chunk created successfully: (5.0, -6.0) at world pos (160.0, 0.0, -192.0) (total chunks: 190)
[22:22:06] TERRAIN: Creating chunk: (6.0, -5.0) at distance 7.81
[22:22:06] TERRAIN: Chunk (6.0, -5.0): Using TRIMESH collision (distance: 7.81)
[22:22:06] TERRAIN: Chunk created successfully: (6.0, -5.0) at world pos (192.0, 0.0, -160.0) (total chunks: 191)
[22:22:06] TERRAIN: Creating chunk: (5.0, 6.0) at distance 7.81
[22:22:06] TERRAIN: Chunk (5.0, 6.0): Using TRIMESH collision (distance: 7.81)
[22:22:06] TERRAIN: Chunk created successfully: (5.0, 6.0) at world pos (160.0, 0.0, 192.0) (total chunks: 192)
[22:22:06] TERRAIN: Creating chunk: (6.0, 5.0) at distance 7.81
[22:22:06] TERRAIN: Chunk (6.0, 5.0): Using TRIMESH collision (distance: 7.81)
[22:22:06] TERRAIN: Chunk created successfully: (6.0, 5.0) at world pos (192.0, 0.0, 160.0) (total chunks: 193)
[22:22:06] TERRAIN: Creating chunk: (8.0, 0.0) at distance 8.00
[22:22:06] TERRAIN: Chunk (8.0, 0.0): Using TRIMESH collision (distance: 8.00)
[22:22:06] TERRAIN: Chunk created successfully: (8.0, 0.0) at world pos (256.0, 0.0, 0.0) (total chunks: 194)
[22:22:06] TERRAIN: Creating chunk: (-8.0, 0.0) at distance 8.00
[22:22:06] TERRAIN: Chunk (-8.0, 0.0): Using TRIMESH collision (distance: 8.00)
[22:22:06] TERRAIN: Chunk created successfully: (-8.0, 0.0) at world pos (-256.0, 0.0, 0.0) (total chunks: 195)
[22:22:06] TERRAIN: Creating chunk: (0.0, -8.0) at distance 8.00
[22:22:06] TERRAIN: Chunk (0.0, -8.0): Using TRIMESH collision (distance: 8.00)
[22:22:06] TERRAIN: Chunk created successfully: (0.0, -8.0) at world pos (0.0, 0.0, -256.0) (total chunks: 196)
[22:22:06] TERRAIN: Creating chunk: (0.0, 8.0) at distance 8.00
[22:22:06] TERRAIN: Chunk (0.0, 8.0): Using TRIMESH collision (distance: 8.00)
[22:22:06] TERRAIN: Chunk created successfully: (0.0, 8.0) at world pos (0.0, 0.0, 256.0) (total chunks: 197)
[22:22:06] TERRAIN: Creating chunk: (8.0, 1.0) at distance 8.06
[22:22:06] TERRAIN: Chunk (8.0, 1.0): Using TRIMESH collision (distance: 8.06)
[22:22:06] TERRAIN: Chunk created successfully: (8.0, 1.0) at world pos (256.0, 0.0, 32.0) (total chunks: 198)
[22:22:06] TERRAIN: Creating chunk: (-1.0, 8.0) at distance 8.06
[22:22:06] TERRAIN: Chunk (-1.0, 8.0): Using TRIMESH collision (distance: 8.06)
[22:22:06] TERRAIN: Chunk created successfully: (-1.0, 8.0) at world pos (-32.0, 0.0, 256.0) (total chunks: 199)
[22:22:06] TERRAIN: Creating chunk: (-1.0, -8.0) at distance 8.06
[22:22:06] TERRAIN: Chunk (-1.0, -8.0): Using TRIMESH collision (distance: 8.06)
[22:22:06] TERRAIN: Chunk created successfully: (-1.0, -8.0) at world pos (-32.0, 0.0, -256.0) (total chunks: 200)
[22:22:06] TERRAIN: Creating chunk: (1.0, -8.0) at distance 8.06
[22:22:06] TERRAIN: Chunk (1.0, -8.0): Using TRIMESH collision (distance: 8.06)
[22:22:06] TERRAIN: Chunk created successfully: (1.0, -8.0) at world pos (32.0, 0.0, -256.0) (total chunks: 201)
[22:22:06] TERRAIN: Creating chunk: (-4.0, -7.0) at distance 8.06
[22:22:06] TERRAIN: Chunk (-4.0, -7.0): Using TRIMESH collision (distance: 8.06)
[22:22:06] TERRAIN: Chunk created successfully: (-4.0, -7.0) at world pos (-128.0, 0.0, -224.0) (total chunks: 202)
[22:22:06] TERRAIN: Creating chunk: (1.0, 8.0) at distance 8.06
[22:22:06] TERRAIN: Chunk (1.0, 8.0): Using TRIMESH collision (distance: 8.06)
[22:22:06] TERRAIN: Chunk created successfully: (1.0, 8.0) at world pos (32.0, 0.0, 256.0) (total chunks: 203)
[22:22:06] TERRAIN: Creating chunk: (-8.0, 1.0) at distance 8.06
[22:22:06] TERRAIN: Chunk (-8.0, 1.0): Using TRIMESH collision (distance: 8.06)
[22:22:06] TERRAIN: Chunk created successfully: (-8.0, 1.0) at world pos (-256.0, 0.0, 32.0) (total chunks: 204)
[22:22:06] TERRAIN: Creating chunk: (8.0, -1.0) at distance 8.06
[22:22:06] TERRAIN: Chunk (8.0, -1.0): Using TRIMESH collision (distance: 8.06)
[22:22:06] TERRAIN: Chunk created successfully: (8.0, -1.0) at world pos (256.0, 0.0, -32.0) (total chunks: 205)
[22:22:06] TERRAIN: Creating chunk: (-8.0, -1.0) at distance 8.06
[22:22:06] TERRAIN: Chunk (-8.0, -1.0): Using TRIMESH collision (distance: 8.06)
[22:22:06] TERRAIN: Chunk created successfully: (-8.0, -1.0) at world pos (-256.0, 0.0, -32.0) (total chunks: 206)
[22:22:06] TERRAIN: Creating chunk: (-4.0, 7.0) at distance 8.06
[22:22:06] TERRAIN: Chunk (-4.0, 7.0): Using TRIMESH collision (distance: 8.06)
[22:22:06] TERRAIN: Chunk created successfully: (-4.0, 7.0) at world pos (-128.0, 0.0, 224.0) (total chunks: 207)
[22:22:06] TERRAIN: Creating chunk: (7.0, -4.0) at distance 8.06
[22:22:06] TERRAIN: Chunk (7.0, -4.0): Using TRIMESH collision (distance: 8.06)
[22:22:06] TERRAIN: Chunk created successfully: (7.0, -4.0) at world pos (224.0, 0.0, -128.0) (total chunks: 208)
[22:22:06] TERRAIN: Creating chunk: (4.0, 7.0) at distance 8.06
[22:22:06] TERRAIN: Chunk (4.0, 7.0): Using TRIMESH collision (distance: 8.06)
[22:22:06] TERRAIN: Chunk created successfully: (4.0, 7.0) at world pos (128.0, 0.0, 224.0) (total chunks: 209)
[22:22:06] TERRAIN: Creating chunk: (-7.0, -4.0) at distance 8.06
[22:22:06] TERRAIN: Chunk (-7.0, -4.0): Using TRIMESH collision (distance: 8.06)
[22:22:06] TERRAIN: Chunk created successfully: (-7.0, -4.0) at world pos (-224.0, 0.0, -128.0) (total chunks: 210)
[22:22:06] TERRAIN: Creating chunk: (7.0, 4.0) at distance 8.06
[22:22:06] TERRAIN: Chunk (7.0, 4.0): Using TRIMESH collision (distance: 8.06)
[22:22:06] TERRAIN: Chunk created successfully: (7.0, 4.0) at world pos (224.0, 0.0, 128.0) (total chunks: 211)
[22:22:06] TERRAIN: Creating chunk: (4.0, -7.0) at distance 8.06
[22:22:06] TERRAIN: Chunk (4.0, -7.0): Using TRIMESH collision (distance: 8.06)
[22:22:06] TERRAIN: Chunk created successfully: (4.0, -7.0) at world pos (128.0, 0.0, -224.0) (total chunks: 212)
[22:22:06] TERRAIN: Creating chunk: (-7.0, 4.0) at distance 8.06
[22:22:06] TERRAIN: Chunk (-7.0, 4.0): Using TRIMESH collision (distance: 8.06)
[22:22:06] TERRAIN: Chunk created successfully: (-7.0, 4.0) at world pos (-224.0, 0.0, 128.0) (total chunks: 213)
[22:22:06] TERRAIN: Creating chunk: (-8.0, -2.0) at distance 8.25
[22:22:06] TERRAIN: Chunk (-8.0, -2.0): Using TRIMESH collision (distance: 8.25)
[22:22:06] TERRAIN: Chunk created successfully: (-8.0, -2.0) at world pos (-256.0, 0.0, -64.0) (total chunks: 214)
[22:22:06] TERRAIN: Creating chunk: (2.0, 8.0) at distance 8.25
[22:22:06] TERRAIN: Chunk (2.0, 8.0): Using TRIMESH collision (distance: 8.25)
[22:22:06] TERRAIN: Chunk created successfully: (2.0, 8.0) at world pos (64.0, 0.0, 256.0) (total chunks: 215)
[22:22:06] TERRAIN: Creating chunk: (-8.0, 2.0) at distance 8.25
[22:22:06] TERRAIN: Chunk (-8.0, 2.0): Using TRIMESH collision (distance: 8.25)
[22:22:06] TERRAIN: Chunk created successfully: (-8.0, 2.0) at world pos (-256.0, 0.0, 64.0) (total chunks: 216)
[22:22:06] TERRAIN: Creating chunk: (2.0, -8.0) at distance 8.25
[22:22:06] TERRAIN: Chunk (2.0, -8.0): Using TRIMESH collision (distance: 8.25)
[22:22:06] TERRAIN: Chunk created successfully: (2.0, -8.0) at world pos (64.0, 0.0, -256.0) (total chunks: 217)
[22:22:06] TERRAIN: Creating chunk: (8.0, -2.0) at distance 8.25
[22:22:06] TERRAIN: Chunk (8.0, -2.0): Using TRIMESH collision (distance: 8.25)
[22:22:06] TERRAIN: Chunk created successfully: (8.0, -2.0) at world pos (256.0, 0.0, -64.0) (total chunks: 218)
[22:22:06] TERRAIN: Creating chunk: (-2.0, -8.0) at distance 8.25
[22:22:06] TERRAIN: Chunk (-2.0, -8.0): Using TRIMESH collision (distance: 8.25)
[22:22:06] TERRAIN: Chunk created successfully: (-2.0, -8.0) at world pos (-64.0, 0.0, -256.0) (total chunks: 219)
[22:22:06] TERRAIN: Creating chunk: (-2.0, 8.0) at distance 8.25
[22:22:06] TERRAIN: Chunk (-2.0, 8.0): Using TRIMESH collision (distance: 8.25)
[22:22:06] TERRAIN: Chunk created successfully: (-2.0, 8.0) at world pos (-64.0, 0.0, 256.0) (total chunks: 220)
[22:22:06] TERRAIN: Creating chunk: (8.0, 2.0) at distance 8.25
[22:22:06] TERRAIN: Chunk (8.0, 2.0): Using TRIMESH collision (distance: 8.25)
[22:22:06] TERRAIN: Chunk created successfully: (8.0, 2.0) at world pos (256.0, 0.0, 64.0) (total chunks: 221)
[22:22:06] TERRAIN: Creating chunk: (-6.0, 6.0) at distance 8.49
[22:22:06] TERRAIN: Chunk (-6.0, 6.0): Using TRIMESH collision (distance: 8.49)
[22:22:06] TERRAIN: Chunk created successfully: (-6.0, 6.0) at world pos (-192.0, 0.0, 192.0) (total chunks: 222)
[22:22:06] TERRAIN: Creating chunk: (6.0, -6.0) at distance 8.49
[22:22:06] TERRAIN: Chunk (6.0, -6.0): Using TRIMESH collision (distance: 8.49)
[22:22:06] TERRAIN: Chunk created successfully: (6.0, -6.0) at world pos (192.0, 0.0, -192.0) (total chunks: 223)
[22:22:06] TERRAIN: Creating chunk: (6.0, 6.0) at distance 8.49
[22:22:06] TERRAIN: Chunk (6.0, 6.0): Using TRIMESH collision (distance: 8.49)
[22:22:06] TERRAIN: Chunk created successfully: (6.0, 6.0) at world pos (192.0, 0.0, 192.0) (total chunks: 224)
[22:22:06] TERRAIN: Creating chunk: (-6.0, -6.0) at distance 8.49
[22:22:06] TERRAIN: Chunk (-6.0, -6.0): Using TRIMESH collision (distance: 8.49)
[22:22:06] TERRAIN: Chunk created successfully: (-6.0, -6.0) at world pos (-192.0, 0.0, -192.0) (total chunks: 225)
[22:22:06] TERRAIN: Creating chunk: (-8.0, 3.0) at distance 8.54
[22:22:06] TERRAIN: Chunk (-8.0, 3.0): Using TRIMESH collision (distance: 8.54)
[22:22:06] TERRAIN: Chunk created successfully: (-8.0, 3.0) at world pos (-256.0, 0.0, 96.0) (total chunks: 226)
[22:22:06] TERRAIN: Creating chunk: (-3.0, -8.0) at distance 8.54
[22:22:06] TERRAIN: Chunk (-3.0, -8.0): Using TRIMESH collision (distance: 8.54)
[22:22:06] TERRAIN: Chunk created successfully: (-3.0, -8.0) at world pos (-96.0, 0.0, -256.0) (total chunks: 227)
[22:22:06] TERRAIN: Creating chunk: (3.0, 8.0) at distance 8.54
[22:22:06] TERRAIN: Chunk (3.0, 8.0): Using TRIMESH collision (distance: 8.54)
[22:22:06] TERRAIN: Chunk created successfully: (3.0, 8.0) at world pos (96.0, 0.0, 256.0) (total chunks: 228)
[22:22:06] TERRAIN: Creating chunk: (-3.0, 8.0) at distance 8.54
[22:22:06] TERRAIN: Chunk (-3.0, 8.0): Using TRIMESH collision (distance: 8.54)
[22:22:06] TERRAIN: Chunk created successfully: (-3.0, 8.0) at world pos (-96.0, 0.0, 256.0) (total chunks: 229)
[22:22:06] TERRAIN: Creating chunk: (8.0, -3.0) at distance 8.54
[22:22:06] TERRAIN: Chunk (8.0, -3.0): Using TRIMESH collision (distance: 8.54)
[22:22:06] TERRAIN: Chunk created successfully: (8.0, -3.0) at world pos (256.0, 0.0, -96.0) (total chunks: 230)
[22:22:06] TERRAIN: Creating chunk: (3.0, -8.0) at distance 8.54
[22:22:06] TERRAIN: Chunk (3.0, -8.0): Using TRIMESH collision (distance: 8.54)
[22:22:06] TERRAIN: Chunk created successfully: (3.0, -8.0) at world pos (96.0, 0.0, -256.0) (total chunks: 231)
[22:22:06] TERRAIN: Creating chunk: (-8.0, -3.0) at distance 8.54
[22:22:06] TERRAIN: Chunk (-8.0, -3.0): Using TRIMESH collision (distance: 8.54)
[22:22:06] TERRAIN: Chunk created successfully: (-8.0, -3.0) at world pos (-256.0, 0.0, -96.0) (total chunks: 232)
[22:22:06] TERRAIN: Creating chunk: (8.0, 3.0) at distance 8.54
[22:22:06] TERRAIN: Chunk (8.0, 3.0): Using TRIMESH collision (distance: 8.54)
[22:22:06] TERRAIN: Chunk created successfully: (8.0, 3.0) at world pos (256.0, 0.0, 96.0) (total chunks: 233)
[22:22:06] TERRAIN: Creating chunk: (-7.0, -5.0) at distance 8.60
[22:22:06] TERRAIN: Chunk (-7.0, -5.0): Using TRIMESH collision (distance: 8.60)
[22:22:06] TERRAIN: Chunk created successfully: (-7.0, -5.0) at world pos (-224.0, 0.0, -160.0) (total chunks: 234)
[22:22:06] TERRAIN: Creating chunk: (5.0, -7.0) at distance 8.60
[22:22:06] TERRAIN: Chunk (5.0, -7.0): Using TRIMESH collision (distance: 8.60)
[22:22:06] TERRAIN: Chunk created successfully: (5.0, -7.0) at world pos (160.0, 0.0, -224.0) (total chunks: 235)
[22:22:06] TERRAIN: Creating chunk: (-5.0, 7.0) at distance 8.60
[22:22:06] TERRAIN: Chunk (-5.0, 7.0): Using TRIMESH collision (distance: 8.60)
[22:22:06] TERRAIN: Chunk created successfully: (-5.0, 7.0) at world pos (-160.0, 0.0, 224.0) (total chunks: 236)
[22:22:06] TERRAIN: Creating chunk: (7.0, -5.0) at distance 8.60
[22:22:06] TERRAIN: Chunk (7.0, -5.0): Using TRIMESH collision (distance: 8.60)
[22:22:06] TERRAIN: Chunk created successfully: (7.0, -5.0) at world pos (224.0, 0.0, -160.0) (total chunks: 237)
[22:22:06] TERRAIN: Creating chunk: (-7.0, 5.0) at distance 8.60
[22:22:06] TERRAIN: Chunk (-7.0, 5.0): Using TRIMESH collision (distance: 8.60)
[22:22:06] TERRAIN: Chunk created successfully: (-7.0, 5.0) at world pos (-224.0, 0.0, 160.0) (total chunks: 238)
[22:22:06] TERRAIN: Creating chunk: (7.0, 5.0) at distance 8.60
[22:22:06] TERRAIN: Chunk (7.0, 5.0): Using TRIMESH collision (distance: 8.60)
[22:22:06] TERRAIN: Chunk created successfully: (7.0, 5.0) at world pos (224.0, 0.0, 160.0) (total chunks: 239)
[22:22:06] TERRAIN: Creating chunk: (5.0, 7.0) at distance 8.60
[22:22:06] TERRAIN: Chunk (5.0, 7.0): Using TRIMESH collision (distance: 8.60)
[22:22:06] TERRAIN: Chunk created successfully: (5.0, 7.0) at world pos (160.0, 0.0, 224.0) (total chunks: 240)
[22:22:06] TERRAIN: Creating chunk: (-5.0, -7.0) at distance 8.60
[22:22:06] TERRAIN: Chunk (-5.0, -7.0): Using TRIMESH collision (distance: 8.60)
[22:22:06] TERRAIN: Chunk created successfully: (-5.0, -7.0) at world pos (-160.0, 0.0, -224.0) (total chunks: 241)
[22:22:06] TERRAIN: Creating chunk: (8.0, 4.0) at distance 8.94
[22:22:06] TERRAIN: Chunk (8.0, 4.0): Using TRIMESH collision (distance: 8.94)
[22:22:06] TERRAIN: Chunk created successfully: (8.0, 4.0) at world pos (256.0, 0.0, 128.0) (total chunks: 242)
[22:22:06] TERRAIN: Creating chunk: (4.0, 8.0) at distance 8.94
[22:22:06] TERRAIN: Chunk (4.0, 8.0): Using TRIMESH collision (distance: 8.94)
[22:22:06] TERRAIN: Chunk created successfully: (4.0, 8.0) at world pos (128.0, 0.0, 256.0) (total chunks: 243)
[22:22:06] TERRAIN: Creating chunk: (-4.0, 8.0) at distance 8.94
[22:22:06] TERRAIN: Chunk (-4.0, 8.0): Using TRIMESH collision (distance: 8.94)
[22:22:06] TERRAIN: Chunk created successfully: (-4.0, 8.0) at world pos (-128.0, 0.0, 256.0) (total chunks: 244)
[22:22:06] TERRAIN: Creating chunk: (4.0, -8.0) at distance 8.94
[22:22:06] TERRAIN: Chunk (4.0, -8.0): Using TRIMESH collision (distance: 8.94)
[22:22:06] TERRAIN: Chunk created successfully: (4.0, -8.0) at world pos (128.0, 0.0, -256.0) (total chunks: 245)
[22:22:06] TERRAIN: Creating chunk: (-8.0, -4.0) at distance 8.94
[22:22:06] TERRAIN: Chunk (-8.0, -4.0): Using TRIMESH collision (distance: 8.94)
[22:22:06] TERRAIN: Chunk created successfully: (-8.0, -4.0) at world pos (-256.0, 0.0, -128.0) (total chunks: 246)
[22:22:06] TERRAIN: Creating chunk: (8.0, -4.0) at distance 8.94
[22:22:06] TERRAIN: Chunk (8.0, -4.0): Using TRIMESH collision (distance: 8.94)
[22:22:06] TERRAIN: Chunk created successfully: (8.0, -4.0) at world pos (256.0, 0.0, -128.0) (total chunks: 247)
[22:22:06] TERRAIN: Creating chunk: (-4.0, -8.0) at distance 8.94
[22:22:06] TERRAIN: Chunk (-4.0, -8.0): Using TRIMESH collision (distance: 8.94)
[22:22:06] TERRAIN: Chunk created successfully: (-4.0, -8.0) at world pos (-128.0, 0.0, -256.0) (total chunks: 248)
[22:22:06] TERRAIN: Creating chunk: (-8.0, 4.0) at distance 8.94
[22:22:06] TERRAIN: Chunk (-8.0, 4.0): Using TRIMESH collision (distance: 8.94)
[22:22:06] TERRAIN: Chunk created successfully: (-8.0, 4.0) at world pos (-256.0, 0.0, 128.0) (total chunks: 249)
[22:22:06] TERRAIN: Creating chunk: (9.0, 0.0) at distance 9.00
[22:22:06] TERRAIN: Chunk (9.0, 0.0): Using TRIMESH collision (distance: 9.00)
[22:22:06] TERRAIN: Chunk created successfully: (9.0, 0.0) at world pos (288.0, 0.0, 0.0) (total chunks: 250)
[22:22:06] TERRAIN: Creating chunk: (-9.0, 0.0) at distance 9.00
[22:22:06] TERRAIN: Chunk (-9.0, 0.0): Using TRIMESH collision (distance: 9.00)
[22:22:06] TERRAIN: Chunk created successfully: (-9.0, 0.0) at world pos (-288.0, 0.0, 0.0) (total chunks: 251)
[22:22:06] TERRAIN: Creating chunk: (0.0, -9.0) at distance 9.00
[22:22:06] TERRAIN: Chunk (0.0, -9.0): Using TRIMESH collision (distance: 9.00)
[22:22:06] TERRAIN: Chunk created successfully: (0.0, -9.0) at world pos (0.0, 0.0, -288.0) (total chunks: 252)
[22:22:06] TERRAIN: Creating chunk: (0.0, 9.0) at distance 9.00
[22:22:06] TERRAIN: Chunk (0.0, 9.0): Using TRIMESH collision (distance: 9.00)
[22:22:06] TERRAIN: Chunk created successfully: (0.0, 9.0) at world pos (0.0, 0.0, 288.0) (total chunks: 253)
[22:22:06] TERRAIN: Creating chunk: (9.0, 1.0) at distance 9.06
[22:22:06] TERRAIN: Chunk (9.0, 1.0): Using TRIMESH collision (distance: 9.06)
[22:22:06] TERRAIN: Chunk created successfully: (9.0, 1.0) at world pos (288.0, 0.0, 32.0) (total chunks: 254)
[22:22:06] TERRAIN: Creating chunk: (1.0, 9.0) at distance 9.06
[22:22:06] TERRAIN: Chunk (1.0, 9.0): Using TRIMESH collision (distance: 9.06)
[22:22:06] TERRAIN: Chunk created successfully: (1.0, 9.0) at world pos (32.0, 0.0, 288.0) (total chunks: 255)
[22:22:06] TERRAIN: Creating chunk: (9.0, -1.0) at distance 9.06
[22:22:06] TERRAIN: Chunk (9.0, -1.0): Using TRIMESH collision (distance: 9.06)
[22:22:06] TERRAIN: Chunk created successfully: (9.0, -1.0) at world pos (288.0, 0.0, -32.0) (total chunks: 256)
[22:22:06] PLAYER: Pos: (0.0, 0.000183, 0.0) | Chunk: (0.0, 0.0) | TerrainHeight: 0.00 | HeightDiff: 0.00 | OnFloor: true
[22:22:06] TERRAIN: Creating chunk: (1.0, -9.0) at distance 9.06
[22:22:06] TERRAIN: Chunk (1.0, -9.0): Using TRIMESH collision (distance: 9.06)
[22:22:06] TERRAIN: Chunk created successfully: (1.0, -9.0) at world pos (32.0, 0.0, -288.0) (total chunks: 257)
[22:22:06] TERRAIN: Creating chunk: (-1.0, -9.0) at distance 9.06
[22:22:06] TERRAIN: Chunk (-1.0, -9.0): Using TRIMESH collision (distance: 9.06)
[22:22:06] TERRAIN: Chunk created successfully: (-1.0, -9.0) at world pos (-32.0, 0.0, -288.0) (total chunks: 258)
[22:22:06] TERRAIN: Creating chunk: (-9.0, -1.0) at distance 9.06
[22:22:06] TERRAIN: Chunk (-9.0, -1.0): Using TRIMESH collision (distance: 9.06)
[22:22:06] TERRAIN: Chunk created successfully: (-9.0, -1.0) at world pos (-288.0, 0.0, -32.0) (total chunks: 259)
[22:22:06] TERRAIN: Creating chunk: (-9.0, 1.0) at distance 9.06
[22:22:06] TERRAIN: Chunk (-9.0, 1.0): Using TRIMESH collision (distance: 9.06)
[22:22:06] TERRAIN: Chunk created successfully: (-9.0, 1.0) at world pos (-288.0, 0.0, 32.0) (total chunks: 260)
[22:22:06] TERRAIN: Creating chunk: (-1.0, 9.0) at distance 9.06
[22:22:06] TERRAIN: Chunk (-1.0, 9.0): Using TRIMESH collision (distance: 9.06)
[22:22:06] TERRAIN: Chunk created successfully: (-1.0, 9.0) at world pos (-32.0, 0.0, 288.0) (total chunks: 261)
[22:22:06] TERRAIN: Creating chunk: (-9.0, -2.0) at distance 9.22
[22:22:06] TERRAIN: Chunk (-9.0, -2.0): Using TRIMESH collision (distance: 9.22)
[22:22:06] TERRAIN: Chunk created successfully: (-9.0, -2.0) at world pos (-288.0, 0.0, -64.0) (total chunks: 262)
[22:22:06] TERRAIN: Creating chunk: (6.0, 7.0) at distance 9.22
[22:22:06] TERRAIN: Chunk (6.0, 7.0): Using TRIMESH collision (distance: 9.22)
[22:22:06] TERRAIN: Chunk created successfully: (6.0, 7.0) at world pos (192.0, 0.0, 224.0) (total chunks: 263)
[22:22:06] TERRAIN: Creating chunk: (-9.0, 2.0) at distance 9.22
[22:22:06] TERRAIN: Chunk (-9.0, 2.0): Using TRIMESH collision (distance: 9.22)
[22:22:06] TERRAIN: Chunk created successfully: (-9.0, 2.0) at world pos (-288.0, 0.0, 64.0) (total chunks: 264)
[22:22:06] TERRAIN: Creating chunk: (9.0, 2.0) at distance 9.22
[22:22:06] TERRAIN: Chunk (9.0, 2.0): Using TRIMESH collision (distance: 9.22)
[22:22:06] TERRAIN: Chunk created successfully: (9.0, 2.0) at world pos (288.0, 0.0, 64.0) (total chunks: 265)
[22:22:06] TERRAIN: Creating chunk: (-2.0, -9.0) at distance 9.22
[22:22:06] TERRAIN: Chunk (-2.0, -9.0): Using TRIMESH collision (distance: 9.22)
[22:22:06] TERRAIN: Chunk created successfully: (-2.0, -9.0) at world pos (-64.0, 0.0, -288.0) (total chunks: 266)
[22:22:06] TERRAIN: Creating chunk: (-6.0, -7.0) at distance 9.22
[22:22:06] TERRAIN: Chunk (-6.0, -7.0): Using TRIMESH collision (distance: 9.22)
[22:22:06] TERRAIN: Chunk created successfully: (-6.0, -7.0) at world pos (-192.0, 0.0, -224.0) (total chunks: 267)
[22:22:06] TERRAIN: Creating chunk: (2.0, -9.0) at distance 9.22
[22:22:06] TERRAIN: Chunk (2.0, -9.0): Using TRIMESH collision (distance: 9.22)
[22:22:06] TERRAIN: Chunk created successfully: (2.0, -9.0) at world pos (64.0, 0.0, -288.0) (total chunks: 268)
[22:22:06] TERRAIN: Creating chunk: (-2.0, 9.0) at distance 9.22
[22:22:06] TERRAIN: Chunk (-2.0, 9.0): Using TRIMESH collision (distance: 9.22)
[22:22:06] TERRAIN: Chunk created successfully: (-2.0, 9.0) at world pos (-64.0, 0.0, 288.0) (total chunks: 269)
[22:22:06] TERRAIN: Creating chunk: (-7.0, 6.0) at distance 9.22
[22:22:06] TERRAIN: Chunk (-7.0, 6.0): Using TRIMESH collision (distance: 9.22)
[22:22:06] TERRAIN: Chunk created successfully: (-7.0, 6.0) at world pos (-224.0, 0.0, 192.0) (total chunks: 270)
[22:22:06] TERRAIN: Creating chunk: (-7.0, -6.0) at distance 9.22
[22:22:06] TERRAIN: Chunk (-7.0, -6.0): Using TRIMESH collision (distance: 9.22)
[22:22:06] TERRAIN: Chunk created successfully: (-7.0, -6.0) at world pos (-224.0, 0.0, -192.0) (total chunks: 271)
[22:22:06] TERRAIN: Creating chunk: (7.0, -6.0) at distance 9.22
[22:22:06] TERRAIN: Chunk (7.0, -6.0): Using TRIMESH collision (distance: 9.22)
[22:22:06] TERRAIN: Chunk created successfully: (7.0, -6.0) at world pos (224.0, 0.0, -192.0) (total chunks: 272)
[22:22:06] TERRAIN: Creating chunk: (2.0, 9.0) at distance 9.22
[22:22:06] TERRAIN: Chunk (2.0, 9.0): Using TRIMESH collision (distance: 9.22)
[22:22:06] TERRAIN: Chunk created successfully: (2.0, 9.0) at world pos (64.0, 0.0, 288.0) (total chunks: 273)
[22:22:06] TERRAIN: Creating chunk: (-6.0, 7.0) at distance 9.22
[22:22:06] TERRAIN: Chunk (-6.0, 7.0): Using TRIMESH collision (distance: 9.22)
[22:22:06] TERRAIN: Chunk created successfully: (-6.0, 7.0) at world pos (-192.0, 0.0, 224.0) (total chunks: 274)
[22:22:06] TERRAIN: Creating chunk: (9.0, -2.0) at distance 9.22
[22:22:06] TERRAIN: Chunk (9.0, -2.0): Using TRIMESH collision (distance: 9.22)
[22:22:06] TERRAIN: Chunk created successfully: (9.0, -2.0) at world pos (288.0, 0.0, -64.0) (total chunks: 275)
[22:22:06] TERRAIN: Creating chunk: (7.0, 6.0) at distance 9.22
[22:22:06] TERRAIN: Chunk (7.0, 6.0): Using TRIMESH collision (distance: 9.22)
[22:22:06] TERRAIN: Chunk created successfully: (7.0, 6.0) at world pos (224.0, 0.0, 192.0) (total chunks: 276)
[22:22:06] TERRAIN: Creating chunk: (6.0, -7.0) at distance 9.22
[22:22:06] TERRAIN: Chunk (6.0, -7.0): Using TRIMESH collision (distance: 9.22)
[22:22:06] TERRAIN: Chunk created successfully: (6.0, -7.0) at world pos (192.0, 0.0, -224.0) (total chunks: 277)
[22:22:06] TERRAIN: Creating chunk: (-5.0, -8.0) at distance 9.43
[22:22:07] TERRAIN: Chunk (-5.0, -8.0): Using TRIMESH collision (distance: 9.43)
[22:22:07] TERRAIN: Chunk created successfully: (-5.0, -8.0) at world pos (-160.0, 0.0, -256.0) (total chunks: 278)
[22:22:07] TERRAIN: Creating chunk: (8.0, -5.0) at distance 9.43
[22:22:07] TERRAIN: Chunk (8.0, -5.0): Using TRIMESH collision (distance: 9.43)
[22:22:07] TERRAIN: Chunk created successfully: (8.0, -5.0) at world pos (256.0, 0.0, -160.0) (total chunks: 279)
[22:22:07] TERRAIN: Creating chunk: (5.0, 8.0) at distance 9.43
[22:22:07] TERRAIN: Chunk (5.0, 8.0): Using TRIMESH collision (distance: 9.43)
[22:22:07] TERRAIN: Chunk created successfully: (5.0, 8.0) at world pos (160.0, 0.0, 256.0) (total chunks: 280)
[22:22:07] TERRAIN: Creating chunk: (-8.0, -5.0) at distance 9.43
[22:22:07] TERRAIN: Chunk (-8.0, -5.0): Using TRIMESH collision (distance: 9.43)
[22:22:07] TERRAIN: Chunk created successfully: (-8.0, -5.0) at world pos (-256.0, 0.0, -160.0) (total chunks: 281)
[22:22:07] TERRAIN: Creating chunk: (8.0, 5.0) at distance 9.43
[22:22:07] TERRAIN: Chunk (8.0, 5.0): Using TRIMESH collision (distance: 9.43)
[22:22:07] TERRAIN: Chunk created successfully: (8.0, 5.0) at world pos (256.0, 0.0, 160.0) (total chunks: 282)
[22:22:07] TERRAIN: Creating chunk: (-8.0, 5.0) at distance 9.43
[22:22:07] TERRAIN: Chunk (-8.0, 5.0): Using TRIMESH collision (distance: 9.43)
[22:22:07] TERRAIN: Chunk created successfully: (-8.0, 5.0) at world pos (-256.0, 0.0, 160.0) (total chunks: 283)
[22:22:07] TERRAIN: Creating chunk: (-5.0, 8.0) at distance 9.43
[22:22:07] TERRAIN: Chunk (-5.0, 8.0): Using TRIMESH collision (distance: 9.43)
[22:22:07] TERRAIN: Chunk created successfully: (-5.0, 8.0) at world pos (-160.0, 0.0, 256.0) (total chunks: 284)
[22:22:07] TERRAIN: Creating chunk: (5.0, -8.0) at distance 9.43
[22:22:07] TERRAIN: Chunk (5.0, -8.0): Using TRIMESH collision (distance: 9.43)
[22:22:07] TERRAIN: Chunk created successfully: (5.0, -8.0) at world pos (160.0, 0.0, -256.0) (total chunks: 285)
[22:22:07] TERRAIN: Creating chunk: (-9.0, -3.0) at distance 9.49
[22:22:07] TERRAIN: Chunk (-9.0, -3.0): Using TRIMESH collision (distance: 9.49)
[22:22:07] TERRAIN: Chunk created successfully: (-9.0, -3.0) at world pos (-288.0, 0.0, -96.0) (total chunks: 286)
[22:22:07] TERRAIN: Creating chunk: (9.0, -3.0) at distance 9.49
[22:22:07] TERRAIN: Chunk (9.0, -3.0): Using TRIMESH collision (distance: 9.49)
[22:22:07] TERRAIN: Chunk created successfully: (9.0, -3.0) at world pos (288.0, 0.0, -96.0) (total chunks: 287)
[22:22:07] TERRAIN: Creating chunk: (-9.0, 3.0) at distance 9.49
[22:22:07] TERRAIN: Chunk (-9.0, 3.0): Using TRIMESH collision (distance: 9.49)
[22:22:07] TERRAIN: Chunk created successfully: (-9.0, 3.0) at world pos (-288.0, 0.0, 96.0) (total chunks: 288)
[22:22:07] TERRAIN: Creating chunk: (3.0, 9.0) at distance 9.49
[22:22:07] TERRAIN: Chunk (3.0, 9.0): Using TRIMESH collision (distance: 9.49)
[22:22:07] TERRAIN: Chunk created successfully: (3.0, 9.0) at world pos (96.0, 0.0, 288.0) (total chunks: 289)
[22:22:07] TERRAIN: Creating chunk: (-3.0, -9.0) at distance 9.49
[22:22:07] TERRAIN: Chunk (-3.0, -9.0): Using TRIMESH collision (distance: 9.49)
[22:22:07] TERRAIN: Chunk created successfully: (-3.0, -9.0) at world pos (-96.0, 0.0, -288.0) (total chunks: 290)
[22:22:07] TERRAIN: Creating chunk: (-3.0, 9.0) at distance 9.49
[22:22:07] TERRAIN: Chunk (-3.0, 9.0): Using TRIMESH collision (distance: 9.49)
[22:22:07] TERRAIN: Chunk created successfully: (-3.0, 9.0) at world pos (-96.0, 0.0, 288.0) (total chunks: 291)
[22:22:07] TERRAIN: Creating chunk: (3.0, -9.0) at distance 9.49
[22:22:07] TERRAIN: Chunk (3.0, -9.0): Using TRIMESH collision (distance: 9.49)
[22:22:07] TERRAIN: Chunk created successfully: (3.0, -9.0) at world pos (96.0, 0.0, -288.0) (total chunks: 292)
[22:22:07] TERRAIN: Creating chunk: (9.0, 3.0) at distance 9.49
[22:22:07] TERRAIN: Chunk (9.0, 3.0): Using TRIMESH collision (distance: 9.49)
[22:22:07] TERRAIN: Chunk created successfully: (9.0, 3.0) at world pos (288.0, 0.0, 96.0) (total chunks: 293)
[22:22:07] TERRAIN: Creating chunk: (-9.0, 4.0) at distance 9.85
[22:22:07] TERRAIN: Chunk (-9.0, 4.0): Using TRIMESH collision (distance: 9.85)
[22:22:07] TERRAIN: Chunk created successfully: (-9.0, 4.0) at world pos (-288.0, 0.0, 128.0) (total chunks: 294)
[22:22:07] TERRAIN: Creating chunk: (-4.0, -9.0) at distance 9.85
[22:22:07] TERRAIN: Chunk (-4.0, -9.0): Using TRIMESH collision (distance: 9.85)
[22:22:07] TERRAIN: Chunk created successfully: (-4.0, -9.0) at world pos (-128.0, 0.0, -288.0) (total chunks: 295)
[22:22:07] TERRAIN: Creating chunk: (9.0, -4.0) at distance 9.85
[22:22:07] TERRAIN: Chunk (9.0, -4.0): Using TRIMESH collision (distance: 9.85)
[22:22:07] TERRAIN: Chunk created successfully: (9.0, -4.0) at world pos (288.0, 0.0, -128.0) (total chunks: 296)
[22:22:07] TERRAIN: Creating chunk: (9.0, 4.0) at distance 9.85
[22:22:07] TERRAIN: Chunk (9.0, 4.0): Using TRIMESH collision (distance: 9.85)
[22:22:07] TERRAIN: Chunk created successfully: (9.0, 4.0) at world pos (288.0, 0.0, 128.0) (total chunks: 297)
[22:22:07] TERRAIN: Creating chunk: (-9.0, -4.0) at distance 9.85
[22:22:07] TERRAIN: Chunk (-9.0, -4.0): Using TRIMESH collision (distance: 9.85)
[22:22:07] TERRAIN: Chunk created successfully: (-9.0, -4.0) at world pos (-288.0, 0.0, -128.0) (total chunks: 298)
[22:22:07] TERRAIN: Creating chunk: (4.0, 9.0) at distance 9.85
[22:22:07] TERRAIN: Chunk (4.0, 9.0): Using TRIMESH collision (distance: 9.85)
[22:22:07] TERRAIN: Chunk created successfully: (4.0, 9.0) at world pos (128.0, 0.0, 288.0) (total chunks: 299)
[22:22:07] TERRAIN: Creating chunk: (-4.0, 9.0) at distance 9.85
[22:22:07] TERRAIN: Chunk (-4.0, 9.0): Using TRIMESH collision (distance: 9.85)
[22:22:07] TERRAIN: Chunk created successfully: (-4.0, 9.0) at world pos (-128.0, 0.0, 288.0) (total chunks: 300)
[22:22:07] TERRAIN: Creating chunk: (4.0, -9.0) at distance 9.85
[22:22:07] TERRAIN: Chunk (4.0, -9.0): Using TRIMESH collision (distance: 9.85)
[22:22:07] TERRAIN: Chunk created successfully: (4.0, -9.0) at world pos (128.0, 0.0, -288.0) (total chunks: 301)
[22:22:07] TERRAIN: Creating chunk: (7.0, -7.0) at distance 9.90
[22:22:07] TERRAIN: Chunk (7.0, -7.0): Using TRIMESH collision (distance: 9.90)
[22:22:07] TERRAIN: Chunk created successfully: (7.0, -7.0) at world pos (224.0, 0.0, -224.0) (total chunks: 302)
[22:22:07] TERRAIN: Creating chunk: (-7.0, -7.0) at distance 9.90
[22:22:07] TERRAIN: Chunk (-7.0, -7.0): Using TRIMESH collision (distance: 9.90)
[22:22:07] TERRAIN: Chunk created successfully: (-7.0, -7.0) at world pos (-224.0, 0.0, -224.0) (total chunks: 303)
[22:22:07] TERRAIN: Creating chunk: (7.0, 7.0) at distance 9.90
[22:22:07] TERRAIN: Chunk (7.0, 7.0): Using TRIMESH collision (distance: 9.90)
[22:22:07] TERRAIN: Chunk created successfully: (7.0, 7.0) at world pos (224.0, 0.0, 224.0) (total chunks: 304)
[22:22:07] TERRAIN: Creating chunk: (-7.0, 7.0) at distance 9.90
[22:22:07] TERRAIN: Chunk (-7.0, 7.0): Using TRIMESH collision (distance: 9.90)
[22:22:07] TERRAIN: Chunk created successfully: (-7.0, 7.0) at world pos (-224.0, 0.0, 224.0) (total chunks: 305)
[22:22:07] TERRAIN: Creating chunk: (-6.0, 8.0) at distance 10.00
[22:22:07] TERRAIN: Chunk (-6.0, 8.0): Using TRIMESH collision (distance: 10.00)
[22:22:07] TERRAIN: Chunk created successfully: (-6.0, 8.0) at world pos (-192.0, 0.0, 256.0) (total chunks: 306)
[22:22:07] TERRAIN: Creating chunk: (-8.0, -6.0) at distance 10.00
[22:22:07] TERRAIN: Chunk (-8.0, -6.0): Using TRIMESH collision (distance: 10.00)
[22:22:07] TERRAIN: Chunk created successfully: (-8.0, -6.0) at world pos (-256.0, 0.0, -192.0) (total chunks: 307)
[22:22:07] TERRAIN: Creating chunk: (6.0, -8.0) at distance 10.00
[22:22:07] TERRAIN: Chunk (6.0, -8.0): Using TRIMESH collision (distance: 10.00)
[22:22:07] TERRAIN: Chunk created successfully: (6.0, -8.0) at world pos (192.0, 0.0, -256.0) (total chunks: 308)
[22:22:07] TERRAIN: Creating chunk: (0.0, -10.0) at distance 10.00
[22:22:07] TERRAIN: Chunk (0.0, -10.0): Using TRIMESH collision (distance: 10.00)
[22:22:07] TERRAIN: Chunk created successfully: (0.0, -10.0) at world pos (0.0, 0.0, -320.0) (total chunks: 309)
[22:22:07] TERRAIN: Creating chunk: (8.0, 6.0) at distance 10.00
[22:22:07] TERRAIN: Chunk (8.0, 6.0): Using TRIMESH collision (distance: 10.00)
[22:22:07] TERRAIN: Chunk created successfully: (8.0, 6.0) at world pos (256.0, 0.0, 192.0) (total chunks: 310)
[22:22:07] TERRAIN: Creating chunk: (-8.0, 6.0) at distance 10.00
[22:22:07] TERRAIN: Chunk (-8.0, 6.0): Using TRIMESH collision (distance: 10.00)
[22:22:07] TERRAIN: Chunk created successfully: (-8.0, 6.0) at world pos (-256.0, 0.0, 192.0) (total chunks: 311)
[22:22:07] TERRAIN: Creating chunk: (6.0, 8.0) at distance 10.00
[22:22:07] TERRAIN: Chunk (6.0, 8.0): Using TRIMESH collision (distance: 10.00)
[22:22:07] TERRAIN: Chunk created successfully: (6.0, 8.0) at world pos (192.0, 0.0, 256.0) (total chunks: 312)
[22:22:07] TERRAIN: Creating chunk: (-10.0, 0.0) at distance 10.00
[22:22:07] TERRAIN: Chunk (-10.0, 0.0): Using TRIMESH collision (distance: 10.00)
[22:22:07] TERRAIN: Chunk created successfully: (-10.0, 0.0) at world pos (-320.0, 0.0, 0.0) (total chunks: 313)
[22:22:07] TERRAIN: Creating chunk: (10.0, 0.0) at distance 10.00
[22:22:07] TERRAIN: Chunk (10.0, 0.0): Using TRIMESH collision (distance: 10.00)
[22:22:07] TERRAIN: Chunk created successfully: (10.0, 0.0) at world pos (320.0, 0.0, 0.0) (total chunks: 314)
[22:22:07] TERRAIN: Creating chunk: (-6.0, -8.0) at distance 10.00
[22:22:07] TERRAIN: Chunk (-6.0, -8.0): Using TRIMESH collision (distance: 10.00)
[22:22:07] TERRAIN: Chunk created successfully: (-6.0, -8.0) at world pos (-192.0, 0.0, -256.0) (total chunks: 315)
[22:22:07] TERRAIN: Creating chunk: (8.0, -6.0) at distance 10.00
[22:22:07] TERRAIN: Chunk (8.0, -6.0): Using TRIMESH collision (distance: 10.00)
[22:22:07] TERRAIN: Chunk created successfully: (8.0, -6.0) at world pos (256.0, 0.0, -192.0) (total chunks: 316)
[22:22:07] TERRAIN: Creating chunk: (0.0, 10.0) at distance 10.00
[22:22:07] TERRAIN: Chunk (0.0, 10.0): Using TRIMESH collision (distance: 10.00)
[22:22:07] TERRAIN: Chunk created successfully: (0.0, 10.0) at world pos (0.0, 0.0, 320.0) (total chunks: 317)
[22:22:07] TERRAIN: Creating chunk: (-10.0, -1.0) at distance 10.05
[22:22:07] TERRAIN: Chunk (-10.0, -1.0): Using BOX collision (distance: 10.05)
[22:22:07] TERRAIN: Chunk created successfully: (-10.0, -1.0) at world pos (-320.0, 0.0, -32.0) (total chunks: 318)
[22:22:07] TERRAIN: Creating chunk: (-1.0, 10.0) at distance 10.05
[22:22:07] TERRAIN: Chunk (-1.0, 10.0): Using BOX collision (distance: 10.05)
[22:22:07] TERRAIN: Chunk created successfully: (-1.0, 10.0) at world pos (-32.0, 0.0, 320.0) (total chunks: 319)
[22:22:07] TERRAIN: Creating chunk: (1.0, 10.0) at distance 10.05
[22:22:07] TERRAIN: Chunk (1.0, 10.0): Using BOX collision (distance: 10.05)
[22:22:07] TERRAIN: Chunk created successfully: (1.0, 10.0) at world pos (32.0, 0.0, 320.0) (total chunks: 320)
[22:22:07] TERRAIN: Creating chunk: (1.0, -10.0) at distance 10.05
[22:22:07] TERRAIN: Chunk (1.0, -10.0): Using BOX collision (distance: 10.05)
[22:22:07] TERRAIN: Chunk created successfully: (1.0, -10.0) at world pos (32.0, 0.0, -320.0) (total chunks: 321)
[22:22:07] TERRAIN: Creating chunk: (-10.0, 1.0) at distance 10.05
[22:22:07] TERRAIN: Chunk (-10.0, 1.0): Using BOX collision (distance: 10.05)
[22:22:07] TERRAIN: Chunk created successfully: (-10.0, 1.0) at world pos (-320.0, 0.0, 32.0) (total chunks: 322)
[22:22:07] TERRAIN: Creating chunk: (-1.0, -10.0) at distance 10.05
[22:22:07] TERRAIN: Chunk (-1.0, -10.0): Using BOX collision (distance: 10.05)
[22:22:07] TERRAIN: Chunk created successfully: (-1.0, -10.0) at world pos (-32.0, 0.0, -320.0) (total chunks: 323)
[22:22:07] TERRAIN: Creating chunk: (10.0, 1.0) at distance 10.05
[22:22:07] TERRAIN: Chunk (10.0, 1.0): Using BOX collision (distance: 10.05)
[22:22:07] TERRAIN: Chunk created successfully: (10.0, 1.0) at world pos (320.0, 0.0, 32.0) (total chunks: 324)
[22:22:07] TERRAIN: Creating chunk: (10.0, -1.0) at distance 10.05
[22:22:07] TERRAIN: Chunk (10.0, -1.0): Using BOX collision (distance: 10.05)
[22:22:07] TERRAIN: Chunk created successfully: (10.0, -1.0) at world pos (320.0, 0.0, -32.0) (total chunks: 325)
[22:22:07] TERRAIN: Creating chunk: (2.0, 10.0) at distance 10.20
[22:22:07] TERRAIN: Chunk (2.0, 10.0): Using BOX collision (distance: 10.20)
[22:22:07] TERRAIN: Chunk created successfully: (2.0, 10.0) at world pos (64.0, 0.0, 320.0) (total chunks: 326)
[22:22:07] TERRAIN: Creating chunk: (-2.0, 10.0) at distance 10.20
[22:22:07] TERRAIN: Chunk (-2.0, 10.0): Using BOX collision (distance: 10.20)
[22:22:07] TERRAIN: Chunk created successfully: (-2.0, 10.0) at world pos (-64.0, 0.0, 320.0) (total chunks: 327)
[22:22:07] TERRAIN: Creating chunk: (-10.0, -2.0) at distance 10.20
[22:22:07] TERRAIN: Chunk (-10.0, -2.0): Using BOX collision (distance: 10.20)
[22:22:07] TERRAIN: Chunk created successfully: (-10.0, -2.0) at world pos (-320.0, 0.0, -64.0) (total chunks: 328)
[22:22:07] TERRAIN: Creating chunk: (10.0, -2.0) at distance 10.20
[22:22:07] TERRAIN: Chunk (10.0, -2.0): Using BOX collision (distance: 10.20)
[22:22:07] TERRAIN: Chunk created successfully: (10.0, -2.0) at world pos (320.0, 0.0, -64.0) (total chunks: 329)
[22:22:07] TERRAIN: Creating chunk: (-2.0, -10.0) at distance 10.20
[22:22:07] TERRAIN: Chunk (-2.0, -10.0): Using BOX collision (distance: 10.20)
[22:22:07] TERRAIN: Chunk created successfully: (-2.0, -10.0) at world pos (-64.0, 0.0, -320.0) (total chunks: 330)
[22:22:07] TERRAIN: Creating chunk: (-10.0, 2.0) at distance 10.20
[22:22:07] TERRAIN: Chunk (-10.0, 2.0): Using BOX collision (distance: 10.20)
[22:22:07] TERRAIN: Chunk created successfully: (-10.0, 2.0) at world pos (-320.0, 0.0, 64.0) (total chunks: 331)
[22:22:07] TERRAIN: Creating chunk: (2.0, -10.0) at distance 10.20
[22:22:07] TERRAIN: Chunk (2.0, -10.0): Using BOX collision (distance: 10.20)
[22:22:07] TERRAIN: Chunk created successfully: (2.0, -10.0) at world pos (64.0, 0.0, -320.0) (total chunks: 332)
[22:22:07] TERRAIN: Creating chunk: (10.0, 2.0) at distance 10.20
[22:22:07] TERRAIN: Chunk (10.0, 2.0): Using BOX collision (distance: 10.20)
[22:22:07] TERRAIN: Chunk created successfully: (10.0, 2.0) at world pos (320.0, 0.0, 64.0) (total chunks: 333)
[22:22:07] TERRAIN: Creating chunk: (9.0, -5.0) at distance 10.30
[22:22:07] TERRAIN: Chunk (9.0, -5.0): Using BOX collision (distance: 10.30)
[22:22:07] TERRAIN: Chunk created successfully: (9.0, -5.0) at world pos (288.0, 0.0, -160.0) (total chunks: 334)
[22:22:07] TERRAIN: Creating chunk: (9.0, 5.0) at distance 10.30
[22:22:07] TERRAIN: Chunk (9.0, 5.0): Using BOX collision (distance: 10.30)
[22:22:07] TERRAIN: Chunk created successfully: (9.0, 5.0) at world pos (288.0, 0.0, 160.0) (total chunks: 335)
[22:22:07] TERRAIN: Creating chunk: (5.0, 9.0) at distance 10.30
[22:22:07] TERRAIN: Chunk (5.0, 9.0): Using BOX collision (distance: 10.30)
[22:22:07] TERRAIN: Chunk created successfully: (5.0, 9.0) at world pos (160.0, 0.0, 288.0) (total chunks: 336)
[22:22:07] TERRAIN: Creating chunk: (-9.0, -5.0) at distance 10.30
[22:22:07] TERRAIN: Chunk (-9.0, -5.0): Using BOX collision (distance: 10.30)
[22:22:07] TERRAIN: Chunk created successfully: (-9.0, -5.0) at world pos (-288.0, 0.0, -160.0) (total chunks: 337)
[22:22:07] TERRAIN: Creating chunk: (5.0, -9.0) at distance 10.30
[22:22:07] TERRAIN: Chunk (5.0, -9.0): Using BOX collision (distance: 10.30)
[22:22:07] TERRAIN: Chunk created successfully: (5.0, -9.0) at world pos (160.0, 0.0, -288.0) (total chunks: 338)
[22:22:07] TERRAIN: Creating chunk: (-5.0, -9.0) at distance 10.30
[22:22:07] TERRAIN: Chunk (-5.0, -9.0): Using BOX collision (distance: 10.30)
[22:22:07] TERRAIN: Chunk created successfully: (-5.0, -9.0) at world pos (-160.0, 0.0, -288.0) (total chunks: 339)
[22:22:07] TERRAIN: Creating chunk: (-9.0, 5.0) at distance 10.30
[22:22:07] TERRAIN: Chunk (-9.0, 5.0): Using BOX collision (distance: 10.30)
[22:22:07] TERRAIN: Chunk created successfully: (-9.0, 5.0) at world pos (-288.0, 0.0, 160.0) (total chunks: 340)
[22:22:07] TERRAIN: Creating chunk: (-5.0, 9.0) at distance 10.30
[22:22:07] TERRAIN: Chunk (-5.0, 9.0): Using BOX collision (distance: 10.30)
[22:22:07] TERRAIN: Chunk created successfully: (-5.0, 9.0) at world pos (-160.0, 0.0, 288.0) (total chunks: 341)
[22:22:07] TERRAIN: Creating chunk: (10.0, -3.0) at distance 10.44
[22:22:07] TERRAIN: Chunk (10.0, -3.0): Using BOX collision (distance: 10.44)
[22:22:07] TERRAIN: Chunk created successfully: (10.0, -3.0) at world pos (320.0, 0.0, -96.0) (total chunks: 342)
[22:22:07] TERRAIN: Creating chunk: (-3.0, -10.0) at distance 10.44
[22:22:07] TERRAIN: Chunk (-3.0, -10.0): Using BOX collision (distance: 10.44)
[22:22:07] TERRAIN: Chunk created successfully: (-3.0, -10.0) at world pos (-96.0, 0.0, -320.0) (total chunks: 343)
[22:22:07] TERRAIN: Creating chunk: (-10.0, -3.0) at distance 10.44
[22:22:07] TERRAIN: Chunk (-10.0, -3.0): Using BOX collision (distance: 10.44)
[22:22:07] TERRAIN: Chunk created successfully: (-10.0, -3.0) at world pos (-320.0, 0.0, -96.0) (total chunks: 344)
[22:22:07] TERRAIN: Creating chunk: (3.0, 10.0) at distance 10.44
[22:22:07] TERRAIN: Chunk (3.0, 10.0): Using BOX collision (distance: 10.44)
[22:22:07] TERRAIN: Chunk created successfully: (3.0, 10.0) at world pos (96.0, 0.0, 320.0) (total chunks: 345)
[22:22:07] TERRAIN: Creating chunk: (-10.0, 3.0) at distance 10.44
[22:22:07] TERRAIN: Chunk (-10.0, 3.0): Using BOX collision (distance: 10.44)
[22:22:07] TERRAIN: Chunk created successfully: (-10.0, 3.0) at world pos (-320.0, 0.0, 96.0) (total chunks: 346)
[22:22:07] TERRAIN: Creating chunk: (10.0, 3.0) at distance 10.44
[22:22:07] TERRAIN: Chunk (10.0, 3.0): Using BOX collision (distance: 10.44)
[22:22:07] TERRAIN: Chunk created successfully: (10.0, 3.0) at world pos (320.0, 0.0, 96.0) (total chunks: 347)
[22:22:07] TERRAIN: Creating chunk: (3.0, -10.0) at distance 10.44
[22:22:07] TERRAIN: Chunk (3.0, -10.0): Using BOX collision (distance: 10.44)
[22:22:07] TERRAIN: Chunk created successfully: (3.0, -10.0) at world pos (96.0, 0.0, -320.0) (total chunks: 348)
[22:22:07] TERRAIN: Creating chunk: (-3.0, 10.0) at distance 10.44
[22:22:07] TERRAIN: Chunk (-3.0, 10.0): Using BOX collision (distance: 10.44)
[22:22:07] TERRAIN: Chunk created successfully: (-3.0, 10.0) at world pos (-96.0, 0.0, 320.0) (total chunks: 349)
[22:22:07] TERRAIN: Creating chunk: (8.0, -7.0) at distance 10.63
[22:22:07] TERRAIN: Chunk (8.0, -7.0): Using BOX collision (distance: 10.63)
[22:22:07] TERRAIN: Chunk created successfully: (8.0, -7.0) at world pos (256.0, 0.0, -224.0) (total chunks: 350)
[22:22:07] TERRAIN: Creating chunk: (7.0, 8.0) at distance 10.63
[22:22:07] TERRAIN: Chunk (7.0, 8.0): Using BOX collision (distance: 10.63)
[22:22:07] TERRAIN: Chunk created successfully: (7.0, 8.0) at world pos (224.0, 0.0, 256.0) (total chunks: 351)
[22:22:07] TERRAIN: Creating chunk: (-8.0, 7.0) at distance 10.63
[22:22:07] TERRAIN: Chunk (-8.0, 7.0): Using BOX collision (distance: 10.63)
[22:22:07] TERRAIN: Chunk created successfully: (-8.0, 7.0) at world pos (-256.0, 0.0, 224.0) (total chunks: 352)
[22:22:07] TERRAIN: Creating chunk: (-8.0, -7.0) at distance 10.63
[22:22:07] TERRAIN: Chunk (-8.0, -7.0): Using BOX collision (distance: 10.63)
[22:22:07] TERRAIN: Chunk created successfully: (-8.0, -7.0) at world pos (-256.0, 0.0, -224.0) (total chunks: 353)
[22:22:07] TERRAIN: Creating chunk: (-7.0, 8.0) at distance 10.63
[22:22:07] TERRAIN: Chunk (-7.0, 8.0): Using BOX collision (distance: 10.63)
[22:22:07] TERRAIN: Chunk created successfully: (-7.0, 8.0) at world pos (-224.0, 0.0, 256.0) (total chunks: 354)
[22:22:07] TERRAIN: Creating chunk: (-7.0, -8.0) at distance 10.63
[22:22:07] TERRAIN: Chunk (-7.0, -8.0): Using BOX collision (distance: 10.63)
[22:22:07] TERRAIN: Chunk created successfully: (-7.0, -8.0) at world pos (-224.0, 0.0, -256.0) (total chunks: 355)
[22:22:07] TERRAIN: Creating chunk: (7.0, -8.0) at distance 10.63
[22:22:07] TERRAIN: Chunk (7.0, -8.0): Using BOX collision (distance: 10.63)
[22:22:07] TERRAIN: Chunk created successfully: (7.0, -8.0) at world pos (224.0, 0.0, -256.0) (total chunks: 356)
[22:22:07] TERRAIN: Creating chunk: (8.0, 7.0) at distance 10.63
[22:22:07] TERRAIN: Chunk (8.0, 7.0): Using BOX collision (distance: 10.63)
[22:22:07] TERRAIN: Chunk created successfully: (8.0, 7.0) at world pos (256.0, 0.0, 224.0) (total chunks: 357)
[22:22:07] TERRAIN: Creating chunk: (10.0, -4.0) at distance 10.77
[22:22:07] TERRAIN: Chunk (10.0, -4.0): Using BOX collision (distance: 10.77)
[22:22:07] TERRAIN: Chunk created successfully: (10.0, -4.0) at world pos (320.0, 0.0, -128.0) (total chunks: 358)
[22:22:07] TERRAIN: Creating chunk: (-10.0, 4.0) at distance 10.77
[22:22:07] TERRAIN: Chunk (-10.0, 4.0): Using BOX collision (distance: 10.77)
[22:22:07] TERRAIN: Chunk created successfully: (-10.0, 4.0) at world pos (-320.0, 0.0, 128.0) (total chunks: 359)
[22:22:07] TERRAIN: Creating chunk: (10.0, 4.0) at distance 10.77
[22:22:07] TERRAIN: Chunk (10.0, 4.0): Using BOX collision (distance: 10.77)
[22:22:07] TERRAIN: Chunk created successfully: (10.0, 4.0) at world pos (320.0, 0.0, 128.0) (total chunks: 360)
[22:22:07] TERRAIN: Creating chunk: (4.0, 10.0) at distance 10.77
[22:22:07] TERRAIN: Chunk (4.0, 10.0): Using BOX collision (distance: 10.77)
[22:22:07] TERRAIN: Chunk created successfully: (4.0, 10.0) at world pos (128.0, 0.0, 320.0) (total chunks: 361)
[22:22:07] TERRAIN: Creating chunk: (-4.0, -10.0) at distance 10.77
[22:22:07] TERRAIN: Chunk (-4.0, -10.0): Using BOX collision (distance: 10.77)
[22:22:07] TERRAIN: Chunk created successfully: (-4.0, -10.0) at world pos (-128.0, 0.0, -320.0) (total chunks: 362)
[22:22:07] TERRAIN: Creating chunk: (-4.0, 10.0) at distance 10.77
[22:22:07] TERRAIN: Chunk (-4.0, 10.0): Using BOX collision (distance: 10.77)
[22:22:07] TERRAIN: Chunk created successfully: (-4.0, 10.0) at world pos (-128.0, 0.0, 320.0) (total chunks: 363)
[22:22:07] TERRAIN: Creating chunk: (-10.0, -4.0) at distance 10.77
[22:22:07] TERRAIN: Chunk (-10.0, -4.0): Using BOX collision (distance: 10.77)
[22:22:07] TERRAIN: Chunk created successfully: (-10.0, -4.0) at world pos (-320.0, 0.0, -128.0) (total chunks: 364)
[22:22:07] TERRAIN: Creating chunk: (4.0, -10.0) at distance 10.77
[22:22:07] TERRAIN: Chunk (4.0, -10.0): Using BOX collision (distance: 10.77)
[22:22:07] TERRAIN: Chunk created successfully: (4.0, -10.0) at world pos (128.0, 0.0, -320.0) (total chunks: 365)
[22:22:07] TERRAIN: Creating chunk: (-9.0, 6.0) at distance 10.82
[22:22:07] TERRAIN: Chunk (-9.0, 6.0): Using BOX collision (distance: 10.82)
[22:22:07] TERRAIN: Chunk created successfully: (-9.0, 6.0) at world pos (-288.0, 0.0, 192.0) (total chunks: 366)
[22:22:07] TERRAIN: Creating chunk: (-9.0, -6.0) at distance 10.82
[22:22:07] TERRAIN: Chunk (-9.0, -6.0): Using BOX collision (distance: 10.82)
[22:22:07] TERRAIN: Chunk created successfully: (-9.0, -6.0) at world pos (-288.0, 0.0, -192.0) (total chunks: 367)
[22:22:07] TERRAIN: Creating chunk: (-6.0, 9.0) at distance 10.82
[22:22:07] TERRAIN: Chunk (-6.0, 9.0): Using BOX collision (distance: 10.82)
[22:22:07] TERRAIN: Chunk created successfully: (-6.0, 9.0) at world pos (-192.0, 0.0, 288.0) (total chunks: 368)
[22:22:07] TERRAIN: Creating chunk: (9.0, -6.0) at distance 10.82
[22:22:07] TERRAIN: Chunk (9.0, -6.0): Using BOX collision (distance: 10.82)
[22:22:07] TERRAIN: Chunk created successfully: (9.0, -6.0) at world pos (288.0, 0.0, -192.0) (total chunks: 369)
[22:22:07] TERRAIN: Creating chunk: (9.0, 6.0) at distance 10.82
[22:22:07] TERRAIN: Chunk (9.0, 6.0): Using BOX collision (distance: 10.82)
[22:22:07] TERRAIN: Chunk created successfully: (9.0, 6.0) at world pos (288.0, 0.0, 192.0) (total chunks: 370)
[22:22:07] TERRAIN: Creating chunk: (6.0, 9.0) at distance 10.82
[22:22:07] TERRAIN: Chunk (6.0, 9.0): Using BOX collision (distance: 10.82)
[22:22:07] TERRAIN: Chunk created successfully: (6.0, 9.0) at world pos (192.0, 0.0, 288.0) (total chunks: 371)
[22:22:07] TERRAIN: Creating chunk: (6.0, -9.0) at distance 10.82
[22:22:07] TERRAIN: Chunk (6.0, -9.0): Using BOX collision (distance: 10.82)
[22:22:07] TERRAIN: Chunk created successfully: (6.0, -9.0) at world pos (192.0, 0.0, -288.0) (total chunks: 372)
[22:22:07] TERRAIN: Creating chunk: (-6.0, -9.0) at distance 10.82
[22:22:07] TERRAIN: Chunk (-6.0, -9.0): Using BOX collision (distance: 10.82)
[22:22:07] TERRAIN: Chunk created successfully: (-6.0, -9.0) at world pos (-192.0, 0.0, -288.0) (total chunks: 373)
[22:22:07] TERRAIN: Creating chunk: (11.0, 0.0) at distance 11.00
[22:22:07] TERRAIN: Chunk (11.0, 0.0): Using BOX collision (distance: 11.00)
[22:22:07] TERRAIN: Chunk created successfully: (11.0, 0.0) at world pos (352.0, 0.0, 0.0) (total chunks: 374)
[22:22:07] TERRAIN: Creating chunk: (-11.0, 0.0) at distance 11.00
[22:22:07] TERRAIN: Chunk (-11.0, 0.0): Using BOX collision (distance: 11.00)
[22:22:07] TERRAIN: Chunk created successfully: (-11.0, 0.0) at world pos (-352.0, 0.0, 0.0) (total chunks: 375)
[22:22:07] TERRAIN: Creating chunk: (0.0, 11.0) at distance 11.00
[22:22:07] TERRAIN: Chunk (0.0, 11.0): Using BOX collision (distance: 11.00)
[22:22:07] TERRAIN: Chunk created successfully: (0.0, 11.0) at world pos (0.0, 0.0, 352.0) (total chunks: 376)
[22:22:07] TERRAIN: Creating chunk: (0.0, -11.0) at distance 11.00
[22:22:07] TERRAIN: Chunk (0.0, -11.0): Using BOX collision (distance: 11.00)
[22:22:07] TERRAIN: Chunk created successfully: (0.0, -11.0) at world pos (0.0, 0.0, -352.0) (total chunks: 377)
[22:22:07] TERRAIN: Creating chunk: (1.0, -11.0) at distance 11.05
[22:22:07] TERRAIN: Chunk (1.0, -11.0): Using BOX collision (distance: 11.05)
[22:22:07] TERRAIN: Chunk created successfully: (1.0, -11.0) at world pos (32.0, 0.0, -352.0) (total chunks: 378)
[22:22:07] TERRAIN: Creating chunk: (-1.0, 11.0) at distance 11.05
[22:22:07] TERRAIN: Chunk (-1.0, 11.0): Using BOX collision (distance: 11.05)
[22:22:07] TERRAIN: Chunk created successfully: (-1.0, 11.0) at world pos (-32.0, 0.0, 352.0) (total chunks: 379)
[22:22:07] TERRAIN: Creating chunk: (1.0, 11.0) at distance 11.05
[22:22:07] TERRAIN: Chunk (1.0, 11.0): Using BOX collision (distance: 11.05)
[22:22:07] TERRAIN: Chunk created successfully: (1.0, 11.0) at world pos (32.0, 0.0, 352.0) (total chunks: 380)
[22:22:07] TERRAIN: Creating chunk: (-11.0, -1.0) at distance 11.05
[22:22:07] TERRAIN: Chunk (-11.0, -1.0): Using BOX collision (distance: 11.05)
[22:22:07] TERRAIN: Chunk created successfully: (-11.0, -1.0) at world pos (-352.0, 0.0, -32.0) (total chunks: 381)
[22:22:07] TERRAIN: Creating chunk: (11.0, -1.0) at distance 11.05
[22:22:07] TERRAIN: Chunk (11.0, -1.0): Using BOX collision (distance: 11.05)
[22:22:07] TERRAIN: Chunk created successfully: (11.0, -1.0) at world pos (352.0, 0.0, -32.0) (total chunks: 382)
[22:22:07] TERRAIN: Creating chunk: (-1.0, -11.0) at distance 11.05
[22:22:07] TERRAIN: Chunk (-1.0, -11.0): Using BOX collision (distance: 11.05)
[22:22:07] TERRAIN: Chunk created successfully: (-1.0, -11.0) at world pos (-32.0, 0.0, -352.0) (total chunks: 383)
[22:22:07] TERRAIN: Creating chunk: (-11.0, 1.0) at distance 11.05
[22:22:07] TERRAIN: Chunk (-11.0, 1.0): Using BOX collision (distance: 11.05)
[22:22:07] TERRAIN: Chunk created successfully: (-11.0, 1.0) at world pos (-352.0, 0.0, 32.0) (total chunks: 384)
[22:22:07] TERRAIN: Creating chunk: (11.0, 1.0) at distance 11.05
[22:22:07] TERRAIN: Chunk (11.0, 1.0): Using BOX collision (distance: 11.05)
[22:22:07] TERRAIN: Chunk created successfully: (11.0, 1.0) at world pos (352.0, 0.0, 32.0) (total chunks: 385)
[22:22:07] TERRAIN: Creating chunk: (2.0, -11.0) at distance 11.18
[22:22:07] TERRAIN: Chunk (2.0, -11.0): Using BOX collision (distance: 11.18)
[22:22:07] TERRAIN: Chunk created successfully: (2.0, -11.0) at world pos (64.0, 0.0, -352.0) (total chunks: 386)
[22:22:07] TERRAIN: Creating chunk: (11.0, -2.0) at distance 11.18
[22:22:07] TERRAIN: Chunk (11.0, -2.0): Using BOX collision (distance: 11.18)
[22:22:07] TERRAIN: Chunk created successfully: (11.0, -2.0) at world pos (352.0, 0.0, -64.0) (total chunks: 387)
[22:22:07] TERRAIN: Creating chunk: (10.0, -5.0) at distance 11.18
[22:22:07] TERRAIN: Chunk (10.0, -5.0): Using BOX collision (distance: 11.18)
[22:22:07] TERRAIN: Chunk created successfully: (10.0, -5.0) at world pos (320.0, 0.0, -160.0) (total chunks: 388)
[22:22:07] TERRAIN: Creating chunk: (-5.0, -10.0) at distance 11.18
[22:22:07] TERRAIN: Chunk (-5.0, -10.0): Using BOX collision (distance: 11.18)
[22:22:07] TERRAIN: Chunk created successfully: (-5.0, -10.0) at world pos (-160.0, 0.0, -320.0) (total chunks: 389)
[22:22:07] TERRAIN: Creating chunk: (2.0, 11.0) at distance 11.18
[22:22:07] TERRAIN: Chunk (2.0, 11.0): Using BOX collision (distance: 11.18)
[22:22:07] TERRAIN: Chunk created successfully: (2.0, 11.0) at world pos (64.0, 0.0, 352.0) (total chunks: 390)
[22:22:07] TERRAIN: Creating chunk: (5.0, 10.0) at distance 11.18
[22:22:07] TERRAIN: Chunk (5.0, 10.0): Using BOX collision (distance: 11.18)
[22:22:07] TERRAIN: Chunk created successfully: (5.0, 10.0) at world pos (160.0, 0.0, 320.0) (total chunks: 391)
[22:22:07] TERRAIN: Creating chunk: (-5.0, 10.0) at distance 11.18
[22:22:07] TERRAIN: Chunk (-5.0, 10.0): Using BOX collision (distance: 11.18)
[22:22:07] TERRAIN: Chunk created successfully: (-5.0, 10.0) at world pos (-160.0, 0.0, 320.0) (total chunks: 392)
[22:22:07] TERRAIN: Creating chunk: (5.0, -10.0) at distance 11.18
[22:22:07] TERRAIN: Chunk (5.0, -10.0): Using BOX collision (distance: 11.18)
[22:22:07] TERRAIN: Chunk created successfully: (5.0, -10.0) at world pos (160.0, 0.0, -320.0) (total chunks: 393)
[22:22:07] TERRAIN: Creating chunk: (11.0, 2.0) at distance 11.18
[22:22:07] TERRAIN: Chunk (11.0, 2.0): Using BOX collision (distance: 11.18)
[22:22:07] TERRAIN: Chunk created successfully: (11.0, 2.0) at world pos (352.0, 0.0, 64.0) (total chunks: 394)
[22:22:07] TERRAIN: Creating chunk: (-10.0, 5.0) at distance 11.18
[22:22:07] TERRAIN: Chunk (-10.0, 5.0): Using BOX collision (distance: 11.18)
[22:22:07] TERRAIN: Chunk created successfully: (-10.0, 5.0) at world pos (-320.0, 0.0, 160.0) (total chunks: 395)
[22:22:07] TERRAIN: Creating chunk: (-11.0, -2.0) at distance 11.18
[22:22:07] TERRAIN: Chunk (-11.0, -2.0): Using BOX collision (distance: 11.18)
[22:22:07] TERRAIN: Chunk created successfully: (-11.0, -2.0) at world pos (-352.0, 0.0, -64.0) (total chunks: 396)
[22:22:07] TERRAIN: Creating chunk: (-11.0, 2.0) at distance 11.18
[22:22:07] TERRAIN: Chunk (-11.0, 2.0): Using BOX collision (distance: 11.18)
[22:22:07] TERRAIN: Chunk created successfully: (-11.0, 2.0) at world pos (-352.0, 0.0, 64.0) (total chunks: 397)
[22:22:07] TERRAIN: Creating chunk: (-2.0, 11.0) at distance 11.18
[22:22:07] TERRAIN: Chunk (-2.0, 11.0): Using BOX collision (distance: 11.18)
[22:22:07] TERRAIN: Chunk created successfully: (-2.0, 11.0) at world pos (-64.0, 0.0, 352.0) (total chunks: 398)
[22:22:07] TERRAIN: Creating chunk: (-10.0, -5.0) at distance 11.18
[22:22:07] TERRAIN: Chunk (-10.0, -5.0): Using BOX collision (distance: 11.18)
[22:22:07] TERRAIN: Chunk created successfully: (-10.0, -5.0) at world pos (-320.0, 0.0, -160.0) (total chunks: 399)
[22:22:07] TERRAIN: Creating chunk: (10.0, 5.0) at distance 11.18
[22:22:07] TERRAIN: Chunk (10.0, 5.0): Using BOX collision (distance: 11.18)
[22:22:07] TERRAIN: Chunk created successfully: (10.0, 5.0) at world pos (320.0, 0.0, 160.0) (total chunks: 400)
[22:22:07] TERRAIN: Creating chunk: (-2.0, -11.0) at distance 11.18
[22:22:07] TERRAIN: Chunk (-2.0, -11.0): Using BOX collision (distance: 11.18)
[22:22:07] TERRAIN: Chunk created successfully: (-2.0, -11.0) at world pos (-64.0, 0.0, -352.0) (total chunks: 401)
[22:22:07] TERRAIN: Creating chunk: (8.0, -8.0) at distance 11.31
[22:22:07] TERRAIN: Chunk (8.0, -8.0): Using BOX collision (distance: 11.31)
[22:22:07] TERRAIN: Chunk created successfully: (8.0, -8.0) at world pos (256.0, 0.0, -256.0) (total chunks: 402)
[22:22:07] TERRAIN: Creating chunk: (8.0, 8.0) at distance 11.31
[22:22:07] TERRAIN: Chunk (8.0, 8.0): Using BOX collision (distance: 11.31)
[22:22:07] TERRAIN: Chunk created successfully: (8.0, 8.0) at world pos (256.0, 0.0, 256.0) (total chunks: 403)
[22:22:07] TERRAIN: Creating chunk: (-8.0, 8.0) at distance 11.31
[22:22:07] TERRAIN: Chunk (-8.0, 8.0): Using BOX collision (distance: 11.31)
[22:22:07] TERRAIN: Chunk created successfully: (-8.0, 8.0) at world pos (-256.0, 0.0, 256.0) (total chunks: 404)
[22:22:07] TERRAIN: Creating chunk: (-8.0, -8.0) at distance 11.31
[22:22:07] TERRAIN: Chunk (-8.0, -8.0): Using BOX collision (distance: 11.31)
[22:22:07] TERRAIN: Chunk created successfully: (-8.0, -8.0) at world pos (-256.0, 0.0, -256.0) (total chunks: 405)
[22:22:07] TERRAIN: Creating chunk: (7.0, -9.0) at distance 11.40
[22:22:07] TERRAIN: Chunk (7.0, -9.0): Using BOX collision (distance: 11.40)
[22:22:07] TERRAIN: Chunk created successfully: (7.0, -9.0) at world pos (224.0, 0.0, -288.0) (total chunks: 406)
[22:22:07] TERRAIN: Creating chunk: (-7.0, 9.0) at distance 11.40
[22:22:07] TERRAIN: Chunk (-7.0, 9.0): Using BOX collision (distance: 11.40)
[22:22:07] TERRAIN: Chunk created successfully: (-7.0, 9.0) at world pos (-224.0, 0.0, 288.0) (total chunks: 407)
[22:22:07] TERRAIN: Creating chunk: (9.0, -7.0) at distance 11.40
[22:22:07] TERRAIN: Chunk (9.0, -7.0): Using BOX collision (distance: 11.40)
[22:22:07] TERRAIN: Chunk created successfully: (9.0, -7.0) at world pos (288.0, 0.0, -224.0) (total chunks: 408)
[22:22:07] TERRAIN: Creating chunk: (-7.0, -9.0) at distance 11.40
[22:22:07] TERRAIN: Chunk (-7.0, -9.0): Using BOX collision (distance: 11.40)
[22:22:07] TERRAIN: Chunk created successfully: (-7.0, -9.0) at world pos (-224.0, 0.0, -288.0) (total chunks: 409)
[22:22:07] TERRAIN: Creating chunk: (3.0, 11.0) at distance 11.40
[22:22:07] TERRAIN: Chunk (3.0, 11.0): Using BOX collision (distance: 11.40)
[22:22:07] TERRAIN: Chunk created successfully: (3.0, 11.0) at world pos (96.0, 0.0, 352.0) (total chunks: 410)
[22:22:07] TERRAIN: Creating chunk: (9.0, 7.0) at distance 11.40
[22:22:07] TERRAIN: Chunk (9.0, 7.0): Using BOX collision (distance: 11.40)
[22:22:07] TERRAIN: Chunk created successfully: (9.0, 7.0) at world pos (288.0, 0.0, 224.0) (total chunks: 411)
[22:22:07] TERRAIN: Creating chunk: (11.0, 3.0) at distance 11.40
[22:22:07] TERRAIN: Chunk (11.0, 3.0): Using BOX collision (distance: 11.40)
[22:22:07] TERRAIN: Chunk created successfully: (11.0, 3.0) at world pos (352.0, 0.0, 96.0) (total chunks: 412)
[22:22:07] TERRAIN: Creating chunk: (3.0, -11.0) at distance 11.40
[22:22:07] TERRAIN: Chunk (3.0, -11.0): Using BOX collision (distance: 11.40)
[22:22:07] TERRAIN: Chunk created successfully: (3.0, -11.0) at world pos (96.0, 0.0, -352.0) (total chunks: 413)
[22:22:07] TERRAIN: Creating chunk: (-3.0, 11.0) at distance 11.40
[22:22:07] TERRAIN: Chunk (-3.0, 11.0): Using BOX collision (distance: 11.40)
[22:22:07] TERRAIN: Chunk created successfully: (-3.0, 11.0) at world pos (-96.0, 0.0, 352.0) (total chunks: 414)
[22:22:07] TERRAIN: Creating chunk: (-9.0, 7.0) at distance 11.40
[22:22:07] TERRAIN: Chunk (-9.0, 7.0): Using BOX collision (distance: 11.40)
[22:22:07] TERRAIN: Chunk created successfully: (-9.0, 7.0) at world pos (-288.0, 0.0, 224.0) (total chunks: 415)
[22:22:07] TERRAIN: Creating chunk: (-11.0, -3.0) at distance 11.40
[22:22:07] TERRAIN: Chunk (-11.0, -3.0): Using BOX collision (distance: 11.40)
[22:22:07] TERRAIN: Chunk created successfully: (-11.0, -3.0) at world pos (-352.0, 0.0, -96.0) (total chunks: 416)
[22:22:07] TERRAIN: Creating chunk: (-11.0, 3.0) at distance 11.40
[22:22:07] TERRAIN: Chunk (-11.0, 3.0): Using BOX collision (distance: 11.40)
[22:22:07] TERRAIN: Chunk created successfully: (-11.0, 3.0) at world pos (-352.0, 0.0, 96.0) (total chunks: 417)
[22:22:07] TERRAIN: Creating chunk: (11.0, -3.0) at distance 11.40
[22:22:07] TERRAIN: Chunk (11.0, -3.0): Using BOX collision (distance: 11.40)
[22:22:07] TERRAIN: Chunk created successfully: (11.0, -3.0) at world pos (352.0, 0.0, -96.0) (total chunks: 418)
[22:22:07] TERRAIN: Creating chunk: (-9.0, -7.0) at distance 11.40
[22:22:07] TERRAIN: Chunk (-9.0, -7.0): Using BOX collision (distance: 11.40)
[22:22:07] TERRAIN: Chunk created successfully: (-9.0, -7.0) at world pos (-288.0, 0.0, -224.0) (total chunks: 419)
[22:22:07] TERRAIN: Creating chunk: (7.0, 9.0) at distance 11.40
[22:22:07] TERRAIN: Chunk (7.0, 9.0): Using BOX collision (distance: 11.40)
[22:22:07] TERRAIN: Chunk created successfully: (7.0, 9.0) at world pos (224.0, 0.0, 288.0) (total chunks: 420)
[22:22:07] TERRAIN: Creating chunk: (-3.0, -11.0) at distance 11.40
[22:22:07] TERRAIN: Chunk (-3.0, -11.0): Using BOX collision (distance: 11.40)
[22:22:07] TERRAIN: Chunk created successfully: (-3.0, -11.0) at world pos (-96.0, 0.0, -352.0) (total chunks: 421)
[22:22:07] TERRAIN: Creating chunk: (6.0, -10.0) at distance 11.66
[22:22:07] TERRAIN: Chunk (6.0, -10.0): Using BOX collision (distance: 11.66)
[22:22:07] TERRAIN: Chunk created successfully: (6.0, -10.0) at world pos (192.0, 0.0, -320.0) (total chunks: 422)
[22:22:07] TERRAIN: Creating chunk: (-6.0, -10.0) at distance 11.66
[22:22:07] TERRAIN: Chunk (-6.0, -10.0): Using BOX collision (distance: 11.66)
[22:22:07] TERRAIN: Chunk created successfully: (-6.0, -10.0) at world pos (-192.0, 0.0, -320.0) (total chunks: 423)
[22:22:07] TERRAIN: Creating chunk: (-10.0, -6.0) at distance 11.66
[22:22:07] TERRAIN: Chunk (-10.0, -6.0): Using BOX collision (distance: 11.66)
[22:22:07] TERRAIN: Chunk created successfully: (-10.0, -6.0) at world pos (-320.0, 0.0, -192.0) (total chunks: 424)
[22:22:07] TERRAIN: Creating chunk: (-10.0, 6.0) at distance 11.66
[22:22:07] TERRAIN: Chunk (-10.0, 6.0): Using BOX collision (distance: 11.66)
[22:22:07] TERRAIN: Chunk created successfully: (-10.0, 6.0) at world pos (-320.0, 0.0, 192.0) (total chunks: 425)
[22:22:07] TERRAIN: Creating chunk: (6.0, 10.0) at distance 11.66
[22:22:07] TERRAIN: Chunk (6.0, 10.0): Using BOX collision (distance: 11.66)
[22:22:07] TERRAIN: Chunk created successfully: (6.0, 10.0) at world pos (192.0, 0.0, 320.0) (total chunks: 426)
[22:22:07] TERRAIN: Creating chunk: (-6.0, 10.0) at distance 11.66
[22:22:07] TERRAIN: Chunk (-6.0, 10.0): Using BOX collision (distance: 11.66)
[22:22:07] TERRAIN: Chunk created successfully: (-6.0, 10.0) at world pos (-192.0, 0.0, 320.0) (total chunks: 427)
[22:22:07] TERRAIN: Creating chunk: (10.0, 6.0) at distance 11.66
[22:22:07] TERRAIN: Chunk (10.0, 6.0): Using BOX collision (distance: 11.66)
[22:22:07] TERRAIN: Chunk created successfully: (10.0, 6.0) at world pos (320.0, 0.0, 192.0) (total chunks: 428)
[22:22:07] TERRAIN: Player moved to new chunk: (0.0, -1.0) (was (0.0, 0.0))
[22:22:07] TERRAIN: Creating chunk: (10.0, -6.0) at distance 11.18
[22:22:07] TERRAIN: Chunk (10.0, -6.0): Using BOX collision (distance: 11.18)
[22:22:07] TERRAIN: Chunk created successfully: (10.0, -6.0) at world pos (320.0, 0.0, -192.0) (total chunks: 429)
[22:22:07] TERRAIN: Creating chunk: (11.0, 4.0) at distance 12.08
[22:22:07] TERRAIN: Chunk (11.0, 4.0): Using BOX collision (distance: 12.08)
[22:22:07] TERRAIN: Chunk created successfully: (11.0, 4.0) at world pos (352.0, 0.0, 128.0) (total chunks: 430)
[22:22:07] TERRAIN: Creating chunk: (11.0, -4.0) at distance 11.40
[22:22:07] TERRAIN: Chunk (11.0, -4.0): Using BOX collision (distance: 11.40)
[22:22:07] TERRAIN: Chunk created successfully: (11.0, -4.0) at world pos (352.0, 0.0, -128.0) (total chunks: 431)
[22:22:07] TERRAIN: Creating chunk: (-4.0, -11.0) at distance 10.77
[22:22:07] TERRAIN: Chunk (-4.0, -11.0): Using BOX collision (distance: 10.77)
[22:22:07] TERRAIN: Chunk created successfully: (-4.0, -11.0) at world pos (-128.0, 0.0, -352.0) (total chunks: 432)
[22:22:07] TERRAIN: Creating chunk: (4.0, -11.0) at distance 10.77
[22:22:07] TERRAIN: Chunk (4.0, -11.0): Using BOX collision (distance: 10.77)
[22:22:07] TERRAIN: Chunk created successfully: (4.0, -11.0) at world pos (128.0, 0.0, -352.0) (total chunks: 433)
[22:22:07] TERRAIN: Creating chunk: (-4.0, 11.0) at distance 12.65
[22:22:07] TERRAIN: Chunk (-4.0, 11.0): Using BOX collision (distance: 12.65)
[22:22:07] TERRAIN: Chunk created successfully: (-4.0, 11.0) at world pos (-128.0, 0.0, 352.0) (total chunks: 434)
[22:22:07] TERRAIN: Creating chunk: (4.0, 11.0) at distance 12.65
[22:22:07] TERRAIN: Chunk (4.0, 11.0): Using BOX collision (distance: 12.65)
[22:22:07] TERRAIN: Chunk created successfully: (4.0, 11.0) at world pos (128.0, 0.0, 352.0) (total chunks: 435)
[22:22:07] TERRAIN: Creating chunk: (-11.0, 4.0) at distance 12.08
[22:22:07] TERRAIN: Chunk (-11.0, 4.0): Using BOX collision (distance: 12.08)
[22:22:07] TERRAIN: Chunk created successfully: (-11.0, 4.0) at world pos (-352.0, 0.0, 128.0) (total chunks: 436)
[22:22:07] TERRAIN: Creating chunk: (-11.0, -4.0) at distance 11.40
[22:22:07] TERRAIN: Chunk (-11.0, -4.0): Using BOX collision (distance: 11.40)
[22:22:07] TERRAIN: Chunk created successfully: (-11.0, -4.0) at world pos (-352.0, 0.0, -128.0) (total chunks: 437)
[22:22:07] TERRAIN: Creating chunk: (12.0, 0.0) at distance 12.04
[22:22:07] TERRAIN: Chunk (12.0, 0.0): Using BOX collision (distance: 12.04)
[22:22:07] TERRAIN: Chunk created successfully: (12.0, 0.0) at world pos (384.0, 0.0, 0.0) (total chunks: 438)
[22:22:07] TERRAIN: Creating chunk: (0.0, -12.0) at distance 11.00
[22:22:07] TERRAIN: Chunk (0.0, -12.0): Using BOX collision (distance: 11.00)
[22:22:07] TERRAIN: Chunk created successfully: (0.0, -12.0) at world pos (0.0, 0.0, -384.0) (total chunks: 439)
[22:22:07] TERRAIN: Creating chunk: (-12.0, 0.0) at distance 12.04
[22:22:07] TERRAIN: Chunk (-12.0, 0.0): Using BOX collision (distance: 12.04)
[22:22:07] TERRAIN: Chunk created successfully: (-12.0, 0.0) at world pos (-384.0, 0.0, 0.0) (total chunks: 440)
[22:22:07] TERRAIN: Creating chunk: (0.0, 12.0) at distance 13.00
[22:22:07] TERRAIN: Chunk (0.0, 12.0): Using BOX collision (distance: 13.00)
[22:22:07] TERRAIN: Chunk created successfully: (0.0, 12.0) at world pos (0.0, 0.0, 384.0) (total chunks: 441)
[22:22:07] TERRAIN: Creating chunk: (8.0, -9.0) at distance 11.31
[22:22:07] TERRAIN: Chunk (8.0, -9.0): Using BOX collision (distance: 11.31)
[22:22:07] TERRAIN: Chunk created successfully: (8.0, -9.0) at world pos (256.0, 0.0, -288.0) (total chunks: 442)
[22:22:07] TERRAIN: Creating chunk: (8.0, 9.0) at distance 12.81
[22:22:07] TERRAIN: Chunk (8.0, 9.0): Using BOX collision (distance: 12.81)
[22:22:07] TERRAIN: Chunk created successfully: (8.0, 9.0) at world pos (256.0, 0.0, 288.0) (total chunks: 443)
[22:22:07] TERRAIN: Creating chunk: (-8.0, 9.0) at distance 12.81
[22:22:07] TERRAIN: Chunk (-8.0, 9.0): Using BOX collision (distance: 12.81)
[22:22:07] TERRAIN: Chunk created successfully: (-8.0, 9.0) at world pos (-256.0, 0.0, 288.0) (total chunks: 444)
[22:22:07] TERRAIN: Creating chunk: (9.0, -8.0) at distance 11.40
[22:22:07] TERRAIN: Chunk (9.0, -8.0): Using BOX collision (distance: 11.40)
[22:22:07] TERRAIN: Chunk created successfully: (9.0, -8.0) at world pos (288.0, 0.0, -256.0) (total chunks: 445)
[22:22:07] TERRAIN: Creating chunk: (12.0, 1.0) at distance 12.17
[22:22:07] TERRAIN: Chunk (12.0, 1.0): Using BOX collision (distance: 12.17)
[22:22:07] TERRAIN: Chunk created successfully: (12.0, 1.0) at world pos (384.0, 0.0, 32.0) (total chunks: 446)
[22:22:07] TERRAIN: Creating chunk: (-1.0, 12.0) at distance 13.04
[22:22:07] TERRAIN: Chunk (-1.0, 12.0): Using BOX collision (distance: 13.04)
[22:22:07] TERRAIN: Chunk created successfully: (-1.0, 12.0) at world pos (-32.0, 0.0, 384.0) (total chunks: 447)
[22:22:07] TERRAIN: Creating chunk: (1.0, 12.0) at distance 13.04
[22:22:07] TERRAIN: Chunk (1.0, 12.0): Using BOX collision (distance: 13.04)
[22:22:07] TERRAIN: Chunk created successfully: (1.0, 12.0) at world pos (32.0, 0.0, 384.0) (total chunks: 448)
[22:22:07] TERRAIN: Creating chunk: (-9.0, 8.0) at distance 12.73
[22:22:07] TERRAIN: Chunk (-9.0, 8.0): Using BOX collision (distance: 12.73)
[22:22:07] TERRAIN: Chunk created successfully: (-9.0, 8.0) at world pos (-288.0, 0.0, 256.0) (total chunks: 449)
[22:22:07] TERRAIN: Creating chunk: (1.0, -12.0) at distance 11.05
[22:22:07] TERRAIN: Chunk (1.0, -12.0): Using BOX collision (distance: 11.05)
[22:22:07] TERRAIN: Chunk created successfully: (1.0, -12.0) at world pos (32.0, 0.0, -384.0) (total chunks: 450)
[22:22:07] TERRAIN: Creating chunk: (-8.0, -9.0) at distance 11.31
[22:22:07] TERRAIN: Chunk (-8.0, -9.0): Using BOX collision (distance: 11.31)
[22:22:07] TERRAIN: Chunk created successfully: (-8.0, -9.0) at world pos (-256.0, 0.0, -288.0) (total chunks: 451)
[22:22:07] TERRAIN: Creating chunk: (12.0, -1.0) at distance 12.00
[22:22:07] TERRAIN: Chunk (12.0, -1.0): Using BOX collision (distance: 12.00)
[22:22:07] TERRAIN: Chunk created successfully: (12.0, -1.0) at world pos (384.0, 0.0, -32.0) (total chunks: 452)
[22:22:07] TERRAIN: Creating chunk: (-12.0, 1.0) at distance 12.17
[22:22:07] TERRAIN: Chunk (-12.0, 1.0): Using BOX collision (distance: 12.17)
[22:22:07] TERRAIN: Chunk created successfully: (-12.0, 1.0) at world pos (-384.0, 0.0, 32.0) (total chunks: 453)
[22:22:07] TERRAIN: Creating chunk: (-9.0, -8.0) at distance 11.40
[22:22:07] TERRAIN: Chunk (-9.0, -8.0): Using BOX collision (distance: 11.40)
[22:22:07] TERRAIN: Chunk created successfully: (-9.0, -8.0) at world pos (-288.0, 0.0, -256.0) (total chunks: 454)
[22:22:07] TERRAIN: Creating chunk: (-12.0, -1.0) at distance 12.00
[22:22:07] TERRAIN: Chunk (-12.0, -1.0): Using BOX collision (distance: 12.00)
[22:22:07] TERRAIN: Chunk created successfully: (-12.0, -1.0) at world pos (-384.0, 0.0, -32.0) (total chunks: 455)
[22:22:07] TERRAIN: Creating chunk: (9.0, 8.0) at distance 12.73
[22:22:07] TERRAIN: Chunk (9.0, 8.0): Using BOX collision (distance: 12.73)
[22:22:07] TERRAIN: Chunk created successfully: (9.0, 8.0) at world pos (288.0, 0.0, 256.0) (total chunks: 456)
[22:22:07] TERRAIN: Creating chunk: (-1.0, -12.0) at distance 11.05
[22:22:07] TERRAIN: Chunk (-1.0, -12.0): Using BOX collision (distance: 11.05)
[22:22:07] TERRAIN: Chunk created successfully: (-1.0, -12.0) at world pos (-32.0, 0.0, -384.0) (total chunks: 457)
[22:22:07] TERRAIN: Creating chunk: (5.0, -11.0) at distance 11.18
[22:22:07] TERRAIN: Chunk (5.0, -11.0): Using BOX collision (distance: 11.18)
[22:22:07] TERRAIN: Chunk created successfully: (5.0, -11.0) at world pos (160.0, 0.0, -352.0) (total chunks: 458)
[22:22:07] TERRAIN: Creating chunk: (-5.0, -11.0) at distance 11.18
[22:22:07] TERRAIN: Chunk (-5.0, -11.0): Using BOX collision (distance: 11.18)
[22:22:07] TERRAIN: Chunk created successfully: (-5.0, -11.0) at world pos (-160.0, 0.0, -352.0) (total chunks: 459)
[22:22:07] TERRAIN: Creating chunk: (-5.0, 11.0) at distance 13.00
[22:22:07] TERRAIN: Chunk (-5.0, 11.0): Using BOX collision (distance: 13.00)
[22:22:07] TERRAIN: Chunk created successfully: (-5.0, 11.0) at world pos (-160.0, 0.0, 352.0) (total chunks: 460)
[22:22:07] TERRAIN: Creating chunk: (11.0, -5.0) at distance 11.70
[22:22:07] TERRAIN: Chunk (11.0, -5.0): Using BOX collision (distance: 11.70)
[22:22:07] TERRAIN: Chunk created successfully: (11.0, -5.0) at world pos (352.0, 0.0, -160.0) (total chunks: 461)
[22:22:07] TERRAIN: Creating chunk: (11.0, 5.0) at distance 12.53
[22:22:07] TERRAIN: Chunk (11.0, 5.0): Using BOX collision (distance: 12.53)
[22:22:07] TERRAIN: Chunk created successfully: (11.0, 5.0) at world pos (352.0, 0.0, 160.0) (total chunks: 462)
[22:22:07] TERRAIN: Creating chunk: (5.0, 11.0) at distance 13.00
[22:22:07] TERRAIN: Chunk (5.0, 11.0): Using BOX collision (distance: 13.00)
[22:22:07] TERRAIN: Chunk created successfully: (5.0, 11.0) at world pos (160.0, 0.0, 352.0) (total chunks: 463)
[22:22:07] TERRAIN: Creating chunk: (-11.0, -5.0) at distance 11.70
[22:22:07] TERRAIN: Chunk (-11.0, -5.0): Using BOX collision (distance: 11.70)
[22:22:07] TERRAIN: Chunk created successfully: (-11.0, -5.0) at world pos (-352.0, 0.0, -160.0) (total chunks: 464)
[22:22:07] TERRAIN: Creating chunk: (-11.0, 5.0) at distance 12.53
[22:22:07] TERRAIN: Chunk (-11.0, 5.0): Using BOX collision (distance: 12.53)
[22:22:07] TERRAIN: Chunk created successfully: (-11.0, 5.0) at world pos (-352.0, 0.0, 160.0) (total chunks: 465)
[22:22:07] TERRAIN: Creating chunk: (12.0, 2.0) at distance 12.37
[22:22:07] TERRAIN: Chunk (12.0, 2.0): Using BOX collision (distance: 12.37)
[22:22:07] TERRAIN: Chunk created successfully: (12.0, 2.0) at world pos (384.0, 0.0, 64.0) (total chunks: 466)
[22:22:07] TERRAIN: Creating chunk: (2.0, 12.0) at distance 13.15
[22:22:07] TERRAIN: Chunk (2.0, 12.0): Using BOX collision (distance: 13.15)
[22:22:07] TERRAIN: Chunk created successfully: (2.0, 12.0) at world pos (64.0, 0.0, 384.0) (total chunks: 467)
[22:22:07] TERRAIN: Creating chunk: (-2.0, 12.0) at distance 13.15
[22:22:07] TERRAIN: Chunk (-2.0, 12.0): Using BOX collision (distance: 13.15)
[22:22:07] TERRAIN: Chunk created successfully: (-2.0, 12.0) at world pos (-64.0, 0.0, 384.0) (total chunks: 468)
[22:22:07] TERRAIN: Creating chunk: (-12.0, 2.0) at distance 12.37
[22:22:07] TERRAIN: Chunk (-12.0, 2.0): Using BOX collision (distance: 12.37)
[22:22:07] TERRAIN: Chunk created successfully: (-12.0, 2.0) at world pos (-384.0, 0.0, 64.0) (total chunks: 469)
[22:22:07] TERRAIN: Creating chunk: (-12.0, -2.0) at distance 12.04
[22:22:07] TERRAIN: Chunk (-12.0, -2.0): Using BOX collision (distance: 12.04)
[22:22:07] TERRAIN: Chunk created successfully: (-12.0, -2.0) at world pos (-384.0, 0.0, -64.0) (total chunks: 470)
[22:22:07] TERRAIN: Creating chunk: (12.0, -2.0) at distance 12.04
[22:22:07] TERRAIN: Chunk (12.0, -2.0): Using BOX collision (distance: 12.04)
[22:22:07] TERRAIN: Chunk created successfully: (12.0, -2.0) at world pos (384.0, 0.0, -64.0) (total chunks: 471)
[22:22:07] TERRAIN: Creating chunk: (2.0, -12.0) at distance 11.18
[22:22:07] TERRAIN: Chunk (2.0, -12.0): Using BOX collision (distance: 11.18)
[22:22:07] TERRAIN: Chunk created successfully: (2.0, -12.0) at world pos (64.0, 0.0, -384.0) (total chunks: 472)
[22:22:07] TERRAIN: Creating chunk: (-2.0, -12.0) at distance 11.18
[22:22:07] TERRAIN: Chunk (-2.0, -12.0): Using BOX collision (distance: 11.18)
[22:22:07] TERRAIN: Chunk created successfully: (-2.0, -12.0) at world pos (-64.0, 0.0, -384.0) (total chunks: 473)
[22:22:07] TERRAIN: Creating chunk: (10.0, -7.0) at distance 11.66
[22:22:07] TERRAIN: Chunk (10.0, -7.0): Using BOX collision (distance: 11.66)
[22:22:07] TERRAIN: Chunk created successfully: (10.0, -7.0) at world pos (320.0, 0.0, -224.0) (total chunks: 474)
[22:22:07] TERRAIN: Creating chunk: (7.0, 10.0) at distance 13.04
[22:22:07] TERRAIN: Chunk (7.0, 10.0): Using BOX collision (distance: 13.04)
[22:22:07] TERRAIN: Chunk created successfully: (7.0, 10.0) at world pos (224.0, 0.0, 320.0) (total chunks: 475)
[22:22:07] TERRAIN: Creating chunk: (10.0, 7.0) at distance 12.81
[22:22:07] TERRAIN: Chunk (10.0, 7.0): Using BOX collision (distance: 12.81)
[22:22:07] TERRAIN: Chunk created successfully: (10.0, 7.0) at world pos (320.0, 0.0, 224.0) (total chunks: 476)
[22:22:07] TERRAIN: Creating chunk: (7.0, -10.0) at distance 11.40
[22:22:07] TERRAIN: Chunk (7.0, -10.0): Using BOX collision (distance: 11.40)
[22:22:07] TERRAIN: Chunk created successfully: (7.0, -10.0) at world pos (224.0, 0.0, -320.0) (total chunks: 477)
[22:22:07] TERRAIN: Creating chunk: (-7.0, -10.0) at distance 11.40
[22:22:07] TERRAIN: Chunk (-7.0, -10.0): Using BOX collision (distance: 11.40)
[22:22:07] TERRAIN: Chunk created successfully: (-7.0, -10.0) at world pos (-224.0, 0.0, -320.0) (total chunks: 478)
[22:22:07] TERRAIN: Creating chunk: (-7.0, 10.0) at distance 13.04
[22:22:07] TERRAIN: Chunk (-7.0, 10.0): Using BOX collision (distance: 13.04)
[22:22:07] TERRAIN: Chunk created successfully: (-7.0, 10.0) at world pos (-224.0, 0.0, 320.0) (total chunks: 479)
[22:22:07] TERRAIN: Creating chunk: (-10.0, 7.0) at distance 12.81
[22:22:07] TERRAIN: Chunk (-10.0, 7.0): Using BOX collision (distance: 12.81)
[22:22:07] TERRAIN: Chunk created successfully: (-10.0, 7.0) at world pos (-320.0, 0.0, 224.0) (total chunks: 480)
[22:22:07] TERRAIN: Creating chunk: (-10.0, -7.0) at distance 11.66
[22:22:07] TERRAIN: Chunk (-10.0, -7.0): Using BOX collision (distance: 11.66)
[22:22:07] TERRAIN: Chunk created successfully: (-10.0, -7.0) at world pos (-320.0, 0.0, -224.0) (total chunks: 481)
[22:22:07] TERRAIN: Creating chunk: (12.0, -3.0) at distance 12.17
[22:22:07] TERRAIN: Chunk (12.0, -3.0): Using BOX collision (distance: 12.17)
[22:22:07] TERRAIN: Chunk created successfully: (12.0, -3.0) at world pos (384.0, 0.0, -96.0) (total chunks: 482)
[22:22:07] TERRAIN: Creating chunk: (-3.0, 12.0) at distance 13.34
[22:22:07] TERRAIN: Chunk (-3.0, 12.0): Using BOX collision (distance: 13.34)
[22:22:07] TERRAIN: Chunk created successfully: (-3.0, 12.0) at world pos (-96.0, 0.0, 384.0) (total chunks: 483)
[22:22:07] TERRAIN: Creating chunk: (12.0, 3.0) at distance 12.65
[22:22:07] TERRAIN: Chunk (12.0, 3.0): Using BOX collision (distance: 12.65)
[22:22:07] TERRAIN: Chunk created successfully: (12.0, 3.0) at world pos (384.0, 0.0, 96.0) (total chunks: 484)
[22:22:07] TERRAIN: Creating chunk: (-3.0, -12.0) at distance 11.40
[22:22:07] TERRAIN: Chunk (-3.0, -12.0): Using BOX collision (distance: 11.40)
[22:22:07] TERRAIN: Chunk created successfully: (-3.0, -12.0) at world pos (-96.0, 0.0, -384.0) (total chunks: 485)
[22:22:07] TERRAIN: Creating chunk: (-12.0, 3.0) at distance 12.65
[22:22:07] TERRAIN: Chunk (-12.0, 3.0): Using BOX collision (distance: 12.65)
[22:22:07] TERRAIN: Chunk created successfully: (-12.0, 3.0) at world pos (-384.0, 0.0, 96.0) (total chunks: 486)
[22:22:07] TERRAIN: Creating chunk: (3.0, -12.0) at distance 11.40
[22:22:07] TERRAIN: Chunk (3.0, -12.0): Using BOX collision (distance: 11.40)
[22:22:07] TERRAIN: Chunk created successfully: (3.0, -12.0) at world pos (96.0, 0.0, -384.0) (total chunks: 487)
[22:22:07] TERRAIN: Creating chunk: (3.0, 12.0) at distance 13.34
[22:22:07] TERRAIN: Chunk (3.0, 12.0): Using BOX collision (distance: 13.34)
[22:22:07] TERRAIN: Chunk created successfully: (3.0, 12.0) at world pos (96.0, 0.0, 384.0) (total chunks: 488)
[22:22:07] TERRAIN: Creating chunk: (-12.0, -3.0) at distance 12.17
[22:22:07] TERRAIN: Chunk (-12.0, -3.0): Using BOX collision (distance: 12.17)
[22:22:07] TERRAIN: Chunk created successfully: (-12.0, -3.0) at world pos (-384.0, 0.0, -96.0) (total chunks: 489)
[22:22:07] TERRAIN: Creating chunk: (-11.0, 6.0) at distance 13.04
[22:22:07] TERRAIN: Chunk (-11.0, 6.0): Using BOX collision (distance: 13.04)
[22:22:07] TERRAIN: Chunk created successfully: (-11.0, 6.0) at world pos (-352.0, 0.0, 192.0) (total chunks: 490)
[22:22:07] TERRAIN: Creating chunk: (-6.0, -11.0) at distance 11.66
[22:22:07] TERRAIN: Chunk (-6.0, -11.0): Using BOX collision (distance: 11.66)
[22:22:07] TERRAIN: Chunk created successfully: (-6.0, -11.0) at world pos (-192.0, 0.0, -352.0) (total chunks: 491)
[22:22:07] TERRAIN: Creating chunk: (-11.0, -6.0) at distance 12.08
[22:22:07] TERRAIN: Chunk (-11.0, -6.0): Using BOX collision (distance: 12.08)
[22:22:07] TERRAIN: Chunk created successfully: (-11.0, -6.0) at world pos (-352.0, 0.0, -192.0) (total chunks: 492)
[22:22:07] PLAYER: Pos: (0.0, -0.003305, -1.416685) | Chunk: (0.0, -1.0) | TerrainHeight: -0.00 | HeightDiff: -0.00 | OnFloor: true
[22:22:07] PLAYER: CHUNK CHANGED: (0.0, 0.0) -> (0.0, -1.0)
[22:22:07] TERRAIN: Creating chunk: (-6.0, 11.0) at distance 13.42
[22:22:07] TERRAIN: Chunk (-6.0, 11.0): Using BOX collision (distance: 13.42)
[22:22:07] TERRAIN: Chunk created successfully: (-6.0, 11.0) at world pos (-192.0, 0.0, 352.0) (total chunks: 493)
[22:22:07] TERRAIN: Creating chunk: (6.0, -11.0) at distance 11.66
[22:22:07] TERRAIN: Chunk (6.0, -11.0): Using BOX collision (distance: 11.66)
[22:22:07] TERRAIN: Chunk created successfully: (6.0, -11.0) at world pos (192.0, 0.0, -352.0) (total chunks: 494)
[22:22:07] TERRAIN: Creating chunk: (6.0, 11.0) at distance 13.42
[22:22:07] TERRAIN: Chunk (6.0, 11.0): Using BOX collision (distance: 13.42)
[22:22:07] TERRAIN: Chunk created successfully: (6.0, 11.0) at world pos (192.0, 0.0, 352.0) (total chunks: 495)
[22:22:07] TERRAIN: Creating chunk: (11.0, 6.0) at distance 13.04
[22:22:07] TERRAIN: Chunk (11.0, 6.0): Using BOX collision (distance: 13.04)
[22:22:07] TERRAIN: Chunk created successfully: (11.0, 6.0) at world pos (352.0, 0.0, 192.0) (total chunks: 496)
[22:22:07] TERRAIN: Creating chunk: (11.0, -6.0) at distance 12.08
[22:22:07] TERRAIN: Chunk (11.0, -6.0): Using BOX collision (distance: 12.08)
[22:22:07] TERRAIN: Chunk created successfully: (11.0, -6.0) at world pos (352.0, 0.0, -192.0) (total chunks: 497)
[22:22:07] TERRAIN: Creating chunk: (12.0, -4.0) at distance 12.37
[22:22:07] TERRAIN: Chunk (12.0, -4.0): Using BOX collision (distance: 12.37)
[22:22:07] TERRAIN: Chunk created successfully: (12.0, -4.0) at world pos (384.0, 0.0, -128.0) (total chunks: 498)
[22:22:07] TERRAIN: Creating chunk: (4.0, 12.0) at distance 13.60
[22:22:07] TERRAIN: Chunk (4.0, 12.0): Using BOX collision (distance: 13.60)
[22:22:07] TERRAIN: Chunk created successfully: (4.0, 12.0) at world pos (128.0, 0.0, 384.0) (total chunks: 499)
[22:22:07] TERRAIN: Creating chunk: (-12.0, 4.0) at distance 13.00
[22:22:07] TERRAIN: Chunk (-12.0, 4.0): Using BOX collision (distance: 13.00)
[22:22:07] TERRAIN: Chunk created successfully: (-12.0, 4.0) at world pos (-384.0, 0.0, 128.0) (total chunks: 500)
[22:22:07] TERRAIN: Creating chunk: (-4.0, 12.0) at distance 13.60
[22:22:07] TERRAIN: Chunk (-4.0, 12.0): Using BOX collision (distance: 13.60)
[22:22:07] TERRAIN: Chunk created successfully: (-4.0, 12.0) at world pos (-128.0, 0.0, 384.0) (total chunks: 501)
[22:22:07] TERRAIN: Creating chunk: (4.0, -12.0) at distance 11.70
[22:22:07] TERRAIN: Chunk (4.0, -12.0): Using BOX collision (distance: 11.70)
[22:22:07] TERRAIN: Chunk created successfully: (4.0, -12.0) at world pos (128.0, 0.0, -384.0) (total chunks: 502)
[22:22:07] TERRAIN: Creating chunk: (-4.0, -12.0) at distance 11.70
[22:22:07] TERRAIN: Chunk (-4.0, -12.0): Using BOX collision (distance: 11.70)
[22:22:07] TERRAIN: Chunk created successfully: (-4.0, -12.0) at world pos (-128.0, 0.0, -384.0) (total chunks: 503)
[22:22:07] TERRAIN: Creating chunk: (-12.0, -4.0) at distance 12.37
[22:22:07] TERRAIN: Chunk (-12.0, -4.0): Using BOX collision (distance: 12.37)
[22:22:07] TERRAIN: Chunk created successfully: (-12.0, -4.0) at world pos (-384.0, 0.0, -128.0) (total chunks: 504)
[22:22:07] TERRAIN: Creating chunk: (12.0, 4.0) at distance 13.00
[22:22:07] TERRAIN: Chunk (12.0, 4.0): Using BOX collision (distance: 13.00)
[22:22:07] TERRAIN: Chunk created successfully: (12.0, 4.0) at world pos (384.0, 0.0, 128.0) (total chunks: 505)
[22:22:07] TERRAIN: Creating chunk: (9.0, -9.0) at distance 12.04
[22:22:07] TERRAIN: Chunk (9.0, -9.0): Using BOX collision (distance: 12.04)
[22:22:07] TERRAIN: Chunk created successfully: (9.0, -9.0) at world pos (288.0, 0.0, -288.0) (total chunks: 506)
[22:22:07] TERRAIN: Creating chunk: (9.0, 9.0) at distance 13.45
[22:22:07] TERRAIN: Chunk (9.0, 9.0): Using BOX collision (distance: 13.45)
[22:22:07] TERRAIN: Chunk created successfully: (9.0, 9.0) at world pos (288.0, 0.0, 288.0) (total chunks: 507)
[22:22:07] TERRAIN: Creating chunk: (-9.0, 9.0) at distance 13.45
[22:22:07] TERRAIN: Chunk (-9.0, 9.0): Using BOX collision (distance: 13.45)
[22:22:07] TERRAIN: Chunk created successfully: (-9.0, 9.0) at world pos (-288.0, 0.0, 288.0) (total chunks: 508)
[22:22:07] TERRAIN: Creating chunk: (-9.0, -9.0) at distance 12.04
[22:22:07] TERRAIN: Chunk (-9.0, -9.0): Using BOX collision (distance: 12.04)
[22:22:07] TERRAIN: Chunk created successfully: (-9.0, -9.0) at world pos (-288.0, 0.0, -288.0) (total chunks: 509)
[22:22:07] TERRAIN: Creating chunk: (10.0, -8.0) at distance 12.21
[22:22:07] TERRAIN: Chunk (10.0, -8.0): Using BOX collision (distance: 12.21)
[22:22:07] TERRAIN: Chunk created successfully: (10.0, -8.0) at world pos (320.0, 0.0, -256.0) (total chunks: 510)
[22:22:07] TERRAIN: Creating chunk: (-8.0, 10.0) at distance 13.60
[22:22:07] TERRAIN: Chunk (-8.0, 10.0): Using BOX collision (distance: 13.60)
[22:22:07] TERRAIN: Chunk created successfully: (-8.0, 10.0) at world pos (-256.0, 0.0, 320.0) (total chunks: 511)
[22:22:07] TERRAIN: Creating chunk: (-8.0, -10.0) at distance 12.04
[22:22:07] TERRAIN: Chunk (-8.0, -10.0): Using BOX collision (distance: 12.04)
[22:22:07] TERRAIN: Chunk created successfully: (-8.0, -10.0) at world pos (-256.0, 0.0, -320.0) (total chunks: 512)
[22:22:07] TERRAIN: Player moved to new chunk: (-1.0, -1.0) (was (0.0, -1.0))
[22:22:07] TERRAIN: Creating chunk: (-10.0, 8.0) at distance 12.73
[22:22:07] TERRAIN: Chunk (-10.0, 8.0): Using BOX collision (distance: 12.73)
[22:22:07] TERRAIN: Chunk created successfully: (-10.0, 8.0) at world pos (-320.0, 0.0, 256.0) (total chunks: 513)
[22:22:07] TERRAIN: Creating chunk: (-10.0, -8.0) at distance 11.40
[22:22:07] TERRAIN: Chunk (-10.0, -8.0): Using BOX collision (distance: 11.40)
[22:22:07] TERRAIN: Chunk created successfully: (-10.0, -8.0) at world pos (-320.0, 0.0, -256.0) (total chunks: 514)
[22:22:07] TERRAIN: Creating chunk: (10.0, 8.0) at distance 14.21
[22:22:07] TERRAIN: Chunk (10.0, 8.0): Using BOX collision (distance: 14.21)
[22:22:07] TERRAIN: Chunk created successfully: (10.0, 8.0) at world pos (320.0, 0.0, 256.0) (total chunks: 515)
[22:22:07] TERRAIN: Creating chunk: (8.0, -10.0) at distance 12.73
[22:22:07] TERRAIN: Chunk (8.0, -10.0): Using BOX collision (distance: 12.73)
[22:22:07] TERRAIN: Chunk created successfully: (8.0, -10.0) at world pos (256.0, 0.0, -320.0) (total chunks: 516)
[22:22:07] TERRAIN: Creating chunk: (8.0, 10.0) at distance 14.21
[22:22:07] TERRAIN: Chunk (8.0, 10.0): Using BOX collision (distance: 14.21)
[22:22:07] TERRAIN: Chunk created successfully: (8.0, 10.0) at world pos (256.0, 0.0, 320.0) (total chunks: 517)
[22:22:07] TERRAIN: Creating chunk: (-12.0, 5.0) at distance 12.53
[22:22:07] TERRAIN: Chunk (-12.0, 5.0): Using BOX collision (distance: 12.53)
[22:22:07] TERRAIN: Chunk created successfully: (-12.0, 5.0) at world pos (-384.0, 0.0, 160.0) (total chunks: 518)
[22:22:07] TERRAIN: Creating chunk: (-12.0, -5.0) at distance 11.70
[22:22:07] TERRAIN: Chunk (-12.0, -5.0): Using BOX collision (distance: 11.70)
[22:22:07] TERRAIN: Chunk created successfully: (-12.0, -5.0) at world pos (-384.0, 0.0, -160.0) (total chunks: 519)
[22:22:07] TERRAIN: Creating chunk: (-13.0, 0.0) at distance 12.04
[22:22:07] TERRAIN: Chunk (-13.0, 0.0): Using BOX collision (distance: 12.04)
[22:22:07] TERRAIN: Chunk created successfully: (-13.0, 0.0) at world pos (-416.0, 0.0, 0.0) (total chunks: 520)
[22:22:08] TERRAIN: Updating terrain for player chunk: (-1.0, -1.0) (player pos: (-0.001641, -0.005662, -2.166699))
[22:22:08] TERRAIN: Player chunk (-1.0, -1.0) distance: 0.00 (max_distance: 20)
[22:22:08] TERRAIN: Queuing 43 new chunks for generation
[22:22:08] TERRAIN: Queued chunk: (-8.0, -13.0) (distance: 13.89)
[22:22:08] TERRAIN: Queued chunk: (-13.0, -8.0) (distance: 13.89)
[22:22:08] TERRAIN: Queued chunk: (-6.0, -14.0) (distance: 13.93)
[22:22:08] TERRAIN: Queued chunk: (-14.0, -6.0) (distance: 13.93)
[22:22:08] TERRAIN: Queued chunk: (-1.0, -15.0) (distance: 14.00)
[22:22:08] TERRAIN: Queued chunk: (-15.0, -1.0) (distance: 14.00)
[22:22:08] TERRAIN: Queued chunk: (-15.0, -2.0) (distance: 14.04)
[22:22:08] TERRAIN: Queued chunk: (-2.0, -15.0) (distance: 14.04)
[22:22:08] TERRAIN: Queued chunk: (-11.0, -11.0) (distance: 14.14)
[22:22:08] TERRAIN: Queued chunk: (-3.0, -15.0) (distance: 14.14)
[22:22:08] TERRAIN: Queued chunk: (1.0, -15.0) (distance: 14.14)
[22:22:08] TERRAIN: Queued chunk: (-15.0, -3.0) (distance: 14.14)
[22:22:08] TERRAIN: Queued chunk: (-15.0, 1.0) (distance: 14.14)
[22:22:08] TERRAIN: Queued chunk: (-10.0, -12.0) (distance: 14.21)
[22:22:08] TERRAIN: Queued chunk: (-12.0, -10.0) (distance: 14.21)
[22:22:08] TERRAIN: Queued chunk: (-15.0, 2.0) (distance: 14.32)
[22:22:08] TERRAIN: Queued chunk: (-14.0, -7.0) (distance: 14.32)
[22:22:08] TERRAIN: Queued chunk: (-4.0, -15.0) (distance: 14.32)
[22:22:08] TERRAIN: Queued chunk: (-15.0, -4.0) (distance: 14.32)
[22:22:08] TERRAIN: Queued chunk: (-7.0, -14.0) (distance: 14.32)
[22:22:08] TERRAIN: Queued chunk: (2.0, -15.0) (distance: 14.32)
[22:22:08] TERRAIN: Queued chunk: (-13.0, -9.0) (distance: 14.42)
[22:22:08] TERRAIN: Queued chunk: (-9.0, -13.0) (distance: 14.42)
[22:22:08] TERRAIN: Queued chunk: (-15.0, 3.0) (distance: 14.56)
[22:22:08] TERRAIN: Queued chunk: (3.0, -15.0) (distance: 14.56)
[22:22:08] TERRAIN: Queued chunk: (-15.0, -5.0) (distance: 14.56)
[22:22:08] TERRAIN: Queued chunk: (-5.0, -15.0) (distance: 14.56)
[22:22:08] TERRAIN: Queued chunk: (6.0, -14.0) (distance: 14.76)
[22:22:08] TERRAIN: Queued chunk: (-14.0, 6.0) (distance: 14.76)
[22:22:08] TERRAIN: Queued chunk: (-14.0, -8.0) (distance: 14.76)
[22:22:08] TERRAIN: Queued chunk: (-8.0, -14.0) (distance: 14.76)
[22:22:08] TERRAIN: Queued chunk: (-6.0, -15.0) (distance: 14.87)
[22:22:08] TERRAIN: Queued chunk: (-11.0, -12.0) (distance: 14.87)
[22:22:08] TERRAIN: Queued chunk: (-12.0, -11.0) (distance: 14.87)
[22:22:08] TERRAIN: Queued chunk: (4.0, -15.0) (distance: 14.87)
[22:22:08] TERRAIN: Queued chunk: (-15.0, 4.0) (distance: 14.87)
[22:22:08] TERRAIN: Queued chunk: (-15.0, -6.0) (distance: 14.87)
[22:22:08] TERRAIN: Queued chunk: (8.0, -13.0) (distance: 15.00)
[22:22:08] TERRAIN: Queued chunk: (-1.0, -16.0) (distance: 15.00)
[22:22:08] TERRAIN: Queued chunk: (-10.0, -13.0) (distance: 15.00)
[22:22:08] TERRAIN: Queued chunk: (-13.0, 8.0) (distance: 15.00)
[22:22:08] TERRAIN: Queued chunk: (-13.0, -10.0) (distance: 15.00)
[22:22:08] TERRAIN: Queued chunk: (-16.0, -1.0) (distance: 15.00)
[22:22:08] TERRAIN: Creating chunk: (12.0, 5.0) at distance 14.32
[22:22:08] TERRAIN: Chunk (12.0, 5.0): Using BOX collision (distance: 14.32)
[22:22:08] TERRAIN: Chunk created successfully: (12.0, 5.0) at world pos (384.0, 0.0, 160.0) (total chunks: 521)
[22:22:08] TERRAIN: Creating chunk: (13.0, 0.0) at distance 14.04
[22:22:08] TERRAIN: Chunk (13.0, 0.0): Using BOX collision (distance: 14.04)
[22:22:08] TERRAIN: Chunk created successfully: (13.0, 0.0) at world pos (416.0, 0.0, 0.0) (total chunks: 522)
[22:22:08] TERRAIN: Creating chunk: (-5.0, -12.0) at distance 11.70
[22:22:08] TERRAIN: Chunk (-5.0, -12.0): Using BOX collision (distance: 11.70)
[22:22:08] TERRAIN: Chunk created successfully: (-5.0, -12.0) at world pos (-160.0, 0.0, -384.0) (total chunks: 523)
[22:22:08] TERRAIN: Creating chunk: (-5.0, 12.0) at distance 13.60
[22:22:08] TERRAIN: Chunk (-5.0, 12.0): Using BOX collision (distance: 13.60)
[22:22:08] TERRAIN: Chunk created successfully: (-5.0, 12.0) at world pos (-160.0, 0.0, 384.0) (total chunks: 524)
[22:22:08] TERRAIN: Creating chunk: (12.0, -5.0) at distance 13.60
[22:22:08] TERRAIN: Chunk (12.0, -5.0): Using BOX collision (distance: 13.60)
[22:22:08] TERRAIN: Chunk created successfully: (12.0, -5.0) at world pos (384.0, 0.0, -160.0) (total chunks: 525)
[22:22:08] TERRAIN: Creating chunk: (5.0, 12.0) at distance 14.32
[22:22:08] TERRAIN: Chunk (5.0, 12.0): Using BOX collision (distance: 14.32)
[22:22:08] TERRAIN: Chunk created successfully: (5.0, 12.0) at world pos (160.0, 0.0, 384.0) (total chunks: 526)
[22:22:08] TERRAIN: Creating chunk: (0.0, 13.0) at distance 14.04
[22:22:08] TERRAIN: Chunk (0.0, 13.0): Using BOX collision (distance: 14.04)
[22:22:08] TERRAIN: Chunk created successfully: (0.0, 13.0) at world pos (0.0, 0.0, 416.0) (total chunks: 527)
[22:22:08] TERRAIN: Creating chunk: (0.0, -13.0) at distance 12.04
[22:22:08] TERRAIN: Chunk (0.0, -13.0): Using BOX collision (distance: 12.04)
[22:22:08] TERRAIN: Chunk created successfully: (0.0, -13.0) at world pos (0.0, 0.0, -416.0) (total chunks: 528)
[22:22:08] TERRAIN: Creating chunk: (5.0, -12.0) at distance 12.53
[22:22:08] TERRAIN: Chunk (5.0, -12.0): Using BOX collision (distance: 12.53)
[22:22:08] TERRAIN: Chunk created successfully: (5.0, -12.0) at world pos (160.0, 0.0, -384.0) (total chunks: 529)
[22:22:08] TERRAIN: Creating chunk: (-11.0, 7.0) at distance 12.81
[22:22:08] TERRAIN: Chunk (-11.0, 7.0): Using BOX collision (distance: 12.81)
[22:22:08] TERRAIN: Chunk created successfully: (-11.0, 7.0) at world pos (-352.0, 0.0, 224.0) (total chunks: 530)
[22:22:08] TERRAIN: Creating chunk: (-13.0, -1.0) at distance 12.00
[22:22:08] TERRAIN: Chunk (-13.0, -1.0): Using BOX collision (distance: 12.00)
[22:22:08] TERRAIN: Chunk created successfully: (-13.0, -1.0) at world pos (-416.0, 0.0, -32.0) (total chunks: 531)
[22:22:08] TERRAIN: Creating chunk: (-11.0, -7.0) at distance 11.66
[22:22:08] TERRAIN: Chunk (-11.0, -7.0): Using BOX collision (distance: 11.66)
[22:22:08] TERRAIN: Chunk created successfully: (-11.0, -7.0) at world pos (-352.0, 0.0, -224.0) (total chunks: 532)
[22:22:08] TERRAIN: Creating chunk: (7.0, -11.0) at distance 12.81
[22:22:08] TERRAIN: Chunk (7.0, -11.0): Using BOX collision (distance: 12.81)
[22:22:08] TERRAIN: Chunk created successfully: (7.0, -11.0) at world pos (224.0, 0.0, -352.0) (total chunks: 533)
[22:22:08] TERRAIN: Creating chunk: (1.0, 13.0) at distance 14.14
[22:22:08] TERRAIN: Chunk (1.0, 13.0): Using BOX collision (distance: 14.14)
[22:22:08] TERRAIN: Chunk created successfully: (1.0, 13.0) at world pos (32.0, 0.0, 416.0) (total chunks: 534)
[22:22:08] TERRAIN: Creating chunk: (13.0, 1.0) at distance 14.14
[22:22:08] TERRAIN: Chunk (13.0, 1.0): Using BOX collision (distance: 14.14)
[22:22:08] TERRAIN: Chunk created successfully: (13.0, 1.0) at world pos (416.0, 0.0, 32.0) (total chunks: 535)
[22:22:08] TERRAIN: Creating chunk: (1.0, -13.0) at distance 12.17
[22:22:08] TERRAIN: Chunk (1.0, -13.0): Using BOX collision (distance: 12.17)
[22:22:08] TERRAIN: Chunk created successfully: (1.0, -13.0) at world pos (32.0, 0.0, -416.0) (total chunks: 536)
[22:22:08] TERRAIN: Creating chunk: (7.0, 11.0) at distance 14.42
[22:22:08] TERRAIN: Chunk (7.0, 11.0): Using BOX collision (distance: 14.42)
[22:22:08] TERRAIN: Chunk created successfully: (7.0, 11.0) at world pos (224.0, 0.0, 352.0) (total chunks: 537)
[22:22:08] TERRAIN: Creating chunk: (-7.0, -11.0) at distance 11.66
[22:22:08] TERRAIN: Chunk (-7.0, -11.0): Using BOX collision (distance: 11.66)
[22:22:08] TERRAIN: Chunk created successfully: (-7.0, -11.0) at world pos (-224.0, 0.0, -352.0) (total chunks: 538)
[22:22:08] TERRAIN: Creating chunk: (-7.0, 11.0) at distance 13.42
[22:22:08] TERRAIN: Chunk (-7.0, 11.0): Using BOX collision (distance: 13.42)
[22:22:08] TERRAIN: Chunk created successfully: (-7.0, 11.0) at world pos (-224.0, 0.0, 352.0) (total chunks: 539)
[22:22:08] TERRAIN: Creating chunk: (11.0, 7.0) at distance 14.42
[22:22:08] TERRAIN: Chunk (11.0, 7.0): Using BOX collision (distance: 14.42)
[22:22:08] TERRAIN: Chunk created successfully: (11.0, 7.0) at world pos (352.0, 0.0, 224.0) (total chunks: 540)
[22:22:08] TERRAIN: Creating chunk: (-13.0, 1.0) at distance 12.17
[22:22:08] TERRAIN: Chunk (-13.0, 1.0): Using BOX collision (distance: 12.17)
[22:22:08] TERRAIN: Chunk created successfully: (-13.0, 1.0) at world pos (-416.0, 0.0, 32.0) (total chunks: 541)
[22:22:08] TERRAIN: Creating chunk: (-1.0, 13.0) at distance 14.00
[22:22:08] TERRAIN: Chunk (-1.0, 13.0): Using BOX collision (distance: 14.00)
[22:22:08] TERRAIN: Chunk created successfully: (-1.0, 13.0) at world pos (-32.0, 0.0, 416.0) (total chunks: 542)
[22:22:08] TERRAIN: Creating chunk: (-1.0, -13.0) at distance 12.00
[22:22:08] TERRAIN: Chunk (-1.0, -13.0): Using BOX collision (distance: 12.00)
[22:22:08] TERRAIN: Chunk created successfully: (-1.0, -13.0) at world pos (-32.0, 0.0, -416.0) (total chunks: 543)
[22:22:08] TERRAIN: Creating chunk: (11.0, -7.0) at distance 13.42
[22:22:08] TERRAIN: Chunk (11.0, -7.0): Using BOX collision (distance: 13.42)
[22:22:08] TERRAIN: Chunk created successfully: (11.0, -7.0) at world pos (352.0, 0.0, -224.0) (total chunks: 544)
[22:22:08] TERRAIN: Creating chunk: (13.0, -1.0) at distance 14.00
[22:22:08] TERRAIN: Chunk (13.0, -1.0): Using BOX collision (distance: 14.00)
[22:22:08] TERRAIN: Chunk created successfully: (13.0, -1.0) at world pos (416.0, 0.0, -32.0) (total chunks: 545)
[22:22:08] TERRAIN: Creating chunk: (-13.0, 2.0) at distance 12.37
[22:22:08] TERRAIN: Chunk (-13.0, 2.0): Using BOX collision (distance: 12.37)
[22:22:08] TERRAIN: Chunk created successfully: (-13.0, 2.0) at world pos (-416.0, 0.0, 64.0) (total chunks: 546)
[22:22:08] TERRAIN: Creating chunk: (2.0, 13.0) at distance 14.32
[22:22:08] TERRAIN: Chunk (2.0, 13.0): Using BOX collision (distance: 14.32)
[22:22:08] TERRAIN: Chunk created successfully: (2.0, 13.0) at world pos (64.0, 0.0, 416.0) (total chunks: 547)
[22:22:08] TERRAIN: Creating chunk: (2.0, -13.0) at distance 12.37
[22:22:08] TERRAIN: Chunk (2.0, -13.0): Using BOX collision (distance: 12.37)
[22:22:08] TERRAIN: Chunk created successfully: (2.0, -13.0) at world pos (64.0, 0.0, -416.0) (total chunks: 548)
[22:22:08] TERRAIN: Creating chunk: (13.0, 2.0) at distance 14.32
[22:22:08] TERRAIN: Chunk (13.0, 2.0): Using BOX collision (distance: 14.32)
[22:22:08] TERRAIN: Chunk created successfully: (13.0, 2.0) at world pos (416.0, 0.0, 64.0) (total chunks: 549)
[22:22:08] TERRAIN: Creating chunk: (-13.0, -2.0) at distance 12.04
[22:22:08] TERRAIN: Chunk (-13.0, -2.0): Using BOX collision (distance: 12.04)
[22:22:08] TERRAIN: Chunk created successfully: (-13.0, -2.0) at world pos (-416.0, 0.0, -64.0) (total chunks: 550)
[22:22:08] TERRAIN: Creating chunk: (13.0, -2.0) at distance 14.04
[22:22:08] TERRAIN: Chunk (13.0, -2.0): Using BOX collision (distance: 14.04)
[22:22:08] TERRAIN: Chunk created successfully: (13.0, -2.0) at world pos (416.0, 0.0, -64.0) (total chunks: 551)
[22:22:08] TERRAIN: Creating chunk: (-2.0, 13.0) at distance 14.04
[22:22:08] TERRAIN: Chunk (-2.0, 13.0): Using BOX collision (distance: 14.04)
[22:22:08] TERRAIN: Chunk created successfully: (-2.0, 13.0) at world pos (-64.0, 0.0, 416.0) (total chunks: 552)
[22:22:08] TERRAIN: Creating chunk: (-2.0, -13.0) at distance 12.04
[22:22:08] TERRAIN: Chunk (-2.0, -13.0): Using BOX collision (distance: 12.04)
[22:22:08] TERRAIN: Chunk created successfully: (-2.0, -13.0) at world pos (-64.0, 0.0, -416.0) (total chunks: 553)
[22:22:08] TERRAIN: Creating chunk: (3.0, -13.0) at distance 12.65
[22:22:08] TERRAIN: Chunk (3.0, -13.0): Using BOX collision (distance: 12.65)
[22:22:08] TERRAIN: Chunk created successfully: (3.0, -13.0) at world pos (96.0, 0.0, -416.0) (total chunks: 554)
[22:22:08] TERRAIN: Creating chunk: (-13.0, -3.0) at distance 12.17
[22:22:08] TERRAIN: Chunk (-13.0, -3.0): Using BOX collision (distance: 12.17)
[22:22:08] TERRAIN: Chunk created successfully: (-13.0, -3.0) at world pos (-416.0, 0.0, -96.0) (total chunks: 555)
[22:22:08] TERRAIN: Creating chunk: (3.0, 13.0) at distance 14.56
[22:22:08] TERRAIN: Chunk (3.0, 13.0): Using BOX collision (distance: 14.56)
[22:22:08] TERRAIN: Chunk created successfully: (3.0, 13.0) at world pos (96.0, 0.0, 416.0) (total chunks: 556)
[22:22:08] TERRAIN: Creating chunk: (-13.0, 3.0) at distance 12.65
[22:22:08] TERRAIN: Chunk (-13.0, 3.0): Using BOX collision (distance: 12.65)
[22:22:08] TERRAIN: Chunk created successfully: (-13.0, 3.0) at world pos (-416.0, 0.0, 96.0) (total chunks: 557)
[22:22:08] TERRAIN: Creating chunk: (13.0, 3.0) at distance 14.56
[22:22:08] TERRAIN: Chunk (13.0, 3.0): Using BOX collision (distance: 14.56)
[22:22:08] TERRAIN: Chunk created successfully: (13.0, 3.0) at world pos (416.0, 0.0, 96.0) (total chunks: 558)
[22:22:08] TERRAIN: Creating chunk: (13.0, -3.0) at distance 14.14
[22:22:08] TERRAIN: Chunk (13.0, -3.0): Using BOX collision (distance: 14.14)
[22:22:08] TERRAIN: Chunk created successfully: (13.0, -3.0) at world pos (416.0, 0.0, -96.0) (total chunks: 559)
[22:22:08] TERRAIN: Creating chunk: (-3.0, -13.0) at distance 12.17
[22:22:08] TERRAIN: Chunk (-3.0, -13.0): Using BOX collision (distance: 12.17)
[22:22:08] TERRAIN: Chunk created successfully: (-3.0, -13.0) at world pos (-96.0, 0.0, -416.0) (total chunks: 560)
[22:22:08] TERRAIN: Creating chunk: (-3.0, 13.0) at distance 14.14
[22:22:08] TERRAIN: Chunk (-3.0, 13.0): Using BOX collision (distance: 14.14)
[22:22:08] TERRAIN: Chunk created successfully: (-3.0, 13.0) at world pos (-96.0, 0.0, 416.0) (total chunks: 561)
[22:22:08] TERRAIN: Creating chunk: (-12.0, -6.0) at distance 12.08
[22:22:08] TERRAIN: Chunk (-12.0, -6.0): Using BOX collision (distance: 12.08)
[22:22:08] TERRAIN: Chunk created successfully: (-12.0, -6.0) at world pos (-384.0, 0.0, -192.0) (total chunks: 562)
[22:22:08] TERRAIN: Creating chunk: (-12.0, 6.0) at distance 13.04
[22:22:08] TERRAIN: Chunk (-12.0, 6.0): Using BOX collision (distance: 13.04)
[22:22:08] TERRAIN: Chunk created successfully: (-12.0, 6.0) at world pos (-384.0, 0.0, 192.0) (total chunks: 563)
[22:22:08] TERRAIN: Creating chunk: (6.0, 12.0) at distance 14.76
[22:22:08] TERRAIN: Chunk (6.0, 12.0): Using BOX collision (distance: 14.76)
[22:22:08] TERRAIN: Chunk created successfully: (6.0, 12.0) at world pos (192.0, 0.0, 384.0) (total chunks: 564)
[22:22:08] TERRAIN: Creating chunk: (6.0, -12.0) at distance 13.04
[22:22:08] TERRAIN: Chunk (6.0, -12.0): Using BOX collision (distance: 13.04)
[22:22:08] TERRAIN: Chunk created successfully: (6.0, -12.0) at world pos (192.0, 0.0, -384.0) (total chunks: 565)
[22:22:08] TERRAIN: Creating chunk: (12.0, 6.0) at distance 14.76
[22:22:08] TERRAIN: Chunk (12.0, 6.0): Using BOX collision (distance: 14.76)
[22:22:08] TERRAIN: Chunk created successfully: (12.0, 6.0) at world pos (384.0, 0.0, 192.0) (total chunks: 566)
[22:22:08] TERRAIN: Creating chunk: (-6.0, -12.0) at distance 12.08
[22:22:08] TERRAIN: Chunk (-6.0, -12.0): Using BOX collision (distance: 12.08)
[22:22:08] TERRAIN: Chunk created successfully: (-6.0, -12.0) at world pos (-192.0, 0.0, -384.0) (total chunks: 567)
[22:22:08] TERRAIN: Creating chunk: (-6.0, 12.0) at distance 13.93
[22:22:08] TERRAIN: Chunk (-6.0, 12.0): Using BOX collision (distance: 13.93)
[22:22:08] TERRAIN: Chunk created successfully: (-6.0, 12.0) at world pos (-192.0, 0.0, 384.0) (total chunks: 568)
[22:22:08] TERRAIN: Creating chunk: (12.0, -6.0) at distance 13.93
[22:22:08] TERRAIN: Chunk (12.0, -6.0): Using BOX collision (distance: 13.93)
[22:22:08] TERRAIN: Chunk created successfully: (12.0, -6.0) at world pos (384.0, 0.0, -192.0) (total chunks: 569)
[22:22:08] TERRAIN: Creating chunk: (9.0, -10.0) at distance 13.45
[22:22:08] TERRAIN: Chunk (9.0, -10.0): Using BOX collision (distance: 13.45)
[22:22:08] TERRAIN: Chunk created successfully: (9.0, -10.0) at world pos (288.0, 0.0, -320.0) (total chunks: 570)
[22:22:08] TERRAIN: Creating chunk: (9.0, 10.0) at distance 14.87
[22:22:08] TERRAIN: Chunk (9.0, 10.0): Using BOX collision (distance: 14.87)
[22:22:08] TERRAIN: Chunk created successfully: (9.0, 10.0) at world pos (288.0, 0.0, 320.0) (total chunks: 571)
[22:22:08] TERRAIN: Creating chunk: (10.0, -9.0) at distance 13.60
[22:22:08] TERRAIN: Chunk (10.0, -9.0): Using BOX collision (distance: 13.60)
[22:22:08] TERRAIN: Chunk created successfully: (10.0, -9.0) at world pos (320.0, 0.0, -288.0) (total chunks: 572)
[22:22:08] TERRAIN: Creating chunk: (10.0, 9.0) at distance 14.87
[22:22:08] TERRAIN: Chunk (10.0, 9.0): Using BOX collision (distance: 14.87)
[22:22:08] TERRAIN: Chunk created successfully: (10.0, 9.0) at world pos (320.0, 0.0, 288.0) (total chunks: 573)
[22:22:08] TERRAIN: Creating chunk: (-9.0, 10.0) at distance 13.60
[22:22:08] TERRAIN: Chunk (-9.0, 10.0): Using BOX collision (distance: 13.60)
[22:22:08] TERRAIN: Chunk created successfully: (-9.0, 10.0) at world pos (-288.0, 0.0, 320.0) (total chunks: 574)
[22:22:08] TERRAIN: Creating chunk: (-9.0, -10.0) at distance 12.04
[22:22:08] TERRAIN: Chunk (-9.0, -10.0): Using BOX collision (distance: 12.04)
[22:22:08] TERRAIN: Chunk created successfully: (-9.0, -10.0) at world pos (-288.0, 0.0, -320.0) (total chunks: 575)
[22:22:08] TERRAIN: Creating chunk: (-10.0, 9.0) at distance 13.45
[22:22:08] TERRAIN: Chunk (-10.0, 9.0): Using BOX collision (distance: 13.45)
[22:22:08] TERRAIN: Chunk created successfully: (-10.0, 9.0) at world pos (-320.0, 0.0, 288.0) (total chunks: 576)
[22:22:08] TERRAIN: Creating chunk: (-10.0, -9.0) at distance 12.04
[22:22:08] TERRAIN: Chunk (-10.0, -9.0): Using BOX collision (distance: 12.04)
[22:22:08] TERRAIN: Chunk created successfully: (-10.0, -9.0) at world pos (-320.0, 0.0, -288.0) (total chunks: 577)
[22:22:08] TERRAIN: Creating chunk: (8.0, 11.0) at distance 15.00
[22:22:08] TERRAIN: Chunk (8.0, 11.0): Using BOX collision (distance: 15.00)
[22:22:08] TERRAIN: Chunk created successfully: (8.0, 11.0) at world pos (256.0, 0.0, 352.0) (total chunks: 578)
[22:22:08] TERRAIN: Creating chunk: (11.0, 8.0) at distance 15.00
[22:22:08] TERRAIN: Chunk (11.0, 8.0): Using BOX collision (distance: 15.00)
[22:22:08] TERRAIN: Chunk created successfully: (11.0, 8.0) at world pos (352.0, 0.0, 256.0) (total chunks: 579)
[22:22:08] TERRAIN: Creating chunk: (-13.0, -4.0) at distance 12.37
[22:22:08] TERRAIN: Chunk (-13.0, -4.0): Using BOX collision (distance: 12.37)
[22:22:08] TERRAIN: Chunk created successfully: (-13.0, -4.0) at world pos (-416.0, 0.0, -128.0) (total chunks: 580)
[22:22:08] TERRAIN: Creating chunk: (-13.0, 4.0) at distance 13.00
[22:22:08] TERRAIN: Chunk (-13.0, 4.0): Using BOX collision (distance: 13.00)
[22:22:08] TERRAIN: Chunk created successfully: (-13.0, 4.0) at world pos (-416.0, 0.0, 128.0) (total chunks: 581)
[22:22:08] TERRAIN: Creating chunk: (11.0, -8.0) at distance 13.89
[22:22:08] TERRAIN: Chunk (11.0, -8.0): Using BOX collision (distance: 13.89)
[22:22:08] TERRAIN: Chunk created successfully: (11.0, -8.0) at world pos (352.0, 0.0, -256.0) (total chunks: 582)
[22:22:08] TERRAIN: Creating chunk: (13.0, 4.0) at distance 14.87
[22:22:08] TERRAIN: Chunk (13.0, 4.0): Using BOX collision (distance: 14.87)
[22:22:08] TERRAIN: Chunk created successfully: (13.0, 4.0) at world pos (416.0, 0.0, 128.0) (total chunks: 583)
[22:22:08] TERRAIN: Creating chunk: (-11.0, -8.0) at distance 12.21
[22:22:08] TERRAIN: Chunk (-11.0, -8.0): Using BOX collision (distance: 12.21)
[22:22:08] TERRAIN: Chunk created successfully: (-11.0, -8.0) at world pos (-352.0, 0.0, -256.0) (total chunks: 584)
[22:22:08] TERRAIN: Creating chunk: (-11.0, 8.0) at distance 13.45
[22:22:08] TERRAIN: Chunk (-11.0, 8.0): Using BOX collision (distance: 13.45)
[22:22:08] TERRAIN: Chunk created successfully: (-11.0, 8.0) at world pos (-352.0, 0.0, 256.0) (total chunks: 585)
[22:22:08] TERRAIN: Creating chunk: (-8.0, -11.0) at distance 12.21
[22:22:08] TERRAIN: Chunk (-8.0, -11.0): Using BOX collision (distance: 12.21)
[22:22:08] TERRAIN: Chunk created successfully: (-8.0, -11.0) at world pos (-256.0, 0.0, -352.0) (total chunks: 586)
[22:22:08] TERRAIN: Creating chunk: (-8.0, 11.0) at distance 13.89
[22:22:08] TERRAIN: Chunk (-8.0, 11.0): Using BOX collision (distance: 13.89)
[22:22:08] TERRAIN: Chunk created successfully: (-8.0, 11.0) at world pos (-256.0, 0.0, 352.0) (total chunks: 587)
[22:22:08] TERRAIN: Creating chunk: (-4.0, -13.0) at distance 12.37
[22:22:08] TERRAIN: Chunk (-4.0, -13.0): Using BOX collision (distance: 12.37)
[22:22:08] TERRAIN: Chunk created successfully: (-4.0, -13.0) at world pos (-128.0, 0.0, -416.0) (total chunks: 588)
[22:22:08] TERRAIN: Creating chunk: (-4.0, 13.0) at distance 14.32
[22:22:08] TERRAIN: Chunk (-4.0, 13.0): Using BOX collision (distance: 14.32)
[22:22:08] TERRAIN: Chunk created successfully: (-4.0, 13.0) at world pos (-128.0, 0.0, 416.0) (total chunks: 589)
[22:22:08] TERRAIN: Creating chunk: (13.0, -4.0) at distance 14.32
[22:22:08] TERRAIN: Chunk (13.0, -4.0): Using BOX collision (distance: 14.32)
[22:22:08] TERRAIN: Chunk created successfully: (13.0, -4.0) at world pos (416.0, 0.0, -128.0) (total chunks: 590)
[22:22:08] TERRAIN: Creating chunk: (4.0, -13.0) at distance 13.00
[22:22:08] TERRAIN: Chunk (4.0, -13.0): Using BOX collision (distance: 13.00)
[22:22:08] TERRAIN: Chunk created successfully: (4.0, -13.0) at world pos (128.0, 0.0, -416.0) (total chunks: 591)
[22:22:08] TERRAIN: Creating chunk: (4.0, 13.0) at distance 14.87
[22:22:08] TERRAIN: Chunk (4.0, 13.0): Using BOX collision (distance: 14.87)
[22:22:08] TERRAIN: Chunk created successfully: (4.0, 13.0) at world pos (128.0, 0.0, 416.0) (total chunks: 592)
[22:22:08] TERRAIN: Creating chunk: (8.0, -11.0) at distance 13.45
[22:22:08] TERRAIN: Chunk (8.0, -11.0): Using BOX collision (distance: 13.45)
[22:22:08] TERRAIN: Chunk created successfully: (8.0, -11.0) at world pos (256.0, 0.0, -352.0) (total chunks: 593)
[22:22:08] TERRAIN: Creating chunk: (12.0, -7.0) at distance 14.32
[22:22:08] TERRAIN: Chunk (12.0, -7.0): Using BOX collision (distance: 14.32)
[22:22:08] TERRAIN: Chunk created successfully: (12.0, -7.0) at world pos (384.0, 0.0, -224.0) (total chunks: 594)
[22:22:08] TERRAIN: Creating chunk: (-7.0, 12.0) at distance 14.32
[22:22:08] TERRAIN: Chunk (-7.0, 12.0): Using BOX collision (distance: 14.32)
[22:22:08] TERRAIN: Chunk created successfully: (-7.0, 12.0) at world pos (-224.0, 0.0, 384.0) (total chunks: 595)
[22:22:08] TERRAIN: Creating chunk: (-7.0, -12.0) at distance 12.53
[22:22:08] TERRAIN: Chunk (-7.0, -12.0): Using BOX collision (distance: 12.53)
[22:22:08] TERRAIN: Chunk created successfully: (-7.0, -12.0) at world pos (-224.0, 0.0, -384.0) (total chunks: 596)
[22:22:08] TERRAIN: Creating chunk: (-12.0, 7.0) at distance 13.60
[22:22:08] TERRAIN: Chunk (-12.0, 7.0): Using BOX collision (distance: 13.60)
[22:22:08] TERRAIN: Chunk created successfully: (-12.0, 7.0) at world pos (-384.0, 0.0, 224.0) (total chunks: 597)
[22:22:08] TERRAIN: Creating chunk: (-12.0, -7.0) at distance 12.53
[22:22:08] TERRAIN: Chunk (-12.0, -7.0): Using BOX collision (distance: 12.53)
[22:22:08] TERRAIN: Chunk created successfully: (-12.0, -7.0) at world pos (-384.0, 0.0, -224.0) (total chunks: 598)
[22:22:08] TERRAIN: Creating chunk: (7.0, -12.0) at distance 13.60
[22:22:08] TERRAIN: Chunk (7.0, -12.0): Using BOX collision (distance: 13.60)
[22:22:08] TERRAIN: Chunk created successfully: (7.0, -12.0) at world pos (224.0, 0.0, -384.0) (total chunks: 599)
[22:22:08] TERRAIN: Creating chunk: (-13.0, 5.0) at distance 13.42
[22:22:08] TERRAIN: Chunk (-13.0, 5.0): Using BOX collision (distance: 13.42)
[22:22:08] TERRAIN: Chunk created successfully: (-13.0, 5.0) at world pos (-416.0, 0.0, 160.0) (total chunks: 600)
[22:22:08] TERRAIN: Creating chunk: (-13.0, -5.0) at distance 12.65
[22:22:08] TERRAIN: Chunk (-13.0, -5.0): Using BOX collision (distance: 12.65)
[22:22:08] TERRAIN: Chunk created successfully: (-13.0, -5.0) at world pos (-416.0, 0.0, -160.0) (total chunks: 601)
[22:22:08] TERRAIN: Creating chunk: (5.0, -13.0) at distance 13.42
[22:22:08] TERRAIN: Chunk (5.0, -13.0): Using BOX collision (distance: 13.42)
[22:22:08] TERRAIN: Chunk created successfully: (5.0, -13.0) at world pos (160.0, 0.0, -416.0) (total chunks: 602)
[22:22:08] TERRAIN: Creating chunk: (13.0, -5.0) at distance 14.56
[22:22:08] TERRAIN: Chunk (13.0, -5.0): Using BOX collision (distance: 14.56)
[22:22:08] TERRAIN: Chunk created successfully: (13.0, -5.0) at world pos (416.0, 0.0, -160.0) (total chunks: 603)
[22:22:08] TERRAIN: Creating chunk: (-5.0, 13.0) at distance 14.56
[22:22:08] TERRAIN: Chunk (-5.0, 13.0): Using BOX collision (distance: 14.56)
[22:22:08] TERRAIN: Chunk created successfully: (-5.0, 13.0) at world pos (-160.0, 0.0, 416.0) (total chunks: 604)
[22:22:08] TERRAIN: Creating chunk: (-5.0, -13.0) at distance 12.65
[22:22:08] TERRAIN: Chunk (-5.0, -13.0): Using BOX collision (distance: 12.65)
[22:22:08] TERRAIN: Chunk created successfully: (-5.0, -13.0) at world pos (-160.0, 0.0, -416.0) (total chunks: 605)
[22:22:08] TERRAIN: Creating chunk: (0.0, -14.0) at distance 13.04
[22:22:08] TERRAIN: Chunk (0.0, -14.0): Using BOX collision (distance: 13.04)
[22:22:08] TERRAIN: Chunk created successfully: (0.0, -14.0) at world pos (0.0, 0.0, -448.0) (total chunks: 606)
[22:22:08] TERRAIN: Creating chunk: (-14.0, 0.0) at distance 13.04
[22:22:08] TERRAIN: Chunk (-14.0, 0.0): Using BOX collision (distance: 13.04)
[22:22:08] TERRAIN: Chunk created successfully: (-14.0, 0.0) at world pos (-448.0, 0.0, 0.0) (total chunks: 607)
[22:22:08] TERRAIN: Creating chunk: (1.0, -14.0) at distance 13.15
[22:22:08] TERRAIN: Chunk (1.0, -14.0): Using BOX collision (distance: 13.15)
[22:22:08] TERRAIN: Chunk created successfully: (1.0, -14.0) at world pos (32.0, 0.0, -448.0) (total chunks: 608)
[22:22:08] TERRAIN: Creating chunk: (-1.0, 14.0) at distance 15.00
[22:22:08] TERRAIN: Chunk (-1.0, 14.0): Using BOX collision (distance: 15.00)
[22:22:08] TERRAIN: Chunk created successfully: (-1.0, 14.0) at world pos (-32.0, 0.0, 448.0) (total chunks: 609)
[22:22:08] TERRAIN: Creating chunk: (-1.0, -14.0) at distance 13.00
[22:22:08] TERRAIN: Chunk (-1.0, -14.0): Using BOX collision (distance: 13.00)
[22:22:08] TERRAIN: Chunk created successfully: (-1.0, -14.0) at world pos (-32.0, 0.0, -448.0) (total chunks: 610)
[22:22:08] TERRAIN: Creating chunk: (-14.0, 1.0) at distance 13.15
[22:22:08] TERRAIN: Chunk (-14.0, 1.0): Using BOX collision (distance: 13.15)
[22:22:08] TERRAIN: Chunk created successfully: (-14.0, 1.0) at world pos (-448.0, 0.0, 32.0) (total chunks: 611)
[22:22:08] TERRAIN: Creating chunk: (-14.0, -1.0) at distance 13.00
[22:22:08] TERRAIN: Chunk (-14.0, -1.0): Using BOX collision (distance: 13.00)
[22:22:08] TERRAIN: Chunk created successfully: (-14.0, -1.0) at world pos (-448.0, 0.0, -32.0) (total chunks: 612)
[22:22:08] TERRAIN: Creating chunk: (14.0, -1.0) at distance 15.00
[22:22:08] TERRAIN: Chunk (14.0, -1.0): Using BOX collision (distance: 15.00)
[22:22:08] TERRAIN: Chunk created successfully: (14.0, -1.0) at world pos (448.0, 0.0, -32.0) (total chunks: 613)
[22:22:08] TERRAIN: Creating chunk: (-14.0, 2.0) at distance 13.34
[22:22:08] TERRAIN: Chunk (-14.0, 2.0): Using BOX collision (distance: 13.34)
[22:22:08] TERRAIN: Chunk created successfully: (-14.0, 2.0) at world pos (-448.0, 0.0, 64.0) (total chunks: 614)
[22:22:08] TERRAIN: Creating chunk: (-10.0, -10.0) at distance 12.73
[22:22:08] TERRAIN: Chunk (-10.0, -10.0): Using BOX collision (distance: 12.73)
[22:22:08] TERRAIN: Chunk created successfully: (-10.0, -10.0) at world pos (-320.0, 0.0, -320.0) (total chunks: 615)
[22:22:08] TERRAIN: Creating chunk: (-10.0, 10.0) at distance 14.21
[22:22:08] TERRAIN: Chunk (-10.0, 10.0): Using BOX collision (distance: 14.21)
[22:22:08] TERRAIN: Chunk created successfully: (-10.0, 10.0) at world pos (-320.0, 0.0, 320.0) (total chunks: 616)
[22:22:08] TERRAIN: Creating chunk: (-14.0, -2.0) at distance 13.04
[22:22:08] TERRAIN: Chunk (-14.0, -2.0): Using BOX collision (distance: 13.04)
[22:22:08] TERRAIN: Chunk created successfully: (-14.0, -2.0) at world pos (-448.0, 0.0, -64.0) (total chunks: 617)
[22:22:08] TERRAIN: Creating chunk: (2.0, -14.0) at distance 13.34
[22:22:08] TERRAIN: Chunk (2.0, -14.0): Using BOX collision (distance: 13.34)
[22:22:08] TERRAIN: Chunk created successfully: (2.0, -14.0) at world pos (64.0, 0.0, -448.0) (total chunks: 618)
[22:22:08] TERRAIN: Creating chunk: (-2.0, -14.0) at distance 13.04
[22:22:08] TERRAIN: Chunk (-2.0, -14.0): Using BOX collision (distance: 13.04)
[22:22:08] TERRAIN: Chunk created successfully: (-2.0, -14.0) at world pos (-64.0, 0.0, -448.0) (total chunks: 619)
[22:22:08] TERRAIN: Creating chunk: (10.0, -10.0) at distance 14.21
[22:22:08] TERRAIN: Chunk (10.0, -10.0): Using BOX collision (distance: 14.21)
[22:22:08] TERRAIN: Chunk created successfully: (10.0, -10.0) at world pos (320.0, 0.0, -320.0) (total chunks: 620)
[22:22:08] TERRAIN: Creating chunk: (9.0, -11.0) at distance 14.14
[22:22:08] TERRAIN: Chunk (9.0, -11.0): Using BOX collision (distance: 14.14)
[22:22:08] TERRAIN: Chunk created successfully: (9.0, -11.0) at world pos (288.0, 0.0, -352.0) (total chunks: 621)
[22:22:08] TERRAIN: Creating chunk: (11.0, -9.0) at distance 14.42
[22:22:08] TERRAIN: Chunk (11.0, -9.0): Using BOX collision (distance: 14.42)
[22:22:08] TERRAIN: Chunk created successfully: (11.0, -9.0) at world pos (352.0, 0.0, -288.0) (total chunks: 622)
[22:22:08] TERRAIN: Creating chunk: (-11.0, -9.0) at distance 12.81
[22:22:08] TERRAIN: Chunk (-11.0, -9.0): Using BOX collision (distance: 12.81)
[22:22:08] TERRAIN: Chunk created successfully: (-11.0, -9.0) at world pos (-352.0, 0.0, -288.0) (total chunks: 623)
[22:22:08] TERRAIN: Creating chunk: (-11.0, 9.0) at distance 14.14
[22:22:08] TERRAIN: Chunk (-11.0, 9.0): Using BOX collision (distance: 14.14)
[22:22:08] TERRAIN: Chunk created successfully: (-11.0, 9.0) at world pos (-352.0, 0.0, 288.0) (total chunks: 624)
[22:22:08] TERRAIN: Creating chunk: (-9.0, -11.0) at distance 12.81
[22:22:08] TERRAIN: Chunk (-9.0, -11.0): Using BOX collision (distance: 12.81)
[22:22:08] TERRAIN: Chunk created successfully: (-9.0, -11.0) at world pos (-288.0, 0.0, -352.0) (total chunks: 625)
[22:22:08] TERRAIN: Creating chunk: (-9.0, 11.0) at distance 14.42
[22:22:08] TERRAIN: Chunk (-9.0, 11.0): Using BOX collision (distance: 14.42)
[22:22:08] TERRAIN: Chunk created successfully: (-9.0, 11.0) at world pos (-288.0, 0.0, 352.0) (total chunks: 626)
[22:22:08] TERRAIN: Creating chunk: (-6.0, -13.0) at distance 13.00
[22:22:08] TERRAIN: Chunk (-6.0, -13.0): Using BOX collision (distance: 13.00)
[22:22:08] TERRAIN: Chunk created successfully: (-6.0, -13.0) at world pos (-192.0, 0.0, -416.0) (total chunks: 627)
[22:22:08] TERRAIN: Creating chunk: (6.0, -13.0) at distance 13.89
[22:22:08] TERRAIN: Chunk (6.0, -13.0): Using BOX collision (distance: 13.89)
[22:22:08] TERRAIN: Chunk created successfully: (6.0, -13.0) at world pos (192.0, 0.0, -416.0) (total chunks: 628)
[22:22:08] TERRAIN: Creating chunk: (-14.0, 3.0) at distance 13.60
[22:22:08] TERRAIN: Chunk (-14.0, 3.0): Using BOX collision (distance: 13.60)
[22:22:08] TERRAIN: Chunk created successfully: (-14.0, 3.0) at world pos (-448.0, 0.0, 96.0) (total chunks: 629)
[22:22:08] TERRAIN: Creating chunk: (-13.0, -6.0) at distance 13.00
[22:22:08] TERRAIN: Chunk (-13.0, -6.0): Using BOX collision (distance: 13.00)
[22:22:08] TERRAIN: Chunk created successfully: (-13.0, -6.0) at world pos (-416.0, 0.0, -192.0) (total chunks: 630)
[22:22:08] TERRAIN: Creating chunk: (3.0, -14.0) at distance 13.60
[22:22:08] TERRAIN: Chunk (3.0, -14.0): Using BOX collision (distance: 13.60)
[22:22:08] TERRAIN: Chunk created successfully: (3.0, -14.0) at world pos (96.0, 0.0, -448.0) (total chunks: 631)
[22:22:08] TERRAIN: Creating chunk: (-13.0, 6.0) at distance 13.89
[22:22:08] TERRAIN: Chunk (-13.0, 6.0): Using BOX collision (distance: 13.89)
[22:22:08] TERRAIN: Chunk created successfully: (-13.0, 6.0) at world pos (-416.0, 0.0, 192.0) (total chunks: 632)
[22:22:08] TERRAIN: Creating chunk: (-6.0, 13.0) at distance 14.87
[22:22:08] TERRAIN: Chunk (-6.0, 13.0): Using BOX collision (distance: 14.87)
[22:22:08] TERRAIN: Chunk created successfully: (-6.0, 13.0) at world pos (-192.0, 0.0, 416.0) (total chunks: 633)
[22:22:08] TERRAIN: Creating chunk: (-14.0, -3.0) at distance 13.15
[22:22:08] TERRAIN: Chunk (-14.0, -3.0): Using BOX collision (distance: 13.15)
[22:22:08] TERRAIN: Chunk created successfully: (-14.0, -3.0) at world pos (-448.0, 0.0, -96.0) (total chunks: 634)
[22:22:08] TERRAIN: Creating chunk: (-3.0, -14.0) at distance 13.15
[22:22:08] TERRAIN: Chunk (-3.0, -14.0): Using BOX collision (distance: 13.15)
[22:22:08] TERRAIN: Chunk created successfully: (-3.0, -14.0) at world pos (-96.0, 0.0, -448.0) (total chunks: 635)
[22:22:08] TERRAIN: Creating chunk: (13.0, -6.0) at distance 14.87
[22:22:08] TERRAIN: Chunk (13.0, -6.0): Using BOX collision (distance: 14.87)
[22:22:08] TERRAIN: Chunk created successfully: (13.0, -6.0) at world pos (416.0, 0.0, -192.0) (total chunks: 636)
[22:22:08] TERRAIN: Creating chunk: (12.0, -8.0) at distance 14.76
[22:22:08] TERRAIN: Chunk (12.0, -8.0): Using BOX collision (distance: 14.76)
[22:22:08] TERRAIN: Chunk created successfully: (12.0, -8.0) at world pos (384.0, 0.0, -256.0) (total chunks: 637)
[22:22:08] TERRAIN: Creating chunk: (-12.0, -8.0) at distance 13.04
[22:22:08] TERRAIN: Chunk (-12.0, -8.0): Using BOX collision (distance: 13.04)
[22:22:08] TERRAIN: Chunk created successfully: (-12.0, -8.0) at world pos (-384.0, 0.0, -256.0) (total chunks: 638)
[22:22:08] TERRAIN: Creating chunk: (-12.0, 8.0) at distance 14.21
[22:22:08] TERRAIN: Chunk (-12.0, 8.0): Using BOX collision (distance: 14.21)
[22:22:08] TERRAIN: Chunk created successfully: (-12.0, 8.0) at world pos (-384.0, 0.0, 256.0) (total chunks: 639)
[22:22:08] TERRAIN: Creating chunk: (-8.0, -12.0) at distance 13.04
[22:22:08] TERRAIN: Chunk (-8.0, -12.0): Using BOX collision (distance: 13.04)
[22:22:08] TERRAIN: Chunk created successfully: (-8.0, -12.0) at world pos (-256.0, 0.0, -384.0) (total chunks: 640)
[22:22:08] TERRAIN: Creating chunk: (-8.0, 12.0) at distance 14.76
[22:22:08] TERRAIN: Chunk (-8.0, 12.0): Using BOX collision (distance: 14.76)
[22:22:08] TERRAIN: Chunk created successfully: (-8.0, 12.0) at world pos (-256.0, 0.0, 384.0) (total chunks: 641)
[22:22:08] TERRAIN: Creating chunk: (8.0, -12.0) at distance 14.21
[22:22:08] TERRAIN: Chunk (8.0, -12.0): Using BOX collision (distance: 14.21)
[22:22:08] TERRAIN: Chunk created successfully: (8.0, -12.0) at world pos (256.0, 0.0, -384.0) (total chunks: 642)
[22:22:08] TERRAIN: Creating chunk: (4.0, -14.0) at distance 13.93
[22:22:08] TERRAIN: Chunk (4.0, -14.0): Using BOX collision (distance: 13.93)
[22:22:08] TERRAIN: Chunk created successfully: (4.0, -14.0) at world pos (128.0, 0.0, -448.0) (total chunks: 643)
[22:22:08] TERRAIN: Creating chunk: (-4.0, -14.0) at distance 13.34
[22:22:08] TERRAIN: Chunk (-4.0, -14.0): Using BOX collision (distance: 13.34)
[22:22:08] TERRAIN: Chunk created successfully: (-4.0, -14.0) at world pos (-128.0, 0.0, -448.0) (total chunks: 644)
[22:22:08] TERRAIN: Creating chunk: (-14.0, 4.0) at distance 13.93
[22:22:08] TERRAIN: Chunk (-14.0, 4.0): Using BOX collision (distance: 13.93)
[22:22:08] TERRAIN: Chunk created successfully: (-14.0, 4.0) at world pos (-448.0, 0.0, 128.0) (total chunks: 645)
[22:22:08] TERRAIN: Creating chunk: (-14.0, -4.0) at distance 13.34
[22:22:08] TERRAIN: Chunk (-14.0, -4.0): Using BOX collision (distance: 13.34)
[22:22:08] TERRAIN: Chunk created successfully: (-14.0, -4.0) at world pos (-448.0, 0.0, -128.0) (total chunks: 646)
[22:22:08] TERRAIN: Creating chunk: (7.0, -13.0) at distance 14.42
[22:22:08] TERRAIN: Chunk (7.0, -13.0): Using BOX collision (distance: 14.42)
[22:22:08] TERRAIN: Chunk created successfully: (7.0, -13.0) at world pos (224.0, 0.0, -416.0) (total chunks: 647)
[22:22:08] TERRAIN: Creating chunk: (-7.0, -13.0) at distance 13.42
[22:22:08] TERRAIN: Chunk (-7.0, -13.0): Using BOX collision (distance: 13.42)
[22:22:08] TERRAIN: Chunk created successfully: (-7.0, -13.0) at world pos (-224.0, 0.0, -416.0) (total chunks: 648)
[22:22:08] TERRAIN: Creating chunk: (-13.0, 7.0) at distance 14.42
[22:22:08] TERRAIN: Chunk (-13.0, 7.0): Using BOX collision (distance: 14.42)
[22:22:08] TERRAIN: Chunk created successfully: (-13.0, 7.0) at world pos (-416.0, 0.0, 224.0) (total chunks: 649)
[22:22:08] TERRAIN: Creating chunk: (-13.0, -7.0) at distance 13.42
[22:22:08] TERRAIN: Chunk (-13.0, -7.0): Using BOX collision (distance: 13.42)
[22:22:08] TERRAIN: Chunk created successfully: (-13.0, -7.0) at world pos (-416.0, 0.0, -224.0) (total chunks: 650)
[22:22:08] TERRAIN: Creating chunk: (11.0, -10.0) at distance 15.00
[22:22:08] TERRAIN: Chunk (11.0, -10.0): Using BOX collision (distance: 15.00)
[22:22:08] TERRAIN: Chunk created successfully: (11.0, -10.0) at world pos (352.0, 0.0, -320.0) (total chunks: 651)
[22:22:08] TERRAIN: Creating chunk: (10.0, -11.0) at distance 14.87
[22:22:08] TERRAIN: Chunk (10.0, -11.0): Using BOX collision (distance: 14.87)
[22:22:08] TERRAIN: Chunk created successfully: (10.0, -11.0) at world pos (320.0, 0.0, -352.0) (total chunks: 652)
[22:22:08] TERRAIN: Creating chunk: (5.0, -14.0) at distance 14.32
[22:22:08] TERRAIN: Chunk (5.0, -14.0): Using BOX collision (distance: 14.32)
[22:22:08] TERRAIN: Chunk created successfully: (5.0, -14.0) at world pos (160.0, 0.0, -448.0) (total chunks: 653)
[22:22:08] TERRAIN: Creating chunk: (-5.0, -14.0) at distance 13.60
[22:22:08] TERRAIN: Chunk (-5.0, -14.0): Using BOX collision (distance: 13.60)
[22:22:08] TERRAIN: Chunk created successfully: (-5.0, -14.0) at world pos (-160.0, 0.0, -448.0) (total chunks: 654)
[22:22:08] TERRAIN: Creating chunk: (-10.0, 11.0) at distance 15.00
[22:22:08] TERRAIN: Chunk (-10.0, 11.0): Using BOX collision (distance: 15.00)
[22:22:08] TERRAIN: Chunk created successfully: (-10.0, 11.0) at world pos (-320.0, 0.0, 352.0) (total chunks: 655)
[22:22:08] TERRAIN: Creating chunk: (-10.0, -11.0) at distance 13.45
[22:22:08] TERRAIN: Chunk (-10.0, -11.0): Using BOX collision (distance: 13.45)
[22:22:08] TERRAIN: Chunk created successfully: (-10.0, -11.0) at world pos (-320.0, 0.0, -352.0) (total chunks: 656)
[22:22:08] TERRAIN: Creating chunk: (-11.0, 10.0) at distance 14.87
[22:22:08] TERRAIN: Chunk (-11.0, 10.0): Using BOX collision (distance: 14.87)
[22:22:08] TERRAIN: Chunk created successfully: (-11.0, 10.0) at world pos (-352.0, 0.0, 320.0) (total chunks: 657)
[22:22:08] TERRAIN: Creating chunk: (-11.0, -10.0) at distance 13.45
[22:22:08] TERRAIN: Chunk (-11.0, -10.0): Using BOX collision (distance: 13.45)
[22:22:08] TERRAIN: Chunk created successfully: (-11.0, -10.0) at world pos (-352.0, 0.0, -320.0) (total chunks: 658)
[22:22:08] TERRAIN: Creating chunk: (-14.0, 5.0) at distance 14.32
[22:22:08] TERRAIN: Chunk (-14.0, 5.0): Using BOX collision (distance: 14.32)
[22:22:08] TERRAIN: Chunk created successfully: (-14.0, 5.0) at world pos (-448.0, 0.0, 160.0) (total chunks: 659)
[22:22:08] TERRAIN: Creating chunk: (-14.0, -5.0) at distance 13.60
[22:22:08] TERRAIN: Chunk (-14.0, -5.0): Using BOX collision (distance: 13.60)
[22:22:08] TERRAIN: Chunk created successfully: (-14.0, -5.0) at world pos (-448.0, 0.0, -160.0) (total chunks: 660)
[22:22:08] TERRAIN: Creating chunk: (9.0, -12.0) at distance 14.87
[22:22:08] TERRAIN: Chunk (9.0, -12.0): Using BOX collision (distance: 14.87)
[22:22:08] TERRAIN: Chunk created successfully: (9.0, -12.0) at world pos (288.0, 0.0, -384.0) (total chunks: 661)
[22:22:08] TERRAIN: Creating chunk: (0.0, -15.0) at distance 14.04
[22:22:08] TERRAIN: Chunk (0.0, -15.0): Using BOX collision (distance: 14.04)
[22:22:08] TERRAIN: Chunk created successfully: (0.0, -15.0) at world pos (0.0, 0.0, -480.0) (total chunks: 662)
[22:22:08] TERRAIN: Creating chunk: (-9.0, -12.0) at distance 13.60
[22:22:08] TERRAIN: Chunk (-9.0, -12.0): Using BOX collision (distance: 13.60)
[22:22:08] TERRAIN: Chunk created successfully: (-9.0, -12.0) at world pos (-288.0, 0.0, -384.0) (total chunks: 663)
[22:22:08] TERRAIN: Creating chunk: (-12.0, 9.0) at distance 14.87
[22:22:08] TERRAIN: Chunk (-12.0, 9.0): Using BOX collision (distance: 14.87)
[22:22:08] TERRAIN: Chunk created successfully: (-12.0, 9.0) at world pos (-384.0, 0.0, 288.0) (total chunks: 664)
[22:22:08] TERRAIN: Creating chunk: (-12.0, -9.0) at distance 13.60
[22:22:08] TERRAIN: Chunk (-12.0, -9.0): Using BOX collision (distance: 13.60)
[22:22:08] TERRAIN: Chunk created successfully: (-12.0, -9.0) at world pos (-384.0, 0.0, -288.0) (total chunks: 665)
[22:22:08] TERRAIN: Creating chunk: (-15.0, 0.0) at distance 14.04
[22:22:08] TERRAIN: Chunk (-15.0, 0.0): Using BOX collision (distance: 14.04)
[22:22:08] TERRAIN: Chunk created successfully: (-15.0, 0.0) at world pos (-480.0, 0.0, 0.0) (total chunks: 666)
[22:22:08] TERRAIN: Creating chunk: (-8.0, -13.0) at distance 13.89
[22:22:08] TERRAIN: Chunk (-8.0, -13.0): Using BOX collision (distance: 13.89)
[22:22:08] TERRAIN: Chunk created successfully: (-8.0, -13.0) at world pos (-256.0, 0.0, -416.0) (total chunks: 667)
[22:22:08] TERRAIN: Creating chunk: (-13.0, -8.0) at distance 13.89
[22:22:08] TERRAIN: Chunk (-13.0, -8.0): Using BOX collision (distance: 13.89)
[22:22:08] TERRAIN: Chunk created successfully: (-13.0, -8.0) at world pos (-416.0, 0.0, -256.0) (total chunks: 668)
[22:22:08] TERRAIN: Creating chunk: (-6.0, -14.0) at distance 13.93
[22:22:08] TERRAIN: Chunk (-6.0, -14.0): Using BOX collision (distance: 13.93)
[22:22:08] TERRAIN: Chunk created successfully: (-6.0, -14.0) at world pos (-192.0, 0.0, -448.0) (total chunks: 669)
[22:22:08] TERRAIN: Creating chunk: (-14.0, -6.0) at distance 13.93
[22:22:08] TERRAIN: Chunk (-14.0, -6.0): Using BOX collision (distance: 13.93)
[22:22:08] TERRAIN: Chunk created successfully: (-14.0, -6.0) at world pos (-448.0, 0.0, -192.0) (total chunks: 670)
[22:22:08] TERRAIN: Creating chunk: (-1.0, -15.0) at distance 14.00
[22:22:08] TERRAIN: Chunk (-1.0, -15.0): Using BOX collision (distance: 14.00)
[22:22:08] TERRAIN: Chunk created successfully: (-1.0, -15.0) at world pos (-32.0, 0.0, -480.0) (total chunks: 671)
[22:22:08] TERRAIN: Creating chunk: (-15.0, -1.0) at distance 14.00
[22:22:08] TERRAIN: Chunk (-15.0, -1.0): Using BOX collision (distance: 14.00)
[22:22:08] TERRAIN: Chunk created successfully: (-15.0, -1.0) at world pos (-480.0, 0.0, -32.0) (total chunks: 672)
[22:22:08] TERRAIN: Creating chunk: (-15.0, -2.0) at distance 14.04
[22:22:08] TERRAIN: Chunk (-15.0, -2.0): Using BOX collision (distance: 14.04)
[22:22:08] TERRAIN: Chunk created successfully: (-15.0, -2.0) at world pos (-480.0, 0.0, -64.0) (total chunks: 673)
[22:22:08] TERRAIN: Creating chunk: (-2.0, -15.0) at distance 14.04
[22:22:08] TERRAIN: Chunk (-2.0, -15.0): Using BOX collision (distance: 14.04)
[22:22:08] TERRAIN: Chunk created successfully: (-2.0, -15.0) at world pos (-64.0, 0.0, -480.0) (total chunks: 674)
[22:22:08] TERRAIN: Creating chunk: (-11.0, -11.0) at distance 14.14
[22:22:08] TERRAIN: Chunk (-11.0, -11.0): Using BOX collision (distance: 14.14)
[22:22:08] TERRAIN: Chunk created successfully: (-11.0, -11.0) at world pos (-352.0, 0.0, -352.0) (total chunks: 675)
[22:22:08] TERRAIN: Creating chunk: (-3.0, -15.0) at distance 14.14
[22:22:08] TERRAIN: Chunk (-3.0, -15.0): Using BOX collision (distance: 14.14)
[22:22:08] TERRAIN: Chunk created successfully: (-3.0, -15.0) at world pos (-96.0, 0.0, -480.0) (total chunks: 676)
[22:22:08] TERRAIN: Creating chunk: (1.0, -15.0) at distance 14.14
[22:22:08] TERRAIN: Chunk (1.0, -15.0): Using BOX collision (distance: 14.14)
[22:22:08] TERRAIN: Chunk created successfully: (1.0, -15.0) at world pos (32.0, 0.0, -480.0) (total chunks: 677)
[22:22:08] TERRAIN: Creating chunk: (-15.0, -3.0) at distance 14.14
[22:22:08] TERRAIN: Chunk (-15.0, -3.0): Using BOX collision (distance: 14.14)
[22:22:08] TERRAIN: Chunk created successfully: (-15.0, -3.0) at world pos (-480.0, 0.0, -96.0) (total chunks: 678)
[22:22:08] TERRAIN: Creating chunk: (-15.0, 1.0) at distance 14.14
[22:22:08] TERRAIN: Chunk (-15.0, 1.0): Using BOX collision (distance: 14.14)
[22:22:08] TERRAIN: Chunk created successfully: (-15.0, 1.0) at world pos (-480.0, 0.0, 32.0) (total chunks: 679)
[22:22:08] TERRAIN: Creating chunk: (-10.0, -12.0) at distance 14.21
[22:22:08] TERRAIN: Chunk (-10.0, -12.0): Using BOX collision (distance: 14.21)
[22:22:08] TERRAIN: Chunk created successfully: (-10.0, -12.0) at world pos (-320.0, 0.0, -384.0) (total chunks: 680)
[22:22:08] TERRAIN: Creating chunk: (-12.0, -10.0) at distance 14.21
[22:22:08] TERRAIN: Chunk (-12.0, -10.0): Using BOX collision (distance: 14.21)
[22:22:08] TERRAIN: Chunk created successfully: (-12.0, -10.0) at world pos (-384.0, 0.0, -320.0) (total chunks: 681)
[22:22:08] TERRAIN: Creating chunk: (-15.0, 2.0) at distance 14.32
[22:22:08] TERRAIN: Chunk (-15.0, 2.0): Using BOX collision (distance: 14.32)
[22:22:08] TERRAIN: Chunk created successfully: (-15.0, 2.0) at world pos (-480.0, 0.0, 64.0) (total chunks: 682)
[22:22:08] TERRAIN: Creating chunk: (-14.0, -7.0) at distance 14.32
[22:22:08] TERRAIN: Chunk (-14.0, -7.0): Using BOX collision (distance: 14.32)
[22:22:08] TERRAIN: Chunk created successfully: (-14.0, -7.0) at world pos (-448.0, 0.0, -224.0) (total chunks: 683)
[22:22:08] TERRAIN: Creating chunk: (-4.0, -15.0) at distance 14.32
[22:22:08] TERRAIN: Chunk (-4.0, -15.0): Using BOX collision (distance: 14.32)
[22:22:08] TERRAIN: Chunk created successfully: (-4.0, -15.0) at world pos (-128.0, 0.0, -480.0) (total chunks: 684)
[22:22:08] TERRAIN: Creating chunk: (-15.0, -4.0) at distance 14.32
[22:22:08] TERRAIN: Chunk (-15.0, -4.0): Using BOX collision (distance: 14.32)
[22:22:08] TERRAIN: Chunk created successfully: (-15.0, -4.0) at world pos (-480.0, 0.0, -128.0) (total chunks: 685)
[22:22:08] TERRAIN: Creating chunk: (-7.0, -14.0) at distance 14.32
[22:22:08] TERRAIN: Chunk (-7.0, -14.0): Using BOX collision (distance: 14.32)
[22:22:08] TERRAIN: Chunk created successfully: (-7.0, -14.0) at world pos (-224.0, 0.0, -448.0) (total chunks: 686)
[22:22:08] TERRAIN: Creating chunk: (2.0, -15.0) at distance 14.32
[22:22:08] TERRAIN: Chunk (2.0, -15.0): Using BOX collision (distance: 14.32)
[22:22:08] TERRAIN: Chunk created successfully: (2.0, -15.0) at world pos (64.0, 0.0, -480.0) (total chunks: 687)
[22:22:08] TERRAIN: Creating chunk: (-13.0, -9.0) at distance 14.42
[22:22:08] TERRAIN: Chunk (-13.0, -9.0): Using BOX collision (distance: 14.42)
[22:22:08] TERRAIN: Chunk created successfully: (-13.0, -9.0) at world pos (-416.0, 0.0, -288.0) (total chunks: 688)
[22:22:08] TERRAIN: Creating chunk: (-9.0, -13.0) at distance 14.42
[22:22:08] TERRAIN: Chunk (-9.0, -13.0): Using BOX collision (distance: 14.42)
[22:22:08] TERRAIN: Chunk created successfully: (-9.0, -13.0) at world pos (-288.0, 0.0, -416.0) (total chunks: 689)
[22:22:08] TERRAIN: Creating chunk: (-15.0, 3.0) at distance 14.56
[22:22:08] TERRAIN: Chunk (-15.0, 3.0): Using BOX collision (distance: 14.56)
[22:22:08] TERRAIN: Chunk created successfully: (-15.0, 3.0) at world pos (-480.0, 0.0, 96.0) (total chunks: 690)
[22:22:08] TERRAIN: Creating chunk: (3.0, -15.0) at distance 14.56
[22:22:08] TERRAIN: Chunk (3.0, -15.0): Using BOX collision (distance: 14.56)
[22:22:08] TERRAIN: Chunk created successfully: (3.0, -15.0) at world pos (96.0, 0.0, -480.0) (total chunks: 691)
[22:22:08] TERRAIN: Creating chunk: (-15.0, -5.0) at distance 14.56
[22:22:08] TERRAIN: Chunk (-15.0, -5.0): Using BOX collision (distance: 14.56)
[22:22:08] TERRAIN: Chunk created successfully: (-15.0, -5.0) at world pos (-480.0, 0.0, -160.0) (total chunks: 692)
[22:22:08] TERRAIN: Creating chunk: (-5.0, -15.0) at distance 14.56
[22:22:08] TERRAIN: Chunk (-5.0, -15.0): Using BOX collision (distance: 14.56)
[22:22:08] TERRAIN: Chunk created successfully: (-5.0, -15.0) at world pos (-160.0, 0.0, -480.0) (total chunks: 693)
[22:22:08] TERRAIN: Creating chunk: (6.0, -14.0) at distance 14.76
[22:22:08] TERRAIN: Chunk (6.0, -14.0): Using BOX collision (distance: 14.76)
[22:22:08] TERRAIN: Chunk created successfully: (6.0, -14.0) at world pos (192.0, 0.0, -448.0) (total chunks: 694)
[22:22:08] TERRAIN: Creating chunk: (-14.0, 6.0) at distance 14.76
[22:22:08] TERRAIN: Chunk (-14.0, 6.0): Using BOX collision (distance: 14.76)
[22:22:08] TERRAIN: Chunk created successfully: (-14.0, 6.0) at world pos (-448.0, 0.0, 192.0) (total chunks: 695)
[22:22:08] TERRAIN: Creating chunk: (-14.0, -8.0) at distance 14.76
[22:22:08] TERRAIN: Chunk (-14.0, -8.0): Using BOX collision (distance: 14.76)
[22:22:08] TERRAIN: Chunk created successfully: (-14.0, -8.0) at world pos (-448.0, 0.0, -256.0) (total chunks: 696)
[22:22:08] TERRAIN: Creating chunk: (-8.0, -14.0) at distance 14.76
[22:22:08] TERRAIN: Chunk (-8.0, -14.0): Using BOX collision (distance: 14.76)
[22:22:08] TERRAIN: Chunk created successfully: (-8.0, -14.0) at world pos (-256.0, 0.0, -448.0) (total chunks: 697)
[22:22:08] TERRAIN: Creating chunk: (-6.0, -15.0) at distance 14.87
[22:22:08] TERRAIN: Chunk (-6.0, -15.0): Using BOX collision (distance: 14.87)
[22:22:08] TERRAIN: Chunk created successfully: (-6.0, -15.0) at world pos (-192.0, 0.0, -480.0) (total chunks: 698)
[22:22:08] TERRAIN: Creating chunk: (-11.0, -12.0) at distance 14.87
[22:22:08] TERRAIN: Chunk (-11.0, -12.0): Using BOX collision (distance: 14.87)
[22:22:08] TERRAIN: Chunk created successfully: (-11.0, -12.0) at world pos (-352.0, 0.0, -384.0) (total chunks: 699)
[22:22:08] TERRAIN: Creating chunk: (-12.0, -11.0) at distance 14.87
[22:22:08] TERRAIN: Chunk (-12.0, -11.0): Using BOX collision (distance: 14.87)
[22:22:08] TERRAIN: Chunk created successfully: (-12.0, -11.0) at world pos (-384.0, 0.0, -352.0) (total chunks: 700)
[22:22:08] TERRAIN: Creating chunk: (4.0, -15.0) at distance 14.87
[22:22:08] TERRAIN: Chunk (4.0, -15.0): Using BOX collision (distance: 14.87)
[22:22:08] TERRAIN: Chunk created successfully: (4.0, -15.0) at world pos (128.0, 0.0, -480.0) (total chunks: 701)
[22:22:08] TERRAIN: Creating chunk: (-15.0, 4.0) at distance 14.87
[22:22:08] TERRAIN: Chunk (-15.0, 4.0): Using BOX collision (distance: 14.87)
[22:22:08] TERRAIN: Chunk created successfully: (-15.0, 4.0) at world pos (-480.0, 0.0, 128.0) (total chunks: 702)
[22:22:08] TERRAIN: Creating chunk: (-15.0, -6.0) at distance 14.87
[22:22:08] TERRAIN: Chunk (-15.0, -6.0): Using BOX collision (distance: 14.87)
[22:22:08] TERRAIN: Chunk created successfully: (-15.0, -6.0) at world pos (-480.0, 0.0, -192.0) (total chunks: 703)
[22:22:08] TERRAIN: Creating chunk: (8.0, -13.0) at distance 15.00
[22:22:08] TERRAIN: Chunk (8.0, -13.0): Using BOX collision (distance: 15.00)
[22:22:08] TERRAIN: Chunk created successfully: (8.0, -13.0) at world pos (256.0, 0.0, -416.0) (total chunks: 704)
[22:22:08] TERRAIN: Creating chunk: (-1.0, -16.0) at distance 15.00
[22:22:08] TERRAIN: Chunk (-1.0, -16.0): Using BOX collision (distance: 15.00)
[22:22:08] TERRAIN: Chunk created successfully: (-1.0, -16.0) at world pos (-32.0, 0.0, -512.0) (total chunks: 705)
[22:22:08] TERRAIN: Creating chunk: (-10.0, -13.0) at distance 15.00
[22:22:08] TERRAIN: Chunk (-10.0, -13.0): Using BOX collision (distance: 15.00)
[22:22:08] TERRAIN: Chunk created successfully: (-10.0, -13.0) at world pos (-320.0, 0.0, -416.0) (total chunks: 706)
[22:22:08] TERRAIN: Creating chunk: (-13.0, 8.0) at distance 15.00
[22:22:08] TERRAIN: Chunk (-13.0, 8.0): Using BOX collision (distance: 15.00)
[22:22:08] TERRAIN: Chunk created successfully: (-13.0, 8.0) at world pos (-416.0, 0.0, 256.0) (total chunks: 707)
[22:22:08] TERRAIN: Creating chunk: (-13.0, -10.0) at distance 15.00
[22:22:08] TERRAIN: Chunk (-13.0, -10.0): Using BOX collision (distance: 15.00)
[22:22:08] TERRAIN: Chunk created successfully: (-13.0, -10.0) at world pos (-416.0, 0.0, -320.0) (total chunks: 708)
[22:22:08] TERRAIN: Creating chunk: (-16.0, -1.0) at distance 15.00
[22:22:08] TERRAIN: Chunk (-16.0, -1.0): Using BOX collision (distance: 15.00)
[22:22:08] TERRAIN: Chunk created successfully: (-16.0, -1.0) at world pos (-512.0, 0.0, -32.0) (total chunks: 709)
[22:22:08] PLAYER: Pos: (-0.041016, -0.028126, -6.416649) | Chunk: (-1.0, -1.0) | TerrainHeight: -0.03 | HeightDiff: 0.00 | OnFloor: true
[22:22:08] PLAYER: CHUNK CHANGED: (0.0, -1.0) -> (-1.0, -1.0)
[22:22:09] PLAYER: Pos: (-0.054688, -0.038384, -8.500013) | Chunk: (-1.0, -1.0) | TerrainHeight: -0.04 | HeightDiff: 0.00 | OnFloor: true
[22:22:10] TERRAIN: Player moved to new chunk: (0.0, -1.0) (was (-1.0, -1.0))
[22:22:10] PLAYER: Pos: (0.191131, -0.040683, -11.48993) | Chunk: (0.0, -1.0) | TerrainHeight: -0.04 | HeightDiff: 0.00 | OnFloor: true
[22:22:10] PLAYER: CHUNK CHANGED: (-1.0, -1.0) -> (0.0, -1.0)
[22:22:11] TERRAIN: Player moved to new chunk: (-1.0, -1.0) (was (0.0, -1.0))
[22:22:11] PLAYER: Pos: (-0.046594, -0.047246, -13.68351) | Chunk: (-1.0, -1.0) | TerrainHeight: -0.05 | HeightDiff: -0.00 | OnFloor: true
[22:22:11] PLAYER: CHUNK CHANGED: (0.0, -1.0) -> (-1.0, -1.0)
[22:22:11] TERRAIN: Player moved to new chunk: (0.0, -1.0) (was (-1.0, -1.0))
[22:22:12] PLAYER: Pos: (0.117277, -0.061943, -18.67348) | Chunk: (0.0, -1.0) | TerrainHeight: -0.06 | HeightDiff: 0.00 | OnFloor: true
[22:22:12] PLAYER: CHUNK CHANGED: (-1.0, -1.0) -> (0.0, -1.0)
[22:22:13] PLAYER: Pos: (0.930234, -0.07996, -23.57341) | Chunk: (0.0, -1.0) | TerrainHeight: -0.08 | HeightDiff: 0.00 | OnFloor: true
[22:22:14] PLAYER: Pos: (1.9718, -0.074733, -28.4429) | Chunk: (0.0, -1.0) | TerrainHeight: -0.07 | HeightDiff: -0.00 | OnFloor: true
[22:22:15] TERRAIN: Player moved to new chunk: (0.0, -2.0) (was (0.0, -1.0))
[22:22:15] TERRAIN: Updating terrain for player chunk: (0.0, -2.0) (player pos: (1.849328, -0.068993, -32.02021))
[22:22:15] TERRAIN: Player chunk (0.0, -2.0) distance: 0.00 (max_distance: 20)
[22:22:15] TERRAIN: Queuing 43 new chunks for generation
[22:22:15] TERRAIN: Queued chunk: (12.0, -9.0) (distance: 13.89)
[22:22:15] TERRAIN: Queued chunk: (7.0, -14.0) (distance: 13.89)
[22:22:15] TERRAIN: Queued chunk: (13.0, -7.0) (distance: 13.93)
[22:22:15] TERRAIN: Queued chunk: (5.0, -15.0) (distance: 13.93)
[22:22:15] TERRAIN: Queued chunk: (14.0, -2.0) (distance: 14.00)
[22:22:15] TERRAIN: Queued chunk: (0.0, -16.0) (distance: 14.00)
[22:22:15] TERRAIN: Queued chunk: (14.0, -3.0) (distance: 14.04)
[22:22:15] TERRAIN: Queued chunk: (1.0, -16.0) (distance: 14.04)
[22:22:15] TERRAIN: Queued chunk: (14.0, -4.0) (distance: 14.14)
[22:22:15] TERRAIN: Queued chunk: (14.0, 0.0) (distance: 14.14)
[22:22:15] TERRAIN: Queued chunk: (-2.0, -16.0) (distance: 14.14)
[22:22:15] TERRAIN: Queued chunk: (2.0, -16.0) (distance: 14.14)
[22:22:15] TERRAIN: Queued chunk: (10.0, -12.0) (distance: 14.14)
[22:22:15] TERRAIN: Queued chunk: (11.0, -11.0) (distance: 14.21)
[22:22:15] TERRAIN: Queued chunk: (9.0, -13.0) (distance: 14.21)
[22:22:15] TERRAIN: Queued chunk: (6.0, -15.0) (distance: 14.32)
[22:22:15] TERRAIN: Queued chunk: (13.0, -8.0) (distance: 14.32)
[22:22:15] TERRAIN: Queued chunk: (14.0, -5.0) (distance: 14.32)
[22:22:15] TERRAIN: Queued chunk: (3.0, -16.0) (distance: 14.32)
[22:22:15] TERRAIN: Queued chunk: (14.0, 1.0) (distance: 14.32)
[22:22:15] TERRAIN: Queued chunk: (-3.0, -16.0) (distance: 14.32)
[22:22:15] TERRAIN: Queued chunk: (8.0, -14.0) (distance: 14.42)
[22:22:15] TERRAIN: Queued chunk: (12.0, -10.0) (distance: 14.42)
[22:22:15] TERRAIN: Queued chunk: (14.0, 2.0) (distance: 14.56)
[22:22:15] TERRAIN: Queued chunk: (-4.0, -16.0) (distance: 14.56)
[22:22:15] TERRAIN: Queued chunk: (4.0, -16.0) (distance: 14.56)
[22:22:15] TERRAIN: Queued chunk: (14.0, -6.0) (distance: 14.56)
[22:22:15] TERRAIN: Queued chunk: (13.0, 5.0) (distance: 14.76)
[22:22:15] TERRAIN: Queued chunk: (13.0, -9.0) (distance: 14.76)
[22:22:15] TERRAIN: Queued chunk: (-7.0, -15.0) (distance: 14.76)
[22:22:15] TERRAIN: Queued chunk: (7.0, -15.0) (distance: 14.76)
[22:22:15] TERRAIN: Queued chunk: (-5.0, -16.0) (distance: 14.87)
[22:22:15] TERRAIN: Queued chunk: (14.0, -7.0) (distance: 14.87)
[22:22:15] TERRAIN: Queued chunk: (14.0, 3.0) (distance: 14.87)
[22:22:15] TERRAIN: Queued chunk: (11.0, -12.0) (distance: 14.87)
[22:22:15] TERRAIN: Queued chunk: (10.0, -13.0) (distance: 14.87)
[22:22:15] TERRAIN: Queued chunk: (5.0, -16.0) (distance: 14.87)
[22:22:15] TERRAIN: Queued chunk: (15.0, -2.0) (distance: 15.00)
[22:22:15] TERRAIN: Queued chunk: (12.0, 7.0) (distance: 15.00)
[22:22:15] TERRAIN: Queued chunk: (12.0, -11.0) (distance: 15.00)
[22:22:15] TERRAIN: Queued chunk: (9.0, -14.0) (distance: 15.00)
[22:22:15] TERRAIN: Queued chunk: (0.0, -17.0) (distance: 15.00)
[22:22:15] TERRAIN: Queued chunk: (-9.0, -14.0) (distance: 15.00)
[22:22:15] TERRAIN: Creating chunk: (12.0, -9.0) at distance 13.89
[22:22:15] TERRAIN: Chunk (12.0, -9.0): Using BOX collision (distance: 13.89)
[22:22:15] TERRAIN: Chunk created successfully: (12.0, -9.0) at world pos (384.0, 0.0, -288.0) (total chunks: 710)
[22:22:15] TERRAIN: Creating chunk: (7.0, -14.0) at distance 13.89
[22:22:15] TERRAIN: Chunk (7.0, -14.0): Using BOX collision (distance: 13.89)
[22:22:15] TERRAIN: Chunk created successfully: (7.0, -14.0) at world pos (224.0, 0.0, -448.0) (total chunks: 711)
[22:22:15] TERRAIN: Creating chunk: (13.0, -7.0) at distance 13.93
[22:22:15] TERRAIN: Chunk (13.0, -7.0): Using BOX collision (distance: 13.93)
[22:22:15] TERRAIN: Chunk created successfully: (13.0, -7.0) at world pos (416.0, 0.0, -224.0) (total chunks: 712)
[22:22:15] TERRAIN: Creating chunk: (5.0, -15.0) at distance 13.93
[22:22:15] TERRAIN: Chunk (5.0, -15.0): Using BOX collision (distance: 13.93)
[22:22:15] TERRAIN: Chunk created successfully: (5.0, -15.0) at world pos (160.0, 0.0, -480.0) (total chunks: 713)
[22:22:15] TERRAIN: Creating chunk: (14.0, -2.0) at distance 14.00
[22:22:15] TERRAIN: Chunk (14.0, -2.0): Using BOX collision (distance: 14.00)
[22:22:15] TERRAIN: Chunk created successfully: (14.0, -2.0) at world pos (448.0, 0.0, -64.0) (total chunks: 714)
[22:22:15] TERRAIN: Creating chunk: (0.0, -16.0) at distance 14.00
[22:22:15] TERRAIN: Chunk (0.0, -16.0): Using BOX collision (distance: 14.00)
[22:22:15] TERRAIN: Chunk created successfully: (0.0, -16.0) at world pos (0.0, 0.0, -512.0) (total chunks: 715)
[22:22:15] TERRAIN: Creating chunk: (14.0, -3.0) at distance 14.04
[22:22:15] TERRAIN: Chunk (14.0, -3.0): Using BOX collision (distance: 14.04)
[22:22:15] TERRAIN: Chunk created successfully: (14.0, -3.0) at world pos (448.0, 0.0, -96.0) (total chunks: 716)
[22:22:15] TERRAIN: Creating chunk: (1.0, -16.0) at distance 14.04
[22:22:15] TERRAIN: Chunk (1.0, -16.0): Using BOX collision (distance: 14.04)
[22:22:15] TERRAIN: Chunk created successfully: (1.0, -16.0) at world pos (32.0, 0.0, -512.0) (total chunks: 717)
[22:22:15] TERRAIN: Creating chunk: (14.0, -4.0) at distance 14.14
[22:22:15] TERRAIN: Chunk (14.0, -4.0): Using BOX collision (distance: 14.14)
[22:22:15] TERRAIN: Chunk created successfully: (14.0, -4.0) at world pos (448.0, 0.0, -128.0) (total chunks: 718)
[22:22:15] TERRAIN: Creating chunk: (14.0, 0.0) at distance 14.14
[22:22:15] TERRAIN: Chunk (14.0, 0.0): Using BOX collision (distance: 14.14)
[22:22:15] TERRAIN: Chunk created successfully: (14.0, 0.0) at world pos (448.0, 0.0, 0.0) (total chunks: 719)
[22:22:15] TERRAIN: Creating chunk: (-2.0, -16.0) at distance 14.14
[22:22:15] TERRAIN: Chunk (-2.0, -16.0): Using BOX collision (distance: 14.14)
[22:22:15] TERRAIN: Chunk created successfully: (-2.0, -16.0) at world pos (-64.0, 0.0, -512.0) (total chunks: 720)
[22:22:15] TERRAIN: Creating chunk: (2.0, -16.0) at distance 14.14
[22:22:15] TERRAIN: Chunk (2.0, -16.0): Using BOX collision (distance: 14.14)
[22:22:15] TERRAIN: Chunk created successfully: (2.0, -16.0) at world pos (64.0, 0.0, -512.0) (total chunks: 721)
[22:22:15] TERRAIN: Creating chunk: (10.0, -12.0) at distance 14.14
[22:22:15] TERRAIN: Chunk (10.0, -12.0): Using BOX collision (distance: 14.14)
[22:22:15] TERRAIN: Chunk created successfully: (10.0, -12.0) at world pos (320.0, 0.0, -384.0) (total chunks: 722)
[22:22:15] TERRAIN: Creating chunk: (11.0, -11.0) at distance 14.21
[22:22:15] TERRAIN: Chunk (11.0, -11.0): Using BOX collision (distance: 14.21)
[22:22:15] TERRAIN: Chunk created successfully: (11.0, -11.0) at world pos (352.0, 0.0, -352.0) (total chunks: 723)
[22:22:15] TERRAIN: Creating chunk: (9.0, -13.0) at distance 14.21
[22:22:15] TERRAIN: Chunk (9.0, -13.0): Using BOX collision (distance: 14.21)
[22:22:15] TERRAIN: Chunk created successfully: (9.0, -13.0) at world pos (288.0, 0.0, -416.0) (total chunks: 724)
[22:22:15] TERRAIN: Creating chunk: (6.0, -15.0) at distance 14.32
[22:22:15] TERRAIN: Chunk (6.0, -15.0): Using BOX collision (distance: 14.32)
[22:22:15] TERRAIN: Chunk created successfully: (6.0, -15.0) at world pos (192.0, 0.0, -480.0) (total chunks: 725)
[22:22:15] TERRAIN: Creating chunk: (13.0, -8.0) at distance 14.32
[22:22:15] TERRAIN: Chunk (13.0, -8.0): Using BOX collision (distance: 14.32)
[22:22:15] TERRAIN: Chunk created successfully: (13.0, -8.0) at world pos (416.0, 0.0, -256.0) (total chunks: 726)
[22:22:15] TERRAIN: Creating chunk: (14.0, -5.0) at distance 14.32
[22:22:15] TERRAIN: Chunk (14.0, -5.0): Using BOX collision (distance: 14.32)
[22:22:15] TERRAIN: Chunk created successfully: (14.0, -5.0) at world pos (448.0, 0.0, -160.0) (total chunks: 727)
[22:22:15] TERRAIN: Creating chunk: (3.0, -16.0) at distance 14.32
[22:22:15] TERRAIN: Chunk (3.0, -16.0): Using BOX collision (distance: 14.32)
[22:22:15] TERRAIN: Chunk created successfully: (3.0, -16.0) at world pos (96.0, 0.0, -512.0) (total chunks: 728)
[22:22:15] TERRAIN: Creating chunk: (14.0, 1.0) at distance 14.32
[22:22:15] TERRAIN: Chunk (14.0, 1.0): Using BOX collision (distance: 14.32)
[22:22:15] TERRAIN: Chunk created successfully: (14.0, 1.0) at world pos (448.0, 0.0, 32.0) (total chunks: 729)
[22:22:15] TERRAIN: Creating chunk: (-3.0, -16.0) at distance 14.32
[22:22:15] TERRAIN: Chunk (-3.0, -16.0): Using BOX collision (distance: 14.32)
[22:22:15] TERRAIN: Chunk created successfully: (-3.0, -16.0) at world pos (-96.0, 0.0, -512.0) (total chunks: 730)
[22:22:15] TERRAIN: Creating chunk: (8.0, -14.0) at distance 14.42
[22:22:15] TERRAIN: Chunk (8.0, -14.0): Using BOX collision (distance: 14.42)
[22:22:15] TERRAIN: Chunk created successfully: (8.0, -14.0) at world pos (256.0, 0.0, -448.0) (total chunks: 731)
[22:22:15] TERRAIN: Creating chunk: (12.0, -10.0) at distance 14.42
[22:22:15] TERRAIN: Chunk (12.0, -10.0): Using BOX collision (distance: 14.42)
[22:22:15] TERRAIN: Chunk created successfully: (12.0, -10.0) at world pos (384.0, 0.0, -320.0) (total chunks: 732)
[22:22:15] TERRAIN: Creating chunk: (14.0, 2.0) at distance 14.56
[22:22:15] TERRAIN: Chunk (14.0, 2.0): Using BOX collision (distance: 14.56)
[22:22:15] TERRAIN: Chunk created successfully: (14.0, 2.0) at world pos (448.0, 0.0, 64.0) (total chunks: 733)
[22:22:15] TERRAIN: Creating chunk: (-4.0, -16.0) at distance 14.56
[22:22:15] TERRAIN: Chunk (-4.0, -16.0): Using BOX collision (distance: 14.56)
[22:22:15] TERRAIN: Chunk created successfully: (-4.0, -16.0) at world pos (-128.0, 0.0, -512.0) (total chunks: 734)
[22:22:15] TERRAIN: Creating chunk: (4.0, -16.0) at distance 14.56
[22:22:15] TERRAIN: Chunk (4.0, -16.0): Using BOX collision (distance: 14.56)
[22:22:15] TERRAIN: Chunk created successfully: (4.0, -16.0) at world pos (128.0, 0.0, -512.0) (total chunks: 735)
[22:22:15] TERRAIN: Creating chunk: (14.0, -6.0) at distance 14.56
[22:22:15] TERRAIN: Chunk (14.0, -6.0): Using BOX collision (distance: 14.56)
[22:22:15] TERRAIN: Chunk created successfully: (14.0, -6.0) at world pos (448.0, 0.0, -192.0) (total chunks: 736)
[22:22:15] TERRAIN: Creating chunk: (13.0, 5.0) at distance 14.76
[22:22:15] TERRAIN: Chunk (13.0, 5.0): Using BOX collision (distance: 14.76)
[22:22:15] TERRAIN: Chunk created successfully: (13.0, 5.0) at world pos (416.0, 0.0, 160.0) (total chunks: 737)
[22:22:15] TERRAIN: Creating chunk: (13.0, -9.0) at distance 14.76
[22:22:15] TERRAIN: Chunk (13.0, -9.0): Using BOX collision (distance: 14.76)
[22:22:15] TERRAIN: Chunk created successfully: (13.0, -9.0) at world pos (416.0, 0.0, -288.0) (total chunks: 738)
[22:22:15] TERRAIN: Creating chunk: (-7.0, -15.0) at distance 14.76
[22:22:15] TERRAIN: Chunk (-7.0, -15.0): Using BOX collision (distance: 14.76)
[22:22:15] TERRAIN: Chunk created successfully: (-7.0, -15.0) at world pos (-224.0, 0.0, -480.0) (total chunks: 739)
[22:22:15] TERRAIN: Creating chunk: (7.0, -15.0) at distance 14.76
[22:22:15] TERRAIN: Chunk (7.0, -15.0): Using BOX collision (distance: 14.76)
[22:22:15] TERRAIN: Chunk created successfully: (7.0, -15.0) at world pos (224.0, 0.0, -480.0) (total chunks: 740)
[22:22:15] TERRAIN: Creating chunk: (-5.0, -16.0) at distance 14.87
[22:22:15] TERRAIN: Chunk (-5.0, -16.0): Using BOX collision (distance: 14.87)
[22:22:15] TERRAIN: Chunk created successfully: (-5.0, -16.0) at world pos (-160.0, 0.0, -512.0) (total chunks: 741)
[22:22:15] TERRAIN: Creating chunk: (14.0, -7.0) at distance 14.87
[22:22:15] TERRAIN: Chunk (14.0, -7.0): Using BOX collision (distance: 14.87)
[22:22:15] TERRAIN: Chunk created successfully: (14.0, -7.0) at world pos (448.0, 0.0, -224.0) (total chunks: 742)
[22:22:15] TERRAIN: Creating chunk: (14.0, 3.0) at distance 14.87
[22:22:15] TERRAIN: Chunk (14.0, 3.0): Using BOX collision (distance: 14.87)
[22:22:15] TERRAIN: Chunk created successfully: (14.0, 3.0) at world pos (448.0, 0.0, 96.0) (total chunks: 743)
[22:22:15] TERRAIN: Creating chunk: (11.0, -12.0) at distance 14.87
[22:22:15] TERRAIN: Chunk (11.0, -12.0): Using BOX collision (distance: 14.87)
[22:22:15] TERRAIN: Chunk created successfully: (11.0, -12.0) at world pos (352.0, 0.0, -384.0) (total chunks: 744)
[22:22:15] TERRAIN: Creating chunk: (10.0, -13.0) at distance 14.87
[22:22:15] TERRAIN: Chunk (10.0, -13.0): Using BOX collision (distance: 14.87)
[22:22:15] TERRAIN: Chunk created successfully: (10.0, -13.0) at world pos (320.0, 0.0, -416.0) (total chunks: 745)
[22:22:15] TERRAIN: Creating chunk: (5.0, -16.0) at distance 14.87
[22:22:15] TERRAIN: Chunk (5.0, -16.0): Using BOX collision (distance: 14.87)
[22:22:15] TERRAIN: Chunk created successfully: (5.0, -16.0) at world pos (160.0, 0.0, -512.0) (total chunks: 746)
[22:22:15] TERRAIN: Creating chunk: (15.0, -2.0) at distance 15.00
[22:22:15] TERRAIN: Chunk (15.0, -2.0): Using BOX collision (distance: 15.00)
[22:22:15] TERRAIN: Chunk created successfully: (15.0, -2.0) at world pos (480.0, 0.0, -64.0) (total chunks: 747)
[22:22:15] TERRAIN: Creating chunk: (12.0, 7.0) at distance 15.00
[22:22:15] TERRAIN: Chunk (12.0, 7.0): Using BOX collision (distance: 15.00)
[22:22:15] TERRAIN: Chunk created successfully: (12.0, 7.0) at world pos (384.0, 0.0, 224.0) (total chunks: 748)
[22:22:15] TERRAIN: Creating chunk: (12.0, -11.0) at distance 15.00
[22:22:15] TERRAIN: Chunk (12.0, -11.0): Using BOX collision (distance: 15.00)
[22:22:15] TERRAIN: Chunk created successfully: (12.0, -11.0) at world pos (384.0, 0.0, -352.0) (total chunks: 749)
[22:22:15] TERRAIN: Creating chunk: (9.0, -14.0) at distance 15.00
[22:22:15] TERRAIN: Chunk (9.0, -14.0): Using BOX collision (distance: 15.00)
[22:22:15] TERRAIN: Chunk created successfully: (9.0, -14.0) at world pos (288.0, 0.0, -448.0) (total chunks: 750)
[22:22:15] TERRAIN: Creating chunk: (0.0, -17.0) at distance 15.00
[22:22:15] TERRAIN: Chunk (0.0, -17.0): Using BOX collision (distance: 15.00)
[22:22:15] TERRAIN: Chunk created successfully: (0.0, -17.0) at world pos (0.0, 0.0, -544.0) (total chunks: 751)
[22:22:15] TERRAIN: Creating chunk: (-9.0, -14.0) at distance 15.00
[22:22:15] TERRAIN: Chunk (-9.0, -14.0): Using BOX collision (distance: 15.00)
[22:22:15] TERRAIN: Chunk created successfully: (-9.0, -14.0) at world pos (-288.0, 0.0, -448.0) (total chunks: 752)
[22:22:15] PLAYER: Pos: (1.733247, -0.070409, -33.43213) | Chunk: (0.0, -2.0) | TerrainHeight: -0.07 | HeightDiff: 0.00 | OnFloor: true
[22:22:15] PLAYER: CHUNK CHANGED: (0.0, -1.0) -> (0.0, -2.0)
[22:22:16] TERRAIN: Player moved to new chunk: (-1.0, -2.0) (was (0.0, -2.0))
[22:22:16] PLAYER: Pos: (-2.429904, -0.073473, -35.49495) | Chunk: (-1.0, -2.0) | TerrainHeight: -0.08 | HeightDiff: 0.00 | OnFloor: true
[22:22:16] PLAYER: CHUNK CHANGED: (0.0, -2.0) -> (-1.0, -2.0)
[22:22:17] PLAYER: Pos: (-6.648329, -0.05711, -38.17169) | Chunk: (-1.0, -2.0) | TerrainHeight: -0.06 | HeightDiff: 0.00 | OnFloor: true
[22:22:18] PLAYER: Pos: (-10.21441, -0.042056, -41.63286) | Chunk: (-1.0, -2.0) | TerrainHeight: -0.04 | HeightDiff: 0.00 | OnFloor: true
[22:22:19] PLAYER: Pos: (-12.90075, -0.033913, -45.78498) | Chunk: (-1.0, -2.0) | TerrainHeight: -0.03 | HeightDiff: -0.00 | OnFloor: true
[22:22:20] PLAYER: Pos: (-12.5472, -0.035614, -50.58702) | Chunk: (-1.0, -2.0) | TerrainHeight: -0.03 | HeightDiff: -0.00 | OnFloor: true
[22:22:21] PLAYER: Pos: (-13.04437, -0.0347, -55.53581) | Chunk: (-1.0, -2.0) | TerrainHeight: -0.04 | HeightDiff: 0.00 | OnFloor: true
[22:22:22] PLAYER: Pos: (-14.86543, -0.035798, -60.12854) | Chunk: (-1.0, -2.0) | TerrainHeight: -0.04 | HeightDiff: 0.00 | OnFloor: true
[22:22:23] TERRAIN: Player moved to new chunk: (-1.0, -3.0) (was (-1.0, -2.0))
[22:22:23] PLAYER: Pos: (-17.73089, -0.035586, -64.12495) | Chunk: (-1.0, -3.0) | TerrainHeight: -0.03 | HeightDiff: -0.00 | OnFloor: true
[22:22:23] PLAYER: CHUNK CHANGED: (-1.0, -2.0) -> (-1.0, -3.0)
[22:22:23] TERRAIN: Updating terrain for player chunk: (-1.0, -3.0) (player pos: (-17.73089, -0.035586, -64.12495))
[22:22:23] TERRAIN: Player chunk (-1.0, -3.0) distance: 0.00 (max_distance: 20)
[22:22:23] TERRAIN: Queuing 31 new chunks for generation
[22:22:23] TERRAIN: Queued chunk: (-8.0, -15.0) (distance: 13.89)
[22:22:23] TERRAIN: Queued chunk: (-6.0, -16.0) (distance: 13.93)
[22:22:23] TERRAIN: Queued chunk: (-1.0, -17.0) (distance: 14.00)
[22:22:23] TERRAIN: Queued chunk: (-2.0, -17.0) (distance: 14.04)
[22:22:23] TERRAIN: Queued chunk: (1.0, -17.0) (distance: 14.14)
[22:22:23] TERRAIN: Queued chunk: (-3.0, -17.0) (distance: 14.14)
[22:22:23] TERRAIN: Queued chunk: (-11.0, -13.0) (distance: 14.14)
[22:22:23] TERRAIN: Queued chunk: (-12.0, -12.0) (distance: 14.21)
[22:22:23] TERRAIN: Queued chunk: (-10.0, -14.0) (distance: 14.21)
[22:22:23] TERRAIN: Queued chunk: (2.0, -17.0) (distance: 14.32)
[22:22:23] TERRAIN: Queued chunk: (-14.0, -9.0) (distance: 14.32)
[22:22:23] TERRAIN: Queued chunk: (-4.0, -17.0) (distance: 14.32)
[22:22:23] TERRAIN: Queued chunk: (-7.0, -16.0) (distance: 14.32)
[22:22:23] TERRAIN: Queued chunk: (-9.0, -15.0) (distance: 14.42)
[22:22:23] TERRAIN: Queued chunk: (-13.0, -11.0) (distance: 14.42)
[22:22:23] TERRAIN: Queued chunk: (-5.0, -17.0) (distance: 14.56)
[22:22:23] TERRAIN: Queued chunk: (3.0, -17.0) (distance: 14.56)
[22:22:23] TERRAIN: Queued chunk: (-15.0, -7.0) (distance: 14.56)
[22:22:23] TERRAIN: Queued chunk: (-8.0, -16.0) (distance: 14.76)
[22:22:23] TERRAIN: Queued chunk: (6.0, -16.0) (distance: 14.76)
[22:22:23] TERRAIN: Queued chunk: (-14.0, -10.0) (distance: 14.76)
[22:22:23] TERRAIN: Queued chunk: (4.0, -17.0) (distance: 14.87)
[22:22:23] TERRAIN: Queued chunk: (-11.0, -14.0) (distance: 14.87)
[22:22:23] TERRAIN: Queued chunk: (-6.0, -17.0) (distance: 14.87)
[22:22:23] TERRAIN: Queued chunk: (-12.0, -13.0) (distance: 14.87)
[22:22:23] TERRAIN: Queued chunk: (-15.0, -8.0) (distance: 14.87)
[22:22:23] TERRAIN: Queued chunk: (8.0, -15.0) (distance: 15.00)
[22:22:23] TERRAIN: Queued chunk: (-1.0, -18.0) (distance: 15.00)
[22:22:23] TERRAIN: Queued chunk: (-10.0, -15.0) (distance: 15.00)
[22:22:23] TERRAIN: Queued chunk: (-13.0, -12.0) (distance: 15.00)
[22:22:23] TERRAIN: Queued chunk: (-16.0, -3.0) (distance: 15.00)
[22:22:23] TERRAIN: Creating chunk: (-8.0, -15.0) at distance 13.89
[22:22:23] TERRAIN: Chunk (-8.0, -15.0): Using BOX collision (distance: 13.89)
[22:22:23] TERRAIN: Chunk created successfully: (-8.0, -15.0) at world pos (-256.0, 0.0, -480.0) (total chunks: 753)
[22:22:23] TERRAIN: Creating chunk: (-6.0, -16.0) at distance 13.93
[22:22:23] TERRAIN: Chunk (-6.0, -16.0): Using BOX collision (distance: 13.93)
[22:22:23] TERRAIN: Chunk created successfully: (-6.0, -16.0) at world pos (-192.0, 0.0, -512.0) (total chunks: 754)
[22:22:23] TERRAIN: Creating chunk: (-1.0, -17.0) at distance 14.00
[22:22:23] TERRAIN: Chunk (-1.0, -17.0): Using BOX collision (distance: 14.00)
[22:22:23] TERRAIN: Chunk created successfully: (-1.0, -17.0) at world pos (-32.0, 0.0, -544.0) (total chunks: 755)
[22:22:23] TERRAIN: Creating chunk: (-2.0, -17.0) at distance 14.04
[22:22:23] TERRAIN: Chunk (-2.0, -17.0): Using BOX collision (distance: 14.04)
[22:22:23] TERRAIN: Chunk created successfully: (-2.0, -17.0) at world pos (-64.0, 0.0, -544.0) (total chunks: 756)
[22:22:23] TERRAIN: Creating chunk: (1.0, -17.0) at distance 14.14
[22:22:23] TERRAIN: Chunk (1.0, -17.0): Using BOX collision (distance: 14.14)
[22:22:23] TERRAIN: Chunk created successfully: (1.0, -17.0) at world pos (32.0, 0.0, -544.0) (total chunks: 757)
[22:22:23] TERRAIN: Creating chunk: (-3.0, -17.0) at distance 14.14
[22:22:23] TERRAIN: Chunk (-3.0, -17.0): Using BOX collision (distance: 14.14)
[22:22:23] TERRAIN: Chunk created successfully: (-3.0, -17.0) at world pos (-96.0, 0.0, -544.0) (total chunks: 758)
[22:22:23] TERRAIN: Creating chunk: (-11.0, -13.0) at distance 14.14
[22:22:23] TERRAIN: Chunk (-11.0, -13.0): Using BOX collision (distance: 14.14)
[22:22:23] TERRAIN: Chunk created successfully: (-11.0, -13.0) at world pos (-352.0, 0.0, -416.0) (total chunks: 759)
[22:22:23] TERRAIN: Creating chunk: (-12.0, -12.0) at distance 14.21
[22:22:23] TERRAIN: Chunk (-12.0, -12.0): Using BOX collision (distance: 14.21)
[22:22:23] TERRAIN: Chunk created successfully: (-12.0, -12.0) at world pos (-384.0, 0.0, -384.0) (total chunks: 760)
[22:22:23] TERRAIN: Creating chunk: (-10.0, -14.0) at distance 14.21
[22:22:23] TERRAIN: Chunk (-10.0, -14.0): Using BOX collision (distance: 14.21)
[22:22:23] TERRAIN: Chunk created successfully: (-10.0, -14.0) at world pos (-320.0, 0.0, -448.0) (total chunks: 761)
[22:22:23] TERRAIN: Creating chunk: (2.0, -17.0) at distance 14.32
[22:22:23] TERRAIN: Chunk (2.0, -17.0): Using BOX collision (distance: 14.32)
[22:22:23] TERRAIN: Chunk created successfully: (2.0, -17.0) at world pos (64.0, 0.0, -544.0) (total chunks: 762)
[22:22:23] TERRAIN: Creating chunk: (-14.0, -9.0) at distance 14.32
[22:22:23] TERRAIN: Chunk (-14.0, -9.0): Using BOX collision (distance: 14.32)
[22:22:23] TERRAIN: Chunk created successfully: (-14.0, -9.0) at world pos (-448.0, 0.0, -288.0) (total chunks: 763)
[22:22:23] TERRAIN: Creating chunk: (-4.0, -17.0) at distance 14.32
[22:22:23] TERRAIN: Chunk (-4.0, -17.0): Using BOX collision (distance: 14.32)
[22:22:23] TERRAIN: Chunk created successfully: (-4.0, -17.0) at world pos (-128.0, 0.0, -544.0) (total chunks: 764)
[22:22:23] TERRAIN: Creating chunk: (-7.0, -16.0) at distance 14.32
[22:22:23] TERRAIN: Chunk (-7.0, -16.0): Using BOX collision (distance: 14.32)
[22:22:23] TERRAIN: Chunk created successfully: (-7.0, -16.0) at world pos (-224.0, 0.0, -512.0) (total chunks: 765)
[22:22:23] TERRAIN: Creating chunk: (-9.0, -15.0) at distance 14.42
[22:22:23] TERRAIN: Chunk (-9.0, -15.0): Using BOX collision (distance: 14.42)
[22:22:23] TERRAIN: Chunk created successfully: (-9.0, -15.0) at world pos (-288.0, 0.0, -480.0) (total chunks: 766)
[22:22:23] TERRAIN: Creating chunk: (-13.0, -11.0) at distance 14.42
[22:22:23] TERRAIN: Chunk (-13.0, -11.0): Using BOX collision (distance: 14.42)
[22:22:23] TERRAIN: Chunk created successfully: (-13.0, -11.0) at world pos (-416.0, 0.0, -352.0) (total chunks: 767)
[22:22:23] TERRAIN: Creating chunk: (-5.0, -17.0) at distance 14.56
[22:22:23] TERRAIN: Chunk (-5.0, -17.0): Using BOX collision (distance: 14.56)
[22:22:23] TERRAIN: Chunk created successfully: (-5.0, -17.0) at world pos (-160.0, 0.0, -544.0) (total chunks: 768)
[22:22:23] TERRAIN: Creating chunk: (3.0, -17.0) at distance 14.56
[22:22:23] TERRAIN: Chunk (3.0, -17.0): Using BOX collision (distance: 14.56)
[22:22:23] TERRAIN: Chunk created successfully: (3.0, -17.0) at world pos (96.0, 0.0, -544.0) (total chunks: 769)
[22:22:23] TERRAIN: Creating chunk: (-15.0, -7.0) at distance 14.56
[22:22:23] TERRAIN: Chunk (-15.0, -7.0): Using BOX collision (distance: 14.56)
[22:22:23] TERRAIN: Chunk created successfully: (-15.0, -7.0) at world pos (-480.0, 0.0, -224.0) (total chunks: 770)
[22:22:23] TERRAIN: Creating chunk: (-8.0, -16.0) at distance 14.76
[22:22:23] TERRAIN: Chunk (-8.0, -16.0): Using BOX collision (distance: 14.76)
[22:22:23] TERRAIN: Chunk created successfully: (-8.0, -16.0) at world pos (-256.0, 0.0, -512.0) (total chunks: 771)
[22:22:23] TERRAIN: Creating chunk: (6.0, -16.0) at distance 14.76
[22:22:23] TERRAIN: Chunk (6.0, -16.0): Using BOX collision (distance: 14.76)
[22:22:23] TERRAIN: Chunk created successfully: (6.0, -16.0) at world pos (192.0, 0.0, -512.0) (total chunks: 772)
[22:22:23] TERRAIN: Creating chunk: (-14.0, -10.0) at distance 14.76
[22:22:23] TERRAIN: Chunk (-14.0, -10.0): Using BOX collision (distance: 14.76)
[22:22:23] TERRAIN: Chunk created successfully: (-14.0, -10.0) at world pos (-448.0, 0.0, -320.0) (total chunks: 773)
[22:22:23] TERRAIN: Creating chunk: (4.0, -17.0) at distance 14.87
[22:22:23] TERRAIN: Chunk (4.0, -17.0): Using BOX collision (distance: 14.87)
[22:22:23] TERRAIN: Chunk created successfully: (4.0, -17.0) at world pos (128.0, 0.0, -544.0) (total chunks: 774)
[22:22:23] TERRAIN: Creating chunk: (-11.0, -14.0) at distance 14.87
[22:22:23] TERRAIN: Chunk (-11.0, -14.0): Using BOX collision (distance: 14.87)
[22:22:23] TERRAIN: Chunk created successfully: (-11.0, -14.0) at world pos (-352.0, 0.0, -448.0) (total chunks: 775)
[22:22:23] TERRAIN: Creating chunk: (-6.0, -17.0) at distance 14.87
[22:22:23] TERRAIN: Chunk (-6.0, -17.0): Using BOX collision (distance: 14.87)
[22:22:23] TERRAIN: Chunk created successfully: (-6.0, -17.0) at world pos (-192.0, 0.0, -544.0) (total chunks: 776)
[22:22:23] TERRAIN: Creating chunk: (-12.0, -13.0) at distance 14.87
[22:22:23] TERRAIN: Chunk (-12.0, -13.0): Using BOX collision (distance: 14.87)
[22:22:23] TERRAIN: Chunk created successfully: (-12.0, -13.0) at world pos (-384.0, 0.0, -416.0) (total chunks: 777)
[22:22:23] TERRAIN: Creating chunk: (-15.0, -8.0) at distance 14.87
[22:22:23] TERRAIN: Chunk (-15.0, -8.0): Using BOX collision (distance: 14.87)
[22:22:23] TERRAIN: Chunk created successfully: (-15.0, -8.0) at world pos (-480.0, 0.0, -256.0) (total chunks: 778)
[22:22:23] TERRAIN: Creating chunk: (8.0, -15.0) at distance 15.00
[22:22:23] TERRAIN: Chunk (8.0, -15.0): Using BOX collision (distance: 15.00)
[22:22:23] TERRAIN: Chunk created successfully: (8.0, -15.0) at world pos (256.0, 0.0, -480.0) (total chunks: 779)
[22:22:23] TERRAIN: Creating chunk: (-1.0, -18.0) at distance 15.00
[22:22:23] TERRAIN: Chunk (-1.0, -18.0): Using BOX collision (distance: 15.00)
[22:22:23] TERRAIN: Chunk created successfully: (-1.0, -18.0) at world pos (-32.0, 0.0, -576.0) (total chunks: 780)
[22:22:23] TERRAIN: Creating chunk: (-10.0, -15.0) at distance 15.00
[22:22:23] TERRAIN: Chunk (-10.0, -15.0): Using BOX collision (distance: 15.00)
[22:22:23] TERRAIN: Chunk created successfully: (-10.0, -15.0) at world pos (-320.0, 0.0, -480.0) (total chunks: 781)
[22:22:23] TERRAIN: Creating chunk: (-13.0, -12.0) at distance 15.00
[22:22:23] TERRAIN: Chunk (-13.0, -12.0): Using BOX collision (distance: 15.00)
[22:22:23] TERRAIN: Chunk created successfully: (-13.0, -12.0) at world pos (-416.0, 0.0, -384.0) (total chunks: 782)
[22:22:23] TERRAIN: Creating chunk: (-16.0, -3.0) at distance 15.00
[22:22:23] TERRAIN: Chunk (-16.0, -3.0): Using BOX collision (distance: 15.00)
[22:22:23] TERRAIN: Chunk created successfully: (-16.0, -3.0) at world pos (-512.0, 0.0, -96.0) (total chunks: 783)
[22:22:24] PLAYER: Pos: (-20.09279, -0.027373, -68.47832) | Chunk: (-1.0, -3.0) | TerrainHeight: -0.03 | HeightDiff: -0.00 | OnFloor: true
[22:22:25] PLAYER: Pos: (-21.08127, -0.016671, -72.5261) | Chunk: (-1.0, -3.0) | TerrainHeight: -0.02 | HeightDiff: -0.00 | OnFloor: true
[22:22:26] PLAYER: Pos: (-21.08127, -0.016671, -72.5261) | Chunk: (-1.0, -3.0) | TerrainHeight: -0.02 | HeightDiff: -0.00 | OnFloor: true
[22:22:27] PLAYER: Pos: (-21.88805, -0.012577, -77.038) | Chunk: (-1.0, -3.0) | TerrainHeight: -0.01 | HeightDiff: -0.00 | OnFloor: true
[22:22:28] PLAYER: Pos: (-24.18148, -0.00565, -81.35985) | Chunk: (-1.0, -3.0) | TerrainHeight: -0.00 | HeightDiff: -0.00 | OnFloor: true
[22:22:29] PLAYER: Pos: (-26.06264, -0.003759, -85.98691) | Chunk: (-1.0, -3.0) | TerrainHeight: -0.01 | HeightDiff: 0.00 | OnFloor: true
[22:22:30] PLAYER: Pos: (-24.66144, -0.010815, -90.45539) | Chunk: (-1.0, -3.0) | TerrainHeight: -0.01 | HeightDiff: -0.00 | OnFloor: true
[22:22:31] PLAYER: Pos: (-26.72918, -0.008764, -94.45733) | Chunk: (-1.0, -3.0) | TerrainHeight: -0.01 | HeightDiff: 0.00 | OnFloor: true
[22:22:32] TERRAIN: Player moved to new chunk: (-1.0, -4.0) (was (-1.0, -3.0))
[22:22:32] PLAYER: Pos: (-31.16714, 0.001151, -96.73006) | Chunk: (-1.0, -4.0) | TerrainHeight: 0.00 | HeightDiff: -0.00 | OnFloor: true
[22:22:32] PLAYER: CHUNK CHANGED: (-1.0, -3.0) -> (-1.0, -4.0)
[22:22:33] TERRAIN: Player moved to new chunk: (-2.0, -4.0) (was (-1.0, -4.0))
[22:22:33] TERRAIN: Updating terrain for player chunk: (-2.0, -4.0) (player pos: (-32.03067, 0.002139, -98.13927))
[22:22:33] TERRAIN: Player chunk (-2.0, -4.0) distance: 0.00 (max_distance: 20)
[22:22:33] TERRAIN: Queuing 40 new chunks for generation
[22:22:33] TERRAIN: Queued chunk: (-9.0, -16.0) (distance: 13.89)
[22:22:33] TERRAIN: Queued chunk: (-14.0, -11.0) (distance: 13.89)
[22:22:33] TERRAIN: Queued chunk: (-7.0, -17.0) (distance: 13.93)
[22:22:33] TERRAIN: Queued chunk: (-15.0, -9.0) (distance: 13.93)
[22:22:33] TERRAIN: Queued chunk: (-16.0, -4.0) (distance: 14.00)
[22:22:33] TERRAIN: Queued chunk: (-2.0, -18.0) (distance: 14.00)
[22:22:33] TERRAIN: Queued chunk: (-16.0, -5.0) (distance: 14.04)
[22:22:33] TERRAIN: Queued chunk: (-3.0, -18.0) (distance: 14.04)
[22:22:33] TERRAIN: Queued chunk: (-4.0, -18.0) (distance: 14.14)
[22:22:33] TERRAIN: Queued chunk: (0.0, -18.0) (distance: 14.14)
[22:22:33] TERRAIN: Queued chunk: (-12.0, -14.0) (distance: 14.14)
[22:22:33] TERRAIN: Queued chunk: (-16.0, -6.0) (distance: 14.14)
[22:22:33] TERRAIN: Queued chunk: (-16.0, -2.0) (distance: 14.14)
[22:22:33] TERRAIN: Queued chunk: (-13.0, -13.0) (distance: 14.21)
[22:22:33] TERRAIN: Queued chunk: (-11.0, -15.0) (distance: 14.21)
[22:22:33] TERRAIN: Queued chunk: (-15.0, -10.0) (distance: 14.32)
[22:22:33] TERRAIN: Queued chunk: (-8.0, -17.0) (distance: 14.32)
[22:22:33] TERRAIN: Queued chunk: (-5.0, -18.0) (distance: 14.32)
[22:22:33] TERRAIN: Queued chunk: (-16.0, -7.0) (distance: 14.32)
[22:22:33] TERRAIN: Queued chunk: (1.0, -18.0) (distance: 14.32)
[22:22:33] TERRAIN: Queued chunk: (-10.0, -16.0) (distance: 14.42)
[22:22:33] TERRAIN: Queued chunk: (-14.0, -12.0) (distance: 14.42)
[22:22:33] TERRAIN: Queued chunk: (2.0, -18.0) (distance: 14.56)
[22:22:33] TERRAIN: Queued chunk: (-16.0, 0.0) (distance: 14.56)
[22:22:33] TERRAIN: Queued chunk: (-16.0, -8.0) (distance: 14.56)
[22:22:33] TERRAIN: Queued chunk: (-6.0, -18.0) (distance: 14.56)
[22:22:33] TERRAIN: Queued chunk: (-9.0, -17.0) (distance: 14.76)
[22:22:33] TERRAIN: Queued chunk: (5.0, -17.0) (distance: 14.76)
[22:22:33] TERRAIN: Queued chunk: (-15.0, -11.0) (distance: 14.76)
[22:22:33] TERRAIN: Queued chunk: (-7.0, -18.0) (distance: 14.87)
[22:22:33] TERRAIN: Queued chunk: (3.0, -18.0) (distance: 14.87)
[22:22:33] TERRAIN: Queued chunk: (-12.0, -15.0) (distance: 14.87)
[22:22:33] TERRAIN: Queued chunk: (-13.0, -14.0) (distance: 14.87)
[22:22:33] TERRAIN: Queued chunk: (-16.0, 1.0) (distance: 14.87)
[22:22:33] TERRAIN: Queued chunk: (-16.0, -9.0) (distance: 14.87)
[22:22:33] TERRAIN: Queued chunk: (7.0, -16.0) (distance: 15.00)
[22:22:33] TERRAIN: Queued chunk: (-2.0, -19.0) (distance: 15.00)
[22:22:33] TERRAIN: Queued chunk: (-11.0, -16.0) (distance: 15.00)
[22:22:33] TERRAIN: Queued chunk: (-14.0, -13.0) (distance: 15.00)
[22:22:33] TERRAIN: Queued chunk: (-17.0, -4.0) (distance: 15.00)
[22:22:33] TERRAIN: Creating chunk: (-9.0, -16.0) at distance 13.89
[22:22:33] TERRAIN: Chunk (-9.0, -16.0): Using BOX collision (distance: 13.89)
[22:22:33] TERRAIN: Chunk created successfully: (-9.0, -16.0) at world pos (-288.0, 0.0, -512.0) (total chunks: 784)
[22:22:33] TERRAIN: Creating chunk: (-14.0, -11.0) at distance 13.89
[22:22:33] TERRAIN: Chunk (-14.0, -11.0): Using BOX collision (distance: 13.89)
[22:22:33] TERRAIN: Chunk created successfully: (-14.0, -11.0) at world pos (-448.0, 0.0, -352.0) (total chunks: 785)
[22:22:33] TERRAIN: Creating chunk: (-7.0, -17.0) at distance 13.93
[22:22:33] TERRAIN: Chunk (-7.0, -17.0): Using BOX collision (distance: 13.93)
[22:22:33] TERRAIN: Chunk created successfully: (-7.0, -17.0) at world pos (-224.0, 0.0, -544.0) (total chunks: 786)
[22:22:33] TERRAIN: Creating chunk: (-15.0, -9.0) at distance 13.93
[22:22:33] TERRAIN: Chunk (-15.0, -9.0): Using BOX collision (distance: 13.93)
[22:22:33] TERRAIN: Chunk created successfully: (-15.0, -9.0) at world pos (-480.0, 0.0, -288.0) (total chunks: 787)
[22:22:33] TERRAIN: Creating chunk: (-16.0, -4.0) at distance 14.00
[22:22:33] TERRAIN: Chunk (-16.0, -4.0): Using BOX collision (distance: 14.00)
[22:22:33] TERRAIN: Chunk created successfully: (-16.0, -4.0) at world pos (-512.0, 0.0, -128.0) (total chunks: 788)
[22:22:33] TERRAIN: Creating chunk: (-2.0, -18.0) at distance 14.00
[22:22:33] TERRAIN: Chunk (-2.0, -18.0): Using BOX collision (distance: 14.00)
[22:22:33] TERRAIN: Chunk created successfully: (-2.0, -18.0) at world pos (-64.0, 0.0, -576.0) (total chunks: 789)
[22:22:33] TERRAIN: Creating chunk: (-16.0, -5.0) at distance 14.04
[22:22:33] TERRAIN: Chunk (-16.0, -5.0): Using BOX collision (distance: 14.04)
[22:22:33] TERRAIN: Chunk created successfully: (-16.0, -5.0) at world pos (-512.0, 0.0, -160.0) (total chunks: 790)
[22:22:33] TERRAIN: Creating chunk: (-3.0, -18.0) at distance 14.04
[22:22:33] TERRAIN: Chunk (-3.0, -18.0): Using BOX collision (distance: 14.04)
[22:22:33] TERRAIN: Chunk created successfully: (-3.0, -18.0) at world pos (-96.0, 0.0, -576.0) (total chunks: 791)
[22:22:33] TERRAIN: Creating chunk: (-4.0, -18.0) at distance 14.14
[22:22:33] TERRAIN: Chunk (-4.0, -18.0): Using BOX collision (distance: 14.14)
[22:22:33] TERRAIN: Chunk created successfully: (-4.0, -18.0) at world pos (-128.0, 0.0, -576.0) (total chunks: 792)
[22:22:33] TERRAIN: Creating chunk: (0.0, -18.0) at distance 14.14
[22:22:33] TERRAIN: Chunk (0.0, -18.0): Using BOX collision (distance: 14.14)
[22:22:33] TERRAIN: Chunk created successfully: (0.0, -18.0) at world pos (0.0, 0.0, -576.0) (total chunks: 793)
[22:22:33] TERRAIN: Creating chunk: (-12.0, -14.0) at distance 14.14
[22:22:33] TERRAIN: Chunk (-12.0, -14.0): Using BOX collision (distance: 14.14)
[22:22:33] TERRAIN: Chunk created successfully: (-12.0, -14.0) at world pos (-384.0, 0.0, -448.0) (total chunks: 794)
[22:22:33] TERRAIN: Creating chunk: (-16.0, -6.0) at distance 14.14
[22:22:33] TERRAIN: Chunk (-16.0, -6.0): Using BOX collision (distance: 14.14)
[22:22:33] TERRAIN: Chunk created successfully: (-16.0, -6.0) at world pos (-512.0, 0.0, -192.0) (total chunks: 795)
[22:22:33] TERRAIN: Creating chunk: (-16.0, -2.0) at distance 14.14
[22:22:33] TERRAIN: Chunk (-16.0, -2.0): Using BOX collision (distance: 14.14)
[22:22:33] TERRAIN: Chunk created successfully: (-16.0, -2.0) at world pos (-512.0, 0.0, -64.0) (total chunks: 796)
[22:22:33] TERRAIN: Creating chunk: (-13.0, -13.0) at distance 14.21
[22:22:33] TERRAIN: Chunk (-13.0, -13.0): Using BOX collision (distance: 14.21)
[22:22:33] TERRAIN: Chunk created successfully: (-13.0, -13.0) at world pos (-416.0, 0.0, -416.0) (total chunks: 797)
[22:22:33] TERRAIN: Creating chunk: (-11.0, -15.0) at distance 14.21
[22:22:33] TERRAIN: Chunk (-11.0, -15.0): Using BOX collision (distance: 14.21)
[22:22:33] TERRAIN: Chunk created successfully: (-11.0, -15.0) at world pos (-352.0, 0.0, -480.0) (total chunks: 798)
[22:22:33] TERRAIN: Creating chunk: (-15.0, -10.0) at distance 14.32
[22:22:33] TERRAIN: Chunk (-15.0, -10.0): Using BOX collision (distance: 14.32)
[22:22:33] TERRAIN: Chunk created successfully: (-15.0, -10.0) at world pos (-480.0, 0.0, -320.0) (total chunks: 799)
[22:22:33] TERRAIN: Creating chunk: (-8.0, -17.0) at distance 14.32
[22:22:33] TERRAIN: Chunk (-8.0, -17.0): Using BOX collision (distance: 14.32)
[22:22:33] TERRAIN: Chunk created successfully: (-8.0, -17.0) at world pos (-256.0, 0.0, -544.0) (total chunks: 800)
[22:22:33] TERRAIN: Creating chunk: (-5.0, -18.0) at distance 14.32
[22:22:33] TERRAIN: Chunk (-5.0, -18.0): Using BOX collision (distance: 14.32)
[22:22:33] TERRAIN: Chunk created successfully: (-5.0, -18.0) at world pos (-160.0, 0.0, -576.0) (total chunks: 801)
[22:22:33] TERRAIN: Creating chunk: (-16.0, -7.0) at distance 14.32
[22:22:33] TERRAIN: Chunk (-16.0, -7.0): Using BOX collision (distance: 14.32)
[22:22:33] TERRAIN: Chunk created successfully: (-16.0, -7.0) at world pos (-512.0, 0.0, -224.0) (total chunks: 802)
[22:22:33] TERRAIN: Creating chunk: (1.0, -18.0) at distance 14.32
[22:22:33] TERRAIN: Chunk (1.0, -18.0): Using BOX collision (distance: 14.32)
[22:22:33] TERRAIN: Chunk created successfully: (1.0, -18.0) at world pos (32.0, 0.0, -576.0) (total chunks: 803)
[22:22:33] TERRAIN: Creating chunk: (-10.0, -16.0) at distance 14.42
[22:22:33] TERRAIN: Chunk (-10.0, -16.0): Using BOX collision (distance: 14.42)
[22:22:33] TERRAIN: Chunk created successfully: (-10.0, -16.0) at world pos (-320.0, 0.0, -512.0) (total chunks: 804)
[22:22:33] TERRAIN: Creating chunk: (-14.0, -12.0) at distance 14.42
[22:22:33] TERRAIN: Chunk (-14.0, -12.0): Using BOX collision (distance: 14.42)
[22:22:33] TERRAIN: Chunk created successfully: (-14.0, -12.0) at world pos (-448.0, 0.0, -384.0) (total chunks: 805)
[22:22:33] TERRAIN: Creating chunk: (2.0, -18.0) at distance 14.56
[22:22:33] TERRAIN: Chunk (2.0, -18.0): Using BOX collision (distance: 14.56)
[22:22:33] TERRAIN: Chunk created successfully: (2.0, -18.0) at world pos (64.0, 0.0, -576.0) (total chunks: 806)
[22:22:33] TERRAIN: Creating chunk: (-16.0, 0.0) at distance 14.56
[22:22:33] TERRAIN: Chunk (-16.0, 0.0): Using BOX collision (distance: 14.56)
[22:22:33] TERRAIN: Chunk created successfully: (-16.0, 0.0) at world pos (-512.0, 0.0, 0.0) (total chunks: 807)
[22:22:33] TERRAIN: Creating chunk: (-16.0, -8.0) at distance 14.56
[22:22:33] TERRAIN: Chunk (-16.0, -8.0): Using BOX collision (distance: 14.56)
[22:22:33] TERRAIN: Chunk created successfully: (-16.0, -8.0) at world pos (-512.0, 0.0, -256.0) (total chunks: 808)
[22:22:33] TERRAIN: Creating chunk: (-6.0, -18.0) at distance 14.56
[22:22:33] TERRAIN: Chunk (-6.0, -18.0): Using BOX collision (distance: 14.56)
[22:22:33] TERRAIN: Chunk created successfully: (-6.0, -18.0) at world pos (-192.0, 0.0, -576.0) (total chunks: 809)
[22:22:33] TERRAIN: Creating chunk: (-9.0, -17.0) at distance 14.76
[22:22:33] TERRAIN: Chunk (-9.0, -17.0): Using BOX collision (distance: 14.76)
[22:22:33] TERRAIN: Chunk created successfully: (-9.0, -17.0) at world pos (-288.0, 0.0, -544.0) (total chunks: 810)
[22:22:33] TERRAIN: Creating chunk: (5.0, -17.0) at distance 14.76
[22:22:33] TERRAIN: Chunk (5.0, -17.0): Using BOX collision (distance: 14.76)
[22:22:33] TERRAIN: Chunk created successfully: (5.0, -17.0) at world pos (160.0, 0.0, -544.0) (total chunks: 811)
[22:22:33] TERRAIN: Creating chunk: (-15.0, -11.0) at distance 14.76
[22:22:33] TERRAIN: Chunk (-15.0, -11.0): Using BOX collision (distance: 14.76)
[22:22:33] TERRAIN: Chunk created successfully: (-15.0, -11.0) at world pos (-480.0, 0.0, -352.0) (total chunks: 812)
[22:22:33] TERRAIN: Creating chunk: (-7.0, -18.0) at distance 14.87
[22:22:33] TERRAIN: Chunk (-7.0, -18.0): Using BOX collision (distance: 14.87)
[22:22:33] TERRAIN: Chunk created successfully: (-7.0, -18.0) at world pos (-224.0, 0.0, -576.0) (total chunks: 813)
[22:22:33] TERRAIN: Creating chunk: (3.0, -18.0) at distance 14.87
[22:22:33] TERRAIN: Chunk (3.0, -18.0): Using BOX collision (distance: 14.87)
[22:22:33] TERRAIN: Chunk created successfully: (3.0, -18.0) at world pos (96.0, 0.0, -576.0) (total chunks: 814)
[22:22:33] TERRAIN: Creating chunk: (-12.0, -15.0) at distance 14.87
[22:22:33] TERRAIN: Chunk (-12.0, -15.0): Using BOX collision (distance: 14.87)
[22:22:33] TERRAIN: Chunk created successfully: (-12.0, -15.0) at world pos (-384.0, 0.0, -480.0) (total chunks: 815)
[22:22:33] TERRAIN: Creating chunk: (-13.0, -14.0) at distance 14.87
[22:22:33] TERRAIN: Chunk (-13.0, -14.0): Using BOX collision (distance: 14.87)
[22:22:33] TERRAIN: Chunk created successfully: (-13.0, -14.0) at world pos (-416.0, 0.0, -448.0) (total chunks: 816)
[22:22:33] TERRAIN: Creating chunk: (-16.0, 1.0) at distance 14.87
[22:22:33] TERRAIN: Chunk (-16.0, 1.0): Using BOX collision (distance: 14.87)
[22:22:33] TERRAIN: Chunk created successfully: (-16.0, 1.0) at world pos (-512.0, 0.0, 32.0) (total chunks: 817)
[22:22:33] TERRAIN: Creating chunk: (-16.0, -9.0) at distance 14.87
[22:22:33] TERRAIN: Chunk (-16.0, -9.0): Using BOX collision (distance: 14.87)
[22:22:33] TERRAIN: Chunk created successfully: (-16.0, -9.0) at world pos (-512.0, 0.0, -288.0) (total chunks: 818)
[22:22:33] TERRAIN: Creating chunk: (7.0, -16.0) at distance 15.00
[22:22:33] TERRAIN: Chunk (7.0, -16.0): Using BOX collision (distance: 15.00)
[22:22:33] TERRAIN: Chunk created successfully: (7.0, -16.0) at world pos (224.0, 0.0, -512.0) (total chunks: 819)
[22:22:33] TERRAIN: Creating chunk: (-2.0, -19.0) at distance 15.00
[22:22:33] TERRAIN: Chunk (-2.0, -19.0): Using BOX collision (distance: 15.00)
[22:22:33] TERRAIN: Chunk created successfully: (-2.0, -19.0) at world pos (-64.0, 0.0, -608.0) (total chunks: 820)
[22:22:33] TERRAIN: Creating chunk: (-11.0, -16.0) at distance 15.00
[22:22:33] TERRAIN: Chunk (-11.0, -16.0): Using BOX collision (distance: 15.00)
[22:22:33] TERRAIN: Chunk created successfully: (-11.0, -16.0) at world pos (-352.0, 0.0, -512.0) (total chunks: 821)
[22:22:33] TERRAIN: Creating chunk: (-14.0, -13.0) at distance 15.00
[22:22:33] TERRAIN: Chunk (-14.0, -13.0): Using BOX collision (distance: 15.00)
[22:22:33] TERRAIN: Chunk created successfully: (-14.0, -13.0) at world pos (-448.0, 0.0, -416.0) (total chunks: 822)
[22:22:33] TERRAIN: Creating chunk: (-17.0, -4.0) at distance 15.00
[22:22:33] TERRAIN: Chunk (-17.0, -4.0): Using BOX collision (distance: 15.00)
[22:22:33] TERRAIN: Chunk created successfully: (-17.0, -4.0) at world pos (-544.0, 0.0, -128.0) (total chunks: 823)
[22:22:33] PLAYER: Pos: (-32.57695, -0.003661, -101.3251) | Chunk: (-2.0, -4.0) | TerrainHeight: 0.00 | HeightDiff: -0.00 | OnFloor: true
[22:22:33] PLAYER: CHUNK CHANGED: (-1.0, -4.0) -> (-2.0, -4.0)
[22:22:34] PLAYER: Pos: (-33.3244, -0.013584, -106.2133) | Chunk: (-2.0, -4.0) | TerrainHeight: -0.01 | HeightDiff: 0.00 | OnFloor: true
[22:22:35] PLAYER: Pos: (-34.96476, -0.024585, -110.8969) | Chunk: (-2.0, -4.0) | TerrainHeight: -0.03 | HeightDiff: 0.00 | OnFloor: true
[22:22:36] PLAYER: Pos: (-36.86791, -0.030639, -115.5207) | Chunk: (-2.0, -4.0) | TerrainHeight: -0.04 | HeightDiff: 0.01 | OnFloor: true
[22:22:37] PLAYER: Pos: (-38.72489, -0.045727, -120.163) | Chunk: (-2.0, -4.0) | TerrainHeight: -0.05 | HeightDiff: 0.00 | OnFloor: true
[22:22:38] PLAYER: Pos: (-40.52266, -0.042162, -124.8285) | Chunk: (-2.0, -4.0) | TerrainHeight: -0.04 | HeightDiff: 0.00 | OnFloor: true
[22:22:39] TERRAIN: Player moved to new chunk: (-2.0, -5.0) (was (-2.0, -4.0))
[22:22:39] PLAYER: Pos: (-42.3191, -0.035566, -129.4942) | Chunk: (-2.0, -5.0) | TerrainHeight: -0.04 | HeightDiff: 0.01 | OnFloor: true
[22:22:39] PLAYER: CHUNK CHANGED: (-2.0, -4.0) -> (-2.0, -5.0)
[22:22:40] PLAYER: Pos: (-44.09741, -0.035821, -134.1673) | Chunk: (-2.0, -5.0) | TerrainHeight: -0.05 | HeightDiff: 0.02 | OnFloor: true
[22:22:41] PLAYER: Pos: (-45.79853, -0.041235, -138.8688) | Chunk: (-2.0, -5.0) | TerrainHeight: -0.06 | HeightDiff: 0.02 | OnFloor: true
[22:22:42] PLAYER: Pos: (-47.51414, -0.046104, -143.4763) | Chunk: (-2.0, -5.0) | TerrainHeight: -0.05 | HeightDiff: 0.00 | OnFloor: true
[22:22:43] PLAYER: Pos: (-49.25545, -0.034043, -147.8056) | Chunk: (-2.0, -5.0) | TerrainHeight: -0.04 | HeightDiff: 0.01 | OnFloor: true
[22:22:44] PLAYER: Pos: (-51.11306, -0.014376, -152.4473) | Chunk: (-2.0, -5.0) | TerrainHeight: -0.02 | HeightDiff: 0.00 | OnFloor: true
[22:22:45] PLAYER: Pos: (-52.97066, 0.000813, -157.089) | Chunk: (-2.0, -5.0) | TerrainHeight: -0.00 | HeightDiff: 0.00 | OnFloor: true
[22:22:46] TERRAIN: Player moved to new chunk: (-2.0, -6.0) (was (-2.0, -5.0))
[22:22:46] TERRAIN: Updating terrain for player chunk: (-2.0, -6.0) (player pos: (-54.1781, 0.004982, -160.1062))
[22:22:46] TERRAIN: Player chunk (-2.0, -6.0) distance: 0.00 (max_distance: 20)
[22:22:46] TERRAIN: Removing 1 distant chunks
[22:22:46] TERRAIN: Removing chunk (-1.0, 14.0) at distance 20.02 (player: (-2.0, -6.0))
[22:22:46] TERRAIN: Removing chunk: (-1.0, 14.0)
[22:22:46] TERRAIN: Queuing 56 new chunks for generation
[22:22:46] TERRAIN: Queued chunk: (-1.0, -19.0) (distance: 13.04)
[22:22:46] TERRAIN: Queued chunk: (-3.0, -19.0) (distance: 13.04)
[22:22:46] TERRAIN: Queued chunk: (0.0, -19.0) (distance: 13.15)
[22:22:46] TERRAIN: Queued chunk: (-4.0, -19.0) (distance: 13.15)
[22:22:46] TERRAIN: Queued chunk: (1.0, -19.0) (distance: 13.34)
[22:22:46] TERRAIN: Queued chunk: (-5.0, -19.0) (distance: 13.34)
[22:22:46] TERRAIN: Queued chunk: (4.0, -18.0) (distance: 13.42)
[22:22:46] TERRAIN: Queued chunk: (-8.0, -18.0) (distance: 13.42)
[22:22:46] TERRAIN: Queued chunk: (2.0, -19.0) (distance: 13.60)
[22:22:46] TERRAIN: Queued chunk: (6.0, -17.0) (distance: 13.60)
[22:22:46] TERRAIN: Queued chunk: (-6.0, -19.0) (distance: 13.60)
[22:22:46] TERRAIN: Queued chunk: (-10.0, -17.0) (distance: 13.60)
[22:22:46] TERRAIN: Queued chunk: (-9.0, -18.0) (distance: 13.89)
[22:22:46] TERRAIN: Queued chunk: (5.0, -18.0) (distance: 13.89)
[22:22:46] TERRAIN: Queued chunk: (3.0, -19.0) (distance: 13.93)
[22:22:46] TERRAIN: Queued chunk: (-7.0, -19.0) (distance: 13.93)
[22:22:46] TERRAIN: Queued chunk: (-2.0, -20.0) (distance: 14.00)
[22:22:46] TERRAIN: Queued chunk: (-1.0, -20.0) (distance: 14.04)
[22:22:46] TERRAIN: Queued chunk: (-3.0, -20.0) (distance: 14.04)
[22:22:46] TERRAIN: Queued chunk: (8.0, -16.0) (distance: 14.14)
[22:22:46] TERRAIN: Queued chunk: (-12.0, -16.0) (distance: 14.14)
[22:22:46] TERRAIN: Queued chunk: (0.0, -20.0) (distance: 14.14)
[22:22:46] TERRAIN: Queued chunk: (-4.0, -20.0) (distance: 14.14)
[22:22:46] TERRAIN: Queued chunk: (-11.0, -17.0) (distance: 14.21)
[22:22:46] TERRAIN: Queued chunk: (9.0, -15.0) (distance: 14.21)
[22:22:46] TERRAIN: Queued chunk: (-13.0, -15.0) (distance: 14.21)
[22:22:46] TERRAIN: Queued chunk: (7.0, -17.0) (distance: 14.21)
[22:22:46] TERRAIN: Queued chunk: (-15.0, -12.0) (distance: 14.32)
[22:22:46] TERRAIN: Queued chunk: (-5.0, -20.0) (distance: 14.32)
[22:22:46] TERRAIN: Queued chunk: (1.0, -20.0) (distance: 14.32)
[22:22:46] TERRAIN: Queued chunk: (-8.0, -19.0) (distance: 14.32)
[22:22:46] TERRAIN: Queued chunk: (4.0, -19.0) (distance: 14.32)
[22:22:46] TERRAIN: Queued chunk: (10.0, -14.0) (distance: 14.42)
[22:22:46] TERRAIN: Queued chunk: (-14.0, -14.0) (distance: 14.42)
[22:22:46] TERRAIN: Queued chunk: (6.0, -18.0) (distance: 14.42)
[22:22:46] TERRAIN: Queued chunk: (-10.0, -18.0) (distance: 14.42)
[22:22:46] TERRAIN: Queued chunk: (-6.0, -20.0) (distance: 14.56)
[22:22:46] TERRAIN: Queued chunk: (-16.0, -10.0) (distance: 14.56)
[22:22:46] TERRAIN: Queued chunk: (2.0, -20.0) (distance: 14.56)
[22:22:46] TERRAIN: Queued chunk: (5.0, -19.0) (distance: 14.76)
[22:22:46] TERRAIN: Queued chunk: (11.0, -13.0) (distance: 14.76)
[22:22:46] TERRAIN: Queued chunk: (-9.0, -19.0) (distance: 14.76)
[22:22:46] TERRAIN: Queued chunk: (-15.0, -13.0) (distance: 14.76)
[22:22:46] TERRAIN: Queued chunk: (3.0, -20.0) (distance: 14.87)
[22:22:46] TERRAIN: Queued chunk: (-7.0, -20.0) (distance: 14.87)
[22:22:46] TERRAIN: Queued chunk: (-12.0, -17.0) (distance: 14.87)
[22:22:46] TERRAIN: Queued chunk: (-13.0, -16.0) (distance: 14.87)
[22:22:46] TERRAIN: Queued chunk: (8.0, -17.0) (distance: 14.87)
[22:22:46] TERRAIN: Queued chunk: (9.0, -16.0) (distance: 14.87)
[22:22:46] TERRAIN: Queued chunk: (-16.0, -11.0) (distance: 14.87)
[22:22:46] TERRAIN: Queued chunk: (-2.0, -21.0) (distance: 15.00)
[22:22:46] TERRAIN: Queued chunk: (-11.0, -18.0) (distance: 15.00)
[22:22:46] TERRAIN: Queued chunk: (7.0, -18.0) (distance: 15.00)
[22:22:46] TERRAIN: Queued chunk: (-14.0, -15.0) (distance: 15.00)
[22:22:46] TERRAIN: Queued chunk: (10.0, -15.0) (distance: 15.00)
[22:22:46] TERRAIN: Queued chunk: (-17.0, -6.0) (distance: 15.00)
[22:22:46] TERRAIN: Creating chunk: (-1.0, -19.0) at distance 13.04
[22:22:46] TERRAIN: Chunk (-1.0, -19.0): Using BOX collision (distance: 13.04)
[22:22:46] TERRAIN: Chunk created successfully: (-1.0, -19.0) at world pos (-32.0, 0.0, -608.0) (total chunks: 823)
[22:22:46] TERRAIN: Creating chunk: (-3.0, -19.0) at distance 13.04
[22:22:46] TERRAIN: Chunk (-3.0, -19.0): Using BOX collision (distance: 13.04)
[22:22:46] TERRAIN: Chunk created successfully: (-3.0, -19.0) at world pos (-96.0, 0.0, -608.0) (total chunks: 824)
[22:22:46] TERRAIN: Creating chunk: (0.0, -19.0) at distance 13.15
[22:22:46] TERRAIN: Chunk (0.0, -19.0): Using BOX collision (distance: 13.15)
[22:22:46] TERRAIN: Chunk created successfully: (0.0, -19.0) at world pos (0.0, 0.0, -608.0) (total chunks: 825)
[22:22:46] TERRAIN: Creating chunk: (-4.0, -19.0) at distance 13.15
[22:22:46] TERRAIN: Chunk (-4.0, -19.0): Using BOX collision (distance: 13.15)
[22:22:46] TERRAIN: Chunk created successfully: (-4.0, -19.0) at world pos (-128.0, 0.0, -608.0) (total chunks: 826)
[22:22:46] TERRAIN: Creating chunk: (1.0, -19.0) at distance 13.34
[22:22:46] TERRAIN: Chunk (1.0, -19.0): Using BOX collision (distance: 13.34)
[22:22:46] TERRAIN: Chunk created successfully: (1.0, -19.0) at world pos (32.0, 0.0, -608.0) (total chunks: 827)
[22:22:46] TERRAIN: Creating chunk: (-5.0, -19.0) at distance 13.34
[22:22:46] TERRAIN: Chunk (-5.0, -19.0): Using BOX collision (distance: 13.34)
[22:22:46] TERRAIN: Chunk created successfully: (-5.0, -19.0) at world pos (-160.0, 0.0, -608.0) (total chunks: 828)
[22:22:46] TERRAIN: Creating chunk: (4.0, -18.0) at distance 13.42
[22:22:46] TERRAIN: Chunk (4.0, -18.0): Using BOX collision (distance: 13.42)
[22:22:46] TERRAIN: Chunk created successfully: (4.0, -18.0) at world pos (128.0, 0.0, -576.0) (total chunks: 829)
[22:22:46] TERRAIN: Creating chunk: (-8.0, -18.0) at distance 13.42
[22:22:46] TERRAIN: Chunk (-8.0, -18.0): Using BOX collision (distance: 13.42)
[22:22:46] TERRAIN: Chunk created successfully: (-8.0, -18.0) at world pos (-256.0, 0.0, -576.0) (total chunks: 830)
[22:22:46] TERRAIN: Creating chunk: (2.0, -19.0) at distance 13.60
[22:22:46] TERRAIN: Chunk (2.0, -19.0): Using BOX collision (distance: 13.60)
[22:22:46] TERRAIN: Chunk created successfully: (2.0, -19.0) at world pos (64.0, 0.0, -608.0) (total chunks: 831)
[22:22:46] TERRAIN: Creating chunk: (6.0, -17.0) at distance 13.60
[22:22:46] TERRAIN: Chunk (6.0, -17.0): Using BOX collision (distance: 13.60)
[22:22:46] TERRAIN: Chunk created successfully: (6.0, -17.0) at world pos (192.0, 0.0, -544.0) (total chunks: 832)
[22:22:46] TERRAIN: Creating chunk: (-6.0, -19.0) at distance 13.60
[22:22:46] TERRAIN: Chunk (-6.0, -19.0): Using BOX collision (distance: 13.60)
[22:22:46] TERRAIN: Chunk created successfully: (-6.0, -19.0) at world pos (-192.0, 0.0, -608.0) (total chunks: 833)
[22:22:46] TERRAIN: Creating chunk: (-10.0, -17.0) at distance 13.60
[22:22:46] TERRAIN: Chunk (-10.0, -17.0): Using BOX collision (distance: 13.60)
[22:22:46] TERRAIN: Chunk created successfully: (-10.0, -17.0) at world pos (-320.0, 0.0, -544.0) (total chunks: 834)
[22:22:46] TERRAIN: Creating chunk: (-9.0, -18.0) at distance 13.89
[22:22:46] TERRAIN: Chunk (-9.0, -18.0): Using BOX collision (distance: 13.89)
[22:22:46] TERRAIN: Chunk created successfully: (-9.0, -18.0) at world pos (-288.0, 0.0, -576.0) (total chunks: 835)
[22:22:46] TERRAIN: Creating chunk: (5.0, -18.0) at distance 13.89
[22:22:46] TERRAIN: Chunk (5.0, -18.0): Using BOX collision (distance: 13.89)
[22:22:46] TERRAIN: Chunk created successfully: (5.0, -18.0) at world pos (160.0, 0.0, -576.0) (total chunks: 836)
[22:22:46] TERRAIN: Creating chunk: (3.0, -19.0) at distance 13.93
[22:22:46] TERRAIN: Chunk (3.0, -19.0): Using BOX collision (distance: 13.93)
[22:22:46] TERRAIN: Chunk created successfully: (3.0, -19.0) at world pos (96.0, 0.0, -608.0) (total chunks: 837)
[22:22:46] TERRAIN: Creating chunk: (-7.0, -19.0) at distance 13.93
[22:22:46] TERRAIN: Chunk (-7.0, -19.0): Using BOX collision (distance: 13.93)
[22:22:46] TERRAIN: Chunk created successfully: (-7.0, -19.0) at world pos (-224.0, 0.0, -608.0) (total chunks: 838)
[22:22:46] TERRAIN: Creating chunk: (-2.0, -20.0) at distance 14.00
[22:22:46] TERRAIN: Chunk (-2.0, -20.0): Using BOX collision (distance: 14.00)
[22:22:46] TERRAIN: Chunk created successfully: (-2.0, -20.0) at world pos (-64.0, 0.0, -640.0) (total chunks: 839)
[22:22:46] TERRAIN: Creating chunk: (-1.0, -20.0) at distance 14.04
[22:22:46] TERRAIN: Chunk (-1.0, -20.0): Using BOX collision (distance: 14.04)
[22:22:46] TERRAIN: Chunk created successfully: (-1.0, -20.0) at world pos (-32.0, 0.0, -640.0) (total chunks: 840)
[22:22:46] TERRAIN: Creating chunk: (-3.0, -20.0) at distance 14.04
[22:22:46] TERRAIN: Chunk (-3.0, -20.0): Using BOX collision (distance: 14.04)
[22:22:46] TERRAIN: Chunk created successfully: (-3.0, -20.0) at world pos (-96.0, 0.0, -640.0) (total chunks: 841)
[22:22:46] TERRAIN: Creating chunk: (8.0, -16.0) at distance 14.14
[22:22:46] TERRAIN: Chunk (8.0, -16.0): Using BOX collision (distance: 14.14)
[22:22:46] TERRAIN: Chunk created successfully: (8.0, -16.0) at world pos (256.0, 0.0, -512.0) (total chunks: 842)
[22:22:46] TERRAIN: Creating chunk: (-12.0, -16.0) at distance 14.14
[22:22:46] TERRAIN: Chunk (-12.0, -16.0): Using BOX collision (distance: 14.14)
[22:22:46] TERRAIN: Chunk created successfully: (-12.0, -16.0) at world pos (-384.0, 0.0, -512.0) (total chunks: 843)
[22:22:46] TERRAIN: Creating chunk: (0.0, -20.0) at distance 14.14
[22:22:46] TERRAIN: Chunk (0.0, -20.0): Using BOX collision (distance: 14.14)
[22:22:46] TERRAIN: Chunk created successfully: (0.0, -20.0) at world pos (0.0, 0.0, -640.0) (total chunks: 844)
[22:22:46] TERRAIN: Creating chunk: (-4.0, -20.0) at distance 14.14
[22:22:46] TERRAIN: Chunk (-4.0, -20.0): Using BOX collision (distance: 14.14)
[22:22:46] TERRAIN: Chunk created successfully: (-4.0, -20.0) at world pos (-128.0, 0.0, -640.0) (total chunks: 845)
[22:22:46] TERRAIN: Creating chunk: (-11.0, -17.0) at distance 14.21
[22:22:46] TERRAIN: Chunk (-11.0, -17.0): Using BOX collision (distance: 14.21)
[22:22:46] TERRAIN: Chunk created successfully: (-11.0, -17.0) at world pos (-352.0, 0.0, -544.0) (total chunks: 846)
[22:22:46] TERRAIN: Creating chunk: (9.0, -15.0) at distance 14.21
[22:22:46] TERRAIN: Chunk (9.0, -15.0): Using BOX collision (distance: 14.21)
[22:22:46] TERRAIN: Chunk created successfully: (9.0, -15.0) at world pos (288.0, 0.0, -480.0) (total chunks: 847)
[22:22:46] TERRAIN: Creating chunk: (-13.0, -15.0) at distance 14.21
[22:22:46] TERRAIN: Chunk (-13.0, -15.0): Using BOX collision (distance: 14.21)
[22:22:46] TERRAIN: Chunk created successfully: (-13.0, -15.0) at world pos (-416.0, 0.0, -480.0) (total chunks: 848)
[22:22:46] TERRAIN: Creating chunk: (7.0, -17.0) at distance 14.21
[22:22:46] TERRAIN: Chunk (7.0, -17.0): Using BOX collision (distance: 14.21)
[22:22:46] TERRAIN: Chunk created successfully: (7.0, -17.0) at world pos (224.0, 0.0, -544.0) (total chunks: 849)
[22:22:46] TERRAIN: Creating chunk: (-15.0, -12.0) at distance 14.32
[22:22:46] TERRAIN: Chunk (-15.0, -12.0): Using BOX collision (distance: 14.32)
[22:22:46] TERRAIN: Chunk created successfully: (-15.0, -12.0) at world pos (-480.0, 0.0, -384.0) (total chunks: 850)
[22:22:46] TERRAIN: Creating chunk: (-5.0, -20.0) at distance 14.32
[22:22:46] TERRAIN: Chunk (-5.0, -20.0): Using BOX collision (distance: 14.32)
[22:22:46] TERRAIN: Chunk created successfully: (-5.0, -20.0) at world pos (-160.0, 0.0, -640.0) (total chunks: 851)
[22:22:46] TERRAIN: Creating chunk: (1.0, -20.0) at distance 14.32
[22:22:46] TERRAIN: Chunk (1.0, -20.0): Using BOX collision (distance: 14.32)
[22:22:46] TERRAIN: Chunk created successfully: (1.0, -20.0) at world pos (32.0, 0.0, -640.0) (total chunks: 852)
[22:22:46] TERRAIN: Creating chunk: (-8.0, -19.0) at distance 14.32
[22:22:46] TERRAIN: Chunk (-8.0, -19.0): Using BOX collision (distance: 14.32)
[22:22:46] TERRAIN: Chunk created successfully: (-8.0, -19.0) at world pos (-256.0, 0.0, -608.0) (total chunks: 853)
[22:22:46] TERRAIN: Creating chunk: (4.0, -19.0) at distance 14.32
[22:22:46] TERRAIN: Chunk (4.0, -19.0): Using BOX collision (distance: 14.32)
[22:22:46] TERRAIN: Chunk created successfully: (4.0, -19.0) at world pos (128.0, 0.0, -608.0) (total chunks: 854)
[22:22:46] TERRAIN: Creating chunk: (10.0, -14.0) at distance 14.42
[22:22:46] TERRAIN: Chunk (10.0, -14.0): Using BOX collision (distance: 14.42)
[22:22:46] TERRAIN: Chunk created successfully: (10.0, -14.0) at world pos (320.0, 0.0, -448.0) (total chunks: 855)
[22:22:46] TERRAIN: Creating chunk: (-14.0, -14.0) at distance 14.42
[22:22:46] TERRAIN: Chunk (-14.0, -14.0): Using BOX collision (distance: 14.42)
[22:22:46] TERRAIN: Chunk created successfully: (-14.0, -14.0) at world pos (-448.0, 0.0, -448.0) (total chunks: 856)
[22:22:46] TERRAIN: Creating chunk: (6.0, -18.0) at distance 14.42
[22:22:46] TERRAIN: Chunk (6.0, -18.0): Using BOX collision (distance: 14.42)
[22:22:46] TERRAIN: Chunk created successfully: (6.0, -18.0) at world pos (192.0, 0.0, -576.0) (total chunks: 857)
[22:22:46] TERRAIN: Creating chunk: (-10.0, -18.0) at distance 14.42
[22:22:46] TERRAIN: Chunk (-10.0, -18.0): Using BOX collision (distance: 14.42)
[22:22:46] TERRAIN: Chunk created successfully: (-10.0, -18.0) at world pos (-320.0, 0.0, -576.0) (total chunks: 858)
[22:22:46] TERRAIN: Creating chunk: (-6.0, -20.0) at distance 14.56
[22:22:46] TERRAIN: Chunk (-6.0, -20.0): Using BOX collision (distance: 14.56)
[22:22:46] TERRAIN: Chunk created successfully: (-6.0, -20.0) at world pos (-192.0, 0.0, -640.0) (total chunks: 859)
[22:22:46] TERRAIN: Creating chunk: (-16.0, -10.0) at distance 14.56
[22:22:46] TERRAIN: Chunk (-16.0, -10.0): Using BOX collision (distance: 14.56)
[22:22:46] TERRAIN: Chunk created successfully: (-16.0, -10.0) at world pos (-512.0, 0.0, -320.0) (total chunks: 860)
[22:22:46] TERRAIN: Creating chunk: (2.0, -20.0) at distance 14.56
[22:22:46] TERRAIN: Chunk (2.0, -20.0): Using BOX collision (distance: 14.56)
[22:22:46] TERRAIN: Chunk created successfully: (2.0, -20.0) at world pos (64.0, 0.0, -640.0) (total chunks: 861)
[22:22:46] TERRAIN: Creating chunk: (5.0, -19.0) at distance 14.76
[22:22:46] TERRAIN: Chunk (5.0, -19.0): Using BOX collision (distance: 14.76)
[22:22:46] TERRAIN: Chunk created successfully: (5.0, -19.0) at world pos (160.0, 0.0, -608.0) (total chunks: 862)
[22:22:46] TERRAIN: Creating chunk: (11.0, -13.0) at distance 14.76
[22:22:46] TERRAIN: Chunk (11.0, -13.0): Using BOX collision (distance: 14.76)
[22:22:46] TERRAIN: Chunk created successfully: (11.0, -13.0) at world pos (352.0, 0.0, -416.0) (total chunks: 863)
[22:22:46] TERRAIN: Creating chunk: (-9.0, -19.0) at distance 14.76
[22:22:46] TERRAIN: Chunk (-9.0, -19.0): Using BOX collision (distance: 14.76)
[22:22:46] TERRAIN: Chunk created successfully: (-9.0, -19.0) at world pos (-288.0, 0.0, -608.0) (total chunks: 864)
[22:22:46] TERRAIN: Creating chunk: (-15.0, -13.0) at distance 14.76
[22:22:46] TERRAIN: Chunk (-15.0, -13.0): Using BOX collision (distance: 14.76)
[22:22:46] TERRAIN: Chunk created successfully: (-15.0, -13.0) at world pos (-480.0, 0.0, -416.0) (total chunks: 865)
[22:22:46] TERRAIN: Creating chunk: (3.0, -20.0) at distance 14.87
[22:22:46] TERRAIN: Chunk (3.0, -20.0): Using BOX collision (distance: 14.87)
[22:22:46] TERRAIN: Chunk created successfully: (3.0, -20.0) at world pos (96.0, 0.0, -640.0) (total chunks: 866)
[22:22:46] TERRAIN: Creating chunk: (-7.0, -20.0) at distance 14.87
[22:22:46] TERRAIN: Chunk (-7.0, -20.0): Using BOX collision (distance: 14.87)
[22:22:46] TERRAIN: Chunk created successfully: (-7.0, -20.0) at world pos (-224.0, 0.0, -640.0) (total chunks: 867)
[22:22:46] TERRAIN: Creating chunk: (-12.0, -17.0) at distance 14.87
[22:22:46] TERRAIN: Chunk (-12.0, -17.0): Using BOX collision (distance: 14.87)
[22:22:46] TERRAIN: Chunk created successfully: (-12.0, -17.0) at world pos (-384.0, 0.0, -544.0) (total chunks: 868)
[22:22:46] TERRAIN: Creating chunk: (-13.0, -16.0) at distance 14.87
[22:22:46] TERRAIN: Chunk (-13.0, -16.0): Using BOX collision (distance: 14.87)
[22:22:46] TERRAIN: Chunk created successfully: (-13.0, -16.0) at world pos (-416.0, 0.0, -512.0) (total chunks: 869)
[22:22:46] TERRAIN: Creating chunk: (8.0, -17.0) at distance 14.87
[22:22:46] TERRAIN: Chunk (8.0, -17.0): Using BOX collision (distance: 14.87)
[22:22:46] TERRAIN: Chunk created successfully: (8.0, -17.0) at world pos (256.0, 0.0, -544.0) (total chunks: 870)
[22:22:46] TERRAIN: Creating chunk: (9.0, -16.0) at distance 14.87
[22:22:46] TERRAIN: Chunk (9.0, -16.0): Using BOX collision (distance: 14.87)
[22:22:46] TERRAIN: Chunk created successfully: (9.0, -16.0) at world pos (288.0, 0.0, -512.0) (total chunks: 871)
[22:22:46] TERRAIN: Creating chunk: (-16.0, -11.0) at distance 14.87
[22:22:46] TERRAIN: Chunk (-16.0, -11.0): Using BOX collision (distance: 14.87)
[22:22:46] TERRAIN: Chunk created successfully: (-16.0, -11.0) at world pos (-512.0, 0.0, -352.0) (total chunks: 872)
[22:22:46] TERRAIN: Creating chunk: (-2.0, -21.0) at distance 15.00
[22:22:46] TERRAIN: Chunk (-2.0, -21.0): Using BOX collision (distance: 15.00)
[22:22:46] TERRAIN: Chunk created successfully: (-2.0, -21.0) at world pos (-64.0, 0.0, -672.0) (total chunks: 873)
[22:22:46] TERRAIN: Creating chunk: (-11.0, -18.0) at distance 15.00
[22:22:46] TERRAIN: Chunk (-11.0, -18.0): Using BOX collision (distance: 15.00)
[22:22:46] TERRAIN: Chunk created successfully: (-11.0, -18.0) at world pos (-352.0, 0.0, -576.0) (total chunks: 874)
[22:22:46] TERRAIN: Creating chunk: (7.0, -18.0) at distance 15.00
[22:22:46] TERRAIN: Chunk (7.0, -18.0): Using BOX collision (distance: 15.00)
[22:22:46] TERRAIN: Chunk created successfully: (7.0, -18.0) at world pos (224.0, 0.0, -576.0) (total chunks: 875)
[22:22:46] TERRAIN: Creating chunk: (-14.0, -15.0) at distance 15.00
[22:22:46] TERRAIN: Chunk (-14.0, -15.0): Using BOX collision (distance: 15.00)
[22:22:46] TERRAIN: Chunk created successfully: (-14.0, -15.0) at world pos (-448.0, 0.0, -480.0) (total chunks: 876)
[22:22:46] TERRAIN: Creating chunk: (10.0, -15.0) at distance 15.00
[22:22:46] TERRAIN: Chunk (10.0, -15.0): Using BOX collision (distance: 15.00)
[22:22:46] TERRAIN: Chunk created successfully: (10.0, -15.0) at world pos (320.0, 0.0, -480.0) (total chunks: 877)
[22:22:46] TERRAIN: Creating chunk: (-17.0, -6.0) at distance 15.00
[22:22:46] TERRAIN: Chunk (-17.0, -6.0): Using BOX collision (distance: 15.00)
[22:22:46] TERRAIN: Chunk created successfully: (-17.0, -6.0) at world pos (-544.0, 0.0, -192.0) (total chunks: 878)
[22:22:46] PLAYER: Pos: (-54.82827, 0.004982, -161.731) | Chunk: (-2.0, -6.0) | TerrainHeight: 0.01 | HeightDiff: -0.00 | OnFloor: true
[22:22:46] PLAYER: CHUNK CHANGED: (-2.0, -5.0) -> (-2.0, -6.0)
[22:22:47] PLAYER: Pos: (-56.68587, 0.006998, -166.3731) | Chunk: (-2.0, -6.0) | TerrainHeight: 0.01 | HeightDiff: -0.01 | OnFloor: true
[22:22:48] PLAYER: Pos: (-58.54348, 0.019323, -171.015) | Chunk: (-2.0, -6.0) | TerrainHeight: 0.03 | HeightDiff: -0.01 | OnFloor: true
[22:22:49] PLAYER: Pos: (-60.40109, 0.035669, -175.6567) | Chunk: (-2.0, -6.0) | TerrainHeight: 0.05 | HeightDiff: -0.01 | OnFloor: true
[22:22:50] PLAYER: Pos: (-62.25869, 0.031747, -180.2985) | Chunk: (-2.0, -6.0) | TerrainHeight: 0.05 | HeightDiff: -0.02 | OnFloor: true
[22:22:51] PLAYER: Pos: (-63.71382, 0.025419, -183.9345) | Chunk: (-2.0, -6.0) | TerrainHeight: 0.03 | HeightDiff: -0.01 | OnFloor: true
[22:22:52] PLAYER: Pos: (-63.71382, 0.025419, -183.9345) | Chunk: (-2.0, -6.0) | TerrainHeight: 0.03 | HeightDiff: -0.01 | OnFloor: true
[22:22:53] PLAYER: Pos: (-63.71382, 0.025419, -183.9345) | Chunk: (-2.0, -6.0) | TerrainHeight: 0.03 | HeightDiff: -0.01 | OnFloor: true
[22:22:54] PLAYER: Pos: (-63.71382, 0.025419, -183.9345) | Chunk: (-2.0, -6.0) | TerrainHeight: 0.03 | HeightDiff: -0.01 | OnFloor: true
[22:22:55] PLAYER: Pos: (-63.71382, 0.025419, -183.9345) | Chunk: (-2.0, -6.0) | TerrainHeight: 0.03 | HeightDiff: -0.01 | OnFloor: true
[22:22:56] PLAYER: Pos: (-63.71382, 0.025419, -183.9345) | Chunk: (-2.0, -6.0) | TerrainHeight: 0.03 | HeightDiff: -0.01 | OnFloor: true
[22:22:57] PLAYER: Pos: (-63.71382, 0.025419, -183.9345) | Chunk: (-2.0, -6.0) | TerrainHeight: 0.03 | HeightDiff: -0.01 | OnFloor: true
[22:22:58] PLAYER: Pos: (-63.71382, 0.025419, -183.9345) | Chunk: (-2.0, -6.0) | TerrainHeight: 0.03 | HeightDiff: -0.01 | OnFloor: true
[22:22:59] PLAYER: Pos: (-63.71382, 0.025419, -183.9345) | Chunk: (-2.0, -6.0) | TerrainHeight: 0.03 | HeightDiff: -0.01 | OnFloor: true
[22:23:00] PLAYER: Pos: (-63.71382, 0.025419, -183.9345) | Chunk: (-2.0, -6.0) | TerrainHeight: 0.03 | HeightDiff: -0.01 | OnFloor: true
[22:23:01] PLAYER: Pos: (-63.71382, 0.025419, -183.9345) | Chunk: (-2.0, -6.0) | TerrainHeight: 0.03 | HeightDiff: -0.01 | OnFloor: true
[22:23:02] PLAYER: Pos: (-63.71382, 0.025419, -183.9345) | Chunk: (-2.0, -6.0) | TerrainHeight: 0.03 | HeightDiff: -0.01 | OnFloor: true
[22:23:03] PLAYER: Pos: (-63.71382, 0.025419, -183.9345) | Chunk: (-2.0, -6.0) | TerrainHeight: 0.03 | HeightDiff: -0.01 | OnFloor: true
[22:23:04] PLAYER: Pos: (-63.71382, 0.025419, -183.9345) | Chunk: (-2.0, -6.0) | TerrainHeight: 0.03 | HeightDiff: -0.01 | OnFloor: true
[22:23:05] PLAYER: Pos: (-63.71382, 0.025419, -183.9345) | Chunk: (-2.0, -6.0) | TerrainHeight: 0.03 | HeightDiff: -0.01 | OnFloor: true
[22:23:06] PLAYER: Pos: (-63.71382, 0.025419, -183.9345) | Chunk: (-2.0, -6.0) | TerrainHeight: 0.03 | HeightDiff: -0.01 | OnFloor: true
[22:23:07] PLAYER: Pos: (-63.71382, 0.025419, -183.9345) | Chunk: (-2.0, -6.0) | TerrainHeight: 0.03 | HeightDiff: -0.01 | OnFloor: true
[22:23:08] PLAYER: Pos: (-63.71382, 0.025419, -183.9345) | Chunk: (-2.0, -6.0) | TerrainHeight: 0.03 | HeightDiff: -0.01 | OnFloor: true
[22:23:09] PLAYER: Pos: (-63.71382, 0.025419, -183.9345) | Chunk: (-2.0, -6.0) | TerrainHeight: 0.03 | HeightDiff: -0.01 | OnFloor: true
[22:23:10] TERRAIN: Player moved to new chunk: (-3.0, -6.0) (was (-2.0, -6.0))
[22:23:10] PLAYER: Pos: (-64.33302, 0.024296, -185.4817) | Chunk: (-3.0, -6.0) | TerrainHeight: 0.03 | HeightDiff: -0.00 | OnFloor: true
[22:23:10] PLAYER: CHUNK CHANGED: (-2.0, -6.0) -> (-3.0, -6.0)
[22:23:11] PLAYER: Pos: (-66.19062, 0.018681, -190.1235) | Chunk: (-3.0, -6.0) | TerrainHeight: 0.02 | HeightDiff: -0.00 | OnFloor: true
[22:23:11] TERRAIN: Player moved to new chunk: (-3.0, -7.0) (was (-3.0, -6.0))
[22:23:11] TERRAIN: Updating terrain for player chunk: (-3.0, -7.0) (player pos: (-65.75785, 0.015312, -192.1362))
[22:23:11] TERRAIN: Player chunk (-3.0, -7.0) distance: 0.00 (max_distance: 20)
[22:23:11] TERRAIN: Removing 21 distant chunks
[22:23:11] TERRAIN: Removing chunk (6.0, 11.0) at distance 20.12 (player: (-3.0, -7.0))
[22:23:11] TERRAIN: Removing chunk: (6.0, 11.0)
[22:23:11] TERRAIN: Removing chunk (4.0, 12.0) at distance 20.25 (player: (-3.0, -7.0))
[22:23:11] TERRAIN: Removing chunk: (4.0, 12.0)
[22:23:11] TERRAIN: Removing chunk (8.0, 10.0) at distance 20.25 (player: (-3.0, -7.0))
[22:23:11] TERRAIN: Removing chunk: (8.0, 10.0)
[22:23:11] TERRAIN: Removing chunk (5.0, 12.0) at distance 20.62 (player: (-3.0, -7.0))
[22:23:11] TERRAIN: Removing chunk: (5.0, 12.0)
[22:23:11] TERRAIN: Removing chunk (0.0, 13.0) at distance 20.22 (player: (-3.0, -7.0))
[22:23:11] TERRAIN: Removing chunk: (0.0, 13.0)
[22:23:11] TERRAIN: Removing chunk (1.0, 13.0) at distance 20.40 (player: (-3.0, -7.0))
[22:23:11] TERRAIN: Removing chunk: (1.0, 13.0)
[22:23:11] TERRAIN: Removing chunk (7.0, 11.0) at distance 20.59 (player: (-3.0, -7.0))
[22:23:11] TERRAIN: Removing chunk: (7.0, 11.0)
[22:23:11] TERRAIN: Removing chunk (-1.0, 13.0) at distance 20.10 (player: (-3.0, -7.0))
[22:23:11] TERRAIN: Removing chunk: (-1.0, 13.0)
[22:23:11] TERRAIN: Removing chunk (2.0, 13.0) at distance 20.62 (player: (-3.0, -7.0))
[22:23:11] TERRAIN: Removing chunk: (2.0, 13.0)
[22:23:11] TERRAIN: Removing chunk (-2.0, 13.0) at distance 20.02 (player: (-3.0, -7.0))
[22:23:11] TERRAIN: Removing chunk: (-2.0, 13.0)
[22:23:11] TERRAIN: Removing chunk (3.0, 13.0) at distance 20.88 (player: (-3.0, -7.0))
[22:23:11] TERRAIN: Removing chunk: (3.0, 13.0)
[22:23:11] TERRAIN: Removing chunk (6.0, 12.0) at distance 21.02 (player: (-3.0, -7.0))
[22:23:11] TERRAIN: Removing chunk: (6.0, 12.0)
[22:23:11] TERRAIN: Removing chunk (9.0, 10.0) at distance 20.81 (player: (-3.0, -7.0))
[22:23:11] TERRAIN: Removing chunk: (9.0, 10.0)
[22:23:11] TERRAIN: Removing chunk (10.0, 9.0) at distance 20.62 (player: (-3.0, -7.0))
[22:23:11] TERRAIN: Removing chunk: (10.0, 9.0)
[22:23:11] TERRAIN: Removing chunk (8.0, 11.0) at distance 21.10 (player: (-3.0, -7.0))
[22:23:11] TERRAIN: Removing chunk: (8.0, 11.0)
[22:23:11] TERRAIN: Removing chunk (11.0, 8.0) at distance 20.52 (player: (-3.0, -7.0))
[22:23:11] TERRAIN: Removing chunk: (11.0, 8.0)
[22:23:11] TERRAIN: Removing chunk (-4.0, 13.0) at distance 20.02 (player: (-3.0, -7.0))
[22:23:11] TERRAIN: Removing chunk: (-4.0, 13.0)
[22:23:11] TERRAIN: Removing chunk (4.0, 13.0) at distance 21.19 (player: (-3.0, -7.0))
[22:23:11] TERRAIN: Removing chunk: (4.0, 13.0)
[22:23:11] TERRAIN: Removing chunk (-5.0, 13.0) at distance 20.10 (player: (-3.0, -7.0))
[22:23:11] TERRAIN: Removing chunk: (-5.0, 13.0)
[22:23:11] TERRAIN: Removing chunk (-6.0, 13.0) at distance 20.22 (player: (-3.0, -7.0))
[22:23:11] TERRAIN: Removing chunk: (-6.0, 13.0)
[22:23:11] TERRAIN: Removing chunk (12.0, 7.0) at distance 20.52 (player: (-3.0, -7.0))
[22:23:11] TERRAIN: Removing chunk: (12.0, 7.0)
[22:23:11] TERRAIN: Queuing 40 new chunks for generation
[22:23:11] TERRAIN: Queued chunk: (-10.0, -19.0) (distance: 13.89)
[22:23:11] TERRAIN: Queued chunk: (-15.0, -14.0) (distance: 13.89)
[22:23:11] TERRAIN: Queued chunk: (-8.0, -20.0) (distance: 13.93)
[22:23:11] TERRAIN: Queued chunk: (-16.0, -12.0) (distance: 13.93)
[22:23:11] TERRAIN: Queued chunk: (-17.0, -7.0) (distance: 14.00)
[22:23:11] TERRAIN: Queued chunk: (-3.0, -21.0) (distance: 14.00)
[22:23:11] TERRAIN: Queued chunk: (-17.0, -8.0) (distance: 14.04)
[22:23:11] TERRAIN: Queued chunk: (-4.0, -21.0) (distance: 14.04)
[22:23:11] TERRAIN: Queued chunk: (-5.0, -21.0) (distance: 14.14)
[22:23:11] TERRAIN: Queued chunk: (-1.0, -21.0) (distance: 14.14)
[22:23:11] TERRAIN: Queued chunk: (-13.0, -17.0) (distance: 14.14)
[22:23:11] TERRAIN: Queued chunk: (-17.0, -9.0) (distance: 14.14)
[22:23:11] TERRAIN: Queued chunk: (-17.0, -5.0) (distance: 14.14)
[22:23:11] TERRAIN: Queued chunk: (-14.0, -16.0) (distance: 14.21)
[22:23:11] TERRAIN: Queued chunk: (-12.0, -18.0) (distance: 14.21)
[22:23:11] TERRAIN: Queued chunk: (-16.0, -13.0) (distance: 14.32)
[22:23:11] TERRAIN: Queued chunk: (-9.0, -20.0) (distance: 14.32)
[22:23:11] TERRAIN: Queued chunk: (-6.0, -21.0) (distance: 14.32)
[22:23:11] TERRAIN: Queued chunk: (-17.0, -10.0) (distance: 14.32)
[22:23:11] TERRAIN: Queued chunk: (0.0, -21.0) (distance: 14.32)
[22:23:11] TERRAIN: Queued chunk: (-11.0, -19.0) (distance: 14.42)
[22:23:11] TERRAIN: Queued chunk: (-15.0, -15.0) (distance: 14.42)
[22:23:11] TERRAIN: Queued chunk: (1.0, -21.0) (distance: 14.56)
[22:23:11] TERRAIN: Queued chunk: (-17.0, -3.0) (distance: 14.56)
[22:23:11] TERRAIN: Queued chunk: (-17.0, -11.0) (distance: 14.56)
[22:23:11] TERRAIN: Queued chunk: (-7.0, -21.0) (distance: 14.56)
[22:23:11] TERRAIN: Queued chunk: (-10.0, -20.0) (distance: 14.76)
[22:23:11] TERRAIN: Queued chunk: (4.0, -20.0) (distance: 14.76)
[22:23:11] TERRAIN: Queued chunk: (-16.0, -14.0) (distance: 14.76)
[22:23:11] TERRAIN: Queued chunk: (-8.0, -21.0) (distance: 14.87)
[22:23:11] TERRAIN: Queued chunk: (2.0, -21.0) (distance: 14.87)
[22:23:11] TERRAIN: Queued chunk: (-13.0, -18.0) (distance: 14.87)
[22:23:11] TERRAIN: Queued chunk: (-14.0, -17.0) (distance: 14.87)
[22:23:11] TERRAIN: Queued chunk: (-17.0, -2.0) (distance: 14.87)
[22:23:11] TERRAIN: Queued chunk: (-17.0, -12.0) (distance: 14.87)
[22:23:11] TERRAIN: Queued chunk: (6.0, -19.0) (distance: 15.00)
[22:23:11] TERRAIN: Queued chunk: (-3.0, -22.0) (distance: 15.00)
[22:23:11] TERRAIN: Queued chunk: (-12.0, -19.0) (distance: 15.00)
[22:23:11] TERRAIN: Queued chunk: (-15.0, -16.0) (distance: 15.00)
[22:23:11] TERRAIN: Queued chunk: (-18.0, -7.0) (distance: 15.00)
[22:23:11] TERRAIN: Creating chunk: (-10.0, -19.0) at distance 13.89
[22:23:11] TERRAIN: Chunk (-10.0, -19.0): Using BOX collision (distance: 13.89)
[22:23:11] TERRAIN: Chunk created successfully: (-10.0, -19.0) at world pos (-320.0, 0.0, -608.0) (total chunks: 858)
[22:23:11] TERRAIN: Creating chunk: (-15.0, -14.0) at distance 13.89
[22:23:11] TERRAIN: Chunk (-15.0, -14.0): Using BOX collision (distance: 13.89)
[22:23:11] TERRAIN: Chunk created successfully: (-15.0, -14.0) at world pos (-480.0, 0.0, -448.0) (total chunks: 859)
[22:23:11] TERRAIN: Creating chunk: (-8.0, -20.0) at distance 13.93
[22:23:11] TERRAIN: Chunk (-8.0, -20.0): Using BOX collision (distance: 13.93)
[22:23:11] TERRAIN: Chunk created successfully: (-8.0, -20.0) at world pos (-256.0, 0.0, -640.0) (total chunks: 860)
[22:23:11] TERRAIN: Creating chunk: (-16.0, -12.0) at distance 13.93
[22:23:11] TERRAIN: Chunk (-16.0, -12.0): Using BOX collision (distance: 13.93)
[22:23:11] TERRAIN: Chunk created successfully: (-16.0, -12.0) at world pos (-512.0, 0.0, -384.0) (total chunks: 861)
[22:23:11] TERRAIN: Creating chunk: (-17.0, -7.0) at distance 14.00
[22:23:11] TERRAIN: Chunk (-17.0, -7.0): Using BOX collision (distance: 14.00)
[22:23:11] TERRAIN: Chunk created successfully: (-17.0, -7.0) at world pos (-544.0, 0.0, -224.0) (total chunks: 862)
[22:23:11] TERRAIN: Creating chunk: (-3.0, -21.0) at distance 14.00
[22:23:11] TERRAIN: Chunk (-3.0, -21.0): Using BOX collision (distance: 14.00)
[22:23:11] TERRAIN: Chunk created successfully: (-3.0, -21.0) at world pos (-96.0, 0.0, -672.0) (total chunks: 863)
[22:23:11] TERRAIN: Creating chunk: (-17.0, -8.0) at distance 14.04
[22:23:11] TERRAIN: Chunk (-17.0, -8.0): Using BOX collision (distance: 14.04)
[22:23:11] TERRAIN: Chunk created successfully: (-17.0, -8.0) at world pos (-544.0, 0.0, -256.0) (total chunks: 864)
[22:23:11] TERRAIN: Creating chunk: (-4.0, -21.0) at distance 14.04
[22:23:11] TERRAIN: Chunk (-4.0, -21.0): Using BOX collision (distance: 14.04)
[22:23:11] TERRAIN: Chunk created successfully: (-4.0, -21.0) at world pos (-128.0, 0.0, -672.0) (total chunks: 865)
[22:23:11] TERRAIN: Creating chunk: (-5.0, -21.0) at distance 14.14
[22:23:11] TERRAIN: Chunk (-5.0, -21.0): Using BOX collision (distance: 14.14)
[22:23:11] TERRAIN: Chunk created successfully: (-5.0, -21.0) at world pos (-160.0, 0.0, -672.0) (total chunks: 866)
[22:23:11] TERRAIN: Creating chunk: (-1.0, -21.0) at distance 14.14
[22:23:11] TERRAIN: Chunk (-1.0, -21.0): Using BOX collision (distance: 14.14)
[22:23:11] TERRAIN: Chunk created successfully: (-1.0, -21.0) at world pos (-32.0, 0.0, -672.0) (total chunks: 867)
[22:23:11] TERRAIN: Creating chunk: (-13.0, -17.0) at distance 14.14
[22:23:11] TERRAIN: Chunk (-13.0, -17.0): Using BOX collision (distance: 14.14)
[22:23:11] TERRAIN: Chunk created successfully: (-13.0, -17.0) at world pos (-416.0, 0.0, -544.0) (total chunks: 868)
[22:23:11] TERRAIN: Creating chunk: (-17.0, -9.0) at distance 14.14
[22:23:11] TERRAIN: Chunk (-17.0, -9.0): Using BOX collision (distance: 14.14)
[22:23:11] TERRAIN: Chunk created successfully: (-17.0, -9.0) at world pos (-544.0, 0.0, -288.0) (total chunks: 869)
[22:23:11] TERRAIN: Creating chunk: (-17.0, -5.0) at distance 14.14
[22:23:11] TERRAIN: Chunk (-17.0, -5.0): Using BOX collision (distance: 14.14)
[22:23:11] TERRAIN: Chunk created successfully: (-17.0, -5.0) at world pos (-544.0, 0.0, -160.0) (total chunks: 870)
[22:23:11] TERRAIN: Creating chunk: (-14.0, -16.0) at distance 14.21
[22:23:11] TERRAIN: Chunk (-14.0, -16.0): Using BOX collision (distance: 14.21)
[22:23:11] TERRAIN: Chunk created successfully: (-14.0, -16.0) at world pos (-448.0, 0.0, -512.0) (total chunks: 871)
[22:23:11] TERRAIN: Creating chunk: (-12.0, -18.0) at distance 14.21
[22:23:11] TERRAIN: Chunk (-12.0, -18.0): Using BOX collision (distance: 14.21)
[22:23:11] TERRAIN: Chunk created successfully: (-12.0, -18.0) at world pos (-384.0, 0.0, -576.0) (total chunks: 872)
[22:23:11] TERRAIN: Creating chunk: (-16.0, -13.0) at distance 14.32
[22:23:11] TERRAIN: Chunk (-16.0, -13.0): Using BOX collision (distance: 14.32)
[22:23:11] TERRAIN: Chunk created successfully: (-16.0, -13.0) at world pos (-512.0, 0.0, -416.0) (total chunks: 873)
[22:23:11] TERRAIN: Creating chunk: (-9.0, -20.0) at distance 14.32
[22:23:11] TERRAIN: Chunk (-9.0, -20.0): Using BOX collision (distance: 14.32)
[22:23:11] TERRAIN: Chunk created successfully: (-9.0, -20.0) at world pos (-288.0, 0.0, -640.0) (total chunks: 874)
[22:23:11] TERRAIN: Creating chunk: (-6.0, -21.0) at distance 14.32
[22:23:11] TERRAIN: Chunk (-6.0, -21.0): Using BOX collision (distance: 14.32)
[22:23:11] TERRAIN: Chunk created successfully: (-6.0, -21.0) at world pos (-192.0, 0.0, -672.0) (total chunks: 875)
[22:23:11] TERRAIN: Creating chunk: (-17.0, -10.0) at distance 14.32
[22:23:11] TERRAIN: Chunk (-17.0, -10.0): Using BOX collision (distance: 14.32)
[22:23:11] TERRAIN: Chunk created successfully: (-17.0, -10.0) at world pos (-544.0, 0.0, -320.0) (total chunks: 876)
[22:23:11] TERRAIN: Creating chunk: (0.0, -21.0) at distance 14.32
[22:23:11] TERRAIN: Chunk (0.0, -21.0): Using BOX collision (distance: 14.32)
[22:23:11] TERRAIN: Chunk created successfully: (0.0, -21.0) at world pos (0.0, 0.0, -672.0) (total chunks: 877)
[22:23:11] TERRAIN: Creating chunk: (-11.0, -19.0) at distance 14.42
[22:23:11] TERRAIN: Chunk (-11.0, -19.0): Using BOX collision (distance: 14.42)
[22:23:11] TERRAIN: Chunk created successfully: (-11.0, -19.0) at world pos (-352.0, 0.0, -608.0) (total chunks: 878)
[22:23:11] TERRAIN: Creating chunk: (-15.0, -15.0) at distance 14.42
[22:23:12] TERRAIN: Chunk (-15.0, -15.0): Using BOX collision (distance: 14.42)
[22:23:12] TERRAIN: Chunk created successfully: (-15.0, -15.0) at world pos (-480.0, 0.0, -480.0) (total chunks: 879)
[22:23:12] TERRAIN: Creating chunk: (1.0, -21.0) at distance 14.56
[22:23:12] TERRAIN: Chunk (1.0, -21.0): Using BOX collision (distance: 14.56)
[22:23:12] TERRAIN: Chunk created successfully: (1.0, -21.0) at world pos (32.0, 0.0, -672.0) (total chunks: 880)
[22:23:12] TERRAIN: Creating chunk: (-17.0, -3.0) at distance 14.56
[22:23:12] TERRAIN: Chunk (-17.0, -3.0): Using BOX collision (distance: 14.56)
[22:23:12] TERRAIN: Chunk created successfully: (-17.0, -3.0) at world pos (-544.0, 0.0, -96.0) (total chunks: 881)
[22:23:12] TERRAIN: Creating chunk: (-17.0, -11.0) at distance 14.56
[22:23:12] TERRAIN: Chunk (-17.0, -11.0): Using BOX collision (distance: 14.56)
[22:23:12] TERRAIN: Chunk created successfully: (-17.0, -11.0) at world pos (-544.0, 0.0, -352.0) (total chunks: 882)
[22:23:12] TERRAIN: Creating chunk: (-7.0, -21.0) at distance 14.56
[22:23:12] TERRAIN: Chunk (-7.0, -21.0): Using BOX collision (distance: 14.56)
[22:23:12] TERRAIN: Chunk created successfully: (-7.0, -21.0) at world pos (-224.0, 0.0, -672.0) (total chunks: 883)
[22:23:12] TERRAIN: Creating chunk: (-10.0, -20.0) at distance 14.76
[22:23:12] TERRAIN: Chunk (-10.0, -20.0): Using BOX collision (distance: 14.76)
[22:23:12] TERRAIN: Chunk created successfully: (-10.0, -20.0) at world pos (-320.0, 0.0, -640.0) (total chunks: 884)
[22:23:12] TERRAIN: Creating chunk: (4.0, -20.0) at distance 14.76
[22:23:12] TERRAIN: Chunk (4.0, -20.0): Using BOX collision (distance: 14.76)
[22:23:12] TERRAIN: Chunk created successfully: (4.0, -20.0) at world pos (128.0, 0.0, -640.0) (total chunks: 885)
[22:23:12] TERRAIN: Creating chunk: (-16.0, -14.0) at distance 14.76
[22:23:12] TERRAIN: Chunk (-16.0, -14.0): Using BOX collision (distance: 14.76)
[22:23:12] TERRAIN: Chunk created successfully: (-16.0, -14.0) at world pos (-512.0, 0.0, -448.0) (total chunks: 886)
[22:23:12] TERRAIN: Creating chunk: (-8.0, -21.0) at distance 14.87
[22:23:12] TERRAIN: Chunk (-8.0, -21.0): Using BOX collision (distance: 14.87)
[22:23:12] TERRAIN: Chunk created successfully: (-8.0, -21.0) at world pos (-256.0, 0.0, -672.0) (total chunks: 887)
[22:23:12] TERRAIN: Creating chunk: (2.0, -21.0) at distance 14.87
[22:23:12] TERRAIN: Chunk (2.0, -21.0): Using BOX collision (distance: 14.87)
[22:23:12] TERRAIN: Chunk created successfully: (2.0, -21.0) at world pos (64.0, 0.0, -672.0) (total chunks: 888)
[22:23:12] TERRAIN: Creating chunk: (-13.0, -18.0) at distance 14.87
[22:23:12] TERRAIN: Chunk (-13.0, -18.0): Using BOX collision (distance: 14.87)
[22:23:12] TERRAIN: Chunk created successfully: (-13.0, -18.0) at world pos (-416.0, 0.0, -576.0) (total chunks: 889)
[22:23:12] TERRAIN: Creating chunk: (-14.0, -17.0) at distance 14.87
[22:23:12] TERRAIN: Chunk (-14.0, -17.0): Using BOX collision (distance: 14.87)
[22:23:12] TERRAIN: Chunk created successfully: (-14.0, -17.0) at world pos (-448.0, 0.0, -544.0) (total chunks: 890)
[22:23:12] TERRAIN: Creating chunk: (-17.0, -2.0) at distance 14.87
[22:23:12] TERRAIN: Chunk (-17.0, -2.0): Using BOX collision (distance: 14.87)
[22:23:12] TERRAIN: Chunk created successfully: (-17.0, -2.0) at world pos (-544.0, 0.0, -64.0) (total chunks: 891)
[22:23:12] TERRAIN: Creating chunk: (-17.0, -12.0) at distance 14.87
[22:23:12] TERRAIN: Chunk (-17.0, -12.0): Using BOX collision (distance: 14.87)
[22:23:12] TERRAIN: Chunk created successfully: (-17.0, -12.0) at world pos (-544.0, 0.0, -384.0) (total chunks: 892)
[22:23:12] TERRAIN: Creating chunk: (6.0, -19.0) at distance 15.00
[22:23:12] TERRAIN: Chunk (6.0, -19.0): Using BOX collision (distance: 15.00)
[22:23:12] TERRAIN: Chunk created successfully: (6.0, -19.0) at world pos (192.0, 0.0, -608.0) (total chunks: 893)
[22:23:12] TERRAIN: Creating chunk: (-3.0, -22.0) at distance 15.00
[22:23:12] TERRAIN: Chunk (-3.0, -22.0): Using BOX collision (distance: 15.00)
[22:23:12] TERRAIN: Chunk created successfully: (-3.0, -22.0) at world pos (-96.0, 0.0, -704.0) (total chunks: 894)
[22:23:12] TERRAIN: Creating chunk: (-12.0, -19.0) at distance 15.00
[22:23:12] TERRAIN: Chunk (-12.0, -19.0): Using BOX collision (distance: 15.00)
[22:23:12] TERRAIN: Chunk created successfully: (-12.0, -19.0) at world pos (-384.0, 0.0, -608.0) (total chunks: 895)
[22:23:12] TERRAIN: Creating chunk: (-15.0, -16.0) at distance 15.00
[22:23:12] TERRAIN: Chunk (-15.0, -16.0): Using BOX collision (distance: 15.00)
[22:23:12] TERRAIN: Chunk created successfully: (-15.0, -16.0) at world pos (-480.0, 0.0, -512.0) (total chunks: 896)
[22:23:12] TERRAIN: Creating chunk: (-18.0, -7.0) at distance 15.00
[22:23:12] TERRAIN: Chunk (-18.0, -7.0): Using BOX collision (distance: 15.00)
[22:23:12] TERRAIN: Chunk created successfully: (-18.0, -7.0) at world pos (-576.0, 0.0, -224.0) (total chunks: 897)
[22:23:12] PLAYER: Pos: (-65.31549, 0.014189, -193.0434) | Chunk: (-3.0, -7.0) | TerrainHeight: 0.01 | HeightDiff: 0.00 | OnFloor: true
[22:23:12] PLAYER: CHUNK CHANGED: (-3.0, -6.0) -> (-3.0, -7.0)
[22:23:13] PLAYER: Pos: (-67.72928, 0.014189, -194.9979) | Chunk: (-3.0, -7.0) | TerrainHeight: 0.01 | HeightDiff: -0.00 | OnFloor: true
[22:23:14] PLAYER: Pos: (-66.49657, 0.014189, -199.8251) | Chunk: (-3.0, -7.0) | TerrainHeight: 0.02 | HeightDiff: -0.01 | OnFloor: true
[22:23:15] PLAYER: Pos: (-65.05872, 0.013066, -204.6121) | Chunk: (-3.0, -7.0) | TerrainHeight: 0.03 | HeightDiff: -0.02 | OnFloor: true
[22:23:16] TERRAIN: Player moved to new chunk: (-2.0, -7.0) (was (-3.0, -7.0))
[22:23:16] PLAYER: Pos: (-63.83733, 0.013066, -209.4591) | Chunk: (-2.0, -7.0) | TerrainHeight: 0.03 | HeightDiff: -0.02 | OnFloor: true
[22:23:16] PLAYER: CHUNK CHANGED: (-3.0, -7.0) -> (-2.0, -7.0)
[22:23:17] PLAYER: Pos: (-62.77005, 0.013066, -214.3434) | Chunk: (-2.0, -7.0) | TerrainHeight: 0.02 | HeightDiff: -0.01 | OnFloor: true
[22:23:18] PLAYER: Pos: (-61.70277, 0.011943, -219.2278) | Chunk: (-2.0, -7.0) | TerrainHeight: 0.02 | HeightDiff: -0.01 | OnFloor: true
[22:23:19] TERRAIN: Player moved to new chunk: (-2.0, -8.0) (was (-2.0, -7.0))
[22:23:19] PLAYER: Pos: (-60.6355, 0.011943, -224.1121) | Chunk: (-2.0, -8.0) | TerrainHeight: 0.01 | HeightDiff: 0.00 | OnFloor: true
[22:23:19] PLAYER: CHUNK CHANGED: (-2.0, -7.0) -> (-2.0, -8.0)
[22:23:19] TERRAIN: Updating terrain for player chunk: (-2.0, -8.0) (player pos: (-60.6355, 0.011943, -224.1121))
[22:23:19] TERRAIN: Player chunk (-2.0, -8.0) distance: 0.00 (max_distance: 20)
[22:23:19] TERRAIN: Removing 18 distant chunks
[22:23:19] TERRAIN: Removing chunk (0.0, 12.0) at distance 20.10 (player: (-2.0, -8.0))
[22:23:19] TERRAIN: Removing chunk: (0.0, 12.0)
[22:23:19] TERRAIN: Removing chunk (-1.0, 12.0) at distance 20.02 (player: (-2.0, -8.0))
[22:23:19] TERRAIN: Removing chunk: (-1.0, 12.0)
[22:23:19] TERRAIN: Removing chunk (1.0, 12.0) at distance 20.22 (player: (-2.0, -8.0))
[22:23:19] TERRAIN: Removing chunk: (1.0, 12.0)
[22:23:19] TERRAIN: Removing chunk (5.0, 11.0) at distance 20.25 (player: (-2.0, -8.0))
[22:23:19] TERRAIN: Removing chunk: (5.0, 11.0)
[22:23:19] TERRAIN: Removing chunk (2.0, 12.0) at distance 20.40 (player: (-2.0, -8.0))
[22:23:19] TERRAIN: Removing chunk: (2.0, 12.0)
[22:23:19] TERRAIN: Removing chunk (7.0, 10.0) at distance 20.12 (player: (-2.0, -8.0))
[22:23:19] TERRAIN: Removing chunk: (7.0, 10.0)
[22:23:19] TERRAIN: Removing chunk (-3.0, 12.0) at distance 20.02 (player: (-2.0, -8.0))
[22:23:19] TERRAIN: Removing chunk: (-3.0, 12.0)
[22:23:19] TERRAIN: Removing chunk (3.0, 12.0) at distance 20.62 (player: (-2.0, -8.0))
[22:23:19] TERRAIN: Removing chunk: (3.0, 12.0)
[22:23:19] TERRAIN: Removing chunk (-4.0, 12.0) at distance 20.10 (player: (-2.0, -8.0))
[22:23:19] TERRAIN: Removing chunk: (-4.0, 12.0)
[22:23:19] TERRAIN: Removing chunk (9.0, 9.0) at distance 20.25 (player: (-2.0, -8.0))
[22:23:19] TERRAIN: Removing chunk: (9.0, 9.0)
[22:23:19] TERRAIN: Removing chunk (-5.0, 12.0) at distance 20.22 (player: (-2.0, -8.0))
[22:23:19] TERRAIN: Removing chunk: (-5.0, 12.0)
[22:23:19] TERRAIN: Removing chunk (-3.0, 13.0) at distance 21.02 (player: (-2.0, -8.0))
[22:23:19] TERRAIN: Removing chunk: (-3.0, 13.0)
[22:23:19] TERRAIN: Removing chunk (-6.0, 12.0) at distance 20.40 (player: (-2.0, -8.0))
[22:23:19] TERRAIN: Removing chunk: (-6.0, 12.0)
[22:23:19] TERRAIN: Removing chunk (-7.0, 12.0) at distance 20.62 (player: (-2.0, -8.0))
[22:23:19] TERRAIN: Removing chunk: (-7.0, 12.0)
[22:23:19] TERRAIN: Removing chunk (-9.0, 11.0) at distance 20.25 (player: (-2.0, -8.0))
[22:23:19] TERRAIN: Removing chunk: (-9.0, 11.0)
[22:23:19] TERRAIN: Removing chunk (-8.0, 12.0) at distance 20.88 (player: (-2.0, -8.0))
[22:23:19] TERRAIN: Removing chunk: (-8.0, 12.0)
[22:23:19] TERRAIN: Removing chunk (-10.0, 11.0) at distance 20.62 (player: (-2.0, -8.0))
[22:23:19] TERRAIN: Removing chunk: (-10.0, 11.0)
[22:23:19] TERRAIN: Removing chunk (-11.0, 10.0) at distance 20.12 (player: (-2.0, -8.0))
[22:23:19] TERRAIN: Removing chunk: (-11.0, 10.0)
[22:23:19] TERRAIN: Queuing 30 new chunks for generation
[22:23:19] TERRAIN: Queued chunk: (5.0, -20.0) (distance: 13.89)
[22:23:19] TERRAIN: Queued chunk: (3.0, -21.0) (distance: 13.93)
[22:23:19] TERRAIN: Queued chunk: (-2.0, -22.0) (distance: 14.00)
[22:23:19] TERRAIN: Queued chunk: (-1.0, -22.0) (distance: 14.04)
[22:23:19] TERRAIN: Queued chunk: (8.0, -18.0) (distance: 14.14)
[22:23:19] TERRAIN: Queued chunk: (-4.0, -22.0) (distance: 14.14)
[22:23:19] TERRAIN: Queued chunk: (0.0, -22.0) (distance: 14.14)
[22:23:19] TERRAIN: Queued chunk: (7.0, -19.0) (distance: 14.21)
[22:23:19] TERRAIN: Queued chunk: (9.0, -17.0) (distance: 14.21)
[22:23:19] TERRAIN: Queued chunk: (1.0, -22.0) (distance: 14.32)
[22:23:19] TERRAIN: Queued chunk: (-5.0, -22.0) (distance: 14.32)
[22:23:19] TERRAIN: Queued chunk: (4.0, -21.0) (distance: 14.32)
[22:23:19] TERRAIN: Queued chunk: (11.0, -14.0) (distance: 14.32)
[22:23:19] TERRAIN: Queued chunk: (10.0, -16.0) (distance: 14.42)
[22:23:19] TERRAIN: Queued chunk: (6.0, -20.0) (distance: 14.42)
[22:23:19] TERRAIN: Queued chunk: (2.0, -22.0) (distance: 14.56)
[22:23:19] TERRAIN: Queued chunk: (-6.0, -22.0) (distance: 14.56)
[22:23:19] TERRAIN: Queued chunk: (12.0, -12.0) (distance: 14.56)
[22:23:19] TERRAIN: Queued chunk: (11.0, -15.0) (distance: 14.76)
[22:23:19] TERRAIN: Queued chunk: (5.0, -21.0) (distance: 14.76)
[22:23:19] TERRAIN: Queued chunk: (-9.0, -21.0) (distance: 14.76)
[22:23:19] TERRAIN: Queued chunk: (8.0, -19.0) (distance: 14.87)
[22:23:19] TERRAIN: Queued chunk: (9.0, -18.0) (distance: 14.87)
[22:23:19] TERRAIN: Queued chunk: (3.0, -22.0) (distance: 14.87)
[22:23:19] TERRAIN: Queued chunk: (-7.0, -22.0) (distance: 14.87)
[22:23:19] TERRAIN: Queued chunk: (12.0, -13.0) (distance: 14.87)
[22:23:19] TERRAIN: Queued chunk: (7.0, -20.0) (distance: 15.00)
[22:23:19] TERRAIN: Queued chunk: (10.0, -17.0) (distance: 15.00)
[22:23:19] TERRAIN: Queued chunk: (-2.0, -23.0) (distance: 15.00)
[22:23:19] TERRAIN: Queued chunk: (-11.0, -20.0) (distance: 15.00)
[22:23:19] TERRAIN: Creating chunk: (5.0, -20.0) at distance 13.89
[22:23:19] TERRAIN: Chunk (5.0, -20.0): Using BOX collision (distance: 13.89)
[22:23:19] TERRAIN: Chunk created successfully: (5.0, -20.0) at world pos (160.0, 0.0, -640.0) (total chunks: 880)
[22:23:19] TERRAIN: Creating chunk: (3.0, -21.0) at distance 13.93
[22:23:19] TERRAIN: Chunk (3.0, -21.0): Using BOX collision (distance: 13.93)
[22:23:19] TERRAIN: Chunk created successfully: (3.0, -21.0) at world pos (96.0, 0.0, -672.0) (total chunks: 881)
[22:23:19] TERRAIN: Creating chunk: (-2.0, -22.0) at distance 14.00
[22:23:19] TERRAIN: Chunk (-2.0, -22.0): Using BOX collision (distance: 14.00)
[22:23:19] TERRAIN: Chunk created successfully: (-2.0, -22.0) at world pos (-64.0, 0.0, -704.0) (total chunks: 882)
[22:23:19] TERRAIN: Creating chunk: (-1.0, -22.0) at distance 14.04
[22:23:19] TERRAIN: Chunk (-1.0, -22.0): Using BOX collision (distance: 14.04)
[22:23:19] TERRAIN: Chunk created successfully: (-1.0, -22.0) at world pos (-32.0, 0.0, -704.0) (total chunks: 883)
[22:23:19] TERRAIN: Creating chunk: (8.0, -18.0) at distance 14.14
[22:23:19] TERRAIN: Chunk (8.0, -18.0): Using BOX collision (distance: 14.14)
[22:23:19] TERRAIN: Chunk created successfully: (8.0, -18.0) at world pos (256.0, 0.0, -576.0) (total chunks: 884)
[22:23:19] TERRAIN: Creating chunk: (-4.0, -22.0) at distance 14.14
[22:23:19] TERRAIN: Chunk (-4.0, -22.0): Using BOX collision (distance: 14.14)
[22:23:19] TERRAIN: Chunk created successfully: (-4.0, -22.0) at world pos (-128.0, 0.0, -704.0) (total chunks: 885)
[22:23:19] TERRAIN: Creating chunk: (0.0, -22.0) at distance 14.14
[22:23:19] TERRAIN: Chunk (0.0, -22.0): Using BOX collision (distance: 14.14)
[22:23:19] TERRAIN: Chunk created successfully: (0.0, -22.0) at world pos (0.0, 0.0, -704.0) (total chunks: 886)
[22:23:19] TERRAIN: Creating chunk: (7.0, -19.0) at distance 14.21
[22:23:19] TERRAIN: Chunk (7.0, -19.0): Using BOX collision (distance: 14.21)
[22:23:19] TERRAIN: Chunk created successfully: (7.0, -19.0) at world pos (224.0, 0.0, -608.0) (total chunks: 887)
[22:23:19] TERRAIN: Creating chunk: (9.0, -17.0) at distance 14.21
[22:23:19] TERRAIN: Chunk (9.0, -17.0): Using BOX collision (distance: 14.21)
[22:23:19] TERRAIN: Chunk created successfully: (9.0, -17.0) at world pos (288.0, 0.0, -544.0) (total chunks: 888)
[22:23:19] TERRAIN: Creating chunk: (1.0, -22.0) at distance 14.32
[22:23:19] TERRAIN: Chunk (1.0, -22.0): Using BOX collision (distance: 14.32)
[22:23:19] TERRAIN: Chunk created successfully: (1.0, -22.0) at world pos (32.0, 0.0, -704.0) (total chunks: 889)
[22:23:19] TERRAIN: Creating chunk: (-5.0, -22.0) at distance 14.32
[22:23:19] TERRAIN: Chunk (-5.0, -22.0): Using BOX collision (distance: 14.32)
[22:23:19] TERRAIN: Chunk created successfully: (-5.0, -22.0) at world pos (-160.0, 0.0, -704.0) (total chunks: 890)
[22:23:19] TERRAIN: Creating chunk: (4.0, -21.0) at distance 14.32
[22:23:19] TERRAIN: Chunk (4.0, -21.0): Using BOX collision (distance: 14.32)
[22:23:19] TERRAIN: Chunk created successfully: (4.0, -21.0) at world pos (128.0, 0.0, -672.0) (total chunks: 891)
[22:23:19] TERRAIN: Creating chunk: (11.0, -14.0) at distance 14.32
[22:23:19] TERRAIN: Chunk (11.0, -14.0): Using BOX collision (distance: 14.32)
[22:23:19] TERRAIN: Chunk created successfully: (11.0, -14.0) at world pos (352.0, 0.0, -448.0) (total chunks: 892)
[22:23:19] TERRAIN: Creating chunk: (10.0, -16.0) at distance 14.42
[22:23:19] TERRAIN: Chunk (10.0, -16.0): Using BOX collision (distance: 14.42)
[22:23:19] TERRAIN: Chunk created successfully: (10.0, -16.0) at world pos (320.0, 0.0, -512.0) (total chunks: 893)
[22:23:19] TERRAIN: Creating chunk: (6.0, -20.0) at distance 14.42
[22:23:19] TERRAIN: Chunk (6.0, -20.0): Using BOX collision (distance: 14.42)
[22:23:19] TERRAIN: Chunk created successfully: (6.0, -20.0) at world pos (192.0, 0.0, -640.0) (total chunks: 894)
[22:23:19] TERRAIN: Creating chunk: (2.0, -22.0) at distance 14.56
[22:23:19] TERRAIN: Chunk (2.0, -22.0): Using BOX collision (distance: 14.56)
[22:23:19] TERRAIN: Chunk created successfully: (2.0, -22.0) at world pos (64.0, 0.0, -704.0) (total chunks: 895)
[22:23:19] TERRAIN: Creating chunk: (-6.0, -22.0) at distance 14.56
[22:23:19] TERRAIN: Chunk (-6.0, -22.0): Using BOX collision (distance: 14.56)
[22:23:19] TERRAIN: Chunk created successfully: (-6.0, -22.0) at world pos (-192.0, 0.0, -704.0) (total chunks: 896)
[22:23:19] TERRAIN: Creating chunk: (12.0, -12.0) at distance 14.56
[22:23:19] TERRAIN: Chunk (12.0, -12.0): Using BOX collision (distance: 14.56)
[22:23:19] TERRAIN: Chunk created successfully: (12.0, -12.0) at world pos (384.0, 0.0, -384.0) (total chunks: 897)
[22:23:19] TERRAIN: Creating chunk: (11.0, -15.0) at distance 14.76
[22:23:19] TERRAIN: Chunk (11.0, -15.0): Using BOX collision (distance: 14.76)
[22:23:19] TERRAIN: Chunk created successfully: (11.0, -15.0) at world pos (352.0, 0.0, -480.0) (total chunks: 898)
[22:23:19] TERRAIN: Creating chunk: (5.0, -21.0) at distance 14.76
[22:23:19] TERRAIN: Chunk (5.0, -21.0): Using BOX collision (distance: 14.76)
[22:23:19] TERRAIN: Chunk created successfully: (5.0, -21.0) at world pos (160.0, 0.0, -672.0) (total chunks: 899)
[22:23:19] TERRAIN: Creating chunk: (-9.0, -21.0) at distance 14.76
[22:23:19] TERRAIN: Chunk (-9.0, -21.0): Using BOX collision (distance: 14.76)
[22:23:19] TERRAIN: Chunk created successfully: (-9.0, -21.0) at world pos (-288.0, 0.0, -672.0) (total chunks: 900)
[22:23:19] TERRAIN: Creating chunk: (8.0, -19.0) at distance 14.87
[22:23:19] TERRAIN: Chunk (8.0, -19.0): Using BOX collision (distance: 14.87)
[22:23:19] TERRAIN: Chunk created successfully: (8.0, -19.0) at world pos (256.0, 0.0, -608.0) (total chunks: 901)
[22:23:19] TERRAIN: Creating chunk: (9.0, -18.0) at distance 14.87
[22:23:19] TERRAIN: Chunk (9.0, -18.0): Using BOX collision (distance: 14.87)
[22:23:19] TERRAIN: Chunk created successfully: (9.0, -18.0) at world pos (288.0, 0.0, -576.0) (total chunks: 902)
[22:23:19] TERRAIN: Creating chunk: (3.0, -22.0) at distance 14.87
[22:23:19] TERRAIN: Chunk (3.0, -22.0): Using BOX collision (distance: 14.87)
[22:23:19] TERRAIN: Chunk created successfully: (3.0, -22.0) at world pos (96.0, 0.0, -704.0) (total chunks: 903)
[22:23:19] TERRAIN: Creating chunk: (-7.0, -22.0) at distance 14.87
[22:23:19] TERRAIN: Chunk (-7.0, -22.0): Using BOX collision (distance: 14.87)
[22:23:19] TERRAIN: Chunk created successfully: (-7.0, -22.0) at world pos (-224.0, 0.0, -704.0) (total chunks: 904)
[22:23:19] TERRAIN: Creating chunk: (12.0, -13.0) at distance 14.87
[22:23:19] TERRAIN: Chunk (12.0, -13.0): Using BOX collision (distance: 14.87)
[22:23:19] TERRAIN: Chunk created successfully: (12.0, -13.0) at world pos (384.0, 0.0, -416.0) (total chunks: 905)
[22:23:19] TERRAIN: Creating chunk: (7.0, -20.0) at distance 15.00
[22:23:19] TERRAIN: Chunk (7.0, -20.0): Using BOX collision (distance: 15.00)
[22:23:19] TERRAIN: Chunk created successfully: (7.0, -20.0) at world pos (224.0, 0.0, -640.0) (total chunks: 906)
[22:23:19] TERRAIN: Creating chunk: (10.0, -17.0) at distance 15.00
[22:23:19] TERRAIN: Chunk (10.0, -17.0): Using BOX collision (distance: 15.00)
[22:23:19] TERRAIN: Chunk created successfully: (10.0, -17.0) at world pos (320.0, 0.0, -544.0) (total chunks: 907)
[22:23:19] TERRAIN: Creating chunk: (-2.0, -23.0) at distance 15.00
[22:23:19] TERRAIN: Chunk (-2.0, -23.0): Using BOX collision (distance: 15.00)
[22:23:19] TERRAIN: Chunk created successfully: (-2.0, -23.0) at world pos (-64.0, 0.0, -736.0) (total chunks: 908)
[22:23:19] TERRAIN: Creating chunk: (-11.0, -20.0) at distance 15.00
[22:23:19] TERRAIN: Chunk (-11.0, -20.0): Using BOX collision (distance: 15.00)
[22:23:19] TERRAIN: Chunk created successfully: (-11.0, -20.0) at world pos (-352.0, 0.0, -640.0) (total chunks: 909)
[22:23:20] PLAYER: Pos: (-59.59599, 0.008427, -229.0028) | Chunk: (-2.0, -8.0) | TerrainHeight: -0.00 | HeightDiff: 0.01 | OnFloor: true
[22:23:21] PLAYER: Pos: (-58.57678, 0.008427, -233.8981) | Chunk: (-2.0, -8.0) | TerrainHeight: -0.01 | HeightDiff: 0.02 | OnFloor: true
[22:23:22] PLAYER: Pos: (-57.55757, 0.010431, -238.7935) | Chunk: (-2.0, -8.0) | TerrainHeight: 0.01 | HeightDiff: 0.00 | OnFloor: true
[22:23:23] PLAYER: Pos: (-57.38482, 0.012436, -243.7803) | Chunk: (-2.0, -8.0) | TerrainHeight: 0.03 | HeightDiff: -0.02 | OnFloor: true
[22:23:24] PLAYER: Pos: (-57.44373, 0.012436, -248.6672) | Chunk: (-2.0, -8.0) | TerrainHeight: 0.03 | HeightDiff: -0.02 | OnFloor: true
[22:23:25] PLAYER: Pos: (-55.32004, 0.012258, -250.933) | Chunk: (-2.0, -8.0) | TerrainHeight: 0.03 | HeightDiff: -0.02 | OnFloor: true
[22:23:26] PLAYER: Pos: (-55.85345, 0.014265, -255.8611) | Chunk: (-2.0, -8.0) | TerrainHeight: 0.03 | HeightDiff: -0.02 | OnFloor: true
[22:23:26] TERRAIN: Player moved to new chunk: (-2.0, -9.0) (was (-2.0, -8.0))
[22:23:27] PLAYER: Pos: (-56.25905, 0.019814, -260.8412) | Chunk: (-2.0, -9.0) | TerrainHeight: 0.03 | HeightDiff: -0.01 | OnFloor: true
[22:23:27] PLAYER: CHUNK CHANGED: (-2.0, -8.0) -> (-2.0, -9.0)
[22:23:28] PLAYER: Pos: (-56.02495, 0.01911, -265.8173) | Chunk: (-2.0, -9.0) | TerrainHeight: 0.01 | HeightDiff: 0.01 | OnFloor: true
[22:23:29] PLAYER: Pos: (-55.46831, 0.007294, -270.7867) | Chunk: (-2.0, -9.0) | TerrainHeight: -0.03 | HeightDiff: 0.04 | OnFloor: true
[22:23:30] PLAYER: Pos: (-54.91167, -0.004523, -275.7562) | Chunk: (-2.0, -9.0) | TerrainHeight: -0.04 | HeightDiff: 0.04 | OnFloor: true
[22:23:31] PLAYER: Pos: (-54.35503, -0.016339, -280.7257) | Chunk: (-2.0, -9.0) | TerrainHeight: -0.04 | HeightDiff: 0.03 | OnFloor: true
[22:23:32] PLAYER: Pos: (-53.79839, -0.028056, -285.6952) | Chunk: (-2.0, -9.0) | TerrainHeight: -0.05 | HeightDiff: 0.02 | OnFloor: true
[22:23:32] TERRAIN: Player moved to new chunk: (-2.0, -10.0) (was (-2.0, -9.0))
[22:23:32] TERRAIN: Updating terrain for player chunk: (-2.0, -10.0) (player pos: (-54.09396, -0.074789, -288.1726))
[22:23:32] TERRAIN: Player chunk (-2.0, -10.0) distance: 0.00 (max_distance: 20)
[22:23:32] TERRAIN: Removing 55 distant chunks
[22:23:32] TERRAIN: Removing chunk (0.0, 10.0) at distance 20.10 (player: (-2.0, -10.0))
[22:23:32] TERRAIN: Removing chunk: (0.0, 10.0)
[22:23:32] TERRAIN: Removing chunk (-1.0, 10.0) at distance 20.02 (player: (-2.0, -10.0))
[22:23:32] TERRAIN: Removing chunk: (-1.0, 10.0)
[22:23:32] TERRAIN: Removing chunk (1.0, 10.0) at distance 20.22 (player: (-2.0, -10.0))
[22:23:32] TERRAIN: Removing chunk: (1.0, 10.0)
[22:23:32] TERRAIN: Removing chunk (2.0, 10.0) at distance 20.40 (player: (-2.0, -10.0))
[22:23:32] TERRAIN: Removing chunk: (2.0, 10.0)
[22:23:32] TERRAIN: Removing chunk (5.0, 9.0) at distance 20.25 (player: (-2.0, -10.0))
[22:23:32] TERRAIN: Removing chunk: (5.0, 9.0)
[22:23:32] TERRAIN: Removing chunk (3.0, 10.0) at distance 20.62 (player: (-2.0, -10.0))
[22:23:32] TERRAIN: Removing chunk: (3.0, 10.0)
[22:23:32] TERRAIN: Removing chunk (-3.0, 10.0) at distance 20.02 (player: (-2.0, -10.0))
[22:23:32] TERRAIN: Removing chunk: (-3.0, 10.0)
[22:23:32] TERRAIN: Removing chunk (7.0, 8.0) at distance 20.12 (player: (-2.0, -10.0))
[22:23:32] TERRAIN: Removing chunk: (7.0, 8.0)
[22:23:32] TERRAIN: Removing chunk (4.0, 10.0) at distance 20.88 (player: (-2.0, -10.0))
[22:23:32] TERRAIN: Removing chunk: (4.0, 10.0)
[22:23:32] TERRAIN: Removing chunk (-4.0, 10.0) at distance 20.10 (player: (-2.0, -10.0))
[22:23:32] TERRAIN: Removing chunk: (-4.0, 10.0)
[22:23:32] TERRAIN: Removing chunk (6.0, 9.0) at distance 20.62 (player: (-2.0, -10.0))
[22:23:32] TERRAIN: Removing chunk: (6.0, 9.0)
[22:23:32] TERRAIN: Removing chunk (0.0, 11.0) at distance 21.10 (player: (-2.0, -10.0))
[22:23:32] TERRAIN: Removing chunk: (0.0, 11.0)
[22:23:32] TERRAIN: Removing chunk (-1.0, 11.0) at distance 21.02 (player: (-2.0, -10.0))
[22:23:32] TERRAIN: Removing chunk: (-1.0, 11.0)
[22:23:32] TERRAIN: Removing chunk (1.0, 11.0) at distance 21.21 (player: (-2.0, -10.0))
[22:23:32] TERRAIN: Removing chunk: (1.0, 11.0)
[22:23:32] TERRAIN: Removing chunk (2.0, 11.0) at distance 21.38 (player: (-2.0, -10.0))
[22:23:32] TERRAIN: Removing chunk: (2.0, 11.0)
[22:23:32] TERRAIN: Removing chunk (5.0, 10.0) at distance 21.19 (player: (-2.0, -10.0))
[22:23:32] TERRAIN: Removing chunk: (5.0, 10.0)
[22:23:32] TERRAIN: Removing chunk (-5.0, 10.0) at distance 20.22 (player: (-2.0, -10.0))
[22:23:32] TERRAIN: Removing chunk: (-5.0, 10.0)
[22:23:32] TERRAIN: Removing chunk (-2.0, 11.0) at distance 21.00 (player: (-2.0, -10.0))
[22:23:32] TERRAIN: Removing chunk: (-2.0, 11.0)
[22:23:32] TERRAIN: Removing chunk (8.0, 8.0) at distance 20.59 (player: (-2.0, -10.0))
[22:23:32] TERRAIN: Removing chunk: (8.0, 8.0)
[22:23:32] TERRAIN: Removing chunk (3.0, 11.0) at distance 21.59 (player: (-2.0, -10.0))
[22:23:32] TERRAIN: Removing chunk: (3.0, 11.0)
[22:23:32] TERRAIN: Removing chunk (9.0, 7.0) at distance 20.25 (player: (-2.0, -10.0))
[22:23:32] TERRAIN: Removing chunk: (9.0, 7.0)
[22:23:32] TERRAIN: Removing chunk (-3.0, 11.0) at distance 21.02 (player: (-2.0, -10.0))
[22:23:32] TERRAIN: Removing chunk: (-3.0, 11.0)
[22:23:32] TERRAIN: Removing chunk (7.0, 9.0) at distance 21.02 (player: (-2.0, -10.0))
[22:23:32] TERRAIN: Removing chunk: (7.0, 9.0)
[22:23:32] TERRAIN: Removing chunk (6.0, 10.0) at distance 21.54 (player: (-2.0, -10.0))
[22:23:32] TERRAIN: Removing chunk: (6.0, 10.0)
[22:23:32] TERRAIN: Removing chunk (-6.0, 10.0) at distance 20.40 (player: (-2.0, -10.0))
[22:23:32] TERRAIN: Removing chunk: (-6.0, 10.0)
[22:23:32] TERRAIN: Removing chunk (-4.0, 11.0) at distance 21.10 (player: (-2.0, -10.0))
[22:23:32] TERRAIN: Removing chunk: (-4.0, 11.0)
[22:23:32] TERRAIN: Removing chunk (4.0, 11.0) at distance 21.84 (player: (-2.0, -10.0))
[22:23:32] TERRAIN: Removing chunk: (4.0, 11.0)
[22:23:32] TERRAIN: Removing chunk (8.0, 9.0) at distance 21.47 (player: (-2.0, -10.0))
[22:23:32] TERRAIN: Removing chunk: (8.0, 9.0)
[22:23:32] TERRAIN: Removing chunk (9.0, 8.0) at distance 21.10 (player: (-2.0, -10.0))
[22:23:32] TERRAIN: Removing chunk: (9.0, 8.0)
[22:23:32] TERRAIN: Removing chunk (-5.0, 11.0) at distance 21.21 (player: (-2.0, -10.0))
[22:23:32] TERRAIN: Removing chunk: (-5.0, 11.0)
[22:23:32] TERRAIN: Removing chunk (-2.0, 12.0) at distance 22.00 (player: (-2.0, -10.0))
[22:23:32] TERRAIN: Removing chunk: (-2.0, 12.0)
[22:23:32] TERRAIN: Removing chunk (10.0, 7.0) at distance 20.81 (player: (-2.0, -10.0))
[22:23:32] TERRAIN: Removing chunk: (10.0, 7.0)
[22:23:32] TERRAIN: Removing chunk (-7.0, 10.0) at distance 20.62 (player: (-2.0, -10.0))
[22:23:32] TERRAIN: Removing chunk: (-7.0, 10.0)
[22:23:32] TERRAIN: Removing chunk (-6.0, 11.0) at distance 21.38 (player: (-2.0, -10.0))
[22:23:32] TERRAIN: Removing chunk: (-6.0, 11.0)
[22:23:32] TERRAIN: Removing chunk (11.0, 6.0) at distance 20.62 (player: (-2.0, -10.0))
[22:23:32] TERRAIN: Removing chunk: (11.0, 6.0)
[22:23:32] TERRAIN: Removing chunk (-9.0, 9.0) at distance 20.25 (player: (-2.0, -10.0))
[22:23:32] TERRAIN: Removing chunk: (-9.0, 9.0)
[22:23:32] TERRAIN: Removing chunk (-8.0, 10.0) at distance 20.88 (player: (-2.0, -10.0))
[22:23:32] TERRAIN: Removing chunk: (-8.0, 10.0)
[22:23:32] TERRAIN: Removing chunk (10.0, 8.0) at distance 21.63 (player: (-2.0, -10.0))
[22:23:32] TERRAIN: Removing chunk: (10.0, 8.0)
[22:23:32] TERRAIN: Removing chunk (12.0, 5.0) at distance 20.52 (player: (-2.0, -10.0))
[22:23:32] TERRAIN: Removing chunk: (12.0, 5.0)
[22:23:32] TERRAIN: Removing chunk (-7.0, 11.0) at distance 21.59 (player: (-2.0, -10.0))
[22:23:32] TERRAIN: Removing chunk: (-7.0, 11.0)
[22:23:32] TERRAIN: Removing chunk (11.0, 7.0) at distance 21.40 (player: (-2.0, -10.0))
[22:23:32] TERRAIN: Removing chunk: (11.0, 7.0)
[22:23:32] TERRAIN: Removing chunk (12.0, 6.0) at distance 21.26 (player: (-2.0, -10.0))
[22:23:32] TERRAIN: Removing chunk: (12.0, 6.0)
[22:23:32] TERRAIN: Removing chunk (-9.0, 10.0) at distance 21.19 (player: (-2.0, -10.0))
[22:23:32] TERRAIN: Removing chunk: (-9.0, 10.0)
[22:23:32] TERRAIN: Removing chunk (-10.0, 9.0) at distance 20.62 (player: (-2.0, -10.0))
[22:23:32] TERRAIN: Removing chunk: (-10.0, 9.0)
[22:23:32] TERRAIN: Removing chunk (13.0, 4.0) at distance 20.52 (player: (-2.0, -10.0))
[22:23:32] TERRAIN: Removing chunk: (13.0, 4.0)
[22:23:32] TERRAIN: Removing chunk (-11.0, 8.0) at distance 20.12 (player: (-2.0, -10.0))
[22:23:32] TERRAIN: Removing chunk: (-11.0, 8.0)
[22:23:32] TERRAIN: Removing chunk (-8.0, 11.0) at distance 21.84 (player: (-2.0, -10.0))
[22:23:32] TERRAIN: Removing chunk: (-8.0, 11.0)
[22:23:32] TERRAIN: Removing chunk (-10.0, 10.0) at distance 21.54 (player: (-2.0, -10.0))
[22:23:32] TERRAIN: Removing chunk: (-10.0, 10.0)
[22:23:32] TERRAIN: Removing chunk (-11.0, 9.0) at distance 21.02 (player: (-2.0, -10.0))
[22:23:32] TERRAIN: Removing chunk: (-11.0, 9.0)
[22:23:32] TERRAIN: Removing chunk (-12.0, 8.0) at distance 20.59 (player: (-2.0, -10.0))
[22:23:32] TERRAIN: Removing chunk: (-12.0, 8.0)
[22:23:32] TERRAIN: Removing chunk (-13.0, 7.0) at distance 20.25 (player: (-2.0, -10.0))
[22:23:32] TERRAIN: Removing chunk: (-13.0, 7.0)
[22:23:32] TERRAIN: Removing chunk (-12.0, 9.0) at distance 21.47 (player: (-2.0, -10.0))
[22:23:32] TERRAIN: Removing chunk: (-12.0, 9.0)
[22:23:32] TERRAIN: Removing chunk (-13.0, 8.0) at distance 21.10 (player: (-2.0, -10.0))
[22:23:32] TERRAIN: Removing chunk: (-13.0, 8.0)
[22:23:32] TERRAIN: Removing chunk (13.0, 5.0) at distance 21.21 (player: (-2.0, -10.0))
[22:23:32] TERRAIN: Removing chunk: (13.0, 5.0)
[22:23:32] TERRAIN: Removing chunk (14.0, 3.0) at distance 20.62 (player: (-2.0, -10.0))
[22:23:32] TERRAIN: Removing chunk: (14.0, 3.0)
[22:23:32] TERRAIN: Queuing 57 new chunks for generation
[22:23:32] TERRAIN: Queued chunk: (-3.0, -23.0) (distance: 13.04)
[22:23:32] TERRAIN: Queued chunk: (-1.0, -23.0) (distance: 13.04)
[22:23:32] TERRAIN: Queued chunk: (-4.0, -23.0) (distance: 13.15)
[22:23:32] TERRAIN: Queued chunk: (0.0, -23.0) (distance: 13.15)
[22:23:32] TERRAIN: Queued chunk: (-5.0, -23.0) (distance: 13.34)
[22:23:32] TERRAIN: Queued chunk: (1.0, -23.0) (distance: 13.34)
[22:23:32] TERRAIN: Queued chunk: (4.0, -22.0) (distance: 13.42)
[22:23:32] TERRAIN: Queued chunk: (-8.0, -22.0) (distance: 13.42)
[22:23:32] TERRAIN: Queued chunk: (2.0, -23.0) (distance: 13.60)
[22:23:32] TERRAIN: Queued chunk: (-6.0, -23.0) (distance: 13.60)
[22:23:32] TERRAIN: Queued chunk: (-10.0, -21.0) (distance: 13.60)
[22:23:32] TERRAIN: Queued chunk: (6.0, -21.0) (distance: 13.60)
[22:23:32] TERRAIN: Queued chunk: (5.0, -22.0) (distance: 13.89)
[22:23:32] TERRAIN: Queued chunk: (-9.0, -22.0) (distance: 13.89)
[22:23:32] TERRAIN: Queued chunk: (3.0, -23.0) (distance: 13.93)
[22:23:32] TERRAIN: Queued chunk: (-7.0, -23.0) (distance: 13.93)
[22:23:32] TERRAIN: Queued chunk: (-2.0, -24.0) (distance: 14.00)
[22:23:32] TERRAIN: Queued chunk: (-3.0, -24.0) (distance: 14.04)
[22:23:32] TERRAIN: Queued chunk: (-1.0, -24.0) (distance: 14.04)
[22:23:32] TERRAIN: Queued chunk: (0.0, -24.0) (distance: 14.14)
[22:23:32] TERRAIN: Queued chunk: (-12.0, -20.0) (distance: 14.14)
[22:23:32] TERRAIN: Queued chunk: (8.0, -20.0) (distance: 14.14)
[22:23:32] TERRAIN: Queued chunk: (-4.0, -24.0) (distance: 14.14)
[22:23:32] TERRAIN: Queued chunk: (7.0, -21.0) (distance: 14.21)
[22:23:32] TERRAIN: Queued chunk: (9.0, -19.0) (distance: 14.21)
[22:23:32] TERRAIN: Queued chunk: (-11.0, -21.0) (distance: 14.21)
[22:23:32] TERRAIN: Queued chunk: (-13.0, -19.0) (distance: 14.21)
[22:23:32] TERRAIN: Queued chunk: (-5.0, -24.0) (distance: 14.32)
[22:23:32] TERRAIN: Queued chunk: (-8.0, -23.0) (distance: 14.32)
[22:23:32] TERRAIN: Queued chunk: (1.0, -24.0) (distance: 14.32)
[22:23:32] TERRAIN: Queued chunk: (4.0, -23.0) (distance: 14.32)
[22:23:32] TERRAIN: Queued chunk: (11.0, -16.0) (distance: 14.32)
[22:23:32] TERRAIN: Queued chunk: (6.0, -22.0) (distance: 14.42)
[22:23:32] TERRAIN: Queued chunk: (-14.0, -18.0) (distance: 14.42)
[22:23:32] TERRAIN: Queued chunk: (-10.0, -22.0) (distance: 14.42)
[22:23:32] TERRAIN: Queued chunk: (10.0, -18.0) (distance: 14.42)
[22:23:32] TERRAIN: Queued chunk: (12.0, -14.0) (distance: 14.56)
[22:23:32] TERRAIN: Queued chunk: (2.0, -24.0) (distance: 14.56)
[22:23:32] TERRAIN: Queued chunk: (-6.0, -24.0) (distance: 14.56)
[22:23:32] TERRAIN: Queued chunk: (11.0, -17.0) (distance: 14.76)
[22:23:32] TERRAIN: Queued chunk: (-9.0, -23.0) (distance: 14.76)
[22:23:32] TERRAIN: Queued chunk: (5.0, -23.0) (distance: 14.76)
[22:23:32] TERRAIN: Queued chunk: (-15.0, -17.0) (distance: 14.76)
[22:23:32] TERRAIN: Queued chunk: (12.0, -15.0) (distance: 14.87)
[22:23:32] TERRAIN: Queued chunk: (9.0, -20.0) (distance: 14.87)
[22:23:32] TERRAIN: Queued chunk: (8.0, -21.0) (distance: 14.87)
[22:23:32] TERRAIN: Queued chunk: (3.0, -24.0) (distance: 14.87)
[22:23:32] TERRAIN: Queued chunk: (-7.0, -24.0) (distance: 14.87)
[22:23:32] TERRAIN: Queued chunk: (-12.0, -21.0) (distance: 14.87)
[22:23:32] TERRAIN: Queued chunk: (-13.0, -20.0) (distance: 14.87)
[22:23:32] TERRAIN: Queued chunk: (-16.0, -15.0) (distance: 14.87)
[22:23:32] TERRAIN: Queued chunk: (7.0, -22.0) (distance: 15.00)
[22:23:32] TERRAIN: Queued chunk: (-2.0, -25.0) (distance: 15.00)
[22:23:32] TERRAIN: Queued chunk: (10.0, -19.0) (distance: 15.00)
[22:23:32] TERRAIN: Queued chunk: (-11.0, -22.0) (distance: 15.00)
[22:23:32] TERRAIN: Queued chunk: (-14.0, -19.0) (distance: 15.00)
[22:23:32] TERRAIN: Queued chunk: (13.0, -10.0) (distance: 15.00)
[22:23:32] TERRAIN: Creating chunk: (-3.0, -23.0) at distance 13.04
[22:23:32] TERRAIN: Chunk (-3.0, -23.0): Using BOX collision (distance: 13.04)
[22:23:32] TERRAIN: Chunk created successfully: (-3.0, -23.0) at world pos (-96.0, 0.0, -736.0) (total chunks: 855)
[22:23:32] TERRAIN: Creating chunk: (-1.0, -23.0) at distance 13.04
[22:23:32] TERRAIN: Chunk (-1.0, -23.0): Using BOX collision (distance: 13.04)
[22:23:32] TERRAIN: Chunk created successfully: (-1.0, -23.0) at world pos (-32.0, 0.0, -736.0) (total chunks: 856)
[22:23:32] TERRAIN: Creating chunk: (-4.0, -23.0) at distance 13.15
[22:23:32] TERRAIN: Chunk (-4.0, -23.0): Using BOX collision (distance: 13.15)
[22:23:32] TERRAIN: Chunk created successfully: (-4.0, -23.0) at world pos (-128.0, 0.0, -736.0) (total chunks: 857)
[22:23:32] TERRAIN: Creating chunk: (0.0, -23.0) at distance 13.15
[22:23:32] TERRAIN: Chunk (0.0, -23.0): Using BOX collision (distance: 13.15)
[22:23:32] TERRAIN: Chunk created successfully: (0.0, -23.0) at world pos (0.0, 0.0, -736.0) (total chunks: 858)
[22:23:32] TERRAIN: Creating chunk: (-5.0, -23.0) at distance 13.34
[22:23:32] TERRAIN: Chunk (-5.0, -23.0): Using BOX collision (distance: 13.34)
[22:23:32] TERRAIN: Chunk created successfully: (-5.0, -23.0) at world pos (-160.0, 0.0, -736.0) (total chunks: 859)
[22:23:32] TERRAIN: Creating chunk: (1.0, -23.0) at distance 13.34
[22:23:32] TERRAIN: Chunk (1.0, -23.0): Using BOX collision (distance: 13.34)
[22:23:32] TERRAIN: Chunk created successfully: (1.0, -23.0) at world pos (32.0, 0.0, -736.0) (total chunks: 860)
[22:23:32] TERRAIN: Creating chunk: (4.0, -22.0) at distance 13.42
[22:23:32] TERRAIN: Chunk (4.0, -22.0): Using BOX collision (distance: 13.42)
[22:23:32] TERRAIN: Chunk created successfully: (4.0, -22.0) at world pos (128.0, 0.0, -704.0) (total chunks: 861)
[22:23:32] TERRAIN: Creating chunk: (-8.0, -22.0) at distance 13.42
[22:23:32] TERRAIN: Chunk (-8.0, -22.0): Using BOX collision (distance: 13.42)
[22:23:32] TERRAIN: Chunk created successfully: (-8.0, -22.0) at world pos (-256.0, 0.0, -704.0) (total chunks: 862)
[22:23:32] TERRAIN: Creating chunk: (2.0, -23.0) at distance 13.60
[22:23:32] TERRAIN: Chunk (2.0, -23.0): Using BOX collision (distance: 13.60)
[22:23:32] TERRAIN: Chunk created successfully: (2.0, -23.0) at world pos (64.0, 0.0, -736.0) (total chunks: 863)
[22:23:32] TERRAIN: Creating chunk: (-6.0, -23.0) at distance 13.60
[22:23:32] TERRAIN: Chunk (-6.0, -23.0): Using BOX collision (distance: 13.60)
[22:23:32] TERRAIN: Chunk created successfully: (-6.0, -23.0) at world pos (-192.0, 0.0, -736.0) (total chunks: 864)
[22:23:32] TERRAIN: Creating chunk: (-10.0, -21.0) at distance 13.60
[22:23:32] TERRAIN: Chunk (-10.0, -21.0): Using BOX collision (distance: 13.60)
[22:23:32] TERRAIN: Chunk created successfully: (-10.0, -21.0) at world pos (-320.0, 0.0, -672.0) (total chunks: 865)
[22:23:32] TERRAIN: Creating chunk: (6.0, -21.0) at distance 13.60
[22:23:32] TERRAIN: Chunk (6.0, -21.0): Using BOX collision (distance: 13.60)
[22:23:32] TERRAIN: Chunk created successfully: (6.0, -21.0) at world pos (192.0, 0.0, -672.0) (total chunks: 866)
[22:23:32] TERRAIN: Creating chunk: (5.0, -22.0) at distance 13.89
[22:23:32] TERRAIN: Chunk (5.0, -22.0): Using BOX collision (distance: 13.89)
[22:23:32] TERRAIN: Chunk created successfully: (5.0, -22.0) at world pos (160.0, 0.0, -704.0) (total chunks: 867)
[22:23:32] TERRAIN: Creating chunk: (-9.0, -22.0) at distance 13.89
[22:23:32] TERRAIN: Chunk (-9.0, -22.0): Using BOX collision (distance: 13.89)
[22:23:32] TERRAIN: Chunk created successfully: (-9.0, -22.0) at world pos (-288.0, 0.0, -704.0) (total chunks: 868)
[22:23:32] TERRAIN: Creating chunk: (3.0, -23.0) at distance 13.93
[22:23:32] TERRAIN: Chunk (3.0, -23.0): Using BOX collision (distance: 13.93)
[22:23:32] TERRAIN: Chunk created successfully: (3.0, -23.0) at world pos (96.0, 0.0, -736.0) (total chunks: 869)
[22:23:32] TERRAIN: Creating chunk: (-7.0, -23.0) at distance 13.93
[22:23:32] TERRAIN: Chunk (-7.0, -23.0): Using BOX collision (distance: 13.93)
[22:23:32] TERRAIN: Chunk created successfully: (-7.0, -23.0) at world pos (-224.0, 0.0, -736.0) (total chunks: 870)
[22:23:32] TERRAIN: Creating chunk: (-2.0, -24.0) at distance 14.00
[22:23:32] TERRAIN: Chunk (-2.0, -24.0): Using BOX collision (distance: 14.00)
[22:23:32] TERRAIN: Chunk created successfully: (-2.0, -24.0) at world pos (-64.0, 0.0, -768.0) (total chunks: 871)
[22:23:32] TERRAIN: Creating chunk: (-3.0, -24.0) at distance 14.04
[22:23:32] TERRAIN: Chunk (-3.0, -24.0): Using BOX collision (distance: 14.04)
[22:23:32] TERRAIN: Chunk created successfully: (-3.0, -24.0) at world pos (-96.0, 0.0, -768.0) (total chunks: 872)
[22:23:32] TERRAIN: Creating chunk: (-1.0, -24.0) at distance 14.04
[22:23:32] TERRAIN: Chunk (-1.0, -24.0): Using BOX collision (distance: 14.04)
[22:23:32] TERRAIN: Chunk created successfully: (-1.0, -24.0) at world pos (-32.0, 0.0, -768.0) (total chunks: 873)
[22:23:32] TERRAIN: Creating chunk: (0.0, -24.0) at distance 14.14
[22:23:32] TERRAIN: Chunk (0.0, -24.0): Using BOX collision (distance: 14.14)
[22:23:32] TERRAIN: Chunk created successfully: (0.0, -24.0) at world pos (0.0, 0.0, -768.0) (total chunks: 874)
[22:23:32] TERRAIN: Creating chunk: (-12.0, -20.0) at distance 14.14
[22:23:32] TERRAIN: Chunk (-12.0, -20.0): Using BOX collision (distance: 14.14)
[22:23:32] TERRAIN: Chunk created successfully: (-12.0, -20.0) at world pos (-384.0, 0.0, -640.0) (total chunks: 875)
[22:23:32] TERRAIN: Creating chunk: (8.0, -20.0) at distance 14.14
[22:23:32] TERRAIN: Chunk (8.0, -20.0): Using BOX collision (distance: 14.14)
[22:23:32] TERRAIN: Chunk created successfully: (8.0, -20.0) at world pos (256.0, 0.0, -640.0) (total chunks: 876)
[22:23:32] TERRAIN: Creating chunk: (-4.0, -24.0) at distance 14.14
[22:23:32] TERRAIN: Chunk (-4.0, -24.0): Using BOX collision (distance: 14.14)
[22:23:32] TERRAIN: Chunk created successfully: (-4.0, -24.0) at world pos (-128.0, 0.0, -768.0) (total chunks: 877)
[22:23:32] TERRAIN: Creating chunk: (7.0, -21.0) at distance 14.21
[22:23:32] TERRAIN: Chunk (7.0, -21.0): Using BOX collision (distance: 14.21)
[22:23:32] TERRAIN: Chunk created successfully: (7.0, -21.0) at world pos (224.0, 0.0, -672.0) (total chunks: 878)
[22:23:32] TERRAIN: Creating chunk: (9.0, -19.0) at distance 14.21
[22:23:32] TERRAIN: Chunk (9.0, -19.0): Using BOX collision (distance: 14.21)
[22:23:32] TERRAIN: Chunk created successfully: (9.0, -19.0) at world pos (288.0, 0.0, -608.0) (total chunks: 879)
[22:23:32] TERRAIN: Creating chunk: (-11.0, -21.0) at distance 14.21
[22:23:32] TERRAIN: Chunk (-11.0, -21.0): Using BOX collision (distance: 14.21)
[22:23:32] TERRAIN: Chunk created successfully: (-11.0, -21.0) at world pos (-352.0, 0.0, -672.0) (total chunks: 880)
[22:23:32] TERRAIN: Creating chunk: (-13.0, -19.0) at distance 14.21
[22:23:32] TERRAIN: Chunk (-13.0, -19.0): Using BOX collision (distance: 14.21)
[22:23:32] TERRAIN: Chunk created successfully: (-13.0, -19.0) at world pos (-416.0, 0.0, -608.0) (total chunks: 881)
[22:23:32] TERRAIN: Creating chunk: (-5.0, -24.0) at distance 14.32
[22:23:32] TERRAIN: Chunk (-5.0, -24.0): Using BOX collision (distance: 14.32)
[22:23:32] TERRAIN: Chunk created successfully: (-5.0, -24.0) at world pos (-160.0, 0.0, -768.0) (total chunks: 882)
[22:23:32] TERRAIN: Creating chunk: (-8.0, -23.0) at distance 14.32
[22:23:32] TERRAIN: Chunk (-8.0, -23.0): Using BOX collision (distance: 14.32)
[22:23:32] TERRAIN: Chunk created successfully: (-8.0, -23.0) at world pos (-256.0, 0.0, -736.0) (total chunks: 883)
[22:23:32] TERRAIN: Creating chunk: (1.0, -24.0) at distance 14.32
[22:23:32] TERRAIN: Chunk (1.0, -24.0): Using BOX collision (distance: 14.32)
[22:23:32] TERRAIN: Chunk created successfully: (1.0, -24.0) at world pos (32.0, 0.0, -768.0) (total chunks: 884)
[22:23:32] TERRAIN: Creating chunk: (4.0, -23.0) at distance 14.32
[22:23:32] TERRAIN: Chunk (4.0, -23.0): Using BOX collision (distance: 14.32)
[22:23:32] TERRAIN: Chunk created successfully: (4.0, -23.0) at world pos (128.0, 0.0, -736.0) (total chunks: 885)
[22:23:32] TERRAIN: Creating chunk: (11.0, -16.0) at distance 14.32
[22:23:32] TERRAIN: Chunk (11.0, -16.0): Using BOX collision (distance: 14.32)
[22:23:32] TERRAIN: Chunk created successfully: (11.0, -16.0) at world pos (352.0, 0.0, -512.0) (total chunks: 886)
[22:23:32] TERRAIN: Creating chunk: (6.0, -22.0) at distance 14.42
[22:23:32] TERRAIN: Chunk (6.0, -22.0): Using BOX collision (distance: 14.42)
[22:23:32] TERRAIN: Chunk created successfully: (6.0, -22.0) at world pos (192.0, 0.0, -704.0) (total chunks: 887)
[22:23:32] TERRAIN: Creating chunk: (-14.0, -18.0) at distance 14.42
[22:23:32] TERRAIN: Chunk (-14.0, -18.0): Using BOX collision (distance: 14.42)
[22:23:32] TERRAIN: Chunk created successfully: (-14.0, -18.0) at world pos (-448.0, 0.0, -576.0) (total chunks: 888)
[22:23:32] TERRAIN: Creating chunk: (-10.0, -22.0) at distance 14.42
[22:23:32] TERRAIN: Chunk (-10.0, -22.0): Using BOX collision (distance: 14.42)
[22:23:32] TERRAIN: Chunk created successfully: (-10.0, -22.0) at world pos (-320.0, 0.0, -704.0) (total chunks: 889)
[22:23:32] TERRAIN: Creating chunk: (10.0, -18.0) at distance 14.42
[22:23:32] TERRAIN: Chunk (10.0, -18.0): Using BOX collision (distance: 14.42)
[22:23:32] TERRAIN: Chunk created successfully: (10.0, -18.0) at world pos (320.0, 0.0, -576.0) (total chunks: 890)
[22:23:32] TERRAIN: Creating chunk: (12.0, -14.0) at distance 14.56
[22:23:32] TERRAIN: Chunk (12.0, -14.0): Using BOX collision (distance: 14.56)
[22:23:32] TERRAIN: Chunk created successfully: (12.0, -14.0) at world pos (384.0, 0.0, -448.0) (total chunks: 891)
[22:23:32] TERRAIN: Creating chunk: (2.0, -24.0) at distance 14.56
[22:23:32] TERRAIN: Chunk (2.0, -24.0): Using BOX collision (distance: 14.56)
[22:23:32] TERRAIN: Chunk created successfully: (2.0, -24.0) at world pos (64.0, 0.0, -768.0) (total chunks: 892)
[22:23:32] TERRAIN: Creating chunk: (-6.0, -24.0) at distance 14.56
[22:23:32] TERRAIN: Chunk (-6.0, -24.0): Using BOX collision (distance: 14.56)
[22:23:32] TERRAIN: Chunk created successfully: (-6.0, -24.0) at world pos (-192.0, 0.0, -768.0) (total chunks: 893)
[22:23:32] TERRAIN: Creating chunk: (11.0, -17.0) at distance 14.76
[22:23:32] TERRAIN: Chunk (11.0, -17.0): Using BOX collision (distance: 14.76)
[22:23:32] TERRAIN: Chunk created successfully: (11.0, -17.0) at world pos (352.0, 0.0, -544.0) (total chunks: 894)
[22:23:32] TERRAIN: Creating chunk: (-9.0, -23.0) at distance 14.76
[22:23:32] TERRAIN: Chunk (-9.0, -23.0): Using BOX collision (distance: 14.76)
[22:23:32] TERRAIN: Chunk created successfully: (-9.0, -23.0) at world pos (-288.0, 0.0, -736.0) (total chunks: 895)
[22:23:32] TERRAIN: Creating chunk: (5.0, -23.0) at distance 14.76
[22:23:32] TERRAIN: Chunk (5.0, -23.0): Using BOX collision (distance: 14.76)
[22:23:32] TERRAIN: Chunk created successfully: (5.0, -23.0) at world pos (160.0, 0.0, -736.0) (total chunks: 896)
[22:23:32] TERRAIN: Creating chunk: (-15.0, -17.0) at distance 14.76
[22:23:32] TERRAIN: Chunk (-15.0, -17.0): Using BOX collision (distance: 14.76)
[22:23:32] TERRAIN: Chunk created successfully: (-15.0, -17.0) at world pos (-480.0, 0.0, -544.0) (total chunks: 897)
[22:23:32] TERRAIN: Creating chunk: (12.0, -15.0) at distance 14.87
[22:23:32] TERRAIN: Chunk (12.0, -15.0): Using BOX collision (distance: 14.87)
[22:23:32] TERRAIN: Chunk created successfully: (12.0, -15.0) at world pos (384.0, 0.0, -480.0) (total chunks: 898)
[22:23:33] TERRAIN: Creating chunk: (9.0, -20.0) at distance 14.87
[22:23:33] TERRAIN: Chunk (9.0, -20.0): Using BOX collision (distance: 14.87)
[22:23:33] TERRAIN: Chunk created successfully: (9.0, -20.0) at world pos (288.0, 0.0, -640.0) (total chunks: 899)
[22:23:33] TERRAIN: Creating chunk: (8.0, -21.0) at distance 14.87
[22:23:33] TERRAIN: Chunk (8.0, -21.0): Using BOX collision (distance: 14.87)
[22:23:33] TERRAIN: Chunk created successfully: (8.0, -21.0) at world pos (256.0, 0.0, -672.0) (total chunks: 900)
[22:23:33] TERRAIN: Creating chunk: (3.0, -24.0) at distance 14.87
[22:23:33] TERRAIN: Chunk (3.0, -24.0): Using BOX collision (distance: 14.87)
[22:23:33] TERRAIN: Chunk created successfully: (3.0, -24.0) at world pos (96.0, 0.0, -768.0) (total chunks: 901)
[22:23:33] TERRAIN: Creating chunk: (-7.0, -24.0) at distance 14.87
[22:23:33] TERRAIN: Chunk (-7.0, -24.0): Using BOX collision (distance: 14.87)
[22:23:33] TERRAIN: Chunk created successfully: (-7.0, -24.0) at world pos (-224.0, 0.0, -768.0) (total chunks: 902)
[22:23:33] TERRAIN: Creating chunk: (-12.0, -21.0) at distance 14.87
[22:23:33] TERRAIN: Chunk (-12.0, -21.0): Using BOX collision (distance: 14.87)
[22:23:33] TERRAIN: Chunk created successfully: (-12.0, -21.0) at world pos (-384.0, 0.0, -672.0) (total chunks: 903)
[22:23:33] TERRAIN: Creating chunk: (-13.0, -20.0) at distance 14.87
[22:23:33] TERRAIN: Chunk (-13.0, -20.0): Using BOX collision (distance: 14.87)
[22:23:33] TERRAIN: Chunk created successfully: (-13.0, -20.0) at world pos (-416.0, 0.0, -640.0) (total chunks: 904)
[22:23:33] TERRAIN: Creating chunk: (-16.0, -15.0) at distance 14.87
[22:23:33] TERRAIN: Chunk (-16.0, -15.0): Using BOX collision (distance: 14.87)
[22:23:33] TERRAIN: Chunk created successfully: (-16.0, -15.0) at world pos (-512.0, 0.0, -480.0) (total chunks: 905)
[22:23:33] TERRAIN: Creating chunk: (7.0, -22.0) at distance 15.00
[22:23:33] TERRAIN: Chunk (7.0, -22.0): Using BOX collision (distance: 15.00)
[22:23:33] TERRAIN: Chunk created successfully: (7.0, -22.0) at world pos (224.0, 0.0, -704.0) (total chunks: 906)
[22:23:33] TERRAIN: Creating chunk: (-2.0, -25.0) at distance 15.00
[22:23:33] TERRAIN: Chunk (-2.0, -25.0): Using BOX collision (distance: 15.00)
[22:23:33] TERRAIN: Chunk created successfully: (-2.0, -25.0) at world pos (-64.0, 0.0, -800.0) (total chunks: 907)
[22:23:33] TERRAIN: Creating chunk: (10.0, -19.0) at distance 15.00
[22:23:33] TERRAIN: Chunk (10.0, -19.0): Using BOX collision (distance: 15.00)
[22:23:33] TERRAIN: Chunk created successfully: (10.0, -19.0) at world pos (320.0, 0.0, -608.0) (total chunks: 908)
[22:23:33] TERRAIN: Creating chunk: (-11.0, -22.0) at distance 15.00
[22:23:33] TERRAIN: Chunk (-11.0, -22.0): Using BOX collision (distance: 15.00)
[22:23:33] TERRAIN: Chunk created successfully: (-11.0, -22.0) at world pos (-352.0, 0.0, -704.0) (total chunks: 909)
[22:23:33] TERRAIN: Creating chunk: (-14.0, -19.0) at distance 15.00
[22:23:33] TERRAIN: Chunk (-14.0, -19.0): Using BOX collision (distance: 15.00)
[22:23:33] TERRAIN: Chunk created successfully: (-14.0, -19.0) at world pos (-448.0, 0.0, -608.0) (total chunks: 910)
[22:23:33] TERRAIN: Creating chunk: (13.0, -10.0) at distance 15.00
[22:23:33] TERRAIN: Chunk (13.0, -10.0): Using BOX collision (distance: 15.00)
[22:23:33] TERRAIN: Chunk created successfully: (13.0, -10.0) at world pos (416.0, 0.0, -320.0) (total chunks: 911)
[22:23:33] PLAYER: Pos: (-54.13419, -1.233917, -290.6661) | Chunk: (-2.0, -10.0) | TerrainHeight: -0.05 | HeightDiff: -1.19 | OnFloor: false
[22:23:33] PLAYER: CHUNK CHANGED: (-2.0, -9.0) -> (-2.0, -10.0)
[22:23:34] PLAYER: Pos: (-53.67551, -10.78892, -295.6447) | Chunk: (-2.0, -10.0) | TerrainHeight: -0.04 | HeightDiff: -10.75 | OnFloor: false
[22:23:34] ERROR: PLAYER FALLING THROUGH TERRAIN! Height diff: -10.75
[22:23:34] WARNING: Player falling fast! Velocity Y: -14.37
[22:23:35] PLAYER: Pos: (-53.45312, -30.14391, -300.6064) | Chunk: (-2.0, -10.0) | TerrainHeight: -0.04 | HeightDiff: -30.10 | OnFloor: false
[22:23:35] ERROR: PLAYER FALLING THROUGH TERRAIN! Height diff: -30.10
[22:23:35] WARNING: Player falling fast! Velocity Y: -24.17
[22:23:36] PLAYER: Pos: (-53.72433, -59.29894, -305.5921) | Chunk: (-2.0, -10.0) | TerrainHeight: -0.04 | HeightDiff: -59.26 | OnFloor: false
[22:23:36] ERROR: PLAYER FALLING THROUGH TERRAIN! Height diff: -59.26
[22:23:36] WARNING: Player falling fast! Velocity Y: -33.97
[22:23:37] PLAYER: Pos: (-53.89105, -98.25401, -310.5865) | Chunk: (-2.0, -10.0) | TerrainHeight: -0.03 | HeightDiff: -98.23 | OnFloor: false
[22:23:37] ERROR: PLAYER FALLING THROUGH TERRAIN! Height diff: -98.23
[22:23:37] WARNING: Player falling fast! Velocity Y: -43.77
[22:23:38] PLAYER: Pos: (-53.82357, -147.0091, -315.5852) | Chunk: (-2.0, -10.0) | TerrainHeight: -0.02 | HeightDiff: -146.99 | OnFloor: false
[22:23:38] ERROR: PLAYER FALLING THROUGH TERRAIN! Height diff: -146.99
[22:23:38] WARNING: Player falling fast! Velocity Y: -53.57
[22:23:39] PLAYER: Pos: (-53.7894, -205.5642, -318.0844) | Chunk: (-2.0, -10.0) | TerrainHeight: -0.02 | HeightDiff: -205.55 | OnFloor: false
[22:23:39] ERROR: PLAYER FALLING THROUGH TERRAIN! Height diff: -205.55
[22:23:39] WARNING: Player falling fast! Velocity Y: -63.37
[22:23:40] PLAYER: Pos: (-53.7894, -273.9193, -318.0844) | Chunk: (-2.0, -10.0) | TerrainHeight: -0.02 | HeightDiff: -273.90 | OnFloor: false
[22:23:40] ERROR: PLAYER FALLING THROUGH TERRAIN! Height diff: -273.90
[22:23:40] WARNING: Player falling fast! Velocity Y: -73.17
[22:23:41] INFO: === DEBUG SESSION ENDED ===
