[18:57:48] INFO: === DEBUG SESSION STARTED ===
[18:57:48] INFO: Timestamp: 20251202_185748
[18:57:48] INFO: Godot Version: { "major": 4, "minor": 5, "patch": 0, "hex": 263424, "status": "stable", "build": "official", "hash": "876b290332ec6f2e6d173d08162a02aa7e6ca46d", "timestamp": 0, "string": "4.5-stable (official)" }
[18:57:49] TERRAIN: Updating terrain for player chunk: (0.0, 0.0) (player pos: (0.0, 1.923778, 0.0))
[18:57:49] TERRAIN: Queuing 709 new chunks for generation
[18:57:49] TERRAIN: Queued chunk: (0.0, 0.0) (distance: 0.00)
[18:57:49] TERRAIN: Queued chunk: (0.0, -1.0) (distance: 1.00)
[18:57:49] TERRAIN: Queued chunk: (-1.0, 0.0) (distance: 1.00)
[18:57:49] TERRAIN: Queued chunk: (0.0, 1.0) (distance: 1.00)
[18:57:49] TERRAIN: Queued chunk: (1.0, 0.0) (distance: 1.00)
[18:57:49] TERRAIN: Queued chunk: (-1.0, 1.0) (distance: 1.41)
[18:57:49] TERRAIN: Queued chunk: (-1.0, -1.0) (distance: 1.41)
[18:57:49] TERRAIN: Queued chunk: (1.0, 1.0) (distance: 1.41)
[18:57:49] TERRAIN: Queued chunk: (1.0, -1.0) (distance: 1.41)
[18:57:49] TERRAIN: Queued chunk: (0.0, -2.0) (distance: 2.00)
[18:57:49] TERRAIN: Queued chunk: (0.0, 2.0) (distance: 2.00)
[18:57:49] TERRAIN: Queued chunk: (-2.0, 0.0) (distance: 2.00)
[18:57:49] TERRAIN: Queued chunk: (2.0, 0.0) (distance: 2.00)
[18:57:49] TERRAIN: Queued chunk: (-2.0, 1.0) (distance: 2.24)
[18:57:49] TERRAIN: Queued chunk: (-2.0, -1.0) (distance: 2.24)
[18:57:49] TERRAIN: Queued chunk: (1.0, 2.0) (distance: 2.24)
[18:57:49] TERRAIN: Queued chunk: (1.0, -2.0) (distance: 2.24)
[18:57:49] TERRAIN: Queued chunk: (-1.0, 2.0) (distance: 2.24)
[18:57:49] TERRAIN: Queued chunk: (2.0, 1.0) (distance: 2.24)
[18:57:49] TERRAIN: Queued chunk: (2.0, -1.0) (distance: 2.24)
[18:57:49] TERRAIN: Queued chunk: (-1.0, -2.0) (distance: 2.24)
[18:57:49] TERRAIN: Queued chunk: (2.0, 2.0) (distance: 2.83)
[18:57:49] TERRAIN: Queued chunk: (2.0, -2.0) (distance: 2.83)
[18:57:49] TERRAIN: Queued chunk: (-2.0, -2.0) (distance: 2.83)
[18:57:49] TERRAIN: Queued chunk: (-2.0, 2.0) (distance: 2.83)
[18:57:49] TERRAIN: Queued chunk: (0.0, -3.0) (distance: 3.00)
[18:57:49] TERRAIN: Queued chunk: (0.0, 3.0) (distance: 3.00)
[18:57:49] TERRAIN: Queued chunk: (3.0, 0.0) (distance: 3.00)
[18:57:49] TERRAIN: Queued chunk: (-3.0, 0.0) (distance: 3.00)
[18:57:49] TERRAIN: Queued chunk: (1.0, 3.0) (distance: 3.16)
[18:57:49] TERRAIN: Queued chunk: (-1.0, -3.0) (distance: 3.16)
[18:57:49] TERRAIN: Queued chunk: (-3.0, -1.0) (distance: 3.16)
[18:57:49] TERRAIN: Queued chunk: (3.0, -1.0) (distance: 3.16)
[18:57:49] TERRAIN: Queued chunk: (3.0, 1.0) (distance: 3.16)
[18:57:49] TERRAIN: Queued chunk: (-3.0, 1.0) (distance: 3.16)
[18:57:49] TERRAIN: Queued chunk: (1.0, -3.0) (distance: 3.16)
[18:57:49] TERRAIN: Queued chunk: (-1.0, 3.0) (distance: 3.16)
[18:57:49] TERRAIN: Queued chunk: (-3.0, -2.0) (distance: 3.61)
[18:57:49] TERRAIN: Queued chunk: (-3.0, 2.0) (distance: 3.61)
[18:57:49] TERRAIN: Queued chunk: (2.0, -3.0) (distance: 3.61)
[18:57:49] TERRAIN: Queued chunk: (2.0, 3.0) (distance: 3.61)
[18:57:49] TERRAIN: Queued chunk: (-2.0, -3.0) (distance: 3.61)
[18:57:49] TERRAIN: Queued chunk: (3.0, 2.0) (distance: 3.61)
[18:57:49] TERRAIN: Queued chunk: (-2.0, 3.0) (distance: 3.61)
[18:57:49] TERRAIN: Queued chunk: (3.0, -2.0) (distance: 3.61)
[18:57:49] TERRAIN: Queued chunk: (4.0, 0.0) (distance: 4.00)
[18:57:49] TERRAIN: Queued chunk: (0.0, -4.0) (distance: 4.00)
[18:57:49] TERRAIN: Queued chunk: (0.0, 4.0) (distance: 4.00)
[18:57:49] TERRAIN: Queued chunk: (-4.0, 0.0) (distance: 4.00)
[18:57:49] TERRAIN: Queued chunk: (1.0, -4.0) (distance: 4.12)
[18:57:49] TERRAIN: Queued chunk: (-1.0, 4.0) (distance: 4.12)
[18:57:49] TERRAIN: Queued chunk: (1.0, 4.0) (distance: 4.12)
[18:57:49] TERRAIN: Queued chunk: (-4.0, -1.0) (distance: 4.12)
[18:57:49] TERRAIN: Queued chunk: (-1.0, -4.0) (distance: 4.12)
[18:57:49] TERRAIN: Queued chunk: (-4.0, 1.0) (distance: 4.12)
[18:57:49] TERRAIN: Queued chunk: (4.0, -1.0) (distance: 4.12)
[18:57:49] TERRAIN: Queued chunk: (4.0, 1.0) (distance: 4.12)
[18:57:49] TERRAIN: Queued chunk: (3.0, -3.0) (distance: 4.24)
[18:57:49] TERRAIN: Queued chunk: (3.0, 3.0) (distance: 4.24)
[18:57:49] TERRAIN: Queued chunk: (-3.0, -3.0) (distance: 4.24)
[18:57:49] TERRAIN: Queued chunk: (-3.0, 3.0) (distance: 4.24)
[18:57:49] TERRAIN: Queued chunk: (-4.0, -2.0) (distance: 4.47)
[18:57:49] TERRAIN: Queued chunk: (-4.0, 2.0) (distance: 4.47)
[18:57:49] TERRAIN: Queued chunk: (4.0, 2.0) (distance: 4.47)
[18:57:49] TERRAIN: Queued chunk: (4.0, -2.0) (distance: 4.47)
[18:57:49] TERRAIN: Queued chunk: (-2.0, -4.0) (distance: 4.47)
[18:57:49] TERRAIN: Queued chunk: (-2.0, 4.0) (distance: 4.47)
[18:57:49] TERRAIN: Queued chunk: (2.0, 4.0) (distance: 4.47)
[18:57:49] TERRAIN: Queued chunk: (2.0, -4.0) (distance: 4.47)
[18:57:49] TERRAIN: Queued chunk: (0.0, -5.0) (distance: 5.00)
[18:57:49] TERRAIN: Queued chunk: (-3.0, 4.0) (distance: 5.00)
[18:57:49] TERRAIN: Queued chunk: (-3.0, -4.0) (distance: 5.00)
[18:57:49] TERRAIN: Queued chunk: (-4.0, 3.0) (distance: 5.00)
[18:57:49] TERRAIN: Queued chunk: (-4.0, -3.0) (distance: 5.00)
[18:57:49] TERRAIN: Queued chunk: (3.0, -4.0) (distance: 5.00)
[18:57:49] TERRAIN: Queued chunk: (3.0, 4.0) (distance: 5.00)
[18:57:49] TERRAIN: Queued chunk: (-5.0, 0.0) (distance: 5.00)
[18:57:49] TERRAIN: Queued chunk: (5.0, 0.0) (distance: 5.00)
[18:57:49] TERRAIN: Queued chunk: (0.0, 5.0) (distance: 5.00)
[18:57:49] TERRAIN: Queued chunk: (4.0, -3.0) (distance: 5.00)
[18:57:49] TERRAIN: Queued chunk: (4.0, 3.0) (distance: 5.00)
[18:57:49] TERRAIN: Queued chunk: (5.0, 1.0) (distance: 5.10)
[18:57:49] TERRAIN: Queued chunk: (-1.0, 5.0) (distance: 5.10)
[18:57:49] TERRAIN: Queued chunk: (-5.0, -1.0) (distance: 5.10)
[18:57:49] TERRAIN: Queued chunk: (1.0, -5.0) (distance: 5.10)
[18:57:49] TERRAIN: Queued chunk: (1.0, 5.0) (distance: 5.10)
[18:57:49] TERRAIN: Queued chunk: (5.0, -1.0) (distance: 5.10)
[18:57:49] TERRAIN: Queued chunk: (-5.0, 1.0) (distance: 5.10)
[18:57:49] TERRAIN: Queued chunk: (-1.0, -5.0) (distance: 5.10)
[18:57:49] TERRAIN: Queued chunk: (-5.0, 2.0) (distance: 5.39)
[18:57:49] TERRAIN: Queued chunk: (5.0, -2.0) (distance: 5.39)
[18:57:49] TERRAIN: Queued chunk: (-2.0, 5.0) (distance: 5.39)
[18:57:49] TERRAIN: Queued chunk: (2.0, 5.0) (distance: 5.39)
[18:57:49] TERRAIN: Queued chunk: (2.0, -5.0) (distance: 5.39)
[18:57:49] TERRAIN: Queued chunk: (-2.0, -5.0) (distance: 5.39)
[18:57:49] TERRAIN: Queued chunk: (-5.0, -2.0) (distance: 5.39)
[18:57:49] TERRAIN: Queued chunk: (5.0, 2.0) (distance: 5.39)
[18:57:49] TERRAIN: Queued chunk: (4.0, 4.0) (distance: 5.66)
[18:57:49] TERRAIN: Queued chunk: (4.0, -4.0) (distance: 5.66)
[18:57:49] TERRAIN: Queued chunk: (-4.0, -4.0) (distance: 5.66)
[18:57:49] TERRAIN: Queued chunk: (-4.0, 4.0) (distance: 5.66)
[18:57:49] TERRAIN: Queued chunk: (3.0, -5.0) (distance: 5.83)
[18:57:49] TERRAIN: Queued chunk: (-3.0, -5.0) (distance: 5.83)
[18:57:49] TERRAIN: Queued chunk: (3.0, 5.0) (distance: 5.83)
[18:57:49] TERRAIN: Queued chunk: (5.0, -3.0) (distance: 5.83)
[18:57:49] TERRAIN: Queued chunk: (-5.0, 3.0) (distance: 5.83)
[18:57:49] TERRAIN: Queued chunk: (-3.0, 5.0) (distance: 5.83)
[18:57:49] TERRAIN: Queued chunk: (5.0, 3.0) (distance: 5.83)
[18:57:49] TERRAIN: Queued chunk: (-5.0, -3.0) (distance: 5.83)
[18:57:49] TERRAIN: Queued chunk: (-6.0, 0.0) (distance: 6.00)
[18:57:49] TERRAIN: Queued chunk: (6.0, 0.0) (distance: 6.00)
[18:57:49] TERRAIN: Queued chunk: (0.0, -6.0) (distance: 6.00)
[18:57:49] TERRAIN: Queued chunk: (0.0, 6.0) (distance: 6.00)
[18:57:49] TERRAIN: Queued chunk: (6.0, -1.0) (distance: 6.08)
[18:57:49] TERRAIN: Queued chunk: (-6.0, 1.0) (distance: 6.08)
[18:57:49] TERRAIN: Queued chunk: (-1.0, 6.0) (distance: 6.08)
[18:57:49] TERRAIN: Queued chunk: (1.0, -6.0) (distance: 6.08)
[18:57:49] TERRAIN: Queued chunk: (1.0, 6.0) (distance: 6.08)
[18:57:49] TERRAIN: Queued chunk: (-1.0, -6.0) (distance: 6.08)
[18:57:49] TERRAIN: Queued chunk: (-6.0, -1.0) (distance: 6.08)
[18:57:49] TERRAIN: Queued chunk: (6.0, 1.0) (distance: 6.08)
[18:57:49] TERRAIN: Queued chunk: (-2.0, 6.0) (distance: 6.32)
[18:57:49] TERRAIN: Queued chunk: (6.0, -2.0) (distance: 6.32)
[18:57:49] TERRAIN: Queued chunk: (6.0, 2.0) (distance: 6.32)
[18:57:49] TERRAIN: Queued chunk: (2.0, 6.0) (distance: 6.32)
[18:57:49] TERRAIN: Queued chunk: (2.0, -6.0) (distance: 6.32)
[18:57:49] TERRAIN: Queued chunk: (-2.0, -6.0) (distance: 6.32)
[18:57:49] TERRAIN: Queued chunk: (-6.0, -2.0) (distance: 6.32)
[18:57:49] TERRAIN: Queued chunk: (-6.0, 2.0) (distance: 6.32)
[18:57:49] TERRAIN: Queued chunk: (-4.0, -5.0) (distance: 6.40)
[18:57:49] TERRAIN: Queued chunk: (-5.0, 4.0) (distance: 6.40)
[18:57:49] TERRAIN: Queued chunk: (-5.0, -4.0) (distance: 6.40)
[18:57:49] TERRAIN: Queued chunk: (-4.0, 5.0) (distance: 6.40)
[18:57:49] TERRAIN: Queued chunk: (4.0, -5.0) (distance: 6.40)
[18:57:49] TERRAIN: Queued chunk: (4.0, 5.0) (distance: 6.40)
[18:57:49] TERRAIN: Queued chunk: (5.0, -4.0) (distance: 6.40)
[18:57:49] TERRAIN: Queued chunk: (5.0, 4.0) (distance: 6.40)
[18:57:49] TERRAIN: Queued chunk: (-3.0, -6.0) (distance: 6.71)
[18:57:49] TERRAIN: Queued chunk: (-3.0, 6.0) (distance: 6.71)
[18:57:49] TERRAIN: Queued chunk: (6.0, -3.0) (distance: 6.71)
[18:57:49] TERRAIN: Queued chunk: (6.0, 3.0) (distance: 6.71)
[18:57:49] TERRAIN: Queued chunk: (-6.0, 3.0) (distance: 6.71)
[18:57:49] TERRAIN: Queued chunk: (3.0, -6.0) (distance: 6.71)
[18:57:49] TERRAIN: Queued chunk: (3.0, 6.0) (distance: 6.71)
[18:57:49] TERRAIN: Queued chunk: (-6.0, -3.0) (distance: 6.71)
[18:57:49] TERRAIN: Queued chunk: (-7.0, 0.0) (distance: 7.00)
[18:57:49] TERRAIN: Queued chunk: (0.0, -7.0) (distance: 7.00)
[18:57:49] TERRAIN: Queued chunk: (0.0, 7.0) (distance: 7.00)
[18:57:49] TERRAIN: Queued chunk: (7.0, 0.0) (distance: 7.00)
[18:57:49] TERRAIN: Queued chunk: (-5.0, -5.0) (distance: 7.07)
[18:57:49] TERRAIN: Queued chunk: (-5.0, 5.0) (distance: 7.07)
[18:57:49] TERRAIN: Queued chunk: (-1.0, -7.0) (distance: 7.07)
[18:57:49] TERRAIN: Queued chunk: (-1.0, 7.0) (distance: 7.07)
[18:57:49] TERRAIN: Queued chunk: (1.0, -7.0) (distance: 7.07)
[18:57:49] TERRAIN: Queued chunk: (1.0, 7.0) (distance: 7.07)
[18:57:49] TERRAIN: Queued chunk: (5.0, -5.0) (distance: 7.07)
[18:57:49] TERRAIN: Queued chunk: (5.0, 5.0) (distance: 7.07)
[18:57:49] TERRAIN: Queued chunk: (7.0, 1.0) (distance: 7.07)
[18:57:49] TERRAIN: Queued chunk: (7.0, -1.0) (distance: 7.07)
[18:57:49] TERRAIN: Queued chunk: (-7.0, 1.0) (distance: 7.07)
[18:57:49] TERRAIN: Queued chunk: (-7.0, -1.0) (distance: 7.07)
[18:57:49] TERRAIN: Queued chunk: (-4.0, 6.0) (distance: 7.21)
[18:57:49] TERRAIN: Queued chunk: (4.0, -6.0) (distance: 7.21)
[18:57:49] TERRAIN: Queued chunk: (-6.0, 4.0) (distance: 7.21)
[18:57:49] TERRAIN: Queued chunk: (-6.0, -4.0) (distance: 7.21)
[18:57:49] TERRAIN: Queued chunk: (4.0, 6.0) (distance: 7.21)
[18:57:49] TERRAIN: Queued chunk: (6.0, 4.0) (distance: 7.21)
[18:57:49] TERRAIN: Queued chunk: (6.0, -4.0) (distance: 7.21)
[18:57:49] TERRAIN: Queued chunk: (-4.0, -6.0) (distance: 7.21)
[18:57:49] TERRAIN: Queued chunk: (-7.0, 2.0) (distance: 7.28)
[18:57:49] TERRAIN: Queued chunk: (2.0, -7.0) (distance: 7.28)
[18:57:49] TERRAIN: Queued chunk: (-7.0, -2.0) (distance: 7.28)
[18:57:49] TERRAIN: Queued chunk: (-2.0, -7.0) (distance: 7.28)
[18:57:49] TERRAIN: Queued chunk: (7.0, 2.0) (distance: 7.28)
[18:57:49] TERRAIN: Queued chunk: (-2.0, 7.0) (distance: 7.28)
[18:57:49] TERRAIN: Queued chunk: (7.0, -2.0) (distance: 7.28)
[18:57:49] TERRAIN: Queued chunk: (2.0, 7.0) (distance: 7.28)
[18:57:49] TERRAIN: Queued chunk: (-7.0, -3.0) (distance: 7.62)
[18:57:49] TERRAIN: Queued chunk: (-3.0, -7.0) (distance: 7.62)
[18:57:49] TERRAIN: Queued chunk: (-7.0, 3.0) (distance: 7.62)
[18:57:49] TERRAIN: Queued chunk: (-3.0, 7.0) (distance: 7.62)
[18:57:49] TERRAIN: Queued chunk: (3.0, -7.0) (distance: 7.62)
[18:57:49] TERRAIN: Queued chunk: (7.0, 3.0) (distance: 7.62)
[18:57:49] TERRAIN: Queued chunk: (7.0, -3.0) (distance: 7.62)
[18:57:49] TERRAIN: Queued chunk: (3.0, 7.0) (distance: 7.62)
[18:57:49] TERRAIN: Queued chunk: (-5.0, -6.0) (distance: 7.81)
[18:57:49] TERRAIN: Queued chunk: (-5.0, 6.0) (distance: 7.81)
[18:57:49] TERRAIN: Queued chunk: (-6.0, 5.0) (distance: 7.81)
[18:57:49] TERRAIN: Queued chunk: (-6.0, -5.0) (distance: 7.81)
[18:57:49] TERRAIN: Queued chunk: (5.0, -6.0) (distance: 7.81)
[18:57:49] TERRAIN: Queued chunk: (6.0, -5.0) (distance: 7.81)
[18:57:49] TERRAIN: Queued chunk: (5.0, 6.0) (distance: 7.81)
[18:57:49] TERRAIN: Queued chunk: (6.0, 5.0) (distance: 7.81)
[18:57:49] TERRAIN: Queued chunk: (8.0, 0.0) (distance: 8.00)
[18:57:49] TERRAIN: Queued chunk: (-8.0, 0.0) (distance: 8.00)
[18:57:49] TERRAIN: Queued chunk: (0.0, -8.0) (distance: 8.00)
[18:57:49] TERRAIN: Queued chunk: (0.0, 8.0) (distance: 8.00)
[18:57:49] TERRAIN: Queued chunk: (8.0, 1.0) (distance: 8.06)
[18:57:49] TERRAIN: Queued chunk: (-1.0, 8.0) (distance: 8.06)
[18:57:49] TERRAIN: Queued chunk: (-1.0, -8.0) (distance: 8.06)
[18:57:49] TERRAIN: Queued chunk: (1.0, -8.0) (distance: 8.06)
[18:57:49] TERRAIN: Queued chunk: (-4.0, -7.0) (distance: 8.06)
[18:57:49] TERRAIN: Queued chunk: (1.0, 8.0) (distance: 8.06)
[18:57:49] TERRAIN: Queued chunk: (-8.0, 1.0) (distance: 8.06)
[18:57:49] TERRAIN: Queued chunk: (8.0, -1.0) (distance: 8.06)
[18:57:49] TERRAIN: Queued chunk: (-8.0, -1.0) (distance: 8.06)
[18:57:49] TERRAIN: Queued chunk: (-4.0, 7.0) (distance: 8.06)
[18:57:49] TERRAIN: Queued chunk: (7.0, -4.0) (distance: 8.06)
[18:57:49] TERRAIN: Queued chunk: (4.0, 7.0) (distance: 8.06)
[18:57:49] TERRAIN: Queued chunk: (-7.0, -4.0) (distance: 8.06)
[18:57:49] TERRAIN: Queued chunk: (7.0, 4.0) (distance: 8.06)
[18:57:49] TERRAIN: Queued chunk: (4.0, -7.0) (distance: 8.06)
[18:57:49] TERRAIN: Queued chunk: (-7.0, 4.0) (distance: 8.06)
[18:57:49] TERRAIN: Queued chunk: (-8.0, -2.0) (distance: 8.25)
[18:57:49] TERRAIN: Queued chunk: (2.0, 8.0) (distance: 8.25)
[18:57:49] TERRAIN: Queued chunk: (-8.0, 2.0) (distance: 8.25)
[18:57:49] TERRAIN: Queued chunk: (2.0, -8.0) (distance: 8.25)
[18:57:49] TERRAIN: Queued chunk: (8.0, -2.0) (distance: 8.25)
[18:57:49] TERRAIN: Queued chunk: (-2.0, -8.0) (distance: 8.25)
[18:57:49] TERRAIN: Queued chunk: (-2.0, 8.0) (distance: 8.25)
[18:57:49] TERRAIN: Queued chunk: (8.0, 2.0) (distance: 8.25)
[18:57:49] TERRAIN: Queued chunk: (-6.0, 6.0) (distance: 8.49)
[18:57:49] TERRAIN: Queued chunk: (6.0, -6.0) (distance: 8.49)
[18:57:49] TERRAIN: Queued chunk: (6.0, 6.0) (distance: 8.49)
[18:57:49] TERRAIN: Queued chunk: (-6.0, -6.0) (distance: 8.49)
[18:57:49] TERRAIN: Queued chunk: (-8.0, 3.0) (distance: 8.54)
[18:57:49] TERRAIN: Queued chunk: (-3.0, -8.0) (distance: 8.54)
[18:57:49] TERRAIN: Queued chunk: (3.0, 8.0) (distance: 8.54)
[18:57:49] TERRAIN: Queued chunk: (-3.0, 8.0) (distance: 8.54)
[18:57:49] TERRAIN: Queued chunk: (8.0, -3.0) (distance: 8.54)
[18:57:49] TERRAIN: Queued chunk: (3.0, -8.0) (distance: 8.54)
[18:57:49] TERRAIN: Queued chunk: (-8.0, -3.0) (distance: 8.54)
[18:57:49] TERRAIN: Queued chunk: (8.0, 3.0) (distance: 8.54)
[18:57:49] TERRAIN: Queued chunk: (-7.0, -5.0) (distance: 8.60)
[18:57:49] TERRAIN: Queued chunk: (5.0, -7.0) (distance: 8.60)
[18:57:49] TERRAIN: Queued chunk: (-5.0, 7.0) (distance: 8.60)
[18:57:49] TERRAIN: Queued chunk: (7.0, -5.0) (distance: 8.60)
[18:57:49] TERRAIN: Queued chunk: (-7.0, 5.0) (distance: 8.60)
[18:57:49] TERRAIN: Queued chunk: (7.0, 5.0) (distance: 8.60)
[18:57:49] TERRAIN: Queued chunk: (5.0, 7.0) (distance: 8.60)
[18:57:49] TERRAIN: Queued chunk: (-5.0, -7.0) (distance: 8.60)
[18:57:49] TERRAIN: Queued chunk: (8.0, 4.0) (distance: 8.94)
[18:57:49] TERRAIN: Queued chunk: (4.0, 8.0) (distance: 8.94)
[18:57:49] TERRAIN: Queued chunk: (-4.0, 8.0) (distance: 8.94)
[18:57:49] TERRAIN: Queued chunk: (4.0, -8.0) (distance: 8.94)
[18:57:49] TERRAIN: Queued chunk: (-8.0, -4.0) (distance: 8.94)
[18:57:49] TERRAIN: Queued chunk: (8.0, -4.0) (distance: 8.94)
[18:57:49] TERRAIN: Queued chunk: (-4.0, -8.0) (distance: 8.94)
[18:57:49] TERRAIN: Queued chunk: (-8.0, 4.0) (distance: 8.94)
[18:57:49] TERRAIN: Queued chunk: (9.0, 0.0) (distance: 9.00)
[18:57:49] TERRAIN: Queued chunk: (-9.0, 0.0) (distance: 9.00)
[18:57:49] TERRAIN: Queued chunk: (0.0, -9.0) (distance: 9.00)
[18:57:49] TERRAIN: Queued chunk: (0.0, 9.0) (distance: 9.00)
[18:57:49] TERRAIN: Queued chunk: (9.0, 1.0) (distance: 9.06)
[18:57:49] TERRAIN: Queued chunk: (1.0, 9.0) (distance: 9.06)
[18:57:49] TERRAIN: Queued chunk: (9.0, -1.0) (distance: 9.06)
[18:57:49] TERRAIN: Queued chunk: (1.0, -9.0) (distance: 9.06)
[18:57:49] TERRAIN: Queued chunk: (-1.0, -9.0) (distance: 9.06)
[18:57:49] TERRAIN: Queued chunk: (-9.0, -1.0) (distance: 9.06)
[18:57:49] TERRAIN: Queued chunk: (-9.0, 1.0) (distance: 9.06)
[18:57:49] TERRAIN: Queued chunk: (-1.0, 9.0) (distance: 9.06)
[18:57:49] TERRAIN: Queued chunk: (-9.0, -2.0) (distance: 9.22)
[18:57:49] TERRAIN: Queued chunk: (6.0, 7.0) (distance: 9.22)
[18:57:49] TERRAIN: Queued chunk: (-9.0, 2.0) (distance: 9.22)
[18:57:49] TERRAIN: Queued chunk: (9.0, 2.0) (distance: 9.22)
[18:57:49] TERRAIN: Queued chunk: (-2.0, -9.0) (distance: 9.22)
[18:57:49] TERRAIN: Queued chunk: (-6.0, -7.0) (distance: 9.22)
[18:57:49] TERRAIN: Queued chunk: (2.0, -9.0) (distance: 9.22)
[18:57:49] TERRAIN: Queued chunk: (-2.0, 9.0) (distance: 9.22)
[18:57:49] TERRAIN: Queued chunk: (-7.0, 6.0) (distance: 9.22)
[18:57:49] TERRAIN: Queued chunk: (-7.0, -6.0) (distance: 9.22)
[18:57:49] TERRAIN: Queued chunk: (7.0, -6.0) (distance: 9.22)
[18:57:49] TERRAIN: Queued chunk: (2.0, 9.0) (distance: 9.22)
[18:57:49] TERRAIN: Queued chunk: (-6.0, 7.0) (distance: 9.22)
[18:57:49] TERRAIN: Queued chunk: (9.0, -2.0) (distance: 9.22)
[18:57:49] TERRAIN: Queued chunk: (7.0, 6.0) (distance: 9.22)
[18:57:49] TERRAIN: Queued chunk: (6.0, -7.0) (distance: 9.22)
[18:57:49] TERRAIN: Queued chunk: (-5.0, -8.0) (distance: 9.43)
[18:57:49] TERRAIN: Queued chunk: (8.0, -5.0) (distance: 9.43)
[18:57:49] TERRAIN: Queued chunk: (5.0, 8.0) (distance: 9.43)
[18:57:49] TERRAIN: Queued chunk: (-8.0, -5.0) (distance: 9.43)
[18:57:49] TERRAIN: Queued chunk: (8.0, 5.0) (distance: 9.43)
[18:57:49] TERRAIN: Queued chunk: (-8.0, 5.0) (distance: 9.43)
[18:57:49] TERRAIN: Queued chunk: (-5.0, 8.0) (distance: 9.43)
[18:57:49] TERRAIN: Queued chunk: (5.0, -8.0) (distance: 9.43)
[18:57:49] TERRAIN: Queued chunk: (-9.0, -3.0) (distance: 9.49)
[18:57:49] TERRAIN: Queued chunk: (9.0, -3.0) (distance: 9.49)
[18:57:49] TERRAIN: Queued chunk: (-9.0, 3.0) (distance: 9.49)
[18:57:49] TERRAIN: Queued chunk: (3.0, 9.0) (distance: 9.49)
[18:57:49] TERRAIN: Queued chunk: (-3.0, -9.0) (distance: 9.49)
[18:57:49] TERRAIN: Queued chunk: (-3.0, 9.0) (distance: 9.49)
[18:57:49] TERRAIN: Queued chunk: (3.0, -9.0) (distance: 9.49)
[18:57:49] TERRAIN: Queued chunk: (9.0, 3.0) (distance: 9.49)
[18:57:49] TERRAIN: Queued chunk: (-9.0, 4.0) (distance: 9.85)
[18:57:49] TERRAIN: Queued chunk: (-4.0, -9.0) (distance: 9.85)
[18:57:49] TERRAIN: Queued chunk: (9.0, -4.0) (distance: 9.85)
[18:57:49] TERRAIN: Queued chunk: (9.0, 4.0) (distance: 9.85)
[18:57:49] TERRAIN: Queued chunk: (-9.0, -4.0) (distance: 9.85)
[18:57:49] TERRAIN: Queued chunk: (4.0, 9.0) (distance: 9.85)
[18:57:49] TERRAIN: Queued chunk: (-4.0, 9.0) (distance: 9.85)
[18:57:49] TERRAIN: Queued chunk: (4.0, -9.0) (distance: 9.85)
[18:57:49] TERRAIN: Queued chunk: (7.0, -7.0) (distance: 9.90)
[18:57:49] TERRAIN: Queued chunk: (-7.0, -7.0) (distance: 9.90)
[18:57:49] TERRAIN: Queued chunk: (7.0, 7.0) (distance: 9.90)
[18:57:49] TERRAIN: Queued chunk: (-7.0, 7.0) (distance: 9.90)
[18:57:49] TERRAIN: Queued chunk: (-6.0, 8.0) (distance: 10.00)
[18:57:49] TERRAIN: Queued chunk: (-8.0, -6.0) (distance: 10.00)
[18:57:49] TERRAIN: Queued chunk: (6.0, -8.0) (distance: 10.00)
[18:57:49] TERRAIN: Queued chunk: (0.0, -10.0) (distance: 10.00)
[18:57:49] TERRAIN: Queued chunk: (8.0, 6.0) (distance: 10.00)
[18:57:49] TERRAIN: Queued chunk: (-8.0, 6.0) (distance: 10.00)
[18:57:49] TERRAIN: Queued chunk: (6.0, 8.0) (distance: 10.00)
[18:57:49] TERRAIN: Queued chunk: (-10.0, 0.0) (distance: 10.00)
[18:57:49] TERRAIN: Queued chunk: (10.0, 0.0) (distance: 10.00)
[18:57:49] TERRAIN: Queued chunk: (-6.0, -8.0) (distance: 10.00)
[18:57:49] TERRAIN: Queued chunk: (8.0, -6.0) (distance: 10.00)
[18:57:49] TERRAIN: Queued chunk: (0.0, 10.0) (distance: 10.00)
[18:57:49] TERRAIN: Queued chunk: (-10.0, -1.0) (distance: 10.05)
[18:57:49] TERRAIN: Queued chunk: (-1.0, 10.0) (distance: 10.05)
[18:57:49] TERRAIN: Queued chunk: (1.0, 10.0) (distance: 10.05)
[18:57:49] TERRAIN: Queued chunk: (1.0, -10.0) (distance: 10.05)
[18:57:49] TERRAIN: Queued chunk: (-10.0, 1.0) (distance: 10.05)
[18:57:49] TERRAIN: Queued chunk: (-1.0, -10.0) (distance: 10.05)
[18:57:49] TERRAIN: Queued chunk: (10.0, 1.0) (distance: 10.05)
[18:57:49] TERRAIN: Queued chunk: (10.0, -1.0) (distance: 10.05)
[18:57:49] TERRAIN: Queued chunk: (2.0, 10.0) (distance: 10.20)
[18:57:49] TERRAIN: Queued chunk: (-2.0, 10.0) (distance: 10.20)
[18:57:49] TERRAIN: Queued chunk: (-10.0, -2.0) (distance: 10.20)
[18:57:49] TERRAIN: Queued chunk: (10.0, -2.0) (distance: 10.20)
[18:57:49] TERRAIN: Queued chunk: (-2.0, -10.0) (distance: 10.20)
[18:57:49] TERRAIN: Queued chunk: (-10.0, 2.0) (distance: 10.20)
[18:57:49] TERRAIN: Queued chunk: (2.0, -10.0) (distance: 10.20)
[18:57:49] TERRAIN: Queued chunk: (10.0, 2.0) (distance: 10.20)
[18:57:49] TERRAIN: Queued chunk: (9.0, -5.0) (distance: 10.30)
[18:57:49] TERRAIN: Queued chunk: (9.0, 5.0) (distance: 10.30)
[18:57:49] TERRAIN: Queued chunk: (5.0, 9.0) (distance: 10.30)
[18:57:49] TERRAIN: Queued chunk: (-9.0, -5.0) (distance: 10.30)
[18:57:49] TERRAIN: Queued chunk: (5.0, -9.0) (distance: 10.30)
[18:57:49] TERRAIN: Queued chunk: (-5.0, -9.0) (distance: 10.30)
[18:57:49] TERRAIN: Queued chunk: (-9.0, 5.0) (distance: 10.30)
[18:57:49] TERRAIN: Queued chunk: (-5.0, 9.0) (distance: 10.30)
[18:57:49] TERRAIN: Queued chunk: (10.0, -3.0) (distance: 10.44)
[18:57:49] TERRAIN: Queued chunk: (-3.0, -10.0) (distance: 10.44)
[18:57:49] TERRAIN: Queued chunk: (-10.0, -3.0) (distance: 10.44)
[18:57:49] TERRAIN: Queued chunk: (3.0, 10.0) (distance: 10.44)
[18:57:49] TERRAIN: Queued chunk: (-10.0, 3.0) (distance: 10.44)
[18:57:49] TERRAIN: Queued chunk: (10.0, 3.0) (distance: 10.44)
[18:57:49] TERRAIN: Queued chunk: (3.0, -10.0) (distance: 10.44)
[18:57:49] TERRAIN: Queued chunk: (-3.0, 10.0) (distance: 10.44)
[18:57:49] TERRAIN: Queued chunk: (8.0, -7.0) (distance: 10.63)
[18:57:49] TERRAIN: Queued chunk: (7.0, 8.0) (distance: 10.63)
[18:57:49] TERRAIN: Queued chunk: (-8.0, 7.0) (distance: 10.63)
[18:57:49] TERRAIN: Queued chunk: (-8.0, -7.0) (distance: 10.63)
[18:57:49] TERRAIN: Queued chunk: (-7.0, 8.0) (distance: 10.63)
[18:57:49] TERRAIN: Queued chunk: (-7.0, -8.0) (distance: 10.63)
[18:57:49] TERRAIN: Queued chunk: (7.0, -8.0) (distance: 10.63)
[18:57:49] TERRAIN: Queued chunk: (8.0, 7.0) (distance: 10.63)
[18:57:49] TERRAIN: Queued chunk: (10.0, -4.0) (distance: 10.77)
[18:57:49] TERRAIN: Queued chunk: (-10.0, 4.0) (distance: 10.77)
[18:57:49] TERRAIN: Queued chunk: (10.0, 4.0) (distance: 10.77)
[18:57:49] TERRAIN: Queued chunk: (4.0, 10.0) (distance: 10.77)
[18:57:49] TERRAIN: Queued chunk: (-4.0, -10.0) (distance: 10.77)
[18:57:49] TERRAIN: Queued chunk: (-4.0, 10.0) (distance: 10.77)
[18:57:49] TERRAIN: Queued chunk: (-10.0, -4.0) (distance: 10.77)
[18:57:49] TERRAIN: Queued chunk: (4.0, -10.0) (distance: 10.77)
[18:57:49] TERRAIN: Queued chunk: (-9.0, 6.0) (distance: 10.82)
[18:57:49] TERRAIN: Queued chunk: (-9.0, -6.0) (distance: 10.82)
[18:57:49] TERRAIN: Queued chunk: (-6.0, 9.0) (distance: 10.82)
[18:57:49] TERRAIN: Queued chunk: (9.0, -6.0) (distance: 10.82)
[18:57:49] TERRAIN: Queued chunk: (9.0, 6.0) (distance: 10.82)
[18:57:49] TERRAIN: Queued chunk: (6.0, 9.0) (distance: 10.82)
[18:57:49] TERRAIN: Queued chunk: (6.0, -9.0) (distance: 10.82)
[18:57:49] TERRAIN: Queued chunk: (-6.0, -9.0) (distance: 10.82)
[18:57:49] TERRAIN: Queued chunk: (11.0, 0.0) (distance: 11.00)
[18:57:49] TERRAIN: Queued chunk: (-11.0, 0.0) (distance: 11.00)
[18:57:49] TERRAIN: Queued chunk: (0.0, 11.0) (distance: 11.00)
[18:57:49] TERRAIN: Queued chunk: (0.0, -11.0) (distance: 11.00)
[18:57:49] TERRAIN: Queued chunk: (1.0, -11.0) (distance: 11.05)
[18:57:49] TERRAIN: Queued chunk: (-1.0, 11.0) (distance: 11.05)
[18:57:49] TERRAIN: Queued chunk: (1.0, 11.0) (distance: 11.05)
[18:57:49] TERRAIN: Queued chunk: (-11.0, -1.0) (distance: 11.05)
[18:57:49] TERRAIN: Queued chunk: (11.0, -1.0) (distance: 11.05)
[18:57:49] TERRAIN: Queued chunk: (-1.0, -11.0) (distance: 11.05)
[18:57:49] TERRAIN: Queued chunk: (-11.0, 1.0) (distance: 11.05)
[18:57:49] TERRAIN: Queued chunk: (11.0, 1.0) (distance: 11.05)
[18:57:49] TERRAIN: Queued chunk: (2.0, -11.0) (distance: 11.18)
[18:57:49] TERRAIN: Queued chunk: (11.0, -2.0) (distance: 11.18)
[18:57:49] TERRAIN: Queued chunk: (10.0, -5.0) (distance: 11.18)
[18:57:49] TERRAIN: Queued chunk: (-5.0, -10.0) (distance: 11.18)
[18:57:49] TERRAIN: Queued chunk: (2.0, 11.0) (distance: 11.18)
[18:57:49] TERRAIN: Queued chunk: (5.0, 10.0) (distance: 11.18)
[18:57:49] TERRAIN: Queued chunk: (-5.0, 10.0) (distance: 11.18)
[18:57:49] TERRAIN: Queued chunk: (5.0, -10.0) (distance: 11.18)
[18:57:49] TERRAIN: Queued chunk: (11.0, 2.0) (distance: 11.18)
[18:57:49] TERRAIN: Queued chunk: (-10.0, 5.0) (distance: 11.18)
[18:57:49] TERRAIN: Queued chunk: (-11.0, -2.0) (distance: 11.18)
[18:57:49] TERRAIN: Queued chunk: (-11.0, 2.0) (distance: 11.18)
[18:57:49] TERRAIN: Queued chunk: (-2.0, 11.0) (distance: 11.18)
[18:57:49] TERRAIN: Queued chunk: (-10.0, -5.0) (distance: 11.18)
[18:57:49] TERRAIN: Queued chunk: (10.0, 5.0) (distance: 11.18)
[18:57:49] TERRAIN: Queued chunk: (-2.0, -11.0) (distance: 11.18)
[18:57:49] TERRAIN: Queued chunk: (8.0, -8.0) (distance: 11.31)
[18:57:49] TERRAIN: Queued chunk: (8.0, 8.0) (distance: 11.31)
[18:57:49] TERRAIN: Queued chunk: (-8.0, 8.0) (distance: 11.31)
[18:57:49] TERRAIN: Queued chunk: (-8.0, -8.0) (distance: 11.31)
[18:57:49] TERRAIN: Queued chunk: (7.0, -9.0) (distance: 11.40)
[18:57:49] TERRAIN: Queued chunk: (-7.0, 9.0) (distance: 11.40)
[18:57:49] TERRAIN: Queued chunk: (9.0, -7.0) (distance: 11.40)
[18:57:49] TERRAIN: Queued chunk: (-7.0, -9.0) (distance: 11.40)
[18:57:49] TERRAIN: Queued chunk: (3.0, 11.0) (distance: 11.40)
[18:57:49] TERRAIN: Queued chunk: (9.0, 7.0) (distance: 11.40)
[18:57:49] TERRAIN: Queued chunk: (11.0, 3.0) (distance: 11.40)
[18:57:49] TERRAIN: Queued chunk: (3.0, -11.0) (distance: 11.40)
[18:57:49] TERRAIN: Queued chunk: (-3.0, 11.0) (distance: 11.40)
[18:57:49] TERRAIN: Queued chunk: (-9.0, 7.0) (distance: 11.40)
[18:57:49] TERRAIN: Queued chunk: (-11.0, -3.0) (distance: 11.40)
[18:57:49] TERRAIN: Queued chunk: (-11.0, 3.0) (distance: 11.40)
[18:57:49] TERRAIN: Queued chunk: (11.0, -3.0) (distance: 11.40)
[18:57:49] TERRAIN: Queued chunk: (-9.0, -7.0) (distance: 11.40)
[18:57:49] TERRAIN: Queued chunk: (7.0, 9.0) (distance: 11.40)
[18:57:49] TERRAIN: Queued chunk: (-3.0, -11.0) (distance: 11.40)
[18:57:49] TERRAIN: Queued chunk: (6.0, -10.0) (distance: 11.66)
[18:57:49] TERRAIN: Queued chunk: (-6.0, -10.0) (distance: 11.66)
[18:57:49] TERRAIN: Queued chunk: (-10.0, -6.0) (distance: 11.66)
[18:57:49] TERRAIN: Queued chunk: (-10.0, 6.0) (distance: 11.66)
[18:57:49] TERRAIN: Queued chunk: (6.0, 10.0) (distance: 11.66)
[18:57:49] TERRAIN: Queued chunk: (-6.0, 10.0) (distance: 11.66)
[18:57:49] TERRAIN: Queued chunk: (10.0, 6.0) (distance: 11.66)
[18:57:49] TERRAIN: Queued chunk: (10.0, -6.0) (distance: 11.66)
[18:57:49] TERRAIN: Queued chunk: (11.0, 4.0) (distance: 11.70)
[18:57:49] TERRAIN: Queued chunk: (11.0, -4.0) (distance: 11.70)
[18:57:49] TERRAIN: Queued chunk: (-4.0, -11.0) (distance: 11.70)
[18:57:49] TERRAIN: Queued chunk: (4.0, -11.0) (distance: 11.70)
[18:57:49] TERRAIN: Queued chunk: (-4.0, 11.0) (distance: 11.70)
[18:57:49] TERRAIN: Queued chunk: (4.0, 11.0) (distance: 11.70)
[18:57:49] TERRAIN: Queued chunk: (-11.0, 4.0) (distance: 11.70)
[18:57:49] TERRAIN: Queued chunk: (-11.0, -4.0) (distance: 11.70)
[18:57:49] TERRAIN: Queued chunk: (12.0, 0.0) (distance: 12.00)
[18:57:49] TERRAIN: Queued chunk: (0.0, -12.0) (distance: 12.00)
[18:57:49] TERRAIN: Queued chunk: (-12.0, 0.0) (distance: 12.00)
[18:57:49] TERRAIN: Queued chunk: (0.0, 12.0) (distance: 12.00)
[18:57:49] TERRAIN: Queued chunk: (8.0, -9.0) (distance: 12.04)
[18:57:49] TERRAIN: Queued chunk: (8.0, 9.0) (distance: 12.04)
[18:57:49] TERRAIN: Queued chunk: (-8.0, 9.0) (distance: 12.04)
[18:57:49] TERRAIN: Queued chunk: (9.0, -8.0) (distance: 12.04)
[18:57:49] TERRAIN: Queued chunk: (12.0, 1.0) (distance: 12.04)
[18:57:49] TERRAIN: Queued chunk: (-1.0, 12.0) (distance: 12.04)
[18:57:49] TERRAIN: Queued chunk: (1.0, 12.0) (distance: 12.04)
[18:57:49] TERRAIN: Queued chunk: (-9.0, 8.0) (distance: 12.04)
[18:57:49] TERRAIN: Queued chunk: (1.0, -12.0) (distance: 12.04)
[18:57:49] TERRAIN: Queued chunk: (-8.0, -9.0) (distance: 12.04)
[18:57:49] TERRAIN: Queued chunk: (12.0, -1.0) (distance: 12.04)
[18:57:49] TERRAIN: Queued chunk: (-12.0, 1.0) (distance: 12.04)
[18:57:49] TERRAIN: Queued chunk: (-9.0, -8.0) (distance: 12.04)
[18:57:49] TERRAIN: Queued chunk: (-12.0, -1.0) (distance: 12.04)
[18:57:49] TERRAIN: Queued chunk: (9.0, 8.0) (distance: 12.04)
[18:57:49] TERRAIN: Queued chunk: (-1.0, -12.0) (distance: 12.04)
[18:57:49] TERRAIN: Queued chunk: (5.0, -11.0) (distance: 12.08)
[18:57:49] TERRAIN: Queued chunk: (-5.0, -11.0) (distance: 12.08)
[18:57:49] TERRAIN: Queued chunk: (-5.0, 11.0) (distance: 12.08)
[18:57:49] TERRAIN: Queued chunk: (11.0, -5.0) (distance: 12.08)
[18:57:49] TERRAIN: Queued chunk: (11.0, 5.0) (distance: 12.08)
[18:57:49] TERRAIN: Queued chunk: (5.0, 11.0) (distance: 12.08)
[18:57:49] TERRAIN: Queued chunk: (-11.0, -5.0) (distance: 12.08)
[18:57:49] TERRAIN: Queued chunk: (-11.0, 5.0) (distance: 12.08)
[18:57:49] TERRAIN: Queued chunk: (12.0, 2.0) (distance: 12.17)
[18:57:49] TERRAIN: Queued chunk: (2.0, 12.0) (distance: 12.17)
[18:57:49] TERRAIN: Queued chunk: (-2.0, 12.0) (distance: 12.17)
[18:57:49] TERRAIN: Queued chunk: (-12.0, 2.0) (distance: 12.17)
[18:57:49] TERRAIN: Queued chunk: (-12.0, -2.0) (distance: 12.17)
[18:57:49] TERRAIN: Queued chunk: (12.0, -2.0) (distance: 12.17)
[18:57:49] TERRAIN: Queued chunk: (2.0, -12.0) (distance: 12.17)
[18:57:49] TERRAIN: Queued chunk: (-2.0, -12.0) (distance: 12.17)
[18:57:49] TERRAIN: Queued chunk: (10.0, -7.0) (distance: 12.21)
[18:57:49] TERRAIN: Queued chunk: (7.0, 10.0) (distance: 12.21)
[18:57:49] TERRAIN: Queued chunk: (10.0, 7.0) (distance: 12.21)
[18:57:49] TERRAIN: Queued chunk: (7.0, -10.0) (distance: 12.21)
[18:57:49] TERRAIN: Queued chunk: (-7.0, -10.0) (distance: 12.21)
[18:57:49] TERRAIN: Queued chunk: (-7.0, 10.0) (distance: 12.21)
[18:57:49] TERRAIN: Queued chunk: (-10.0, 7.0) (distance: 12.21)
[18:57:49] TERRAIN: Queued chunk: (-10.0, -7.0) (distance: 12.21)
[18:57:49] TERRAIN: Queued chunk: (12.0, -3.0) (distance: 12.37)
[18:57:49] TERRAIN: Queued chunk: (-3.0, 12.0) (distance: 12.37)
[18:57:49] TERRAIN: Queued chunk: (12.0, 3.0) (distance: 12.37)
[18:57:49] TERRAIN: Queued chunk: (-3.0, -12.0) (distance: 12.37)
[18:57:49] TERRAIN: Queued chunk: (-12.0, 3.0) (distance: 12.37)
[18:57:49] TERRAIN: Queued chunk: (3.0, -12.0) (distance: 12.37)
[18:57:49] TERRAIN: Queued chunk: (3.0, 12.0) (distance: 12.37)
[18:57:49] TERRAIN: Queued chunk: (-12.0, -3.0) (distance: 12.37)
[18:57:49] TERRAIN: Queued chunk: (-11.0, 6.0) (distance: 12.53)
[18:57:49] TERRAIN: Queued chunk: (-6.0, -11.0) (distance: 12.53)
[18:57:49] TERRAIN: Queued chunk: (-11.0, -6.0) (distance: 12.53)
[18:57:49] TERRAIN: Queued chunk: (-6.0, 11.0) (distance: 12.53)
[18:57:49] TERRAIN: Queued chunk: (6.0, -11.0) (distance: 12.53)
[18:57:49] TERRAIN: Queued chunk: (6.0, 11.0) (distance: 12.53)
[18:57:49] TERRAIN: Queued chunk: (11.0, 6.0) (distance: 12.53)
[18:57:49] TERRAIN: Queued chunk: (11.0, -6.0) (distance: 12.53)
[18:57:49] TERRAIN: Queued chunk: (12.0, -4.0) (distance: 12.65)
[18:57:49] TERRAIN: Queued chunk: (4.0, 12.0) (distance: 12.65)
[18:57:49] TERRAIN: Queued chunk: (-12.0, 4.0) (distance: 12.65)
[18:57:49] TERRAIN: Queued chunk: (-4.0, 12.0) (distance: 12.65)
[18:57:49] TERRAIN: Queued chunk: (4.0, -12.0) (distance: 12.65)
[18:57:49] TERRAIN: Queued chunk: (-4.0, -12.0) (distance: 12.65)
[18:57:49] TERRAIN: Queued chunk: (-12.0, -4.0) (distance: 12.65)
[18:57:49] TERRAIN: Queued chunk: (12.0, 4.0) (distance: 12.65)
[18:57:49] TERRAIN: Queued chunk: (9.0, -9.0) (distance: 12.73)
[18:57:49] TERRAIN: Queued chunk: (9.0, 9.0) (distance: 12.73)
[18:57:49] TERRAIN: Queued chunk: (-9.0, 9.0) (distance: 12.73)
[18:57:49] TERRAIN: Queued chunk: (-9.0, -9.0) (distance: 12.73)
[18:57:49] TERRAIN: Queued chunk: (10.0, -8.0) (distance: 12.81)
[18:57:49] TERRAIN: Queued chunk: (-8.0, 10.0) (distance: 12.81)
[18:57:49] TERRAIN: Queued chunk: (-8.0, -10.0) (distance: 12.81)
[18:57:49] TERRAIN: Queued chunk: (-10.0, 8.0) (distance: 12.81)
[18:57:49] TERRAIN: Queued chunk: (-10.0, -8.0) (distance: 12.81)
[18:57:49] TERRAIN: Queued chunk: (10.0, 8.0) (distance: 12.81)
[18:57:49] TERRAIN: Queued chunk: (8.0, -10.0) (distance: 12.81)
[18:57:49] TERRAIN: Queued chunk: (8.0, 10.0) (distance: 12.81)
[18:57:49] TERRAIN: Queued chunk: (-12.0, 5.0) (distance: 13.00)
[18:57:49] TERRAIN: Queued chunk: (-12.0, -5.0) (distance: 13.00)
[18:57:49] TERRAIN: Queued chunk: (-13.0, 0.0) (distance: 13.00)
[18:57:49] TERRAIN: Queued chunk: (12.0, 5.0) (distance: 13.00)
[18:57:49] TERRAIN: Queued chunk: (13.0, 0.0) (distance: 13.00)
[18:57:49] TERRAIN: Queued chunk: (-5.0, -12.0) (distance: 13.00)
[18:57:49] TERRAIN: Queued chunk: (-5.0, 12.0) (distance: 13.00)
[18:57:49] TERRAIN: Queued chunk: (12.0, -5.0) (distance: 13.00)
[18:57:49] TERRAIN: Queued chunk: (5.0, 12.0) (distance: 13.00)
[18:57:49] TERRAIN: Queued chunk: (0.0, 13.0) (distance: 13.00)
[18:57:49] TERRAIN: Queued chunk: (0.0, -13.0) (distance: 13.00)
[18:57:49] TERRAIN: Queued chunk: (5.0, -12.0) (distance: 13.00)
[18:57:49] TERRAIN: Queued chunk: (-11.0, 7.0) (distance: 13.04)
[18:57:49] TERRAIN: Queued chunk: (-13.0, -1.0) (distance: 13.04)
[18:57:49] TERRAIN: Queued chunk: (-11.0, -7.0) (distance: 13.04)
[18:57:49] TERRAIN: Queued chunk: (7.0, -11.0) (distance: 13.04)
[18:57:49] TERRAIN: Queued chunk: (1.0, 13.0) (distance: 13.04)
[18:57:49] TERRAIN: Queued chunk: (13.0, 1.0) (distance: 13.04)
[18:57:49] TERRAIN: Queued chunk: (1.0, -13.0) (distance: 13.04)
[18:57:49] TERRAIN: Queued chunk: (7.0, 11.0) (distance: 13.04)
[18:57:49] TERRAIN: Queued chunk: (-7.0, -11.0) (distance: 13.04)
[18:57:49] TERRAIN: Queued chunk: (-7.0, 11.0) (distance: 13.04)
[18:57:49] TERRAIN: Queued chunk: (11.0, 7.0) (distance: 13.04)
[18:57:49] TERRAIN: Queued chunk: (-13.0, 1.0) (distance: 13.04)
[18:57:49] TERRAIN: Queued chunk: (-1.0, 13.0) (distance: 13.04)
[18:57:49] TERRAIN: Queued chunk: (-1.0, -13.0) (distance: 13.04)
[18:57:49] TERRAIN: Queued chunk: (11.0, -7.0) (distance: 13.04)
[18:57:49] TERRAIN: Queued chunk: (13.0, -1.0) (distance: 13.04)
[18:57:49] TERRAIN: Queued chunk: (-13.0, 2.0) (distance: 13.15)
[18:57:49] TERRAIN: Queued chunk: (2.0, 13.0) (distance: 13.15)
[18:57:49] TERRAIN: Queued chunk: (2.0, -13.0) (distance: 13.15)
[18:57:49] TERRAIN: Queued chunk: (13.0, 2.0) (distance: 13.15)
[18:57:49] TERRAIN: Queued chunk: (-13.0, -2.0) (distance: 13.15)
[18:57:49] TERRAIN: Queued chunk: (13.0, -2.0) (distance: 13.15)
[18:57:49] TERRAIN: Queued chunk: (-2.0, 13.0) (distance: 13.15)
[18:57:49] TERRAIN: Queued chunk: (-2.0, -13.0) (distance: 13.15)
[18:57:49] TERRAIN: Queued chunk: (3.0, -13.0) (distance: 13.34)
[18:57:49] TERRAIN: Queued chunk: (-13.0, -3.0) (distance: 13.34)
[18:57:49] TERRAIN: Queued chunk: (3.0, 13.0) (distance: 13.34)
[18:57:49] TERRAIN: Queued chunk: (-13.0, 3.0) (distance: 13.34)
[18:57:49] TERRAIN: Queued chunk: (13.0, 3.0) (distance: 13.34)
[18:57:49] TERRAIN: Queued chunk: (13.0, -3.0) (distance: 13.34)
[18:57:49] TERRAIN: Queued chunk: (-3.0, -13.0) (distance: 13.34)
[18:57:49] TERRAIN: Queued chunk: (-3.0, 13.0) (distance: 13.34)
[18:57:49] TERRAIN: Queued chunk: (-12.0, -6.0) (distance: 13.42)
[18:57:49] TERRAIN: Queued chunk: (-12.0, 6.0) (distance: 13.42)
[18:57:49] TERRAIN: Queued chunk: (6.0, 12.0) (distance: 13.42)
[18:57:49] TERRAIN: Queued chunk: (6.0, -12.0) (distance: 13.42)
[18:57:49] TERRAIN: Queued chunk: (12.0, 6.0) (distance: 13.42)
[18:57:49] TERRAIN: Queued chunk: (-6.0, -12.0) (distance: 13.42)
[18:57:49] TERRAIN: Queued chunk: (-6.0, 12.0) (distance: 13.42)
[18:57:49] TERRAIN: Queued chunk: (12.0, -6.0) (distance: 13.42)
[18:57:49] TERRAIN: Queued chunk: (9.0, -10.0) (distance: 13.45)
[18:57:49] TERRAIN: Queued chunk: (9.0, 10.0) (distance: 13.45)
[18:57:49] TERRAIN: Queued chunk: (10.0, -9.0) (distance: 13.45)
[18:57:49] TERRAIN: Queued chunk: (10.0, 9.0) (distance: 13.45)
[18:57:49] TERRAIN: Queued chunk: (-9.0, 10.0) (distance: 13.45)
[18:57:49] TERRAIN: Queued chunk: (-9.0, -10.0) (distance: 13.45)
[18:57:49] TERRAIN: Queued chunk: (-10.0, 9.0) (distance: 13.45)
[18:57:49] TERRAIN: Queued chunk: (-10.0, -9.0) (distance: 13.45)
[18:57:49] TERRAIN: Queued chunk: (8.0, 11.0) (distance: 13.60)
[18:57:49] TERRAIN: Queued chunk: (11.0, 8.0) (distance: 13.60)
[18:57:49] TERRAIN: Queued chunk: (-13.0, -4.0) (distance: 13.60)
[18:57:49] TERRAIN: Queued chunk: (-13.0, 4.0) (distance: 13.60)
[18:57:49] TERRAIN: Queued chunk: (11.0, -8.0) (distance: 13.60)
[18:57:49] TERRAIN: Queued chunk: (13.0, 4.0) (distance: 13.60)
[18:57:49] TERRAIN: Queued chunk: (-11.0, -8.0) (distance: 13.60)
[18:57:49] TERRAIN: Queued chunk: (-11.0, 8.0) (distance: 13.60)
[18:57:49] TERRAIN: Queued chunk: (-8.0, -11.0) (distance: 13.60)
[18:57:49] TERRAIN: Queued chunk: (-8.0, 11.0) (distance: 13.60)
[18:57:49] TERRAIN: Queued chunk: (-4.0, -13.0) (distance: 13.60)
[18:57:49] TERRAIN: Queued chunk: (-4.0, 13.0) (distance: 13.60)
[18:57:49] TERRAIN: Queued chunk: (13.0, -4.0) (distance: 13.60)
[18:57:49] TERRAIN: Queued chunk: (4.0, -13.0) (distance: 13.60)
[18:57:49] TERRAIN: Queued chunk: (4.0, 13.0) (distance: 13.60)
[18:57:49] TERRAIN: Queued chunk: (8.0, -11.0) (distance: 13.60)
[18:57:49] TERRAIN: Queued chunk: (12.0, -7.0) (distance: 13.89)
[18:57:49] TERRAIN: Queued chunk: (-7.0, 12.0) (distance: 13.89)
[18:57:49] TERRAIN: Queued chunk: (-7.0, -12.0) (distance: 13.89)
[18:57:49] TERRAIN: Queued chunk: (-12.0, 7.0) (distance: 13.89)
[18:57:49] TERRAIN: Queued chunk: (-12.0, -7.0) (distance: 13.89)
[18:57:49] TERRAIN: Queued chunk: (7.0, 12.0) (distance: 13.89)
[18:57:49] TERRAIN: Queued chunk: (7.0, -12.0) (distance: 13.89)
[18:57:49] TERRAIN: Queued chunk: (12.0, 7.0) (distance: 13.89)
[18:57:49] TERRAIN: Queued chunk: (13.0, 5.0) (distance: 13.93)
[18:57:49] TERRAIN: Queued chunk: (-13.0, 5.0) (distance: 13.93)
[18:57:49] TERRAIN: Queued chunk: (-13.0, -5.0) (distance: 13.93)
[18:57:49] TERRAIN: Queued chunk: (5.0, -13.0) (distance: 13.93)
[18:57:49] TERRAIN: Queued chunk: (5.0, 13.0) (distance: 13.93)
[18:57:49] TERRAIN: Queued chunk: (13.0, -5.0) (distance: 13.93)
[18:57:49] TERRAIN: Queued chunk: (-5.0, 13.0) (distance: 13.93)
[18:57:49] TERRAIN: Queued chunk: (-5.0, -13.0) (distance: 13.93)
[18:57:49] TERRAIN: Queued chunk: (0.0, -14.0) (distance: 14.00)
[18:57:49] TERRAIN: Queued chunk: (0.0, 14.0) (distance: 14.00)
[18:57:49] TERRAIN: Queued chunk: (14.0, 0.0) (distance: 14.00)
[18:57:49] TERRAIN: Queued chunk: (-14.0, 0.0) (distance: 14.00)
[18:57:49] TERRAIN: Queued chunk: (1.0, -14.0) (distance: 14.04)
[18:57:49] TERRAIN: Queued chunk: (14.0, 1.0) (distance: 14.04)
[18:57:49] TERRAIN: Queued chunk: (-1.0, 14.0) (distance: 14.04)
[18:57:49] TERRAIN: Queued chunk: (-1.0, -14.0) (distance: 14.04)
[18:57:49] TERRAIN: Queued chunk: (1.0, 14.0) (distance: 14.04)
[18:57:49] TERRAIN: Queued chunk: (-14.0, 1.0) (distance: 14.04)
[18:57:49] TERRAIN: Queued chunk: (-14.0, -1.0) (distance: 14.04)
[18:57:49] TERRAIN: Queued chunk: (14.0, -1.0) (distance: 14.04)
[18:57:49] TERRAIN: Queued chunk: (-14.0, 2.0) (distance: 14.14)
[18:57:49] TERRAIN: Queued chunk: (10.0, 10.0) (distance: 14.14)
[18:57:49] TERRAIN: Queued chunk: (-10.0, -10.0) (distance: 14.14)
[18:57:49] TERRAIN: Queued chunk: (-10.0, 10.0) (distance: 14.14)
[18:57:49] TERRAIN: Queued chunk: (14.0, 2.0) (distance: 14.14)
[18:57:49] TERRAIN: Queued chunk: (-14.0, -2.0) (distance: 14.14)
[18:57:49] TERRAIN: Queued chunk: (2.0, 14.0) (distance: 14.14)
[18:57:49] TERRAIN: Queued chunk: (2.0, -14.0) (distance: 14.14)
[18:57:49] TERRAIN: Queued chunk: (-2.0, 14.0) (distance: 14.14)
[18:57:49] TERRAIN: Queued chunk: (14.0, -2.0) (distance: 14.14)
[18:57:49] TERRAIN: Queued chunk: (-2.0, -14.0) (distance: 14.14)
[18:57:49] TERRAIN: Queued chunk: (10.0, -10.0) (distance: 14.14)
[18:57:49] TERRAIN: Queued chunk: (9.0, -11.0) (distance: 14.21)
[18:57:49] TERRAIN: Queued chunk: (11.0, -9.0) (distance: 14.21)
[18:57:49] TERRAIN: Queued chunk: (9.0, 11.0) (distance: 14.21)
[18:57:49] TERRAIN: Queued chunk: (-11.0, -9.0) (distance: 14.21)
[18:57:49] TERRAIN: Queued chunk: (-11.0, 9.0) (distance: 14.21)
[18:57:49] TERRAIN: Queued chunk: (-9.0, -11.0) (distance: 14.21)
[18:57:49] TERRAIN: Queued chunk: (-9.0, 11.0) (distance: 14.21)
[18:57:49] TERRAIN: Queued chunk: (11.0, 9.0) (distance: 14.21)
[18:57:49] TERRAIN: Queued chunk: (-6.0, -13.0) (distance: 14.32)
[18:57:49] TERRAIN: Queued chunk: (14.0, -3.0) (distance: 14.32)
[18:57:49] TERRAIN: Queued chunk: (6.0, 13.0) (distance: 14.32)
[18:57:49] TERRAIN: Queued chunk: (6.0, -13.0) (distance: 14.32)
[18:57:49] TERRAIN: Queued chunk: (-14.0, 3.0) (distance: 14.32)
[18:57:49] TERRAIN: Queued chunk: (13.0, 6.0) (distance: 14.32)
[18:57:49] TERRAIN: Queued chunk: (-13.0, -6.0) (distance: 14.32)
[18:57:49] TERRAIN: Queued chunk: (3.0, 14.0) (distance: 14.32)
[18:57:49] TERRAIN: Queued chunk: (3.0, -14.0) (distance: 14.32)
[18:57:49] TERRAIN: Queued chunk: (-13.0, 6.0) (distance: 14.32)
[18:57:49] TERRAIN: Queued chunk: (-6.0, 13.0) (distance: 14.32)
[18:57:49] TERRAIN: Queued chunk: (-14.0, -3.0) (distance: 14.32)
[18:57:49] TERRAIN: Queued chunk: (-3.0, -14.0) (distance: 14.32)
[18:57:49] TERRAIN: Queued chunk: (13.0, -6.0) (distance: 14.32)
[18:57:49] TERRAIN: Queued chunk: (14.0, 3.0) (distance: 14.32)
[18:57:49] TERRAIN: Queued chunk: (-3.0, 14.0) (distance: 14.32)
[18:57:49] TERRAIN: Queued chunk: (12.0, 8.0) (distance: 14.42)
[18:57:49] TERRAIN: Queued chunk: (12.0, -8.0) (distance: 14.42)
[18:57:49] TERRAIN: Queued chunk: (-12.0, -8.0) (distance: 14.42)
[18:57:49] TERRAIN: Queued chunk: (-12.0, 8.0) (distance: 14.42)
[18:57:49] TERRAIN: Queued chunk: (-8.0, -12.0) (distance: 14.42)
[18:57:49] TERRAIN: Queued chunk: (-8.0, 12.0) (distance: 14.42)
[18:57:49] TERRAIN: Queued chunk: (8.0, -12.0) (distance: 14.42)
[18:57:49] TERRAIN: Queued chunk: (8.0, 12.0) (distance: 14.42)
[18:57:49] TERRAIN: Queued chunk: (14.0, -4.0) (distance: 14.56)
[18:57:49] TERRAIN: Queued chunk: (4.0, 14.0) (distance: 14.56)
[18:57:49] TERRAIN: Queued chunk: (4.0, -14.0) (distance: 14.56)
[18:57:49] TERRAIN: Queued chunk: (-4.0, 14.0) (distance: 14.56)
[18:57:49] TERRAIN: Queued chunk: (-4.0, -14.0) (distance: 14.56)
[18:57:49] TERRAIN: Queued chunk: (14.0, 4.0) (distance: 14.56)
[18:57:49] TERRAIN: Queued chunk: (-14.0, 4.0) (distance: 14.56)
[18:57:49] TERRAIN: Queued chunk: (-14.0, -4.0) (distance: 14.56)
[18:57:49] TERRAIN: Queued chunk: (13.0, -7.0) (distance: 14.76)
[18:57:49] TERRAIN: Queued chunk: (7.0, 13.0) (distance: 14.76)
[18:57:49] TERRAIN: Queued chunk: (7.0, -13.0) (distance: 14.76)
[18:57:49] TERRAIN: Queued chunk: (-7.0, 13.0) (distance: 14.76)
[18:57:49] TERRAIN: Queued chunk: (-7.0, -13.0) (distance: 14.76)
[18:57:49] TERRAIN: Queued chunk: (-13.0, 7.0) (distance: 14.76)
[18:57:49] TERRAIN: Queued chunk: (-13.0, -7.0) (distance: 14.76)
[18:57:49] TERRAIN: Queued chunk: (13.0, 7.0) (distance: 14.76)
[18:57:49] TERRAIN: Queued chunk: (14.0, -5.0) (distance: 14.87)
[18:57:49] TERRAIN: Queued chunk: (11.0, 10.0) (distance: 14.87)
[18:57:49] TERRAIN: Queued chunk: (11.0, -10.0) (distance: 14.87)
[18:57:49] TERRAIN: Queued chunk: (10.0, 11.0) (distance: 14.87)
[18:57:49] TERRAIN: Queued chunk: (10.0, -11.0) (distance: 14.87)
[18:57:49] TERRAIN: Queued chunk: (5.0, 14.0) (distance: 14.87)
[18:57:49] TERRAIN: Queued chunk: (5.0, -14.0) (distance: 14.87)
[18:57:49] TERRAIN: Queued chunk: (-5.0, 14.0) (distance: 14.87)
[18:57:49] TERRAIN: Queued chunk: (-5.0, -14.0) (distance: 14.87)
[18:57:49] TERRAIN: Queued chunk: (-10.0, 11.0) (distance: 14.87)
[18:57:49] TERRAIN: Queued chunk: (-10.0, -11.0) (distance: 14.87)
[18:57:49] TERRAIN: Queued chunk: (-11.0, 10.0) (distance: 14.87)
[18:57:49] TERRAIN: Queued chunk: (-11.0, -10.0) (distance: 14.87)
[18:57:49] TERRAIN: Queued chunk: (14.0, 5.0) (distance: 14.87)
[18:57:49] TERRAIN: Queued chunk: (-14.0, 5.0) (distance: 14.87)
[18:57:49] TERRAIN: Queued chunk: (-14.0, -5.0) (distance: 14.87)
[18:57:49] TERRAIN: Queued chunk: (15.0, 0.0) (distance: 15.00)
[18:57:49] TERRAIN: Queued chunk: (12.0, 9.0) (distance: 15.00)
[18:57:49] TERRAIN: Queued chunk: (12.0, -9.0) (distance: 15.00)
[18:57:49] TERRAIN: Queued chunk: (9.0, 12.0) (distance: 15.00)
[18:57:49] TERRAIN: Queued chunk: (9.0, -12.0) (distance: 15.00)
[18:57:49] TERRAIN: Queued chunk: (0.0, 15.0) (distance: 15.00)
[18:57:49] TERRAIN: Queued chunk: (0.0, -15.0) (distance: 15.00)
[18:57:49] TERRAIN: Queued chunk: (-9.0, 12.0) (distance: 15.00)
[18:57:49] TERRAIN: Queued chunk: (-9.0, -12.0) (distance: 15.00)
[18:57:49] TERRAIN: Queued chunk: (-12.0, 9.0) (distance: 15.00)
[18:57:49] TERRAIN: Queued chunk: (-12.0, -9.0) (distance: 15.00)
[18:57:49] TERRAIN: Queued chunk: (-15.0, 0.0) (distance: 15.00)
[18:57:49] TERRAIN: Creating chunk: (0.0, 0.0) at distance 0.00
[18:57:49] TERRAIN: Chunk (0.0, 0.0): TRIMESH collision created successfully (distance: 0.00, vertices: 512)
[18:57:49] TERRAIN: Chunk created successfully: (0.0, 0.0) at world pos (0.0, 0.0, 0.0) (total chunks: 1)
[18:57:49] TERRAIN: Creating chunk: (0.0, -1.0) at distance 1.00
[18:57:49] TERRAIN: Chunk (0.0, -1.0): TRIMESH collision created successfully (distance: 1.00, vertices: 512)
[18:57:49] TERRAIN: Chunk created successfully: (0.0, -1.0) at world pos (0.0, 0.0, -32.0) (total chunks: 2)
[18:57:49] TERRAIN: Creating chunk: (-1.0, 0.0) at distance 1.00
[18:57:49] TERRAIN: Chunk (-1.0, 0.0): TRIMESH collision created successfully (distance: 1.00, vertices: 512)
[18:57:49] TERRAIN: Chunk created successfully: (-1.0, 0.0) at world pos (-32.0, 0.0, 0.0) (total chunks: 3)
[18:57:49] TERRAIN: Creating chunk: (0.0, 1.0) at distance 1.00
[18:57:49] TERRAIN: Chunk (0.0, 1.0): TRIMESH collision created successfully (distance: 1.00, vertices: 512)
[18:57:49] TERRAIN: Chunk created successfully: (0.0, 1.0) at world pos (0.0, 0.0, 32.0) (total chunks: 4)
[18:57:49] TERRAIN: Creating chunk: (1.0, 0.0) at distance 1.00
[18:57:49] TERRAIN: Chunk (1.0, 0.0): TRIMESH collision created successfully (distance: 1.00, vertices: 512)
[18:57:49] TERRAIN: Chunk created successfully: (1.0, 0.0) at world pos (32.0, 0.0, 0.0) (total chunks: 5)
[18:57:49] TERRAIN: Creating chunk: (-1.0, 1.0) at distance 1.41
[18:57:49] TERRAIN: Chunk (-1.0, 1.0): TRIMESH collision created successfully (distance: 1.41, vertices: 128)
[18:57:49] TERRAIN: Chunk created successfully: (-1.0, 1.0) at world pos (-32.0, 0.0, 32.0) (total chunks: 6)
[18:57:49] TERRAIN: Creating chunk: (-1.0, -1.0) at distance 1.41
[18:57:49] TERRAIN: Chunk (-1.0, -1.0): TRIMESH collision created successfully (distance: 1.41, vertices: 128)
[18:57:49] TERRAIN: Chunk created successfully: (-1.0, -1.0) at world pos (-32.0, 0.0, -32.0) (total chunks: 7)
[18:57:49] TERRAIN: Creating chunk: (1.0, 1.0) at distance 1.41
[18:57:49] TERRAIN: Chunk (1.0, 1.0): TRIMESH collision created successfully (distance: 1.41, vertices: 128)
[18:57:49] TERRAIN: Chunk created successfully: (1.0, 1.0) at world pos (32.0, 0.0, 32.0) (total chunks: 8)
[18:57:49] TERRAIN: Creating chunk: (1.0, -1.0) at distance 1.41
[18:57:49] TERRAIN: Chunk (1.0, -1.0): TRIMESH collision created successfully (distance: 1.41, vertices: 128)
[18:57:49] TERRAIN: Chunk created successfully: (1.0, -1.0) at world pos (32.0, 0.0, -32.0) (total chunks: 9)
[18:57:49] TERRAIN: Creating chunk: (0.0, -2.0) at distance 2.00
[18:57:49] TERRAIN: Chunk (0.0, -2.0): TRIMESH collision created successfully (distance: 2.00, vertices: 128)
[18:57:49] TERRAIN: Chunk created successfully: (0.0, -2.0) at world pos (0.0, 0.0, -64.0) (total chunks: 10)
[18:57:49] TERRAIN: Creating chunk: (0.0, 2.0) at distance 2.00
[18:57:49] TERRAIN: Chunk (0.0, 2.0): TRIMESH collision created successfully (distance: 2.00, vertices: 128)
[18:57:49] TERRAIN: Chunk created successfully: (0.0, 2.0) at world pos (0.0, 0.0, 64.0) (total chunks: 11)
[18:57:49] TERRAIN: Creating chunk: (-2.0, 0.0) at distance 2.00
[18:57:49] TERRAIN: Chunk (-2.0, 0.0): TRIMESH collision created successfully (distance: 2.00, vertices: 128)
[18:57:49] TERRAIN: Chunk created successfully: (-2.0, 0.0) at world pos (-64.0, 0.0, 0.0) (total chunks: 12)
[18:57:49] TERRAIN: Creating chunk: (2.0, 0.0) at distance 2.00
[18:57:49] TERRAIN: Chunk (2.0, 0.0): TRIMESH collision created successfully (distance: 2.00, vertices: 128)
[18:57:49] TERRAIN: Chunk created successfully: (2.0, 0.0) at world pos (64.0, 0.0, 0.0) (total chunks: 13)
[18:57:49] TERRAIN: Creating chunk: (-2.0, 1.0) at distance 2.24
[18:57:49] TERRAIN: Chunk (-2.0, 1.0): TRIMESH collision created successfully (distance: 2.24, vertices: 128)
[18:57:49] TERRAIN: Chunk created successfully: (-2.0, 1.0) at world pos (-64.0, 0.0, 32.0) (total chunks: 14)
[18:57:49] TERRAIN: Creating chunk: (-2.0, -1.0) at distance 2.24
[18:57:49] TERRAIN: Chunk (-2.0, -1.0): TRIMESH collision created successfully (distance: 2.24, vertices: 128)
[18:57:49] TERRAIN: Chunk created successfully: (-2.0, -1.0) at world pos (-64.0, 0.0, -32.0) (total chunks: 15)
[18:57:49] TERRAIN: Creating chunk: (1.0, 2.0) at distance 2.24
[18:57:49] TERRAIN: Chunk (1.0, 2.0): TRIMESH collision created successfully (distance: 2.24, vertices: 128)
[18:57:49] TERRAIN: Chunk created successfully: (1.0, 2.0) at world pos (32.0, 0.0, 64.0) (total chunks: 16)
[18:57:49] TERRAIN: Creating chunk: (1.0, -2.0) at distance 2.24
[18:57:49] TERRAIN: Chunk (1.0, -2.0): TRIMESH collision created successfully (distance: 2.24, vertices: 128)
[18:57:49] TERRAIN: Chunk created successfully: (1.0, -2.0) at world pos (32.0, 0.0, -64.0) (total chunks: 17)
[18:57:49] TERRAIN: Creating chunk: (-1.0, 2.0) at distance 2.24
[18:57:49] TERRAIN: Chunk (-1.0, 2.0): TRIMESH collision created successfully (distance: 2.24, vertices: 128)
[18:57:49] TERRAIN: Chunk created successfully: (-1.0, 2.0) at world pos (-32.0, 0.0, 64.0) (total chunks: 18)
[18:57:49] TERRAIN: Creating chunk: (2.0, 1.0) at distance 2.24
[18:57:49] TERRAIN: Chunk (2.0, 1.0): TRIMESH collision created successfully (distance: 2.24, vertices: 128)
[18:57:49] TERRAIN: Chunk created successfully: (2.0, 1.0) at world pos (64.0, 0.0, 32.0) (total chunks: 19)
[18:57:49] TERRAIN: Creating chunk: (2.0, -1.0) at distance 2.24
[18:57:49] TERRAIN: Chunk (2.0, -1.0): TRIMESH collision created successfully (distance: 2.24, vertices: 128)
[18:57:49] TERRAIN: Chunk created successfully: (2.0, -1.0) at world pos (64.0, 0.0, -32.0) (total chunks: 20)
[18:57:49] TERRAIN: Creating chunk: (-1.0, -2.0) at distance 2.24
[18:57:49] TERRAIN: Chunk (-1.0, -2.0): TRIMESH collision created successfully (distance: 2.24, vertices: 128)
[18:57:49] TERRAIN: Chunk created successfully: (-1.0, -2.0) at world pos (-32.0, 0.0, -64.0) (total chunks: 21)
[18:57:49] TERRAIN: Creating chunk: (2.0, 2.0) at distance 2.83
[18:57:49] TERRAIN: Chunk (2.0, 2.0): TRIMESH collision created successfully (distance: 2.83, vertices: 128)
[18:57:49] TERRAIN: Chunk created successfully: (2.0, 2.0) at world pos (64.0, 0.0, 64.0) (total chunks: 22)
[18:57:49] TERRAIN: Creating chunk: (2.0, -2.0) at distance 2.83
[18:57:49] TERRAIN: Chunk (2.0, -2.0): TRIMESH collision created successfully (distance: 2.83, vertices: 128)
[18:57:49] TERRAIN: Chunk created successfully: (2.0, -2.0) at world pos (64.0, 0.0, -64.0) (total chunks: 23)
[18:57:49] TERRAIN: Creating chunk: (-2.0, -2.0) at distance 2.83
[18:57:49] TERRAIN: Chunk (-2.0, -2.0): TRIMESH collision created successfully (distance: 2.83, vertices: 128)
[18:57:49] TERRAIN: Chunk created successfully: (-2.0, -2.0) at world pos (-64.0, 0.0, -64.0) (total chunks: 24)
[18:57:49] TERRAIN: Creating chunk: (-2.0, 2.0) at distance 2.83
[18:57:49] TERRAIN: Chunk (-2.0, 2.0): TRIMESH collision created successfully (distance: 2.83, vertices: 128)
[18:57:49] TERRAIN: Chunk created successfully: (-2.0, 2.0) at world pos (-64.0, 0.0, 64.0) (total chunks: 25)
[18:57:49] TERRAIN: Creating chunk: (0.0, -3.0) at distance 3.00
[18:57:49] TERRAIN: Chunk (0.0, -3.0): TRIMESH collision created successfully (distance: 3.00, vertices: 128)
[18:57:49] TERRAIN: Chunk created successfully: (0.0, -3.0) at world pos (0.0, 0.0, -96.0) (total chunks: 26)
[18:57:49] TERRAIN: Creating chunk: (0.0, 3.0) at distance 3.00
[18:57:49] TERRAIN: Chunk (0.0, 3.0): TRIMESH collision created successfully (distance: 3.00, vertices: 128)
[18:57:49] TERRAIN: Chunk created successfully: (0.0, 3.0) at world pos (0.0, 0.0, 96.0) (total chunks: 27)
[18:57:49] TERRAIN: Creating chunk: (3.0, 0.0) at distance 3.00
[18:57:49] TERRAIN: Chunk (3.0, 0.0): TRIMESH collision created successfully (distance: 3.00, vertices: 128)
[18:57:49] TERRAIN: Chunk created successfully: (3.0, 0.0) at world pos (96.0, 0.0, 0.0) (total chunks: 28)
[18:57:49] TERRAIN: Creating chunk: (-3.0, 0.0) at distance 3.00
[18:57:49] TERRAIN: Chunk (-3.0, 0.0): TRIMESH collision created successfully (distance: 3.00, vertices: 128)
[18:57:49] TERRAIN: Chunk created successfully: (-3.0, 0.0) at world pos (-96.0, 0.0, 0.0) (total chunks: 29)
[18:57:49] TERRAIN: Creating chunk: (1.0, 3.0) at distance 3.16
[18:57:49] TERRAIN: Chunk (1.0, 3.0): TRIMESH collision created successfully (distance: 3.16, vertices: 32)
[18:57:49] TERRAIN: Chunk created successfully: (1.0, 3.0) at world pos (32.0, 0.0, 96.0) (total chunks: 30)
[18:57:49] TERRAIN: Creating chunk: (-1.0, -3.0) at distance 3.16
[18:57:49] TERRAIN: Chunk (-1.0, -3.0): TRIMESH collision created successfully (distance: 3.16, vertices: 32)
[18:57:49] TERRAIN: Chunk created successfully: (-1.0, -3.0) at world pos (-32.0, 0.0, -96.0) (total chunks: 31)
[18:57:49] TERRAIN: Creating chunk: (-3.0, -1.0) at distance 3.16
[18:57:49] TERRAIN: Chunk (-3.0, -1.0): TRIMESH collision created successfully (distance: 3.16, vertices: 32)
[18:57:49] TERRAIN: Chunk created successfully: (-3.0, -1.0) at world pos (-96.0, 0.0, -32.0) (total chunks: 32)
[18:57:49] TERRAIN: Creating chunk: (3.0, -1.0) at distance 3.16
[18:57:49] TERRAIN: Chunk (3.0, -1.0): TRIMESH collision created successfully (distance: 3.16, vertices: 32)
[18:57:49] TERRAIN: Chunk created successfully: (3.0, -1.0) at world pos (96.0, 0.0, -32.0) (total chunks: 33)
[18:57:49] TERRAIN: Creating chunk: (3.0, 1.0) at distance 3.16
[18:57:49] TERRAIN: Chunk (3.0, 1.0): TRIMESH collision created successfully (distance: 3.16, vertices: 32)
[18:57:49] TERRAIN: Chunk created successfully: (3.0, 1.0) at world pos (96.0, 0.0, 32.0) (total chunks: 34)
[18:57:49] TERRAIN: Creating chunk: (-3.0, 1.0) at distance 3.16
[18:57:49] TERRAIN: Chunk (-3.0, 1.0): TRIMESH collision created successfully (distance: 3.16, vertices: 32)
[18:57:49] TERRAIN: Chunk created successfully: (-3.0, 1.0) at world pos (-96.0, 0.0, 32.0) (total chunks: 35)
[18:57:49] TERRAIN: Creating chunk: (1.0, -3.0) at distance 3.16
[18:57:49] TERRAIN: Chunk (1.0, -3.0): TRIMESH collision created successfully (distance: 3.16, vertices: 32)
[18:57:49] TERRAIN: Chunk created successfully: (1.0, -3.0) at world pos (32.0, 0.0, -96.0) (total chunks: 36)
[18:57:49] TERRAIN: Creating chunk: (-1.0, 3.0) at distance 3.16
[18:57:49] TERRAIN: Chunk (-1.0, 3.0): TRIMESH collision created successfully (distance: 3.16, vertices: 32)
[18:57:49] TERRAIN: Chunk created successfully: (-1.0, 3.0) at world pos (-32.0, 0.0, 96.0) (total chunks: 37)
[18:57:49] TERRAIN: Creating chunk: (-3.0, -2.0) at distance 3.61
[18:57:49] TERRAIN: Chunk (-3.0, -2.0): TRIMESH collision created successfully (distance: 3.61, vertices: 32)
[18:57:49] TERRAIN: Chunk created successfully: (-3.0, -2.0) at world pos (-96.0, 0.0, -64.0) (total chunks: 38)
[18:57:49] TERRAIN: Creating chunk: (-3.0, 2.0) at distance 3.61
[18:57:49] TERRAIN: Chunk (-3.0, 2.0): TRIMESH collision created successfully (distance: 3.61, vertices: 32)
[18:57:49] TERRAIN: Chunk created successfully: (-3.0, 2.0) at world pos (-96.0, 0.0, 64.0) (total chunks: 39)
[18:57:49] TERRAIN: Creating chunk: (2.0, -3.0) at distance 3.61
[18:57:49] TERRAIN: Chunk (2.0, -3.0): TRIMESH collision created successfully (distance: 3.61, vertices: 32)
[18:57:49] TERRAIN: Chunk created successfully: (2.0, -3.0) at world pos (64.0, 0.0, -96.0) (total chunks: 40)
[18:57:49] TERRAIN: Creating chunk: (2.0, 3.0) at distance 3.61
[18:57:49] TERRAIN: Chunk (2.0, 3.0): TRIMESH collision created successfully (distance: 3.61, vertices: 32)
[18:57:49] TERRAIN: Chunk created successfully: (2.0, 3.0) at world pos (64.0, 0.0, 96.0) (total chunks: 41)
[18:57:49] TERRAIN: Creating chunk: (-2.0, -3.0) at distance 3.61
[18:57:49] TERRAIN: Chunk (-2.0, -3.0): TRIMESH collision created successfully (distance: 3.61, vertices: 32)
[18:57:49] TERRAIN: Chunk created successfully: (-2.0, -3.0) at world pos (-64.0, 0.0, -96.0) (total chunks: 42)
[18:57:49] TERRAIN: Creating chunk: (3.0, 2.0) at distance 3.61
[18:57:49] TERRAIN: Chunk (3.0, 2.0): TRIMESH collision created successfully (distance: 3.61, vertices: 32)
[18:57:49] TERRAIN: Chunk created successfully: (3.0, 2.0) at world pos (96.0, 0.0, 64.0) (total chunks: 43)
[18:57:49] TERRAIN: Creating chunk: (-2.0, 3.0) at distance 3.61
[18:57:49] TERRAIN: Chunk (-2.0, 3.0): TRIMESH collision created successfully (distance: 3.61, vertices: 32)
[18:57:49] TERRAIN: Chunk created successfully: (-2.0, 3.0) at world pos (-64.0, 0.0, 96.0) (total chunks: 44)
[18:57:49] TERRAIN: Creating chunk: (3.0, -2.0) at distance 3.61
[18:57:49] TERRAIN: Chunk (3.0, -2.0): TRIMESH collision created successfully (distance: 3.61, vertices: 32)
[18:57:49] TERRAIN: Chunk created successfully: (3.0, -2.0) at world pos (96.0, 0.0, -64.0) (total chunks: 45)
[18:57:49] TERRAIN: Creating chunk: (4.0, 0.0) at distance 4.00
[18:57:49] TERRAIN: Chunk (4.0, 0.0): TRIMESH collision created successfully (distance: 4.00, vertices: 32)
[18:57:49] TERRAIN: Chunk created successfully: (4.0, 0.0) at world pos (128.0, 0.0, 0.0) (total chunks: 46)
[18:57:49] TERRAIN: Creating chunk: (0.0, -4.0) at distance 4.00
[18:57:49] TERRAIN: Chunk (0.0, -4.0): TRIMESH collision created successfully (distance: 4.00, vertices: 32)
[18:57:49] TERRAIN: Chunk created successfully: (0.0, -4.0) at world pos (0.0, 0.0, -128.0) (total chunks: 47)
[18:57:49] TERRAIN: Creating chunk: (0.0, 4.0) at distance 4.00
[18:57:49] TERRAIN: Chunk (0.0, 4.0): TRIMESH collision created successfully (distance: 4.00, vertices: 32)
[18:57:49] TERRAIN: Chunk created successfully: (0.0, 4.0) at world pos (0.0, 0.0, 128.0) (total chunks: 48)
[18:57:49] TERRAIN: Creating chunk: (-4.0, 0.0) at distance 4.00
[18:57:49] TERRAIN: Chunk (-4.0, 0.0): TRIMESH collision created successfully (distance: 4.00, vertices: 32)
[18:57:49] TERRAIN: Chunk created successfully: (-4.0, 0.0) at world pos (-128.0, 0.0, 0.0) (total chunks: 49)
[18:57:49] TERRAIN: Creating chunk: (1.0, -4.0) at distance 4.12
[18:57:49] TERRAIN: Chunk (1.0, -4.0): TRIMESH collision created successfully (distance: 4.12, vertices: 32)
[18:57:49] TERRAIN: Chunk created successfully: (1.0, -4.0) at world pos (32.0, 0.0, -128.0) (total chunks: 50)
[18:57:49] TERRAIN: Creating chunk: (-1.0, 4.0) at distance 4.12
[18:57:49] TERRAIN: Chunk (-1.0, 4.0): TRIMESH collision created successfully (distance: 4.12, vertices: 32)
[18:57:49] TERRAIN: Chunk created successfully: (-1.0, 4.0) at world pos (-32.0, 0.0, 128.0) (total chunks: 51)
[18:57:49] TERRAIN: Creating chunk: (1.0, 4.0) at distance 4.12
[18:57:49] TERRAIN: Chunk (1.0, 4.0): TRIMESH collision created successfully (distance: 4.12, vertices: 32)
[18:57:49] TERRAIN: Chunk created successfully: (1.0, 4.0) at world pos (32.0, 0.0, 128.0) (total chunks: 52)
[18:57:49] TERRAIN: Creating chunk: (-4.0, -1.0) at distance 4.12
[18:57:49] TERRAIN: Chunk (-4.0, -1.0): TRIMESH collision created successfully (distance: 4.12, vertices: 32)
[18:57:49] TERRAIN: Chunk created successfully: (-4.0, -1.0) at world pos (-128.0, 0.0, -32.0) (total chunks: 53)
[18:57:49] TERRAIN: Creating chunk: (-1.0, -4.0) at distance 4.12
[18:57:49] TERRAIN: Chunk (-1.0, -4.0): TRIMESH collision created successfully (distance: 4.12, vertices: 32)
[18:57:49] TERRAIN: Chunk created successfully: (-1.0, -4.0) at world pos (-32.0, 0.0, -128.0) (total chunks: 54)
[18:57:49] TERRAIN: Creating chunk: (-4.0, 1.0) at distance 4.12
[18:57:49] TERRAIN: Chunk (-4.0, 1.0): TRIMESH collision created successfully (distance: 4.12, vertices: 32)
[18:57:49] TERRAIN: Chunk created successfully: (-4.0, 1.0) at world pos (-128.0, 0.0, 32.0) (total chunks: 55)
[18:57:49] TERRAIN: Creating chunk: (4.0, -1.0) at distance 4.12
[18:57:49] TERRAIN: Chunk (4.0, -1.0): TRIMESH collision created successfully (distance: 4.12, vertices: 32)
[18:57:49] TERRAIN: Chunk created successfully: (4.0, -1.0) at world pos (128.0, 0.0, -32.0) (total chunks: 56)
[18:57:49] TERRAIN: Creating chunk: (4.0, 1.0) at distance 4.12
[18:57:49] TERRAIN: Chunk (4.0, 1.0): TRIMESH collision created successfully (distance: 4.12, vertices: 32)
[18:57:49] TERRAIN: Chunk created successfully: (4.0, 1.0) at world pos (128.0, 0.0, 32.0) (total chunks: 57)
[18:57:49] TERRAIN: Creating chunk: (3.0, -3.0) at distance 4.24
[18:57:49] TERRAIN: Chunk (3.0, -3.0): TRIMESH collision created successfully (distance: 4.24, vertices: 32)
[18:57:49] TERRAIN: Chunk created successfully: (3.0, -3.0) at world pos (96.0, 0.0, -96.0) (total chunks: 58)
[18:57:49] TERRAIN: Creating chunk: (3.0, 3.0) at distance 4.24
[18:57:49] TERRAIN: Chunk (3.0, 3.0): TRIMESH collision created successfully (distance: 4.24, vertices: 32)
[18:57:49] TERRAIN: Chunk created successfully: (3.0, 3.0) at world pos (96.0, 0.0, 96.0) (total chunks: 59)
[18:57:49] TERRAIN: Creating chunk: (-3.0, -3.0) at distance 4.24
[18:57:49] TERRAIN: Chunk (-3.0, -3.0): TRIMESH collision created successfully (distance: 4.24, vertices: 32)
[18:57:49] TERRAIN: Chunk created successfully: (-3.0, -3.0) at world pos (-96.0, 0.0, -96.0) (total chunks: 60)
[18:57:49] TERRAIN: Creating chunk: (-3.0, 3.0) at distance 4.24
[18:57:49] TERRAIN: Chunk (-3.0, 3.0): TRIMESH collision created successfully (distance: 4.24, vertices: 32)
[18:57:49] TERRAIN: Chunk created successfully: (-3.0, 3.0) at world pos (-96.0, 0.0, 96.0) (total chunks: 61)
[18:57:49] TERRAIN: Creating chunk: (-4.0, -2.0) at distance 4.47
[18:57:49] TERRAIN: Chunk (-4.0, -2.0): TRIMESH collision created successfully (distance: 4.47, vertices: 32)
[18:57:49] TERRAIN: Chunk created successfully: (-4.0, -2.0) at world pos (-128.0, 0.0, -64.0) (total chunks: 62)
[18:57:49] TERRAIN: Creating chunk: (-4.0, 2.0) at distance 4.47
[18:57:49] TERRAIN: Chunk (-4.0, 2.0): TRIMESH collision created successfully (distance: 4.47, vertices: 32)
[18:57:49] TERRAIN: Chunk created successfully: (-4.0, 2.0) at world pos (-128.0, 0.0, 64.0) (total chunks: 63)
[18:57:49] TERRAIN: Creating chunk: (4.0, 2.0) at distance 4.47
[18:57:49] TERRAIN: Chunk (4.0, 2.0): TRIMESH collision created successfully (distance: 4.47, vertices: 32)
[18:57:49] TERRAIN: Chunk created successfully: (4.0, 2.0) at world pos (128.0, 0.0, 64.0) (total chunks: 64)
[18:57:49] TERRAIN: Creating chunk: (4.0, -2.0) at distance 4.47
[18:57:49] TERRAIN: Chunk (4.0, -2.0): TRIMESH collision created successfully (distance: 4.47, vertices: 32)
[18:57:49] TERRAIN: Chunk created successfully: (4.0, -2.0) at world pos (128.0, 0.0, -64.0) (total chunks: 65)
[18:57:49] TERRAIN: Creating chunk: (-2.0, -4.0) at distance 4.47
[18:57:49] TERRAIN: Chunk (-2.0, -4.0): TRIMESH collision created successfully (distance: 4.47, vertices: 32)
[18:57:49] TERRAIN: Chunk created successfully: (-2.0, -4.0) at world pos (-64.0, 0.0, -128.0) (total chunks: 66)
[18:57:49] TERRAIN: Creating chunk: (-2.0, 4.0) at distance 4.47
[18:57:49] TERRAIN: Chunk (-2.0, 4.0): TRIMESH collision created successfully (distance: 4.47, vertices: 32)
[18:57:49] TERRAIN: Chunk created successfully: (-2.0, 4.0) at world pos (-64.0, 0.0, 128.0) (total chunks: 67)
[18:57:49] TERRAIN: Creating chunk: (2.0, 4.0) at distance 4.47
[18:57:49] TERRAIN: Chunk (2.0, 4.0): TRIMESH collision created successfully (distance: 4.47, vertices: 32)
[18:57:49] TERRAIN: Chunk created successfully: (2.0, 4.0) at world pos (64.0, 0.0, 128.0) (total chunks: 68)
[18:57:49] TERRAIN: Creating chunk: (2.0, -4.0) at distance 4.47
[18:57:49] TERRAIN: Chunk (2.0, -4.0): TRIMESH collision created successfully (distance: 4.47, vertices: 32)
[18:57:49] TERRAIN: Chunk created successfully: (2.0, -4.0) at world pos (64.0, 0.0, -128.0) (total chunks: 69)
[18:57:49] TERRAIN: Creating chunk: (0.0, -5.0) at distance 5.00
[18:57:49] TERRAIN: Chunk (0.0, -5.0): TRIMESH collision created successfully (distance: 5.00, vertices: 32)
[18:57:49] TERRAIN: Chunk created successfully: (0.0, -5.0) at world pos (0.0, 0.0, -160.0) (total chunks: 70)
[18:57:49] TERRAIN: Creating chunk: (-3.0, 4.0) at distance 5.00
[18:57:49] TERRAIN: Chunk (-3.0, 4.0): TRIMESH collision created successfully (distance: 5.00, vertices: 32)
[18:57:49] TERRAIN: Chunk created successfully: (-3.0, 4.0) at world pos (-96.0, 0.0, 128.0) (total chunks: 71)
[18:57:49] TERRAIN: Creating chunk: (-3.0, -4.0) at distance 5.00
[18:57:49] TERRAIN: Chunk (-3.0, -4.0): TRIMESH collision created successfully (distance: 5.00, vertices: 32)
[18:57:49] TERRAIN: Chunk created successfully: (-3.0, -4.0) at world pos (-96.0, 0.0, -128.0) (total chunks: 72)
[18:57:49] TERRAIN: Creating chunk: (-4.0, 3.0) at distance 5.00
[18:57:49] TERRAIN: Chunk (-4.0, 3.0): TRIMESH collision created successfully (distance: 5.00, vertices: 32)
[18:57:49] TERRAIN: Chunk created successfully: (-4.0, 3.0) at world pos (-128.0, 0.0, 96.0) (total chunks: 73)
[18:57:49] TERRAIN: Creating chunk: (-4.0, -3.0) at distance 5.00
[18:57:49] TERRAIN: Chunk (-4.0, -3.0): TRIMESH collision created successfully (distance: 5.00, vertices: 32)
[18:57:49] TERRAIN: Chunk created successfully: (-4.0, -3.0) at world pos (-128.0, 0.0, -96.0) (total chunks: 74)
[18:57:49] TERRAIN: Creating chunk: (3.0, -4.0) at distance 5.00
[18:57:49] TERRAIN: Chunk (3.0, -4.0): TRIMESH collision created successfully (distance: 5.00, vertices: 32)
[18:57:49] TERRAIN: Chunk created successfully: (3.0, -4.0) at world pos (96.0, 0.0, -128.0) (total chunks: 75)
[18:57:49] TERRAIN: Creating chunk: (3.0, 4.0) at distance 5.00
[18:57:49] TERRAIN: Chunk (3.0, 4.0): TRIMESH collision created successfully (distance: 5.00, vertices: 32)
[18:57:49] TERRAIN: Chunk created successfully: (3.0, 4.0) at world pos (96.0, 0.0, 128.0) (total chunks: 76)
[18:57:49] TERRAIN: Creating chunk: (-5.0, 0.0) at distance 5.00
[18:57:49] TERRAIN: Chunk (-5.0, 0.0): TRIMESH collision created successfully (distance: 5.00, vertices: 32)
[18:57:49] TERRAIN: Chunk created successfully: (-5.0, 0.0) at world pos (-160.0, 0.0, 0.0) (total chunks: 77)
[18:57:49] TERRAIN: Creating chunk: (5.0, 0.0) at distance 5.00
[18:57:49] TERRAIN: Chunk (5.0, 0.0): TRIMESH collision created successfully (distance: 5.00, vertices: 32)
[18:57:49] TERRAIN: Chunk created successfully: (5.0, 0.0) at world pos (160.0, 0.0, 0.0) (total chunks: 78)
[18:57:49] TERRAIN: Creating chunk: (0.0, 5.0) at distance 5.00
[18:57:49] TERRAIN: Chunk (0.0, 5.0): TRIMESH collision created successfully (distance: 5.00, vertices: 32)
[18:57:49] TERRAIN: Chunk created successfully: (0.0, 5.0) at world pos (0.0, 0.0, 160.0) (total chunks: 79)
[18:57:49] TERRAIN: Creating chunk: (4.0, -3.0) at distance 5.00
[18:57:49] TERRAIN: Chunk (4.0, -3.0): TRIMESH collision created successfully (distance: 5.00, vertices: 32)
[18:57:49] TERRAIN: Chunk created successfully: (4.0, -3.0) at world pos (128.0, 0.0, -96.0) (total chunks: 80)
[18:57:49] TERRAIN: Creating chunk: (4.0, 3.0) at distance 5.00
[18:57:49] TERRAIN: Chunk (4.0, 3.0): TRIMESH collision created successfully (distance: 5.00, vertices: 32)
[18:57:49] TERRAIN: Chunk created successfully: (4.0, 3.0) at world pos (128.0, 0.0, 96.0) (total chunks: 81)
[18:57:49] TERRAIN: Creating chunk: (5.0, 1.0) at distance 5.10
[18:57:49] TERRAIN: Chunk (5.0, 1.0): TRIMESH collision created successfully (distance: 5.10, vertices: 8)
[18:57:49] TERRAIN: Chunk created successfully: (5.0, 1.0) at world pos (160.0, 0.0, 32.0) (total chunks: 82)
[18:57:49] TERRAIN: Creating chunk: (-1.0, 5.0) at distance 5.10
[18:57:49] TERRAIN: Chunk (-1.0, 5.0): TRIMESH collision created successfully (distance: 5.10, vertices: 8)
[18:57:49] TERRAIN: Chunk created successfully: (-1.0, 5.0) at world pos (-32.0, 0.0, 160.0) (total chunks: 83)
[18:57:49] TERRAIN: Creating chunk: (-5.0, -1.0) at distance 5.10
[18:57:49] TERRAIN: Chunk (-5.0, -1.0): TRIMESH collision created successfully (distance: 5.10, vertices: 8)
[18:57:49] TERRAIN: Chunk created successfully: (-5.0, -1.0) at world pos (-160.0, 0.0, -32.0) (total chunks: 84)
[18:57:49] TERRAIN: Creating chunk: (1.0, -5.0) at distance 5.10
[18:57:49] TERRAIN: Chunk (1.0, -5.0): TRIMESH collision created successfully (distance: 5.10, vertices: 8)
[18:57:49] TERRAIN: Chunk created successfully: (1.0, -5.0) at world pos (32.0, 0.0, -160.0) (total chunks: 85)
[18:57:49] TERRAIN: Creating chunk: (1.0, 5.0) at distance 5.10
[18:57:49] TERRAIN: Chunk (1.0, 5.0): TRIMESH collision created successfully (distance: 5.10, vertices: 8)
[18:57:49] TERRAIN: Chunk created successfully: (1.0, 5.0) at world pos (32.0, 0.0, 160.0) (total chunks: 86)
[18:57:49] TERRAIN: Creating chunk: (5.0, -1.0) at distance 5.10
[18:57:49] TERRAIN: Chunk (5.0, -1.0): TRIMESH collision created successfully (distance: 5.10, vertices: 8)
[18:57:49] TERRAIN: Chunk created successfully: (5.0, -1.0) at world pos (160.0, 0.0, -32.0) (total chunks: 87)
[18:57:49] TERRAIN: Creating chunk: (-5.0, 1.0) at distance 5.10
[18:57:49] TERRAIN: Chunk (-5.0, 1.0): TRIMESH collision created successfully (distance: 5.10, vertices: 8)
[18:57:49] TERRAIN: Chunk created successfully: (-5.0, 1.0) at world pos (-160.0, 0.0, 32.0) (total chunks: 88)
[18:57:49] TERRAIN: Creating chunk: (-1.0, -5.0) at distance 5.10
[18:57:49] TERRAIN: Chunk (-1.0, -5.0): TRIMESH collision created successfully (distance: 5.10, vertices: 8)
[18:57:49] TERRAIN: Chunk created successfully: (-1.0, -5.0) at world pos (-32.0, 0.0, -160.0) (total chunks: 89)
[18:57:49] TERRAIN: Creating chunk: (-5.0, 2.0) at distance 5.39
[18:57:49] TERRAIN: Chunk (-5.0, 2.0): TRIMESH collision created successfully (distance: 5.39, vertices: 8)
[18:57:49] TERRAIN: Chunk created successfully: (-5.0, 2.0) at world pos (-160.0, 0.0, 64.0) (total chunks: 90)
[18:57:49] TERRAIN: Creating chunk: (5.0, -2.0) at distance 5.39
[18:57:49] TERRAIN: Chunk (5.0, -2.0): TRIMESH collision created successfully (distance: 5.39, vertices: 8)
[18:57:49] TERRAIN: Chunk created successfully: (5.0, -2.0) at world pos (160.0, 0.0, -64.0) (total chunks: 91)
[18:57:49] TERRAIN: Creating chunk: (-2.0, 5.0) at distance 5.39
[18:57:49] TERRAIN: Chunk (-2.0, 5.0): TRIMESH collision created successfully (distance: 5.39, vertices: 8)
[18:57:49] TERRAIN: Chunk created successfully: (-2.0, 5.0) at world pos (-64.0, 0.0, 160.0) (total chunks: 92)
[18:57:49] TERRAIN: Creating chunk: (2.0, 5.0) at distance 5.39
[18:57:49] TERRAIN: Chunk (2.0, 5.0): TRIMESH collision created successfully (distance: 5.39, vertices: 8)
[18:57:49] TERRAIN: Chunk created successfully: (2.0, 5.0) at world pos (64.0, 0.0, 160.0) (total chunks: 93)
[18:57:49] TERRAIN: Creating chunk: (2.0, -5.0) at distance 5.39
[18:57:49] TERRAIN: Chunk (2.0, -5.0): TRIMESH collision created successfully (distance: 5.39, vertices: 8)
[18:57:49] TERRAIN: Chunk created successfully: (2.0, -5.0) at world pos (64.0, 0.0, -160.0) (total chunks: 94)
[18:57:49] TERRAIN: Creating chunk: (-2.0, -5.0) at distance 5.39
[18:57:49] TERRAIN: Chunk (-2.0, -5.0): TRIMESH collision created successfully (distance: 5.39, vertices: 8)
[18:57:49] TERRAIN: Chunk created successfully: (-2.0, -5.0) at world pos (-64.0, 0.0, -160.0) (total chunks: 95)
[18:57:49] TERRAIN: Creating chunk: (-5.0, -2.0) at distance 5.39
[18:57:49] TERRAIN: Chunk (-5.0, -2.0): TRIMESH collision created successfully (distance: 5.39, vertices: 8)
[18:57:49] TERRAIN: Chunk created successfully: (-5.0, -2.0) at world pos (-160.0, 0.0, -64.0) (total chunks: 96)
[18:57:49] TERRAIN: Creating chunk: (5.0, 2.0) at distance 5.39
[18:57:49] TERRAIN: Chunk (5.0, 2.0): TRIMESH collision created successfully (distance: 5.39, vertices: 8)
[18:57:49] TERRAIN: Chunk created successfully: (5.0, 2.0) at world pos (160.0, 0.0, 64.0) (total chunks: 97)
[18:57:49] TERRAIN: Creating chunk: (4.0, 4.0) at distance 5.66
[18:57:49] TERRAIN: Chunk (4.0, 4.0): TRIMESH collision created successfully (distance: 5.66, vertices: 8)
[18:57:49] TERRAIN: Chunk created successfully: (4.0, 4.0) at world pos (128.0, 0.0, 128.0) (total chunks: 98)
[18:57:49] TERRAIN: Creating chunk: (4.0, -4.0) at distance 5.66
[18:57:49] TERRAIN: Chunk (4.0, -4.0): TRIMESH collision created successfully (distance: 5.66, vertices: 8)
[18:57:49] TERRAIN: Chunk created successfully: (4.0, -4.0) at world pos (128.0, 0.0, -128.0) (total chunks: 99)
[18:57:49] TERRAIN: Creating chunk: (-4.0, -4.0) at distance 5.66
[18:57:49] TERRAIN: Chunk (-4.0, -4.0): TRIMESH collision created successfully (distance: 5.66, vertices: 8)
[18:57:49] TERRAIN: Chunk created successfully: (-4.0, -4.0) at world pos (-128.0, 0.0, -128.0) (total chunks: 100)
[18:57:49] TERRAIN: Creating chunk: (-4.0, 4.0) at distance 5.66
[18:57:49] TERRAIN: Chunk (-4.0, 4.0): TRIMESH collision created successfully (distance: 5.66, vertices: 8)
[18:57:49] TERRAIN: Chunk created successfully: (-4.0, 4.0) at world pos (-128.0, 0.0, 128.0) (total chunks: 101)
[18:57:49] TERRAIN: Creating chunk: (3.0, -5.0) at distance 5.83
[18:57:49] TERRAIN: Chunk (3.0, -5.0): TRIMESH collision created successfully (distance: 5.83, vertices: 8)
[18:57:49] TERRAIN: Chunk created successfully: (3.0, -5.0) at world pos (96.0, 0.0, -160.0) (total chunks: 102)
[18:57:49] TERRAIN: Creating chunk: (-3.0, -5.0) at distance 5.83
[18:57:49] TERRAIN: Chunk (-3.0, -5.0): TRIMESH collision created successfully (distance: 5.83, vertices: 8)
[18:57:49] TERRAIN: Chunk created successfully: (-3.0, -5.0) at world pos (-96.0, 0.0, -160.0) (total chunks: 103)
[18:57:49] TERRAIN: Creating chunk: (3.0, 5.0) at distance 5.83
[18:57:49] TERRAIN: Chunk (3.0, 5.0): TRIMESH collision created successfully (distance: 5.83, vertices: 8)
[18:57:49] TERRAIN: Chunk created successfully: (3.0, 5.0) at world pos (96.0, 0.0, 160.0) (total chunks: 104)
[18:57:49] TERRAIN: Creating chunk: (5.0, -3.0) at distance 5.83
[18:57:49] TERRAIN: Chunk (5.0, -3.0): TRIMESH collision created successfully (distance: 5.83, vertices: 8)
[18:57:49] TERRAIN: Chunk created successfully: (5.0, -3.0) at world pos (160.0, 0.0, -96.0) (total chunks: 105)
[18:57:49] TERRAIN: Creating chunk: (-5.0, 3.0) at distance 5.83
[18:57:49] TERRAIN: Chunk (-5.0, 3.0): TRIMESH collision created successfully (distance: 5.83, vertices: 8)
[18:57:49] TERRAIN: Chunk created successfully: (-5.0, 3.0) at world pos (-160.0, 0.0, 96.0) (total chunks: 106)
[18:57:49] TERRAIN: Creating chunk: (-3.0, 5.0) at distance 5.83
[18:57:49] TERRAIN: Chunk (-3.0, 5.0): TRIMESH collision created successfully (distance: 5.83, vertices: 8)
[18:57:49] TERRAIN: Chunk created successfully: (-3.0, 5.0) at world pos (-96.0, 0.0, 160.0) (total chunks: 107)
[18:57:49] TERRAIN: Creating chunk: (5.0, 3.0) at distance 5.83
[18:57:49] TERRAIN: Chunk (5.0, 3.0): TRIMESH collision created successfully (distance: 5.83, vertices: 8)
[18:57:49] TERRAIN: Chunk created successfully: (5.0, 3.0) at world pos (160.0, 0.0, 96.0) (total chunks: 108)
[18:57:49] TERRAIN: Creating chunk: (-5.0, -3.0) at distance 5.83
[18:57:49] TERRAIN: Chunk (-5.0, -3.0): TRIMESH collision created successfully (distance: 5.83, vertices: 8)
[18:57:49] TERRAIN: Chunk created successfully: (-5.0, -3.0) at world pos (-160.0, 0.0, -96.0) (total chunks: 109)
[18:57:49] TERRAIN: Creating chunk: (-6.0, 0.0) at distance 6.00
[18:57:49] TERRAIN: Chunk (-6.0, 0.0): TRIMESH collision created successfully (distance: 6.00, vertices: 8)
[18:57:49] TERRAIN: Chunk created successfully: (-6.0, 0.0) at world pos (-192.0, 0.0, 0.0) (total chunks: 110)
[18:57:49] TERRAIN: Creating chunk: (6.0, 0.0) at distance 6.00
[18:57:49] TERRAIN: Chunk (6.0, 0.0): TRIMESH collision created successfully (distance: 6.00, vertices: 8)
[18:57:49] TERRAIN: Chunk created successfully: (6.0, 0.0) at world pos (192.0, 0.0, 0.0) (total chunks: 111)
[18:57:49] TERRAIN: Creating chunk: (0.0, -6.0) at distance 6.00
[18:57:49] TERRAIN: Chunk (0.0, -6.0): TRIMESH collision created successfully (distance: 6.00, vertices: 8)
[18:57:49] TERRAIN: Chunk created successfully: (0.0, -6.0) at world pos (0.0, 0.0, -192.0) (total chunks: 112)
[18:57:49] TERRAIN: Creating chunk: (0.0, 6.0) at distance 6.00
[18:57:49] TERRAIN: Chunk (0.0, 6.0): TRIMESH collision created successfully (distance: 6.00, vertices: 8)
[18:57:49] TERRAIN: Chunk created successfully: (0.0, 6.0) at world pos (0.0, 0.0, 192.0) (total chunks: 113)
[18:57:49] TERRAIN: Creating chunk: (6.0, -1.0) at distance 6.08
[18:57:49] TERRAIN: Chunk (6.0, -1.0): TRIMESH collision created successfully (distance: 6.08, vertices: 8)
[18:57:49] TERRAIN: Chunk created successfully: (6.0, -1.0) at world pos (192.0, 0.0, -32.0) (total chunks: 114)
[18:57:49] TERRAIN: Creating chunk: (-6.0, 1.0) at distance 6.08
[18:57:49] TERRAIN: Chunk (-6.0, 1.0): TRIMESH collision created successfully (distance: 6.08, vertices: 8)
[18:57:49] TERRAIN: Chunk created successfully: (-6.0, 1.0) at world pos (-192.0, 0.0, 32.0) (total chunks: 115)
[18:57:49] TERRAIN: Creating chunk: (-1.0, 6.0) at distance 6.08
[18:57:49] TERRAIN: Chunk (-1.0, 6.0): TRIMESH collision created successfully (distance: 6.08, vertices: 8)
[18:57:49] TERRAIN: Chunk created successfully: (-1.0, 6.0) at world pos (-32.0, 0.0, 192.0) (total chunks: 116)
[18:57:49] TERRAIN: Creating chunk: (1.0, -6.0) at distance 6.08
[18:57:49] TERRAIN: Chunk (1.0, -6.0): TRIMESH collision created successfully (distance: 6.08, vertices: 8)
[18:57:49] TERRAIN: Chunk created successfully: (1.0, -6.0) at world pos (32.0, 0.0, -192.0) (total chunks: 117)
[18:57:49] TERRAIN: Creating chunk: (1.0, 6.0) at distance 6.08
[18:57:49] TERRAIN: Chunk (1.0, 6.0): TRIMESH collision created successfully (distance: 6.08, vertices: 8)
[18:57:49] TERRAIN: Chunk created successfully: (1.0, 6.0) at world pos (32.0, 0.0, 192.0) (total chunks: 118)
[18:57:49] TERRAIN: Creating chunk: (-1.0, -6.0) at distance 6.08
[18:57:49] TERRAIN: Chunk (-1.0, -6.0): TRIMESH collision created successfully (distance: 6.08, vertices: 8)
[18:57:49] TERRAIN: Chunk created successfully: (-1.0, -6.0) at world pos (-32.0, 0.0, -192.0) (total chunks: 119)
[18:57:49] TERRAIN: Creating chunk: (-6.0, -1.0) at distance 6.08
[18:57:49] TERRAIN: Chunk (-6.0, -1.0): TRIMESH collision created successfully (distance: 6.08, vertices: 8)
[18:57:49] TERRAIN: Chunk created successfully: (-6.0, -1.0) at world pos (-192.0, 0.0, -32.0) (total chunks: 120)
[18:57:49] TERRAIN: Creating chunk: (6.0, 1.0) at distance 6.08
[18:57:49] TERRAIN: Chunk (6.0, 1.0): TRIMESH collision created successfully (distance: 6.08, vertices: 8)
[18:57:49] TERRAIN: Chunk created successfully: (6.0, 1.0) at world pos (192.0, 0.0, 32.0) (total chunks: 121)
[18:57:49] TERRAIN: Creating chunk: (-2.0, 6.0) at distance 6.32
[18:57:49] TERRAIN: Chunk (-2.0, 6.0): TRIMESH collision created successfully (distance: 6.32, vertices: 8)
[18:57:49] TERRAIN: Chunk created successfully: (-2.0, 6.0) at world pos (-64.0, 0.0, 192.0) (total chunks: 122)
[18:57:49] TERRAIN: Creating chunk: (6.0, -2.0) at distance 6.32
[18:57:49] TERRAIN: Chunk (6.0, -2.0): TRIMESH collision created successfully (distance: 6.32, vertices: 8)
[18:57:49] TERRAIN: Chunk created successfully: (6.0, -2.0) at world pos (192.0, 0.0, -64.0) (total chunks: 123)
[18:57:49] TERRAIN: Creating chunk: (6.0, 2.0) at distance 6.32
[18:57:49] TERRAIN: Chunk (6.0, 2.0): TRIMESH collision created successfully (distance: 6.32, vertices: 8)
[18:57:49] TERRAIN: Chunk created successfully: (6.0, 2.0) at world pos (192.0, 0.0, 64.0) (total chunks: 124)
[18:57:49] TERRAIN: Creating chunk: (2.0, 6.0) at distance 6.32
[18:57:49] TERRAIN: Chunk (2.0, 6.0): TRIMESH collision created successfully (distance: 6.32, vertices: 8)
[18:57:49] TERRAIN: Chunk created successfully: (2.0, 6.0) at world pos (64.0, 0.0, 192.0) (total chunks: 125)
[18:57:49] TERRAIN: Creating chunk: (2.0, -6.0) at distance 6.32
[18:57:49] TERRAIN: Chunk (2.0, -6.0): TRIMESH collision created successfully (distance: 6.32, vertices: 8)
[18:57:49] TERRAIN: Chunk created successfully: (2.0, -6.0) at world pos (64.0, 0.0, -192.0) (total chunks: 126)
[18:57:49] TERRAIN: Creating chunk: (-2.0, -6.0) at distance 6.32
[18:57:49] TERRAIN: Chunk (-2.0, -6.0): TRIMESH collision created successfully (distance: 6.32, vertices: 8)
[18:57:49] TERRAIN: Chunk created successfully: (-2.0, -6.0) at world pos (-64.0, 0.0, -192.0) (total chunks: 127)
[18:57:49] TERRAIN: Creating chunk: (-6.0, -2.0) at distance 6.32
[18:57:49] TERRAIN: Chunk (-6.0, -2.0): TRIMESH collision created successfully (distance: 6.32, vertices: 8)
[18:57:49] TERRAIN: Chunk created successfully: (-6.0, -2.0) at world pos (-192.0, 0.0, -64.0) (total chunks: 128)
[18:57:49] TERRAIN: Creating chunk: (-6.0, 2.0) at distance 6.32
[18:57:49] TERRAIN: Chunk (-6.0, 2.0): TRIMESH collision created successfully (distance: 6.32, vertices: 8)
[18:57:49] TERRAIN: Chunk created successfully: (-6.0, 2.0) at world pos (-192.0, 0.0, 64.0) (total chunks: 129)
[18:57:49] TERRAIN: Creating chunk: (-4.0, -5.0) at distance 6.40
[18:57:49] TERRAIN: Chunk (-4.0, -5.0): TRIMESH collision created successfully (distance: 6.40, vertices: 8)
[18:57:49] TERRAIN: Chunk created successfully: (-4.0, -5.0) at world pos (-128.0, 0.0, -160.0) (total chunks: 130)
[18:57:49] TERRAIN: Creating chunk: (-5.0, 4.0) at distance 6.40
[18:57:49] TERRAIN: Chunk (-5.0, 4.0): TRIMESH collision created successfully (distance: 6.40, vertices: 8)
[18:57:49] TERRAIN: Chunk created successfully: (-5.0, 4.0) at world pos (-160.0, 0.0, 128.0) (total chunks: 131)
[18:57:49] TERRAIN: Creating chunk: (-5.0, -4.0) at distance 6.40
[18:57:49] TERRAIN: Chunk (-5.0, -4.0): TRIMESH collision created successfully (distance: 6.40, vertices: 8)
[18:57:49] TERRAIN: Chunk created successfully: (-5.0, -4.0) at world pos (-160.0, 0.0, -128.0) (total chunks: 132)
[18:57:49] TERRAIN: Creating chunk: (-4.0, 5.0) at distance 6.40
[18:57:49] TERRAIN: Chunk (-4.0, 5.0): TRIMESH collision created successfully (distance: 6.40, vertices: 8)
[18:57:49] TERRAIN: Chunk created successfully: (-4.0, 5.0) at world pos (-128.0, 0.0, 160.0) (total chunks: 133)
[18:57:49] TERRAIN: Creating chunk: (4.0, -5.0) at distance 6.40
[18:57:49] TERRAIN: Chunk (4.0, -5.0): TRIMESH collision created successfully (distance: 6.40, vertices: 8)
[18:57:49] TERRAIN: Chunk created successfully: (4.0, -5.0) at world pos (128.0, 0.0, -160.0) (total chunks: 134)
[18:57:49] TERRAIN: Creating chunk: (4.0, 5.0) at distance 6.40
[18:57:49] TERRAIN: Chunk (4.0, 5.0): TRIMESH collision created successfully (distance: 6.40, vertices: 8)
[18:57:49] TERRAIN: Chunk created successfully: (4.0, 5.0) at world pos (128.0, 0.0, 160.0) (total chunks: 135)
[18:57:49] TERRAIN: Creating chunk: (5.0, -4.0) at distance 6.40
[18:57:49] TERRAIN: Chunk (5.0, -4.0): TRIMESH collision created successfully (distance: 6.40, vertices: 8)
[18:57:49] TERRAIN: Chunk created successfully: (5.0, -4.0) at world pos (160.0, 0.0, -128.0) (total chunks: 136)
[18:57:49] TERRAIN: Creating chunk: (5.0, 4.0) at distance 6.40
[18:57:49] TERRAIN: Chunk (5.0, 4.0): TRIMESH collision created successfully (distance: 6.40, vertices: 8)
[18:57:49] TERRAIN: Chunk created successfully: (5.0, 4.0) at world pos (160.0, 0.0, 128.0) (total chunks: 137)
[18:57:49] TERRAIN: Creating chunk: (-3.0, -6.0) at distance 6.71
[18:57:49] TERRAIN: Chunk (-3.0, -6.0): TRIMESH collision created successfully (distance: 6.71, vertices: 8)
[18:57:49] TERRAIN: Chunk created successfully: (-3.0, -6.0) at world pos (-96.0, 0.0, -192.0) (total chunks: 138)
[18:57:49] TERRAIN: Creating chunk: (-3.0, 6.0) at distance 6.71
[18:57:49] TERRAIN: Chunk (-3.0, 6.0): TRIMESH collision created successfully (distance: 6.71, vertices: 8)
[18:57:49] TERRAIN: Chunk created successfully: (-3.0, 6.0) at world pos (-96.0, 0.0, 192.0) (total chunks: 139)
[18:57:49] TERRAIN: Creating chunk: (6.0, -3.0) at distance 6.71
[18:57:49] TERRAIN: Chunk (6.0, -3.0): TRIMESH collision created successfully (distance: 6.71, vertices: 8)
[18:57:49] TERRAIN: Chunk created successfully: (6.0, -3.0) at world pos (192.0, 0.0, -96.0) (total chunks: 140)
[18:57:49] PLAYER: Pos: (0.0, 0.000485, 0.0) | Chunk: (0.0, 0.0) | TerrainHeight: 0.00 | HeightDiff: 0.00 | OnFloor: true
[18:57:49] PLAYER: CHUNK CHANGED: (inf, inf) -> (0.0, 0.0)
[18:57:49] TERRAIN: Creating chunk: (6.0, 3.0) at distance 6.71
[18:57:49] TERRAIN: Chunk (6.0, 3.0): TRIMESH collision created successfully (distance: 6.71, vertices: 8)
[18:57:49] TERRAIN: Chunk created successfully: (6.0, 3.0) at world pos (192.0, 0.0, 96.0) (total chunks: 141)
[18:57:49] TERRAIN: Creating chunk: (-6.0, 3.0) at distance 6.71
[18:57:49] TERRAIN: Chunk (-6.0, 3.0): TRIMESH collision created successfully (distance: 6.71, vertices: 8)
[18:57:49] TERRAIN: Chunk created successfully: (-6.0, 3.0) at world pos (-192.0, 0.0, 96.0) (total chunks: 142)
[18:57:49] TERRAIN: Creating chunk: (3.0, -6.0) at distance 6.71
[18:57:49] TERRAIN: Chunk (3.0, -6.0): TRIMESH collision created successfully (distance: 6.71, vertices: 8)
[18:57:49] TERRAIN: Chunk created successfully: (3.0, -6.0) at world pos (96.0, 0.0, -192.0) (total chunks: 143)
[18:57:49] TERRAIN: Creating chunk: (3.0, 6.0) at distance 6.71
[18:57:49] TERRAIN: Chunk (3.0, 6.0): TRIMESH collision created successfully (distance: 6.71, vertices: 8)
[18:57:49] TERRAIN: Chunk created successfully: (3.0, 6.0) at world pos (96.0, 0.0, 192.0) (total chunks: 144)
[18:57:49] TERRAIN: Creating chunk: (-6.0, -3.0) at distance 6.71
[18:57:49] TERRAIN: Chunk (-6.0, -3.0): TRIMESH collision created successfully (distance: 6.71, vertices: 8)
[18:57:49] TERRAIN: Chunk created successfully: (-6.0, -3.0) at world pos (-192.0, 0.0, -96.0) (total chunks: 145)
[18:57:49] TERRAIN: Creating chunk: (-7.0, 0.0) at distance 7.00
[18:57:49] TERRAIN: Chunk (-7.0, 0.0): TRIMESH collision created successfully (distance: 7.00, vertices: 8)
[18:57:49] TERRAIN: Chunk created successfully: (-7.0, 0.0) at world pos (-224.0, 0.0, 0.0) (total chunks: 146)
[18:57:49] TERRAIN: Creating chunk: (0.0, -7.0) at distance 7.00
[18:57:49] TERRAIN: Chunk (0.0, -7.0): TRIMESH collision created successfully (distance: 7.00, vertices: 8)
[18:57:49] TERRAIN: Chunk created successfully: (0.0, -7.0) at world pos (0.0, 0.0, -224.0) (total chunks: 147)
[18:57:49] TERRAIN: Creating chunk: (0.0, 7.0) at distance 7.00
[18:57:49] TERRAIN: Chunk (0.0, 7.0): TRIMESH collision created successfully (distance: 7.00, vertices: 8)
[18:57:49] TERRAIN: Chunk created successfully: (0.0, 7.0) at world pos (0.0, 0.0, 224.0) (total chunks: 148)
[18:57:50] TERRAIN: Creating chunk: (7.0, 0.0) at distance 7.00
[18:57:50] TERRAIN: Chunk (7.0, 0.0): TRIMESH collision created successfully (distance: 7.00, vertices: 8)
[18:57:50] TERRAIN: Chunk created successfully: (7.0, 0.0) at world pos (224.0, 0.0, 0.0) (total chunks: 149)
[18:57:50] TERRAIN: Creating chunk: (-5.0, -5.0) at distance 7.07
[18:57:50] TERRAIN: Chunk (-5.0, -5.0): TRIMESH collision created successfully (distance: 7.07, vertices: 8)
[18:57:50] TERRAIN: Chunk created successfully: (-5.0, -5.0) at world pos (-160.0, 0.0, -160.0) (total chunks: 150)
[18:57:50] TERRAIN: Creating chunk: (-5.0, 5.0) at distance 7.07
[18:57:50] TERRAIN: Chunk (-5.0, 5.0): TRIMESH collision created successfully (distance: 7.07, vertices: 8)
[18:57:50] TERRAIN: Chunk created successfully: (-5.0, 5.0) at world pos (-160.0, 0.0, 160.0) (total chunks: 151)
[18:57:50] TERRAIN: Creating chunk: (-1.0, -7.0) at distance 7.07
[18:57:50] TERRAIN: Chunk (-1.0, -7.0): TRIMESH collision created successfully (distance: 7.07, vertices: 8)
[18:57:50] TERRAIN: Chunk created successfully: (-1.0, -7.0) at world pos (-32.0, 0.0, -224.0) (total chunks: 152)
[18:57:50] TERRAIN: Creating chunk: (-1.0, 7.0) at distance 7.07
[18:57:50] TERRAIN: Chunk (-1.0, 7.0): TRIMESH collision created successfully (distance: 7.07, vertices: 8)
[18:57:50] TERRAIN: Chunk created successfully: (-1.0, 7.0) at world pos (-32.0, 0.0, 224.0) (total chunks: 153)
[18:57:50] TERRAIN: Creating chunk: (1.0, -7.0) at distance 7.07
[18:57:50] TERRAIN: Chunk (1.0, -7.0): TRIMESH collision created successfully (distance: 7.07, vertices: 8)
[18:57:50] TERRAIN: Chunk created successfully: (1.0, -7.0) at world pos (32.0, 0.0, -224.0) (total chunks: 154)
[18:57:50] TERRAIN: Creating chunk: (1.0, 7.0) at distance 7.07
[18:57:50] TERRAIN: Chunk (1.0, 7.0): TRIMESH collision created successfully (distance: 7.07, vertices: 8)
[18:57:50] TERRAIN: Chunk created successfully: (1.0, 7.0) at world pos (32.0, 0.0, 224.0) (total chunks: 155)
[18:57:50] TERRAIN: Creating chunk: (5.0, -5.0) at distance 7.07
[18:57:50] TERRAIN: Chunk (5.0, -5.0): TRIMESH collision created successfully (distance: 7.07, vertices: 8)
[18:57:50] TERRAIN: Chunk created successfully: (5.0, -5.0) at world pos (160.0, 0.0, -160.0) (total chunks: 156)
[18:57:50] TERRAIN: Creating chunk: (5.0, 5.0) at distance 7.07
[18:57:50] TERRAIN: Chunk (5.0, 5.0): TRIMESH collision created successfully (distance: 7.07, vertices: 8)
[18:57:50] TERRAIN: Chunk created successfully: (5.0, 5.0) at world pos (160.0, 0.0, 160.0) (total chunks: 157)
[18:57:50] TERRAIN: Creating chunk: (7.0, 1.0) at distance 7.07
[18:57:50] TERRAIN: Chunk (7.0, 1.0): TRIMESH collision created successfully (distance: 7.07, vertices: 8)
[18:57:50] TERRAIN: Chunk created successfully: (7.0, 1.0) at world pos (224.0, 0.0, 32.0) (total chunks: 158)
[18:57:50] TERRAIN: Creating chunk: (7.0, -1.0) at distance 7.07
[18:57:50] TERRAIN: Chunk (7.0, -1.0): TRIMESH collision created successfully (distance: 7.07, vertices: 8)
[18:57:50] TERRAIN: Chunk created successfully: (7.0, -1.0) at world pos (224.0, 0.0, -32.0) (total chunks: 159)
[18:57:50] TERRAIN: Creating chunk: (-7.0, 1.0) at distance 7.07
[18:57:50] TERRAIN: Chunk (-7.0, 1.0): TRIMESH collision created successfully (distance: 7.07, vertices: 8)
[18:57:50] TERRAIN: Chunk created successfully: (-7.0, 1.0) at world pos (-224.0, 0.0, 32.0) (total chunks: 160)
[18:57:50] TERRAIN: Creating chunk: (-7.0, -1.0) at distance 7.07
[18:57:50] TERRAIN: Chunk (-7.0, -1.0): TRIMESH collision created successfully (distance: 7.07, vertices: 8)
[18:57:50] TERRAIN: Chunk created successfully: (-7.0, -1.0) at world pos (-224.0, 0.0, -32.0) (total chunks: 161)
[18:57:50] TERRAIN: Creating chunk: (-4.0, 6.0) at distance 7.21
[18:57:50] TERRAIN: Chunk (-4.0, 6.0): TRIMESH collision created successfully (distance: 7.21, vertices: 8)
[18:57:50] TERRAIN: Chunk created successfully: (-4.0, 6.0) at world pos (-128.0, 0.0, 192.0) (total chunks: 162)
[18:57:50] TERRAIN: Creating chunk: (4.0, -6.0) at distance 7.21
[18:57:50] TERRAIN: Chunk (4.0, -6.0): TRIMESH collision created successfully (distance: 7.21, vertices: 8)
[18:57:50] TERRAIN: Chunk created successfully: (4.0, -6.0) at world pos (128.0, 0.0, -192.0) (total chunks: 163)
[18:57:50] TERRAIN: Creating chunk: (-6.0, 4.0) at distance 7.21
[18:57:50] TERRAIN: Chunk (-6.0, 4.0): TRIMESH collision created successfully (distance: 7.21, vertices: 8)
[18:57:50] TERRAIN: Chunk created successfully: (-6.0, 4.0) at world pos (-192.0, 0.0, 128.0) (total chunks: 164)
[18:57:50] TERRAIN: Creating chunk: (-6.0, -4.0) at distance 7.21
[18:57:50] TERRAIN: Chunk (-6.0, -4.0): TRIMESH collision created successfully (distance: 7.21, vertices: 8)
[18:57:50] TERRAIN: Chunk created successfully: (-6.0, -4.0) at world pos (-192.0, 0.0, -128.0) (total chunks: 165)
[18:57:50] TERRAIN: Creating chunk: (4.0, 6.0) at distance 7.21
[18:57:50] TERRAIN: Chunk (4.0, 6.0): TRIMESH collision created successfully (distance: 7.21, vertices: 8)
[18:57:50] TERRAIN: Chunk created successfully: (4.0, 6.0) at world pos (128.0, 0.0, 192.0) (total chunks: 166)
[18:57:50] TERRAIN: Creating chunk: (6.0, 4.0) at distance 7.21
[18:57:50] TERRAIN: Chunk (6.0, 4.0): TRIMESH collision created successfully (distance: 7.21, vertices: 8)
[18:57:50] TERRAIN: Chunk created successfully: (6.0, 4.0) at world pos (192.0, 0.0, 128.0) (total chunks: 167)
[18:57:50] TERRAIN: Creating chunk: (6.0, -4.0) at distance 7.21
[18:57:50] TERRAIN: Chunk (6.0, -4.0): TRIMESH collision created successfully (distance: 7.21, vertices: 8)
[18:57:50] TERRAIN: Chunk created successfully: (6.0, -4.0) at world pos (192.0, 0.0, -128.0) (total chunks: 168)
[18:57:50] TERRAIN: Creating chunk: (-4.0, -6.0) at distance 7.21
[18:57:50] TERRAIN: Chunk (-4.0, -6.0): TRIMESH collision created successfully (distance: 7.21, vertices: 8)
[18:57:50] TERRAIN: Chunk created successfully: (-4.0, -6.0) at world pos (-128.0, 0.0, -192.0) (total chunks: 169)
[18:57:50] TERRAIN: Creating chunk: (-7.0, 2.0) at distance 7.28
[18:57:50] TERRAIN: Chunk (-7.0, 2.0): TRIMESH collision created successfully (distance: 7.28, vertices: 8)
[18:57:50] TERRAIN: Chunk created successfully: (-7.0, 2.0) at world pos (-224.0, 0.0, 64.0) (total chunks: 170)
[18:57:50] TERRAIN: Creating chunk: (2.0, -7.0) at distance 7.28
[18:57:50] TERRAIN: Chunk (2.0, -7.0): TRIMESH collision created successfully (distance: 7.28, vertices: 8)
[18:57:50] TERRAIN: Chunk created successfully: (2.0, -7.0) at world pos (64.0, 0.0, -224.0) (total chunks: 171)
[18:57:50] TERRAIN: Creating chunk: (-7.0, -2.0) at distance 7.28
[18:57:50] TERRAIN: Chunk (-7.0, -2.0): TRIMESH collision created successfully (distance: 7.28, vertices: 8)
[18:57:50] TERRAIN: Chunk created successfully: (-7.0, -2.0) at world pos (-224.0, 0.0, -64.0) (total chunks: 172)
[18:57:50] TERRAIN: Creating chunk: (-2.0, -7.0) at distance 7.28
[18:57:50] TERRAIN: Chunk (-2.0, -7.0): TRIMESH collision created successfully (distance: 7.28, vertices: 8)
[18:57:50] TERRAIN: Chunk created successfully: (-2.0, -7.0) at world pos (-64.0, 0.0, -224.0) (total chunks: 173)
[18:57:50] TERRAIN: Creating chunk: (7.0, 2.0) at distance 7.28
[18:57:50] TERRAIN: Chunk (7.0, 2.0): TRIMESH collision created successfully (distance: 7.28, vertices: 8)
[18:57:50] TERRAIN: Chunk created successfully: (7.0, 2.0) at world pos (224.0, 0.0, 64.0) (total chunks: 174)
[18:57:50] TERRAIN: Creating chunk: (-2.0, 7.0) at distance 7.28
[18:57:50] TERRAIN: Chunk (-2.0, 7.0): TRIMESH collision created successfully (distance: 7.28, vertices: 8)
[18:57:50] TERRAIN: Chunk created successfully: (-2.0, 7.0) at world pos (-64.0, 0.0, 224.0) (total chunks: 175)
[18:57:50] TERRAIN: Creating chunk: (7.0, -2.0) at distance 7.28
[18:57:50] TERRAIN: Chunk (7.0, -2.0): TRIMESH collision created successfully (distance: 7.28, vertices: 8)
[18:57:50] TERRAIN: Chunk created successfully: (7.0, -2.0) at world pos (224.0, 0.0, -64.0) (total chunks: 176)
[18:57:50] TERRAIN: Creating chunk: (2.0, 7.0) at distance 7.28
[18:57:50] TERRAIN: Chunk (2.0, 7.0): TRIMESH collision created successfully (distance: 7.28, vertices: 8)
[18:57:50] TERRAIN: Chunk created successfully: (2.0, 7.0) at world pos (64.0, 0.0, 224.0) (total chunks: 177)
[18:57:50] TERRAIN: Creating chunk: (-7.0, -3.0) at distance 7.62
[18:57:50] TERRAIN: Chunk (-7.0, -3.0): TRIMESH collision created successfully (distance: 7.62, vertices: 8)
[18:57:50] TERRAIN: Chunk created successfully: (-7.0, -3.0) at world pos (-224.0, 0.0, -96.0) (total chunks: 178)
[18:57:50] TERRAIN: Creating chunk: (-3.0, -7.0) at distance 7.62
[18:57:50] TERRAIN: Chunk (-3.0, -7.0): TRIMESH collision created successfully (distance: 7.62, vertices: 8)
[18:57:50] TERRAIN: Chunk created successfully: (-3.0, -7.0) at world pos (-96.0, 0.0, -224.0) (total chunks: 179)
[18:57:50] TERRAIN: Creating chunk: (-7.0, 3.0) at distance 7.62
[18:57:50] TERRAIN: Chunk (-7.0, 3.0): TRIMESH collision created successfully (distance: 7.62, vertices: 8)
[18:57:50] TERRAIN: Chunk created successfully: (-7.0, 3.0) at world pos (-224.0, 0.0, 96.0) (total chunks: 180)
[18:57:50] TERRAIN: Creating chunk: (-3.0, 7.0) at distance 7.62
[18:57:50] TERRAIN: Chunk (-3.0, 7.0): TRIMESH collision created successfully (distance: 7.62, vertices: 8)
[18:57:50] TERRAIN: Chunk created successfully: (-3.0, 7.0) at world pos (-96.0, 0.0, 224.0) (total chunks: 181)
[18:57:50] TERRAIN: Creating chunk: (3.0, -7.0) at distance 7.62
[18:57:50] TERRAIN: Chunk (3.0, -7.0): TRIMESH collision created successfully (distance: 7.62, vertices: 8)
[18:57:50] TERRAIN: Chunk created successfully: (3.0, -7.0) at world pos (96.0, 0.0, -224.0) (total chunks: 182)
[18:57:50] TERRAIN: Creating chunk: (7.0, 3.0) at distance 7.62
[18:57:50] TERRAIN: Chunk (7.0, 3.0): TRIMESH collision created successfully (distance: 7.62, vertices: 8)
[18:57:50] TERRAIN: Chunk created successfully: (7.0, 3.0) at world pos (224.0, 0.0, 96.0) (total chunks: 183)
[18:57:50] TERRAIN: Creating chunk: (7.0, -3.0) at distance 7.62
[18:57:50] TERRAIN: Chunk (7.0, -3.0): TRIMESH collision created successfully (distance: 7.62, vertices: 8)
[18:57:50] TERRAIN: Chunk created successfully: (7.0, -3.0) at world pos (224.0, 0.0, -96.0) (total chunks: 184)
[18:57:50] TERRAIN: Creating chunk: (3.0, 7.0) at distance 7.62
[18:57:50] TERRAIN: Chunk (3.0, 7.0): TRIMESH collision created successfully (distance: 7.62, vertices: 8)
[18:57:50] TERRAIN: Chunk created successfully: (3.0, 7.0) at world pos (96.0, 0.0, 224.0) (total chunks: 185)
[18:57:50] TERRAIN: Creating chunk: (-5.0, -6.0) at distance 7.81
[18:57:50] TERRAIN: Chunk (-5.0, -6.0): TRIMESH collision created successfully (distance: 7.81, vertices: 8)
[18:57:50] TERRAIN: Chunk created successfully: (-5.0, -6.0) at world pos (-160.0, 0.0, -192.0) (total chunks: 186)
[18:57:50] TERRAIN: Creating chunk: (-5.0, 6.0) at distance 7.81
[18:57:50] TERRAIN: Chunk (-5.0, 6.0): TRIMESH collision created successfully (distance: 7.81, vertices: 8)
[18:57:50] TERRAIN: Chunk created successfully: (-5.0, 6.0) at world pos (-160.0, 0.0, 192.0) (total chunks: 187)
[18:57:50] TERRAIN: Creating chunk: (-6.0, 5.0) at distance 7.81
[18:57:50] TERRAIN: Chunk (-6.0, 5.0): TRIMESH collision created successfully (distance: 7.81, vertices: 8)
[18:57:50] TERRAIN: Chunk created successfully: (-6.0, 5.0) at world pos (-192.0, 0.0, 160.0) (total chunks: 188)
[18:57:50] TERRAIN: Creating chunk: (-6.0, -5.0) at distance 7.81
[18:57:50] TERRAIN: Chunk (-6.0, -5.0): TRIMESH collision created successfully (distance: 7.81, vertices: 8)
[18:57:50] TERRAIN: Chunk created successfully: (-6.0, -5.0) at world pos (-192.0, 0.0, -160.0) (total chunks: 189)
[18:57:50] TERRAIN: Creating chunk: (5.0, -6.0) at distance 7.81
[18:57:50] TERRAIN: Chunk (5.0, -6.0): TRIMESH collision created successfully (distance: 7.81, vertices: 8)
[18:57:50] TERRAIN: Chunk created successfully: (5.0, -6.0) at world pos (160.0, 0.0, -192.0) (total chunks: 190)
[18:57:50] TERRAIN: Creating chunk: (6.0, -5.0) at distance 7.81
[18:57:50] TERRAIN: Chunk (6.0, -5.0): TRIMESH collision created successfully (distance: 7.81, vertices: 8)
[18:57:50] TERRAIN: Chunk created successfully: (6.0, -5.0) at world pos (192.0, 0.0, -160.0) (total chunks: 191)
[18:57:50] TERRAIN: Creating chunk: (5.0, 6.0) at distance 7.81
[18:57:50] TERRAIN: Chunk (5.0, 6.0): TRIMESH collision created successfully (distance: 7.81, vertices: 8)
[18:57:50] TERRAIN: Chunk created successfully: (5.0, 6.0) at world pos (160.0, 0.0, 192.0) (total chunks: 192)
[18:57:50] TERRAIN: Creating chunk: (6.0, 5.0) at distance 7.81
[18:57:50] TERRAIN: Chunk (6.0, 5.0): TRIMESH collision created successfully (distance: 7.81, vertices: 8)
[18:57:50] TERRAIN: Chunk created successfully: (6.0, 5.0) at world pos (192.0, 0.0, 160.0) (total chunks: 193)
[18:57:50] TERRAIN: Creating chunk: (8.0, 0.0) at distance 8.00
[18:57:50] TERRAIN: Chunk (8.0, 0.0): TRIMESH collision created successfully (distance: 8.00, vertices: 8)
[18:57:50] TERRAIN: Chunk created successfully: (8.0, 0.0) at world pos (256.0, 0.0, 0.0) (total chunks: 194)
[18:57:50] TERRAIN: Creating chunk: (-8.0, 0.0) at distance 8.00
[18:57:50] TERRAIN: Chunk (-8.0, 0.0): TRIMESH collision created successfully (distance: 8.00, vertices: 8)
[18:57:50] TERRAIN: Chunk created successfully: (-8.0, 0.0) at world pos (-256.0, 0.0, 0.0) (total chunks: 195)
[18:57:50] TERRAIN: Creating chunk: (0.0, -8.0) at distance 8.00
[18:57:50] TERRAIN: Chunk (0.0, -8.0): TRIMESH collision created successfully (distance: 8.00, vertices: 8)
[18:57:50] TERRAIN: Chunk created successfully: (0.0, -8.0) at world pos (0.0, 0.0, -256.0) (total chunks: 196)
[18:57:50] TERRAIN: Creating chunk: (0.0, 8.0) at distance 8.00
[18:57:50] TERRAIN: Chunk (0.0, 8.0): TRIMESH collision created successfully (distance: 8.00, vertices: 8)
[18:57:50] TERRAIN: Chunk created successfully: (0.0, 8.0) at world pos (0.0, 0.0, 256.0) (total chunks: 197)
[18:57:50] TERRAIN: Creating chunk: (8.0, 1.0) at distance 8.06
[18:57:50] TERRAIN: Chunk (8.0, 1.0): TRIMESH collision created successfully (distance: 8.06, vertices: 8)
[18:57:50] TERRAIN: Chunk created successfully: (8.0, 1.0) at world pos (256.0, 0.0, 32.0) (total chunks: 198)
[18:57:50] TERRAIN: Creating chunk: (-1.0, 8.0) at distance 8.06
[18:57:50] TERRAIN: Chunk (-1.0, 8.0): TRIMESH collision created successfully (distance: 8.06, vertices: 8)
[18:57:50] TERRAIN: Chunk created successfully: (-1.0, 8.0) at world pos (-32.0, 0.0, 256.0) (total chunks: 199)
[18:57:50] TERRAIN: Creating chunk: (-1.0, -8.0) at distance 8.06
[18:57:50] TERRAIN: Chunk (-1.0, -8.0): TRIMESH collision created successfully (distance: 8.06, vertices: 8)
[18:57:50] TERRAIN: Chunk created successfully: (-1.0, -8.0) at world pos (-32.0, 0.0, -256.0) (total chunks: 200)
[18:57:50] TERRAIN: Creating chunk: (1.0, -8.0) at distance 8.06
[18:57:50] TERRAIN: Chunk (1.0, -8.0): TRIMESH collision created successfully (distance: 8.06, vertices: 8)
[18:57:50] TERRAIN: Chunk created successfully: (1.0, -8.0) at world pos (32.0, 0.0, -256.0) (total chunks: 201)
[18:57:50] TERRAIN: Creating chunk: (-4.0, -7.0) at distance 8.06
[18:57:50] TERRAIN: Chunk (-4.0, -7.0): TRIMESH collision created successfully (distance: 8.06, vertices: 8)
[18:57:50] TERRAIN: Chunk created successfully: (-4.0, -7.0) at world pos (-128.0, 0.0, -224.0) (total chunks: 202)
[18:57:50] TERRAIN: Creating chunk: (1.0, 8.0) at distance 8.06
[18:57:50] TERRAIN: Chunk (1.0, 8.0): TRIMESH collision created successfully (distance: 8.06, vertices: 8)
[18:57:50] TERRAIN: Chunk created successfully: (1.0, 8.0) at world pos (32.0, 0.0, 256.0) (total chunks: 203)
[18:57:50] TERRAIN: Creating chunk: (-8.0, 1.0) at distance 8.06
[18:57:50] TERRAIN: Chunk (-8.0, 1.0): TRIMESH collision created successfully (distance: 8.06, vertices: 8)
[18:57:50] TERRAIN: Chunk created successfully: (-8.0, 1.0) at world pos (-256.0, 0.0, 32.0) (total chunks: 204)
[18:57:50] TERRAIN: Creating chunk: (8.0, -1.0) at distance 8.06
[18:57:50] TERRAIN: Chunk (8.0, -1.0): TRIMESH collision created successfully (distance: 8.06, vertices: 8)
[18:57:50] TERRAIN: Chunk created successfully: (8.0, -1.0) at world pos (256.0, 0.0, -32.0) (total chunks: 205)
[18:57:50] TERRAIN: Creating chunk: (-8.0, -1.0) at distance 8.06
[18:57:50] TERRAIN: Chunk (-8.0, -1.0): TRIMESH collision created successfully (distance: 8.06, vertices: 8)
[18:57:50] TERRAIN: Chunk created successfully: (-8.0, -1.0) at world pos (-256.0, 0.0, -32.0) (total chunks: 206)
[18:57:50] TERRAIN: Creating chunk: (-4.0, 7.0) at distance 8.06
[18:57:50] TERRAIN: Chunk (-4.0, 7.0): TRIMESH collision created successfully (distance: 8.06, vertices: 8)
[18:57:50] TERRAIN: Chunk created successfully: (-4.0, 7.0) at world pos (-128.0, 0.0, 224.0) (total chunks: 207)
[18:57:50] TERRAIN: Creating chunk: (7.0, -4.0) at distance 8.06
[18:57:50] TERRAIN: Chunk (7.0, -4.0): TRIMESH collision created successfully (distance: 8.06, vertices: 8)
[18:57:50] TERRAIN: Chunk created successfully: (7.0, -4.0) at world pos (224.0, 0.0, -128.0) (total chunks: 208)
[18:57:50] TERRAIN: Creating chunk: (4.0, 7.0) at distance 8.06
[18:57:50] TERRAIN: Chunk (4.0, 7.0): TRIMESH collision created successfully (distance: 8.06, vertices: 8)
[18:57:50] TERRAIN: Chunk created successfully: (4.0, 7.0) at world pos (128.0, 0.0, 224.0) (total chunks: 209)
[18:57:50] TERRAIN: Creating chunk: (-7.0, -4.0) at distance 8.06
[18:57:50] TERRAIN: Chunk (-7.0, -4.0): TRIMESH collision created successfully (distance: 8.06, vertices: 8)
[18:57:50] TERRAIN: Chunk created successfully: (-7.0, -4.0) at world pos (-224.0, 0.0, -128.0) (total chunks: 210)
[18:57:50] TERRAIN: Creating chunk: (7.0, 4.0) at distance 8.06
[18:57:50] TERRAIN: Chunk (7.0, 4.0): TRIMESH collision created successfully (distance: 8.06, vertices: 8)
[18:57:50] TERRAIN: Chunk created successfully: (7.0, 4.0) at world pos (224.0, 0.0, 128.0) (total chunks: 211)
[18:57:50] TERRAIN: Creating chunk: (4.0, -7.0) at distance 8.06
[18:57:50] TERRAIN: Chunk (4.0, -7.0): TRIMESH collision created successfully (distance: 8.06, vertices: 8)
[18:57:50] TERRAIN: Chunk created successfully: (4.0, -7.0) at world pos (128.0, 0.0, -224.0) (total chunks: 212)
[18:57:50] TERRAIN: Creating chunk: (-7.0, 4.0) at distance 8.06
[18:57:50] TERRAIN: Chunk (-7.0, 4.0): TRIMESH collision created successfully (distance: 8.06, vertices: 8)
[18:57:50] TERRAIN: Chunk created successfully: (-7.0, 4.0) at world pos (-224.0, 0.0, 128.0) (total chunks: 213)
[18:57:50] TERRAIN: Creating chunk: (-8.0, -2.0) at distance 8.25
[18:57:50] TERRAIN: Chunk (-8.0, -2.0): TRIMESH collision created successfully (distance: 8.25, vertices: 8)
[18:57:50] TERRAIN: Chunk created successfully: (-8.0, -2.0) at world pos (-256.0, 0.0, -64.0) (total chunks: 214)
[18:57:50] TERRAIN: Creating chunk: (2.0, 8.0) at distance 8.25
[18:57:50] TERRAIN: Chunk (2.0, 8.0): TRIMESH collision created successfully (distance: 8.25, vertices: 8)
[18:57:50] TERRAIN: Chunk created successfully: (2.0, 8.0) at world pos (64.0, 0.0, 256.0) (total chunks: 215)
[18:57:50] TERRAIN: Creating chunk: (-8.0, 2.0) at distance 8.25
[18:57:50] TERRAIN: Chunk (-8.0, 2.0): TRIMESH collision created successfully (distance: 8.25, vertices: 8)
[18:57:50] TERRAIN: Chunk created successfully: (-8.0, 2.0) at world pos (-256.0, 0.0, 64.0) (total chunks: 216)
[18:57:50] TERRAIN: Creating chunk: (2.0, -8.0) at distance 8.25
[18:57:50] TERRAIN: Chunk (2.0, -8.0): TRIMESH collision created successfully (distance: 8.25, vertices: 8)
[18:57:50] TERRAIN: Chunk created successfully: (2.0, -8.0) at world pos (64.0, 0.0, -256.0) (total chunks: 217)
[18:57:50] TERRAIN: Creating chunk: (8.0, -2.0) at distance 8.25
[18:57:50] TERRAIN: Chunk (8.0, -2.0): TRIMESH collision created successfully (distance: 8.25, vertices: 8)
[18:57:50] TERRAIN: Chunk created successfully: (8.0, -2.0) at world pos (256.0, 0.0, -64.0) (total chunks: 218)
[18:57:50] TERRAIN: Creating chunk: (-2.0, -8.0) at distance 8.25
[18:57:50] TERRAIN: Chunk (-2.0, -8.0): TRIMESH collision created successfully (distance: 8.25, vertices: 8)
[18:57:50] TERRAIN: Chunk created successfully: (-2.0, -8.0) at world pos (-64.0, 0.0, -256.0) (total chunks: 219)
[18:57:50] TERRAIN: Creating chunk: (-2.0, 8.0) at distance 8.25
[18:57:50] TERRAIN: Chunk (-2.0, 8.0): TRIMESH collision created successfully (distance: 8.25, vertices: 8)
[18:57:50] TERRAIN: Chunk created successfully: (-2.0, 8.0) at world pos (-64.0, 0.0, 256.0) (total chunks: 220)
[18:57:50] TERRAIN: Creating chunk: (8.0, 2.0) at distance 8.25
[18:57:50] TERRAIN: Chunk (8.0, 2.0): TRIMESH collision created successfully (distance: 8.25, vertices: 8)
[18:57:50] TERRAIN: Chunk created successfully: (8.0, 2.0) at world pos (256.0, 0.0, 64.0) (total chunks: 221)
[18:57:50] TERRAIN: Creating chunk: (-6.0, 6.0) at distance 8.49
[18:57:50] TERRAIN: Chunk (-6.0, 6.0): TRIMESH collision created successfully (distance: 8.49, vertices: 8)
[18:57:50] TERRAIN: Chunk created successfully: (-6.0, 6.0) at world pos (-192.0, 0.0, 192.0) (total chunks: 222)
[18:57:50] TERRAIN: Creating chunk: (6.0, -6.0) at distance 8.49
[18:57:50] TERRAIN: Chunk (6.0, -6.0): TRIMESH collision created successfully (distance: 8.49, vertices: 8)
[18:57:50] TERRAIN: Chunk created successfully: (6.0, -6.0) at world pos (192.0, 0.0, -192.0) (total chunks: 223)
[18:57:50] TERRAIN: Creating chunk: (6.0, 6.0) at distance 8.49
[18:57:50] TERRAIN: Chunk (6.0, 6.0): TRIMESH collision created successfully (distance: 8.49, vertices: 8)
[18:57:50] TERRAIN: Chunk created successfully: (6.0, 6.0) at world pos (192.0, 0.0, 192.0) (total chunks: 224)
[18:57:50] TERRAIN: Creating chunk: (-6.0, -6.0) at distance 8.49
[18:57:50] TERRAIN: Chunk (-6.0, -6.0): TRIMESH collision created successfully (distance: 8.49, vertices: 8)
[18:57:50] TERRAIN: Chunk created successfully: (-6.0, -6.0) at world pos (-192.0, 0.0, -192.0) (total chunks: 225)
[18:57:50] TERRAIN: Creating chunk: (-8.0, 3.0) at distance 8.54
[18:57:50] TERRAIN: Chunk (-8.0, 3.0): TRIMESH collision created successfully (distance: 8.54, vertices: 8)
[18:57:50] TERRAIN: Chunk created successfully: (-8.0, 3.0) at world pos (-256.0, 0.0, 96.0) (total chunks: 226)
[18:57:50] TERRAIN: Creating chunk: (-3.0, -8.0) at distance 8.54
[18:57:50] TERRAIN: Chunk (-3.0, -8.0): TRIMESH collision created successfully (distance: 8.54, vertices: 8)
[18:57:50] TERRAIN: Chunk created successfully: (-3.0, -8.0) at world pos (-96.0, 0.0, -256.0) (total chunks: 227)
[18:57:50] TERRAIN: Creating chunk: (3.0, 8.0) at distance 8.54
[18:57:50] TERRAIN: Chunk (3.0, 8.0): TRIMESH collision created successfully (distance: 8.54, vertices: 8)
[18:57:50] TERRAIN: Chunk created successfully: (3.0, 8.0) at world pos (96.0, 0.0, 256.0) (total chunks: 228)
[18:57:50] TERRAIN: Creating chunk: (-3.0, 8.0) at distance 8.54
[18:57:50] TERRAIN: Chunk (-3.0, 8.0): TRIMESH collision created successfully (distance: 8.54, vertices: 8)
[18:57:50] TERRAIN: Chunk created successfully: (-3.0, 8.0) at world pos (-96.0, 0.0, 256.0) (total chunks: 229)
[18:57:50] TERRAIN: Creating chunk: (8.0, -3.0) at distance 8.54
[18:57:50] TERRAIN: Chunk (8.0, -3.0): TRIMESH collision created successfully (distance: 8.54, vertices: 8)
[18:57:50] TERRAIN: Chunk created successfully: (8.0, -3.0) at world pos (256.0, 0.0, -96.0) (total chunks: 230)
[18:57:50] TERRAIN: Creating chunk: (3.0, -8.0) at distance 8.54
[18:57:50] TERRAIN: Chunk (3.0, -8.0): TRIMESH collision created successfully (distance: 8.54, vertices: 8)
[18:57:50] TERRAIN: Chunk created successfully: (3.0, -8.0) at world pos (96.0, 0.0, -256.0) (total chunks: 231)
[18:57:50] TERRAIN: Creating chunk: (-8.0, -3.0) at distance 8.54
[18:57:50] TERRAIN: Chunk (-8.0, -3.0): TRIMESH collision created successfully (distance: 8.54, vertices: 8)
[18:57:50] TERRAIN: Chunk created successfully: (-8.0, -3.0) at world pos (-256.0, 0.0, -96.0) (total chunks: 232)
[18:57:50] TERRAIN: Creating chunk: (8.0, 3.0) at distance 8.54
[18:57:50] TERRAIN: Chunk (8.0, 3.0): TRIMESH collision created successfully (distance: 8.54, vertices: 8)
[18:57:50] TERRAIN: Chunk created successfully: (8.0, 3.0) at world pos (256.0, 0.0, 96.0) (total chunks: 233)
[18:57:50] TERRAIN: Creating chunk: (-7.0, -5.0) at distance 8.60
[18:57:50] TERRAIN: Chunk (-7.0, -5.0): TRIMESH collision created successfully (distance: 8.60, vertices: 8)
[18:57:50] TERRAIN: Chunk created successfully: (-7.0, -5.0) at world pos (-224.0, 0.0, -160.0) (total chunks: 234)
[18:57:50] TERRAIN: Creating chunk: (5.0, -7.0) at distance 8.60
[18:57:50] TERRAIN: Chunk (5.0, -7.0): TRIMESH collision created successfully (distance: 8.60, vertices: 8)
[18:57:50] TERRAIN: Chunk created successfully: (5.0, -7.0) at world pos (160.0, 0.0, -224.0) (total chunks: 235)
[18:57:50] TERRAIN: Creating chunk: (-5.0, 7.0) at distance 8.60
[18:57:50] TERRAIN: Chunk (-5.0, 7.0): TRIMESH collision created successfully (distance: 8.60, vertices: 8)
[18:57:50] TERRAIN: Chunk created successfully: (-5.0, 7.0) at world pos (-160.0, 0.0, 224.0) (total chunks: 236)
[18:57:50] TERRAIN: Creating chunk: (7.0, -5.0) at distance 8.60
[18:57:50] TERRAIN: Chunk (7.0, -5.0): TRIMESH collision created successfully (distance: 8.60, vertices: 8)
[18:57:50] TERRAIN: Chunk created successfully: (7.0, -5.0) at world pos (224.0, 0.0, -160.0) (total chunks: 237)
[18:57:50] TERRAIN: Creating chunk: (-7.0, 5.0) at distance 8.60
[18:57:50] TERRAIN: Chunk (-7.0, 5.0): TRIMESH collision created successfully (distance: 8.60, vertices: 8)
[18:57:50] TERRAIN: Chunk created successfully: (-7.0, 5.0) at world pos (-224.0, 0.0, 160.0) (total chunks: 238)
[18:57:50] TERRAIN: Creating chunk: (7.0, 5.0) at distance 8.60
[18:57:50] TERRAIN: Chunk (7.0, 5.0): TRIMESH collision created successfully (distance: 8.60, vertices: 8)
[18:57:50] TERRAIN: Chunk created successfully: (7.0, 5.0) at world pos (224.0, 0.0, 160.0) (total chunks: 239)
[18:57:50] TERRAIN: Creating chunk: (5.0, 7.0) at distance 8.60
[18:57:50] TERRAIN: Chunk (5.0, 7.0): TRIMESH collision created successfully (distance: 8.60, vertices: 8)
[18:57:50] TERRAIN: Chunk created successfully: (5.0, 7.0) at world pos (160.0, 0.0, 224.0) (total chunks: 240)
[18:57:50] TERRAIN: Creating chunk: (-5.0, -7.0) at distance 8.60
[18:57:50] TERRAIN: Chunk (-5.0, -7.0): TRIMESH collision created successfully (distance: 8.60, vertices: 8)
[18:57:50] TERRAIN: Chunk created successfully: (-5.0, -7.0) at world pos (-160.0, 0.0, -224.0) (total chunks: 241)
[18:57:50] TERRAIN: Creating chunk: (8.0, 4.0) at distance 8.94
[18:57:50] TERRAIN: Chunk (8.0, 4.0): TRIMESH collision created successfully (distance: 8.94, vertices: 8)
[18:57:50] TERRAIN: Chunk created successfully: (8.0, 4.0) at world pos (256.0, 0.0, 128.0) (total chunks: 242)
[18:57:50] TERRAIN: Creating chunk: (4.0, 8.0) at distance 8.94
[18:57:50] TERRAIN: Chunk (4.0, 8.0): TRIMESH collision created successfully (distance: 8.94, vertices: 8)
[18:57:50] TERRAIN: Chunk created successfully: (4.0, 8.0) at world pos (128.0, 0.0, 256.0) (total chunks: 243)
[18:57:50] TERRAIN: Creating chunk: (-4.0, 8.0) at distance 8.94
[18:57:50] TERRAIN: Chunk (-4.0, 8.0): TRIMESH collision created successfully (distance: 8.94, vertices: 8)
[18:57:50] TERRAIN: Chunk created successfully: (-4.0, 8.0) at world pos (-128.0, 0.0, 256.0) (total chunks: 244)
[18:57:50] TERRAIN: Creating chunk: (4.0, -8.0) at distance 8.94
[18:57:50] TERRAIN: Chunk (4.0, -8.0): TRIMESH collision created successfully (distance: 8.94, vertices: 8)
[18:57:50] TERRAIN: Chunk created successfully: (4.0, -8.0) at world pos (128.0, 0.0, -256.0) (total chunks: 245)
[18:57:50] TERRAIN: Creating chunk: (-8.0, -4.0) at distance 8.94
[18:57:50] TERRAIN: Chunk (-8.0, -4.0): TRIMESH collision created successfully (distance: 8.94, vertices: 8)
[18:57:50] TERRAIN: Chunk created successfully: (-8.0, -4.0) at world pos (-256.0, 0.0, -128.0) (total chunks: 246)
[18:57:50] TERRAIN: Creating chunk: (8.0, -4.0) at distance 8.94
[18:57:50] TERRAIN: Chunk (8.0, -4.0): TRIMESH collision created successfully (distance: 8.94, vertices: 8)
[18:57:50] TERRAIN: Chunk created successfully: (8.0, -4.0) at world pos (256.0, 0.0, -128.0) (total chunks: 247)
[18:57:50] TERRAIN: Creating chunk: (-4.0, -8.0) at distance 8.94
[18:57:50] TERRAIN: Chunk (-4.0, -8.0): TRIMESH collision created successfully (distance: 8.94, vertices: 8)
[18:57:50] TERRAIN: Chunk created successfully: (-4.0, -8.0) at world pos (-128.0, 0.0, -256.0) (total chunks: 248)
[18:57:50] TERRAIN: Creating chunk: (-8.0, 4.0) at distance 8.94
[18:57:50] TERRAIN: Chunk (-8.0, 4.0): TRIMESH collision created successfully (distance: 8.94, vertices: 8)
[18:57:50] TERRAIN: Chunk created successfully: (-8.0, 4.0) at world pos (-256.0, 0.0, 128.0) (total chunks: 249)
[18:57:50] TERRAIN: Creating chunk: (9.0, 0.0) at distance 9.00
[18:57:50] TERRAIN: Chunk (9.0, 0.0): TRIMESH collision created successfully (distance: 9.00, vertices: 8)
[18:57:50] TERRAIN: Chunk created successfully: (9.0, 0.0) at world pos (288.0, 0.0, 0.0) (total chunks: 250)
[18:57:50] TERRAIN: Creating chunk: (-9.0, 0.0) at distance 9.00
[18:57:50] TERRAIN: Chunk (-9.0, 0.0): TRIMESH collision created successfully (distance: 9.00, vertices: 8)
[18:57:50] TERRAIN: Chunk created successfully: (-9.0, 0.0) at world pos (-288.0, 0.0, 0.0) (total chunks: 251)
[18:57:50] TERRAIN: Creating chunk: (0.0, -9.0) at distance 9.00
[18:57:50] TERRAIN: Chunk (0.0, -9.0): TRIMESH collision created successfully (distance: 9.00, vertices: 8)
[18:57:50] TERRAIN: Chunk created successfully: (0.0, -9.0) at world pos (0.0, 0.0, -288.0) (total chunks: 252)
[18:57:50] TERRAIN: Creating chunk: (0.0, 9.0) at distance 9.00
[18:57:50] TERRAIN: Chunk (0.0, 9.0): TRIMESH collision created successfully (distance: 9.00, vertices: 8)
[18:57:50] TERRAIN: Chunk created successfully: (0.0, 9.0) at world pos (0.0, 0.0, 288.0) (total chunks: 253)
[18:57:50] TERRAIN: Creating chunk: (9.0, 1.0) at distance 9.06
[18:57:50] TERRAIN: Chunk (9.0, 1.0): TRIMESH collision created successfully (distance: 9.06, vertices: 8)
[18:57:50] TERRAIN: Chunk created successfully: (9.0, 1.0) at world pos (288.0, 0.0, 32.0) (total chunks: 254)
[18:57:50] TERRAIN: Creating chunk: (1.0, 9.0) at distance 9.06
[18:57:50] TERRAIN: Chunk (1.0, 9.0): TRIMESH collision created successfully (distance: 9.06, vertices: 8)
[18:57:50] TERRAIN: Chunk created successfully: (1.0, 9.0) at world pos (32.0, 0.0, 288.0) (total chunks: 255)
[18:57:50] TERRAIN: Creating chunk: (9.0, -1.0) at distance 9.06
[18:57:50] TERRAIN: Chunk (9.0, -1.0): TRIMESH collision created successfully (distance: 9.06, vertices: 8)
[18:57:50] TERRAIN: Chunk created successfully: (9.0, -1.0) at world pos (288.0, 0.0, -32.0) (total chunks: 256)
[18:57:50] TERRAIN: Creating chunk: (1.0, -9.0) at distance 9.06
[18:57:50] TERRAIN: Chunk (1.0, -9.0): TRIMESH collision created successfully (distance: 9.06, vertices: 8)
[18:57:50] TERRAIN: Chunk created successfully: (1.0, -9.0) at world pos (32.0, 0.0, -288.0) (total chunks: 257)
[18:57:50] TERRAIN: Creating chunk: (-1.0, -9.0) at distance 9.06
[18:57:50] TERRAIN: Chunk (-1.0, -9.0): TRIMESH collision created successfully (distance: 9.06, vertices: 8)
[18:57:50] TERRAIN: Chunk created successfully: (-1.0, -9.0) at world pos (-32.0, 0.0, -288.0) (total chunks: 258)
[18:57:50] TERRAIN: Creating chunk: (-9.0, -1.0) at distance 9.06
[18:57:50] TERRAIN: Chunk (-9.0, -1.0): TRIMESH collision created successfully (distance: 9.06, vertices: 8)
[18:57:50] TERRAIN: Chunk created successfully: (-9.0, -1.0) at world pos (-288.0, 0.0, -32.0) (total chunks: 259)
[18:57:50] TERRAIN: Creating chunk: (-9.0, 1.0) at distance 9.06
[18:57:50] TERRAIN: Chunk (-9.0, 1.0): TRIMESH collision created successfully (distance: 9.06, vertices: 8)
[18:57:50] TERRAIN: Chunk created successfully: (-9.0, 1.0) at world pos (-288.0, 0.0, 32.0) (total chunks: 260)
[18:57:50] TERRAIN: Creating chunk: (-1.0, 9.0) at distance 9.06
[18:57:50] TERRAIN: Chunk (-1.0, 9.0): TRIMESH collision created successfully (distance: 9.06, vertices: 8)
[18:57:50] TERRAIN: Chunk created successfully: (-1.0, 9.0) at world pos (-32.0, 0.0, 288.0) (total chunks: 261)
[18:57:50] TERRAIN: Creating chunk: (-9.0, -2.0) at distance 9.22
[18:57:50] TERRAIN: Chunk (-9.0, -2.0): TRIMESH collision created successfully (distance: 9.22, vertices: 8)
[18:57:50] TERRAIN: Chunk created successfully: (-9.0, -2.0) at world pos (-288.0, 0.0, -64.0) (total chunks: 262)
[18:57:50] TERRAIN: Creating chunk: (6.0, 7.0) at distance 9.22
[18:57:50] TERRAIN: Chunk (6.0, 7.0): TRIMESH collision created successfully (distance: 9.22, vertices: 8)
[18:57:50] TERRAIN: Chunk created successfully: (6.0, 7.0) at world pos (192.0, 0.0, 224.0) (total chunks: 263)
[18:57:50] TERRAIN: Creating chunk: (-9.0, 2.0) at distance 9.22
[18:57:50] TERRAIN: Chunk (-9.0, 2.0): TRIMESH collision created successfully (distance: 9.22, vertices: 8)
[18:57:50] TERRAIN: Chunk created successfully: (-9.0, 2.0) at world pos (-288.0, 0.0, 64.0) (total chunks: 264)
[18:57:50] TERRAIN: Creating chunk: (9.0, 2.0) at distance 9.22
[18:57:50] TERRAIN: Chunk (9.0, 2.0): TRIMESH collision created successfully (distance: 9.22, vertices: 8)
[18:57:50] TERRAIN: Chunk created successfully: (9.0, 2.0) at world pos (288.0, 0.0, 64.0) (total chunks: 265)
[18:57:50] TERRAIN: Creating chunk: (-2.0, -9.0) at distance 9.22
[18:57:50] TERRAIN: Chunk (-2.0, -9.0): TRIMESH collision created successfully (distance: 9.22, vertices: 8)
[18:57:50] TERRAIN: Chunk created successfully: (-2.0, -9.0) at world pos (-64.0, 0.0, -288.0) (total chunks: 266)
[18:57:50] TERRAIN: Creating chunk: (-6.0, -7.0) at distance 9.22
[18:57:50] TERRAIN: Chunk (-6.0, -7.0): TRIMESH collision created successfully (distance: 9.22, vertices: 8)
[18:57:50] TERRAIN: Chunk created successfully: (-6.0, -7.0) at world pos (-192.0, 0.0, -224.0) (total chunks: 267)
[18:57:50] TERRAIN: Creating chunk: (2.0, -9.0) at distance 9.22
[18:57:50] TERRAIN: Chunk (2.0, -9.0): TRIMESH collision created successfully (distance: 9.22, vertices: 8)
[18:57:50] TERRAIN: Chunk created successfully: (2.0, -9.0) at world pos (64.0, 0.0, -288.0) (total chunks: 268)
[18:57:50] TERRAIN: Creating chunk: (-2.0, 9.0) at distance 9.22
[18:57:50] TERRAIN: Chunk (-2.0, 9.0): TRIMESH collision created successfully (distance: 9.22, vertices: 8)
[18:57:50] TERRAIN: Chunk created successfully: (-2.0, 9.0) at world pos (-64.0, 0.0, 288.0) (total chunks: 269)
[18:57:50] TERRAIN: Creating chunk: (-7.0, 6.0) at distance 9.22
[18:57:50] TERRAIN: Chunk (-7.0, 6.0): TRIMESH collision created successfully (distance: 9.22, vertices: 8)
[18:57:50] TERRAIN: Chunk created successfully: (-7.0, 6.0) at world pos (-224.0, 0.0, 192.0) (total chunks: 270)
[18:57:50] TERRAIN: Creating chunk: (-7.0, -6.0) at distance 9.22
[18:57:50] TERRAIN: Chunk (-7.0, -6.0): TRIMESH collision created successfully (distance: 9.22, vertices: 8)
[18:57:50] TERRAIN: Chunk created successfully: (-7.0, -6.0) at world pos (-224.0, 0.0, -192.0) (total chunks: 271)
[18:57:50] TERRAIN: Creating chunk: (7.0, -6.0) at distance 9.22
[18:57:50] TERRAIN: Chunk (7.0, -6.0): TRIMESH collision created successfully (distance: 9.22, vertices: 8)
[18:57:50] TERRAIN: Chunk created successfully: (7.0, -6.0) at world pos (224.0, 0.0, -192.0) (total chunks: 272)
[18:57:50] TERRAIN: Creating chunk: (2.0, 9.0) at distance 9.22
[18:57:50] TERRAIN: Chunk (2.0, 9.0): TRIMESH collision created successfully (distance: 9.22, vertices: 8)
[18:57:50] TERRAIN: Chunk created successfully: (2.0, 9.0) at world pos (64.0, 0.0, 288.0) (total chunks: 273)
[18:57:50] TERRAIN: Creating chunk: (-6.0, 7.0) at distance 9.22
[18:57:50] TERRAIN: Chunk (-6.0, 7.0): TRIMESH collision created successfully (distance: 9.22, vertices: 8)
[18:57:50] TERRAIN: Chunk created successfully: (-6.0, 7.0) at world pos (-192.0, 0.0, 224.0) (total chunks: 274)
[18:57:50] TERRAIN: Creating chunk: (9.0, -2.0) at distance 9.22
[18:57:50] TERRAIN: Chunk (9.0, -2.0): TRIMESH collision created successfully (distance: 9.22, vertices: 8)
[18:57:50] TERRAIN: Chunk created successfully: (9.0, -2.0) at world pos (288.0, 0.0, -64.0) (total chunks: 275)
[18:57:50] TERRAIN: Creating chunk: (7.0, 6.0) at distance 9.22
[18:57:50] TERRAIN: Chunk (7.0, 6.0): TRIMESH collision created successfully (distance: 9.22, vertices: 8)
[18:57:50] TERRAIN: Chunk created successfully: (7.0, 6.0) at world pos (224.0, 0.0, 192.0) (total chunks: 276)
[18:57:50] TERRAIN: Creating chunk: (6.0, -7.0) at distance 9.22
[18:57:50] TERRAIN: Chunk (6.0, -7.0): TRIMESH collision created successfully (distance: 9.22, vertices: 8)
[18:57:50] TERRAIN: Chunk created successfully: (6.0, -7.0) at world pos (192.0, 0.0, -224.0) (total chunks: 277)
[18:57:50] TERRAIN: Creating chunk: (-5.0, -8.0) at distance 9.43
[18:57:50] TERRAIN: Chunk (-5.0, -8.0): TRIMESH collision created successfully (distance: 9.43, vertices: 8)
[18:57:50] TERRAIN: Chunk created successfully: (-5.0, -8.0) at world pos (-160.0, 0.0, -256.0) (total chunks: 278)
[18:57:50] TERRAIN: Creating chunk: (8.0, -5.0) at distance 9.43
[18:57:50] TERRAIN: Chunk (8.0, -5.0): TRIMESH collision created successfully (distance: 9.43, vertices: 8)
[18:57:50] TERRAIN: Chunk created successfully: (8.0, -5.0) at world pos (256.0, 0.0, -160.0) (total chunks: 279)
[18:57:50] TERRAIN: Creating chunk: (5.0, 8.0) at distance 9.43
[18:57:50] TERRAIN: Chunk (5.0, 8.0): TRIMESH collision created successfully (distance: 9.43, vertices: 8)
[18:57:50] TERRAIN: Chunk created successfully: (5.0, 8.0) at world pos (160.0, 0.0, 256.0) (total chunks: 280)
[18:57:50] TERRAIN: Creating chunk: (-8.0, -5.0) at distance 9.43
[18:57:50] TERRAIN: Chunk (-8.0, -5.0): TRIMESH collision created successfully (distance: 9.43, vertices: 8)
[18:57:50] TERRAIN: Chunk created successfully: (-8.0, -5.0) at world pos (-256.0, 0.0, -160.0) (total chunks: 281)
[18:57:50] TERRAIN: Creating chunk: (8.0, 5.0) at distance 9.43
[18:57:50] TERRAIN: Chunk (8.0, 5.0): TRIMESH collision created successfully (distance: 9.43, vertices: 8)
[18:57:50] TERRAIN: Chunk created successfully: (8.0, 5.0) at world pos (256.0, 0.0, 160.0) (total chunks: 282)
[18:57:50] TERRAIN: Creating chunk: (-8.0, 5.0) at distance 9.43
[18:57:50] TERRAIN: Chunk (-8.0, 5.0): TRIMESH collision created successfully (distance: 9.43, vertices: 8)
[18:57:50] TERRAIN: Chunk created successfully: (-8.0, 5.0) at world pos (-256.0, 0.0, 160.0) (total chunks: 283)
[18:57:50] TERRAIN: Creating chunk: (-5.0, 8.0) at distance 9.43
[18:57:50] TERRAIN: Chunk (-5.0, 8.0): TRIMESH collision created successfully (distance: 9.43, vertices: 8)
[18:57:50] TERRAIN: Chunk created successfully: (-5.0, 8.0) at world pos (-160.0, 0.0, 256.0) (total chunks: 284)
[18:57:50] PLAYER: Pos: (0.0, 0.000485, 0.0) | Chunk: (0.0, 0.0) | TerrainHeight: 0.00 | HeightDiff: 0.00 | OnFloor: true
[18:57:50] TERRAIN: Creating chunk: (5.0, -8.0) at distance 9.43
[18:57:50] TERRAIN: Chunk (5.0, -8.0): TRIMESH collision created successfully (distance: 9.43, vertices: 8)
[18:57:50] TERRAIN: Chunk created successfully: (5.0, -8.0) at world pos (160.0, 0.0, -256.0) (total chunks: 285)
[18:57:50] TERRAIN: Creating chunk: (-9.0, -3.0) at distance 9.49
[18:57:50] TERRAIN: Chunk (-9.0, -3.0): TRIMESH collision created successfully (distance: 9.49, vertices: 8)
[18:57:50] TERRAIN: Chunk created successfully: (-9.0, -3.0) at world pos (-288.0, 0.0, -96.0) (total chunks: 286)
[18:57:50] TERRAIN: Creating chunk: (9.0, -3.0) at distance 9.49
[18:57:50] TERRAIN: Chunk (9.0, -3.0): TRIMESH collision created successfully (distance: 9.49, vertices: 8)
[18:57:50] TERRAIN: Chunk created successfully: (9.0, -3.0) at world pos (288.0, 0.0, -96.0) (total chunks: 287)
[18:57:50] TERRAIN: Creating chunk: (-9.0, 3.0) at distance 9.49
[18:57:50] TERRAIN: Chunk (-9.0, 3.0): TRIMESH collision created successfully (distance: 9.49, vertices: 8)
[18:57:50] TERRAIN: Chunk created successfully: (-9.0, 3.0) at world pos (-288.0, 0.0, 96.0) (total chunks: 288)
[18:57:50] TERRAIN: Creating chunk: (3.0, 9.0) at distance 9.49
[18:57:50] TERRAIN: Chunk (3.0, 9.0): TRIMESH collision created successfully (distance: 9.49, vertices: 8)
[18:57:50] TERRAIN: Chunk created successfully: (3.0, 9.0) at world pos (96.0, 0.0, 288.0) (total chunks: 289)
[18:57:50] TERRAIN: Creating chunk: (-3.0, -9.0) at distance 9.49
[18:57:50] TERRAIN: Chunk (-3.0, -9.0): TRIMESH collision created successfully (distance: 9.49, vertices: 8)
[18:57:50] TERRAIN: Chunk created successfully: (-3.0, -9.0) at world pos (-96.0, 0.0, -288.0) (total chunks: 290)
[18:57:50] TERRAIN: Creating chunk: (-3.0, 9.0) at distance 9.49
[18:57:50] TERRAIN: Chunk (-3.0, 9.0): TRIMESH collision created successfully (distance: 9.49, vertices: 8)
[18:57:50] TERRAIN: Chunk created successfully: (-3.0, 9.0) at world pos (-96.0, 0.0, 288.0) (total chunks: 291)
[18:57:50] TERRAIN: Creating chunk: (3.0, -9.0) at distance 9.49
[18:57:50] TERRAIN: Chunk (3.0, -9.0): TRIMESH collision created successfully (distance: 9.49, vertices: 8)
[18:57:50] TERRAIN: Chunk created successfully: (3.0, -9.0) at world pos (96.0, 0.0, -288.0) (total chunks: 292)
[18:57:51] TERRAIN: Creating chunk: (9.0, 3.0) at distance 9.49
[18:57:51] TERRAIN: Chunk (9.0, 3.0): TRIMESH collision created successfully (distance: 9.49, vertices: 8)
[18:57:51] TERRAIN: Chunk created successfully: (9.0, 3.0) at world pos (288.0, 0.0, 96.0) (total chunks: 293)
[18:57:51] TERRAIN: Creating chunk: (-9.0, 4.0) at distance 9.85
[18:57:51] TERRAIN: Chunk (-9.0, 4.0): TRIMESH collision created successfully (distance: 9.85, vertices: 8)
[18:57:51] TERRAIN: Chunk created successfully: (-9.0, 4.0) at world pos (-288.0, 0.0, 128.0) (total chunks: 294)
[18:57:51] TERRAIN: Creating chunk: (-4.0, -9.0) at distance 9.85
[18:57:51] TERRAIN: Chunk (-4.0, -9.0): TRIMESH collision created successfully (distance: 9.85, vertices: 8)
[18:57:51] TERRAIN: Chunk created successfully: (-4.0, -9.0) at world pos (-128.0, 0.0, -288.0) (total chunks: 295)
[18:57:51] TERRAIN: Creating chunk: (9.0, -4.0) at distance 9.85
[18:57:51] TERRAIN: Chunk (9.0, -4.0): TRIMESH collision created successfully (distance: 9.85, vertices: 8)
[18:57:51] TERRAIN: Chunk created successfully: (9.0, -4.0) at world pos (288.0, 0.0, -128.0) (total chunks: 296)
[18:57:51] TERRAIN: Creating chunk: (9.0, 4.0) at distance 9.85
[18:57:51] TERRAIN: Chunk (9.0, 4.0): TRIMESH collision created successfully (distance: 9.85, vertices: 8)
[18:57:51] TERRAIN: Chunk created successfully: (9.0, 4.0) at world pos (288.0, 0.0, 128.0) (total chunks: 297)
[18:57:51] TERRAIN: Creating chunk: (-9.0, -4.0) at distance 9.85
[18:57:51] TERRAIN: Chunk (-9.0, -4.0): TRIMESH collision created successfully (distance: 9.85, vertices: 8)
[18:57:51] TERRAIN: Chunk created successfully: (-9.0, -4.0) at world pos (-288.0, 0.0, -128.0) (total chunks: 298)
[18:57:51] TERRAIN: Creating chunk: (4.0, 9.0) at distance 9.85
[18:57:51] TERRAIN: Chunk (4.0, 9.0): TRIMESH collision created successfully (distance: 9.85, vertices: 8)
[18:57:51] TERRAIN: Chunk created successfully: (4.0, 9.0) at world pos (128.0, 0.0, 288.0) (total chunks: 299)
[18:57:51] TERRAIN: Creating chunk: (-4.0, 9.0) at distance 9.85
[18:57:51] TERRAIN: Chunk (-4.0, 9.0): TRIMESH collision created successfully (distance: 9.85, vertices: 8)
[18:57:51] TERRAIN: Chunk created successfully: (-4.0, 9.0) at world pos (-128.0, 0.0, 288.0) (total chunks: 300)
[18:57:51] TERRAIN: Creating chunk: (4.0, -9.0) at distance 9.85
[18:57:51] TERRAIN: Chunk (4.0, -9.0): TRIMESH collision created successfully (distance: 9.85, vertices: 8)
[18:57:51] TERRAIN: Chunk created successfully: (4.0, -9.0) at world pos (128.0, 0.0, -288.0) (total chunks: 301)
[18:57:51] TERRAIN: Creating chunk: (7.0, -7.0) at distance 9.90
[18:57:51] TERRAIN: Chunk (7.0, -7.0): TRIMESH collision created successfully (distance: 9.90, vertices: 8)
[18:57:51] TERRAIN: Chunk created successfully: (7.0, -7.0) at world pos (224.0, 0.0, -224.0) (total chunks: 302)
[18:57:51] TERRAIN: Creating chunk: (-7.0, -7.0) at distance 9.90
[18:57:51] TERRAIN: Chunk (-7.0, -7.0): TRIMESH collision created successfully (distance: 9.90, vertices: 8)
[18:57:51] TERRAIN: Chunk created successfully: (-7.0, -7.0) at world pos (-224.0, 0.0, -224.0) (total chunks: 303)
[18:57:51] TERRAIN: Creating chunk: (7.0, 7.0) at distance 9.90
[18:57:51] TERRAIN: Chunk (7.0, 7.0): TRIMESH collision created successfully (distance: 9.90, vertices: 8)
[18:57:51] TERRAIN: Chunk created successfully: (7.0, 7.0) at world pos (224.0, 0.0, 224.0) (total chunks: 304)
[18:57:51] TERRAIN: Creating chunk: (-7.0, 7.0) at distance 9.90
[18:57:51] TERRAIN: Chunk (-7.0, 7.0): TRIMESH collision created successfully (distance: 9.90, vertices: 8)
[18:57:51] TERRAIN: Chunk created successfully: (-7.0, 7.0) at world pos (-224.0, 0.0, 224.0) (total chunks: 305)
[18:57:51] TERRAIN: Creating chunk: (-6.0, 8.0) at distance 10.00
[18:57:51] TERRAIN: Chunk (-6.0, 8.0): TRIMESH collision created successfully (distance: 10.00, vertices: 8)
[18:57:51] TERRAIN: Chunk created successfully: (-6.0, 8.0) at world pos (-192.0, 0.0, 256.0) (total chunks: 306)
[18:57:51] TERRAIN: Creating chunk: (-8.0, -6.0) at distance 10.00
[18:57:51] TERRAIN: Chunk (-8.0, -6.0): TRIMESH collision created successfully (distance: 10.00, vertices: 8)
[18:57:51] TERRAIN: Chunk created successfully: (-8.0, -6.0) at world pos (-256.0, 0.0, -192.0) (total chunks: 307)
[18:57:51] TERRAIN: Creating chunk: (6.0, -8.0) at distance 10.00
[18:57:51] TERRAIN: Chunk (6.0, -8.0): TRIMESH collision created successfully (distance: 10.00, vertices: 8)
[18:57:51] TERRAIN: Chunk created successfully: (6.0, -8.0) at world pos (192.0, 0.0, -256.0) (total chunks: 308)
[18:57:51] TERRAIN: Creating chunk: (0.0, -10.0) at distance 10.00
[18:57:51] TERRAIN: Chunk (0.0, -10.0): TRIMESH collision created successfully (distance: 10.00, vertices: 8)
[18:57:51] TERRAIN: Chunk created successfully: (0.0, -10.0) at world pos (0.0, 0.0, -320.0) (total chunks: 309)
[18:57:51] TERRAIN: Creating chunk: (8.0, 6.0) at distance 10.00
[18:57:51] TERRAIN: Chunk (8.0, 6.0): TRIMESH collision created successfully (distance: 10.00, vertices: 8)
[18:57:51] TERRAIN: Chunk created successfully: (8.0, 6.0) at world pos (256.0, 0.0, 192.0) (total chunks: 310)
[18:57:51] TERRAIN: Creating chunk: (-8.0, 6.0) at distance 10.00
[18:57:51] TERRAIN: Chunk (-8.0, 6.0): TRIMESH collision created successfully (distance: 10.00, vertices: 8)
[18:57:51] TERRAIN: Chunk created successfully: (-8.0, 6.0) at world pos (-256.0, 0.0, 192.0) (total chunks: 311)
[18:57:51] TERRAIN: Creating chunk: (6.0, 8.0) at distance 10.00
[18:57:51] TERRAIN: Chunk (6.0, 8.0): TRIMESH collision created successfully (distance: 10.00, vertices: 8)
[18:57:51] TERRAIN: Chunk created successfully: (6.0, 8.0) at world pos (192.0, 0.0, 256.0) (total chunks: 312)
[18:57:51] TERRAIN: Creating chunk: (-10.0, 0.0) at distance 10.00
[18:57:51] TERRAIN: Chunk (-10.0, 0.0): TRIMESH collision created successfully (distance: 10.00, vertices: 8)
[18:57:51] TERRAIN: Chunk created successfully: (-10.0, 0.0) at world pos (-320.0, 0.0, 0.0) (total chunks: 313)
[18:57:51] TERRAIN: Creating chunk: (10.0, 0.0) at distance 10.00
[18:57:51] TERRAIN: Chunk (10.0, 0.0): TRIMESH collision created successfully (distance: 10.00, vertices: 8)
[18:57:51] TERRAIN: Chunk created successfully: (10.0, 0.0) at world pos (320.0, 0.0, 0.0) (total chunks: 314)
[18:57:51] TERRAIN: Creating chunk: (-6.0, -8.0) at distance 10.00
[18:57:51] TERRAIN: Chunk (-6.0, -8.0): TRIMESH collision created successfully (distance: 10.00, vertices: 8)
[18:57:51] TERRAIN: Chunk created successfully: (-6.0, -8.0) at world pos (-192.0, 0.0, -256.0) (total chunks: 315)
[18:57:51] TERRAIN: Creating chunk: (8.0, -6.0) at distance 10.00
[18:57:51] TERRAIN: Chunk (8.0, -6.0): TRIMESH collision created successfully (distance: 10.00, vertices: 8)
[18:57:51] TERRAIN: Chunk created successfully: (8.0, -6.0) at world pos (256.0, 0.0, -192.0) (total chunks: 316)
[18:57:51] TERRAIN: Creating chunk: (0.0, 10.0) at distance 10.00
[18:57:51] TERRAIN: Chunk (0.0, 10.0): TRIMESH collision created successfully (distance: 10.00, vertices: 8)
[18:57:51] TERRAIN: Chunk created successfully: (0.0, 10.0) at world pos (0.0, 0.0, 320.0) (total chunks: 317)
[18:57:51] TERRAIN: Creating chunk: (-10.0, -1.0) at distance 10.05
[18:57:51] TERRAIN: Chunk (-10.0, -1.0): TRIMESH collision created successfully (distance: 10.05, vertices: 8)
[18:57:51] TERRAIN: Chunk created successfully: (-10.0, -1.0) at world pos (-320.0, 0.0, -32.0) (total chunks: 318)
[18:57:51] TERRAIN: Creating chunk: (-1.0, 10.0) at distance 10.05
[18:57:51] TERRAIN: Chunk (-1.0, 10.0): TRIMESH collision created successfully (distance: 10.05, vertices: 8)
[18:57:51] TERRAIN: Chunk created successfully: (-1.0, 10.0) at world pos (-32.0, 0.0, 320.0) (total chunks: 319)
[18:57:51] TERRAIN: Creating chunk: (1.0, 10.0) at distance 10.05
[18:57:51] TERRAIN: Chunk (1.0, 10.0): TRIMESH collision created successfully (distance: 10.05, vertices: 8)
[18:57:51] TERRAIN: Chunk created successfully: (1.0, 10.0) at world pos (32.0, 0.0, 320.0) (total chunks: 320)
[18:57:51] TERRAIN: Creating chunk: (1.0, -10.0) at distance 10.05
[18:57:51] TERRAIN: Chunk (1.0, -10.0): TRIMESH collision created successfully (distance: 10.05, vertices: 8)
[18:57:51] TERRAIN: Chunk created successfully: (1.0, -10.0) at world pos (32.0, 0.0, -320.0) (total chunks: 321)
[18:57:51] TERRAIN: Creating chunk: (-10.0, 1.0) at distance 10.05
[18:57:51] TERRAIN: Chunk (-10.0, 1.0): TRIMESH collision created successfully (distance: 10.05, vertices: 8)
[18:57:51] TERRAIN: Chunk created successfully: (-10.0, 1.0) at world pos (-320.0, 0.0, 32.0) (total chunks: 322)
[18:57:51] TERRAIN: Creating chunk: (-1.0, -10.0) at distance 10.05
[18:57:51] TERRAIN: Chunk (-1.0, -10.0): TRIMESH collision created successfully (distance: 10.05, vertices: 8)
[18:57:51] TERRAIN: Chunk created successfully: (-1.0, -10.0) at world pos (-32.0, 0.0, -320.0) (total chunks: 323)
[18:57:51] TERRAIN: Creating chunk: (10.0, 1.0) at distance 10.05
[18:57:51] TERRAIN: Chunk (10.0, 1.0): TRIMESH collision created successfully (distance: 10.05, vertices: 8)
[18:57:51] TERRAIN: Chunk created successfully: (10.0, 1.0) at world pos (320.0, 0.0, 32.0) (total chunks: 324)
[18:57:51] TERRAIN: Creating chunk: (10.0, -1.0) at distance 10.05
[18:57:51] TERRAIN: Chunk (10.0, -1.0): TRIMESH collision created successfully (distance: 10.05, vertices: 8)
[18:57:51] TERRAIN: Chunk created successfully: (10.0, -1.0) at world pos (320.0, 0.0, -32.0) (total chunks: 325)
[18:57:51] TERRAIN: Creating chunk: (2.0, 10.0) at distance 10.20
[18:57:51] TERRAIN: Chunk (2.0, 10.0): TRIMESH collision created successfully (distance: 10.20, vertices: 8)
[18:57:51] TERRAIN: Chunk created successfully: (2.0, 10.0) at world pos (64.0, 0.0, 320.0) (total chunks: 326)
[18:57:51] TERRAIN: Creating chunk: (-2.0, 10.0) at distance 10.20
[18:57:51] TERRAIN: Chunk (-2.0, 10.0): TRIMESH collision created successfully (distance: 10.20, vertices: 8)
[18:57:51] TERRAIN: Chunk created successfully: (-2.0, 10.0) at world pos (-64.0, 0.0, 320.0) (total chunks: 327)
[18:57:51] TERRAIN: Creating chunk: (-10.0, -2.0) at distance 10.20
[18:57:51] TERRAIN: Chunk (-10.0, -2.0): TRIMESH collision created successfully (distance: 10.20, vertices: 8)
[18:57:51] TERRAIN: Chunk created successfully: (-10.0, -2.0) at world pos (-320.0, 0.0, -64.0) (total chunks: 328)
[18:57:51] TERRAIN: Creating chunk: (10.0, -2.0) at distance 10.20
[18:57:51] TERRAIN: Chunk (10.0, -2.0): TRIMESH collision created successfully (distance: 10.20, vertices: 8)
[18:57:51] TERRAIN: Chunk created successfully: (10.0, -2.0) at world pos (320.0, 0.0, -64.0) (total chunks: 329)
[18:57:51] TERRAIN: Creating chunk: (-2.0, -10.0) at distance 10.20
[18:57:51] TERRAIN: Chunk (-2.0, -10.0): TRIMESH collision created successfully (distance: 10.20, vertices: 8)
[18:57:51] TERRAIN: Chunk created successfully: (-2.0, -10.0) at world pos (-64.0, 0.0, -320.0) (total chunks: 330)
[18:57:51] TERRAIN: Creating chunk: (-10.0, 2.0) at distance 10.20
[18:57:51] TERRAIN: Chunk (-10.0, 2.0): TRIMESH collision created successfully (distance: 10.20, vertices: 8)
[18:57:51] TERRAIN: Chunk created successfully: (-10.0, 2.0) at world pos (-320.0, 0.0, 64.0) (total chunks: 331)
[18:57:51] TERRAIN: Creating chunk: (2.0, -10.0) at distance 10.20
[18:57:51] TERRAIN: Chunk (2.0, -10.0): TRIMESH collision created successfully (distance: 10.20, vertices: 8)
[18:57:51] TERRAIN: Chunk created successfully: (2.0, -10.0) at world pos (64.0, 0.0, -320.0) (total chunks: 332)
[18:57:51] TERRAIN: Creating chunk: (10.0, 2.0) at distance 10.20
[18:57:51] TERRAIN: Chunk (10.0, 2.0): TRIMESH collision created successfully (distance: 10.20, vertices: 8)
[18:57:51] TERRAIN: Chunk created successfully: (10.0, 2.0) at world pos (320.0, 0.0, 64.0) (total chunks: 333)
[18:57:51] TERRAIN: Creating chunk: (9.0, -5.0) at distance 10.30
[18:57:51] TERRAIN: Chunk (9.0, -5.0): TRIMESH collision created successfully (distance: 10.30, vertices: 8)
[18:57:51] TERRAIN: Chunk created successfully: (9.0, -5.0) at world pos (288.0, 0.0, -160.0) (total chunks: 334)
[18:57:51] TERRAIN: Creating chunk: (9.0, 5.0) at distance 10.30
[18:57:51] TERRAIN: Chunk (9.0, 5.0): TRIMESH collision created successfully (distance: 10.30, vertices: 8)
[18:57:51] TERRAIN: Chunk created successfully: (9.0, 5.0) at world pos (288.0, 0.0, 160.0) (total chunks: 335)
[18:57:51] TERRAIN: Creating chunk: (5.0, 9.0) at distance 10.30
[18:57:51] TERRAIN: Chunk (5.0, 9.0): TRIMESH collision created successfully (distance: 10.30, vertices: 8)
[18:57:51] TERRAIN: Chunk created successfully: (5.0, 9.0) at world pos (160.0, 0.0, 288.0) (total chunks: 336)
[18:57:51] TERRAIN: Creating chunk: (-9.0, -5.0) at distance 10.30
[18:57:51] TERRAIN: Chunk (-9.0, -5.0): TRIMESH collision created successfully (distance: 10.30, vertices: 8)
[18:57:51] TERRAIN: Chunk created successfully: (-9.0, -5.0) at world pos (-288.0, 0.0, -160.0) (total chunks: 337)
[18:57:51] TERRAIN: Creating chunk: (5.0, -9.0) at distance 10.30
[18:57:51] TERRAIN: Chunk (5.0, -9.0): TRIMESH collision created successfully (distance: 10.30, vertices: 8)
[18:57:51] TERRAIN: Chunk created successfully: (5.0, -9.0) at world pos (160.0, 0.0, -288.0) (total chunks: 338)
[18:57:51] TERRAIN: Creating chunk: (-5.0, -9.0) at distance 10.30
[18:57:51] TERRAIN: Chunk (-5.0, -9.0): TRIMESH collision created successfully (distance: 10.30, vertices: 8)
[18:57:51] TERRAIN: Chunk created successfully: (-5.0, -9.0) at world pos (-160.0, 0.0, -288.0) (total chunks: 339)
[18:57:51] TERRAIN: Creating chunk: (-9.0, 5.0) at distance 10.30
[18:57:51] TERRAIN: Chunk (-9.0, 5.0): TRIMESH collision created successfully (distance: 10.30, vertices: 8)
[18:57:51] TERRAIN: Chunk created successfully: (-9.0, 5.0) at world pos (-288.0, 0.0, 160.0) (total chunks: 340)
[18:57:51] TERRAIN: Creating chunk: (-5.0, 9.0) at distance 10.30
[18:57:51] TERRAIN: Chunk (-5.0, 9.0): TRIMESH collision created successfully (distance: 10.30, vertices: 8)
[18:57:51] TERRAIN: Chunk created successfully: (-5.0, 9.0) at world pos (-160.0, 0.0, 288.0) (total chunks: 341)
[18:57:51] TERRAIN: Creating chunk: (10.0, -3.0) at distance 10.44
[18:57:51] TERRAIN: Chunk (10.0, -3.0): TRIMESH collision created successfully (distance: 10.44, vertices: 8)
[18:57:51] TERRAIN: Chunk created successfully: (10.0, -3.0) at world pos (320.0, 0.0, -96.0) (total chunks: 342)
[18:57:51] TERRAIN: Creating chunk: (-3.0, -10.0) at distance 10.44
[18:57:51] TERRAIN: Chunk (-3.0, -10.0): TRIMESH collision created successfully (distance: 10.44, vertices: 8)
[18:57:51] TERRAIN: Chunk created successfully: (-3.0, -10.0) at world pos (-96.0, 0.0, -320.0) (total chunks: 343)
[18:57:51] TERRAIN: Creating chunk: (-10.0, -3.0) at distance 10.44
[18:57:51] TERRAIN: Chunk (-10.0, -3.0): TRIMESH collision created successfully (distance: 10.44, vertices: 8)
[18:57:51] TERRAIN: Chunk created successfully: (-10.0, -3.0) at world pos (-320.0, 0.0, -96.0) (total chunks: 344)
[18:57:51] TERRAIN: Creating chunk: (3.0, 10.0) at distance 10.44
[18:57:51] TERRAIN: Chunk (3.0, 10.0): TRIMESH collision created successfully (distance: 10.44, vertices: 8)
[18:57:51] TERRAIN: Chunk created successfully: (3.0, 10.0) at world pos (96.0, 0.0, 320.0) (total chunks: 345)
[18:57:51] TERRAIN: Creating chunk: (-10.0, 3.0) at distance 10.44
[18:57:51] TERRAIN: Chunk (-10.0, 3.0): TRIMESH collision created successfully (distance: 10.44, vertices: 8)
[18:57:51] TERRAIN: Chunk created successfully: (-10.0, 3.0) at world pos (-320.0, 0.0, 96.0) (total chunks: 346)
[18:57:51] TERRAIN: Creating chunk: (10.0, 3.0) at distance 10.44
[18:57:51] TERRAIN: Chunk (10.0, 3.0): TRIMESH collision created successfully (distance: 10.44, vertices: 8)
[18:57:51] TERRAIN: Chunk created successfully: (10.0, 3.0) at world pos (320.0, 0.0, 96.0) (total chunks: 347)
[18:57:51] TERRAIN: Creating chunk: (3.0, -10.0) at distance 10.44
[18:57:51] TERRAIN: Chunk (3.0, -10.0): TRIMESH collision created successfully (distance: 10.44, vertices: 8)
[18:57:51] TERRAIN: Chunk created successfully: (3.0, -10.0) at world pos (96.0, 0.0, -320.0) (total chunks: 348)
[18:57:51] TERRAIN: Creating chunk: (-3.0, 10.0) at distance 10.44
[18:57:51] TERRAIN: Chunk (-3.0, 10.0): TRIMESH collision created successfully (distance: 10.44, vertices: 8)
[18:57:51] TERRAIN: Chunk created successfully: (-3.0, 10.0) at world pos (-96.0, 0.0, 320.0) (total chunks: 349)
[18:57:51] TERRAIN: Creating chunk: (8.0, -7.0) at distance 10.63
[18:57:51] TERRAIN: Chunk (8.0, -7.0): TRIMESH collision created successfully (distance: 10.63, vertices: 8)
[18:57:51] TERRAIN: Chunk created successfully: (8.0, -7.0) at world pos (256.0, 0.0, -224.0) (total chunks: 350)
[18:57:51] TERRAIN: Creating chunk: (7.0, 8.0) at distance 10.63
[18:57:51] TERRAIN: Chunk (7.0, 8.0): TRIMESH collision created successfully (distance: 10.63, vertices: 8)
[18:57:51] TERRAIN: Chunk created successfully: (7.0, 8.0) at world pos (224.0, 0.0, 256.0) (total chunks: 351)
[18:57:51] TERRAIN: Creating chunk: (-8.0, 7.0) at distance 10.63
[18:57:51] TERRAIN: Chunk (-8.0, 7.0): TRIMESH collision created successfully (distance: 10.63, vertices: 8)
[18:57:51] TERRAIN: Chunk created successfully: (-8.0, 7.0) at world pos (-256.0, 0.0, 224.0) (total chunks: 352)
[18:57:51] TERRAIN: Creating chunk: (-8.0, -7.0) at distance 10.63
[18:57:51] TERRAIN: Chunk (-8.0, -7.0): TRIMESH collision created successfully (distance: 10.63, vertices: 8)
[18:57:51] TERRAIN: Chunk created successfully: (-8.0, -7.0) at world pos (-256.0, 0.0, -224.0) (total chunks: 353)
[18:57:51] TERRAIN: Creating chunk: (-7.0, 8.0) at distance 10.63
[18:57:51] TERRAIN: Chunk (-7.0, 8.0): TRIMESH collision created successfully (distance: 10.63, vertices: 8)
[18:57:51] TERRAIN: Chunk created successfully: (-7.0, 8.0) at world pos (-224.0, 0.0, 256.0) (total chunks: 354)
[18:57:51] TERRAIN: Creating chunk: (-7.0, -8.0) at distance 10.63
[18:57:51] TERRAIN: Chunk (-7.0, -8.0): TRIMESH collision created successfully (distance: 10.63, vertices: 8)
[18:57:51] TERRAIN: Chunk created successfully: (-7.0, -8.0) at world pos (-224.0, 0.0, -256.0) (total chunks: 355)
[18:57:51] TERRAIN: Creating chunk: (7.0, -8.0) at distance 10.63
[18:57:51] TERRAIN: Chunk (7.0, -8.0): TRIMESH collision created successfully (distance: 10.63, vertices: 8)
[18:57:51] TERRAIN: Chunk created successfully: (7.0, -8.0) at world pos (224.0, 0.0, -256.0) (total chunks: 356)
[18:57:51] TERRAIN: Creating chunk: (8.0, 7.0) at distance 10.63
[18:57:51] TERRAIN: Chunk (8.0, 7.0): TRIMESH collision created successfully (distance: 10.63, vertices: 8)
[18:57:51] TERRAIN: Chunk created successfully: (8.0, 7.0) at world pos (256.0, 0.0, 224.0) (total chunks: 357)
[18:57:51] TERRAIN: Creating chunk: (10.0, -4.0) at distance 10.77
[18:57:51] TERRAIN: Chunk (10.0, -4.0): TRIMESH collision created successfully (distance: 10.77, vertices: 8)
[18:57:51] TERRAIN: Chunk created successfully: (10.0, -4.0) at world pos (320.0, 0.0, -128.0) (total chunks: 358)
[18:57:51] TERRAIN: Creating chunk: (-10.0, 4.0) at distance 10.77
[18:57:51] TERRAIN: Chunk (-10.0, 4.0): TRIMESH collision created successfully (distance: 10.77, vertices: 8)
[18:57:51] TERRAIN: Chunk created successfully: (-10.0, 4.0) at world pos (-320.0, 0.0, 128.0) (total chunks: 359)
[18:57:51] TERRAIN: Creating chunk: (10.0, 4.0) at distance 10.77
[18:57:51] TERRAIN: Chunk (10.0, 4.0): TRIMESH collision created successfully (distance: 10.77, vertices: 8)
[18:57:51] TERRAIN: Chunk created successfully: (10.0, 4.0) at world pos (320.0, 0.0, 128.0) (total chunks: 360)
[18:57:51] TERRAIN: Creating chunk: (4.0, 10.0) at distance 10.77
[18:57:51] TERRAIN: Chunk (4.0, 10.0): TRIMESH collision created successfully (distance: 10.77, vertices: 8)
[18:57:51] TERRAIN: Chunk created successfully: (4.0, 10.0) at world pos (128.0, 0.0, 320.0) (total chunks: 361)
[18:57:51] TERRAIN: Creating chunk: (-4.0, -10.0) at distance 10.77
[18:57:51] TERRAIN: Chunk (-4.0, -10.0): TRIMESH collision created successfully (distance: 10.77, vertices: 8)
[18:57:51] TERRAIN: Chunk created successfully: (-4.0, -10.0) at world pos (-128.0, 0.0, -320.0) (total chunks: 362)
[18:57:51] TERRAIN: Creating chunk: (-4.0, 10.0) at distance 10.77
[18:57:51] TERRAIN: Chunk (-4.0, 10.0): TRIMESH collision created successfully (distance: 10.77, vertices: 8)
[18:57:51] TERRAIN: Chunk created successfully: (-4.0, 10.0) at world pos (-128.0, 0.0, 320.0) (total chunks: 363)
[18:57:51] TERRAIN: Creating chunk: (-10.0, -4.0) at distance 10.77
[18:57:51] TERRAIN: Chunk (-10.0, -4.0): TRIMESH collision created successfully (distance: 10.77, vertices: 8)
[18:57:51] TERRAIN: Chunk created successfully: (-10.0, -4.0) at world pos (-320.0, 0.0, -128.0) (total chunks: 364)
[18:57:51] TERRAIN: Creating chunk: (4.0, -10.0) at distance 10.77
[18:57:51] TERRAIN: Chunk (4.0, -10.0): TRIMESH collision created successfully (distance: 10.77, vertices: 8)
[18:57:51] TERRAIN: Chunk created successfully: (4.0, -10.0) at world pos (128.0, 0.0, -320.0) (total chunks: 365)
[18:57:51] TERRAIN: Creating chunk: (-9.0, 6.0) at distance 10.82
[18:57:51] TERRAIN: Chunk (-9.0, 6.0): TRIMESH collision created successfully (distance: 10.82, vertices: 8)
[18:57:51] TERRAIN: Chunk created successfully: (-9.0, 6.0) at world pos (-288.0, 0.0, 192.0) (total chunks: 366)
[18:57:51] TERRAIN: Creating chunk: (-9.0, -6.0) at distance 10.82
[18:57:51] TERRAIN: Chunk (-9.0, -6.0): TRIMESH collision created successfully (distance: 10.82, vertices: 8)
[18:57:51] TERRAIN: Chunk created successfully: (-9.0, -6.0) at world pos (-288.0, 0.0, -192.0) (total chunks: 367)
[18:57:51] TERRAIN: Creating chunk: (-6.0, 9.0) at distance 10.82
[18:57:51] TERRAIN: Chunk (-6.0, 9.0): TRIMESH collision created successfully (distance: 10.82, vertices: 8)
[18:57:51] TERRAIN: Chunk created successfully: (-6.0, 9.0) at world pos (-192.0, 0.0, 288.0) (total chunks: 368)
[18:57:51] TERRAIN: Creating chunk: (9.0, -6.0) at distance 10.82
[18:57:51] TERRAIN: Chunk (9.0, -6.0): TRIMESH collision created successfully (distance: 10.82, vertices: 8)
[18:57:51] TERRAIN: Chunk created successfully: (9.0, -6.0) at world pos (288.0, 0.0, -192.0) (total chunks: 369)
[18:57:51] TERRAIN: Creating chunk: (9.0, 6.0) at distance 10.82
[18:57:51] TERRAIN: Chunk (9.0, 6.0): TRIMESH collision created successfully (distance: 10.82, vertices: 8)
[18:57:51] TERRAIN: Chunk created successfully: (9.0, 6.0) at world pos (288.0, 0.0, 192.0) (total chunks: 370)
[18:57:51] TERRAIN: Creating chunk: (6.0, 9.0) at distance 10.82
[18:57:51] TERRAIN: Chunk (6.0, 9.0): TRIMESH collision created successfully (distance: 10.82, vertices: 8)
[18:57:51] TERRAIN: Chunk created successfully: (6.0, 9.0) at world pos (192.0, 0.0, 288.0) (total chunks: 371)
[18:57:51] TERRAIN: Creating chunk: (6.0, -9.0) at distance 10.82
[18:57:51] TERRAIN: Chunk (6.0, -9.0): TRIMESH collision created successfully (distance: 10.82, vertices: 8)
[18:57:51] TERRAIN: Chunk created successfully: (6.0, -9.0) at world pos (192.0, 0.0, -288.0) (total chunks: 372)
[18:57:51] TERRAIN: Creating chunk: (-6.0, -9.0) at distance 10.82
[18:57:51] TERRAIN: Chunk (-6.0, -9.0): TRIMESH collision created successfully (distance: 10.82, vertices: 8)
[18:57:51] TERRAIN: Chunk created successfully: (-6.0, -9.0) at world pos (-192.0, 0.0, -288.0) (total chunks: 373)
[18:57:51] TERRAIN: Creating chunk: (11.0, 0.0) at distance 11.00
[18:57:51] TERRAIN: Chunk (11.0, 0.0): TRIMESH collision created successfully (distance: 11.00, vertices: 8)
[18:57:51] TERRAIN: Chunk created successfully: (11.0, 0.0) at world pos (352.0, 0.0, 0.0) (total chunks: 374)
[18:57:51] TERRAIN: Creating chunk: (-11.0, 0.0) at distance 11.00
[18:57:51] TERRAIN: Chunk (-11.0, 0.0): TRIMESH collision created successfully (distance: 11.00, vertices: 8)
[18:57:51] TERRAIN: Chunk created successfully: (-11.0, 0.0) at world pos (-352.0, 0.0, 0.0) (total chunks: 375)
[18:57:51] TERRAIN: Creating chunk: (0.0, 11.0) at distance 11.00
[18:57:51] TERRAIN: Chunk (0.0, 11.0): TRIMESH collision created successfully (distance: 11.00, vertices: 8)
[18:57:51] TERRAIN: Chunk created successfully: (0.0, 11.0) at world pos (0.0, 0.0, 352.0) (total chunks: 376)
[18:57:51] TERRAIN: Creating chunk: (0.0, -11.0) at distance 11.00
[18:57:51] TERRAIN: Chunk (0.0, -11.0): TRIMESH collision created successfully (distance: 11.00, vertices: 8)
[18:57:51] TERRAIN: Chunk created successfully: (0.0, -11.0) at world pos (0.0, 0.0, -352.0) (total chunks: 377)
[18:57:51] TERRAIN: Creating chunk: (1.0, -11.0) at distance 11.05
[18:57:51] TERRAIN: Chunk (1.0, -11.0): TRIMESH collision created successfully (distance: 11.05, vertices: 8)
[18:57:51] TERRAIN: Chunk created successfully: (1.0, -11.0) at world pos (32.0, 0.0, -352.0) (total chunks: 378)
[18:57:51] TERRAIN: Creating chunk: (-1.0, 11.0) at distance 11.05
[18:57:51] TERRAIN: Chunk (-1.0, 11.0): TRIMESH collision created successfully (distance: 11.05, vertices: 8)
[18:57:51] TERRAIN: Chunk created successfully: (-1.0, 11.0) at world pos (-32.0, 0.0, 352.0) (total chunks: 379)
[18:57:51] TERRAIN: Creating chunk: (1.0, 11.0) at distance 11.05
[18:57:51] TERRAIN: Chunk (1.0, 11.0): TRIMESH collision created successfully (distance: 11.05, vertices: 8)
[18:57:51] TERRAIN: Chunk created successfully: (1.0, 11.0) at world pos (32.0, 0.0, 352.0) (total chunks: 380)
[18:57:51] TERRAIN: Creating chunk: (-11.0, -1.0) at distance 11.05
[18:57:51] TERRAIN: Chunk (-11.0, -1.0): TRIMESH collision created successfully (distance: 11.05, vertices: 8)
[18:57:51] TERRAIN: Chunk created successfully: (-11.0, -1.0) at world pos (-352.0, 0.0, -32.0) (total chunks: 381)
[18:57:51] TERRAIN: Creating chunk: (11.0, -1.0) at distance 11.05
[18:57:51] TERRAIN: Chunk (11.0, -1.0): TRIMESH collision created successfully (distance: 11.05, vertices: 8)
[18:57:51] TERRAIN: Chunk created successfully: (11.0, -1.0) at world pos (352.0, 0.0, -32.0) (total chunks: 382)
[18:57:51] TERRAIN: Creating chunk: (-1.0, -11.0) at distance 11.05
[18:57:51] TERRAIN: Chunk (-1.0, -11.0): TRIMESH collision created successfully (distance: 11.05, vertices: 8)
[18:57:51] TERRAIN: Chunk created successfully: (-1.0, -11.0) at world pos (-32.0, 0.0, -352.0) (total chunks: 383)
[18:57:51] TERRAIN: Creating chunk: (-11.0, 1.0) at distance 11.05
[18:57:51] TERRAIN: Chunk (-11.0, 1.0): TRIMESH collision created successfully (distance: 11.05, vertices: 8)
[18:57:51] TERRAIN: Chunk created successfully: (-11.0, 1.0) at world pos (-352.0, 0.0, 32.0) (total chunks: 384)
[18:57:51] TERRAIN: Creating chunk: (11.0, 1.0) at distance 11.05
[18:57:51] TERRAIN: Chunk (11.0, 1.0): TRIMESH collision created successfully (distance: 11.05, vertices: 8)
[18:57:51] TERRAIN: Chunk created successfully: (11.0, 1.0) at world pos (352.0, 0.0, 32.0) (total chunks: 385)
[18:57:51] TERRAIN: Creating chunk: (2.0, -11.0) at distance 11.18
[18:57:51] TERRAIN: Chunk (2.0, -11.0): TRIMESH collision created successfully (distance: 11.18, vertices: 8)
[18:57:51] TERRAIN: Chunk created successfully: (2.0, -11.0) at world pos (64.0, 0.0, -352.0) (total chunks: 386)
[18:57:51] TERRAIN: Creating chunk: (11.0, -2.0) at distance 11.18
[18:57:51] TERRAIN: Chunk (11.0, -2.0): TRIMESH collision created successfully (distance: 11.18, vertices: 8)
[18:57:51] TERRAIN: Chunk created successfully: (11.0, -2.0) at world pos (352.0, 0.0, -64.0) (total chunks: 387)
[18:57:51] TERRAIN: Creating chunk: (10.0, -5.0) at distance 11.18
[18:57:51] TERRAIN: Chunk (10.0, -5.0): TRIMESH collision created successfully (distance: 11.18, vertices: 8)
[18:57:51] TERRAIN: Chunk created successfully: (10.0, -5.0) at world pos (320.0, 0.0, -160.0) (total chunks: 388)
[18:57:51] TERRAIN: Creating chunk: (-5.0, -10.0) at distance 11.18
[18:57:51] TERRAIN: Chunk (-5.0, -10.0): TRIMESH collision created successfully (distance: 11.18, vertices: 8)
[18:57:51] TERRAIN: Chunk created successfully: (-5.0, -10.0) at world pos (-160.0, 0.0, -320.0) (total chunks: 389)
[18:57:51] TERRAIN: Creating chunk: (2.0, 11.0) at distance 11.18
[18:57:51] TERRAIN: Chunk (2.0, 11.0): TRIMESH collision created successfully (distance: 11.18, vertices: 8)
[18:57:51] TERRAIN: Chunk created successfully: (2.0, 11.0) at world pos (64.0, 0.0, 352.0) (total chunks: 390)
[18:57:51] TERRAIN: Creating chunk: (5.0, 10.0) at distance 11.18
[18:57:51] TERRAIN: Chunk (5.0, 10.0): TRIMESH collision created successfully (distance: 11.18, vertices: 8)
[18:57:51] TERRAIN: Chunk created successfully: (5.0, 10.0) at world pos (160.0, 0.0, 320.0) (total chunks: 391)
[18:57:51] TERRAIN: Creating chunk: (-5.0, 10.0) at distance 11.18
[18:57:51] TERRAIN: Chunk (-5.0, 10.0): TRIMESH collision created successfully (distance: 11.18, vertices: 8)
[18:57:51] TERRAIN: Chunk created successfully: (-5.0, 10.0) at world pos (-160.0, 0.0, 320.0) (total chunks: 392)
[18:57:51] TERRAIN: Creating chunk: (5.0, -10.0) at distance 11.18
[18:57:51] TERRAIN: Chunk (5.0, -10.0): TRIMESH collision created successfully (distance: 11.18, vertices: 8)
[18:57:51] TERRAIN: Chunk created successfully: (5.0, -10.0) at world pos (160.0, 0.0, -320.0) (total chunks: 393)
[18:57:51] TERRAIN: Creating chunk: (11.0, 2.0) at distance 11.18
[18:57:51] TERRAIN: Chunk (11.0, 2.0): TRIMESH collision created successfully (distance: 11.18, vertices: 8)
[18:57:51] TERRAIN: Chunk created successfully: (11.0, 2.0) at world pos (352.0, 0.0, 64.0) (total chunks: 394)
[18:57:51] TERRAIN: Creating chunk: (-10.0, 5.0) at distance 11.18
[18:57:51] TERRAIN: Chunk (-10.0, 5.0): TRIMESH collision created successfully (distance: 11.18, vertices: 8)
[18:57:51] TERRAIN: Chunk created successfully: (-10.0, 5.0) at world pos (-320.0, 0.0, 160.0) (total chunks: 395)
[18:57:51] TERRAIN: Creating chunk: (-11.0, -2.0) at distance 11.18
[18:57:51] TERRAIN: Chunk (-11.0, -2.0): TRIMESH collision created successfully (distance: 11.18, vertices: 8)
[18:57:51] TERRAIN: Chunk created successfully: (-11.0, -2.0) at world pos (-352.0, 0.0, -64.0) (total chunks: 396)
[18:57:51] TERRAIN: Creating chunk: (-11.0, 2.0) at distance 11.18
[18:57:51] TERRAIN: Chunk (-11.0, 2.0): TRIMESH collision created successfully (distance: 11.18, vertices: 8)
[18:57:51] TERRAIN: Chunk created successfully: (-11.0, 2.0) at world pos (-352.0, 0.0, 64.0) (total chunks: 397)
[18:57:51] TERRAIN: Creating chunk: (-2.0, 11.0) at distance 11.18
[18:57:51] TERRAIN: Chunk (-2.0, 11.0): TRIMESH collision created successfully (distance: 11.18, vertices: 8)
[18:57:51] TERRAIN: Chunk created successfully: (-2.0, 11.0) at world pos (-64.0, 0.0, 352.0) (total chunks: 398)
[18:57:51] TERRAIN: Creating chunk: (-10.0, -5.0) at distance 11.18
[18:57:51] TERRAIN: Chunk (-10.0, -5.0): TRIMESH collision created successfully (distance: 11.18, vertices: 8)
[18:57:51] TERRAIN: Chunk created successfully: (-10.0, -5.0) at world pos (-320.0, 0.0, -160.0) (total chunks: 399)
[18:57:51] TERRAIN: Creating chunk: (10.0, 5.0) at distance 11.18
[18:57:51] TERRAIN: Chunk (10.0, 5.0): TRIMESH collision created successfully (distance: 11.18, vertices: 8)
[18:57:51] TERRAIN: Chunk created successfully: (10.0, 5.0) at world pos (320.0, 0.0, 160.0) (total chunks: 400)
[18:57:51] TERRAIN: Creating chunk: (-2.0, -11.0) at distance 11.18
[18:57:51] TERRAIN: Chunk (-2.0, -11.0): TRIMESH collision created successfully (distance: 11.18, vertices: 8)
[18:57:51] TERRAIN: Chunk created successfully: (-2.0, -11.0) at world pos (-64.0, 0.0, -352.0) (total chunks: 401)
[18:57:51] TERRAIN: Creating chunk: (8.0, -8.0) at distance 11.31
[18:57:51] TERRAIN: Chunk (8.0, -8.0): TRIMESH collision created successfully (distance: 11.31, vertices: 8)
[18:57:51] TERRAIN: Chunk created successfully: (8.0, -8.0) at world pos (256.0, 0.0, -256.0) (total chunks: 402)
[18:57:51] TERRAIN: Creating chunk: (8.0, 8.0) at distance 11.31
[18:57:51] TERRAIN: Chunk (8.0, 8.0): TRIMESH collision created successfully (distance: 11.31, vertices: 8)
[18:57:51] TERRAIN: Chunk created successfully: (8.0, 8.0) at world pos (256.0, 0.0, 256.0) (total chunks: 403)
[18:57:51] TERRAIN: Creating chunk: (-8.0, 8.0) at distance 11.31
[18:57:51] TERRAIN: Chunk (-8.0, 8.0): TRIMESH collision created successfully (distance: 11.31, vertices: 8)
[18:57:51] TERRAIN: Chunk created successfully: (-8.0, 8.0) at world pos (-256.0, 0.0, 256.0) (total chunks: 404)
[18:57:51] TERRAIN: Creating chunk: (-8.0, -8.0) at distance 11.31
[18:57:51] TERRAIN: Chunk (-8.0, -8.0): TRIMESH collision created successfully (distance: 11.31, vertices: 8)
[18:57:51] TERRAIN: Chunk created successfully: (-8.0, -8.0) at world pos (-256.0, 0.0, -256.0) (total chunks: 405)
[18:57:51] TERRAIN: Creating chunk: (7.0, -9.0) at distance 11.40
[18:57:51] TERRAIN: Chunk (7.0, -9.0): TRIMESH collision created successfully (distance: 11.40, vertices: 8)
[18:57:51] TERRAIN: Chunk created successfully: (7.0, -9.0) at world pos (224.0, 0.0, -288.0) (total chunks: 406)
[18:57:51] TERRAIN: Creating chunk: (-7.0, 9.0) at distance 11.40
[18:57:51] TERRAIN: Chunk (-7.0, 9.0): TRIMESH collision created successfully (distance: 11.40, vertices: 8)
[18:57:51] TERRAIN: Chunk created successfully: (-7.0, 9.0) at world pos (-224.0, 0.0, 288.0) (total chunks: 407)
[18:57:51] TERRAIN: Creating chunk: (9.0, -7.0) at distance 11.40
[18:57:51] TERRAIN: Chunk (9.0, -7.0): TRIMESH collision created successfully (distance: 11.40, vertices: 8)
[18:57:51] TERRAIN: Chunk created successfully: (9.0, -7.0) at world pos (288.0, 0.0, -224.0) (total chunks: 408)
[18:57:51] TERRAIN: Creating chunk: (-7.0, -9.0) at distance 11.40
[18:57:51] TERRAIN: Chunk (-7.0, -9.0): TRIMESH collision created successfully (distance: 11.40, vertices: 8)
[18:57:51] TERRAIN: Chunk created successfully: (-7.0, -9.0) at world pos (-224.0, 0.0, -288.0) (total chunks: 409)
[18:57:51] TERRAIN: Creating chunk: (3.0, 11.0) at distance 11.40
[18:57:51] TERRAIN: Chunk (3.0, 11.0): TRIMESH collision created successfully (distance: 11.40, vertices: 8)
[18:57:51] TERRAIN: Chunk created successfully: (3.0, 11.0) at world pos (96.0, 0.0, 352.0) (total chunks: 410)
[18:57:51] TERRAIN: Creating chunk: (9.0, 7.0) at distance 11.40
[18:57:51] TERRAIN: Chunk (9.0, 7.0): TRIMESH collision created successfully (distance: 11.40, vertices: 8)
[18:57:51] TERRAIN: Chunk created successfully: (9.0, 7.0) at world pos (288.0, 0.0, 224.0) (total chunks: 411)
[18:57:51] TERRAIN: Creating chunk: (11.0, 3.0) at distance 11.40
[18:57:51] TERRAIN: Chunk (11.0, 3.0): TRIMESH collision created successfully (distance: 11.40, vertices: 8)
[18:57:51] TERRAIN: Chunk created successfully: (11.0, 3.0) at world pos (352.0, 0.0, 96.0) (total chunks: 412)
[18:57:51] TERRAIN: Creating chunk: (3.0, -11.0) at distance 11.40
[18:57:51] TERRAIN: Chunk (3.0, -11.0): TRIMESH collision created successfully (distance: 11.40, vertices: 8)
[18:57:51] TERRAIN: Chunk created successfully: (3.0, -11.0) at world pos (96.0, 0.0, -352.0) (total chunks: 413)
[18:57:51] TERRAIN: Creating chunk: (-3.0, 11.0) at distance 11.40
[18:57:51] TERRAIN: Chunk (-3.0, 11.0): TRIMESH collision created successfully (distance: 11.40, vertices: 8)
[18:57:51] TERRAIN: Chunk created successfully: (-3.0, 11.0) at world pos (-96.0, 0.0, 352.0) (total chunks: 414)
[18:57:51] TERRAIN: Creating chunk: (-9.0, 7.0) at distance 11.40
[18:57:51] TERRAIN: Chunk (-9.0, 7.0): TRIMESH collision created successfully (distance: 11.40, vertices: 8)
[18:57:51] TERRAIN: Chunk created successfully: (-9.0, 7.0) at world pos (-288.0, 0.0, 224.0) (total chunks: 415)
[18:57:51] TERRAIN: Creating chunk: (-11.0, -3.0) at distance 11.40
[18:57:51] TERRAIN: Chunk (-11.0, -3.0): TRIMESH collision created successfully (distance: 11.40, vertices: 8)
[18:57:51] TERRAIN: Chunk created successfully: (-11.0, -3.0) at world pos (-352.0, 0.0, -96.0) (total chunks: 416)
[18:57:51] TERRAIN: Creating chunk: (-11.0, 3.0) at distance 11.40
[18:57:51] TERRAIN: Chunk (-11.0, 3.0): TRIMESH collision created successfully (distance: 11.40, vertices: 8)
[18:57:51] TERRAIN: Chunk created successfully: (-11.0, 3.0) at world pos (-352.0, 0.0, 96.0) (total chunks: 417)
[18:57:51] TERRAIN: Creating chunk: (11.0, -3.0) at distance 11.40
[18:57:51] TERRAIN: Chunk (11.0, -3.0): TRIMESH collision created successfully (distance: 11.40, vertices: 8)
[18:57:51] TERRAIN: Chunk created successfully: (11.0, -3.0) at world pos (352.0, 0.0, -96.0) (total chunks: 418)
[18:57:51] TERRAIN: Creating chunk: (-9.0, -7.0) at distance 11.40
[18:57:51] TERRAIN: Chunk (-9.0, -7.0): TRIMESH collision created successfully (distance: 11.40, vertices: 8)
[18:57:51] TERRAIN: Chunk created successfully: (-9.0, -7.0) at world pos (-288.0, 0.0, -224.0) (total chunks: 419)
[18:57:51] TERRAIN: Creating chunk: (7.0, 9.0) at distance 11.40
[18:57:51] TERRAIN: Chunk (7.0, 9.0): TRIMESH collision created successfully (distance: 11.40, vertices: 8)
[18:57:51] TERRAIN: Chunk created successfully: (7.0, 9.0) at world pos (224.0, 0.0, 288.0) (total chunks: 420)
[18:57:51] TERRAIN: Creating chunk: (-3.0, -11.0) at distance 11.40
[18:57:51] TERRAIN: Chunk (-3.0, -11.0): TRIMESH collision created successfully (distance: 11.40, vertices: 8)
[18:57:51] TERRAIN: Chunk created successfully: (-3.0, -11.0) at world pos (-96.0, 0.0, -352.0) (total chunks: 421)
[18:57:51] TERRAIN: Creating chunk: (6.0, -10.0) at distance 11.66
[18:57:51] TERRAIN: Chunk (6.0, -10.0): TRIMESH collision created successfully (distance: 11.66, vertices: 8)
[18:57:51] TERRAIN: Chunk created successfully: (6.0, -10.0) at world pos (192.0, 0.0, -320.0) (total chunks: 422)
[18:57:51] TERRAIN: Creating chunk: (-6.0, -10.0) at distance 11.66
[18:57:51] TERRAIN: Chunk (-6.0, -10.0): TRIMESH collision created successfully (distance: 11.66, vertices: 8)
[18:57:51] TERRAIN: Chunk created successfully: (-6.0, -10.0) at world pos (-192.0, 0.0, -320.0) (total chunks: 423)
[18:57:51] TERRAIN: Creating chunk: (-10.0, -6.0) at distance 11.66
[18:57:51] TERRAIN: Chunk (-10.0, -6.0): TRIMESH collision created successfully (distance: 11.66, vertices: 8)
[18:57:51] TERRAIN: Chunk created successfully: (-10.0, -6.0) at world pos (-320.0, 0.0, -192.0) (total chunks: 424)
[18:57:51] TERRAIN: Creating chunk: (-10.0, 6.0) at distance 11.66
[18:57:51] TERRAIN: Chunk (-10.0, 6.0): TRIMESH collision created successfully (distance: 11.66, vertices: 8)
[18:57:51] TERRAIN: Chunk created successfully: (-10.0, 6.0) at world pos (-320.0, 0.0, 192.0) (total chunks: 425)
[18:57:51] TERRAIN: Creating chunk: (6.0, 10.0) at distance 11.66
[18:57:51] TERRAIN: Chunk (6.0, 10.0): TRIMESH collision created successfully (distance: 11.66, vertices: 8)
[18:57:51] TERRAIN: Chunk created successfully: (6.0, 10.0) at world pos (192.0, 0.0, 320.0) (total chunks: 426)
[18:57:51] TERRAIN: Creating chunk: (-6.0, 10.0) at distance 11.66
[18:57:51] TERRAIN: Chunk (-6.0, 10.0): TRIMESH collision created successfully (distance: 11.66, vertices: 8)
[18:57:51] TERRAIN: Chunk created successfully: (-6.0, 10.0) at world pos (-192.0, 0.0, 320.0) (total chunks: 427)
[18:57:51] TERRAIN: Creating chunk: (10.0, 6.0) at distance 11.66
[18:57:51] TERRAIN: Chunk (10.0, 6.0): TRIMESH collision created successfully (distance: 11.66, vertices: 8)
[18:57:51] TERRAIN: Chunk created successfully: (10.0, 6.0) at world pos (320.0, 0.0, 192.0) (total chunks: 428)
[18:57:51] TERRAIN: Creating chunk: (10.0, -6.0) at distance 11.66
[18:57:51] TERRAIN: Chunk (10.0, -6.0): TRIMESH collision created successfully (distance: 11.66, vertices: 8)
[18:57:51] TERRAIN: Chunk created successfully: (10.0, -6.0) at world pos (320.0, 0.0, -192.0) (total chunks: 429)
[18:57:51] TERRAIN: Creating chunk: (11.0, 4.0) at distance 11.70
[18:57:51] TERRAIN: Chunk (11.0, 4.0): TRIMESH collision created successfully (distance: 11.70, vertices: 8)
[18:57:51] TERRAIN: Chunk created successfully: (11.0, 4.0) at world pos (352.0, 0.0, 128.0) (total chunks: 430)
[18:57:51] TERRAIN: Creating chunk: (11.0, -4.0) at distance 11.70
[18:57:51] TERRAIN: Chunk (11.0, -4.0): TRIMESH collision created successfully (distance: 11.70, vertices: 8)
[18:57:51] TERRAIN: Chunk created successfully: (11.0, -4.0) at world pos (352.0, 0.0, -128.0) (total chunks: 431)
[18:57:51] TERRAIN: Creating chunk: (-4.0, -11.0) at distance 11.70
[18:57:51] TERRAIN: Chunk (-4.0, -11.0): TRIMESH collision created successfully (distance: 11.70, vertices: 8)
[18:57:51] TERRAIN: Chunk created successfully: (-4.0, -11.0) at world pos (-128.0, 0.0, -352.0) (total chunks: 432)
[18:57:51] TERRAIN: Creating chunk: (4.0, -11.0) at distance 11.70
[18:57:51] TERRAIN: Chunk (4.0, -11.0): TRIMESH collision created successfully (distance: 11.70, vertices: 8)
[18:57:51] TERRAIN: Chunk created successfully: (4.0, -11.0) at world pos (128.0, 0.0, -352.0) (total chunks: 433)
[18:57:51] TERRAIN: Creating chunk: (-4.0, 11.0) at distance 11.70
[18:57:51] TERRAIN: Chunk (-4.0, 11.0): TRIMESH collision created successfully (distance: 11.70, vertices: 8)
[18:57:51] TERRAIN: Chunk created successfully: (-4.0, 11.0) at world pos (-128.0, 0.0, 352.0) (total chunks: 434)
[18:57:51] TERRAIN: Creating chunk: (4.0, 11.0) at distance 11.70
[18:57:51] TERRAIN: Chunk (4.0, 11.0): TRIMESH collision created successfully (distance: 11.70, vertices: 8)
[18:57:51] TERRAIN: Chunk created successfully: (4.0, 11.0) at world pos (128.0, 0.0, 352.0) (total chunks: 435)
[18:57:51] TERRAIN: Creating chunk: (-11.0, 4.0) at distance 11.70
[18:57:51] TERRAIN: Chunk (-11.0, 4.0): TRIMESH collision created successfully (distance: 11.70, vertices: 8)
[18:57:51] TERRAIN: Chunk created successfully: (-11.0, 4.0) at world pos (-352.0, 0.0, 128.0) (total chunks: 436)
[18:57:51] TERRAIN: Creating chunk: (-11.0, -4.0) at distance 11.70
[18:57:51] TERRAIN: Chunk (-11.0, -4.0): TRIMESH collision created successfully (distance: 11.70, vertices: 8)
[18:57:51] TERRAIN: Chunk created successfully: (-11.0, -4.0) at world pos (-352.0, 0.0, -128.0) (total chunks: 437)
[18:57:51] TERRAIN: Creating chunk: (12.0, 0.0) at distance 12.00
[18:57:51] TERRAIN: Chunk (12.0, 0.0): TRIMESH collision created successfully (distance: 12.00, vertices: 8)
[18:57:51] TERRAIN: Chunk created successfully: (12.0, 0.0) at world pos (384.0, 0.0, 0.0) (total chunks: 438)
[18:57:51] TERRAIN: Creating chunk: (0.0, -12.0) at distance 12.00
[18:57:51] TERRAIN: Chunk (0.0, -12.0): TRIMESH collision created successfully (distance: 12.00, vertices: 8)
[18:57:51] TERRAIN: Chunk created successfully: (0.0, -12.0) at world pos (0.0, 0.0, -384.0) (total chunks: 439)
[18:57:51] TERRAIN: Creating chunk: (-12.0, 0.0) at distance 12.00
[18:57:51] TERRAIN: Chunk (-12.0, 0.0): TRIMESH collision created successfully (distance: 12.00, vertices: 8)
[18:57:51] TERRAIN: Chunk created successfully: (-12.0, 0.0) at world pos (-384.0, 0.0, 0.0) (total chunks: 440)
[18:57:51] PLAYER: Pos: (0.0, 0.000485, 0.0) | Chunk: (0.0, 0.0) | TerrainHeight: 0.00 | HeightDiff: 0.00 | OnFloor: true
[18:57:51] TERRAIN: Creating chunk: (0.0, 12.0) at distance 12.00
[18:57:51] TERRAIN: Chunk (0.0, 12.0): TRIMESH collision created successfully (distance: 12.00, vertices: 8)
[18:57:51] TERRAIN: Chunk created successfully: (0.0, 12.0) at world pos (0.0, 0.0, 384.0) (total chunks: 441)
[18:57:51] TERRAIN: Creating chunk: (8.0, -9.0) at distance 12.04
[18:57:51] TERRAIN: Chunk (8.0, -9.0): TRIMESH collision created successfully (distance: 12.04, vertices: 8)
[18:57:51] TERRAIN: Chunk created successfully: (8.0, -9.0) at world pos (256.0, 0.0, -288.0) (total chunks: 442)
[18:57:51] TERRAIN: Creating chunk: (8.0, 9.0) at distance 12.04
[18:57:51] TERRAIN: Chunk (8.0, 9.0): TRIMESH collision created successfully (distance: 12.04, vertices: 8)
[18:57:51] TERRAIN: Chunk created successfully: (8.0, 9.0) at world pos (256.0, 0.0, 288.0) (total chunks: 443)
[18:57:51] TERRAIN: Creating chunk: (-8.0, 9.0) at distance 12.04
[18:57:51] TERRAIN: Chunk (-8.0, 9.0): TRIMESH collision created successfully (distance: 12.04, vertices: 8)
[18:57:51] TERRAIN: Chunk created successfully: (-8.0, 9.0) at world pos (-256.0, 0.0, 288.0) (total chunks: 444)
[18:57:51] TERRAIN: Creating chunk: (9.0, -8.0) at distance 12.04
[18:57:51] TERRAIN: Chunk (9.0, -8.0): TRIMESH collision created successfully (distance: 12.04, vertices: 8)
[18:57:51] TERRAIN: Chunk created successfully: (9.0, -8.0) at world pos (288.0, 0.0, -256.0) (total chunks: 445)
[18:57:51] TERRAIN: Creating chunk: (12.0, 1.0) at distance 12.04
[18:57:51] TERRAIN: Chunk (12.0, 1.0): TRIMESH collision created successfully (distance: 12.04, vertices: 8)
[18:57:51] TERRAIN: Chunk created successfully: (12.0, 1.0) at world pos (384.0, 0.0, 32.0) (total chunks: 446)
[18:57:51] TERRAIN: Creating chunk: (-1.0, 12.0) at distance 12.04
[18:57:51] TERRAIN: Chunk (-1.0, 12.0): TRIMESH collision created successfully (distance: 12.04, vertices: 8)
[18:57:51] TERRAIN: Chunk created successfully: (-1.0, 12.0) at world pos (-32.0, 0.0, 384.0) (total chunks: 447)
[18:57:51] TERRAIN: Creating chunk: (1.0, 12.0) at distance 12.04
[18:57:51] TERRAIN: Chunk (1.0, 12.0): TRIMESH collision created successfully (distance: 12.04, vertices: 8)
[18:57:51] TERRAIN: Chunk created successfully: (1.0, 12.0) at world pos (32.0, 0.0, 384.0) (total chunks: 448)
[18:57:52] TERRAIN: Creating chunk: (-9.0, 8.0) at distance 12.04
[18:57:52] TERRAIN: Chunk (-9.0, 8.0): TRIMESH collision created successfully (distance: 12.04, vertices: 8)
[18:57:52] TERRAIN: Chunk created successfully: (-9.0, 8.0) at world pos (-288.0, 0.0, 256.0) (total chunks: 449)
[18:57:52] TERRAIN: Creating chunk: (1.0, -12.0) at distance 12.04
[18:57:52] TERRAIN: Chunk (1.0, -12.0): TRIMESH collision created successfully (distance: 12.04, vertices: 8)
[18:57:52] TERRAIN: Chunk created successfully: (1.0, -12.0) at world pos (32.0, 0.0, -384.0) (total chunks: 450)
[18:57:52] TERRAIN: Creating chunk: (-8.0, -9.0) at distance 12.04
[18:57:52] TERRAIN: Chunk (-8.0, -9.0): TRIMESH collision created successfully (distance: 12.04, vertices: 8)
[18:57:52] TERRAIN: Chunk created successfully: (-8.0, -9.0) at world pos (-256.0, 0.0, -288.0) (total chunks: 451)
[18:57:52] TERRAIN: Creating chunk: (12.0, -1.0) at distance 12.04
[18:57:52] TERRAIN: Chunk (12.0, -1.0): TRIMESH collision created successfully (distance: 12.04, vertices: 8)
[18:57:52] TERRAIN: Chunk created successfully: (12.0, -1.0) at world pos (384.0, 0.0, -32.0) (total chunks: 452)
[18:57:52] TERRAIN: Creating chunk: (-12.0, 1.0) at distance 12.04
[18:57:52] TERRAIN: Chunk (-12.0, 1.0): TRIMESH collision created successfully (distance: 12.04, vertices: 8)
[18:57:52] TERRAIN: Chunk created successfully: (-12.0, 1.0) at world pos (-384.0, 0.0, 32.0) (total chunks: 453)
[18:57:52] TERRAIN: Creating chunk: (-9.0, -8.0) at distance 12.04
[18:57:52] TERRAIN: Chunk (-9.0, -8.0): TRIMESH collision created successfully (distance: 12.04, vertices: 8)
[18:57:52] TERRAIN: Chunk created successfully: (-9.0, -8.0) at world pos (-288.0, 0.0, -256.0) (total chunks: 454)
[18:57:52] TERRAIN: Creating chunk: (-12.0, -1.0) at distance 12.04
[18:57:52] TERRAIN: Chunk (-12.0, -1.0): TRIMESH collision created successfully (distance: 12.04, vertices: 8)
[18:57:52] TERRAIN: Chunk created successfully: (-12.0, -1.0) at world pos (-384.0, 0.0, -32.0) (total chunks: 455)
[18:57:52] TERRAIN: Creating chunk: (9.0, 8.0) at distance 12.04
[18:57:52] TERRAIN: Chunk (9.0, 8.0): TRIMESH collision created successfully (distance: 12.04, vertices: 8)
[18:57:52] TERRAIN: Chunk created successfully: (9.0, 8.0) at world pos (288.0, 0.0, 256.0) (total chunks: 456)
[18:57:52] TERRAIN: Creating chunk: (-1.0, -12.0) at distance 12.04
[18:57:52] TERRAIN: Chunk (-1.0, -12.0): TRIMESH collision created successfully (distance: 12.04, vertices: 8)
[18:57:52] TERRAIN: Chunk created successfully: (-1.0, -12.0) at world pos (-32.0, 0.0, -384.0) (total chunks: 457)
[18:57:52] TERRAIN: Creating chunk: (5.0, -11.0) at distance 12.08
[18:57:52] TERRAIN: Chunk (5.0, -11.0): TRIMESH collision created successfully (distance: 12.08, vertices: 8)
[18:57:52] TERRAIN: Chunk created successfully: (5.0, -11.0) at world pos (160.0, 0.0, -352.0) (total chunks: 458)
[18:57:52] TERRAIN: Creating chunk: (-5.0, -11.0) at distance 12.08
[18:57:52] TERRAIN: Chunk (-5.0, -11.0): TRIMESH collision created successfully (distance: 12.08, vertices: 8)
[18:57:52] TERRAIN: Chunk created successfully: (-5.0, -11.0) at world pos (-160.0, 0.0, -352.0) (total chunks: 459)
[18:57:52] TERRAIN: Creating chunk: (-5.0, 11.0) at distance 12.08
[18:57:52] TERRAIN: Chunk (-5.0, 11.0): TRIMESH collision created successfully (distance: 12.08, vertices: 8)
[18:57:52] TERRAIN: Chunk created successfully: (-5.0, 11.0) at world pos (-160.0, 0.0, 352.0) (total chunks: 460)
[18:57:52] TERRAIN: Creating chunk: (11.0, -5.0) at distance 12.08
[18:57:52] TERRAIN: Chunk (11.0, -5.0): TRIMESH collision created successfully (distance: 12.08, vertices: 8)
[18:57:52] TERRAIN: Chunk created successfully: (11.0, -5.0) at world pos (352.0, 0.0, -160.0) (total chunks: 461)
[18:57:52] TERRAIN: Creating chunk: (11.0, 5.0) at distance 12.08
[18:57:52] TERRAIN: Chunk (11.0, 5.0): TRIMESH collision created successfully (distance: 12.08, vertices: 8)
[18:57:52] TERRAIN: Chunk created successfully: (11.0, 5.0) at world pos (352.0, 0.0, 160.0) (total chunks: 462)
[18:57:52] TERRAIN: Creating chunk: (5.0, 11.0) at distance 12.08
[18:57:52] TERRAIN: Chunk (5.0, 11.0): TRIMESH collision created successfully (distance: 12.08, vertices: 8)
[18:57:52] TERRAIN: Chunk created successfully: (5.0, 11.0) at world pos (160.0, 0.0, 352.0) (total chunks: 463)
[18:57:52] TERRAIN: Creating chunk: (-11.0, -5.0) at distance 12.08
[18:57:52] TERRAIN: Chunk (-11.0, -5.0): TRIMESH collision created successfully (distance: 12.08, vertices: 8)
[18:57:52] TERRAIN: Chunk created successfully: (-11.0, -5.0) at world pos (-352.0, 0.0, -160.0) (total chunks: 464)
[18:57:52] TERRAIN: Creating chunk: (-11.0, 5.0) at distance 12.08
[18:57:52] TERRAIN: Chunk (-11.0, 5.0): TRIMESH collision created successfully (distance: 12.08, vertices: 8)
[18:57:52] TERRAIN: Chunk created successfully: (-11.0, 5.0) at world pos (-352.0, 0.0, 160.0) (total chunks: 465)
[18:57:52] TERRAIN: Creating chunk: (12.0, 2.0) at distance 12.17
[18:57:52] TERRAIN: Chunk (12.0, 2.0): TRIMESH collision created successfully (distance: 12.17, vertices: 8)
[18:57:52] TERRAIN: Chunk created successfully: (12.0, 2.0) at world pos (384.0, 0.0, 64.0) (total chunks: 466)
[18:57:52] TERRAIN: Creating chunk: (2.0, 12.0) at distance 12.17
[18:57:52] TERRAIN: Chunk (2.0, 12.0): TRIMESH collision created successfully (distance: 12.17, vertices: 8)
[18:57:52] TERRAIN: Chunk created successfully: (2.0, 12.0) at world pos (64.0, 0.0, 384.0) (total chunks: 467)
[18:57:52] TERRAIN: Creating chunk: (-2.0, 12.0) at distance 12.17
[18:57:52] TERRAIN: Chunk (-2.0, 12.0): TRIMESH collision created successfully (distance: 12.17, vertices: 8)
[18:57:52] TERRAIN: Chunk created successfully: (-2.0, 12.0) at world pos (-64.0, 0.0, 384.0) (total chunks: 468)
[18:57:52] TERRAIN: Creating chunk: (-12.0, 2.0) at distance 12.17
[18:57:52] TERRAIN: Chunk (-12.0, 2.0): TRIMESH collision created successfully (distance: 12.17, vertices: 8)
[18:57:52] TERRAIN: Chunk created successfully: (-12.0, 2.0) at world pos (-384.0, 0.0, 64.0) (total chunks: 469)
[18:57:52] TERRAIN: Creating chunk: (-12.0, -2.0) at distance 12.17
[18:57:52] TERRAIN: Chunk (-12.0, -2.0): TRIMESH collision created successfully (distance: 12.17, vertices: 8)
[18:57:52] TERRAIN: Chunk created successfully: (-12.0, -2.0) at world pos (-384.0, 0.0, -64.0) (total chunks: 470)
[18:57:52] TERRAIN: Creating chunk: (12.0, -2.0) at distance 12.17
[18:57:52] TERRAIN: Chunk (12.0, -2.0): TRIMESH collision created successfully (distance: 12.17, vertices: 8)
[18:57:52] TERRAIN: Chunk created successfully: (12.0, -2.0) at world pos (384.0, 0.0, -64.0) (total chunks: 471)
[18:57:52] TERRAIN: Creating chunk: (2.0, -12.0) at distance 12.17
[18:57:52] TERRAIN: Chunk (2.0, -12.0): TRIMESH collision created successfully (distance: 12.17, vertices: 8)
[18:57:52] TERRAIN: Chunk created successfully: (2.0, -12.0) at world pos (64.0, 0.0, -384.0) (total chunks: 472)
[18:57:52] TERRAIN: Creating chunk: (-2.0, -12.0) at distance 12.17
[18:57:52] TERRAIN: Chunk (-2.0, -12.0): TRIMESH collision created successfully (distance: 12.17, vertices: 8)
[18:57:52] TERRAIN: Chunk created successfully: (-2.0, -12.0) at world pos (-64.0, 0.0, -384.0) (total chunks: 473)
[18:57:52] TERRAIN: Creating chunk: (10.0, -7.0) at distance 12.21
[18:57:52] TERRAIN: Chunk (10.0, -7.0): TRIMESH collision created successfully (distance: 12.21, vertices: 8)
[18:57:52] TERRAIN: Chunk created successfully: (10.0, -7.0) at world pos (320.0, 0.0, -224.0) (total chunks: 474)
[18:57:52] TERRAIN: Creating chunk: (7.0, 10.0) at distance 12.21
[18:57:52] TERRAIN: Chunk (7.0, 10.0): TRIMESH collision created successfully (distance: 12.21, vertices: 8)
[18:57:52] TERRAIN: Chunk created successfully: (7.0, 10.0) at world pos (224.0, 0.0, 320.0) (total chunks: 475)
[18:57:52] TERRAIN: Creating chunk: (10.0, 7.0) at distance 12.21
[18:57:52] TERRAIN: Chunk (10.0, 7.0): TRIMESH collision created successfully (distance: 12.21, vertices: 8)
[18:57:52] TERRAIN: Chunk created successfully: (10.0, 7.0) at world pos (320.0, 0.0, 224.0) (total chunks: 476)
[18:57:52] TERRAIN: Creating chunk: (7.0, -10.0) at distance 12.21
[18:57:52] TERRAIN: Chunk (7.0, -10.0): TRIMESH collision created successfully (distance: 12.21, vertices: 8)
[18:57:52] TERRAIN: Chunk created successfully: (7.0, -10.0) at world pos (224.0, 0.0, -320.0) (total chunks: 477)
[18:57:52] TERRAIN: Creating chunk: (-7.0, -10.0) at distance 12.21
[18:57:52] TERRAIN: Chunk (-7.0, -10.0): TRIMESH collision created successfully (distance: 12.21, vertices: 8)
[18:57:52] TERRAIN: Chunk created successfully: (-7.0, -10.0) at world pos (-224.0, 0.0, -320.0) (total chunks: 478)
[18:57:52] TERRAIN: Creating chunk: (-7.0, 10.0) at distance 12.21
[18:57:52] TERRAIN: Chunk (-7.0, 10.0): TRIMESH collision created successfully (distance: 12.21, vertices: 8)
[18:57:52] TERRAIN: Chunk created successfully: (-7.0, 10.0) at world pos (-224.0, 0.0, 320.0) (total chunks: 479)
[18:57:52] TERRAIN: Creating chunk: (-10.0, 7.0) at distance 12.21
[18:57:52] TERRAIN: Chunk (-10.0, 7.0): TRIMESH collision created successfully (distance: 12.21, vertices: 8)
[18:57:52] TERRAIN: Chunk created successfully: (-10.0, 7.0) at world pos (-320.0, 0.0, 224.0) (total chunks: 480)
[18:57:52] TERRAIN: Creating chunk: (-10.0, -7.0) at distance 12.21
[18:57:52] TERRAIN: Chunk (-10.0, -7.0): TRIMESH collision created successfully (distance: 12.21, vertices: 8)
[18:57:52] TERRAIN: Chunk created successfully: (-10.0, -7.0) at world pos (-320.0, 0.0, -224.0) (total chunks: 481)
[18:57:52] TERRAIN: Creating chunk: (12.0, -3.0) at distance 12.37
[18:57:52] TERRAIN: Chunk (12.0, -3.0): TRIMESH collision created successfully (distance: 12.37, vertices: 8)
[18:57:52] TERRAIN: Chunk created successfully: (12.0, -3.0) at world pos (384.0, 0.0, -96.0) (total chunks: 482)
[18:57:52] TERRAIN: Creating chunk: (-3.0, 12.0) at distance 12.37
[18:57:52] TERRAIN: Chunk (-3.0, 12.0): TRIMESH collision created successfully (distance: 12.37, vertices: 8)
[18:57:52] TERRAIN: Chunk created successfully: (-3.0, 12.0) at world pos (-96.0, 0.0, 384.0) (total chunks: 483)
[18:57:52] TERRAIN: Creating chunk: (12.0, 3.0) at distance 12.37
[18:57:52] TERRAIN: Chunk (12.0, 3.0): TRIMESH collision created successfully (distance: 12.37, vertices: 8)
[18:57:52] TERRAIN: Chunk created successfully: (12.0, 3.0) at world pos (384.0, 0.0, 96.0) (total chunks: 484)
[18:57:52] TERRAIN: Creating chunk: (-3.0, -12.0) at distance 12.37
[18:57:52] TERRAIN: Chunk (-3.0, -12.0): TRIMESH collision created successfully (distance: 12.37, vertices: 8)
[18:57:52] TERRAIN: Chunk created successfully: (-3.0, -12.0) at world pos (-96.0, 0.0, -384.0) (total chunks: 485)
[18:57:52] TERRAIN: Creating chunk: (-12.0, 3.0) at distance 12.37
[18:57:52] TERRAIN: Chunk (-12.0, 3.0): TRIMESH collision created successfully (distance: 12.37, vertices: 8)
[18:57:52] TERRAIN: Chunk created successfully: (-12.0, 3.0) at world pos (-384.0, 0.0, 96.0) (total chunks: 486)
[18:57:52] TERRAIN: Creating chunk: (3.0, -12.0) at distance 12.37
[18:57:52] TERRAIN: Chunk (3.0, -12.0): TRIMESH collision created successfully (distance: 12.37, vertices: 8)
[18:57:52] TERRAIN: Chunk created successfully: (3.0, -12.0) at world pos (96.0, 0.0, -384.0) (total chunks: 487)
[18:57:52] TERRAIN: Creating chunk: (3.0, 12.0) at distance 12.37
[18:57:52] TERRAIN: Chunk (3.0, 12.0): TRIMESH collision created successfully (distance: 12.37, vertices: 8)
[18:57:52] TERRAIN: Chunk created successfully: (3.0, 12.0) at world pos (96.0, 0.0, 384.0) (total chunks: 488)
[18:57:52] TERRAIN: Creating chunk: (-12.0, -3.0) at distance 12.37
[18:57:52] TERRAIN: Chunk (-12.0, -3.0): TRIMESH collision created successfully (distance: 12.37, vertices: 8)
[18:57:52] TERRAIN: Chunk created successfully: (-12.0, -3.0) at world pos (-384.0, 0.0, -96.0) (total chunks: 489)
[18:57:52] TERRAIN: Creating chunk: (-11.0, 6.0) at distance 12.53
[18:57:52] TERRAIN: Chunk (-11.0, 6.0): TRIMESH collision created successfully (distance: 12.53, vertices: 8)
[18:57:52] TERRAIN: Chunk created successfully: (-11.0, 6.0) at world pos (-352.0, 0.0, 192.0) (total chunks: 490)
[18:57:52] TERRAIN: Creating chunk: (-6.0, -11.0) at distance 12.53
[18:57:52] TERRAIN: Chunk (-6.0, -11.0): TRIMESH collision created successfully (distance: 12.53, vertices: 8)
[18:57:52] TERRAIN: Chunk created successfully: (-6.0, -11.0) at world pos (-192.0, 0.0, -352.0) (total chunks: 491)
[18:57:52] TERRAIN: Creating chunk: (-11.0, -6.0) at distance 12.53
[18:57:52] TERRAIN: Chunk (-11.0, -6.0): TRIMESH collision created successfully (distance: 12.53, vertices: 8)
[18:57:52] TERRAIN: Chunk created successfully: (-11.0, -6.0) at world pos (-352.0, 0.0, -192.0) (total chunks: 492)
[18:57:52] TERRAIN: Creating chunk: (-6.0, 11.0) at distance 12.53
[18:57:52] TERRAIN: Chunk (-6.0, 11.0): TRIMESH collision created successfully (distance: 12.53, vertices: 8)
[18:57:52] TERRAIN: Chunk created successfully: (-6.0, 11.0) at world pos (-192.0, 0.0, 352.0) (total chunks: 493)
[18:57:52] TERRAIN: Creating chunk: (6.0, -11.0) at distance 12.53
[18:57:52] TERRAIN: Chunk (6.0, -11.0): TRIMESH collision created successfully (distance: 12.53, vertices: 8)
[18:57:52] TERRAIN: Chunk created successfully: (6.0, -11.0) at world pos (192.0, 0.0, -352.0) (total chunks: 494)
[18:57:52] TERRAIN: Creating chunk: (6.0, 11.0) at distance 12.53
[18:57:52] TERRAIN: Chunk (6.0, 11.0): TRIMESH collision created successfully (distance: 12.53, vertices: 8)
[18:57:52] TERRAIN: Chunk created successfully: (6.0, 11.0) at world pos (192.0, 0.0, 352.0) (total chunks: 495)
[18:57:52] TERRAIN: Creating chunk: (11.0, 6.0) at distance 12.53
[18:57:52] TERRAIN: Chunk (11.0, 6.0): TRIMESH collision created successfully (distance: 12.53, vertices: 8)
[18:57:52] TERRAIN: Chunk created successfully: (11.0, 6.0) at world pos (352.0, 0.0, 192.0) (total chunks: 496)
[18:57:52] TERRAIN: Creating chunk: (11.0, -6.0) at distance 12.53
[18:57:52] TERRAIN: Chunk (11.0, -6.0): TRIMESH collision created successfully (distance: 12.53, vertices: 8)
[18:57:52] TERRAIN: Chunk created successfully: (11.0, -6.0) at world pos (352.0, 0.0, -192.0) (total chunks: 497)
[18:57:52] TERRAIN: Creating chunk: (12.0, -4.0) at distance 12.65
[18:57:52] TERRAIN: Chunk (12.0, -4.0): TRIMESH collision created successfully (distance: 12.65, vertices: 8)
[18:57:52] TERRAIN: Chunk created successfully: (12.0, -4.0) at world pos (384.0, 0.0, -128.0) (total chunks: 498)
[18:57:52] TERRAIN: Creating chunk: (4.0, 12.0) at distance 12.65
[18:57:52] TERRAIN: Chunk (4.0, 12.0): TRIMESH collision created successfully (distance: 12.65, vertices: 8)
[18:57:52] TERRAIN: Chunk created successfully: (4.0, 12.0) at world pos (128.0, 0.0, 384.0) (total chunks: 499)
[18:57:52] TERRAIN: Creating chunk: (-12.0, 4.0) at distance 12.65
[18:57:52] TERRAIN: Chunk (-12.0, 4.0): TRIMESH collision created successfully (distance: 12.65, vertices: 8)
[18:57:52] TERRAIN: Chunk created successfully: (-12.0, 4.0) at world pos (-384.0, 0.0, 128.0) (total chunks: 500)
[18:57:52] TERRAIN: Creating chunk: (-4.0, 12.0) at distance 12.65
[18:57:52] TERRAIN: Chunk (-4.0, 12.0): TRIMESH collision created successfully (distance: 12.65, vertices: 8)
[18:57:52] TERRAIN: Chunk created successfully: (-4.0, 12.0) at world pos (-128.0, 0.0, 384.0) (total chunks: 501)
[18:57:52] TERRAIN: Creating chunk: (4.0, -12.0) at distance 12.65
[18:57:52] TERRAIN: Chunk (4.0, -12.0): TRIMESH collision created successfully (distance: 12.65, vertices: 8)
[18:57:52] TERRAIN: Chunk created successfully: (4.0, -12.0) at world pos (128.0, 0.0, -384.0) (total chunks: 502)
[18:57:52] TERRAIN: Creating chunk: (-4.0, -12.0) at distance 12.65
[18:57:52] TERRAIN: Chunk (-4.0, -12.0): TRIMESH collision created successfully (distance: 12.65, vertices: 8)
[18:57:52] TERRAIN: Chunk created successfully: (-4.0, -12.0) at world pos (-128.0, 0.0, -384.0) (total chunks: 503)
[18:57:52] TERRAIN: Creating chunk: (-12.0, -4.0) at distance 12.65
[18:57:52] TERRAIN: Chunk (-12.0, -4.0): TRIMESH collision created successfully (distance: 12.65, vertices: 8)
[18:57:52] TERRAIN: Chunk created successfully: (-12.0, -4.0) at world pos (-384.0, 0.0, -128.0) (total chunks: 504)
[18:57:52] TERRAIN: Creating chunk: (12.0, 4.0) at distance 12.65
[18:57:52] TERRAIN: Chunk (12.0, 4.0): TRIMESH collision created successfully (distance: 12.65, vertices: 8)
[18:57:52] TERRAIN: Chunk created successfully: (12.0, 4.0) at world pos (384.0, 0.0, 128.0) (total chunks: 505)
[18:57:52] TERRAIN: Creating chunk: (9.0, -9.0) at distance 12.73
[18:57:52] TERRAIN: Chunk (9.0, -9.0): TRIMESH collision created successfully (distance: 12.73, vertices: 8)
[18:57:52] TERRAIN: Chunk created successfully: (9.0, -9.0) at world pos (288.0, 0.0, -288.0) (total chunks: 506)
[18:57:52] TERRAIN: Creating chunk: (9.0, 9.0) at distance 12.73
[18:57:52] TERRAIN: Chunk (9.0, 9.0): TRIMESH collision created successfully (distance: 12.73, vertices: 8)
[18:57:52] TERRAIN: Chunk created successfully: (9.0, 9.0) at world pos (288.0, 0.0, 288.0) (total chunks: 507)
[18:57:52] TERRAIN: Creating chunk: (-9.0, 9.0) at distance 12.73
[18:57:52] TERRAIN: Chunk (-9.0, 9.0): TRIMESH collision created successfully (distance: 12.73, vertices: 8)
[18:57:52] TERRAIN: Chunk created successfully: (-9.0, 9.0) at world pos (-288.0, 0.0, 288.0) (total chunks: 508)
[18:57:52] TERRAIN: Creating chunk: (-9.0, -9.0) at distance 12.73
[18:57:52] TERRAIN: Chunk (-9.0, -9.0): TRIMESH collision created successfully (distance: 12.73, vertices: 8)
[18:57:52] TERRAIN: Chunk created successfully: (-9.0, -9.0) at world pos (-288.0, 0.0, -288.0) (total chunks: 509)
[18:57:52] TERRAIN: Creating chunk: (10.0, -8.0) at distance 12.81
[18:57:52] TERRAIN: Chunk (10.0, -8.0): TRIMESH collision created successfully (distance: 12.81, vertices: 8)
[18:57:52] TERRAIN: Chunk created successfully: (10.0, -8.0) at world pos (320.0, 0.0, -256.0) (total chunks: 510)
[18:57:52] TERRAIN: Creating chunk: (-8.0, 10.0) at distance 12.81
[18:57:52] TERRAIN: Chunk (-8.0, 10.0): TRIMESH collision created successfully (distance: 12.81, vertices: 8)
[18:57:52] TERRAIN: Chunk created successfully: (-8.0, 10.0) at world pos (-256.0, 0.0, 320.0) (total chunks: 511)
[18:57:52] TERRAIN: Creating chunk: (-8.0, -10.0) at distance 12.81
[18:57:52] TERRAIN: Chunk (-8.0, -10.0): TRIMESH collision created successfully (distance: 12.81, vertices: 8)
[18:57:52] TERRAIN: Chunk created successfully: (-8.0, -10.0) at world pos (-256.0, 0.0, -320.0) (total chunks: 512)
[18:57:52] TERRAIN: Creating chunk: (-10.0, 8.0) at distance 12.81
[18:57:52] TERRAIN: Chunk (-10.0, 8.0): TRIMESH collision created successfully (distance: 12.81, vertices: 8)
[18:57:52] TERRAIN: Chunk created successfully: (-10.0, 8.0) at world pos (-320.0, 0.0, 256.0) (total chunks: 513)
[18:57:52] TERRAIN: Creating chunk: (-10.0, -8.0) at distance 12.81
[18:57:52] TERRAIN: Chunk (-10.0, -8.0): TRIMESH collision created successfully (distance: 12.81, vertices: 8)
[18:57:52] TERRAIN: Chunk created successfully: (-10.0, -8.0) at world pos (-320.0, 0.0, -256.0) (total chunks: 514)
[18:57:52] TERRAIN: Creating chunk: (10.0, 8.0) at distance 12.81
[18:57:52] TERRAIN: Chunk (10.0, 8.0): TRIMESH collision created successfully (distance: 12.81, vertices: 8)
[18:57:52] TERRAIN: Chunk created successfully: (10.0, 8.0) at world pos (320.0, 0.0, 256.0) (total chunks: 515)
[18:57:52] TERRAIN: Creating chunk: (8.0, -10.0) at distance 12.81
[18:57:52] TERRAIN: Chunk (8.0, -10.0): TRIMESH collision created successfully (distance: 12.81, vertices: 8)
[18:57:52] TERRAIN: Chunk created successfully: (8.0, -10.0) at world pos (256.0, 0.0, -320.0) (total chunks: 516)
[18:57:52] TERRAIN: Creating chunk: (8.0, 10.0) at distance 12.81
[18:57:52] TERRAIN: Chunk (8.0, 10.0): TRIMESH collision created successfully (distance: 12.81, vertices: 8)
[18:57:52] TERRAIN: Chunk created successfully: (8.0, 10.0) at world pos (256.0, 0.0, 320.0) (total chunks: 517)
[18:57:52] TERRAIN: Creating chunk: (-12.0, 5.0) at distance 13.00
[18:57:52] TERRAIN: Chunk (-12.0, 5.0): TRIMESH collision created successfully (distance: 13.00, vertices: 8)
[18:57:52] TERRAIN: Chunk created successfully: (-12.0, 5.0) at world pos (-384.0, 0.0, 160.0) (total chunks: 518)
[18:57:52] TERRAIN: Creating chunk: (-12.0, -5.0) at distance 13.00
[18:57:52] TERRAIN: Chunk (-12.0, -5.0): TRIMESH collision created successfully (distance: 13.00, vertices: 8)
[18:57:52] TERRAIN: Chunk created successfully: (-12.0, -5.0) at world pos (-384.0, 0.0, -160.0) (total chunks: 519)
[18:57:52] TERRAIN: Creating chunk: (-13.0, 0.0) at distance 13.00
[18:57:52] TERRAIN: Chunk (-13.0, 0.0): TRIMESH collision created successfully (distance: 13.00, vertices: 8)
[18:57:52] TERRAIN: Chunk created successfully: (-13.0, 0.0) at world pos (-416.0, 0.0, 0.0) (total chunks: 520)
[18:57:52] TERRAIN: Creating chunk: (12.0, 5.0) at distance 13.00
[18:57:52] TERRAIN: Chunk (12.0, 5.0): TRIMESH collision created successfully (distance: 13.00, vertices: 8)
[18:57:52] TERRAIN: Chunk created successfully: (12.0, 5.0) at world pos (384.0, 0.0, 160.0) (total chunks: 521)
[18:57:52] TERRAIN: Creating chunk: (13.0, 0.0) at distance 13.00
[18:57:52] TERRAIN: Chunk (13.0, 0.0): TRIMESH collision created successfully (distance: 13.00, vertices: 8)
[18:57:52] TERRAIN: Chunk created successfully: (13.0, 0.0) at world pos (416.0, 0.0, 0.0) (total chunks: 522)
[18:57:52] TERRAIN: Creating chunk: (-5.0, -12.0) at distance 13.00
[18:57:52] TERRAIN: Chunk (-5.0, -12.0): TRIMESH collision created successfully (distance: 13.00, vertices: 8)
[18:57:52] TERRAIN: Chunk created successfully: (-5.0, -12.0) at world pos (-160.0, 0.0, -384.0) (total chunks: 523)
[18:57:52] TERRAIN: Creating chunk: (-5.0, 12.0) at distance 13.00
[18:57:52] TERRAIN: Chunk (-5.0, 12.0): TRIMESH collision created successfully (distance: 13.00, vertices: 8)
[18:57:52] TERRAIN: Chunk created successfully: (-5.0, 12.0) at world pos (-160.0, 0.0, 384.0) (total chunks: 524)
[18:57:52] TERRAIN: Creating chunk: (12.0, -5.0) at distance 13.00
[18:57:52] TERRAIN: Chunk (12.0, -5.0): TRIMESH collision created successfully (distance: 13.00, vertices: 8)
[18:57:52] TERRAIN: Chunk created successfully: (12.0, -5.0) at world pos (384.0, 0.0, -160.0) (total chunks: 525)
[18:57:52] TERRAIN: Creating chunk: (5.0, 12.0) at distance 13.00
[18:57:52] TERRAIN: Chunk (5.0, 12.0): TRIMESH collision created successfully (distance: 13.00, vertices: 8)
[18:57:52] TERRAIN: Chunk created successfully: (5.0, 12.0) at world pos (160.0, 0.0, 384.0) (total chunks: 526)
[18:57:52] TERRAIN: Creating chunk: (0.0, 13.0) at distance 13.00
[18:57:52] TERRAIN: Chunk (0.0, 13.0): TRIMESH collision created successfully (distance: 13.00, vertices: 8)
[18:57:52] TERRAIN: Chunk created successfully: (0.0, 13.0) at world pos (0.0, 0.0, 416.0) (total chunks: 527)
[18:57:52] TERRAIN: Creating chunk: (0.0, -13.0) at distance 13.00
[18:57:52] TERRAIN: Chunk (0.0, -13.0): TRIMESH collision created successfully (distance: 13.00, vertices: 8)
[18:57:52] TERRAIN: Chunk created successfully: (0.0, -13.0) at world pos (0.0, 0.0, -416.0) (total chunks: 528)
[18:57:52] TERRAIN: Creating chunk: (5.0, -12.0) at distance 13.00
[18:57:52] TERRAIN: Chunk (5.0, -12.0): TRIMESH collision created successfully (distance: 13.00, vertices: 8)
[18:57:52] TERRAIN: Chunk created successfully: (5.0, -12.0) at world pos (160.0, 0.0, -384.0) (total chunks: 529)
[18:57:52] TERRAIN: Creating chunk: (-11.0, 7.0) at distance 13.04
[18:57:52] TERRAIN: Chunk (-11.0, 7.0): TRIMESH collision created successfully (distance: 13.04, vertices: 8)
[18:57:52] TERRAIN: Chunk created successfully: (-11.0, 7.0) at world pos (-352.0, 0.0, 224.0) (total chunks: 530)
[18:57:52] TERRAIN: Creating chunk: (-13.0, -1.0) at distance 13.04
[18:57:52] TERRAIN: Chunk (-13.0, -1.0): TRIMESH collision created successfully (distance: 13.04, vertices: 8)
[18:57:52] TERRAIN: Chunk created successfully: (-13.0, -1.0) at world pos (-416.0, 0.0, -32.0) (total chunks: 531)
[18:57:52] TERRAIN: Creating chunk: (-11.0, -7.0) at distance 13.04
[18:57:52] TERRAIN: Chunk (-11.0, -7.0): TRIMESH collision created successfully (distance: 13.04, vertices: 8)
[18:57:52] TERRAIN: Chunk created successfully: (-11.0, -7.0) at world pos (-352.0, 0.0, -224.0) (total chunks: 532)
[18:57:52] TERRAIN: Creating chunk: (7.0, -11.0) at distance 13.04
[18:57:52] TERRAIN: Chunk (7.0, -11.0): TRIMESH collision created successfully (distance: 13.04, vertices: 8)
[18:57:52] TERRAIN: Chunk created successfully: (7.0, -11.0) at world pos (224.0, 0.0, -352.0) (total chunks: 533)
[18:57:52] TERRAIN: Creating chunk: (1.0, 13.0) at distance 13.04
[18:57:52] TERRAIN: Chunk (1.0, 13.0): TRIMESH collision created successfully (distance: 13.04, vertices: 8)
[18:57:52] TERRAIN: Chunk created successfully: (1.0, 13.0) at world pos (32.0, 0.0, 416.0) (total chunks: 534)
[18:57:52] TERRAIN: Creating chunk: (13.0, 1.0) at distance 13.04
[18:57:52] TERRAIN: Chunk (13.0, 1.0): TRIMESH collision created successfully (distance: 13.04, vertices: 8)
[18:57:52] TERRAIN: Chunk created successfully: (13.0, 1.0) at world pos (416.0, 0.0, 32.0) (total chunks: 535)
[18:57:52] TERRAIN: Creating chunk: (1.0, -13.0) at distance 13.04
[18:57:52] TERRAIN: Chunk (1.0, -13.0): TRIMESH collision created successfully (distance: 13.04, vertices: 8)
[18:57:52] TERRAIN: Chunk created successfully: (1.0, -13.0) at world pos (32.0, 0.0, -416.0) (total chunks: 536)
[18:57:52] TERRAIN: Creating chunk: (7.0, 11.0) at distance 13.04
[18:57:52] TERRAIN: Chunk (7.0, 11.0): TRIMESH collision created successfully (distance: 13.04, vertices: 8)
[18:57:52] TERRAIN: Chunk created successfully: (7.0, 11.0) at world pos (224.0, 0.0, 352.0) (total chunks: 537)
[18:57:52] TERRAIN: Creating chunk: (-7.0, -11.0) at distance 13.04
[18:57:52] TERRAIN: Chunk (-7.0, -11.0): TRIMESH collision created successfully (distance: 13.04, vertices: 8)
[18:57:52] TERRAIN: Chunk created successfully: (-7.0, -11.0) at world pos (-224.0, 0.0, -352.0) (total chunks: 538)
[18:57:52] TERRAIN: Creating chunk: (-7.0, 11.0) at distance 13.04
[18:57:52] TERRAIN: Chunk (-7.0, 11.0): TRIMESH collision created successfully (distance: 13.04, vertices: 8)
[18:57:52] TERRAIN: Chunk created successfully: (-7.0, 11.0) at world pos (-224.0, 0.0, 352.0) (total chunks: 539)
[18:57:52] TERRAIN: Creating chunk: (11.0, 7.0) at distance 13.04
[18:57:52] TERRAIN: Chunk (11.0, 7.0): TRIMESH collision created successfully (distance: 13.04, vertices: 8)
[18:57:52] TERRAIN: Chunk created successfully: (11.0, 7.0) at world pos (352.0, 0.0, 224.0) (total chunks: 540)
[18:57:52] TERRAIN: Creating chunk: (-13.0, 1.0) at distance 13.04
[18:57:52] TERRAIN: Chunk (-13.0, 1.0): TRIMESH collision created successfully (distance: 13.04, vertices: 8)
[18:57:52] TERRAIN: Chunk created successfully: (-13.0, 1.0) at world pos (-416.0, 0.0, 32.0) (total chunks: 541)
[18:57:52] TERRAIN: Creating chunk: (-1.0, 13.0) at distance 13.04
[18:57:52] TERRAIN: Chunk (-1.0, 13.0): TRIMESH collision created successfully (distance: 13.04, vertices: 8)
[18:57:52] TERRAIN: Chunk created successfully: (-1.0, 13.0) at world pos (-32.0, 0.0, 416.0) (total chunks: 542)
[18:57:52] TERRAIN: Creating chunk: (-1.0, -13.0) at distance 13.04
[18:57:52] TERRAIN: Chunk (-1.0, -13.0): TRIMESH collision created successfully (distance: 13.04, vertices: 8)
[18:57:52] TERRAIN: Chunk created successfully: (-1.0, -13.0) at world pos (-32.0, 0.0, -416.0) (total chunks: 543)
[18:57:52] TERRAIN: Creating chunk: (11.0, -7.0) at distance 13.04
[18:57:52] TERRAIN: Chunk (11.0, -7.0): TRIMESH collision created successfully (distance: 13.04, vertices: 8)
[18:57:52] TERRAIN: Chunk created successfully: (11.0, -7.0) at world pos (352.0, 0.0, -224.0) (total chunks: 544)
[18:57:52] TERRAIN: Creating chunk: (13.0, -1.0) at distance 13.04
[18:57:52] TERRAIN: Chunk (13.0, -1.0): TRIMESH collision created successfully (distance: 13.04, vertices: 8)
[18:57:52] TERRAIN: Chunk created successfully: (13.0, -1.0) at world pos (416.0, 0.0, -32.0) (total chunks: 545)
[18:57:52] TERRAIN: Creating chunk: (-13.0, 2.0) at distance 13.15
[18:57:52] TERRAIN: Chunk (-13.0, 2.0): TRIMESH collision created successfully (distance: 13.15, vertices: 8)
[18:57:52] TERRAIN: Chunk created successfully: (-13.0, 2.0) at world pos (-416.0, 0.0, 64.0) (total chunks: 546)
[18:57:52] TERRAIN: Creating chunk: (2.0, 13.0) at distance 13.15
[18:57:52] TERRAIN: Chunk (2.0, 13.0): TRIMESH collision created successfully (distance: 13.15, vertices: 8)
[18:57:52] TERRAIN: Chunk created successfully: (2.0, 13.0) at world pos (64.0, 0.0, 416.0) (total chunks: 547)
[18:57:52] TERRAIN: Creating chunk: (2.0, -13.0) at distance 13.15
[18:57:52] TERRAIN: Chunk (2.0, -13.0): TRIMESH collision created successfully (distance: 13.15, vertices: 8)
[18:57:52] TERRAIN: Chunk created successfully: (2.0, -13.0) at world pos (64.0, 0.0, -416.0) (total chunks: 548)
[18:57:52] TERRAIN: Creating chunk: (13.0, 2.0) at distance 13.15
[18:57:52] TERRAIN: Chunk (13.0, 2.0): TRIMESH collision created successfully (distance: 13.15, vertices: 8)
[18:57:52] TERRAIN: Chunk created successfully: (13.0, 2.0) at world pos (416.0, 0.0, 64.0) (total chunks: 549)
[18:57:52] TERRAIN: Creating chunk: (-13.0, -2.0) at distance 13.15
[18:57:52] TERRAIN: Chunk (-13.0, -2.0): TRIMESH collision created successfully (distance: 13.15, vertices: 8)
[18:57:52] TERRAIN: Chunk created successfully: (-13.0, -2.0) at world pos (-416.0, 0.0, -64.0) (total chunks: 550)
[18:57:52] TERRAIN: Creating chunk: (13.0, -2.0) at distance 13.15
[18:57:52] TERRAIN: Chunk (13.0, -2.0): TRIMESH collision created successfully (distance: 13.15, vertices: 8)
[18:57:52] TERRAIN: Chunk created successfully: (13.0, -2.0) at world pos (416.0, 0.0, -64.0) (total chunks: 551)
[18:57:52] TERRAIN: Creating chunk: (-2.0, 13.0) at distance 13.15
[18:57:52] TERRAIN: Chunk (-2.0, 13.0): TRIMESH collision created successfully (distance: 13.15, vertices: 8)
[18:57:52] TERRAIN: Chunk created successfully: (-2.0, 13.0) at world pos (-64.0, 0.0, 416.0) (total chunks: 552)
[18:57:52] TERRAIN: Creating chunk: (-2.0, -13.0) at distance 13.15
[18:57:52] TERRAIN: Chunk (-2.0, -13.0): TRIMESH collision created successfully (distance: 13.15, vertices: 8)
[18:57:52] TERRAIN: Chunk created successfully: (-2.0, -13.0) at world pos (-64.0, 0.0, -416.0) (total chunks: 553)
[18:57:52] TERRAIN: Creating chunk: (3.0, -13.0) at distance 13.34
[18:57:52] TERRAIN: Chunk (3.0, -13.0): TRIMESH collision created successfully (distance: 13.34, vertices: 8)
[18:57:52] TERRAIN: Chunk created successfully: (3.0, -13.0) at world pos (96.0, 0.0, -416.0) (total chunks: 554)
[18:57:52] TERRAIN: Creating chunk: (-13.0, -3.0) at distance 13.34
[18:57:52] TERRAIN: Chunk (-13.0, -3.0): TRIMESH collision created successfully (distance: 13.34, vertices: 8)
[18:57:52] TERRAIN: Chunk created successfully: (-13.0, -3.0) at world pos (-416.0, 0.0, -96.0) (total chunks: 555)
[18:57:52] TERRAIN: Creating chunk: (3.0, 13.0) at distance 13.34
[18:57:52] TERRAIN: Chunk (3.0, 13.0): TRIMESH collision created successfully (distance: 13.34, vertices: 8)
[18:57:52] TERRAIN: Chunk created successfully: (3.0, 13.0) at world pos (96.0, 0.0, 416.0) (total chunks: 556)
[18:57:52] TERRAIN: Creating chunk: (-13.0, 3.0) at distance 13.34
[18:57:52] TERRAIN: Chunk (-13.0, 3.0): TRIMESH collision created successfully (distance: 13.34, vertices: 8)
[18:57:52] TERRAIN: Chunk created successfully: (-13.0, 3.0) at world pos (-416.0, 0.0, 96.0) (total chunks: 557)
[18:57:52] TERRAIN: Creating chunk: (13.0, 3.0) at distance 13.34
[18:57:52] TERRAIN: Chunk (13.0, 3.0): TRIMESH collision created successfully (distance: 13.34, vertices: 8)
[18:57:52] TERRAIN: Chunk created successfully: (13.0, 3.0) at world pos (416.0, 0.0, 96.0) (total chunks: 558)
[18:57:52] TERRAIN: Creating chunk: (13.0, -3.0) at distance 13.34
[18:57:52] TERRAIN: Chunk (13.0, -3.0): TRIMESH collision created successfully (distance: 13.34, vertices: 8)
[18:57:52] TERRAIN: Chunk created successfully: (13.0, -3.0) at world pos (416.0, 0.0, -96.0) (total chunks: 559)
[18:57:52] TERRAIN: Creating chunk: (-3.0, -13.0) at distance 13.34
[18:57:52] TERRAIN: Chunk (-3.0, -13.0): TRIMESH collision created successfully (distance: 13.34, vertices: 8)
[18:57:52] TERRAIN: Chunk created successfully: (-3.0, -13.0) at world pos (-96.0, 0.0, -416.0) (total chunks: 560)
[18:57:52] TERRAIN: Creating chunk: (-3.0, 13.0) at distance 13.34
[18:57:52] TERRAIN: Chunk (-3.0, 13.0): TRIMESH collision created successfully (distance: 13.34, vertices: 8)
[18:57:52] TERRAIN: Chunk created successfully: (-3.0, 13.0) at world pos (-96.0, 0.0, 416.0) (total chunks: 561)
[18:57:52] TERRAIN: Creating chunk: (-12.0, -6.0) at distance 13.42
[18:57:52] TERRAIN: Chunk (-12.0, -6.0): TRIMESH collision created successfully (distance: 13.42, vertices: 8)
[18:57:52] TERRAIN: Chunk created successfully: (-12.0, -6.0) at world pos (-384.0, 0.0, -192.0) (total chunks: 562)
[18:57:52] TERRAIN: Creating chunk: (-12.0, 6.0) at distance 13.42
[18:57:52] TERRAIN: Chunk (-12.0, 6.0): TRIMESH collision created successfully (distance: 13.42, vertices: 8)
[18:57:52] TERRAIN: Chunk created successfully: (-12.0, 6.0) at world pos (-384.0, 0.0, 192.0) (total chunks: 563)
[18:57:52] TERRAIN: Creating chunk: (6.0, 12.0) at distance 13.42
[18:57:52] TERRAIN: Chunk (6.0, 12.0): TRIMESH collision created successfully (distance: 13.42, vertices: 8)
[18:57:52] TERRAIN: Chunk created successfully: (6.0, 12.0) at world pos (192.0, 0.0, 384.0) (total chunks: 564)
[18:57:52] TERRAIN: Creating chunk: (6.0, -12.0) at distance 13.42
[18:57:52] TERRAIN: Chunk (6.0, -12.0): TRIMESH collision created successfully (distance: 13.42, vertices: 8)
[18:57:52] TERRAIN: Chunk created successfully: (6.0, -12.0) at world pos (192.0, 0.0, -384.0) (total chunks: 565)
[18:57:52] TERRAIN: Creating chunk: (12.0, 6.0) at distance 13.42
[18:57:52] TERRAIN: Chunk (12.0, 6.0): TRIMESH collision created successfully (distance: 13.42, vertices: 8)
[18:57:52] TERRAIN: Chunk created successfully: (12.0, 6.0) at world pos (384.0, 0.0, 192.0) (total chunks: 566)
[18:57:52] TERRAIN: Creating chunk: (-6.0, -12.0) at distance 13.42
[18:57:52] TERRAIN: Chunk (-6.0, -12.0): TRIMESH collision created successfully (distance: 13.42, vertices: 8)
[18:57:52] TERRAIN: Chunk created successfully: (-6.0, -12.0) at world pos (-192.0, 0.0, -384.0) (total chunks: 567)
[18:57:52] TERRAIN: Creating chunk: (-6.0, 12.0) at distance 13.42
[18:57:52] TERRAIN: Chunk (-6.0, 12.0): TRIMESH collision created successfully (distance: 13.42, vertices: 8)
[18:57:52] TERRAIN: Chunk created successfully: (-6.0, 12.0) at world pos (-192.0, 0.0, 384.0) (total chunks: 568)
[18:57:52] TERRAIN: Creating chunk: (12.0, -6.0) at distance 13.42
[18:57:52] TERRAIN: Chunk (12.0, -6.0): TRIMESH collision created successfully (distance: 13.42, vertices: 8)
[18:57:52] TERRAIN: Chunk created successfully: (12.0, -6.0) at world pos (384.0, 0.0, -192.0) (total chunks: 569)
[18:57:52] TERRAIN: Creating chunk: (9.0, -10.0) at distance 13.45
[18:57:52] TERRAIN: Chunk (9.0, -10.0): TRIMESH collision created successfully (distance: 13.45, vertices: 8)
[18:57:52] TERRAIN: Chunk created successfully: (9.0, -10.0) at world pos (288.0, 0.0, -320.0) (total chunks: 570)
[18:57:52] TERRAIN: Creating chunk: (9.0, 10.0) at distance 13.45
[18:57:52] TERRAIN: Chunk (9.0, 10.0): TRIMESH collision created successfully (distance: 13.45, vertices: 8)
[18:57:52] TERRAIN: Chunk created successfully: (9.0, 10.0) at world pos (288.0, 0.0, 320.0) (total chunks: 571)
[18:57:52] TERRAIN: Creating chunk: (10.0, -9.0) at distance 13.45
[18:57:52] TERRAIN: Chunk (10.0, -9.0): TRIMESH collision created successfully (distance: 13.45, vertices: 8)
[18:57:52] TERRAIN: Chunk created successfully: (10.0, -9.0) at world pos (320.0, 0.0, -288.0) (total chunks: 572)
[18:57:52] TERRAIN: Creating chunk: (10.0, 9.0) at distance 13.45
[18:57:52] TERRAIN: Chunk (10.0, 9.0): TRIMESH collision created successfully (distance: 13.45, vertices: 8)
[18:57:52] TERRAIN: Chunk created successfully: (10.0, 9.0) at world pos (320.0, 0.0, 288.0) (total chunks: 573)
[18:57:52] TERRAIN: Creating chunk: (-9.0, 10.0) at distance 13.45
[18:57:52] TERRAIN: Chunk (-9.0, 10.0): TRIMESH collision created successfully (distance: 13.45, vertices: 8)
[18:57:52] TERRAIN: Chunk created successfully: (-9.0, 10.0) at world pos (-288.0, 0.0, 320.0) (total chunks: 574)
[18:57:52] TERRAIN: Creating chunk: (-9.0, -10.0) at distance 13.45
[18:57:52] TERRAIN: Chunk (-9.0, -10.0): TRIMESH collision created successfully (distance: 13.45, vertices: 8)
[18:57:52] TERRAIN: Chunk created successfully: (-9.0, -10.0) at world pos (-288.0, 0.0, -320.0) (total chunks: 575)
[18:57:52] TERRAIN: Creating chunk: (-10.0, 9.0) at distance 13.45
[18:57:52] TERRAIN: Chunk (-10.0, 9.0): TRIMESH collision created successfully (distance: 13.45, vertices: 8)
[18:57:52] TERRAIN: Chunk created successfully: (-10.0, 9.0) at world pos (-320.0, 0.0, 288.0) (total chunks: 576)
[18:57:52] TERRAIN: Creating chunk: (-10.0, -9.0) at distance 13.45
[18:57:52] TERRAIN: Chunk (-10.0, -9.0): TRIMESH collision created successfully (distance: 13.45, vertices: 8)
[18:57:52] TERRAIN: Chunk created successfully: (-10.0, -9.0) at world pos (-320.0, 0.0, -288.0) (total chunks: 577)
[18:57:52] TERRAIN: Creating chunk: (8.0, 11.0) at distance 13.60
[18:57:52] TERRAIN: Chunk (8.0, 11.0): TRIMESH collision created successfully (distance: 13.60, vertices: 8)
[18:57:52] TERRAIN: Chunk created successfully: (8.0, 11.0) at world pos (256.0, 0.0, 352.0) (total chunks: 578)
[18:57:52] TERRAIN: Creating chunk: (11.0, 8.0) at distance 13.60
[18:57:52] TERRAIN: Chunk (11.0, 8.0): TRIMESH collision created successfully (distance: 13.60, vertices: 8)
[18:57:52] TERRAIN: Chunk created successfully: (11.0, 8.0) at world pos (352.0, 0.0, 256.0) (total chunks: 579)
[18:57:52] TERRAIN: Creating chunk: (-13.0, -4.0) at distance 13.60
[18:57:52] TERRAIN: Chunk (-13.0, -4.0): TRIMESH collision created successfully (distance: 13.60, vertices: 8)
[18:57:52] TERRAIN: Chunk created successfully: (-13.0, -4.0) at world pos (-416.0, 0.0, -128.0) (total chunks: 580)
[18:57:52] TERRAIN: Creating chunk: (-13.0, 4.0) at distance 13.60
[18:57:52] TERRAIN: Chunk (-13.0, 4.0): TRIMESH collision created successfully (distance: 13.60, vertices: 8)
[18:57:52] TERRAIN: Chunk created successfully: (-13.0, 4.0) at world pos (-416.0, 0.0, 128.0) (total chunks: 581)
[18:57:52] TERRAIN: Creating chunk: (11.0, -8.0) at distance 13.60
[18:57:52] TERRAIN: Chunk (11.0, -8.0): TRIMESH collision created successfully (distance: 13.60, vertices: 8)
[18:57:52] TERRAIN: Chunk created successfully: (11.0, -8.0) at world pos (352.0, 0.0, -256.0) (total chunks: 582)
[18:57:52] TERRAIN: Creating chunk: (13.0, 4.0) at distance 13.60
[18:57:52] TERRAIN: Chunk (13.0, 4.0): TRIMESH collision created successfully (distance: 13.60, vertices: 8)
[18:57:52] TERRAIN: Chunk created successfully: (13.0, 4.0) at world pos (416.0, 0.0, 128.0) (total chunks: 583)
[18:57:52] TERRAIN: Creating chunk: (-11.0, -8.0) at distance 13.60
[18:57:52] TERRAIN: Chunk (-11.0, -8.0): TRIMESH collision created successfully (distance: 13.60, vertices: 8)
[18:57:52] TERRAIN: Chunk created successfully: (-11.0, -8.0) at world pos (-352.0, 0.0, -256.0) (total chunks: 584)
[18:57:52] TERRAIN: Creating chunk: (-11.0, 8.0) at distance 13.60
[18:57:52] TERRAIN: Chunk (-11.0, 8.0): TRIMESH collision created successfully (distance: 13.60, vertices: 8)
[18:57:52] TERRAIN: Chunk created successfully: (-11.0, 8.0) at world pos (-352.0, 0.0, 256.0) (total chunks: 585)
[18:57:52] TERRAIN: Creating chunk: (-8.0, -11.0) at distance 13.60
[18:57:52] TERRAIN: Chunk (-8.0, -11.0): TRIMESH collision created successfully (distance: 13.60, vertices: 8)
[18:57:52] TERRAIN: Chunk created successfully: (-8.0, -11.0) at world pos (-256.0, 0.0, -352.0) (total chunks: 586)
[18:57:52] TERRAIN: Creating chunk: (-8.0, 11.0) at distance 13.60
[18:57:52] TERRAIN: Chunk (-8.0, 11.0): TRIMESH collision created successfully (distance: 13.60, vertices: 8)
[18:57:52] TERRAIN: Chunk created successfully: (-8.0, 11.0) at world pos (-256.0, 0.0, 352.0) (total chunks: 587)
[18:57:52] TERRAIN: Creating chunk: (-4.0, -13.0) at distance 13.60
[18:57:52] TERRAIN: Chunk (-4.0, -13.0): TRIMESH collision created successfully (distance: 13.60, vertices: 8)
[18:57:52] TERRAIN: Chunk created successfully: (-4.0, -13.0) at world pos (-128.0, 0.0, -416.0) (total chunks: 588)
[18:57:52] TERRAIN: Creating chunk: (-4.0, 13.0) at distance 13.60
[18:57:52] TERRAIN: Chunk (-4.0, 13.0): TRIMESH collision created successfully (distance: 13.60, vertices: 8)
[18:57:52] TERRAIN: Chunk created successfully: (-4.0, 13.0) at world pos (-128.0, 0.0, 416.0) (total chunks: 589)
[18:57:52] TERRAIN: Creating chunk: (13.0, -4.0) at distance 13.60
[18:57:52] TERRAIN: Chunk (13.0, -4.0): TRIMESH collision created successfully (distance: 13.60, vertices: 8)
[18:57:52] TERRAIN: Chunk created successfully: (13.0, -4.0) at world pos (416.0, 0.0, -128.0) (total chunks: 590)
[18:57:52] TERRAIN: Creating chunk: (4.0, -13.0) at distance 13.60
[18:57:52] TERRAIN: Chunk (4.0, -13.0): TRIMESH collision created successfully (distance: 13.60, vertices: 8)
[18:57:52] TERRAIN: Chunk created successfully: (4.0, -13.0) at world pos (128.0, 0.0, -416.0) (total chunks: 591)
[18:57:52] TERRAIN: Creating chunk: (4.0, 13.0) at distance 13.60
[18:57:52] TERRAIN: Chunk (4.0, 13.0): TRIMESH collision created successfully (distance: 13.60, vertices: 8)
[18:57:52] TERRAIN: Chunk created successfully: (4.0, 13.0) at world pos (128.0, 0.0, 416.0) (total chunks: 592)
[18:57:52] TERRAIN: Creating chunk: (8.0, -11.0) at distance 13.60
[18:57:52] TERRAIN: Chunk (8.0, -11.0): TRIMESH collision created successfully (distance: 13.60, vertices: 8)
[18:57:52] TERRAIN: Chunk created successfully: (8.0, -11.0) at world pos (256.0, 0.0, -352.0) (total chunks: 593)
[18:57:52] TERRAIN: Creating chunk: (12.0, -7.0) at distance 13.89
[18:57:52] TERRAIN: Chunk (12.0, -7.0): TRIMESH collision created successfully (distance: 13.89, vertices: 8)
[18:57:52] TERRAIN: Chunk created successfully: (12.0, -7.0) at world pos (384.0, 0.0, -224.0) (total chunks: 594)
[18:57:52] TERRAIN: Creating chunk: (-7.0, 12.0) at distance 13.89
[18:57:52] TERRAIN: Chunk (-7.0, 12.0): TRIMESH collision created successfully (distance: 13.89, vertices: 8)
[18:57:52] TERRAIN: Chunk created successfully: (-7.0, 12.0) at world pos (-224.0, 0.0, 384.0) (total chunks: 595)
[18:57:52] TERRAIN: Creating chunk: (-7.0, -12.0) at distance 13.89
[18:57:52] TERRAIN: Chunk (-7.0, -12.0): TRIMESH collision created successfully (distance: 13.89, vertices: 8)
[18:57:52] TERRAIN: Chunk created successfully: (-7.0, -12.0) at world pos (-224.0, 0.0, -384.0) (total chunks: 596)
[18:57:52] PLAYER: Pos: (0.0, 0.000485, 0.0) | Chunk: (0.0, 0.0) | TerrainHeight: 0.00 | HeightDiff: 0.00 | OnFloor: true
[18:57:52] TERRAIN: Creating chunk: (-12.0, 7.0) at distance 13.89
[18:57:52] TERRAIN: Chunk (-12.0, 7.0): TRIMESH collision created successfully (distance: 13.89, vertices: 8)
[18:57:52] TERRAIN: Chunk created successfully: (-12.0, 7.0) at world pos (-384.0, 0.0, 224.0) (total chunks: 597)
[18:57:52] TERRAIN: Creating chunk: (-12.0, -7.0) at distance 13.89
[18:57:52] TERRAIN: Chunk (-12.0, -7.0): TRIMESH collision created successfully (distance: 13.89, vertices: 8)
[18:57:52] TERRAIN: Chunk created successfully: (-12.0, -7.0) at world pos (-384.0, 0.0, -224.0) (total chunks: 598)
[18:57:52] TERRAIN: Creating chunk: (7.0, 12.0) at distance 13.89
[18:57:52] TERRAIN: Chunk (7.0, 12.0): TRIMESH collision created successfully (distance: 13.89, vertices: 8)
[18:57:52] TERRAIN: Chunk created successfully: (7.0, 12.0) at world pos (224.0, 0.0, 384.0) (total chunks: 599)
[18:57:52] TERRAIN: Creating chunk: (7.0, -12.0) at distance 13.89
[18:57:52] TERRAIN: Chunk (7.0, -12.0): TRIMESH collision created successfully (distance: 13.89, vertices: 8)
[18:57:52] TERRAIN: Chunk created successfully: (7.0, -12.0) at world pos (224.0, 0.0, -384.0) (total chunks: 600)
[18:57:52] TERRAIN: Creating chunk: (12.0, 7.0) at distance 13.89
[18:57:53] TERRAIN: Chunk (12.0, 7.0): TRIMESH collision created successfully (distance: 13.89, vertices: 8)
[18:57:53] TERRAIN: Chunk created successfully: (12.0, 7.0) at world pos (384.0, 0.0, 224.0) (total chunks: 601)
[18:57:53] TERRAIN: Creating chunk: (13.0, 5.0) at distance 13.93
[18:57:53] TERRAIN: Chunk (13.0, 5.0): TRIMESH collision created successfully (distance: 13.93, vertices: 8)
[18:57:53] TERRAIN: Chunk created successfully: (13.0, 5.0) at world pos (416.0, 0.0, 160.0) (total chunks: 602)
[18:57:53] TERRAIN: Creating chunk: (-13.0, 5.0) at distance 13.93
[18:57:53] TERRAIN: Chunk (-13.0, 5.0): TRIMESH collision created successfully (distance: 13.93, vertices: 8)
[18:57:53] TERRAIN: Chunk created successfully: (-13.0, 5.0) at world pos (-416.0, 0.0, 160.0) (total chunks: 603)
[18:57:53] TERRAIN: Creating chunk: (-13.0, -5.0) at distance 13.93
[18:57:53] TERRAIN: Chunk (-13.0, -5.0): TRIMESH collision created successfully (distance: 13.93, vertices: 8)
[18:57:53] TERRAIN: Chunk created successfully: (-13.0, -5.0) at world pos (-416.0, 0.0, -160.0) (total chunks: 604)
[18:57:53] TERRAIN: Creating chunk: (5.0, -13.0) at distance 13.93
[18:57:53] TERRAIN: Chunk (5.0, -13.0): TRIMESH collision created successfully (distance: 13.93, vertices: 8)
[18:57:53] TERRAIN: Chunk created successfully: (5.0, -13.0) at world pos (160.0, 0.0, -416.0) (total chunks: 605)
[18:57:53] TERRAIN: Creating chunk: (5.0, 13.0) at distance 13.93
[18:57:53] TERRAIN: Chunk (5.0, 13.0): TRIMESH collision created successfully (distance: 13.93, vertices: 8)
[18:57:53] TERRAIN: Chunk created successfully: (5.0, 13.0) at world pos (160.0, 0.0, 416.0) (total chunks: 606)
[18:57:53] TERRAIN: Creating chunk: (13.0, -5.0) at distance 13.93
[18:57:53] TERRAIN: Chunk (13.0, -5.0): TRIMESH collision created successfully (distance: 13.93, vertices: 8)
[18:57:53] TERRAIN: Chunk created successfully: (13.0, -5.0) at world pos (416.0, 0.0, -160.0) (total chunks: 607)
[18:57:53] TERRAIN: Creating chunk: (-5.0, 13.0) at distance 13.93
[18:57:53] TERRAIN: Chunk (-5.0, 13.0): TRIMESH collision created successfully (distance: 13.93, vertices: 8)
[18:57:53] TERRAIN: Chunk created successfully: (-5.0, 13.0) at world pos (-160.0, 0.0, 416.0) (total chunks: 608)
[18:57:53] TERRAIN: Creating chunk: (-5.0, -13.0) at distance 13.93
[18:57:53] TERRAIN: Chunk (-5.0, -13.0): TRIMESH collision created successfully (distance: 13.93, vertices: 8)
[18:57:53] TERRAIN: Chunk created successfully: (-5.0, -13.0) at world pos (-160.0, 0.0, -416.0) (total chunks: 609)
[18:57:53] TERRAIN: Creating chunk: (0.0, -14.0) at distance 14.00
[18:57:53] TERRAIN: Chunk (0.0, -14.0): TRIMESH collision created successfully (distance: 14.00, vertices: 8)
[18:57:53] TERRAIN: Chunk created successfully: (0.0, -14.0) at world pos (0.0, 0.0, -448.0) (total chunks: 610)
[18:57:53] TERRAIN: Creating chunk: (0.0, 14.0) at distance 14.00
[18:57:53] TERRAIN: Chunk (0.0, 14.0): TRIMESH collision created successfully (distance: 14.00, vertices: 8)
[18:57:53] TERRAIN: Chunk created successfully: (0.0, 14.0) at world pos (0.0, 0.0, 448.0) (total chunks: 611)
[18:57:53] TERRAIN: Creating chunk: (14.0, 0.0) at distance 14.00
[18:57:53] TERRAIN: Chunk (14.0, 0.0): TRIMESH collision created successfully (distance: 14.00, vertices: 8)
[18:57:53] TERRAIN: Chunk created successfully: (14.0, 0.0) at world pos (448.0, 0.0, 0.0) (total chunks: 612)
[18:57:53] TERRAIN: Creating chunk: (-14.0, 0.0) at distance 14.00
[18:57:53] TERRAIN: Chunk (-14.0, 0.0): TRIMESH collision created successfully (distance: 14.00, vertices: 8)
[18:57:53] TERRAIN: Chunk created successfully: (-14.0, 0.0) at world pos (-448.0, 0.0, 0.0) (total chunks: 613)
[18:57:53] TERRAIN: Creating chunk: (1.0, -14.0) at distance 14.04
[18:57:53] TERRAIN: Chunk (1.0, -14.0): TRIMESH collision created successfully (distance: 14.04, vertices: 8)
[18:57:53] TERRAIN: Chunk created successfully: (1.0, -14.0) at world pos (32.0, 0.0, -448.0) (total chunks: 614)
[18:57:53] TERRAIN: Creating chunk: (14.0, 1.0) at distance 14.04
[18:57:53] TERRAIN: Chunk (14.0, 1.0): TRIMESH collision created successfully (distance: 14.04, vertices: 8)
[18:57:53] TERRAIN: Chunk created successfully: (14.0, 1.0) at world pos (448.0, 0.0, 32.0) (total chunks: 615)
[18:57:53] TERRAIN: Creating chunk: (-1.0, 14.0) at distance 14.04
[18:57:53] TERRAIN: Chunk (-1.0, 14.0): TRIMESH collision created successfully (distance: 14.04, vertices: 8)
[18:57:53] TERRAIN: Chunk created successfully: (-1.0, 14.0) at world pos (-32.0, 0.0, 448.0) (total chunks: 616)
[18:57:53] TERRAIN: Creating chunk: (-1.0, -14.0) at distance 14.04
[18:57:53] TERRAIN: Chunk (-1.0, -14.0): TRIMESH collision created successfully (distance: 14.04, vertices: 8)
[18:57:53] TERRAIN: Chunk created successfully: (-1.0, -14.0) at world pos (-32.0, 0.0, -448.0) (total chunks: 617)
[18:57:53] TERRAIN: Creating chunk: (1.0, 14.0) at distance 14.04
[18:57:53] TERRAIN: Chunk (1.0, 14.0): TRIMESH collision created successfully (distance: 14.04, vertices: 8)
[18:57:53] TERRAIN: Chunk created successfully: (1.0, 14.0) at world pos (32.0, 0.0, 448.0) (total chunks: 618)
[18:57:53] TERRAIN: Creating chunk: (-14.0, 1.0) at distance 14.04
[18:57:53] TERRAIN: Chunk (-14.0, 1.0): TRIMESH collision created successfully (distance: 14.04, vertices: 8)
[18:57:53] TERRAIN: Chunk created successfully: (-14.0, 1.0) at world pos (-448.0, 0.0, 32.0) (total chunks: 619)
[18:57:53] TERRAIN: Creating chunk: (-14.0, -1.0) at distance 14.04
[18:57:53] TERRAIN: Chunk (-14.0, -1.0): TRIMESH collision created successfully (distance: 14.04, vertices: 8)
[18:57:53] TERRAIN: Chunk created successfully: (-14.0, -1.0) at world pos (-448.0, 0.0, -32.0) (total chunks: 620)
[18:57:53] TERRAIN: Creating chunk: (14.0, -1.0) at distance 14.04
[18:57:53] TERRAIN: Chunk (14.0, -1.0): TRIMESH collision created successfully (distance: 14.04, vertices: 8)
[18:57:53] TERRAIN: Chunk created successfully: (14.0, -1.0) at world pos (448.0, 0.0, -32.0) (total chunks: 621)
[18:57:53] TERRAIN: Creating chunk: (-14.0, 2.0) at distance 14.14
[18:57:53] TERRAIN: Chunk (-14.0, 2.0): TRIMESH collision created successfully (distance: 14.14, vertices: 8)
[18:57:53] TERRAIN: Chunk created successfully: (-14.0, 2.0) at world pos (-448.0, 0.0, 64.0) (total chunks: 622)
[18:57:53] TERRAIN: Creating chunk: (10.0, 10.0) at distance 14.14
[18:57:53] TERRAIN: Chunk (10.0, 10.0): TRIMESH collision created successfully (distance: 14.14, vertices: 8)
[18:57:53] TERRAIN: Chunk created successfully: (10.0, 10.0) at world pos (320.0, 0.0, 320.0) (total chunks: 623)
[18:57:53] TERRAIN: Creating chunk: (-10.0, -10.0) at distance 14.14
[18:57:53] TERRAIN: Chunk (-10.0, -10.0): TRIMESH collision created successfully (distance: 14.14, vertices: 8)
[18:57:53] TERRAIN: Chunk created successfully: (-10.0, -10.0) at world pos (-320.0, 0.0, -320.0) (total chunks: 624)
[18:57:53] TERRAIN: Creating chunk: (-10.0, 10.0) at distance 14.14
[18:57:53] TERRAIN: Chunk (-10.0, 10.0): TRIMESH collision created successfully (distance: 14.14, vertices: 8)
[18:57:53] TERRAIN: Chunk created successfully: (-10.0, 10.0) at world pos (-320.0, 0.0, 320.0) (total chunks: 625)
[18:57:53] TERRAIN: Creating chunk: (14.0, 2.0) at distance 14.14
[18:57:53] TERRAIN: Chunk (14.0, 2.0): TRIMESH collision created successfully (distance: 14.14, vertices: 8)
[18:57:53] TERRAIN: Chunk created successfully: (14.0, 2.0) at world pos (448.0, 0.0, 64.0) (total chunks: 626)
[18:57:53] TERRAIN: Creating chunk: (-14.0, -2.0) at distance 14.14
[18:57:53] TERRAIN: Chunk (-14.0, -2.0): TRIMESH collision created successfully (distance: 14.14, vertices: 8)
[18:57:53] TERRAIN: Chunk created successfully: (-14.0, -2.0) at world pos (-448.0, 0.0, -64.0) (total chunks: 627)
[18:57:53] TERRAIN: Creating chunk: (2.0, 14.0) at distance 14.14
[18:57:53] TERRAIN: Chunk (2.0, 14.0): TRIMESH collision created successfully (distance: 14.14, vertices: 8)
[18:57:53] TERRAIN: Chunk created successfully: (2.0, 14.0) at world pos (64.0, 0.0, 448.0) (total chunks: 628)
[18:57:53] TERRAIN: Creating chunk: (2.0, -14.0) at distance 14.14
[18:57:53] TERRAIN: Chunk (2.0, -14.0): TRIMESH collision created successfully (distance: 14.14, vertices: 8)
[18:57:53] TERRAIN: Chunk created successfully: (2.0, -14.0) at world pos (64.0, 0.0, -448.0) (total chunks: 629)
[18:57:53] TERRAIN: Creating chunk: (-2.0, 14.0) at distance 14.14
[18:57:53] TERRAIN: Chunk (-2.0, 14.0): TRIMESH collision created successfully (distance: 14.14, vertices: 8)
[18:57:53] TERRAIN: Chunk created successfully: (-2.0, 14.0) at world pos (-64.0, 0.0, 448.0) (total chunks: 630)
[18:57:53] TERRAIN: Creating chunk: (14.0, -2.0) at distance 14.14
[18:57:53] TERRAIN: Chunk (14.0, -2.0): TRIMESH collision created successfully (distance: 14.14, vertices: 8)
[18:57:53] TERRAIN: Chunk created successfully: (14.0, -2.0) at world pos (448.0, 0.0, -64.0) (total chunks: 631)
[18:57:53] TERRAIN: Creating chunk: (-2.0, -14.0) at distance 14.14
[18:57:53] TERRAIN: Chunk (-2.0, -14.0): TRIMESH collision created successfully (distance: 14.14, vertices: 8)
[18:57:53] TERRAIN: Chunk created successfully: (-2.0, -14.0) at world pos (-64.0, 0.0, -448.0) (total chunks: 632)
[18:57:53] TERRAIN: Creating chunk: (10.0, -10.0) at distance 14.14
[18:57:53] TERRAIN: Chunk (10.0, -10.0): TRIMESH collision created successfully (distance: 14.14, vertices: 8)
[18:57:53] TERRAIN: Chunk created successfully: (10.0, -10.0) at world pos (320.0, 0.0, -320.0) (total chunks: 633)
[18:57:53] TERRAIN: Creating chunk: (9.0, -11.0) at distance 14.21
[18:57:53] TERRAIN: Chunk (9.0, -11.0): TRIMESH collision created successfully (distance: 14.21, vertices: 8)
[18:57:53] TERRAIN: Chunk created successfully: (9.0, -11.0) at world pos (288.0, 0.0, -352.0) (total chunks: 634)
[18:57:53] TERRAIN: Creating chunk: (11.0, -9.0) at distance 14.21
[18:57:53] TERRAIN: Chunk (11.0, -9.0): TRIMESH collision created successfully (distance: 14.21, vertices: 8)
[18:57:53] TERRAIN: Chunk created successfully: (11.0, -9.0) at world pos (352.0, 0.0, -288.0) (total chunks: 635)
[18:57:53] TERRAIN: Creating chunk: (9.0, 11.0) at distance 14.21
[18:57:53] TERRAIN: Chunk (9.0, 11.0): TRIMESH collision created successfully (distance: 14.21, vertices: 8)
[18:57:53] TERRAIN: Chunk created successfully: (9.0, 11.0) at world pos (288.0, 0.0, 352.0) (total chunks: 636)
[18:57:53] TERRAIN: Creating chunk: (-11.0, -9.0) at distance 14.21
[18:57:53] TERRAIN: Chunk (-11.0, -9.0): TRIMESH collision created successfully (distance: 14.21, vertices: 8)
[18:57:53] TERRAIN: Chunk created successfully: (-11.0, -9.0) at world pos (-352.0, 0.0, -288.0) (total chunks: 637)
[18:57:53] TERRAIN: Creating chunk: (-11.0, 9.0) at distance 14.21
[18:57:53] TERRAIN: Chunk (-11.0, 9.0): TRIMESH collision created successfully (distance: 14.21, vertices: 8)
[18:57:53] TERRAIN: Chunk created successfully: (-11.0, 9.0) at world pos (-352.0, 0.0, 288.0) (total chunks: 638)
[18:57:53] TERRAIN: Creating chunk: (-9.0, -11.0) at distance 14.21
[18:57:53] TERRAIN: Chunk (-9.0, -11.0): TRIMESH collision created successfully (distance: 14.21, vertices: 8)
[18:57:53] TERRAIN: Chunk created successfully: (-9.0, -11.0) at world pos (-288.0, 0.0, -352.0) (total chunks: 639)
[18:57:53] TERRAIN: Creating chunk: (-9.0, 11.0) at distance 14.21
[18:57:53] TERRAIN: Chunk (-9.0, 11.0): TRIMESH collision created successfully (distance: 14.21, vertices: 8)
[18:57:53] TERRAIN: Chunk created successfully: (-9.0, 11.0) at world pos (-288.0, 0.0, 352.0) (total chunks: 640)
[18:57:53] TERRAIN: Creating chunk: (11.0, 9.0) at distance 14.21
[18:57:53] TERRAIN: Chunk (11.0, 9.0): TRIMESH collision created successfully (distance: 14.21, vertices: 8)
[18:57:53] TERRAIN: Chunk created successfully: (11.0, 9.0) at world pos (352.0, 0.0, 288.0) (total chunks: 641)
[18:57:53] TERRAIN: Creating chunk: (-6.0, -13.0) at distance 14.32
[18:57:53] TERRAIN: Chunk (-6.0, -13.0): TRIMESH collision created successfully (distance: 14.32, vertices: 8)
[18:57:53] TERRAIN: Chunk created successfully: (-6.0, -13.0) at world pos (-192.0, 0.0, -416.0) (total chunks: 642)
[18:57:53] TERRAIN: Creating chunk: (14.0, -3.0) at distance 14.32
[18:57:53] TERRAIN: Chunk (14.0, -3.0): TRIMESH collision created successfully (distance: 14.32, vertices: 8)
[18:57:53] TERRAIN: Chunk created successfully: (14.0, -3.0) at world pos (448.0, 0.0, -96.0) (total chunks: 643)
[18:57:53] TERRAIN: Creating chunk: (6.0, 13.0) at distance 14.32
[18:57:53] TERRAIN: Chunk (6.0, 13.0): TRIMESH collision created successfully (distance: 14.32, vertices: 8)
[18:57:53] TERRAIN: Chunk created successfully: (6.0, 13.0) at world pos (192.0, 0.0, 416.0) (total chunks: 644)
[18:57:53] TERRAIN: Creating chunk: (6.0, -13.0) at distance 14.32
[18:57:53] TERRAIN: Chunk (6.0, -13.0): TRIMESH collision created successfully (distance: 14.32, vertices: 8)
[18:57:53] TERRAIN: Chunk created successfully: (6.0, -13.0) at world pos (192.0, 0.0, -416.0) (total chunks: 645)
[18:57:53] TERRAIN: Creating chunk: (-14.0, 3.0) at distance 14.32
[18:57:53] TERRAIN: Chunk (-14.0, 3.0): TRIMESH collision created successfully (distance: 14.32, vertices: 8)
[18:57:53] TERRAIN: Chunk created successfully: (-14.0, 3.0) at world pos (-448.0, 0.0, 96.0) (total chunks: 646)
[18:57:53] TERRAIN: Creating chunk: (13.0, 6.0) at distance 14.32
[18:57:53] TERRAIN: Chunk (13.0, 6.0): TRIMESH collision created successfully (distance: 14.32, vertices: 8)
[18:57:53] TERRAIN: Chunk created successfully: (13.0, 6.0) at world pos (416.0, 0.0, 192.0) (total chunks: 647)
[18:57:53] TERRAIN: Creating chunk: (-13.0, -6.0) at distance 14.32
[18:57:53] TERRAIN: Chunk (-13.0, -6.0): TRIMESH collision created successfully (distance: 14.32, vertices: 8)
[18:57:53] TERRAIN: Chunk created successfully: (-13.0, -6.0) at world pos (-416.0, 0.0, -192.0) (total chunks: 648)
[18:57:53] TERRAIN: Creating chunk: (3.0, 14.0) at distance 14.32
[18:57:53] TERRAIN: Chunk (3.0, 14.0): TRIMESH collision created successfully (distance: 14.32, vertices: 8)
[18:57:53] TERRAIN: Chunk created successfully: (3.0, 14.0) at world pos (96.0, 0.0, 448.0) (total chunks: 649)
[18:57:53] TERRAIN: Creating chunk: (3.0, -14.0) at distance 14.32
[18:57:53] TERRAIN: Chunk (3.0, -14.0): TRIMESH collision created successfully (distance: 14.32, vertices: 8)
[18:57:53] TERRAIN: Chunk created successfully: (3.0, -14.0) at world pos (96.0, 0.0, -448.0) (total chunks: 650)
[18:57:53] TERRAIN: Creating chunk: (-13.0, 6.0) at distance 14.32
[18:57:53] TERRAIN: Chunk (-13.0, 6.0): TRIMESH collision created successfully (distance: 14.32, vertices: 8)
[18:57:53] TERRAIN: Chunk created successfully: (-13.0, 6.0) at world pos (-416.0, 0.0, 192.0) (total chunks: 651)
[18:57:53] TERRAIN: Creating chunk: (-6.0, 13.0) at distance 14.32
[18:57:53] TERRAIN: Chunk (-6.0, 13.0): TRIMESH collision created successfully (distance: 14.32, vertices: 8)
[18:57:53] TERRAIN: Chunk created successfully: (-6.0, 13.0) at world pos (-192.0, 0.0, 416.0) (total chunks: 652)
[18:57:53] TERRAIN: Creating chunk: (-14.0, -3.0) at distance 14.32
[18:57:53] TERRAIN: Chunk (-14.0, -3.0): TRIMESH collision created successfully (distance: 14.32, vertices: 8)
[18:57:53] TERRAIN: Chunk created successfully: (-14.0, -3.0) at world pos (-448.0, 0.0, -96.0) (total chunks: 653)
[18:57:53] TERRAIN: Creating chunk: (-3.0, -14.0) at distance 14.32
[18:57:53] TERRAIN: Chunk (-3.0, -14.0): TRIMESH collision created successfully (distance: 14.32, vertices: 8)
[18:57:53] TERRAIN: Chunk created successfully: (-3.0, -14.0) at world pos (-96.0, 0.0, -448.0) (total chunks: 654)
[18:57:53] TERRAIN: Creating chunk: (13.0, -6.0) at distance 14.32
[18:57:53] TERRAIN: Chunk (13.0, -6.0): TRIMESH collision created successfully (distance: 14.32, vertices: 8)
[18:57:53] TERRAIN: Chunk created successfully: (13.0, -6.0) at world pos (416.0, 0.0, -192.0) (total chunks: 655)
[18:57:53] TERRAIN: Creating chunk: (14.0, 3.0) at distance 14.32
[18:57:53] TERRAIN: Chunk (14.0, 3.0): TRIMESH collision created successfully (distance: 14.32, vertices: 8)
[18:57:53] TERRAIN: Chunk created successfully: (14.0, 3.0) at world pos (448.0, 0.0, 96.0) (total chunks: 656)
[18:57:53] TERRAIN: Creating chunk: (-3.0, 14.0) at distance 14.32
[18:57:53] TERRAIN: Chunk (-3.0, 14.0): TRIMESH collision created successfully (distance: 14.32, vertices: 8)
[18:57:53] TERRAIN: Chunk created successfully: (-3.0, 14.0) at world pos (-96.0, 0.0, 448.0) (total chunks: 657)
[18:57:53] TERRAIN: Creating chunk: (12.0, 8.0) at distance 14.42
[18:57:53] TERRAIN: Chunk (12.0, 8.0): TRIMESH collision created successfully (distance: 14.42, vertices: 8)
[18:57:53] TERRAIN: Chunk created successfully: (12.0, 8.0) at world pos (384.0, 0.0, 256.0) (total chunks: 658)
[18:57:53] TERRAIN: Creating chunk: (12.0, -8.0) at distance 14.42
[18:57:53] TERRAIN: Chunk (12.0, -8.0): TRIMESH collision created successfully (distance: 14.42, vertices: 8)
[18:57:53] TERRAIN: Chunk created successfully: (12.0, -8.0) at world pos (384.0, 0.0, -256.0) (total chunks: 659)
[18:57:53] TERRAIN: Creating chunk: (-12.0, -8.0) at distance 14.42
[18:57:53] TERRAIN: Chunk (-12.0, -8.0): TRIMESH collision created successfully (distance: 14.42, vertices: 8)
[18:57:53] TERRAIN: Chunk created successfully: (-12.0, -8.0) at world pos (-384.0, 0.0, -256.0) (total chunks: 660)
[18:57:53] TERRAIN: Creating chunk: (-12.0, 8.0) at distance 14.42
[18:57:53] TERRAIN: Chunk (-12.0, 8.0): TRIMESH collision created successfully (distance: 14.42, vertices: 8)
[18:57:53] TERRAIN: Chunk created successfully: (-12.0, 8.0) at world pos (-384.0, 0.0, 256.0) (total chunks: 661)
[18:57:53] TERRAIN: Creating chunk: (-8.0, -12.0) at distance 14.42
[18:57:53] TERRAIN: Chunk (-8.0, -12.0): TRIMESH collision created successfully (distance: 14.42, vertices: 8)
[18:57:53] TERRAIN: Chunk created successfully: (-8.0, -12.0) at world pos (-256.0, 0.0, -384.0) (total chunks: 662)
[18:57:53] TERRAIN: Creating chunk: (-8.0, 12.0) at distance 14.42
[18:57:53] TERRAIN: Chunk (-8.0, 12.0): TRIMESH collision created successfully (distance: 14.42, vertices: 8)
[18:57:53] TERRAIN: Chunk created successfully: (-8.0, 12.0) at world pos (-256.0, 0.0, 384.0) (total chunks: 663)
[18:57:53] TERRAIN: Creating chunk: (8.0, -12.0) at distance 14.42
[18:57:53] TERRAIN: Chunk (8.0, -12.0): TRIMESH collision created successfully (distance: 14.42, vertices: 8)
[18:57:53] TERRAIN: Chunk created successfully: (8.0, -12.0) at world pos (256.0, 0.0, -384.0) (total chunks: 664)
[18:57:53] TERRAIN: Creating chunk: (8.0, 12.0) at distance 14.42
[18:57:53] TERRAIN: Chunk (8.0, 12.0): TRIMESH collision created successfully (distance: 14.42, vertices: 8)
[18:57:53] TERRAIN: Chunk created successfully: (8.0, 12.0) at world pos (256.0, 0.0, 384.0) (total chunks: 665)
[18:57:53] TERRAIN: Creating chunk: (14.0, -4.0) at distance 14.56
[18:57:53] TERRAIN: Chunk (14.0, -4.0): TRIMESH collision created successfully (distance: 14.56, vertices: 8)
[18:57:53] TERRAIN: Chunk created successfully: (14.0, -4.0) at world pos (448.0, 0.0, -128.0) (total chunks: 666)
[18:57:53] TERRAIN: Creating chunk: (4.0, 14.0) at distance 14.56
[18:57:53] TERRAIN: Chunk (4.0, 14.0): TRIMESH collision created successfully (distance: 14.56, vertices: 8)
[18:57:53] TERRAIN: Chunk created successfully: (4.0, 14.0) at world pos (128.0, 0.0, 448.0) (total chunks: 667)
[18:57:53] TERRAIN: Creating chunk: (4.0, -14.0) at distance 14.56
[18:57:53] TERRAIN: Chunk (4.0, -14.0): TRIMESH collision created successfully (distance: 14.56, vertices: 8)
[18:57:53] TERRAIN: Chunk created successfully: (4.0, -14.0) at world pos (128.0, 0.0, -448.0) (total chunks: 668)
[18:57:53] TERRAIN: Creating chunk: (-4.0, 14.0) at distance 14.56
[18:57:53] TERRAIN: Chunk (-4.0, 14.0): TRIMESH collision created successfully (distance: 14.56, vertices: 8)
[18:57:53] TERRAIN: Chunk created successfully: (-4.0, 14.0) at world pos (-128.0, 0.0, 448.0) (total chunks: 669)
[18:57:53] TERRAIN: Creating chunk: (-4.0, -14.0) at distance 14.56
[18:57:53] TERRAIN: Chunk (-4.0, -14.0): TRIMESH collision created successfully (distance: 14.56, vertices: 8)
[18:57:53] TERRAIN: Chunk created successfully: (-4.0, -14.0) at world pos (-128.0, 0.0, -448.0) (total chunks: 670)
[18:57:53] TERRAIN: Creating chunk: (14.0, 4.0) at distance 14.56
[18:57:53] TERRAIN: Chunk (14.0, 4.0): TRIMESH collision created successfully (distance: 14.56, vertices: 8)
[18:57:53] TERRAIN: Chunk created successfully: (14.0, 4.0) at world pos (448.0, 0.0, 128.0) (total chunks: 671)
[18:57:53] TERRAIN: Creating chunk: (-14.0, 4.0) at distance 14.56
[18:57:53] TERRAIN: Chunk (-14.0, 4.0): TRIMESH collision created successfully (distance: 14.56, vertices: 8)
[18:57:53] TERRAIN: Chunk created successfully: (-14.0, 4.0) at world pos (-448.0, 0.0, 128.0) (total chunks: 672)
[18:57:53] TERRAIN: Creating chunk: (-14.0, -4.0) at distance 14.56
[18:57:53] TERRAIN: Chunk (-14.0, -4.0): TRIMESH collision created successfully (distance: 14.56, vertices: 8)
[18:57:53] TERRAIN: Chunk created successfully: (-14.0, -4.0) at world pos (-448.0, 0.0, -128.0) (total chunks: 673)
[18:57:53] TERRAIN: Creating chunk: (13.0, -7.0) at distance 14.76
[18:57:53] TERRAIN: Chunk (13.0, -7.0): TRIMESH collision created successfully (distance: 14.76, vertices: 8)
[18:57:53] TERRAIN: Chunk created successfully: (13.0, -7.0) at world pos (416.0, 0.0, -224.0) (total chunks: 674)
[18:57:53] TERRAIN: Creating chunk: (7.0, 13.0) at distance 14.76
[18:57:53] TERRAIN: Chunk (7.0, 13.0): TRIMESH collision created successfully (distance: 14.76, vertices: 8)
[18:57:53] TERRAIN: Chunk created successfully: (7.0, 13.0) at world pos (224.0, 0.0, 416.0) (total chunks: 675)
[18:57:53] TERRAIN: Creating chunk: (7.0, -13.0) at distance 14.76
[18:57:53] TERRAIN: Chunk (7.0, -13.0): TRIMESH collision created successfully (distance: 14.76, vertices: 8)
[18:57:53] TERRAIN: Chunk created successfully: (7.0, -13.0) at world pos (224.0, 0.0, -416.0) (total chunks: 676)
[18:57:53] TERRAIN: Creating chunk: (-7.0, 13.0) at distance 14.76
[18:57:53] TERRAIN: Chunk (-7.0, 13.0): TRIMESH collision created successfully (distance: 14.76, vertices: 8)
[18:57:53] TERRAIN: Chunk created successfully: (-7.0, 13.0) at world pos (-224.0, 0.0, 416.0) (total chunks: 677)
[18:57:53] TERRAIN: Creating chunk: (-7.0, -13.0) at distance 14.76
[18:57:53] TERRAIN: Chunk (-7.0, -13.0): TRIMESH collision created successfully (distance: 14.76, vertices: 8)
[18:57:53] TERRAIN: Chunk created successfully: (-7.0, -13.0) at world pos (-224.0, 0.0, -416.0) (total chunks: 678)
[18:57:53] TERRAIN: Creating chunk: (-13.0, 7.0) at distance 14.76
[18:57:53] TERRAIN: Chunk (-13.0, 7.0): TRIMESH collision created successfully (distance: 14.76, vertices: 8)
[18:57:53] TERRAIN: Chunk created successfully: (-13.0, 7.0) at world pos (-416.0, 0.0, 224.0) (total chunks: 679)
[18:57:53] TERRAIN: Creating chunk: (-13.0, -7.0) at distance 14.76
[18:57:53] TERRAIN: Chunk (-13.0, -7.0): TRIMESH collision created successfully (distance: 14.76, vertices: 8)
[18:57:53] TERRAIN: Chunk created successfully: (-13.0, -7.0) at world pos (-416.0, 0.0, -224.0) (total chunks: 680)
[18:57:53] TERRAIN: Creating chunk: (13.0, 7.0) at distance 14.76
[18:57:53] TERRAIN: Chunk (13.0, 7.0): TRIMESH collision created successfully (distance: 14.76, vertices: 8)
[18:57:53] TERRAIN: Chunk created successfully: (13.0, 7.0) at world pos (416.0, 0.0, 224.0) (total chunks: 681)
[18:57:53] TERRAIN: Creating chunk: (14.0, -5.0) at distance 14.87
[18:57:53] TERRAIN: Chunk (14.0, -5.0): TRIMESH collision created successfully (distance: 14.87, vertices: 8)
[18:57:53] TERRAIN: Chunk created successfully: (14.0, -5.0) at world pos (448.0, 0.0, -160.0) (total chunks: 682)
[18:57:53] TERRAIN: Creating chunk: (11.0, 10.0) at distance 14.87
[18:57:53] TERRAIN: Chunk (11.0, 10.0): TRIMESH collision created successfully (distance: 14.87, vertices: 8)
[18:57:53] TERRAIN: Chunk created successfully: (11.0, 10.0) at world pos (352.0, 0.0, 320.0) (total chunks: 683)
[18:57:53] TERRAIN: Creating chunk: (11.0, -10.0) at distance 14.87
[18:57:53] TERRAIN: Chunk (11.0, -10.0): TRIMESH collision created successfully (distance: 14.87, vertices: 8)
[18:57:53] TERRAIN: Chunk created successfully: (11.0, -10.0) at world pos (352.0, 0.0, -320.0) (total chunks: 684)
[18:57:53] TERRAIN: Creating chunk: (10.0, 11.0) at distance 14.87
[18:57:53] TERRAIN: Chunk (10.0, 11.0): TRIMESH collision created successfully (distance: 14.87, vertices: 8)
[18:57:53] TERRAIN: Chunk created successfully: (10.0, 11.0) at world pos (320.0, 0.0, 352.0) (total chunks: 685)
[18:57:53] TERRAIN: Creating chunk: (10.0, -11.0) at distance 14.87
[18:57:53] TERRAIN: Chunk (10.0, -11.0): TRIMESH collision created successfully (distance: 14.87, vertices: 8)
[18:57:53] TERRAIN: Chunk created successfully: (10.0, -11.0) at world pos (320.0, 0.0, -352.0) (total chunks: 686)
[18:57:53] TERRAIN: Creating chunk: (5.0, 14.0) at distance 14.87
[18:57:53] TERRAIN: Chunk (5.0, 14.0): TRIMESH collision created successfully (distance: 14.87, vertices: 8)
[18:57:53] TERRAIN: Chunk created successfully: (5.0, 14.0) at world pos (160.0, 0.0, 448.0) (total chunks: 687)
[18:57:53] TERRAIN: Creating chunk: (5.0, -14.0) at distance 14.87
[18:57:53] TERRAIN: Chunk (5.0, -14.0): TRIMESH collision created successfully (distance: 14.87, vertices: 8)
[18:57:53] TERRAIN: Chunk created successfully: (5.0, -14.0) at world pos (160.0, 0.0, -448.0) (total chunks: 688)
[18:57:53] TERRAIN: Creating chunk: (-5.0, 14.0) at distance 14.87
[18:57:53] TERRAIN: Chunk (-5.0, 14.0): TRIMESH collision created successfully (distance: 14.87, vertices: 8)
[18:57:53] TERRAIN: Chunk created successfully: (-5.0, 14.0) at world pos (-160.0, 0.0, 448.0) (total chunks: 689)
[18:57:53] TERRAIN: Creating chunk: (-5.0, -14.0) at distance 14.87
[18:57:53] TERRAIN: Chunk (-5.0, -14.0): TRIMESH collision created successfully (distance: 14.87, vertices: 8)
[18:57:53] TERRAIN: Chunk created successfully: (-5.0, -14.0) at world pos (-160.0, 0.0, -448.0) (total chunks: 690)
[18:57:53] TERRAIN: Creating chunk: (-10.0, 11.0) at distance 14.87
[18:57:53] TERRAIN: Chunk (-10.0, 11.0): TRIMESH collision created successfully (distance: 14.87, vertices: 8)
[18:57:53] TERRAIN: Chunk created successfully: (-10.0, 11.0) at world pos (-320.0, 0.0, 352.0) (total chunks: 691)
[18:57:53] TERRAIN: Creating chunk: (-10.0, -11.0) at distance 14.87
[18:57:53] TERRAIN: Chunk (-10.0, -11.0): TRIMESH collision created successfully (distance: 14.87, vertices: 8)
[18:57:53] TERRAIN: Chunk created successfully: (-10.0, -11.0) at world pos (-320.0, 0.0, -352.0) (total chunks: 692)
[18:57:53] TERRAIN: Creating chunk: (-11.0, 10.0) at distance 14.87
[18:57:53] TERRAIN: Chunk (-11.0, 10.0): TRIMESH collision created successfully (distance: 14.87, vertices: 8)
[18:57:53] TERRAIN: Chunk created successfully: (-11.0, 10.0) at world pos (-352.0, 0.0, 320.0) (total chunks: 693)
[18:57:53] TERRAIN: Creating chunk: (-11.0, -10.0) at distance 14.87
[18:57:53] TERRAIN: Chunk (-11.0, -10.0): TRIMESH collision created successfully (distance: 14.87, vertices: 8)
[18:57:53] TERRAIN: Chunk created successfully: (-11.0, -10.0) at world pos (-352.0, 0.0, -320.0) (total chunks: 694)
[18:57:53] TERRAIN: Creating chunk: (14.0, 5.0) at distance 14.87
[18:57:53] TERRAIN: Chunk (14.0, 5.0): TRIMESH collision created successfully (distance: 14.87, vertices: 8)
[18:57:53] TERRAIN: Chunk created successfully: (14.0, 5.0) at world pos (448.0, 0.0, 160.0) (total chunks: 695)
[18:57:53] TERRAIN: Creating chunk: (-14.0, 5.0) at distance 14.87
[18:57:53] TERRAIN: Chunk (-14.0, 5.0): TRIMESH collision created successfully (distance: 14.87, vertices: 8)
[18:57:53] TERRAIN: Chunk created successfully: (-14.0, 5.0) at world pos (-448.0, 0.0, 160.0) (total chunks: 696)
[18:57:53] TERRAIN: Creating chunk: (-14.0, -5.0) at distance 14.87
[18:57:53] TERRAIN: Chunk (-14.0, -5.0): TRIMESH collision created successfully (distance: 14.87, vertices: 8)
[18:57:53] TERRAIN: Chunk created successfully: (-14.0, -5.0) at world pos (-448.0, 0.0, -160.0) (total chunks: 697)
[18:57:53] TERRAIN: Creating chunk: (15.0, 0.0) at distance 15.00
[18:57:53] TERRAIN: Chunk (15.0, 0.0): TRIMESH collision created successfully (distance: 15.00, vertices: 8)
[18:57:53] TERRAIN: Chunk created successfully: (15.0, 0.0) at world pos (480.0, 0.0, 0.0) (total chunks: 698)
[18:57:53] TERRAIN: Creating chunk: (12.0, 9.0) at distance 15.00
[18:57:53] TERRAIN: Chunk (12.0, 9.0): TRIMESH collision created successfully (distance: 15.00, vertices: 8)
[18:57:53] TERRAIN: Chunk created successfully: (12.0, 9.0) at world pos (384.0, 0.0, 288.0) (total chunks: 699)
[18:57:53] TERRAIN: Creating chunk: (12.0, -9.0) at distance 15.00
[18:57:53] TERRAIN: Chunk (12.0, -9.0): TRIMESH collision created successfully (distance: 15.00, vertices: 8)
[18:57:53] TERRAIN: Chunk created successfully: (12.0, -9.0) at world pos (384.0, 0.0, -288.0) (total chunks: 700)
[18:57:53] TERRAIN: Creating chunk: (9.0, 12.0) at distance 15.00
[18:57:53] TERRAIN: Chunk (9.0, 12.0): TRIMESH collision created successfully (distance: 15.00, vertices: 8)
[18:57:53] TERRAIN: Chunk created successfully: (9.0, 12.0) at world pos (288.0, 0.0, 384.0) (total chunks: 701)
[18:57:53] TERRAIN: Creating chunk: (9.0, -12.0) at distance 15.00
[18:57:53] TERRAIN: Chunk (9.0, -12.0): TRIMESH collision created successfully (distance: 15.00, vertices: 8)
[18:57:53] TERRAIN: Chunk created successfully: (9.0, -12.0) at world pos (288.0, 0.0, -384.0) (total chunks: 702)
[18:57:53] TERRAIN: Creating chunk: (0.0, 15.0) at distance 15.00
[18:57:53] TERRAIN: Chunk (0.0, 15.0): TRIMESH collision created successfully (distance: 15.00, vertices: 8)
[18:57:53] TERRAIN: Chunk created successfully: (0.0, 15.0) at world pos (0.0, 0.0, 480.0) (total chunks: 703)
[18:57:53] TERRAIN: Creating chunk: (0.0, -15.0) at distance 15.00
[18:57:53] TERRAIN: Chunk (0.0, -15.0): TRIMESH collision created successfully (distance: 15.00, vertices: 8)
[18:57:53] TERRAIN: Chunk created successfully: (0.0, -15.0) at world pos (0.0, 0.0, -480.0) (total chunks: 704)
[18:57:53] TERRAIN: Creating chunk: (-9.0, 12.0) at distance 15.00
[18:57:53] TERRAIN: Chunk (-9.0, 12.0): TRIMESH collision created successfully (distance: 15.00, vertices: 8)
[18:57:53] TERRAIN: Chunk created successfully: (-9.0, 12.0) at world pos (-288.0, 0.0, 384.0) (total chunks: 705)
[18:57:53] TERRAIN: Creating chunk: (-9.0, -12.0) at distance 15.00
[18:57:53] TERRAIN: Chunk (-9.0, -12.0): TRIMESH collision created successfully (distance: 15.00, vertices: 8)
[18:57:53] TERRAIN: Chunk created successfully: (-9.0, -12.0) at world pos (-288.0, 0.0, -384.0) (total chunks: 706)
[18:57:53] TERRAIN: Creating chunk: (-12.0, 9.0) at distance 15.00
[18:57:53] TERRAIN: Chunk (-12.0, 9.0): TRIMESH collision created successfully (distance: 15.00, vertices: 8)
[18:57:53] TERRAIN: Chunk created successfully: (-12.0, 9.0) at world pos (-384.0, 0.0, 288.0) (total chunks: 707)
[18:57:53] TERRAIN: Creating chunk: (-12.0, -9.0) at distance 15.00
[18:57:53] TERRAIN: Chunk (-12.0, -9.0): TRIMESH collision created successfully (distance: 15.00, vertices: 8)
[18:57:53] TERRAIN: Chunk created successfully: (-12.0, -9.0) at world pos (-384.0, 0.0, -288.0) (total chunks: 708)
[18:57:53] TERRAIN: Creating chunk: (-15.0, 0.0) at distance 15.00
[18:57:53] TERRAIN: Chunk (-15.0, 0.0): TRIMESH collision created successfully (distance: 15.00, vertices: 8)
[18:57:53] TERRAIN: Chunk created successfully: (-15.0, 0.0) at world pos (-480.0, 0.0, 0.0) (total chunks: 709)
[18:57:53] PLAYER: Pos: (0.0, 0.000485, 0.0) | Chunk: (0.0, 0.0) | TerrainHeight: 0.00 | HeightDiff: 0.00 | OnFloor: true
[18:57:54] PLAYER: Pos: (0.0, 0.000485, 0.0) | Chunk: (0.0, 0.0) | TerrainHeight: 0.00 | HeightDiff: 0.00 | OnFloor: true
[18:57:55] PLAYER: Pos: (0.0, 0.000485, 0.0) | Chunk: (0.0, 0.0) | TerrainHeight: 0.00 | HeightDiff: 0.00 | OnFloor: true
[18:57:56] PLAYER: Pos: (0.0, 0.000485, 0.0) | Chunk: (0.0, 0.0) | TerrainHeight: 0.00 | HeightDiff: 0.00 | OnFloor: true
[18:57:57] TERRAIN: Player moved to new chunk: (0.0, -1.0) (was (0.0, 0.0))
[18:57:57] PLAYER: Pos: (0.981501, -0.003152, -0.774084) | Chunk: (0.0, -1.0) | TerrainHeight: -0.00 | HeightDiff: -0.00 | OnFloor: true
[18:57:57] PLAYER: CHUNK CHANGED: (0.0, 0.0) -> (0.0, -1.0)
[18:57:58] PLAYER: Pos: (1.63331, -0.015555, -3.787804) | Chunk: (0.0, -1.0) | TerrainHeight: -0.02 | HeightDiff: 0.00 | OnFloor: true
[18:57:59] PLAYER: Pos: (4.136906, -0.032582, -8.07824) | Chunk: (0.0, -1.0) | TerrainHeight: -0.03 | HeightDiff: 0.00 | OnFloor: true
[18:58:00] PLAYER: Pos: (7.146454, -0.034145, -10.27149) | Chunk: (0.0, -1.0) | TerrainHeight: -0.03 | HeightDiff: 0.00 | OnFloor: true
[18:58:01] PLAYER: Pos: (11.94291, -0.037851, -11.30492) | Chunk: (0.0, -1.0) | TerrainHeight: -0.04 | HeightDiff: -0.00 | OnFloor: true
[18:58:02] PLAYER: Pos: (16.47349, -0.034615, -13.09082) | Chunk: (0.0, -1.0) | TerrainHeight: -0.03 | HeightDiff: -0.00 | OnFloor: true
[18:58:03] PLAYER: Pos: (20.2499, -0.043892, -16.29918) | Chunk: (0.0, -1.0) | TerrainHeight: -0.04 | HeightDiff: 0.00 | OnFloor: true
[18:58:04] PLAYER: Pos: (23.59169, -0.038044, -20.0184) | Chunk: (0.0, -1.0) | TerrainHeight: -0.04 | HeightDiff: -0.00 | OnFloor: true
[18:58:05] PLAYER: Pos: (27.76893, -0.027535, -24.66737) | Chunk: (0.0, -1.0) | TerrainHeight: -0.03 | HeightDiff: -0.00 | OnFloor: true
[18:58:06] TERRAIN: Player moved to new chunk: (1.0, -1.0) (was (0.0, -1.0))
[18:58:06] TERRAIN: Updating terrain for player chunk: (1.0, -1.0) (player pos: (32.04643, -0.018739, -29.42791))
[18:58:06] TERRAIN: Player chunk (1.0, -1.0) distance: 0.00 (max_distance: 20)
[18:58:06] TERRAIN: Queuing 43 new chunks for generation
[18:58:06] TERRAIN: Queued chunk: (13.0, -8.0) (distance: 13.89)
[18:58:06] TERRAIN: Queued chunk: (8.0, -13.0) (distance: 13.89)
[18:58:06] TERRAIN: Queued chunk: (14.0, -6.0) (distance: 13.93)
[18:58:06] TERRAIN: Queued chunk: (6.0, -14.0) (distance: 13.93)
[18:58:06] TERRAIN: Queued chunk: (15.0, -1.0) (distance: 14.00)
[18:58:06] TERRAIN: Queued chunk: (1.0, -15.0) (distance: 14.00)
[18:58:06] TERRAIN: Queued chunk: (15.0, -2.0) (distance: 14.04)
[18:58:06] TERRAIN: Queued chunk: (2.0, -15.0) (distance: 14.04)
[18:58:06] TERRAIN: Queued chunk: (15.0, -3.0) (distance: 14.14)
[18:58:06] TERRAIN: Queued chunk: (15.0, 1.0) (distance: 14.14)
[18:58:06] TERRAIN: Queued chunk: (-1.0, -15.0) (distance: 14.14)
[18:58:06] TERRAIN: Queued chunk: (3.0, -15.0) (distance: 14.14)
[18:58:06] TERRAIN: Queued chunk: (11.0, -11.0) (distance: 14.14)
[18:58:06] TERRAIN: Queued chunk: (12.0, -10.0) (distance: 14.21)
[18:58:06] TERRAIN: Queued chunk: (10.0, -12.0) (distance: 14.21)
[18:58:06] TERRAIN: Queued chunk: (7.0, -14.0) (distance: 14.32)
[18:58:06] TERRAIN: Queued chunk: (14.0, -7.0) (distance: 14.32)
[18:58:06] TERRAIN: Queued chunk: (15.0, -4.0) (distance: 14.32)
[18:58:06] TERRAIN: Queued chunk: (4.0, -15.0) (distance: 14.32)
[18:58:06] TERRAIN: Queued chunk: (15.0, 2.0) (distance: 14.32)
[18:58:06] TERRAIN: Queued chunk: (-2.0, -15.0) (distance: 14.32)
[18:58:06] TERRAIN: Queued chunk: (9.0, -13.0) (distance: 14.42)
[18:58:06] TERRAIN: Queued chunk: (13.0, -9.0) (distance: 14.42)
[18:58:06] TERRAIN: Queued chunk: (15.0, 3.0) (distance: 14.56)
[18:58:06] TERRAIN: Queued chunk: (-3.0, -15.0) (distance: 14.56)
[18:58:06] TERRAIN: Queued chunk: (5.0, -15.0) (distance: 14.56)
[18:58:06] TERRAIN: Queued chunk: (15.0, -5.0) (distance: 14.56)
[18:58:06] TERRAIN: Queued chunk: (14.0, 6.0) (distance: 14.76)
[18:58:06] TERRAIN: Queued chunk: (14.0, -8.0) (distance: 14.76)
[18:58:06] TERRAIN: Queued chunk: (-6.0, -14.0) (distance: 14.76)
[18:58:06] TERRAIN: Queued chunk: (8.0, -14.0) (distance: 14.76)
[18:58:06] TERRAIN: Queued chunk: (-4.0, -15.0) (distance: 14.87)
[18:58:06] TERRAIN: Queued chunk: (15.0, -6.0) (distance: 14.87)
[18:58:06] TERRAIN: Queued chunk: (15.0, 4.0) (distance: 14.87)
[18:58:06] TERRAIN: Queued chunk: (12.0, -11.0) (distance: 14.87)
[18:58:06] TERRAIN: Queued chunk: (11.0, -12.0) (distance: 14.87)
[18:58:06] TERRAIN: Queued chunk: (6.0, -15.0) (distance: 14.87)
[18:58:06] TERRAIN: Queued chunk: (16.0, -1.0) (distance: 15.00)
[18:58:06] TERRAIN: Queued chunk: (13.0, 8.0) (distance: 15.00)
[18:58:06] TERRAIN: Queued chunk: (13.0, -10.0) (distance: 15.00)
[18:58:06] TERRAIN: Queued chunk: (10.0, -13.0) (distance: 15.00)
[18:58:06] TERRAIN: Queued chunk: (1.0, -16.0) (distance: 15.00)
[18:58:06] TERRAIN: Queued chunk: (-8.0, -13.0) (distance: 15.00)
[18:58:06] TERRAIN: Creating chunk: (13.0, -8.0) at distance 13.89
[18:58:06] TERRAIN: Chunk (13.0, -8.0): TRIMESH collision created successfully (distance: 13.89, vertices: 8)
[18:58:06] TERRAIN: Chunk created successfully: (13.0, -8.0) at world pos (416.0, 0.0, -256.0) (total chunks: 710)
[18:58:06] TERRAIN: Creating chunk: (8.0, -13.0) at distance 13.89
[18:58:06] TERRAIN: Chunk (8.0, -13.0): TRIMESH collision created successfully (distance: 13.89, vertices: 8)
[18:58:06] TERRAIN: Chunk created successfully: (8.0, -13.0) at world pos (256.0, 0.0, -416.0) (total chunks: 711)
[18:58:06] TERRAIN: Creating chunk: (14.0, -6.0) at distance 13.93
[18:58:06] TERRAIN: Chunk (14.0, -6.0): TRIMESH collision created successfully (distance: 13.93, vertices: 8)
[18:58:06] TERRAIN: Chunk created successfully: (14.0, -6.0) at world pos (448.0, 0.0, -192.0) (total chunks: 712)
[18:58:06] TERRAIN: Creating chunk: (6.0, -14.0) at distance 13.93
[18:58:06] TERRAIN: Chunk (6.0, -14.0): TRIMESH collision created successfully (distance: 13.93, vertices: 8)
[18:58:06] TERRAIN: Chunk created successfully: (6.0, -14.0) at world pos (192.0, 0.0, -448.0) (total chunks: 713)
[18:58:06] TERRAIN: Creating chunk: (15.0, -1.0) at distance 14.00
[18:58:06] TERRAIN: Chunk (15.0, -1.0): TRIMESH collision created successfully (distance: 14.00, vertices: 8)
[18:58:06] TERRAIN: Chunk created successfully: (15.0, -1.0) at world pos (480.0, 0.0, -32.0) (total chunks: 714)
[18:58:06] TERRAIN: Creating chunk: (1.0, -15.0) at distance 14.00
[18:58:06] TERRAIN: Chunk (1.0, -15.0): TRIMESH collision created successfully (distance: 14.00, vertices: 8)
[18:58:06] TERRAIN: Chunk created successfully: (1.0, -15.0) at world pos (32.0, 0.0, -480.0) (total chunks: 715)
[18:58:06] TERRAIN: Creating chunk: (15.0, -2.0) at distance 14.04
[18:58:06] TERRAIN: Chunk (15.0, -2.0): TRIMESH collision created successfully (distance: 14.04, vertices: 8)
[18:58:06] TERRAIN: Chunk created successfully: (15.0, -2.0) at world pos (480.0, 0.0, -64.0) (total chunks: 716)
[18:58:06] TERRAIN: Creating chunk: (2.0, -15.0) at distance 14.04
[18:58:06] TERRAIN: Chunk (2.0, -15.0): TRIMESH collision created successfully (distance: 14.04, vertices: 8)
[18:58:06] TERRAIN: Chunk created successfully: (2.0, -15.0) at world pos (64.0, 0.0, -480.0) (total chunks: 717)
[18:58:06] TERRAIN: Creating chunk: (15.0, -3.0) at distance 14.14
[18:58:06] TERRAIN: Chunk (15.0, -3.0): TRIMESH collision created successfully (distance: 14.14, vertices: 8)
[18:58:06] TERRAIN: Chunk created successfully: (15.0, -3.0) at world pos (480.0, 0.0, -96.0) (total chunks: 718)
[18:58:06] TERRAIN: Creating chunk: (15.0, 1.0) at distance 14.14
[18:58:06] TERRAIN: Chunk (15.0, 1.0): TRIMESH collision created successfully (distance: 14.14, vertices: 8)
[18:58:06] TERRAIN: Chunk created successfully: (15.0, 1.0) at world pos (480.0, 0.0, 32.0) (total chunks: 719)
[18:58:06] TERRAIN: Creating chunk: (-1.0, -15.0) at distance 14.14
[18:58:06] TERRAIN: Chunk (-1.0, -15.0): TRIMESH collision created successfully (distance: 14.14, vertices: 8)
[18:58:06] TERRAIN: Chunk created successfully: (-1.0, -15.0) at world pos (-32.0, 0.0, -480.0) (total chunks: 720)
[18:58:06] TERRAIN: Creating chunk: (3.0, -15.0) at distance 14.14
[18:58:06] TERRAIN: Chunk (3.0, -15.0): TRIMESH collision created successfully (distance: 14.14, vertices: 8)
[18:58:06] TERRAIN: Chunk created successfully: (3.0, -15.0) at world pos (96.0, 0.0, -480.0) (total chunks: 721)
[18:58:06] TERRAIN: Creating chunk: (11.0, -11.0) at distance 14.14
[18:58:06] TERRAIN: Chunk (11.0, -11.0): TRIMESH collision created successfully (distance: 14.14, vertices: 8)
[18:58:06] TERRAIN: Chunk created successfully: (11.0, -11.0) at world pos (352.0, 0.0, -352.0) (total chunks: 722)
[18:58:06] TERRAIN: Creating chunk: (12.0, -10.0) at distance 14.21
[18:58:06] TERRAIN: Chunk (12.0, -10.0): TRIMESH collision created successfully (distance: 14.21, vertices: 8)
[18:58:06] TERRAIN: Chunk created successfully: (12.0, -10.0) at world pos (384.0, 0.0, -320.0) (total chunks: 723)
[18:58:06] TERRAIN: Creating chunk: (10.0, -12.0) at distance 14.21
[18:58:06] TERRAIN: Chunk (10.0, -12.0): TRIMESH collision created successfully (distance: 14.21, vertices: 8)
[18:58:06] TERRAIN: Chunk created successfully: (10.0, -12.0) at world pos (320.0, 0.0, -384.0) (total chunks: 724)
[18:58:06] TERRAIN: Creating chunk: (7.0, -14.0) at distance 14.32
[18:58:06] TERRAIN: Chunk (7.0, -14.0): TRIMESH collision created successfully (distance: 14.32, vertices: 8)
[18:58:06] TERRAIN: Chunk created successfully: (7.0, -14.0) at world pos (224.0, 0.0, -448.0) (total chunks: 725)
[18:58:06] TERRAIN: Creating chunk: (14.0, -7.0) at distance 14.32
[18:58:06] TERRAIN: Chunk (14.0, -7.0): TRIMESH collision created successfully (distance: 14.32, vertices: 8)
[18:58:06] TERRAIN: Chunk created successfully: (14.0, -7.0) at world pos (448.0, 0.0, -224.0) (total chunks: 726)
[18:58:06] TERRAIN: Creating chunk: (15.0, -4.0) at distance 14.32
[18:58:06] TERRAIN: Chunk (15.0, -4.0): TRIMESH collision created successfully (distance: 14.32, vertices: 8)
[18:58:06] TERRAIN: Chunk created successfully: (15.0, -4.0) at world pos (480.0, 0.0, -128.0) (total chunks: 727)
[18:58:06] TERRAIN: Creating chunk: (4.0, -15.0) at distance 14.32
[18:58:06] TERRAIN: Chunk (4.0, -15.0): TRIMESH collision created successfully (distance: 14.32, vertices: 8)
[18:58:06] TERRAIN: Chunk created successfully: (4.0, -15.0) at world pos (128.0, 0.0, -480.0) (total chunks: 728)
[18:58:06] TERRAIN: Creating chunk: (15.0, 2.0) at distance 14.32
[18:58:06] TERRAIN: Chunk (15.0, 2.0): TRIMESH collision created successfully (distance: 14.32, vertices: 8)
[18:58:06] TERRAIN: Chunk created successfully: (15.0, 2.0) at world pos (480.0, 0.0, 64.0) (total chunks: 729)
[18:58:06] TERRAIN: Creating chunk: (-2.0, -15.0) at distance 14.32
[18:58:06] TERRAIN: Chunk (-2.0, -15.0): TRIMESH collision created successfully (distance: 14.32, vertices: 8)
[18:58:06] TERRAIN: Chunk created successfully: (-2.0, -15.0) at world pos (-64.0, 0.0, -480.0) (total chunks: 730)
[18:58:06] TERRAIN: Creating chunk: (9.0, -13.0) at distance 14.42
[18:58:06] TERRAIN: Chunk (9.0, -13.0): TRIMESH collision created successfully (distance: 14.42, vertices: 8)
[18:58:06] TERRAIN: Chunk created successfully: (9.0, -13.0) at world pos (288.0, 0.0, -416.0) (total chunks: 731)
[18:58:06] TERRAIN: Creating chunk: (13.0, -9.0) at distance 14.42
[18:58:06] TERRAIN: Chunk (13.0, -9.0): TRIMESH collision created successfully (distance: 14.42, vertices: 8)
[18:58:06] TERRAIN: Chunk created successfully: (13.0, -9.0) at world pos (416.0, 0.0, -288.0) (total chunks: 732)
[18:58:06] TERRAIN: Creating chunk: (15.0, 3.0) at distance 14.56
[18:58:06] TERRAIN: Chunk (15.0, 3.0): TRIMESH collision created successfully (distance: 14.56, vertices: 8)
[18:58:06] TERRAIN: Chunk created successfully: (15.0, 3.0) at world pos (480.0, 0.0, 96.0) (total chunks: 733)
[18:58:06] TERRAIN: Creating chunk: (-3.0, -15.0) at distance 14.56
[18:58:06] TERRAIN: Chunk (-3.0, -15.0): TRIMESH collision created successfully (distance: 14.56, vertices: 8)
[18:58:06] TERRAIN: Chunk created successfully: (-3.0, -15.0) at world pos (-96.0, 0.0, -480.0) (total chunks: 734)
[18:58:06] TERRAIN: Creating chunk: (5.0, -15.0) at distance 14.56
[18:58:06] TERRAIN: Chunk (5.0, -15.0): TRIMESH collision created successfully (distance: 14.56, vertices: 8)
[18:58:06] TERRAIN: Chunk created successfully: (5.0, -15.0) at world pos (160.0, 0.0, -480.0) (total chunks: 735)
[18:58:06] TERRAIN: Creating chunk: (15.0, -5.0) at distance 14.56
[18:58:06] TERRAIN: Chunk (15.0, -5.0): TRIMESH collision created successfully (distance: 14.56, vertices: 8)
[18:58:06] TERRAIN: Chunk created successfully: (15.0, -5.0) at world pos (480.0, 0.0, -160.0) (total chunks: 736)
[18:58:06] TERRAIN: Creating chunk: (14.0, 6.0) at distance 14.76
[18:58:06] TERRAIN: Chunk (14.0, 6.0): TRIMESH collision created successfully (distance: 14.76, vertices: 8)
[18:58:06] TERRAIN: Chunk created successfully: (14.0, 6.0) at world pos (448.0, 0.0, 192.0) (total chunks: 737)
[18:58:06] TERRAIN: Creating chunk: (14.0, -8.0) at distance 14.76
[18:58:06] TERRAIN: Chunk (14.0, -8.0): TRIMESH collision created successfully (distance: 14.76, vertices: 8)
[18:58:06] TERRAIN: Chunk created successfully: (14.0, -8.0) at world pos (448.0, 0.0, -256.0) (total chunks: 738)
[18:58:06] TERRAIN: Creating chunk: (-6.0, -14.0) at distance 14.76
[18:58:06] TERRAIN: Chunk (-6.0, -14.0): TRIMESH collision created successfully (distance: 14.76, vertices: 8)
[18:58:06] TERRAIN: Chunk created successfully: (-6.0, -14.0) at world pos (-192.0, 0.0, -448.0) (total chunks: 739)
[18:58:06] TERRAIN: Creating chunk: (8.0, -14.0) at distance 14.76
[18:58:06] TERRAIN: Chunk (8.0, -14.0): TRIMESH collision created successfully (distance: 14.76, vertices: 8)
[18:58:06] TERRAIN: Chunk created successfully: (8.0, -14.0) at world pos (256.0, 0.0, -448.0) (total chunks: 740)
[18:58:06] TERRAIN: Creating chunk: (-4.0, -15.0) at distance 14.87
[18:58:06] TERRAIN: Chunk (-4.0, -15.0): TRIMESH collision created successfully (distance: 14.87, vertices: 8)
[18:58:06] TERRAIN: Chunk created successfully: (-4.0, -15.0) at world pos (-128.0, 0.0, -480.0) (total chunks: 741)
[18:58:06] TERRAIN: Creating chunk: (15.0, -6.0) at distance 14.87
[18:58:06] TERRAIN: Chunk (15.0, -6.0): TRIMESH collision created successfully (distance: 14.87, vertices: 8)
[18:58:06] TERRAIN: Chunk created successfully: (15.0, -6.0) at world pos (480.0, 0.0, -192.0) (total chunks: 742)
[18:58:06] TERRAIN: Creating chunk: (15.0, 4.0) at distance 14.87
[18:58:06] TERRAIN: Chunk (15.0, 4.0): TRIMESH collision created successfully (distance: 14.87, vertices: 8)
[18:58:06] TERRAIN: Chunk created successfully: (15.0, 4.0) at world pos (480.0, 0.0, 128.0) (total chunks: 743)
[18:58:06] TERRAIN: Creating chunk: (12.0, -11.0) at distance 14.87
[18:58:06] TERRAIN: Chunk (12.0, -11.0): TRIMESH collision created successfully (distance: 14.87, vertices: 8)
[18:58:06] TERRAIN: Chunk created successfully: (12.0, -11.0) at world pos (384.0, 0.0, -352.0) (total chunks: 744)
[18:58:06] TERRAIN: Creating chunk: (11.0, -12.0) at distance 14.87
[18:58:06] TERRAIN: Chunk (11.0, -12.0): TRIMESH collision created successfully (distance: 14.87, vertices: 8)
[18:58:06] TERRAIN: Chunk created successfully: (11.0, -12.0) at world pos (352.0, 0.0, -384.0) (total chunks: 745)
[18:58:06] TERRAIN: Creating chunk: (6.0, -15.0) at distance 14.87
[18:58:06] TERRAIN: Chunk (6.0, -15.0): TRIMESH collision created successfully (distance: 14.87, vertices: 8)
[18:58:06] TERRAIN: Chunk created successfully: (6.0, -15.0) at world pos (192.0, 0.0, -480.0) (total chunks: 746)
[18:58:06] TERRAIN: Creating chunk: (16.0, -1.0) at distance 15.00
[18:58:06] TERRAIN: Chunk (16.0, -1.0): TRIMESH collision created successfully (distance: 15.00, vertices: 8)
[18:58:06] TERRAIN: Chunk created successfully: (16.0, -1.0) at world pos (512.0, 0.0, -32.0) (total chunks: 747)
[18:58:06] TERRAIN: Creating chunk: (13.0, 8.0) at distance 15.00
[18:58:06] TERRAIN: Chunk (13.0, 8.0): TRIMESH collision created successfully (distance: 15.00, vertices: 8)
[18:58:06] TERRAIN: Chunk created successfully: (13.0, 8.0) at world pos (416.0, 0.0, 256.0) (total chunks: 748)
[18:58:06] TERRAIN: Creating chunk: (13.0, -10.0) at distance 15.00
[18:58:06] TERRAIN: Chunk (13.0, -10.0): TRIMESH collision created successfully (distance: 15.00, vertices: 8)
[18:58:06] TERRAIN: Chunk created successfully: (13.0, -10.0) at world pos (416.0, 0.0, -320.0) (total chunks: 749)
[18:58:06] TERRAIN: Creating chunk: (10.0, -13.0) at distance 15.00
[18:58:06] TERRAIN: Chunk (10.0, -13.0): TRIMESH collision created successfully (distance: 15.00, vertices: 8)
[18:58:06] TERRAIN: Chunk created successfully: (10.0, -13.0) at world pos (320.0, 0.0, -416.0) (total chunks: 750)
[18:58:06] TERRAIN: Creating chunk: (1.0, -16.0) at distance 15.00
[18:58:06] TERRAIN: Chunk (1.0, -16.0): TRIMESH collision created successfully (distance: 15.00, vertices: 8)
[18:58:06] TERRAIN: Chunk created successfully: (1.0, -16.0) at world pos (32.0, 0.0, -512.0) (total chunks: 751)
[18:58:06] TERRAIN: Creating chunk: (-8.0, -13.0) at distance 15.00
[18:58:06] TERRAIN: Chunk (-8.0, -13.0): TRIMESH collision created successfully (distance: 15.00, vertices: 8)
[18:58:06] TERRAIN: Chunk created successfully: (-8.0, -13.0) at world pos (-256.0, 0.0, -416.0) (total chunks: 752)
[18:58:06] PLAYER: Pos: (33.11581, -0.020985, -30.61805) | Chunk: (1.0, -1.0) | TerrainHeight: -0.02 | HeightDiff: -0.00 | OnFloor: true
[18:58:06] PLAYER: CHUNK CHANGED: (0.0, -1.0) -> (1.0, -1.0)
[18:58:07] TERRAIN: Player moved to new chunk: (1.0, -2.0) (was (1.0, -1.0))
[18:58:07] PLAYER: Pos: (38.46268, -0.018154, -36.56874) | Chunk: (1.0, -2.0) | TerrainHeight: -0.02 | HeightDiff: -0.00 | OnFloor: true
[18:58:07] PLAYER: CHUNK CHANGED: (1.0, -1.0) -> (1.0, -2.0)
[18:58:08] PLAYER: Pos: (43.8095, 0.006016, -42.51934) | Chunk: (1.0, -2.0) | TerrainHeight: 0.01 | HeightDiff: 0.00 | OnFloor: true
[18:58:09] PLAYER: Pos: (49.15634, 0.025204, -48.47) | Chunk: (1.0, -2.0) | TerrainHeight: 0.03 | HeightDiff: -0.00 | OnFloor: true
[18:58:10] PLAYER: Pos: (54.50325, 0.037838, -54.42071) | Chunk: (1.0, -2.0) | TerrainHeight: 0.04 | HeightDiff: 0.00 | OnFloor: true
[18:58:11] PLAYER: Pos: (59.85008, 0.058598, -60.37119) | Chunk: (1.0, -2.0) | TerrainHeight: 0.06 | HeightDiff: -0.00 | OnFloor: true
[18:58:12] TERRAIN: Player moved to new chunk: (1.0, -3.0) (was (1.0, -2.0))
[18:58:12] TERRAIN: Updating terrain for player chunk: (1.0, -3.0) (player pos: (63.41471, 0.034205, -64.3384))
[18:58:12] TERRAIN: Player chunk (1.0, -3.0) distance: 0.00 (max_distance: 20)
[18:58:12] TERRAIN: Queuing 57 new chunks for generation
[18:58:12] TERRAIN: Queued chunk: (0.0, -16.0) (distance: 13.04)
[18:58:12] TERRAIN: Queued chunk: (2.0, -16.0) (distance: 13.04)
[18:58:12] TERRAIN: Queued chunk: (-1.0, -16.0) (distance: 13.15)
[18:58:12] TERRAIN: Queued chunk: (3.0, -16.0) (distance: 13.15)
[18:58:12] TERRAIN: Queued chunk: (-2.0, -16.0) (distance: 13.34)
[18:58:12] TERRAIN: Queued chunk: (4.0, -16.0) (distance: 13.34)
[18:58:12] TERRAIN: Queued chunk: (7.0, -15.0) (distance: 13.42)
[18:58:12] TERRAIN: Queued chunk: (-5.0, -15.0) (distance: 13.42)
[18:58:12] TERRAIN: Queued chunk: (5.0, -16.0) (distance: 13.60)
[18:58:12] TERRAIN: Queued chunk: (-3.0, -16.0) (distance: 13.60)
[18:58:12] TERRAIN: Queued chunk: (-7.0, -14.0) (distance: 13.60)
[18:58:12] TERRAIN: Queued chunk: (9.0, -14.0) (distance: 13.60)
[18:58:12] TERRAIN: Queued chunk: (8.0, -15.0) (distance: 13.89)
[18:58:12] TERRAIN: Queued chunk: (-6.0, -15.0) (distance: 13.89)
[18:58:12] TERRAIN: Queued chunk: (6.0, -16.0) (distance: 13.93)
[18:58:12] TERRAIN: Queued chunk: (-4.0, -16.0) (distance: 13.93)
[18:58:12] TERRAIN: Queued chunk: (1.0, -17.0) (distance: 14.00)
[18:58:12] TERRAIN: Queued chunk: (0.0, -17.0) (distance: 14.04)
[18:58:12] TERRAIN: Queued chunk: (2.0, -17.0) (distance: 14.04)
[18:58:12] TERRAIN: Queued chunk: (3.0, -17.0) (distance: 14.14)
[18:58:12] TERRAIN: Queued chunk: (-9.0, -13.0) (distance: 14.14)
[18:58:12] TERRAIN: Queued chunk: (11.0, -13.0) (distance: 14.14)
[18:58:12] TERRAIN: Queued chunk: (-1.0, -17.0) (distance: 14.14)
[18:58:12] TERRAIN: Queued chunk: (10.0, -14.0) (distance: 14.21)
[18:58:12] TERRAIN: Queued chunk: (12.0, -12.0) (distance: 14.21)
[18:58:12] TERRAIN: Queued chunk: (-8.0, -14.0) (distance: 14.21)
[18:58:12] TERRAIN: Queued chunk: (-10.0, -12.0) (distance: 14.21)
[18:58:12] TERRAIN: Queued chunk: (-2.0, -17.0) (distance: 14.32)
[18:58:12] TERRAIN: Queued chunk: (-5.0, -16.0) (distance: 14.32)
[18:58:12] TERRAIN: Queued chunk: (4.0, -17.0) (distance: 14.32)
[18:58:12] TERRAIN: Queued chunk: (7.0, -16.0) (distance: 14.32)
[18:58:12] TERRAIN: Queued chunk: (14.0, -9.0) (distance: 14.32)
[18:58:12] TERRAIN: Queued chunk: (9.0, -15.0) (distance: 14.42)
[18:58:12] TERRAIN: Queued chunk: (-11.0, -11.0) (distance: 14.42)
[18:58:12] TERRAIN: Queued chunk: (-7.0, -15.0) (distance: 14.42)
[18:58:12] TERRAIN: Queued chunk: (13.0, -11.0) (distance: 14.42)
[18:58:12] TERRAIN: Queued chunk: (15.0, -7.0) (distance: 14.56)
[18:58:12] TERRAIN: Queued chunk: (5.0, -17.0) (distance: 14.56)
[18:58:12] TERRAIN: Queued chunk: (-3.0, -17.0) (distance: 14.56)
[18:58:12] TERRAIN: Queued chunk: (14.0, -10.0) (distance: 14.76)
[18:58:12] TERRAIN: Queued chunk: (-6.0, -16.0) (distance: 14.76)
[18:58:12] TERRAIN: Queued chunk: (8.0, -16.0) (distance: 14.76)
[18:58:12] TERRAIN: Queued chunk: (-12.0, -10.0) (distance: 14.76)
[18:58:12] TERRAIN: Queued chunk: (15.0, -8.0) (distance: 14.87)
[18:58:12] TERRAIN: Queued chunk: (12.0, -13.0) (distance: 14.87)
[18:58:12] TERRAIN: Queued chunk: (11.0, -14.0) (distance: 14.87)
[18:58:12] TERRAIN: Queued chunk: (6.0, -17.0) (distance: 14.87)
[18:58:12] TERRAIN: Queued chunk: (-4.0, -17.0) (distance: 14.87)
[18:58:12] TERRAIN: Queued chunk: (-9.0, -14.0) (distance: 14.87)
[18:58:12] TERRAIN: Queued chunk: (-10.0, -13.0) (distance: 14.87)
[18:58:12] TERRAIN: Queued chunk: (-13.0, -8.0) (distance: 14.87)
[18:58:12] TERRAIN: Queued chunk: (10.0, -15.0) (distance: 15.00)
[18:58:12] TERRAIN: Queued chunk: (1.0, -18.0) (distance: 15.00)
[18:58:12] TERRAIN: Queued chunk: (13.0, -12.0) (distance: 15.00)
[18:58:12] TERRAIN: Queued chunk: (-8.0, -15.0) (distance: 15.00)
[18:58:12] TERRAIN: Queued chunk: (-11.0, -12.0) (distance: 15.00)
[18:58:12] TERRAIN: Queued chunk: (16.0, -3.0) (distance: 15.00)
[18:58:12] TERRAIN: Creating chunk: (0.0, -16.0) at distance 13.04
[18:58:12] TERRAIN: Chunk (0.0, -16.0): TRIMESH collision created successfully (distance: 13.04, vertices: 8)
[18:58:12] TERRAIN: Chunk created successfully: (0.0, -16.0) at world pos (0.0, 0.0, -512.0) (total chunks: 753)
[18:58:12] TERRAIN: Creating chunk: (2.0, -16.0) at distance 13.04
[18:58:12] TERRAIN: Chunk (2.0, -16.0): TRIMESH collision created successfully (distance: 13.04, vertices: 8)
[18:58:12] TERRAIN: Chunk created successfully: (2.0, -16.0) at world pos (64.0, 0.0, -512.0) (total chunks: 754)
[18:58:12] TERRAIN: Creating chunk: (-1.0, -16.0) at distance 13.15
[18:58:12] TERRAIN: Chunk (-1.0, -16.0): TRIMESH collision created successfully (distance: 13.15, vertices: 8)
[18:58:12] TERRAIN: Chunk created successfully: (-1.0, -16.0) at world pos (-32.0, 0.0, -512.0) (total chunks: 755)
[18:58:12] TERRAIN: Creating chunk: (3.0, -16.0) at distance 13.15
[18:58:12] TERRAIN: Chunk (3.0, -16.0): TRIMESH collision created successfully (distance: 13.15, vertices: 8)
[18:58:12] TERRAIN: Chunk created successfully: (3.0, -16.0) at world pos (96.0, 0.0, -512.0) (total chunks: 756)
[18:58:12] TERRAIN: Creating chunk: (-2.0, -16.0) at distance 13.34
[18:58:12] TERRAIN: Chunk (-2.0, -16.0): TRIMESH collision created successfully (distance: 13.34, vertices: 8)
[18:58:12] TERRAIN: Chunk created successfully: (-2.0, -16.0) at world pos (-64.0, 0.0, -512.0) (total chunks: 757)
[18:58:12] TERRAIN: Creating chunk: (4.0, -16.0) at distance 13.34
[18:58:12] TERRAIN: Chunk (4.0, -16.0): TRIMESH collision created successfully (distance: 13.34, vertices: 8)
[18:58:12] TERRAIN: Chunk created successfully: (4.0, -16.0) at world pos (128.0, 0.0, -512.0) (total chunks: 758)
[18:58:12] TERRAIN: Creating chunk: (7.0, -15.0) at distance 13.42
[18:58:12] TERRAIN: Chunk (7.0, -15.0): TRIMESH collision created successfully (distance: 13.42, vertices: 8)
[18:58:12] TERRAIN: Chunk created successfully: (7.0, -15.0) at world pos (224.0, 0.0, -480.0) (total chunks: 759)
[18:58:12] TERRAIN: Creating chunk: (-5.0, -15.0) at distance 13.42
[18:58:12] TERRAIN: Chunk (-5.0, -15.0): TRIMESH collision created successfully (distance: 13.42, vertices: 8)
[18:58:12] TERRAIN: Chunk created successfully: (-5.0, -15.0) at world pos (-160.0, 0.0, -480.0) (total chunks: 760)
[18:58:12] TERRAIN: Creating chunk: (5.0, -16.0) at distance 13.60
[18:58:12] TERRAIN: Chunk (5.0, -16.0): TRIMESH collision created successfully (distance: 13.60, vertices: 8)
[18:58:12] TERRAIN: Chunk created successfully: (5.0, -16.0) at world pos (160.0, 0.0, -512.0) (total chunks: 761)
[18:58:12] TERRAIN: Creating chunk: (-3.0, -16.0) at distance 13.60
[18:58:12] TERRAIN: Chunk (-3.0, -16.0): TRIMESH collision created successfully (distance: 13.60, vertices: 8)
[18:58:12] TERRAIN: Chunk created successfully: (-3.0, -16.0) at world pos (-96.0, 0.0, -512.0) (total chunks: 762)
[18:58:12] TERRAIN: Creating chunk: (-7.0, -14.0) at distance 13.60
[18:58:12] TERRAIN: Chunk (-7.0, -14.0): TRIMESH collision created successfully (distance: 13.60, vertices: 8)
[18:58:12] TERRAIN: Chunk created successfully: (-7.0, -14.0) at world pos (-224.0, 0.0, -448.0) (total chunks: 763)
[18:58:12] TERRAIN: Creating chunk: (9.0, -14.0) at distance 13.60
[18:58:12] TERRAIN: Chunk (9.0, -14.0): TRIMESH collision created successfully (distance: 13.60, vertices: 8)
[18:58:12] TERRAIN: Chunk created successfully: (9.0, -14.0) at world pos (288.0, 0.0, -448.0) (total chunks: 764)
[18:58:12] TERRAIN: Creating chunk: (8.0, -15.0) at distance 13.89
[18:58:12] TERRAIN: Chunk (8.0, -15.0): TRIMESH collision created successfully (distance: 13.89, vertices: 8)
[18:58:12] TERRAIN: Chunk created successfully: (8.0, -15.0) at world pos (256.0, 0.0, -480.0) (total chunks: 765)
[18:58:12] TERRAIN: Creating chunk: (-6.0, -15.0) at distance 13.89
[18:58:12] TERRAIN: Chunk (-6.0, -15.0): TRIMESH collision created successfully (distance: 13.89, vertices: 8)
[18:58:12] TERRAIN: Chunk created successfully: (-6.0, -15.0) at world pos (-192.0, 0.0, -480.0) (total chunks: 766)
[18:58:12] TERRAIN: Creating chunk: (6.0, -16.0) at distance 13.93
[18:58:12] TERRAIN: Chunk (6.0, -16.0): TRIMESH collision created successfully (distance: 13.93, vertices: 8)
[18:58:12] TERRAIN: Chunk created successfully: (6.0, -16.0) at world pos (192.0, 0.0, -512.0) (total chunks: 767)
[18:58:12] TERRAIN: Creating chunk: (-4.0, -16.0) at distance 13.93
[18:58:12] TERRAIN: Chunk (-4.0, -16.0): TRIMESH collision created successfully (distance: 13.93, vertices: 8)
[18:58:12] TERRAIN: Chunk created successfully: (-4.0, -16.0) at world pos (-128.0, 0.0, -512.0) (total chunks: 768)
[18:58:12] TERRAIN: Creating chunk: (1.0, -17.0) at distance 14.00
[18:58:12] TERRAIN: Chunk (1.0, -17.0): TRIMESH collision created successfully (distance: 14.00, vertices: 8)
[18:58:12] TERRAIN: Chunk created successfully: (1.0, -17.0) at world pos (32.0, 0.0, -544.0) (total chunks: 769)
[18:58:12] TERRAIN: Creating chunk: (0.0, -17.0) at distance 14.04
[18:58:12] TERRAIN: Chunk (0.0, -17.0): TRIMESH collision created successfully (distance: 14.04, vertices: 8)
[18:58:12] TERRAIN: Chunk created successfully: (0.0, -17.0) at world pos (0.0, 0.0, -544.0) (total chunks: 770)
[18:58:12] TERRAIN: Creating chunk: (2.0, -17.0) at distance 14.04
[18:58:12] TERRAIN: Chunk (2.0, -17.0): TRIMESH collision created successfully (distance: 14.04, vertices: 8)
[18:58:12] TERRAIN: Chunk created successfully: (2.0, -17.0) at world pos (64.0, 0.0, -544.0) (total chunks: 771)
[18:58:12] TERRAIN: Creating chunk: (3.0, -17.0) at distance 14.14
[18:58:12] TERRAIN: Chunk (3.0, -17.0): TRIMESH collision created successfully (distance: 14.14, vertices: 8)
[18:58:12] TERRAIN: Chunk created successfully: (3.0, -17.0) at world pos (96.0, 0.0, -544.0) (total chunks: 772)
[18:58:12] TERRAIN: Creating chunk: (-9.0, -13.0) at distance 14.14
[18:58:12] TERRAIN: Chunk (-9.0, -13.0): TRIMESH collision created successfully (distance: 14.14, vertices: 8)
[18:58:12] TERRAIN: Chunk created successfully: (-9.0, -13.0) at world pos (-288.0, 0.0, -416.0) (total chunks: 773)
[18:58:12] TERRAIN: Creating chunk: (11.0, -13.0) at distance 14.14
[18:58:12] TERRAIN: Chunk (11.0, -13.0): TRIMESH collision created successfully (distance: 14.14, vertices: 8)
[18:58:12] TERRAIN: Chunk created successfully: (11.0, -13.0) at world pos (352.0, 0.0, -416.0) (total chunks: 774)
[18:58:12] TERRAIN: Creating chunk: (-1.0, -17.0) at distance 14.14
[18:58:12] TERRAIN: Chunk (-1.0, -17.0): TRIMESH collision created successfully (distance: 14.14, vertices: 8)
[18:58:12] TERRAIN: Chunk created successfully: (-1.0, -17.0) at world pos (-32.0, 0.0, -544.0) (total chunks: 775)
[18:58:12] TERRAIN: Creating chunk: (10.0, -14.0) at distance 14.21
[18:58:12] TERRAIN: Chunk (10.0, -14.0): TRIMESH collision created successfully (distance: 14.21, vertices: 8)
[18:58:12] TERRAIN: Chunk created successfully: (10.0, -14.0) at world pos (320.0, 0.0, -448.0) (total chunks: 776)
[18:58:12] TERRAIN: Player moved to new chunk: (2.0, -3.0) (was (1.0, -3.0))
[18:58:12] TERRAIN: Creating chunk: (12.0, -12.0) at distance 13.45
[18:58:12] TERRAIN: Chunk (12.0, -12.0): TRIMESH collision created successfully (distance: 13.45, vertices: 8)
[18:58:12] TERRAIN: Chunk created successfully: (12.0, -12.0) at world pos (384.0, 0.0, -384.0) (total chunks: 777)
[18:58:12] TERRAIN: Creating chunk: (-8.0, -14.0) at distance 14.87
[18:58:12] TERRAIN: Chunk (-8.0, -14.0): TRIMESH collision created successfully (distance: 14.87, vertices: 8)
[18:58:12] TERRAIN: Chunk created successfully: (-8.0, -14.0) at world pos (-256.0, 0.0, -448.0) (total chunks: 778)
[18:58:12] TERRAIN: Creating chunk: (-10.0, -12.0) at distance 15.00
[18:58:12] TERRAIN: Chunk (-10.0, -12.0): TRIMESH collision created successfully (distance: 15.00, vertices: 8)
[18:58:12] TERRAIN: Chunk created successfully: (-10.0, -12.0) at world pos (-320.0, 0.0, -384.0) (total chunks: 779)
[18:58:12] TERRAIN: Creating chunk: (-2.0, -17.0) at distance 14.56
[18:58:12] TERRAIN: Chunk (-2.0, -17.0): TRIMESH collision created successfully (distance: 14.56, vertices: 8)
[18:58:12] TERRAIN: Chunk created successfully: (-2.0, -17.0) at world pos (-64.0, 0.0, -544.0) (total chunks: 780)
[18:58:12] TERRAIN: Creating chunk: (-5.0, -16.0) at distance 14.76
[18:58:12] TERRAIN: Chunk (-5.0, -16.0): TRIMESH collision created successfully (distance: 14.76, vertices: 8)
[18:58:12] TERRAIN: Chunk created successfully: (-5.0, -16.0) at world pos (-160.0, 0.0, -512.0) (total chunks: 781)
[18:58:12] TERRAIN: Creating chunk: (4.0, -17.0) at distance 14.14
[18:58:12] TERRAIN: Chunk (4.0, -17.0): TRIMESH collision created successfully (distance: 14.14, vertices: 8)
[18:58:12] TERRAIN: Chunk created successfully: (4.0, -17.0) at world pos (128.0, 0.0, -544.0) (total chunks: 782)
[18:58:12] TERRAIN: Creating chunk: (7.0, -16.0) at distance 13.93
[18:58:12] TERRAIN: Chunk (7.0, -16.0): TRIMESH collision created successfully (distance: 13.93, vertices: 8)
[18:58:12] TERRAIN: Chunk created successfully: (7.0, -16.0) at world pos (224.0, 0.0, -512.0) (total chunks: 783)
[18:58:12] TERRAIN: Creating chunk: (14.0, -9.0) at distance 13.42
[18:58:12] TERRAIN: Chunk (14.0, -9.0): TRIMESH collision created successfully (distance: 13.42, vertices: 8)
[18:58:12] TERRAIN: Chunk created successfully: (14.0, -9.0) at world pos (448.0, 0.0, -288.0) (total chunks: 784)
[18:58:12] TERRAIN: Creating chunk: (9.0, -15.0) at distance 13.89
[18:58:12] TERRAIN: Chunk (9.0, -15.0): TRIMESH collision created successfully (distance: 13.89, vertices: 8)
[18:58:12] TERRAIN: Chunk created successfully: (9.0, -15.0) at world pos (288.0, 0.0, -480.0) (total chunks: 785)
[18:58:12] TERRAIN: Creating chunk: (-7.0, -15.0) at distance 15.00
[18:58:12] TERRAIN: Chunk (-7.0, -15.0): TRIMESH collision created successfully (distance: 15.00, vertices: 8)
[18:58:12] TERRAIN: Chunk created successfully: (-7.0, -15.0) at world pos (-224.0, 0.0, -480.0) (total chunks: 786)
[18:58:12] TERRAIN: Creating chunk: (13.0, -11.0) at distance 13.60
[18:58:12] TERRAIN: Chunk (13.0, -11.0): TRIMESH collision created successfully (distance: 13.60, vertices: 8)
[18:58:12] TERRAIN: Chunk created successfully: (13.0, -11.0) at world pos (416.0, 0.0, -352.0) (total chunks: 787)
[18:58:12] TERRAIN: Creating chunk: (15.0, -7.0) at distance 13.60
[18:58:12] TERRAIN: Chunk (15.0, -7.0): TRIMESH collision created successfully (distance: 13.60, vertices: 8)
[18:58:12] TERRAIN: Chunk created successfully: (15.0, -7.0) at world pos (480.0, 0.0, -224.0) (total chunks: 788)
[18:58:12] TERRAIN: Creating chunk: (5.0, -17.0) at distance 14.32
[18:58:12] TERRAIN: Chunk (5.0, -17.0): TRIMESH collision created successfully (distance: 14.32, vertices: 8)
[18:58:12] TERRAIN: Chunk created successfully: (5.0, -17.0) at world pos (160.0, 0.0, -544.0) (total chunks: 789)
[18:58:12] TERRAIN: Creating chunk: (-3.0, -17.0) at distance 14.87
[18:58:12] TERRAIN: Chunk (-3.0, -17.0): TRIMESH collision created successfully (distance: 14.87, vertices: 8)
[18:58:12] TERRAIN: Chunk created successfully: (-3.0, -17.0) at world pos (-96.0, 0.0, -544.0) (total chunks: 790)
[18:58:12] TERRAIN: Creating chunk: (14.0, -10.0) at distance 13.89
[18:58:12] TERRAIN: Chunk (14.0, -10.0): TRIMESH collision created successfully (distance: 13.89, vertices: 8)
[18:58:12] TERRAIN: Chunk created successfully: (14.0, -10.0) at world pos (448.0, 0.0, -320.0) (total chunks: 791)
[18:58:12] TERRAIN: Creating chunk: (8.0, -16.0) at distance 14.32
[18:58:12] TERRAIN: Chunk (8.0, -16.0): TRIMESH collision created successfully (distance: 14.32, vertices: 8)
[18:58:12] TERRAIN: Chunk created successfully: (8.0, -16.0) at world pos (256.0, 0.0, -512.0) (total chunks: 792)
[18:58:12] TERRAIN: Creating chunk: (15.0, -8.0) at distance 13.93
[18:58:12] TERRAIN: Chunk (15.0, -8.0): TRIMESH collision created successfully (distance: 13.93, vertices: 8)
[18:58:12] TERRAIN: Chunk created successfully: (15.0, -8.0) at world pos (480.0, 0.0, -256.0) (total chunks: 793)
[18:58:12] TERRAIN: Creating chunk: (12.0, -13.0) at distance 14.14
[18:58:12] TERRAIN: Chunk (12.0, -13.0): TRIMESH collision created successfully (distance: 14.14, vertices: 8)
[18:58:12] TERRAIN: Chunk created successfully: (12.0, -13.0) at world pos (384.0, 0.0, -416.0) (total chunks: 794)
[18:58:12] TERRAIN: Creating chunk: (11.0, -14.0) at distance 14.21
[18:58:12] TERRAIN: Chunk (11.0, -14.0): TRIMESH collision created successfully (distance: 14.21, vertices: 8)
[18:58:12] TERRAIN: Chunk created successfully: (11.0, -14.0) at world pos (352.0, 0.0, -448.0) (total chunks: 795)
[18:58:12] TERRAIN: Creating chunk: (6.0, -17.0) at distance 14.56
[18:58:12] TERRAIN: Chunk (6.0, -17.0): TRIMESH collision created successfully (distance: 14.56, vertices: 8)
[18:58:12] TERRAIN: Chunk created successfully: (6.0, -17.0) at world pos (192.0, 0.0, -544.0) (total chunks: 796)
[18:58:12] TERRAIN: Creating chunk: (10.0, -15.0) at distance 14.42
[18:58:12] TERRAIN: Chunk (10.0, -15.0): TRIMESH collision created successfully (distance: 14.42, vertices: 8)
[18:58:12] TERRAIN: Chunk created successfully: (10.0, -15.0) at world pos (320.0, 0.0, -480.0) (total chunks: 797)
[18:58:12] TERRAIN: Creating chunk: (13.0, -12.0) at distance 14.21
[18:58:12] TERRAIN: Chunk (13.0, -12.0): TRIMESH collision created successfully (distance: 14.21, vertices: 8)
[18:58:12] TERRAIN: Chunk created successfully: (13.0, -12.0) at world pos (416.0, 0.0, -384.0) (total chunks: 798)
[18:58:12] TERRAIN: Creating chunk: (16.0, -3.0) at distance 14.00
[18:58:12] TERRAIN: Chunk (16.0, -3.0): TRIMESH collision created successfully (distance: 14.00, vertices: 8)
[18:58:12] TERRAIN: Chunk created successfully: (16.0, -3.0) at world pos (512.0, 0.0, -96.0) (total chunks: 799)
[18:58:12] PLAYER: Pos: (65.19696, 0.023967, -66.32204) | Chunk: (2.0, -3.0) | TerrainHeight: 0.02 | HeightDiff: 0.00 | OnFloor: true
[18:58:12] PLAYER: CHUNK CHANGED: (1.0, -2.0) -> (2.0, -3.0)
[18:58:13] PLAYER: Pos: (70.54364, 0.003519, -72.27296) | Chunk: (2.0, -3.0) | TerrainHeight: 0.00 | HeightDiff: 0.00 | OnFloor: true
[18:58:14] PLAYER: Pos: (75.89032, -0.015494, -78.22389) | Chunk: (2.0, -3.0) | TerrainHeight: -0.02 | HeightDiff: 0.01 | OnFloor: true
[18:58:15] PLAYER: Pos: (81.237, -0.018341, -84.17481) | Chunk: (2.0, -3.0) | TerrainHeight: -0.02 | HeightDiff: -0.00 | OnFloor: true
[18:58:16] PLAYER: Pos: (86.58368, -0.024102, -90.12574) | Chunk: (2.0, -3.0) | TerrainHeight: -0.03 | HeightDiff: 0.01 | OnFloor: true
[18:58:17] TERRAIN: Player moved to new chunk: (2.0, -4.0) (was (2.0, -3.0))
[18:58:17] PLAYER: Pos: (91.93037, -0.00583, -96.07667) | Chunk: (2.0, -4.0) | TerrainHeight: -0.00 | HeightDiff: -0.01 | OnFloor: true
[18:58:17] PLAYER: CHUNK CHANGED: (2.0, -3.0) -> (2.0, -4.0)
[18:58:17] TERRAIN: Updating terrain for player chunk: (2.0, -4.0) (player pos: (92.01948, -0.00583, -96.17585))
[18:58:17] TERRAIN: Player chunk (2.0, -4.0) distance: 0.00 (max_distance: 20)
[18:58:17] TERRAIN: Queuing 47 new chunks for generation
[18:58:17] TERRAIN: Queued chunk: (14.0, -11.0) (distance: 13.89)
[18:58:17] TERRAIN: Queued chunk: (9.0, -16.0) (distance: 13.89)
[18:58:17] TERRAIN: Queued chunk: (7.0, -17.0) (distance: 13.93)
[18:58:17] TERRAIN: Queued chunk: (15.0, -9.0) (distance: 13.93)
[18:58:17] TERRAIN: Queued chunk: (16.0, -4.0) (distance: 14.00)
[18:58:17] TERRAIN: Queued chunk: (2.0, -18.0) (distance: 14.00)
[18:58:17] TERRAIN: Queued chunk: (16.0, -5.0) (distance: 14.04)
[18:58:17] TERRAIN: Queued chunk: (1.0, -18.0) (distance: 14.04)
[18:58:17] TERRAIN: Queued chunk: (3.0, -18.0) (distance: 14.04)
[18:58:17] TERRAIN: Queued chunk: (16.0, -2.0) (distance: 14.14)
[18:58:17] TERRAIN: Queued chunk: (16.0, -6.0) (distance: 14.14)
[18:58:17] TERRAIN: Queued chunk: (12.0, -14.0) (distance: 14.14)
[18:58:17] TERRAIN: Queued chunk: (4.0, -18.0) (distance: 14.14)
[18:58:17] TERRAIN: Queued chunk: (0.0, -18.0) (distance: 14.14)
[18:58:17] TERRAIN: Queued chunk: (13.0, -13.0) (distance: 14.21)
[18:58:17] TERRAIN: Queued chunk: (11.0, -15.0) (distance: 14.21)
[18:58:17] TERRAIN: Queued chunk: (-1.0, -18.0) (distance: 14.32)
[18:58:17] TERRAIN: Queued chunk: (5.0, -18.0) (distance: 14.32)
[18:58:17] TERRAIN: Queued chunk: (15.0, -10.0) (distance: 14.32)
[18:58:17] TERRAIN: Queued chunk: (8.0, -17.0) (distance: 14.32)
[18:58:17] TERRAIN: Queued chunk: (-4.0, -17.0) (distance: 14.32)
[18:58:17] TERRAIN: Queued chunk: (16.0, -7.0) (distance: 14.32)
[18:58:17] TERRAIN: Queued chunk: (10.0, -16.0) (distance: 14.42)
[18:58:17] TERRAIN: Queued chunk: (14.0, -12.0) (distance: 14.42)
[18:58:17] TERRAIN: Queued chunk: (-6.0, -16.0) (distance: 14.42)
[18:58:17] TERRAIN: Queued chunk: (6.0, -18.0) (distance: 14.56)
[18:58:17] TERRAIN: Queued chunk: (-2.0, -18.0) (distance: 14.56)
[18:58:17] TERRAIN: Queued chunk: (16.0, -8.0) (distance: 14.56)
[18:58:17] TERRAIN: Queued chunk: (16.0, 0.0) (distance: 14.56)
[18:58:17] TERRAIN: Queued chunk: (15.0, -11.0) (distance: 14.76)
[18:58:17] TERRAIN: Queued chunk: (-11.0, -11.0) (distance: 14.76)
[18:58:17] TERRAIN: Queued chunk: (9.0, -17.0) (distance: 14.76)
[18:58:17] TERRAIN: Queued chunk: (-5.0, -17.0) (distance: 14.76)
[18:58:17] TERRAIN: Queued chunk: (16.0, 1.0) (distance: 14.87)
[18:58:17] TERRAIN: Queued chunk: (-9.0, -14.0) (distance: 14.87)
[18:58:17] TERRAIN: Queued chunk: (-8.0, -15.0) (distance: 14.87)
[18:58:17] TERRAIN: Queued chunk: (-3.0, -18.0) (distance: 14.87)
[18:58:17] TERRAIN: Queued chunk: (16.0, -9.0) (distance: 14.87)
[18:58:17] TERRAIN: Queued chunk: (7.0, -18.0) (distance: 14.87)
[18:58:17] TERRAIN: Queued chunk: (12.0, -15.0) (distance: 14.87)
[18:58:17] TERRAIN: Queued chunk: (13.0, -14.0) (distance: 14.87)
[18:58:17] TERRAIN: Queued chunk: (2.0, -19.0) (distance: 15.00)
[18:58:17] TERRAIN: Queued chunk: (-7.0, -16.0) (distance: 15.00)
[18:58:17] TERRAIN: Queued chunk: (11.0, -16.0) (distance: 15.00)
[18:58:17] TERRAIN: Queued chunk: (-10.0, -13.0) (distance: 15.00)
[18:58:17] TERRAIN: Queued chunk: (14.0, -13.0) (distance: 15.00)
[18:58:17] TERRAIN: Queued chunk: (17.0, -4.0) (distance: 15.00)
[18:58:17] TERRAIN: Creating chunk: (14.0, -11.0) at distance 13.89
[18:58:17] TERRAIN: Chunk (14.0, -11.0): TRIMESH collision created successfully (distance: 13.89, vertices: 8)
[18:58:17] TERRAIN: Chunk created successfully: (14.0, -11.0) at world pos (448.0, 0.0, -352.0) (total chunks: 800)
[18:58:17] TERRAIN: Creating chunk: (9.0, -16.0) at distance 13.89
[18:58:17] TERRAIN: Chunk (9.0, -16.0): TRIMESH collision created successfully (distance: 13.89, vertices: 8)
[18:58:17] TERRAIN: Chunk created successfully: (9.0, -16.0) at world pos (288.0, 0.0, -512.0) (total chunks: 801)
[18:58:17] TERRAIN: Creating chunk: (7.0, -17.0) at distance 13.93
[18:58:17] TERRAIN: Chunk (7.0, -17.0): TRIMESH collision created successfully (distance: 13.93, vertices: 8)
[18:58:17] TERRAIN: Chunk created successfully: (7.0, -17.0) at world pos (224.0, 0.0, -544.0) (total chunks: 802)
[18:58:17] TERRAIN: Creating chunk: (15.0, -9.0) at distance 13.93
[18:58:17] TERRAIN: Chunk (15.0, -9.0): TRIMESH collision created successfully (distance: 13.93, vertices: 8)
[18:58:17] TERRAIN: Chunk created successfully: (15.0, -9.0) at world pos (480.0, 0.0, -288.0) (total chunks: 803)
[18:58:17] TERRAIN: Creating chunk: (16.0, -4.0) at distance 14.00
[18:58:17] TERRAIN: Chunk (16.0, -4.0): TRIMESH collision created successfully (distance: 14.00, vertices: 8)
[18:58:17] TERRAIN: Chunk created successfully: (16.0, -4.0) at world pos (512.0, 0.0, -128.0) (total chunks: 804)
[18:58:17] TERRAIN: Creating chunk: (2.0, -18.0) at distance 14.00
[18:58:17] TERRAIN: Chunk (2.0, -18.0): TRIMESH collision created successfully (distance: 14.00, vertices: 8)
[18:58:17] TERRAIN: Chunk created successfully: (2.0, -18.0) at world pos (64.0, 0.0, -576.0) (total chunks: 805)
[18:58:17] TERRAIN: Creating chunk: (16.0, -5.0) at distance 14.04
[18:58:18] TERRAIN: Chunk (16.0, -5.0): TRIMESH collision created successfully (distance: 14.04, vertices: 8)
[18:58:18] TERRAIN: Chunk created successfully: (16.0, -5.0) at world pos (512.0, 0.0, -160.0) (total chunks: 806)
[18:58:18] TERRAIN: Creating chunk: (1.0, -18.0) at distance 14.04
[18:58:18] TERRAIN: Chunk (1.0, -18.0): TRIMESH collision created successfully (distance: 14.04, vertices: 8)
[18:58:18] TERRAIN: Chunk created successfully: (1.0, -18.0) at world pos (32.0, 0.0, -576.0) (total chunks: 807)
[18:58:18] TERRAIN: Creating chunk: (3.0, -18.0) at distance 14.04
[18:58:18] TERRAIN: Chunk (3.0, -18.0): TRIMESH collision created successfully (distance: 14.04, vertices: 8)
[18:58:18] TERRAIN: Chunk created successfully: (3.0, -18.0) at world pos (96.0, 0.0, -576.0) (total chunks: 808)
[18:58:18] TERRAIN: Creating chunk: (16.0, -2.0) at distance 14.14
[18:58:18] TERRAIN: Chunk (16.0, -2.0): TRIMESH collision created successfully (distance: 14.14, vertices: 8)
[18:58:18] TERRAIN: Chunk created successfully: (16.0, -2.0) at world pos (512.0, 0.0, -64.0) (total chunks: 809)
[18:58:18] TERRAIN: Creating chunk: (16.0, -6.0) at distance 14.14
[18:58:18] TERRAIN: Chunk (16.0, -6.0): TRIMESH collision created successfully (distance: 14.14, vertices: 8)
[18:58:18] TERRAIN: Chunk created successfully: (16.0, -6.0) at world pos (512.0, 0.0, -192.0) (total chunks: 810)
[18:58:18] TERRAIN: Creating chunk: (12.0, -14.0) at distance 14.14
[18:58:18] TERRAIN: Chunk (12.0, -14.0): TRIMESH collision created successfully (distance: 14.14, vertices: 8)
[18:58:18] TERRAIN: Chunk created successfully: (12.0, -14.0) at world pos (384.0, 0.0, -448.0) (total chunks: 811)
[18:58:18] TERRAIN: Creating chunk: (4.0, -18.0) at distance 14.14
[18:58:18] TERRAIN: Chunk (4.0, -18.0): TRIMESH collision created successfully (distance: 14.14, vertices: 8)
[18:58:18] TERRAIN: Chunk created successfully: (4.0, -18.0) at world pos (128.0, 0.0, -576.0) (total chunks: 812)
[18:58:18] TERRAIN: Creating chunk: (0.0, -18.0) at distance 14.14
[18:58:18] TERRAIN: Chunk (0.0, -18.0): TRIMESH collision created successfully (distance: 14.14, vertices: 8)
[18:58:18] TERRAIN: Chunk created successfully: (0.0, -18.0) at world pos (0.0, 0.0, -576.0) (total chunks: 813)
[18:58:18] TERRAIN: Creating chunk: (13.0, -13.0) at distance 14.21
[18:58:18] TERRAIN: Chunk (13.0, -13.0): TRIMESH collision created successfully (distance: 14.21, vertices: 8)
[18:58:18] TERRAIN: Chunk created successfully: (13.0, -13.0) at world pos (416.0, 0.0, -416.0) (total chunks: 814)
[18:58:18] TERRAIN: Creating chunk: (11.0, -15.0) at distance 14.21
[18:58:18] TERRAIN: Chunk (11.0, -15.0): TRIMESH collision created successfully (distance: 14.21, vertices: 8)
[18:58:18] TERRAIN: Chunk created successfully: (11.0, -15.0) at world pos (352.0, 0.0, -480.0) (total chunks: 815)
[18:58:18] TERRAIN: Creating chunk: (-1.0, -18.0) at distance 14.32
[18:58:18] TERRAIN: Chunk (-1.0, -18.0): TRIMESH collision created successfully (distance: 14.32, vertices: 8)
[18:58:18] TERRAIN: Chunk created successfully: (-1.0, -18.0) at world pos (-32.0, 0.0, -576.0) (total chunks: 816)
[18:58:18] TERRAIN: Creating chunk: (5.0, -18.0) at distance 14.32
[18:58:18] TERRAIN: Chunk (5.0, -18.0): TRIMESH collision created successfully (distance: 14.32, vertices: 8)
[18:58:18] TERRAIN: Chunk created successfully: (5.0, -18.0) at world pos (160.0, 0.0, -576.0) (total chunks: 817)
[18:58:18] TERRAIN: Creating chunk: (15.0, -10.0) at distance 14.32
[18:58:18] TERRAIN: Chunk (15.0, -10.0): TRIMESH collision created successfully (distance: 14.32, vertices: 8)
[18:58:18] TERRAIN: Chunk created successfully: (15.0, -10.0) at world pos (480.0, 0.0, -320.0) (total chunks: 818)
[18:58:18] TERRAIN: Creating chunk: (8.0, -17.0) at distance 14.32
[18:58:18] TERRAIN: Chunk (8.0, -17.0): TRIMESH collision created successfully (distance: 14.32, vertices: 8)
[18:58:18] TERRAIN: Chunk created successfully: (8.0, -17.0) at world pos (256.0, 0.0, -544.0) (total chunks: 819)
[18:58:18] TERRAIN: Creating chunk: (-4.0, -17.0) at distance 14.32
[18:58:18] TERRAIN: Chunk (-4.0, -17.0): TRIMESH collision created successfully (distance: 14.32, vertices: 8)
[18:58:18] TERRAIN: Chunk created successfully: (-4.0, -17.0) at world pos (-128.0, 0.0, -544.0) (total chunks: 820)
[18:58:18] TERRAIN: Creating chunk: (16.0, -7.0) at distance 14.32
[18:58:18] TERRAIN: Chunk (16.0, -7.0): TRIMESH collision created successfully (distance: 14.32, vertices: 8)
[18:58:18] TERRAIN: Chunk created successfully: (16.0, -7.0) at world pos (512.0, 0.0, -224.0) (total chunks: 821)
[18:58:18] TERRAIN: Creating chunk: (10.0, -16.0) at distance 14.42
[18:58:18] TERRAIN: Chunk (10.0, -16.0): TRIMESH collision created successfully (distance: 14.42, vertices: 8)
[18:58:18] TERRAIN: Chunk created successfully: (10.0, -16.0) at world pos (320.0, 0.0, -512.0) (total chunks: 822)
[18:58:18] TERRAIN: Creating chunk: (14.0, -12.0) at distance 14.42
[18:58:18] TERRAIN: Chunk (14.0, -12.0): TRIMESH collision created successfully (distance: 14.42, vertices: 8)
[18:58:18] TERRAIN: Chunk created successfully: (14.0, -12.0) at world pos (448.0, 0.0, -384.0) (total chunks: 823)
[18:58:18] TERRAIN: Creating chunk: (-6.0, -16.0) at distance 14.42
[18:58:18] TERRAIN: Chunk (-6.0, -16.0): TRIMESH collision created successfully (distance: 14.42, vertices: 8)
[18:58:18] TERRAIN: Chunk created successfully: (-6.0, -16.0) at world pos (-192.0, 0.0, -512.0) (total chunks: 824)
[18:58:18] TERRAIN: Creating chunk: (6.0, -18.0) at distance 14.56
[18:58:18] TERRAIN: Chunk (6.0, -18.0): TRIMESH collision created successfully (distance: 14.56, vertices: 8)
[18:58:18] TERRAIN: Chunk created successfully: (6.0, -18.0) at world pos (192.0, 0.0, -576.0) (total chunks: 825)
[18:58:18] TERRAIN: Creating chunk: (-2.0, -18.0) at distance 14.56
[18:58:18] TERRAIN: Chunk (-2.0, -18.0): TRIMESH collision created successfully (distance: 14.56, vertices: 8)
[18:58:18] TERRAIN: Chunk created successfully: (-2.0, -18.0) at world pos (-64.0, 0.0, -576.0) (total chunks: 826)
[18:58:18] TERRAIN: Creating chunk: (16.0, -8.0) at distance 14.56
[18:58:18] TERRAIN: Chunk (16.0, -8.0): TRIMESH collision created successfully (distance: 14.56, vertices: 8)
[18:58:18] TERRAIN: Chunk created successfully: (16.0, -8.0) at world pos (512.0, 0.0, -256.0) (total chunks: 827)
[18:58:18] TERRAIN: Creating chunk: (16.0, 0.0) at distance 14.56
[18:58:18] TERRAIN: Chunk (16.0, 0.0): TRIMESH collision created successfully (distance: 14.56, vertices: 8)
[18:58:18] TERRAIN: Chunk created successfully: (16.0, 0.0) at world pos (512.0, 0.0, 0.0) (total chunks: 828)
[18:58:18] TERRAIN: Creating chunk: (15.0, -11.0) at distance 14.76
[18:58:18] TERRAIN: Chunk (15.0, -11.0): TRIMESH collision created successfully (distance: 14.76, vertices: 8)
[18:58:18] TERRAIN: Chunk created successfully: (15.0, -11.0) at world pos (480.0, 0.0, -352.0) (total chunks: 829)
[18:58:18] TERRAIN: Creating chunk: (-11.0, -11.0) at distance 14.76
[18:58:18] TERRAIN: Chunk (-11.0, -11.0): TRIMESH collision created successfully (distance: 14.76, vertices: 8)
[18:58:18] TERRAIN: Chunk created successfully: (-11.0, -11.0) at world pos (-352.0, 0.0, -352.0) (total chunks: 830)
[18:58:18] TERRAIN: Creating chunk: (9.0, -17.0) at distance 14.76
[18:58:18] TERRAIN: Chunk (9.0, -17.0): TRIMESH collision created successfully (distance: 14.76, vertices: 8)
[18:58:18] TERRAIN: Chunk created successfully: (9.0, -17.0) at world pos (288.0, 0.0, -544.0) (total chunks: 831)
[18:58:18] TERRAIN: Creating chunk: (-5.0, -17.0) at distance 14.76
[18:58:18] TERRAIN: Chunk (-5.0, -17.0): TRIMESH collision created successfully (distance: 14.76, vertices: 8)
[18:58:18] TERRAIN: Chunk created successfully: (-5.0, -17.0) at world pos (-160.0, 0.0, -544.0) (total chunks: 832)
[18:58:18] TERRAIN: Creating chunk: (16.0, 1.0) at distance 14.87
[18:58:18] TERRAIN: Chunk (16.0, 1.0): TRIMESH collision created successfully (distance: 14.87, vertices: 8)
[18:58:18] TERRAIN: Chunk created successfully: (16.0, 1.0) at world pos (512.0, 0.0, 32.0) (total chunks: 833)
[18:58:18] TERRAIN: Creating chunk: (-9.0, -14.0) at distance 14.87
[18:58:18] TERRAIN: Chunk (-9.0, -14.0): TRIMESH collision created successfully (distance: 14.87, vertices: 8)
[18:58:18] TERRAIN: Chunk created successfully: (-9.0, -14.0) at world pos (-288.0, 0.0, -448.0) (total chunks: 834)
[18:58:18] TERRAIN: Creating chunk: (-8.0, -15.0) at distance 14.87
[18:58:18] TERRAIN: Chunk (-8.0, -15.0): TRIMESH collision created successfully (distance: 14.87, vertices: 8)
[18:58:18] TERRAIN: Chunk created successfully: (-8.0, -15.0) at world pos (-256.0, 0.0, -480.0) (total chunks: 835)
[18:58:18] TERRAIN: Creating chunk: (-3.0, -18.0) at distance 14.87
[18:58:18] TERRAIN: Chunk (-3.0, -18.0): TRIMESH collision created successfully (distance: 14.87, vertices: 8)
[18:58:18] TERRAIN: Chunk created successfully: (-3.0, -18.0) at world pos (-96.0, 0.0, -576.0) (total chunks: 836)
[18:58:18] TERRAIN: Creating chunk: (16.0, -9.0) at distance 14.87
[18:58:18] TERRAIN: Chunk (16.0, -9.0): TRIMESH collision created successfully (distance: 14.87, vertices: 8)
[18:58:18] TERRAIN: Chunk created successfully: (16.0, -9.0) at world pos (512.0, 0.0, -288.0) (total chunks: 837)
[18:58:18] TERRAIN: Creating chunk: (7.0, -18.0) at distance 14.87
[18:58:18] TERRAIN: Chunk (7.0, -18.0): TRIMESH collision created successfully (distance: 14.87, vertices: 8)
[18:58:18] TERRAIN: Chunk created successfully: (7.0, -18.0) at world pos (224.0, 0.0, -576.0) (total chunks: 838)
[18:58:18] TERRAIN: Creating chunk: (12.0, -15.0) at distance 14.87
[18:58:18] TERRAIN: Chunk (12.0, -15.0): TRIMESH collision created successfully (distance: 14.87, vertices: 8)
[18:58:18] TERRAIN: Chunk created successfully: (12.0, -15.0) at world pos (384.0, 0.0, -480.0) (total chunks: 839)
[18:58:18] TERRAIN: Creating chunk: (13.0, -14.0) at distance 14.87
[18:58:18] TERRAIN: Chunk (13.0, -14.0): TRIMESH collision created successfully (distance: 14.87, vertices: 8)
[18:58:18] TERRAIN: Chunk created successfully: (13.0, -14.0) at world pos (416.0, 0.0, -448.0) (total chunks: 840)
[18:58:18] TERRAIN: Creating chunk: (2.0, -19.0) at distance 15.00
[18:58:18] TERRAIN: Chunk (2.0, -19.0): TRIMESH collision created successfully (distance: 15.00, vertices: 8)
[18:58:18] TERRAIN: Chunk created successfully: (2.0, -19.0) at world pos (64.0, 0.0, -608.0) (total chunks: 841)
[18:58:18] TERRAIN: Creating chunk: (-7.0, -16.0) at distance 15.00
[18:58:18] TERRAIN: Chunk (-7.0, -16.0): TRIMESH collision created successfully (distance: 15.00, vertices: 8)
[18:58:18] TERRAIN: Chunk created successfully: (-7.0, -16.0) at world pos (-224.0, 0.0, -512.0) (total chunks: 842)
[18:58:18] TERRAIN: Creating chunk: (11.0, -16.0) at distance 15.00
[18:58:18] TERRAIN: Chunk (11.0, -16.0): TRIMESH collision created successfully (distance: 15.00, vertices: 8)
[18:58:18] TERRAIN: Chunk created successfully: (11.0, -16.0) at world pos (352.0, 0.0, -512.0) (total chunks: 843)
[18:58:18] TERRAIN: Creating chunk: (-10.0, -13.0) at distance 15.00
[18:58:18] TERRAIN: Chunk (-10.0, -13.0): TRIMESH collision created successfully (distance: 15.00, vertices: 8)
[18:58:18] TERRAIN: Chunk created successfully: (-10.0, -13.0) at world pos (-320.0, 0.0, -416.0) (total chunks: 844)
[18:58:18] TERRAIN: Creating chunk: (14.0, -13.0) at distance 15.00
[18:58:18] TERRAIN: Chunk (14.0, -13.0): TRIMESH collision created successfully (distance: 15.00, vertices: 8)
[18:58:18] TERRAIN: Chunk created successfully: (14.0, -13.0) at world pos (448.0, 0.0, -416.0) (total chunks: 845)
[18:58:18] TERRAIN: Creating chunk: (17.0, -4.0) at distance 15.00
[18:58:18] TERRAIN: Chunk (17.0, -4.0): TRIMESH collision created successfully (distance: 15.00, vertices: 8)
[18:58:18] TERRAIN: Chunk created successfully: (17.0, -4.0) at world pos (544.0, 0.0, -128.0) (total chunks: 846)
[18:58:18] TERRAIN: Player moved to new chunk: (3.0, -4.0) (was (2.0, -4.0))
[18:58:18] PLAYER: Pos: (97.27705, 0.013531, -102.0276) | Chunk: (3.0, -4.0) | TerrainHeight: 0.02 | HeightDiff: -0.00 | OnFloor: true
[18:58:18] PLAYER: CHUNK CHANGED: (2.0, -4.0) -> (3.0, -4.0)
[18:58:19] PLAYER: Pos: (102.6237, 0.019631, -107.9785) | Chunk: (3.0, -4.0) | TerrainHeight: 0.03 | HeightDiff: -0.01 | OnFloor: true
[18:58:20] PLAYER: Pos: (107.9704, 0.032504, -113.9295) | Chunk: (3.0, -4.0) | TerrainHeight: 0.04 | HeightDiff: -0.00 | OnFloor: true
[18:58:21] PLAYER: Pos: (113.3171, 0.045567, -119.8804) | Chunk: (3.0, -4.0) | TerrainHeight: 0.05 | HeightDiff: -0.00 | OnFloor: true
[18:58:22] PLAYER: Pos: (118.6638, 0.020004, -125.8313) | Chunk: (3.0, -4.0) | TerrainHeight: 0.02 | HeightDiff: 0.00 | OnFloor: true
[18:58:23] TERRAIN: Player moved to new chunk: (3.0, -5.0) (was (3.0, -4.0))
[18:58:23] TERRAIN: Updating terrain for player chunk: (3.0, -5.0) (player pos: (120.7133, 0.006235, -128.1125))
[18:58:23] TERRAIN: Player chunk (3.0, -5.0) distance: 0.00 (max_distance: 20)
[18:58:23] TERRAIN: Removing 10 distant chunks
[18:58:23] TERRAIN: Removing chunk (-6.0, 13.0) at distance 20.12 (player: (3.0, -5.0))
[18:58:23] TERRAIN: Removing chunk: (-6.0, 13.0)
[18:58:23] TERRAIN: Removing chunk (-8.0, 12.0) at distance 20.25 (player: (3.0, -5.0))
[18:58:23] TERRAIN: Removing chunk: (-8.0, 12.0)
[18:58:23] TERRAIN: Removing chunk (-4.0, 14.0) at distance 20.25 (player: (3.0, -5.0))
[18:58:23] TERRAIN: Removing chunk: (-4.0, 14.0)
[18:58:23] TERRAIN: Removing chunk (-7.0, 13.0) at distance 20.59 (player: (3.0, -5.0))
[18:58:23] TERRAIN: Removing chunk: (-7.0, 13.0)
[18:58:23] TERRAIN: Removing chunk (-5.0, 14.0) at distance 20.62 (player: (3.0, -5.0))
[18:58:23] TERRAIN: Removing chunk: (-5.0, 14.0)
[18:58:23] TERRAIN: Removing chunk (-10.0, 11.0) at distance 20.62 (player: (3.0, -5.0))
[18:58:23] TERRAIN: Removing chunk: (-10.0, 11.0)
[18:58:23] TERRAIN: Removing chunk (-11.0, 10.0) at distance 20.52 (player: (3.0, -5.0))
[18:58:23] TERRAIN: Removing chunk: (-11.0, 10.0)
[18:58:23] TERRAIN: Removing chunk (0.0, 15.0) at distance 20.22 (player: (3.0, -5.0))
[18:58:23] TERRAIN: Removing chunk: (0.0, 15.0)
[18:58:23] TERRAIN: Removing chunk (-9.0, 12.0) at distance 20.81 (player: (3.0, -5.0))
[18:58:23] TERRAIN: Removing chunk: (-9.0, 12.0)
[18:58:23] TERRAIN: Removing chunk (-12.0, 9.0) at distance 20.52 (player: (3.0, -5.0))
[18:58:23] TERRAIN: Removing chunk: (-12.0, 9.0)
[18:58:23] TERRAIN: Queuing 42 new chunks for generation
[18:58:23] TERRAIN: Queued chunk: (15.0, -12.0) (distance: 13.89)
[18:58:23] TERRAIN: Queued chunk: (10.0, -17.0) (distance: 13.89)
[18:58:23] TERRAIN: Queued chunk: (16.0, -10.0) (distance: 13.93)
[18:58:23] TERRAIN: Queued chunk: (8.0, -18.0) (distance: 13.93)
[18:58:23] TERRAIN: Queued chunk: (17.0, -5.0) (distance: 14.00)
[18:58:23] TERRAIN: Queued chunk: (3.0, -19.0) (distance: 14.00)
[18:58:23] TERRAIN: Queued chunk: (17.0, -6.0) (distance: 14.04)
[18:58:23] TERRAIN: Queued chunk: (4.0, -19.0) (distance: 14.04)
[18:58:23] TERRAIN: Queued chunk: (17.0, -3.0) (distance: 14.14)
[18:58:23] TERRAIN: Queued chunk: (17.0, -7.0) (distance: 14.14)
[18:58:23] TERRAIN: Queued chunk: (1.0, -19.0) (distance: 14.14)
[18:58:23] TERRAIN: Queued chunk: (5.0, -19.0) (distance: 14.14)
[18:58:23] TERRAIN: Queued chunk: (13.0, -15.0) (distance: 14.14)
[18:58:23] TERRAIN: Queued chunk: (14.0, -14.0) (distance: 14.21)
[18:58:23] TERRAIN: Queued chunk: (12.0, -16.0) (distance: 14.21)
[18:58:23] TERRAIN: Queued chunk: (9.0, -18.0) (distance: 14.32)
[18:58:23] TERRAIN: Queued chunk: (0.0, -19.0) (distance: 14.32)
[18:58:23] TERRAIN: Queued chunk: (16.0, -11.0) (distance: 14.32)
[18:58:23] TERRAIN: Queued chunk: (17.0, -8.0) (distance: 14.32)
[18:58:23] TERRAIN: Queued chunk: (17.0, -2.0) (distance: 14.32)
[18:58:23] TERRAIN: Queued chunk: (6.0, -19.0) (distance: 14.32)
[18:58:23] TERRAIN: Queued chunk: (11.0, -17.0) (distance: 14.42)
[18:58:23] TERRAIN: Queued chunk: (15.0, -13.0) (distance: 14.42)
[18:58:23] TERRAIN: Queued chunk: (17.0, -9.0) (distance: 14.56)
[18:58:23] TERRAIN: Queued chunk: (-1.0, -19.0) (distance: 14.56)
[18:58:23] TERRAIN: Queued chunk: (7.0, -19.0) (distance: 14.56)
[18:58:23] TERRAIN: Queued chunk: (17.0, -1.0) (distance: 14.56)
[18:58:23] TERRAIN: Queued chunk: (16.0, -12.0) (distance: 14.76)
[18:58:23] TERRAIN: Queued chunk: (-4.0, -18.0) (distance: 14.76)
[18:58:23] TERRAIN: Queued chunk: (16.0, 2.0) (distance: 14.76)
[18:58:23] TERRAIN: Queued chunk: (10.0, -18.0) (distance: 14.76)
[18:58:23] TERRAIN: Queued chunk: (-2.0, -19.0) (distance: 14.87)
[18:58:23] TERRAIN: Queued chunk: (17.0, -10.0) (distance: 14.87)
[18:58:23] TERRAIN: Queued chunk: (17.0, 0.0) (distance: 14.87)
[18:58:23] TERRAIN: Queued chunk: (14.0, -15.0) (distance: 14.87)
[18:58:23] TERRAIN: Queued chunk: (13.0, -16.0) (distance: 14.87)
[18:58:23] TERRAIN: Queued chunk: (8.0, -19.0) (distance: 14.87)
[18:58:23] TERRAIN: Queued chunk: (18.0, -5.0) (distance: 15.00)
[18:58:23] TERRAIN: Queued chunk: (15.0, -14.0) (distance: 15.00)
[18:58:23] TERRAIN: Queued chunk: (12.0, -17.0) (distance: 15.00)
[18:58:23] TERRAIN: Queued chunk: (3.0, -20.0) (distance: 15.00)
[18:58:23] TERRAIN: Queued chunk: (-6.0, -17.0) (distance: 15.00)
[18:58:23] TERRAIN: Creating chunk: (15.0, -12.0) at distance 13.89
[18:58:23] TERRAIN: Chunk (15.0, -12.0): TRIMESH collision created successfully (distance: 13.89, vertices: 8)
[18:58:23] TERRAIN: Chunk created successfully: (15.0, -12.0) at world pos (480.0, 0.0, -384.0) (total chunks: 837)
[18:58:23] TERRAIN: Creating chunk: (10.0, -17.0) at distance 13.89
[18:58:23] TERRAIN: Chunk (10.0, -17.0): TRIMESH collision created successfully (distance: 13.89, vertices: 8)
[18:58:23] TERRAIN: Chunk created successfully: (10.0, -17.0) at world pos (320.0, 0.0, -544.0) (total chunks: 838)
[18:58:23] TERRAIN: Creating chunk: (16.0, -10.0) at distance 13.93
[18:58:23] TERRAIN: Chunk (16.0, -10.0): TRIMESH collision created successfully (distance: 13.93, vertices: 8)
[18:58:23] TERRAIN: Chunk created successfully: (16.0, -10.0) at world pos (512.0, 0.0, -320.0) (total chunks: 839)
[18:58:23] TERRAIN: Creating chunk: (8.0, -18.0) at distance 13.93
[18:58:23] TERRAIN: Chunk (8.0, -18.0): TRIMESH collision created successfully (distance: 13.93, vertices: 8)
[18:58:23] TERRAIN: Chunk created successfully: (8.0, -18.0) at world pos (256.0, 0.0, -576.0) (total chunks: 840)
[18:58:23] TERRAIN: Creating chunk: (17.0, -5.0) at distance 14.00
[18:58:23] TERRAIN: Chunk (17.0, -5.0): TRIMESH collision created successfully (distance: 14.00, vertices: 8)
[18:58:23] TERRAIN: Chunk created successfully: (17.0, -5.0) at world pos (544.0, 0.0, -160.0) (total chunks: 841)
[18:58:23] TERRAIN: Creating chunk: (3.0, -19.0) at distance 14.00
[18:58:23] TERRAIN: Chunk (3.0, -19.0): TRIMESH collision created successfully (distance: 14.00, vertices: 8)
[18:58:23] TERRAIN: Chunk created successfully: (3.0, -19.0) at world pos (96.0, 0.0, -608.0) (total chunks: 842)
[18:58:23] TERRAIN: Creating chunk: (17.0, -6.0) at distance 14.04
[18:58:23] TERRAIN: Chunk (17.0, -6.0): TRIMESH collision created successfully (distance: 14.04, vertices: 8)
[18:58:23] TERRAIN: Chunk created successfully: (17.0, -6.0) at world pos (544.0, 0.0, -192.0) (total chunks: 843)
[18:58:23] TERRAIN: Creating chunk: (4.0, -19.0) at distance 14.04
[18:58:23] TERRAIN: Chunk (4.0, -19.0): TRIMESH collision created successfully (distance: 14.04, vertices: 8)
[18:58:23] TERRAIN: Chunk created successfully: (4.0, -19.0) at world pos (128.0, 0.0, -608.0) (total chunks: 844)
[18:58:23] TERRAIN: Creating chunk: (17.0, -3.0) at distance 14.14
[18:58:23] TERRAIN: Chunk (17.0, -3.0): TRIMESH collision created successfully (distance: 14.14, vertices: 8)
[18:58:23] TERRAIN: Chunk created successfully: (17.0, -3.0) at world pos (544.0, 0.0, -96.0) (total chunks: 845)
[18:58:23] TERRAIN: Creating chunk: (17.0, -7.0) at distance 14.14
[18:58:23] TERRAIN: Chunk (17.0, -7.0): TRIMESH collision created successfully (distance: 14.14, vertices: 8)
[18:58:23] TERRAIN: Chunk created successfully: (17.0, -7.0) at world pos (544.0, 0.0, -224.0) (total chunks: 846)
[18:58:23] TERRAIN: Creating chunk: (1.0, -19.0) at distance 14.14
[18:58:23] TERRAIN: Chunk (1.0, -19.0): TRIMESH collision created successfully (distance: 14.14, vertices: 8)
[18:58:23] TERRAIN: Chunk created successfully: (1.0, -19.0) at world pos (32.0, 0.0, -608.0) (total chunks: 847)
[18:58:23] TERRAIN: Creating chunk: (5.0, -19.0) at distance 14.14
[18:58:23] TERRAIN: Chunk (5.0, -19.0): TRIMESH collision created successfully (distance: 14.14, vertices: 8)
[18:58:23] TERRAIN: Chunk created successfully: (5.0, -19.0) at world pos (160.0, 0.0, -608.0) (total chunks: 848)
[18:58:23] TERRAIN: Creating chunk: (13.0, -15.0) at distance 14.14
[18:58:23] TERRAIN: Chunk (13.0, -15.0): TRIMESH collision created successfully (distance: 14.14, vertices: 8)
[18:58:23] TERRAIN: Chunk created successfully: (13.0, -15.0) at world pos (416.0, 0.0, -480.0) (total chunks: 849)
[18:58:23] TERRAIN: Creating chunk: (14.0, -14.0) at distance 14.21
[18:58:23] TERRAIN: Chunk (14.0, -14.0): TRIMESH collision created successfully (distance: 14.21, vertices: 8)
[18:58:23] TERRAIN: Chunk created successfully: (14.0, -14.0) at world pos (448.0, 0.0, -448.0) (total chunks: 850)
[18:58:23] TERRAIN: Creating chunk: (12.0, -16.0) at distance 14.21
[18:58:23] TERRAIN: Chunk (12.0, -16.0): TRIMESH collision created successfully (distance: 14.21, vertices: 8)
[18:58:23] TERRAIN: Chunk created successfully: (12.0, -16.0) at world pos (384.0, 0.0, -512.0) (total chunks: 851)
[18:58:23] TERRAIN: Creating chunk: (9.0, -18.0) at distance 14.32
[18:58:23] TERRAIN: Chunk (9.0, -18.0): TRIMESH collision created successfully (distance: 14.32, vertices: 8)
[18:58:23] TERRAIN: Chunk created successfully: (9.0, -18.0) at world pos (288.0, 0.0, -576.0) (total chunks: 852)
[18:58:23] TERRAIN: Creating chunk: (0.0, -19.0) at distance 14.32
[18:58:23] TERRAIN: Chunk (0.0, -19.0): TRIMESH collision created successfully (distance: 14.32, vertices: 8)
[18:58:23] TERRAIN: Chunk created successfully: (0.0, -19.0) at world pos (0.0, 0.0, -608.0) (total chunks: 853)
[18:58:23] TERRAIN: Creating chunk: (16.0, -11.0) at distance 14.32
[18:58:23] TERRAIN: Chunk (16.0, -11.0): TRIMESH collision created successfully (distance: 14.32, vertices: 8)
[18:58:23] TERRAIN: Chunk created successfully: (16.0, -11.0) at world pos (512.0, 0.0, -352.0) (total chunks: 854)
[18:58:23] TERRAIN: Creating chunk: (17.0, -8.0) at distance 14.32
[18:58:23] TERRAIN: Chunk (17.0, -8.0): TRIMESH collision created successfully (distance: 14.32, vertices: 8)
[18:58:23] TERRAIN: Chunk created successfully: (17.0, -8.0) at world pos (544.0, 0.0, -256.0) (total chunks: 855)
[18:58:23] TERRAIN: Creating chunk: (17.0, -2.0) at distance 14.32
[18:58:23] TERRAIN: Chunk (17.0, -2.0): TRIMESH collision created successfully (distance: 14.32, vertices: 8)
[18:58:23] TERRAIN: Chunk created successfully: (17.0, -2.0) at world pos (544.0, 0.0, -64.0) (total chunks: 856)
[18:58:23] TERRAIN: Creating chunk: (6.0, -19.0) at distance 14.32
[18:58:23] TERRAIN: Chunk (6.0, -19.0): TRIMESH collision created successfully (distance: 14.32, vertices: 8)
[18:58:23] TERRAIN: Chunk created successfully: (6.0, -19.0) at world pos (192.0, 0.0, -608.0) (total chunks: 857)
[18:58:23] TERRAIN: Creating chunk: (11.0, -17.0) at distance 14.42
[18:58:23] TERRAIN: Chunk (11.0, -17.0): TRIMESH collision created successfully (distance: 14.42, vertices: 8)
[18:58:23] TERRAIN: Chunk created successfully: (11.0, -17.0) at world pos (352.0, 0.0, -544.0) (total chunks: 858)
[18:58:23] TERRAIN: Creating chunk: (15.0, -13.0) at distance 14.42
[18:58:23] TERRAIN: Chunk (15.0, -13.0): TRIMESH collision created successfully (distance: 14.42, vertices: 8)
[18:58:23] TERRAIN: Chunk created successfully: (15.0, -13.0) at world pos (480.0, 0.0, -416.0) (total chunks: 859)
[18:58:23] TERRAIN: Creating chunk: (17.0, -9.0) at distance 14.56
[18:58:23] TERRAIN: Chunk (17.0, -9.0): TRIMESH collision created successfully (distance: 14.56, vertices: 8)
[18:58:23] TERRAIN: Chunk created successfully: (17.0, -9.0) at world pos (544.0, 0.0, -288.0) (total chunks: 860)
[18:58:23] TERRAIN: Creating chunk: (-1.0, -19.0) at distance 14.56
[18:58:23] TERRAIN: Chunk (-1.0, -19.0): TRIMESH collision created successfully (distance: 14.56, vertices: 8)
[18:58:23] TERRAIN: Chunk created successfully: (-1.0, -19.0) at world pos (-32.0, 0.0, -608.0) (total chunks: 861)
[18:58:23] TERRAIN: Creating chunk: (7.0, -19.0) at distance 14.56
[18:58:23] TERRAIN: Chunk (7.0, -19.0): TRIMESH collision created successfully (distance: 14.56, vertices: 8)
[18:58:23] TERRAIN: Chunk created successfully: (7.0, -19.0) at world pos (224.0, 0.0, -608.0) (total chunks: 862)
[18:58:23] TERRAIN: Creating chunk: (17.0, -1.0) at distance 14.56
[18:58:23] TERRAIN: Chunk (17.0, -1.0): TRIMESH collision created successfully (distance: 14.56, vertices: 8)
[18:58:23] TERRAIN: Chunk created successfully: (17.0, -1.0) at world pos (544.0, 0.0, -32.0) (total chunks: 863)
[18:58:23] TERRAIN: Creating chunk: (16.0, -12.0) at distance 14.76
[18:58:23] TERRAIN: Chunk (16.0, -12.0): TRIMESH collision created successfully (distance: 14.76, vertices: 8)
[18:58:23] TERRAIN: Chunk created successfully: (16.0, -12.0) at world pos (512.0, 0.0, -384.0) (total chunks: 864)
[18:58:23] TERRAIN: Creating chunk: (-4.0, -18.0) at distance 14.76
[18:58:23] TERRAIN: Chunk (-4.0, -18.0): TRIMESH collision created successfully (distance: 14.76, vertices: 8)
[18:58:23] TERRAIN: Chunk created successfully: (-4.0, -18.0) at world pos (-128.0, 0.0, -576.0) (total chunks: 865)
[18:58:23] TERRAIN: Creating chunk: (16.0, 2.0) at distance 14.76
[18:58:23] TERRAIN: Chunk (16.0, 2.0): TRIMESH collision created successfully (distance: 14.76, vertices: 8)
[18:58:23] TERRAIN: Chunk created successfully: (16.0, 2.0) at world pos (512.0, 0.0, 64.0) (total chunks: 866)
[18:58:23] TERRAIN: Creating chunk: (10.0, -18.0) at distance 14.76
[18:58:23] TERRAIN: Chunk (10.0, -18.0): TRIMESH collision created successfully (distance: 14.76, vertices: 8)
[18:58:23] TERRAIN: Chunk created successfully: (10.0, -18.0) at world pos (320.0, 0.0, -576.0) (total chunks: 867)
[18:58:23] TERRAIN: Creating chunk: (-2.0, -19.0) at distance 14.87
[18:58:23] TERRAIN: Chunk (-2.0, -19.0): TRIMESH collision created successfully (distance: 14.87, vertices: 8)
[18:58:23] TERRAIN: Chunk created successfully: (-2.0, -19.0) at world pos (-64.0, 0.0, -608.0) (total chunks: 868)
[18:58:23] TERRAIN: Creating chunk: (17.0, -10.0) at distance 14.87
[18:58:23] TERRAIN: Chunk (17.0, -10.0): TRIMESH collision created successfully (distance: 14.87, vertices: 8)
[18:58:23] TERRAIN: Chunk created successfully: (17.0, -10.0) at world pos (544.0, 0.0, -320.0) (total chunks: 869)
[18:58:23] TERRAIN: Creating chunk: (17.0, 0.0) at distance 14.87
[18:58:23] TERRAIN: Chunk (17.0, 0.0): TRIMESH collision created successfully (distance: 14.87, vertices: 8)
[18:58:23] TERRAIN: Chunk created successfully: (17.0, 0.0) at world pos (544.0, 0.0, 0.0) (total chunks: 870)
[18:58:23] TERRAIN: Creating chunk: (14.0, -15.0) at distance 14.87
[18:58:23] TERRAIN: Chunk (14.0, -15.0): TRIMESH collision created successfully (distance: 14.87, vertices: 8)
[18:58:23] TERRAIN: Chunk created successfully: (14.0, -15.0) at world pos (448.0, 0.0, -480.0) (total chunks: 871)
[18:58:23] TERRAIN: Creating chunk: (13.0, -16.0) at distance 14.87
[18:58:23] TERRAIN: Chunk (13.0, -16.0): TRIMESH collision created successfully (distance: 14.87, vertices: 8)
[18:58:23] TERRAIN: Chunk created successfully: (13.0, -16.0) at world pos (416.0, 0.0, -512.0) (total chunks: 872)
[18:58:23] TERRAIN: Creating chunk: (8.0, -19.0) at distance 14.87
[18:58:23] TERRAIN: Chunk (8.0, -19.0): TRIMESH collision created successfully (distance: 14.87, vertices: 8)
[18:58:23] TERRAIN: Chunk created successfully: (8.0, -19.0) at world pos (256.0, 0.0, -608.0) (total chunks: 873)
[18:58:23] TERRAIN: Creating chunk: (18.0, -5.0) at distance 15.00
[18:58:23] TERRAIN: Chunk (18.0, -5.0): TRIMESH collision created successfully (distance: 15.00, vertices: 8)
[18:58:23] TERRAIN: Chunk created successfully: (18.0, -5.0) at world pos (576.0, 0.0, -160.0) (total chunks: 874)
[18:58:23] TERRAIN: Creating chunk: (15.0, -14.0) at distance 15.00
[18:58:23] TERRAIN: Chunk (15.0, -14.0): TRIMESH collision created successfully (distance: 15.00, vertices: 8)
[18:58:23] TERRAIN: Chunk created successfully: (15.0, -14.0) at world pos (480.0, 0.0, -448.0) (total chunks: 875)
[18:58:23] TERRAIN: Creating chunk: (12.0, -17.0) at distance 15.00
[18:58:23] TERRAIN: Chunk (12.0, -17.0): TRIMESH collision created successfully (distance: 15.00, vertices: 8)
[18:58:23] TERRAIN: Chunk created successfully: (12.0, -17.0) at world pos (384.0, 0.0, -544.0) (total chunks: 876)
[18:58:23] TERRAIN: Creating chunk: (3.0, -20.0) at distance 15.00
[18:58:23] TERRAIN: Chunk (3.0, -20.0): TRIMESH collision created successfully (distance: 15.00, vertices: 8)
[18:58:23] TERRAIN: Chunk created successfully: (3.0, -20.0) at world pos (96.0, 0.0, -640.0) (total chunks: 877)
[18:58:23] TERRAIN: Creating chunk: (-6.0, -17.0) at distance 15.00
[18:58:23] TERRAIN: Chunk (-6.0, -17.0): TRIMESH collision created successfully (distance: 15.00, vertices: 8)
[18:58:23] TERRAIN: Chunk created successfully: (-6.0, -17.0) at world pos (-192.0, 0.0, -544.0) (total chunks: 878)
[18:58:23] PLAYER: Pos: (124.0105, -0.002066, -131.7822) | Chunk: (3.0, -5.0) | TerrainHeight: -0.01 | HeightDiff: 0.01 | OnFloor: true
[18:58:23] PLAYER: CHUNK CHANGED: (3.0, -4.0) -> (3.0, -5.0)
[18:58:24] TERRAIN: Player moved to new chunk: (4.0, -5.0) (was (3.0, -5.0))
[18:58:24] PLAYER: Pos: (129.3571, -0.011134, -137.7332) | Chunk: (4.0, -5.0) | TerrainHeight: -0.00 | HeightDiff: -0.01 | OnFloor: true
[18:58:24] PLAYER: CHUNK CHANGED: (3.0, -5.0) -> (4.0, -5.0)
[18:58:25] PLAYER: Pos: (134.7038, -0.004951, -143.6841) | Chunk: (4.0, -5.0) | TerrainHeight: -0.01 | HeightDiff: 0.00 | OnFloor: true
[18:58:26] PLAYER: Pos: (140.0505, 0.001257, -149.635) | Chunk: (4.0, -5.0) | TerrainHeight: 0.01 | HeightDiff: -0.01 | OnFloor: true
[18:58:27] PLAYER: Pos: (145.3972, 0.005414, -155.5859) | Chunk: (4.0, -5.0) | TerrainHeight: 0.00 | HeightDiff: 0.01 | OnFloor: true
[18:58:28] TERRAIN: Player moved to new chunk: (4.0, -6.0) (was (4.0, -5.0))
[18:58:28] TERRAIN: Updating terrain for player chunk: (4.0, -6.0) (player pos: (149.4072, 0.000336, -160.0491))
[18:58:28] TERRAIN: Player chunk (4.0, -6.0) distance: 0.00 (max_distance: 20)
[18:58:28] TERRAIN: Removing 30 distant chunks
[18:58:28] TERRAIN: Removing chunk (-5.0, 12.0) at distance 20.12 (player: (4.0, -6.0))
[18:58:28] TERRAIN: Removing chunk: (-5.0, 12.0)
[18:58:28] TERRAIN: Removing chunk (-7.0, 11.0) at distance 20.25 (player: (4.0, -6.0))
[18:58:28] TERRAIN: Removing chunk: (-7.0, 11.0)
[18:58:28] TERRAIN: Removing chunk (-3.0, 13.0) at distance 20.25 (player: (4.0, -6.0))
[18:58:28] TERRAIN: Removing chunk: (-3.0, 13.0)
[18:58:28] TERRAIN: Removing chunk (-6.0, 12.0) at distance 20.59 (player: (4.0, -6.0))
[18:58:28] TERRAIN: Removing chunk: (-6.0, 12.0)
[18:58:28] TERRAIN: Removing chunk (-9.0, 10.0) at distance 20.62 (player: (4.0, -6.0))
[18:58:28] TERRAIN: Removing chunk: (-9.0, 10.0)
[18:58:28] TERRAIN: Removing chunk (-10.0, 9.0) at distance 20.52 (player: (4.0, -6.0))
[18:58:28] TERRAIN: Removing chunk: (-10.0, 9.0)
[18:58:28] TERRAIN: Removing chunk (-11.0, 8.0) at distance 20.52 (player: (4.0, -6.0))
[18:58:28] TERRAIN: Removing chunk: (-11.0, 8.0)
[18:58:28] TERRAIN: Removing chunk (-8.0, 11.0) at distance 20.81 (player: (4.0, -6.0))
[18:58:28] TERRAIN: Removing chunk: (-8.0, 11.0)
[18:58:28] TERRAIN: Removing chunk (-4.0, 13.0) at distance 20.62 (player: (4.0, -6.0))
[18:58:28] TERRAIN: Removing chunk: (-4.0, 13.0)
[18:58:28] TERRAIN: Removing chunk (-7.0, 12.0) at distance 21.10 (player: (4.0, -6.0))
[18:58:28] TERRAIN: Removing chunk: (-7.0, 12.0)
[18:58:28] TERRAIN: Removing chunk (-12.0, 7.0) at distance 20.62 (player: (4.0, -6.0))
[18:58:28] TERRAIN: Removing chunk: (-12.0, 7.0)
[18:58:28] TERRAIN: Removing chunk (-13.0, 5.0) at distance 20.25 (player: (4.0, -6.0))
[18:58:28] TERRAIN: Removing chunk: (-13.0, 5.0)
[18:58:28] TERRAIN: Removing chunk (-5.0, 13.0) at distance 21.02 (player: (4.0, -6.0))
[18:58:28] TERRAIN: Removing chunk: (-5.0, 13.0)
[18:58:28] TERRAIN: Removing chunk (0.0, 14.0) at distance 20.40 (player: (4.0, -6.0))
[18:58:28] TERRAIN: Removing chunk: (0.0, 14.0)
[18:58:28] TERRAIN: Removing chunk (-1.0, 14.0) at distance 20.62 (player: (4.0, -6.0))
[18:58:28] TERRAIN: Removing chunk: (-1.0, 14.0)
[18:58:28] TERRAIN: Removing chunk (1.0, 14.0) at distance 20.22 (player: (4.0, -6.0))
[18:58:28] TERRAIN: Removing chunk: (1.0, 14.0)
[18:58:28] TERRAIN: Removing chunk (-10.0, 10.0) at distance 21.26 (player: (4.0, -6.0))
[18:58:28] TERRAIN: Removing chunk: (-10.0, 10.0)
[18:58:28] TERRAIN: Removing chunk (2.0, 14.0) at distance 20.10 (player: (4.0, -6.0))
[18:58:28] TERRAIN: Removing chunk: (2.0, 14.0)
[18:58:28] TERRAIN: Removing chunk (-2.0, 14.0) at distance 20.88 (player: (4.0, -6.0))
[18:58:28] TERRAIN: Removing chunk: (-2.0, 14.0)
[18:58:28] TERRAIN: Removing chunk (-11.0, 9.0) at distance 21.21 (player: (4.0, -6.0))
[18:58:28] TERRAIN: Removing chunk: (-11.0, 9.0)
[18:58:28] TERRAIN: Removing chunk (-9.0, 11.0) at distance 21.40 (player: (4.0, -6.0))
[18:58:28] TERRAIN: Removing chunk: (-9.0, 11.0)
[18:58:28] TERRAIN: Removing chunk (-14.0, 3.0) at distance 20.12 (player: (4.0, -6.0))
[18:58:28] TERRAIN: Removing chunk: (-14.0, 3.0)
[18:58:28] TERRAIN: Removing chunk (3.0, 14.0) at distance 20.02 (player: (4.0, -6.0))
[18:58:28] TERRAIN: Removing chunk: (3.0, 14.0)
[18:58:28] TERRAIN: Removing chunk (-13.0, 6.0) at distance 20.81 (player: (4.0, -6.0))
[18:58:28] TERRAIN: Removing chunk: (-13.0, 6.0)
[18:58:28] TERRAIN: Removing chunk (-3.0, 14.0) at distance 21.19 (player: (4.0, -6.0))
[18:58:28] TERRAIN: Removing chunk: (-3.0, 14.0)
[18:58:28] TERRAIN: Removing chunk (-12.0, 8.0) at distance 21.26 (player: (4.0, -6.0))
[18:58:28] TERRAIN: Removing chunk: (-12.0, 8.0)
[18:58:28] TERRAIN: Removing chunk (-14.0, 4.0) at distance 20.59 (player: (4.0, -6.0))
[18:58:28] TERRAIN: Removing chunk: (-14.0, 4.0)
[18:58:28] TERRAIN: Removing chunk (-13.0, 7.0) at distance 21.40 (player: (4.0, -6.0))
[18:58:28] TERRAIN: Removing chunk: (-13.0, 7.0)
[18:58:28] TERRAIN: Removing chunk (5.0, 14.0) at distance 20.02 (player: (4.0, -6.0))
[18:58:28] TERRAIN: Removing chunk: (5.0, 14.0)
[18:58:28] TERRAIN: Removing chunk (-14.0, 5.0) at distance 21.10 (player: (4.0, -6.0))
[18:58:28] TERRAIN: Removing chunk: (-14.0, 5.0)
[18:58:28] TERRAIN: Queuing 43 new chunks for generation
[18:58:28] TERRAIN: Queued chunk: (16.0, -13.0) (distance: 13.89)
[18:58:28] TERRAIN: Queued chunk: (11.0, -18.0) (distance: 13.89)
[18:58:28] TERRAIN: Queued chunk: (17.0, -11.0) (distance: 13.93)
[18:58:28] TERRAIN: Queued chunk: (9.0, -19.0) (distance: 13.93)
[18:58:28] TERRAIN: Queued chunk: (18.0, -6.0) (distance: 14.00)
[18:58:28] TERRAIN: Queued chunk: (4.0, -20.0) (distance: 14.00)
[18:58:28] TERRAIN: Queued chunk: (18.0, -7.0) (distance: 14.04)
[18:58:28] TERRAIN: Queued chunk: (5.0, -20.0) (distance: 14.04)
[18:58:28] TERRAIN: Queued chunk: (18.0, -8.0) (distance: 14.14)
[18:58:28] TERRAIN: Queued chunk: (18.0, -4.0) (distance: 14.14)
[18:58:28] TERRAIN: Queued chunk: (2.0, -20.0) (distance: 14.14)
[18:58:28] TERRAIN: Queued chunk: (6.0, -20.0) (distance: 14.14)
[18:58:28] TERRAIN: Queued chunk: (14.0, -16.0) (distance: 14.14)
[18:58:28] TERRAIN: Queued chunk: (15.0, -15.0) (distance: 14.21)
[18:58:28] TERRAIN: Queued chunk: (13.0, -17.0) (distance: 14.21)
[18:58:28] TERRAIN: Queued chunk: (10.0, -19.0) (distance: 14.32)
[18:58:28] TERRAIN: Queued chunk: (17.0, -12.0) (distance: 14.32)
[18:58:28] TERRAIN: Queued chunk: (18.0, -9.0) (distance: 14.32)
[18:58:28] TERRAIN: Queued chunk: (7.0, -20.0) (distance: 14.32)
[18:58:28] TERRAIN: Queued chunk: (18.0, -3.0) (distance: 14.32)
[18:58:28] TERRAIN: Queued chunk: (1.0, -20.0) (distance: 14.32)
[18:58:28] TERRAIN: Queued chunk: (12.0, -18.0) (distance: 14.42)
[18:58:28] TERRAIN: Queued chunk: (16.0, -14.0) (distance: 14.42)
[18:58:28] TERRAIN: Queued chunk: (18.0, -2.0) (distance: 14.56)
[18:58:28] TERRAIN: Queued chunk: (0.0, -20.0) (distance: 14.56)
[18:58:28] TERRAIN: Queued chunk: (8.0, -20.0) (distance: 14.56)
[18:58:28] TERRAIN: Queued chunk: (18.0, -10.0) (distance: 14.56)
[18:58:28] TERRAIN: Queued chunk: (17.0, 1.0) (distance: 14.76)
[18:58:28] TERRAIN: Queued chunk: (17.0, -13.0) (distance: 14.76)
[18:58:28] TERRAIN: Queued chunk: (-3.0, -19.0) (distance: 14.76)
[18:58:28] TERRAIN: Queued chunk: (11.0, -19.0) (distance: 14.76)
[18:58:28] TERRAIN: Queued chunk: (-1.0, -20.0) (distance: 14.87)
[18:58:28] TERRAIN: Queued chunk: (18.0, -11.0) (distance: 14.87)
[18:58:28] TERRAIN: Queued chunk: (18.0, -1.0) (distance: 14.87)
[18:58:28] TERRAIN: Queued chunk: (15.0, -16.0) (distance: 14.87)
[18:58:28] TERRAIN: Queued chunk: (14.0, -17.0) (distance: 14.87)
[18:58:28] TERRAIN: Queued chunk: (9.0, -20.0) (distance: 14.87)
[18:58:28] TERRAIN: Queued chunk: (19.0, -6.0) (distance: 15.00)
[18:58:28] TERRAIN: Queued chunk: (16.0, 3.0) (distance: 15.00)
[18:58:28] TERRAIN: Queued chunk: (16.0, -15.0) (distance: 15.00)
[18:58:28] TERRAIN: Queued chunk: (13.0, -18.0) (distance: 15.00)
[18:58:28] TERRAIN: Queued chunk: (4.0, -21.0) (distance: 15.00)
[18:58:28] TERRAIN: Queued chunk: (-5.0, -18.0) (distance: 15.00)
[18:58:28] TERRAIN: Creating chunk: (16.0, -13.0) at distance 13.89
[18:58:28] TERRAIN: Chunk (16.0, -13.0): TRIMESH collision created successfully (distance: 13.89, vertices: 8)
[18:58:28] TERRAIN: Chunk created successfully: (16.0, -13.0) at world pos (512.0, 0.0, -416.0) (total chunks: 849)
[18:58:28] TERRAIN: Creating chunk: (11.0, -18.0) at distance 13.89
[18:58:28] TERRAIN: Chunk (11.0, -18.0): TRIMESH collision created successfully (distance: 13.89, vertices: 8)
[18:58:28] TERRAIN: Chunk created successfully: (11.0, -18.0) at world pos (352.0, 0.0, -576.0) (total chunks: 850)
[18:58:28] TERRAIN: Creating chunk: (17.0, -11.0) at distance 13.93
[18:58:28] TERRAIN: Chunk (17.0, -11.0): TRIMESH collision created successfully (distance: 13.93, vertices: 8)
[18:58:28] TERRAIN: Chunk created successfully: (17.0, -11.0) at world pos (544.0, 0.0, -352.0) (total chunks: 851)
[18:58:28] TERRAIN: Creating chunk: (9.0, -19.0) at distance 13.93
[18:58:28] TERRAIN: Chunk (9.0, -19.0): TRIMESH collision created successfully (distance: 13.93, vertices: 8)
[18:58:28] TERRAIN: Chunk created successfully: (9.0, -19.0) at world pos (288.0, 0.0, -608.0) (total chunks: 852)
[18:58:28] TERRAIN: Creating chunk: (18.0, -6.0) at distance 14.00
[18:58:28] TERRAIN: Chunk (18.0, -6.0): TRIMESH collision created successfully (distance: 14.00, vertices: 8)
[18:58:28] TERRAIN: Chunk created successfully: (18.0, -6.0) at world pos (576.0, 0.0, -192.0) (total chunks: 853)
[18:58:28] TERRAIN: Creating chunk: (4.0, -20.0) at distance 14.00
[18:58:28] TERRAIN: Chunk (4.0, -20.0): TRIMESH collision created successfully (distance: 14.00, vertices: 8)
[18:58:28] TERRAIN: Chunk created successfully: (4.0, -20.0) at world pos (128.0, 0.0, -640.0) (total chunks: 854)
[18:58:28] TERRAIN: Creating chunk: (18.0, -7.0) at distance 14.04
[18:58:28] TERRAIN: Chunk (18.0, -7.0): TRIMESH collision created successfully (distance: 14.04, vertices: 8)
[18:58:28] TERRAIN: Chunk created successfully: (18.0, -7.0) at world pos (576.0, 0.0, -224.0) (total chunks: 855)
[18:58:28] TERRAIN: Creating chunk: (5.0, -20.0) at distance 14.04
[18:58:28] TERRAIN: Chunk (5.0, -20.0): TRIMESH collision created successfully (distance: 14.04, vertices: 8)
[18:58:28] TERRAIN: Chunk created successfully: (5.0, -20.0) at world pos (160.0, 0.0, -640.0) (total chunks: 856)
[18:58:28] TERRAIN: Creating chunk: (18.0, -8.0) at distance 14.14
[18:58:28] TERRAIN: Chunk (18.0, -8.0): TRIMESH collision created successfully (distance: 14.14, vertices: 8)
[18:58:28] TERRAIN: Chunk created successfully: (18.0, -8.0) at world pos (576.0, 0.0, -256.0) (total chunks: 857)
[18:58:28] TERRAIN: Creating chunk: (18.0, -4.0) at distance 14.14
[18:58:28] TERRAIN: Chunk (18.0, -4.0): TRIMESH collision created successfully (distance: 14.14, vertices: 8)
[18:58:28] TERRAIN: Chunk created successfully: (18.0, -4.0) at world pos (576.0, 0.0, -128.0) (total chunks: 858)
[18:58:28] TERRAIN: Creating chunk: (2.0, -20.0) at distance 14.14
[18:58:28] TERRAIN: Chunk (2.0, -20.0): TRIMESH collision created successfully (distance: 14.14, vertices: 8)
[18:58:28] TERRAIN: Chunk created successfully: (2.0, -20.0) at world pos (64.0, 0.0, -640.0) (total chunks: 859)
[18:58:28] TERRAIN: Creating chunk: (6.0, -20.0) at distance 14.14
[18:58:28] TERRAIN: Chunk (6.0, -20.0): TRIMESH collision created successfully (distance: 14.14, vertices: 8)
[18:58:28] TERRAIN: Chunk created successfully: (6.0, -20.0) at world pos (192.0, 0.0, -640.0) (total chunks: 860)
[18:58:28] TERRAIN: Creating chunk: (14.0, -16.0) at distance 14.14
[18:58:28] TERRAIN: Chunk (14.0, -16.0): TRIMESH collision created successfully (distance: 14.14, vertices: 8)
[18:58:28] TERRAIN: Chunk created successfully: (14.0, -16.0) at world pos (448.0, 0.0, -512.0) (total chunks: 861)
[18:58:28] TERRAIN: Creating chunk: (15.0, -15.0) at distance 14.21
[18:58:28] TERRAIN: Chunk (15.0, -15.0): TRIMESH collision created successfully (distance: 14.21, vertices: 8)
[18:58:28] TERRAIN: Chunk created successfully: (15.0, -15.0) at world pos (480.0, 0.0, -480.0) (total chunks: 862)
[18:58:28] TERRAIN: Creating chunk: (13.0, -17.0) at distance 14.21
[18:58:28] TERRAIN: Chunk (13.0, -17.0): TRIMESH collision created successfully (distance: 14.21, vertices: 8)
[18:58:28] TERRAIN: Chunk created successfully: (13.0, -17.0) at world pos (416.0, 0.0, -544.0) (total chunks: 863)
[18:58:28] TERRAIN: Creating chunk: (10.0, -19.0) at distance 14.32
[18:58:28] TERRAIN: Chunk (10.0, -19.0): TRIMESH collision created successfully (distance: 14.32, vertices: 8)
[18:58:28] TERRAIN: Chunk created successfully: (10.0, -19.0) at world pos (320.0, 0.0, -608.0) (total chunks: 864)
[18:58:28] TERRAIN: Creating chunk: (17.0, -12.0) at distance 14.32
[18:58:28] TERRAIN: Chunk (17.0, -12.0): TRIMESH collision created successfully (distance: 14.32, vertices: 8)
[18:58:28] TERRAIN: Chunk created successfully: (17.0, -12.0) at world pos (544.0, 0.0, -384.0) (total chunks: 865)
[18:58:28] TERRAIN: Creating chunk: (18.0, -9.0) at distance 14.32
[18:58:28] TERRAIN: Chunk (18.0, -9.0): TRIMESH collision created successfully (distance: 14.32, vertices: 8)
[18:58:28] TERRAIN: Chunk created successfully: (18.0, -9.0) at world pos (576.0, 0.0, -288.0) (total chunks: 866)
[18:58:28] TERRAIN: Creating chunk: (7.0, -20.0) at distance 14.32
[18:58:28] TERRAIN: Chunk (7.0, -20.0): TRIMESH collision created successfully (distance: 14.32, vertices: 8)
[18:58:28] TERRAIN: Chunk created successfully: (7.0, -20.0) at world pos (224.0, 0.0, -640.0) (total chunks: 867)
[18:58:28] TERRAIN: Creating chunk: (18.0, -3.0) at distance 14.32
[18:58:28] TERRAIN: Chunk (18.0, -3.0): TRIMESH collision created successfully (distance: 14.32, vertices: 8)
[18:58:28] TERRAIN: Chunk created successfully: (18.0, -3.0) at world pos (576.0, 0.0, -96.0) (total chunks: 868)
[18:58:28] TERRAIN: Creating chunk: (1.0, -20.0) at distance 14.32
[18:58:28] TERRAIN: Chunk (1.0, -20.0): TRIMESH collision created successfully (distance: 14.32, vertices: 8)
[18:58:28] TERRAIN: Chunk created successfully: (1.0, -20.0) at world pos (32.0, 0.0, -640.0) (total chunks: 869)
[18:58:28] TERRAIN: Creating chunk: (12.0, -18.0) at distance 14.42
[18:58:28] TERRAIN: Chunk (12.0, -18.0): TRIMESH collision created successfully (distance: 14.42, vertices: 8)
[18:58:28] TERRAIN: Chunk created successfully: (12.0, -18.0) at world pos (384.0, 0.0, -576.0) (total chunks: 870)
[18:58:28] TERRAIN: Creating chunk: (16.0, -14.0) at distance 14.42
[18:58:28] TERRAIN: Chunk (16.0, -14.0): TRIMESH collision created successfully (distance: 14.42, vertices: 8)
[18:58:28] TERRAIN: Chunk created successfully: (16.0, -14.0) at world pos (512.0, 0.0, -448.0) (total chunks: 871)
[18:58:28] TERRAIN: Creating chunk: (18.0, -2.0) at distance 14.56
[18:58:28] TERRAIN: Chunk (18.0, -2.0): TRIMESH collision created successfully (distance: 14.56, vertices: 8)
[18:58:28] TERRAIN: Chunk created successfully: (18.0, -2.0) at world pos (576.0, 0.0, -64.0) (total chunks: 872)
[18:58:28] TERRAIN: Creating chunk: (0.0, -20.0) at distance 14.56
[18:58:28] TERRAIN: Chunk (0.0, -20.0): TRIMESH collision created successfully (distance: 14.56, vertices: 8)
[18:58:28] TERRAIN: Chunk created successfully: (0.0, -20.0) at world pos (0.0, 0.0, -640.0) (total chunks: 873)
[18:58:28] TERRAIN: Creating chunk: (8.0, -20.0) at distance 14.56
[18:58:28] TERRAIN: Chunk (8.0, -20.0): TRIMESH collision created successfully (distance: 14.56, vertices: 8)
[18:58:28] TERRAIN: Chunk created successfully: (8.0, -20.0) at world pos (256.0, 0.0, -640.0) (total chunks: 874)
[18:58:28] TERRAIN: Creating chunk: (18.0, -10.0) at distance 14.56
[18:58:28] TERRAIN: Chunk (18.0, -10.0): TRIMESH collision created successfully (distance: 14.56, vertices: 8)
[18:58:28] TERRAIN: Chunk created successfully: (18.0, -10.0) at world pos (576.0, 0.0, -320.0) (total chunks: 875)
[18:58:28] TERRAIN: Creating chunk: (17.0, 1.0) at distance 14.76
[18:58:28] TERRAIN: Chunk (17.0, 1.0): TRIMESH collision created successfully (distance: 14.76, vertices: 8)
[18:58:28] TERRAIN: Chunk created successfully: (17.0, 1.0) at world pos (544.0, 0.0, 32.0) (total chunks: 876)
[18:58:28] TERRAIN: Creating chunk: (17.0, -13.0) at distance 14.76
[18:58:28] TERRAIN: Chunk (17.0, -13.0): TRIMESH collision created successfully (distance: 14.76, vertices: 8)
[18:58:28] TERRAIN: Chunk created successfully: (17.0, -13.0) at world pos (544.0, 0.0, -416.0) (total chunks: 877)
[18:58:28] TERRAIN: Creating chunk: (-3.0, -19.0) at distance 14.76
[18:58:28] TERRAIN: Chunk (-3.0, -19.0): TRIMESH collision created successfully (distance: 14.76, vertices: 8)
[18:58:28] TERRAIN: Chunk created successfully: (-3.0, -19.0) at world pos (-96.0, 0.0, -608.0) (total chunks: 878)
[18:58:28] TERRAIN: Creating chunk: (11.0, -19.0) at distance 14.76
[18:58:28] TERRAIN: Chunk (11.0, -19.0): TRIMESH collision created successfully (distance: 14.76, vertices: 8)
[18:58:28] TERRAIN: Chunk created successfully: (11.0, -19.0) at world pos (352.0, 0.0, -608.0) (total chunks: 879)
[18:58:28] TERRAIN: Creating chunk: (-1.0, -20.0) at distance 14.87
[18:58:28] TERRAIN: Chunk (-1.0, -20.0): TRIMESH collision created successfully (distance: 14.87, vertices: 8)
[18:58:28] TERRAIN: Chunk created successfully: (-1.0, -20.0) at world pos (-32.0, 0.0, -640.0) (total chunks: 880)
[18:58:28] TERRAIN: Creating chunk: (18.0, -11.0) at distance 14.87
[18:58:29] TERRAIN: Chunk (18.0, -11.0): TRIMESH collision created successfully (distance: 14.87, vertices: 8)
[18:58:29] TERRAIN: Chunk created successfully: (18.0, -11.0) at world pos (576.0, 0.0, -352.0) (total chunks: 881)
[18:58:29] TERRAIN: Creating chunk: (18.0, -1.0) at distance 14.87
[18:58:29] TERRAIN: Chunk (18.0, -1.0): TRIMESH collision created successfully (distance: 14.87, vertices: 8)
[18:58:29] TERRAIN: Chunk created successfully: (18.0, -1.0) at world pos (576.0, 0.0, -32.0) (total chunks: 882)
[18:58:29] TERRAIN: Creating chunk: (15.0, -16.0) at distance 14.87
[18:58:29] TERRAIN: Chunk (15.0, -16.0): TRIMESH collision created successfully (distance: 14.87, vertices: 8)
[18:58:29] TERRAIN: Chunk created successfully: (15.0, -16.0) at world pos (480.0, 0.0, -512.0) (total chunks: 883)
[18:58:29] TERRAIN: Creating chunk: (14.0, -17.0) at distance 14.87
[18:58:29] TERRAIN: Chunk (14.0, -17.0): TRIMESH collision created successfully (distance: 14.87, vertices: 8)
[18:58:29] TERRAIN: Chunk created successfully: (14.0, -17.0) at world pos (448.0, 0.0, -544.0) (total chunks: 884)
[18:58:29] PLAYER: Pos: (150.744, -0.007672, -161.537) | Chunk: (4.0, -6.0) | TerrainHeight: 0.02 | HeightDiff: -0.03 | OnFloor: true
[18:58:29] PLAYER: CHUNK CHANGED: (4.0, -5.0) -> (4.0, -6.0)
[18:58:29] TERRAIN: Creating chunk: (9.0, -20.0) at distance 14.87
[18:58:29] TERRAIN: Chunk (9.0, -20.0): TRIMESH collision created successfully (distance: 14.87, vertices: 8)
[18:58:29] TERRAIN: Chunk created successfully: (9.0, -20.0) at world pos (288.0, 0.0, -640.0) (total chunks: 885)
[18:58:29] TERRAIN: Creating chunk: (19.0, -6.0) at distance 15.00
[18:58:29] TERRAIN: Chunk (19.0, -6.0): TRIMESH collision created successfully (distance: 15.00, vertices: 8)
[18:58:29] TERRAIN: Chunk created successfully: (19.0, -6.0) at world pos (608.0, 0.0, -192.0) (total chunks: 886)
[18:58:29] TERRAIN: Creating chunk: (16.0, 3.0) at distance 15.00
[18:58:29] TERRAIN: Chunk (16.0, 3.0): TRIMESH collision created successfully (distance: 15.00, vertices: 8)
[18:58:29] TERRAIN: Chunk created successfully: (16.0, 3.0) at world pos (512.0, 0.0, 96.0) (total chunks: 887)
[18:58:29] TERRAIN: Creating chunk: (16.0, -15.0) at distance 15.00
[18:58:29] TERRAIN: Chunk (16.0, -15.0): TRIMESH collision created successfully (distance: 15.00, vertices: 8)
[18:58:29] TERRAIN: Chunk created successfully: (16.0, -15.0) at world pos (512.0, 0.0, -480.0) (total chunks: 888)
[18:58:29] TERRAIN: Creating chunk: (13.0, -18.0) at distance 15.00
[18:58:29] TERRAIN: Chunk (13.0, -18.0): TRIMESH collision created successfully (distance: 15.00, vertices: 8)
[18:58:29] TERRAIN: Chunk created successfully: (13.0, -18.0) at world pos (416.0, 0.0, -576.0) (total chunks: 889)
[18:58:29] TERRAIN: Creating chunk: (4.0, -21.0) at distance 15.00
[18:58:29] TERRAIN: Chunk (4.0, -21.0): TRIMESH collision created successfully (distance: 15.00, vertices: 8)
[18:58:29] TERRAIN: Chunk created successfully: (4.0, -21.0) at world pos (128.0, 0.0, -672.0) (total chunks: 890)
[18:58:29] TERRAIN: Creating chunk: (-5.0, -18.0) at distance 15.00
[18:58:29] TERRAIN: Chunk (-5.0, -18.0): TRIMESH collision created successfully (distance: 15.00, vertices: 8)
[18:58:29] TERRAIN: Chunk created successfully: (-5.0, -18.0) at world pos (-160.0, 0.0, -576.0) (total chunks: 891)
[18:58:29] PLAYER: Pos: (156.0907, -0.001542, -167.4879) | Chunk: (4.0, -6.0) | TerrainHeight: 0.02 | HeightDiff: -0.02 | OnFloor: true
[18:58:30] TERRAIN: Player moved to new chunk: (5.0, -6.0) (was (4.0, -6.0))
[18:58:30] PLAYER: Pos: (161.4373, 0.004605, -173.4388) | Chunk: (5.0, -6.0) | TerrainHeight: 0.04 | HeightDiff: -0.04 | OnFloor: true
[18:58:30] PLAYER: CHUNK CHANGED: (4.0, -6.0) -> (5.0, -6.0)
[18:58:31] PLAYER: Pos: (166.784, 0.008662, -179.3898) | Chunk: (5.0, -6.0) | TerrainHeight: 0.06 | HeightDiff: -0.05 | OnFloor: true
[18:58:32] PLAYER: Pos: (172.1307, 0.010701, -185.3407) | Chunk: (5.0, -6.0) | TerrainHeight: 0.07 | HeightDiff: -0.06 | OnFloor: true
[18:58:33] PLAYER: Pos: (177.4774, 0.014779, -191.2916) | Chunk: (5.0, -6.0) | TerrainHeight: 0.07 | HeightDiff: -0.05 | OnFloor: true
[18:58:34] TERRAIN: Player moved to new chunk: (5.0, -7.0) (was (5.0, -6.0))
[18:58:34] TERRAIN: Updating terrain for player chunk: (5.0, -7.0) (player pos: (178.2794, 0.014779, -192.1842))
[18:58:34] TERRAIN: Player chunk (5.0, -7.0) distance: 0.00 (max_distance: 20)
[18:58:34] TERRAIN: Removing 36 distant chunks
[18:58:34] TERRAIN: Removing chunk (-6.0, 10.0) at distance 20.25 (player: (5.0, -7.0))
[18:58:34] TERRAIN: Removing chunk: (-6.0, 10.0)
[18:58:34] TERRAIN: Removing chunk (-4.0, 11.0) at distance 20.12 (player: (5.0, -7.0))
[18:58:34] TERRAIN: Removing chunk: (-4.0, 11.0)
[18:58:34] TERRAIN: Removing chunk (-8.0, 9.0) at distance 20.62 (player: (5.0, -7.0))
[18:58:34] TERRAIN: Removing chunk: (-8.0, 9.0)
[18:58:34] TERRAIN: Removing chunk (-9.0, 8.0) at distance 20.52 (player: (5.0, -7.0))
[18:58:34] TERRAIN: Removing chunk: (-9.0, 8.0)
[18:58:34] TERRAIN: Removing chunk (-5.0, 11.0) at distance 20.59 (player: (5.0, -7.0))
[18:58:34] TERRAIN: Removing chunk: (-5.0, 11.0)
[18:58:34] TERRAIN: Removing chunk (-2.0, 12.0) at distance 20.25 (player: (5.0, -7.0))
[18:58:34] TERRAIN: Removing chunk: (-2.0, 12.0)
[18:58:34] TERRAIN: Removing chunk (-7.0, 10.0) at distance 20.81 (player: (5.0, -7.0))
[18:58:34] TERRAIN: Removing chunk: (-7.0, 10.0)
[18:58:34] TERRAIN: Removing chunk (-10.0, 7.0) at distance 20.52 (player: (5.0, -7.0))
[18:58:34] TERRAIN: Removing chunk: (-10.0, 7.0)
[18:58:34] TERRAIN: Removing chunk (-3.0, 12.0) at distance 20.62 (player: (5.0, -7.0))
[18:58:34] TERRAIN: Removing chunk: (-3.0, 12.0)
[18:58:34] TERRAIN: Removing chunk (-11.0, 6.0) at distance 20.62 (player: (5.0, -7.0))
[18:58:34] TERRAIN: Removing chunk: (-11.0, 6.0)
[18:58:34] TERRAIN: Removing chunk (-6.0, 11.0) at distance 21.10 (player: (5.0, -7.0))
[18:58:34] TERRAIN: Removing chunk: (-6.0, 11.0)
[18:58:34] TERRAIN: Removing chunk (-12.0, 4.0) at distance 20.25 (player: (5.0, -7.0))
[18:58:34] TERRAIN: Removing chunk: (-12.0, 4.0)
[18:58:34] TERRAIN: Removing chunk (-4.0, 12.0) at distance 21.02 (player: (5.0, -7.0))
[18:58:34] TERRAIN: Removing chunk: (-4.0, 12.0)
[18:58:34] TERRAIN: Removing chunk (-9.0, 9.0) at distance 21.26 (player: (5.0, -7.0))
[18:58:34] TERRAIN: Removing chunk: (-9.0, 9.0)
[18:58:34] TERRAIN: Removing chunk (-8.0, 10.0) at distance 21.40 (player: (5.0, -7.0))
[18:58:34] TERRAIN: Removing chunk: (-8.0, 10.0)
[18:58:34] TERRAIN: Removing chunk (-10.0, 8.0) at distance 21.21 (player: (5.0, -7.0))
[18:58:34] TERRAIN: Removing chunk: (-10.0, 8.0)
[18:58:34] TERRAIN: Removing chunk (-12.0, 5.0) at distance 20.81 (player: (5.0, -7.0))
[18:58:34] TERRAIN: Removing chunk: (-12.0, 5.0)
[18:58:34] TERRAIN: Removing chunk (0.0, 13.0) at distance 20.62 (player: (5.0, -7.0))
[18:58:34] TERRAIN: Removing chunk: (0.0, 13.0)
[18:58:34] TERRAIN: Removing chunk (-11.0, 7.0) at distance 21.26 (player: (5.0, -7.0))
[18:58:34] TERRAIN: Removing chunk: (-11.0, 7.0)
[18:58:34] TERRAIN: Removing chunk (1.0, 13.0) at distance 20.40 (player: (5.0, -7.0))
[18:58:34] TERRAIN: Removing chunk: (1.0, 13.0)
[18:58:34] TERRAIN: Removing chunk (-1.0, 13.0) at distance 20.88 (player: (5.0, -7.0))
[18:58:34] TERRAIN: Removing chunk: (-1.0, 13.0)
[18:58:34] TERRAIN: Removing chunk (-13.0, 2.0) at distance 20.12 (player: (5.0, -7.0))
[18:58:34] TERRAIN: Removing chunk: (-13.0, 2.0)
[18:58:34] TERRAIN: Removing chunk (2.0, 13.0) at distance 20.22 (player: (5.0, -7.0))
[18:58:34] TERRAIN: Removing chunk: (2.0, 13.0)
[18:58:34] TERRAIN: Removing chunk (-2.0, 13.0) at distance 21.19 (player: (5.0, -7.0))
[18:58:34] TERRAIN: Removing chunk: (-2.0, 13.0)
[18:58:34] TERRAIN: Removing chunk (3.0, 13.0) at distance 20.10 (player: (5.0, -7.0))
[18:58:34] TERRAIN: Removing chunk: (3.0, 13.0)
[18:58:34] TERRAIN: Removing chunk (-13.0, 3.0) at distance 20.59 (player: (5.0, -7.0))
[18:58:34] TERRAIN: Removing chunk: (-13.0, 3.0)
[18:58:34] TERRAIN: Removing chunk (-12.0, 6.0) at distance 21.40 (player: (5.0, -7.0))
[18:58:34] TERRAIN: Removing chunk: (-12.0, 6.0)
[18:58:34] TERRAIN: Removing chunk (-13.0, 4.0) at distance 21.10 (player: (5.0, -7.0))
[18:58:34] TERRAIN: Removing chunk: (-13.0, 4.0)
[18:58:34] TERRAIN: Removing chunk (4.0, 13.0) at distance 20.02 (player: (5.0, -7.0))
[18:58:34] TERRAIN: Removing chunk: (4.0, 13.0)
[18:58:34] TERRAIN: Removing chunk (-14.0, 0.0) at distance 20.25 (player: (5.0, -7.0))
[18:58:34] TERRAIN: Removing chunk: (-14.0, 0.0)
[18:58:34] TERRAIN: Removing chunk (-14.0, 1.0) at distance 20.62 (player: (5.0, -7.0))
[18:58:34] TERRAIN: Removing chunk: (-14.0, 1.0)
[18:58:34] TERRAIN: Removing chunk (-14.0, 2.0) at distance 21.02 (player: (5.0, -7.0))
[18:58:34] TERRAIN: Removing chunk: (-14.0, 2.0)
[18:58:34] TERRAIN: Removing chunk (6.0, 13.0) at distance 20.02 (player: (5.0, -7.0))
[18:58:34] TERRAIN: Removing chunk: (6.0, 13.0)
[18:58:34] TERRAIN: Removing chunk (4.0, 14.0) at distance 21.02 (player: (5.0, -7.0))
[18:58:34] TERRAIN: Removing chunk: (4.0, 14.0)
[18:58:34] TERRAIN: Removing chunk (7.0, 13.0) at distance 20.10 (player: (5.0, -7.0))
[18:58:34] TERRAIN: Removing chunk: (7.0, 13.0)
[18:58:34] TERRAIN: Removing chunk (-15.0, 0.0) at distance 21.19 (player: (5.0, -7.0))
[18:58:34] TERRAIN: Removing chunk: (-15.0, 0.0)
[18:58:34] TERRAIN: Queuing 43 new chunks for generation
[18:58:34] TERRAIN: Queued chunk: (17.0, -14.0) (distance: 13.89)
[18:58:34] TERRAIN: Queued chunk: (12.0, -19.0) (distance: 13.89)
[18:58:34] TERRAIN: Queued chunk: (18.0, -12.0) (distance: 13.93)
[18:58:34] TERRAIN: Queued chunk: (10.0, -20.0) (distance: 13.93)
[18:58:34] TERRAIN: Queued chunk: (19.0, -7.0) (distance: 14.00)
[18:58:34] TERRAIN: Queued chunk: (5.0, -21.0) (distance: 14.00)
[18:58:34] TERRAIN: Queued chunk: (19.0, -8.0) (distance: 14.04)
[18:58:34] TERRAIN: Queued chunk: (6.0, -21.0) (distance: 14.04)
[18:58:34] TERRAIN: Queued chunk: (19.0, -9.0) (distance: 14.14)
[18:58:34] TERRAIN: Queued chunk: (19.0, -5.0) (distance: 14.14)
[18:58:34] TERRAIN: Queued chunk: (3.0, -21.0) (distance: 14.14)
[18:58:34] TERRAIN: Queued chunk: (7.0, -21.0) (distance: 14.14)
[18:58:34] TERRAIN: Queued chunk: (15.0, -17.0) (distance: 14.14)
[18:58:34] TERRAIN: Queued chunk: (16.0, -16.0) (distance: 14.21)
[18:58:34] TERRAIN: Queued chunk: (14.0, -18.0) (distance: 14.21)
[18:58:34] TERRAIN: Queued chunk: (11.0, -20.0) (distance: 14.32)
[18:58:34] TERRAIN: Queued chunk: (18.0, -13.0) (distance: 14.32)
[18:58:34] TERRAIN: Queued chunk: (19.0, -10.0) (distance: 14.32)
[18:58:34] TERRAIN: Queued chunk: (8.0, -21.0) (distance: 14.32)
[18:58:34] TERRAIN: Queued chunk: (19.0, -4.0) (distance: 14.32)
[18:58:34] TERRAIN: Queued chunk: (2.0, -21.0) (distance: 14.32)
[18:58:34] TERRAIN: Queued chunk: (13.0, -19.0) (distance: 14.42)
[18:58:34] TERRAIN: Queued chunk: (17.0, -15.0) (distance: 14.42)
[18:58:34] TERRAIN: Queued chunk: (19.0, -3.0) (distance: 14.56)
[18:58:34] TERRAIN: Queued chunk: (1.0, -21.0) (distance: 14.56)
[18:58:34] TERRAIN: Queued chunk: (9.0, -21.0) (distance: 14.56)
[18:58:34] TERRAIN: Queued chunk: (19.0, -11.0) (distance: 14.56)
[18:58:34] TERRAIN: Queued chunk: (18.0, 0.0) (distance: 14.76)
[18:58:34] TERRAIN: Queued chunk: (18.0, -14.0) (distance: 14.76)
[18:58:34] TERRAIN: Queued chunk: (-2.0, -20.0) (distance: 14.76)
[18:58:34] TERRAIN: Queued chunk: (12.0, -20.0) (distance: 14.76)
[18:58:34] TERRAIN: Queued chunk: (0.0, -21.0) (distance: 14.87)
[18:58:34] TERRAIN: Queued chunk: (19.0, -12.0) (distance: 14.87)
[18:58:34] TERRAIN: Queued chunk: (19.0, -2.0) (distance: 14.87)
[18:58:34] TERRAIN: Queued chunk: (16.0, -17.0) (distance: 14.87)
[18:58:34] TERRAIN: Queued chunk: (15.0, -18.0) (distance: 14.87)
[18:58:34] TERRAIN: Queued chunk: (10.0, -21.0) (distance: 14.87)
[18:58:34] TERRAIN: Queued chunk: (20.0, -7.0) (distance: 15.00)
[18:58:34] TERRAIN: Queued chunk: (17.0, 2.0) (distance: 15.00)
[18:58:34] TERRAIN: Queued chunk: (17.0, -16.0) (distance: 15.00)
[18:58:34] TERRAIN: Queued chunk: (14.0, -19.0) (distance: 15.00)
[18:58:34] TERRAIN: Queued chunk: (5.0, -22.0) (distance: 15.00)
[18:58:34] TERRAIN: Queued chunk: (-4.0, -19.0) (distance: 15.00)
[18:58:34] TERRAIN: Creating chunk: (17.0, -14.0) at distance 13.89
[18:58:34] TERRAIN: Chunk (17.0, -14.0): TRIMESH collision created successfully (distance: 13.89, vertices: 8)
[18:58:34] TERRAIN: Chunk created successfully: (17.0, -14.0) at world pos (544.0, 0.0, -448.0) (total chunks: 856)
[18:58:34] TERRAIN: Creating chunk: (12.0, -19.0) at distance 13.89
[18:58:34] TERRAIN: Chunk (12.0, -19.0): TRIMESH collision created successfully (distance: 13.89, vertices: 8)
[18:58:34] TERRAIN: Chunk created successfully: (12.0, -19.0) at world pos (384.0, 0.0, -608.0) (total chunks: 857)
[18:58:34] TERRAIN: Creating chunk: (18.0, -12.0) at distance 13.93
[18:58:34] TERRAIN: Chunk (18.0, -12.0): TRIMESH collision created successfully (distance: 13.93, vertices: 8)
[18:58:34] TERRAIN: Chunk created successfully: (18.0, -12.0) at world pos (576.0, 0.0, -384.0) (total chunks: 858)
[18:58:34] TERRAIN: Creating chunk: (10.0, -20.0) at distance 13.93
[18:58:34] TERRAIN: Chunk (10.0, -20.0): TRIMESH collision created successfully (distance: 13.93, vertices: 8)
[18:58:34] TERRAIN: Chunk created successfully: (10.0, -20.0) at world pos (320.0, 0.0, -640.0) (total chunks: 859)
[18:58:34] TERRAIN: Creating chunk: (19.0, -7.0) at distance 14.00
[18:58:34] TERRAIN: Chunk (19.0, -7.0): TRIMESH collision created successfully (distance: 14.00, vertices: 8)
[18:58:34] TERRAIN: Chunk created successfully: (19.0, -7.0) at world pos (608.0, 0.0, -224.0) (total chunks: 860)
[18:58:34] TERRAIN: Creating chunk: (5.0, -21.0) at distance 14.00
[18:58:34] TERRAIN: Chunk (5.0, -21.0): TRIMESH collision created successfully (distance: 14.00, vertices: 8)
[18:58:34] TERRAIN: Chunk created successfully: (5.0, -21.0) at world pos (160.0, 0.0, -672.0) (total chunks: 861)
[18:58:34] TERRAIN: Creating chunk: (19.0, -8.0) at distance 14.04
[18:58:34] TERRAIN: Chunk (19.0, -8.0): TRIMESH collision created successfully (distance: 14.04, vertices: 8)
[18:58:34] TERRAIN: Chunk created successfully: (19.0, -8.0) at world pos (608.0, 0.0, -256.0) (total chunks: 862)
[18:58:34] TERRAIN: Creating chunk: (6.0, -21.0) at distance 14.04
[18:58:34] TERRAIN: Chunk (6.0, -21.0): TRIMESH collision created successfully (distance: 14.04, vertices: 8)
[18:58:34] TERRAIN: Chunk created successfully: (6.0, -21.0) at world pos (192.0, 0.0, -672.0) (total chunks: 863)
[18:58:34] TERRAIN: Creating chunk: (19.0, -9.0) at distance 14.14
[18:58:34] TERRAIN: Chunk (19.0, -9.0): TRIMESH collision created successfully (distance: 14.14, vertices: 8)
[18:58:34] TERRAIN: Chunk created successfully: (19.0, -9.0) at world pos (608.0, 0.0, -288.0) (total chunks: 864)
[18:58:34] TERRAIN: Creating chunk: (19.0, -5.0) at distance 14.14
[18:58:34] TERRAIN: Chunk (19.0, -5.0): TRIMESH collision created successfully (distance: 14.14, vertices: 8)
[18:58:34] TERRAIN: Chunk created successfully: (19.0, -5.0) at world pos (608.0, 0.0, -160.0) (total chunks: 865)
[18:58:34] TERRAIN: Creating chunk: (3.0, -21.0) at distance 14.14
[18:58:34] TERRAIN: Chunk (3.0, -21.0): TRIMESH collision created successfully (distance: 14.14, vertices: 8)
[18:58:34] TERRAIN: Chunk created successfully: (3.0, -21.0) at world pos (96.0, 0.0, -672.0) (total chunks: 866)
[18:58:34] TERRAIN: Creating chunk: (7.0, -21.0) at distance 14.14
[18:58:34] TERRAIN: Chunk (7.0, -21.0): TRIMESH collision created successfully (distance: 14.14, vertices: 8)
[18:58:34] TERRAIN: Chunk created successfully: (7.0, -21.0) at world pos (224.0, 0.0, -672.0) (total chunks: 867)
[18:58:34] TERRAIN: Creating chunk: (15.0, -17.0) at distance 14.14
[18:58:34] TERRAIN: Chunk (15.0, -17.0): TRIMESH collision created successfully (distance: 14.14, vertices: 8)
[18:58:34] TERRAIN: Chunk created successfully: (15.0, -17.0) at world pos (480.0, 0.0, -544.0) (total chunks: 868)
[18:58:34] TERRAIN: Creating chunk: (16.0, -16.0) at distance 14.21
[18:58:34] TERRAIN: Chunk (16.0, -16.0): TRIMESH collision created successfully (distance: 14.21, vertices: 8)
[18:58:34] TERRAIN: Chunk created successfully: (16.0, -16.0) at world pos (512.0, 0.0, -512.0) (total chunks: 869)
[18:58:34] TERRAIN: Creating chunk: (14.0, -18.0) at distance 14.21
[18:58:34] TERRAIN: Chunk (14.0, -18.0): TRIMESH collision created successfully (distance: 14.21, vertices: 8)
[18:58:34] TERRAIN: Chunk created successfully: (14.0, -18.0) at world pos (448.0, 0.0, -576.0) (total chunks: 870)
[18:58:34] TERRAIN: Creating chunk: (11.0, -20.0) at distance 14.32
[18:58:34] TERRAIN: Chunk (11.0, -20.0): TRIMESH collision created successfully (distance: 14.32, vertices: 8)
[18:58:34] TERRAIN: Chunk created successfully: (11.0, -20.0) at world pos (352.0, 0.0, -640.0) (total chunks: 871)
[18:58:34] TERRAIN: Creating chunk: (18.0, -13.0) at distance 14.32
[18:58:34] TERRAIN: Chunk (18.0, -13.0): TRIMESH collision created successfully (distance: 14.32, vertices: 8)
[18:58:34] TERRAIN: Chunk created successfully: (18.0, -13.0) at world pos (576.0, 0.0, -416.0) (total chunks: 872)
[18:58:34] TERRAIN: Creating chunk: (19.0, -10.0) at distance 14.32
[18:58:34] TERRAIN: Chunk (19.0, -10.0): TRIMESH collision created successfully (distance: 14.32, vertices: 8)
[18:58:34] TERRAIN: Chunk created successfully: (19.0, -10.0) at world pos (608.0, 0.0, -320.0) (total chunks: 873)
[18:58:34] TERRAIN: Creating chunk: (8.0, -21.0) at distance 14.32
[18:58:34] TERRAIN: Chunk (8.0, -21.0): TRIMESH collision created successfully (distance: 14.32, vertices: 8)
[18:58:34] TERRAIN: Chunk created successfully: (8.0, -21.0) at world pos (256.0, 0.0, -672.0) (total chunks: 874)
[18:58:34] TERRAIN: Creating chunk: (19.0, -4.0) at distance 14.32
[18:58:34] TERRAIN: Chunk (19.0, -4.0): TRIMESH collision created successfully (distance: 14.32, vertices: 8)
[18:58:34] TERRAIN: Chunk created successfully: (19.0, -4.0) at world pos (608.0, 0.0, -128.0) (total chunks: 875)
[18:58:34] TERRAIN: Creating chunk: (2.0, -21.0) at distance 14.32
[18:58:34] TERRAIN: Chunk (2.0, -21.0): TRIMESH collision created successfully (distance: 14.32, vertices: 8)
[18:58:34] TERRAIN: Chunk created successfully: (2.0, -21.0) at world pos (64.0, 0.0, -672.0) (total chunks: 876)
[18:58:34] TERRAIN: Creating chunk: (13.0, -19.0) at distance 14.42
[18:58:34] TERRAIN: Chunk (13.0, -19.0): TRIMESH collision created successfully (distance: 14.42, vertices: 8)
[18:58:34] TERRAIN: Chunk created successfully: (13.0, -19.0) at world pos (416.0, 0.0, -608.0) (total chunks: 877)
[18:58:34] TERRAIN: Creating chunk: (17.0, -15.0) at distance 14.42
[18:58:34] TERRAIN: Chunk (17.0, -15.0): TRIMESH collision created successfully (distance: 14.42, vertices: 8)
[18:58:34] TERRAIN: Chunk created successfully: (17.0, -15.0) at world pos (544.0, 0.0, -480.0) (total chunks: 878)
[18:58:34] TERRAIN: Creating chunk: (19.0, -3.0) at distance 14.56
[18:58:34] TERRAIN: Chunk (19.0, -3.0): TRIMESH collision created successfully (distance: 14.56, vertices: 8)
[18:58:34] TERRAIN: Chunk created successfully: (19.0, -3.0) at world pos (608.0, 0.0, -96.0) (total chunks: 879)
[18:58:34] TERRAIN: Creating chunk: (1.0, -21.0) at distance 14.56
[18:58:34] TERRAIN: Chunk (1.0, -21.0): TRIMESH collision created successfully (distance: 14.56, vertices: 8)
[18:58:34] TERRAIN: Chunk created successfully: (1.0, -21.0) at world pos (32.0, 0.0, -672.0) (total chunks: 880)
[18:58:34] TERRAIN: Creating chunk: (9.0, -21.0) at distance 14.56
[18:58:34] TERRAIN: Chunk (9.0, -21.0): TRIMESH collision created successfully (distance: 14.56, vertices: 8)
[18:58:34] TERRAIN: Chunk created successfully: (9.0, -21.0) at world pos (288.0, 0.0, -672.0) (total chunks: 881)
[18:58:34] TERRAIN: Creating chunk: (19.0, -11.0) at distance 14.56
[18:58:34] TERRAIN: Chunk (19.0, -11.0): TRIMESH collision created successfully (distance: 14.56, vertices: 8)
[18:58:34] TERRAIN: Chunk created successfully: (19.0, -11.0) at world pos (608.0, 0.0, -352.0) (total chunks: 882)
[18:58:34] TERRAIN: Creating chunk: (18.0, 0.0) at distance 14.76
[18:58:34] TERRAIN: Chunk (18.0, 0.0): TRIMESH collision created successfully (distance: 14.76, vertices: 8)
[18:58:34] TERRAIN: Chunk created successfully: (18.0, 0.0) at world pos (576.0, 0.0, 0.0) (total chunks: 883)
[18:58:34] TERRAIN: Creating chunk: (18.0, -14.0) at distance 14.76
[18:58:34] TERRAIN: Chunk (18.0, -14.0): TRIMESH collision created successfully (distance: 14.76, vertices: 8)
[18:58:34] TERRAIN: Chunk created successfully: (18.0, -14.0) at world pos (576.0, 0.0, -448.0) (total chunks: 884)
[18:58:34] TERRAIN: Creating chunk: (-2.0, -20.0) at distance 14.76
[18:58:34] TERRAIN: Chunk (-2.0, -20.0): TRIMESH collision created successfully (distance: 14.76, vertices: 8)
[18:58:34] TERRAIN: Chunk created successfully: (-2.0, -20.0) at world pos (-64.0, 0.0, -640.0) (total chunks: 885)
[18:58:34] TERRAIN: Creating chunk: (12.0, -20.0) at distance 14.76
[18:58:34] TERRAIN: Chunk (12.0, -20.0): TRIMESH collision created successfully (distance: 14.76, vertices: 8)
[18:58:34] TERRAIN: Chunk created successfully: (12.0, -20.0) at world pos (384.0, 0.0, -640.0) (total chunks: 886)
[18:58:34] TERRAIN: Creating chunk: (0.0, -21.0) at distance 14.87
[18:58:34] TERRAIN: Chunk (0.0, -21.0): TRIMESH collision created successfully (distance: 14.87, vertices: 8)
[18:58:34] TERRAIN: Chunk created successfully: (0.0, -21.0) at world pos (0.0, 0.0, -672.0) (total chunks: 887)
[18:58:34] TERRAIN: Creating chunk: (19.0, -12.0) at distance 14.87
[18:58:34] TERRAIN: Chunk (19.0, -12.0): TRIMESH collision created successfully (distance: 14.87, vertices: 8)
[18:58:34] TERRAIN: Chunk created successfully: (19.0, -12.0) at world pos (608.0, 0.0, -384.0) (total chunks: 888)
[18:58:34] TERRAIN: Creating chunk: (19.0, -2.0) at distance 14.87
[18:58:34] TERRAIN: Chunk (19.0, -2.0): TRIMESH collision created successfully (distance: 14.87, vertices: 8)
[18:58:34] TERRAIN: Chunk created successfully: (19.0, -2.0) at world pos (608.0, 0.0, -64.0) (total chunks: 889)
[18:58:34] TERRAIN: Creating chunk: (16.0, -17.0) at distance 14.87
[18:58:34] TERRAIN: Chunk (16.0, -17.0): TRIMESH collision created successfully (distance: 14.87, vertices: 8)
[18:58:34] TERRAIN: Chunk created successfully: (16.0, -17.0) at world pos (512.0, 0.0, -544.0) (total chunks: 890)
[18:58:34] TERRAIN: Creating chunk: (15.0, -18.0) at distance 14.87
[18:58:34] TERRAIN: Chunk (15.0, -18.0): TRIMESH collision created successfully (distance: 14.87, vertices: 8)
[18:58:34] TERRAIN: Chunk created successfully: (15.0, -18.0) at world pos (480.0, 0.0, -576.0) (total chunks: 891)
[18:58:34] TERRAIN: Creating chunk: (10.0, -21.0) at distance 14.87
[18:58:34] TERRAIN: Chunk (10.0, -21.0): TRIMESH collision created successfully (distance: 14.87, vertices: 8)
[18:58:34] TERRAIN: Chunk created successfully: (10.0, -21.0) at world pos (320.0, 0.0, -672.0) (total chunks: 892)
[18:58:34] TERRAIN: Creating chunk: (20.0, -7.0) at distance 15.00
[18:58:34] TERRAIN: Chunk (20.0, -7.0): TRIMESH collision created successfully (distance: 15.00, vertices: 8)
[18:58:34] TERRAIN: Chunk created successfully: (20.0, -7.0) at world pos (640.0, 0.0, -224.0) (total chunks: 893)
[18:58:34] TERRAIN: Creating chunk: (17.0, 2.0) at distance 15.00
[18:58:34] TERRAIN: Chunk (17.0, 2.0): TRIMESH collision created successfully (distance: 15.00, vertices: 8)
[18:58:34] TERRAIN: Chunk created successfully: (17.0, 2.0) at world pos (544.0, 0.0, 64.0) (total chunks: 894)
[18:58:34] TERRAIN: Creating chunk: (17.0, -16.0) at distance 15.00
[18:58:34] TERRAIN: Chunk (17.0, -16.0): TRIMESH collision created successfully (distance: 15.00, vertices: 8)
[18:58:34] TERRAIN: Chunk created successfully: (17.0, -16.0) at world pos (544.0, 0.0, -512.0) (total chunks: 895)
[18:58:34] TERRAIN: Creating chunk: (14.0, -19.0) at distance 15.00
[18:58:34] TERRAIN: Chunk (14.0, -19.0): TRIMESH collision created successfully (distance: 15.00, vertices: 8)
[18:58:34] TERRAIN: Chunk created successfully: (14.0, -19.0) at world pos (448.0, 0.0, -608.0) (total chunks: 896)
[18:58:34] TERRAIN: Creating chunk: (5.0, -22.0) at distance 15.00
[18:58:34] TERRAIN: Chunk (5.0, -22.0): TRIMESH collision created successfully (distance: 15.00, vertices: 8)
[18:58:34] TERRAIN: Chunk created successfully: (5.0, -22.0) at world pos (160.0, 0.0, -704.0) (total chunks: 897)
[18:58:34] TERRAIN: Creating chunk: (-4.0, -19.0) at distance 15.00
[18:58:34] TERRAIN: Chunk (-4.0, -19.0): TRIMESH collision created successfully (distance: 15.00, vertices: 8)
[18:58:34] TERRAIN: Chunk created successfully: (-4.0, -19.0) at world pos (-128.0, 0.0, -608.0) (total chunks: 898)
[18:58:34] PLAYER: Pos: (182.824, 0.008041, -197.2425) | Chunk: (5.0, -7.0) | TerrainHeight: 0.01 | HeightDiff: 0.00 | OnFloor: true
[18:58:34] PLAYER: CHUNK CHANGED: (5.0, -6.0) -> (5.0, -7.0)
[18:58:35] PLAYER: Pos: (188.1707, 0.000179, -203.1935) | Chunk: (5.0, -7.0) | TerrainHeight: -0.00 | HeightDiff: 0.00 | OnFloor: true
[18:58:36] TERRAIN: Player moved to new chunk: (6.0, -7.0) (was (5.0, -7.0))
[18:58:36] PLAYER: Pos: (193.5174, -0.00873, -209.1444) | Chunk: (6.0, -7.0) | TerrainHeight: -0.01 | HeightDiff: 0.00 | OnFloor: true
[18:58:36] PLAYER: CHUNK CHANGED: (5.0, -7.0) -> (6.0, -7.0)
[18:58:37] PLAYER: Pos: (195.6561, -0.013369, -211.5248) | Chunk: (6.0, -7.0) | TerrainHeight: -0.01 | HeightDiff: -0.00 | OnFloor: true
[18:58:38] PLAYER: Pos: (199.0646, -0.020546, -215.3185) | Chunk: (6.0, -7.0) | TerrainHeight: -0.01 | HeightDiff: -0.01 | OnFloor: true
[18:58:39] PLAYER: Pos: (203.5424, -0.030117, -220.3022) | Chunk: (6.0, -7.0) | TerrainHeight: -0.03 | HeightDiff: -0.00 | OnFloor: true
[18:58:40] TERRAIN: Player moved to new chunk: (6.0, -8.0) (was (6.0, -7.0))
[18:58:40] PLAYER: Pos: (206.8841, -0.037963, -224.021) | Chunk: (6.0, -8.0) | TerrainHeight: -0.05 | HeightDiff: 0.01 | OnFloor: true
[18:58:40] PLAYER: CHUNK CHANGED: (6.0, -7.0) -> (6.0, -8.0)
[18:58:41] TERRAIN: Updating terrain for player chunk: (6.0, -8.0) (player pos: (206.9398, -0.037963, -224.083))
[18:58:41] TERRAIN: Player chunk (6.0, -8.0) distance: 0.00 (max_distance: 20)
[18:58:41] TERRAIN: Removing 41 distant chunks
[18:58:41] TERRAIN: Removing chunk (-5.0, 9.0) at distance 20.25 (player: (6.0, -8.0))
[18:58:41] TERRAIN: Removing chunk: (-5.0, 9.0)
[18:58:41] TERRAIN: Removing chunk (-3.0, 10.0) at distance 20.12 (player: (6.0, -8.0))
[18:58:41] TERRAIN: Removing chunk: (-3.0, 10.0)
[18:58:41] TERRAIN: Removing chunk (-8.0, 7.0) at distance 20.52 (player: (6.0, -8.0))
[18:58:41] TERRAIN: Removing chunk: (-8.0, 7.0)
[18:58:41] TERRAIN: Removing chunk (-7.0, 8.0) at distance 20.62 (player: (6.0, -8.0))
[18:58:41] TERRAIN: Removing chunk: (-7.0, 8.0)
[18:58:41] TERRAIN: Removing chunk (-4.0, 10.0) at distance 20.59 (player: (6.0, -8.0))
[18:58:41] TERRAIN: Removing chunk: (-4.0, 10.0)
[18:58:41] TERRAIN: Removing chunk (-9.0, 6.0) at distance 20.52 (player: (6.0, -8.0))
[18:58:41] TERRAIN: Removing chunk: (-9.0, 6.0)
[18:58:41] TERRAIN: Removing chunk (-6.0, 9.0) at distance 20.81 (player: (6.0, -8.0))
[18:58:41] TERRAIN: Removing chunk: (-6.0, 9.0)
[18:58:41] TERRAIN: Removing chunk (-1.0, 11.0) at distance 20.25 (player: (6.0, -8.0))
[18:58:41] TERRAIN: Removing chunk: (-1.0, 11.0)
[18:58:41] TERRAIN: Removing chunk (-5.0, 10.0) at distance 21.10 (player: (6.0, -8.0))
[18:58:41] TERRAIN: Removing chunk: (-5.0, 10.0)
[18:58:41] TERRAIN: Removing chunk (-10.0, 5.0) at distance 20.62 (player: (6.0, -8.0))
[18:58:41] TERRAIN: Removing chunk: (-10.0, 5.0)
[18:58:41] TERRAIN: Removing chunk (-2.0, 11.0) at distance 20.62 (player: (6.0, -8.0))
[18:58:41] TERRAIN: Removing chunk: (-2.0, 11.0)
[18:58:41] TERRAIN: Removing chunk (-8.0, 8.0) at distance 21.26 (player: (6.0, -8.0))
[18:58:41] TERRAIN: Removing chunk: (-8.0, 8.0)
[18:58:41] TERRAIN: Removing chunk (-7.0, 9.0) at distance 21.40 (player: (6.0, -8.0))
[18:58:41] TERRAIN: Removing chunk: (-7.0, 9.0)
[18:58:41] TERRAIN: Removing chunk (-3.0, 11.0) at distance 21.02 (player: (6.0, -8.0))
[18:58:41] TERRAIN: Removing chunk: (-3.0, 11.0)
[18:58:41] TERRAIN: Removing chunk (-9.0, 7.0) at distance 21.21 (player: (6.0, -8.0))
[18:58:41] TERRAIN: Removing chunk: (-9.0, 7.0)
[18:58:41] TERRAIN: Removing chunk (-11.0, 3.0) at distance 20.25 (player: (6.0, -8.0))
[18:58:41] TERRAIN: Removing chunk: (-11.0, 3.0)
[18:58:41] TERRAIN: Removing chunk (-10.0, 6.0) at distance 21.26 (player: (6.0, -8.0))
[18:58:41] TERRAIN: Removing chunk: (-10.0, 6.0)
[18:58:41] TERRAIN: Removing chunk (-11.0, 4.0) at distance 20.81 (player: (6.0, -8.0))
[18:58:41] TERRAIN: Removing chunk: (-11.0, 4.0)
[18:58:41] TERRAIN: Removing chunk (0.0, 12.0) at distance 20.88 (player: (6.0, -8.0))
[18:58:41] TERRAIN: Removing chunk: (0.0, 12.0)
[18:58:41] TERRAIN: Removing chunk (-1.0, 12.0) at distance 21.19 (player: (6.0, -8.0))
[18:58:41] TERRAIN: Removing chunk: (-1.0, 12.0)
[18:58:41] TERRAIN: Removing chunk (1.0, 12.0) at distance 20.62 (player: (6.0, -8.0))
[18:58:41] TERRAIN: Removing chunk: (1.0, 12.0)
[18:58:41] TERRAIN: Removing chunk (-12.0, 1.0) at distance 20.12 (player: (6.0, -8.0))
[18:58:41] TERRAIN: Removing chunk: (-12.0, 1.0)
[18:58:41] TERRAIN: Removing chunk (-11.0, 5.0) at distance 21.40 (player: (6.0, -8.0))
[18:58:41] TERRAIN: Removing chunk: (-11.0, 5.0)
[18:58:41] TERRAIN: Removing chunk (2.0, 12.0) at distance 20.40 (player: (6.0, -8.0))
[18:58:41] TERRAIN: Removing chunk: (2.0, 12.0)
[18:58:41] TERRAIN: Removing chunk (-12.0, 2.0) at distance 20.59 (player: (6.0, -8.0))
[18:58:41] TERRAIN: Removing chunk: (-12.0, 2.0)
[18:58:41] TERRAIN: Removing chunk (-12.0, 3.0) at distance 21.10 (player: (6.0, -8.0))
[18:58:41] TERRAIN: Removing chunk: (-12.0, 3.0)
[18:58:41] TERRAIN: Removing chunk (3.0, 12.0) at distance 20.22 (player: (6.0, -8.0))
[18:58:41] TERRAIN: Removing chunk: (3.0, 12.0)
[18:58:41] TERRAIN: Removing chunk (4.0, 12.0) at distance 20.10 (player: (6.0, -8.0))
[18:58:41] TERRAIN: Removing chunk: (4.0, 12.0)
[18:58:41] TERRAIN: Removing chunk (-13.0, 0.0) at distance 20.62 (player: (6.0, -8.0))
[18:58:41] TERRAIN: Removing chunk: (-13.0, 0.0)
[18:58:41] TERRAIN: Removing chunk (5.0, 12.0) at distance 20.02 (player: (6.0, -8.0))
[18:58:41] TERRAIN: Removing chunk: (5.0, 12.0)
[18:58:41] TERRAIN: Removing chunk (-13.0, -1.0) at distance 20.25 (player: (6.0, -8.0))
[18:58:41] TERRAIN: Removing chunk: (-13.0, -1.0)
[18:58:41] TERRAIN: Removing chunk (-13.0, 1.0) at distance 21.02 (player: (6.0, -8.0))
[18:58:41] TERRAIN: Removing chunk: (-13.0, 1.0)
[18:58:41] TERRAIN: Removing chunk (7.0, 12.0) at distance 20.02 (player: (6.0, -8.0))
[18:58:41] TERRAIN: Removing chunk: (7.0, 12.0)
[18:58:41] TERRAIN: Removing chunk (5.0, 13.0) at distance 21.02 (player: (6.0, -8.0))
[18:58:41] TERRAIN: Removing chunk: (5.0, 13.0)
[18:58:41] TERRAIN: Removing chunk (-14.0, -1.0) at distance 21.19 (player: (6.0, -8.0))
[18:58:41] TERRAIN: Removing chunk: (-14.0, -1.0)
[18:58:41] TERRAIN: Removing chunk (-14.0, -2.0) at distance 20.88 (player: (6.0, -8.0))
[18:58:41] TERRAIN: Removing chunk: (-14.0, -2.0)
[18:58:41] TERRAIN: Removing chunk (-14.0, -3.0) at distance 20.62 (player: (6.0, -8.0))
[18:58:41] TERRAIN: Removing chunk: (-14.0, -3.0)
[18:58:41] TERRAIN: Removing chunk (8.0, 12.0) at distance 20.10 (player: (6.0, -8.0))
[18:58:41] TERRAIN: Removing chunk: (8.0, 12.0)
[18:58:41] TERRAIN: Removing chunk (-14.0, -4.0) at distance 20.40 (player: (6.0, -8.0))
[18:58:41] TERRAIN: Removing chunk: (-14.0, -4.0)
[18:58:41] TERRAIN: Removing chunk (-14.0, -5.0) at distance 20.22 (player: (6.0, -8.0))
[18:58:41] TERRAIN: Removing chunk: (-14.0, -5.0)
[18:58:41] TERRAIN: Removing chunk (9.0, 12.0) at distance 20.22 (player: (6.0, -8.0))
[18:58:41] TERRAIN: Removing chunk: (9.0, 12.0)
[18:58:41] TERRAIN: Queuing 43 new chunks for generation
[18:58:41] TERRAIN: Queued chunk: (18.0, -15.0) (distance: 13.89)
[18:58:41] TERRAIN: Queued chunk: (13.0, -20.0) (distance: 13.89)
[18:58:41] TERRAIN: Queued chunk: (19.0, -13.0) (distance: 13.93)
[18:58:41] TERRAIN: Queued chunk: (11.0, -21.0) (distance: 13.93)
[18:58:41] TERRAIN: Queued chunk: (20.0, -8.0) (distance: 14.00)
[18:58:41] TERRAIN: Queued chunk: (6.0, -22.0) (distance: 14.00)
[18:58:41] TERRAIN: Queued chunk: (20.0, -9.0) (distance: 14.04)
[18:58:41] TERRAIN: Queued chunk: (7.0, -22.0) (distance: 14.04)
[18:58:41] TERRAIN: Queued chunk: (20.0, -10.0) (distance: 14.14)
[18:58:41] TERRAIN: Queued chunk: (20.0, -6.0) (distance: 14.14)
[18:58:41] TERRAIN: Queued chunk: (4.0, -22.0) (distance: 14.14)
[18:58:41] TERRAIN: Queued chunk: (8.0, -22.0) (distance: 14.14)
[18:58:41] TERRAIN: Queued chunk: (16.0, -18.0) (distance: 14.14)
[18:58:41] TERRAIN: Queued chunk: (17.0, -17.0) (distance: 14.21)
[18:58:41] TERRAIN: Queued chunk: (15.0, -19.0) (distance: 14.21)
[18:58:41] TERRAIN: Queued chunk: (12.0, -21.0) (distance: 14.32)
[18:58:41] TERRAIN: Queued chunk: (19.0, -14.0) (distance: 14.32)
[18:58:41] TERRAIN: Queued chunk: (20.0, -11.0) (distance: 14.32)
[18:58:41] TERRAIN: Queued chunk: (9.0, -22.0) (distance: 14.32)
[18:58:41] TERRAIN: Queued chunk: (20.0, -5.0) (distance: 14.32)
[18:58:41] TERRAIN: Queued chunk: (3.0, -22.0) (distance: 14.32)
[18:58:41] TERRAIN: Queued chunk: (14.0, -20.0) (distance: 14.42)
[18:58:41] TERRAIN: Queued chunk: (18.0, -16.0) (distance: 14.42)
[18:58:41] TERRAIN: Queued chunk: (20.0, -4.0) (distance: 14.56)
[18:58:41] TERRAIN: Queued chunk: (2.0, -22.0) (distance: 14.56)
[18:58:41] TERRAIN: Queued chunk: (10.0, -22.0) (distance: 14.56)
[18:58:41] TERRAIN: Queued chunk: (20.0, -12.0) (distance: 14.56)
[18:58:41] TERRAIN: Queued chunk: (19.0, -1.0) (distance: 14.76)
[18:58:41] TERRAIN: Queued chunk: (19.0, -15.0) (distance: 14.76)
[18:58:41] TERRAIN: Queued chunk: (-1.0, -21.0) (distance: 14.76)
[18:58:41] TERRAIN: Queued chunk: (13.0, -21.0) (distance: 14.76)
[18:58:41] TERRAIN: Queued chunk: (1.0, -22.0) (distance: 14.87)
[18:58:41] TERRAIN: Queued chunk: (20.0, -13.0) (distance: 14.87)
[18:58:41] TERRAIN: Queued chunk: (20.0, -3.0) (distance: 14.87)
[18:58:41] TERRAIN: Queued chunk: (17.0, -18.0) (distance: 14.87)
[18:58:41] TERRAIN: Queued chunk: (16.0, -19.0) (distance: 14.87)
[18:58:41] TERRAIN: Queued chunk: (11.0, -22.0) (distance: 14.87)
[18:58:41] TERRAIN: Queued chunk: (21.0, -8.0) (distance: 15.00)
[18:58:41] TERRAIN: Queued chunk: (18.0, 1.0) (distance: 15.00)
[18:58:41] TERRAIN: Queued chunk: (18.0, -17.0) (distance: 15.00)
[18:58:41] TERRAIN: Queued chunk: (15.0, -20.0) (distance: 15.00)
[18:58:41] TERRAIN: Queued chunk: (6.0, -23.0) (distance: 15.00)
[18:58:41] TERRAIN: Queued chunk: (-3.0, -20.0) (distance: 15.00)
[18:58:41] TERRAIN: Creating chunk: (18.0, -15.0) at distance 13.89
[18:58:41] TERRAIN: Chunk (18.0, -15.0): TRIMESH collision created successfully (distance: 13.89, vertices: 8)
[18:58:41] TERRAIN: Chunk created successfully: (18.0, -15.0) at world pos (576.0, 0.0, -480.0) (total chunks: 858)
[18:58:41] TERRAIN: Creating chunk: (13.0, -20.0) at distance 13.89
[18:58:41] TERRAIN: Chunk (13.0, -20.0): TRIMESH collision created successfully (distance: 13.89, vertices: 8)
[18:58:41] TERRAIN: Chunk created successfully: (13.0, -20.0) at world pos (416.0, 0.0, -640.0) (total chunks: 859)
[18:58:41] TERRAIN: Creating chunk: (19.0, -13.0) at distance 13.93
[18:58:41] TERRAIN: Chunk (19.0, -13.0): TRIMESH collision created successfully (distance: 13.93, vertices: 8)
[18:58:41] TERRAIN: Chunk created successfully: (19.0, -13.0) at world pos (608.0, 0.0, -416.0) (total chunks: 860)
[18:58:41] TERRAIN: Creating chunk: (11.0, -21.0) at distance 13.93
[18:58:41] TERRAIN: Chunk (11.0, -21.0): TRIMESH collision created successfully (distance: 13.93, vertices: 8)
[18:58:41] TERRAIN: Chunk created successfully: (11.0, -21.0) at world pos (352.0, 0.0, -672.0) (total chunks: 861)
[18:58:41] TERRAIN: Creating chunk: (20.0, -8.0) at distance 14.00
[18:58:41] TERRAIN: Chunk (20.0, -8.0): TRIMESH collision created successfully (distance: 14.00, vertices: 8)
[18:58:41] TERRAIN: Chunk created successfully: (20.0, -8.0) at world pos (640.0, 0.0, -256.0) (total chunks: 862)
[18:58:41] TERRAIN: Creating chunk: (6.0, -22.0) at distance 14.00
[18:58:41] TERRAIN: Chunk (6.0, -22.0): TRIMESH collision created successfully (distance: 14.00, vertices: 8)
[18:58:41] TERRAIN: Chunk created successfully: (6.0, -22.0) at world pos (192.0, 0.0, -704.0) (total chunks: 863)
[18:58:41] TERRAIN: Creating chunk: (20.0, -9.0) at distance 14.04
[18:58:41] TERRAIN: Chunk (20.0, -9.0): TRIMESH collision created successfully (distance: 14.04, vertices: 8)
[18:58:41] TERRAIN: Chunk created successfully: (20.0, -9.0) at world pos (640.0, 0.0, -288.0) (total chunks: 864)
[18:58:41] TERRAIN: Creating chunk: (7.0, -22.0) at distance 14.04
[18:58:41] TERRAIN: Chunk (7.0, -22.0): TRIMESH collision created successfully (distance: 14.04, vertices: 8)
[18:58:41] TERRAIN: Chunk created successfully: (7.0, -22.0) at world pos (224.0, 0.0, -704.0) (total chunks: 865)
[18:58:41] TERRAIN: Creating chunk: (20.0, -10.0) at distance 14.14
[18:58:41] TERRAIN: Chunk (20.0, -10.0): TRIMESH collision created successfully (distance: 14.14, vertices: 8)
[18:58:41] TERRAIN: Chunk created successfully: (20.0, -10.0) at world pos (640.0, 0.0, -320.0) (total chunks: 866)
[18:58:41] TERRAIN: Creating chunk: (20.0, -6.0) at distance 14.14
[18:58:41] TERRAIN: Chunk (20.0, -6.0): TRIMESH collision created successfully (distance: 14.14, vertices: 8)
[18:58:41] TERRAIN: Chunk created successfully: (20.0, -6.0) at world pos (640.0, 0.0, -192.0) (total chunks: 867)
[18:58:41] TERRAIN: Creating chunk: (4.0, -22.0) at distance 14.14
[18:58:41] TERRAIN: Chunk (4.0, -22.0): TRIMESH collision created successfully (distance: 14.14, vertices: 8)
[18:58:41] TERRAIN: Chunk created successfully: (4.0, -22.0) at world pos (128.0, 0.0, -704.0) (total chunks: 868)
[18:58:41] TERRAIN: Creating chunk: (8.0, -22.0) at distance 14.14
[18:58:41] TERRAIN: Chunk (8.0, -22.0): TRIMESH collision created successfully (distance: 14.14, vertices: 8)
[18:58:41] TERRAIN: Chunk created successfully: (8.0, -22.0) at world pos (256.0, 0.0, -704.0) (total chunks: 869)
[18:58:41] TERRAIN: Creating chunk: (16.0, -18.0) at distance 14.14
[18:58:41] TERRAIN: Chunk (16.0, -18.0): TRIMESH collision created successfully (distance: 14.14, vertices: 8)
[18:58:41] TERRAIN: Chunk created successfully: (16.0, -18.0) at world pos (512.0, 0.0, -576.0) (total chunks: 870)
[18:58:41] TERRAIN: Creating chunk: (17.0, -17.0) at distance 14.21
[18:58:41] TERRAIN: Chunk (17.0, -17.0): TRIMESH collision created successfully (distance: 14.21, vertices: 8)
[18:58:41] TERRAIN: Chunk created successfully: (17.0, -17.0) at world pos (544.0, 0.0, -544.0) (total chunks: 871)
[18:58:41] TERRAIN: Creating chunk: (15.0, -19.0) at distance 14.21
[18:58:41] TERRAIN: Chunk (15.0, -19.0): TRIMESH collision created successfully (distance: 14.21, vertices: 8)
[18:58:41] TERRAIN: Chunk created successfully: (15.0, -19.0) at world pos (480.0, 0.0, -608.0) (total chunks: 872)
[18:58:41] TERRAIN: Creating chunk: (12.0, -21.0) at distance 14.32
[18:58:41] TERRAIN: Chunk (12.0, -21.0): TRIMESH collision created successfully (distance: 14.32, vertices: 8)
[18:58:41] TERRAIN: Chunk created successfully: (12.0, -21.0) at world pos (384.0, 0.0, -672.0) (total chunks: 873)
[18:58:41] TERRAIN: Creating chunk: (19.0, -14.0) at distance 14.32
[18:58:41] TERRAIN: Chunk (19.0, -14.0): TRIMESH collision created successfully (distance: 14.32, vertices: 8)
[18:58:41] TERRAIN: Chunk created successfully: (19.0, -14.0) at world pos (608.0, 0.0, -448.0) (total chunks: 874)
[18:58:41] TERRAIN: Creating chunk: (20.0, -11.0) at distance 14.32
[18:58:41] TERRAIN: Chunk (20.0, -11.0): TRIMESH collision created successfully (distance: 14.32, vertices: 8)
[18:58:41] TERRAIN: Chunk created successfully: (20.0, -11.0) at world pos (640.0, 0.0, -352.0) (total chunks: 875)
[18:58:41] TERRAIN: Creating chunk: (9.0, -22.0) at distance 14.32
[18:58:41] TERRAIN: Chunk (9.0, -22.0): TRIMESH collision created successfully (distance: 14.32, vertices: 8)
[18:58:41] TERRAIN: Chunk created successfully: (9.0, -22.0) at world pos (288.0, 0.0, -704.0) (total chunks: 876)
[18:58:41] TERRAIN: Creating chunk: (20.0, -5.0) at distance 14.32
[18:58:41] TERRAIN: Chunk (20.0, -5.0): TRIMESH collision created successfully (distance: 14.32, vertices: 8)
[18:58:41] TERRAIN: Chunk created successfully: (20.0, -5.0) at world pos (640.0, 0.0, -160.0) (total chunks: 877)
[18:58:41] TERRAIN: Creating chunk: (3.0, -22.0) at distance 14.32
[18:58:41] TERRAIN: Chunk (3.0, -22.0): TRIMESH collision created successfully (distance: 14.32, vertices: 8)
[18:58:41] TERRAIN: Chunk created successfully: (3.0, -22.0) at world pos (96.0, 0.0, -704.0) (total chunks: 878)
[18:58:41] TERRAIN: Creating chunk: (14.0, -20.0) at distance 14.42
[18:58:41] TERRAIN: Chunk (14.0, -20.0): TRIMESH collision created successfully (distance: 14.42, vertices: 8)
[18:58:41] TERRAIN: Chunk created successfully: (14.0, -20.0) at world pos (448.0, 0.0, -640.0) (total chunks: 879)
[18:58:41] TERRAIN: Creating chunk: (18.0, -16.0) at distance 14.42
[18:58:41] TERRAIN: Chunk (18.0, -16.0): TRIMESH collision created successfully (distance: 14.42, vertices: 8)
[18:58:41] TERRAIN: Chunk created successfully: (18.0, -16.0) at world pos (576.0, 0.0, -512.0) (total chunks: 880)
[18:58:41] TERRAIN: Creating chunk: (20.0, -4.0) at distance 14.56
[18:58:41] TERRAIN: Chunk (20.0, -4.0): TRIMESH collision created successfully (distance: 14.56, vertices: 8)
[18:58:41] TERRAIN: Chunk created successfully: (20.0, -4.0) at world pos (640.0, 0.0, -128.0) (total chunks: 881)
[18:58:41] TERRAIN: Creating chunk: (2.0, -22.0) at distance 14.56
[18:58:41] TERRAIN: Chunk (2.0, -22.0): TRIMESH collision created successfully (distance: 14.56, vertices: 8)
[18:58:41] TERRAIN: Chunk created successfully: (2.0, -22.0) at world pos (64.0, 0.0, -704.0) (total chunks: 882)
[18:58:41] TERRAIN: Creating chunk: (10.0, -22.0) at distance 14.56
[18:58:41] TERRAIN: Chunk (10.0, -22.0): TRIMESH collision created successfully (distance: 14.56, vertices: 8)
[18:58:41] TERRAIN: Chunk created successfully: (10.0, -22.0) at world pos (320.0, 0.0, -704.0) (total chunks: 883)
[18:58:41] TERRAIN: Creating chunk: (20.0, -12.0) at distance 14.56
[18:58:41] TERRAIN: Chunk (20.0, -12.0): TRIMESH collision created successfully (distance: 14.56, vertices: 8)
[18:58:41] TERRAIN: Chunk created successfully: (20.0, -12.0) at world pos (640.0, 0.0, -384.0) (total chunks: 884)
[18:58:41] TERRAIN: Creating chunk: (19.0, -1.0) at distance 14.76
[18:58:41] TERRAIN: Chunk (19.0, -1.0): TRIMESH collision created successfully (distance: 14.76, vertices: 8)
[18:58:41] TERRAIN: Chunk created successfully: (19.0, -1.0) at world pos (608.0, 0.0, -32.0) (total chunks: 885)
[18:58:41] TERRAIN: Creating chunk: (19.0, -15.0) at distance 14.76
[18:58:41] TERRAIN: Chunk (19.0, -15.0): TRIMESH collision created successfully (distance: 14.76, vertices: 8)
[18:58:41] TERRAIN: Chunk created successfully: (19.0, -15.0) at world pos (608.0, 0.0, -480.0) (total chunks: 886)
[18:58:41] TERRAIN: Creating chunk: (-1.0, -21.0) at distance 14.76
[18:58:41] TERRAIN: Chunk (-1.0, -21.0): TRIMESH collision created successfully (distance: 14.76, vertices: 8)
[18:58:41] TERRAIN: Chunk created successfully: (-1.0, -21.0) at world pos (-32.0, 0.0, -672.0) (total chunks: 887)
[18:58:41] TERRAIN: Creating chunk: (13.0, -21.0) at distance 14.76
[18:58:41] TERRAIN: Chunk (13.0, -21.0): TRIMESH collision created successfully (distance: 14.76, vertices: 8)
[18:58:41] TERRAIN: Chunk created successfully: (13.0, -21.0) at world pos (416.0, 0.0, -672.0) (total chunks: 888)
[18:58:41] TERRAIN: Creating chunk: (1.0, -22.0) at distance 14.87
[18:58:41] TERRAIN: Chunk (1.0, -22.0): TRIMESH collision created successfully (distance: 14.87, vertices: 8)
[18:58:41] TERRAIN: Chunk created successfully: (1.0, -22.0) at world pos (32.0, 0.0, -704.0) (total chunks: 889)
[18:58:41] TERRAIN: Creating chunk: (20.0, -13.0) at distance 14.87
[18:58:41] TERRAIN: Chunk (20.0, -13.0): TRIMESH collision created successfully (distance: 14.87, vertices: 8)
[18:58:41] TERRAIN: Chunk created successfully: (20.0, -13.0) at world pos (640.0, 0.0, -416.0) (total chunks: 890)
[18:58:41] TERRAIN: Creating chunk: (20.0, -3.0) at distance 14.87
[18:58:41] TERRAIN: Chunk (20.0, -3.0): TRIMESH collision created successfully (distance: 14.87, vertices: 8)
[18:58:41] TERRAIN: Chunk created successfully: (20.0, -3.0) at world pos (640.0, 0.0, -96.0) (total chunks: 891)
[18:58:41] TERRAIN: Creating chunk: (17.0, -18.0) at distance 14.87
[18:58:41] TERRAIN: Chunk (17.0, -18.0): TRIMESH collision created successfully (distance: 14.87, vertices: 8)
[18:58:41] TERRAIN: Chunk created successfully: (17.0, -18.0) at world pos (544.0, 0.0, -576.0) (total chunks: 892)
[18:58:41] TERRAIN: Creating chunk: (16.0, -19.0) at distance 14.87
[18:58:41] TERRAIN: Chunk (16.0, -19.0): TRIMESH collision created successfully (distance: 14.87, vertices: 8)
[18:58:41] TERRAIN: Chunk created successfully: (16.0, -19.0) at world pos (512.0, 0.0, -608.0) (total chunks: 893)
[18:58:41] TERRAIN: Creating chunk: (11.0, -22.0) at distance 14.87
[18:58:41] TERRAIN: Chunk (11.0, -22.0): TRIMESH collision created successfully (distance: 14.87, vertices: 8)
[18:58:41] TERRAIN: Chunk created successfully: (11.0, -22.0) at world pos (352.0, 0.0, -704.0) (total chunks: 894)
[18:58:41] TERRAIN: Creating chunk: (21.0, -8.0) at distance 15.00
[18:58:41] TERRAIN: Chunk (21.0, -8.0): TRIMESH collision created successfully (distance: 15.00, vertices: 8)
[18:58:41] TERRAIN: Chunk created successfully: (21.0, -8.0) at world pos (672.0, 0.0, -256.0) (total chunks: 895)
[18:58:41] TERRAIN: Creating chunk: (18.0, 1.0) at distance 15.00
[18:58:41] TERRAIN: Chunk (18.0, 1.0): TRIMESH collision created successfully (distance: 15.00, vertices: 8)
[18:58:41] TERRAIN: Chunk created successfully: (18.0, 1.0) at world pos (576.0, 0.0, 32.0) (total chunks: 896)
[18:58:41] TERRAIN: Creating chunk: (18.0, -17.0) at distance 15.00
[18:58:41] TERRAIN: Chunk (18.0, -17.0): TRIMESH collision created successfully (distance: 15.00, vertices: 8)
[18:58:41] TERRAIN: Chunk created successfully: (18.0, -17.0) at world pos (576.0, 0.0, -544.0) (total chunks: 897)
[18:58:41] TERRAIN: Creating chunk: (15.0, -20.0) at distance 15.00
[18:58:41] TERRAIN: Chunk (15.0, -20.0): TRIMESH collision created successfully (distance: 15.00, vertices: 8)
[18:58:41] TERRAIN: Chunk created successfully: (15.0, -20.0) at world pos (480.0, 0.0, -640.0) (total chunks: 898)
[18:58:41] TERRAIN: Creating chunk: (6.0, -23.0) at distance 15.00
[18:58:41] TERRAIN: Chunk (6.0, -23.0): TRIMESH collision created successfully (distance: 15.00, vertices: 8)
[18:58:41] TERRAIN: Chunk created successfully: (6.0, -23.0) at world pos (192.0, 0.0, -736.0) (total chunks: 899)
[18:58:41] TERRAIN: Creating chunk: (-3.0, -20.0) at distance 15.00
[18:58:41] TERRAIN: Chunk (-3.0, -20.0): TRIMESH collision created successfully (distance: 15.00, vertices: 8)
[18:58:41] TERRAIN: Chunk created successfully: (-3.0, -20.0) at world pos (-96.0, 0.0, -640.0) (total chunks: 900)
[18:58:42] PLAYER: Pos: (210.003, -0.041332, -227.492) | Chunk: (6.0, -8.0) | TerrainHeight: -0.05 | HeightDiff: 0.01 | OnFloor: true
[18:58:42] PLAYER: Pos: (213.7122, -0.044701, -231.6201) | Chunk: (6.0, -8.0) | TerrainHeight: -0.05 | HeightDiff: 0.01 | OnFloor: true
[18:58:43] PLAYER: Pos: (217.1096, -0.04807, -235.4014) | Chunk: (6.0, -8.0) | TerrainHeight: -0.06 | HeightDiff: 0.01 | OnFloor: true
[18:58:44] PLAYER: Pos: (217.1096, -0.04807, -235.4014) | Chunk: (6.0, -8.0) | TerrainHeight: -0.06 | HeightDiff: 0.01 | OnFloor: true
[18:58:46] PLAYER: Pos: (218.4539, -0.050317, -236.9928) | Chunk: (6.0, -8.0) | TerrainHeight: -0.06 | HeightDiff: 0.01 | OnFloor: true
[18:58:47] PLAYER: Pos: (219.6202, -0.05144, -240.1333) | Chunk: (6.0, -8.0) | TerrainHeight: -0.06 | HeightDiff: 0.01 | OnFloor: true
[18:58:48] PLAYER: Pos: (216.2364, -0.045244, -243.8146) | Chunk: (6.0, -8.0) | TerrainHeight: -0.07 | HeightDiff: 0.02 | OnFloor: true
[18:58:49] PLAYER: Pos: (216.1236, -0.045244, -243.9373) | Chunk: (6.0, -8.0) | TerrainHeight: -0.06 | HeightDiff: 0.02 | OnFloor: true
[18:58:50] PLAYER: Pos: (216.7204, -0.045244, -243.4832) | Chunk: (6.0, -8.0) | TerrainHeight: -0.07 | HeightDiff: 0.02 | OnFloor: true
[18:58:51] PLAYER: Pos: (220.6993, -0.051983, -240.4555) | Chunk: (6.0, -8.0) | TerrainHeight: -0.07 | HeightDiff: 0.02 | OnFloor: true
[18:58:51] TERRAIN: Player moved to new chunk: (7.0, -8.0) (was (6.0, -8.0))
[18:58:52] PLAYER: Pos: (225.0772, -0.055587, -238.308) | Chunk: (7.0, -8.0) | TerrainHeight: -0.07 | HeightDiff: 0.02 | OnFloor: true
[18:58:52] PLAYER: CHUNK CHANGED: (6.0, -8.0) -> (7.0, -8.0)
[18:58:53] PLAYER: Pos: (226.8069, -0.051495, -238.0424) | Chunk: (7.0, -8.0) | TerrainHeight: -0.07 | HeightDiff: 0.02 | OnFloor: true
[18:58:54] PLAYER: Pos: (226.6298, -0.051495, -236.8892) | Chunk: (7.0, -8.0) | TerrainHeight: -0.07 | HeightDiff: 0.02 | OnFloor: true
[18:58:55] PLAYER: Pos: (226.6298, -0.051495, -236.8892) | Chunk: (7.0, -8.0) | TerrainHeight: -0.07 | HeightDiff: 0.02 | OnFloor: true
[18:58:56] PLAYER: Pos: (226.6298, -0.051495, -236.8892) | Chunk: (7.0, -8.0) | TerrainHeight: -0.07 | HeightDiff: 0.02 | OnFloor: true
[18:58:57] PLAYER: Pos: (226.6298, -0.051495, -236.8892) | Chunk: (7.0, -8.0) | TerrainHeight: -0.07 | HeightDiff: 0.02 | OnFloor: true
[18:58:58] PLAYER: Pos: (226.6298, -0.051495, -236.8892) | Chunk: (7.0, -8.0) | TerrainHeight: -0.07 | HeightDiff: 0.02 | OnFloor: true
[18:58:59] PLAYER: Pos: (226.6298, -0.051495, -236.8892) | Chunk: (7.0, -8.0) | TerrainHeight: -0.07 | HeightDiff: 0.02 | OnFloor: true
[18:59:00] PLAYER: Pos: (226.6298, -0.051495, -236.8892) | Chunk: (7.0, -8.0) | TerrainHeight: -0.07 | HeightDiff: 0.02 | OnFloor: true
[18:59:01] PLAYER: Pos: (225.6099, -0.054864, -235.1688) | Chunk: (7.0, -8.0) | TerrainHeight: -0.07 | HeightDiff: 0.02 | OnFloor: true
[18:59:01] TERRAIN: Player moved to new chunk: (6.0, -8.0) (was (7.0, -8.0))
[18:59:02] PLAYER: Pos: (223.2463, -0.059503, -232.4655) | Chunk: (6.0, -8.0) | TerrainHeight: -0.08 | HeightDiff: 0.02 | OnFloor: true
[18:59:02] PLAYER: CHUNK CHANGED: (7.0, -8.0) -> (6.0, -8.0)
[18:59:03] PLAYER: Pos: (220.4799, -0.055449, -230.5833) | Chunk: (6.0, -8.0) | TerrainHeight: -0.08 | HeightDiff: 0.02 | OnFloor: true
[18:59:04] PLAYER: Pos: (218.5694, -0.053428, -226.7872) | Chunk: (6.0, -8.0) | TerrainHeight: -0.06 | HeightDiff: 0.01 | OnFloor: true
[18:59:04] TERRAIN: Player moved to new chunk: (6.0, -7.0) (was (6.0, -8.0))
[18:59:05] PLAYER: Pos: (216.3218, -0.051363, -222.3213) | Chunk: (6.0, -7.0) | TerrainHeight: -0.06 | HeightDiff: 0.00 | OnFloor: true
[18:59:05] PLAYER: CHUNK CHANGED: (6.0, -8.0) -> (6.0, -7.0)
[18:59:06] PLAYER: Pos: (214.0742, -0.045292, -217.8553) | Chunk: (6.0, -7.0) | TerrainHeight: -0.06 | HeightDiff: 0.01 | OnFloor: true
[18:59:07] PLAYER: Pos: (211.8266, -0.03922, -213.3894) | Chunk: (6.0, -7.0) | TerrainHeight: -0.03 | HeightDiff: -0.01 | OnFloor: true
[18:59:08] PLAYER: Pos: (209.4216, -0.033071, -209.0383) | Chunk: (6.0, -7.0) | TerrainHeight: -0.01 | HeightDiff: -0.02 | OnFloor: true
[18:59:09] PLAYER: Pos: (204.9279, -0.025188, -206.9067) | Chunk: (6.0, -7.0) | TerrainHeight: 0.01 | HeightDiff: -0.03 | OnFloor: true
[18:59:10] PLAYER: Pos: (200.0868, -0.016898, -206.6696) | Chunk: (6.0, -7.0) | TerrainHeight: 0.00 | HeightDiff: -0.02 | OnFloor: true
[18:59:11] PLAYER: Pos: (195.5991, -0.012747, -208.577) | Chunk: (6.0, -7.0) | TerrainHeight: -0.01 | HeightDiff: -0.00 | OnFloor: true
[18:59:11] TERRAIN: Player moved to new chunk: (5.0, -7.0) (was (6.0, -7.0))
[18:59:11] TERRAIN: Updating terrain for player chunk: (5.0, -7.0) (player pos: (191.7695, -0.006709, -208.7475))
[18:59:11] TERRAIN: Player chunk (5.0, -7.0) distance: 0.00 (max_distance: 20)
[18:59:12] PLAYER: Pos: (190.6039, -0.006709, -208.7995) | Chunk: (5.0, -7.0) | TerrainHeight: -0.00 | HeightDiff: -0.00 | OnFloor: true
[18:59:12] PLAYER: CHUNK CHANGED: (6.0, -7.0) -> (5.0, -7.0)
[18:59:13] PLAYER: Pos: (186.8576, -0.002602, -208.9663) | Chunk: (5.0, -7.0) | TerrainHeight: -0.01 | HeightDiff: 0.01 | OnFloor: true
[18:59:14] PLAYER: Pos: (181.8625, 0.001512, -209.1715) | Chunk: (5.0, -7.0) | TerrainHeight: -0.02 | HeightDiff: 0.02 | OnFloor: true
[18:59:15] PLAYER: Pos: (181.6139, 0.001512, -209.1452) | Chunk: (5.0, -7.0) | TerrainHeight: -0.02 | HeightDiff: 0.02 | OnFloor: true
[18:59:16] PLAYER: Pos: (181.6139, 0.001512, -209.1452) | Chunk: (5.0, -7.0) | TerrainHeight: -0.02 | HeightDiff: 0.02 | OnFloor: true
[18:59:17] PLAYER: Pos: (181.6139, 0.001512, -209.1452) | Chunk: (5.0, -7.0) | TerrainHeight: -0.02 | HeightDiff: 0.02 | OnFloor: true
[18:59:18] PLAYER: Pos: (181.6139, 0.001512, -209.1452) | Chunk: (5.0, -7.0) | TerrainHeight: -0.02 | HeightDiff: 0.02 | OnFloor: true
[18:59:19] PLAYER: Pos: (179.2426, 0.005555, -205.157) | Chunk: (5.0, -7.0) | TerrainHeight: 0.01 | HeightDiff: -0.00 | OnFloor: true
[18:59:20] PLAYER: Pos: (175.8904, 0.009614, -202.3441) | Chunk: (5.0, -7.0) | TerrainHeight: 0.02 | HeightDiff: -0.01 | OnFloor: true
[18:59:21] PLAYER: Pos: (175.8904, 0.009614, -202.3441) | Chunk: (5.0, -7.0) | TerrainHeight: 0.02 | HeightDiff: -0.01 | OnFloor: true
[18:59:22] PLAYER: Pos: (175.8904, 0.009614, -202.3441) | Chunk: (5.0, -7.0) | TerrainHeight: 0.02 | HeightDiff: -0.01 | OnFloor: true
[18:59:23] PLAYER: Pos: (177.4122, 0.009614, -203.4694) | Chunk: (5.0, -7.0) | TerrainHeight: 0.01 | HeightDiff: -0.00 | OnFloor: true
[18:59:24] PLAYER: Pos: (181.8695, 0.006245, -201.638) | Chunk: (5.0, -7.0) | TerrainHeight: 0.01 | HeightDiff: -0.01 | OnFloor: true
[18:59:25] PLAYER: Pos: (185.2979, 0.005122, -198.6422) | Chunk: (5.0, -7.0) | TerrainHeight: 0.00 | HeightDiff: 0.00 | OnFloor: true
[18:59:26] PLAYER: Pos: (187.6527, 0.005122, -195.9409) | Chunk: (5.0, -7.0) | TerrainHeight: -0.00 | HeightDiff: 0.01 | OnFloor: true
[18:59:27] PLAYER: Pos: (190.9386, 0.005122, -192.1716) | Chunk: (5.0, -7.0) | TerrainHeight: 0.00 | HeightDiff: 0.00 | OnFloor: true
[18:59:27] TERRAIN: Player moved to new chunk: (5.0, -6.0) (was (5.0, -7.0))
[18:59:27] TERRAIN: Player moved to new chunk: (6.0, -6.0) (was (5.0, -6.0))
[18:59:27] TERRAIN: Updating terrain for player chunk: (6.0, -6.0) (player pos: (192.1594, 0.003999, -191.3436))
[18:59:27] TERRAIN: Player chunk (6.0, -6.0) distance: 0.00 (max_distance: 20)
[18:59:27] TERRAIN: Queuing 13 new chunks for generation
[18:59:27] TERRAIN: Queued chunk: (16.0, 4.0) (distance: 14.14)
[18:59:27] TERRAIN: Queued chunk: (15.0, 5.0) (distance: 14.21)
[18:59:27] TERRAIN: Queued chunk: (17.0, 3.0) (distance: 14.21)
[18:59:27] TERRAIN: Queued chunk: (19.0, 0.0) (distance: 14.32)
[18:59:27] TERRAIN: Queued chunk: (18.0, 2.0) (distance: 14.42)
[18:59:27] TERRAIN: Queued chunk: (20.0, -2.0) (distance: 14.56)
[18:59:27] TERRAIN: Queued chunk: (19.0, 1.0) (distance: 14.76)
[18:59:27] TERRAIN: Queued chunk: (16.0, 5.0) (distance: 14.87)
[18:59:27] TERRAIN: Queued chunk: (17.0, 4.0) (distance: 14.87)
[18:59:27] TERRAIN: Queued chunk: (20.0, -1.0) (distance: 14.87)
[18:59:27] TERRAIN: Queued chunk: (15.0, 6.0) (distance: 15.00)
[18:59:27] TERRAIN: Queued chunk: (18.0, 3.0) (distance: 15.00)
[18:59:27] TERRAIN: Queued chunk: (21.0, -6.0) (distance: 15.00)
[18:59:27] TERRAIN: Creating chunk: (16.0, 4.0) at distance 14.14
[18:59:27] TERRAIN: Chunk (16.0, 4.0): TRIMESH collision created successfully (distance: 14.14, vertices: 8)
[18:59:27] TERRAIN: Chunk created successfully: (16.0, 4.0) at world pos (512.0, 0.0, 128.0) (total chunks: 901)
[18:59:27] TERRAIN: Creating chunk: (15.0, 5.0) at distance 14.21
[18:59:27] TERRAIN: Chunk (15.0, 5.0): TRIMESH collision created successfully (distance: 14.21, vertices: 8)
[18:59:27] TERRAIN: Chunk created successfully: (15.0, 5.0) at world pos (480.0, 0.0, 160.0) (total chunks: 902)
[18:59:27] TERRAIN: Creating chunk: (17.0, 3.0) at distance 14.21
[18:59:27] TERRAIN: Chunk (17.0, 3.0): TRIMESH collision created successfully (distance: 14.21, vertices: 8)
[18:59:27] TERRAIN: Chunk created successfully: (17.0, 3.0) at world pos (544.0, 0.0, 96.0) (total chunks: 903)
[18:59:27] TERRAIN: Creating chunk: (19.0, 0.0) at distance 14.32
[18:59:27] TERRAIN: Chunk (19.0, 0.0): TRIMESH collision created successfully (distance: 14.32, vertices: 8)
[18:59:27] TERRAIN: Chunk created successfully: (19.0, 0.0) at world pos (608.0, 0.0, 0.0) (total chunks: 904)
[18:59:27] TERRAIN: Creating chunk: (18.0, 2.0) at distance 14.42
[18:59:27] TERRAIN: Chunk (18.0, 2.0): TRIMESH collision created successfully (distance: 14.42, vertices: 8)
[18:59:27] TERRAIN: Chunk created successfully: (18.0, 2.0) at world pos (576.0, 0.0, 64.0) (total chunks: 905)
[18:59:27] TERRAIN: Creating chunk: (20.0, -2.0) at distance 14.56
[18:59:27] TERRAIN: Chunk (20.0, -2.0): TRIMESH collision created successfully (distance: 14.56, vertices: 8)
[18:59:27] TERRAIN: Chunk created successfully: (20.0, -2.0) at world pos (640.0, 0.0, -64.0) (total chunks: 906)
[18:59:27] TERRAIN: Creating chunk: (19.0, 1.0) at distance 14.76
[18:59:27] TERRAIN: Chunk (19.0, 1.0): TRIMESH collision created successfully (distance: 14.76, vertices: 8)
[18:59:27] TERRAIN: Chunk created successfully: (19.0, 1.0) at world pos (608.0, 0.0, 32.0) (total chunks: 907)
[18:59:27] TERRAIN: Creating chunk: (16.0, 5.0) at distance 14.87
[18:59:27] TERRAIN: Chunk (16.0, 5.0): TRIMESH collision created successfully (distance: 14.87, vertices: 8)
[18:59:27] TERRAIN: Chunk created successfully: (16.0, 5.0) at world pos (512.0, 0.0, 160.0) (total chunks: 908)
[18:59:27] TERRAIN: Creating chunk: (17.0, 4.0) at distance 14.87
[18:59:27] TERRAIN: Chunk (17.0, 4.0): TRIMESH collision created successfully (distance: 14.87, vertices: 8)
[18:59:27] TERRAIN: Chunk created successfully: (17.0, 4.0) at world pos (544.0, 0.0, 128.0) (total chunks: 909)
[18:59:27] TERRAIN: Creating chunk: (20.0, -1.0) at distance 14.87
[18:59:27] TERRAIN: Chunk (20.0, -1.0): TRIMESH collision created successfully (distance: 14.87, vertices: 8)
[18:59:27] TERRAIN: Chunk created successfully: (20.0, -1.0) at world pos (640.0, 0.0, -32.0) (total chunks: 910)
[18:59:27] TERRAIN: Creating chunk: (15.0, 6.0) at distance 15.00
[18:59:27] TERRAIN: Chunk (15.0, 6.0): TRIMESH collision created successfully (distance: 15.00, vertices: 8)
[18:59:27] TERRAIN: Chunk created successfully: (15.0, 6.0) at world pos (480.0, 0.0, 192.0) (total chunks: 911)
[18:59:27] TERRAIN: Creating chunk: (18.0, 3.0) at distance 15.00
[18:59:27] TERRAIN: Chunk (18.0, 3.0): TRIMESH collision created successfully (distance: 15.00, vertices: 8)
[18:59:27] TERRAIN: Chunk created successfully: (18.0, 3.0) at world pos (576.0, 0.0, 96.0) (total chunks: 912)
[18:59:27] TERRAIN: Creating chunk: (21.0, -6.0) at distance 15.00
[18:59:27] TERRAIN: Chunk (21.0, -6.0): TRIMESH collision created successfully (distance: 15.00, vertices: 8)
[18:59:27] TERRAIN: Chunk created successfully: (21.0, -6.0) at world pos (672.0, 0.0, -192.0) (total chunks: 913)
[18:59:28] PLAYER: Pos: (195.4435, 0.001947, -190.1333) | Chunk: (6.0, -6.0) | TerrainHeight: 0.01 | HeightDiff: -0.01 | OnFloor: true
[18:59:28] PLAYER: CHUNK CHANGED: (5.0, -7.0) -> (6.0, -6.0)
[18:59:29] PLAYER: Pos: (198.3349, 0.001947, -186.4228) | Chunk: (6.0, -6.0) | TerrainHeight: 0.03 | HeightDiff: -0.03 | OnFloor: true
[18:59:30] PLAYER: Pos: (196.9455, 0.006015, -181.6921) | Chunk: (6.0, -6.0) | TerrainHeight: 0.02 | HeightDiff: -0.02 | OnFloor: true
[18:59:31] PLAYER: Pos: (198.5583, 0.006015, -177.1499) | Chunk: (6.0, -6.0) | TerrainHeight: 0.01 | HeightDiff: -0.01 | OnFloor: true
[18:59:32] PLAYER: Pos: (200.0493, 0.006015, -174.8392) | Chunk: (6.0, -6.0) | TerrainHeight: 0.01 | HeightDiff: -0.00 | OnFloor: true
[18:59:33] PLAYER: Pos: (201.988, 0.006015, -171.8257) | Chunk: (6.0, -6.0) | TerrainHeight: 0.01 | HeightDiff: -0.01 | OnFloor: true
[18:59:34] PLAYER: Pos: (203.0923, 0.006913, -168.5117) | Chunk: (6.0, -6.0) | TerrainHeight: 0.01 | HeightDiff: -0.00 | OnFloor: true
[18:59:35] PLAYER: Pos: (204.6363, 0.00579, -163.9351) | Chunk: (6.0, -6.0) | TerrainHeight: -0.00 | HeightDiff: 0.01 | OnFloor: true
[18:59:36] PLAYER: Pos: (205.0444, 0.00579, -161.7226) | Chunk: (6.0, -6.0) | TerrainHeight: 0.00 | HeightDiff: 0.00 | OnFloor: true
[18:59:37] PLAYER: Pos: (205.0444, 0.00579, -161.7226) | Chunk: (6.0, -6.0) | TerrainHeight: 0.00 | HeightDiff: 0.00 | OnFloor: true
[18:59:38] PLAYER: Pos: (205.0444, 0.00579, -161.7226) | Chunk: (6.0, -6.0) | TerrainHeight: 0.00 | HeightDiff: 0.00 | OnFloor: true
[18:59:39] PLAYER: Pos: (205.0444, 0.00579, -161.7226) | Chunk: (6.0, -6.0) | TerrainHeight: 0.00 | HeightDiff: 0.00 | OnFloor: true
[18:59:40] PLAYER: Pos: (205.0444, 0.00579, -161.7226) | Chunk: (6.0, -6.0) | TerrainHeight: 0.00 | HeightDiff: 0.00 | OnFloor: true
[18:59:41] PLAYER: Pos: (205.0444, 0.00579, -161.7226) | Chunk: (6.0, -6.0) | TerrainHeight: 0.00 | HeightDiff: 0.00 | OnFloor: true
[18:59:42] PLAYER: Pos: (205.0444, 0.00579, -161.7226) | Chunk: (6.0, -6.0) | TerrainHeight: 0.00 | HeightDiff: 0.00 | OnFloor: true
[18:59:43] PLAYER: Pos: (205.0444, 0.00579, -161.7226) | Chunk: (6.0, -6.0) | TerrainHeight: 0.00 | HeightDiff: 0.00 | OnFloor: true
[18:59:43] TERRAIN: Player moved to new chunk: (6.0, -5.0) (was (6.0, -6.0))
[18:59:44] PLAYER: Pos: (206.8585, 0.003544, -158.9614) | Chunk: (6.0, -5.0) | TerrainHeight: 0.01 | HeightDiff: -0.01 | OnFloor: true
[18:59:44] PLAYER: CHUNK CHANGED: (6.0, -6.0) -> (6.0, -5.0)
[18:59:45] PLAYER: Pos: (206.9381, 0.002421, -156.5462) | Chunk: (6.0, -5.0) | TerrainHeight: 0.00 | HeightDiff: 0.00 | OnFloor: true
[18:59:46] PLAYER: Pos: (204.9561, 0.001298, -152.46) | Chunk: (6.0, -5.0) | TerrainHeight: -0.01 | HeightDiff: 0.02 | OnFloor: true
[18:59:46] PLAYER: Pos: (204.5985, 0.000175, -148.5599) | Chunk: (6.0, -5.0) | TerrainHeight: -0.01 | HeightDiff: 0.01 | OnFloor: true
[18:59:47] PLAYER: Pos: (204.3307, -0.000948, -145.9075) | Chunk: (6.0, -5.0) | TerrainHeight: -0.01 | HeightDiff: 0.01 | OnFloor: true
[18:59:48] PLAYER: Pos: (203.5808, -0.002071, -142.84) | Chunk: (6.0, -5.0) | TerrainHeight: -0.01 | HeightDiff: 0.01 | OnFloor: true
[18:59:49] PLAYER: Pos: (202.1808, -0.003194, -138.0397) | Chunk: (6.0, -5.0) | TerrainHeight: 0.00 | HeightDiff: -0.00 | OnFloor: true
[18:59:50] PLAYER: Pos: (200.7892, 0.000874, -133.2368) | Chunk: (6.0, -5.0) | TerrainHeight: -0.01 | HeightDiff: 0.01 | OnFloor: true
[18:59:51] PLAYER: Pos: (197.7726, 0.002892, -129.9883) | Chunk: (6.0, -5.0) | TerrainHeight: 0.00 | HeightDiff: 0.00 | OnFloor: true
[18:59:52] PLAYER: Pos: (197.7726, 0.002892, -129.9883) | Chunk: (6.0, -5.0) | TerrainHeight: 0.00 | HeightDiff: 0.00 | OnFloor: true
[18:59:53] PLAYER: Pos: (197.7726, 0.002892, -129.9883) | Chunk: (6.0, -5.0) | TerrainHeight: 0.00 | HeightDiff: 0.00 | OnFloor: true
[18:59:54] PLAYER: Pos: (197.6672, 0.000646, -131.3174) | Chunk: (6.0, -5.0) | TerrainHeight: -0.00 | HeightDiff: 0.00 | OnFloor: true
[18:59:55] TERRAIN: Player moved to new chunk: (6.0, -4.0) (was (6.0, -5.0))
[18:59:55] TERRAIN: Updating terrain for player chunk: (6.0, -4.0) (player pos: (197.9041, 0.004684, -127.9936))
[18:59:55] TERRAIN: Player chunk (6.0, -4.0) distance: 0.00 (max_distance: 20)
[18:59:55] TERRAIN: Queuing 16 new chunks for generation
[18:59:55] TERRAIN: Queued chunk: (14.0, 7.0) (distance: 13.60)
[18:59:55] TERRAIN: Queued chunk: (16.0, 6.0) (distance: 14.14)
[18:59:55] TERRAIN: Queued chunk: (15.0, 7.0) (distance: 14.21)
[18:59:55] TERRAIN: Queued chunk: (17.0, 5.0) (distance: 14.21)
[18:59:55] TERRAIN: Queued chunk: (19.0, 2.0) (distance: 14.32)
[18:59:55] TERRAIN: Queued chunk: (14.0, 8.0) (distance: 14.42)
[18:59:55] TERRAIN: Queued chunk: (18.0, 4.0) (distance: 14.42)
[18:59:55] TERRAIN: Queued chunk: (20.0, 0.0) (distance: 14.56)
[18:59:55] TERRAIN: Queued chunk: (13.0, 9.0) (distance: 14.76)
[18:59:55] TERRAIN: Queued chunk: (19.0, 3.0) (distance: 14.76)
[18:59:55] TERRAIN: Queued chunk: (16.0, 7.0) (distance: 14.87)
[18:59:55] TERRAIN: Queued chunk: (17.0, 6.0) (distance: 14.87)
[18:59:55] TERRAIN: Queued chunk: (20.0, 1.0) (distance: 14.87)
[18:59:55] TERRAIN: Queued chunk: (15.0, 8.0) (distance: 15.00)
[18:59:55] TERRAIN: Queued chunk: (18.0, 5.0) (distance: 15.00)
[18:59:55] TERRAIN: Queued chunk: (21.0, -4.0) (distance: 15.00)
[18:59:55] TERRAIN: Creating chunk: (14.0, 7.0) at distance 13.60
[18:59:55] TERRAIN: Chunk (14.0, 7.0): TRIMESH collision created successfully (distance: 13.60, vertices: 8)
[18:59:55] TERRAIN: Chunk created successfully: (14.0, 7.0) at world pos (448.0, 0.0, 224.0) (total chunks: 914)
[18:59:55] TERRAIN: Creating chunk: (16.0, 6.0) at distance 14.14
[18:59:55] TERRAIN: Chunk (16.0, 6.0): TRIMESH collision created successfully (distance: 14.14, vertices: 8)
[18:59:55] TERRAIN: Chunk created successfully: (16.0, 6.0) at world pos (512.0, 0.0, 192.0) (total chunks: 915)
[18:59:55] TERRAIN: Creating chunk: (15.0, 7.0) at distance 14.21
[18:59:55] TERRAIN: Chunk (15.0, 7.0): TRIMESH collision created successfully (distance: 14.21, vertices: 8)
[18:59:55] TERRAIN: Chunk created successfully: (15.0, 7.0) at world pos (480.0, 0.0, 224.0) (total chunks: 916)
[18:59:55] TERRAIN: Creating chunk: (17.0, 5.0) at distance 14.21
[18:59:55] TERRAIN: Chunk (17.0, 5.0): TRIMESH collision created successfully (distance: 14.21, vertices: 8)
[18:59:55] TERRAIN: Chunk created successfully: (17.0, 5.0) at world pos (544.0, 0.0, 160.0) (total chunks: 917)
[18:59:55] TERRAIN: Creating chunk: (19.0, 2.0) at distance 14.32
[18:59:55] TERRAIN: Chunk (19.0, 2.0): TRIMESH collision created successfully (distance: 14.32, vertices: 8)
[18:59:55] TERRAIN: Chunk created successfully: (19.0, 2.0) at world pos (608.0, 0.0, 64.0) (total chunks: 918)
[18:59:55] TERRAIN: Creating chunk: (14.0, 8.0) at distance 14.42
[18:59:55] TERRAIN: Chunk (14.0, 8.0): TRIMESH collision created successfully (distance: 14.42, vertices: 8)
[18:59:55] TERRAIN: Chunk created successfully: (14.0, 8.0) at world pos (448.0, 0.0, 256.0) (total chunks: 919)
[18:59:55] TERRAIN: Creating chunk: (18.0, 4.0) at distance 14.42
[18:59:55] TERRAIN: Chunk (18.0, 4.0): TRIMESH collision created successfully (distance: 14.42, vertices: 8)
[18:59:55] TERRAIN: Chunk created successfully: (18.0, 4.0) at world pos (576.0, 0.0, 128.0) (total chunks: 920)
[18:59:55] TERRAIN: Creating chunk: (20.0, 0.0) at distance 14.56
[18:59:55] TERRAIN: Chunk (20.0, 0.0): TRIMESH collision created successfully (distance: 14.56, vertices: 8)
[18:59:55] TERRAIN: Chunk created successfully: (20.0, 0.0) at world pos (640.0, 0.0, 0.0) (total chunks: 921)
[18:59:55] TERRAIN: Creating chunk: (13.0, 9.0) at distance 14.76
[18:59:55] TERRAIN: Chunk (13.0, 9.0): TRIMESH collision created successfully (distance: 14.76, vertices: 8)
[18:59:55] TERRAIN: Chunk created successfully: (13.0, 9.0) at world pos (416.0, 0.0, 288.0) (total chunks: 922)
[18:59:55] TERRAIN: Creating chunk: (19.0, 3.0) at distance 14.76
[18:59:55] TERRAIN: Chunk (19.0, 3.0): TRIMESH collision created successfully (distance: 14.76, vertices: 8)
[18:59:55] TERRAIN: Chunk created successfully: (19.0, 3.0) at world pos (608.0, 0.0, 96.0) (total chunks: 923)
[18:59:55] TERRAIN: Creating chunk: (16.0, 7.0) at distance 14.87
[18:59:55] TERRAIN: Chunk (16.0, 7.0): TRIMESH collision created successfully (distance: 14.87, vertices: 8)
[18:59:55] TERRAIN: Chunk created successfully: (16.0, 7.0) at world pos (512.0, 0.0, 224.0) (total chunks: 924)
[18:59:55] TERRAIN: Creating chunk: (17.0, 6.0) at distance 14.87
[18:59:55] TERRAIN: Chunk (17.0, 6.0): TRIMESH collision created successfully (distance: 14.87, vertices: 8)
[18:59:55] TERRAIN: Chunk created successfully: (17.0, 6.0) at world pos (544.0, 0.0, 192.0) (total chunks: 925)
[18:59:55] TERRAIN: Creating chunk: (20.0, 1.0) at distance 14.87
[18:59:55] TERRAIN: Chunk (20.0, 1.0): TRIMESH collision created successfully (distance: 14.87, vertices: 8)
[18:59:55] TERRAIN: Chunk created successfully: (20.0, 1.0) at world pos (640.0, 0.0, 32.0) (total chunks: 926)
[18:59:55] TERRAIN: Creating chunk: (15.0, 8.0) at distance 15.00
[18:59:55] TERRAIN: Chunk (15.0, 8.0): TRIMESH collision created successfully (distance: 15.00, vertices: 8)
[18:59:55] TERRAIN: Chunk created successfully: (15.0, 8.0) at world pos (480.0, 0.0, 256.0) (total chunks: 927)
[18:59:55] TERRAIN: Creating chunk: (18.0, 5.0) at distance 15.00
[18:59:55] TERRAIN: Chunk (18.0, 5.0): TRIMESH collision created successfully (distance: 15.00, vertices: 8)
[18:59:55] TERRAIN: Chunk created successfully: (18.0, 5.0) at world pos (576.0, 0.0, 160.0) (total chunks: 928)
[18:59:55] TERRAIN: Creating chunk: (21.0, -4.0) at distance 15.00
[18:59:55] TERRAIN: Chunk (21.0, -4.0): TRIMESH collision created successfully (distance: 15.00, vertices: 8)
[18:59:55] TERRAIN: Chunk created successfully: (21.0, -4.0) at world pos (672.0, 0.0, -128.0) (total chunks: 929)
[18:59:55] PLAYER: Pos: (197.8165, 0.006748, -126.3294) | Chunk: (6.0, -4.0) | TerrainHeight: 0.02 | HeightDiff: -0.01 | OnFloor: true
[18:59:55] PLAYER: CHUNK CHANGED: (6.0, -5.0) -> (6.0, -4.0)
[18:59:56] PLAYER: Pos: (197.4731, 0.010844, -120.7899) | Chunk: (6.0, -4.0) | TerrainHeight: 0.04 | HeightDiff: -0.03 | OnFloor: true
[18:59:57] PLAYER: Pos: (196.9973, 0.019051, -113.1046) | Chunk: (6.0, -4.0) | TerrainHeight: 0.02 | HeightDiff: 0.00 | OnFloor: true
[18:59:58] PLAYER: Pos: (196.4877, 0.02527, -105.1213) | Chunk: (6.0, -4.0) | TerrainHeight: 0.02 | HeightDiff: 0.01 | OnFloor: true
[18:59:59] PLAYER: Pos: (194.1449, 0.031464, -97.53044) | Chunk: (6.0, -4.0) | TerrainHeight: 0.03 | HeightDiff: 0.00 | OnFloor: true
[19:00:00] TERRAIN: Player moved to new chunk: (6.0, -3.0) (was (6.0, -4.0))
[19:00:00] PLAYER: Pos: (192.3494, 0.033491, -90.82668) | Chunk: (6.0, -3.0) | TerrainHeight: 0.04 | HeightDiff: -0.00 | OnFloor: true
[19:00:00] PLAYER: CHUNK CHANGED: (6.0, -4.0) -> (6.0, -3.0)
[19:00:01] TERRAIN: Player moved to new chunk: (5.0, -3.0) (was (6.0, -3.0))
[19:00:01] TERRAIN: Updating terrain for player chunk: (5.0, -3.0) (player pos: (191.9406, 0.033491, -89.00533))
[19:00:01] TERRAIN: Player chunk (5.0, -3.0) distance: 0.00 (max_distance: 20)
[19:00:01] TERRAIN: Removing 1 distant chunks
[19:00:01] TERRAIN: Removing chunk (6.0, -23.0) at distance 20.02 (player: (5.0, -3.0))
[19:00:01] TERRAIN: Removing chunk: (6.0, -23.0)
[19:00:01] TERRAIN: Queuing 3 new chunks for generation
[19:00:01] TERRAIN: Queued chunk: (12.0, 10.0) (distance: 14.76)
[19:00:01] TERRAIN: Queued chunk: (5.0, 12.0) (distance: 15.00)
[19:00:01] TERRAIN: Queued chunk: (14.0, 9.0) (distance: 15.00)
[19:00:01] TERRAIN: Creating chunk: (12.0, 10.0) at distance 14.76
[19:00:01] TERRAIN: Chunk (12.0, 10.0): TRIMESH collision created successfully (distance: 14.76, vertices: 8)
[19:00:01] TERRAIN: Chunk created successfully: (12.0, 10.0) at world pos (384.0, 0.0, 320.0) (total chunks: 929)
[19:00:01] TERRAIN: Creating chunk: (5.0, 12.0) at distance 15.00
[19:00:01] TERRAIN: Chunk (5.0, 12.0): TRIMESH collision created successfully (distance: 15.00, vertices: 8)
[19:00:01] TERRAIN: Chunk created successfully: (5.0, 12.0) at world pos (160.0, 0.0, 384.0) (total chunks: 930)
[19:00:01] TERRAIN: Creating chunk: (14.0, 9.0) at distance 15.00
[19:00:01] TERRAIN: Chunk (14.0, 9.0): TRIMESH collision created successfully (distance: 15.00, vertices: 8)
[19:00:01] TERRAIN: Chunk created successfully: (14.0, 9.0) at world pos (448.0, 0.0, 288.0) (total chunks: 931)
[19:00:01] PLAYER: Pos: (189.7352, 0.033491, -83.29353) | Chunk: (5.0, -3.0) | TerrainHeight: 0.03 | HeightDiff: 0.00 | OnFloor: true
[19:00:01] PLAYER: CHUNK CHANGED: (6.0, -3.0) -> (5.0, -3.0)
[19:00:02] PLAYER: Pos: (186.2587, 0.043475, -76.12599) | Chunk: (5.0, -3.0) | TerrainHeight: 0.04 | HeightDiff: 0.00 | OnFloor: true
[19:00:03] PLAYER: Pos: (181.5514, 0.062465, -69.66362) | Chunk: (5.0, -3.0) | TerrainHeight: 0.06 | HeightDiff: 0.00 | OnFloor: true
[19:00:04] TERRAIN: Player moved to new chunk: (5.0, -2.0) (was (5.0, -3.0))
[19:00:04] PLAYER: Pos: (177.3457, 0.072677, -62.86051) | Chunk: (5.0, -2.0) | TerrainHeight: 0.08 | HeightDiff: -0.00 | OnFloor: true
[19:00:04] PLAYER: CHUNK CHANGED: (5.0, -3.0) -> (5.0, -2.0)
[19:00:05] PLAYER: Pos: (172.613, 0.060432, -56.51737) | Chunk: (5.0, -2.0) | TerrainHeight: 0.06 | HeightDiff: 0.00 | OnFloor: true
[19:00:06] PLAYER: Pos: (167.2749, 0.046175, -50.62098) | Chunk: (5.0, -2.0) | TerrainHeight: 0.04 | HeightDiff: 0.00 | OnFloor: true
[19:00:07] PLAYER: Pos: (162.0234, 0.026189, -44.69007) | Chunk: (5.0, -2.0) | TerrainHeight: 0.03 | HeightDiff: -0.01 | OnFloor: true
[19:00:08] TERRAIN: Player moved to new chunk: (4.0, -2.0) (was (5.0, -2.0))
[19:00:08] TERRAIN: Updating terrain for player chunk: (4.0, -2.0) (player pos: (159.9265, 0.014863, -43.04257))
[19:00:08] TERRAIN: Player chunk (4.0, -2.0) distance: 0.00 (max_distance: 20)
[19:00:08] TERRAIN: Removing 20 distant chunks
[19:00:08] TERRAIN: Removing chunk (5.0, -22.0) at distance 20.02 (player: (4.0, -2.0))
[19:00:08] TERRAIN: Removing chunk: (5.0, -22.0)
[19:00:08] TERRAIN: Removing chunk (13.0, -20.0) at distance 20.12 (player: (4.0, -2.0))
[19:00:08] TERRAIN: Removing chunk: (13.0, -20.0)
[19:00:08] TERRAIN: Removing chunk (11.0, -21.0) at distance 20.25 (player: (4.0, -2.0))
[19:00:08] TERRAIN: Removing chunk: (11.0, -21.0)
[19:00:08] TERRAIN: Removing chunk (6.0, -22.0) at distance 20.10 (player: (4.0, -2.0))
[19:00:08] TERRAIN: Removing chunk: (6.0, -22.0)
[19:00:08] TERRAIN: Removing chunk (7.0, -22.0) at distance 20.22 (player: (4.0, -2.0))
[19:00:08] TERRAIN: Removing chunk: (7.0, -22.0)
[19:00:08] TERRAIN: Removing chunk (8.0, -22.0) at distance 20.40 (player: (4.0, -2.0))
[19:00:08] TERRAIN: Removing chunk: (8.0, -22.0)
[19:00:08] TERRAIN: Removing chunk (15.0, -19.0) at distance 20.25 (player: (4.0, -2.0))
[19:00:08] TERRAIN: Removing chunk: (15.0, -19.0)
[19:00:08] TERRAIN: Removing chunk (12.0, -21.0) at distance 20.62 (player: (4.0, -2.0))
[19:00:08] TERRAIN: Removing chunk: (12.0, -21.0)
[19:00:08] TERRAIN: Removing chunk (9.0, -22.0) at distance 20.62 (player: (4.0, -2.0))
[19:00:08] TERRAIN: Removing chunk: (9.0, -22.0)
[19:00:08] TERRAIN: Removing chunk (3.0, -22.0) at distance 20.02 (player: (4.0, -2.0))
[19:00:08] TERRAIN: Removing chunk: (3.0, -22.0)
[19:00:08] TERRAIN: Removing chunk (14.0, -20.0) at distance 20.59 (player: (4.0, -2.0))
[19:00:08] TERRAIN: Removing chunk: (14.0, -20.0)
[19:00:08] TERRAIN: Removing chunk (2.0, -22.0) at distance 20.10 (player: (4.0, -2.0))
[19:00:08] TERRAIN: Removing chunk: (2.0, -22.0)
[19:00:08] TERRAIN: Removing chunk (10.0, -22.0) at distance 20.88 (player: (4.0, -2.0))
[19:00:08] TERRAIN: Removing chunk: (10.0, -22.0)
[19:00:08] TERRAIN: Removing chunk (13.0, -21.0) at distance 21.02 (player: (4.0, -2.0))
[19:00:08] TERRAIN: Removing chunk: (13.0, -21.0)
[19:00:08] TERRAIN: Removing chunk (1.0, -22.0) at distance 20.22 (player: (4.0, -2.0))
[19:00:08] TERRAIN: Removing chunk: (1.0, -22.0)
[19:00:08] TERRAIN: Removing chunk (17.0, -18.0) at distance 20.62 (player: (4.0, -2.0))
[19:00:08] TERRAIN: Removing chunk: (17.0, -18.0)
[19:00:08] TERRAIN: Removing chunk (16.0, -19.0) at distance 20.81 (player: (4.0, -2.0))
[19:00:08] TERRAIN: Removing chunk: (16.0, -19.0)
[19:00:08] TERRAIN: Removing chunk (11.0, -22.0) at distance 21.19 (player: (4.0, -2.0))
[19:00:08] TERRAIN: Removing chunk: (11.0, -22.0)
[19:00:08] TERRAIN: Removing chunk (18.0, -17.0) at distance 20.52 (player: (4.0, -2.0))
[19:00:08] TERRAIN: Removing chunk: (18.0, -17.0)
[19:00:08] TERRAIN: Removing chunk (15.0, -20.0) at distance 21.10 (player: (4.0, -2.0))
[19:00:08] TERRAIN: Removing chunk: (15.0, -20.0)
[19:00:08] TERRAIN: Queuing 22 new chunks for generation
[19:00:08] TERRAIN: Queued chunk: (-3.0, 10.0) (distance: 13.89)
[19:00:08] TERRAIN: Queued chunk: (-1.0, 11.0) (distance: 13.93)
[19:00:08] TERRAIN: Queued chunk: (4.0, 12.0) (distance: 14.00)
[19:00:08] TERRAIN: Queued chunk: (3.0, 12.0) (distance: 14.04)
[19:00:08] TERRAIN: Queued chunk: (2.0, 12.0) (distance: 14.14)
[19:00:08] TERRAIN: Queued chunk: (-5.0, 9.0) (distance: 14.21)
[19:00:08] TERRAIN: Queued chunk: (7.0, 12.0) (distance: 14.32)
[19:00:08] TERRAIN: Queued chunk: (-2.0, 11.0) (distance: 14.32)
[19:00:08] TERRAIN: Queued chunk: (1.0, 12.0) (distance: 14.32)
[19:00:08] TERRAIN: Queued chunk: (-4.0, 10.0) (distance: 14.42)
[19:00:08] TERRAIN: Queued chunk: (8.0, 12.0) (distance: 14.56)
[19:00:08] TERRAIN: Queued chunk: (0.0, 12.0) (distance: 14.56)
[19:00:08] TERRAIN: Queued chunk: (-3.0, 11.0) (distance: 14.76)
[19:00:08] TERRAIN: Queued chunk: (11.0, 11.0) (distance: 14.76)
[19:00:08] TERRAIN: Queued chunk: (-1.0, 12.0) (distance: 14.87)
[19:00:08] TERRAIN: Queued chunk: (-6.0, 9.0) (distance: 14.87)
[19:00:08] TERRAIN: Queued chunk: (9.0, 12.0) (distance: 14.87)
[19:00:08] TERRAIN: Queued chunk: (-7.0, 8.0) (distance: 14.87)
[19:00:08] TERRAIN: Queued chunk: (13.0, 10.0) (distance: 15.00)
[19:00:08] TERRAIN: Queued chunk: (4.0, 13.0) (distance: 15.00)
[19:00:08] TERRAIN: Queued chunk: (-5.0, 10.0) (distance: 15.00)
[19:00:08] TERRAIN: Queued chunk: (-8.0, 7.0) (distance: 15.00)
[19:00:08] TERRAIN: Creating chunk: (-3.0, 10.0) at distance 13.89
[19:00:08] TERRAIN: Chunk (-3.0, 10.0): TRIMESH collision created successfully (distance: 13.89, vertices: 8)
[19:00:08] TERRAIN: Chunk created successfully: (-3.0, 10.0) at world pos (-96.0, 0.0, 320.0) (total chunks: 912)
[19:00:08] TERRAIN: Creating chunk: (-1.0, 11.0) at distance 13.93
[19:00:08] TERRAIN: Chunk (-1.0, 11.0): TRIMESH collision created successfully (distance: 13.93, vertices: 8)
[19:00:08] TERRAIN: Chunk created successfully: (-1.0, 11.0) at world pos (-32.0, 0.0, 352.0) (total chunks: 913)
[19:00:08] TERRAIN: Creating chunk: (4.0, 12.0) at distance 14.00
[19:00:08] TERRAIN: Chunk (4.0, 12.0): TRIMESH collision created successfully (distance: 14.00, vertices: 8)
[19:00:08] TERRAIN: Chunk created successfully: (4.0, 12.0) at world pos (128.0, 0.0, 384.0) (total chunks: 914)
[19:00:08] TERRAIN: Creating chunk: (3.0, 12.0) at distance 14.04
[19:00:08] TERRAIN: Chunk (3.0, 12.0): TRIMESH collision created successfully (distance: 14.04, vertices: 8)
[19:00:08] TERRAIN: Chunk created successfully: (3.0, 12.0) at world pos (96.0, 0.0, 384.0) (total chunks: 915)
[19:00:08] TERRAIN: Creating chunk: (2.0, 12.0) at distance 14.14
[19:00:08] TERRAIN: Chunk (2.0, 12.0): TRIMESH collision created successfully (distance: 14.14, vertices: 8)
[19:00:08] TERRAIN: Chunk created successfully: (2.0, 12.0) at world pos (64.0, 0.0, 384.0) (total chunks: 916)
[19:00:08] TERRAIN: Creating chunk: (-5.0, 9.0) at distance 14.21
[19:00:08] TERRAIN: Chunk (-5.0, 9.0): TRIMESH collision created successfully (distance: 14.21, vertices: 8)
[19:00:08] TERRAIN: Chunk created successfully: (-5.0, 9.0) at world pos (-160.0, 0.0, 288.0) (total chunks: 917)
[19:00:08] TERRAIN: Creating chunk: (7.0, 12.0) at distance 14.32
[19:00:08] TERRAIN: Chunk (7.0, 12.0): TRIMESH collision created successfully (distance: 14.32, vertices: 8)
[19:00:08] TERRAIN: Chunk created successfully: (7.0, 12.0) at world pos (224.0, 0.0, 384.0) (total chunks: 918)
[19:00:08] TERRAIN: Creating chunk: (-2.0, 11.0) at distance 14.32
[19:00:08] TERRAIN: Chunk (-2.0, 11.0): TRIMESH collision created successfully (distance: 14.32, vertices: 8)
[19:00:08] TERRAIN: Chunk created successfully: (-2.0, 11.0) at world pos (-64.0, 0.0, 352.0) (total chunks: 919)
[19:00:08] TERRAIN: Creating chunk: (1.0, 12.0) at distance 14.32
[19:00:08] TERRAIN: Chunk (1.0, 12.0): TRIMESH collision created successfully (distance: 14.32, vertices: 8)
[19:00:08] TERRAIN: Chunk created successfully: (1.0, 12.0) at world pos (32.0, 0.0, 384.0) (total chunks: 920)
[19:00:08] TERRAIN: Creating chunk: (-4.0, 10.0) at distance 14.42
[19:00:08] TERRAIN: Chunk (-4.0, 10.0): TRIMESH collision created successfully (distance: 14.42, vertices: 8)
[19:00:08] TERRAIN: Chunk created successfully: (-4.0, 10.0) at world pos (-128.0, 0.0, 320.0) (total chunks: 921)
[19:00:08] TERRAIN: Creating chunk: (8.0, 12.0) at distance 14.56
[19:00:08] TERRAIN: Chunk (8.0, 12.0): TRIMESH collision created successfully (distance: 14.56, vertices: 8)
[19:00:08] TERRAIN: Chunk created successfully: (8.0, 12.0) at world pos (256.0, 0.0, 384.0) (total chunks: 922)
[19:00:08] TERRAIN: Creating chunk: (0.0, 12.0) at distance 14.56
[19:00:08] TERRAIN: Chunk (0.0, 12.0): TRIMESH collision created successfully (distance: 14.56, vertices: 8)
[19:00:08] TERRAIN: Chunk created successfully: (0.0, 12.0) at world pos (0.0, 0.0, 384.0) (total chunks: 923)
[19:00:08] TERRAIN: Creating chunk: (-3.0, 11.0) at distance 14.76
[19:00:08] TERRAIN: Chunk (-3.0, 11.0): TRIMESH collision created successfully (distance: 14.76, vertices: 8)
[19:00:08] TERRAIN: Chunk created successfully: (-3.0, 11.0) at world pos (-96.0, 0.0, 352.0) (total chunks: 924)
[19:00:08] TERRAIN: Creating chunk: (11.0, 11.0) at distance 14.76
[19:00:08] TERRAIN: Chunk (11.0, 11.0): TRIMESH collision created successfully (distance: 14.76, vertices: 8)
[19:00:08] TERRAIN: Chunk created successfully: (11.0, 11.0) at world pos (352.0, 0.0, 352.0) (total chunks: 925)
[19:00:08] TERRAIN: Creating chunk: (-1.0, 12.0) at distance 14.87
[19:00:08] TERRAIN: Chunk (-1.0, 12.0): TRIMESH collision created successfully (distance: 14.87, vertices: 8)
[19:00:08] TERRAIN: Chunk created successfully: (-1.0, 12.0) at world pos (-32.0, 0.0, 384.0) (total chunks: 926)
[19:00:08] TERRAIN: Creating chunk: (-6.0, 9.0) at distance 14.87
[19:00:08] TERRAIN: Chunk (-6.0, 9.0): TRIMESH collision created successfully (distance: 14.87, vertices: 8)
[19:00:08] TERRAIN: Chunk created successfully: (-6.0, 9.0) at world pos (-192.0, 0.0, 288.0) (total chunks: 927)
[19:00:08] TERRAIN: Creating chunk: (9.0, 12.0) at distance 14.87
[19:00:08] TERRAIN: Chunk (9.0, 12.0): TRIMESH collision created successfully (distance: 14.87, vertices: 8)
[19:00:08] TERRAIN: Chunk created successfully: (9.0, 12.0) at world pos (288.0, 0.0, 384.0) (total chunks: 928)
[19:00:08] TERRAIN: Creating chunk: (-7.0, 8.0) at distance 14.87
[19:00:08] TERRAIN: Chunk (-7.0, 8.0): TRIMESH collision created successfully (distance: 14.87, vertices: 8)
[19:00:08] TERRAIN: Chunk created successfully: (-7.0, 8.0) at world pos (-224.0, 0.0, 256.0) (total chunks: 929)
[19:00:08] TERRAIN: Creating chunk: (13.0, 10.0) at distance 15.00
[19:00:08] TERRAIN: Chunk (13.0, 10.0): TRIMESH collision created successfully (distance: 15.00, vertices: 8)
[19:00:08] TERRAIN: Chunk created successfully: (13.0, 10.0) at world pos (416.0, 0.0, 320.0) (total chunks: 930)
[19:00:08] TERRAIN: Creating chunk: (4.0, 13.0) at distance 15.00
[19:00:08] TERRAIN: Chunk (4.0, 13.0): TRIMESH collision created successfully (distance: 15.00, vertices: 8)
[19:00:08] TERRAIN: Chunk created successfully: (4.0, 13.0) at world pos (128.0, 0.0, 416.0) (total chunks: 931)
[19:00:08] TERRAIN: Creating chunk: (-5.0, 10.0) at distance 15.00
[19:00:08] TERRAIN: Chunk (-5.0, 10.0): TRIMESH collision created successfully (distance: 15.00, vertices: 8)
[19:00:08] TERRAIN: Chunk created successfully: (-5.0, 10.0) at world pos (-160.0, 0.0, 320.0) (total chunks: 932)
[19:00:08] TERRAIN: Creating chunk: (-8.0, 7.0) at distance 15.00
[19:00:08] TERRAIN: Chunk (-8.0, 7.0): TRIMESH collision created successfully (distance: 15.00, vertices: 8)
[19:00:08] TERRAIN: Chunk created successfully: (-8.0, 7.0) at world pos (-256.0, 0.0, 224.0) (total chunks: 933)
[19:00:08] PLAYER: Pos: (155.7327, -0.022371, -39.74755) | Chunk: (4.0, -2.0) | TerrainHeight: -0.03 | HeightDiff: 0.00 | OnFloor: true
[19:00:08] PLAYER: CHUNK CHANGED: (5.0, -2.0) -> (4.0, -2.0)
[19:00:09] PLAYER: Pos: (149.4421, -0.042404, -34.80508) | Chunk: (4.0, -2.0) | TerrainHeight: -0.05 | HeightDiff: 0.00 | OnFloor: true
[19:00:10] TERRAIN: Player moved to new chunk: (4.0, -1.0) (was (4.0, -2.0))
[19:00:10] PLAYER: Pos: (144.4818, -0.043527, -28.70868) | Chunk: (4.0, -1.0) | TerrainHeight: -0.05 | HeightDiff: 0.00 | OnFloor: true
[19:00:10] PLAYER: CHUNK CHANGED: (4.0, -2.0) -> (4.0, -1.0)
[19:00:11] PLAYER: Pos: (142.5183, -0.035571, -21.95126) | Chunk: (4.0, -1.0) | TerrainHeight: -0.04 | HeightDiff: 0.00 | OnFloor: true
[19:00:12] PLAYER: Pos: (138.4802, -0.025142, -15.43513) | Chunk: (4.0, -1.0) | TerrainHeight: -0.02 | HeightDiff: -0.00 | OnFloor: true
[19:00:13] PLAYER: Pos: (134.7959, -0.020953, -14.13831) | Chunk: (4.0, -1.0) | TerrainHeight: -0.02 | HeightDiff: -0.00 | OnFloor: true
[19:00:14] PLAYER: Pos: (132.831, -0.016858, -14.82737) | Chunk: (4.0, -1.0) | TerrainHeight: -0.02 | HeightDiff: -0.00 | OnFloor: true
[19:00:15] PLAYER: Pos: (132.831, -0.016858, -14.82737) | Chunk: (4.0, -1.0) | TerrainHeight: -0.02 | HeightDiff: -0.00 | OnFloor: true
[19:00:16] PLAYER: Pos: (132.831, -0.016858, -14.82737) | Chunk: (4.0, -1.0) | TerrainHeight: -0.02 | HeightDiff: -0.00 | OnFloor: true
[19:00:17] PLAYER: Pos: (132.831, -0.016858, -14.82737) | Chunk: (4.0, -1.0) | TerrainHeight: -0.02 | HeightDiff: -0.00 | OnFloor: true
[19:00:18] PLAYER: Pos: (132.831, -0.016858, -14.82737) | Chunk: (4.0, -1.0) | TerrainHeight: -0.02 | HeightDiff: -0.00 | OnFloor: true
[19:00:19] PLAYER: Pos: (132.831, -0.016858, -14.82737) | Chunk: (4.0, -1.0) | TerrainHeight: -0.02 | HeightDiff: -0.00 | OnFloor: true
[19:00:20] PLAYER: Pos: (132.831, -0.016858, -14.82737) | Chunk: (4.0, -1.0) | TerrainHeight: -0.02 | HeightDiff: -0.00 | OnFloor: true
[19:00:21] PLAYER: Pos: (132.831, -0.016858, -14.82737) | Chunk: (4.0, -1.0) | TerrainHeight: -0.02 | HeightDiff: -0.00 | OnFloor: true
[19:00:22] PLAYER: Pos: (132.831, -0.016858, -14.82737) | Chunk: (4.0, -1.0) | TerrainHeight: -0.02 | HeightDiff: -0.00 | OnFloor: true
[19:00:23] PLAYER: Pos: (132.831, -0.016858, -14.82737) | Chunk: (4.0, -1.0) | TerrainHeight: -0.02 | HeightDiff: -0.00 | OnFloor: true
[19:00:24] PLAYER: Pos: (132.831, -0.016858, -14.82737) | Chunk: (4.0, -1.0) | TerrainHeight: -0.02 | HeightDiff: -0.00 | OnFloor: true
[19:00:25] PLAYER: Pos: (132.831, -0.016858, -14.82737) | Chunk: (4.0, -1.0) | TerrainHeight: -0.02 | HeightDiff: -0.00 | OnFloor: true
[19:00:26] PLAYER: Pos: (132.831, -0.016858, -14.82737) | Chunk: (4.0, -1.0) | TerrainHeight: -0.02 | HeightDiff: -0.00 | OnFloor: true
[19:00:27] PLAYER: Pos: (132.831, -0.016858, -14.82737) | Chunk: (4.0, -1.0) | TerrainHeight: -0.02 | HeightDiff: -0.00 | OnFloor: true
[19:00:28] PLAYER: Pos: (132.831, -0.016858, -14.82737) | Chunk: (4.0, -1.0) | TerrainHeight: -0.02 | HeightDiff: -0.00 | OnFloor: true
[19:00:29] PLAYER: Pos: (132.831, -0.016858, -14.82737) | Chunk: (4.0, -1.0) | TerrainHeight: -0.02 | HeightDiff: -0.00 | OnFloor: true
[19:00:30] PLAYER: Pos: (132.831, -0.016858, -14.82737) | Chunk: (4.0, -1.0) | TerrainHeight: -0.02 | HeightDiff: -0.00 | OnFloor: true
[19:00:31] PLAYER: Pos: (132.831, -0.016858, -14.82737) | Chunk: (4.0, -1.0) | TerrainHeight: -0.02 | HeightDiff: -0.00 | OnFloor: true
[19:00:32] PLAYER: Pos: (132.831, -0.016858, -14.82737) | Chunk: (4.0, -1.0) | TerrainHeight: -0.02 | HeightDiff: -0.00 | OnFloor: true
[19:00:33] PLAYER: Pos: (132.831, -0.016858, -14.82737) | Chunk: (4.0, -1.0) | TerrainHeight: -0.02 | HeightDiff: -0.00 | OnFloor: true
[19:00:34] PLAYER: Pos: (132.831, -0.016858, -14.82737) | Chunk: (4.0, -1.0) | TerrainHeight: -0.02 | HeightDiff: -0.00 | OnFloor: true
[19:00:35] PLAYER: Pos: (132.831, -0.016858, -14.82737) | Chunk: (4.0, -1.0) | TerrainHeight: -0.02 | HeightDiff: -0.00 | OnFloor: true
[19:00:36] PLAYER: Pos: (132.831, -0.016858, -14.82737) | Chunk: (4.0, -1.0) | TerrainHeight: -0.02 | HeightDiff: -0.00 | OnFloor: true
[19:00:37] PLAYER: Pos: (132.831, -0.016858, -14.82737) | Chunk: (4.0, -1.0) | TerrainHeight: -0.02 | HeightDiff: -0.00 | OnFloor: true
[19:00:38] PLAYER: Pos: (132.831, -0.016858, -14.82737) | Chunk: (4.0, -1.0) | TerrainHeight: -0.02 | HeightDiff: -0.00 | OnFloor: true
[19:00:39] PLAYER: Pos: (132.831, -0.016858, -14.82737) | Chunk: (4.0, -1.0) | TerrainHeight: -0.02 | HeightDiff: -0.00 | OnFloor: true
[19:00:40] PLAYER: Pos: (132.831, -0.016858, -14.82737) | Chunk: (4.0, -1.0) | TerrainHeight: -0.02 | HeightDiff: -0.00 | OnFloor: true
[19:00:41] PLAYER: Pos: (132.831, -0.016858, -14.82737) | Chunk: (4.0, -1.0) | TerrainHeight: -0.02 | HeightDiff: -0.00 | OnFloor: true
[19:00:42] PLAYER: Pos: (132.831, -0.016858, -14.82737) | Chunk: (4.0, -1.0) | TerrainHeight: -0.02 | HeightDiff: -0.00 | OnFloor: true
[19:00:43] PLAYER: Pos: (132.831, -0.016858, -14.82737) | Chunk: (4.0, -1.0) | TerrainHeight: -0.02 | HeightDiff: -0.00 | OnFloor: true
[19:00:44] PLAYER: Pos: (132.831, -0.016858, -14.82737) | Chunk: (4.0, -1.0) | TerrainHeight: -0.02 | HeightDiff: -0.00 | OnFloor: true
[19:00:45] PLAYER: Pos: (132.831, -0.016858, -14.82737) | Chunk: (4.0, -1.0) | TerrainHeight: -0.02 | HeightDiff: -0.00 | OnFloor: true
[19:00:45] INFO: === DEBUG SESSION ENDED ===
