[23:23:23] INFO: === DEBUG SESSION STARTED ===
[23:23:23] INFO: Timestamp: 20251129_232323
[23:23:23] INFO: Godot Version: { "major": 4, "minor": 5, "patch": 0, "hex": 263424, "status": "stable", "build": "official", "hash": "876b290332ec6f2e6d173d08162a02aa7e6ca46d", "timestamp": 0, "string": "4.5-stable (official)" }
[23:23:23] TERRAIN: Updating terrain for player chunk: (0.0, 0.0) (player pos: (0.0, 1.902, 0.0))
[23:23:23] TERRAIN: Queuing 709 new chunks for generation
[23:23:23] TERRAIN: Queued chunk: (0.0, 0.0) (distance: 0.00)
[23:23:23] TERRAIN: Queued chunk: (0.0, -1.0) (distance: 1.00)
[23:23:23] TERRAIN: Queued chunk: (-1.0, 0.0) (distance: 1.00)
[23:23:23] TERRAIN: Queued chunk: (0.0, 1.0) (distance: 1.00)
[23:23:23] TERRAIN: Queued chunk: (1.0, 0.0) (distance: 1.00)
[23:23:23] TERRAIN: Queued chunk: (-1.0, 1.0) (distance: 1.41)
[23:23:23] TERRAIN: Queued chunk: (-1.0, -1.0) (distance: 1.41)
[23:23:23] TERRAIN: Queued chunk: (1.0, 1.0) (distance: 1.41)
[23:23:23] TERRAIN: Queued chunk: (1.0, -1.0) (distance: 1.41)
[23:23:23] TERRAIN: Queued chunk: (0.0, -2.0) (distance: 2.00)
[23:23:23] TERRAIN: Queued chunk: (0.0, 2.0) (distance: 2.00)
[23:23:23] TERRAIN: Queued chunk: (-2.0, 0.0) (distance: 2.00)
[23:23:23] TERRAIN: Queued chunk: (2.0, 0.0) (distance: 2.00)
[23:23:23] TERRAIN: Queued chunk: (-2.0, 1.0) (distance: 2.24)
[23:23:23] TERRAIN: Queued chunk: (-2.0, -1.0) (distance: 2.24)
[23:23:23] TERRAIN: Queued chunk: (1.0, 2.0) (distance: 2.24)
[23:23:23] TERRAIN: Queued chunk: (1.0, -2.0) (distance: 2.24)
[23:23:23] TERRAIN: Queued chunk: (-1.0, 2.0) (distance: 2.24)
[23:23:23] TERRAIN: Queued chunk: (2.0, 1.0) (distance: 2.24)
[23:23:23] TERRAIN: Queued chunk: (2.0, -1.0) (distance: 2.24)
[23:23:23] TERRAIN: Queued chunk: (-1.0, -2.0) (distance: 2.24)
[23:23:23] TERRAIN: Queued chunk: (2.0, 2.0) (distance: 2.83)
[23:23:23] TERRAIN: Queued chunk: (2.0, -2.0) (distance: 2.83)
[23:23:23] TERRAIN: Queued chunk: (-2.0, -2.0) (distance: 2.83)
[23:23:23] TERRAIN: Queued chunk: (-2.0, 2.0) (distance: 2.83)
[23:23:23] TERRAIN: Queued chunk: (0.0, -3.0) (distance: 3.00)
[23:23:23] TERRAIN: Queued chunk: (0.0, 3.0) (distance: 3.00)
[23:23:23] TERRAIN: Queued chunk: (3.0, 0.0) (distance: 3.00)
[23:23:23] TERRAIN: Queued chunk: (-3.0, 0.0) (distance: 3.00)
[23:23:23] TERRAIN: Queued chunk: (1.0, 3.0) (distance: 3.16)
[23:23:23] TERRAIN: Queued chunk: (-1.0, -3.0) (distance: 3.16)
[23:23:23] TERRAIN: Queued chunk: (-3.0, -1.0) (distance: 3.16)
[23:23:23] TERRAIN: Queued chunk: (3.0, -1.0) (distance: 3.16)
[23:23:23] TERRAIN: Queued chunk: (3.0, 1.0) (distance: 3.16)
[23:23:23] TERRAIN: Queued chunk: (-3.0, 1.0) (distance: 3.16)
[23:23:23] TERRAIN: Queued chunk: (1.0, -3.0) (distance: 3.16)
[23:23:23] TERRAIN: Queued chunk: (-1.0, 3.0) (distance: 3.16)
[23:23:23] TERRAIN: Queued chunk: (-3.0, -2.0) (distance: 3.61)
[23:23:23] TERRAIN: Queued chunk: (-3.0, 2.0) (distance: 3.61)
[23:23:23] TERRAIN: Queued chunk: (2.0, -3.0) (distance: 3.61)
[23:23:23] TERRAIN: Queued chunk: (2.0, 3.0) (distance: 3.61)
[23:23:23] TERRAIN: Queued chunk: (-2.0, -3.0) (distance: 3.61)
[23:23:23] TERRAIN: Queued chunk: (3.0, 2.0) (distance: 3.61)
[23:23:23] TERRAIN: Queued chunk: (-2.0, 3.0) (distance: 3.61)
[23:23:23] TERRAIN: Queued chunk: (3.0, -2.0) (distance: 3.61)
[23:23:23] TERRAIN: Queued chunk: (4.0, 0.0) (distance: 4.00)
[23:23:23] TERRAIN: Queued chunk: (0.0, -4.0) (distance: 4.00)
[23:23:23] TERRAIN: Queued chunk: (0.0, 4.0) (distance: 4.00)
[23:23:23] TERRAIN: Queued chunk: (-4.0, 0.0) (distance: 4.00)
[23:23:23] TERRAIN: Queued chunk: (1.0, -4.0) (distance: 4.12)
[23:23:23] TERRAIN: Queued chunk: (-1.0, 4.0) (distance: 4.12)
[23:23:23] TERRAIN: Queued chunk: (1.0, 4.0) (distance: 4.12)
[23:23:23] TERRAIN: Queued chunk: (-4.0, -1.0) (distance: 4.12)
[23:23:23] TERRAIN: Queued chunk: (-1.0, -4.0) (distance: 4.12)
[23:23:23] TERRAIN: Queued chunk: (-4.0, 1.0) (distance: 4.12)
[23:23:23] TERRAIN: Queued chunk: (4.0, -1.0) (distance: 4.12)
[23:23:23] TERRAIN: Queued chunk: (4.0, 1.0) (distance: 4.12)
[23:23:23] TERRAIN: Queued chunk: (3.0, -3.0) (distance: 4.24)
[23:23:23] TERRAIN: Queued chunk: (3.0, 3.0) (distance: 4.24)
[23:23:23] TERRAIN: Queued chunk: (-3.0, -3.0) (distance: 4.24)
[23:23:23] TERRAIN: Queued chunk: (-3.0, 3.0) (distance: 4.24)
[23:23:23] TERRAIN: Queued chunk: (-4.0, -2.0) (distance: 4.47)
[23:23:23] TERRAIN: Queued chunk: (-4.0, 2.0) (distance: 4.47)
[23:23:23] TERRAIN: Queued chunk: (4.0, 2.0) (distance: 4.47)
[23:23:23] TERRAIN: Queued chunk: (4.0, -2.0) (distance: 4.47)
[23:23:23] TERRAIN: Queued chunk: (-2.0, -4.0) (distance: 4.47)
[23:23:23] TERRAIN: Queued chunk: (-2.0, 4.0) (distance: 4.47)
[23:23:23] TERRAIN: Queued chunk: (2.0, 4.0) (distance: 4.47)
[23:23:23] TERRAIN: Queued chunk: (2.0, -4.0) (distance: 4.47)
[23:23:23] TERRAIN: Queued chunk: (0.0, -5.0) (distance: 5.00)
[23:23:23] TERRAIN: Queued chunk: (-3.0, 4.0) (distance: 5.00)
[23:23:23] TERRAIN: Queued chunk: (-3.0, -4.0) (distance: 5.00)
[23:23:23] TERRAIN: Queued chunk: (-4.0, 3.0) (distance: 5.00)
[23:23:23] TERRAIN: Queued chunk: (-4.0, -3.0) (distance: 5.00)
[23:23:23] TERRAIN: Queued chunk: (3.0, -4.0) (distance: 5.00)
[23:23:23] TERRAIN: Queued chunk: (3.0, 4.0) (distance: 5.00)
[23:23:23] TERRAIN: Queued chunk: (-5.0, 0.0) (distance: 5.00)
[23:23:23] TERRAIN: Queued chunk: (5.0, 0.0) (distance: 5.00)
[23:23:23] TERRAIN: Queued chunk: (0.0, 5.0) (distance: 5.00)
[23:23:23] TERRAIN: Queued chunk: (4.0, -3.0) (distance: 5.00)
[23:23:23] TERRAIN: Queued chunk: (4.0, 3.0) (distance: 5.00)
[23:23:23] TERRAIN: Queued chunk: (5.0, 1.0) (distance: 5.10)
[23:23:23] TERRAIN: Queued chunk: (-1.0, 5.0) (distance: 5.10)
[23:23:23] TERRAIN: Queued chunk: (-5.0, -1.0) (distance: 5.10)
[23:23:23] TERRAIN: Queued chunk: (1.0, -5.0) (distance: 5.10)
[23:23:23] TERRAIN: Queued chunk: (1.0, 5.0) (distance: 5.10)
[23:23:23] TERRAIN: Queued chunk: (5.0, -1.0) (distance: 5.10)
[23:23:23] TERRAIN: Queued chunk: (-5.0, 1.0) (distance: 5.10)
[23:23:23] TERRAIN: Queued chunk: (-1.0, -5.0) (distance: 5.10)
[23:23:23] TERRAIN: Queued chunk: (-5.0, 2.0) (distance: 5.39)
[23:23:23] TERRAIN: Queued chunk: (5.0, -2.0) (distance: 5.39)
[23:23:23] TERRAIN: Queued chunk: (-2.0, 5.0) (distance: 5.39)
[23:23:23] TERRAIN: Queued chunk: (2.0, 5.0) (distance: 5.39)
[23:23:23] TERRAIN: Queued chunk: (2.0, -5.0) (distance: 5.39)
[23:23:23] TERRAIN: Queued chunk: (-2.0, -5.0) (distance: 5.39)
[23:23:23] TERRAIN: Queued chunk: (-5.0, -2.0) (distance: 5.39)
[23:23:23] TERRAIN: Queued chunk: (5.0, 2.0) (distance: 5.39)
[23:23:23] TERRAIN: Queued chunk: (4.0, 4.0) (distance: 5.66)
[23:23:23] TERRAIN: Queued chunk: (4.0, -4.0) (distance: 5.66)
[23:23:23] TERRAIN: Queued chunk: (-4.0, -4.0) (distance: 5.66)
[23:23:23] TERRAIN: Queued chunk: (-4.0, 4.0) (distance: 5.66)
[23:23:23] TERRAIN: Queued chunk: (3.0, -5.0) (distance: 5.83)
[23:23:23] TERRAIN: Queued chunk: (-3.0, -5.0) (distance: 5.83)
[23:23:23] TERRAIN: Queued chunk: (3.0, 5.0) (distance: 5.83)
[23:23:23] TERRAIN: Queued chunk: (5.0, -3.0) (distance: 5.83)
[23:23:23] TERRAIN: Queued chunk: (-5.0, 3.0) (distance: 5.83)
[23:23:23] TERRAIN: Queued chunk: (-3.0, 5.0) (distance: 5.83)
[23:23:23] TERRAIN: Queued chunk: (5.0, 3.0) (distance: 5.83)
[23:23:23] TERRAIN: Queued chunk: (-5.0, -3.0) (distance: 5.83)
[23:23:23] TERRAIN: Queued chunk: (-6.0, 0.0) (distance: 6.00)
[23:23:23] TERRAIN: Queued chunk: (6.0, 0.0) (distance: 6.00)
[23:23:23] TERRAIN: Queued chunk: (0.0, -6.0) (distance: 6.00)
[23:23:23] TERRAIN: Queued chunk: (0.0, 6.0) (distance: 6.00)
[23:23:23] TERRAIN: Queued chunk: (6.0, -1.0) (distance: 6.08)
[23:23:23] TERRAIN: Queued chunk: (-6.0, 1.0) (distance: 6.08)
[23:23:23] TERRAIN: Queued chunk: (-1.0, 6.0) (distance: 6.08)
[23:23:23] TERRAIN: Queued chunk: (1.0, -6.0) (distance: 6.08)
[23:23:23] TERRAIN: Queued chunk: (1.0, 6.0) (distance: 6.08)
[23:23:23] TERRAIN: Queued chunk: (-1.0, -6.0) (distance: 6.08)
[23:23:23] TERRAIN: Queued chunk: (-6.0, -1.0) (distance: 6.08)
[23:23:23] TERRAIN: Queued chunk: (6.0, 1.0) (distance: 6.08)
[23:23:23] TERRAIN: Queued chunk: (-2.0, 6.0) (distance: 6.32)
[23:23:23] TERRAIN: Queued chunk: (6.0, -2.0) (distance: 6.32)
[23:23:23] TERRAIN: Queued chunk: (6.0, 2.0) (distance: 6.32)
[23:23:23] TERRAIN: Queued chunk: (2.0, 6.0) (distance: 6.32)
[23:23:23] TERRAIN: Queued chunk: (2.0, -6.0) (distance: 6.32)
[23:23:23] TERRAIN: Queued chunk: (-2.0, -6.0) (distance: 6.32)
[23:23:23] TERRAIN: Queued chunk: (-6.0, -2.0) (distance: 6.32)
[23:23:23] TERRAIN: Queued chunk: (-6.0, 2.0) (distance: 6.32)
[23:23:23] TERRAIN: Queued chunk: (-4.0, -5.0) (distance: 6.40)
[23:23:23] TERRAIN: Queued chunk: (-5.0, 4.0) (distance: 6.40)
[23:23:23] TERRAIN: Queued chunk: (-5.0, -4.0) (distance: 6.40)
[23:23:23] TERRAIN: Queued chunk: (-4.0, 5.0) (distance: 6.40)
[23:23:23] TERRAIN: Queued chunk: (4.0, -5.0) (distance: 6.40)
[23:23:23] TERRAIN: Queued chunk: (4.0, 5.0) (distance: 6.40)
[23:23:23] TERRAIN: Queued chunk: (5.0, -4.0) (distance: 6.40)
[23:23:23] TERRAIN: Queued chunk: (5.0, 4.0) (distance: 6.40)
[23:23:23] TERRAIN: Queued chunk: (-3.0, -6.0) (distance: 6.71)
[23:23:23] TERRAIN: Queued chunk: (-3.0, 6.0) (distance: 6.71)
[23:23:23] TERRAIN: Queued chunk: (6.0, -3.0) (distance: 6.71)
[23:23:23] TERRAIN: Queued chunk: (6.0, 3.0) (distance: 6.71)
[23:23:23] TERRAIN: Queued chunk: (-6.0, 3.0) (distance: 6.71)
[23:23:23] TERRAIN: Queued chunk: (3.0, -6.0) (distance: 6.71)
[23:23:23] TERRAIN: Queued chunk: (3.0, 6.0) (distance: 6.71)
[23:23:23] TERRAIN: Queued chunk: (-6.0, -3.0) (distance: 6.71)
[23:23:23] TERRAIN: Queued chunk: (-7.0, 0.0) (distance: 7.00)
[23:23:23] TERRAIN: Queued chunk: (0.0, -7.0) (distance: 7.00)
[23:23:23] TERRAIN: Queued chunk: (0.0, 7.0) (distance: 7.00)
[23:23:23] TERRAIN: Queued chunk: (7.0, 0.0) (distance: 7.00)
[23:23:23] TERRAIN: Queued chunk: (-5.0, -5.0) (distance: 7.07)
[23:23:23] TERRAIN: Queued chunk: (-5.0, 5.0) (distance: 7.07)
[23:23:23] TERRAIN: Queued chunk: (-1.0, -7.0) (distance: 7.07)
[23:23:23] TERRAIN: Queued chunk: (-1.0, 7.0) (distance: 7.07)
[23:23:23] TERRAIN: Queued chunk: (1.0, -7.0) (distance: 7.07)
[23:23:23] TERRAIN: Queued chunk: (1.0, 7.0) (distance: 7.07)
[23:23:23] TERRAIN: Queued chunk: (5.0, -5.0) (distance: 7.07)
[23:23:23] TERRAIN: Queued chunk: (5.0, 5.0) (distance: 7.07)
[23:23:23] TERRAIN: Queued chunk: (7.0, 1.0) (distance: 7.07)
[23:23:23] TERRAIN: Queued chunk: (7.0, -1.0) (distance: 7.07)
[23:23:23] TERRAIN: Queued chunk: (-7.0, 1.0) (distance: 7.07)
[23:23:23] TERRAIN: Queued chunk: (-7.0, -1.0) (distance: 7.07)
[23:23:23] TERRAIN: Queued chunk: (-4.0, 6.0) (distance: 7.21)
[23:23:23] TERRAIN: Queued chunk: (4.0, -6.0) (distance: 7.21)
[23:23:23] TERRAIN: Queued chunk: (-6.0, 4.0) (distance: 7.21)
[23:23:23] TERRAIN: Queued chunk: (-6.0, -4.0) (distance: 7.21)
[23:23:23] TERRAIN: Queued chunk: (4.0, 6.0) (distance: 7.21)
[23:23:23] TERRAIN: Queued chunk: (6.0, 4.0) (distance: 7.21)
[23:23:23] TERRAIN: Queued chunk: (6.0, -4.0) (distance: 7.21)
[23:23:23] TERRAIN: Queued chunk: (-4.0, -6.0) (distance: 7.21)
[23:23:23] TERRAIN: Queued chunk: (-7.0, 2.0) (distance: 7.28)
[23:23:23] TERRAIN: Queued chunk: (2.0, -7.0) (distance: 7.28)
[23:23:23] TERRAIN: Queued chunk: (-7.0, -2.0) (distance: 7.28)
[23:23:23] TERRAIN: Queued chunk: (-2.0, -7.0) (distance: 7.28)
[23:23:23] TERRAIN: Queued chunk: (7.0, 2.0) (distance: 7.28)
[23:23:23] TERRAIN: Queued chunk: (-2.0, 7.0) (distance: 7.28)
[23:23:23] TERRAIN: Queued chunk: (7.0, -2.0) (distance: 7.28)
[23:23:23] TERRAIN: Queued chunk: (2.0, 7.0) (distance: 7.28)
[23:23:23] TERRAIN: Queued chunk: (-7.0, -3.0) (distance: 7.62)
[23:23:23] TERRAIN: Queued chunk: (-3.0, -7.0) (distance: 7.62)
[23:23:23] TERRAIN: Queued chunk: (-7.0, 3.0) (distance: 7.62)
[23:23:23] TERRAIN: Queued chunk: (-3.0, 7.0) (distance: 7.62)
[23:23:23] TERRAIN: Queued chunk: (3.0, -7.0) (distance: 7.62)
[23:23:23] TERRAIN: Queued chunk: (7.0, 3.0) (distance: 7.62)
[23:23:23] TERRAIN: Queued chunk: (7.0, -3.0) (distance: 7.62)
[23:23:23] TERRAIN: Queued chunk: (3.0, 7.0) (distance: 7.62)
[23:23:23] TERRAIN: Queued chunk: (-5.0, -6.0) (distance: 7.81)
[23:23:23] TERRAIN: Queued chunk: (-5.0, 6.0) (distance: 7.81)
[23:23:23] TERRAIN: Queued chunk: (-6.0, 5.0) (distance: 7.81)
[23:23:23] TERRAIN: Queued chunk: (-6.0, -5.0) (distance: 7.81)
[23:23:23] TERRAIN: Queued chunk: (5.0, -6.0) (distance: 7.81)
[23:23:23] TERRAIN: Queued chunk: (6.0, -5.0) (distance: 7.81)
[23:23:23] TERRAIN: Queued chunk: (5.0, 6.0) (distance: 7.81)
[23:23:23] TERRAIN: Queued chunk: (6.0, 5.0) (distance: 7.81)
[23:23:23] TERRAIN: Queued chunk: (8.0, 0.0) (distance: 8.00)
[23:23:23] TERRAIN: Queued chunk: (-8.0, 0.0) (distance: 8.00)
[23:23:23] TERRAIN: Queued chunk: (0.0, -8.0) (distance: 8.00)
[23:23:23] TERRAIN: Queued chunk: (0.0, 8.0) (distance: 8.00)
[23:23:23] TERRAIN: Queued chunk: (8.0, 1.0) (distance: 8.06)
[23:23:23] TERRAIN: Queued chunk: (-1.0, 8.0) (distance: 8.06)
[23:23:23] TERRAIN: Queued chunk: (-1.0, -8.0) (distance: 8.06)
[23:23:23] TERRAIN: Queued chunk: (1.0, -8.0) (distance: 8.06)
[23:23:23] TERRAIN: Queued chunk: (-4.0, -7.0) (distance: 8.06)
[23:23:23] TERRAIN: Queued chunk: (1.0, 8.0) (distance: 8.06)
[23:23:23] TERRAIN: Queued chunk: (-8.0, 1.0) (distance: 8.06)
[23:23:23] TERRAIN: Queued chunk: (8.0, -1.0) (distance: 8.06)
[23:23:23] TERRAIN: Queued chunk: (-8.0, -1.0) (distance: 8.06)
[23:23:23] TERRAIN: Queued chunk: (-4.0, 7.0) (distance: 8.06)
[23:23:23] TERRAIN: Queued chunk: (7.0, -4.0) (distance: 8.06)
[23:23:23] TERRAIN: Queued chunk: (4.0, 7.0) (distance: 8.06)
[23:23:23] TERRAIN: Queued chunk: (-7.0, -4.0) (distance: 8.06)
[23:23:23] TERRAIN: Queued chunk: (7.0, 4.0) (distance: 8.06)
[23:23:23] TERRAIN: Queued chunk: (4.0, -7.0) (distance: 8.06)
[23:23:23] TERRAIN: Queued chunk: (-7.0, 4.0) (distance: 8.06)
[23:23:23] TERRAIN: Queued chunk: (-8.0, -2.0) (distance: 8.25)
[23:23:23] TERRAIN: Queued chunk: (2.0, 8.0) (distance: 8.25)
[23:23:23] TERRAIN: Queued chunk: (-8.0, 2.0) (distance: 8.25)
[23:23:23] TERRAIN: Queued chunk: (2.0, -8.0) (distance: 8.25)
[23:23:23] TERRAIN: Queued chunk: (8.0, -2.0) (distance: 8.25)
[23:23:23] TERRAIN: Queued chunk: (-2.0, -8.0) (distance: 8.25)
[23:23:23] TERRAIN: Queued chunk: (-2.0, 8.0) (distance: 8.25)
[23:23:23] TERRAIN: Queued chunk: (8.0, 2.0) (distance: 8.25)
[23:23:23] TERRAIN: Queued chunk: (-6.0, 6.0) (distance: 8.49)
[23:23:23] TERRAIN: Queued chunk: (6.0, -6.0) (distance: 8.49)
[23:23:23] TERRAIN: Queued chunk: (6.0, 6.0) (distance: 8.49)
[23:23:23] TERRAIN: Queued chunk: (-6.0, -6.0) (distance: 8.49)
[23:23:23] TERRAIN: Queued chunk: (-8.0, 3.0) (distance: 8.54)
[23:23:23] TERRAIN: Queued chunk: (-3.0, -8.0) (distance: 8.54)
[23:23:23] TERRAIN: Queued chunk: (3.0, 8.0) (distance: 8.54)
[23:23:23] TERRAIN: Queued chunk: (-3.0, 8.0) (distance: 8.54)
[23:23:23] TERRAIN: Queued chunk: (8.0, -3.0) (distance: 8.54)
[23:23:23] TERRAIN: Queued chunk: (3.0, -8.0) (distance: 8.54)
[23:23:23] TERRAIN: Queued chunk: (-8.0, -3.0) (distance: 8.54)
[23:23:23] TERRAIN: Queued chunk: (8.0, 3.0) (distance: 8.54)
[23:23:23] TERRAIN: Queued chunk: (-7.0, -5.0) (distance: 8.60)
[23:23:23] TERRAIN: Queued chunk: (5.0, -7.0) (distance: 8.60)
[23:23:23] TERRAIN: Queued chunk: (-5.0, 7.0) (distance: 8.60)
[23:23:23] TERRAIN: Queued chunk: (7.0, -5.0) (distance: 8.60)
[23:23:23] TERRAIN: Queued chunk: (-7.0, 5.0) (distance: 8.60)
[23:23:23] TERRAIN: Queued chunk: (7.0, 5.0) (distance: 8.60)
[23:23:23] TERRAIN: Queued chunk: (5.0, 7.0) (distance: 8.60)
[23:23:23] TERRAIN: Queued chunk: (-5.0, -7.0) (distance: 8.60)
[23:23:23] TERRAIN: Queued chunk: (8.0, 4.0) (distance: 8.94)
[23:23:23] TERRAIN: Queued chunk: (4.0, 8.0) (distance: 8.94)
[23:23:23] TERRAIN: Queued chunk: (-4.0, 8.0) (distance: 8.94)
[23:23:23] TERRAIN: Queued chunk: (4.0, -8.0) (distance: 8.94)
[23:23:23] TERRAIN: Queued chunk: (-8.0, -4.0) (distance: 8.94)
[23:23:23] TERRAIN: Queued chunk: (8.0, -4.0) (distance: 8.94)
[23:23:23] TERRAIN: Queued chunk: (-4.0, -8.0) (distance: 8.94)
[23:23:23] TERRAIN: Queued chunk: (-8.0, 4.0) (distance: 8.94)
[23:23:23] TERRAIN: Queued chunk: (9.0, 0.0) (distance: 9.00)
[23:23:23] TERRAIN: Queued chunk: (-9.0, 0.0) (distance: 9.00)
[23:23:23] TERRAIN: Queued chunk: (0.0, -9.0) (distance: 9.00)
[23:23:23] TERRAIN: Queued chunk: (0.0, 9.0) (distance: 9.00)
[23:23:23] TERRAIN: Queued chunk: (9.0, 1.0) (distance: 9.06)
[23:23:23] TERRAIN: Queued chunk: (1.0, 9.0) (distance: 9.06)
[23:23:23] TERRAIN: Queued chunk: (9.0, -1.0) (distance: 9.06)
[23:23:23] TERRAIN: Queued chunk: (1.0, -9.0) (distance: 9.06)
[23:23:23] TERRAIN: Queued chunk: (-1.0, -9.0) (distance: 9.06)
[23:23:23] TERRAIN: Queued chunk: (-9.0, -1.0) (distance: 9.06)
[23:23:23] TERRAIN: Queued chunk: (-9.0, 1.0) (distance: 9.06)
[23:23:23] TERRAIN: Queued chunk: (-1.0, 9.0) (distance: 9.06)
[23:23:23] TERRAIN: Queued chunk: (-9.0, -2.0) (distance: 9.22)
[23:23:23] TERRAIN: Queued chunk: (6.0, 7.0) (distance: 9.22)
[23:23:23] TERRAIN: Queued chunk: (-9.0, 2.0) (distance: 9.22)
[23:23:23] TERRAIN: Queued chunk: (9.0, 2.0) (distance: 9.22)
[23:23:23] TERRAIN: Queued chunk: (-2.0, -9.0) (distance: 9.22)
[23:23:23] TERRAIN: Queued chunk: (-6.0, -7.0) (distance: 9.22)
[23:23:23] TERRAIN: Queued chunk: (2.0, -9.0) (distance: 9.22)
[23:23:23] TERRAIN: Queued chunk: (-2.0, 9.0) (distance: 9.22)
[23:23:23] TERRAIN: Queued chunk: (-7.0, 6.0) (distance: 9.22)
[23:23:23] TERRAIN: Queued chunk: (-7.0, -6.0) (distance: 9.22)
[23:23:23] TERRAIN: Queued chunk: (7.0, -6.0) (distance: 9.22)
[23:23:23] TERRAIN: Queued chunk: (2.0, 9.0) (distance: 9.22)
[23:23:23] TERRAIN: Queued chunk: (-6.0, 7.0) (distance: 9.22)
[23:23:23] TERRAIN: Queued chunk: (9.0, -2.0) (distance: 9.22)
[23:23:23] TERRAIN: Queued chunk: (7.0, 6.0) (distance: 9.22)
[23:23:23] TERRAIN: Queued chunk: (6.0, -7.0) (distance: 9.22)
[23:23:23] TERRAIN: Queued chunk: (-5.0, -8.0) (distance: 9.43)
[23:23:23] TERRAIN: Queued chunk: (8.0, -5.0) (distance: 9.43)
[23:23:23] TERRAIN: Queued chunk: (5.0, 8.0) (distance: 9.43)
[23:23:23] TERRAIN: Queued chunk: (-8.0, -5.0) (distance: 9.43)
[23:23:23] TERRAIN: Queued chunk: (8.0, 5.0) (distance: 9.43)
[23:23:23] TERRAIN: Queued chunk: (-8.0, 5.0) (distance: 9.43)
[23:23:23] TERRAIN: Queued chunk: (-5.0, 8.0) (distance: 9.43)
[23:23:23] TERRAIN: Queued chunk: (5.0, -8.0) (distance: 9.43)
[23:23:23] TERRAIN: Queued chunk: (-9.0, -3.0) (distance: 9.49)
[23:23:23] TERRAIN: Queued chunk: (9.0, -3.0) (distance: 9.49)
[23:23:23] TERRAIN: Queued chunk: (-9.0, 3.0) (distance: 9.49)
[23:23:23] TERRAIN: Queued chunk: (3.0, 9.0) (distance: 9.49)
[23:23:23] TERRAIN: Queued chunk: (-3.0, -9.0) (distance: 9.49)
[23:23:23] TERRAIN: Queued chunk: (-3.0, 9.0) (distance: 9.49)
[23:23:23] TERRAIN: Queued chunk: (3.0, -9.0) (distance: 9.49)
[23:23:23] TERRAIN: Queued chunk: (9.0, 3.0) (distance: 9.49)
[23:23:23] TERRAIN: Queued chunk: (-9.0, 4.0) (distance: 9.85)
[23:23:23] TERRAIN: Queued chunk: (-4.0, -9.0) (distance: 9.85)
[23:23:23] TERRAIN: Queued chunk: (9.0, -4.0) (distance: 9.85)
[23:23:23] TERRAIN: Queued chunk: (9.0, 4.0) (distance: 9.85)
[23:23:23] TERRAIN: Queued chunk: (-9.0, -4.0) (distance: 9.85)
[23:23:23] TERRAIN: Queued chunk: (4.0, 9.0) (distance: 9.85)
[23:23:23] TERRAIN: Queued chunk: (-4.0, 9.0) (distance: 9.85)
[23:23:23] TERRAIN: Queued chunk: (4.0, -9.0) (distance: 9.85)
[23:23:23] TERRAIN: Queued chunk: (7.0, -7.0) (distance: 9.90)
[23:23:23] TERRAIN: Queued chunk: (-7.0, -7.0) (distance: 9.90)
[23:23:23] TERRAIN: Queued chunk: (7.0, 7.0) (distance: 9.90)
[23:23:23] TERRAIN: Queued chunk: (-7.0, 7.0) (distance: 9.90)
[23:23:23] TERRAIN: Queued chunk: (-6.0, 8.0) (distance: 10.00)
[23:23:23] TERRAIN: Queued chunk: (-8.0, -6.0) (distance: 10.00)
[23:23:23] TERRAIN: Queued chunk: (6.0, -8.0) (distance: 10.00)
[23:23:23] TERRAIN: Queued chunk: (0.0, -10.0) (distance: 10.00)
[23:23:23] TERRAIN: Queued chunk: (8.0, 6.0) (distance: 10.00)
[23:23:23] TERRAIN: Queued chunk: (-8.0, 6.0) (distance: 10.00)
[23:23:23] TERRAIN: Queued chunk: (6.0, 8.0) (distance: 10.00)
[23:23:23] TERRAIN: Queued chunk: (-10.0, 0.0) (distance: 10.00)
[23:23:23] TERRAIN: Queued chunk: (10.0, 0.0) (distance: 10.00)
[23:23:23] TERRAIN: Queued chunk: (-6.0, -8.0) (distance: 10.00)
[23:23:23] TERRAIN: Queued chunk: (8.0, -6.0) (distance: 10.00)
[23:23:23] TERRAIN: Queued chunk: (0.0, 10.0) (distance: 10.00)
[23:23:23] TERRAIN: Queued chunk: (-10.0, -1.0) (distance: 10.05)
[23:23:23] TERRAIN: Queued chunk: (-1.0, 10.0) (distance: 10.05)
[23:23:23] TERRAIN: Queued chunk: (1.0, 10.0) (distance: 10.05)
[23:23:23] TERRAIN: Queued chunk: (1.0, -10.0) (distance: 10.05)
[23:23:23] TERRAIN: Queued chunk: (-10.0, 1.0) (distance: 10.05)
[23:23:23] TERRAIN: Queued chunk: (-1.0, -10.0) (distance: 10.05)
[23:23:23] TERRAIN: Queued chunk: (10.0, 1.0) (distance: 10.05)
[23:23:23] TERRAIN: Queued chunk: (10.0, -1.0) (distance: 10.05)
[23:23:23] TERRAIN: Queued chunk: (2.0, 10.0) (distance: 10.20)
[23:23:23] TERRAIN: Queued chunk: (-2.0, 10.0) (distance: 10.20)
[23:23:23] TERRAIN: Queued chunk: (-10.0, -2.0) (distance: 10.20)
[23:23:23] TERRAIN: Queued chunk: (10.0, -2.0) (distance: 10.20)
[23:23:23] TERRAIN: Queued chunk: (-2.0, -10.0) (distance: 10.20)
[23:23:23] TERRAIN: Queued chunk: (-10.0, 2.0) (distance: 10.20)
[23:23:23] TERRAIN: Queued chunk: (2.0, -10.0) (distance: 10.20)
[23:23:23] TERRAIN: Queued chunk: (10.0, 2.0) (distance: 10.20)
[23:23:23] TERRAIN: Queued chunk: (9.0, -5.0) (distance: 10.30)
[23:23:23] TERRAIN: Queued chunk: (9.0, 5.0) (distance: 10.30)
[23:23:23] TERRAIN: Queued chunk: (5.0, 9.0) (distance: 10.30)
[23:23:23] TERRAIN: Queued chunk: (-9.0, -5.0) (distance: 10.30)
[23:23:23] TERRAIN: Queued chunk: (5.0, -9.0) (distance: 10.30)
[23:23:23] TERRAIN: Queued chunk: (-5.0, -9.0) (distance: 10.30)
[23:23:23] TERRAIN: Queued chunk: (-9.0, 5.0) (distance: 10.30)
[23:23:23] TERRAIN: Queued chunk: (-5.0, 9.0) (distance: 10.30)
[23:23:23] TERRAIN: Queued chunk: (10.0, -3.0) (distance: 10.44)
[23:23:23] TERRAIN: Queued chunk: (-3.0, -10.0) (distance: 10.44)
[23:23:23] TERRAIN: Queued chunk: (-10.0, -3.0) (distance: 10.44)
[23:23:23] TERRAIN: Queued chunk: (3.0, 10.0) (distance: 10.44)
[23:23:23] TERRAIN: Queued chunk: (-10.0, 3.0) (distance: 10.44)
[23:23:23] TERRAIN: Queued chunk: (10.0, 3.0) (distance: 10.44)
[23:23:23] TERRAIN: Queued chunk: (3.0, -10.0) (distance: 10.44)
[23:23:23] TERRAIN: Queued chunk: (-3.0, 10.0) (distance: 10.44)
[23:23:23] TERRAIN: Queued chunk: (8.0, -7.0) (distance: 10.63)
[23:23:23] TERRAIN: Queued chunk: (7.0, 8.0) (distance: 10.63)
[23:23:23] TERRAIN: Queued chunk: (-8.0, 7.0) (distance: 10.63)
[23:23:23] TERRAIN: Queued chunk: (-8.0, -7.0) (distance: 10.63)
[23:23:23] TERRAIN: Queued chunk: (-7.0, 8.0) (distance: 10.63)
[23:23:23] TERRAIN: Queued chunk: (-7.0, -8.0) (distance: 10.63)
[23:23:23] TERRAIN: Queued chunk: (7.0, -8.0) (distance: 10.63)
[23:23:23] TERRAIN: Queued chunk: (8.0, 7.0) (distance: 10.63)
[23:23:23] TERRAIN: Queued chunk: (10.0, -4.0) (distance: 10.77)
[23:23:23] TERRAIN: Queued chunk: (-10.0, 4.0) (distance: 10.77)
[23:23:23] TERRAIN: Queued chunk: (10.0, 4.0) (distance: 10.77)
[23:23:23] TERRAIN: Queued chunk: (4.0, 10.0) (distance: 10.77)
[23:23:23] TERRAIN: Queued chunk: (-4.0, -10.0) (distance: 10.77)
[23:23:23] TERRAIN: Queued chunk: (-4.0, 10.0) (distance: 10.77)
[23:23:23] TERRAIN: Queued chunk: (-10.0, -4.0) (distance: 10.77)
[23:23:23] TERRAIN: Queued chunk: (4.0, -10.0) (distance: 10.77)
[23:23:23] TERRAIN: Queued chunk: (-9.0, 6.0) (distance: 10.82)
[23:23:23] TERRAIN: Queued chunk: (-9.0, -6.0) (distance: 10.82)
[23:23:23] TERRAIN: Queued chunk: (-6.0, 9.0) (distance: 10.82)
[23:23:23] TERRAIN: Queued chunk: (9.0, -6.0) (distance: 10.82)
[23:23:23] TERRAIN: Queued chunk: (9.0, 6.0) (distance: 10.82)
[23:23:23] TERRAIN: Queued chunk: (6.0, 9.0) (distance: 10.82)
[23:23:23] TERRAIN: Queued chunk: (6.0, -9.0) (distance: 10.82)
[23:23:23] TERRAIN: Queued chunk: (-6.0, -9.0) (distance: 10.82)
[23:23:23] TERRAIN: Queued chunk: (11.0, 0.0) (distance: 11.00)
[23:23:23] TERRAIN: Queued chunk: (-11.0, 0.0) (distance: 11.00)
[23:23:23] TERRAIN: Queued chunk: (0.0, 11.0) (distance: 11.00)
[23:23:23] TERRAIN: Queued chunk: (0.0, -11.0) (distance: 11.00)
[23:23:23] TERRAIN: Queued chunk: (1.0, -11.0) (distance: 11.05)
[23:23:23] TERRAIN: Queued chunk: (-1.0, 11.0) (distance: 11.05)
[23:23:23] TERRAIN: Queued chunk: (1.0, 11.0) (distance: 11.05)
[23:23:23] TERRAIN: Queued chunk: (-11.0, -1.0) (distance: 11.05)
[23:23:23] TERRAIN: Queued chunk: (11.0, -1.0) (distance: 11.05)
[23:23:23] TERRAIN: Queued chunk: (-1.0, -11.0) (distance: 11.05)
[23:23:23] TERRAIN: Queued chunk: (-11.0, 1.0) (distance: 11.05)
[23:23:23] TERRAIN: Queued chunk: (11.0, 1.0) (distance: 11.05)
[23:23:23] TERRAIN: Queued chunk: (2.0, -11.0) (distance: 11.18)
[23:23:23] TERRAIN: Queued chunk: (11.0, -2.0) (distance: 11.18)
[23:23:23] TERRAIN: Queued chunk: (10.0, -5.0) (distance: 11.18)
[23:23:23] TERRAIN: Queued chunk: (-5.0, -10.0) (distance: 11.18)
[23:23:23] TERRAIN: Queued chunk: (2.0, 11.0) (distance: 11.18)
[23:23:23] TERRAIN: Queued chunk: (5.0, 10.0) (distance: 11.18)
[23:23:23] TERRAIN: Queued chunk: (-5.0, 10.0) (distance: 11.18)
[23:23:23] TERRAIN: Queued chunk: (5.0, -10.0) (distance: 11.18)
[23:23:23] TERRAIN: Queued chunk: (11.0, 2.0) (distance: 11.18)
[23:23:23] TERRAIN: Queued chunk: (-10.0, 5.0) (distance: 11.18)
[23:23:23] TERRAIN: Queued chunk: (-11.0, -2.0) (distance: 11.18)
[23:23:23] TERRAIN: Queued chunk: (-11.0, 2.0) (distance: 11.18)
[23:23:23] TERRAIN: Queued chunk: (-2.0, 11.0) (distance: 11.18)
[23:23:23] TERRAIN: Queued chunk: (-10.0, -5.0) (distance: 11.18)
[23:23:23] TERRAIN: Queued chunk: (10.0, 5.0) (distance: 11.18)
[23:23:23] TERRAIN: Queued chunk: (-2.0, -11.0) (distance: 11.18)
[23:23:23] TERRAIN: Queued chunk: (8.0, -8.0) (distance: 11.31)
[23:23:23] TERRAIN: Queued chunk: (8.0, 8.0) (distance: 11.31)
[23:23:23] TERRAIN: Queued chunk: (-8.0, 8.0) (distance: 11.31)
[23:23:23] TERRAIN: Queued chunk: (-8.0, -8.0) (distance: 11.31)
[23:23:23] TERRAIN: Queued chunk: (7.0, -9.0) (distance: 11.40)
[23:23:23] TERRAIN: Queued chunk: (-7.0, 9.0) (distance: 11.40)
[23:23:23] TERRAIN: Queued chunk: (9.0, -7.0) (distance: 11.40)
[23:23:23] TERRAIN: Queued chunk: (-7.0, -9.0) (distance: 11.40)
[23:23:23] TERRAIN: Queued chunk: (3.0, 11.0) (distance: 11.40)
[23:23:23] TERRAIN: Queued chunk: (9.0, 7.0) (distance: 11.40)
[23:23:23] TERRAIN: Queued chunk: (11.0, 3.0) (distance: 11.40)
[23:23:23] TERRAIN: Queued chunk: (3.0, -11.0) (distance: 11.40)
[23:23:23] TERRAIN: Queued chunk: (-3.0, 11.0) (distance: 11.40)
[23:23:23] TERRAIN: Queued chunk: (-9.0, 7.0) (distance: 11.40)
[23:23:23] TERRAIN: Queued chunk: (-11.0, -3.0) (distance: 11.40)
[23:23:23] TERRAIN: Queued chunk: (-11.0, 3.0) (distance: 11.40)
[23:23:23] TERRAIN: Queued chunk: (11.0, -3.0) (distance: 11.40)
[23:23:23] TERRAIN: Queued chunk: (-9.0, -7.0) (distance: 11.40)
[23:23:23] TERRAIN: Queued chunk: (7.0, 9.0) (distance: 11.40)
[23:23:23] TERRAIN: Queued chunk: (-3.0, -11.0) (distance: 11.40)
[23:23:23] TERRAIN: Queued chunk: (6.0, -10.0) (distance: 11.66)
[23:23:23] TERRAIN: Queued chunk: (-6.0, -10.0) (distance: 11.66)
[23:23:23] TERRAIN: Queued chunk: (-10.0, -6.0) (distance: 11.66)
[23:23:23] TERRAIN: Queued chunk: (-10.0, 6.0) (distance: 11.66)
[23:23:23] TERRAIN: Queued chunk: (6.0, 10.0) (distance: 11.66)
[23:23:23] TERRAIN: Queued chunk: (-6.0, 10.0) (distance: 11.66)
[23:23:23] TERRAIN: Queued chunk: (10.0, 6.0) (distance: 11.66)
[23:23:23] TERRAIN: Queued chunk: (10.0, -6.0) (distance: 11.66)
[23:23:23] TERRAIN: Queued chunk: (11.0, 4.0) (distance: 11.70)
[23:23:23] TERRAIN: Queued chunk: (11.0, -4.0) (distance: 11.70)
[23:23:23] TERRAIN: Queued chunk: (-4.0, -11.0) (distance: 11.70)
[23:23:23] TERRAIN: Queued chunk: (4.0, -11.0) (distance: 11.70)
[23:23:23] TERRAIN: Queued chunk: (-4.0, 11.0) (distance: 11.70)
[23:23:23] TERRAIN: Queued chunk: (4.0, 11.0) (distance: 11.70)
[23:23:23] TERRAIN: Queued chunk: (-11.0, 4.0) (distance: 11.70)
[23:23:23] TERRAIN: Queued chunk: (-11.0, -4.0) (distance: 11.70)
[23:23:23] TERRAIN: Queued chunk: (12.0, 0.0) (distance: 12.00)
[23:23:23] TERRAIN: Queued chunk: (0.0, -12.0) (distance: 12.00)
[23:23:23] TERRAIN: Queued chunk: (-12.0, 0.0) (distance: 12.00)
[23:23:23] TERRAIN: Queued chunk: (0.0, 12.0) (distance: 12.00)
[23:23:23] TERRAIN: Queued chunk: (8.0, -9.0) (distance: 12.04)
[23:23:23] TERRAIN: Queued chunk: (8.0, 9.0) (distance: 12.04)
[23:23:23] TERRAIN: Queued chunk: (-8.0, 9.0) (distance: 12.04)
[23:23:23] TERRAIN: Queued chunk: (9.0, -8.0) (distance: 12.04)
[23:23:23] TERRAIN: Queued chunk: (12.0, 1.0) (distance: 12.04)
[23:23:23] TERRAIN: Queued chunk: (-1.0, 12.0) (distance: 12.04)
[23:23:23] TERRAIN: Queued chunk: (1.0, 12.0) (distance: 12.04)
[23:23:23] TERRAIN: Queued chunk: (-9.0, 8.0) (distance: 12.04)
[23:23:23] TERRAIN: Queued chunk: (1.0, -12.0) (distance: 12.04)
[23:23:23] TERRAIN: Queued chunk: (-8.0, -9.0) (distance: 12.04)
[23:23:23] TERRAIN: Queued chunk: (12.0, -1.0) (distance: 12.04)
[23:23:23] TERRAIN: Queued chunk: (-12.0, 1.0) (distance: 12.04)
[23:23:23] TERRAIN: Queued chunk: (-9.0, -8.0) (distance: 12.04)
[23:23:23] TERRAIN: Queued chunk: (-12.0, -1.0) (distance: 12.04)
[23:23:23] TERRAIN: Queued chunk: (9.0, 8.0) (distance: 12.04)
[23:23:23] TERRAIN: Queued chunk: (-1.0, -12.0) (distance: 12.04)
[23:23:23] TERRAIN: Queued chunk: (5.0, -11.0) (distance: 12.08)
[23:23:23] TERRAIN: Queued chunk: (-5.0, -11.0) (distance: 12.08)
[23:23:23] TERRAIN: Queued chunk: (-5.0, 11.0) (distance: 12.08)
[23:23:23] TERRAIN: Queued chunk: (11.0, -5.0) (distance: 12.08)
[23:23:23] TERRAIN: Queued chunk: (11.0, 5.0) (distance: 12.08)
[23:23:23] TERRAIN: Queued chunk: (5.0, 11.0) (distance: 12.08)
[23:23:23] TERRAIN: Queued chunk: (-11.0, -5.0) (distance: 12.08)
[23:23:23] TERRAIN: Queued chunk: (-11.0, 5.0) (distance: 12.08)
[23:23:23] TERRAIN: Queued chunk: (12.0, 2.0) (distance: 12.17)
[23:23:23] TERRAIN: Queued chunk: (2.0, 12.0) (distance: 12.17)
[23:23:23] TERRAIN: Queued chunk: (-2.0, 12.0) (distance: 12.17)
[23:23:23] TERRAIN: Queued chunk: (-12.0, 2.0) (distance: 12.17)
[23:23:23] TERRAIN: Queued chunk: (-12.0, -2.0) (distance: 12.17)
[23:23:23] TERRAIN: Queued chunk: (12.0, -2.0) (distance: 12.17)
[23:23:23] TERRAIN: Queued chunk: (2.0, -12.0) (distance: 12.17)
[23:23:23] TERRAIN: Queued chunk: (-2.0, -12.0) (distance: 12.17)
[23:23:23] TERRAIN: Queued chunk: (10.0, -7.0) (distance: 12.21)
[23:23:23] TERRAIN: Queued chunk: (7.0, 10.0) (distance: 12.21)
[23:23:23] TERRAIN: Queued chunk: (10.0, 7.0) (distance: 12.21)
[23:23:23] TERRAIN: Queued chunk: (7.0, -10.0) (distance: 12.21)
[23:23:23] TERRAIN: Queued chunk: (-7.0, -10.0) (distance: 12.21)
[23:23:23] TERRAIN: Queued chunk: (-7.0, 10.0) (distance: 12.21)
[23:23:23] TERRAIN: Queued chunk: (-10.0, 7.0) (distance: 12.21)
[23:23:23] TERRAIN: Queued chunk: (-10.0, -7.0) (distance: 12.21)
[23:23:23] TERRAIN: Queued chunk: (12.0, -3.0) (distance: 12.37)
[23:23:23] TERRAIN: Queued chunk: (-3.0, 12.0) (distance: 12.37)
[23:23:23] TERRAIN: Queued chunk: (12.0, 3.0) (distance: 12.37)
[23:23:23] TERRAIN: Queued chunk: (-3.0, -12.0) (distance: 12.37)
[23:23:23] TERRAIN: Queued chunk: (-12.0, 3.0) (distance: 12.37)
[23:23:23] TERRAIN: Queued chunk: (3.0, -12.0) (distance: 12.37)
[23:23:23] TERRAIN: Queued chunk: (3.0, 12.0) (distance: 12.37)
[23:23:23] TERRAIN: Queued chunk: (-12.0, -3.0) (distance: 12.37)
[23:23:23] TERRAIN: Queued chunk: (-11.0, 6.0) (distance: 12.53)
[23:23:23] TERRAIN: Queued chunk: (-6.0, -11.0) (distance: 12.53)
[23:23:23] TERRAIN: Queued chunk: (-11.0, -6.0) (distance: 12.53)
[23:23:23] TERRAIN: Queued chunk: (-6.0, 11.0) (distance: 12.53)
[23:23:23] TERRAIN: Queued chunk: (6.0, -11.0) (distance: 12.53)
[23:23:23] TERRAIN: Queued chunk: (6.0, 11.0) (distance: 12.53)
[23:23:23] TERRAIN: Queued chunk: (11.0, 6.0) (distance: 12.53)
[23:23:23] TERRAIN: Queued chunk: (11.0, -6.0) (distance: 12.53)
[23:23:23] TERRAIN: Queued chunk: (12.0, -4.0) (distance: 12.65)
[23:23:23] TERRAIN: Queued chunk: (4.0, 12.0) (distance: 12.65)
[23:23:23] TERRAIN: Queued chunk: (-12.0, 4.0) (distance: 12.65)
[23:23:23] TERRAIN: Queued chunk: (-4.0, 12.0) (distance: 12.65)
[23:23:23] TERRAIN: Queued chunk: (4.0, -12.0) (distance: 12.65)
[23:23:23] TERRAIN: Queued chunk: (-4.0, -12.0) (distance: 12.65)
[23:23:23] TERRAIN: Queued chunk: (-12.0, -4.0) (distance: 12.65)
[23:23:23] TERRAIN: Queued chunk: (12.0, 4.0) (distance: 12.65)
[23:23:23] TERRAIN: Queued chunk: (9.0, -9.0) (distance: 12.73)
[23:23:23] TERRAIN: Queued chunk: (9.0, 9.0) (distance: 12.73)
[23:23:23] TERRAIN: Queued chunk: (-9.0, 9.0) (distance: 12.73)
[23:23:23] TERRAIN: Queued chunk: (-9.0, -9.0) (distance: 12.73)
[23:23:23] TERRAIN: Queued chunk: (10.0, -8.0) (distance: 12.81)
[23:23:23] TERRAIN: Queued chunk: (-8.0, 10.0) (distance: 12.81)
[23:23:23] TERRAIN: Queued chunk: (-8.0, -10.0) (distance: 12.81)
[23:23:23] TERRAIN: Queued chunk: (-10.0, 8.0) (distance: 12.81)
[23:23:23] TERRAIN: Queued chunk: (-10.0, -8.0) (distance: 12.81)
[23:23:23] TERRAIN: Queued chunk: (10.0, 8.0) (distance: 12.81)
[23:23:23] TERRAIN: Queued chunk: (8.0, -10.0) (distance: 12.81)
[23:23:23] TERRAIN: Queued chunk: (8.0, 10.0) (distance: 12.81)
[23:23:23] TERRAIN: Queued chunk: (-12.0, 5.0) (distance: 13.00)
[23:23:23] TERRAIN: Queued chunk: (-12.0, -5.0) (distance: 13.00)
[23:23:23] TERRAIN: Queued chunk: (-13.0, 0.0) (distance: 13.00)
[23:23:23] TERRAIN: Queued chunk: (12.0, 5.0) (distance: 13.00)
[23:23:23] TERRAIN: Queued chunk: (13.0, 0.0) (distance: 13.00)
[23:23:23] TERRAIN: Queued chunk: (-5.0, -12.0) (distance: 13.00)
[23:23:23] TERRAIN: Queued chunk: (-5.0, 12.0) (distance: 13.00)
[23:23:23] TERRAIN: Queued chunk: (12.0, -5.0) (distance: 13.00)
[23:23:23] TERRAIN: Queued chunk: (5.0, 12.0) (distance: 13.00)
[23:23:23] TERRAIN: Queued chunk: (0.0, 13.0) (distance: 13.00)
[23:23:23] TERRAIN: Queued chunk: (0.0, -13.0) (distance: 13.00)
[23:23:23] TERRAIN: Queued chunk: (5.0, -12.0) (distance: 13.00)
[23:23:23] TERRAIN: Queued chunk: (-11.0, 7.0) (distance: 13.04)
[23:23:23] TERRAIN: Queued chunk: (-13.0, -1.0) (distance: 13.04)
[23:23:23] TERRAIN: Queued chunk: (-11.0, -7.0) (distance: 13.04)
[23:23:23] TERRAIN: Queued chunk: (7.0, -11.0) (distance: 13.04)
[23:23:23] TERRAIN: Queued chunk: (1.0, 13.0) (distance: 13.04)
[23:23:23] TERRAIN: Queued chunk: (13.0, 1.0) (distance: 13.04)
[23:23:23] TERRAIN: Queued chunk: (1.0, -13.0) (distance: 13.04)
[23:23:23] TERRAIN: Queued chunk: (7.0, 11.0) (distance: 13.04)
[23:23:23] TERRAIN: Queued chunk: (-7.0, -11.0) (distance: 13.04)
[23:23:23] TERRAIN: Queued chunk: (-7.0, 11.0) (distance: 13.04)
[23:23:23] TERRAIN: Queued chunk: (11.0, 7.0) (distance: 13.04)
[23:23:23] TERRAIN: Queued chunk: (-13.0, 1.0) (distance: 13.04)
[23:23:23] TERRAIN: Queued chunk: (-1.0, 13.0) (distance: 13.04)
[23:23:23] TERRAIN: Queued chunk: (-1.0, -13.0) (distance: 13.04)
[23:23:23] TERRAIN: Queued chunk: (11.0, -7.0) (distance: 13.04)
[23:23:23] TERRAIN: Queued chunk: (13.0, -1.0) (distance: 13.04)
[23:23:23] TERRAIN: Queued chunk: (-13.0, 2.0) (distance: 13.15)
[23:23:23] TERRAIN: Queued chunk: (2.0, 13.0) (distance: 13.15)
[23:23:23] TERRAIN: Queued chunk: (2.0, -13.0) (distance: 13.15)
[23:23:23] TERRAIN: Queued chunk: (13.0, 2.0) (distance: 13.15)
[23:23:23] TERRAIN: Queued chunk: (-13.0, -2.0) (distance: 13.15)
[23:23:23] TERRAIN: Queued chunk: (13.0, -2.0) (distance: 13.15)
[23:23:23] TERRAIN: Queued chunk: (-2.0, 13.0) (distance: 13.15)
[23:23:23] TERRAIN: Queued chunk: (-2.0, -13.0) (distance: 13.15)
[23:23:23] TERRAIN: Queued chunk: (3.0, -13.0) (distance: 13.34)
[23:23:23] TERRAIN: Queued chunk: (-13.0, -3.0) (distance: 13.34)
[23:23:23] TERRAIN: Queued chunk: (3.0, 13.0) (distance: 13.34)
[23:23:23] TERRAIN: Queued chunk: (-13.0, 3.0) (distance: 13.34)
[23:23:23] TERRAIN: Queued chunk: (13.0, 3.0) (distance: 13.34)
[23:23:23] TERRAIN: Queued chunk: (13.0, -3.0) (distance: 13.34)
[23:23:23] TERRAIN: Queued chunk: (-3.0, -13.0) (distance: 13.34)
[23:23:23] TERRAIN: Queued chunk: (-3.0, 13.0) (distance: 13.34)
[23:23:23] TERRAIN: Queued chunk: (-12.0, -6.0) (distance: 13.42)
[23:23:23] TERRAIN: Queued chunk: (-12.0, 6.0) (distance: 13.42)
[23:23:23] TERRAIN: Queued chunk: (6.0, 12.0) (distance: 13.42)
[23:23:23] TERRAIN: Queued chunk: (6.0, -12.0) (distance: 13.42)
[23:23:23] TERRAIN: Queued chunk: (12.0, 6.0) (distance: 13.42)
[23:23:23] TERRAIN: Queued chunk: (-6.0, -12.0) (distance: 13.42)
[23:23:23] TERRAIN: Queued chunk: (-6.0, 12.0) (distance: 13.42)
[23:23:23] TERRAIN: Queued chunk: (12.0, -6.0) (distance: 13.42)
[23:23:23] TERRAIN: Queued chunk: (9.0, -10.0) (distance: 13.45)
[23:23:23] TERRAIN: Queued chunk: (9.0, 10.0) (distance: 13.45)
[23:23:23] TERRAIN: Queued chunk: (10.0, -9.0) (distance: 13.45)
[23:23:23] TERRAIN: Queued chunk: (10.0, 9.0) (distance: 13.45)
[23:23:23] TERRAIN: Queued chunk: (-9.0, 10.0) (distance: 13.45)
[23:23:23] TERRAIN: Queued chunk: (-9.0, -10.0) (distance: 13.45)
[23:23:23] TERRAIN: Queued chunk: (-10.0, 9.0) (distance: 13.45)
[23:23:23] TERRAIN: Queued chunk: (-10.0, -9.0) (distance: 13.45)
[23:23:23] TERRAIN: Queued chunk: (8.0, 11.0) (distance: 13.60)
[23:23:23] TERRAIN: Queued chunk: (11.0, 8.0) (distance: 13.60)
[23:23:23] TERRAIN: Queued chunk: (-13.0, -4.0) (distance: 13.60)
[23:23:23] TERRAIN: Queued chunk: (-13.0, 4.0) (distance: 13.60)
[23:23:23] TERRAIN: Queued chunk: (11.0, -8.0) (distance: 13.60)
[23:23:23] TERRAIN: Queued chunk: (13.0, 4.0) (distance: 13.60)
[23:23:23] TERRAIN: Queued chunk: (-11.0, -8.0) (distance: 13.60)
[23:23:23] TERRAIN: Queued chunk: (-11.0, 8.0) (distance: 13.60)
[23:23:23] TERRAIN: Queued chunk: (-8.0, -11.0) (distance: 13.60)
[23:23:23] TERRAIN: Queued chunk: (-8.0, 11.0) (distance: 13.60)
[23:23:23] TERRAIN: Queued chunk: (-4.0, -13.0) (distance: 13.60)
[23:23:23] TERRAIN: Queued chunk: (-4.0, 13.0) (distance: 13.60)
[23:23:23] TERRAIN: Queued chunk: (13.0, -4.0) (distance: 13.60)
[23:23:23] TERRAIN: Queued chunk: (4.0, -13.0) (distance: 13.60)
[23:23:23] TERRAIN: Queued chunk: (4.0, 13.0) (distance: 13.60)
[23:23:23] TERRAIN: Queued chunk: (8.0, -11.0) (distance: 13.60)
[23:23:23] TERRAIN: Queued chunk: (12.0, -7.0) (distance: 13.89)
[23:23:23] TERRAIN: Queued chunk: (-7.0, 12.0) (distance: 13.89)
[23:23:23] TERRAIN: Queued chunk: (-7.0, -12.0) (distance: 13.89)
[23:23:23] TERRAIN: Queued chunk: (-12.0, 7.0) (distance: 13.89)
[23:23:23] TERRAIN: Queued chunk: (-12.0, -7.0) (distance: 13.89)
[23:23:23] TERRAIN: Queued chunk: (7.0, 12.0) (distance: 13.89)
[23:23:23] TERRAIN: Queued chunk: (7.0, -12.0) (distance: 13.89)
[23:23:23] TERRAIN: Queued chunk: (12.0, 7.0) (distance: 13.89)
[23:23:23] TERRAIN: Queued chunk: (13.0, 5.0) (distance: 13.93)
[23:23:23] TERRAIN: Queued chunk: (-13.0, 5.0) (distance: 13.93)
[23:23:23] TERRAIN: Queued chunk: (-13.0, -5.0) (distance: 13.93)
[23:23:23] TERRAIN: Queued chunk: (5.0, -13.0) (distance: 13.93)
[23:23:23] TERRAIN: Queued chunk: (5.0, 13.0) (distance: 13.93)
[23:23:23] TERRAIN: Queued chunk: (13.0, -5.0) (distance: 13.93)
[23:23:23] TERRAIN: Queued chunk: (-5.0, 13.0) (distance: 13.93)
[23:23:23] TERRAIN: Queued chunk: (-5.0, -13.0) (distance: 13.93)
[23:23:23] TERRAIN: Queued chunk: (0.0, -14.0) (distance: 14.00)
[23:23:23] TERRAIN: Queued chunk: (0.0, 14.0) (distance: 14.00)
[23:23:23] TERRAIN: Queued chunk: (14.0, 0.0) (distance: 14.00)
[23:23:23] TERRAIN: Queued chunk: (-14.0, 0.0) (distance: 14.00)
[23:23:23] TERRAIN: Queued chunk: (1.0, -14.0) (distance: 14.04)
[23:23:23] TERRAIN: Queued chunk: (14.0, 1.0) (distance: 14.04)
[23:23:23] TERRAIN: Queued chunk: (-1.0, 14.0) (distance: 14.04)
[23:23:23] TERRAIN: Queued chunk: (-1.0, -14.0) (distance: 14.04)
[23:23:23] TERRAIN: Queued chunk: (1.0, 14.0) (distance: 14.04)
[23:23:23] TERRAIN: Queued chunk: (-14.0, 1.0) (distance: 14.04)
[23:23:23] TERRAIN: Queued chunk: (-14.0, -1.0) (distance: 14.04)
[23:23:23] TERRAIN: Queued chunk: (14.0, -1.0) (distance: 14.04)
[23:23:23] TERRAIN: Queued chunk: (-14.0, 2.0) (distance: 14.14)
[23:23:23] TERRAIN: Queued chunk: (10.0, 10.0) (distance: 14.14)
[23:23:23] TERRAIN: Queued chunk: (-10.0, -10.0) (distance: 14.14)
[23:23:23] TERRAIN: Queued chunk: (-10.0, 10.0) (distance: 14.14)
[23:23:23] TERRAIN: Queued chunk: (14.0, 2.0) (distance: 14.14)
[23:23:23] TERRAIN: Queued chunk: (-14.0, -2.0) (distance: 14.14)
[23:23:23] TERRAIN: Queued chunk: (2.0, 14.0) (distance: 14.14)
[23:23:23] TERRAIN: Queued chunk: (2.0, -14.0) (distance: 14.14)
[23:23:23] TERRAIN: Queued chunk: (-2.0, 14.0) (distance: 14.14)
[23:23:23] TERRAIN: Queued chunk: (14.0, -2.0) (distance: 14.14)
[23:23:23] TERRAIN: Queued chunk: (-2.0, -14.0) (distance: 14.14)
[23:23:23] TERRAIN: Queued chunk: (10.0, -10.0) (distance: 14.14)
[23:23:23] TERRAIN: Queued chunk: (9.0, -11.0) (distance: 14.21)
[23:23:23] TERRAIN: Queued chunk: (11.0, -9.0) (distance: 14.21)
[23:23:23] TERRAIN: Queued chunk: (9.0, 11.0) (distance: 14.21)
[23:23:23] TERRAIN: Queued chunk: (-11.0, -9.0) (distance: 14.21)
[23:23:23] TERRAIN: Queued chunk: (-11.0, 9.0) (distance: 14.21)
[23:23:23] TERRAIN: Queued chunk: (-9.0, -11.0) (distance: 14.21)
[23:23:23] TERRAIN: Queued chunk: (-9.0, 11.0) (distance: 14.21)
[23:23:23] TERRAIN: Queued chunk: (11.0, 9.0) (distance: 14.21)
[23:23:23] TERRAIN: Queued chunk: (-6.0, -13.0) (distance: 14.32)
[23:23:23] TERRAIN: Queued chunk: (14.0, -3.0) (distance: 14.32)
[23:23:23] TERRAIN: Queued chunk: (6.0, 13.0) (distance: 14.32)
[23:23:23] TERRAIN: Queued chunk: (6.0, -13.0) (distance: 14.32)
[23:23:23] TERRAIN: Queued chunk: (-14.0, 3.0) (distance: 14.32)
[23:23:23] TERRAIN: Queued chunk: (13.0, 6.0) (distance: 14.32)
[23:23:23] TERRAIN: Queued chunk: (-13.0, -6.0) (distance: 14.32)
[23:23:23] TERRAIN: Queued chunk: (3.0, 14.0) (distance: 14.32)
[23:23:23] TERRAIN: Queued chunk: (3.0, -14.0) (distance: 14.32)
[23:23:23] TERRAIN: Queued chunk: (-13.0, 6.0) (distance: 14.32)
[23:23:23] TERRAIN: Queued chunk: (-6.0, 13.0) (distance: 14.32)
[23:23:23] TERRAIN: Queued chunk: (-14.0, -3.0) (distance: 14.32)
[23:23:23] TERRAIN: Queued chunk: (-3.0, -14.0) (distance: 14.32)
[23:23:23] TERRAIN: Queued chunk: (13.0, -6.0) (distance: 14.32)
[23:23:23] TERRAIN: Queued chunk: (14.0, 3.0) (distance: 14.32)
[23:23:23] TERRAIN: Queued chunk: (-3.0, 14.0) (distance: 14.32)
[23:23:23] TERRAIN: Queued chunk: (12.0, 8.0) (distance: 14.42)
[23:23:23] TERRAIN: Queued chunk: (12.0, -8.0) (distance: 14.42)
[23:23:23] TERRAIN: Queued chunk: (-12.0, -8.0) (distance: 14.42)
[23:23:23] TERRAIN: Queued chunk: (-12.0, 8.0) (distance: 14.42)
[23:23:23] TERRAIN: Queued chunk: (-8.0, -12.0) (distance: 14.42)
[23:23:23] TERRAIN: Queued chunk: (-8.0, 12.0) (distance: 14.42)
[23:23:23] TERRAIN: Queued chunk: (8.0, -12.0) (distance: 14.42)
[23:23:23] TERRAIN: Queued chunk: (8.0, 12.0) (distance: 14.42)
[23:23:23] TERRAIN: Queued chunk: (14.0, -4.0) (distance: 14.56)
[23:23:23] TERRAIN: Queued chunk: (4.0, 14.0) (distance: 14.56)
[23:23:23] TERRAIN: Queued chunk: (4.0, -14.0) (distance: 14.56)
[23:23:23] TERRAIN: Queued chunk: (-4.0, 14.0) (distance: 14.56)
[23:23:23] TERRAIN: Queued chunk: (-4.0, -14.0) (distance: 14.56)
[23:23:23] TERRAIN: Queued chunk: (14.0, 4.0) (distance: 14.56)
[23:23:23] TERRAIN: Queued chunk: (-14.0, 4.0) (distance: 14.56)
[23:23:23] TERRAIN: Queued chunk: (-14.0, -4.0) (distance: 14.56)
[23:23:23] TERRAIN: Queued chunk: (13.0, -7.0) (distance: 14.76)
[23:23:23] TERRAIN: Queued chunk: (7.0, 13.0) (distance: 14.76)
[23:23:23] TERRAIN: Queued chunk: (7.0, -13.0) (distance: 14.76)
[23:23:23] TERRAIN: Queued chunk: (-7.0, 13.0) (distance: 14.76)
[23:23:23] TERRAIN: Queued chunk: (-7.0, -13.0) (distance: 14.76)
[23:23:23] TERRAIN: Queued chunk: (-13.0, 7.0) (distance: 14.76)
[23:23:23] TERRAIN: Queued chunk: (-13.0, -7.0) (distance: 14.76)
[23:23:23] TERRAIN: Queued chunk: (13.0, 7.0) (distance: 14.76)
[23:23:23] TERRAIN: Queued chunk: (14.0, -5.0) (distance: 14.87)
[23:23:23] TERRAIN: Queued chunk: (11.0, 10.0) (distance: 14.87)
[23:23:23] TERRAIN: Queued chunk: (11.0, -10.0) (distance: 14.87)
[23:23:23] TERRAIN: Queued chunk: (10.0, 11.0) (distance: 14.87)
[23:23:23] TERRAIN: Queued chunk: (10.0, -11.0) (distance: 14.87)
[23:23:23] TERRAIN: Queued chunk: (5.0, 14.0) (distance: 14.87)
[23:23:23] TERRAIN: Queued chunk: (5.0, -14.0) (distance: 14.87)
[23:23:23] TERRAIN: Queued chunk: (-5.0, 14.0) (distance: 14.87)
[23:23:23] TERRAIN: Queued chunk: (-5.0, -14.0) (distance: 14.87)
[23:23:23] TERRAIN: Queued chunk: (-10.0, 11.0) (distance: 14.87)
[23:23:23] TERRAIN: Queued chunk: (-10.0, -11.0) (distance: 14.87)
[23:23:23] TERRAIN: Queued chunk: (-11.0, 10.0) (distance: 14.87)
[23:23:23] TERRAIN: Queued chunk: (-11.0, -10.0) (distance: 14.87)
[23:23:23] TERRAIN: Queued chunk: (14.0, 5.0) (distance: 14.87)
[23:23:23] TERRAIN: Queued chunk: (-14.0, 5.0) (distance: 14.87)
[23:23:23] TERRAIN: Queued chunk: (-14.0, -5.0) (distance: 14.87)
[23:23:23] TERRAIN: Queued chunk: (15.0, 0.0) (distance: 15.00)
[23:23:23] TERRAIN: Queued chunk: (12.0, 9.0) (distance: 15.00)
[23:23:23] TERRAIN: Queued chunk: (12.0, -9.0) (distance: 15.00)
[23:23:23] TERRAIN: Queued chunk: (9.0, 12.0) (distance: 15.00)
[23:23:23] TERRAIN: Queued chunk: (9.0, -12.0) (distance: 15.00)
[23:23:23] TERRAIN: Queued chunk: (0.0, 15.0) (distance: 15.00)
[23:23:23] TERRAIN: Queued chunk: (0.0, -15.0) (distance: 15.00)
[23:23:23] TERRAIN: Queued chunk: (-9.0, 12.0) (distance: 15.00)
[23:23:23] TERRAIN: Queued chunk: (-9.0, -12.0) (distance: 15.00)
[23:23:23] TERRAIN: Queued chunk: (-12.0, 9.0) (distance: 15.00)
[23:23:23] TERRAIN: Queued chunk: (-12.0, -9.0) (distance: 15.00)
[23:23:23] TERRAIN: Queued chunk: (-15.0, 0.0) (distance: 15.00)
[23:23:23] TERRAIN: Creating chunk: (0.0, 0.0) at distance 0.00
[23:23:23] TERRAIN: Chunk (0.0, 0.0): TRIMESH collision created successfully (distance: 0.00, vertices: 512)
[23:23:23] TERRAIN: Chunk created successfully: (0.0, 0.0) at world pos (0.0, 0.0, 0.0) (total chunks: 1)
[23:23:23] TERRAIN: Creating chunk: (0.0, -1.0) at distance 1.00
[23:23:23] TERRAIN: Chunk (0.0, -1.0): TRIMESH collision created successfully (distance: 1.00, vertices: 512)
[23:23:23] TERRAIN: Chunk created successfully: (0.0, -1.0) at world pos (0.0, 0.0, -32.0) (total chunks: 2)
[23:23:23] TERRAIN: Creating chunk: (-1.0, 0.0) at distance 1.00
[23:23:23] TERRAIN: Chunk (-1.0, 0.0): TRIMESH collision created successfully (distance: 1.00, vertices: 512)
[23:23:23] TERRAIN: Chunk created successfully: (-1.0, 0.0) at world pos (-32.0, 0.0, 0.0) (total chunks: 3)
[23:23:23] TERRAIN: Creating chunk: (0.0, 1.0) at distance 1.00
[23:23:23] TERRAIN: Chunk (0.0, 1.0): TRIMESH collision created successfully (distance: 1.00, vertices: 512)
[23:23:23] TERRAIN: Chunk created successfully: (0.0, 1.0) at world pos (0.0, 0.0, 32.0) (total chunks: 4)
[23:23:23] TERRAIN: Creating chunk: (1.0, 0.0) at distance 1.00
[23:23:23] TERRAIN: Chunk (1.0, 0.0): TRIMESH collision created successfully (distance: 1.00, vertices: 512)
[23:23:23] TERRAIN: Chunk created successfully: (1.0, 0.0) at world pos (32.0, 0.0, 0.0) (total chunks: 5)
[23:23:23] TERRAIN: Creating chunk: (-1.0, 1.0) at distance 1.41
[23:23:23] TERRAIN: Chunk (-1.0, 1.0): TRIMESH collision created successfully (distance: 1.41, vertices: 128)
[23:23:23] TERRAIN: Chunk created successfully: (-1.0, 1.0) at world pos (-32.0, 0.0, 32.0) (total chunks: 6)
[23:23:23] TERRAIN: Creating chunk: (-1.0, -1.0) at distance 1.41
[23:23:23] TERRAIN: Chunk (-1.0, -1.0): TRIMESH collision created successfully (distance: 1.41, vertices: 128)
[23:23:23] TERRAIN: Chunk created successfully: (-1.0, -1.0) at world pos (-32.0, 0.0, -32.0) (total chunks: 7)
[23:23:23] TERRAIN: Creating chunk: (1.0, 1.0) at distance 1.41
[23:23:23] TERRAIN: Chunk (1.0, 1.0): TRIMESH collision created successfully (distance: 1.41, vertices: 128)
[23:23:23] TERRAIN: Chunk created successfully: (1.0, 1.0) at world pos (32.0, 0.0, 32.0) (total chunks: 8)
[23:23:23] TERRAIN: Creating chunk: (1.0, -1.0) at distance 1.41
[23:23:23] TERRAIN: Chunk (1.0, -1.0): TRIMESH collision created successfully (distance: 1.41, vertices: 128)
[23:23:23] TERRAIN: Chunk created successfully: (1.0, -1.0) at world pos (32.0, 0.0, -32.0) (total chunks: 9)
[23:23:23] TERRAIN: Creating chunk: (0.0, -2.0) at distance 2.00
[23:23:23] TERRAIN: Chunk (0.0, -2.0): TRIMESH collision created successfully (distance: 2.00, vertices: 128)
[23:23:23] TERRAIN: Chunk created successfully: (0.0, -2.0) at world pos (0.0, 0.0, -64.0) (total chunks: 10)
[23:23:23] TERRAIN: Creating chunk: (0.0, 2.0) at distance 2.00
[23:23:23] TERRAIN: Chunk (0.0, 2.0): TRIMESH collision created successfully (distance: 2.00, vertices: 128)
[23:23:23] TERRAIN: Chunk created successfully: (0.0, 2.0) at world pos (0.0, 0.0, 64.0) (total chunks: 11)
[23:23:23] TERRAIN: Creating chunk: (-2.0, 0.0) at distance 2.00
[23:23:23] TERRAIN: Chunk (-2.0, 0.0): TRIMESH collision created successfully (distance: 2.00, vertices: 128)
[23:23:23] TERRAIN: Chunk created successfully: (-2.0, 0.0) at world pos (-64.0, 0.0, 0.0) (total chunks: 12)
[23:23:23] TERRAIN: Creating chunk: (2.0, 0.0) at distance 2.00
[23:23:23] TERRAIN: Chunk (2.0, 0.0): TRIMESH collision created successfully (distance: 2.00, vertices: 128)
[23:23:23] TERRAIN: Chunk created successfully: (2.0, 0.0) at world pos (64.0, 0.0, 0.0) (total chunks: 13)
[23:23:23] TERRAIN: Creating chunk: (-2.0, 1.0) at distance 2.24
[23:23:23] TERRAIN: Chunk (-2.0, 1.0): TRIMESH collision created successfully (distance: 2.24, vertices: 128)
[23:23:23] TERRAIN: Chunk created successfully: (-2.0, 1.0) at world pos (-64.0, 0.0, 32.0) (total chunks: 14)
[23:23:23] TERRAIN: Creating chunk: (-2.0, -1.0) at distance 2.24
[23:23:23] TERRAIN: Chunk (-2.0, -1.0): TRIMESH collision created successfully (distance: 2.24, vertices: 128)
[23:23:23] TERRAIN: Chunk created successfully: (-2.0, -1.0) at world pos (-64.0, 0.0, -32.0) (total chunks: 15)
[23:23:23] TERRAIN: Creating chunk: (1.0, 2.0) at distance 2.24
[23:23:23] TERRAIN: Chunk (1.0, 2.0): TRIMESH collision created successfully (distance: 2.24, vertices: 128)
[23:23:23] TERRAIN: Chunk created successfully: (1.0, 2.0) at world pos (32.0, 0.0, 64.0) (total chunks: 16)
[23:23:23] TERRAIN: Creating chunk: (1.0, -2.0) at distance 2.24
[23:23:23] TERRAIN: Chunk (1.0, -2.0): TRIMESH collision created successfully (distance: 2.24, vertices: 128)
[23:23:23] TERRAIN: Chunk created successfully: (1.0, -2.0) at world pos (32.0, 0.0, -64.0) (total chunks: 17)
[23:23:23] TERRAIN: Creating chunk: (-1.0, 2.0) at distance 2.24
[23:23:23] TERRAIN: Chunk (-1.0, 2.0): TRIMESH collision created successfully (distance: 2.24, vertices: 128)
[23:23:23] TERRAIN: Chunk created successfully: (-1.0, 2.0) at world pos (-32.0, 0.0, 64.0) (total chunks: 18)
[23:23:23] TERRAIN: Creating chunk: (2.0, 1.0) at distance 2.24
[23:23:23] TERRAIN: Chunk (2.0, 1.0): TRIMESH collision created successfully (distance: 2.24, vertices: 128)
[23:23:23] TERRAIN: Chunk created successfully: (2.0, 1.0) at world pos (64.0, 0.0, 32.0) (total chunks: 19)
[23:23:23] TERRAIN: Creating chunk: (2.0, -1.0) at distance 2.24
[23:23:23] TERRAIN: Chunk (2.0, -1.0): TRIMESH collision created successfully (distance: 2.24, vertices: 128)
[23:23:23] TERRAIN: Chunk created successfully: (2.0, -1.0) at world pos (64.0, 0.0, -32.0) (total chunks: 20)
[23:23:23] TERRAIN: Creating chunk: (-1.0, -2.0) at distance 2.24
[23:23:23] TERRAIN: Chunk (-1.0, -2.0): TRIMESH collision created successfully (distance: 2.24, vertices: 128)
[23:23:23] TERRAIN: Chunk created successfully: (-1.0, -2.0) at world pos (-32.0, 0.0, -64.0) (total chunks: 21)
[23:23:23] TERRAIN: Creating chunk: (2.0, 2.0) at distance 2.83
[23:23:23] TERRAIN: Chunk (2.0, 2.0): TRIMESH collision created successfully (distance: 2.83, vertices: 128)
[23:23:23] TERRAIN: Chunk created successfully: (2.0, 2.0) at world pos (64.0, 0.0, 64.0) (total chunks: 22)
[23:23:23] TERRAIN: Creating chunk: (2.0, -2.0) at distance 2.83
[23:23:23] TERRAIN: Chunk (2.0, -2.0): TRIMESH collision created successfully (distance: 2.83, vertices: 128)
[23:23:23] TERRAIN: Chunk created successfully: (2.0, -2.0) at world pos (64.0, 0.0, -64.0) (total chunks: 23)
[23:23:23] TERRAIN: Creating chunk: (-2.0, -2.0) at distance 2.83
[23:23:23] TERRAIN: Chunk (-2.0, -2.0): TRIMESH collision created successfully (distance: 2.83, vertices: 128)
[23:23:23] TERRAIN: Chunk created successfully: (-2.0, -2.0) at world pos (-64.0, 0.0, -64.0) (total chunks: 24)
[23:23:23] TERRAIN: Creating chunk: (-2.0, 2.0) at distance 2.83
[23:23:23] TERRAIN: Chunk (-2.0, 2.0): TRIMESH collision created successfully (distance: 2.83, vertices: 128)
[23:23:23] TERRAIN: Chunk created successfully: (-2.0, 2.0) at world pos (-64.0, 0.0, 64.0) (total chunks: 25)
[23:23:23] TERRAIN: Creating chunk: (0.0, -3.0) at distance 3.00
[23:23:23] TERRAIN: Chunk (0.0, -3.0): TRIMESH collision created successfully (distance: 3.00, vertices: 128)
[23:23:23] TERRAIN: Chunk created successfully: (0.0, -3.0) at world pos (0.0, 0.0, -96.0) (total chunks: 26)
[23:23:23] TERRAIN: Creating chunk: (0.0, 3.0) at distance 3.00
[23:23:23] TERRAIN: Chunk (0.0, 3.0): TRIMESH collision created successfully (distance: 3.00, vertices: 128)
[23:23:23] TERRAIN: Chunk created successfully: (0.0, 3.0) at world pos (0.0, 0.0, 96.0) (total chunks: 27)
[23:23:23] TERRAIN: Creating chunk: (3.0, 0.0) at distance 3.00
[23:23:23] TERRAIN: Chunk (3.0, 0.0): TRIMESH collision created successfully (distance: 3.00, vertices: 128)
[23:23:23] TERRAIN: Chunk created successfully: (3.0, 0.0) at world pos (96.0, 0.0, 0.0) (total chunks: 28)
[23:23:23] TERRAIN: Creating chunk: (-3.0, 0.0) at distance 3.00
[23:23:23] TERRAIN: Chunk (-3.0, 0.0): TRIMESH collision created successfully (distance: 3.00, vertices: 128)
[23:23:23] TERRAIN: Chunk created successfully: (-3.0, 0.0) at world pos (-96.0, 0.0, 0.0) (total chunks: 29)
[23:23:23] TERRAIN: Creating chunk: (1.0, 3.0) at distance 3.16
[23:23:23] TERRAIN: Chunk (1.0, 3.0): TRIMESH collision created successfully (distance: 3.16, vertices: 32)
[23:23:23] TERRAIN: Chunk created successfully: (1.0, 3.0) at world pos (32.0, 0.0, 96.0) (total chunks: 30)
[23:23:23] TERRAIN: Creating chunk: (-1.0, -3.0) at distance 3.16
[23:23:23] TERRAIN: Chunk (-1.0, -3.0): TRIMESH collision created successfully (distance: 3.16, vertices: 32)
[23:23:23] TERRAIN: Chunk created successfully: (-1.0, -3.0) at world pos (-32.0, 0.0, -96.0) (total chunks: 31)
[23:23:23] TERRAIN: Creating chunk: (-3.0, -1.0) at distance 3.16
[23:23:23] TERRAIN: Chunk (-3.0, -1.0): TRIMESH collision created successfully (distance: 3.16, vertices: 32)
[23:23:23] TERRAIN: Chunk created successfully: (-3.0, -1.0) at world pos (-96.0, 0.0, -32.0) (total chunks: 32)
[23:23:24] TERRAIN: Creating chunk: (3.0, -1.0) at distance 3.16
[23:23:24] TERRAIN: Chunk (3.0, -1.0): TRIMESH collision created successfully (distance: 3.16, vertices: 32)
[23:23:24] TERRAIN: Chunk created successfully: (3.0, -1.0) at world pos (96.0, 0.0, -32.0) (total chunks: 33)
[23:23:24] TERRAIN: Creating chunk: (3.0, 1.0) at distance 3.16
[23:23:24] TERRAIN: Chunk (3.0, 1.0): TRIMESH collision created successfully (distance: 3.16, vertices: 32)
[23:23:24] TERRAIN: Chunk created successfully: (3.0, 1.0) at world pos (96.0, 0.0, 32.0) (total chunks: 34)
[23:23:24] TERRAIN: Creating chunk: (-3.0, 1.0) at distance 3.16
[23:23:24] TERRAIN: Chunk (-3.0, 1.0): TRIMESH collision created successfully (distance: 3.16, vertices: 32)
[23:23:24] TERRAIN: Chunk created successfully: (-3.0, 1.0) at world pos (-96.0, 0.0, 32.0) (total chunks: 35)
[23:23:24] TERRAIN: Creating chunk: (1.0, -3.0) at distance 3.16
[23:23:24] TERRAIN: Chunk (1.0, -3.0): TRIMESH collision created successfully (distance: 3.16, vertices: 32)
[23:23:24] TERRAIN: Chunk created successfully: (1.0, -3.0) at world pos (32.0, 0.0, -96.0) (total chunks: 36)
[23:23:24] TERRAIN: Creating chunk: (-1.0, 3.0) at distance 3.16
[23:23:24] TERRAIN: Chunk (-1.0, 3.0): TRIMESH collision created successfully (distance: 3.16, vertices: 32)
[23:23:24] TERRAIN: Chunk created successfully: (-1.0, 3.0) at world pos (-32.0, 0.0, 96.0) (total chunks: 37)
[23:23:24] TERRAIN: Creating chunk: (-3.0, -2.0) at distance 3.61
[23:23:24] TERRAIN: Chunk (-3.0, -2.0): TRIMESH collision created successfully (distance: 3.61, vertices: 32)
[23:23:24] TERRAIN: Chunk created successfully: (-3.0, -2.0) at world pos (-96.0, 0.0, -64.0) (total chunks: 38)
[23:23:24] TERRAIN: Creating chunk: (-3.0, 2.0) at distance 3.61
[23:23:24] TERRAIN: Chunk (-3.0, 2.0): TRIMESH collision created successfully (distance: 3.61, vertices: 32)
[23:23:24] TERRAIN: Chunk created successfully: (-3.0, 2.0) at world pos (-96.0, 0.0, 64.0) (total chunks: 39)
[23:23:24] TERRAIN: Creating chunk: (2.0, -3.0) at distance 3.61
[23:23:24] TERRAIN: Chunk (2.0, -3.0): TRIMESH collision created successfully (distance: 3.61, vertices: 32)
[23:23:24] TERRAIN: Chunk created successfully: (2.0, -3.0) at world pos (64.0, 0.0, -96.0) (total chunks: 40)
[23:23:24] TERRAIN: Creating chunk: (2.0, 3.0) at distance 3.61
[23:23:24] TERRAIN: Chunk (2.0, 3.0): TRIMESH collision created successfully (distance: 3.61, vertices: 32)
[23:23:24] TERRAIN: Chunk created successfully: (2.0, 3.0) at world pos (64.0, 0.0, 96.0) (total chunks: 41)
[23:23:24] TERRAIN: Creating chunk: (-2.0, -3.0) at distance 3.61
[23:23:24] TERRAIN: Chunk (-2.0, -3.0): TRIMESH collision created successfully (distance: 3.61, vertices: 32)
[23:23:24] TERRAIN: Chunk created successfully: (-2.0, -3.0) at world pos (-64.0, 0.0, -96.0) (total chunks: 42)
[23:23:24] TERRAIN: Creating chunk: (3.0, 2.0) at distance 3.61
[23:23:24] TERRAIN: Chunk (3.0, 2.0): TRIMESH collision created successfully (distance: 3.61, vertices: 32)
[23:23:24] TERRAIN: Chunk created successfully: (3.0, 2.0) at world pos (96.0, 0.0, 64.0) (total chunks: 43)
[23:23:24] TERRAIN: Creating chunk: (-2.0, 3.0) at distance 3.61
[23:23:24] TERRAIN: Chunk (-2.0, 3.0): TRIMESH collision created successfully (distance: 3.61, vertices: 32)
[23:23:24] TERRAIN: Chunk created successfully: (-2.0, 3.0) at world pos (-64.0, 0.0, 96.0) (total chunks: 44)
[23:23:24] TERRAIN: Creating chunk: (3.0, -2.0) at distance 3.61
[23:23:24] TERRAIN: Chunk (3.0, -2.0): TRIMESH collision created successfully (distance: 3.61, vertices: 32)
[23:23:24] TERRAIN: Chunk created successfully: (3.0, -2.0) at world pos (96.0, 0.0, -64.0) (total chunks: 45)
[23:23:24] TERRAIN: Creating chunk: (4.0, 0.0) at distance 4.00
[23:23:24] TERRAIN: Chunk (4.0, 0.0): TRIMESH collision created successfully (distance: 4.00, vertices: 32)
[23:23:24] TERRAIN: Chunk created successfully: (4.0, 0.0) at world pos (128.0, 0.0, 0.0) (total chunks: 46)
[23:23:24] TERRAIN: Creating chunk: (0.0, -4.0) at distance 4.00
[23:23:24] TERRAIN: Chunk (0.0, -4.0): TRIMESH collision created successfully (distance: 4.00, vertices: 32)
[23:23:24] TERRAIN: Chunk created successfully: (0.0, -4.0) at world pos (0.0, 0.0, -128.0) (total chunks: 47)
[23:23:24] TERRAIN: Creating chunk: (0.0, 4.0) at distance 4.00
[23:23:24] TERRAIN: Chunk (0.0, 4.0): TRIMESH collision created successfully (distance: 4.00, vertices: 32)
[23:23:24] TERRAIN: Chunk created successfully: (0.0, 4.0) at world pos (0.0, 0.0, 128.0) (total chunks: 48)
[23:23:24] TERRAIN: Creating chunk: (-4.0, 0.0) at distance 4.00
[23:23:24] TERRAIN: Chunk (-4.0, 0.0): TRIMESH collision created successfully (distance: 4.00, vertices: 32)
[23:23:24] TERRAIN: Chunk created successfully: (-4.0, 0.0) at world pos (-128.0, 0.0, 0.0) (total chunks: 49)
[23:23:24] TERRAIN: Creating chunk: (1.0, -4.0) at distance 4.12
[23:23:24] TERRAIN: Chunk (1.0, -4.0): TRIMESH collision created successfully (distance: 4.12, vertices: 32)
[23:23:24] TERRAIN: Chunk created successfully: (1.0, -4.0) at world pos (32.0, 0.0, -128.0) (total chunks: 50)
[23:23:24] TERRAIN: Creating chunk: (-1.0, 4.0) at distance 4.12
[23:23:24] TERRAIN: Chunk (-1.0, 4.0): TRIMESH collision created successfully (distance: 4.12, vertices: 32)
[23:23:24] TERRAIN: Chunk created successfully: (-1.0, 4.0) at world pos (-32.0, 0.0, 128.0) (total chunks: 51)
[23:23:24] TERRAIN: Creating chunk: (1.0, 4.0) at distance 4.12
[23:23:24] TERRAIN: Chunk (1.0, 4.0): TRIMESH collision created successfully (distance: 4.12, vertices: 32)
[23:23:24] TERRAIN: Chunk created successfully: (1.0, 4.0) at world pos (32.0, 0.0, 128.0) (total chunks: 52)
[23:23:24] TERRAIN: Creating chunk: (-4.0, -1.0) at distance 4.12
[23:23:24] TERRAIN: Chunk (-4.0, -1.0): TRIMESH collision created successfully (distance: 4.12, vertices: 32)
[23:23:24] TERRAIN: Chunk created successfully: (-4.0, -1.0) at world pos (-128.0, 0.0, -32.0) (total chunks: 53)
[23:23:24] TERRAIN: Creating chunk: (-1.0, -4.0) at distance 4.12
[23:23:24] TERRAIN: Chunk (-1.0, -4.0): TRIMESH collision created successfully (distance: 4.12, vertices: 32)
[23:23:24] TERRAIN: Chunk created successfully: (-1.0, -4.0) at world pos (-32.0, 0.0, -128.0) (total chunks: 54)
[23:23:24] TERRAIN: Creating chunk: (-4.0, 1.0) at distance 4.12
[23:23:24] TERRAIN: Chunk (-4.0, 1.0): TRIMESH collision created successfully (distance: 4.12, vertices: 32)
[23:23:24] TERRAIN: Chunk created successfully: (-4.0, 1.0) at world pos (-128.0, 0.0, 32.0) (total chunks: 55)
[23:23:24] TERRAIN: Creating chunk: (4.0, -1.0) at distance 4.12
[23:23:24] TERRAIN: Chunk (4.0, -1.0): TRIMESH collision created successfully (distance: 4.12, vertices: 32)
[23:23:24] TERRAIN: Chunk created successfully: (4.0, -1.0) at world pos (128.0, 0.0, -32.0) (total chunks: 56)
[23:23:24] TERRAIN: Creating chunk: (4.0, 1.0) at distance 4.12
[23:23:24] TERRAIN: Chunk (4.0, 1.0): TRIMESH collision created successfully (distance: 4.12, vertices: 32)
[23:23:24] TERRAIN: Chunk created successfully: (4.0, 1.0) at world pos (128.0, 0.0, 32.0) (total chunks: 57)
[23:23:24] TERRAIN: Creating chunk: (3.0, -3.0) at distance 4.24
[23:23:24] TERRAIN: Chunk (3.0, -3.0): TRIMESH collision created successfully (distance: 4.24, vertices: 32)
[23:23:24] TERRAIN: Chunk created successfully: (3.0, -3.0) at world pos (96.0, 0.0, -96.0) (total chunks: 58)
[23:23:24] TERRAIN: Creating chunk: (3.0, 3.0) at distance 4.24
[23:23:24] TERRAIN: Chunk (3.0, 3.0): TRIMESH collision created successfully (distance: 4.24, vertices: 32)
[23:23:24] TERRAIN: Chunk created successfully: (3.0, 3.0) at world pos (96.0, 0.0, 96.0) (total chunks: 59)
[23:23:24] TERRAIN: Creating chunk: (-3.0, -3.0) at distance 4.24
[23:23:24] TERRAIN: Chunk (-3.0, -3.0): TRIMESH collision created successfully (distance: 4.24, vertices: 32)
[23:23:24] TERRAIN: Chunk created successfully: (-3.0, -3.0) at world pos (-96.0, 0.0, -96.0) (total chunks: 60)
[23:23:24] TERRAIN: Creating chunk: (-3.0, 3.0) at distance 4.24
[23:23:24] TERRAIN: Chunk (-3.0, 3.0): TRIMESH collision created successfully (distance: 4.24, vertices: 32)
[23:23:24] TERRAIN: Chunk created successfully: (-3.0, 3.0) at world pos (-96.0, 0.0, 96.0) (total chunks: 61)
[23:23:24] TERRAIN: Creating chunk: (-4.0, -2.0) at distance 4.47
[23:23:24] TERRAIN: Chunk (-4.0, -2.0): TRIMESH collision created successfully (distance: 4.47, vertices: 32)
[23:23:24] TERRAIN: Chunk created successfully: (-4.0, -2.0) at world pos (-128.0, 0.0, -64.0) (total chunks: 62)
[23:23:24] TERRAIN: Creating chunk: (-4.0, 2.0) at distance 4.47
[23:23:24] TERRAIN: Chunk (-4.0, 2.0): TRIMESH collision created successfully (distance: 4.47, vertices: 32)
[23:23:24] TERRAIN: Chunk created successfully: (-4.0, 2.0) at world pos (-128.0, 0.0, 64.0) (total chunks: 63)
[23:23:24] TERRAIN: Creating chunk: (4.0, 2.0) at distance 4.47
[23:23:24] TERRAIN: Chunk (4.0, 2.0): TRIMESH collision created successfully (distance: 4.47, vertices: 32)
[23:23:24] TERRAIN: Chunk created successfully: (4.0, 2.0) at world pos (128.0, 0.0, 64.0) (total chunks: 64)
[23:23:24] TERRAIN: Creating chunk: (4.0, -2.0) at distance 4.47
[23:23:24] TERRAIN: Chunk (4.0, -2.0): TRIMESH collision created successfully (distance: 4.47, vertices: 32)
[23:23:24] TERRAIN: Chunk created successfully: (4.0, -2.0) at world pos (128.0, 0.0, -64.0) (total chunks: 65)
[23:23:24] TERRAIN: Creating chunk: (-2.0, -4.0) at distance 4.47
[23:23:24] TERRAIN: Chunk (-2.0, -4.0): TRIMESH collision created successfully (distance: 4.47, vertices: 32)
[23:23:24] TERRAIN: Chunk created successfully: (-2.0, -4.0) at world pos (-64.0, 0.0, -128.0) (total chunks: 66)
[23:23:24] TERRAIN: Creating chunk: (-2.0, 4.0) at distance 4.47
[23:23:24] TERRAIN: Chunk (-2.0, 4.0): TRIMESH collision created successfully (distance: 4.47, vertices: 32)
[23:23:24] TERRAIN: Chunk created successfully: (-2.0, 4.0) at world pos (-64.0, 0.0, 128.0) (total chunks: 67)
[23:23:24] TERRAIN: Creating chunk: (2.0, 4.0) at distance 4.47
[23:23:24] TERRAIN: Chunk (2.0, 4.0): TRIMESH collision created successfully (distance: 4.47, vertices: 32)
[23:23:24] TERRAIN: Chunk created successfully: (2.0, 4.0) at world pos (64.0, 0.0, 128.0) (total chunks: 68)
[23:23:24] TERRAIN: Creating chunk: (2.0, -4.0) at distance 4.47
[23:23:24] TERRAIN: Chunk (2.0, -4.0): TRIMESH collision created successfully (distance: 4.47, vertices: 32)
[23:23:24] TERRAIN: Chunk created successfully: (2.0, -4.0) at world pos (64.0, 0.0, -128.0) (total chunks: 69)
[23:23:24] TERRAIN: Creating chunk: (0.0, -5.0) at distance 5.00
[23:23:24] TERRAIN: Chunk (0.0, -5.0): TRIMESH collision created successfully (distance: 5.00, vertices: 32)
[23:23:24] TERRAIN: Chunk created successfully: (0.0, -5.0) at world pos (0.0, 0.0, -160.0) (total chunks: 70)
[23:23:24] TERRAIN: Creating chunk: (-3.0, 4.0) at distance 5.00
[23:23:24] TERRAIN: Chunk (-3.0, 4.0): TRIMESH collision created successfully (distance: 5.00, vertices: 32)
[23:23:24] TERRAIN: Chunk created successfully: (-3.0, 4.0) at world pos (-96.0, 0.0, 128.0) (total chunks: 71)
[23:23:24] TERRAIN: Creating chunk: (-3.0, -4.0) at distance 5.00
[23:23:24] TERRAIN: Chunk (-3.0, -4.0): TRIMESH collision created successfully (distance: 5.00, vertices: 32)
[23:23:24] TERRAIN: Chunk created successfully: (-3.0, -4.0) at world pos (-96.0, 0.0, -128.0) (total chunks: 72)
[23:23:24] TERRAIN: Creating chunk: (-4.0, 3.0) at distance 5.00
[23:23:24] TERRAIN: Chunk (-4.0, 3.0): TRIMESH collision created successfully (distance: 5.00, vertices: 32)
[23:23:24] TERRAIN: Chunk created successfully: (-4.0, 3.0) at world pos (-128.0, 0.0, 96.0) (total chunks: 73)
[23:23:24] TERRAIN: Creating chunk: (-4.0, -3.0) at distance 5.00
[23:23:24] TERRAIN: Chunk (-4.0, -3.0): TRIMESH collision created successfully (distance: 5.00, vertices: 32)
[23:23:24] TERRAIN: Chunk created successfully: (-4.0, -3.0) at world pos (-128.0, 0.0, -96.0) (total chunks: 74)
[23:23:24] TERRAIN: Creating chunk: (3.0, -4.0) at distance 5.00
[23:23:24] TERRAIN: Chunk (3.0, -4.0): TRIMESH collision created successfully (distance: 5.00, vertices: 32)
[23:23:24] TERRAIN: Chunk created successfully: (3.0, -4.0) at world pos (96.0, 0.0, -128.0) (total chunks: 75)
[23:23:24] TERRAIN: Creating chunk: (3.0, 4.0) at distance 5.00
[23:23:24] TERRAIN: Chunk (3.0, 4.0): TRIMESH collision created successfully (distance: 5.00, vertices: 32)
[23:23:24] TERRAIN: Chunk created successfully: (3.0, 4.0) at world pos (96.0, 0.0, 128.0) (total chunks: 76)
[23:23:24] TERRAIN: Creating chunk: (-5.0, 0.0) at distance 5.00
[23:23:24] TERRAIN: Chunk (-5.0, 0.0): TRIMESH collision created successfully (distance: 5.00, vertices: 32)
[23:23:24] TERRAIN: Chunk created successfully: (-5.0, 0.0) at world pos (-160.0, 0.0, 0.0) (total chunks: 77)
[23:23:24] TERRAIN: Creating chunk: (5.0, 0.0) at distance 5.00
[23:23:24] TERRAIN: Chunk (5.0, 0.0): TRIMESH collision created successfully (distance: 5.00, vertices: 32)
[23:23:24] TERRAIN: Chunk created successfully: (5.0, 0.0) at world pos (160.0, 0.0, 0.0) (total chunks: 78)
[23:23:24] TERRAIN: Creating chunk: (0.0, 5.0) at distance 5.00
[23:23:24] TERRAIN: Chunk (0.0, 5.0): TRIMESH collision created successfully (distance: 5.00, vertices: 32)
[23:23:24] TERRAIN: Chunk created successfully: (0.0, 5.0) at world pos (0.0, 0.0, 160.0) (total chunks: 79)
[23:23:24] TERRAIN: Creating chunk: (4.0, -3.0) at distance 5.00
[23:23:24] TERRAIN: Chunk (4.0, -3.0): TRIMESH collision created successfully (distance: 5.00, vertices: 32)
[23:23:24] TERRAIN: Chunk created successfully: (4.0, -3.0) at world pos (128.0, 0.0, -96.0) (total chunks: 80)
[23:23:24] TERRAIN: Creating chunk: (4.0, 3.0) at distance 5.00
[23:23:24] TERRAIN: Chunk (4.0, 3.0): TRIMESH collision created successfully (distance: 5.00, vertices: 32)
[23:23:24] TERRAIN: Chunk created successfully: (4.0, 3.0) at world pos (128.0, 0.0, 96.0) (total chunks: 81)
[23:23:24] TERRAIN: Creating chunk: (5.0, 1.0) at distance 5.10
[23:23:24] TERRAIN: Chunk (5.0, 1.0): TRIMESH collision created successfully (distance: 5.10, vertices: 8)
[23:23:24] TERRAIN: Chunk created successfully: (5.0, 1.0) at world pos (160.0, 0.0, 32.0) (total chunks: 82)
[23:23:24] TERRAIN: Creating chunk: (-1.0, 5.0) at distance 5.10
[23:23:24] TERRAIN: Chunk (-1.0, 5.0): TRIMESH collision created successfully (distance: 5.10, vertices: 8)
[23:23:24] TERRAIN: Chunk created successfully: (-1.0, 5.0) at world pos (-32.0, 0.0, 160.0) (total chunks: 83)
[23:23:24] TERRAIN: Creating chunk: (-5.0, -1.0) at distance 5.10
[23:23:24] TERRAIN: Chunk (-5.0, -1.0): TRIMESH collision created successfully (distance: 5.10, vertices: 8)
[23:23:24] TERRAIN: Chunk created successfully: (-5.0, -1.0) at world pos (-160.0, 0.0, -32.0) (total chunks: 84)
[23:23:24] TERRAIN: Creating chunk: (1.0, -5.0) at distance 5.10
[23:23:24] TERRAIN: Chunk (1.0, -5.0): TRIMESH collision created successfully (distance: 5.10, vertices: 8)
[23:23:24] TERRAIN: Chunk created successfully: (1.0, -5.0) at world pos (32.0, 0.0, -160.0) (total chunks: 85)
[23:23:24] TERRAIN: Creating chunk: (1.0, 5.0) at distance 5.10
[23:23:24] TERRAIN: Chunk (1.0, 5.0): TRIMESH collision created successfully (distance: 5.10, vertices: 8)
[23:23:24] TERRAIN: Chunk created successfully: (1.0, 5.0) at world pos (32.0, 0.0, 160.0) (total chunks: 86)
[23:23:24] TERRAIN: Creating chunk: (5.0, -1.0) at distance 5.10
[23:23:24] TERRAIN: Chunk (5.0, -1.0): TRIMESH collision created successfully (distance: 5.10, vertices: 8)
[23:23:24] TERRAIN: Chunk created successfully: (5.0, -1.0) at world pos (160.0, 0.0, -32.0) (total chunks: 87)
[23:23:24] TERRAIN: Creating chunk: (-5.0, 1.0) at distance 5.10
[23:23:24] TERRAIN: Chunk (-5.0, 1.0): TRIMESH collision created successfully (distance: 5.10, vertices: 8)
[23:23:24] TERRAIN: Chunk created successfully: (-5.0, 1.0) at world pos (-160.0, 0.0, 32.0) (total chunks: 88)
[23:23:24] TERRAIN: Creating chunk: (-1.0, -5.0) at distance 5.10
[23:23:24] TERRAIN: Chunk (-1.0, -5.0): TRIMESH collision created successfully (distance: 5.10, vertices: 8)
[23:23:24] TERRAIN: Chunk created successfully: (-1.0, -5.0) at world pos (-32.0, 0.0, -160.0) (total chunks: 89)
[23:23:24] TERRAIN: Creating chunk: (-5.0, 2.0) at distance 5.39
[23:23:24] TERRAIN: Chunk (-5.0, 2.0): TRIMESH collision created successfully (distance: 5.39, vertices: 8)
[23:23:24] TERRAIN: Chunk created successfully: (-5.0, 2.0) at world pos (-160.0, 0.0, 64.0) (total chunks: 90)
[23:23:24] TERRAIN: Creating chunk: (5.0, -2.0) at distance 5.39
[23:23:24] TERRAIN: Chunk (5.0, -2.0): TRIMESH collision created successfully (distance: 5.39, vertices: 8)
[23:23:24] TERRAIN: Chunk created successfully: (5.0, -2.0) at world pos (160.0, 0.0, -64.0) (total chunks: 91)
[23:23:24] TERRAIN: Creating chunk: (-2.0, 5.0) at distance 5.39
[23:23:24] TERRAIN: Chunk (-2.0, 5.0): TRIMESH collision created successfully (distance: 5.39, vertices: 8)
[23:23:24] TERRAIN: Chunk created successfully: (-2.0, 5.0) at world pos (-64.0, 0.0, 160.0) (total chunks: 92)
[23:23:24] TERRAIN: Creating chunk: (2.0, 5.0) at distance 5.39
[23:23:24] TERRAIN: Chunk (2.0, 5.0): TRIMESH collision created successfully (distance: 5.39, vertices: 8)
[23:23:24] TERRAIN: Chunk created successfully: (2.0, 5.0) at world pos (64.0, 0.0, 160.0) (total chunks: 93)
[23:23:24] TERRAIN: Creating chunk: (2.0, -5.0) at distance 5.39
[23:23:24] TERRAIN: Chunk (2.0, -5.0): TRIMESH collision created successfully (distance: 5.39, vertices: 8)
[23:23:24] TERRAIN: Chunk created successfully: (2.0, -5.0) at world pos (64.0, 0.0, -160.0) (total chunks: 94)
[23:23:24] TERRAIN: Creating chunk: (-2.0, -5.0) at distance 5.39
[23:23:24] TERRAIN: Chunk (-2.0, -5.0): TRIMESH collision created successfully (distance: 5.39, vertices: 8)
[23:23:24] TERRAIN: Chunk created successfully: (-2.0, -5.0) at world pos (-64.0, 0.0, -160.0) (total chunks: 95)
[23:23:24] TERRAIN: Creating chunk: (-5.0, -2.0) at distance 5.39
[23:23:24] TERRAIN: Chunk (-5.0, -2.0): TRIMESH collision created successfully (distance: 5.39, vertices: 8)
[23:23:24] TERRAIN: Chunk created successfully: (-5.0, -2.0) at world pos (-160.0, 0.0, -64.0) (total chunks: 96)
[23:23:24] TERRAIN: Creating chunk: (5.0, 2.0) at distance 5.39
[23:23:24] TERRAIN: Chunk (5.0, 2.0): TRIMESH collision created successfully (distance: 5.39, vertices: 8)
[23:23:24] TERRAIN: Chunk created successfully: (5.0, 2.0) at world pos (160.0, 0.0, 64.0) (total chunks: 97)
[23:23:24] TERRAIN: Creating chunk: (4.0, 4.0) at distance 5.66
[23:23:24] TERRAIN: Chunk (4.0, 4.0): TRIMESH collision created successfully (distance: 5.66, vertices: 8)
[23:23:24] TERRAIN: Chunk created successfully: (4.0, 4.0) at world pos (128.0, 0.0, 128.0) (total chunks: 98)
[23:23:24] TERRAIN: Creating chunk: (4.0, -4.0) at distance 5.66
[23:23:24] TERRAIN: Chunk (4.0, -4.0): TRIMESH collision created successfully (distance: 5.66, vertices: 8)
[23:23:24] TERRAIN: Chunk created successfully: (4.0, -4.0) at world pos (128.0, 0.0, -128.0) (total chunks: 99)
[23:23:24] TERRAIN: Creating chunk: (-4.0, -4.0) at distance 5.66
[23:23:24] TERRAIN: Chunk (-4.0, -4.0): TRIMESH collision created successfully (distance: 5.66, vertices: 8)
[23:23:24] TERRAIN: Chunk created successfully: (-4.0, -4.0) at world pos (-128.0, 0.0, -128.0) (total chunks: 100)
[23:23:24] TERRAIN: Creating chunk: (-4.0, 4.0) at distance 5.66
[23:23:24] TERRAIN: Chunk (-4.0, 4.0): TRIMESH collision created successfully (distance: 5.66, vertices: 8)
[23:23:24] TERRAIN: Chunk created successfully: (-4.0, 4.0) at world pos (-128.0, 0.0, 128.0) (total chunks: 101)
[23:23:24] TERRAIN: Creating chunk: (3.0, -5.0) at distance 5.83
[23:23:24] TERRAIN: Chunk (3.0, -5.0): TRIMESH collision created successfully (distance: 5.83, vertices: 8)
[23:23:24] TERRAIN: Chunk created successfully: (3.0, -5.0) at world pos (96.0, 0.0, -160.0) (total chunks: 102)
[23:23:24] TERRAIN: Creating chunk: (-3.0, -5.0) at distance 5.83
[23:23:24] TERRAIN: Chunk (-3.0, -5.0): TRIMESH collision created successfully (distance: 5.83, vertices: 8)
[23:23:24] TERRAIN: Chunk created successfully: (-3.0, -5.0) at world pos (-96.0, 0.0, -160.0) (total chunks: 103)
[23:23:24] TERRAIN: Creating chunk: (3.0, 5.0) at distance 5.83
[23:23:24] TERRAIN: Chunk (3.0, 5.0): TRIMESH collision created successfully (distance: 5.83, vertices: 8)
[23:23:24] TERRAIN: Chunk created successfully: (3.0, 5.0) at world pos (96.0, 0.0, 160.0) (total chunks: 104)
[23:23:24] TERRAIN: Creating chunk: (5.0, -3.0) at distance 5.83
[23:23:24] TERRAIN: Chunk (5.0, -3.0): TRIMESH collision created successfully (distance: 5.83, vertices: 8)
[23:23:24] TERRAIN: Chunk created successfully: (5.0, -3.0) at world pos (160.0, 0.0, -96.0) (total chunks: 105)
[23:23:24] TERRAIN: Creating chunk: (-5.0, 3.0) at distance 5.83
[23:23:24] TERRAIN: Chunk (-5.0, 3.0): TRIMESH collision created successfully (distance: 5.83, vertices: 8)
[23:23:24] TERRAIN: Chunk created successfully: (-5.0, 3.0) at world pos (-160.0, 0.0, 96.0) (total chunks: 106)
[23:23:24] TERRAIN: Creating chunk: (-3.0, 5.0) at distance 5.83
[23:23:24] TERRAIN: Chunk (-3.0, 5.0): TRIMESH collision created successfully (distance: 5.83, vertices: 8)
[23:23:24] TERRAIN: Chunk created successfully: (-3.0, 5.0) at world pos (-96.0, 0.0, 160.0) (total chunks: 107)
[23:23:24] TERRAIN: Creating chunk: (5.0, 3.0) at distance 5.83
[23:23:24] TERRAIN: Chunk (5.0, 3.0): TRIMESH collision created successfully (distance: 5.83, vertices: 8)
[23:23:24] TERRAIN: Chunk created successfully: (5.0, 3.0) at world pos (160.0, 0.0, 96.0) (total chunks: 108)
[23:23:24] TERRAIN: Creating chunk: (-5.0, -3.0) at distance 5.83
[23:23:24] TERRAIN: Chunk (-5.0, -3.0): TRIMESH collision created successfully (distance: 5.83, vertices: 8)
[23:23:24] TERRAIN: Chunk created successfully: (-5.0, -3.0) at world pos (-160.0, 0.0, -96.0) (total chunks: 109)
[23:23:24] TERRAIN: Creating chunk: (-6.0, 0.0) at distance 6.00
[23:23:24] TERRAIN: Chunk (-6.0, 0.0): TRIMESH collision created successfully (distance: 6.00, vertices: 8)
[23:23:24] TERRAIN: Chunk created successfully: (-6.0, 0.0) at world pos (-192.0, 0.0, 0.0) (total chunks: 110)
[23:23:24] TERRAIN: Creating chunk: (6.0, 0.0) at distance 6.00
[23:23:24] TERRAIN: Chunk (6.0, 0.0): TRIMESH collision created successfully (distance: 6.00, vertices: 8)
[23:23:24] TERRAIN: Chunk created successfully: (6.0, 0.0) at world pos (192.0, 0.0, 0.0) (total chunks: 111)
[23:23:24] TERRAIN: Creating chunk: (0.0, -6.0) at distance 6.00
[23:23:24] TERRAIN: Chunk (0.0, -6.0): TRIMESH collision created successfully (distance: 6.00, vertices: 8)
[23:23:24] TERRAIN: Chunk created successfully: (0.0, -6.0) at world pos (0.0, 0.0, -192.0) (total chunks: 112)
[23:23:24] TERRAIN: Creating chunk: (0.0, 6.0) at distance 6.00
[23:23:24] TERRAIN: Chunk (0.0, 6.0): TRIMESH collision created successfully (distance: 6.00, vertices: 8)
[23:23:24] TERRAIN: Chunk created successfully: (0.0, 6.0) at world pos (0.0, 0.0, 192.0) (total chunks: 113)
[23:23:24] TERRAIN: Creating chunk: (6.0, -1.0) at distance 6.08
[23:23:24] TERRAIN: Chunk (6.0, -1.0): TRIMESH collision created successfully (distance: 6.08, vertices: 8)
[23:23:24] TERRAIN: Chunk created successfully: (6.0, -1.0) at world pos (192.0, 0.0, -32.0) (total chunks: 114)
[23:23:24] TERRAIN: Creating chunk: (-6.0, 1.0) at distance 6.08
[23:23:24] TERRAIN: Chunk (-6.0, 1.0): TRIMESH collision created successfully (distance: 6.08, vertices: 8)
[23:23:24] TERRAIN: Chunk created successfully: (-6.0, 1.0) at world pos (-192.0, 0.0, 32.0) (total chunks: 115)
[23:23:24] TERRAIN: Creating chunk: (-1.0, 6.0) at distance 6.08
[23:23:24] TERRAIN: Chunk (-1.0, 6.0): TRIMESH collision created successfully (distance: 6.08, vertices: 8)
[23:23:24] TERRAIN: Chunk created successfully: (-1.0, 6.0) at world pos (-32.0, 0.0, 192.0) (total chunks: 116)
[23:23:24] TERRAIN: Creating chunk: (1.0, -6.0) at distance 6.08
[23:23:24] TERRAIN: Chunk (1.0, -6.0): TRIMESH collision created successfully (distance: 6.08, vertices: 8)
[23:23:24] TERRAIN: Chunk created successfully: (1.0, -6.0) at world pos (32.0, 0.0, -192.0) (total chunks: 117)
[23:23:24] TERRAIN: Creating chunk: (1.0, 6.0) at distance 6.08
[23:23:24] TERRAIN: Chunk (1.0, 6.0): TRIMESH collision created successfully (distance: 6.08, vertices: 8)
[23:23:24] TERRAIN: Chunk created successfully: (1.0, 6.0) at world pos (32.0, 0.0, 192.0) (total chunks: 118)
[23:23:24] TERRAIN: Creating chunk: (-1.0, -6.0) at distance 6.08
[23:23:24] TERRAIN: Chunk (-1.0, -6.0): TRIMESH collision created successfully (distance: 6.08, vertices: 8)
[23:23:24] TERRAIN: Chunk created successfully: (-1.0, -6.0) at world pos (-32.0, 0.0, -192.0) (total chunks: 119)
[23:23:24] TERRAIN: Creating chunk: (-6.0, -1.0) at distance 6.08
[23:23:24] TERRAIN: Chunk (-6.0, -1.0): TRIMESH collision created successfully (distance: 6.08, vertices: 8)
[23:23:24] TERRAIN: Chunk created successfully: (-6.0, -1.0) at world pos (-192.0, 0.0, -32.0) (total chunks: 120)
[23:23:24] TERRAIN: Creating chunk: (6.0, 1.0) at distance 6.08
[23:23:24] TERRAIN: Chunk (6.0, 1.0): TRIMESH collision created successfully (distance: 6.08, vertices: 8)
[23:23:24] TERRAIN: Chunk created successfully: (6.0, 1.0) at world pos (192.0, 0.0, 32.0) (total chunks: 121)
[23:23:24] TERRAIN: Creating chunk: (-2.0, 6.0) at distance 6.32
[23:23:24] TERRAIN: Chunk (-2.0, 6.0): TRIMESH collision created successfully (distance: 6.32, vertices: 8)
[23:23:24] TERRAIN: Chunk created successfully: (-2.0, 6.0) at world pos (-64.0, 0.0, 192.0) (total chunks: 122)
[23:23:24] TERRAIN: Creating chunk: (6.0, -2.0) at distance 6.32
[23:23:24] TERRAIN: Chunk (6.0, -2.0): TRIMESH collision created successfully (distance: 6.32, vertices: 8)
[23:23:24] TERRAIN: Chunk created successfully: (6.0, -2.0) at world pos (192.0, 0.0, -64.0) (total chunks: 123)
[23:23:24] TERRAIN: Creating chunk: (6.0, 2.0) at distance 6.32
[23:23:24] TERRAIN: Chunk (6.0, 2.0): TRIMESH collision created successfully (distance: 6.32, vertices: 8)
[23:23:24] TERRAIN: Chunk created successfully: (6.0, 2.0) at world pos (192.0, 0.0, 64.0) (total chunks: 124)
[23:23:24] TERRAIN: Creating chunk: (2.0, 6.0) at distance 6.32
[23:23:24] TERRAIN: Chunk (2.0, 6.0): TRIMESH collision created successfully (distance: 6.32, vertices: 8)
[23:23:24] TERRAIN: Chunk created successfully: (2.0, 6.0) at world pos (64.0, 0.0, 192.0) (total chunks: 125)
[23:23:24] TERRAIN: Creating chunk: (2.0, -6.0) at distance 6.32
[23:23:24] TERRAIN: Chunk (2.0, -6.0): TRIMESH collision created successfully (distance: 6.32, vertices: 8)
[23:23:24] TERRAIN: Chunk created successfully: (2.0, -6.0) at world pos (64.0, 0.0, -192.0) (total chunks: 126)
[23:23:24] TERRAIN: Creating chunk: (-2.0, -6.0) at distance 6.32
[23:23:24] TERRAIN: Chunk (-2.0, -6.0): TRIMESH collision created successfully (distance: 6.32, vertices: 8)
[23:23:24] TERRAIN: Chunk created successfully: (-2.0, -6.0) at world pos (-64.0, 0.0, -192.0) (total chunks: 127)
[23:23:24] TERRAIN: Creating chunk: (-6.0, -2.0) at distance 6.32
[23:23:24] TERRAIN: Chunk (-6.0, -2.0): TRIMESH collision created successfully (distance: 6.32, vertices: 8)
[23:23:24] TERRAIN: Chunk created successfully: (-6.0, -2.0) at world pos (-192.0, 0.0, -64.0) (total chunks: 128)
[23:23:24] TERRAIN: Creating chunk: (-6.0, 2.0) at distance 6.32
[23:23:24] TERRAIN: Chunk (-6.0, 2.0): TRIMESH collision created successfully (distance: 6.32, vertices: 8)
[23:23:24] TERRAIN: Chunk created successfully: (-6.0, 2.0) at world pos (-192.0, 0.0, 64.0) (total chunks: 129)
[23:23:24] TERRAIN: Creating chunk: (-4.0, -5.0) at distance 6.40
[23:23:24] TERRAIN: Chunk (-4.0, -5.0): TRIMESH collision created successfully (distance: 6.40, vertices: 8)
[23:23:24] TERRAIN: Chunk created successfully: (-4.0, -5.0) at world pos (-128.0, 0.0, -160.0) (total chunks: 130)
[23:23:24] TERRAIN: Creating chunk: (-5.0, 4.0) at distance 6.40
[23:23:24] TERRAIN: Chunk (-5.0, 4.0): TRIMESH collision created successfully (distance: 6.40, vertices: 8)
[23:23:24] TERRAIN: Chunk created successfully: (-5.0, 4.0) at world pos (-160.0, 0.0, 128.0) (total chunks: 131)
[23:23:24] TERRAIN: Creating chunk: (-5.0, -4.0) at distance 6.40
[23:23:24] TERRAIN: Chunk (-5.0, -4.0): TRIMESH collision created successfully (distance: 6.40, vertices: 8)
[23:23:24] TERRAIN: Chunk created successfully: (-5.0, -4.0) at world pos (-160.0, 0.0, -128.0) (total chunks: 132)
[23:23:24] TERRAIN: Creating chunk: (-4.0, 5.0) at distance 6.40
[23:23:24] TERRAIN: Chunk (-4.0, 5.0): TRIMESH collision created successfully (distance: 6.40, vertices: 8)
[23:23:24] TERRAIN: Chunk created successfully: (-4.0, 5.0) at world pos (-128.0, 0.0, 160.0) (total chunks: 133)
[23:23:24] TERRAIN: Creating chunk: (4.0, -5.0) at distance 6.40
[23:23:24] TERRAIN: Chunk (4.0, -5.0): TRIMESH collision created successfully (distance: 6.40, vertices: 8)
[23:23:24] TERRAIN: Chunk created successfully: (4.0, -5.0) at world pos (128.0, 0.0, -160.0) (total chunks: 134)
[23:23:24] TERRAIN: Creating chunk: (4.0, 5.0) at distance 6.40
[23:23:24] TERRAIN: Chunk (4.0, 5.0): TRIMESH collision created successfully (distance: 6.40, vertices: 8)
[23:23:24] TERRAIN: Chunk created successfully: (4.0, 5.0) at world pos (128.0, 0.0, 160.0) (total chunks: 135)
[23:23:24] TERRAIN: Creating chunk: (5.0, -4.0) at distance 6.40
[23:23:24] TERRAIN: Chunk (5.0, -4.0): TRIMESH collision created successfully (distance: 6.40, vertices: 8)
[23:23:24] TERRAIN: Chunk created successfully: (5.0, -4.0) at world pos (160.0, 0.0, -128.0) (total chunks: 136)
[23:23:24] TERRAIN: Creating chunk: (5.0, 4.0) at distance 6.40
[23:23:24] TERRAIN: Chunk (5.0, 4.0): TRIMESH collision created successfully (distance: 6.40, vertices: 8)
[23:23:24] TERRAIN: Chunk created successfully: (5.0, 4.0) at world pos (160.0, 0.0, 128.0) (total chunks: 137)
[23:23:24] TERRAIN: Creating chunk: (-3.0, -6.0) at distance 6.71
[23:23:24] TERRAIN: Chunk (-3.0, -6.0): TRIMESH collision created successfully (distance: 6.71, vertices: 8)
[23:23:24] TERRAIN: Chunk created successfully: (-3.0, -6.0) at world pos (-96.0, 0.0, -192.0) (total chunks: 138)
[23:23:24] TERRAIN: Creating chunk: (-3.0, 6.0) at distance 6.71
[23:23:24] TERRAIN: Chunk (-3.0, 6.0): TRIMESH collision created successfully (distance: 6.71, vertices: 8)
[23:23:24] TERRAIN: Chunk created successfully: (-3.0, 6.0) at world pos (-96.0, 0.0, 192.0) (total chunks: 139)
[23:23:24] TERRAIN: Creating chunk: (6.0, -3.0) at distance 6.71
[23:23:24] TERRAIN: Chunk (6.0, -3.0): TRIMESH collision created successfully (distance: 6.71, vertices: 8)
[23:23:24] TERRAIN: Chunk created successfully: (6.0, -3.0) at world pos (192.0, 0.0, -96.0) (total chunks: 140)
[23:23:24] PLAYER: Pos: (0.0, 0.000314, 0.0) | Chunk: (0.0, 0.0) | TerrainHeight: 0.00 | HeightDiff: 0.00 | OnFloor: true
[23:23:24] PLAYER: CHUNK CHANGED: (inf, inf) -> (0.0, 0.0)
[23:23:24] TERRAIN: Creating chunk: (6.0, 3.0) at distance 6.71
[23:23:24] TERRAIN: Chunk (6.0, 3.0): TRIMESH collision created successfully (distance: 6.71, vertices: 8)
[23:23:24] TERRAIN: Chunk created successfully: (6.0, 3.0) at world pos (192.0, 0.0, 96.0) (total chunks: 141)
[23:23:24] TERRAIN: Creating chunk: (-6.0, 3.0) at distance 6.71
[23:23:24] TERRAIN: Chunk (-6.0, 3.0): TRIMESH collision created successfully (distance: 6.71, vertices: 8)
[23:23:24] TERRAIN: Chunk created successfully: (-6.0, 3.0) at world pos (-192.0, 0.0, 96.0) (total chunks: 142)
[23:23:24] TERRAIN: Creating chunk: (3.0, -6.0) at distance 6.71
[23:23:24] TERRAIN: Chunk (3.0, -6.0): TRIMESH collision created successfully (distance: 6.71, vertices: 8)
[23:23:24] TERRAIN: Chunk created successfully: (3.0, -6.0) at world pos (96.0, 0.0, -192.0) (total chunks: 143)
[23:23:24] TERRAIN: Creating chunk: (3.0, 6.0) at distance 6.71
[23:23:24] TERRAIN: Chunk (3.0, 6.0): TRIMESH collision created successfully (distance: 6.71, vertices: 8)
[23:23:24] TERRAIN: Chunk created successfully: (3.0, 6.0) at world pos (96.0, 0.0, 192.0) (total chunks: 144)
[23:23:24] TERRAIN: Creating chunk: (-6.0, -3.0) at distance 6.71
[23:23:24] TERRAIN: Chunk (-6.0, -3.0): TRIMESH collision created successfully (distance: 6.71, vertices: 8)
[23:23:24] TERRAIN: Chunk created successfully: (-6.0, -3.0) at world pos (-192.0, 0.0, -96.0) (total chunks: 145)
[23:23:24] TERRAIN: Creating chunk: (-7.0, 0.0) at distance 7.00
[23:23:24] TERRAIN: Chunk (-7.0, 0.0): TRIMESH collision created successfully (distance: 7.00, vertices: 8)
[23:23:24] TERRAIN: Chunk created successfully: (-7.0, 0.0) at world pos (-224.0, 0.0, 0.0) (total chunks: 146)
[23:23:24] TERRAIN: Creating chunk: (0.0, -7.0) at distance 7.00
[23:23:24] TERRAIN: Chunk (0.0, -7.0): TRIMESH collision created successfully (distance: 7.00, vertices: 8)
[23:23:24] TERRAIN: Chunk created successfully: (0.0, -7.0) at world pos (0.0, 0.0, -224.0) (total chunks: 147)
[23:23:24] TERRAIN: Creating chunk: (0.0, 7.0) at distance 7.00
[23:23:24] TERRAIN: Chunk (0.0, 7.0): TRIMESH collision created successfully (distance: 7.00, vertices: 8)
[23:23:24] TERRAIN: Chunk created successfully: (0.0, 7.0) at world pos (0.0, 0.0, 224.0) (total chunks: 148)
[23:23:24] TERRAIN: Creating chunk: (7.0, 0.0) at distance 7.00
[23:23:24] TERRAIN: Chunk (7.0, 0.0): TRIMESH collision created successfully (distance: 7.00, vertices: 8)
[23:23:24] TERRAIN: Chunk created successfully: (7.0, 0.0) at world pos (224.0, 0.0, 0.0) (total chunks: 149)
[23:23:24] TERRAIN: Creating chunk: (-5.0, -5.0) at distance 7.07
[23:23:24] TERRAIN: Chunk (-5.0, -5.0): TRIMESH collision created successfully (distance: 7.07, vertices: 8)
[23:23:24] TERRAIN: Chunk created successfully: (-5.0, -5.0) at world pos (-160.0, 0.0, -160.0) (total chunks: 150)
[23:23:24] TERRAIN: Creating chunk: (-5.0, 5.0) at distance 7.07
[23:23:24] TERRAIN: Chunk (-5.0, 5.0): TRIMESH collision created successfully (distance: 7.07, vertices: 8)
[23:23:24] TERRAIN: Chunk created successfully: (-5.0, 5.0) at world pos (-160.0, 0.0, 160.0) (total chunks: 151)
[23:23:24] TERRAIN: Creating chunk: (-1.0, -7.0) at distance 7.07
[23:23:24] TERRAIN: Chunk (-1.0, -7.0): TRIMESH collision created successfully (distance: 7.07, vertices: 8)
[23:23:24] TERRAIN: Chunk created successfully: (-1.0, -7.0) at world pos (-32.0, 0.0, -224.0) (total chunks: 152)
[23:23:24] TERRAIN: Creating chunk: (-1.0, 7.0) at distance 7.07
[23:23:24] TERRAIN: Chunk (-1.0, 7.0): TRIMESH collision created successfully (distance: 7.07, vertices: 8)
[23:23:24] TERRAIN: Chunk created successfully: (-1.0, 7.0) at world pos (-32.0, 0.0, 224.0) (total chunks: 153)
[23:23:24] TERRAIN: Creating chunk: (1.0, -7.0) at distance 7.07
[23:23:24] TERRAIN: Chunk (1.0, -7.0): TRIMESH collision created successfully (distance: 7.07, vertices: 8)
[23:23:24] TERRAIN: Chunk created successfully: (1.0, -7.0) at world pos (32.0, 0.0, -224.0) (total chunks: 154)
[23:23:24] TERRAIN: Creating chunk: (1.0, 7.0) at distance 7.07
[23:23:24] TERRAIN: Chunk (1.0, 7.0): TRIMESH collision created successfully (distance: 7.07, vertices: 8)
[23:23:24] TERRAIN: Chunk created successfully: (1.0, 7.0) at world pos (32.0, 0.0, 224.0) (total chunks: 155)
[23:23:24] TERRAIN: Creating chunk: (5.0, -5.0) at distance 7.07
[23:23:24] TERRAIN: Chunk (5.0, -5.0): TRIMESH collision created successfully (distance: 7.07, vertices: 8)
[23:23:24] TERRAIN: Chunk created successfully: (5.0, -5.0) at world pos (160.0, 0.0, -160.0) (total chunks: 156)
[23:23:24] TERRAIN: Creating chunk: (5.0, 5.0) at distance 7.07
[23:23:24] TERRAIN: Chunk (5.0, 5.0): TRIMESH collision created successfully (distance: 7.07, vertices: 8)
[23:23:24] TERRAIN: Chunk created successfully: (5.0, 5.0) at world pos (160.0, 0.0, 160.0) (total chunks: 157)
[23:23:24] TERRAIN: Creating chunk: (7.0, 1.0) at distance 7.07
[23:23:24] TERRAIN: Chunk (7.0, 1.0): TRIMESH collision created successfully (distance: 7.07, vertices: 8)
[23:23:24] TERRAIN: Chunk created successfully: (7.0, 1.0) at world pos (224.0, 0.0, 32.0) (total chunks: 158)
[23:23:24] TERRAIN: Creating chunk: (7.0, -1.0) at distance 7.07
[23:23:24] TERRAIN: Chunk (7.0, -1.0): TRIMESH collision created successfully (distance: 7.07, vertices: 8)
[23:23:24] TERRAIN: Chunk created successfully: (7.0, -1.0) at world pos (224.0, 0.0, -32.0) (total chunks: 159)
[23:23:24] TERRAIN: Creating chunk: (-7.0, 1.0) at distance 7.07
[23:23:24] TERRAIN: Chunk (-7.0, 1.0): TRIMESH collision created successfully (distance: 7.07, vertices: 8)
[23:23:24] TERRAIN: Chunk created successfully: (-7.0, 1.0) at world pos (-224.0, 0.0, 32.0) (total chunks: 160)
[23:23:24] TERRAIN: Player moved to new chunk: (-1.0, -1.0) (was (0.0, 0.0))
[23:23:24] TERRAIN: Creating chunk: (-7.0, -1.0) at distance 6.00
[23:23:24] TERRAIN: Chunk (-7.0, -1.0): TRIMESH collision created successfully (distance: 6.00, vertices: 8)
[23:23:24] TERRAIN: Chunk created successfully: (-7.0, -1.0) at world pos (-224.0, 0.0, -32.0) (total chunks: 161)
[23:23:24] TERRAIN: Creating chunk: (-4.0, 6.0) at distance 7.62
[23:23:24] TERRAIN: Chunk (-4.0, 6.0): TRIMESH collision created successfully (distance: 7.62, vertices: 8)
[23:23:24] TERRAIN: Chunk created successfully: (-4.0, 6.0) at world pos (-128.0, 0.0, 192.0) (total chunks: 162)
[23:23:24] TERRAIN: Creating chunk: (4.0, -6.0) at distance 7.07
[23:23:24] TERRAIN: Chunk (4.0, -6.0): TRIMESH collision created successfully (distance: 7.07, vertices: 8)
[23:23:24] TERRAIN: Chunk created successfully: (4.0, -6.0) at world pos (128.0, 0.0, -192.0) (total chunks: 163)
[23:23:24] TERRAIN: Creating chunk: (-6.0, 4.0) at distance 7.07
[23:23:24] TERRAIN: Chunk (-6.0, 4.0): TRIMESH collision created successfully (distance: 7.07, vertices: 8)
[23:23:24] TERRAIN: Chunk created successfully: (-6.0, 4.0) at world pos (-192.0, 0.0, 128.0) (total chunks: 164)
[23:23:24] TERRAIN: Creating chunk: (-6.0, -4.0) at distance 5.83
[23:23:24] TERRAIN: Chunk (-6.0, -4.0): TRIMESH collision created successfully (distance: 5.83, vertices: 8)
[23:23:24] TERRAIN: Chunk created successfully: (-6.0, -4.0) at world pos (-192.0, 0.0, -128.0) (total chunks: 165)
[23:23:24] TERRAIN: Creating chunk: (4.0, 6.0) at distance 8.60
[23:23:24] TERRAIN: Chunk (4.0, 6.0): TRIMESH collision created successfully (distance: 8.60, vertices: 8)
[23:23:24] TERRAIN: Chunk created successfully: (4.0, 6.0) at world pos (128.0, 0.0, 192.0) (total chunks: 166)
[23:23:24] TERRAIN: Creating chunk: (6.0, 4.0) at distance 8.60
[23:23:24] TERRAIN: Chunk (6.0, 4.0): TRIMESH collision created successfully (distance: 8.60, vertices: 8)
[23:23:24] TERRAIN: Chunk created successfully: (6.0, 4.0) at world pos (192.0, 0.0, 128.0) (total chunks: 167)
[23:23:24] TERRAIN: Creating chunk: (6.0, -4.0) at distance 7.62
[23:23:24] TERRAIN: Chunk (6.0, -4.0): TRIMESH collision created successfully (distance: 7.62, vertices: 8)
[23:23:24] TERRAIN: Chunk created successfully: (6.0, -4.0) at world pos (192.0, 0.0, -128.0) (total chunks: 168)
[23:23:24] TERRAIN: Updating terrain for player chunk: (-1.0, -1.0) (player pos: (-0.157519, -0.001248, -0.293769))
[23:23:24] TERRAIN: Player chunk (-1.0, -1.0) distance: 0.00 (max_distance: 20)
[23:23:24] TERRAIN: Queuing 43 new chunks for generation
[23:23:24] TERRAIN: Queued chunk: (-8.0, -13.0) (distance: 13.89)
[23:23:24] TERRAIN: Queued chunk: (-13.0, -8.0) (distance: 13.89)
[23:23:24] TERRAIN: Queued chunk: (-6.0, -14.0) (distance: 13.93)
[23:23:24] TERRAIN: Queued chunk: (-14.0, -6.0) (distance: 13.93)
[23:23:24] TERRAIN: Queued chunk: (-1.0, -15.0) (distance: 14.00)
[23:23:24] TERRAIN: Queued chunk: (-15.0, -1.0) (distance: 14.00)
[23:23:24] TERRAIN: Queued chunk: (-15.0, -2.0) (distance: 14.04)
[23:23:24] TERRAIN: Queued chunk: (-2.0, -15.0) (distance: 14.04)
[23:23:24] TERRAIN: Queued chunk: (-11.0, -11.0) (distance: 14.14)
[23:23:24] TERRAIN: Queued chunk: (-3.0, -15.0) (distance: 14.14)
[23:23:24] TERRAIN: Queued chunk: (1.0, -15.0) (distance: 14.14)
[23:23:24] TERRAIN: Queued chunk: (-15.0, -3.0) (distance: 14.14)
[23:23:24] TERRAIN: Queued chunk: (-15.0, 1.0) (distance: 14.14)
[23:23:24] TERRAIN: Queued chunk: (-10.0, -12.0) (distance: 14.21)
[23:23:24] TERRAIN: Queued chunk: (-12.0, -10.0) (distance: 14.21)
[23:23:24] TERRAIN: Queued chunk: (-15.0, 2.0) (distance: 14.32)
[23:23:24] TERRAIN: Queued chunk: (-14.0, -7.0) (distance: 14.32)
[23:23:24] TERRAIN: Queued chunk: (-4.0, -15.0) (distance: 14.32)
[23:23:24] TERRAIN: Queued chunk: (-15.0, -4.0) (distance: 14.32)
[23:23:24] TERRAIN: Queued chunk: (-7.0, -14.0) (distance: 14.32)
[23:23:24] TERRAIN: Queued chunk: (2.0, -15.0) (distance: 14.32)
[23:23:24] TERRAIN: Queued chunk: (-13.0, -9.0) (distance: 14.42)
[23:23:24] TERRAIN: Queued chunk: (-9.0, -13.0) (distance: 14.42)
[23:23:24] TERRAIN: Queued chunk: (-15.0, 3.0) (distance: 14.56)
[23:23:24] TERRAIN: Queued chunk: (3.0, -15.0) (distance: 14.56)
[23:23:24] TERRAIN: Queued chunk: (-15.0, -5.0) (distance: 14.56)
[23:23:24] TERRAIN: Queued chunk: (-5.0, -15.0) (distance: 14.56)
[23:23:24] TERRAIN: Queued chunk: (6.0, -14.0) (distance: 14.76)
[23:23:24] TERRAIN: Queued chunk: (-14.0, 6.0) (distance: 14.76)
[23:23:24] TERRAIN: Queued chunk: (-14.0, -8.0) (distance: 14.76)
[23:23:24] TERRAIN: Queued chunk: (-8.0, -14.0) (distance: 14.76)
[23:23:24] TERRAIN: Queued chunk: (-6.0, -15.0) (distance: 14.87)
[23:23:24] TERRAIN: Queued chunk: (-11.0, -12.0) (distance: 14.87)
[23:23:24] TERRAIN: Queued chunk: (-12.0, -11.0) (distance: 14.87)
[23:23:24] TERRAIN: Queued chunk: (4.0, -15.0) (distance: 14.87)
[23:23:24] TERRAIN: Queued chunk: (-15.0, 4.0) (distance: 14.87)
[23:23:24] TERRAIN: Queued chunk: (-15.0, -6.0) (distance: 14.87)
[23:23:24] TERRAIN: Queued chunk: (8.0, -13.0) (distance: 15.00)
[23:23:24] TERRAIN: Queued chunk: (-1.0, -16.0) (distance: 15.00)
[23:23:24] TERRAIN: Queued chunk: (-10.0, -13.0) (distance: 15.00)
[23:23:24] TERRAIN: Queued chunk: (-13.0, 8.0) (distance: 15.00)
[23:23:24] TERRAIN: Queued chunk: (-13.0, -10.0) (distance: 15.00)
[23:23:24] TERRAIN: Queued chunk: (-16.0, -1.0) (distance: 15.00)
[23:23:24] TERRAIN: Creating chunk: (-4.0, -6.0) at distance 5.83
[23:23:24] TERRAIN: Chunk (-4.0, -6.0): TRIMESH collision created successfully (distance: 5.83, vertices: 8)
[23:23:24] TERRAIN: Chunk created successfully: (-4.0, -6.0) at world pos (-128.0, 0.0, -192.0) (total chunks: 169)
[23:23:24] TERRAIN: Creating chunk: (-7.0, 2.0) at distance 6.71
[23:23:24] TERRAIN: Chunk (-7.0, 2.0): TRIMESH collision created successfully (distance: 6.71, vertices: 8)
[23:23:24] TERRAIN: Chunk created successfully: (-7.0, 2.0) at world pos (-224.0, 0.0, 64.0) (total chunks: 170)
[23:23:24] TERRAIN: Creating chunk: (2.0, -7.0) at distance 6.71
[23:23:24] TERRAIN: Chunk (2.0, -7.0): TRIMESH collision created successfully (distance: 6.71, vertices: 8)
[23:23:24] TERRAIN: Chunk created successfully: (2.0, -7.0) at world pos (64.0, 0.0, -224.0) (total chunks: 171)
[23:23:24] TERRAIN: Creating chunk: (-7.0, -2.0) at distance 6.08
[23:23:24] TERRAIN: Chunk (-7.0, -2.0): TRIMESH collision created successfully (distance: 6.08, vertices: 8)
[23:23:24] TERRAIN: Chunk created successfully: (-7.0, -2.0) at world pos (-224.0, 0.0, -64.0) (total chunks: 172)
[23:23:24] TERRAIN: Creating chunk: (-2.0, -7.0) at distance 6.08
[23:23:24] TERRAIN: Chunk (-2.0, -7.0): TRIMESH collision created successfully (distance: 6.08, vertices: 8)
[23:23:24] TERRAIN: Chunk created successfully: (-2.0, -7.0) at world pos (-64.0, 0.0, -224.0) (total chunks: 173)
[23:23:24] TERRAIN: Creating chunk: (7.0, 2.0) at distance 8.54
[23:23:24] TERRAIN: Chunk (7.0, 2.0): TRIMESH collision created successfully (distance: 8.54, vertices: 8)
[23:23:24] TERRAIN: Chunk created successfully: (7.0, 2.0) at world pos (224.0, 0.0, 64.0) (total chunks: 174)
[23:23:24] TERRAIN: Creating chunk: (-2.0, 7.0) at distance 8.06
[23:23:24] TERRAIN: Chunk (-2.0, 7.0): TRIMESH collision created successfully (distance: 8.06, vertices: 8)
[23:23:24] TERRAIN: Chunk created successfully: (-2.0, 7.0) at world pos (-64.0, 0.0, 224.0) (total chunks: 175)
[23:23:24] TERRAIN: Creating chunk: (7.0, -2.0) at distance 8.06
[23:23:24] TERRAIN: Chunk (7.0, -2.0): TRIMESH collision created successfully (distance: 8.06, vertices: 8)
[23:23:24] TERRAIN: Chunk created successfully: (7.0, -2.0) at world pos (224.0, 0.0, -64.0) (total chunks: 176)
[23:23:24] TERRAIN: Creating chunk: (2.0, 7.0) at distance 8.54
[23:23:24] TERRAIN: Chunk (2.0, 7.0): TRIMESH collision created successfully (distance: 8.54, vertices: 8)
[23:23:24] TERRAIN: Chunk created successfully: (2.0, 7.0) at world pos (64.0, 0.0, 224.0) (total chunks: 177)
[23:23:24] TERRAIN: Creating chunk: (-7.0, -3.0) at distance 6.32
[23:23:24] TERRAIN: Chunk (-7.0, -3.0): TRIMESH collision created successfully (distance: 6.32, vertices: 8)
[23:23:24] TERRAIN: Chunk created successfully: (-7.0, -3.0) at world pos (-224.0, 0.0, -96.0) (total chunks: 178)
[23:23:24] TERRAIN: Creating chunk: (-3.0, -7.0) at distance 6.32
[23:23:24] TERRAIN: Chunk (-3.0, -7.0): TRIMESH collision created successfully (distance: 6.32, vertices: 8)
[23:23:24] TERRAIN: Chunk created successfully: (-3.0, -7.0) at world pos (-96.0, 0.0, -224.0) (total chunks: 179)
[23:23:24] TERRAIN: Creating chunk: (-7.0, 3.0) at distance 7.21
[23:23:24] TERRAIN: Chunk (-7.0, 3.0): TRIMESH collision created successfully (distance: 7.21, vertices: 8)
[23:23:24] TERRAIN: Chunk created successfully: (-7.0, 3.0) at world pos (-224.0, 0.0, 96.0) (total chunks: 180)
[23:23:24] TERRAIN: Creating chunk: (-3.0, 7.0) at distance 8.25
[23:23:24] TERRAIN: Chunk (-3.0, 7.0): TRIMESH collision created successfully (distance: 8.25, vertices: 8)
[23:23:24] TERRAIN: Chunk created successfully: (-3.0, 7.0) at world pos (-96.0, 0.0, 224.0) (total chunks: 181)
[23:23:24] TERRAIN: Creating chunk: (3.0, -7.0) at distance 7.21
[23:23:24] TERRAIN: Chunk (3.0, -7.0): TRIMESH collision created successfully (distance: 7.21, vertices: 8)
[23:23:24] TERRAIN: Chunk created successfully: (3.0, -7.0) at world pos (96.0, 0.0, -224.0) (total chunks: 182)
[23:23:24] TERRAIN: Creating chunk: (7.0, 3.0) at distance 8.94
[23:23:24] TERRAIN: Chunk (7.0, 3.0): TRIMESH collision created successfully (distance: 8.94, vertices: 8)
[23:23:24] TERRAIN: Chunk created successfully: (7.0, 3.0) at world pos (224.0, 0.0, 96.0) (total chunks: 183)
[23:23:24] TERRAIN: Creating chunk: (7.0, -3.0) at distance 8.25
[23:23:24] TERRAIN: Chunk (7.0, -3.0): TRIMESH collision created successfully (distance: 8.25, vertices: 8)
[23:23:24] TERRAIN: Chunk created successfully: (7.0, -3.0) at world pos (224.0, 0.0, -96.0) (total chunks: 184)
[23:23:24] TERRAIN: Creating chunk: (3.0, 7.0) at distance 8.94
[23:23:24] TERRAIN: Chunk (3.0, 7.0): TRIMESH collision created successfully (distance: 8.94, vertices: 8)
[23:23:24] TERRAIN: Chunk created successfully: (3.0, 7.0) at world pos (96.0, 0.0, 224.0) (total chunks: 185)
[23:23:24] TERRAIN: Creating chunk: (-5.0, -6.0) at distance 6.40
[23:23:24] TERRAIN: Chunk (-5.0, -6.0): TRIMESH collision created successfully (distance: 6.40, vertices: 8)
[23:23:24] TERRAIN: Chunk created successfully: (-5.0, -6.0) at world pos (-160.0, 0.0, -192.0) (total chunks: 186)
[23:23:24] TERRAIN: Creating chunk: (-5.0, 6.0) at distance 8.06
[23:23:24] TERRAIN: Chunk (-5.0, 6.0): TRIMESH collision created successfully (distance: 8.06, vertices: 8)
[23:23:24] TERRAIN: Chunk created successfully: (-5.0, 6.0) at world pos (-160.0, 0.0, 192.0) (total chunks: 187)
[23:23:24] TERRAIN: Creating chunk: (-6.0, 5.0) at distance 7.81
[23:23:24] TERRAIN: Chunk (-6.0, 5.0): TRIMESH collision created successfully (distance: 7.81, vertices: 8)
[23:23:24] TERRAIN: Chunk created successfully: (-6.0, 5.0) at world pos (-192.0, 0.0, 160.0) (total chunks: 188)
[23:23:24] TERRAIN: Creating chunk: (-6.0, -5.0) at distance 6.40
[23:23:24] TERRAIN: Chunk (-6.0, -5.0): TRIMESH collision created successfully (distance: 6.40, vertices: 8)
[23:23:24] TERRAIN: Chunk created successfully: (-6.0, -5.0) at world pos (-192.0, 0.0, -160.0) (total chunks: 189)
[23:23:24] TERRAIN: Creating chunk: (5.0, -6.0) at distance 7.81
[23:23:24] TERRAIN: Chunk (5.0, -6.0): TRIMESH collision created successfully (distance: 7.81, vertices: 8)
[23:23:24] TERRAIN: Chunk created successfully: (5.0, -6.0) at world pos (160.0, 0.0, -192.0) (total chunks: 190)
[23:23:24] TERRAIN: Creating chunk: (6.0, -5.0) at distance 8.06
[23:23:24] TERRAIN: Chunk (6.0, -5.0): TRIMESH collision created successfully (distance: 8.06, vertices: 8)
[23:23:24] TERRAIN: Chunk created successfully: (6.0, -5.0) at world pos (192.0, 0.0, -160.0) (total chunks: 191)
[23:23:24] TERRAIN: Creating chunk: (5.0, 6.0) at distance 9.22
[23:23:24] TERRAIN: Chunk (5.0, 6.0): TRIMESH collision created successfully (distance: 9.22, vertices: 8)
[23:23:24] TERRAIN: Chunk created successfully: (5.0, 6.0) at world pos (160.0, 0.0, 192.0) (total chunks: 192)
[23:23:24] TERRAIN: Creating chunk: (6.0, 5.0) at distance 9.22
[23:23:24] TERRAIN: Chunk (6.0, 5.0): TRIMESH collision created successfully (distance: 9.22, vertices: 8)
[23:23:24] TERRAIN: Chunk created successfully: (6.0, 5.0) at world pos (192.0, 0.0, 160.0) (total chunks: 193)
[23:23:24] TERRAIN: Creating chunk: (8.0, 0.0) at distance 9.06
[23:23:25] TERRAIN: Chunk (8.0, 0.0): TRIMESH collision created successfully (distance: 9.06, vertices: 8)
[23:23:25] TERRAIN: Chunk created successfully: (8.0, 0.0) at world pos (256.0, 0.0, 0.0) (total chunks: 194)
[23:23:25] TERRAIN: Creating chunk: (-8.0, 0.0) at distance 7.07
[23:23:25] TERRAIN: Chunk (-8.0, 0.0): TRIMESH collision created successfully (distance: 7.07, vertices: 8)
[23:23:25] TERRAIN: Chunk created successfully: (-8.0, 0.0) at world pos (-256.0, 0.0, 0.0) (total chunks: 195)
[23:23:25] TERRAIN: Creating chunk: (0.0, -8.0) at distance 7.07
[23:23:25] TERRAIN: Chunk (0.0, -8.0): TRIMESH collision created successfully (distance: 7.07, vertices: 8)
[23:23:25] TERRAIN: Chunk created successfully: (0.0, -8.0) at world pos (0.0, 0.0, -256.0) (total chunks: 196)
[23:23:25] TERRAIN: Creating chunk: (0.0, 8.0) at distance 9.06
[23:23:25] TERRAIN: Chunk (0.0, 8.0): TRIMESH collision created successfully (distance: 9.06, vertices: 8)
[23:23:25] TERRAIN: Chunk created successfully: (0.0, 8.0) at world pos (0.0, 0.0, 256.0) (total chunks: 197)
[23:23:25] TERRAIN: Creating chunk: (8.0, 1.0) at distance 9.22
[23:23:25] TERRAIN: Chunk (8.0, 1.0): TRIMESH collision created successfully (distance: 9.22, vertices: 8)
[23:23:25] TERRAIN: Chunk created successfully: (8.0, 1.0) at world pos (256.0, 0.0, 32.0) (total chunks: 198)
[23:23:25] TERRAIN: Creating chunk: (-1.0, 8.0) at distance 9.00
[23:23:25] TERRAIN: Chunk (-1.0, 8.0): TRIMESH collision created successfully (distance: 9.00, vertices: 8)
[23:23:25] TERRAIN: Chunk created successfully: (-1.0, 8.0) at world pos (-32.0, 0.0, 256.0) (total chunks: 199)
[23:23:25] TERRAIN: Creating chunk: (-1.0, -8.0) at distance 7.00
[23:23:25] TERRAIN: Chunk (-1.0, -8.0): TRIMESH collision created successfully (distance: 7.00, vertices: 8)
[23:23:25] TERRAIN: Chunk created successfully: (-1.0, -8.0) at world pos (-32.0, 0.0, -256.0) (total chunks: 200)
[23:23:25] TERRAIN: Creating chunk: (1.0, -8.0) at distance 7.28
[23:23:25] TERRAIN: Chunk (1.0, -8.0): TRIMESH collision created successfully (distance: 7.28, vertices: 8)
[23:23:25] TERRAIN: Chunk created successfully: (1.0, -8.0) at world pos (32.0, 0.0, -256.0) (total chunks: 201)
[23:23:25] TERRAIN: Creating chunk: (-4.0, -7.0) at distance 6.71
[23:23:25] TERRAIN: Chunk (-4.0, -7.0): TRIMESH collision created successfully (distance: 6.71, vertices: 8)
[23:23:25] TERRAIN: Chunk created successfully: (-4.0, -7.0) at world pos (-128.0, 0.0, -224.0) (total chunks: 202)
[23:23:25] TERRAIN: Creating chunk: (1.0, 8.0) at distance 9.22
[23:23:25] TERRAIN: Chunk (1.0, 8.0): TRIMESH collision created successfully (distance: 9.22, vertices: 8)
[23:23:25] TERRAIN: Chunk created successfully: (1.0, 8.0) at world pos (32.0, 0.0, 256.0) (total chunks: 203)
[23:23:25] TERRAIN: Creating chunk: (-8.0, 1.0) at distance 7.28
[23:23:25] TERRAIN: Chunk (-8.0, 1.0): TRIMESH collision created successfully (distance: 7.28, vertices: 8)
[23:23:25] TERRAIN: Chunk created successfully: (-8.0, 1.0) at world pos (-256.0, 0.0, 32.0) (total chunks: 204)
[23:23:25] TERRAIN: Creating chunk: (8.0, -1.0) at distance 9.00
[23:23:25] TERRAIN: Chunk (8.0, -1.0): TRIMESH collision created successfully (distance: 9.00, vertices: 8)
[23:23:25] TERRAIN: Chunk created successfully: (8.0, -1.0) at world pos (256.0, 0.0, -32.0) (total chunks: 205)
[23:23:25] TERRAIN: Creating chunk: (-8.0, -1.0) at distance 7.00
[23:23:25] TERRAIN: Chunk (-8.0, -1.0): TRIMESH collision created successfully (distance: 7.00, vertices: 8)
[23:23:25] TERRAIN: Chunk created successfully: (-8.0, -1.0) at world pos (-256.0, 0.0, -32.0) (total chunks: 206)
[23:23:25] TERRAIN: Creating chunk: (-4.0, 7.0) at distance 8.54
[23:23:25] TERRAIN: Chunk (-4.0, 7.0): TRIMESH collision created successfully (distance: 8.54, vertices: 8)
[23:23:25] TERRAIN: Chunk created successfully: (-4.0, 7.0) at world pos (-128.0, 0.0, 224.0) (total chunks: 207)
[23:23:25] TERRAIN: Creating chunk: (7.0, -4.0) at distance 8.54
[23:23:25] TERRAIN: Chunk (7.0, -4.0): TRIMESH collision created successfully (distance: 8.54, vertices: 8)
[23:23:25] TERRAIN: Chunk created successfully: (7.0, -4.0) at world pos (224.0, 0.0, -128.0) (total chunks: 208)
[23:23:25] TERRAIN: Creating chunk: (4.0, 7.0) at distance 9.43
[23:23:25] TERRAIN: Chunk (4.0, 7.0): TRIMESH collision created successfully (distance: 9.43, vertices: 8)
[23:23:25] TERRAIN: Chunk created successfully: (4.0, 7.0) at world pos (128.0, 0.0, 224.0) (total chunks: 209)
[23:23:25] TERRAIN: Creating chunk: (-7.0, -4.0) at distance 6.71
[23:23:25] TERRAIN: Chunk (-7.0, -4.0): TRIMESH collision created successfully (distance: 6.71, vertices: 8)
[23:23:25] TERRAIN: Chunk created successfully: (-7.0, -4.0) at world pos (-224.0, 0.0, -128.0) (total chunks: 210)
[23:23:25] TERRAIN: Creating chunk: (7.0, 4.0) at distance 9.43
[23:23:25] TERRAIN: Chunk (7.0, 4.0): TRIMESH collision created successfully (distance: 9.43, vertices: 8)
[23:23:25] TERRAIN: Chunk created successfully: (7.0, 4.0) at world pos (224.0, 0.0, 128.0) (total chunks: 211)
[23:23:25] TERRAIN: Creating chunk: (4.0, -7.0) at distance 7.81
[23:23:25] TERRAIN: Chunk (4.0, -7.0): TRIMESH collision created successfully (distance: 7.81, vertices: 8)
[23:23:25] TERRAIN: Chunk created successfully: (4.0, -7.0) at world pos (128.0, 0.0, -224.0) (total chunks: 212)
[23:23:25] TERRAIN: Creating chunk: (-7.0, 4.0) at distance 7.81
[23:23:25] TERRAIN: Chunk (-7.0, 4.0): TRIMESH collision created successfully (distance: 7.81, vertices: 8)
[23:23:25] TERRAIN: Chunk created successfully: (-7.0, 4.0) at world pos (-224.0, 0.0, 128.0) (total chunks: 213)
[23:23:25] TERRAIN: Creating chunk: (-8.0, -2.0) at distance 7.07
[23:23:25] TERRAIN: Chunk (-8.0, -2.0): TRIMESH collision created successfully (distance: 7.07, vertices: 8)
[23:23:25] TERRAIN: Chunk created successfully: (-8.0, -2.0) at world pos (-256.0, 0.0, -64.0) (total chunks: 214)
[23:23:25] TERRAIN: Creating chunk: (2.0, 8.0) at distance 9.49
[23:23:25] TERRAIN: Chunk (2.0, 8.0): TRIMESH collision created successfully (distance: 9.49, vertices: 8)
[23:23:25] TERRAIN: Chunk created successfully: (2.0, 8.0) at world pos (64.0, 0.0, 256.0) (total chunks: 215)
[23:23:25] TERRAIN: Creating chunk: (-8.0, 2.0) at distance 7.62
[23:23:25] TERRAIN: Chunk (-8.0, 2.0): TRIMESH collision created successfully (distance: 7.62, vertices: 8)
[23:23:25] TERRAIN: Chunk created successfully: (-8.0, 2.0) at world pos (-256.0, 0.0, 64.0) (total chunks: 216)
[23:23:25] TERRAIN: Creating chunk: (2.0, -8.0) at distance 7.62
[23:23:25] TERRAIN: Chunk (2.0, -8.0): TRIMESH collision created successfully (distance: 7.62, vertices: 8)
[23:23:25] TERRAIN: Chunk created successfully: (2.0, -8.0) at world pos (64.0, 0.0, -256.0) (total chunks: 217)
[23:23:25] TERRAIN: Creating chunk: (8.0, -2.0) at distance 9.06
[23:23:25] TERRAIN: Chunk (8.0, -2.0): TRIMESH collision created successfully (distance: 9.06, vertices: 8)
[23:23:25] TERRAIN: Chunk created successfully: (8.0, -2.0) at world pos (256.0, 0.0, -64.0) (total chunks: 218)
[23:23:25] TERRAIN: Creating chunk: (-2.0, -8.0) at distance 7.07
[23:23:25] TERRAIN: Chunk (-2.0, -8.0): TRIMESH collision created successfully (distance: 7.07, vertices: 8)
[23:23:25] TERRAIN: Chunk created successfully: (-2.0, -8.0) at world pos (-64.0, 0.0, -256.0) (total chunks: 219)
[23:23:25] TERRAIN: Creating chunk: (-2.0, 8.0) at distance 9.06
[23:23:25] TERRAIN: Chunk (-2.0, 8.0): TRIMESH collision created successfully (distance: 9.06, vertices: 8)
[23:23:25] TERRAIN: Chunk created successfully: (-2.0, 8.0) at world pos (-64.0, 0.0, 256.0) (total chunks: 220)
[23:23:25] TERRAIN: Creating chunk: (8.0, 2.0) at distance 9.49
[23:23:25] TERRAIN: Chunk (8.0, 2.0): TRIMESH collision created successfully (distance: 9.49, vertices: 8)
[23:23:25] TERRAIN: Chunk created successfully: (8.0, 2.0) at world pos (256.0, 0.0, 64.0) (total chunks: 221)
[23:23:25] TERRAIN: Creating chunk: (-6.0, 6.0) at distance 8.60
[23:23:25] TERRAIN: Chunk (-6.0, 6.0): TRIMESH collision created successfully (distance: 8.60, vertices: 8)
[23:23:25] TERRAIN: Chunk created successfully: (-6.0, 6.0) at world pos (-192.0, 0.0, 192.0) (total chunks: 222)
[23:23:25] TERRAIN: Creating chunk: (6.0, -6.0) at distance 8.60
[23:23:25] TERRAIN: Chunk (6.0, -6.0): TRIMESH collision created successfully (distance: 8.60, vertices: 8)
[23:23:25] TERRAIN: Chunk created successfully: (6.0, -6.0) at world pos (192.0, 0.0, -192.0) (total chunks: 223)
[23:23:25] TERRAIN: Creating chunk: (6.0, 6.0) at distance 9.90
[23:23:25] TERRAIN: Chunk (6.0, 6.0): TRIMESH collision created successfully (distance: 9.90, vertices: 8)
[23:23:25] TERRAIN: Chunk created successfully: (6.0, 6.0) at world pos (192.0, 0.0, 192.0) (total chunks: 224)
[23:23:25] TERRAIN: Creating chunk: (-6.0, -6.0) at distance 7.07
[23:23:25] TERRAIN: Chunk (-6.0, -6.0): TRIMESH collision created successfully (distance: 7.07, vertices: 8)
[23:23:25] TERRAIN: Chunk created successfully: (-6.0, -6.0) at world pos (-192.0, 0.0, -192.0) (total chunks: 225)
[23:23:25] TERRAIN: Creating chunk: (-8.0, 3.0) at distance 8.06
[23:23:25] TERRAIN: Chunk (-8.0, 3.0): TRIMESH collision created successfully (distance: 8.06, vertices: 8)
[23:23:25] TERRAIN: Chunk created successfully: (-8.0, 3.0) at world pos (-256.0, 0.0, 96.0) (total chunks: 226)
[23:23:25] TERRAIN: Creating chunk: (-3.0, -8.0) at distance 7.28
[23:23:25] TERRAIN: Chunk (-3.0, -8.0): TRIMESH collision created successfully (distance: 7.28, vertices: 8)
[23:23:25] TERRAIN: Chunk created successfully: (-3.0, -8.0) at world pos (-96.0, 0.0, -256.0) (total chunks: 227)
[23:23:25] TERRAIN: Creating chunk: (3.0, 8.0) at distance 9.85
[23:23:25] TERRAIN: Chunk (3.0, 8.0): TRIMESH collision created successfully (distance: 9.85, vertices: 8)
[23:23:25] TERRAIN: Chunk created successfully: (3.0, 8.0) at world pos (96.0, 0.0, 256.0) (total chunks: 228)
[23:23:25] TERRAIN: Creating chunk: (-3.0, 8.0) at distance 9.22
[23:23:25] TERRAIN: Chunk (-3.0, 8.0): TRIMESH collision created successfully (distance: 9.22, vertices: 8)
[23:23:25] TERRAIN: Chunk created successfully: (-3.0, 8.0) at world pos (-96.0, 0.0, 256.0) (total chunks: 229)
[23:23:25] TERRAIN: Creating chunk: (8.0, -3.0) at distance 9.22
[23:23:25] TERRAIN: Chunk (8.0, -3.0): TRIMESH collision created successfully (distance: 9.22, vertices: 8)
[23:23:25] TERRAIN: Chunk created successfully: (8.0, -3.0) at world pos (256.0, 0.0, -96.0) (total chunks: 230)
[23:23:25] TERRAIN: Creating chunk: (3.0, -8.0) at distance 8.06
[23:23:25] TERRAIN: Chunk (3.0, -8.0): TRIMESH collision created successfully (distance: 8.06, vertices: 8)
[23:23:25] TERRAIN: Chunk created successfully: (3.0, -8.0) at world pos (96.0, 0.0, -256.0) (total chunks: 231)
[23:23:25] TERRAIN: Creating chunk: (-8.0, -3.0) at distance 7.28
[23:23:25] TERRAIN: Chunk (-8.0, -3.0): TRIMESH collision created successfully (distance: 7.28, vertices: 8)
[23:23:25] TERRAIN: Chunk created successfully: (-8.0, -3.0) at world pos (-256.0, 0.0, -96.0) (total chunks: 232)
[23:23:25] TERRAIN: Creating chunk: (8.0, 3.0) at distance 9.85
[23:23:25] TERRAIN: Chunk (8.0, 3.0): TRIMESH collision created successfully (distance: 9.85, vertices: 8)
[23:23:25] TERRAIN: Chunk created successfully: (8.0, 3.0) at world pos (256.0, 0.0, 96.0) (total chunks: 233)
[23:23:25] TERRAIN: Creating chunk: (-7.0, -5.0) at distance 7.21
[23:23:25] TERRAIN: Chunk (-7.0, -5.0): TRIMESH collision created successfully (distance: 7.21, vertices: 8)
[23:23:25] TERRAIN: Chunk created successfully: (-7.0, -5.0) at world pos (-224.0, 0.0, -160.0) (total chunks: 234)
[23:23:25] TERRAIN: Creating chunk: (5.0, -7.0) at distance 8.49
[23:23:25] TERRAIN: Chunk (5.0, -7.0): TRIMESH collision created successfully (distance: 8.49, vertices: 8)
[23:23:25] TERRAIN: Chunk created successfully: (5.0, -7.0) at world pos (160.0, 0.0, -224.0) (total chunks: 235)
[23:23:25] TERRAIN: Creating chunk: (-5.0, 7.0) at distance 8.94
[23:23:25] TERRAIN: Chunk (-5.0, 7.0): TRIMESH collision created successfully (distance: 8.94, vertices: 8)
[23:23:25] TERRAIN: Chunk created successfully: (-5.0, 7.0) at world pos (-160.0, 0.0, 224.0) (total chunks: 236)
[23:23:25] TERRAIN: Creating chunk: (7.0, -5.0) at distance 8.94
[23:23:25] TERRAIN: Chunk (7.0, -5.0): TRIMESH collision created successfully (distance: 8.94, vertices: 8)
[23:23:25] TERRAIN: Chunk created successfully: (7.0, -5.0) at world pos (224.0, 0.0, -160.0) (total chunks: 237)
[23:23:25] TERRAIN: Creating chunk: (-7.0, 5.0) at distance 8.49
[23:23:25] TERRAIN: Chunk (-7.0, 5.0): TRIMESH collision created successfully (distance: 8.49, vertices: 8)
[23:23:25] TERRAIN: Chunk created successfully: (-7.0, 5.0) at world pos (-224.0, 0.0, 160.0) (total chunks: 238)
[23:23:25] TERRAIN: Creating chunk: (7.0, 5.0) at distance 10.00
[23:23:25] TERRAIN: Chunk (7.0, 5.0): TRIMESH collision created successfully (distance: 10.00, vertices: 8)
[23:23:25] TERRAIN: Chunk created successfully: (7.0, 5.0) at world pos (224.0, 0.0, 160.0) (total chunks: 239)
[23:23:25] TERRAIN: Creating chunk: (5.0, 7.0) at distance 10.00
[23:23:25] TERRAIN: Chunk (5.0, 7.0): TRIMESH collision created successfully (distance: 10.00, vertices: 8)
[23:23:25] TERRAIN: Chunk created successfully: (5.0, 7.0) at world pos (160.0, 0.0, 224.0) (total chunks: 240)
[23:23:25] TERRAIN: Creating chunk: (-5.0, -7.0) at distance 7.21
[23:23:25] TERRAIN: Chunk (-5.0, -7.0): TRIMESH collision created successfully (distance: 7.21, vertices: 8)
[23:23:25] TERRAIN: Chunk created successfully: (-5.0, -7.0) at world pos (-160.0, 0.0, -224.0) (total chunks: 241)
[23:23:25] TERRAIN: Creating chunk: (8.0, 4.0) at distance 10.30
[23:23:25] TERRAIN: Chunk (8.0, 4.0): TRIMESH collision created successfully (distance: 10.30, vertices: 8)
[23:23:25] TERRAIN: Chunk created successfully: (8.0, 4.0) at world pos (256.0, 0.0, 128.0) (total chunks: 242)
[23:23:25] TERRAIN: Creating chunk: (4.0, 8.0) at distance 10.30
[23:23:25] TERRAIN: Chunk (4.0, 8.0): TRIMESH collision created successfully (distance: 10.30, vertices: 8)
[23:23:25] TERRAIN: Chunk created successfully: (4.0, 8.0) at world pos (128.0, 0.0, 256.0) (total chunks: 243)
[23:23:25] TERRAIN: Creating chunk: (-4.0, 8.0) at distance 9.49
[23:23:25] TERRAIN: Chunk (-4.0, 8.0): TRIMESH collision created successfully (distance: 9.49, vertices: 8)
[23:23:25] TERRAIN: Chunk created successfully: (-4.0, 8.0) at world pos (-128.0, 0.0, 256.0) (total chunks: 244)
[23:23:25] TERRAIN: Creating chunk: (4.0, -8.0) at distance 8.60
[23:23:25] TERRAIN: Chunk (4.0, -8.0): TRIMESH collision created successfully (distance: 8.60, vertices: 8)
[23:23:25] TERRAIN: Chunk created successfully: (4.0, -8.0) at world pos (128.0, 0.0, -256.0) (total chunks: 245)
[23:23:25] TERRAIN: Creating chunk: (-8.0, -4.0) at distance 7.62
[23:23:25] TERRAIN: Chunk (-8.0, -4.0): TRIMESH collision created successfully (distance: 7.62, vertices: 8)
[23:23:25] TERRAIN: Chunk created successfully: (-8.0, -4.0) at world pos (-256.0, 0.0, -128.0) (total chunks: 246)
[23:23:25] TERRAIN: Creating chunk: (8.0, -4.0) at distance 9.49
[23:23:25] TERRAIN: Chunk (8.0, -4.0): TRIMESH collision created successfully (distance: 9.49, vertices: 8)
[23:23:25] TERRAIN: Chunk created successfully: (8.0, -4.0) at world pos (256.0, 0.0, -128.0) (total chunks: 247)
[23:23:25] TERRAIN: Creating chunk: (-4.0, -8.0) at distance 7.62
[23:23:25] TERRAIN: Chunk (-4.0, -8.0): TRIMESH collision created successfully (distance: 7.62, vertices: 8)
[23:23:25] TERRAIN: Chunk created successfully: (-4.0, -8.0) at world pos (-128.0, 0.0, -256.0) (total chunks: 248)
[23:23:25] TERRAIN: Creating chunk: (-8.0, 4.0) at distance 8.60
[23:23:25] TERRAIN: Chunk (-8.0, 4.0): TRIMESH collision created successfully (distance: 8.60, vertices: 8)
[23:23:25] TERRAIN: Chunk created successfully: (-8.0, 4.0) at world pos (-256.0, 0.0, 128.0) (total chunks: 249)
[23:23:25] TERRAIN: Creating chunk: (9.0, 0.0) at distance 10.05
[23:23:25] TERRAIN: Chunk (9.0, 0.0): TRIMESH collision created successfully (distance: 10.05, vertices: 8)
[23:23:25] TERRAIN: Chunk created successfully: (9.0, 0.0) at world pos (288.0, 0.0, 0.0) (total chunks: 250)
[23:23:25] TERRAIN: Creating chunk: (-9.0, 0.0) at distance 8.06
[23:23:25] TERRAIN: Chunk (-9.0, 0.0): TRIMESH collision created successfully (distance: 8.06, vertices: 8)
[23:23:25] TERRAIN: Chunk created successfully: (-9.0, 0.0) at world pos (-288.0, 0.0, 0.0) (total chunks: 251)
[23:23:25] TERRAIN: Creating chunk: (0.0, -9.0) at distance 8.06
[23:23:25] TERRAIN: Chunk (0.0, -9.0): TRIMESH collision created successfully (distance: 8.06, vertices: 8)
[23:23:25] TERRAIN: Chunk created successfully: (0.0, -9.0) at world pos (0.0, 0.0, -288.0) (total chunks: 252)
[23:23:25] TERRAIN: Creating chunk: (0.0, 9.0) at distance 10.05
[23:23:25] TERRAIN: Chunk (0.0, 9.0): TRIMESH collision created successfully (distance: 10.05, vertices: 8)
[23:23:25] TERRAIN: Chunk created successfully: (0.0, 9.0) at world pos (0.0, 0.0, 288.0) (total chunks: 253)
[23:23:25] TERRAIN: Creating chunk: (9.0, 1.0) at distance 10.20
[23:23:25] TERRAIN: Chunk (9.0, 1.0): TRIMESH collision created successfully (distance: 10.20, vertices: 8)
[23:23:25] TERRAIN: Chunk created successfully: (9.0, 1.0) at world pos (288.0, 0.0, 32.0) (total chunks: 254)
[23:23:25] TERRAIN: Creating chunk: (1.0, 9.0) at distance 10.20
[23:23:25] TERRAIN: Chunk (1.0, 9.0): TRIMESH collision created successfully (distance: 10.20, vertices: 8)
[23:23:25] TERRAIN: Chunk created successfully: (1.0, 9.0) at world pos (32.0, 0.0, 288.0) (total chunks: 255)
[23:23:25] TERRAIN: Creating chunk: (9.0, -1.0) at distance 10.00
[23:23:25] TERRAIN: Chunk (9.0, -1.0): TRIMESH collision created successfully (distance: 10.00, vertices: 8)
[23:23:25] TERRAIN: Chunk created successfully: (9.0, -1.0) at world pos (288.0, 0.0, -32.0) (total chunks: 256)
[23:23:25] TERRAIN: Creating chunk: (1.0, -9.0) at distance 8.25
[23:23:25] TERRAIN: Chunk (1.0, -9.0): TRIMESH collision created successfully (distance: 8.25, vertices: 8)
[23:23:25] TERRAIN: Chunk created successfully: (1.0, -9.0) at world pos (32.0, 0.0, -288.0) (total chunks: 257)
[23:23:25] TERRAIN: Creating chunk: (-1.0, -9.0) at distance 8.00
[23:23:25] TERRAIN: Chunk (-1.0, -9.0): TRIMESH collision created successfully (distance: 8.00, vertices: 8)
[23:23:25] TERRAIN: Chunk created successfully: (-1.0, -9.0) at world pos (-32.0, 0.0, -288.0) (total chunks: 258)
[23:23:25] TERRAIN: Creating chunk: (-9.0, -1.0) at distance 8.00
[23:23:25] TERRAIN: Chunk (-9.0, -1.0): TRIMESH collision created successfully (distance: 8.00, vertices: 8)
[23:23:25] TERRAIN: Chunk created successfully: (-9.0, -1.0) at world pos (-288.0, 0.0, -32.0) (total chunks: 259)
[23:23:25] TERRAIN: Creating chunk: (-9.0, 1.0) at distance 8.25
[23:23:25] TERRAIN: Chunk (-9.0, 1.0): TRIMESH collision created successfully (distance: 8.25, vertices: 8)
[23:23:25] TERRAIN: Chunk created successfully: (-9.0, 1.0) at world pos (-288.0, 0.0, 32.0) (total chunks: 260)
[23:23:25] TERRAIN: Creating chunk: (-1.0, 9.0) at distance 10.00
[23:23:25] TERRAIN: Chunk (-1.0, 9.0): TRIMESH collision created successfully (distance: 10.00, vertices: 8)
[23:23:25] TERRAIN: Chunk created successfully: (-1.0, 9.0) at world pos (-32.0, 0.0, 288.0) (total chunks: 261)
[23:23:25] TERRAIN: Creating chunk: (-9.0, -2.0) at distance 8.06
[23:23:25] TERRAIN: Chunk (-9.0, -2.0): TRIMESH collision created successfully (distance: 8.06, vertices: 8)
[23:23:25] TERRAIN: Chunk created successfully: (-9.0, -2.0) at world pos (-288.0, 0.0, -64.0) (total chunks: 262)
[23:23:25] TERRAIN: Creating chunk: (6.0, 7.0) at distance 10.63
[23:23:25] TERRAIN: Chunk (6.0, 7.0): TRIMESH collision created successfully (distance: 10.63, vertices: 8)
[23:23:25] TERRAIN: Chunk created successfully: (6.0, 7.0) at world pos (192.0, 0.0, 224.0) (total chunks: 263)
[23:23:25] TERRAIN: Creating chunk: (-9.0, 2.0) at distance 8.54
[23:23:25] TERRAIN: Chunk (-9.0, 2.0): TRIMESH collision created successfully (distance: 8.54, vertices: 8)
[23:23:25] TERRAIN: Chunk created successfully: (-9.0, 2.0) at world pos (-288.0, 0.0, 64.0) (total chunks: 264)
[23:23:25] TERRAIN: Creating chunk: (9.0, 2.0) at distance 10.44
[23:23:25] TERRAIN: Chunk (9.0, 2.0): TRIMESH collision created successfully (distance: 10.44, vertices: 8)
[23:23:25] TERRAIN: Chunk created successfully: (9.0, 2.0) at world pos (288.0, 0.0, 64.0) (total chunks: 265)
[23:23:25] TERRAIN: Creating chunk: (-2.0, -9.0) at distance 8.06
[23:23:25] TERRAIN: Chunk (-2.0, -9.0): TRIMESH collision created successfully (distance: 8.06, vertices: 8)
[23:23:25] TERRAIN: Chunk created successfully: (-2.0, -9.0) at world pos (-64.0, 0.0, -288.0) (total chunks: 266)
[23:23:25] TERRAIN: Creating chunk: (-6.0, -7.0) at distance 7.81
[23:23:25] TERRAIN: Chunk (-6.0, -7.0): TRIMESH collision created successfully (distance: 7.81, vertices: 8)
[23:23:25] TERRAIN: Chunk created successfully: (-6.0, -7.0) at world pos (-192.0, 0.0, -224.0) (total chunks: 267)
[23:23:25] TERRAIN: Creating chunk: (2.0, -9.0) at distance 8.54
[23:23:25] TERRAIN: Chunk (2.0, -9.0): TRIMESH collision created successfully (distance: 8.54, vertices: 8)
[23:23:25] TERRAIN: Chunk created successfully: (2.0, -9.0) at world pos (64.0, 0.0, -288.0) (total chunks: 268)
[23:23:25] TERRAIN: Creating chunk: (-2.0, 9.0) at distance 10.05
[23:23:25] TERRAIN: Chunk (-2.0, 9.0): TRIMESH collision created successfully (distance: 10.05, vertices: 8)
[23:23:25] TERRAIN: Chunk created successfully: (-2.0, 9.0) at world pos (-64.0, 0.0, 288.0) (total chunks: 269)
[23:23:25] TERRAIN: Creating chunk: (-7.0, 6.0) at distance 9.22
[23:23:25] TERRAIN: Chunk (-7.0, 6.0): TRIMESH collision created successfully (distance: 9.22, vertices: 8)
[23:23:25] TERRAIN: Chunk created successfully: (-7.0, 6.0) at world pos (-224.0, 0.0, 192.0) (total chunks: 270)
[23:23:25] TERRAIN: Creating chunk: (-7.0, -6.0) at distance 7.81
[23:23:25] TERRAIN: Chunk (-7.0, -6.0): TRIMESH collision created successfully (distance: 7.81, vertices: 8)
[23:23:25] TERRAIN: Chunk created successfully: (-7.0, -6.0) at world pos (-224.0, 0.0, -192.0) (total chunks: 271)
[23:23:25] TERRAIN: Creating chunk: (7.0, -6.0) at distance 9.43
[23:23:25] TERRAIN: Chunk (7.0, -6.0): TRIMESH collision created successfully (distance: 9.43, vertices: 8)
[23:23:25] TERRAIN: Chunk created successfully: (7.0, -6.0) at world pos (224.0, 0.0, -192.0) (total chunks: 272)
[23:23:25] TERRAIN: Creating chunk: (2.0, 9.0) at distance 10.44
[23:23:25] TERRAIN: Chunk (2.0, 9.0): TRIMESH collision created successfully (distance: 10.44, vertices: 8)
[23:23:25] TERRAIN: Chunk created successfully: (2.0, 9.0) at world pos (64.0, 0.0, 288.0) (total chunks: 273)
[23:23:25] TERRAIN: Creating chunk: (-6.0, 7.0) at distance 9.43
[23:23:25] TERRAIN: Chunk (-6.0, 7.0): TRIMESH collision created successfully (distance: 9.43, vertices: 8)
[23:23:25] TERRAIN: Chunk created successfully: (-6.0, 7.0) at world pos (-192.0, 0.0, 224.0) (total chunks: 274)
[23:23:25] TERRAIN: Creating chunk: (9.0, -2.0) at distance 10.05
[23:23:25] TERRAIN: Chunk (9.0, -2.0): TRIMESH collision created successfully (distance: 10.05, vertices: 8)
[23:23:25] TERRAIN: Chunk created successfully: (9.0, -2.0) at world pos (288.0, 0.0, -64.0) (total chunks: 275)
[23:23:25] TERRAIN: Creating chunk: (7.0, 6.0) at distance 10.63
[23:23:25] TERRAIN: Chunk (7.0, 6.0): TRIMESH collision created successfully (distance: 10.63, vertices: 8)
[23:23:25] TERRAIN: Chunk created successfully: (7.0, 6.0) at world pos (224.0, 0.0, 192.0) (total chunks: 276)
[23:23:25] TERRAIN: Creating chunk: (6.0, -7.0) at distance 9.22
[23:23:25] TERRAIN: Chunk (6.0, -7.0): TRIMESH collision created successfully (distance: 9.22, vertices: 8)
[23:23:25] TERRAIN: Chunk created successfully: (6.0, -7.0) at world pos (192.0, 0.0, -224.0) (total chunks: 277)
[23:23:25] TERRAIN: Creating chunk: (-5.0, -8.0) at distance 8.06
[23:23:25] TERRAIN: Chunk (-5.0, -8.0): TRIMESH collision created successfully (distance: 8.06, vertices: 8)
[23:23:25] TERRAIN: Chunk created successfully: (-5.0, -8.0) at world pos (-160.0, 0.0, -256.0) (total chunks: 278)
[23:23:25] TERRAIN: Creating chunk: (8.0, -5.0) at distance 9.85
[23:23:25] TERRAIN: Chunk (8.0, -5.0): TRIMESH collision created successfully (distance: 9.85, vertices: 8)
[23:23:25] TERRAIN: Chunk created successfully: (8.0, -5.0) at world pos (256.0, 0.0, -160.0) (total chunks: 279)
[23:23:25] TERRAIN: Creating chunk: (5.0, 8.0) at distance 10.82
[23:23:25] TERRAIN: Chunk (5.0, 8.0): TRIMESH collision created successfully (distance: 10.82, vertices: 8)
[23:23:25] TERRAIN: Chunk created successfully: (5.0, 8.0) at world pos (160.0, 0.0, 256.0) (total chunks: 280)
[23:23:25] TERRAIN: Creating chunk: (-8.0, -5.0) at distance 8.06
[23:23:25] TERRAIN: Chunk (-8.0, -5.0): TRIMESH collision created successfully (distance: 8.06, vertices: 8)
[23:23:25] TERRAIN: Chunk created successfully: (-8.0, -5.0) at world pos (-256.0, 0.0, -160.0) (total chunks: 281)
[23:23:25] TERRAIN: Creating chunk: (8.0, 5.0) at distance 10.82
[23:23:25] TERRAIN: Chunk (8.0, 5.0): TRIMESH collision created successfully (distance: 10.82, vertices: 8)
[23:23:25] TERRAIN: Chunk created successfully: (8.0, 5.0) at world pos (256.0, 0.0, 160.0) (total chunks: 282)
[23:23:25] TERRAIN: Creating chunk: (-8.0, 5.0) at distance 9.22
[23:23:25] TERRAIN: Chunk (-8.0, 5.0): TRIMESH collision created successfully (distance: 9.22, vertices: 8)
[23:23:25] TERRAIN: Chunk created successfully: (-8.0, 5.0) at world pos (-256.0, 0.0, 160.0) (total chunks: 283)
[23:23:25] TERRAIN: Creating chunk: (-5.0, 8.0) at distance 9.85
[23:23:25] TERRAIN: Chunk (-5.0, 8.0): TRIMESH collision created successfully (distance: 9.85, vertices: 8)
[23:23:25] TERRAIN: Chunk created successfully: (-5.0, 8.0) at world pos (-160.0, 0.0, 256.0) (total chunks: 284)
[23:23:25] TERRAIN: Creating chunk: (5.0, -8.0) at distance 9.22
[23:23:25] TERRAIN: Chunk (5.0, -8.0): TRIMESH collision created successfully (distance: 9.22, vertices: 8)
[23:23:25] TERRAIN: Chunk created successfully: (5.0, -8.0) at world pos (160.0, 0.0, -256.0) (total chunks: 285)
[23:23:25] TERRAIN: Creating chunk: (-9.0, -3.0) at distance 8.25
[23:23:25] TERRAIN: Chunk (-9.0, -3.0): TRIMESH collision created successfully (distance: 8.25, vertices: 8)
[23:23:25] TERRAIN: Chunk created successfully: (-9.0, -3.0) at world pos (-288.0, 0.0, -96.0) (total chunks: 286)
[23:23:25] TERRAIN: Creating chunk: (9.0, -3.0) at distance 10.20
[23:23:25] TERRAIN: Chunk (9.0, -3.0): TRIMESH collision created successfully (distance: 10.20, vertices: 8)
[23:23:25] TERRAIN: Chunk created successfully: (9.0, -3.0) at world pos (288.0, 0.0, -96.0) (total chunks: 287)
[23:23:25] TERRAIN: Creating chunk: (-9.0, 3.0) at distance 8.94
[23:23:25] TERRAIN: Chunk (-9.0, 3.0): TRIMESH collision created successfully (distance: 8.94, vertices: 8)
[23:23:25] TERRAIN: Chunk created successfully: (-9.0, 3.0) at world pos (-288.0, 0.0, 96.0) (total chunks: 288)
[23:23:25] TERRAIN: Creating chunk: (3.0, 9.0) at distance 10.77
[23:23:25] TERRAIN: Chunk (3.0, 9.0): TRIMESH collision created successfully (distance: 10.77, vertices: 8)
[23:23:25] TERRAIN: Chunk created successfully: (3.0, 9.0) at world pos (96.0, 0.0, 288.0) (total chunks: 289)
[23:23:25] TERRAIN: Creating chunk: (-3.0, -9.0) at distance 8.25
[23:23:25] TERRAIN: Chunk (-3.0, -9.0): TRIMESH collision created successfully (distance: 8.25, vertices: 8)
[23:23:25] TERRAIN: Chunk created successfully: (-3.0, -9.0) at world pos (-96.0, 0.0, -288.0) (total chunks: 290)
[23:23:25] TERRAIN: Creating chunk: (-3.0, 9.0) at distance 10.20
[23:23:25] TERRAIN: Chunk (-3.0, 9.0): TRIMESH collision created successfully (distance: 10.20, vertices: 8)
[23:23:25] TERRAIN: Chunk created successfully: (-3.0, 9.0) at world pos (-96.0, 0.0, 288.0) (total chunks: 291)
[23:23:25] TERRAIN: Creating chunk: (3.0, -9.0) at distance 8.94
[23:23:25] TERRAIN: Chunk (3.0, -9.0): TRIMESH collision created successfully (distance: 8.94, vertices: 8)
[23:23:25] TERRAIN: Chunk created successfully: (3.0, -9.0) at world pos (96.0, 0.0, -288.0) (total chunks: 292)
[23:23:25] TERRAIN: Creating chunk: (9.0, 3.0) at distance 10.77
[23:23:25] TERRAIN: Chunk (9.0, 3.0): TRIMESH collision created successfully (distance: 10.77, vertices: 8)
[23:23:25] TERRAIN: Chunk created successfully: (9.0, 3.0) at world pos (288.0, 0.0, 96.0) (total chunks: 293)
[23:23:25] TERRAIN: Creating chunk: (-9.0, 4.0) at distance 9.43
[23:23:25] TERRAIN: Chunk (-9.0, 4.0): TRIMESH collision created successfully (distance: 9.43, vertices: 8)
[23:23:25] TERRAIN: Chunk created successfully: (-9.0, 4.0) at world pos (-288.0, 0.0, 128.0) (total chunks: 294)
[23:23:25] TERRAIN: Creating chunk: (-4.0, -9.0) at distance 8.54
[23:23:25] TERRAIN: Chunk (-4.0, -9.0): TRIMESH collision created successfully (distance: 8.54, vertices: 8)
[23:23:25] TERRAIN: Chunk created successfully: (-4.0, -9.0) at world pos (-128.0, 0.0, -288.0) (total chunks: 295)
[23:23:25] TERRAIN: Creating chunk: (9.0, -4.0) at distance 10.44
[23:23:25] TERRAIN: Chunk (9.0, -4.0): TRIMESH collision created successfully (distance: 10.44, vertices: 8)
[23:23:25] TERRAIN: Chunk created successfully: (9.0, -4.0) at world pos (288.0, 0.0, -128.0) (total chunks: 296)
[23:23:25] TERRAIN: Creating chunk: (9.0, 4.0) at distance 11.18
[23:23:25] TERRAIN: Chunk (9.0, 4.0): TRIMESH collision created successfully (distance: 11.18, vertices: 8)
[23:23:25] TERRAIN: Chunk created successfully: (9.0, 4.0) at world pos (288.0, 0.0, 128.0) (total chunks: 297)
[23:23:25] TERRAIN: Creating chunk: (-9.0, -4.0) at distance 8.54
[23:23:25] TERRAIN: Chunk (-9.0, -4.0): TRIMESH collision created successfully (distance: 8.54, vertices: 8)
[23:23:25] TERRAIN: Chunk created successfully: (-9.0, -4.0) at world pos (-288.0, 0.0, -128.0) (total chunks: 298)
[23:23:25] TERRAIN: Creating chunk: (4.0, 9.0) at distance 11.18
[23:23:25] TERRAIN: Chunk (4.0, 9.0): TRIMESH collision created successfully (distance: 11.18, vertices: 8)
[23:23:25] TERRAIN: Chunk created successfully: (4.0, 9.0) at world pos (128.0, 0.0, 288.0) (total chunks: 299)
[23:23:25] TERRAIN: Creating chunk: (-4.0, 9.0) at distance 10.44
[23:23:25] TERRAIN: Chunk (-4.0, 9.0): TRIMESH collision created successfully (distance: 10.44, vertices: 8)
[23:23:25] TERRAIN: Chunk created successfully: (-4.0, 9.0) at world pos (-128.0, 0.0, 288.0) (total chunks: 300)
[23:23:25] PLAYER: Pos: (-1.890258, -0.011025, -3.525278) | Chunk: (-1.0, -1.0) | TerrainHeight: -0.01 | HeightDiff: -0.00 | OnFloor: true
[23:23:25] PLAYER: CHUNK CHANGED: (0.0, 0.0) -> (-1.0, -1.0)
[23:23:25] TERRAIN: Creating chunk: (4.0, -9.0) at distance 9.43
[23:23:25] TERRAIN: Chunk (4.0, -9.0): TRIMESH collision created successfully (distance: 9.43, vertices: 8)
[23:23:25] TERRAIN: Chunk created successfully: (4.0, -9.0) at world pos (128.0, 0.0, -288.0) (total chunks: 301)
[23:23:25] TERRAIN: Creating chunk: (7.0, -7.0) at distance 10.00
[23:23:25] TERRAIN: Chunk (7.0, -7.0): TRIMESH collision created successfully (distance: 10.00, vertices: 8)
[23:23:25] TERRAIN: Chunk created successfully: (7.0, -7.0) at world pos (224.0, 0.0, -224.0) (total chunks: 302)
[23:23:25] TERRAIN: Creating chunk: (-7.0, -7.0) at distance 8.49
[23:23:25] TERRAIN: Chunk (-7.0, -7.0): TRIMESH collision created successfully (distance: 8.49, vertices: 8)
[23:23:25] TERRAIN: Chunk created successfully: (-7.0, -7.0) at world pos (-224.0, 0.0, -224.0) (total chunks: 303)
[23:23:25] TERRAIN: Creating chunk: (7.0, 7.0) at distance 11.31
[23:23:25] TERRAIN: Chunk (7.0, 7.0): TRIMESH collision created successfully (distance: 11.31, vertices: 8)
[23:23:25] TERRAIN: Chunk created successfully: (7.0, 7.0) at world pos (224.0, 0.0, 224.0) (total chunks: 304)
[23:23:25] TERRAIN: Creating chunk: (-7.0, 7.0) at distance 10.00
[23:23:25] TERRAIN: Chunk (-7.0, 7.0): TRIMESH collision created successfully (distance: 10.00, vertices: 8)
[23:23:25] TERRAIN: Chunk created successfully: (-7.0, 7.0) at world pos (-224.0, 0.0, 224.0) (total chunks: 305)
[23:23:25] TERRAIN: Creating chunk: (-6.0, 8.0) at distance 10.30
[23:23:25] TERRAIN: Chunk (-6.0, 8.0): TRIMESH collision created successfully (distance: 10.30, vertices: 8)
[23:23:25] TERRAIN: Chunk created successfully: (-6.0, 8.0) at world pos (-192.0, 0.0, 256.0) (total chunks: 306)
[23:23:25] TERRAIN: Creating chunk: (-8.0, -6.0) at distance 8.60
[23:23:25] TERRAIN: Chunk (-8.0, -6.0): TRIMESH collision created successfully (distance: 8.60, vertices: 8)
[23:23:25] TERRAIN: Chunk created successfully: (-8.0, -6.0) at world pos (-256.0, 0.0, -192.0) (total chunks: 307)
[23:23:25] TERRAIN: Creating chunk: (6.0, -8.0) at distance 9.90
[23:23:25] TERRAIN: Chunk (6.0, -8.0): TRIMESH collision created successfully (distance: 9.90, vertices: 8)
[23:23:25] TERRAIN: Chunk created successfully: (6.0, -8.0) at world pos (192.0, 0.0, -256.0) (total chunks: 308)
[23:23:25] TERRAIN: Creating chunk: (0.0, -10.0) at distance 9.06
[23:23:25] TERRAIN: Chunk (0.0, -10.0): TRIMESH collision created successfully (distance: 9.06, vertices: 8)
[23:23:25] TERRAIN: Chunk created successfully: (0.0, -10.0) at world pos (0.0, 0.0, -320.0) (total chunks: 309)
[23:23:25] TERRAIN: Creating chunk: (8.0, 6.0) at distance 11.40
[23:23:25] TERRAIN: Chunk (8.0, 6.0): TRIMESH collision created successfully (distance: 11.40, vertices: 8)
[23:23:25] TERRAIN: Chunk created successfully: (8.0, 6.0) at world pos (256.0, 0.0, 192.0) (total chunks: 310)
[23:23:25] TERRAIN: Creating chunk: (-8.0, 6.0) at distance 9.90
[23:23:25] TERRAIN: Chunk (-8.0, 6.0): TRIMESH collision created successfully (distance: 9.90, vertices: 8)
[23:23:25] TERRAIN: Chunk created successfully: (-8.0, 6.0) at world pos (-256.0, 0.0, 192.0) (total chunks: 311)
[23:23:25] TERRAIN: Creating chunk: (6.0, 8.0) at distance 11.40
[23:23:25] TERRAIN: Chunk (6.0, 8.0): TRIMESH collision created successfully (distance: 11.40, vertices: 8)
[23:23:25] TERRAIN: Chunk created successfully: (6.0, 8.0) at world pos (192.0, 0.0, 256.0) (total chunks: 312)
[23:23:25] TERRAIN: Creating chunk: (-10.0, 0.0) at distance 9.06
[23:23:25] TERRAIN: Chunk (-10.0, 0.0): TRIMESH collision created successfully (distance: 9.06, vertices: 8)
[23:23:25] TERRAIN: Chunk created successfully: (-10.0, 0.0) at world pos (-320.0, 0.0, 0.0) (total chunks: 313)
[23:23:25] TERRAIN: Creating chunk: (10.0, 0.0) at distance 11.05
[23:23:25] TERRAIN: Chunk (10.0, 0.0): TRIMESH collision created successfully (distance: 11.05, vertices: 8)
[23:23:25] TERRAIN: Chunk created successfully: (10.0, 0.0) at world pos (320.0, 0.0, 0.0) (total chunks: 314)
[23:23:25] TERRAIN: Creating chunk: (-6.0, -8.0) at distance 8.60
[23:23:25] TERRAIN: Chunk (-6.0, -8.0): TRIMESH collision created successfully (distance: 8.60, vertices: 8)
[23:23:25] TERRAIN: Chunk created successfully: (-6.0, -8.0) at world pos (-192.0, 0.0, -256.0) (total chunks: 315)
[23:23:25] TERRAIN: Creating chunk: (8.0, -6.0) at distance 10.30
[23:23:25] TERRAIN: Chunk (8.0, -6.0): TRIMESH collision created successfully (distance: 10.30, vertices: 8)
[23:23:25] TERRAIN: Chunk created successfully: (8.0, -6.0) at world pos (256.0, 0.0, -192.0) (total chunks: 316)
[23:23:25] TERRAIN: Creating chunk: (0.0, 10.0) at distance 11.05
[23:23:25] TERRAIN: Chunk (0.0, 10.0): TRIMESH collision created successfully (distance: 11.05, vertices: 8)
[23:23:25] TERRAIN: Chunk created successfully: (0.0, 10.0) at world pos (0.0, 0.0, 320.0) (total chunks: 317)
[23:23:25] TERRAIN: Creating chunk: (-10.0, -1.0) at distance 9.00
[23:23:25] TERRAIN: Chunk (-10.0, -1.0): TRIMESH collision created successfully (distance: 9.00, vertices: 8)
[23:23:25] TERRAIN: Chunk created successfully: (-10.0, -1.0) at world pos (-320.0, 0.0, -32.0) (total chunks: 318)
[23:23:25] TERRAIN: Creating chunk: (-1.0, 10.0) at distance 11.00
[23:23:25] TERRAIN: Chunk (-1.0, 10.0): TRIMESH collision created successfully (distance: 11.00, vertices: 8)
[23:23:25] TERRAIN: Chunk created successfully: (-1.0, 10.0) at world pos (-32.0, 0.0, 320.0) (total chunks: 319)
[23:23:25] TERRAIN: Creating chunk: (1.0, 10.0) at distance 11.18
[23:23:25] TERRAIN: Chunk (1.0, 10.0): TRIMESH collision created successfully (distance: 11.18, vertices: 8)
[23:23:25] TERRAIN: Chunk created successfully: (1.0, 10.0) at world pos (32.0, 0.0, 320.0) (total chunks: 320)
[23:23:25] TERRAIN: Creating chunk: (1.0, -10.0) at distance 9.22
[23:23:25] TERRAIN: Chunk (1.0, -10.0): TRIMESH collision created successfully (distance: 9.22, vertices: 8)
[23:23:25] TERRAIN: Chunk created successfully: (1.0, -10.0) at world pos (32.0, 0.0, -320.0) (total chunks: 321)
[23:23:25] TERRAIN: Creating chunk: (-10.0, 1.0) at distance 9.22
[23:23:25] TERRAIN: Chunk (-10.0, 1.0): TRIMESH collision created successfully (distance: 9.22, vertices: 8)
[23:23:25] TERRAIN: Chunk created successfully: (-10.0, 1.0) at world pos (-320.0, 0.0, 32.0) (total chunks: 322)
[23:23:25] TERRAIN: Creating chunk: (-1.0, -10.0) at distance 9.00
[23:23:25] TERRAIN: Chunk (-1.0, -10.0): TRIMESH collision created successfully (distance: 9.00, vertices: 8)
[23:23:25] TERRAIN: Chunk created successfully: (-1.0, -10.0) at world pos (-32.0, 0.0, -320.0) (total chunks: 323)
[23:23:25] TERRAIN: Creating chunk: (10.0, 1.0) at distance 11.18
[23:23:25] TERRAIN: Chunk (10.0, 1.0): TRIMESH collision created successfully (distance: 11.18, vertices: 8)
[23:23:25] TERRAIN: Chunk created successfully: (10.0, 1.0) at world pos (320.0, 0.0, 32.0) (total chunks: 324)
[23:23:25] TERRAIN: Creating chunk: (10.0, -1.0) at distance 11.00
[23:23:25] TERRAIN: Chunk (10.0, -1.0): TRIMESH collision created successfully (distance: 11.00, vertices: 8)
[23:23:25] TERRAIN: Chunk created successfully: (10.0, -1.0) at world pos (320.0, 0.0, -32.0) (total chunks: 325)
[23:23:25] TERRAIN: Creating chunk: (2.0, 10.0) at distance 11.40
[23:23:25] TERRAIN: Chunk (2.0, 10.0): TRIMESH collision created successfully (distance: 11.40, vertices: 8)
[23:23:25] TERRAIN: Chunk created successfully: (2.0, 10.0) at world pos (64.0, 0.0, 320.0) (total chunks: 326)
[23:23:25] TERRAIN: Creating chunk: (-2.0, 10.0) at distance 11.05
[23:23:25] TERRAIN: Chunk (-2.0, 10.0): TRIMESH collision created successfully (distance: 11.05, vertices: 8)
[23:23:25] TERRAIN: Chunk created successfully: (-2.0, 10.0) at world pos (-64.0, 0.0, 320.0) (total chunks: 327)
[23:23:25] TERRAIN: Creating chunk: (-10.0, -2.0) at distance 9.06
[23:23:25] TERRAIN: Chunk (-10.0, -2.0): TRIMESH collision created successfully (distance: 9.06, vertices: 8)
[23:23:25] TERRAIN: Chunk created successfully: (-10.0, -2.0) at world pos (-320.0, 0.0, -64.0) (total chunks: 328)
[23:23:25] TERRAIN: Creating chunk: (10.0, -2.0) at distance 11.05
[23:23:25] TERRAIN: Chunk (10.0, -2.0): TRIMESH collision created successfully (distance: 11.05, vertices: 8)
[23:23:25] TERRAIN: Chunk created successfully: (10.0, -2.0) at world pos (320.0, 0.0, -64.0) (total chunks: 329)
[23:23:25] TERRAIN: Creating chunk: (-2.0, -10.0) at distance 9.06
[23:23:25] TERRAIN: Chunk (-2.0, -10.0): TRIMESH collision created successfully (distance: 9.06, vertices: 8)
[23:23:25] TERRAIN: Chunk created successfully: (-2.0, -10.0) at world pos (-64.0, 0.0, -320.0) (total chunks: 330)
[23:23:25] TERRAIN: Creating chunk: (-10.0, 2.0) at distance 9.49
[23:23:25] TERRAIN: Chunk (-10.0, 2.0): TRIMESH collision created successfully (distance: 9.49, vertices: 8)
[23:23:25] TERRAIN: Chunk created successfully: (-10.0, 2.0) at world pos (-320.0, 0.0, 64.0) (total chunks: 331)
[23:23:25] TERRAIN: Creating chunk: (2.0, -10.0) at distance 9.49
[23:23:25] TERRAIN: Chunk (2.0, -10.0): TRIMESH collision created successfully (distance: 9.49, vertices: 8)
[23:23:25] TERRAIN: Chunk created successfully: (2.0, -10.0) at world pos (64.0, 0.0, -320.0) (total chunks: 332)
[23:23:25] TERRAIN: Creating chunk: (10.0, 2.0) at distance 11.40
[23:23:25] TERRAIN: Chunk (10.0, 2.0): TRIMESH collision created successfully (distance: 11.40, vertices: 8)
[23:23:25] TERRAIN: Chunk created successfully: (10.0, 2.0) at world pos (320.0, 0.0, 64.0) (total chunks: 333)
[23:23:25] TERRAIN: Creating chunk: (9.0, -5.0) at distance 10.77
[23:23:25] TERRAIN: Chunk (9.0, -5.0): TRIMESH collision created successfully (distance: 10.77, vertices: 8)
[23:23:25] TERRAIN: Chunk created successfully: (9.0, -5.0) at world pos (288.0, 0.0, -160.0) (total chunks: 334)
[23:23:25] TERRAIN: Creating chunk: (9.0, 5.0) at distance 11.66
[23:23:25] TERRAIN: Chunk (9.0, 5.0): TRIMESH collision created successfully (distance: 11.66, vertices: 8)
[23:23:25] TERRAIN: Chunk created successfully: (9.0, 5.0) at world pos (288.0, 0.0, 160.0) (total chunks: 335)
[23:23:25] TERRAIN: Creating chunk: (5.0, 9.0) at distance 11.66
[23:23:25] TERRAIN: Chunk (5.0, 9.0): TRIMESH collision created successfully (distance: 11.66, vertices: 8)
[23:23:25] TERRAIN: Chunk created successfully: (5.0, 9.0) at world pos (160.0, 0.0, 288.0) (total chunks: 336)
[23:23:25] TERRAIN: Creating chunk: (-9.0, -5.0) at distance 8.94
[23:23:25] TERRAIN: Chunk (-9.0, -5.0): TRIMESH collision created successfully (distance: 8.94, vertices: 8)
[23:23:25] TERRAIN: Chunk created successfully: (-9.0, -5.0) at world pos (-288.0, 0.0, -160.0) (total chunks: 337)
[23:23:25] TERRAIN: Creating chunk: (5.0, -9.0) at distance 10.00
[23:23:25] TERRAIN: Chunk (5.0, -9.0): TRIMESH collision created successfully (distance: 10.00, vertices: 8)
[23:23:25] TERRAIN: Chunk created successfully: (5.0, -9.0) at world pos (160.0, 0.0, -288.0) (total chunks: 338)
[23:23:25] TERRAIN: Creating chunk: (-5.0, -9.0) at distance 8.94
[23:23:25] TERRAIN: Chunk (-5.0, -9.0): TRIMESH collision created successfully (distance: 8.94, vertices: 8)
[23:23:25] TERRAIN: Chunk created successfully: (-5.0, -9.0) at world pos (-160.0, 0.0, -288.0) (total chunks: 339)
[23:23:25] TERRAIN: Creating chunk: (-9.0, 5.0) at distance 10.00
[23:23:25] TERRAIN: Chunk (-9.0, 5.0): TRIMESH collision created successfully (distance: 10.00, vertices: 8)
[23:23:25] TERRAIN: Chunk created successfully: (-9.0, 5.0) at world pos (-288.0, 0.0, 160.0) (total chunks: 340)
[23:23:25] TERRAIN: Creating chunk: (-5.0, 9.0) at distance 10.77
[23:23:25] TERRAIN: Chunk (-5.0, 9.0): TRIMESH collision created successfully (distance: 10.77, vertices: 8)
[23:23:25] TERRAIN: Chunk created successfully: (-5.0, 9.0) at world pos (-160.0, 0.0, 288.0) (total chunks: 341)
[23:23:25] TERRAIN: Creating chunk: (10.0, -3.0) at distance 11.18
[23:23:25] TERRAIN: Chunk (10.0, -3.0): TRIMESH collision created successfully (distance: 11.18, vertices: 8)
[23:23:25] TERRAIN: Chunk created successfully: (10.0, -3.0) at world pos (320.0, 0.0, -96.0) (total chunks: 342)
[23:23:25] TERRAIN: Creating chunk: (-3.0, -10.0) at distance 9.22
[23:23:25] TERRAIN: Chunk (-3.0, -10.0): TRIMESH collision created successfully (distance: 9.22, vertices: 8)
[23:23:25] TERRAIN: Chunk created successfully: (-3.0, -10.0) at world pos (-96.0, 0.0, -320.0) (total chunks: 343)
[23:23:25] TERRAIN: Creating chunk: (-10.0, -3.0) at distance 9.22
[23:23:25] TERRAIN: Chunk (-10.0, -3.0): TRIMESH collision created successfully (distance: 9.22, vertices: 8)
[23:23:25] TERRAIN: Chunk created successfully: (-10.0, -3.0) at world pos (-320.0, 0.0, -96.0) (total chunks: 344)
[23:23:25] TERRAIN: Creating chunk: (3.0, 10.0) at distance 11.70
[23:23:25] TERRAIN: Chunk (3.0, 10.0): TRIMESH collision created successfully (distance: 11.70, vertices: 8)
[23:23:25] TERRAIN: Chunk created successfully: (3.0, 10.0) at world pos (96.0, 0.0, 320.0) (total chunks: 345)
[23:23:25] TERRAIN: Creating chunk: (-10.0, 3.0) at distance 9.85
[23:23:25] TERRAIN: Chunk (-10.0, 3.0): TRIMESH collision created successfully (distance: 9.85, vertices: 8)
[23:23:25] TERRAIN: Chunk created successfully: (-10.0, 3.0) at world pos (-320.0, 0.0, 96.0) (total chunks: 346)
[23:23:25] TERRAIN: Creating chunk: (10.0, 3.0) at distance 11.70
[23:23:25] TERRAIN: Chunk (10.0, 3.0): TRIMESH collision created successfully (distance: 11.70, vertices: 8)
[23:23:25] TERRAIN: Chunk created successfully: (10.0, 3.0) at world pos (320.0, 0.0, 96.0) (total chunks: 347)
[23:23:25] TERRAIN: Creating chunk: (3.0, -10.0) at distance 9.85
[23:23:25] TERRAIN: Chunk (3.0, -10.0): TRIMESH collision created successfully (distance: 9.85, vertices: 8)
[23:23:25] TERRAIN: Chunk created successfully: (3.0, -10.0) at world pos (96.0, 0.0, -320.0) (total chunks: 348)
[23:23:25] TERRAIN: Creating chunk: (-3.0, 10.0) at distance 11.18
[23:23:25] TERRAIN: Chunk (-3.0, 10.0): TRIMESH collision created successfully (distance: 11.18, vertices: 8)
[23:23:25] TERRAIN: Chunk created successfully: (-3.0, 10.0) at world pos (-96.0, 0.0, 320.0) (total chunks: 349)
[23:23:25] TERRAIN: Creating chunk: (8.0, -7.0) at distance 10.82
[23:23:25] TERRAIN: Chunk (8.0, -7.0): TRIMESH collision created successfully (distance: 10.82, vertices: 8)
[23:23:25] TERRAIN: Chunk created successfully: (8.0, -7.0) at world pos (256.0, 0.0, -224.0) (total chunks: 350)
[23:23:25] TERRAIN: Creating chunk: (7.0, 8.0) at distance 12.04
[23:23:25] TERRAIN: Chunk (7.0, 8.0): TRIMESH collision created successfully (distance: 12.04, vertices: 8)
[23:23:25] TERRAIN: Chunk created successfully: (7.0, 8.0) at world pos (224.0, 0.0, 256.0) (total chunks: 351)
[23:23:25] TERRAIN: Creating chunk: (-8.0, 7.0) at distance 10.63
[23:23:25] TERRAIN: Chunk (-8.0, 7.0): TRIMESH collision created successfully (distance: 10.63, vertices: 8)
[23:23:25] TERRAIN: Chunk created successfully: (-8.0, 7.0) at world pos (-256.0, 0.0, 224.0) (total chunks: 352)
[23:23:25] TERRAIN: Creating chunk: (-8.0, -7.0) at distance 9.22
[23:23:25] TERRAIN: Chunk (-8.0, -7.0): TRIMESH collision created successfully (distance: 9.22, vertices: 8)
[23:23:25] TERRAIN: Chunk created successfully: (-8.0, -7.0) at world pos (-256.0, 0.0, -224.0) (total chunks: 353)
[23:23:25] TERRAIN: Creating chunk: (-7.0, 8.0) at distance 10.82
[23:23:25] TERRAIN: Chunk (-7.0, 8.0): TRIMESH collision created successfully (distance: 10.82, vertices: 8)
[23:23:25] TERRAIN: Chunk created successfully: (-7.0, 8.0) at world pos (-224.0, 0.0, 256.0) (total chunks: 354)
[23:23:25] TERRAIN: Creating chunk: (-7.0, -8.0) at distance 9.22
[23:23:25] TERRAIN: Chunk (-7.0, -8.0): TRIMESH collision created successfully (distance: 9.22, vertices: 8)
[23:23:25] TERRAIN: Chunk created successfully: (-7.0, -8.0) at world pos (-224.0, 0.0, -256.0) (total chunks: 355)
[23:23:25] TERRAIN: Creating chunk: (7.0, -8.0) at distance 10.63
[23:23:25] TERRAIN: Chunk (7.0, -8.0): TRIMESH collision created successfully (distance: 10.63, vertices: 8)
[23:23:25] TERRAIN: Chunk created successfully: (7.0, -8.0) at world pos (224.0, 0.0, -256.0) (total chunks: 356)
[23:23:25] TERRAIN: Creating chunk: (8.0, 7.0) at distance 12.04
[23:23:25] TERRAIN: Chunk (8.0, 7.0): TRIMESH collision created successfully (distance: 12.04, vertices: 8)
[23:23:25] TERRAIN: Chunk created successfully: (8.0, 7.0) at world pos (256.0, 0.0, 224.0) (total chunks: 357)
[23:23:25] TERRAIN: Creating chunk: (10.0, -4.0) at distance 11.40
[23:23:25] TERRAIN: Chunk (10.0, -4.0): TRIMESH collision created successfully (distance: 11.40, vertices: 8)
[23:23:25] TERRAIN: Chunk created successfully: (10.0, -4.0) at world pos (320.0, 0.0, -128.0) (total chunks: 358)
[23:23:25] TERRAIN: Creating chunk: (-10.0, 4.0) at distance 10.30
[23:23:25] TERRAIN: Chunk (-10.0, 4.0): TRIMESH collision created successfully (distance: 10.30, vertices: 8)
[23:23:25] TERRAIN: Chunk created successfully: (-10.0, 4.0) at world pos (-320.0, 0.0, 128.0) (total chunks: 359)
[23:23:25] TERRAIN: Creating chunk: (10.0, 4.0) at distance 12.08
[23:23:25] TERRAIN: Chunk (10.0, 4.0): TRIMESH collision created successfully (distance: 12.08, vertices: 8)
[23:23:25] TERRAIN: Chunk created successfully: (10.0, 4.0) at world pos (320.0, 0.0, 128.0) (total chunks: 360)
[23:23:25] TERRAIN: Creating chunk: (4.0, 10.0) at distance 12.08
[23:23:26] TERRAIN: Chunk (4.0, 10.0): TRIMESH collision created successfully (distance: 12.08, vertices: 8)
[23:23:26] TERRAIN: Chunk created successfully: (4.0, 10.0) at world pos (128.0, 0.0, 320.0) (total chunks: 361)
[23:23:26] TERRAIN: Creating chunk: (-4.0, -10.0) at distance 9.49
[23:23:26] TERRAIN: Chunk (-4.0, -10.0): TRIMESH collision created successfully (distance: 9.49, vertices: 8)
[23:23:26] TERRAIN: Chunk created successfully: (-4.0, -10.0) at world pos (-128.0, 0.0, -320.0) (total chunks: 362)
[23:23:26] TERRAIN: Creating chunk: (-4.0, 10.0) at distance 11.40
[23:23:26] TERRAIN: Chunk (-4.0, 10.0): TRIMESH collision created successfully (distance: 11.40, vertices: 8)
[23:23:26] TERRAIN: Chunk created successfully: (-4.0, 10.0) at world pos (-128.0, 0.0, 320.0) (total chunks: 363)
[23:23:26] TERRAIN: Creating chunk: (-10.0, -4.0) at distance 9.49
[23:23:26] TERRAIN: Chunk (-10.0, -4.0): TRIMESH collision created successfully (distance: 9.49, vertices: 8)
[23:23:26] TERRAIN: Chunk created successfully: (-10.0, -4.0) at world pos (-320.0, 0.0, -128.0) (total chunks: 364)
[23:23:26] TERRAIN: Creating chunk: (4.0, -10.0) at distance 10.30
[23:23:26] TERRAIN: Chunk (4.0, -10.0): TRIMESH collision created successfully (distance: 10.30, vertices: 8)
[23:23:26] TERRAIN: Chunk created successfully: (4.0, -10.0) at world pos (128.0, 0.0, -320.0) (total chunks: 365)
[23:23:26] TERRAIN: Creating chunk: (-9.0, 6.0) at distance 10.63
[23:23:26] TERRAIN: Chunk (-9.0, 6.0): TRIMESH collision created successfully (distance: 10.63, vertices: 8)
[23:23:26] TERRAIN: Chunk created successfully: (-9.0, 6.0) at world pos (-288.0, 0.0, 192.0) (total chunks: 366)
[23:23:26] TERRAIN: Creating chunk: (-9.0, -6.0) at distance 9.43
[23:23:26] TERRAIN: Chunk (-9.0, -6.0): TRIMESH collision created successfully (distance: 9.43, vertices: 8)
[23:23:26] TERRAIN: Chunk created successfully: (-9.0, -6.0) at world pos (-288.0, 0.0, -192.0) (total chunks: 367)
[23:23:26] TERRAIN: Creating chunk: (-6.0, 9.0) at distance 11.18
[23:23:26] TERRAIN: Chunk (-6.0, 9.0): TRIMESH collision created successfully (distance: 11.18, vertices: 8)
[23:23:26] TERRAIN: Chunk created successfully: (-6.0, 9.0) at world pos (-192.0, 0.0, 288.0) (total chunks: 368)
[23:23:26] TERRAIN: Creating chunk: (9.0, -6.0) at distance 11.18
[23:23:26] TERRAIN: Chunk (9.0, -6.0): TRIMESH collision created successfully (distance: 11.18, vertices: 8)
[23:23:26] TERRAIN: Chunk created successfully: (9.0, -6.0) at world pos (288.0, 0.0, -192.0) (total chunks: 369)
[23:23:26] TERRAIN: Creating chunk: (9.0, 6.0) at distance 12.21
[23:23:26] TERRAIN: Chunk (9.0, 6.0): TRIMESH collision created successfully (distance: 12.21, vertices: 8)
[23:23:26] TERRAIN: Chunk created successfully: (9.0, 6.0) at world pos (288.0, 0.0, 192.0) (total chunks: 370)
[23:23:26] TERRAIN: Creating chunk: (6.0, 9.0) at distance 12.21
[23:23:26] TERRAIN: Chunk (6.0, 9.0): TRIMESH collision created successfully (distance: 12.21, vertices: 8)
[23:23:26] TERRAIN: Chunk created successfully: (6.0, 9.0) at world pos (192.0, 0.0, 288.0) (total chunks: 371)
[23:23:26] TERRAIN: Creating chunk: (6.0, -9.0) at distance 10.63
[23:23:26] TERRAIN: Chunk (6.0, -9.0): TRIMESH collision created successfully (distance: 10.63, vertices: 8)
[23:23:26] TERRAIN: Chunk created successfully: (6.0, -9.0) at world pos (192.0, 0.0, -288.0) (total chunks: 372)
[23:23:26] TERRAIN: Creating chunk: (-6.0, -9.0) at distance 9.43
[23:23:26] TERRAIN: Chunk (-6.0, -9.0): TRIMESH collision created successfully (distance: 9.43, vertices: 8)
[23:23:26] TERRAIN: Chunk created successfully: (-6.0, -9.0) at world pos (-192.0, 0.0, -288.0) (total chunks: 373)
[23:23:26] TERRAIN: Creating chunk: (11.0, 0.0) at distance 12.04
[23:23:26] TERRAIN: Chunk (11.0, 0.0): TRIMESH collision created successfully (distance: 12.04, vertices: 8)
[23:23:26] TERRAIN: Chunk created successfully: (11.0, 0.0) at world pos (352.0, 0.0, 0.0) (total chunks: 374)
[23:23:26] TERRAIN: Creating chunk: (-11.0, 0.0) at distance 10.05
[23:23:26] TERRAIN: Chunk (-11.0, 0.0): TRIMESH collision created successfully (distance: 10.05, vertices: 8)
[23:23:26] TERRAIN: Chunk created successfully: (-11.0, 0.0) at world pos (-352.0, 0.0, 0.0) (total chunks: 375)
[23:23:26] TERRAIN: Creating chunk: (0.0, 11.0) at distance 12.04
[23:23:26] TERRAIN: Chunk (0.0, 11.0): TRIMESH collision created successfully (distance: 12.04, vertices: 8)
[23:23:26] TERRAIN: Chunk created successfully: (0.0, 11.0) at world pos (0.0, 0.0, 352.0) (total chunks: 376)
[23:23:26] TERRAIN: Creating chunk: (0.0, -11.0) at distance 10.05
[23:23:26] TERRAIN: Chunk (0.0, -11.0): TRIMESH collision created successfully (distance: 10.05, vertices: 8)
[23:23:26] TERRAIN: Chunk created successfully: (0.0, -11.0) at world pos (0.0, 0.0, -352.0) (total chunks: 377)
[23:23:26] TERRAIN: Creating chunk: (1.0, -11.0) at distance 10.20
[23:23:26] TERRAIN: Chunk (1.0, -11.0): TRIMESH collision created successfully (distance: 10.20, vertices: 8)
[23:23:26] TERRAIN: Chunk created successfully: (1.0, -11.0) at world pos (32.0, 0.0, -352.0) (total chunks: 378)
[23:23:26] TERRAIN: Creating chunk: (-1.0, 11.0) at distance 12.00
[23:23:26] TERRAIN: Chunk (-1.0, 11.0): TRIMESH collision created successfully (distance: 12.00, vertices: 8)
[23:23:26] TERRAIN: Chunk created successfully: (-1.0, 11.0) at world pos (-32.0, 0.0, 352.0) (total chunks: 379)
[23:23:26] TERRAIN: Creating chunk: (1.0, 11.0) at distance 12.17
[23:23:26] TERRAIN: Chunk (1.0, 11.0): TRIMESH collision created successfully (distance: 12.17, vertices: 8)
[23:23:26] TERRAIN: Chunk created successfully: (1.0, 11.0) at world pos (32.0, 0.0, 352.0) (total chunks: 380)
[23:23:26] TERRAIN: Creating chunk: (-11.0, -1.0) at distance 10.00
[23:23:26] TERRAIN: Chunk (-11.0, -1.0): TRIMESH collision created successfully (distance: 10.00, vertices: 8)
[23:23:26] TERRAIN: Chunk created successfully: (-11.0, -1.0) at world pos (-352.0, 0.0, -32.0) (total chunks: 381)
[23:23:26] TERRAIN: Creating chunk: (11.0, -1.0) at distance 12.00
[23:23:26] TERRAIN: Chunk (11.0, -1.0): TRIMESH collision created successfully (distance: 12.00, vertices: 8)
[23:23:26] TERRAIN: Chunk created successfully: (11.0, -1.0) at world pos (352.0, 0.0, -32.0) (total chunks: 382)
[23:23:26] TERRAIN: Creating chunk: (-1.0, -11.0) at distance 10.00
[23:23:26] TERRAIN: Chunk (-1.0, -11.0): TRIMESH collision created successfully (distance: 10.00, vertices: 8)
[23:23:26] TERRAIN: Chunk created successfully: (-1.0, -11.0) at world pos (-32.0, 0.0, -352.0) (total chunks: 383)
[23:23:26] TERRAIN: Creating chunk: (-11.0, 1.0) at distance 10.20
[23:23:26] TERRAIN: Chunk (-11.0, 1.0): TRIMESH collision created successfully (distance: 10.20, vertices: 8)
[23:23:26] TERRAIN: Chunk created successfully: (-11.0, 1.0) at world pos (-352.0, 0.0, 32.0) (total chunks: 384)
[23:23:26] TERRAIN: Creating chunk: (11.0, 1.0) at distance 12.17
[23:23:26] TERRAIN: Chunk (11.0, 1.0): TRIMESH collision created successfully (distance: 12.17, vertices: 8)
[23:23:26] TERRAIN: Chunk created successfully: (11.0, 1.0) at world pos (352.0, 0.0, 32.0) (total chunks: 385)
[23:23:26] TERRAIN: Creating chunk: (2.0, -11.0) at distance 10.44
[23:23:26] TERRAIN: Chunk (2.0, -11.0): TRIMESH collision created successfully (distance: 10.44, vertices: 8)
[23:23:26] TERRAIN: Chunk created successfully: (2.0, -11.0) at world pos (64.0, 0.0, -352.0) (total chunks: 386)
[23:23:26] TERRAIN: Creating chunk: (11.0, -2.0) at distance 12.04
[23:23:26] TERRAIN: Chunk (11.0, -2.0): TRIMESH collision created successfully (distance: 12.04, vertices: 8)
[23:23:26] TERRAIN: Chunk created successfully: (11.0, -2.0) at world pos (352.0, 0.0, -64.0) (total chunks: 387)
[23:23:26] TERRAIN: Creating chunk: (10.0, -5.0) at distance 11.70
[23:23:26] TERRAIN: Chunk (10.0, -5.0): TRIMESH collision created successfully (distance: 11.70, vertices: 8)
[23:23:26] TERRAIN: Chunk created successfully: (10.0, -5.0) at world pos (320.0, 0.0, -160.0) (total chunks: 388)
[23:23:26] TERRAIN: Creating chunk: (-5.0, -10.0) at distance 9.85
[23:23:26] TERRAIN: Chunk (-5.0, -10.0): TRIMESH collision created successfully (distance: 9.85, vertices: 8)
[23:23:26] TERRAIN: Chunk created successfully: (-5.0, -10.0) at world pos (-160.0, 0.0, -320.0) (total chunks: 389)
[23:23:26] TERRAIN: Creating chunk: (2.0, 11.0) at distance 12.37
[23:23:26] TERRAIN: Chunk (2.0, 11.0): TRIMESH collision created successfully (distance: 12.37, vertices: 8)
[23:23:26] TERRAIN: Chunk created successfully: (2.0, 11.0) at world pos (64.0, 0.0, 352.0) (total chunks: 390)
[23:23:26] TERRAIN: Creating chunk: (5.0, 10.0) at distance 12.53
[23:23:26] TERRAIN: Chunk (5.0, 10.0): TRIMESH collision created successfully (distance: 12.53, vertices: 8)
[23:23:26] TERRAIN: Chunk created successfully: (5.0, 10.0) at world pos (160.0, 0.0, 320.0) (total chunks: 391)
[23:23:26] TERRAIN: Creating chunk: (-5.0, 10.0) at distance 11.70
[23:23:26] TERRAIN: Chunk (-5.0, 10.0): TRIMESH collision created successfully (distance: 11.70, vertices: 8)
[23:23:26] TERRAIN: Chunk created successfully: (-5.0, 10.0) at world pos (-160.0, 0.0, 320.0) (total chunks: 392)
[23:23:26] TERRAIN: Creating chunk: (5.0, -10.0) at distance 10.82
[23:23:26] TERRAIN: Chunk (5.0, -10.0): TRIMESH collision created successfully (distance: 10.82, vertices: 8)
[23:23:26] TERRAIN: Chunk created successfully: (5.0, -10.0) at world pos (160.0, 0.0, -320.0) (total chunks: 393)
[23:23:26] TERRAIN: Creating chunk: (11.0, 2.0) at distance 12.37
[23:23:26] TERRAIN: Chunk (11.0, 2.0): TRIMESH collision created successfully (distance: 12.37, vertices: 8)
[23:23:26] TERRAIN: Chunk created successfully: (11.0, 2.0) at world pos (352.0, 0.0, 64.0) (total chunks: 394)
[23:23:26] TERRAIN: Creating chunk: (-10.0, 5.0) at distance 10.82
[23:23:26] TERRAIN: Chunk (-10.0, 5.0): TRIMESH collision created successfully (distance: 10.82, vertices: 8)
[23:23:26] TERRAIN: Chunk created successfully: (-10.0, 5.0) at world pos (-320.0, 0.0, 160.0) (total chunks: 395)
[23:23:26] TERRAIN: Creating chunk: (-11.0, -2.0) at distance 10.05
[23:23:26] TERRAIN: Chunk (-11.0, -2.0): TRIMESH collision created successfully (distance: 10.05, vertices: 8)
[23:23:26] TERRAIN: Chunk created successfully: (-11.0, -2.0) at world pos (-352.0, 0.0, -64.0) (total chunks: 396)
[23:23:26] TERRAIN: Creating chunk: (-11.0, 2.0) at distance 10.44
[23:23:26] TERRAIN: Chunk (-11.0, 2.0): TRIMESH collision created successfully (distance: 10.44, vertices: 8)
[23:23:26] TERRAIN: Chunk created successfully: (-11.0, 2.0) at world pos (-352.0, 0.0, 64.0) (total chunks: 397)
[23:23:26] TERRAIN: Creating chunk: (-2.0, 11.0) at distance 12.04
[23:23:26] TERRAIN: Chunk (-2.0, 11.0): TRIMESH collision created successfully (distance: 12.04, vertices: 8)
[23:23:26] TERRAIN: Chunk created successfully: (-2.0, 11.0) at world pos (-64.0, 0.0, 352.0) (total chunks: 398)
[23:23:26] TERRAIN: Creating chunk: (-10.0, -5.0) at distance 9.85
[23:23:26] TERRAIN: Chunk (-10.0, -5.0): TRIMESH collision created successfully (distance: 9.85, vertices: 8)
[23:23:26] TERRAIN: Chunk created successfully: (-10.0, -5.0) at world pos (-320.0, 0.0, -160.0) (total chunks: 399)
[23:23:26] TERRAIN: Creating chunk: (10.0, 5.0) at distance 12.53
[23:23:26] TERRAIN: Chunk (10.0, 5.0): TRIMESH collision created successfully (distance: 12.53, vertices: 8)
[23:23:26] TERRAIN: Chunk created successfully: (10.0, 5.0) at world pos (320.0, 0.0, 160.0) (total chunks: 400)
[23:23:26] TERRAIN: Creating chunk: (-2.0, -11.0) at distance 10.05
[23:23:26] TERRAIN: Chunk (-2.0, -11.0): TRIMESH collision created successfully (distance: 10.05, vertices: 8)
[23:23:26] TERRAIN: Chunk created successfully: (-2.0, -11.0) at world pos (-64.0, 0.0, -352.0) (total chunks: 401)
[23:23:26] TERRAIN: Creating chunk: (8.0, -8.0) at distance 11.40
[23:23:26] TERRAIN: Chunk (8.0, -8.0): TRIMESH collision created successfully (distance: 11.40, vertices: 8)
[23:23:26] TERRAIN: Chunk created successfully: (8.0, -8.0) at world pos (256.0, 0.0, -256.0) (total chunks: 402)
[23:23:26] TERRAIN: Creating chunk: (8.0, 8.0) at distance 12.73
[23:23:26] TERRAIN: Chunk (8.0, 8.0): TRIMESH collision created successfully (distance: 12.73, vertices: 8)
[23:23:26] TERRAIN: Chunk created successfully: (8.0, 8.0) at world pos (256.0, 0.0, 256.0) (total chunks: 403)
[23:23:26] TERRAIN: Creating chunk: (-8.0, 8.0) at distance 11.40
[23:23:26] TERRAIN: Chunk (-8.0, 8.0): TRIMESH collision created successfully (distance: 11.40, vertices: 8)
[23:23:26] TERRAIN: Chunk created successfully: (-8.0, 8.0) at world pos (-256.0, 0.0, 256.0) (total chunks: 404)
[23:23:26] TERRAIN: Creating chunk: (-8.0, -8.0) at distance 9.90
[23:23:26] TERRAIN: Chunk (-8.0, -8.0): TRIMESH collision created successfully (distance: 9.90, vertices: 8)
[23:23:26] TERRAIN: Chunk created successfully: (-8.0, -8.0) at world pos (-256.0, 0.0, -256.0) (total chunks: 405)
[23:23:26] TERRAIN: Creating chunk: (7.0, -9.0) at distance 11.31
[23:23:26] TERRAIN: Chunk (7.0, -9.0): TRIMESH collision created successfully (distance: 11.31, vertices: 8)
[23:23:26] TERRAIN: Chunk created successfully: (7.0, -9.0) at world pos (224.0, 0.0, -288.0) (total chunks: 406)
[23:23:26] TERRAIN: Creating chunk: (-7.0, 9.0) at distance 11.66
[23:23:26] TERRAIN: Chunk (-7.0, 9.0): TRIMESH collision created successfully (distance: 11.66, vertices: 8)
[23:23:26] TERRAIN: Chunk created successfully: (-7.0, 9.0) at world pos (-224.0, 0.0, 288.0) (total chunks: 407)
[23:23:26] TERRAIN: Creating chunk: (9.0, -7.0) at distance 11.66
[23:23:26] TERRAIN: Chunk (9.0, -7.0): TRIMESH collision created successfully (distance: 11.66, vertices: 8)
[23:23:26] TERRAIN: Chunk created successfully: (9.0, -7.0) at world pos (288.0, 0.0, -224.0) (total chunks: 408)
[23:23:26] TERRAIN: Creating chunk: (-7.0, -9.0) at distance 10.00
[23:23:26] TERRAIN: Chunk (-7.0, -9.0): TRIMESH collision created successfully (distance: 10.00, vertices: 8)
[23:23:26] TERRAIN: Chunk created successfully: (-7.0, -9.0) at world pos (-224.0, 0.0, -288.0) (total chunks: 409)
[23:23:26] TERRAIN: Creating chunk: (3.0, 11.0) at distance 12.65
[23:23:26] TERRAIN: Chunk (3.0, 11.0): TRIMESH collision created successfully (distance: 12.65, vertices: 8)
[23:23:26] TERRAIN: Chunk created successfully: (3.0, 11.0) at world pos (96.0, 0.0, 352.0) (total chunks: 410)
[23:23:26] TERRAIN: Creating chunk: (9.0, 7.0) at distance 12.81
[23:23:26] TERRAIN: Chunk (9.0, 7.0): TRIMESH collision created successfully (distance: 12.81, vertices: 8)
[23:23:26] TERRAIN: Chunk created successfully: (9.0, 7.0) at world pos (288.0, 0.0, 224.0) (total chunks: 411)
[23:23:26] TERRAIN: Creating chunk: (11.0, 3.0) at distance 12.65
[23:23:26] TERRAIN: Chunk (11.0, 3.0): TRIMESH collision created successfully (distance: 12.65, vertices: 8)
[23:23:26] TERRAIN: Chunk created successfully: (11.0, 3.0) at world pos (352.0, 0.0, 96.0) (total chunks: 412)
[23:23:26] TERRAIN: Creating chunk: (3.0, -11.0) at distance 10.77
[23:23:26] TERRAIN: Chunk (3.0, -11.0): TRIMESH collision created successfully (distance: 10.77, vertices: 8)
[23:23:26] TERRAIN: Chunk created successfully: (3.0, -11.0) at world pos (96.0, 0.0, -352.0) (total chunks: 413)
[23:23:26] TERRAIN: Creating chunk: (-3.0, 11.0) at distance 12.17
[23:23:26] TERRAIN: Chunk (-3.0, 11.0): TRIMESH collision created successfully (distance: 12.17, vertices: 8)
[23:23:26] TERRAIN: Chunk created successfully: (-3.0, 11.0) at world pos (-96.0, 0.0, 352.0) (total chunks: 414)
[23:23:26] TERRAIN: Creating chunk: (-9.0, 7.0) at distance 11.31
[23:23:26] TERRAIN: Chunk (-9.0, 7.0): TRIMESH collision created successfully (distance: 11.31, vertices: 8)
[23:23:26] TERRAIN: Chunk created successfully: (-9.0, 7.0) at world pos (-288.0, 0.0, 224.0) (total chunks: 415)
[23:23:26] TERRAIN: Creating chunk: (-11.0, -3.0) at distance 10.20
[23:23:26] TERRAIN: Chunk (-11.0, -3.0): TRIMESH collision created successfully (distance: 10.20, vertices: 8)
[23:23:26] TERRAIN: Chunk created successfully: (-11.0, -3.0) at world pos (-352.0, 0.0, -96.0) (total chunks: 416)
[23:23:26] TERRAIN: Creating chunk: (-11.0, 3.0) at distance 10.77
[23:23:26] TERRAIN: Chunk (-11.0, 3.0): TRIMESH collision created successfully (distance: 10.77, vertices: 8)
[23:23:26] TERRAIN: Chunk created successfully: (-11.0, 3.0) at world pos (-352.0, 0.0, 96.0) (total chunks: 417)
[23:23:26] TERRAIN: Creating chunk: (11.0, -3.0) at distance 12.17
[23:23:26] TERRAIN: Chunk (11.0, -3.0): TRIMESH collision created successfully (distance: 12.17, vertices: 8)
[23:23:26] TERRAIN: Chunk created successfully: (11.0, -3.0) at world pos (352.0, 0.0, -96.0) (total chunks: 418)
[23:23:26] TERRAIN: Creating chunk: (-9.0, -7.0) at distance 10.00
[23:23:26] TERRAIN: Chunk (-9.0, -7.0): TRIMESH collision created successfully (distance: 10.00, vertices: 8)
[23:23:26] TERRAIN: Chunk created successfully: (-9.0, -7.0) at world pos (-288.0, 0.0, -224.0) (total chunks: 419)
[23:23:26] TERRAIN: Creating chunk: (7.0, 9.0) at distance 12.81
[23:23:26] TERRAIN: Chunk (7.0, 9.0): TRIMESH collision created successfully (distance: 12.81, vertices: 8)
[23:23:26] TERRAIN: Chunk created successfully: (7.0, 9.0) at world pos (224.0, 0.0, 288.0) (total chunks: 420)
[23:23:26] TERRAIN: Creating chunk: (-3.0, -11.0) at distance 10.20
[23:23:26] TERRAIN: Chunk (-3.0, -11.0): TRIMESH collision created successfully (distance: 10.20, vertices: 8)
[23:23:26] TERRAIN: Chunk created successfully: (-3.0, -11.0) at world pos (-96.0, 0.0, -352.0) (total chunks: 421)
[23:23:26] TERRAIN: Creating chunk: (6.0, -10.0) at distance 11.40
[23:23:26] TERRAIN: Chunk (6.0, -10.0): TRIMESH collision created successfully (distance: 11.40, vertices: 8)
[23:23:26] TERRAIN: Chunk created successfully: (6.0, -10.0) at world pos (192.0, 0.0, -320.0) (total chunks: 422)
[23:23:26] TERRAIN: Creating chunk: (-6.0, -10.0) at distance 10.30
[23:23:26] TERRAIN: Chunk (-6.0, -10.0): TRIMESH collision created successfully (distance: 10.30, vertices: 8)
[23:23:26] TERRAIN: Chunk created successfully: (-6.0, -10.0) at world pos (-192.0, 0.0, -320.0) (total chunks: 423)
[23:23:26] TERRAIN: Creating chunk: (-10.0, -6.0) at distance 10.30
[23:23:26] TERRAIN: Chunk (-10.0, -6.0): TRIMESH collision created successfully (distance: 10.30, vertices: 8)
[23:23:26] TERRAIN: Chunk created successfully: (-10.0, -6.0) at world pos (-320.0, 0.0, -192.0) (total chunks: 424)
[23:23:26] TERRAIN: Creating chunk: (-10.0, 6.0) at distance 11.40
[23:23:26] TERRAIN: Chunk (-10.0, 6.0): TRIMESH collision created successfully (distance: 11.40, vertices: 8)
[23:23:26] TERRAIN: Chunk created successfully: (-10.0, 6.0) at world pos (-320.0, 0.0, 192.0) (total chunks: 425)
[23:23:26] TERRAIN: Creating chunk: (6.0, 10.0) at distance 13.04
[23:23:26] TERRAIN: Chunk (6.0, 10.0): TRIMESH collision created successfully (distance: 13.04, vertices: 8)
[23:23:26] TERRAIN: Chunk created successfully: (6.0, 10.0) at world pos (192.0, 0.0, 320.0) (total chunks: 426)
[23:23:26] TERRAIN: Creating chunk: (-6.0, 10.0) at distance 12.08
[23:23:26] TERRAIN: Chunk (-6.0, 10.0): TRIMESH collision created successfully (distance: 12.08, vertices: 8)
[23:23:26] TERRAIN: Chunk created successfully: (-6.0, 10.0) at world pos (-192.0, 0.0, 320.0) (total chunks: 427)
[23:23:26] TERRAIN: Creating chunk: (10.0, 6.0) at distance 13.04
[23:23:26] TERRAIN: Chunk (10.0, 6.0): TRIMESH collision created successfully (distance: 13.04, vertices: 8)
[23:23:26] TERRAIN: Chunk created successfully: (10.0, 6.0) at world pos (320.0, 0.0, 192.0) (total chunks: 428)
[23:23:26] TERRAIN: Creating chunk: (10.0, -6.0) at distance 12.08
[23:23:26] TERRAIN: Chunk (10.0, -6.0): TRIMESH collision created successfully (distance: 12.08, vertices: 8)
[23:23:26] TERRAIN: Chunk created successfully: (10.0, -6.0) at world pos (320.0, 0.0, -192.0) (total chunks: 429)
[23:23:26] TERRAIN: Creating chunk: (11.0, 4.0) at distance 13.00
[23:23:26] TERRAIN: Chunk (11.0, 4.0): TRIMESH collision created successfully (distance: 13.00, vertices: 8)
[23:23:26] TERRAIN: Chunk created successfully: (11.0, 4.0) at world pos (352.0, 0.0, 128.0) (total chunks: 430)
[23:23:26] TERRAIN: Creating chunk: (11.0, -4.0) at distance 12.37
[23:23:26] TERRAIN: Chunk (11.0, -4.0): TRIMESH collision created successfully (distance: 12.37, vertices: 8)
[23:23:26] TERRAIN: Chunk created successfully: (11.0, -4.0) at world pos (352.0, 0.0, -128.0) (total chunks: 431)
[23:23:26] TERRAIN: Creating chunk: (-4.0, -11.0) at distance 10.44
[23:23:26] TERRAIN: Chunk (-4.0, -11.0): TRIMESH collision created successfully (distance: 10.44, vertices: 8)
[23:23:26] TERRAIN: Chunk created successfully: (-4.0, -11.0) at world pos (-128.0, 0.0, -352.0) (total chunks: 432)
[23:23:26] TERRAIN: Creating chunk: (4.0, -11.0) at distance 11.18
[23:23:26] TERRAIN: Chunk (4.0, -11.0): TRIMESH collision created successfully (distance: 11.18, vertices: 8)
[23:23:26] TERRAIN: Chunk created successfully: (4.0, -11.0) at world pos (128.0, 0.0, -352.0) (total chunks: 433)
[23:23:26] TERRAIN: Creating chunk: (-4.0, 11.0) at distance 12.37
[23:23:26] TERRAIN: Chunk (-4.0, 11.0): TRIMESH collision created successfully (distance: 12.37, vertices: 8)
[23:23:26] TERRAIN: Chunk created successfully: (-4.0, 11.0) at world pos (-128.0, 0.0, 352.0) (total chunks: 434)
[23:23:26] TERRAIN: Creating chunk: (4.0, 11.0) at distance 13.00
[23:23:26] TERRAIN: Chunk (4.0, 11.0): TRIMESH collision created successfully (distance: 13.00, vertices: 8)
[23:23:26] TERRAIN: Chunk created successfully: (4.0, 11.0) at world pos (128.0, 0.0, 352.0) (total chunks: 435)
[23:23:26] TERRAIN: Creating chunk: (-11.0, 4.0) at distance 11.18
[23:23:26] TERRAIN: Chunk (-11.0, 4.0): TRIMESH collision created successfully (distance: 11.18, vertices: 8)
[23:23:26] TERRAIN: Chunk created successfully: (-11.0, 4.0) at world pos (-352.0, 0.0, 128.0) (total chunks: 436)
[23:23:26] TERRAIN: Creating chunk: (-11.0, -4.0) at distance 10.44
[23:23:26] TERRAIN: Chunk (-11.0, -4.0): TRIMESH collision created successfully (distance: 10.44, vertices: 8)
[23:23:26] TERRAIN: Chunk created successfully: (-11.0, -4.0) at world pos (-352.0, 0.0, -128.0) (total chunks: 437)
[23:23:26] TERRAIN: Creating chunk: (12.0, 0.0) at distance 13.04
[23:23:26] TERRAIN: Chunk (12.0, 0.0): TRIMESH collision created successfully (distance: 13.04, vertices: 8)
[23:23:26] TERRAIN: Chunk created successfully: (12.0, 0.0) at world pos (384.0, 0.0, 0.0) (total chunks: 438)
[23:23:26] TERRAIN: Creating chunk: (0.0, -12.0) at distance 11.05
[23:23:26] TERRAIN: Chunk (0.0, -12.0): TRIMESH collision created successfully (distance: 11.05, vertices: 8)
[23:23:26] TERRAIN: Chunk created successfully: (0.0, -12.0) at world pos (0.0, 0.0, -384.0) (total chunks: 439)
[23:23:26] TERRAIN: Creating chunk: (-12.0, 0.0) at distance 11.05
[23:23:26] TERRAIN: Chunk (-12.0, 0.0): TRIMESH collision created successfully (distance: 11.05, vertices: 8)
[23:23:26] TERRAIN: Chunk created successfully: (-12.0, 0.0) at world pos (-384.0, 0.0, 0.0) (total chunks: 440)
[23:23:26] TERRAIN: Creating chunk: (0.0, 12.0) at distance 13.04
[23:23:26] TERRAIN: Chunk (0.0, 12.0): TRIMESH collision created successfully (distance: 13.04, vertices: 8)
[23:23:26] TERRAIN: Chunk created successfully: (0.0, 12.0) at world pos (0.0, 0.0, 384.0) (total chunks: 441)
[23:23:26] TERRAIN: Creating chunk: (8.0, -9.0) at distance 12.04
[23:23:26] TERRAIN: Chunk (8.0, -9.0): TRIMESH collision created successfully (distance: 12.04, vertices: 8)
[23:23:26] TERRAIN: Chunk created successfully: (8.0, -9.0) at world pos (256.0, 0.0, -288.0) (total chunks: 442)
[23:23:26] TERRAIN: Creating chunk: (8.0, 9.0) at distance 13.45
[23:23:26] TERRAIN: Chunk (8.0, 9.0): TRIMESH collision created successfully (distance: 13.45, vertices: 8)
[23:23:26] TERRAIN: Chunk created successfully: (8.0, 9.0) at world pos (256.0, 0.0, 288.0) (total chunks: 443)
[23:23:26] TERRAIN: Creating chunk: (-8.0, 9.0) at distance 12.21
[23:23:26] TERRAIN: Chunk (-8.0, 9.0): TRIMESH collision created successfully (distance: 12.21, vertices: 8)
[23:23:26] TERRAIN: Chunk created successfully: (-8.0, 9.0) at world pos (-256.0, 0.0, 288.0) (total chunks: 444)
[23:23:26] TERRAIN: Creating chunk: (9.0, -8.0) at distance 12.21
[23:23:26] TERRAIN: Chunk (9.0, -8.0): TRIMESH collision created successfully (distance: 12.21, vertices: 8)
[23:23:26] TERRAIN: Chunk created successfully: (9.0, -8.0) at world pos (288.0, 0.0, -256.0) (total chunks: 445)
[23:23:26] TERRAIN: Creating chunk: (12.0, 1.0) at distance 13.15
[23:23:26] TERRAIN: Chunk (12.0, 1.0): TRIMESH collision created successfully (distance: 13.15, vertices: 8)
[23:23:26] TERRAIN: Chunk created successfully: (12.0, 1.0) at world pos (384.0, 0.0, 32.0) (total chunks: 446)
[23:23:26] TERRAIN: Creating chunk: (-1.0, 12.0) at distance 13.00
[23:23:26] TERRAIN: Chunk (-1.0, 12.0): TRIMESH collision created successfully (distance: 13.00, vertices: 8)
[23:23:26] TERRAIN: Chunk created successfully: (-1.0, 12.0) at world pos (-32.0, 0.0, 384.0) (total chunks: 447)
[23:23:26] TERRAIN: Creating chunk: (1.0, 12.0) at distance 13.15
[23:23:26] TERRAIN: Chunk (1.0, 12.0): TRIMESH collision created successfully (distance: 13.15, vertices: 8)
[23:23:26] TERRAIN: Chunk created successfully: (1.0, 12.0) at world pos (32.0, 0.0, 384.0) (total chunks: 448)
[23:23:26] TERRAIN: Creating chunk: (-9.0, 8.0) at distance 12.04
[23:23:26] TERRAIN: Chunk (-9.0, 8.0): TRIMESH collision created successfully (distance: 12.04, vertices: 8)
[23:23:26] TERRAIN: Chunk created successfully: (-9.0, 8.0) at world pos (-288.0, 0.0, 256.0) (total chunks: 449)
[23:23:26] TERRAIN: Creating chunk: (1.0, -12.0) at distance 11.18
[23:23:26] TERRAIN: Chunk (1.0, -12.0): TRIMESH collision created successfully (distance: 11.18, vertices: 8)
[23:23:26] TERRAIN: Chunk created successfully: (1.0, -12.0) at world pos (32.0, 0.0, -384.0) (total chunks: 450)
[23:23:26] TERRAIN: Creating chunk: (-8.0, -9.0) at distance 10.63
[23:23:26] TERRAIN: Chunk (-8.0, -9.0): TRIMESH collision created successfully (distance: 10.63, vertices: 8)
[23:23:26] TERRAIN: Chunk created successfully: (-8.0, -9.0) at world pos (-256.0, 0.0, -288.0) (total chunks: 451)
[23:23:26] TERRAIN: Creating chunk: (12.0, -1.0) at distance 13.00
[23:23:26] TERRAIN: Chunk (12.0, -1.0): TRIMESH collision created successfully (distance: 13.00, vertices: 8)
[23:23:26] TERRAIN: Chunk created successfully: (12.0, -1.0) at world pos (384.0, 0.0, -32.0) (total chunks: 452)
[23:23:26] TERRAIN: Creating chunk: (-12.0, 1.0) at distance 11.18
[23:23:26] TERRAIN: Chunk (-12.0, 1.0): TRIMESH collision created successfully (distance: 11.18, vertices: 8)
[23:23:26] TERRAIN: Chunk created successfully: (-12.0, 1.0) at world pos (-384.0, 0.0, 32.0) (total chunks: 453)
[23:23:26] TERRAIN: Creating chunk: (-9.0, -8.0) at distance 10.63
[23:23:26] TERRAIN: Chunk (-9.0, -8.0): TRIMESH collision created successfully (distance: 10.63, vertices: 8)
[23:23:26] TERRAIN: Chunk created successfully: (-9.0, -8.0) at world pos (-288.0, 0.0, -256.0) (total chunks: 454)
[23:23:26] TERRAIN: Creating chunk: (-12.0, -1.0) at distance 11.00
[23:23:26] TERRAIN: Chunk (-12.0, -1.0): TRIMESH collision created successfully (distance: 11.00, vertices: 8)
[23:23:26] TERRAIN: Chunk created successfully: (-12.0, -1.0) at world pos (-384.0, 0.0, -32.0) (total chunks: 455)
[23:23:26] TERRAIN: Creating chunk: (9.0, 8.0) at distance 13.45
[23:23:26] TERRAIN: Chunk (9.0, 8.0): TRIMESH collision created successfully (distance: 13.45, vertices: 8)
[23:23:26] TERRAIN: Chunk created successfully: (9.0, 8.0) at world pos (288.0, 0.0, 256.0) (total chunks: 456)
[23:23:26] TERRAIN: Creating chunk: (-1.0, -12.0) at distance 11.00
[23:23:26] TERRAIN: Chunk (-1.0, -12.0): TRIMESH collision created successfully (distance: 11.00, vertices: 8)
[23:23:26] TERRAIN: Chunk created successfully: (-1.0, -12.0) at world pos (-32.0, 0.0, -384.0) (total chunks: 457)
[23:23:26] TERRAIN: Creating chunk: (5.0, -11.0) at distance 11.66
[23:23:26] TERRAIN: Chunk (5.0, -11.0): TRIMESH collision created successfully (distance: 11.66, vertices: 8)
[23:23:26] TERRAIN: Chunk created successfully: (5.0, -11.0) at world pos (160.0, 0.0, -352.0) (total chunks: 458)
[23:23:26] TERRAIN: Creating chunk: (-5.0, -11.0) at distance 10.77
[23:23:26] TERRAIN: Chunk (-5.0, -11.0): TRIMESH collision created successfully (distance: 10.77, vertices: 8)
[23:23:26] TERRAIN: Chunk created successfully: (-5.0, -11.0) at world pos (-160.0, 0.0, -352.0) (total chunks: 459)
[23:23:26] TERRAIN: Creating chunk: (-5.0, 11.0) at distance 12.65
[23:23:26] TERRAIN: Chunk (-5.0, 11.0): TRIMESH collision created successfully (distance: 12.65, vertices: 8)
[23:23:26] TERRAIN: Chunk created successfully: (-5.0, 11.0) at world pos (-160.0, 0.0, 352.0) (total chunks: 460)
[23:23:26] PLAYER: Pos: (-2.405234, -0.02162, -5.567286) | Chunk: (-1.0, -1.0) | TerrainHeight: -0.02 | HeightDiff: -0.00 | OnFloor: true
[23:23:26] TERRAIN: Creating chunk: (11.0, -5.0) at distance 12.65
[23:23:26] TERRAIN: Chunk (11.0, -5.0): TRIMESH collision created successfully (distance: 12.65, vertices: 8)
[23:23:26] TERRAIN: Chunk created successfully: (11.0, -5.0) at world pos (352.0, 0.0, -160.0) (total chunks: 461)
[23:23:26] TERRAIN: Creating chunk: (11.0, 5.0) at distance 13.42
[23:23:26] TERRAIN: Chunk (11.0, 5.0): TRIMESH collision created successfully (distance: 13.42, vertices: 8)
[23:23:26] TERRAIN: Chunk created successfully: (11.0, 5.0) at world pos (352.0, 0.0, 160.0) (total chunks: 462)
[23:23:26] TERRAIN: Creating chunk: (5.0, 11.0) at distance 13.42
[23:23:26] TERRAIN: Chunk (5.0, 11.0): TRIMESH collision created successfully (distance: 13.42, vertices: 8)
[23:23:26] TERRAIN: Chunk created successfully: (5.0, 11.0) at world pos (160.0, 0.0, 352.0) (total chunks: 463)
[23:23:26] TERRAIN: Creating chunk: (-11.0, -5.0) at distance 10.77
[23:23:26] TERRAIN: Chunk (-11.0, -5.0): TRIMESH collision created successfully (distance: 10.77, vertices: 8)
[23:23:26] TERRAIN: Chunk created successfully: (-11.0, -5.0) at world pos (-352.0, 0.0, -160.0) (total chunks: 464)
[23:23:26] TERRAIN: Creating chunk: (-11.0, 5.0) at distance 11.66
[23:23:26] TERRAIN: Chunk (-11.0, 5.0): TRIMESH collision created successfully (distance: 11.66, vertices: 8)
[23:23:26] TERRAIN: Chunk created successfully: (-11.0, 5.0) at world pos (-352.0, 0.0, 160.0) (total chunks: 465)
[23:23:26] TERRAIN: Creating chunk: (12.0, 2.0) at distance 13.34
[23:23:26] TERRAIN: Chunk (12.0, 2.0): TRIMESH collision created successfully (distance: 13.34, vertices: 8)
[23:23:26] TERRAIN: Chunk created successfully: (12.0, 2.0) at world pos (384.0, 0.0, 64.0) (total chunks: 466)
[23:23:26] TERRAIN: Creating chunk: (2.0, 12.0) at distance 13.34
[23:23:26] TERRAIN: Chunk (2.0, 12.0): TRIMESH collision created successfully (distance: 13.34, vertices: 8)
[23:23:26] TERRAIN: Chunk created successfully: (2.0, 12.0) at world pos (64.0, 0.0, 384.0) (total chunks: 467)
[23:23:26] TERRAIN: Creating chunk: (-2.0, 12.0) at distance 13.04
[23:23:26] TERRAIN: Chunk (-2.0, 12.0): TRIMESH collision created successfully (distance: 13.04, vertices: 8)
[23:23:26] TERRAIN: Chunk created successfully: (-2.0, 12.0) at world pos (-64.0, 0.0, 384.0) (total chunks: 468)
[23:23:26] TERRAIN: Creating chunk: (-12.0, 2.0) at distance 11.40
[23:23:26] TERRAIN: Chunk (-12.0, 2.0): TRIMESH collision created successfully (distance: 11.40, vertices: 8)
[23:23:26] TERRAIN: Chunk created successfully: (-12.0, 2.0) at world pos (-384.0, 0.0, 64.0) (total chunks: 469)
[23:23:26] TERRAIN: Creating chunk: (-12.0, -2.0) at distance 11.05
[23:23:26] TERRAIN: Chunk (-12.0, -2.0): TRIMESH collision created successfully (distance: 11.05, vertices: 8)
[23:23:26] TERRAIN: Chunk created successfully: (-12.0, -2.0) at world pos (-384.0, 0.0, -64.0) (total chunks: 470)
[23:23:26] TERRAIN: Creating chunk: (12.0, -2.0) at distance 13.04
[23:23:26] TERRAIN: Chunk (12.0, -2.0): TRIMESH collision created successfully (distance: 13.04, vertices: 8)
[23:23:26] TERRAIN: Chunk created successfully: (12.0, -2.0) at world pos (384.0, 0.0, -64.0) (total chunks: 471)
[23:23:26] TERRAIN: Creating chunk: (2.0, -12.0) at distance 11.40
[23:23:26] TERRAIN: Chunk (2.0, -12.0): TRIMESH collision created successfully (distance: 11.40, vertices: 8)
[23:23:26] TERRAIN: Chunk created successfully: (2.0, -12.0) at world pos (64.0, 0.0, -384.0) (total chunks: 472)
[23:23:26] TERRAIN: Creating chunk: (-2.0, -12.0) at distance 11.05
[23:23:26] TERRAIN: Chunk (-2.0, -12.0): TRIMESH collision created successfully (distance: 11.05, vertices: 8)
[23:23:26] TERRAIN: Chunk created successfully: (-2.0, -12.0) at world pos (-64.0, 0.0, -384.0) (total chunks: 473)
[23:23:26] TERRAIN: Creating chunk: (10.0, -7.0) at distance 12.53
[23:23:26] TERRAIN: Chunk (10.0, -7.0): TRIMESH collision created successfully (distance: 12.53, vertices: 8)
[23:23:26] TERRAIN: Chunk created successfully: (10.0, -7.0) at world pos (320.0, 0.0, -224.0) (total chunks: 474)
[23:23:26] TERRAIN: Creating chunk: (7.0, 10.0) at distance 13.60
[23:23:26] TERRAIN: Chunk (7.0, 10.0): TRIMESH collision created successfully (distance: 13.60, vertices: 8)
[23:23:26] TERRAIN: Chunk created successfully: (7.0, 10.0) at world pos (224.0, 0.0, 320.0) (total chunks: 475)
[23:23:26] TERRAIN: Creating chunk: (10.0, 7.0) at distance 13.60
[23:23:26] TERRAIN: Chunk (10.0, 7.0): TRIMESH collision created successfully (distance: 13.60, vertices: 8)
[23:23:26] TERRAIN: Chunk created successfully: (10.0, 7.0) at world pos (320.0, 0.0, 224.0) (total chunks: 476)
[23:23:26] TERRAIN: Creating chunk: (7.0, -10.0) at distance 12.04
[23:23:26] TERRAIN: Chunk (7.0, -10.0): TRIMESH collision created successfully (distance: 12.04, vertices: 8)
[23:23:26] TERRAIN: Chunk created successfully: (7.0, -10.0) at world pos (224.0, 0.0, -320.0) (total chunks: 477)
[23:23:26] TERRAIN: Creating chunk: (-7.0, -10.0) at distance 10.82
[23:23:26] TERRAIN: Chunk (-7.0, -10.0): TRIMESH collision created successfully (distance: 10.82, vertices: 8)
[23:23:26] TERRAIN: Chunk created successfully: (-7.0, -10.0) at world pos (-224.0, 0.0, -320.0) (total chunks: 478)
[23:23:26] TERRAIN: Creating chunk: (-7.0, 10.0) at distance 12.53
[23:23:26] TERRAIN: Chunk (-7.0, 10.0): TRIMESH collision created successfully (distance: 12.53, vertices: 8)
[23:23:26] TERRAIN: Chunk created successfully: (-7.0, 10.0) at world pos (-224.0, 0.0, 320.0) (total chunks: 479)
[23:23:26] TERRAIN: Creating chunk: (-10.0, 7.0) at distance 12.04
[23:23:26] TERRAIN: Chunk (-10.0, 7.0): TRIMESH collision created successfully (distance: 12.04, vertices: 8)
[23:23:26] TERRAIN: Chunk created successfully: (-10.0, 7.0) at world pos (-320.0, 0.0, 224.0) (total chunks: 480)
[23:23:26] TERRAIN: Creating chunk: (-10.0, -7.0) at distance 10.82
[23:23:26] TERRAIN: Chunk (-10.0, -7.0): TRIMESH collision created successfully (distance: 10.82, vertices: 8)
[23:23:26] TERRAIN: Chunk created successfully: (-10.0, -7.0) at world pos (-320.0, 0.0, -224.0) (total chunks: 481)
[23:23:26] TERRAIN: Creating chunk: (12.0, -3.0) at distance 13.15
[23:23:26] TERRAIN: Chunk (12.0, -3.0): TRIMESH collision created successfully (distance: 13.15, vertices: 8)
[23:23:26] TERRAIN: Chunk created successfully: (12.0, -3.0) at world pos (384.0, 0.0, -96.0) (total chunks: 482)
[23:23:26] TERRAIN: Creating chunk: (-3.0, 12.0) at distance 13.15
[23:23:26] TERRAIN: Chunk (-3.0, 12.0): TRIMESH collision created successfully (distance: 13.15, vertices: 8)
[23:23:26] TERRAIN: Chunk created successfully: (-3.0, 12.0) at world pos (-96.0, 0.0, 384.0) (total chunks: 483)
[23:23:26] TERRAIN: Creating chunk: (12.0, 3.0) at distance 13.60
[23:23:26] TERRAIN: Chunk (12.0, 3.0): TRIMESH collision created successfully (distance: 13.60, vertices: 8)
[23:23:26] TERRAIN: Chunk created successfully: (12.0, 3.0) at world pos (384.0, 0.0, 96.0) (total chunks: 484)
[23:23:26] TERRAIN: Creating chunk: (-3.0, -12.0) at distance 11.18
[23:23:26] TERRAIN: Chunk (-3.0, -12.0): TRIMESH collision created successfully (distance: 11.18, vertices: 8)
[23:23:26] TERRAIN: Chunk created successfully: (-3.0, -12.0) at world pos (-96.0, 0.0, -384.0) (total chunks: 485)
[23:23:26] TERRAIN: Creating chunk: (-12.0, 3.0) at distance 11.70
[23:23:26] TERRAIN: Chunk (-12.0, 3.0): TRIMESH collision created successfully (distance: 11.70, vertices: 8)
[23:23:26] TERRAIN: Chunk created successfully: (-12.0, 3.0) at world pos (-384.0, 0.0, 96.0) (total chunks: 486)
[23:23:26] TERRAIN: Creating chunk: (3.0, -12.0) at distance 11.70
[23:23:26] TERRAIN: Chunk (3.0, -12.0): TRIMESH collision created successfully (distance: 11.70, vertices: 8)
[23:23:26] TERRAIN: Chunk created successfully: (3.0, -12.0) at world pos (96.0, 0.0, -384.0) (total chunks: 487)
[23:23:26] TERRAIN: Creating chunk: (3.0, 12.0) at distance 13.60
[23:23:26] TERRAIN: Chunk (3.0, 12.0): TRIMESH collision created successfully (distance: 13.60, vertices: 8)
[23:23:26] TERRAIN: Chunk created successfully: (3.0, 12.0) at world pos (96.0, 0.0, 384.0) (total chunks: 488)
[23:23:26] TERRAIN: Creating chunk: (-12.0, -3.0) at distance 11.18
[23:23:26] TERRAIN: Chunk (-12.0, -3.0): TRIMESH collision created successfully (distance: 11.18, vertices: 8)
[23:23:26] TERRAIN: Chunk created successfully: (-12.0, -3.0) at world pos (-384.0, 0.0, -96.0) (total chunks: 489)
[23:23:26] TERRAIN: Creating chunk: (-11.0, 6.0) at distance 12.21
[23:23:26] TERRAIN: Chunk (-11.0, 6.0): TRIMESH collision created successfully (distance: 12.21, vertices: 8)
[23:23:26] TERRAIN: Chunk created successfully: (-11.0, 6.0) at world pos (-352.0, 0.0, 192.0) (total chunks: 490)
[23:23:26] TERRAIN: Creating chunk: (-6.0, -11.0) at distance 11.18
[23:23:26] TERRAIN: Chunk (-6.0, -11.0): TRIMESH collision created successfully (distance: 11.18, vertices: 8)
[23:23:26] TERRAIN: Chunk created successfully: (-6.0, -11.0) at world pos (-192.0, 0.0, -352.0) (total chunks: 491)
[23:23:26] TERRAIN: Creating chunk: (-11.0, -6.0) at distance 11.18
[23:23:26] TERRAIN: Chunk (-11.0, -6.0): TRIMESH collision created successfully (distance: 11.18, vertices: 8)
[23:23:26] TERRAIN: Chunk created successfully: (-11.0, -6.0) at world pos (-352.0, 0.0, -192.0) (total chunks: 492)
[23:23:26] TERRAIN: Creating chunk: (-6.0, 11.0) at distance 13.00
[23:23:26] TERRAIN: Chunk (-6.0, 11.0): TRIMESH collision created successfully (distance: 13.00, vertices: 8)
[23:23:26] TERRAIN: Chunk created successfully: (-6.0, 11.0) at world pos (-192.0, 0.0, 352.0) (total chunks: 493)
[23:23:26] TERRAIN: Creating chunk: (6.0, -11.0) at distance 12.21
[23:23:26] TERRAIN: Chunk (6.0, -11.0): TRIMESH collision created successfully (distance: 12.21, vertices: 8)
[23:23:26] TERRAIN: Chunk created successfully: (6.0, -11.0) at world pos (192.0, 0.0, -352.0) (total chunks: 494)
[23:23:26] TERRAIN: Creating chunk: (6.0, 11.0) at distance 13.89
[23:23:26] TERRAIN: Chunk (6.0, 11.0): TRIMESH collision created successfully (distance: 13.89, vertices: 8)
[23:23:26] TERRAIN: Chunk created successfully: (6.0, 11.0) at world pos (192.0, 0.0, 352.0) (total chunks: 495)
[23:23:26] TERRAIN: Creating chunk: (11.0, 6.0) at distance 13.89
[23:23:26] TERRAIN: Chunk (11.0, 6.0): TRIMESH collision created successfully (distance: 13.89, vertices: 8)
[23:23:26] TERRAIN: Chunk created successfully: (11.0, 6.0) at world pos (352.0, 0.0, 192.0) (total chunks: 496)
[23:23:26] TERRAIN: Creating chunk: (11.0, -6.0) at distance 13.00
[23:23:26] TERRAIN: Chunk (11.0, -6.0): TRIMESH collision created successfully (distance: 13.00, vertices: 8)
[23:23:26] TERRAIN: Chunk created successfully: (11.0, -6.0) at world pos (352.0, 0.0, -192.0) (total chunks: 497)
[23:23:26] TERRAIN: Creating chunk: (12.0, -4.0) at distance 13.34
[23:23:26] TERRAIN: Chunk (12.0, -4.0): TRIMESH collision created successfully (distance: 13.34, vertices: 8)
[23:23:26] TERRAIN: Chunk created successfully: (12.0, -4.0) at world pos (384.0, 0.0, -128.0) (total chunks: 498)
[23:23:26] TERRAIN: Creating chunk: (4.0, 12.0) at distance 13.93
[23:23:26] TERRAIN: Chunk (4.0, 12.0): TRIMESH collision created successfully (distance: 13.93, vertices: 8)
[23:23:26] TERRAIN: Chunk created successfully: (4.0, 12.0) at world pos (128.0, 0.0, 384.0) (total chunks: 499)
[23:23:26] TERRAIN: Creating chunk: (-12.0, 4.0) at distance 12.08
[23:23:26] TERRAIN: Chunk (-12.0, 4.0): TRIMESH collision created successfully (distance: 12.08, vertices: 8)
[23:23:26] TERRAIN: Chunk created successfully: (-12.0, 4.0) at world pos (-384.0, 0.0, 128.0) (total chunks: 500)
[23:23:26] TERRAIN: Creating chunk: (-4.0, 12.0) at distance 13.34
[23:23:26] TERRAIN: Chunk (-4.0, 12.0): TRIMESH collision created successfully (distance: 13.34, vertices: 8)
[23:23:26] TERRAIN: Chunk created successfully: (-4.0, 12.0) at world pos (-128.0, 0.0, 384.0) (total chunks: 501)
[23:23:26] TERRAIN: Creating chunk: (4.0, -12.0) at distance 12.08
[23:23:26] TERRAIN: Chunk (4.0, -12.0): TRIMESH collision created successfully (distance: 12.08, vertices: 8)
[23:23:26] TERRAIN: Chunk created successfully: (4.0, -12.0) at world pos (128.0, 0.0, -384.0) (total chunks: 502)
[23:23:26] TERRAIN: Creating chunk: (-4.0, -12.0) at distance 11.40
[23:23:26] TERRAIN: Chunk (-4.0, -12.0): TRIMESH collision created successfully (distance: 11.40, vertices: 8)
[23:23:26] TERRAIN: Chunk created successfully: (-4.0, -12.0) at world pos (-128.0, 0.0, -384.0) (total chunks: 503)
[23:23:26] TERRAIN: Creating chunk: (-12.0, -4.0) at distance 11.40
[23:23:26] TERRAIN: Chunk (-12.0, -4.0): TRIMESH collision created successfully (distance: 11.40, vertices: 8)
[23:23:26] TERRAIN: Chunk created successfully: (-12.0, -4.0) at world pos (-384.0, 0.0, -128.0) (total chunks: 504)
[23:23:26] TERRAIN: Creating chunk: (12.0, 4.0) at distance 13.93
[23:23:26] TERRAIN: Chunk (12.0, 4.0): TRIMESH collision created successfully (distance: 13.93, vertices: 8)
[23:23:26] TERRAIN: Chunk created successfully: (12.0, 4.0) at world pos (384.0, 0.0, 128.0) (total chunks: 505)
[23:23:26] TERRAIN: Creating chunk: (9.0, -9.0) at distance 12.81
[23:23:26] TERRAIN: Chunk (9.0, -9.0): TRIMESH collision created successfully (distance: 12.81, vertices: 8)
[23:23:26] TERRAIN: Chunk created successfully: (9.0, -9.0) at world pos (288.0, 0.0, -288.0) (total chunks: 506)
[23:23:26] TERRAIN: Creating chunk: (9.0, 9.0) at distance 14.14
[23:23:26] TERRAIN: Chunk (9.0, 9.0): TRIMESH collision created successfully (distance: 14.14, vertices: 8)
[23:23:26] TERRAIN: Chunk created successfully: (9.0, 9.0) at world pos (288.0, 0.0, 288.0) (total chunks: 507)
[23:23:26] TERRAIN: Creating chunk: (-9.0, 9.0) at distance 12.81
[23:23:26] TERRAIN: Chunk (-9.0, 9.0): TRIMESH collision created successfully (distance: 12.81, vertices: 8)
[23:23:26] TERRAIN: Chunk created successfully: (-9.0, 9.0) at world pos (-288.0, 0.0, 288.0) (total chunks: 508)
[23:23:26] TERRAIN: Creating chunk: (-9.0, -9.0) at distance 11.31
[23:23:26] TERRAIN: Chunk (-9.0, -9.0): TRIMESH collision created successfully (distance: 11.31, vertices: 8)
[23:23:26] TERRAIN: Chunk created successfully: (-9.0, -9.0) at world pos (-288.0, 0.0, -288.0) (total chunks: 509)
[23:23:26] TERRAIN: Creating chunk: (10.0, -8.0) at distance 13.04
[23:23:26] TERRAIN: Chunk (10.0, -8.0): TRIMESH collision created successfully (distance: 13.04, vertices: 8)
[23:23:26] TERRAIN: Chunk created successfully: (10.0, -8.0) at world pos (320.0, 0.0, -256.0) (total chunks: 510)
[23:23:26] TERRAIN: Creating chunk: (-8.0, 10.0) at distance 13.04
[23:23:26] TERRAIN: Chunk (-8.0, 10.0): TRIMESH collision created successfully (distance: 13.04, vertices: 8)
[23:23:26] TERRAIN: Chunk created successfully: (-8.0, 10.0) at world pos (-256.0, 0.0, 320.0) (total chunks: 511)
[23:23:26] TERRAIN: Creating chunk: (-8.0, -10.0) at distance 11.40
[23:23:26] TERRAIN: Chunk (-8.0, -10.0): TRIMESH collision created successfully (distance: 11.40, vertices: 8)
[23:23:26] TERRAIN: Chunk created successfully: (-8.0, -10.0) at world pos (-256.0, 0.0, -320.0) (total chunks: 512)
[23:23:26] TERRAIN: Creating chunk: (-10.0, 8.0) at distance 12.73
[23:23:26] TERRAIN: Chunk (-10.0, 8.0): TRIMESH collision created successfully (distance: 12.73, vertices: 8)
[23:23:26] TERRAIN: Chunk created successfully: (-10.0, 8.0) at world pos (-320.0, 0.0, 256.0) (total chunks: 513)
[23:23:26] TERRAIN: Creating chunk: (-10.0, -8.0) at distance 11.40
[23:23:26] TERRAIN: Chunk (-10.0, -8.0): TRIMESH collision created successfully (distance: 11.40, vertices: 8)
[23:23:26] TERRAIN: Chunk created successfully: (-10.0, -8.0) at world pos (-320.0, 0.0, -256.0) (total chunks: 514)
[23:23:26] TERRAIN: Creating chunk: (10.0, 8.0) at distance 14.21
[23:23:26] TERRAIN: Chunk (10.0, 8.0): TRIMESH collision created successfully (distance: 14.21, vertices: 8)
[23:23:26] TERRAIN: Chunk created successfully: (10.0, 8.0) at world pos (320.0, 0.0, 256.0) (total chunks: 515)
[23:23:26] TERRAIN: Creating chunk: (8.0, -10.0) at distance 12.73
[23:23:26] TERRAIN: Chunk (8.0, -10.0): TRIMESH collision created successfully (distance: 12.73, vertices: 8)
[23:23:26] TERRAIN: Chunk created successfully: (8.0, -10.0) at world pos (256.0, 0.0, -320.0) (total chunks: 516)
[23:23:26] TERRAIN: Creating chunk: (8.0, 10.0) at distance 14.21
[23:23:26] TERRAIN: Chunk (8.0, 10.0): TRIMESH collision created successfully (distance: 14.21, vertices: 8)
[23:23:26] TERRAIN: Chunk created successfully: (8.0, 10.0) at world pos (256.0, 0.0, 320.0) (total chunks: 517)
[23:23:26] TERRAIN: Creating chunk: (-12.0, 5.0) at distance 12.53
[23:23:26] TERRAIN: Chunk (-12.0, 5.0): TRIMESH collision created successfully (distance: 12.53, vertices: 8)
[23:23:26] TERRAIN: Chunk created successfully: (-12.0, 5.0) at world pos (-384.0, 0.0, 160.0) (total chunks: 518)
[23:23:26] TERRAIN: Creating chunk: (-12.0, -5.0) at distance 11.70
[23:23:26] TERRAIN: Chunk (-12.0, -5.0): TRIMESH collision created successfully (distance: 11.70, vertices: 8)
[23:23:26] TERRAIN: Chunk created successfully: (-12.0, -5.0) at world pos (-384.0, 0.0, -160.0) (total chunks: 519)
[23:23:26] TERRAIN: Creating chunk: (-13.0, 0.0) at distance 12.04
[23:23:26] TERRAIN: Chunk (-13.0, 0.0): TRIMESH collision created successfully (distance: 12.04, vertices: 8)
[23:23:26] TERRAIN: Chunk created successfully: (-13.0, 0.0) at world pos (-416.0, 0.0, 0.0) (total chunks: 520)
[23:23:26] TERRAIN: Creating chunk: (12.0, 5.0) at distance 14.32
[23:23:26] TERRAIN: Chunk (12.0, 5.0): TRIMESH collision created successfully (distance: 14.32, vertices: 8)
[23:23:26] TERRAIN: Chunk created successfully: (12.0, 5.0) at world pos (384.0, 0.0, 160.0) (total chunks: 521)
[23:23:26] TERRAIN: Creating chunk: (13.0, 0.0) at distance 14.04
[23:23:26] TERRAIN: Chunk (13.0, 0.0): TRIMESH collision created successfully (distance: 14.04, vertices: 8)
[23:23:26] TERRAIN: Chunk created successfully: (13.0, 0.0) at world pos (416.0, 0.0, 0.0) (total chunks: 522)
[23:23:26] TERRAIN: Creating chunk: (-5.0, -12.0) at distance 11.70
[23:23:26] TERRAIN: Chunk (-5.0, -12.0): TRIMESH collision created successfully (distance: 11.70, vertices: 8)
[23:23:26] TERRAIN: Chunk created successfully: (-5.0, -12.0) at world pos (-160.0, 0.0, -384.0) (total chunks: 523)
[23:23:26] TERRAIN: Creating chunk: (-5.0, 12.0) at distance 13.60
[23:23:26] TERRAIN: Chunk (-5.0, 12.0): TRIMESH collision created successfully (distance: 13.60, vertices: 8)
[23:23:26] TERRAIN: Chunk created successfully: (-5.0, 12.0) at world pos (-160.0, 0.0, 384.0) (total chunks: 524)
[23:23:26] TERRAIN: Creating chunk: (12.0, -5.0) at distance 13.60
[23:23:26] TERRAIN: Chunk (12.0, -5.0): TRIMESH collision created successfully (distance: 13.60, vertices: 8)
[23:23:26] TERRAIN: Chunk created successfully: (12.0, -5.0) at world pos (384.0, 0.0, -160.0) (total chunks: 525)
[23:23:26] TERRAIN: Creating chunk: (5.0, 12.0) at distance 14.32
[23:23:26] TERRAIN: Chunk (5.0, 12.0): TRIMESH collision created successfully (distance: 14.32, vertices: 8)
[23:23:26] TERRAIN: Chunk created successfully: (5.0, 12.0) at world pos (160.0, 0.0, 384.0) (total chunks: 526)
[23:23:26] TERRAIN: Creating chunk: (0.0, 13.0) at distance 14.04
[23:23:26] TERRAIN: Chunk (0.0, 13.0): TRIMESH collision created successfully (distance: 14.04, vertices: 8)
[23:23:26] TERRAIN: Chunk created successfully: (0.0, 13.0) at world pos (0.0, 0.0, 416.0) (total chunks: 527)
[23:23:26] TERRAIN: Creating chunk: (0.0, -13.0) at distance 12.04
[23:23:26] TERRAIN: Chunk (0.0, -13.0): TRIMESH collision created successfully (distance: 12.04, vertices: 8)
[23:23:26] TERRAIN: Chunk created successfully: (0.0, -13.0) at world pos (0.0, 0.0, -416.0) (total chunks: 528)
[23:23:26] TERRAIN: Creating chunk: (5.0, -12.0) at distance 12.53
[23:23:26] TERRAIN: Chunk (5.0, -12.0): TRIMESH collision created successfully (distance: 12.53, vertices: 8)
[23:23:26] TERRAIN: Chunk created successfully: (5.0, -12.0) at world pos (160.0, 0.0, -384.0) (total chunks: 529)
[23:23:26] TERRAIN: Creating chunk: (-11.0, 7.0) at distance 12.81
[23:23:26] TERRAIN: Chunk (-11.0, 7.0): TRIMESH collision created successfully (distance: 12.81, vertices: 8)
[23:23:26] TERRAIN: Chunk created successfully: (-11.0, 7.0) at world pos (-352.0, 0.0, 224.0) (total chunks: 530)
[23:23:26] TERRAIN: Creating chunk: (-13.0, -1.0) at distance 12.00
[23:23:26] TERRAIN: Chunk (-13.0, -1.0): TRIMESH collision created successfully (distance: 12.00, vertices: 8)
[23:23:26] TERRAIN: Chunk created successfully: (-13.0, -1.0) at world pos (-416.0, 0.0, -32.0) (total chunks: 531)
[23:23:26] TERRAIN: Creating chunk: (-11.0, -7.0) at distance 11.66
[23:23:26] TERRAIN: Chunk (-11.0, -7.0): TRIMESH collision created successfully (distance: 11.66, vertices: 8)
[23:23:26] TERRAIN: Chunk created successfully: (-11.0, -7.0) at world pos (-352.0, 0.0, -224.0) (total chunks: 532)
[23:23:26] TERRAIN: Creating chunk: (7.0, -11.0) at distance 12.81
[23:23:26] TERRAIN: Chunk (7.0, -11.0): TRIMESH collision created successfully (distance: 12.81, vertices: 8)
[23:23:26] TERRAIN: Chunk created successfully: (7.0, -11.0) at world pos (224.0, 0.0, -352.0) (total chunks: 533)
[23:23:26] TERRAIN: Creating chunk: (1.0, 13.0) at distance 14.14
[23:23:26] TERRAIN: Chunk (1.0, 13.0): TRIMESH collision created successfully (distance: 14.14, vertices: 8)
[23:23:26] TERRAIN: Chunk created successfully: (1.0, 13.0) at world pos (32.0, 0.0, 416.0) (total chunks: 534)
[23:23:26] TERRAIN: Creating chunk: (13.0, 1.0) at distance 14.14
[23:23:26] TERRAIN: Chunk (13.0, 1.0): TRIMESH collision created successfully (distance: 14.14, vertices: 8)
[23:23:26] TERRAIN: Chunk created successfully: (13.0, 1.0) at world pos (416.0, 0.0, 32.0) (total chunks: 535)
[23:23:26] TERRAIN: Creating chunk: (1.0, -13.0) at distance 12.17
[23:23:26] TERRAIN: Chunk (1.0, -13.0): TRIMESH collision created successfully (distance: 12.17, vertices: 8)
[23:23:26] TERRAIN: Chunk created successfully: (1.0, -13.0) at world pos (32.0, 0.0, -416.0) (total chunks: 536)
[23:23:26] TERRAIN: Creating chunk: (7.0, 11.0) at distance 14.42
[23:23:26] TERRAIN: Chunk (7.0, 11.0): TRIMESH collision created successfully (distance: 14.42, vertices: 8)
[23:23:26] TERRAIN: Chunk created successfully: (7.0, 11.0) at world pos (224.0, 0.0, 352.0) (total chunks: 537)
[23:23:26] TERRAIN: Creating chunk: (-7.0, -11.0) at distance 11.66
[23:23:26] TERRAIN: Chunk (-7.0, -11.0): TRIMESH collision created successfully (distance: 11.66, vertices: 8)
[23:23:26] TERRAIN: Chunk created successfully: (-7.0, -11.0) at world pos (-224.0, 0.0, -352.0) (total chunks: 538)
[23:23:26] TERRAIN: Creating chunk: (-7.0, 11.0) at distance 13.42
[23:23:26] TERRAIN: Chunk (-7.0, 11.0): TRIMESH collision created successfully (distance: 13.42, vertices: 8)
[23:23:26] TERRAIN: Chunk created successfully: (-7.0, 11.0) at world pos (-224.0, 0.0, 352.0) (total chunks: 539)
[23:23:26] TERRAIN: Creating chunk: (11.0, 7.0) at distance 14.42
[23:23:26] TERRAIN: Chunk (11.0, 7.0): TRIMESH collision created successfully (distance: 14.42, vertices: 8)
[23:23:26] TERRAIN: Chunk created successfully: (11.0, 7.0) at world pos (352.0, 0.0, 224.0) (total chunks: 540)
[23:23:26] TERRAIN: Creating chunk: (-13.0, 1.0) at distance 12.17
[23:23:27] TERRAIN: Chunk (-13.0, 1.0): TRIMESH collision created successfully (distance: 12.17, vertices: 8)
[23:23:27] TERRAIN: Chunk created successfully: (-13.0, 1.0) at world pos (-416.0, 0.0, 32.0) (total chunks: 541)
[23:23:27] TERRAIN: Creating chunk: (-1.0, 13.0) at distance 14.00
[23:23:27] TERRAIN: Chunk (-1.0, 13.0): TRIMESH collision created successfully (distance: 14.00, vertices: 8)
[23:23:27] TERRAIN: Chunk created successfully: (-1.0, 13.0) at world pos (-32.0, 0.0, 416.0) (total chunks: 542)
[23:23:27] TERRAIN: Creating chunk: (-1.0, -13.0) at distance 12.00
[23:23:27] TERRAIN: Chunk (-1.0, -13.0): TRIMESH collision created successfully (distance: 12.00, vertices: 8)
[23:23:27] TERRAIN: Chunk created successfully: (-1.0, -13.0) at world pos (-32.0, 0.0, -416.0) (total chunks: 543)
[23:23:27] TERRAIN: Creating chunk: (11.0, -7.0) at distance 13.42
[23:23:27] TERRAIN: Chunk (11.0, -7.0): TRIMESH collision created successfully (distance: 13.42, vertices: 8)
[23:23:27] TERRAIN: Chunk created successfully: (11.0, -7.0) at world pos (352.0, 0.0, -224.0) (total chunks: 544)
[23:23:27] TERRAIN: Creating chunk: (13.0, -1.0) at distance 14.00
[23:23:27] TERRAIN: Chunk (13.0, -1.0): TRIMESH collision created successfully (distance: 14.00, vertices: 8)
[23:23:27] TERRAIN: Chunk created successfully: (13.0, -1.0) at world pos (416.0, 0.0, -32.0) (total chunks: 545)
[23:23:27] TERRAIN: Creating chunk: (-13.0, 2.0) at distance 12.37
[23:23:27] TERRAIN: Chunk (-13.0, 2.0): TRIMESH collision created successfully (distance: 12.37, vertices: 8)
[23:23:27] TERRAIN: Chunk created successfully: (-13.0, 2.0) at world pos (-416.0, 0.0, 64.0) (total chunks: 546)
[23:23:27] TERRAIN: Creating chunk: (2.0, 13.0) at distance 14.32
[23:23:27] TERRAIN: Chunk (2.0, 13.0): TRIMESH collision created successfully (distance: 14.32, vertices: 8)
[23:23:27] TERRAIN: Chunk created successfully: (2.0, 13.0) at world pos (64.0, 0.0, 416.0) (total chunks: 547)
[23:23:27] TERRAIN: Creating chunk: (2.0, -13.0) at distance 12.37
[23:23:27] TERRAIN: Chunk (2.0, -13.0): TRIMESH collision created successfully (distance: 12.37, vertices: 8)
[23:23:27] TERRAIN: Chunk created successfully: (2.0, -13.0) at world pos (64.0, 0.0, -416.0) (total chunks: 548)
[23:23:27] TERRAIN: Creating chunk: (13.0, 2.0) at distance 14.32
[23:23:27] TERRAIN: Chunk (13.0, 2.0): TRIMESH collision created successfully (distance: 14.32, vertices: 8)
[23:23:27] TERRAIN: Chunk created successfully: (13.0, 2.0) at world pos (416.0, 0.0, 64.0) (total chunks: 549)
[23:23:27] TERRAIN: Creating chunk: (-13.0, -2.0) at distance 12.04
[23:23:27] TERRAIN: Chunk (-13.0, -2.0): TRIMESH collision created successfully (distance: 12.04, vertices: 8)
[23:23:27] TERRAIN: Chunk created successfully: (-13.0, -2.0) at world pos (-416.0, 0.0, -64.0) (total chunks: 550)
[23:23:27] TERRAIN: Creating chunk: (13.0, -2.0) at distance 14.04
[23:23:27] TERRAIN: Chunk (13.0, -2.0): TRIMESH collision created successfully (distance: 14.04, vertices: 8)
[23:23:27] TERRAIN: Chunk created successfully: (13.0, -2.0) at world pos (416.0, 0.0, -64.0) (total chunks: 551)
[23:23:27] TERRAIN: Creating chunk: (-2.0, 13.0) at distance 14.04
[23:23:27] TERRAIN: Chunk (-2.0, 13.0): TRIMESH collision created successfully (distance: 14.04, vertices: 8)
[23:23:27] TERRAIN: Chunk created successfully: (-2.0, 13.0) at world pos (-64.0, 0.0, 416.0) (total chunks: 552)
[23:23:27] TERRAIN: Creating chunk: (-2.0, -13.0) at distance 12.04
[23:23:27] TERRAIN: Chunk (-2.0, -13.0): TRIMESH collision created successfully (distance: 12.04, vertices: 8)
[23:23:27] TERRAIN: Chunk created successfully: (-2.0, -13.0) at world pos (-64.0, 0.0, -416.0) (total chunks: 553)
[23:23:27] TERRAIN: Creating chunk: (3.0, -13.0) at distance 12.65
[23:23:27] TERRAIN: Chunk (3.0, -13.0): TRIMESH collision created successfully (distance: 12.65, vertices: 8)
[23:23:27] TERRAIN: Chunk created successfully: (3.0, -13.0) at world pos (96.0, 0.0, -416.0) (total chunks: 554)
[23:23:27] TERRAIN: Creating chunk: (-13.0, -3.0) at distance 12.17
[23:23:27] TERRAIN: Chunk (-13.0, -3.0): TRIMESH collision created successfully (distance: 12.17, vertices: 8)
[23:23:27] TERRAIN: Chunk created successfully: (-13.0, -3.0) at world pos (-416.0, 0.0, -96.0) (total chunks: 555)
[23:23:27] TERRAIN: Creating chunk: (3.0, 13.0) at distance 14.56
[23:23:27] TERRAIN: Chunk (3.0, 13.0): TRIMESH collision created successfully (distance: 14.56, vertices: 8)
[23:23:27] TERRAIN: Chunk created successfully: (3.0, 13.0) at world pos (96.0, 0.0, 416.0) (total chunks: 556)
[23:23:27] TERRAIN: Creating chunk: (-13.0, 3.0) at distance 12.65
[23:23:27] TERRAIN: Chunk (-13.0, 3.0): TRIMESH collision created successfully (distance: 12.65, vertices: 8)
[23:23:27] TERRAIN: Chunk created successfully: (-13.0, 3.0) at world pos (-416.0, 0.0, 96.0) (total chunks: 557)
[23:23:27] TERRAIN: Creating chunk: (13.0, 3.0) at distance 14.56
[23:23:27] TERRAIN: Chunk (13.0, 3.0): TRIMESH collision created successfully (distance: 14.56, vertices: 8)
[23:23:27] TERRAIN: Chunk created successfully: (13.0, 3.0) at world pos (416.0, 0.0, 96.0) (total chunks: 558)
[23:23:27] TERRAIN: Creating chunk: (13.0, -3.0) at distance 14.14
[23:23:27] TERRAIN: Chunk (13.0, -3.0): TRIMESH collision created successfully (distance: 14.14, vertices: 8)
[23:23:27] TERRAIN: Chunk created successfully: (13.0, -3.0) at world pos (416.0, 0.0, -96.0) (total chunks: 559)
[23:23:27] TERRAIN: Creating chunk: (-3.0, -13.0) at distance 12.17
[23:23:27] TERRAIN: Chunk (-3.0, -13.0): TRIMESH collision created successfully (distance: 12.17, vertices: 8)
[23:23:27] TERRAIN: Chunk created successfully: (-3.0, -13.0) at world pos (-96.0, 0.0, -416.0) (total chunks: 560)
[23:23:27] TERRAIN: Creating chunk: (-3.0, 13.0) at distance 14.14
[23:23:27] TERRAIN: Chunk (-3.0, 13.0): TRIMESH collision created successfully (distance: 14.14, vertices: 8)
[23:23:27] TERRAIN: Chunk created successfully: (-3.0, 13.0) at world pos (-96.0, 0.0, 416.0) (total chunks: 561)
[23:23:27] TERRAIN: Creating chunk: (-12.0, -6.0) at distance 12.08
[23:23:27] TERRAIN: Chunk (-12.0, -6.0): TRIMESH collision created successfully (distance: 12.08, vertices: 8)
[23:23:27] TERRAIN: Chunk created successfully: (-12.0, -6.0) at world pos (-384.0, 0.0, -192.0) (total chunks: 562)
[23:23:27] TERRAIN: Creating chunk: (-12.0, 6.0) at distance 13.04
[23:23:27] TERRAIN: Chunk (-12.0, 6.0): TRIMESH collision created successfully (distance: 13.04, vertices: 8)
[23:23:27] TERRAIN: Chunk created successfully: (-12.0, 6.0) at world pos (-384.0, 0.0, 192.0) (total chunks: 563)
[23:23:27] TERRAIN: Creating chunk: (6.0, 12.0) at distance 14.76
[23:23:27] TERRAIN: Chunk (6.0, 12.0): TRIMESH collision created successfully (distance: 14.76, vertices: 8)
[23:23:27] TERRAIN: Chunk created successfully: (6.0, 12.0) at world pos (192.0, 0.0, 384.0) (total chunks: 564)
[23:23:27] TERRAIN: Creating chunk: (6.0, -12.0) at distance 13.04
[23:23:27] TERRAIN: Chunk (6.0, -12.0): TRIMESH collision created successfully (distance: 13.04, vertices: 8)
[23:23:27] TERRAIN: Chunk created successfully: (6.0, -12.0) at world pos (192.0, 0.0, -384.0) (total chunks: 565)
[23:23:27] TERRAIN: Creating chunk: (12.0, 6.0) at distance 14.76
[23:23:27] TERRAIN: Chunk (12.0, 6.0): TRIMESH collision created successfully (distance: 14.76, vertices: 8)
[23:23:27] TERRAIN: Chunk created successfully: (12.0, 6.0) at world pos (384.0, 0.0, 192.0) (total chunks: 566)
[23:23:27] TERRAIN: Creating chunk: (-6.0, -12.0) at distance 12.08
[23:23:27] TERRAIN: Chunk (-6.0, -12.0): TRIMESH collision created successfully (distance: 12.08, vertices: 8)
[23:23:27] TERRAIN: Chunk created successfully: (-6.0, -12.0) at world pos (-192.0, 0.0, -384.0) (total chunks: 567)
[23:23:27] TERRAIN: Creating chunk: (-6.0, 12.0) at distance 13.93
[23:23:27] TERRAIN: Chunk (-6.0, 12.0): TRIMESH collision created successfully (distance: 13.93, vertices: 8)
[23:23:27] TERRAIN: Chunk created successfully: (-6.0, 12.0) at world pos (-192.0, 0.0, 384.0) (total chunks: 568)
[23:23:27] TERRAIN: Creating chunk: (12.0, -6.0) at distance 13.93
[23:23:27] TERRAIN: Chunk (12.0, -6.0): TRIMESH collision created successfully (distance: 13.93, vertices: 8)
[23:23:27] TERRAIN: Chunk created successfully: (12.0, -6.0) at world pos (384.0, 0.0, -192.0) (total chunks: 569)
[23:23:27] TERRAIN: Creating chunk: (9.0, -10.0) at distance 13.45
[23:23:27] TERRAIN: Chunk (9.0, -10.0): TRIMESH collision created successfully (distance: 13.45, vertices: 8)
[23:23:27] TERRAIN: Chunk created successfully: (9.0, -10.0) at world pos (288.0, 0.0, -320.0) (total chunks: 570)
[23:23:27] TERRAIN: Creating chunk: (9.0, 10.0) at distance 14.87
[23:23:27] TERRAIN: Chunk (9.0, 10.0): TRIMESH collision created successfully (distance: 14.87, vertices: 8)
[23:23:27] TERRAIN: Chunk created successfully: (9.0, 10.0) at world pos (288.0, 0.0, 320.0) (total chunks: 571)
[23:23:27] TERRAIN: Creating chunk: (10.0, -9.0) at distance 13.60
[23:23:27] TERRAIN: Chunk (10.0, -9.0): TRIMESH collision created successfully (distance: 13.60, vertices: 8)
[23:23:27] TERRAIN: Chunk created successfully: (10.0, -9.0) at world pos (320.0, 0.0, -288.0) (total chunks: 572)
[23:23:27] TERRAIN: Creating chunk: (10.0, 9.0) at distance 14.87
[23:23:27] TERRAIN: Chunk (10.0, 9.0): TRIMESH collision created successfully (distance: 14.87, vertices: 8)
[23:23:27] TERRAIN: Chunk created successfully: (10.0, 9.0) at world pos (320.0, 0.0, 288.0) (total chunks: 573)
[23:23:27] TERRAIN: Creating chunk: (-9.0, 10.0) at distance 13.60
[23:23:27] TERRAIN: Chunk (-9.0, 10.0): TRIMESH collision created successfully (distance: 13.60, vertices: 8)
[23:23:27] TERRAIN: Chunk created successfully: (-9.0, 10.0) at world pos (-288.0, 0.0, 320.0) (total chunks: 574)
[23:23:27] TERRAIN: Creating chunk: (-9.0, -10.0) at distance 12.04
[23:23:27] TERRAIN: Chunk (-9.0, -10.0): TRIMESH collision created successfully (distance: 12.04, vertices: 8)
[23:23:27] TERRAIN: Chunk created successfully: (-9.0, -10.0) at world pos (-288.0, 0.0, -320.0) (total chunks: 575)
[23:23:27] TERRAIN: Creating chunk: (-10.0, 9.0) at distance 13.45
[23:23:27] TERRAIN: Chunk (-10.0, 9.0): TRIMESH collision created successfully (distance: 13.45, vertices: 8)
[23:23:27] TERRAIN: Chunk created successfully: (-10.0, 9.0) at world pos (-320.0, 0.0, 288.0) (total chunks: 576)
[23:23:27] TERRAIN: Creating chunk: (-10.0, -9.0) at distance 12.04
[23:23:27] TERRAIN: Chunk (-10.0, -9.0): TRIMESH collision created successfully (distance: 12.04, vertices: 8)
[23:23:27] TERRAIN: Chunk created successfully: (-10.0, -9.0) at world pos (-320.0, 0.0, -288.0) (total chunks: 577)
[23:23:27] TERRAIN: Creating chunk: (8.0, 11.0) at distance 15.00
[23:23:27] TERRAIN: Chunk (8.0, 11.0): TRIMESH collision created successfully (distance: 15.00, vertices: 8)
[23:23:27] TERRAIN: Chunk created successfully: (8.0, 11.0) at world pos (256.0, 0.0, 352.0) (total chunks: 578)
[23:23:27] TERRAIN: Creating chunk: (11.0, 8.0) at distance 15.00
[23:23:27] TERRAIN: Chunk (11.0, 8.0): TRIMESH collision created successfully (distance: 15.00, vertices: 8)
[23:23:27] TERRAIN: Chunk created successfully: (11.0, 8.0) at world pos (352.0, 0.0, 256.0) (total chunks: 579)
[23:23:27] TERRAIN: Creating chunk: (-13.0, -4.0) at distance 12.37
[23:23:27] TERRAIN: Chunk (-13.0, -4.0): TRIMESH collision created successfully (distance: 12.37, vertices: 8)
[23:23:27] TERRAIN: Chunk created successfully: (-13.0, -4.0) at world pos (-416.0, 0.0, -128.0) (total chunks: 580)
[23:23:27] TERRAIN: Creating chunk: (-13.0, 4.0) at distance 13.00
[23:23:27] TERRAIN: Chunk (-13.0, 4.0): TRIMESH collision created successfully (distance: 13.00, vertices: 8)
[23:23:27] TERRAIN: Chunk created successfully: (-13.0, 4.0) at world pos (-416.0, 0.0, 128.0) (total chunks: 581)
[23:23:27] TERRAIN: Creating chunk: (11.0, -8.0) at distance 13.89
[23:23:27] TERRAIN: Chunk (11.0, -8.0): TRIMESH collision created successfully (distance: 13.89, vertices: 8)
[23:23:27] TERRAIN: Chunk created successfully: (11.0, -8.0) at world pos (352.0, 0.0, -256.0) (total chunks: 582)
[23:23:27] TERRAIN: Creating chunk: (13.0, 4.0) at distance 14.87
[23:23:27] TERRAIN: Chunk (13.0, 4.0): TRIMESH collision created successfully (distance: 14.87, vertices: 8)
[23:23:27] TERRAIN: Chunk created successfully: (13.0, 4.0) at world pos (416.0, 0.0, 128.0) (total chunks: 583)
[23:23:27] TERRAIN: Creating chunk: (-11.0, -8.0) at distance 12.21
[23:23:27] TERRAIN: Chunk (-11.0, -8.0): TRIMESH collision created successfully (distance: 12.21, vertices: 8)
[23:23:27] TERRAIN: Chunk created successfully: (-11.0, -8.0) at world pos (-352.0, 0.0, -256.0) (total chunks: 584)
[23:23:27] TERRAIN: Creating chunk: (-11.0, 8.0) at distance 13.45
[23:23:27] TERRAIN: Chunk (-11.0, 8.0): TRIMESH collision created successfully (distance: 13.45, vertices: 8)
[23:23:27] TERRAIN: Chunk created successfully: (-11.0, 8.0) at world pos (-352.0, 0.0, 256.0) (total chunks: 585)
[23:23:27] TERRAIN: Creating chunk: (-8.0, -11.0) at distance 12.21
[23:23:27] TERRAIN: Chunk (-8.0, -11.0): TRIMESH collision created successfully (distance: 12.21, vertices: 8)
[23:23:27] TERRAIN: Chunk created successfully: (-8.0, -11.0) at world pos (-256.0, 0.0, -352.0) (total chunks: 586)
[23:23:27] TERRAIN: Creating chunk: (-8.0, 11.0) at distance 13.89
[23:23:27] TERRAIN: Chunk (-8.0, 11.0): TRIMESH collision created successfully (distance: 13.89, vertices: 8)
[23:23:27] TERRAIN: Chunk created successfully: (-8.0, 11.0) at world pos (-256.0, 0.0, 352.0) (total chunks: 587)
[23:23:27] TERRAIN: Creating chunk: (-4.0, -13.0) at distance 12.37
[23:23:27] TERRAIN: Chunk (-4.0, -13.0): TRIMESH collision created successfully (distance: 12.37, vertices: 8)
[23:23:27] TERRAIN: Chunk created successfully: (-4.0, -13.0) at world pos (-128.0, 0.0, -416.0) (total chunks: 588)
[23:23:27] TERRAIN: Creating chunk: (-4.0, 13.0) at distance 14.32
[23:23:27] TERRAIN: Chunk (-4.0, 13.0): TRIMESH collision created successfully (distance: 14.32, vertices: 8)
[23:23:27] TERRAIN: Chunk created successfully: (-4.0, 13.0) at world pos (-128.0, 0.0, 416.0) (total chunks: 589)
[23:23:27] TERRAIN: Creating chunk: (13.0, -4.0) at distance 14.32
[23:23:27] TERRAIN: Chunk (13.0, -4.0): TRIMESH collision created successfully (distance: 14.32, vertices: 8)
[23:23:27] TERRAIN: Chunk created successfully: (13.0, -4.0) at world pos (416.0, 0.0, -128.0) (total chunks: 590)
[23:23:27] TERRAIN: Creating chunk: (4.0, -13.0) at distance 13.00
[23:23:27] TERRAIN: Chunk (4.0, -13.0): TRIMESH collision created successfully (distance: 13.00, vertices: 8)
[23:23:27] TERRAIN: Chunk created successfully: (4.0, -13.0) at world pos (128.0, 0.0, -416.0) (total chunks: 591)
[23:23:27] TERRAIN: Creating chunk: (4.0, 13.0) at distance 14.87
[23:23:27] TERRAIN: Chunk (4.0, 13.0): TRIMESH collision created successfully (distance: 14.87, vertices: 8)
[23:23:27] TERRAIN: Chunk created successfully: (4.0, 13.0) at world pos (128.0, 0.0, 416.0) (total chunks: 592)
[23:23:27] TERRAIN: Creating chunk: (8.0, -11.0) at distance 13.45
[23:23:27] TERRAIN: Chunk (8.0, -11.0): TRIMESH collision created successfully (distance: 13.45, vertices: 8)
[23:23:27] TERRAIN: Chunk created successfully: (8.0, -11.0) at world pos (256.0, 0.0, -352.0) (total chunks: 593)
[23:23:27] TERRAIN: Creating chunk: (12.0, -7.0) at distance 14.32
[23:23:27] TERRAIN: Chunk (12.0, -7.0): TRIMESH collision created successfully (distance: 14.32, vertices: 8)
[23:23:27] TERRAIN: Chunk created successfully: (12.0, -7.0) at world pos (384.0, 0.0, -224.0) (total chunks: 594)
[23:23:27] TERRAIN: Creating chunk: (-7.0, 12.0) at distance 14.32
[23:23:27] TERRAIN: Chunk (-7.0, 12.0): TRIMESH collision created successfully (distance: 14.32, vertices: 8)
[23:23:27] TERRAIN: Chunk created successfully: (-7.0, 12.0) at world pos (-224.0, 0.0, 384.0) (total chunks: 595)
[23:23:27] TERRAIN: Creating chunk: (-7.0, -12.0) at distance 12.53
[23:23:27] TERRAIN: Chunk (-7.0, -12.0): TRIMESH collision created successfully (distance: 12.53, vertices: 8)
[23:23:27] TERRAIN: Chunk created successfully: (-7.0, -12.0) at world pos (-224.0, 0.0, -384.0) (total chunks: 596)
[23:23:27] TERRAIN: Creating chunk: (-12.0, 7.0) at distance 13.60
[23:23:27] TERRAIN: Chunk (-12.0, 7.0): TRIMESH collision created successfully (distance: 13.60, vertices: 8)
[23:23:27] TERRAIN: Chunk created successfully: (-12.0, 7.0) at world pos (-384.0, 0.0, 224.0) (total chunks: 597)
[23:23:27] TERRAIN: Creating chunk: (-12.0, -7.0) at distance 12.53
[23:23:27] TERRAIN: Chunk (-12.0, -7.0): TRIMESH collision created successfully (distance: 12.53, vertices: 8)
[23:23:27] TERRAIN: Chunk created successfully: (-12.0, -7.0) at world pos (-384.0, 0.0, -224.0) (total chunks: 598)
[23:23:27] TERRAIN: Creating chunk: (7.0, -12.0) at distance 13.60
[23:23:27] TERRAIN: Chunk (7.0, -12.0): TRIMESH collision created successfully (distance: 13.60, vertices: 8)
[23:23:27] TERRAIN: Chunk created successfully: (7.0, -12.0) at world pos (224.0, 0.0, -384.0) (total chunks: 599)
[23:23:27] TERRAIN: Creating chunk: (-13.0, 5.0) at distance 13.42
[23:23:27] TERRAIN: Chunk (-13.0, 5.0): TRIMESH collision created successfully (distance: 13.42, vertices: 8)
[23:23:27] TERRAIN: Chunk created successfully: (-13.0, 5.0) at world pos (-416.0, 0.0, 160.0) (total chunks: 600)
[23:23:27] TERRAIN: Creating chunk: (-13.0, -5.0) at distance 12.65
[23:23:27] TERRAIN: Chunk (-13.0, -5.0): TRIMESH collision created successfully (distance: 12.65, vertices: 8)
[23:23:27] TERRAIN: Chunk created successfully: (-13.0, -5.0) at world pos (-416.0, 0.0, -160.0) (total chunks: 601)
[23:23:27] TERRAIN: Creating chunk: (5.0, -13.0) at distance 13.42
[23:23:27] TERRAIN: Chunk (5.0, -13.0): TRIMESH collision created successfully (distance: 13.42, vertices: 8)
[23:23:27] TERRAIN: Chunk created successfully: (5.0, -13.0) at world pos (160.0, 0.0, -416.0) (total chunks: 602)
[23:23:27] TERRAIN: Creating chunk: (13.0, -5.0) at distance 14.56
[23:23:27] TERRAIN: Chunk (13.0, -5.0): TRIMESH collision created successfully (distance: 14.56, vertices: 8)
[23:23:27] TERRAIN: Chunk created successfully: (13.0, -5.0) at world pos (416.0, 0.0, -160.0) (total chunks: 603)
[23:23:27] TERRAIN: Creating chunk: (-5.0, 13.0) at distance 14.56
[23:23:27] TERRAIN: Chunk (-5.0, 13.0): TRIMESH collision created successfully (distance: 14.56, vertices: 8)
[23:23:27] TERRAIN: Chunk created successfully: (-5.0, 13.0) at world pos (-160.0, 0.0, 416.0) (total chunks: 604)
[23:23:27] TERRAIN: Creating chunk: (-5.0, -13.0) at distance 12.65
[23:23:27] TERRAIN: Chunk (-5.0, -13.0): TRIMESH collision created successfully (distance: 12.65, vertices: 8)
[23:23:27] TERRAIN: Chunk created successfully: (-5.0, -13.0) at world pos (-160.0, 0.0, -416.0) (total chunks: 605)
[23:23:27] TERRAIN: Creating chunk: (0.0, -14.0) at distance 13.04
[23:23:27] TERRAIN: Chunk (0.0, -14.0): TRIMESH collision created successfully (distance: 13.04, vertices: 8)
[23:23:27] TERRAIN: Chunk created successfully: (0.0, -14.0) at world pos (0.0, 0.0, -448.0) (total chunks: 606)
[23:23:27] TERRAIN: Creating chunk: (-14.0, 0.0) at distance 13.04
[23:23:27] TERRAIN: Chunk (-14.0, 0.0): TRIMESH collision created successfully (distance: 13.04, vertices: 8)
[23:23:27] TERRAIN: Chunk created successfully: (-14.0, 0.0) at world pos (-448.0, 0.0, 0.0) (total chunks: 607)
[23:23:27] TERRAIN: Creating chunk: (1.0, -14.0) at distance 13.15
[23:23:27] TERRAIN: Chunk (1.0, -14.0): TRIMESH collision created successfully (distance: 13.15, vertices: 8)
[23:23:27] TERRAIN: Chunk created successfully: (1.0, -14.0) at world pos (32.0, 0.0, -448.0) (total chunks: 608)
[23:23:27] TERRAIN: Creating chunk: (-1.0, 14.0) at distance 15.00
[23:23:27] TERRAIN: Chunk (-1.0, 14.0): TRIMESH collision created successfully (distance: 15.00, vertices: 8)
[23:23:27] TERRAIN: Chunk created successfully: (-1.0, 14.0) at world pos (-32.0, 0.0, 448.0) (total chunks: 609)
[23:23:27] TERRAIN: Creating chunk: (-1.0, -14.0) at distance 13.00
[23:23:27] TERRAIN: Chunk (-1.0, -14.0): TRIMESH collision created successfully (distance: 13.00, vertices: 8)
[23:23:27] TERRAIN: Chunk created successfully: (-1.0, -14.0) at world pos (-32.0, 0.0, -448.0) (total chunks: 610)
[23:23:27] TERRAIN: Creating chunk: (-14.0, 1.0) at distance 13.15
[23:23:27] TERRAIN: Chunk (-14.0, 1.0): TRIMESH collision created successfully (distance: 13.15, vertices: 8)
[23:23:27] TERRAIN: Chunk created successfully: (-14.0, 1.0) at world pos (-448.0, 0.0, 32.0) (total chunks: 611)
[23:23:27] TERRAIN: Creating chunk: (-14.0, -1.0) at distance 13.00
[23:23:27] TERRAIN: Chunk (-14.0, -1.0): TRIMESH collision created successfully (distance: 13.00, vertices: 8)
[23:23:27] TERRAIN: Chunk created successfully: (-14.0, -1.0) at world pos (-448.0, 0.0, -32.0) (total chunks: 612)
[23:23:27] TERRAIN: Creating chunk: (14.0, -1.0) at distance 15.00
[23:23:27] TERRAIN: Chunk (14.0, -1.0): TRIMESH collision created successfully (distance: 15.00, vertices: 8)
[23:23:27] TERRAIN: Chunk created successfully: (14.0, -1.0) at world pos (448.0, 0.0, -32.0) (total chunks: 613)
[23:23:27] TERRAIN: Creating chunk: (-14.0, 2.0) at distance 13.34
[23:23:27] TERRAIN: Chunk (-14.0, 2.0): TRIMESH collision created successfully (distance: 13.34, vertices: 8)
[23:23:27] TERRAIN: Chunk created successfully: (-14.0, 2.0) at world pos (-448.0, 0.0, 64.0) (total chunks: 614)
[23:23:27] TERRAIN: Creating chunk: (-10.0, -10.0) at distance 12.73
[23:23:27] TERRAIN: Chunk (-10.0, -10.0): TRIMESH collision created successfully (distance: 12.73, vertices: 8)
[23:23:27] TERRAIN: Chunk created successfully: (-10.0, -10.0) at world pos (-320.0, 0.0, -320.0) (total chunks: 615)
[23:23:27] TERRAIN: Creating chunk: (-10.0, 10.0) at distance 14.21
[23:23:27] TERRAIN: Chunk (-10.0, 10.0): TRIMESH collision created successfully (distance: 14.21, vertices: 8)
[23:23:27] TERRAIN: Chunk created successfully: (-10.0, 10.0) at world pos (-320.0, 0.0, 320.0) (total chunks: 616)
[23:23:27] TERRAIN: Creating chunk: (-14.0, -2.0) at distance 13.04
[23:23:27] TERRAIN: Chunk (-14.0, -2.0): TRIMESH collision created successfully (distance: 13.04, vertices: 8)
[23:23:27] TERRAIN: Chunk created successfully: (-14.0, -2.0) at world pos (-448.0, 0.0, -64.0) (total chunks: 617)
[23:23:27] TERRAIN: Creating chunk: (2.0, -14.0) at distance 13.34
[23:23:27] TERRAIN: Chunk (2.0, -14.0): TRIMESH collision created successfully (distance: 13.34, vertices: 8)
[23:23:27] TERRAIN: Chunk created successfully: (2.0, -14.0) at world pos (64.0, 0.0, -448.0) (total chunks: 618)
[23:23:27] TERRAIN: Creating chunk: (-2.0, -14.0) at distance 13.04
[23:23:27] TERRAIN: Chunk (-2.0, -14.0): TRIMESH collision created successfully (distance: 13.04, vertices: 8)
[23:23:27] TERRAIN: Chunk created successfully: (-2.0, -14.0) at world pos (-64.0, 0.0, -448.0) (total chunks: 619)
[23:23:27] TERRAIN: Creating chunk: (10.0, -10.0) at distance 14.21
[23:23:27] TERRAIN: Chunk (10.0, -10.0): TRIMESH collision created successfully (distance: 14.21, vertices: 8)
[23:23:27] TERRAIN: Chunk created successfully: (10.0, -10.0) at world pos (320.0, 0.0, -320.0) (total chunks: 620)
[23:23:27] TERRAIN: Creating chunk: (9.0, -11.0) at distance 14.14
[23:23:27] TERRAIN: Chunk (9.0, -11.0): TRIMESH collision created successfully (distance: 14.14, vertices: 8)
[23:23:27] TERRAIN: Chunk created successfully: (9.0, -11.0) at world pos (288.0, 0.0, -352.0) (total chunks: 621)
[23:23:27] TERRAIN: Creating chunk: (11.0, -9.0) at distance 14.42
[23:23:27] TERRAIN: Chunk (11.0, -9.0): TRIMESH collision created successfully (distance: 14.42, vertices: 8)
[23:23:27] TERRAIN: Chunk created successfully: (11.0, -9.0) at world pos (352.0, 0.0, -288.0) (total chunks: 622)
[23:23:27] TERRAIN: Creating chunk: (-11.0, -9.0) at distance 12.81
[23:23:27] TERRAIN: Chunk (-11.0, -9.0): TRIMESH collision created successfully (distance: 12.81, vertices: 8)
[23:23:27] TERRAIN: Chunk created successfully: (-11.0, -9.0) at world pos (-352.0, 0.0, -288.0) (total chunks: 623)
[23:23:27] TERRAIN: Creating chunk: (-11.0, 9.0) at distance 14.14
[23:23:27] TERRAIN: Chunk (-11.0, 9.0): TRIMESH collision created successfully (distance: 14.14, vertices: 8)
[23:23:27] TERRAIN: Chunk created successfully: (-11.0, 9.0) at world pos (-352.0, 0.0, 288.0) (total chunks: 624)
[23:23:27] TERRAIN: Creating chunk: (-9.0, -11.0) at distance 12.81
[23:23:27] TERRAIN: Chunk (-9.0, -11.0): TRIMESH collision created successfully (distance: 12.81, vertices: 8)
[23:23:27] TERRAIN: Chunk created successfully: (-9.0, -11.0) at world pos (-288.0, 0.0, -352.0) (total chunks: 625)
[23:23:27] TERRAIN: Creating chunk: (-9.0, 11.0) at distance 14.42
[23:23:27] TERRAIN: Chunk (-9.0, 11.0): TRIMESH collision created successfully (distance: 14.42, vertices: 8)
[23:23:27] TERRAIN: Chunk created successfully: (-9.0, 11.0) at world pos (-288.0, 0.0, 352.0) (total chunks: 626)
[23:23:27] TERRAIN: Creating chunk: (-6.0, -13.0) at distance 13.00
[23:23:27] TERRAIN: Chunk (-6.0, -13.0): TRIMESH collision created successfully (distance: 13.00, vertices: 8)
[23:23:27] TERRAIN: Chunk created successfully: (-6.0, -13.0) at world pos (-192.0, 0.0, -416.0) (total chunks: 627)
[23:23:27] TERRAIN: Creating chunk: (6.0, -13.0) at distance 13.89
[23:23:27] TERRAIN: Chunk (6.0, -13.0): TRIMESH collision created successfully (distance: 13.89, vertices: 8)
[23:23:27] TERRAIN: Chunk created successfully: (6.0, -13.0) at world pos (192.0, 0.0, -416.0) (total chunks: 628)
[23:23:27] TERRAIN: Creating chunk: (-14.0, 3.0) at distance 13.60
[23:23:27] TERRAIN: Chunk (-14.0, 3.0): TRIMESH collision created successfully (distance: 13.60, vertices: 8)
[23:23:27] TERRAIN: Chunk created successfully: (-14.0, 3.0) at world pos (-448.0, 0.0, 96.0) (total chunks: 629)
[23:23:27] TERRAIN: Creating chunk: (-13.0, -6.0) at distance 13.00
[23:23:27] TERRAIN: Chunk (-13.0, -6.0): TRIMESH collision created successfully (distance: 13.00, vertices: 8)
[23:23:27] TERRAIN: Chunk created successfully: (-13.0, -6.0) at world pos (-416.0, 0.0, -192.0) (total chunks: 630)
[23:23:27] TERRAIN: Creating chunk: (3.0, -14.0) at distance 13.60
[23:23:27] TERRAIN: Chunk (3.0, -14.0): TRIMESH collision created successfully (distance: 13.60, vertices: 8)
[23:23:27] TERRAIN: Chunk created successfully: (3.0, -14.0) at world pos (96.0, 0.0, -448.0) (total chunks: 631)
[23:23:27] TERRAIN: Creating chunk: (-13.0, 6.0) at distance 13.89
[23:23:27] TERRAIN: Chunk (-13.0, 6.0): TRIMESH collision created successfully (distance: 13.89, vertices: 8)
[23:23:27] TERRAIN: Chunk created successfully: (-13.0, 6.0) at world pos (-416.0, 0.0, 192.0) (total chunks: 632)
[23:23:27] TERRAIN: Creating chunk: (-6.0, 13.0) at distance 14.87
[23:23:27] TERRAIN: Chunk (-6.0, 13.0): TRIMESH collision created successfully (distance: 14.87, vertices: 8)
[23:23:27] TERRAIN: Chunk created successfully: (-6.0, 13.0) at world pos (-192.0, 0.0, 416.0) (total chunks: 633)
[23:23:27] TERRAIN: Creating chunk: (-14.0, -3.0) at distance 13.15
[23:23:27] TERRAIN: Chunk (-14.0, -3.0): TRIMESH collision created successfully (distance: 13.15, vertices: 8)
[23:23:27] TERRAIN: Chunk created successfully: (-14.0, -3.0) at world pos (-448.0, 0.0, -96.0) (total chunks: 634)
[23:23:27] TERRAIN: Creating chunk: (-3.0, -14.0) at distance 13.15
[23:23:27] TERRAIN: Chunk (-3.0, -14.0): TRIMESH collision created successfully (distance: 13.15, vertices: 8)
[23:23:27] TERRAIN: Chunk created successfully: (-3.0, -14.0) at world pos (-96.0, 0.0, -448.0) (total chunks: 635)
[23:23:27] TERRAIN: Creating chunk: (13.0, -6.0) at distance 14.87
[23:23:27] TERRAIN: Chunk (13.0, -6.0): TRIMESH collision created successfully (distance: 14.87, vertices: 8)
[23:23:27] TERRAIN: Chunk created successfully: (13.0, -6.0) at world pos (416.0, 0.0, -192.0) (total chunks: 636)
[23:23:27] TERRAIN: Creating chunk: (12.0, -8.0) at distance 14.76
[23:23:27] TERRAIN: Chunk (12.0, -8.0): TRIMESH collision created successfully (distance: 14.76, vertices: 8)
[23:23:27] TERRAIN: Chunk created successfully: (12.0, -8.0) at world pos (384.0, 0.0, -256.0) (total chunks: 637)
[23:23:27] TERRAIN: Creating chunk: (-12.0, -8.0) at distance 13.04
[23:23:27] TERRAIN: Chunk (-12.0, -8.0): TRIMESH collision created successfully (distance: 13.04, vertices: 8)
[23:23:27] TERRAIN: Chunk created successfully: (-12.0, -8.0) at world pos (-384.0, 0.0, -256.0) (total chunks: 638)
[23:23:27] TERRAIN: Creating chunk: (-12.0, 8.0) at distance 14.21
[23:23:27] TERRAIN: Chunk (-12.0, 8.0): TRIMESH collision created successfully (distance: 14.21, vertices: 8)
[23:23:27] TERRAIN: Chunk created successfully: (-12.0, 8.0) at world pos (-384.0, 0.0, 256.0) (total chunks: 639)
[23:23:27] TERRAIN: Creating chunk: (-8.0, -12.0) at distance 13.04
[23:23:27] TERRAIN: Chunk (-8.0, -12.0): TRIMESH collision created successfully (distance: 13.04, vertices: 8)
[23:23:27] TERRAIN: Chunk created successfully: (-8.0, -12.0) at world pos (-256.0, 0.0, -384.0) (total chunks: 640)
[23:23:27] TERRAIN: Creating chunk: (-8.0, 12.0) at distance 14.76
[23:23:27] TERRAIN: Chunk (-8.0, 12.0): TRIMESH collision created successfully (distance: 14.76, vertices: 8)
[23:23:27] TERRAIN: Chunk created successfully: (-8.0, 12.0) at world pos (-256.0, 0.0, 384.0) (total chunks: 641)
[23:23:27] TERRAIN: Creating chunk: (8.0, -12.0) at distance 14.21
[23:23:27] TERRAIN: Chunk (8.0, -12.0): TRIMESH collision created successfully (distance: 14.21, vertices: 8)
[23:23:27] TERRAIN: Chunk created successfully: (8.0, -12.0) at world pos (256.0, 0.0, -384.0) (total chunks: 642)
[23:23:27] TERRAIN: Creating chunk: (4.0, -14.0) at distance 13.93
[23:23:27] TERRAIN: Chunk (4.0, -14.0): TRIMESH collision created successfully (distance: 13.93, vertices: 8)
[23:23:27] TERRAIN: Chunk created successfully: (4.0, -14.0) at world pos (128.0, 0.0, -448.0) (total chunks: 643)
[23:23:27] TERRAIN: Creating chunk: (-4.0, -14.0) at distance 13.34
[23:23:27] TERRAIN: Chunk (-4.0, -14.0): TRIMESH collision created successfully (distance: 13.34, vertices: 8)
[23:23:27] TERRAIN: Chunk created successfully: (-4.0, -14.0) at world pos (-128.0, 0.0, -448.0) (total chunks: 644)
[23:23:27] PLAYER: Pos: (-2.405234, -0.02162, -5.567286) | Chunk: (-1.0, -1.0) | TerrainHeight: -0.02 | HeightDiff: -0.00 | OnFloor: true
[23:23:27] TERRAIN: Creating chunk: (-14.0, 4.0) at distance 13.93
[23:23:27] TERRAIN: Chunk (-14.0, 4.0): TRIMESH collision created successfully (distance: 13.93, vertices: 8)
[23:23:27] TERRAIN: Chunk created successfully: (-14.0, 4.0) at world pos (-448.0, 0.0, 128.0) (total chunks: 645)
[23:23:27] TERRAIN: Creating chunk: (-14.0, -4.0) at distance 13.34
[23:23:27] TERRAIN: Chunk (-14.0, -4.0): TRIMESH collision created successfully (distance: 13.34, vertices: 8)
[23:23:27] TERRAIN: Chunk created successfully: (-14.0, -4.0) at world pos (-448.0, 0.0, -128.0) (total chunks: 646)
[23:23:27] TERRAIN: Creating chunk: (7.0, -13.0) at distance 14.42
[23:23:27] TERRAIN: Chunk (7.0, -13.0): TRIMESH collision created successfully (distance: 14.42, vertices: 8)
[23:23:27] TERRAIN: Chunk created successfully: (7.0, -13.0) at world pos (224.0, 0.0, -416.0) (total chunks: 647)
[23:23:27] TERRAIN: Creating chunk: (-7.0, -13.0) at distance 13.42
[23:23:27] TERRAIN: Chunk (-7.0, -13.0): TRIMESH collision created successfully (distance: 13.42, vertices: 8)
[23:23:27] TERRAIN: Chunk created successfully: (-7.0, -13.0) at world pos (-224.0, 0.0, -416.0) (total chunks: 648)
[23:23:27] TERRAIN: Creating chunk: (-13.0, 7.0) at distance 14.42
[23:23:27] TERRAIN: Chunk (-13.0, 7.0): TRIMESH collision created successfully (distance: 14.42, vertices: 8)
[23:23:27] TERRAIN: Chunk created successfully: (-13.0, 7.0) at world pos (-416.0, 0.0, 224.0) (total chunks: 649)
[23:23:27] TERRAIN: Creating chunk: (-13.0, -7.0) at distance 13.42
[23:23:27] TERRAIN: Chunk (-13.0, -7.0): TRIMESH collision created successfully (distance: 13.42, vertices: 8)
[23:23:27] TERRAIN: Chunk created successfully: (-13.0, -7.0) at world pos (-416.0, 0.0, -224.0) (total chunks: 650)
[23:23:27] TERRAIN: Creating chunk: (11.0, -10.0) at distance 15.00
[23:23:27] TERRAIN: Chunk (11.0, -10.0): TRIMESH collision created successfully (distance: 15.00, vertices: 8)
[23:23:27] TERRAIN: Chunk created successfully: (11.0, -10.0) at world pos (352.0, 0.0, -320.0) (total chunks: 651)
[23:23:27] TERRAIN: Creating chunk: (10.0, -11.0) at distance 14.87
[23:23:27] TERRAIN: Chunk (10.0, -11.0): TRIMESH collision created successfully (distance: 14.87, vertices: 8)
[23:23:27] TERRAIN: Chunk created successfully: (10.0, -11.0) at world pos (320.0, 0.0, -352.0) (total chunks: 652)
[23:23:27] TERRAIN: Creating chunk: (5.0, -14.0) at distance 14.32
[23:23:27] TERRAIN: Chunk (5.0, -14.0): TRIMESH collision created successfully (distance: 14.32, vertices: 8)
[23:23:27] TERRAIN: Chunk created successfully: (5.0, -14.0) at world pos (160.0, 0.0, -448.0) (total chunks: 653)
[23:23:27] TERRAIN: Creating chunk: (-5.0, -14.0) at distance 13.60
[23:23:27] TERRAIN: Chunk (-5.0, -14.0): TRIMESH collision created successfully (distance: 13.60, vertices: 8)
[23:23:27] TERRAIN: Chunk created successfully: (-5.0, -14.0) at world pos (-160.0, 0.0, -448.0) (total chunks: 654)
[23:23:27] TERRAIN: Creating chunk: (-10.0, 11.0) at distance 15.00
[23:23:27] TERRAIN: Chunk (-10.0, 11.0): TRIMESH collision created successfully (distance: 15.00, vertices: 8)
[23:23:27] TERRAIN: Chunk created successfully: (-10.0, 11.0) at world pos (-320.0, 0.0, 352.0) (total chunks: 655)
[23:23:27] TERRAIN: Creating chunk: (-10.0, -11.0) at distance 13.45
[23:23:27] TERRAIN: Chunk (-10.0, -11.0): TRIMESH collision created successfully (distance: 13.45, vertices: 8)
[23:23:27] TERRAIN: Chunk created successfully: (-10.0, -11.0) at world pos (-320.0, 0.0, -352.0) (total chunks: 656)
[23:23:27] TERRAIN: Creating chunk: (-11.0, 10.0) at distance 14.87
[23:23:27] TERRAIN: Chunk (-11.0, 10.0): TRIMESH collision created successfully (distance: 14.87, vertices: 8)
[23:23:27] TERRAIN: Chunk created successfully: (-11.0, 10.0) at world pos (-352.0, 0.0, 320.0) (total chunks: 657)
[23:23:27] TERRAIN: Creating chunk: (-11.0, -10.0) at distance 13.45
[23:23:27] TERRAIN: Chunk (-11.0, -10.0): TRIMESH collision created successfully (distance: 13.45, vertices: 8)
[23:23:27] TERRAIN: Chunk created successfully: (-11.0, -10.0) at world pos (-352.0, 0.0, -320.0) (total chunks: 658)
[23:23:27] TERRAIN: Creating chunk: (-14.0, 5.0) at distance 14.32
[23:23:27] TERRAIN: Chunk (-14.0, 5.0): TRIMESH collision created successfully (distance: 14.32, vertices: 8)
[23:23:27] TERRAIN: Chunk created successfully: (-14.0, 5.0) at world pos (-448.0, 0.0, 160.0) (total chunks: 659)
[23:23:27] TERRAIN: Creating chunk: (-14.0, -5.0) at distance 13.60
[23:23:27] TERRAIN: Chunk (-14.0, -5.0): TRIMESH collision created successfully (distance: 13.60, vertices: 8)
[23:23:27] TERRAIN: Chunk created successfully: (-14.0, -5.0) at world pos (-448.0, 0.0, -160.0) (total chunks: 660)
[23:23:27] TERRAIN: Creating chunk: (9.0, -12.0) at distance 14.87
[23:23:27] TERRAIN: Chunk (9.0, -12.0): TRIMESH collision created successfully (distance: 14.87, vertices: 8)
[23:23:27] TERRAIN: Chunk created successfully: (9.0, -12.0) at world pos (288.0, 0.0, -384.0) (total chunks: 661)
[23:23:27] TERRAIN: Creating chunk: (0.0, -15.0) at distance 14.04
[23:23:27] TERRAIN: Chunk (0.0, -15.0): TRIMESH collision created successfully (distance: 14.04, vertices: 8)
[23:23:27] TERRAIN: Chunk created successfully: (0.0, -15.0) at world pos (0.0, 0.0, -480.0) (total chunks: 662)
[23:23:27] TERRAIN: Creating chunk: (-9.0, -12.0) at distance 13.60
[23:23:27] TERRAIN: Chunk (-9.0, -12.0): TRIMESH collision created successfully (distance: 13.60, vertices: 8)
[23:23:27] TERRAIN: Chunk created successfully: (-9.0, -12.0) at world pos (-288.0, 0.0, -384.0) (total chunks: 663)
[23:23:27] TERRAIN: Creating chunk: (-12.0, 9.0) at distance 14.87
[23:23:27] TERRAIN: Chunk (-12.0, 9.0): TRIMESH collision created successfully (distance: 14.87, vertices: 8)
[23:23:27] TERRAIN: Chunk created successfully: (-12.0, 9.0) at world pos (-384.0, 0.0, 288.0) (total chunks: 664)
[23:23:27] TERRAIN: Creating chunk: (-12.0, -9.0) at distance 13.60
[23:23:27] TERRAIN: Chunk (-12.0, -9.0): TRIMESH collision created successfully (distance: 13.60, vertices: 8)
[23:23:27] TERRAIN: Chunk created successfully: (-12.0, -9.0) at world pos (-384.0, 0.0, -288.0) (total chunks: 665)
[23:23:27] TERRAIN: Creating chunk: (-15.0, 0.0) at distance 14.04
[23:23:27] TERRAIN: Chunk (-15.0, 0.0): TRIMESH collision created successfully (distance: 14.04, vertices: 8)
[23:23:27] TERRAIN: Chunk created successfully: (-15.0, 0.0) at world pos (-480.0, 0.0, 0.0) (total chunks: 666)
[23:23:27] TERRAIN: Creating chunk: (-8.0, -13.0) at distance 13.89
[23:23:27] TERRAIN: Chunk (-8.0, -13.0): TRIMESH collision created successfully (distance: 13.89, vertices: 8)
[23:23:27] TERRAIN: Chunk created successfully: (-8.0, -13.0) at world pos (-256.0, 0.0, -416.0) (total chunks: 667)
[23:23:27] TERRAIN: Creating chunk: (-13.0, -8.0) at distance 13.89
[23:23:27] TERRAIN: Chunk (-13.0, -8.0): TRIMESH collision created successfully (distance: 13.89, vertices: 8)
[23:23:27] TERRAIN: Chunk created successfully: (-13.0, -8.0) at world pos (-416.0, 0.0, -256.0) (total chunks: 668)
[23:23:27] TERRAIN: Creating chunk: (-6.0, -14.0) at distance 13.93
[23:23:27] TERRAIN: Chunk (-6.0, -14.0): TRIMESH collision created successfully (distance: 13.93, vertices: 8)
[23:23:27] TERRAIN: Chunk created successfully: (-6.0, -14.0) at world pos (-192.0, 0.0, -448.0) (total chunks: 669)
[23:23:27] TERRAIN: Creating chunk: (-14.0, -6.0) at distance 13.93
[23:23:27] TERRAIN: Chunk (-14.0, -6.0): TRIMESH collision created successfully (distance: 13.93, vertices: 8)
[23:23:27] TERRAIN: Chunk created successfully: (-14.0, -6.0) at world pos (-448.0, 0.0, -192.0) (total chunks: 670)
[23:23:27] TERRAIN: Creating chunk: (-1.0, -15.0) at distance 14.00
[23:23:27] TERRAIN: Chunk (-1.0, -15.0): TRIMESH collision created successfully (distance: 14.00, vertices: 8)
[23:23:27] TERRAIN: Chunk created successfully: (-1.0, -15.0) at world pos (-32.0, 0.0, -480.0) (total chunks: 671)
[23:23:27] TERRAIN: Creating chunk: (-15.0, -1.0) at distance 14.00
[23:23:27] TERRAIN: Chunk (-15.0, -1.0): TRIMESH collision created successfully (distance: 14.00, vertices: 8)
[23:23:27] TERRAIN: Chunk created successfully: (-15.0, -1.0) at world pos (-480.0, 0.0, -32.0) (total chunks: 672)
[23:23:27] TERRAIN: Creating chunk: (-15.0, -2.0) at distance 14.04
[23:23:27] TERRAIN: Chunk (-15.0, -2.0): TRIMESH collision created successfully (distance: 14.04, vertices: 8)
[23:23:27] TERRAIN: Chunk created successfully: (-15.0, -2.0) at world pos (-480.0, 0.0, -64.0) (total chunks: 673)
[23:23:27] TERRAIN: Creating chunk: (-2.0, -15.0) at distance 14.04
[23:23:27] TERRAIN: Chunk (-2.0, -15.0): TRIMESH collision created successfully (distance: 14.04, vertices: 8)
[23:23:27] TERRAIN: Chunk created successfully: (-2.0, -15.0) at world pos (-64.0, 0.0, -480.0) (total chunks: 674)
[23:23:27] TERRAIN: Creating chunk: (-11.0, -11.0) at distance 14.14
[23:23:27] TERRAIN: Chunk (-11.0, -11.0): TRIMESH collision created successfully (distance: 14.14, vertices: 8)
[23:23:27] TERRAIN: Chunk created successfully: (-11.0, -11.0) at world pos (-352.0, 0.0, -352.0) (total chunks: 675)
[23:23:27] TERRAIN: Creating chunk: (-3.0, -15.0) at distance 14.14
[23:23:27] TERRAIN: Chunk (-3.0, -15.0): TRIMESH collision created successfully (distance: 14.14, vertices: 8)
[23:23:27] TERRAIN: Chunk created successfully: (-3.0, -15.0) at world pos (-96.0, 0.0, -480.0) (total chunks: 676)
[23:23:27] TERRAIN: Creating chunk: (1.0, -15.0) at distance 14.14
[23:23:27] TERRAIN: Chunk (1.0, -15.0): TRIMESH collision created successfully (distance: 14.14, vertices: 8)
[23:23:27] TERRAIN: Chunk created successfully: (1.0, -15.0) at world pos (32.0, 0.0, -480.0) (total chunks: 677)
[23:23:27] TERRAIN: Creating chunk: (-15.0, -3.0) at distance 14.14
[23:23:27] TERRAIN: Chunk (-15.0, -3.0): TRIMESH collision created successfully (distance: 14.14, vertices: 8)
[23:23:27] TERRAIN: Chunk created successfully: (-15.0, -3.0) at world pos (-480.0, 0.0, -96.0) (total chunks: 678)
[23:23:27] TERRAIN: Creating chunk: (-15.0, 1.0) at distance 14.14
[23:23:27] TERRAIN: Chunk (-15.0, 1.0): TRIMESH collision created successfully (distance: 14.14, vertices: 8)
[23:23:27] TERRAIN: Chunk created successfully: (-15.0, 1.0) at world pos (-480.0, 0.0, 32.0) (total chunks: 679)
[23:23:27] TERRAIN: Creating chunk: (-10.0, -12.0) at distance 14.21
[23:23:27] TERRAIN: Chunk (-10.0, -12.0): TRIMESH collision created successfully (distance: 14.21, vertices: 8)
[23:23:27] TERRAIN: Chunk created successfully: (-10.0, -12.0) at world pos (-320.0, 0.0, -384.0) (total chunks: 680)
[23:23:27] TERRAIN: Creating chunk: (-12.0, -10.0) at distance 14.21
[23:23:27] TERRAIN: Chunk (-12.0, -10.0): TRIMESH collision created successfully (distance: 14.21, vertices: 8)
[23:23:27] TERRAIN: Chunk created successfully: (-12.0, -10.0) at world pos (-384.0, 0.0, -320.0) (total chunks: 681)
[23:23:27] TERRAIN: Creating chunk: (-15.0, 2.0) at distance 14.32
[23:23:27] TERRAIN: Chunk (-15.0, 2.0): TRIMESH collision created successfully (distance: 14.32, vertices: 8)
[23:23:27] TERRAIN: Chunk created successfully: (-15.0, 2.0) at world pos (-480.0, 0.0, 64.0) (total chunks: 682)
[23:23:27] TERRAIN: Creating chunk: (-14.0, -7.0) at distance 14.32
[23:23:27] TERRAIN: Chunk (-14.0, -7.0): TRIMESH collision created successfully (distance: 14.32, vertices: 8)
[23:23:27] TERRAIN: Chunk created successfully: (-14.0, -7.0) at world pos (-448.0, 0.0, -224.0) (total chunks: 683)
[23:23:27] TERRAIN: Creating chunk: (-4.0, -15.0) at distance 14.32
[23:23:27] TERRAIN: Chunk (-4.0, -15.0): TRIMESH collision created successfully (distance: 14.32, vertices: 8)
[23:23:27] TERRAIN: Chunk created successfully: (-4.0, -15.0) at world pos (-128.0, 0.0, -480.0) (total chunks: 684)
[23:23:27] TERRAIN: Creating chunk: (-15.0, -4.0) at distance 14.32
[23:23:27] TERRAIN: Chunk (-15.0, -4.0): TRIMESH collision created successfully (distance: 14.32, vertices: 8)
[23:23:27] TERRAIN: Chunk created successfully: (-15.0, -4.0) at world pos (-480.0, 0.0, -128.0) (total chunks: 685)
[23:23:27] TERRAIN: Creating chunk: (-7.0, -14.0) at distance 14.32
[23:23:27] TERRAIN: Chunk (-7.0, -14.0): TRIMESH collision created successfully (distance: 14.32, vertices: 8)
[23:23:27] TERRAIN: Chunk created successfully: (-7.0, -14.0) at world pos (-224.0, 0.0, -448.0) (total chunks: 686)
[23:23:27] TERRAIN: Creating chunk: (2.0, -15.0) at distance 14.32
[23:23:27] TERRAIN: Chunk (2.0, -15.0): TRIMESH collision created successfully (distance: 14.32, vertices: 8)
[23:23:27] TERRAIN: Chunk created successfully: (2.0, -15.0) at world pos (64.0, 0.0, -480.0) (total chunks: 687)
[23:23:27] TERRAIN: Creating chunk: (-13.0, -9.0) at distance 14.42
[23:23:27] TERRAIN: Chunk (-13.0, -9.0): TRIMESH collision created successfully (distance: 14.42, vertices: 8)
[23:23:27] TERRAIN: Chunk created successfully: (-13.0, -9.0) at world pos (-416.0, 0.0, -288.0) (total chunks: 688)
[23:23:27] TERRAIN: Creating chunk: (-9.0, -13.0) at distance 14.42
[23:23:27] TERRAIN: Chunk (-9.0, -13.0): TRIMESH collision created successfully (distance: 14.42, vertices: 8)
[23:23:27] TERRAIN: Chunk created successfully: (-9.0, -13.0) at world pos (-288.0, 0.0, -416.0) (total chunks: 689)
[23:23:27] TERRAIN: Creating chunk: (-15.0, 3.0) at distance 14.56
[23:23:27] TERRAIN: Chunk (-15.0, 3.0): TRIMESH collision created successfully (distance: 14.56, vertices: 8)
[23:23:27] TERRAIN: Chunk created successfully: (-15.0, 3.0) at world pos (-480.0, 0.0, 96.0) (total chunks: 690)
[23:23:27] TERRAIN: Creating chunk: (3.0, -15.0) at distance 14.56
[23:23:27] TERRAIN: Chunk (3.0, -15.0): TRIMESH collision created successfully (distance: 14.56, vertices: 8)
[23:23:27] TERRAIN: Chunk created successfully: (3.0, -15.0) at world pos (96.0, 0.0, -480.0) (total chunks: 691)
[23:23:27] TERRAIN: Creating chunk: (-15.0, -5.0) at distance 14.56
[23:23:27] TERRAIN: Chunk (-15.0, -5.0): TRIMESH collision created successfully (distance: 14.56, vertices: 8)
[23:23:27] TERRAIN: Chunk created successfully: (-15.0, -5.0) at world pos (-480.0, 0.0, -160.0) (total chunks: 692)
[23:23:27] TERRAIN: Creating chunk: (-5.0, -15.0) at distance 14.56
[23:23:27] TERRAIN: Chunk (-5.0, -15.0): TRIMESH collision created successfully (distance: 14.56, vertices: 8)
[23:23:27] TERRAIN: Chunk created successfully: (-5.0, -15.0) at world pos (-160.0, 0.0, -480.0) (total chunks: 693)
[23:23:27] TERRAIN: Creating chunk: (6.0, -14.0) at distance 14.76
[23:23:27] TERRAIN: Chunk (6.0, -14.0): TRIMESH collision created successfully (distance: 14.76, vertices: 8)
[23:23:27] TERRAIN: Chunk created successfully: (6.0, -14.0) at world pos (192.0, 0.0, -448.0) (total chunks: 694)
[23:23:27] TERRAIN: Creating chunk: (-14.0, 6.0) at distance 14.76
[23:23:27] TERRAIN: Chunk (-14.0, 6.0): TRIMESH collision created successfully (distance: 14.76, vertices: 8)
[23:23:27] TERRAIN: Chunk created successfully: (-14.0, 6.0) at world pos (-448.0, 0.0, 192.0) (total chunks: 695)
[23:23:27] TERRAIN: Creating chunk: (-14.0, -8.0) at distance 14.76
[23:23:27] TERRAIN: Chunk (-14.0, -8.0): TRIMESH collision created successfully (distance: 14.76, vertices: 8)
[23:23:27] TERRAIN: Chunk created successfully: (-14.0, -8.0) at world pos (-448.0, 0.0, -256.0) (total chunks: 696)
[23:23:27] TERRAIN: Creating chunk: (-8.0, -14.0) at distance 14.76
[23:23:27] TERRAIN: Chunk (-8.0, -14.0): TRIMESH collision created successfully (distance: 14.76, vertices: 8)
[23:23:27] TERRAIN: Chunk created successfully: (-8.0, -14.0) at world pos (-256.0, 0.0, -448.0) (total chunks: 697)
[23:23:27] TERRAIN: Creating chunk: (-6.0, -15.0) at distance 14.87
[23:23:27] TERRAIN: Chunk (-6.0, -15.0): TRIMESH collision created successfully (distance: 14.87, vertices: 8)
[23:23:27] TERRAIN: Chunk created successfully: (-6.0, -15.0) at world pos (-192.0, 0.0, -480.0) (total chunks: 698)
[23:23:27] TERRAIN: Creating chunk: (-11.0, -12.0) at distance 14.87
[23:23:27] TERRAIN: Chunk (-11.0, -12.0): TRIMESH collision created successfully (distance: 14.87, vertices: 8)
[23:23:27] TERRAIN: Chunk created successfully: (-11.0, -12.0) at world pos (-352.0, 0.0, -384.0) (total chunks: 699)
[23:23:27] TERRAIN: Creating chunk: (-12.0, -11.0) at distance 14.87
[23:23:27] TERRAIN: Chunk (-12.0, -11.0): TRIMESH collision created successfully (distance: 14.87, vertices: 8)
[23:23:27] TERRAIN: Chunk created successfully: (-12.0, -11.0) at world pos (-384.0, 0.0, -352.0) (total chunks: 700)
[23:23:27] TERRAIN: Creating chunk: (4.0, -15.0) at distance 14.87
[23:23:27] TERRAIN: Chunk (4.0, -15.0): TRIMESH collision created successfully (distance: 14.87, vertices: 8)
[23:23:27] TERRAIN: Chunk created successfully: (4.0, -15.0) at world pos (128.0, 0.0, -480.0) (total chunks: 701)
[23:23:27] TERRAIN: Creating chunk: (-15.0, 4.0) at distance 14.87
[23:23:27] TERRAIN: Chunk (-15.0, 4.0): TRIMESH collision created successfully (distance: 14.87, vertices: 8)
[23:23:27] TERRAIN: Chunk created successfully: (-15.0, 4.0) at world pos (-480.0, 0.0, 128.0) (total chunks: 702)
[23:23:27] TERRAIN: Creating chunk: (-15.0, -6.0) at distance 14.87
[23:23:27] TERRAIN: Chunk (-15.0, -6.0): TRIMESH collision created successfully (distance: 14.87, vertices: 8)
[23:23:27] TERRAIN: Chunk created successfully: (-15.0, -6.0) at world pos (-480.0, 0.0, -192.0) (total chunks: 703)
[23:23:27] TERRAIN: Creating chunk: (8.0, -13.0) at distance 15.00
[23:23:27] TERRAIN: Chunk (8.0, -13.0): TRIMESH collision created successfully (distance: 15.00, vertices: 8)
[23:23:27] TERRAIN: Chunk created successfully: (8.0, -13.0) at world pos (256.0, 0.0, -416.0) (total chunks: 704)
[23:23:27] TERRAIN: Creating chunk: (-1.0, -16.0) at distance 15.00
[23:23:27] TERRAIN: Chunk (-1.0, -16.0): TRIMESH collision created successfully (distance: 15.00, vertices: 8)
[23:23:27] TERRAIN: Chunk created successfully: (-1.0, -16.0) at world pos (-32.0, 0.0, -512.0) (total chunks: 705)
[23:23:27] TERRAIN: Creating chunk: (-10.0, -13.0) at distance 15.00
[23:23:27] TERRAIN: Chunk (-10.0, -13.0): TRIMESH collision created successfully (distance: 15.00, vertices: 8)
[23:23:27] TERRAIN: Chunk created successfully: (-10.0, -13.0) at world pos (-320.0, 0.0, -416.0) (total chunks: 706)
[23:23:27] TERRAIN: Creating chunk: (-13.0, 8.0) at distance 15.00
[23:23:27] TERRAIN: Chunk (-13.0, 8.0): TRIMESH collision created successfully (distance: 15.00, vertices: 8)
[23:23:27] TERRAIN: Chunk created successfully: (-13.0, 8.0) at world pos (-416.0, 0.0, 256.0) (total chunks: 707)
[23:23:27] TERRAIN: Creating chunk: (-13.0, -10.0) at distance 15.00
[23:23:27] TERRAIN: Chunk (-13.0, -10.0): TRIMESH collision created successfully (distance: 15.00, vertices: 8)
[23:23:27] TERRAIN: Chunk created successfully: (-13.0, -10.0) at world pos (-416.0, 0.0, -320.0) (total chunks: 708)
[23:23:28] TERRAIN: Creating chunk: (-16.0, -1.0) at distance 15.00
[23:23:28] TERRAIN: Chunk (-16.0, -1.0): TRIMESH collision created successfully (distance: 15.00, vertices: 8)
[23:23:28] TERRAIN: Chunk created successfully: (-16.0, -1.0) at world pos (-512.0, 0.0, -32.0) (total chunks: 709)
[23:23:28] PLAYER: Pos: (-2.405234, -0.02162, -5.567286) | Chunk: (-1.0, -1.0) | TerrainHeight: -0.02 | HeightDiff: -0.00 | OnFloor: true
[23:23:29] PLAYER: Pos: (-0.322247, -0.024082, -5.604735) | Chunk: (-1.0, -1.0) | TerrainHeight: -0.03 | HeightDiff: 0.00 | OnFloor: true
[23:23:29] TERRAIN: Player moved to new chunk: (0.0, -1.0) (was (-1.0, -1.0))
[23:23:30] PLAYER: Pos: (4.630447, -0.022707, -5.120406) | Chunk: (0.0, -1.0) | TerrainHeight: -0.02 | HeightDiff: 0.00 | OnFloor: true
[23:23:30] PLAYER: CHUNK CHANGED: (-1.0, -1.0) -> (0.0, -1.0)
[23:23:31] PLAYER: Pos: (9.394125, -0.020157, -4.318724) | Chunk: (0.0, -1.0) | TerrainHeight: -0.02 | HeightDiff: -0.00 | OnFloor: true
[23:23:32] PLAYER: Pos: (11.45349, -0.022403, -4.003561) | Chunk: (0.0, -1.0) | TerrainHeight: -0.02 | HeightDiff: 0.00 | OnFloor: true
[23:23:33] PLAYER: Pos: (11.45349, -0.022403, -4.003561) | Chunk: (0.0, -1.0) | TerrainHeight: -0.02 | HeightDiff: 0.00 | OnFloor: true
[23:23:34] PLAYER: Pos: (11.45349, -0.022403, -4.003561) | Chunk: (0.0, -1.0) | TerrainHeight: -0.02 | HeightDiff: 0.00 | OnFloor: true
[23:23:35] PLAYER: Pos: (11.45349, -0.022403, -4.003561) | Chunk: (0.0, -1.0) | TerrainHeight: -0.02 | HeightDiff: 0.00 | OnFloor: true
[23:23:36] PLAYER: Pos: (14.19398, -0.020956, -2.90539) | Chunk: (0.0, -1.0) | TerrainHeight: -0.02 | HeightDiff: 0.00 | OnFloor: true
[23:23:37] PLAYER: Pos: (14.44282, -0.020956, -2.881306) | Chunk: (0.0, -1.0) | TerrainHeight: -0.02 | HeightDiff: 0.00 | OnFloor: true
[23:23:38] PLAYER: Pos: (14.44282, -0.020956, -2.881306) | Chunk: (0.0, -1.0) | TerrainHeight: -0.02 | HeightDiff: 0.00 | OnFloor: true
[23:23:39] PLAYER: Pos: (14.44282, -0.020956, -2.881306) | Chunk: (0.0, -1.0) | TerrainHeight: -0.02 | HeightDiff: 0.00 | OnFloor: true
[23:23:40] PLAYER: Pos: (14.44282, -0.020956, -2.881306) | Chunk: (0.0, -1.0) | TerrainHeight: -0.02 | HeightDiff: 0.00 | OnFloor: true
[23:23:41] PLAYER: Pos: (14.44282, -0.020956, -2.881306) | Chunk: (0.0, -1.0) | TerrainHeight: -0.02 | HeightDiff: 0.00 | OnFloor: true
[23:23:42] PLAYER: Pos: (14.44282, -0.020956, -2.881306) | Chunk: (0.0, -1.0) | TerrainHeight: -0.02 | HeightDiff: 0.00 | OnFloor: true
[23:23:43] PLAYER: Pos: (14.44282, -0.020956, -2.881306) | Chunk: (0.0, -1.0) | TerrainHeight: -0.02 | HeightDiff: 0.00 | OnFloor: true
[23:23:44] PLAYER: Pos: (14.31981, -0.022079, -3.451529) | Chunk: (0.0, -1.0) | TerrainHeight: -0.02 | HeightDiff: 0.00 | OnFloor: true
[23:23:45] PLAYER: Pos: (14.30224, -0.023202, -3.532989) | Chunk: (0.0, -1.0) | TerrainHeight: -0.02 | HeightDiff: 0.00 | OnFloor: true
[23:23:46] PLAYER: Pos: (14.30224, -0.023202, -3.532989) | Chunk: (0.0, -1.0) | TerrainHeight: -0.02 | HeightDiff: 0.00 | OnFloor: true
[23:23:47] PLAYER: Pos: (14.30224, -0.023202, -3.532989) | Chunk: (0.0, -1.0) | TerrainHeight: -0.02 | HeightDiff: 0.00 | OnFloor: true
[23:23:48] PLAYER: Pos: (14.30224, -0.023202, -3.532989) | Chunk: (0.0, -1.0) | TerrainHeight: -0.02 | HeightDiff: 0.00 | OnFloor: true
[23:23:49] PLAYER: Pos: (14.30224, -0.023202, -3.532989) | Chunk: (0.0, -1.0) | TerrainHeight: -0.02 | HeightDiff: 0.00 | OnFloor: true
[23:23:50] PLAYER: Pos: (16.21778, -0.023202, -3.598825) | Chunk: (0.0, -1.0) | TerrainHeight: -0.02 | HeightDiff: 0.00 | OnFloor: true
[23:23:51] PLAYER: Pos: (19.67301, -0.009855, -0.466298) | Chunk: (0.0, -1.0) | TerrainHeight: -0.01 | HeightDiff: 0.00 | OnFloor: true
[23:23:51] TERRAIN: Player moved to new chunk: (0.0, 0.0) (was (0.0, -1.0))
[23:23:51] TERRAIN: Updating terrain for player chunk: (0.0, 0.0) (player pos: (20.45305, -0.00812, 0.015149))
[23:23:51] TERRAIN: Player chunk (0.0, 0.0) distance: 0.00 (max_distance: 20)
[23:23:51] TERRAIN: Queuing 43 new chunks for generation
[23:23:51] TERRAIN: Queued chunk: (12.0, 7.0) (distance: 13.89)
[23:23:51] TERRAIN: Queued chunk: (7.0, 12.0) (distance: 13.89)
[23:23:51] TERRAIN: Queued chunk: (13.0, 5.0) (distance: 13.93)
[23:23:51] TERRAIN: Queued chunk: (5.0, 13.0) (distance: 13.93)
[23:23:51] TERRAIN: Queued chunk: (14.0, 0.0) (distance: 14.00)
[23:23:51] TERRAIN: Queued chunk: (0.0, 14.0) (distance: 14.00)
[23:23:51] TERRAIN: Queued chunk: (1.0, 14.0) (distance: 14.04)
[23:23:51] TERRAIN: Queued chunk: (14.0, 1.0) (distance: 14.04)
[23:23:51] TERRAIN: Queued chunk: (-2.0, 14.0) (distance: 14.14)
[23:23:51] TERRAIN: Queued chunk: (2.0, 14.0) (distance: 14.14)
[23:23:51] TERRAIN: Queued chunk: (10.0, 10.0) (distance: 14.14)
[23:23:51] TERRAIN: Queued chunk: (14.0, 2.0) (distance: 14.14)
[23:23:51] TERRAIN: Queued chunk: (14.0, -2.0) (distance: 14.14)
[23:23:51] TERRAIN: Queued chunk: (11.0, 9.0) (distance: 14.21)
[23:23:51] TERRAIN: Queued chunk: (9.0, 11.0) (distance: 14.21)
[23:23:51] TERRAIN: Queued chunk: (14.0, 3.0) (distance: 14.32)
[23:23:51] TERRAIN: Queued chunk: (6.0, 13.0) (distance: 14.32)
[23:23:51] TERRAIN: Queued chunk: (14.0, -3.0) (distance: 14.32)
[23:23:51] TERRAIN: Queued chunk: (-3.0, 14.0) (distance: 14.32)
[23:23:51] TERRAIN: Queued chunk: (13.0, 6.0) (distance: 14.32)
[23:23:51] TERRAIN: Queued chunk: (3.0, 14.0) (distance: 14.32)
[23:23:51] TERRAIN: Queued chunk: (8.0, 12.0) (distance: 14.42)
[23:23:51] TERRAIN: Queued chunk: (12.0, 8.0) (distance: 14.42)
[23:23:51] TERRAIN: Queued chunk: (14.0, -4.0) (distance: 14.56)
[23:23:51] TERRAIN: Queued chunk: (14.0, 4.0) (distance: 14.56)
[23:23:51] TERRAIN: Queued chunk: (4.0, 14.0) (distance: 14.56)
[23:23:51] TERRAIN: Queued chunk: (-4.0, 14.0) (distance: 14.56)
[23:23:51] TERRAIN: Queued chunk: (7.0, 13.0) (distance: 14.76)
[23:23:51] TERRAIN: Queued chunk: (13.0, -7.0) (distance: 14.76)
[23:23:51] TERRAIN: Queued chunk: (13.0, 7.0) (distance: 14.76)
[23:23:51] TERRAIN: Queued chunk: (-7.0, 13.0) (distance: 14.76)
[23:23:51] TERRAIN: Queued chunk: (11.0, 10.0) (distance: 14.87)
[23:23:51] TERRAIN: Queued chunk: (10.0, 11.0) (distance: 14.87)
[23:23:51] TERRAIN: Queued chunk: (5.0, 14.0) (distance: 14.87)
[23:23:51] TERRAIN: Queued chunk: (14.0, -5.0) (distance: 14.87)
[23:23:51] TERRAIN: Queued chunk: (14.0, 5.0) (distance: 14.87)
[23:23:51] TERRAIN: Queued chunk: (-5.0, 14.0) (distance: 14.87)
[23:23:51] TERRAIN: Queued chunk: (15.0, 0.0) (distance: 15.00)
[23:23:51] TERRAIN: Queued chunk: (12.0, 9.0) (distance: 15.00)
[23:23:51] TERRAIN: Queued chunk: (12.0, -9.0) (distance: 15.00)
[23:23:51] TERRAIN: Queued chunk: (9.0, 12.0) (distance: 15.00)
[23:23:51] TERRAIN: Queued chunk: (0.0, 15.0) (distance: 15.00)
[23:23:51] TERRAIN: Queued chunk: (-9.0, 12.0) (distance: 15.00)
[23:23:51] TERRAIN: Creating chunk: (12.0, 7.0) at distance 13.89
[23:23:51] TERRAIN: Chunk (12.0, 7.0): TRIMESH collision created successfully (distance: 13.89, vertices: 8)
[23:23:51] TERRAIN: Chunk created successfully: (12.0, 7.0) at world pos (384.0, 0.0, 224.0) (total chunks: 710)
[23:23:51] TERRAIN: Creating chunk: (7.0, 12.0) at distance 13.89
[23:23:51] TERRAIN: Chunk (7.0, 12.0): TRIMESH collision created successfully (distance: 13.89, vertices: 8)
[23:23:51] TERRAIN: Chunk created successfully: (7.0, 12.0) at world pos (224.0, 0.0, 384.0) (total chunks: 711)
[23:23:51] TERRAIN: Creating chunk: (13.0, 5.0) at distance 13.93
[23:23:51] TERRAIN: Chunk (13.0, 5.0): TRIMESH collision created successfully (distance: 13.93, vertices: 8)
[23:23:51] TERRAIN: Chunk created successfully: (13.0, 5.0) at world pos (416.0, 0.0, 160.0) (total chunks: 712)
[23:23:51] TERRAIN: Creating chunk: (5.0, 13.0) at distance 13.93
[23:23:51] TERRAIN: Chunk (5.0, 13.0): TRIMESH collision created successfully (distance: 13.93, vertices: 8)
[23:23:51] TERRAIN: Chunk created successfully: (5.0, 13.0) at world pos (160.0, 0.0, 416.0) (total chunks: 713)
[23:23:51] TERRAIN: Creating chunk: (14.0, 0.0) at distance 14.00
[23:23:51] TERRAIN: Chunk (14.0, 0.0): TRIMESH collision created successfully (distance: 14.00, vertices: 8)
[23:23:51] TERRAIN: Chunk created successfully: (14.0, 0.0) at world pos (448.0, 0.0, 0.0) (total chunks: 714)
[23:23:51] TERRAIN: Creating chunk: (0.0, 14.0) at distance 14.00
[23:23:51] TERRAIN: Chunk (0.0, 14.0): TRIMESH collision created successfully (distance: 14.00, vertices: 8)
[23:23:51] TERRAIN: Chunk created successfully: (0.0, 14.0) at world pos (0.0, 0.0, 448.0) (total chunks: 715)
[23:23:51] TERRAIN: Creating chunk: (1.0, 14.0) at distance 14.04
[23:23:51] TERRAIN: Chunk (1.0, 14.0): TRIMESH collision created successfully (distance: 14.04, vertices: 8)
[23:23:51] TERRAIN: Chunk created successfully: (1.0, 14.0) at world pos (32.0, 0.0, 448.0) (total chunks: 716)
[23:23:51] TERRAIN: Creating chunk: (14.0, 1.0) at distance 14.04
[23:23:51] TERRAIN: Chunk (14.0, 1.0): TRIMESH collision created successfully (distance: 14.04, vertices: 8)
[23:23:51] TERRAIN: Chunk created successfully: (14.0, 1.0) at world pos (448.0, 0.0, 32.0) (total chunks: 717)
[23:23:51] TERRAIN: Creating chunk: (-2.0, 14.0) at distance 14.14
[23:23:51] TERRAIN: Chunk (-2.0, 14.0): TRIMESH collision created successfully (distance: 14.14, vertices: 8)
[23:23:51] TERRAIN: Chunk created successfully: (-2.0, 14.0) at world pos (-64.0, 0.0, 448.0) (total chunks: 718)
[23:23:51] TERRAIN: Creating chunk: (2.0, 14.0) at distance 14.14
[23:23:51] TERRAIN: Chunk (2.0, 14.0): TRIMESH collision created successfully (distance: 14.14, vertices: 8)
[23:23:51] TERRAIN: Chunk created successfully: (2.0, 14.0) at world pos (64.0, 0.0, 448.0) (total chunks: 719)
[23:23:51] TERRAIN: Creating chunk: (10.0, 10.0) at distance 14.14
[23:23:51] TERRAIN: Chunk (10.0, 10.0): TRIMESH collision created successfully (distance: 14.14, vertices: 8)
[23:23:51] TERRAIN: Chunk created successfully: (10.0, 10.0) at world pos (320.0, 0.0, 320.0) (total chunks: 720)
[23:23:51] TERRAIN: Creating chunk: (14.0, 2.0) at distance 14.14
[23:23:51] TERRAIN: Chunk (14.0, 2.0): TRIMESH collision created successfully (distance: 14.14, vertices: 8)
[23:23:51] TERRAIN: Chunk created successfully: (14.0, 2.0) at world pos (448.0, 0.0, 64.0) (total chunks: 721)
[23:23:51] TERRAIN: Creating chunk: (14.0, -2.0) at distance 14.14
[23:23:51] TERRAIN: Chunk (14.0, -2.0): TRIMESH collision created successfully (distance: 14.14, vertices: 8)
[23:23:51] TERRAIN: Chunk created successfully: (14.0, -2.0) at world pos (448.0, 0.0, -64.0) (total chunks: 722)
[23:23:51] TERRAIN: Creating chunk: (11.0, 9.0) at distance 14.21
[23:23:51] TERRAIN: Chunk (11.0, 9.0): TRIMESH collision created successfully (distance: 14.21, vertices: 8)
[23:23:51] TERRAIN: Chunk created successfully: (11.0, 9.0) at world pos (352.0, 0.0, 288.0) (total chunks: 723)
[23:23:51] TERRAIN: Creating chunk: (9.0, 11.0) at distance 14.21
[23:23:51] TERRAIN: Chunk (9.0, 11.0): TRIMESH collision created successfully (distance: 14.21, vertices: 8)
[23:23:51] TERRAIN: Chunk created successfully: (9.0, 11.0) at world pos (288.0, 0.0, 352.0) (total chunks: 724)
[23:23:51] TERRAIN: Creating chunk: (14.0, 3.0) at distance 14.32
[23:23:51] TERRAIN: Chunk (14.0, 3.0): TRIMESH collision created successfully (distance: 14.32, vertices: 8)
[23:23:51] TERRAIN: Chunk created successfully: (14.0, 3.0) at world pos (448.0, 0.0, 96.0) (total chunks: 725)
[23:23:51] TERRAIN: Creating chunk: (6.0, 13.0) at distance 14.32
[23:23:51] TERRAIN: Chunk (6.0, 13.0): TRIMESH collision created successfully (distance: 14.32, vertices: 8)
[23:23:51] TERRAIN: Chunk created successfully: (6.0, 13.0) at world pos (192.0, 0.0, 416.0) (total chunks: 726)
[23:23:51] TERRAIN: Creating chunk: (14.0, -3.0) at distance 14.32
[23:23:51] TERRAIN: Chunk (14.0, -3.0): TRIMESH collision created successfully (distance: 14.32, vertices: 8)
[23:23:51] TERRAIN: Chunk created successfully: (14.0, -3.0) at world pos (448.0, 0.0, -96.0) (total chunks: 727)
[23:23:51] TERRAIN: Creating chunk: (-3.0, 14.0) at distance 14.32
[23:23:51] TERRAIN: Chunk (-3.0, 14.0): TRIMESH collision created successfully (distance: 14.32, vertices: 8)
[23:23:51] TERRAIN: Chunk created successfully: (-3.0, 14.0) at world pos (-96.0, 0.0, 448.0) (total chunks: 728)
[23:23:51] TERRAIN: Creating chunk: (13.0, 6.0) at distance 14.32
[23:23:51] TERRAIN: Chunk (13.0, 6.0): TRIMESH collision created successfully (distance: 14.32, vertices: 8)
[23:23:51] TERRAIN: Chunk created successfully: (13.0, 6.0) at world pos (416.0, 0.0, 192.0) (total chunks: 729)
[23:23:51] TERRAIN: Creating chunk: (3.0, 14.0) at distance 14.32
[23:23:51] TERRAIN: Chunk (3.0, 14.0): TRIMESH collision created successfully (distance: 14.32, vertices: 8)
[23:23:51] TERRAIN: Chunk created successfully: (3.0, 14.0) at world pos (96.0, 0.0, 448.0) (total chunks: 730)
[23:23:51] TERRAIN: Creating chunk: (8.0, 12.0) at distance 14.42
[23:23:51] TERRAIN: Chunk (8.0, 12.0): TRIMESH collision created successfully (distance: 14.42, vertices: 8)
[23:23:51] TERRAIN: Chunk created successfully: (8.0, 12.0) at world pos (256.0, 0.0, 384.0) (total chunks: 731)
[23:23:51] TERRAIN: Creating chunk: (12.0, 8.0) at distance 14.42
[23:23:51] TERRAIN: Chunk (12.0, 8.0): TRIMESH collision created successfully (distance: 14.42, vertices: 8)
[23:23:51] TERRAIN: Chunk created successfully: (12.0, 8.0) at world pos (384.0, 0.0, 256.0) (total chunks: 732)
[23:23:51] TERRAIN: Creating chunk: (14.0, -4.0) at distance 14.56
[23:23:51] TERRAIN: Chunk (14.0, -4.0): TRIMESH collision created successfully (distance: 14.56, vertices: 8)
[23:23:51] TERRAIN: Chunk created successfully: (14.0, -4.0) at world pos (448.0, 0.0, -128.0) (total chunks: 733)
[23:23:51] TERRAIN: Creating chunk: (14.0, 4.0) at distance 14.56
[23:23:51] TERRAIN: Chunk (14.0, 4.0): TRIMESH collision created successfully (distance: 14.56, vertices: 8)
[23:23:51] TERRAIN: Chunk created successfully: (14.0, 4.0) at world pos (448.0, 0.0, 128.0) (total chunks: 734)
[23:23:51] TERRAIN: Creating chunk: (4.0, 14.0) at distance 14.56
[23:23:51] TERRAIN: Chunk (4.0, 14.0): TRIMESH collision created successfully (distance: 14.56, vertices: 8)
[23:23:51] TERRAIN: Chunk created successfully: (4.0, 14.0) at world pos (128.0, 0.0, 448.0) (total chunks: 735)
[23:23:51] TERRAIN: Creating chunk: (-4.0, 14.0) at distance 14.56
[23:23:51] TERRAIN: Chunk (-4.0, 14.0): TRIMESH collision created successfully (distance: 14.56, vertices: 8)
[23:23:51] TERRAIN: Chunk created successfully: (-4.0, 14.0) at world pos (-128.0, 0.0, 448.0) (total chunks: 736)
[23:23:51] TERRAIN: Creating chunk: (7.0, 13.0) at distance 14.76
[23:23:51] TERRAIN: Chunk (7.0, 13.0): TRIMESH collision created successfully (distance: 14.76, vertices: 8)
[23:23:51] TERRAIN: Chunk created successfully: (7.0, 13.0) at world pos (224.0, 0.0, 416.0) (total chunks: 737)
[23:23:51] TERRAIN: Creating chunk: (13.0, -7.0) at distance 14.76
[23:23:51] TERRAIN: Chunk (13.0, -7.0): TRIMESH collision created successfully (distance: 14.76, vertices: 8)
[23:23:51] TERRAIN: Chunk created successfully: (13.0, -7.0) at world pos (416.0, 0.0, -224.0) (total chunks: 738)
[23:23:51] TERRAIN: Creating chunk: (13.0, 7.0) at distance 14.76
[23:23:51] TERRAIN: Chunk (13.0, 7.0): TRIMESH collision created successfully (distance: 14.76, vertices: 8)
[23:23:51] TERRAIN: Chunk created successfully: (13.0, 7.0) at world pos (416.0, 0.0, 224.0) (total chunks: 739)
[23:23:51] TERRAIN: Creating chunk: (-7.0, 13.0) at distance 14.76
[23:23:51] TERRAIN: Chunk (-7.0, 13.0): TRIMESH collision created successfully (distance: 14.76, vertices: 8)
[23:23:51] TERRAIN: Chunk created successfully: (-7.0, 13.0) at world pos (-224.0, 0.0, 416.0) (total chunks: 740)
[23:23:51] TERRAIN: Creating chunk: (11.0, 10.0) at distance 14.87
[23:23:51] TERRAIN: Chunk (11.0, 10.0): TRIMESH collision created successfully (distance: 14.87, vertices: 8)
[23:23:51] TERRAIN: Chunk created successfully: (11.0, 10.0) at world pos (352.0, 0.0, 320.0) (total chunks: 741)
[23:23:51] TERRAIN: Creating chunk: (10.0, 11.0) at distance 14.87
[23:23:51] TERRAIN: Chunk (10.0, 11.0): TRIMESH collision created successfully (distance: 14.87, vertices: 8)
[23:23:51] TERRAIN: Chunk created successfully: (10.0, 11.0) at world pos (320.0, 0.0, 352.0) (total chunks: 742)
[23:23:51] TERRAIN: Creating chunk: (5.0, 14.0) at distance 14.87
[23:23:51] TERRAIN: Chunk (5.0, 14.0): TRIMESH collision created successfully (distance: 14.87, vertices: 8)
[23:23:51] TERRAIN: Chunk created successfully: (5.0, 14.0) at world pos (160.0, 0.0, 448.0) (total chunks: 743)
[23:23:51] TERRAIN: Creating chunk: (14.0, -5.0) at distance 14.87
[23:23:51] TERRAIN: Chunk (14.0, -5.0): TRIMESH collision created successfully (distance: 14.87, vertices: 8)
[23:23:51] TERRAIN: Chunk created successfully: (14.0, -5.0) at world pos (448.0, 0.0, -160.0) (total chunks: 744)
[23:23:51] TERRAIN: Creating chunk: (14.0, 5.0) at distance 14.87
[23:23:51] TERRAIN: Chunk (14.0, 5.0): TRIMESH collision created successfully (distance: 14.87, vertices: 8)
[23:23:51] TERRAIN: Chunk created successfully: (14.0, 5.0) at world pos (448.0, 0.0, 160.0) (total chunks: 745)
[23:23:51] TERRAIN: Creating chunk: (-5.0, 14.0) at distance 14.87
[23:23:51] TERRAIN: Chunk (-5.0, 14.0): TRIMESH collision created successfully (distance: 14.87, vertices: 8)
[23:23:51] TERRAIN: Chunk created successfully: (-5.0, 14.0) at world pos (-160.0, 0.0, 448.0) (total chunks: 746)
[23:23:51] TERRAIN: Creating chunk: (15.0, 0.0) at distance 15.00
[23:23:51] TERRAIN: Chunk (15.0, 0.0): TRIMESH collision created successfully (distance: 15.00, vertices: 8)
[23:23:51] TERRAIN: Chunk created successfully: (15.0, 0.0) at world pos (480.0, 0.0, 0.0) (total chunks: 747)
[23:23:51] TERRAIN: Creating chunk: (12.0, 9.0) at distance 15.00
[23:23:51] TERRAIN: Chunk (12.0, 9.0): TRIMESH collision created successfully (distance: 15.00, vertices: 8)
[23:23:51] TERRAIN: Chunk created successfully: (12.0, 9.0) at world pos (384.0, 0.0, 288.0) (total chunks: 748)
[23:23:51] TERRAIN: Creating chunk: (12.0, -9.0) at distance 15.00
[23:23:51] TERRAIN: Chunk (12.0, -9.0): TRIMESH collision created successfully (distance: 15.00, vertices: 8)
[23:23:51] TERRAIN: Chunk created successfully: (12.0, -9.0) at world pos (384.0, 0.0, -288.0) (total chunks: 749)
[23:23:51] TERRAIN: Creating chunk: (9.0, 12.0) at distance 15.00
[23:23:51] TERRAIN: Chunk (9.0, 12.0): TRIMESH collision created successfully (distance: 15.00, vertices: 8)
[23:23:51] TERRAIN: Chunk created successfully: (9.0, 12.0) at world pos (288.0, 0.0, 384.0) (total chunks: 750)
[23:23:51] TERRAIN: Creating chunk: (0.0, 15.0) at distance 15.00
[23:23:51] TERRAIN: Chunk (0.0, 15.0): TRIMESH collision created successfully (distance: 15.00, vertices: 8)
[23:23:51] TERRAIN: Chunk created successfully: (0.0, 15.0) at world pos (0.0, 0.0, 480.0) (total chunks: 751)
[23:23:51] TERRAIN: Creating chunk: (-9.0, 12.0) at distance 15.00
[23:23:51] TERRAIN: Chunk (-9.0, 12.0): TRIMESH collision created successfully (distance: 15.00, vertices: 8)
[23:23:51] TERRAIN: Chunk created successfully: (-9.0, 12.0) at world pos (-288.0, 0.0, 384.0) (total chunks: 752)
[23:23:52] PLAYER: Pos: (24.39408, -0.009683, 1.022053) | Chunk: (0.0, 0.0) | TerrainHeight: -0.01 | HeightDiff: 0.00 | OnFloor: true
[23:23:52] PLAYER: CHUNK CHANGED: (0.0, -1.0) -> (0.0, 0.0)
[23:23:53] TERRAIN: Player moved to new chunk: (0.0, -1.0) (was (0.0, 0.0))
[23:23:53] PLAYER: Pos: (27.53935, -0.009149, -1.225585) | Chunk: (0.0, -1.0) | TerrainHeight: -0.01 | HeightDiff: 0.00 | OnFloor: true
[23:23:53] PLAYER: CHUNK CHANGED: (0.0, 0.0) -> (0.0, -1.0)
[23:23:54] PLAYER: Pos: (25.32798, -0.022381, -3.116013) | Chunk: (0.0, -1.0) | TerrainHeight: -0.02 | HeightDiff: 0.00 | OnFloor: true
[23:23:55] PLAYER: Pos: (28.0198, -0.031007, -5.726743) | Chunk: (0.0, -1.0) | TerrainHeight: -0.03 | HeightDiff: 0.00 | OnFloor: true
[23:23:56] PLAYER: Pos: (30.95973, -0.040577, -8.439084) | Chunk: (0.0, -1.0) | TerrainHeight: -0.04 | HeightDiff: 0.00 | OnFloor: true
[23:23:56] TERRAIN: Player moved to new chunk: (1.0, -1.0) (was (0.0, -1.0))
[23:23:56] TERRAIN: Updating terrain for player chunk: (1.0, -1.0) (player pos: (32.18858, -0.042749, -9.564979))
[23:23:56] TERRAIN: Player chunk (1.0, -1.0) distance: 0.00 (max_distance: 20)
[23:23:56] TERRAIN: Queuing 31 new chunks for generation
[23:23:56] TERRAIN: Queued chunk: (13.0, -8.0) (distance: 13.89)
[23:23:56] TERRAIN: Queued chunk: (14.0, -6.0) (distance: 13.93)
[23:23:56] TERRAIN: Queued chunk: (15.0, -1.0) (distance: 14.00)
[23:23:56] TERRAIN: Queued chunk: (15.0, -2.0) (distance: 14.04)
[23:23:56] TERRAIN: Queued chunk: (15.0, 1.0) (distance: 14.14)
[23:23:56] TERRAIN: Queued chunk: (15.0, -3.0) (distance: 14.14)
[23:23:56] TERRAIN: Queued chunk: (11.0, -11.0) (distance: 14.14)
[23:23:56] TERRAIN: Queued chunk: (10.0, -12.0) (distance: 14.21)
[23:23:56] TERRAIN: Queued chunk: (12.0, -10.0) (distance: 14.21)
[23:23:56] TERRAIN: Queued chunk: (7.0, -14.0) (distance: 14.32)
[23:23:56] TERRAIN: Queued chunk: (15.0, -4.0) (distance: 14.32)
[23:23:56] TERRAIN: Queued chunk: (14.0, -7.0) (distance: 14.32)
[23:23:56] TERRAIN: Queued chunk: (15.0, 2.0) (distance: 14.32)
[23:23:56] TERRAIN: Queued chunk: (13.0, -9.0) (distance: 14.42)
[23:23:56] TERRAIN: Queued chunk: (9.0, -13.0) (distance: 14.42)
[23:23:56] TERRAIN: Queued chunk: (15.0, 3.0) (distance: 14.56)
[23:23:56] TERRAIN: Queued chunk: (15.0, -5.0) (distance: 14.56)
[23:23:56] TERRAIN: Queued chunk: (5.0, -15.0) (distance: 14.56)
[23:23:56] TERRAIN: Queued chunk: (14.0, -8.0) (distance: 14.76)
[23:23:56] TERRAIN: Queued chunk: (14.0, 6.0) (distance: 14.76)
[23:23:56] TERRAIN: Queued chunk: (8.0, -14.0) (distance: 14.76)
[23:23:56] TERRAIN: Queued chunk: (12.0, -11.0) (distance: 14.87)
[23:23:56] TERRAIN: Queued chunk: (11.0, -12.0) (distance: 14.87)
[23:23:56] TERRAIN: Queued chunk: (15.0, 4.0) (distance: 14.87)
[23:23:56] TERRAIN: Queued chunk: (15.0, -6.0) (distance: 14.87)
[23:23:56] TERRAIN: Queued chunk: (6.0, -15.0) (distance: 14.87)
[23:23:56] TERRAIN: Queued chunk: (16.0, -1.0) (distance: 15.00)
[23:23:56] TERRAIN: Queued chunk: (13.0, 8.0) (distance: 15.00)
[23:23:56] TERRAIN: Queued chunk: (13.0, -10.0) (distance: 15.00)
[23:23:56] TERRAIN: Queued chunk: (10.0, -13.0) (distance: 15.00)
[23:23:56] TERRAIN: Queued chunk: (1.0, -16.0) (distance: 15.00)
[23:23:56] TERRAIN: Creating chunk: (13.0, -8.0) at distance 13.89
[23:23:56] TERRAIN: Chunk (13.0, -8.0): TRIMESH collision created successfully (distance: 13.89, vertices: 8)
[23:23:56] TERRAIN: Chunk created successfully: (13.0, -8.0) at world pos (416.0, 0.0, -256.0) (total chunks: 753)
[23:23:56] TERRAIN: Creating chunk: (14.0, -6.0) at distance 13.93
[23:23:56] TERRAIN: Chunk (14.0, -6.0): TRIMESH collision created successfully (distance: 13.93, vertices: 8)
[23:23:56] TERRAIN: Chunk created successfully: (14.0, -6.0) at world pos (448.0, 0.0, -192.0) (total chunks: 754)
[23:23:56] TERRAIN: Creating chunk: (15.0, -1.0) at distance 14.00
[23:23:56] TERRAIN: Chunk (15.0, -1.0): TRIMESH collision created successfully (distance: 14.00, vertices: 8)
[23:23:56] TERRAIN: Chunk created successfully: (15.0, -1.0) at world pos (480.0, 0.0, -32.0) (total chunks: 755)
[23:23:56] TERRAIN: Creating chunk: (15.0, -2.0) at distance 14.04
[23:23:56] TERRAIN: Chunk (15.0, -2.0): TRIMESH collision created successfully (distance: 14.04, vertices: 8)
[23:23:56] TERRAIN: Chunk created successfully: (15.0, -2.0) at world pos (480.0, 0.0, -64.0) (total chunks: 756)
[23:23:56] TERRAIN: Creating chunk: (15.0, 1.0) at distance 14.14
[23:23:56] TERRAIN: Chunk (15.0, 1.0): TRIMESH collision created successfully (distance: 14.14, vertices: 8)
[23:23:56] TERRAIN: Chunk created successfully: (15.0, 1.0) at world pos (480.0, 0.0, 32.0) (total chunks: 757)
[23:23:56] TERRAIN: Creating chunk: (15.0, -3.0) at distance 14.14
[23:23:56] TERRAIN: Chunk (15.0, -3.0): TRIMESH collision created successfully (distance: 14.14, vertices: 8)
[23:23:56] TERRAIN: Chunk created successfully: (15.0, -3.0) at world pos (480.0, 0.0, -96.0) (total chunks: 758)
[23:23:56] TERRAIN: Creating chunk: (11.0, -11.0) at distance 14.14
[23:23:56] TERRAIN: Chunk (11.0, -11.0): TRIMESH collision created successfully (distance: 14.14, vertices: 8)
[23:23:56] TERRAIN: Chunk created successfully: (11.0, -11.0) at world pos (352.0, 0.0, -352.0) (total chunks: 759)
[23:23:56] TERRAIN: Creating chunk: (10.0, -12.0) at distance 14.21
[23:23:56] TERRAIN: Chunk (10.0, -12.0): TRIMESH collision created successfully (distance: 14.21, vertices: 8)
[23:23:56] TERRAIN: Chunk created successfully: (10.0, -12.0) at world pos (320.0, 0.0, -384.0) (total chunks: 760)
[23:23:56] TERRAIN: Creating chunk: (12.0, -10.0) at distance 14.21
[23:23:56] TERRAIN: Chunk (12.0, -10.0): TRIMESH collision created successfully (distance: 14.21, vertices: 8)
[23:23:56] TERRAIN: Chunk created successfully: (12.0, -10.0) at world pos (384.0, 0.0, -320.0) (total chunks: 761)
[23:23:56] TERRAIN: Creating chunk: (7.0, -14.0) at distance 14.32
[23:23:56] TERRAIN: Chunk (7.0, -14.0): TRIMESH collision created successfully (distance: 14.32, vertices: 8)
[23:23:56] TERRAIN: Chunk created successfully: (7.0, -14.0) at world pos (224.0, 0.0, -448.0) (total chunks: 762)
[23:23:56] TERRAIN: Creating chunk: (15.0, -4.0) at distance 14.32
[23:23:56] TERRAIN: Chunk (15.0, -4.0): TRIMESH collision created successfully (distance: 14.32, vertices: 8)
[23:23:56] TERRAIN: Chunk created successfully: (15.0, -4.0) at world pos (480.0, 0.0, -128.0) (total chunks: 763)
[23:23:56] TERRAIN: Creating chunk: (14.0, -7.0) at distance 14.32
[23:23:56] TERRAIN: Chunk (14.0, -7.0): TRIMESH collision created successfully (distance: 14.32, vertices: 8)
[23:23:56] TERRAIN: Chunk created successfully: (14.0, -7.0) at world pos (448.0, 0.0, -224.0) (total chunks: 764)
[23:23:56] TERRAIN: Creating chunk: (15.0, 2.0) at distance 14.32
[23:23:56] TERRAIN: Chunk (15.0, 2.0): TRIMESH collision created successfully (distance: 14.32, vertices: 8)
[23:23:56] TERRAIN: Chunk created successfully: (15.0, 2.0) at world pos (480.0, 0.0, 64.0) (total chunks: 765)
[23:23:56] TERRAIN: Creating chunk: (13.0, -9.0) at distance 14.42
[23:23:56] TERRAIN: Chunk (13.0, -9.0): TRIMESH collision created successfully (distance: 14.42, vertices: 8)
[23:23:56] TERRAIN: Chunk created successfully: (13.0, -9.0) at world pos (416.0, 0.0, -288.0) (total chunks: 766)
[23:23:56] TERRAIN: Creating chunk: (9.0, -13.0) at distance 14.42
[23:23:56] TERRAIN: Chunk (9.0, -13.0): TRIMESH collision created successfully (distance: 14.42, vertices: 8)
[23:23:56] TERRAIN: Chunk created successfully: (9.0, -13.0) at world pos (288.0, 0.0, -416.0) (total chunks: 767)
[23:23:56] TERRAIN: Creating chunk: (15.0, 3.0) at distance 14.56
[23:23:56] TERRAIN: Chunk (15.0, 3.0): TRIMESH collision created successfully (distance: 14.56, vertices: 8)
[23:23:56] TERRAIN: Chunk created successfully: (15.0, 3.0) at world pos (480.0, 0.0, 96.0) (total chunks: 768)
[23:23:56] TERRAIN: Creating chunk: (15.0, -5.0) at distance 14.56
[23:23:56] TERRAIN: Chunk (15.0, -5.0): TRIMESH collision created successfully (distance: 14.56, vertices: 8)
[23:23:56] TERRAIN: Chunk created successfully: (15.0, -5.0) at world pos (480.0, 0.0, -160.0) (total chunks: 769)
[23:23:56] TERRAIN: Creating chunk: (5.0, -15.0) at distance 14.56
[23:23:56] TERRAIN: Chunk (5.0, -15.0): TRIMESH collision created successfully (distance: 14.56, vertices: 8)
[23:23:56] TERRAIN: Chunk created successfully: (5.0, -15.0) at world pos (160.0, 0.0, -480.0) (total chunks: 770)
[23:23:56] TERRAIN: Creating chunk: (14.0, -8.0) at distance 14.76
[23:23:56] TERRAIN: Chunk (14.0, -8.0): TRIMESH collision created successfully (distance: 14.76, vertices: 8)
[23:23:56] TERRAIN: Chunk created successfully: (14.0, -8.0) at world pos (448.0, 0.0, -256.0) (total chunks: 771)
[23:23:56] TERRAIN: Creating chunk: (14.0, 6.0) at distance 14.76
[23:23:56] TERRAIN: Chunk (14.0, 6.0): TRIMESH collision created successfully (distance: 14.76, vertices: 8)
[23:23:56] TERRAIN: Chunk created successfully: (14.0, 6.0) at world pos (448.0, 0.0, 192.0) (total chunks: 772)
[23:23:56] TERRAIN: Creating chunk: (8.0, -14.0) at distance 14.76
[23:23:57] TERRAIN: Chunk (8.0, -14.0): TRIMESH collision created successfully (distance: 14.76, vertices: 8)
[23:23:57] TERRAIN: Chunk created successfully: (8.0, -14.0) at world pos (256.0, 0.0, -448.0) (total chunks: 773)
[23:23:57] TERRAIN: Creating chunk: (12.0, -11.0) at distance 14.87
[23:23:57] TERRAIN: Chunk (12.0, -11.0): TRIMESH collision created successfully (distance: 14.87, vertices: 8)
[23:23:57] TERRAIN: Chunk created successfully: (12.0, -11.0) at world pos (384.0, 0.0, -352.0) (total chunks: 774)
[23:23:57] TERRAIN: Creating chunk: (11.0, -12.0) at distance 14.87
[23:23:57] TERRAIN: Chunk (11.0, -12.0): TRIMESH collision created successfully (distance: 14.87, vertices: 8)
[23:23:57] TERRAIN: Chunk created successfully: (11.0, -12.0) at world pos (352.0, 0.0, -384.0) (total chunks: 775)
[23:23:57] TERRAIN: Creating chunk: (15.0, 4.0) at distance 14.87
[23:23:57] TERRAIN: Chunk (15.0, 4.0): TRIMESH collision created successfully (distance: 14.87, vertices: 8)
[23:23:57] TERRAIN: Chunk created successfully: (15.0, 4.0) at world pos (480.0, 0.0, 128.0) (total chunks: 776)
[23:23:57] TERRAIN: Creating chunk: (15.0, -6.0) at distance 14.87
[23:23:57] TERRAIN: Chunk (15.0, -6.0): TRIMESH collision created successfully (distance: 14.87, vertices: 8)
[23:23:57] TERRAIN: Chunk created successfully: (15.0, -6.0) at world pos (480.0, 0.0, -192.0) (total chunks: 777)
[23:23:57] TERRAIN: Creating chunk: (6.0, -15.0) at distance 14.87
[23:23:57] TERRAIN: Chunk (6.0, -15.0): TRIMESH collision created successfully (distance: 14.87, vertices: 8)
[23:23:57] TERRAIN: Chunk created successfully: (6.0, -15.0) at world pos (192.0, 0.0, -480.0) (total chunks: 778)
[23:23:57] TERRAIN: Creating chunk: (16.0, -1.0) at distance 15.00
[23:23:57] TERRAIN: Chunk (16.0, -1.0): TRIMESH collision created successfully (distance: 15.00, vertices: 8)
[23:23:57] TERRAIN: Chunk created successfully: (16.0, -1.0) at world pos (512.0, 0.0, -32.0) (total chunks: 779)
[23:23:57] TERRAIN: Creating chunk: (13.0, 8.0) at distance 15.00
[23:23:57] TERRAIN: Chunk (13.0, 8.0): TRIMESH collision created successfully (distance: 15.00, vertices: 8)
[23:23:57] TERRAIN: Chunk created successfully: (13.0, 8.0) at world pos (416.0, 0.0, 256.0) (total chunks: 780)
[23:23:57] TERRAIN: Creating chunk: (13.0, -10.0) at distance 15.00
[23:23:57] TERRAIN: Chunk (13.0, -10.0): TRIMESH collision created successfully (distance: 15.00, vertices: 8)
[23:23:57] TERRAIN: Chunk created successfully: (13.0, -10.0) at world pos (416.0, 0.0, -320.0) (total chunks: 781)
[23:23:57] TERRAIN: Creating chunk: (10.0, -13.0) at distance 15.00
[23:23:57] TERRAIN: Chunk (10.0, -13.0): TRIMESH collision created successfully (distance: 15.00, vertices: 8)
[23:23:57] TERRAIN: Chunk created successfully: (10.0, -13.0) at world pos (320.0, 0.0, -416.0) (total chunks: 782)
[23:23:57] TERRAIN: Creating chunk: (1.0, -16.0) at distance 15.00
[23:23:57] TERRAIN: Chunk (1.0, -16.0): TRIMESH collision created successfully (distance: 15.00, vertices: 8)
[23:23:57] TERRAIN: Chunk created successfully: (1.0, -16.0) at world pos (32.0, 0.0, -512.0) (total chunks: 783)
[23:23:57] PLAYER: Pos: (34.15485, -0.047534, -11.36639) | Chunk: (1.0, -1.0) | TerrainHeight: -0.05 | HeightDiff: 0.00 | OnFloor: true
[23:23:57] PLAYER: CHUNK CHANGED: (0.0, -1.0) -> (1.0, -1.0)
[23:23:58] PLAYER: Pos: (35.99817, -0.046631, -13.0552) | Chunk: (1.0, -1.0) | TerrainHeight: -0.05 | HeightDiff: 0.00 | OnFloor: true
[23:23:59] PLAYER: Pos: (35.99817, -0.046631, -13.0552) | Chunk: (1.0, -1.0) | TerrainHeight: -0.05 | HeightDiff: 0.00 | OnFloor: true
[23:24:00] PLAYER: Pos: (35.99817, -0.046631, -13.0552) | Chunk: (1.0, -1.0) | TerrainHeight: -0.05 | HeightDiff: 0.00 | OnFloor: true
[23:24:01] PLAYER: Pos: (35.99817, -0.046631, -13.0552) | Chunk: (1.0, -1.0) | TerrainHeight: -0.05 | HeightDiff: 0.00 | OnFloor: true
[23:24:02] PLAYER: Pos: (33.24889, -0.048689, -11.32401) | Chunk: (1.0, -1.0) | TerrainHeight: -0.05 | HeightDiff: 0.00 | OnFloor: true
[23:24:02] TERRAIN: Player moved to new chunk: (0.0, -1.0) (was (1.0, -1.0))
[23:24:03] PLAYER: Pos: (28.84748, -0.048689, -8.952187) | Chunk: (0.0, -1.0) | TerrainHeight: -0.05 | HeightDiff: -0.00 | OnFloor: true
[23:24:03] PLAYER: CHUNK CHANGED: (1.0, -1.0) -> (0.0, -1.0)
[23:24:04] PLAYER: Pos: (24.96133, -0.040058, -7.481857) | Chunk: (0.0, -1.0) | TerrainHeight: -0.04 | HeightDiff: 0.00 | OnFloor: true
[23:24:05] PLAYER: Pos: (24.96133, -0.040058, -7.481857) | Chunk: (0.0, -1.0) | TerrainHeight: -0.04 | HeightDiff: 0.00 | OnFloor: true
[23:24:06] PLAYER: Pos: (24.96133, -0.040058, -7.481857) | Chunk: (0.0, -1.0) | TerrainHeight: -0.04 | HeightDiff: 0.00 | OnFloor: true
[23:24:07] PLAYER: Pos: (24.96133, -0.040058, -7.481857) | Chunk: (0.0, -1.0) | TerrainHeight: -0.04 | HeightDiff: 0.00 | OnFloor: true
[23:24:08] PLAYER: Pos: (24.96133, -0.040058, -7.481857) | Chunk: (0.0, -1.0) | TerrainHeight: -0.04 | HeightDiff: 0.00 | OnFloor: true
[23:24:09] PLAYER: Pos: (24.96133, -0.040058, -7.481857) | Chunk: (0.0, -1.0) | TerrainHeight: -0.04 | HeightDiff: 0.00 | OnFloor: true
[23:24:10] PLAYER: Pos: (24.96133, -0.040058, -7.481857) | Chunk: (0.0, -1.0) | TerrainHeight: -0.04 | HeightDiff: 0.00 | OnFloor: true
[23:24:11] PLAYER: Pos: (24.96133, -0.040058, -7.481857) | Chunk: (0.0, -1.0) | TerrainHeight: -0.04 | HeightDiff: 0.00 | OnFloor: true
[23:24:12] PLAYER: Pos: (24.96133, -0.040058, -7.481857) | Chunk: (0.0, -1.0) | TerrainHeight: -0.04 | HeightDiff: 0.00 | OnFloor: true
[23:24:13] PLAYER: Pos: (24.96133, -0.040058, -7.481857) | Chunk: (0.0, -1.0) | TerrainHeight: -0.04 | HeightDiff: 0.00 | OnFloor: true
[23:24:14] PLAYER: Pos: (24.96133, -0.040058, -7.481857) | Chunk: (0.0, -1.0) | TerrainHeight: -0.04 | HeightDiff: 0.00 | OnFloor: true
[23:24:15] PLAYER: Pos: (24.96133, -0.040058, -7.481857) | Chunk: (0.0, -1.0) | TerrainHeight: -0.04 | HeightDiff: 0.00 | OnFloor: true
[23:24:16] PLAYER: Pos: (24.96133, -0.040058, -7.481857) | Chunk: (0.0, -1.0) | TerrainHeight: -0.04 | HeightDiff: 0.00 | OnFloor: true
[23:24:17] PLAYER: Pos: (24.96133, -0.040058, -7.481857) | Chunk: (0.0, -1.0) | TerrainHeight: -0.04 | HeightDiff: 0.00 | OnFloor: true
[23:24:18] PLAYER: Pos: (24.96133, -0.040058, -7.481857) | Chunk: (0.0, -1.0) | TerrainHeight: -0.04 | HeightDiff: 0.00 | OnFloor: true
[23:24:19] PLAYER: Pos: (24.96133, -0.040058, -7.481857) | Chunk: (0.0, -1.0) | TerrainHeight: -0.04 | HeightDiff: 0.00 | OnFloor: true
[23:24:20] PLAYER: Pos: (24.96133, -0.040058, -7.481857) | Chunk: (0.0, -1.0) | TerrainHeight: -0.04 | HeightDiff: 0.00 | OnFloor: true
[23:24:21] PLAYER: Pos: (24.96133, -0.040058, -7.481857) | Chunk: (0.0, -1.0) | TerrainHeight: -0.04 | HeightDiff: 0.00 | OnFloor: true
[23:24:22] PLAYER: Pos: (24.96133, -0.040058, -7.481857) | Chunk: (0.0, -1.0) | TerrainHeight: -0.04 | HeightDiff: 0.00 | OnFloor: true
[23:24:23] PLAYER: Pos: (24.96133, -0.040058, -7.481857) | Chunk: (0.0, -1.0) | TerrainHeight: -0.04 | HeightDiff: 0.00 | OnFloor: true
[23:24:24] PLAYER: Pos: (24.96133, -0.040058, -7.481857) | Chunk: (0.0, -1.0) | TerrainHeight: -0.04 | HeightDiff: 0.00 | OnFloor: true
[23:24:25] PLAYER: Pos: (24.96133, -0.040058, -7.481857) | Chunk: (0.0, -1.0) | TerrainHeight: -0.04 | HeightDiff: 0.00 | OnFloor: true
[23:24:26] PLAYER: Pos: (23.54911, -0.038008, -7.593739) | Chunk: (0.0, -1.0) | TerrainHeight: -0.04 | HeightDiff: -0.00 | OnFloor: true
[23:24:27] PLAYER: Pos: (22.46918, -0.035981, -7.679297) | Chunk: (0.0, -1.0) | TerrainHeight: -0.04 | HeightDiff: 0.00 | OnFloor: true
[23:24:28] PLAYER: Pos: (22.46918, -0.035981, -7.679297) | Chunk: (0.0, -1.0) | TerrainHeight: -0.04 | HeightDiff: 0.00 | OnFloor: true
[23:24:29] PLAYER: Pos: (19.33558, -0.038666, -10.15768) | Chunk: (0.0, -1.0) | TerrainHeight: -0.04 | HeightDiff: 0.00 | OnFloor: true
[23:24:30] PLAYER: Pos: (17.7034, -0.036918, -12.34141) | Chunk: (0.0, -1.0) | TerrainHeight: -0.04 | HeightDiff: 0.00 | OnFloor: true
[23:24:31] PLAYER: Pos: (18.65635, -0.040727, -14.83198) | Chunk: (0.0, -1.0) | TerrainHeight: -0.04 | HeightDiff: 0.00 | OnFloor: true
[23:24:32] PLAYER: Pos: (18.13431, -0.040727, -15.37049) | Chunk: (0.0, -1.0) | TerrainHeight: -0.04 | HeightDiff: 0.00 | OnFloor: true
[23:24:33] PLAYER: Pos: (15.41161, -0.034457, -15.66412) | Chunk: (0.0, -1.0) | TerrainHeight: -0.03 | HeightDiff: -0.00 | OnFloor: true
[23:24:34] PLAYER: Pos: (15.25123, -0.034457, -15.61881) | Chunk: (0.0, -1.0) | TerrainHeight: -0.03 | HeightDiff: -0.00 | OnFloor: true
[23:24:35] PLAYER: Pos: (15.25123, -0.034457, -15.61881) | Chunk: (0.0, -1.0) | TerrainHeight: -0.03 | HeightDiff: -0.00 | OnFloor: true
[23:24:36] PLAYER: Pos: (15.25123, -0.034457, -15.61881) | Chunk: (0.0, -1.0) | TerrainHeight: -0.03 | HeightDiff: -0.00 | OnFloor: true
[23:24:37] PLAYER: Pos: (15.25123, -0.034457, -15.61881) | Chunk: (0.0, -1.0) | TerrainHeight: -0.03 | HeightDiff: -0.00 | OnFloor: true
[23:24:38] PLAYER: Pos: (14.83779, -0.032373, -15.56712) | Chunk: (0.0, -1.0) | TerrainHeight: -0.03 | HeightDiff: -0.00 | OnFloor: true
[23:24:39] PLAYER: Pos: (12.13364, -0.032715, -15.13233) | Chunk: (0.0, -1.0) | TerrainHeight: -0.03 | HeightDiff: 0.00 | OnFloor: true
[23:24:40] PLAYER: Pos: (9.650821, -0.039893, -12.30097) | Chunk: (0.0, -1.0) | TerrainHeight: -0.04 | HeightDiff: 0.00 | OnFloor: true
[23:24:41] PLAYER: Pos: (7.777617, -0.031461, -7.731639) | Chunk: (0.0, -1.0) | TerrainHeight: -0.03 | HeightDiff: -0.00 | OnFloor: true
[23:24:42] PLAYER: Pos: (3.706246, -0.023298, -4.93744) | Chunk: (0.0, -1.0) | TerrainHeight: -0.02 | HeightDiff: 0.00 | OnFloor: true
[23:24:43] TERRAIN: Player moved to new chunk: (-1.0, -1.0) (was (0.0, -1.0))
[23:24:43] TERRAIN: Updating terrain for player chunk: (-1.0, -1.0) (player pos: (-0.059315, -0.010679, -2.967328))
[23:24:43] TERRAIN: Player chunk (-1.0, -1.0) distance: 0.00 (max_distance: 20)
[23:24:43] PLAYER: Pos: (-0.723831, -0.010679, -2.619647) | Chunk: (-1.0, -1.0) | TerrainHeight: -0.01 | HeightDiff: -0.00 | OnFloor: true
[23:24:43] PLAYER: CHUNK CHANGED: (0.0, -1.0) -> (-1.0, -1.0)
[23:24:44] PLAYER: Pos: (-5.613193, -0.006616, -2.164103) | Chunk: (-1.0, -1.0) | TerrainHeight: -0.01 | HeightDiff: 0.00 | OnFloor: true
[23:24:45] PLAYER: Pos: (-10.25121, -0.000432, -0.819301) | Chunk: (-1.0, -1.0) | TerrainHeight: -0.00 | HeightDiff: -0.00 | OnFloor: true
[23:24:45] TERRAIN: Player moved to new chunk: (-1.0, 0.0) (was (-1.0, -1.0))
[23:24:46] PLAYER: Pos: (-13.36199, 0.011994, 3.092253) | Chunk: (-1.0, 0.0) | TerrainHeight: 0.01 | HeightDiff: -0.00 | OnFloor: true
[23:24:46] PLAYER: CHUNK CHANGED: (-1.0, -1.0) -> (-1.0, 0.0)
[23:24:47] PLAYER: Pos: (-18.08041, 0.006694, 3.089571) | Chunk: (-1.0, 0.0) | TerrainHeight: 0.01 | HeightDiff: -0.00 | OnFloor: true
[23:24:48] PLAYER: Pos: (-21.94075, 0.002971, 0.001985) | Chunk: (-1.0, 0.0) | TerrainHeight: 0.00 | HeightDiff: 0.00 | OnFloor: true
[23:24:48] TERRAIN: Player moved to new chunk: (-1.0, -1.0) (was (-1.0, 0.0))
[23:24:49] PLAYER: Pos: (-23.95894, -0.006795, -4.344986) | Chunk: (-1.0, -1.0) | TerrainHeight: -0.01 | HeightDiff: -0.00 | OnFloor: true
[23:24:49] PLAYER: CHUNK CHANGED: (-1.0, 0.0) -> (-1.0, -1.0)
[23:24:50] PLAYER: Pos: (-28.47427, -0.00424, -3.312034) | Chunk: (-1.0, -1.0) | TerrainHeight: -0.01 | HeightDiff: 0.00 | OnFloor: true
[23:24:51] TERRAIN: Player moved to new chunk: (-1.0, 0.0) (was (-1.0, -1.0))
[23:24:51] PLAYER: Pos: (-27.82835, -0.005538, 1.093002) | Chunk: (-1.0, 0.0) | TerrainHeight: -0.01 | HeightDiff: 0.00 | OnFloor: true
[23:24:51] PLAYER: CHUNK CHANGED: (-1.0, -1.0) -> (-1.0, 0.0)
[23:24:52] PLAYER: Pos: (-27.24438, 0.001565, 5.872238) | Chunk: (-1.0, 0.0) | TerrainHeight: 0.00 | HeightDiff: 0.00 | OnFloor: true
[23:24:53] PLAYER: Pos: (-29.83368, 0.011871, 10.14697) | Chunk: (-1.0, 0.0) | TerrainHeight: 0.01 | HeightDiff: 0.00 | OnFloor: true
[23:24:54] PLAYER: Pos: (-31.94119, 0.011871, 12.02835) | Chunk: (-1.0, 0.0) | TerrainHeight: 0.01 | HeightDiff: -0.00 | OnFloor: true
[23:24:54] TERRAIN: Player moved to new chunk: (-2.0, 0.0) (was (-1.0, 0.0))
[23:24:55] TERRAIN: Updating terrain for player chunk: (-2.0, 0.0) (player pos: (-32.00558, 0.011871, 12.43921))
[23:24:55] TERRAIN: Player chunk (-2.0, 0.0) distance: 0.00 (max_distance: 20)
[23:24:55] TERRAIN: Queuing 31 new chunks for generation
[23:24:55] TERRAIN: Queued chunk: (-14.0, 7.0) (distance: 13.89)
[23:24:55] TERRAIN: Queued chunk: (-15.0, 5.0) (distance: 13.93)
[23:24:55] TERRAIN: Queued chunk: (-16.0, 0.0) (distance: 14.00)
[23:24:55] TERRAIN: Queued chunk: (-16.0, 1.0) (distance: 14.04)
[23:24:55] TERRAIN: Queued chunk: (-16.0, -2.0) (distance: 14.14)
[23:24:55] TERRAIN: Queued chunk: (-16.0, 2.0) (distance: 14.14)
[23:24:55] TERRAIN: Queued chunk: (-12.0, 10.0) (distance: 14.14)
[23:24:55] TERRAIN: Queued chunk: (-13.0, 9.0) (distance: 14.21)
[23:24:55] TERRAIN: Queued chunk: (-11.0, 11.0) (distance: 14.21)
[23:24:55] TERRAIN: Queued chunk: (-16.0, -3.0) (distance: 14.32)
[23:24:55] TERRAIN: Queued chunk: (-16.0, 3.0) (distance: 14.32)
[23:24:55] TERRAIN: Queued chunk: (-8.0, 13.0) (distance: 14.32)
[23:24:55] TERRAIN: Queued chunk: (-15.0, 6.0) (distance: 14.32)
[23:24:55] TERRAIN: Queued chunk: (-10.0, 12.0) (distance: 14.42)
[23:24:55] TERRAIN: Queued chunk: (-14.0, 8.0) (distance: 14.42)
[23:24:55] TERRAIN: Queued chunk: (-6.0, 14.0) (distance: 14.56)
[23:24:55] TERRAIN: Queued chunk: (-16.0, 4.0) (distance: 14.56)
[23:24:55] TERRAIN: Queued chunk: (-16.0, -4.0) (distance: 14.56)
[23:24:55] TERRAIN: Queued chunk: (-9.0, 13.0) (distance: 14.76)
[23:24:55] TERRAIN: Queued chunk: (-15.0, 7.0) (distance: 14.76)
[23:24:55] TERRAIN: Queued chunk: (-15.0, -7.0) (distance: 14.76)
[23:24:55] TERRAIN: Queued chunk: (-7.0, 14.0) (distance: 14.87)
[23:24:55] TERRAIN: Queued chunk: (-13.0, 10.0) (distance: 14.87)
[23:24:55] TERRAIN: Queued chunk: (-12.0, 11.0) (distance: 14.87)
[23:24:55] TERRAIN: Queued chunk: (-16.0, 5.0) (distance: 14.87)
[23:24:55] TERRAIN: Queued chunk: (-16.0, -5.0) (distance: 14.87)
[23:24:55] TERRAIN: Queued chunk: (-2.0, 15.0) (distance: 15.00)
[23:24:55] TERRAIN: Queued chunk: (-11.0, 12.0) (distance: 15.00)
[23:24:55] TERRAIN: Queued chunk: (-14.0, 9.0) (distance: 15.00)
[23:24:55] TERRAIN: Queued chunk: (-14.0, -9.0) (distance: 15.00)
[23:24:55] TERRAIN: Queued chunk: (-17.0, 0.0) (distance: 15.00)
[23:24:55] TERRAIN: Creating chunk: (-14.0, 7.0) at distance 13.89
[23:24:55] TERRAIN: Chunk (-14.0, 7.0): TRIMESH collision created successfully (distance: 13.89, vertices: 8)
[23:24:55] TERRAIN: Chunk created successfully: (-14.0, 7.0) at world pos (-448.0, 0.0, 224.0) (total chunks: 784)
[23:24:55] TERRAIN: Creating chunk: (-15.0, 5.0) at distance 13.93
[23:24:55] TERRAIN: Chunk (-15.0, 5.0): TRIMESH collision created successfully (distance: 13.93, vertices: 8)
[23:24:55] TERRAIN: Chunk created successfully: (-15.0, 5.0) at world pos (-480.0, 0.0, 160.0) (total chunks: 785)
[23:24:55] TERRAIN: Creating chunk: (-16.0, 0.0) at distance 14.00
[23:24:55] TERRAIN: Chunk (-16.0, 0.0): TRIMESH collision created successfully (distance: 14.00, vertices: 8)
[23:24:55] TERRAIN: Chunk created successfully: (-16.0, 0.0) at world pos (-512.0, 0.0, 0.0) (total chunks: 786)
[23:24:55] TERRAIN: Creating chunk: (-16.0, 1.0) at distance 14.04
[23:24:55] TERRAIN: Chunk (-16.0, 1.0): TRIMESH collision created successfully (distance: 14.04, vertices: 8)
[23:24:55] TERRAIN: Chunk created successfully: (-16.0, 1.0) at world pos (-512.0, 0.0, 32.0) (total chunks: 787)
[23:24:55] TERRAIN: Creating chunk: (-16.0, -2.0) at distance 14.14
[23:24:55] TERRAIN: Chunk (-16.0, -2.0): TRIMESH collision created successfully (distance: 14.14, vertices: 8)
[23:24:55] TERRAIN: Chunk created successfully: (-16.0, -2.0) at world pos (-512.0, 0.0, -64.0) (total chunks: 788)
[23:24:55] TERRAIN: Creating chunk: (-16.0, 2.0) at distance 14.14
[23:24:55] TERRAIN: Chunk (-16.0, 2.0): TRIMESH collision created successfully (distance: 14.14, vertices: 8)
[23:24:55] TERRAIN: Chunk created successfully: (-16.0, 2.0) at world pos (-512.0, 0.0, 64.0) (total chunks: 789)
[23:24:55] TERRAIN: Creating chunk: (-12.0, 10.0) at distance 14.14
[23:24:55] TERRAIN: Chunk (-12.0, 10.0): TRIMESH collision created successfully (distance: 14.14, vertices: 8)
[23:24:55] TERRAIN: Chunk created successfully: (-12.0, 10.0) at world pos (-384.0, 0.0, 320.0) (total chunks: 790)
[23:24:55] TERRAIN: Creating chunk: (-13.0, 9.0) at distance 14.21
[23:24:55] TERRAIN: Chunk (-13.0, 9.0): TRIMESH collision created successfully (distance: 14.21, vertices: 8)
[23:24:55] TERRAIN: Chunk created successfully: (-13.0, 9.0) at world pos (-416.0, 0.0, 288.0) (total chunks: 791)
[23:24:55] TERRAIN: Creating chunk: (-11.0, 11.0) at distance 14.21
[23:24:55] TERRAIN: Chunk (-11.0, 11.0): TRIMESH collision created successfully (distance: 14.21, vertices: 8)
[23:24:55] TERRAIN: Chunk created successfully: (-11.0, 11.0) at world pos (-352.0, 0.0, 352.0) (total chunks: 792)
[23:24:55] TERRAIN: Creating chunk: (-16.0, -3.0) at distance 14.32
[23:24:55] TERRAIN: Chunk (-16.0, -3.0): TRIMESH collision created successfully (distance: 14.32, vertices: 8)
[23:24:55] TERRAIN: Chunk created successfully: (-16.0, -3.0) at world pos (-512.0, 0.0, -96.0) (total chunks: 793)
[23:24:55] TERRAIN: Creating chunk: (-16.0, 3.0) at distance 14.32
[23:24:55] TERRAIN: Chunk (-16.0, 3.0): TRIMESH collision created successfully (distance: 14.32, vertices: 8)
[23:24:55] TERRAIN: Chunk created successfully: (-16.0, 3.0) at world pos (-512.0, 0.0, 96.0) (total chunks: 794)
[23:24:55] TERRAIN: Creating chunk: (-8.0, 13.0) at distance 14.32
[23:24:55] TERRAIN: Chunk (-8.0, 13.0): TRIMESH collision created successfully (distance: 14.32, vertices: 8)
[23:24:55] TERRAIN: Chunk created successfully: (-8.0, 13.0) at world pos (-256.0, 0.0, 416.0) (total chunks: 795)
[23:24:55] TERRAIN: Creating chunk: (-15.0, 6.0) at distance 14.32
[23:24:55] TERRAIN: Chunk (-15.0, 6.0): TRIMESH collision created successfully (distance: 14.32, vertices: 8)
[23:24:55] TERRAIN: Chunk created successfully: (-15.0, 6.0) at world pos (-480.0, 0.0, 192.0) (total chunks: 796)
[23:24:55] TERRAIN: Creating chunk: (-10.0, 12.0) at distance 14.42
[23:24:55] TERRAIN: Chunk (-10.0, 12.0): TRIMESH collision created successfully (distance: 14.42, vertices: 8)
[23:24:55] TERRAIN: Chunk created successfully: (-10.0, 12.0) at world pos (-320.0, 0.0, 384.0) (total chunks: 797)
[23:24:55] TERRAIN: Creating chunk: (-14.0, 8.0) at distance 14.42
[23:24:55] TERRAIN: Chunk (-14.0, 8.0): TRIMESH collision created successfully (distance: 14.42, vertices: 8)
[23:24:55] TERRAIN: Chunk created successfully: (-14.0, 8.0) at world pos (-448.0, 0.0, 256.0) (total chunks: 798)
[23:24:55] TERRAIN: Creating chunk: (-6.0, 14.0) at distance 14.56
[23:24:55] TERRAIN: Chunk (-6.0, 14.0): TRIMESH collision created successfully (distance: 14.56, vertices: 8)
[23:24:55] TERRAIN: Chunk created successfully: (-6.0, 14.0) at world pos (-192.0, 0.0, 448.0) (total chunks: 799)
[23:24:55] TERRAIN: Creating chunk: (-16.0, 4.0) at distance 14.56
[23:24:55] TERRAIN: Chunk (-16.0, 4.0): TRIMESH collision created successfully (distance: 14.56, vertices: 8)
[23:24:55] TERRAIN: Chunk created successfully: (-16.0, 4.0) at world pos (-512.0, 0.0, 128.0) (total chunks: 800)
[23:24:55] TERRAIN: Creating chunk: (-16.0, -4.0) at distance 14.56
[23:24:55] TERRAIN: Chunk (-16.0, -4.0): TRIMESH collision created successfully (distance: 14.56, vertices: 8)
[23:24:55] TERRAIN: Chunk created successfully: (-16.0, -4.0) at world pos (-512.0, 0.0, -128.0) (total chunks: 801)
[23:24:55] TERRAIN: Creating chunk: (-9.0, 13.0) at distance 14.76
[23:24:55] TERRAIN: Chunk (-9.0, 13.0): TRIMESH collision created successfully (distance: 14.76, vertices: 8)
[23:24:55] TERRAIN: Chunk created successfully: (-9.0, 13.0) at world pos (-288.0, 0.0, 416.0) (total chunks: 802)
[23:24:55] TERRAIN: Creating chunk: (-15.0, 7.0) at distance 14.76
[23:24:55] TERRAIN: Chunk (-15.0, 7.0): TRIMESH collision created successfully (distance: 14.76, vertices: 8)
[23:24:55] TERRAIN: Chunk created successfully: (-15.0, 7.0) at world pos (-480.0, 0.0, 224.0) (total chunks: 803)
[23:24:55] TERRAIN: Creating chunk: (-15.0, -7.0) at distance 14.76
[23:24:55] TERRAIN: Chunk (-15.0, -7.0): TRIMESH collision created successfully (distance: 14.76, vertices: 8)
[23:24:55] TERRAIN: Chunk created successfully: (-15.0, -7.0) at world pos (-480.0, 0.0, -224.0) (total chunks: 804)
[23:24:55] TERRAIN: Creating chunk: (-7.0, 14.0) at distance 14.87
[23:24:55] TERRAIN: Chunk (-7.0, 14.0): TRIMESH collision created successfully (distance: 14.87, vertices: 8)
[23:24:55] TERRAIN: Chunk created successfully: (-7.0, 14.0) at world pos (-224.0, 0.0, 448.0) (total chunks: 805)
[23:24:55] TERRAIN: Creating chunk: (-13.0, 10.0) at distance 14.87
[23:24:55] TERRAIN: Chunk (-13.0, 10.0): TRIMESH collision created successfully (distance: 14.87, vertices: 8)
[23:24:55] TERRAIN: Chunk created successfully: (-13.0, 10.0) at world pos (-416.0, 0.0, 320.0) (total chunks: 806)
[23:24:55] TERRAIN: Creating chunk: (-12.0, 11.0) at distance 14.87
[23:24:55] TERRAIN: Chunk (-12.0, 11.0): TRIMESH collision created successfully (distance: 14.87, vertices: 8)
[23:24:55] TERRAIN: Chunk created successfully: (-12.0, 11.0) at world pos (-384.0, 0.0, 352.0) (total chunks: 807)
[23:24:55] TERRAIN: Creating chunk: (-16.0, 5.0) at distance 14.87
[23:24:55] TERRAIN: Chunk (-16.0, 5.0): TRIMESH collision created successfully (distance: 14.87, vertices: 8)
[23:24:55] TERRAIN: Chunk created successfully: (-16.0, 5.0) at world pos (-512.0, 0.0, 160.0) (total chunks: 808)
[23:24:55] TERRAIN: Creating chunk: (-16.0, -5.0) at distance 14.87
[23:24:55] TERRAIN: Chunk (-16.0, -5.0): TRIMESH collision created successfully (distance: 14.87, vertices: 8)
[23:24:55] TERRAIN: Chunk created successfully: (-16.0, -5.0) at world pos (-512.0, 0.0, -160.0) (total chunks: 809)
[23:24:55] TERRAIN: Creating chunk: (-2.0, 15.0) at distance 15.00
[23:24:55] TERRAIN: Chunk (-2.0, 15.0): TRIMESH collision created successfully (distance: 15.00, vertices: 8)
[23:24:55] TERRAIN: Chunk created successfully: (-2.0, 15.0) at world pos (-64.0, 0.0, 480.0) (total chunks: 810)
[23:24:55] TERRAIN: Creating chunk: (-11.0, 12.0) at distance 15.00
[23:24:55] TERRAIN: Chunk (-11.0, 12.0): TRIMESH collision created successfully (distance: 15.00, vertices: 8)
[23:24:55] TERRAIN: Chunk created successfully: (-11.0, 12.0) at world pos (-352.0, 0.0, 384.0) (total chunks: 811)
[23:24:55] TERRAIN: Creating chunk: (-14.0, 9.0) at distance 15.00
[23:24:55] TERRAIN: Chunk (-14.0, 9.0): TRIMESH collision created successfully (distance: 15.00, vertices: 8)
[23:24:55] TERRAIN: Chunk created successfully: (-14.0, 9.0) at world pos (-448.0, 0.0, 288.0) (total chunks: 812)
[23:24:55] TERRAIN: Creating chunk: (-14.0, -9.0) at distance 15.00
[23:24:55] TERRAIN: Chunk (-14.0, -9.0): TRIMESH collision created successfully (distance: 15.00, vertices: 8)
[23:24:55] TERRAIN: Chunk created successfully: (-14.0, -9.0) at world pos (-448.0, 0.0, -288.0) (total chunks: 813)
[23:24:55] TERRAIN: Creating chunk: (-17.0, 0.0) at distance 15.00
[23:24:55] TERRAIN: Chunk (-17.0, 0.0): TRIMESH collision created successfully (distance: 15.00, vertices: 8)
[23:24:55] TERRAIN: Chunk created successfully: (-17.0, 0.0) at world pos (-544.0, 0.0, 0.0) (total chunks: 814)
[23:24:55] PLAYER: Pos: (-32.45053, 0.007043, 14.3891) | Chunk: (-2.0, 0.0) | TerrainHeight: 0.01 | HeightDiff: -0.00 | OnFloor: true
[23:24:55] PLAYER: CHUNK CHANGED: (-1.0, 0.0) -> (-2.0, 0.0)
[23:24:56] PLAYER: Pos: (-32.60173, -0.006849, 19.36667) | Chunk: (-2.0, 0.0) | TerrainHeight: -0.01 | HeightDiff: 0.00 | OnFloor: true
[23:24:57] TERRAIN: Player moved to new chunk: (-1.0, 0.0) (was (-2.0, 0.0))
[23:24:57] PLAYER: Pos: (-31.95332, -0.005698, 24.25233) | Chunk: (-1.0, 0.0) | TerrainHeight: -0.01 | HeightDiff: 0.00 | OnFloor: true
[23:24:57] PLAYER: CHUNK CHANGED: (-2.0, 0.0) -> (-1.0, 0.0)
[23:24:58] PLAYER: Pos: (-30.07897, -0.00017, 26.33171) | Chunk: (-1.0, 0.0) | TerrainHeight: -0.00 | HeightDiff: 0.00 | OnFloor: true
[23:24:59] PLAYER: Pos: (-30.07897, -0.00017, 26.33171) | Chunk: (-1.0, 0.0) | TerrainHeight: -0.00 | HeightDiff: 0.00 | OnFloor: true
[23:25:00] PLAYER: Pos: (-30.07897, -0.00017, 26.33171) | Chunk: (-1.0, 0.0) | TerrainHeight: -0.00 | HeightDiff: 0.00 | OnFloor: true
[23:25:01] PLAYER: Pos: (-30.07897, -0.00017, 26.33171) | Chunk: (-1.0, 0.0) | TerrainHeight: -0.00 | HeightDiff: 0.00 | OnFloor: true
[23:25:02] TERRAIN: Player moved to new chunk: (-2.0, 0.0) (was (-1.0, 0.0))
[23:25:02] PLAYER: Pos: (-32.22723, 0.007321, 27.5953) | Chunk: (-2.0, 0.0) | TerrainHeight: 0.01 | HeightDiff: 0.00 | OnFloor: true
[23:25:02] PLAYER: CHUNK CHANGED: (-1.0, 0.0) -> (-2.0, 0.0)
[23:25:03] PLAYER: Pos: (-37.20013, 0.015457, 27.24745) | Chunk: (-2.0, 0.0) | TerrainHeight: 0.02 | HeightDiff: -0.00 | OnFloor: true
[23:25:04] PLAYER: Pos: (-41.36672, 0.022873, 27.23243) | Chunk: (-2.0, 0.0) | TerrainHeight: 0.02 | HeightDiff: -0.00 | OnFloor: true
[23:25:05] PLAYER: Pos: (-41.36672, 0.022873, 27.23243) | Chunk: (-2.0, 0.0) | TerrainHeight: 0.02 | HeightDiff: -0.00 | OnFloor: true
[23:25:06] PLAYER: Pos: (-41.36672, 0.022873, 27.23243) | Chunk: (-2.0, 0.0) | TerrainHeight: 0.02 | HeightDiff: -0.00 | OnFloor: true
[23:25:07] INFO: === DEBUG SESSION ENDED ===
