[22:16:30] INFO: === DEBUG SESSION STARTED ===
[22:16:30] INFO: Timestamp: 20250816_221630
[22:16:30] INFO: Godot Version: { "major": 4, "minor": 4, "patch": 0, "hex": 263168, "status": "stable", "build": "official", "hash": "4c311cbee68c0b66ff8ebb8b0defdd9979dd2a41", "timestamp": 0, "string": "4.4-stable (official)" }
[22:16:30] TERRAIN: Updating terrain for player chunk: (0.0, 0.0) (player pos: (0.0, 1.902, 0.0))
[22:16:30] TERRAIN: Queuing 961 new chunks for generation
[22:16:30] TERRAIN: Queued chunk: (0.0, 0.0) (distance: 0.00)
[22:16:30] TERRAIN: Queued chunk: (1.0, 0.0) (distance: 1.00)
[22:16:30] TERRAIN: Queued chunk: (-1.0, 0.0) (distance: 1.00)
[22:16:30] TERRAIN: Queued chunk: (0.0, -1.0) (distance: 1.00)
[22:16:30] TERRAIN: Queued chunk: (0.0, 1.0) (distance: 1.00)
[22:16:30] TERRAIN: Queued chunk: (-1.0, 1.0) (distance: 1.41)
[22:16:30] TERRAIN: Queued chunk: (1.0, 1.0) (distance: 1.41)
[22:16:30] TERRAIN: Queued chunk: (-1.0, -1.0) (distance: 1.41)
[22:16:30] TERRAIN: Queued chunk: (1.0, -1.0) (distance: 1.41)
[22:16:30] TERRAIN: Queued chunk: (-2.0, 0.0) (distance: 2.00)
[22:16:30] TERRAIN: Queued chunk: (0.0, -2.0) (distance: 2.00)
[22:16:30] TERRAIN: Queued chunk: (0.0, 2.0) (distance: 2.00)
[22:16:30] TERRAIN: Queued chunk: (2.0, 0.0) (distance: 2.00)
[22:16:30] TERRAIN: Queued chunk: (1.0, 2.0) (distance: 2.24)
[22:16:30] TERRAIN: Queued chunk: (-2.0, 1.0) (distance: 2.24)
[22:16:30] TERRAIN: Queued chunk: (-2.0, -1.0) (distance: 2.24)
[22:16:30] TERRAIN: Queued chunk: (2.0, 1.0) (distance: 2.24)
[22:16:30] TERRAIN: Queued chunk: (2.0, -1.0) (distance: 2.24)
[22:16:30] TERRAIN: Queued chunk: (1.0, -2.0) (distance: 2.24)
[22:16:30] TERRAIN: Queued chunk: (-1.0, -2.0) (distance: 2.24)
[22:16:30] TERRAIN: Queued chunk: (-1.0, 2.0) (distance: 2.24)
[22:16:30] TERRAIN: Queued chunk: (-2.0, 2.0) (distance: 2.83)
[22:16:30] TERRAIN: Queued chunk: (2.0, 2.0) (distance: 2.83)
[22:16:30] TERRAIN: Queued chunk: (-2.0, -2.0) (distance: 2.83)
[22:16:30] TERRAIN: Queued chunk: (2.0, -2.0) (distance: 2.83)
[22:16:30] TERRAIN: Queued chunk: (3.0, 0.0) (distance: 3.00)
[22:16:30] TERRAIN: Queued chunk: (0.0, -3.0) (distance: 3.00)
[22:16:30] TERRAIN: Queued chunk: (-3.0, 0.0) (distance: 3.00)
[22:16:30] TERRAIN: Queued chunk: (0.0, 3.0) (distance: 3.00)
[22:16:30] TERRAIN: Queued chunk: (-1.0, 3.0) (distance: 3.16)
[22:16:30] TERRAIN: Queued chunk: (3.0, -1.0) (distance: 3.16)
[22:16:30] TERRAIN: Queued chunk: (1.0, -3.0) (distance: 3.16)
[22:16:30] TERRAIN: Queued chunk: (-3.0, 1.0) (distance: 3.16)
[22:16:30] TERRAIN: Queued chunk: (-1.0, -3.0) (distance: 3.16)
[22:16:30] TERRAIN: Queued chunk: (1.0, 3.0) (distance: 3.16)
[22:16:30] TERRAIN: Queued chunk: (-3.0, -1.0) (distance: 3.16)
[22:16:30] TERRAIN: Queued chunk: (3.0, 1.0) (distance: 3.16)
[22:16:30] TERRAIN: Queued chunk: (2.0, 3.0) (distance: 3.61)
[22:16:30] TERRAIN: Queued chunk: (-2.0, -3.0) (distance: 3.61)
[22:16:30] TERRAIN: Queued chunk: (-2.0, 3.0) (distance: 3.61)
[22:16:30] TERRAIN: Queued chunk: (-3.0, -2.0) (distance: 3.61)
[22:16:30] TERRAIN: Queued chunk: (2.0, -3.0) (distance: 3.61)
[22:16:30] TERRAIN: Queued chunk: (-3.0, 2.0) (distance: 3.61)
[22:16:30] TERRAIN: Queued chunk: (3.0, -2.0) (distance: 3.61)
[22:16:30] TERRAIN: Queued chunk: (3.0, 2.0) (distance: 3.61)
[22:16:30] TERRAIN: Queued chunk: (-4.0, 0.0) (distance: 4.00)
[22:16:30] TERRAIN: Queued chunk: (0.0, 4.0) (distance: 4.00)
[22:16:30] TERRAIN: Queued chunk: (0.0, -4.0) (distance: 4.00)
[22:16:30] TERRAIN: Queued chunk: (4.0, 0.0) (distance: 4.00)
[22:16:30] TERRAIN: Queued chunk: (-4.0, 1.0) (distance: 4.12)
[22:16:30] TERRAIN: Queued chunk: (4.0, 1.0) (distance: 4.12)
[22:16:30] TERRAIN: Queued chunk: (1.0, -4.0) (distance: 4.12)
[22:16:30] TERRAIN: Queued chunk: (4.0, -1.0) (distance: 4.12)
[22:16:30] TERRAIN: Queued chunk: (-4.0, -1.0) (distance: 4.12)
[22:16:30] TERRAIN: Queued chunk: (-1.0, -4.0) (distance: 4.12)
[22:16:30] TERRAIN: Queued chunk: (1.0, 4.0) (distance: 4.12)
[22:16:30] TERRAIN: Queued chunk: (-1.0, 4.0) (distance: 4.12)
[22:16:30] TERRAIN: Queued chunk: (3.0, -3.0) (distance: 4.24)
[22:16:30] TERRAIN: Queued chunk: (3.0, 3.0) (distance: 4.24)
[22:16:30] TERRAIN: Queued chunk: (-3.0, 3.0) (distance: 4.24)
[22:16:30] TERRAIN: Queued chunk: (-3.0, -3.0) (distance: 4.24)
[22:16:30] TERRAIN: Queued chunk: (-2.0, 4.0) (distance: 4.47)
[22:16:30] TERRAIN: Queued chunk: (-2.0, -4.0) (distance: 4.47)
[22:16:30] TERRAIN: Queued chunk: (2.0, -4.0) (distance: 4.47)
[22:16:30] TERRAIN: Queued chunk: (-4.0, 2.0) (distance: 4.47)
[22:16:30] TERRAIN: Queued chunk: (4.0, 2.0) (distance: 4.47)
[22:16:30] TERRAIN: Queued chunk: (2.0, 4.0) (distance: 4.47)
[22:16:30] TERRAIN: Queued chunk: (-4.0, -2.0) (distance: 4.47)
[22:16:30] TERRAIN: Queued chunk: (4.0, -2.0) (distance: 4.47)
[22:16:30] TERRAIN: Queued chunk: (-3.0, -4.0) (distance: 5.00)
[22:16:30] TERRAIN: Queued chunk: (0.0, 5.0) (distance: 5.00)
[22:16:30] TERRAIN: Queued chunk: (-3.0, 4.0) (distance: 5.00)
[22:16:30] TERRAIN: Queued chunk: (-5.0, 0.0) (distance: 5.00)
[22:16:30] TERRAIN: Queued chunk: (0.0, -5.0) (distance: 5.00)
[22:16:30] TERRAIN: Queued chunk: (5.0, 0.0) (distance: 5.00)
[22:16:30] TERRAIN: Queued chunk: (3.0, -4.0) (distance: 5.00)
[22:16:30] TERRAIN: Queued chunk: (3.0, 4.0) (distance: 5.00)
[22:16:30] TERRAIN: Queued chunk: (-4.0, -3.0) (distance: 5.00)
[22:16:30] TERRAIN: Queued chunk: (4.0, -3.0) (distance: 5.00)
[22:16:30] TERRAIN: Queued chunk: (4.0, 3.0) (distance: 5.00)
[22:16:30] TERRAIN: Queued chunk: (-4.0, 3.0) (distance: 5.00)
[22:16:30] TERRAIN: Queued chunk: (1.0, -5.0) (distance: 5.10)
[22:16:30] TERRAIN: Queued chunk: (5.0, -1.0) (distance: 5.10)
[22:16:30] TERRAIN: Queued chunk: (5.0, 1.0) (distance: 5.10)
[22:16:30] TERRAIN: Queued chunk: (-1.0, 5.0) (distance: 5.10)
[22:16:30] TERRAIN: Queued chunk: (-1.0, -5.0) (distance: 5.10)
[22:16:30] TERRAIN: Queued chunk: (-5.0, -1.0) (distance: 5.10)
[22:16:30] TERRAIN: Queued chunk: (1.0, 5.0) (distance: 5.10)
[22:16:30] TERRAIN: Queued chunk: (-5.0, 1.0) (distance: 5.10)
[22:16:30] TERRAIN: Queued chunk: (2.0, -5.0) (distance: 5.39)
[22:16:30] TERRAIN: Queued chunk: (-5.0, 2.0) (distance: 5.39)
[22:16:30] TERRAIN: Queued chunk: (-2.0, -5.0) (distance: 5.39)
[22:16:30] TERRAIN: Queued chunk: (-5.0, -2.0) (distance: 5.39)
[22:16:30] TERRAIN: Queued chunk: (2.0, 5.0) (distance: 5.39)
[22:16:30] TERRAIN: Queued chunk: (5.0, 2.0) (distance: 5.39)
[22:16:30] TERRAIN: Queued chunk: (-2.0, 5.0) (distance: 5.39)
[22:16:30] TERRAIN: Queued chunk: (5.0, -2.0) (distance: 5.39)
[22:16:30] TERRAIN: Queued chunk: (4.0, 4.0) (distance: 5.66)
[22:16:30] TERRAIN: Queued chunk: (-4.0, -4.0) (distance: 5.66)
[22:16:30] TERRAIN: Queued chunk: (4.0, -4.0) (distance: 5.66)
[22:16:30] TERRAIN: Queued chunk: (-4.0, 4.0) (distance: 5.66)
[22:16:30] TERRAIN: Queued chunk: (5.0, -3.0) (distance: 5.83)
[22:16:30] TERRAIN: Queued chunk: (-5.0, 3.0) (distance: 5.83)
[22:16:30] TERRAIN: Queued chunk: (-5.0, -3.0) (distance: 5.83)
[22:16:30] TERRAIN: Queued chunk: (5.0, 3.0) (distance: 5.83)
[22:16:30] TERRAIN: Queued chunk: (-3.0, -5.0) (distance: 5.83)
[22:16:30] TERRAIN: Queued chunk: (3.0, -5.0) (distance: 5.83)
[22:16:30] TERRAIN: Queued chunk: (3.0, 5.0) (distance: 5.83)
[22:16:30] TERRAIN: Queued chunk: (-3.0, 5.0) (distance: 5.83)
[22:16:30] TERRAIN: Queued chunk: (6.0, 0.0) (distance: 6.00)
[22:16:30] TERRAIN: Queued chunk: (-6.0, 0.0) (distance: 6.00)
[22:16:30] TERRAIN: Queued chunk: (0.0, 6.0) (distance: 6.00)
[22:16:30] TERRAIN: Queued chunk: (0.0, -6.0) (distance: 6.00)
[22:16:30] TERRAIN: Queued chunk: (6.0, 1.0) (distance: 6.08)
[22:16:30] TERRAIN: Queued chunk: (-6.0, -1.0) (distance: 6.08)
[22:16:30] TERRAIN: Queued chunk: (-6.0, 1.0) (distance: 6.08)
[22:16:30] TERRAIN: Queued chunk: (6.0, -1.0) (distance: 6.08)
[22:16:30] TERRAIN: Queued chunk: (1.0, -6.0) (distance: 6.08)
[22:16:30] TERRAIN: Queued chunk: (-1.0, 6.0) (distance: 6.08)
[22:16:30] TERRAIN: Queued chunk: (1.0, 6.0) (distance: 6.08)
[22:16:30] TERRAIN: Queued chunk: (-1.0, -6.0) (distance: 6.08)
[22:16:30] TERRAIN: Queued chunk: (6.0, -2.0) (distance: 6.32)
[22:16:30] TERRAIN: Queued chunk: (6.0, 2.0) (distance: 6.32)
[22:16:30] TERRAIN: Queued chunk: (2.0, 6.0) (distance: 6.32)
[22:16:30] TERRAIN: Queued chunk: (-2.0, -6.0) (distance: 6.32)
[22:16:30] TERRAIN: Queued chunk: (2.0, -6.0) (distance: 6.32)
[22:16:30] TERRAIN: Queued chunk: (-6.0, -2.0) (distance: 6.32)
[22:16:30] TERRAIN: Queued chunk: (-6.0, 2.0) (distance: 6.32)
[22:16:30] TERRAIN: Queued chunk: (-2.0, 6.0) (distance: 6.32)
[22:16:30] TERRAIN: Queued chunk: (-4.0, -5.0) (distance: 6.40)
[22:16:30] TERRAIN: Queued chunk: (5.0, 4.0) (distance: 6.40)
[22:16:30] TERRAIN: Queued chunk: (-4.0, 5.0) (distance: 6.40)
[22:16:30] TERRAIN: Queued chunk: (4.0, 5.0) (distance: 6.40)
[22:16:30] TERRAIN: Queued chunk: (4.0, -5.0) (distance: 6.40)
[22:16:30] TERRAIN: Queued chunk: (-5.0, 4.0) (distance: 6.40)
[22:16:30] TERRAIN: Queued chunk: (5.0, -4.0) (distance: 6.40)
[22:16:30] TERRAIN: Queued chunk: (-5.0, -4.0) (distance: 6.40)
[22:16:30] TERRAIN: Queued chunk: (6.0, 3.0) (distance: 6.71)
[22:16:30] TERRAIN: Queued chunk: (-3.0, -6.0) (distance: 6.71)
[22:16:30] TERRAIN: Queued chunk: (3.0, 6.0) (distance: 6.71)
[22:16:30] TERRAIN: Queued chunk: (-6.0, -3.0) (distance: 6.71)
[22:16:30] TERRAIN: Queued chunk: (-6.0, 3.0) (distance: 6.71)
[22:16:30] TERRAIN: Queued chunk: (-3.0, 6.0) (distance: 6.71)
[22:16:30] TERRAIN: Queued chunk: (6.0, -3.0) (distance: 6.71)
[22:16:30] TERRAIN: Queued chunk: (3.0, -6.0) (distance: 6.71)
[22:16:30] TERRAIN: Queued chunk: (0.0, -7.0) (distance: 7.00)
[22:16:30] TERRAIN: Queued chunk: (7.0, 0.0) (distance: 7.00)
[22:16:30] TERRAIN: Queued chunk: (0.0, 7.0) (distance: 7.00)
[22:16:30] TERRAIN: Queued chunk: (-7.0, 0.0) (distance: 7.00)
[22:16:30] TERRAIN: Queued chunk: (7.0, 1.0) (distance: 7.07)
[22:16:30] TERRAIN: Queued chunk: (7.0, -1.0) (distance: 7.07)
[22:16:30] TERRAIN: Queued chunk: (1.0, 7.0) (distance: 7.07)
[22:16:30] TERRAIN: Queued chunk: (-1.0, 7.0) (distance: 7.07)
[22:16:30] TERRAIN: Queued chunk: (-7.0, -1.0) (distance: 7.07)
[22:16:30] TERRAIN: Queued chunk: (-7.0, 1.0) (distance: 7.07)
[22:16:30] TERRAIN: Queued chunk: (5.0, -5.0) (distance: 7.07)
[22:16:30] TERRAIN: Queued chunk: (-1.0, -7.0) (distance: 7.07)
[22:16:30] TERRAIN: Queued chunk: (-5.0, -5.0) (distance: 7.07)
[22:16:30] TERRAIN: Queued chunk: (1.0, -7.0) (distance: 7.07)
[22:16:30] TERRAIN: Queued chunk: (-5.0, 5.0) (distance: 7.07)
[22:16:30] TERRAIN: Queued chunk: (5.0, 5.0) (distance: 7.07)
[22:16:30] TERRAIN: Queued chunk: (6.0, 4.0) (distance: 7.21)
[22:16:30] TERRAIN: Queued chunk: (-6.0, 4.0) (distance: 7.21)
[22:16:30] TERRAIN: Queued chunk: (6.0, -4.0) (distance: 7.21)
[22:16:30] TERRAIN: Queued chunk: (-4.0, -6.0) (distance: 7.21)
[22:16:30] TERRAIN: Queued chunk: (-4.0, 6.0) (distance: 7.21)
[22:16:30] TERRAIN: Queued chunk: (4.0, -6.0) (distance: 7.21)
[22:16:30] TERRAIN: Queued chunk: (4.0, 6.0) (distance: 7.21)
[22:16:30] TERRAIN: Queued chunk: (-6.0, -4.0) (distance: 7.21)
[22:16:30] TERRAIN: Queued chunk: (7.0, 2.0) (distance: 7.28)
[22:16:30] TERRAIN: Queued chunk: (7.0, -2.0) (distance: 7.28)
[22:16:30] TERRAIN: Queued chunk: (-2.0, 7.0) (distance: 7.28)
[22:16:30] TERRAIN: Queued chunk: (-7.0, 2.0) (distance: 7.28)
[22:16:30] TERRAIN: Queued chunk: (-2.0, -7.0) (distance: 7.28)
[22:16:30] TERRAIN: Queued chunk: (2.0, 7.0) (distance: 7.28)
[22:16:30] TERRAIN: Queued chunk: (2.0, -7.0) (distance: 7.28)
[22:16:30] TERRAIN: Queued chunk: (-7.0, -2.0) (distance: 7.28)
[22:16:30] TERRAIN: Queued chunk: (-7.0, 3.0) (distance: 7.62)
[22:16:30] TERRAIN: Queued chunk: (-3.0, -7.0) (distance: 7.62)
[22:16:30] TERRAIN: Queued chunk: (7.0, -3.0) (distance: 7.62)
[22:16:30] TERRAIN: Queued chunk: (-7.0, -3.0) (distance: 7.62)
[22:16:30] TERRAIN: Queued chunk: (-3.0, 7.0) (distance: 7.62)
[22:16:30] TERRAIN: Queued chunk: (7.0, 3.0) (distance: 7.62)
[22:16:30] TERRAIN: Queued chunk: (3.0, -7.0) (distance: 7.62)
[22:16:30] TERRAIN: Queued chunk: (3.0, 7.0) (distance: 7.62)
[22:16:30] TERRAIN: Queued chunk: (-6.0, -5.0) (distance: 7.81)
[22:16:30] TERRAIN: Queued chunk: (-5.0, -6.0) (distance: 7.81)
[22:16:30] TERRAIN: Queued chunk: (5.0, -6.0) (distance: 7.81)
[22:16:30] TERRAIN: Queued chunk: (-6.0, 5.0) (distance: 7.81)
[22:16:30] TERRAIN: Queued chunk: (6.0, -5.0) (distance: 7.81)
[22:16:30] TERRAIN: Queued chunk: (-5.0, 6.0) (distance: 7.81)
[22:16:30] TERRAIN: Queued chunk: (5.0, 6.0) (distance: 7.81)
[22:16:30] TERRAIN: Queued chunk: (6.0, 5.0) (distance: 7.81)
[22:16:30] TERRAIN: Queued chunk: (0.0, -8.0) (distance: 8.00)
[22:16:30] TERRAIN: Queued chunk: (8.0, 0.0) (distance: 8.00)
[22:16:30] TERRAIN: Queued chunk: (0.0, 8.0) (distance: 8.00)
[22:16:30] TERRAIN: Queued chunk: (-8.0, 0.0) (distance: 8.00)
[22:16:30] TERRAIN: Queued chunk: (-7.0, 4.0) (distance: 8.06)
[22:16:30] TERRAIN: Queued chunk: (-4.0, 7.0) (distance: 8.06)
[22:16:30] TERRAIN: Queued chunk: (-7.0, -4.0) (distance: 8.06)
[22:16:30] TERRAIN: Queued chunk: (-8.0, -1.0) (distance: 8.06)
[22:16:30] TERRAIN: Queued chunk: (-4.0, -7.0) (distance: 8.06)
[22:16:30] TERRAIN: Queued chunk: (-8.0, 1.0) (distance: 8.06)
[22:16:30] TERRAIN: Queued chunk: (4.0, 7.0) (distance: 8.06)
[22:16:30] TERRAIN: Queued chunk: (4.0, -7.0) (distance: 8.06)
[22:16:30] TERRAIN: Queued chunk: (1.0, -8.0) (distance: 8.06)
[22:16:30] TERRAIN: Queued chunk: (1.0, 8.0) (distance: 8.06)
[22:16:30] TERRAIN: Queued chunk: (-1.0, -8.0) (distance: 8.06)
[22:16:30] TERRAIN: Queued chunk: (-1.0, 8.0) (distance: 8.06)
[22:16:30] TERRAIN: Queued chunk: (7.0, 4.0) (distance: 8.06)
[22:16:30] TERRAIN: Queued chunk: (8.0, -1.0) (distance: 8.06)
[22:16:30] TERRAIN: Queued chunk: (7.0, -4.0) (distance: 8.06)
[22:16:30] TERRAIN: Queued chunk: (8.0, 1.0) (distance: 8.06)
[22:16:30] TERRAIN: Queued chunk: (-2.0, -8.0) (distance: 8.25)
[22:16:30] TERRAIN: Queued chunk: (-8.0, 2.0) (distance: 8.25)
[22:16:30] TERRAIN: Queued chunk: (-8.0, -2.0) (distance: 8.25)
[22:16:30] TERRAIN: Queued chunk: (8.0, 2.0) (distance: 8.25)
[22:16:30] TERRAIN: Queued chunk: (2.0, -8.0) (distance: 8.25)
[22:16:30] TERRAIN: Queued chunk: (2.0, 8.0) (distance: 8.25)
[22:16:30] TERRAIN: Queued chunk: (8.0, -2.0) (distance: 8.25)
[22:16:30] TERRAIN: Queued chunk: (-2.0, 8.0) (distance: 8.25)
[22:16:30] TERRAIN: Queued chunk: (-6.0, 6.0) (distance: 8.49)
[22:16:30] TERRAIN: Queued chunk: (6.0, 6.0) (distance: 8.49)
[22:16:30] TERRAIN: Queued chunk: (-6.0, -6.0) (distance: 8.49)
[22:16:30] TERRAIN: Queued chunk: (6.0, -6.0) (distance: 8.49)
[22:16:30] TERRAIN: Queued chunk: (-3.0, 8.0) (distance: 8.54)
[22:16:30] TERRAIN: Queued chunk: (-8.0, 3.0) (distance: 8.54)
[22:16:30] TERRAIN: Queued chunk: (3.0, 8.0) (distance: 8.54)
[22:16:30] TERRAIN: Queued chunk: (8.0, -3.0) (distance: 8.54)
[22:16:30] TERRAIN: Queued chunk: (-8.0, -3.0) (distance: 8.54)
[22:16:30] TERRAIN: Queued chunk: (8.0, 3.0) (distance: 8.54)
[22:16:30] TERRAIN: Queued chunk: (3.0, -8.0) (distance: 8.54)
[22:16:30] TERRAIN: Queued chunk: (-3.0, -8.0) (distance: 8.54)
[22:16:30] TERRAIN: Queued chunk: (5.0, 7.0) (distance: 8.60)
[22:16:30] TERRAIN: Queued chunk: (5.0, -7.0) (distance: 8.60)
[22:16:30] TERRAIN: Queued chunk: (-5.0, -7.0) (distance: 8.60)
[22:16:30] TERRAIN: Queued chunk: (7.0, 5.0) (distance: 8.60)
[22:16:30] TERRAIN: Queued chunk: (7.0, -5.0) (distance: 8.60)
[22:16:30] TERRAIN: Queued chunk: (-7.0, -5.0) (distance: 8.60)
[22:16:30] TERRAIN: Queued chunk: (-5.0, 7.0) (distance: 8.60)
[22:16:30] TERRAIN: Queued chunk: (-7.0, 5.0) (distance: 8.60)
[22:16:30] TERRAIN: Queued chunk: (8.0, 4.0) (distance: 8.94)
[22:16:30] TERRAIN: Queued chunk: (8.0, -4.0) (distance: 8.94)
[22:16:30] TERRAIN: Queued chunk: (4.0, 8.0) (distance: 8.94)
[22:16:30] TERRAIN: Queued chunk: (4.0, -8.0) (distance: 8.94)
[22:16:30] TERRAIN: Queued chunk: (-4.0, -8.0) (distance: 8.94)
[22:16:30] TERRAIN: Queued chunk: (-8.0, 4.0) (distance: 8.94)
[22:16:30] TERRAIN: Queued chunk: (-4.0, 8.0) (distance: 8.94)
[22:16:30] TERRAIN: Queued chunk: (-8.0, -4.0) (distance: 8.94)
[22:16:30] TERRAIN: Queued chunk: (0.0, -9.0) (distance: 9.00)
[22:16:30] TERRAIN: Queued chunk: (9.0, 0.0) (distance: 9.00)
[22:16:30] TERRAIN: Queued chunk: (0.0, 9.0) (distance: 9.00)
[22:16:30] TERRAIN: Queued chunk: (-9.0, 0.0) (distance: 9.00)
[22:16:30] TERRAIN: Queued chunk: (-1.0, 9.0) (distance: 9.06)
[22:16:30] TERRAIN: Queued chunk: (-9.0, 1.0) (distance: 9.06)
[22:16:30] TERRAIN: Queued chunk: (-9.0, -1.0) (distance: 9.06)
[22:16:30] TERRAIN: Queued chunk: (-1.0, -9.0) (distance: 9.06)
[22:16:30] TERRAIN: Queued chunk: (1.0, 9.0) (distance: 9.06)
[22:16:30] TERRAIN: Queued chunk: (1.0, -9.0) (distance: 9.06)
[22:16:30] TERRAIN: Queued chunk: (9.0, 1.0) (distance: 9.06)
[22:16:30] TERRAIN: Queued chunk: (9.0, -1.0) (distance: 9.06)
[22:16:30] TERRAIN: Queued chunk: (2.0, -9.0) (distance: 9.22)
[22:16:30] TERRAIN: Queued chunk: (2.0, 9.0) (distance: 9.22)
[22:16:30] TERRAIN: Queued chunk: (-6.0, -7.0) (distance: 9.22)
[22:16:30] TERRAIN: Queued chunk: (6.0, -7.0) (distance: 9.22)
[22:16:30] TERRAIN: Queued chunk: (9.0, 2.0) (distance: 9.22)
[22:16:30] TERRAIN: Queued chunk: (9.0, -2.0) (distance: 9.22)
[22:16:30] TERRAIN: Queued chunk: (-7.0, 6.0) (distance: 9.22)
[22:16:30] TERRAIN: Queued chunk: (-6.0, 7.0) (distance: 9.22)
[22:16:30] TERRAIN: Queued chunk: (6.0, 7.0) (distance: 9.22)
[22:16:30] TERRAIN: Queued chunk: (-2.0, 9.0) (distance: 9.22)
[22:16:30] TERRAIN: Queued chunk: (-9.0, -2.0) (distance: 9.22)
[22:16:30] TERRAIN: Queued chunk: (-7.0, -6.0) (distance: 9.22)
[22:16:30] TERRAIN: Queued chunk: (7.0, 6.0) (distance: 9.22)
[22:16:30] TERRAIN: Queued chunk: (-2.0, -9.0) (distance: 9.22)
[22:16:30] TERRAIN: Queued chunk: (-9.0, 2.0) (distance: 9.22)
[22:16:30] TERRAIN: Queued chunk: (7.0, -6.0) (distance: 9.22)
[22:16:30] TERRAIN: Queued chunk: (8.0, -5.0) (distance: 9.43)
[22:16:30] TERRAIN: Queued chunk: (-5.0, 8.0) (distance: 9.43)
[22:16:30] TERRAIN: Queued chunk: (-8.0, 5.0) (distance: 9.43)
[22:16:30] TERRAIN: Queued chunk: (-8.0, -5.0) (distance: 9.43)
[22:16:30] TERRAIN: Queued chunk: (5.0, 8.0) (distance: 9.43)
[22:16:30] TERRAIN: Queued chunk: (-5.0, -8.0) (distance: 9.43)
[22:16:30] TERRAIN: Queued chunk: (8.0, 5.0) (distance: 9.43)
[22:16:30] TERRAIN: Queued chunk: (5.0, -8.0) (distance: 9.43)
[22:16:30] TERRAIN: Queued chunk: (3.0, -9.0) (distance: 9.49)
[22:16:30] TERRAIN: Queued chunk: (-3.0, -9.0) (distance: 9.49)
[22:16:30] TERRAIN: Queued chunk: (9.0, -3.0) (distance: 9.49)
[22:16:30] TERRAIN: Queued chunk: (-9.0, -3.0) (distance: 9.49)
[22:16:30] TERRAIN: Queued chunk: (9.0, 3.0) (distance: 9.49)
[22:16:30] TERRAIN: Queued chunk: (-3.0, 9.0) (distance: 9.49)
[22:16:30] TERRAIN: Queued chunk: (-9.0, 3.0) (distance: 9.49)
[22:16:30] TERRAIN: Queued chunk: (3.0, 9.0) (distance: 9.49)
[22:16:30] TERRAIN: Queued chunk: (4.0, 9.0) (distance: 9.85)
[22:16:30] TERRAIN: Queued chunk: (-4.0, 9.0) (distance: 9.85)
[22:16:30] TERRAIN: Queued chunk: (-4.0, -9.0) (distance: 9.85)
[22:16:30] TERRAIN: Queued chunk: (9.0, -4.0) (distance: 9.85)
[22:16:30] TERRAIN: Queued chunk: (9.0, 4.0) (distance: 9.85)
[22:16:30] TERRAIN: Queued chunk: (-9.0, -4.0) (distance: 9.85)
[22:16:30] TERRAIN: Queued chunk: (-9.0, 4.0) (distance: 9.85)
[22:16:30] TERRAIN: Queued chunk: (4.0, -9.0) (distance: 9.85)
[22:16:30] TERRAIN: Queued chunk: (-7.0, 7.0) (distance: 9.90)
[22:16:30] TERRAIN: Queued chunk: (7.0, -7.0) (distance: 9.90)
[22:16:30] TERRAIN: Queued chunk: (7.0, 7.0) (distance: 9.90)
[22:16:30] TERRAIN: Queued chunk: (-7.0, -7.0) (distance: 9.90)
[22:16:30] TERRAIN: Queued chunk: (0.0, -10.0) (distance: 10.00)
[22:16:30] TERRAIN: Queued chunk: (8.0, 6.0) (distance: 10.00)
[22:16:30] TERRAIN: Queued chunk: (-8.0, -6.0) (distance: 10.00)
[22:16:30] TERRAIN: Queued chunk: (0.0, 10.0) (distance: 10.00)
[22:16:30] TERRAIN: Queued chunk: (10.0, 0.0) (distance: 10.00)
[22:16:30] TERRAIN: Queued chunk: (6.0, -8.0) (distance: 10.00)
[22:16:30] TERRAIN: Queued chunk: (-6.0, -8.0) (distance: 10.00)
[22:16:30] TERRAIN: Queued chunk: (8.0, -6.0) (distance: 10.00)
[22:16:30] TERRAIN: Queued chunk: (-8.0, 6.0) (distance: 10.00)
[22:16:30] TERRAIN: Queued chunk: (6.0, 8.0) (distance: 10.00)
[22:16:30] TERRAIN: Queued chunk: (-10.0, 0.0) (distance: 10.00)
[22:16:30] TERRAIN: Queued chunk: (-6.0, 8.0) (distance: 10.00)
[22:16:30] TERRAIN: Queued chunk: (10.0, 1.0) (distance: 10.05)
[22:16:30] TERRAIN: Queued chunk: (10.0, -1.0) (distance: 10.05)
[22:16:30] TERRAIN: Queued chunk: (-1.0, -10.0) (distance: 10.05)
[22:16:30] TERRAIN: Queued chunk: (1.0, -10.0) (distance: 10.05)
[22:16:30] TERRAIN: Queued chunk: (-1.0, 10.0) (distance: 10.05)
[22:16:30] TERRAIN: Queued chunk: (1.0, 10.0) (distance: 10.05)
[22:16:30] TERRAIN: Queued chunk: (-10.0, -1.0) (distance: 10.05)
[22:16:30] TERRAIN: Queued chunk: (-10.0, 1.0) (distance: 10.05)
[22:16:30] TERRAIN: Queued chunk: (2.0, -10.0) (distance: 10.20)
[22:16:30] TERRAIN: Queued chunk: (-10.0, -2.0) (distance: 10.20)
[22:16:30] TERRAIN: Queued chunk: (10.0, -2.0) (distance: 10.20)
[22:16:30] TERRAIN: Queued chunk: (-10.0, 2.0) (distance: 10.20)
[22:16:30] TERRAIN: Queued chunk: (10.0, 2.0) (distance: 10.20)
[22:16:30] TERRAIN: Queued chunk: (-2.0, 10.0) (distance: 10.20)
[22:16:30] TERRAIN: Queued chunk: (2.0, 10.0) (distance: 10.20)
[22:16:30] TERRAIN: Queued chunk: (-2.0, -10.0) (distance: 10.20)
[22:16:30] TERRAIN: Queued chunk: (5.0, -9.0) (distance: 10.30)
[22:16:30] TERRAIN: Queued chunk: (5.0, 9.0) (distance: 10.30)
[22:16:30] TERRAIN: Queued chunk: (9.0, -5.0) (distance: 10.30)
[22:16:30] TERRAIN: Queued chunk: (-5.0, 9.0) (distance: 10.30)
[22:16:30] TERRAIN: Queued chunk: (-9.0, -5.0) (distance: 10.30)
[22:16:30] TERRAIN: Queued chunk: (-9.0, 5.0) (distance: 10.30)
[22:16:30] TERRAIN: Queued chunk: (-5.0, -9.0) (distance: 10.30)
[22:16:30] TERRAIN: Queued chunk: (9.0, 5.0) (distance: 10.30)
[22:16:30] TERRAIN: Queued chunk: (3.0, 10.0) (distance: 10.44)
[22:16:30] TERRAIN: Queued chunk: (-10.0, -3.0) (distance: 10.44)
[22:16:30] TERRAIN: Queued chunk: (-3.0, 10.0) (distance: 10.44)
[22:16:30] TERRAIN: Queued chunk: (3.0, -10.0) (distance: 10.44)
[22:16:30] TERRAIN: Queued chunk: (-3.0, -10.0) (distance: 10.44)
[22:16:30] TERRAIN: Queued chunk: (10.0, 3.0) (distance: 10.44)
[22:16:30] TERRAIN: Queued chunk: (-10.0, 3.0) (distance: 10.44)
[22:16:30] TERRAIN: Queued chunk: (10.0, -3.0) (distance: 10.44)
[22:16:30] TERRAIN: Queued chunk: (7.0, -8.0) (distance: 10.63)
[22:16:30] TERRAIN: Queued chunk: (8.0, 7.0) (distance: 10.63)
[22:16:30] TERRAIN: Queued chunk: (-8.0, 7.0) (distance: 10.63)
[22:16:30] TERRAIN: Queued chunk: (-7.0, -8.0) (distance: 10.63)
[22:16:30] TERRAIN: Queued chunk: (-7.0, 8.0) (distance: 10.63)
[22:16:30] TERRAIN: Queued chunk: (7.0, 8.0) (distance: 10.63)
[22:16:30] TERRAIN: Queued chunk: (8.0, -7.0) (distance: 10.63)
[22:16:30] TERRAIN: Queued chunk: (-8.0, -7.0) (distance: 10.63)
[22:16:30] TERRAIN: Queued chunk: (4.0, 10.0) (distance: 10.77)
[22:16:30] TERRAIN: Queued chunk: (4.0, -10.0) (distance: 10.77)
[22:16:30] TERRAIN: Queued chunk: (-4.0, 10.0) (distance: 10.77)
[22:16:30] TERRAIN: Queued chunk: (-4.0, -10.0) (distance: 10.77)
[22:16:30] TERRAIN: Queued chunk: (10.0, -4.0) (distance: 10.77)
[22:16:30] TERRAIN: Queued chunk: (10.0, 4.0) (distance: 10.77)
[22:16:30] TERRAIN: Queued chunk: (-10.0, 4.0) (distance: 10.77)
[22:16:30] TERRAIN: Queued chunk: (-10.0, -4.0) (distance: 10.77)
[22:16:30] TERRAIN: Queued chunk: (-6.0, 9.0) (distance: 10.82)
[22:16:30] TERRAIN: Queued chunk: (-6.0, -9.0) (distance: 10.82)
[22:16:30] TERRAIN: Queued chunk: (6.0, 9.0) (distance: 10.82)
[22:16:30] TERRAIN: Queued chunk: (-9.0, 6.0) (distance: 10.82)
[22:16:30] TERRAIN: Queued chunk: (-9.0, -6.0) (distance: 10.82)
[22:16:30] TERRAIN: Queued chunk: (6.0, -9.0) (distance: 10.82)
[22:16:30] TERRAIN: Queued chunk: (9.0, -6.0) (distance: 10.82)
[22:16:30] TERRAIN: Queued chunk: (9.0, 6.0) (distance: 10.82)
[22:16:30] TERRAIN: Queued chunk: (0.0, -11.0) (distance: 11.00)
[22:16:30] TERRAIN: Queued chunk: (-11.0, 0.0) (distance: 11.00)
[22:16:30] TERRAIN: Queued chunk: (0.0, 11.0) (distance: 11.00)
[22:16:30] TERRAIN: Queued chunk: (11.0, 0.0) (distance: 11.00)
[22:16:30] TERRAIN: Queued chunk: (-1.0, 11.0) (distance: 11.05)
[22:16:30] TERRAIN: Queued chunk: (-11.0, 1.0) (distance: 11.05)
[22:16:30] TERRAIN: Queued chunk: (-1.0, -11.0) (distance: 11.05)
[22:16:30] TERRAIN: Queued chunk: (11.0, -1.0) (distance: 11.05)
[22:16:30] TERRAIN: Queued chunk: (-11.0, -1.0) (distance: 11.05)
[22:16:30] TERRAIN: Queued chunk: (1.0, -11.0) (distance: 11.05)
[22:16:30] TERRAIN: Queued chunk: (11.0, 1.0) (distance: 11.05)
[22:16:30] TERRAIN: Queued chunk: (1.0, 11.0) (distance: 11.05)
[22:16:30] TERRAIN: Queued chunk: (10.0, 5.0) (distance: 11.18)
[22:16:30] TERRAIN: Queued chunk: (-5.0, -10.0) (distance: 11.18)
[22:16:30] TERRAIN: Queued chunk: (-2.0, -11.0) (distance: 11.18)
[22:16:30] TERRAIN: Queued chunk: (-10.0, -5.0) (distance: 11.18)
[22:16:30] TERRAIN: Queued chunk: (5.0, 10.0) (distance: 11.18)
[22:16:30] TERRAIN: Queued chunk: (10.0, -5.0) (distance: 11.18)
[22:16:30] TERRAIN: Queued chunk: (-10.0, 5.0) (distance: 11.18)
[22:16:30] TERRAIN: Queued chunk: (11.0, 2.0) (distance: 11.18)
[22:16:30] TERRAIN: Queued chunk: (-5.0, 10.0) (distance: 11.18)
[22:16:30] TERRAIN: Queued chunk: (5.0, -10.0) (distance: 11.18)
[22:16:30] TERRAIN: Queued chunk: (2.0, -11.0) (distance: 11.18)
[22:16:30] TERRAIN: Queued chunk: (11.0, -2.0) (distance: 11.18)
[22:16:30] TERRAIN: Queued chunk: (2.0, 11.0) (distance: 11.18)
[22:16:30] TERRAIN: Queued chunk: (-2.0, 11.0) (distance: 11.18)
[22:16:30] TERRAIN: Queued chunk: (-11.0, 2.0) (distance: 11.18)
[22:16:30] TERRAIN: Queued chunk: (-11.0, -2.0) (distance: 11.18)
[22:16:30] TERRAIN: Queued chunk: (8.0, -8.0) (distance: 11.31)
[22:16:30] TERRAIN: Queued chunk: (8.0, 8.0) (distance: 11.31)
[22:16:30] TERRAIN: Queued chunk: (-8.0, -8.0) (distance: 11.31)
[22:16:30] TERRAIN: Queued chunk: (-8.0, 8.0) (distance: 11.31)
[22:16:30] TERRAIN: Queued chunk: (11.0, -3.0) (distance: 11.40)
[22:16:30] TERRAIN: Queued chunk: (-9.0, 7.0) (distance: 11.40)
[22:16:30] TERRAIN: Queued chunk: (7.0, -9.0) (distance: 11.40)
[22:16:30] TERRAIN: Queued chunk: (11.0, 3.0) (distance: 11.40)
[22:16:30] TERRAIN: Queued chunk: (-3.0, -11.0) (distance: 11.40)
[22:16:30] TERRAIN: Queued chunk: (-9.0, -7.0) (distance: 11.40)
[22:16:30] TERRAIN: Queued chunk: (-11.0, 3.0) (distance: 11.40)
[22:16:30] TERRAIN: Queued chunk: (7.0, 9.0) (distance: 11.40)
[22:16:30] TERRAIN: Queued chunk: (3.0, -11.0) (distance: 11.40)
[22:16:30] TERRAIN: Queued chunk: (3.0, 11.0) (distance: 11.40)
[22:16:30] TERRAIN: Queued chunk: (-11.0, -3.0) (distance: 11.40)
[22:16:30] TERRAIN: Queued chunk: (-7.0, -9.0) (distance: 11.40)
[22:16:30] TERRAIN: Queued chunk: (9.0, -7.0) (distance: 11.40)
[22:16:30] TERRAIN: Queued chunk: (-3.0, 11.0) (distance: 11.40)
[22:16:30] TERRAIN: Queued chunk: (9.0, 7.0) (distance: 11.40)
[22:16:30] TERRAIN: Queued chunk: (-7.0, 9.0) (distance: 11.40)
[22:16:30] TERRAIN: Queued chunk: (6.0, -10.0) (distance: 11.66)
[22:16:30] TERRAIN: Queued chunk: (-6.0, 10.0) (distance: 11.66)
[22:16:30] TERRAIN: Queued chunk: (-6.0, -10.0) (distance: 11.66)
[22:16:30] TERRAIN: Queued chunk: (-10.0, 6.0) (distance: 11.66)
[22:16:30] TERRAIN: Queued chunk: (6.0, 10.0) (distance: 11.66)
[22:16:30] TERRAIN: Queued chunk: (-10.0, -6.0) (distance: 11.66)
[22:16:30] TERRAIN: Queued chunk: (10.0, -6.0) (distance: 11.66)
[22:16:30] TERRAIN: Queued chunk: (10.0, 6.0) (distance: 11.66)
[22:16:30] TERRAIN: Queued chunk: (-4.0, 11.0) (distance: 11.70)
[22:16:30] TERRAIN: Queued chunk: (-11.0, -4.0) (distance: 11.70)
[22:16:30] TERRAIN: Queued chunk: (-11.0, 4.0) (distance: 11.70)
[22:16:30] TERRAIN: Queued chunk: (11.0, -4.0) (distance: 11.70)
[22:16:30] TERRAIN: Queued chunk: (-4.0, -11.0) (distance: 11.70)
[22:16:30] TERRAIN: Queued chunk: (4.0, 11.0) (distance: 11.70)
[22:16:30] TERRAIN: Queued chunk: (11.0, 4.0) (distance: 11.70)
[22:16:30] TERRAIN: Queued chunk: (4.0, -11.0) (distance: 11.70)
[22:16:30] TERRAIN: Queued chunk: (0.0, 12.0) (distance: 12.00)
[22:16:30] TERRAIN: Queued chunk: (0.0, -12.0) (distance: 12.00)
[22:16:30] TERRAIN: Queued chunk: (-12.0, 0.0) (distance: 12.00)
[22:16:30] TERRAIN: Queued chunk: (12.0, 0.0) (distance: 12.00)
[22:16:30] TERRAIN: Queued chunk: (1.0, 12.0) (distance: 12.04)
[22:16:30] TERRAIN: Queued chunk: (-9.0, -8.0) (distance: 12.04)
[22:16:30] TERRAIN: Queued chunk: (12.0, -1.0) (distance: 12.04)
[22:16:30] TERRAIN: Queued chunk: (-1.0, 12.0) (distance: 12.04)
[22:16:30] TERRAIN: Queued chunk: (8.0, -9.0) (distance: 12.04)
[22:16:30] TERRAIN: Queued chunk: (9.0, -8.0) (distance: 12.04)
[22:16:30] TERRAIN: Queued chunk: (9.0, 8.0) (distance: 12.04)
[22:16:30] TERRAIN: Queued chunk: (8.0, 9.0) (distance: 12.04)
[22:16:30] TERRAIN: Queued chunk: (-8.0, 9.0) (distance: 12.04)
[22:16:30] TERRAIN: Queued chunk: (-1.0, -12.0) (distance: 12.04)
[22:16:30] TERRAIN: Queued chunk: (-9.0, 8.0) (distance: 12.04)
[22:16:30] TERRAIN: Queued chunk: (-8.0, -9.0) (distance: 12.04)
[22:16:30] TERRAIN: Queued chunk: (1.0, -12.0) (distance: 12.04)
[22:16:30] TERRAIN: Queued chunk: (12.0, 1.0) (distance: 12.04)
[22:16:30] TERRAIN: Queued chunk: (-12.0, -1.0) (distance: 12.04)
[22:16:30] TERRAIN: Queued chunk: (-12.0, 1.0) (distance: 12.04)
[22:16:30] TERRAIN: Queued chunk: (-5.0, 11.0) (distance: 12.08)
[22:16:30] TERRAIN: Queued chunk: (-11.0, 5.0) (distance: 12.08)
[22:16:30] TERRAIN: Queued chunk: (-5.0, -11.0) (distance: 12.08)
[22:16:30] TERRAIN: Queued chunk: (11.0, -5.0) (distance: 12.08)
[22:16:30] TERRAIN: Queued chunk: (5.0, -11.0) (distance: 12.08)
[22:16:30] TERRAIN: Queued chunk: (5.0, 11.0) (distance: 12.08)
[22:16:30] TERRAIN: Queued chunk: (11.0, 5.0) (distance: 12.08)
[22:16:30] TERRAIN: Queued chunk: (-11.0, -5.0) (distance: 12.08)
[22:16:30] TERRAIN: Queued chunk: (12.0, -2.0) (distance: 12.17)
[22:16:30] TERRAIN: Queued chunk: (-12.0, 2.0) (distance: 12.17)
[22:16:30] TERRAIN: Queued chunk: (2.0, 12.0) (distance: 12.17)
[22:16:30] TERRAIN: Queued chunk: (12.0, 2.0) (distance: 12.17)
[22:16:30] TERRAIN: Queued chunk: (-2.0, -12.0) (distance: 12.17)
[22:16:30] TERRAIN: Queued chunk: (2.0, -12.0) (distance: 12.17)
[22:16:30] TERRAIN: Queued chunk: (-12.0, -2.0) (distance: 12.17)
[22:16:30] TERRAIN: Queued chunk: (-2.0, 12.0) (distance: 12.17)
[22:16:30] TERRAIN: Queued chunk: (10.0, 7.0) (distance: 12.21)
[22:16:30] TERRAIN: Queued chunk: (10.0, -7.0) (distance: 12.21)
[22:16:30] TERRAIN: Queued chunk: (7.0, -10.0) (distance: 12.21)
[22:16:30] TERRAIN: Queued chunk: (-7.0, -10.0) (distance: 12.21)
[22:16:30] TERRAIN: Queued chunk: (-10.0, 7.0) (distance: 12.21)
[22:16:30] TERRAIN: Queued chunk: (-10.0, -7.0) (distance: 12.21)
[22:16:30] TERRAIN: Queued chunk: (-7.0, 10.0) (distance: 12.21)
[22:16:30] TERRAIN: Queued chunk: (7.0, 10.0) (distance: 12.21)
[22:16:30] TERRAIN: Queued chunk: (-12.0, -3.0) (distance: 12.37)
[22:16:30] TERRAIN: Queued chunk: (12.0, -3.0) (distance: 12.37)
[22:16:30] TERRAIN: Queued chunk: (-3.0, -12.0) (distance: 12.37)
[22:16:30] TERRAIN: Queued chunk: (-12.0, 3.0) (distance: 12.37)
[22:16:30] TERRAIN: Queued chunk: (-3.0, 12.0) (distance: 12.37)
[22:16:30] TERRAIN: Queued chunk: (3.0, -12.0) (distance: 12.37)
[22:16:30] TERRAIN: Queued chunk: (12.0, 3.0) (distance: 12.37)
[22:16:30] TERRAIN: Queued chunk: (3.0, 12.0) (distance: 12.37)
[22:16:30] TERRAIN: Queued chunk: (11.0, -6.0) (distance: 12.53)
[22:16:30] TERRAIN: Queued chunk: (-11.0, -6.0) (distance: 12.53)
[22:16:30] TERRAIN: Queued chunk: (-6.0, -11.0) (distance: 12.53)
[22:16:30] TERRAIN: Queued chunk: (-6.0, 11.0) (distance: 12.53)
[22:16:30] TERRAIN: Queued chunk: (-11.0, 6.0) (distance: 12.53)
[22:16:30] TERRAIN: Queued chunk: (6.0, -11.0) (distance: 12.53)
[22:16:30] TERRAIN: Queued chunk: (11.0, 6.0) (distance: 12.53)
[22:16:30] TERRAIN: Queued chunk: (6.0, 11.0) (distance: 12.53)
[22:16:30] TERRAIN: Queued chunk: (-4.0, -12.0) (distance: 12.65)
[22:16:30] TERRAIN: Queued chunk: (12.0, -4.0) (distance: 12.65)
[22:16:30] TERRAIN: Queued chunk: (-12.0, -4.0) (distance: 12.65)
[22:16:30] TERRAIN: Queued chunk: (4.0, 12.0) (distance: 12.65)
[22:16:30] TERRAIN: Queued chunk: (12.0, 4.0) (distance: 12.65)
[22:16:30] TERRAIN: Queued chunk: (-4.0, 12.0) (distance: 12.65)
[22:16:30] TERRAIN: Queued chunk: (-12.0, 4.0) (distance: 12.65)
[22:16:30] TERRAIN: Queued chunk: (4.0, -12.0) (distance: 12.65)
[22:16:30] TERRAIN: Queued chunk: (9.0, -9.0) (distance: 12.73)
[22:16:30] TERRAIN: Queued chunk: (-9.0, -9.0) (distance: 12.73)
[22:16:30] TERRAIN: Queued chunk: (9.0, 9.0) (distance: 12.73)
[22:16:30] TERRAIN: Queued chunk: (-9.0, 9.0) (distance: 12.73)
[22:16:30] TERRAIN: Queued chunk: (8.0, 10.0) (distance: 12.81)
[22:16:30] TERRAIN: Queued chunk: (10.0, -8.0) (distance: 12.81)
[22:16:30] TERRAIN: Queued chunk: (-10.0, 8.0) (distance: 12.81)
[22:16:30] TERRAIN: Queued chunk: (-8.0, -10.0) (distance: 12.81)
[22:16:30] TERRAIN: Queued chunk: (-10.0, -8.0) (distance: 12.81)
[22:16:30] TERRAIN: Queued chunk: (10.0, 8.0) (distance: 12.81)
[22:16:30] TERRAIN: Queued chunk: (8.0, -10.0) (distance: 12.81)
[22:16:30] TERRAIN: Queued chunk: (-8.0, 10.0) (distance: 12.81)
[22:16:30] TERRAIN: Queued chunk: (12.0, -5.0) (distance: 13.00)
[22:16:30] TERRAIN: Queued chunk: (13.0, 0.0) (distance: 13.00)
[22:16:30] TERRAIN: Queued chunk: (5.0, -12.0) (distance: 13.00)
[22:16:30] TERRAIN: Queued chunk: (12.0, 5.0) (distance: 13.00)
[22:16:30] TERRAIN: Queued chunk: (-12.0, -5.0) (distance: 13.00)
[22:16:30] TERRAIN: Queued chunk: (5.0, 12.0) (distance: 13.00)
[22:16:30] TERRAIN: Queued chunk: (0.0, 13.0) (distance: 13.00)
[22:16:30] TERRAIN: Queued chunk: (-12.0, 5.0) (distance: 13.00)
[22:16:30] TERRAIN: Queued chunk: (-5.0, 12.0) (distance: 13.00)
[22:16:30] TERRAIN: Queued chunk: (-5.0, -12.0) (distance: 13.00)
[22:16:30] TERRAIN: Queued chunk: (0.0, -13.0) (distance: 13.00)
[22:16:30] TERRAIN: Queued chunk: (-13.0, 0.0) (distance: 13.00)
[22:16:30] TERRAIN: Queued chunk: (-11.0, 7.0) (distance: 13.04)
[22:16:30] TERRAIN: Queued chunk: (-7.0, 11.0) (distance: 13.04)
[22:16:30] TERRAIN: Queued chunk: (-1.0, 13.0) (distance: 13.04)
[22:16:30] TERRAIN: Queued chunk: (-11.0, -7.0) (distance: 13.04)
[22:16:30] TERRAIN: Queued chunk: (11.0, -7.0) (distance: 13.04)
[22:16:30] TERRAIN: Queued chunk: (-7.0, -11.0) (distance: 13.04)
[22:16:30] TERRAIN: Queued chunk: (7.0, 11.0) (distance: 13.04)
[22:16:30] TERRAIN: Queued chunk: (11.0, 7.0) (distance: 13.04)
[22:16:30] TERRAIN: Queued chunk: (-1.0, -13.0) (distance: 13.04)
[22:16:30] TERRAIN: Queued chunk: (1.0, -13.0) (distance: 13.04)
[22:16:30] TERRAIN: Queued chunk: (7.0, -11.0) (distance: 13.04)
[22:16:30] TERRAIN: Queued chunk: (-13.0, -1.0) (distance: 13.04)
[22:16:30] TERRAIN: Queued chunk: (-13.0, 1.0) (distance: 13.04)
[22:16:30] TERRAIN: Queued chunk: (1.0, 13.0) (distance: 13.04)
[22:16:30] TERRAIN: Queued chunk: (13.0, -1.0) (distance: 13.04)
[22:16:30] TERRAIN: Queued chunk: (13.0, 1.0) (distance: 13.04)
[22:16:30] TERRAIN: Queued chunk: (-2.0, 13.0) (distance: 13.15)
[22:16:30] TERRAIN: Queued chunk: (-13.0, -2.0) (distance: 13.15)
[22:16:30] TERRAIN: Queued chunk: (-2.0, -13.0) (distance: 13.15)
[22:16:30] TERRAIN: Queued chunk: (13.0, 2.0) (distance: 13.15)
[22:16:30] TERRAIN: Queued chunk: (2.0, 13.0) (distance: 13.15)
[22:16:30] TERRAIN: Queued chunk: (2.0, -13.0) (distance: 13.15)
[22:16:30] TERRAIN: Queued chunk: (-13.0, 2.0) (distance: 13.15)
[22:16:30] TERRAIN: Queued chunk: (13.0, -2.0) (distance: 13.15)
[22:16:30] TERRAIN: Queued chunk: (-3.0, -13.0) (distance: 13.34)
[22:16:30] TERRAIN: Queued chunk: (13.0, -3.0) (distance: 13.34)
[22:16:30] TERRAIN: Queued chunk: (3.0, -13.0) (distance: 13.34)
[22:16:30] TERRAIN: Queued chunk: (-13.0, -3.0) (distance: 13.34)
[22:16:30] TERRAIN: Queued chunk: (13.0, 3.0) (distance: 13.34)
[22:16:30] TERRAIN: Queued chunk: (-3.0, 13.0) (distance: 13.34)
[22:16:30] TERRAIN: Queued chunk: (3.0, 13.0) (distance: 13.34)
[22:16:30] TERRAIN: Queued chunk: (-13.0, 3.0) (distance: 13.34)
[22:16:30] TERRAIN: Queued chunk: (-6.0, 12.0) (distance: 13.42)
[22:16:30] TERRAIN: Queued chunk: (-12.0, 6.0) (distance: 13.42)
[22:16:30] TERRAIN: Queued chunk: (-6.0, -12.0) (distance: 13.42)
[22:16:30] TERRAIN: Queued chunk: (12.0, -6.0) (distance: 13.42)
[22:16:30] TERRAIN: Queued chunk: (12.0, 6.0) (distance: 13.42)
[22:16:30] TERRAIN: Queued chunk: (6.0, 12.0) (distance: 13.42)
[22:16:30] TERRAIN: Queued chunk: (6.0, -12.0) (distance: 13.42)
[22:16:30] TERRAIN: Queued chunk: (-12.0, -6.0) (distance: 13.42)
[22:16:30] TERRAIN: Queued chunk: (10.0, -9.0) (distance: 13.45)
[22:16:30] TERRAIN: Queued chunk: (9.0, 10.0) (distance: 13.45)
[22:16:30] TERRAIN: Queued chunk: (10.0, 9.0) (distance: 13.45)
[22:16:30] TERRAIN: Queued chunk: (9.0, -10.0) (distance: 13.45)
[22:16:30] TERRAIN: Queued chunk: (-10.0, -9.0) (distance: 13.45)
[22:16:30] TERRAIN: Queued chunk: (-10.0, 9.0) (distance: 13.45)
[22:16:30] TERRAIN: Queued chunk: (-9.0, 10.0) (distance: 13.45)
[22:16:30] TERRAIN: Queued chunk: (-9.0, -10.0) (distance: 13.45)
[22:16:30] TERRAIN: Queued chunk: (-4.0, 13.0) (distance: 13.60)
[22:16:30] TERRAIN: Queued chunk: (4.0, -13.0) (distance: 13.60)
[22:16:30] TERRAIN: Queued chunk: (-11.0, -8.0) (distance: 13.60)
[22:16:30] TERRAIN: Queued chunk: (13.0, 4.0) (distance: 13.60)
[22:16:30] TERRAIN: Queued chunk: (4.0, 13.0) (distance: 13.60)
[22:16:30] TERRAIN: Queued chunk: (13.0, -4.0) (distance: 13.60)
[22:16:30] TERRAIN: Queued chunk: (11.0, -8.0) (distance: 13.60)
[22:16:30] TERRAIN: Queued chunk: (8.0, 11.0) (distance: 13.60)
[22:16:30] TERRAIN: Queued chunk: (-8.0, -11.0) (distance: 13.60)
[22:16:30] TERRAIN: Queued chunk: (-11.0, 8.0) (distance: 13.60)
[22:16:30] TERRAIN: Queued chunk: (8.0, -11.0) (distance: 13.60)
[22:16:30] TERRAIN: Queued chunk: (-4.0, -13.0) (distance: 13.60)
[22:16:30] TERRAIN: Queued chunk: (-13.0, 4.0) (distance: 13.60)
[22:16:30] TERRAIN: Queued chunk: (-8.0, 11.0) (distance: 13.60)
[22:16:30] TERRAIN: Queued chunk: (-13.0, -4.0) (distance: 13.60)
[22:16:30] TERRAIN: Queued chunk: (11.0, 8.0) (distance: 13.60)
[22:16:30] TERRAIN: Queued chunk: (12.0, 7.0) (distance: 13.89)
[22:16:30] TERRAIN: Queued chunk: (-12.0, -7.0) (distance: 13.89)
[22:16:30] TERRAIN: Queued chunk: (-12.0, 7.0) (distance: 13.89)
[22:16:30] TERRAIN: Queued chunk: (-7.0, 12.0) (distance: 13.89)
[22:16:30] TERRAIN: Queued chunk: (7.0, -12.0) (distance: 13.89)
[22:16:30] TERRAIN: Queued chunk: (-7.0, -12.0) (distance: 13.89)
[22:16:30] TERRAIN: Queued chunk: (7.0, 12.0) (distance: 13.89)
[22:16:30] TERRAIN: Queued chunk: (12.0, -7.0) (distance: 13.89)
[22:16:30] TERRAIN: Queued chunk: (5.0, 13.0) (distance: 13.93)
[22:16:30] TERRAIN: Queued chunk: (-5.0, 13.0) (distance: 13.93)
[22:16:30] TERRAIN: Queued chunk: (-5.0, -13.0) (distance: 13.93)
[22:16:30] TERRAIN: Queued chunk: (5.0, -13.0) (distance: 13.93)
[22:16:30] TERRAIN: Queued chunk: (13.0, -5.0) (distance: 13.93)
[22:16:30] TERRAIN: Queued chunk: (13.0, 5.0) (distance: 13.93)
[22:16:30] TERRAIN: Queued chunk: (-13.0, 5.0) (distance: 13.93)
[22:16:30] TERRAIN: Queued chunk: (-13.0, -5.0) (distance: 13.93)
[22:16:30] TERRAIN: Queued chunk: (14.0, 0.0) (distance: 14.00)
[22:16:30] TERRAIN: Queued chunk: (0.0, -14.0) (distance: 14.00)
[22:16:30] TERRAIN: Queued chunk: (-14.0, 0.0) (distance: 14.00)
[22:16:30] TERRAIN: Queued chunk: (0.0, 14.0) (distance: 14.00)
[22:16:30] TERRAIN: Queued chunk: (14.0, 1.0) (distance: 14.04)
[22:16:30] TERRAIN: Queued chunk: (14.0, -1.0) (distance: 14.04)
[22:16:30] TERRAIN: Queued chunk: (-14.0, 1.0) (distance: 14.04)
[22:16:30] TERRAIN: Queued chunk: (-1.0, -14.0) (distance: 14.04)
[22:16:30] TERRAIN: Queued chunk: (-1.0, 14.0) (distance: 14.04)
[22:16:30] TERRAIN: Queued chunk: (-14.0, -1.0) (distance: 14.04)
[22:16:30] TERRAIN: Queued chunk: (1.0, -14.0) (distance: 14.04)
[22:16:30] TERRAIN: Queued chunk: (1.0, 14.0) (distance: 14.04)
[22:16:30] TERRAIN: Queued chunk: (-10.0, 10.0) (distance: 14.14)
[22:16:30] TERRAIN: Queued chunk: (-10.0, -10.0) (distance: 14.14)
[22:16:30] TERRAIN: Queued chunk: (10.0, -10.0) (distance: 14.14)
[22:16:30] TERRAIN: Queued chunk: (-14.0, 2.0) (distance: 14.14)
[22:16:30] TERRAIN: Queued chunk: (-2.0, -14.0) (distance: 14.14)
[22:16:30] TERRAIN: Queued chunk: (-2.0, 14.0) (distance: 14.14)
[22:16:30] TERRAIN: Queued chunk: (10.0, 10.0) (distance: 14.14)
[22:16:30] TERRAIN: Queued chunk: (-14.0, -2.0) (distance: 14.14)
[22:16:30] TERRAIN: Queued chunk: (2.0, -14.0) (distance: 14.14)
[22:16:30] TERRAIN: Queued chunk: (14.0, 2.0) (distance: 14.14)
[22:16:30] TERRAIN: Queued chunk: (2.0, 14.0) (distance: 14.14)
[22:16:30] TERRAIN: Queued chunk: (14.0, -2.0) (distance: 14.14)
[22:16:30] TERRAIN: Queued chunk: (-9.0, -11.0) (distance: 14.21)
[22:16:30] TERRAIN: Queued chunk: (9.0, 11.0) (distance: 14.21)
[22:16:30] TERRAIN: Queued chunk: (-9.0, 11.0) (distance: 14.21)
[22:16:30] TERRAIN: Queued chunk: (9.0, -11.0) (distance: 14.21)
[22:16:30] TERRAIN: Queued chunk: (11.0, -9.0) (distance: 14.21)
[22:16:30] TERRAIN: Queued chunk: (-11.0, -9.0) (distance: 14.21)
[22:16:30] TERRAIN: Queued chunk: (11.0, 9.0) (distance: 14.21)
[22:16:30] TERRAIN: Queued chunk: (-11.0, 9.0) (distance: 14.21)
[22:16:30] TERRAIN: Queued chunk: (-6.0, 13.0) (distance: 14.32)
[22:16:30] TERRAIN: Queued chunk: (6.0, -13.0) (distance: 14.32)
[22:16:30] TERRAIN: Queued chunk: (14.0, -3.0) (distance: 14.32)
[22:16:30] TERRAIN: Queued chunk: (-13.0, 6.0) (distance: 14.32)
[22:16:30] TERRAIN: Queued chunk: (-13.0, -6.0) (distance: 14.32)
[22:16:30] TERRAIN: Queued chunk: (-6.0, -13.0) (distance: 14.32)
[22:16:30] TERRAIN: Queued chunk: (-14.0, 3.0) (distance: 14.32)
[22:16:30] TERRAIN: Queued chunk: (-3.0, -14.0) (distance: 14.32)
[22:16:30] TERRAIN: Queued chunk: (-3.0, 14.0) (distance: 14.32)
[22:16:30] TERRAIN: Queued chunk: (13.0, 6.0) (distance: 14.32)
[22:16:30] TERRAIN: Queued chunk: (13.0, -6.0) (distance: 14.32)
[22:16:30] TERRAIN: Queued chunk: (3.0, 14.0) (distance: 14.32)
[22:16:30] TERRAIN: Queued chunk: (6.0, 13.0) (distance: 14.32)
[22:16:30] TERRAIN: Queued chunk: (3.0, -14.0) (distance: 14.32)
[22:16:30] TERRAIN: Queued chunk: (14.0, 3.0) (distance: 14.32)
[22:16:30] TERRAIN: Queued chunk: (-14.0, -3.0) (distance: 14.32)
[22:16:30] TERRAIN: Queued chunk: (-8.0, -12.0) (distance: 14.42)
[22:16:30] TERRAIN: Queued chunk: (-8.0, 12.0) (distance: 14.42)
[22:16:30] TERRAIN: Queued chunk: (8.0, -12.0) (distance: 14.42)
[22:16:30] TERRAIN: Queued chunk: (-12.0, 8.0) (distance: 14.42)
[22:16:30] TERRAIN: Queued chunk: (-12.0, -8.0) (distance: 14.42)
[22:16:30] TERRAIN: Queued chunk: (8.0, 12.0) (distance: 14.42)
[22:16:30] TERRAIN: Queued chunk: (12.0, 8.0) (distance: 14.42)
[22:16:30] TERRAIN: Queued chunk: (12.0, -8.0) (distance: 14.42)
[22:16:30] TERRAIN: Queued chunk: (14.0, -4.0) (distance: 14.56)
[22:16:30] TERRAIN: Queued chunk: (-14.0, 4.0) (distance: 14.56)
[22:16:30] TERRAIN: Queued chunk: (14.0, 4.0) (distance: 14.56)
[22:16:30] TERRAIN: Queued chunk: (-14.0, -4.0) (distance: 14.56)
[22:16:30] TERRAIN: Queued chunk: (-4.0, 14.0) (distance: 14.56)
[22:16:30] TERRAIN: Queued chunk: (-4.0, -14.0) (distance: 14.56)
[22:16:30] TERRAIN: Queued chunk: (4.0, -14.0) (distance: 14.56)
[22:16:30] TERRAIN: Queued chunk: (4.0, 14.0) (distance: 14.56)
[22:16:30] TERRAIN: Queued chunk: (7.0, 13.0) (distance: 14.76)
[22:16:30] TERRAIN: Queued chunk: (7.0, -13.0) (distance: 14.76)
[22:16:30] TERRAIN: Queued chunk: (-13.0, -7.0) (distance: 14.76)
[22:16:30] TERRAIN: Queued chunk: (13.0, 7.0) (distance: 14.76)
[22:16:30] TERRAIN: Queued chunk: (-13.0, 7.0) (distance: 14.76)
[22:16:30] TERRAIN: Queued chunk: (-7.0, 13.0) (distance: 14.76)
[22:16:30] TERRAIN: Queued chunk: (13.0, -7.0) (distance: 14.76)
[22:16:30] TERRAIN: Queued chunk: (-7.0, -13.0) (distance: 14.76)
[22:16:30] TERRAIN: Queued chunk: (-11.0, 10.0) (distance: 14.87)
[22:16:30] TERRAIN: Queued chunk: (-5.0, -14.0) (distance: 14.87)
[22:16:30] TERRAIN: Queued chunk: (-5.0, 14.0) (distance: 14.87)
[22:16:30] TERRAIN: Queued chunk: (5.0, 14.0) (distance: 14.87)
[22:16:30] TERRAIN: Queued chunk: (5.0, -14.0) (distance: 14.87)
[22:16:30] TERRAIN: Queued chunk: (-11.0, -10.0) (distance: 14.87)
[22:16:30] TERRAIN: Queued chunk: (10.0, -11.0) (distance: 14.87)
[22:16:30] TERRAIN: Queued chunk: (14.0, 5.0) (distance: 14.87)
[22:16:30] TERRAIN: Queued chunk: (-10.0, -11.0) (distance: 14.87)
[22:16:30] TERRAIN: Queued chunk: (-10.0, 11.0) (distance: 14.87)
[22:16:30] TERRAIN: Queued chunk: (-14.0, 5.0) (distance: 14.87)
[22:16:30] TERRAIN: Queued chunk: (11.0, 10.0) (distance: 14.87)
[22:16:30] TERRAIN: Queued chunk: (-14.0, -5.0) (distance: 14.87)
[22:16:30] TERRAIN: Queued chunk: (11.0, -10.0) (distance: 14.87)
[22:16:30] TERRAIN: Queued chunk: (14.0, -5.0) (distance: 14.87)
[22:16:30] TERRAIN: Queued chunk: (10.0, 11.0) (distance: 14.87)
[22:16:30] TERRAIN: Queued chunk: (-12.0, -9.0) (distance: 15.00)
[22:16:30] TERRAIN: Queued chunk: (-12.0, 9.0) (distance: 15.00)
[22:16:30] TERRAIN: Queued chunk: (9.0, -12.0) (distance: 15.00)
[22:16:30] TERRAIN: Queued chunk: (12.0, -9.0) (distance: 15.00)
[22:16:30] TERRAIN: Queued chunk: (0.0, 15.0) (distance: 15.00)
[22:16:30] TERRAIN: Queued chunk: (0.0, -15.0) (distance: 15.00)
[22:16:30] TERRAIN: Queued chunk: (9.0, 12.0) (distance: 15.00)
[22:16:30] TERRAIN: Queued chunk: (12.0, 9.0) (distance: 15.00)
[22:16:30] TERRAIN: Queued chunk: (-9.0, -12.0) (distance: 15.00)
[22:16:30] TERRAIN: Queued chunk: (-9.0, 12.0) (distance: 15.00)
[22:16:30] TERRAIN: Queued chunk: (-15.0, 0.0) (distance: 15.00)
[22:16:30] TERRAIN: Queued chunk: (15.0, 0.0) (distance: 15.00)
[22:16:30] TERRAIN: Queued chunk: (15.0, -1.0) (distance: 15.03)
[22:16:30] TERRAIN: Queued chunk: (1.0, 15.0) (distance: 15.03)
[22:16:30] TERRAIN: Queued chunk: (1.0, -15.0) (distance: 15.03)
[22:16:30] TERRAIN: Queued chunk: (-15.0, 1.0) (distance: 15.03)
[22:16:30] TERRAIN: Queued chunk: (-15.0, -1.0) (distance: 15.03)
[22:16:30] TERRAIN: Queued chunk: (-1.0, 15.0) (distance: 15.03)
[22:16:30] TERRAIN: Queued chunk: (15.0, 1.0) (distance: 15.03)
[22:16:30] TERRAIN: Queued chunk: (-1.0, -15.0) (distance: 15.03)
[22:16:30] TERRAIN: Queued chunk: (-2.0, -15.0) (distance: 15.13)
[22:16:30] TERRAIN: Queued chunk: (-15.0, -2.0) (distance: 15.13)
[22:16:30] TERRAIN: Queued chunk: (2.0, -15.0) (distance: 15.13)
[22:16:30] TERRAIN: Queued chunk: (2.0, 15.0) (distance: 15.13)
[22:16:30] TERRAIN: Queued chunk: (15.0, -2.0) (distance: 15.13)
[22:16:30] TERRAIN: Queued chunk: (-15.0, 2.0) (distance: 15.13)
[22:16:30] TERRAIN: Queued chunk: (15.0, 2.0) (distance: 15.13)
[22:16:30] TERRAIN: Queued chunk: (-2.0, 15.0) (distance: 15.13)
[22:16:30] TERRAIN: Queued chunk: (-14.0, -6.0) (distance: 15.23)
[22:16:30] TERRAIN: Queued chunk: (-14.0, 6.0) (distance: 15.23)
[22:16:30] TERRAIN: Queued chunk: (6.0, 14.0) (distance: 15.23)
[22:16:30] TERRAIN: Queued chunk: (14.0, 6.0) (distance: 15.23)
[22:16:30] TERRAIN: Queued chunk: (-6.0, 14.0) (distance: 15.23)
[22:16:30] TERRAIN: Queued chunk: (6.0, -14.0) (distance: 15.23)
[22:16:30] TERRAIN: Queued chunk: (-6.0, -14.0) (distance: 15.23)
[22:16:30] TERRAIN: Queued chunk: (14.0, -6.0) (distance: 15.23)
[22:16:30] TERRAIN: Queued chunk: (-13.0, 8.0) (distance: 15.26)
[22:16:30] TERRAIN: Queued chunk: (13.0, -8.0) (distance: 15.26)
[22:16:30] TERRAIN: Queued chunk: (-13.0, -8.0) (distance: 15.26)
[22:16:30] TERRAIN: Queued chunk: (8.0, 13.0) (distance: 15.26)
[22:16:30] TERRAIN: Queued chunk: (-8.0, 13.0) (distance: 15.26)
[22:16:30] TERRAIN: Queued chunk: (13.0, 8.0) (distance: 15.26)
[22:16:30] TERRAIN: Queued chunk: (-8.0, -13.0) (distance: 15.26)
[22:16:30] TERRAIN: Queued chunk: (8.0, -13.0) (distance: 15.26)
[22:16:30] TERRAIN: Queued chunk: (3.0, 15.0) (distance: 15.30)
[22:16:30] TERRAIN: Queued chunk: (-3.0, -15.0) (distance: 15.30)
[22:16:30] TERRAIN: Queued chunk: (15.0, 3.0) (distance: 15.30)
[22:16:30] TERRAIN: Queued chunk: (15.0, -3.0) (distance: 15.30)
[22:16:30] TERRAIN: Queued chunk: (3.0, -15.0) (distance: 15.30)
[22:16:30] TERRAIN: Queued chunk: (-15.0, 3.0) (distance: 15.30)
[22:16:30] TERRAIN: Queued chunk: (-15.0, -3.0) (distance: 15.30)
[22:16:30] TERRAIN: Queued chunk: (-3.0, 15.0) (distance: 15.30)
[22:16:30] TERRAIN: Queued chunk: (-15.0, 4.0) (distance: 15.52)
[22:16:30] TERRAIN: Queued chunk: (4.0, 15.0) (distance: 15.52)
[22:16:30] TERRAIN: Queued chunk: (-15.0, -4.0) (distance: 15.52)
[22:16:30] TERRAIN: Queued chunk: (4.0, -15.0) (distance: 15.52)
[22:16:30] TERRAIN: Queued chunk: (15.0, 4.0) (distance: 15.52)
[22:16:30] TERRAIN: Queued chunk: (15.0, -4.0) (distance: 15.52)
[22:16:30] TERRAIN: Queued chunk: (-4.0, 15.0) (distance: 15.52)
[22:16:30] TERRAIN: Queued chunk: (-4.0, -15.0) (distance: 15.52)
[22:16:30] TERRAIN: Queued chunk: (11.0, -11.0) (distance: 15.56)
[22:16:30] TERRAIN: Queued chunk: (-11.0, -11.0) (distance: 15.56)
[22:16:30] TERRAIN: Queued chunk: (11.0, 11.0) (distance: 15.56)
[22:16:30] TERRAIN: Queued chunk: (-11.0, 11.0) (distance: 15.56)
[22:16:30] TERRAIN: Queued chunk: (10.0, -12.0) (distance: 15.62)
[22:16:30] TERRAIN: Queued chunk: (12.0, 10.0) (distance: 15.62)
[22:16:30] TERRAIN: Queued chunk: (12.0, -10.0) (distance: 15.62)
[22:16:30] TERRAIN: Queued chunk: (-10.0, -12.0) (distance: 15.62)
[22:16:30] TERRAIN: Queued chunk: (-10.0, 12.0) (distance: 15.62)
[22:16:30] TERRAIN: Queued chunk: (10.0, 12.0) (distance: 15.62)
[22:16:30] TERRAIN: Queued chunk: (-12.0, 10.0) (distance: 15.62)
[22:16:30] TERRAIN: Queued chunk: (-12.0, -10.0) (distance: 15.62)
[22:16:30] TERRAIN: Queued chunk: (7.0, -14.0) (distance: 15.65)
[22:16:30] TERRAIN: Queued chunk: (14.0, -7.0) (distance: 15.65)
[22:16:30] TERRAIN: Queued chunk: (7.0, 14.0) (distance: 15.65)
[22:16:30] TERRAIN: Queued chunk: (-7.0, 14.0) (distance: 15.65)
[22:16:30] TERRAIN: Queued chunk: (-14.0, 7.0) (distance: 15.65)
[22:16:30] TERRAIN: Queued chunk: (-7.0, -14.0) (distance: 15.65)
[22:16:30] TERRAIN: Queued chunk: (14.0, 7.0) (distance: 15.65)
[22:16:30] TERRAIN: Queued chunk: (-14.0, -7.0) (distance: 15.65)
[22:16:30] TERRAIN: Queued chunk: (-5.0, 15.0) (distance: 15.81)
[22:16:30] TERRAIN: Queued chunk: (-15.0, 5.0) (distance: 15.81)
[22:16:30] TERRAIN: Queued chunk: (9.0, -13.0) (distance: 15.81)
[22:16:30] TERRAIN: Queued chunk: (-15.0, -5.0) (distance: 15.81)
[22:16:30] TERRAIN: Queued chunk: (-9.0, 13.0) (distance: 15.81)
[22:16:30] TERRAIN: Queued chunk: (15.0, 5.0) (distance: 15.81)
[22:16:30] TERRAIN: Queued chunk: (13.0, -9.0) (distance: 15.81)
[22:16:30] TERRAIN: Queued chunk: (9.0, 13.0) (distance: 15.81)
[22:16:30] TERRAIN: Queued chunk: (5.0, -15.0) (distance: 15.81)
[22:16:30] TERRAIN: Queued chunk: (-13.0, 9.0) (distance: 15.81)
[22:16:30] TERRAIN: Queued chunk: (5.0, 15.0) (distance: 15.81)
[22:16:30] TERRAIN: Queued chunk: (-5.0, -15.0) (distance: 15.81)
[22:16:30] TERRAIN: Queued chunk: (13.0, 9.0) (distance: 15.81)
[22:16:30] TERRAIN: Queued chunk: (-13.0, -9.0) (distance: 15.81)
[22:16:30] TERRAIN: Queued chunk: (-9.0, -13.0) (distance: 15.81)
[22:16:30] TERRAIN: Queued chunk: (15.0, -5.0) (distance: 15.81)
[22:16:30] TERRAIN: Queued chunk: (14.0, -8.0) (distance: 16.12)
[22:16:30] TERRAIN: Queued chunk: (-14.0, 8.0) (distance: 16.12)
[22:16:30] TERRAIN: Queued chunk: (14.0, 8.0) (distance: 16.12)
[22:16:30] TERRAIN: Queued chunk: (-8.0, -14.0) (distance: 16.12)
[22:16:30] TERRAIN: Queued chunk: (8.0, -14.0) (distance: 16.12)
[22:16:30] TERRAIN: Queued chunk: (-14.0, -8.0) (distance: 16.12)
[22:16:30] TERRAIN: Queued chunk: (-8.0, 14.0) (distance: 16.12)
[22:16:30] TERRAIN: Queued chunk: (8.0, 14.0) (distance: 16.12)
[22:16:30] TERRAIN: Queued chunk: (6.0, 15.0) (distance: 16.16)
[22:16:30] TERRAIN: Queued chunk: (15.0, 6.0) (distance: 16.16)
[22:16:30] TERRAIN: Queued chunk: (-15.0, 6.0) (distance: 16.16)
[22:16:30] TERRAIN: Queued chunk: (-6.0, -15.0) (distance: 16.16)
[22:16:30] TERRAIN: Queued chunk: (-15.0, -6.0) (distance: 16.16)
[22:16:30] TERRAIN: Queued chunk: (15.0, -6.0) (distance: 16.16)
[22:16:30] TERRAIN: Queued chunk: (-6.0, 15.0) (distance: 16.16)
[22:16:30] TERRAIN: Queued chunk: (6.0, -15.0) (distance: 16.16)
[22:16:30] TERRAIN: Queued chunk: (11.0, 12.0) (distance: 16.28)
[22:16:30] TERRAIN: Queued chunk: (-12.0, 11.0) (distance: 16.28)
[22:16:30] TERRAIN: Queued chunk: (-12.0, -11.0) (distance: 16.28)
[22:16:30] TERRAIN: Queued chunk: (-11.0, -12.0) (distance: 16.28)
[22:16:30] TERRAIN: Queued chunk: (12.0, -11.0) (distance: 16.28)
[22:16:30] TERRAIN: Queued chunk: (-11.0, 12.0) (distance: 16.28)
[22:16:30] TERRAIN: Queued chunk: (12.0, 11.0) (distance: 16.28)
[22:16:30] TERRAIN: Queued chunk: (11.0, -12.0) (distance: 16.28)
[22:16:30] TERRAIN: Queued chunk: (10.0, 13.0) (distance: 16.40)
[22:16:30] TERRAIN: Queued chunk: (13.0, -10.0) (distance: 16.40)
[22:16:30] TERRAIN: Queued chunk: (-10.0, 13.0) (distance: 16.40)
[22:16:30] TERRAIN: Queued chunk: (-13.0, 10.0) (distance: 16.40)
[22:16:30] TERRAIN: Queued chunk: (-10.0, -13.0) (distance: 16.40)
[22:16:30] TERRAIN: Queued chunk: (-13.0, -10.0) (distance: 16.40)
[22:16:30] TERRAIN: Queued chunk: (10.0, -13.0) (distance: 16.40)
[22:16:30] TERRAIN: Queued chunk: (13.0, 10.0) (distance: 16.40)
[22:16:30] TERRAIN: Queued chunk: (7.0, -15.0) (distance: 16.55)
[22:16:30] TERRAIN: Queued chunk: (15.0, -7.0) (distance: 16.55)
[22:16:30] TERRAIN: Queued chunk: (-7.0, 15.0) (distance: 16.55)
[22:16:30] TERRAIN: Queued chunk: (7.0, 15.0) (distance: 16.55)
[22:16:30] TERRAIN: Queued chunk: (-15.0, -7.0) (distance: 16.55)
[22:16:30] TERRAIN: Queued chunk: (-7.0, -15.0) (distance: 16.55)
[22:16:30] TERRAIN: Queued chunk: (15.0, 7.0) (distance: 16.55)
[22:16:30] TERRAIN: Queued chunk: (-15.0, 7.0) (distance: 16.55)
[22:16:30] TERRAIN: Queued chunk: (14.0, -9.0) (distance: 16.64)
[22:16:30] TERRAIN: Queued chunk: (9.0, 14.0) (distance: 16.64)
[22:16:30] TERRAIN: Queued chunk: (-9.0, 14.0) (distance: 16.64)
[22:16:30] TERRAIN: Queued chunk: (14.0, 9.0) (distance: 16.64)
[22:16:30] TERRAIN: Queued chunk: (-9.0, -14.0) (distance: 16.64)
[22:16:30] TERRAIN: Queued chunk: (9.0, -14.0) (distance: 16.64)
[22:16:30] TERRAIN: Queued chunk: (-14.0, 9.0) (distance: 16.64)
[22:16:30] TERRAIN: Queued chunk: (-14.0, -9.0) (distance: 16.64)
[22:16:30] TERRAIN: Queued chunk: (12.0, 12.0) (distance: 16.97)
[22:16:30] TERRAIN: Queued chunk: (-12.0, -12.0) (distance: 16.97)
[22:16:30] TERRAIN: Queued chunk: (12.0, -12.0) (distance: 16.97)
[22:16:30] TERRAIN: Queued chunk: (-12.0, 12.0) (distance: 16.97)
[22:16:30] TERRAIN: Queued chunk: (8.0, 15.0) (distance: 17.00)
[22:16:30] TERRAIN: Queued chunk: (-15.0, 8.0) (distance: 17.00)
[22:16:30] TERRAIN: Queued chunk: (-15.0, -8.0) (distance: 17.00)
[22:16:30] TERRAIN: Queued chunk: (15.0, 8.0) (distance: 17.00)
[22:16:30] TERRAIN: Queued chunk: (8.0, -15.0) (distance: 17.00)
[22:16:30] TERRAIN: Queued chunk: (15.0, -8.0) (distance: 17.00)
[22:16:30] TERRAIN: Queued chunk: (-8.0, -15.0) (distance: 17.00)
[22:16:30] TERRAIN: Queued chunk: (-8.0, 15.0) (distance: 17.00)
[22:16:30] TERRAIN: Queued chunk: (-11.0, -13.0) (distance: 17.03)
[22:16:30] TERRAIN: Queued chunk: (-11.0, 13.0) (distance: 17.03)
[22:16:30] TERRAIN: Queued chunk: (11.0, -13.0) (distance: 17.03)
[22:16:30] TERRAIN: Queued chunk: (13.0, 11.0) (distance: 17.03)
[22:16:30] TERRAIN: Queued chunk: (13.0, -11.0) (distance: 17.03)
[22:16:30] TERRAIN: Queued chunk: (-13.0, 11.0) (distance: 17.03)
[22:16:30] TERRAIN: Queued chunk: (-13.0, -11.0) (distance: 17.03)
[22:16:30] TERRAIN: Queued chunk: (11.0, 13.0) (distance: 17.03)
[22:16:30] TERRAIN: Queued chunk: (-10.0, -14.0) (distance: 17.20)
[22:16:30] TERRAIN: Queued chunk: (-10.0, 14.0) (distance: 17.20)
[22:16:30] TERRAIN: Queued chunk: (14.0, -10.0) (distance: 17.20)
[22:16:30] TERRAIN: Queued chunk: (14.0, 10.0) (distance: 17.20)
[22:16:30] TERRAIN: Queued chunk: (-14.0, -10.0) (distance: 17.20)
[22:16:30] TERRAIN: Queued chunk: (10.0, -14.0) (distance: 17.20)
[22:16:30] TERRAIN: Queued chunk: (10.0, 14.0) (distance: 17.20)
[22:16:30] TERRAIN: Queued chunk: (-14.0, 10.0) (distance: 17.20)
[22:16:30] TERRAIN: Queued chunk: (15.0, -9.0) (distance: 17.49)
[22:16:30] TERRAIN: Queued chunk: (15.0, 9.0) (distance: 17.49)
[22:16:30] TERRAIN: Queued chunk: (-15.0, -9.0) (distance: 17.49)
[22:16:30] TERRAIN: Queued chunk: (-15.0, 9.0) (distance: 17.49)
[22:16:30] TERRAIN: Queued chunk: (-9.0, -15.0) (distance: 17.49)
[22:16:30] TERRAIN: Queued chunk: (9.0, -15.0) (distance: 17.49)
[22:16:30] TERRAIN: Queued chunk: (-9.0, 15.0) (distance: 17.49)
[22:16:30] TERRAIN: Queued chunk: (9.0, 15.0) (distance: 17.49)
[22:16:30] TERRAIN: Queued chunk: (-12.0, -13.0) (distance: 17.69)
[22:16:30] TERRAIN: Queued chunk: (12.0, 13.0) (distance: 17.69)
[22:16:30] TERRAIN: Queued chunk: (-12.0, 13.0) (distance: 17.69)
[22:16:30] TERRAIN: Queued chunk: (13.0, -12.0) (distance: 17.69)
[22:16:30] TERRAIN: Queued chunk: (12.0, -13.0) (distance: 17.69)
[22:16:30] TERRAIN: Queued chunk: (-13.0, 12.0) (distance: 17.69)
[22:16:30] TERRAIN: Queued chunk: (13.0, 12.0) (distance: 17.69)
[22:16:30] TERRAIN: Queued chunk: (-13.0, -12.0) (distance: 17.69)
[22:16:30] TERRAIN: Queued chunk: (11.0, 14.0) (distance: 17.80)
[22:16:30] TERRAIN: Queued chunk: (14.0, -11.0) (distance: 17.80)
[22:16:30] TERRAIN: Queued chunk: (-14.0, -11.0) (distance: 17.80)
[22:16:30] TERRAIN: Queued chunk: (-11.0, 14.0) (distance: 17.80)
[22:16:30] TERRAIN: Queued chunk: (11.0, -14.0) (distance: 17.80)
[22:16:30] TERRAIN: Queued chunk: (14.0, 11.0) (distance: 17.80)
[22:16:30] TERRAIN: Queued chunk: (-11.0, -14.0) (distance: 17.80)
[22:16:30] TERRAIN: Queued chunk: (-14.0, 11.0) (distance: 17.80)
[22:16:30] TERRAIN: Queued chunk: (-15.0, 10.0) (distance: 18.03)
[22:16:30] TERRAIN: Queued chunk: (-10.0, 15.0) (distance: 18.03)
[22:16:30] TERRAIN: Queued chunk: (-10.0, -15.0) (distance: 18.03)
[22:16:30] TERRAIN: Queued chunk: (10.0, -15.0) (distance: 18.03)
[22:16:30] TERRAIN: Queued chunk: (-15.0, -10.0) (distance: 18.03)
[22:16:30] TERRAIN: Queued chunk: (15.0, 10.0) (distance: 18.03)
[22:16:30] TERRAIN: Queued chunk: (10.0, 15.0) (distance: 18.03)
[22:16:30] TERRAIN: Queued chunk: (15.0, -10.0) (distance: 18.03)
[22:16:30] TERRAIN: Queued chunk: (13.0, 13.0) (distance: 18.38)
[22:16:30] TERRAIN: Queued chunk: (13.0, -13.0) (distance: 18.38)
[22:16:30] TERRAIN: Queued chunk: (-13.0, -13.0) (distance: 18.38)
[22:16:30] TERRAIN: Queued chunk: (-13.0, 13.0) (distance: 18.38)
[22:16:30] TERRAIN: Queued chunk: (14.0, -12.0) (distance: 18.44)
[22:16:30] TERRAIN: Queued chunk: (14.0, 12.0) (distance: 18.44)
[22:16:30] TERRAIN: Queued chunk: (-12.0, 14.0) (distance: 18.44)
[22:16:30] TERRAIN: Queued chunk: (-12.0, -14.0) (distance: 18.44)
[22:16:30] TERRAIN: Queued chunk: (12.0, 14.0) (distance: 18.44)
[22:16:30] TERRAIN: Queued chunk: (-14.0, 12.0) (distance: 18.44)
[22:16:30] TERRAIN: Queued chunk: (12.0, -14.0) (distance: 18.44)
[22:16:30] TERRAIN: Queued chunk: (-14.0, -12.0) (distance: 18.44)
[22:16:30] TERRAIN: Queued chunk: (15.0, -11.0) (distance: 18.60)
[22:16:30] TERRAIN: Queued chunk: (11.0, 15.0) (distance: 18.60)
[22:16:30] TERRAIN: Queued chunk: (11.0, -15.0) (distance: 18.60)
[22:16:30] TERRAIN: Queued chunk: (-11.0, 15.0) (distance: 18.60)
[22:16:30] TERRAIN: Queued chunk: (-11.0, -15.0) (distance: 18.60)
[22:16:30] TERRAIN: Queued chunk: (-15.0, 11.0) (distance: 18.60)
[22:16:30] TERRAIN: Queued chunk: (-15.0, -11.0) (distance: 18.60)
[22:16:30] TERRAIN: Queued chunk: (15.0, 11.0) (distance: 18.60)
[22:16:30] TERRAIN: Queued chunk: (14.0, -13.0) (distance: 19.10)
[22:16:30] TERRAIN: Queued chunk: (13.0, 14.0) (distance: 19.10)
[22:16:30] TERRAIN: Queued chunk: (13.0, -14.0) (distance: 19.10)
[22:16:30] TERRAIN: Queued chunk: (-13.0, 14.0) (distance: 19.10)
[22:16:30] TERRAIN: Queued chunk: (-13.0, -14.0) (distance: 19.10)
[22:16:30] TERRAIN: Queued chunk: (-14.0, 13.0) (distance: 19.10)
[22:16:30] TERRAIN: Queued chunk: (-14.0, -13.0) (distance: 19.10)
[22:16:30] TERRAIN: Queued chunk: (14.0, 13.0) (distance: 19.10)
[22:16:30] TERRAIN: Queued chunk: (15.0, -12.0) (distance: 19.21)
[22:16:30] TERRAIN: Queued chunk: (15.0, 12.0) (distance: 19.21)
[22:16:30] TERRAIN: Queued chunk: (-15.0, 12.0) (distance: 19.21)
[22:16:30] TERRAIN: Queued chunk: (-15.0, -12.0) (distance: 19.21)
[22:16:30] TERRAIN: Queued chunk: (12.0, 15.0) (distance: 19.21)
[22:16:30] TERRAIN: Queued chunk: (12.0, -15.0) (distance: 19.21)
[22:16:30] TERRAIN: Queued chunk: (-12.0, 15.0) (distance: 19.21)
[22:16:30] TERRAIN: Queued chunk: (-12.0, -15.0) (distance: 19.21)
[22:16:30] TERRAIN: Queued chunk: (-14.0, -14.0) (distance: 19.80)
[22:16:30] TERRAIN: Queued chunk: (-14.0, 14.0) (distance: 19.80)
[22:16:30] TERRAIN: Queued chunk: (14.0, 14.0) (distance: 19.80)
[22:16:30] TERRAIN: Queued chunk: (14.0, -14.0) (distance: 19.80)
[22:16:30] TERRAIN: Queued chunk: (-15.0, 13.0) (distance: 19.85)
[22:16:30] TERRAIN: Queued chunk: (-13.0, -15.0) (distance: 19.85)
[22:16:30] TERRAIN: Queued chunk: (-13.0, 15.0) (distance: 19.85)
[22:16:30] TERRAIN: Queued chunk: (13.0, -15.0) (distance: 19.85)
[22:16:30] TERRAIN: Queued chunk: (13.0, 15.0) (distance: 19.85)
[22:16:30] TERRAIN: Queued chunk: (-15.0, -13.0) (distance: 19.85)
[22:16:30] TERRAIN: Queued chunk: (15.0, 13.0) (distance: 19.85)
[22:16:30] TERRAIN: Queued chunk: (15.0, -13.0) (distance: 19.85)
[22:16:30] TERRAIN: Queued chunk: (-15.0, 14.0) (distance: 20.52)
[22:16:30] TERRAIN: Queued chunk: (-15.0, -14.0) (distance: 20.52)
[22:16:30] TERRAIN: Queued chunk: (15.0, 14.0) (distance: 20.52)
[22:16:30] TERRAIN: Queued chunk: (-14.0, -15.0) (distance: 20.52)
[22:16:30] TERRAIN: Queued chunk: (-14.0, 15.0) (distance: 20.52)
[22:16:30] TERRAIN: Queued chunk: (14.0, -15.0) (distance: 20.52)
[22:16:30] TERRAIN: Queued chunk: (14.0, 15.0) (distance: 20.52)
[22:16:30] TERRAIN: Queued chunk: (15.0, -14.0) (distance: 20.52)
[22:16:30] TERRAIN: Queued chunk: (15.0, 15.0) (distance: 21.21)
[22:16:30] TERRAIN: Queued chunk: (15.0, -15.0) (distance: 21.21)
[22:16:30] TERRAIN: Queued chunk: (-15.0, 15.0) (distance: 21.21)
[22:16:30] TERRAIN: Queued chunk: (-15.0, -15.0) (distance: 21.21)
[22:16:30] TERRAIN: Creating chunk: (0.0, 0.0) at distance 0.00
[22:16:30] TERRAIN: Chunk (0.0, 0.0): Using TRIMESH collision (distance: 0.00)
[22:16:30] TERRAIN: Chunk created successfully: (0.0, 0.0) at world pos (0.0, 0.0, 0.0) (total chunks: 1)
[22:16:30] TERRAIN: Creating chunk: (1.0, 0.0) at distance 1.00
[22:16:30] TERRAIN: Chunk (1.0, 0.0): Using TRIMESH collision (distance: 1.00)
[22:16:30] TERRAIN: Chunk created successfully: (1.0, 0.0) at world pos (32.0, 0.0, 0.0) (total chunks: 2)
[22:16:30] TERRAIN: Creating chunk: (-1.0, 0.0) at distance 1.00
[22:16:30] TERRAIN: Chunk (-1.0, 0.0): Using TRIMESH collision (distance: 1.00)
[22:16:30] TERRAIN: Chunk created successfully: (-1.0, 0.0) at world pos (-32.0, 0.0, 0.0) (total chunks: 3)
[22:16:30] TERRAIN: Creating chunk: (0.0, -1.0) at distance 1.00
[22:16:30] TERRAIN: Chunk (0.0, -1.0): Using TRIMESH collision (distance: 1.00)
[22:16:30] TERRAIN: Chunk created successfully: (0.0, -1.0) at world pos (0.0, 0.0, -32.0) (total chunks: 4)
[22:16:30] TERRAIN: Creating chunk: (0.0, 1.0) at distance 1.00
[22:16:30] TERRAIN: Chunk (0.0, 1.0): Using TRIMESH collision (distance: 1.00)
[22:16:30] TERRAIN: Chunk created successfully: (0.0, 1.0) at world pos (0.0, 0.0, 32.0) (total chunks: 5)
[22:16:30] TERRAIN: Creating chunk: (-1.0, 1.0) at distance 1.41
[22:16:30] TERRAIN: Chunk (-1.0, 1.0): Using TRIMESH collision (distance: 1.41)
[22:16:30] TERRAIN: Chunk created successfully: (-1.0, 1.0) at world pos (-32.0, 0.0, 32.0) (total chunks: 6)
[22:16:30] TERRAIN: Creating chunk: (1.0, 1.0) at distance 1.41
[22:16:30] TERRAIN: Chunk (1.0, 1.0): Using TRIMESH collision (distance: 1.41)
[22:16:30] TERRAIN: Chunk created successfully: (1.0, 1.0) at world pos (32.0, 0.0, 32.0) (total chunks: 7)
[22:16:30] TERRAIN: Creating chunk: (-1.0, -1.0) at distance 1.41
[22:16:30] TERRAIN: Chunk (-1.0, -1.0): Using TRIMESH collision (distance: 1.41)
[22:16:30] TERRAIN: Chunk created successfully: (-1.0, -1.0) at world pos (-32.0, 0.0, -32.0) (total chunks: 8)
[22:16:30] TERRAIN: Creating chunk: (1.0, -1.0) at distance 1.41
[22:16:30] TERRAIN: Chunk (1.0, -1.0): Using TRIMESH collision (distance: 1.41)
[22:16:30] TERRAIN: Chunk created successfully: (1.0, -1.0) at world pos (32.0, 0.0, -32.0) (total chunks: 9)
[22:16:30] TERRAIN: Creating chunk: (-2.0, 0.0) at distance 2.00
[22:16:30] TERRAIN: Chunk (-2.0, 0.0): Using TRIMESH collision (distance: 2.00)
[22:16:30] TERRAIN: Chunk created successfully: (-2.0, 0.0) at world pos (-64.0, 0.0, 0.0) (total chunks: 10)
[22:16:30] TERRAIN: Creating chunk: (0.0, -2.0) at distance 2.00
[22:16:30] TERRAIN: Chunk (0.0, -2.0): Using TRIMESH collision (distance: 2.00)
[22:16:30] TERRAIN: Chunk created successfully: (0.0, -2.0) at world pos (0.0, 0.0, -64.0) (total chunks: 11)
[22:16:30] TERRAIN: Creating chunk: (0.0, 2.0) at distance 2.00
[22:16:30] TERRAIN: Chunk (0.0, 2.0): Using TRIMESH collision (distance: 2.00)
[22:16:30] TERRAIN: Chunk created successfully: (0.0, 2.0) at world pos (0.0, 0.0, 64.0) (total chunks: 12)
[22:16:30] TERRAIN: Creating chunk: (2.0, 0.0) at distance 2.00
[22:16:30] TERRAIN: Chunk (2.0, 0.0): Using TRIMESH collision (distance: 2.00)
[22:16:30] TERRAIN: Chunk created successfully: (2.0, 0.0) at world pos (64.0, 0.0, 0.0) (total chunks: 13)
[22:16:30] TERRAIN: Creating chunk: (1.0, 2.0) at distance 2.24
[22:16:30] TERRAIN: Chunk (1.0, 2.0): Using TRIMESH collision (distance: 2.24)
[22:16:30] TERRAIN: Chunk created successfully: (1.0, 2.0) at world pos (32.0, 0.0, 64.0) (total chunks: 14)
[22:16:30] TERRAIN: Creating chunk: (-2.0, 1.0) at distance 2.24
[22:16:30] TERRAIN: Chunk (-2.0, 1.0): Using TRIMESH collision (distance: 2.24)
[22:16:30] TERRAIN: Chunk created successfully: (-2.0, 1.0) at world pos (-64.0, 0.0, 32.0) (total chunks: 15)
[22:16:30] TERRAIN: Creating chunk: (-2.0, -1.0) at distance 2.24
[22:16:30] TERRAIN: Chunk (-2.0, -1.0): Using TRIMESH collision (distance: 2.24)
[22:16:30] TERRAIN: Chunk created successfully: (-2.0, -1.0) at world pos (-64.0, 0.0, -32.0) (total chunks: 16)
[22:16:30] TERRAIN: Creating chunk: (2.0, 1.0) at distance 2.24
[22:16:30] TERRAIN: Chunk (2.0, 1.0): Using TRIMESH collision (distance: 2.24)
[22:16:30] TERRAIN: Chunk created successfully: (2.0, 1.0) at world pos (64.0, 0.0, 32.0) (total chunks: 17)
[22:16:30] TERRAIN: Creating chunk: (2.0, -1.0) at distance 2.24
[22:16:30] TERRAIN: Chunk (2.0, -1.0): Using TRIMESH collision (distance: 2.24)
[22:16:30] TERRAIN: Chunk created successfully: (2.0, -1.0) at world pos (64.0, 0.0, -32.0) (total chunks: 18)
[22:16:30] TERRAIN: Creating chunk: (1.0, -2.0) at distance 2.24
[22:16:30] TERRAIN: Chunk (1.0, -2.0): Using TRIMESH collision (distance: 2.24)
[22:16:30] TERRAIN: Chunk created successfully: (1.0, -2.0) at world pos (32.0, 0.0, -64.0) (total chunks: 19)
[22:16:30] TERRAIN: Creating chunk: (-1.0, -2.0) at distance 2.24
[22:16:30] TERRAIN: Chunk (-1.0, -2.0): Using TRIMESH collision (distance: 2.24)
[22:16:30] TERRAIN: Chunk created successfully: (-1.0, -2.0) at world pos (-32.0, 0.0, -64.0) (total chunks: 20)
[22:16:30] TERRAIN: Creating chunk: (-1.0, 2.0) at distance 2.24
[22:16:30] TERRAIN: Chunk (-1.0, 2.0): Using TRIMESH collision (distance: 2.24)
[22:16:30] TERRAIN: Chunk created successfully: (-1.0, 2.0) at world pos (-32.0, 0.0, 64.0) (total chunks: 21)
[22:16:30] TERRAIN: Creating chunk: (-2.0, 2.0) at distance 2.83
[22:16:30] TERRAIN: Chunk (-2.0, 2.0): Using TRIMESH collision (distance: 2.83)
[22:16:30] TERRAIN: Chunk created successfully: (-2.0, 2.0) at world pos (-64.0, 0.0, 64.0) (total chunks: 22)
[22:16:30] TERRAIN: Creating chunk: (2.0, 2.0) at distance 2.83
[22:16:30] TERRAIN: Chunk (2.0, 2.0): Using TRIMESH collision (distance: 2.83)
[22:16:30] TERRAIN: Chunk created successfully: (2.0, 2.0) at world pos (64.0, 0.0, 64.0) (total chunks: 23)
[22:16:30] TERRAIN: Creating chunk: (-2.0, -2.0) at distance 2.83
[22:16:30] TERRAIN: Chunk (-2.0, -2.0): Using TRIMESH collision (distance: 2.83)
[22:16:30] TERRAIN: Chunk created successfully: (-2.0, -2.0) at world pos (-64.0, 0.0, -64.0) (total chunks: 24)
[22:16:30] TERRAIN: Creating chunk: (2.0, -2.0) at distance 2.83
[22:16:30] TERRAIN: Chunk (2.0, -2.0): Using TRIMESH collision (distance: 2.83)
[22:16:30] TERRAIN: Chunk created successfully: (2.0, -2.0) at world pos (64.0, 0.0, -64.0) (total chunks: 25)
[22:16:30] TERRAIN: Creating chunk: (3.0, 0.0) at distance 3.00
[22:16:30] TERRAIN: Chunk (3.0, 0.0): Using TRIMESH collision (distance: 3.00)
[22:16:30] TERRAIN: Chunk created successfully: (3.0, 0.0) at world pos (96.0, 0.0, 0.0) (total chunks: 26)
[22:16:30] TERRAIN: Creating chunk: (0.0, -3.0) at distance 3.00
[22:16:30] TERRAIN: Chunk (0.0, -3.0): Using TRIMESH collision (distance: 3.00)
[22:16:30] TERRAIN: Chunk created successfully: (0.0, -3.0) at world pos (0.0, 0.0, -96.0) (total chunks: 27)
[22:16:30] TERRAIN: Creating chunk: (-3.0, 0.0) at distance 3.00
[22:16:30] TERRAIN: Chunk (-3.0, 0.0): Using TRIMESH collision (distance: 3.00)
[22:16:30] TERRAIN: Chunk created successfully: (-3.0, 0.0) at world pos (-96.0, 0.0, 0.0) (total chunks: 28)
[22:16:30] TERRAIN: Creating chunk: (0.0, 3.0) at distance 3.00
[22:16:30] TERRAIN: Chunk (0.0, 3.0): Using TRIMESH collision (distance: 3.00)
[22:16:30] TERRAIN: Chunk created successfully: (0.0, 3.0) at world pos (0.0, 0.0, 96.0) (total chunks: 29)
[22:16:30] TERRAIN: Creating chunk: (-1.0, 3.0) at distance 3.16
[22:16:30] TERRAIN: Chunk (-1.0, 3.0): Using TRIMESH collision (distance: 3.16)
[22:16:30] TERRAIN: Chunk created successfully: (-1.0, 3.0) at world pos (-32.0, 0.0, 96.0) (total chunks: 30)
[22:16:30] TERRAIN: Creating chunk: (3.0, -1.0) at distance 3.16
[22:16:30] TERRAIN: Chunk (3.0, -1.0): Using TRIMESH collision (distance: 3.16)
[22:16:30] TERRAIN: Chunk created successfully: (3.0, -1.0) at world pos (96.0, 0.0, -32.0) (total chunks: 31)
[22:16:30] TERRAIN: Creating chunk: (1.0, -3.0) at distance 3.16
[22:16:30] TERRAIN: Chunk (1.0, -3.0): Using TRIMESH collision (distance: 3.16)
[22:16:30] TERRAIN: Chunk created successfully: (1.0, -3.0) at world pos (32.0, 0.0, -96.0) (total chunks: 32)
[22:16:30] TERRAIN: Player moved to new chunk: (0.0, -1.0) (was (0.0, 0.0))
[22:16:30] TERRAIN: Updating terrain for player chunk: (0.0, -1.0) (player pos: (0.0, 0.358499, -0.25))
[22:16:30] TERRAIN: Player chunk (0.0, -1.0) distance: 0.00 (render_distance: 15)
[22:16:30] TERRAIN: Queuing 31 new chunks for generation
[22:16:30] TERRAIN: Queued chunk: (0.0, -16.0) (distance: 15.00)
[22:16:30] TERRAIN: Queued chunk: (1.0, -16.0) (distance: 15.03)
[22:16:30] TERRAIN: Queued chunk: (-1.0, -16.0) (distance: 15.03)
[22:16:30] TERRAIN: Queued chunk: (2.0, -16.0) (distance: 15.13)
[22:16:30] TERRAIN: Queued chunk: (-2.0, -16.0) (distance: 15.13)
[22:16:30] TERRAIN: Queued chunk: (3.0, -16.0) (distance: 15.30)
[22:16:30] TERRAIN: Queued chunk: (-3.0, -16.0) (distance: 15.30)
[22:16:30] TERRAIN: Queued chunk: (4.0, -16.0) (distance: 15.52)
[22:16:30] TERRAIN: Queued chunk: (-4.0, -16.0) (distance: 15.52)
[22:16:30] TERRAIN: Queued chunk: (5.0, -16.0) (distance: 15.81)
[22:16:30] TERRAIN: Queued chunk: (-5.0, -16.0) (distance: 15.81)
[22:16:30] TERRAIN: Queued chunk: (6.0, -16.0) (distance: 16.16)
[22:16:30] TERRAIN: Queued chunk: (-6.0, -16.0) (distance: 16.16)
[22:16:30] TERRAIN: Queued chunk: (7.0, -16.0) (distance: 16.55)
[22:16:30] TERRAIN: Queued chunk: (-7.0, -16.0) (distance: 16.55)
[22:16:30] TERRAIN: Queued chunk: (8.0, -16.0) (distance: 17.00)
[22:16:30] TERRAIN: Queued chunk: (-8.0, -16.0) (distance: 17.00)
[22:16:30] TERRAIN: Queued chunk: (-9.0, -16.0) (distance: 17.49)
[22:16:30] TERRAIN: Queued chunk: (9.0, -16.0) (distance: 17.49)
[22:16:30] TERRAIN: Queued chunk: (-10.0, -16.0) (distance: 18.03)
[22:16:30] TERRAIN: Queued chunk: (10.0, -16.0) (distance: 18.03)
[22:16:30] TERRAIN: Queued chunk: (-11.0, -16.0) (distance: 18.60)
[22:16:30] TERRAIN: Queued chunk: (11.0, -16.0) (distance: 18.60)
[22:16:30] TERRAIN: Queued chunk: (12.0, -16.0) (distance: 19.21)
[22:16:30] TERRAIN: Queued chunk: (-12.0, -16.0) (distance: 19.21)
[22:16:30] TERRAIN: Queued chunk: (-13.0, -16.0) (distance: 19.85)
[22:16:30] TERRAIN: Queued chunk: (13.0, -16.0) (distance: 19.85)
[22:16:30] TERRAIN: Queued chunk: (14.0, -16.0) (distance: 20.52)
[22:16:30] TERRAIN: Queued chunk: (-14.0, -16.0) (distance: 20.52)
[22:16:30] TERRAIN: Queued chunk: (15.0, -16.0) (distance: 21.21)
[22:16:30] TERRAIN: Queued chunk: (-15.0, -16.0) (distance: 21.21)
[22:16:30] TERRAIN: Creating chunk: (-3.0, 1.0) at distance 3.61
[22:16:30] TERRAIN: Chunk (-3.0, 1.0): Using TRIMESH collision (distance: 3.61)
[22:16:30] TERRAIN: Chunk created successfully: (-3.0, 1.0) at world pos (-96.0, 0.0, 32.0) (total chunks: 33)
[22:16:30] TERRAIN: Creating chunk: (-1.0, -3.0) at distance 2.24
[22:16:30] TERRAIN: Chunk (-1.0, -3.0): Using TRIMESH collision (distance: 2.24)
[22:16:30] TERRAIN: Chunk created successfully: (-1.0, -3.0) at world pos (-32.0, 0.0, -96.0) (total chunks: 34)
[22:16:30] TERRAIN: Creating chunk: (1.0, 3.0) at distance 4.12
[22:16:30] TERRAIN: Chunk (1.0, 3.0): Using TRIMESH collision (distance: 4.12)
[22:16:30] TERRAIN: Chunk created successfully: (1.0, 3.0) at world pos (32.0, 0.0, 96.0) (total chunks: 35)
[22:16:30] TERRAIN: Creating chunk: (-3.0, -1.0) at distance 3.00
[22:16:30] TERRAIN: Chunk (-3.0, -1.0): Using TRIMESH collision (distance: 3.00)
[22:16:30] TERRAIN: Chunk created successfully: (-3.0, -1.0) at world pos (-96.0, 0.0, -32.0) (total chunks: 36)
[22:16:30] TERRAIN: Creating chunk: (3.0, 1.0) at distance 3.61
[22:16:30] TERRAIN: Chunk (3.0, 1.0): Using TRIMESH collision (distance: 3.61)
[22:16:30] TERRAIN: Chunk created successfully: (3.0, 1.0) at world pos (96.0, 0.0, 32.0) (total chunks: 37)
[22:16:30] TERRAIN: Creating chunk: (2.0, 3.0) at distance 4.47
[22:16:30] TERRAIN: Chunk (2.0, 3.0): Using TRIMESH collision (distance: 4.47)
[22:16:30] TERRAIN: Chunk created successfully: (2.0, 3.0) at world pos (64.0, 0.0, 96.0) (total chunks: 38)
[22:16:30] TERRAIN: Creating chunk: (-2.0, -3.0) at distance 2.83
[22:16:30] TERRAIN: Chunk (-2.0, -3.0): Using TRIMESH collision (distance: 2.83)
[22:16:30] TERRAIN: Chunk created successfully: (-2.0, -3.0) at world pos (-64.0, 0.0, -96.0) (total chunks: 39)
[22:16:30] TERRAIN: Creating chunk: (-2.0, 3.0) at distance 4.47
[22:16:30] TERRAIN: Chunk (-2.0, 3.0): Using TRIMESH collision (distance: 4.47)
[22:16:30] TERRAIN: Chunk created successfully: (-2.0, 3.0) at world pos (-64.0, 0.0, 96.0) (total chunks: 40)
[22:16:30] TERRAIN: Creating chunk: (-3.0, -2.0) at distance 3.16
[22:16:30] TERRAIN: Chunk (-3.0, -2.0): Using TRIMESH collision (distance: 3.16)
[22:16:30] TERRAIN: Chunk created successfully: (-3.0, -2.0) at world pos (-96.0, 0.0, -64.0) (total chunks: 41)
[22:16:30] TERRAIN: Creating chunk: (2.0, -3.0) at distance 2.83
[22:16:30] TERRAIN: Chunk (2.0, -3.0): Using TRIMESH collision (distance: 2.83)
[22:16:30] TERRAIN: Chunk created successfully: (2.0, -3.0) at world pos (64.0, 0.0, -96.0) (total chunks: 42)
[22:16:30] TERRAIN: Creating chunk: (-3.0, 2.0) at distance 4.24
[22:16:30] TERRAIN: Chunk (-3.0, 2.0): Using TRIMESH collision (distance: 4.24)
[22:16:30] TERRAIN: Chunk created successfully: (-3.0, 2.0) at world pos (-96.0, 0.0, 64.0) (total chunks: 43)
[22:16:30] TERRAIN: Creating chunk: (3.0, -2.0) at distance 3.16
[22:16:30] TERRAIN: Chunk (3.0, -2.0): Using TRIMESH collision (distance: 3.16)
[22:16:30] TERRAIN: Chunk created successfully: (3.0, -2.0) at world pos (96.0, 0.0, -64.0) (total chunks: 44)
[22:16:30] TERRAIN: Creating chunk: (3.0, 2.0) at distance 4.24
[22:16:30] TERRAIN: Chunk (3.0, 2.0): Using TRIMESH collision (distance: 4.24)
[22:16:30] TERRAIN: Chunk created successfully: (3.0, 2.0) at world pos (96.0, 0.0, 64.0) (total chunks: 45)
[22:16:30] TERRAIN: Creating chunk: (-4.0, 0.0) at distance 4.12
[22:16:30] TERRAIN: Chunk (-4.0, 0.0): Using TRIMESH collision (distance: 4.12)
[22:16:30] TERRAIN: Chunk created successfully: (-4.0, 0.0) at world pos (-128.0, 0.0, 0.0) (total chunks: 46)
[22:16:30] TERRAIN: Creating chunk: (0.0, 4.0) at distance 5.00
[22:16:30] TERRAIN: Chunk (0.0, 4.0): Using TRIMESH collision (distance: 5.00)
[22:16:30] TERRAIN: Chunk created successfully: (0.0, 4.0) at world pos (0.0, 0.0, 128.0) (total chunks: 47)
[22:16:30] TERRAIN: Creating chunk: (0.0, -4.0) at distance 3.00
[22:16:30] TERRAIN: Chunk (0.0, -4.0): Using TRIMESH collision (distance: 3.00)
[22:16:30] TERRAIN: Chunk created successfully: (0.0, -4.0) at world pos (0.0, 0.0, -128.0) (total chunks: 48)
[22:16:30] TERRAIN: Creating chunk: (4.0, 0.0) at distance 4.12
[22:16:30] TERRAIN: Chunk (4.0, 0.0): Using TRIMESH collision (distance: 4.12)
[22:16:30] TERRAIN: Chunk created successfully: (4.0, 0.0) at world pos (128.0, 0.0, 0.0) (total chunks: 49)
[22:16:30] TERRAIN: Creating chunk: (-4.0, 1.0) at distance 4.47
[22:16:30] TERRAIN: Chunk (-4.0, 1.0): Using TRIMESH collision (distance: 4.47)
[22:16:30] TERRAIN: Chunk created successfully: (-4.0, 1.0) at world pos (-128.0, 0.0, 32.0) (total chunks: 50)
[22:16:30] TERRAIN: Creating chunk: (4.0, 1.0) at distance 4.47
[22:16:30] TERRAIN: Chunk (4.0, 1.0): Using TRIMESH collision (distance: 4.47)
[22:16:30] TERRAIN: Chunk created successfully: (4.0, 1.0) at world pos (128.0, 0.0, 32.0) (total chunks: 51)
[22:16:30] TERRAIN: Creating chunk: (1.0, -4.0) at distance 3.16
[22:16:30] TERRAIN: Chunk (1.0, -4.0): Using TRIMESH collision (distance: 3.16)
[22:16:30] TERRAIN: Chunk created successfully: (1.0, -4.0) at world pos (32.0, 0.0, -128.0) (total chunks: 52)
[22:16:30] TERRAIN: Creating chunk: (4.0, -1.0) at distance 4.00
[22:16:30] TERRAIN: Chunk (4.0, -1.0): Using TRIMESH collision (distance: 4.00)
[22:16:30] TERRAIN: Chunk created successfully: (4.0, -1.0) at world pos (128.0, 0.0, -32.0) (total chunks: 53)
[22:16:30] TERRAIN: Creating chunk: (-4.0, -1.0) at distance 4.00
[22:16:30] TERRAIN: Chunk (-4.0, -1.0): Using TRIMESH collision (distance: 4.00)
[22:16:30] TERRAIN: Chunk created successfully: (-4.0, -1.0) at world pos (-128.0, 0.0, -32.0) (total chunks: 54)
[22:16:30] TERRAIN: Creating chunk: (-1.0, -4.0) at distance 3.16
[22:16:30] TERRAIN: Chunk (-1.0, -4.0): Using TRIMESH collision (distance: 3.16)
[22:16:30] TERRAIN: Chunk created successfully: (-1.0, -4.0) at world pos (-32.0, 0.0, -128.0) (total chunks: 55)
[22:16:30] TERRAIN: Creating chunk: (1.0, 4.0) at distance 5.10
[22:16:30] TERRAIN: Chunk (1.0, 4.0): Using TRIMESH collision (distance: 5.10)
[22:16:30] TERRAIN: Chunk created successfully: (1.0, 4.0) at world pos (32.0, 0.0, 128.0) (total chunks: 56)
[22:16:30] TERRAIN: Creating chunk: (-1.0, 4.0) at distance 5.10
[22:16:30] TERRAIN: Chunk (-1.0, 4.0): Using TRIMESH collision (distance: 5.10)
[22:16:30] TERRAIN: Chunk created successfully: (-1.0, 4.0) at world pos (-32.0, 0.0, 128.0) (total chunks: 57)
[22:16:30] TERRAIN: Creating chunk: (3.0, -3.0) at distance 3.61
[22:16:30] TERRAIN: Chunk (3.0, -3.0): Using TRIMESH collision (distance: 3.61)
[22:16:30] TERRAIN: Chunk created successfully: (3.0, -3.0) at world pos (96.0, 0.0, -96.0) (total chunks: 58)
[22:16:30] TERRAIN: Creating chunk: (3.0, 3.0) at distance 5.00
[22:16:30] TERRAIN: Chunk (3.0, 3.0): Using TRIMESH collision (distance: 5.00)
[22:16:30] TERRAIN: Chunk created successfully: (3.0, 3.0) at world pos (96.0, 0.0, 96.0) (total chunks: 59)
[22:16:30] TERRAIN: Creating chunk: (-3.0, 3.0) at distance 5.00
[22:16:30] TERRAIN: Chunk (-3.0, 3.0): Using TRIMESH collision (distance: 5.00)
[22:16:30] TERRAIN: Chunk created successfully: (-3.0, 3.0) at world pos (-96.0, 0.0, 96.0) (total chunks: 60)
[22:16:30] TERRAIN: Creating chunk: (-3.0, -3.0) at distance 3.61
[22:16:30] TERRAIN: Chunk (-3.0, -3.0): Using TRIMESH collision (distance: 3.61)
[22:16:30] TERRAIN: Chunk created successfully: (-3.0, -3.0) at world pos (-96.0, 0.0, -96.0) (total chunks: 61)
[22:16:30] TERRAIN: Creating chunk: (-2.0, 4.0) at distance 5.39
[22:16:30] TERRAIN: Chunk (-2.0, 4.0): Using TRIMESH collision (distance: 5.39)
[22:16:30] TERRAIN: Chunk created successfully: (-2.0, 4.0) at world pos (-64.0, 0.0, 128.0) (total chunks: 62)
[22:16:30] TERRAIN: Creating chunk: (-2.0, -4.0) at distance 3.61
[22:16:30] TERRAIN: Chunk (-2.0, -4.0): Using TRIMESH collision (distance: 3.61)
[22:16:30] TERRAIN: Chunk created successfully: (-2.0, -4.0) at world pos (-64.0, 0.0, -128.0) (total chunks: 63)
[22:16:30] TERRAIN: Creating chunk: (2.0, -4.0) at distance 3.61
[22:16:30] TERRAIN: Chunk (2.0, -4.0): Using TRIMESH collision (distance: 3.61)
[22:16:30] TERRAIN: Chunk created successfully: (2.0, -4.0) at world pos (64.0, 0.0, -128.0) (total chunks: 64)
[22:16:30] TERRAIN: Creating chunk: (-4.0, 2.0) at distance 5.00
[22:16:30] TERRAIN: Chunk (-4.0, 2.0): Using TRIMESH collision (distance: 5.00)
[22:16:30] TERRAIN: Chunk created successfully: (-4.0, 2.0) at world pos (-128.0, 0.0, 64.0) (total chunks: 65)
[22:16:30] TERRAIN: Creating chunk: (4.0, 2.0) at distance 5.00
[22:16:30] TERRAIN: Chunk (4.0, 2.0): Using TRIMESH collision (distance: 5.00)
[22:16:30] TERRAIN: Chunk created successfully: (4.0, 2.0) at world pos (128.0, 0.0, 64.0) (total chunks: 66)
[22:16:30] TERRAIN: Creating chunk: (2.0, 4.0) at distance 5.39
[22:16:30] TERRAIN: Chunk (2.0, 4.0): Using TRIMESH collision (distance: 5.39)
[22:16:30] TERRAIN: Chunk created successfully: (2.0, 4.0) at world pos (64.0, 0.0, 128.0) (total chunks: 67)
[22:16:30] TERRAIN: Creating chunk: (-4.0, -2.0) at distance 4.12
[22:16:30] TERRAIN: Chunk (-4.0, -2.0): Using TRIMESH collision (distance: 4.12)
[22:16:30] TERRAIN: Chunk created successfully: (-4.0, -2.0) at world pos (-128.0, 0.0, -64.0) (total chunks: 68)
[22:16:30] TERRAIN: Creating chunk: (4.0, -2.0) at distance 4.12
[22:16:30] TERRAIN: Chunk (4.0, -2.0): Using TRIMESH collision (distance: 4.12)
[22:16:30] TERRAIN: Chunk created successfully: (4.0, -2.0) at world pos (128.0, 0.0, -64.0) (total chunks: 69)
[22:16:30] TERRAIN: Creating chunk: (-3.0, -4.0) at distance 4.24
[22:16:30] TERRAIN: Chunk (-3.0, -4.0): Using TRIMESH collision (distance: 4.24)
[22:16:30] TERRAIN: Chunk created successfully: (-3.0, -4.0) at world pos (-96.0, 0.0, -128.0) (total chunks: 70)
[22:16:30] TERRAIN: Creating chunk: (0.0, 5.0) at distance 6.00
[22:16:30] TERRAIN: Chunk (0.0, 5.0): Using TRIMESH collision (distance: 6.00)
[22:16:30] TERRAIN: Chunk created successfully: (0.0, 5.0) at world pos (0.0, 0.0, 160.0) (total chunks: 71)
[22:16:30] TERRAIN: Creating chunk: (-3.0, 4.0) at distance 5.83
[22:16:30] TERRAIN: Chunk (-3.0, 4.0): Using TRIMESH collision (distance: 5.83)
[22:16:30] TERRAIN: Chunk created successfully: (-3.0, 4.0) at world pos (-96.0, 0.0, 128.0) (total chunks: 72)
[22:16:30] TERRAIN: Creating chunk: (-5.0, 0.0) at distance 5.10
[22:16:30] TERRAIN: Chunk (-5.0, 0.0): Using TRIMESH collision (distance: 5.10)
[22:16:30] TERRAIN: Chunk created successfully: (-5.0, 0.0) at world pos (-160.0, 0.0, 0.0) (total chunks: 73)
[22:16:30] TERRAIN: Creating chunk: (0.0, -5.0) at distance 4.00
[22:16:30] TERRAIN: Chunk (0.0, -5.0): Using TRIMESH collision (distance: 4.00)
[22:16:30] TERRAIN: Chunk created successfully: (0.0, -5.0) at world pos (0.0, 0.0, -160.0) (total chunks: 74)
[22:16:30] TERRAIN: Creating chunk: (5.0, 0.0) at distance 5.10
[22:16:30] TERRAIN: Chunk (5.0, 0.0): Using TRIMESH collision (distance: 5.10)
[22:16:30] TERRAIN: Chunk created successfully: (5.0, 0.0) at world pos (160.0, 0.0, 0.0) (total chunks: 75)
[22:16:30] TERRAIN: Creating chunk: (3.0, -4.0) at distance 4.24
[22:16:30] TERRAIN: Chunk (3.0, -4.0): Using TRIMESH collision (distance: 4.24)
[22:16:30] TERRAIN: Chunk created successfully: (3.0, -4.0) at world pos (96.0, 0.0, -128.0) (total chunks: 76)
[22:16:30] TERRAIN: Creating chunk: (3.0, 4.0) at distance 5.83
[22:16:30] TERRAIN: Chunk (3.0, 4.0): Using TRIMESH collision (distance: 5.83)
[22:16:30] TERRAIN: Chunk created successfully: (3.0, 4.0) at world pos (96.0, 0.0, 128.0) (total chunks: 77)
[22:16:30] TERRAIN: Creating chunk: (-4.0, -3.0) at distance 4.47
[22:16:30] TERRAIN: Chunk (-4.0, -3.0): Using TRIMESH collision (distance: 4.47)
[22:16:30] TERRAIN: Chunk created successfully: (-4.0, -3.0) at world pos (-128.0, 0.0, -96.0) (total chunks: 78)
[22:16:30] TERRAIN: Creating chunk: (4.0, -3.0) at distance 4.47
[22:16:30] TERRAIN: Chunk (4.0, -3.0): Using TRIMESH collision (distance: 4.47)
[22:16:30] TERRAIN: Chunk created successfully: (4.0, -3.0) at world pos (128.0, 0.0, -96.0) (total chunks: 79)
[22:16:30] TERRAIN: Creating chunk: (4.0, 3.0) at distance 5.66
[22:16:30] TERRAIN: Chunk (4.0, 3.0): Using TRIMESH collision (distance: 5.66)
[22:16:30] TERRAIN: Chunk created successfully: (4.0, 3.0) at world pos (128.0, 0.0, 96.0) (total chunks: 80)
[22:16:30] TERRAIN: Creating chunk: (-4.0, 3.0) at distance 5.66
[22:16:30] TERRAIN: Chunk (-4.0, 3.0): Using TRIMESH collision (distance: 5.66)
[22:16:30] TERRAIN: Chunk created successfully: (-4.0, 3.0) at world pos (-128.0, 0.0, 96.0) (total chunks: 81)
[22:16:30] TERRAIN: Creating chunk: (1.0, -5.0) at distance 4.12
[22:16:30] TERRAIN: Chunk (1.0, -5.0): Using TRIMESH collision (distance: 4.12)
[22:16:30] TERRAIN: Chunk created successfully: (1.0, -5.0) at world pos (32.0, 0.0, -160.0) (total chunks: 82)
[22:16:30] TERRAIN: Creating chunk: (5.0, -1.0) at distance 5.00
[22:16:30] TERRAIN: Chunk (5.0, -1.0): Using TRIMESH collision (distance: 5.00)
[22:16:30] TERRAIN: Chunk created successfully: (5.0, -1.0) at world pos (160.0, 0.0, -32.0) (total chunks: 83)
[22:16:30] TERRAIN: Creating chunk: (5.0, 1.0) at distance 5.39
[22:16:30] TERRAIN: Chunk (5.0, 1.0): Using TRIMESH collision (distance: 5.39)
[22:16:30] TERRAIN: Chunk created successfully: (5.0, 1.0) at world pos (160.0, 0.0, 32.0) (total chunks: 84)
[22:16:30] TERRAIN: Creating chunk: (-1.0, 5.0) at distance 6.08
[22:16:30] TERRAIN: Chunk (-1.0, 5.0): Using TRIMESH collision (distance: 6.08)
[22:16:30] TERRAIN: Chunk created successfully: (-1.0, 5.0) at world pos (-32.0, 0.0, 160.0) (total chunks: 85)
[22:16:30] TERRAIN: Creating chunk: (-1.0, -5.0) at distance 4.12
[22:16:30] TERRAIN: Chunk (-1.0, -5.0): Using TRIMESH collision (distance: 4.12)
[22:16:30] TERRAIN: Chunk created successfully: (-1.0, -5.0) at world pos (-32.0, 0.0, -160.0) (total chunks: 86)
[22:16:30] TERRAIN: Creating chunk: (-5.0, -1.0) at distance 5.00
[22:16:30] TERRAIN: Chunk (-5.0, -1.0): Using TRIMESH collision (distance: 5.00)
[22:16:30] TERRAIN: Chunk created successfully: (-5.0, -1.0) at world pos (-160.0, 0.0, -32.0) (total chunks: 87)
[22:16:30] TERRAIN: Creating chunk: (1.0, 5.0) at distance 6.08
[22:16:30] TERRAIN: Chunk (1.0, 5.0): Using TRIMESH collision (distance: 6.08)
[22:16:30] TERRAIN: Chunk created successfully: (1.0, 5.0) at world pos (32.0, 0.0, 160.0) (total chunks: 88)
[22:16:30] TERRAIN: Creating chunk: (-5.0, 1.0) at distance 5.39
[22:16:30] TERRAIN: Chunk (-5.0, 1.0): Using TRIMESH collision (distance: 5.39)
[22:16:30] TERRAIN: Chunk created successfully: (-5.0, 1.0) at world pos (-160.0, 0.0, 32.0) (total chunks: 89)
[22:16:30] TERRAIN: Creating chunk: (2.0, -5.0) at distance 4.47
[22:16:30] TERRAIN: Chunk (2.0, -5.0): Using TRIMESH collision (distance: 4.47)
[22:16:30] TERRAIN: Chunk created successfully: (2.0, -5.0) at world pos (64.0, 0.0, -160.0) (total chunks: 90)
[22:16:30] TERRAIN: Creating chunk: (-5.0, 2.0) at distance 5.83
[22:16:30] TERRAIN: Chunk (-5.0, 2.0): Using TRIMESH collision (distance: 5.83)
[22:16:30] TERRAIN: Chunk created successfully: (-5.0, 2.0) at world pos (-160.0, 0.0, 64.0) (total chunks: 91)
[22:16:30] TERRAIN: Creating chunk: (-2.0, -5.0) at distance 4.47
[22:16:30] TERRAIN: Chunk (-2.0, -5.0): Using TRIMESH collision (distance: 4.47)
[22:16:30] TERRAIN: Chunk created successfully: (-2.0, -5.0) at world pos (-64.0, 0.0, -160.0) (total chunks: 92)
[22:16:30] PLAYER: Pos: (0.0, -0.003495, -1.250012) | Chunk: (0.0, -1.0) | TerrainHeight: -0.00 | HeightDiff: -0.00 | OnFloor: true
[22:16:30] PLAYER: CHUNK CHANGED: (inf, inf) -> (0.0, -1.0)
[22:16:30] TERRAIN: Creating chunk: (-5.0, -2.0) at distance 5.10
[22:16:30] TERRAIN: Chunk (-5.0, -2.0): Using TRIMESH collision (distance: 5.10)
[22:16:30] TERRAIN: Chunk created successfully: (-5.0, -2.0) at world pos (-160.0, 0.0, -64.0) (total chunks: 93)
[22:16:30] TERRAIN: Creating chunk: (2.0, 5.0) at distance 6.32
[22:16:30] TERRAIN: Chunk (2.0, 5.0): Using TRIMESH collision (distance: 6.32)
[22:16:30] TERRAIN: Chunk created successfully: (2.0, 5.0) at world pos (64.0, 0.0, 160.0) (total chunks: 94)
[22:16:30] TERRAIN: Creating chunk: (5.0, 2.0) at distance 5.83
[22:16:30] TERRAIN: Chunk (5.0, 2.0): Using TRIMESH collision (distance: 5.83)
[22:16:30] TERRAIN: Chunk created successfully: (5.0, 2.0) at world pos (160.0, 0.0, 64.0) (total chunks: 95)
[22:16:30] TERRAIN: Creating chunk: (-2.0, 5.0) at distance 6.32
[22:16:31] TERRAIN: Chunk (-2.0, 5.0): Using TRIMESH collision (distance: 6.32)
[22:16:31] TERRAIN: Chunk created successfully: (-2.0, 5.0) at world pos (-64.0, 0.0, 160.0) (total chunks: 96)
[22:16:31] TERRAIN: Creating chunk: (5.0, -2.0) at distance 5.10
[22:16:31] TERRAIN: Chunk (5.0, -2.0): Using TRIMESH collision (distance: 5.10)
[22:16:31] TERRAIN: Chunk created successfully: (5.0, -2.0) at world pos (160.0, 0.0, -64.0) (total chunks: 97)
[22:16:31] TERRAIN: Creating chunk: (4.0, 4.0) at distance 6.40
[22:16:31] TERRAIN: Chunk (4.0, 4.0): Using TRIMESH collision (distance: 6.40)
[22:16:31] TERRAIN: Chunk created successfully: (4.0, 4.0) at world pos (128.0, 0.0, 128.0) (total chunks: 98)
[22:16:31] TERRAIN: Creating chunk: (-4.0, -4.0) at distance 5.00
[22:16:31] TERRAIN: Chunk (-4.0, -4.0): Using TRIMESH collision (distance: 5.00)
[22:16:31] TERRAIN: Chunk created successfully: (-4.0, -4.0) at world pos (-128.0, 0.0, -128.0) (total chunks: 99)
[22:16:31] TERRAIN: Creating chunk: (4.0, -4.0) at distance 5.00
[22:16:31] TERRAIN: Chunk (4.0, -4.0): Using TRIMESH collision (distance: 5.00)
[22:16:31] TERRAIN: Chunk created successfully: (4.0, -4.0) at world pos (128.0, 0.0, -128.0) (total chunks: 100)
[22:16:31] TERRAIN: Creating chunk: (-4.0, 4.0) at distance 6.40
[22:16:31] TERRAIN: Chunk (-4.0, 4.0): Using TRIMESH collision (distance: 6.40)
[22:16:31] TERRAIN: Chunk created successfully: (-4.0, 4.0) at world pos (-128.0, 0.0, 128.0) (total chunks: 101)
[22:16:31] TERRAIN: Creating chunk: (5.0, -3.0) at distance 5.39
[22:16:31] TERRAIN: Chunk (5.0, -3.0): Using TRIMESH collision (distance: 5.39)
[22:16:31] TERRAIN: Chunk created successfully: (5.0, -3.0) at world pos (160.0, 0.0, -96.0) (total chunks: 102)
[22:16:31] TERRAIN: Creating chunk: (-5.0, 3.0) at distance 6.40
[22:16:31] TERRAIN: Chunk (-5.0, 3.0): Using TRIMESH collision (distance: 6.40)
[22:16:31] TERRAIN: Chunk created successfully: (-5.0, 3.0) at world pos (-160.0, 0.0, 96.0) (total chunks: 103)
[22:16:31] TERRAIN: Creating chunk: (-5.0, -3.0) at distance 5.39
[22:16:31] TERRAIN: Chunk (-5.0, -3.0): Using TRIMESH collision (distance: 5.39)
[22:16:31] TERRAIN: Chunk created successfully: (-5.0, -3.0) at world pos (-160.0, 0.0, -96.0) (total chunks: 104)
[22:16:31] TERRAIN: Creating chunk: (5.0, 3.0) at distance 6.40
[22:16:31] TERRAIN: Chunk (5.0, 3.0): Using TRIMESH collision (distance: 6.40)
[22:16:31] TERRAIN: Chunk created successfully: (5.0, 3.0) at world pos (160.0, 0.0, 96.0) (total chunks: 105)
[22:16:31] TERRAIN: Creating chunk: (-3.0, -5.0) at distance 5.00
[22:16:31] TERRAIN: Chunk (-3.0, -5.0): Using TRIMESH collision (distance: 5.00)
[22:16:31] TERRAIN: Chunk created successfully: (-3.0, -5.0) at world pos (-96.0, 0.0, -160.0) (total chunks: 106)
[22:16:31] TERRAIN: Creating chunk: (3.0, -5.0) at distance 5.00
[22:16:31] TERRAIN: Chunk (3.0, -5.0): Using TRIMESH collision (distance: 5.00)
[22:16:31] TERRAIN: Chunk created successfully: (3.0, -5.0) at world pos (96.0, 0.0, -160.0) (total chunks: 107)
[22:16:31] TERRAIN: Creating chunk: (3.0, 5.0) at distance 6.71
[22:16:31] TERRAIN: Chunk (3.0, 5.0): Using TRIMESH collision (distance: 6.71)
[22:16:31] TERRAIN: Chunk created successfully: (3.0, 5.0) at world pos (96.0, 0.0, 160.0) (total chunks: 108)
[22:16:31] TERRAIN: Creating chunk: (-3.0, 5.0) at distance 6.71
[22:16:31] TERRAIN: Chunk (-3.0, 5.0): Using TRIMESH collision (distance: 6.71)
[22:16:31] TERRAIN: Chunk created successfully: (-3.0, 5.0) at world pos (-96.0, 0.0, 160.0) (total chunks: 109)
[22:16:31] TERRAIN: Creating chunk: (6.0, 0.0) at distance 6.08
[22:16:31] TERRAIN: Chunk (6.0, 0.0): Using TRIMESH collision (distance: 6.08)
[22:16:31] TERRAIN: Chunk created successfully: (6.0, 0.0) at world pos (192.0, 0.0, 0.0) (total chunks: 110)
[22:16:31] TERRAIN: Creating chunk: (-6.0, 0.0) at distance 6.08
[22:16:31] TERRAIN: Chunk (-6.0, 0.0): Using TRIMESH collision (distance: 6.08)
[22:16:31] TERRAIN: Chunk created successfully: (-6.0, 0.0) at world pos (-192.0, 0.0, 0.0) (total chunks: 111)
[22:16:31] TERRAIN: Creating chunk: (0.0, 6.0) at distance 7.00
[22:16:31] TERRAIN: Chunk (0.0, 6.0): Using TRIMESH collision (distance: 7.00)
[22:16:31] TERRAIN: Chunk created successfully: (0.0, 6.0) at world pos (0.0, 0.0, 192.0) (total chunks: 112)
[22:16:31] TERRAIN: Creating chunk: (0.0, -6.0) at distance 5.00
[22:16:31] TERRAIN: Chunk (0.0, -6.0): Using TRIMESH collision (distance: 5.00)
[22:16:31] TERRAIN: Chunk created successfully: (0.0, -6.0) at world pos (0.0, 0.0, -192.0) (total chunks: 113)
[22:16:31] TERRAIN: Creating chunk: (6.0, 1.0) at distance 6.32
[22:16:31] TERRAIN: Chunk (6.0, 1.0): Using TRIMESH collision (distance: 6.32)
[22:16:31] TERRAIN: Chunk created successfully: (6.0, 1.0) at world pos (192.0, 0.0, 32.0) (total chunks: 114)
[22:16:31] TERRAIN: Creating chunk: (-6.0, -1.0) at distance 6.00
[22:16:31] TERRAIN: Chunk (-6.0, -1.0): Using TRIMESH collision (distance: 6.00)
[22:16:31] TERRAIN: Chunk created successfully: (-6.0, -1.0) at world pos (-192.0, 0.0, -32.0) (total chunks: 115)
[22:16:31] TERRAIN: Creating chunk: (-6.0, 1.0) at distance 6.32
[22:16:31] TERRAIN: Chunk (-6.0, 1.0): Using TRIMESH collision (distance: 6.32)
[22:16:31] TERRAIN: Chunk created successfully: (-6.0, 1.0) at world pos (-192.0, 0.0, 32.0) (total chunks: 116)
[22:16:31] TERRAIN: Creating chunk: (6.0, -1.0) at distance 6.00
[22:16:31] TERRAIN: Chunk (6.0, -1.0): Using TRIMESH collision (distance: 6.00)
[22:16:31] TERRAIN: Chunk created successfully: (6.0, -1.0) at world pos (192.0, 0.0, -32.0) (total chunks: 117)
[22:16:31] TERRAIN: Creating chunk: (1.0, -6.0) at distance 5.10
[22:16:31] TERRAIN: Chunk (1.0, -6.0): Using TRIMESH collision (distance: 5.10)
[22:16:31] TERRAIN: Chunk created successfully: (1.0, -6.0) at world pos (32.0, 0.0, -192.0) (total chunks: 118)
[22:16:31] TERRAIN: Creating chunk: (-1.0, 6.0) at distance 7.07
[22:16:31] TERRAIN: Chunk (-1.0, 6.0): Using TRIMESH collision (distance: 7.07)
[22:16:31] TERRAIN: Chunk created successfully: (-1.0, 6.0) at world pos (-32.0, 0.0, 192.0) (total chunks: 119)
[22:16:31] TERRAIN: Creating chunk: (1.0, 6.0) at distance 7.07
[22:16:31] TERRAIN: Chunk (1.0, 6.0): Using TRIMESH collision (distance: 7.07)
[22:16:31] TERRAIN: Chunk created successfully: (1.0, 6.0) at world pos (32.0, 0.0, 192.0) (total chunks: 120)
[22:16:31] TERRAIN: Creating chunk: (-1.0, -6.0) at distance 5.10
[22:16:31] TERRAIN: Chunk (-1.0, -6.0): Using TRIMESH collision (distance: 5.10)
[22:16:31] TERRAIN: Chunk created successfully: (-1.0, -6.0) at world pos (-32.0, 0.0, -192.0) (total chunks: 121)
[22:16:31] TERRAIN: Creating chunk: (6.0, -2.0) at distance 6.08
[22:16:31] TERRAIN: Chunk (6.0, -2.0): Using TRIMESH collision (distance: 6.08)
[22:16:31] TERRAIN: Chunk created successfully: (6.0, -2.0) at world pos (192.0, 0.0, -64.0) (total chunks: 122)
[22:16:31] TERRAIN: Creating chunk: (6.0, 2.0) at distance 6.71
[22:16:31] TERRAIN: Chunk (6.0, 2.0): Using TRIMESH collision (distance: 6.71)
[22:16:31] TERRAIN: Chunk created successfully: (6.0, 2.0) at world pos (192.0, 0.0, 64.0) (total chunks: 123)
[22:16:31] TERRAIN: Creating chunk: (2.0, 6.0) at distance 7.28
[22:16:31] TERRAIN: Chunk (2.0, 6.0): Using TRIMESH collision (distance: 7.28)
[22:16:31] TERRAIN: Chunk created successfully: (2.0, 6.0) at world pos (64.0, 0.0, 192.0) (total chunks: 124)
[22:16:31] TERRAIN: Creating chunk: (-2.0, -6.0) at distance 5.39
[22:16:31] TERRAIN: Chunk (-2.0, -6.0): Using TRIMESH collision (distance: 5.39)
[22:16:31] TERRAIN: Chunk created successfully: (-2.0, -6.0) at world pos (-64.0, 0.0, -192.0) (total chunks: 125)
[22:16:31] TERRAIN: Creating chunk: (2.0, -6.0) at distance 5.39
[22:16:31] TERRAIN: Chunk (2.0, -6.0): Using TRIMESH collision (distance: 5.39)
[22:16:31] TERRAIN: Chunk created successfully: (2.0, -6.0) at world pos (64.0, 0.0, -192.0) (total chunks: 126)
[22:16:31] TERRAIN: Creating chunk: (-6.0, -2.0) at distance 6.08
[22:16:31] TERRAIN: Chunk (-6.0, -2.0): Using TRIMESH collision (distance: 6.08)
[22:16:31] TERRAIN: Chunk created successfully: (-6.0, -2.0) at world pos (-192.0, 0.0, -64.0) (total chunks: 127)
[22:16:31] TERRAIN: Creating chunk: (-6.0, 2.0) at distance 6.71
[22:16:31] TERRAIN: Chunk (-6.0, 2.0): Using TRIMESH collision (distance: 6.71)
[22:16:31] TERRAIN: Chunk created successfully: (-6.0, 2.0) at world pos (-192.0, 0.0, 64.0) (total chunks: 128)
[22:16:31] TERRAIN: Creating chunk: (-2.0, 6.0) at distance 7.28
[22:16:31] TERRAIN: Chunk (-2.0, 6.0): Using TRIMESH collision (distance: 7.28)
[22:16:31] TERRAIN: Chunk created successfully: (-2.0, 6.0) at world pos (-64.0, 0.0, 192.0) (total chunks: 129)
[22:16:31] TERRAIN: Creating chunk: (-4.0, -5.0) at distance 5.66
[22:16:31] TERRAIN: Chunk (-4.0, -5.0): Using TRIMESH collision (distance: 5.66)
[22:16:31] TERRAIN: Chunk created successfully: (-4.0, -5.0) at world pos (-128.0, 0.0, -160.0) (total chunks: 130)
[22:16:31] TERRAIN: Creating chunk: (5.0, 4.0) at distance 7.07
[22:16:31] TERRAIN: Chunk (5.0, 4.0): Using TRIMESH collision (distance: 7.07)
[22:16:31] TERRAIN: Chunk created successfully: (5.0, 4.0) at world pos (160.0, 0.0, 128.0) (total chunks: 131)
[22:16:31] TERRAIN: Creating chunk: (-4.0, 5.0) at distance 7.21
[22:16:31] TERRAIN: Chunk (-4.0, 5.0): Using TRIMESH collision (distance: 7.21)
[22:16:31] TERRAIN: Chunk created successfully: (-4.0, 5.0) at world pos (-128.0, 0.0, 160.0) (total chunks: 132)
[22:16:31] TERRAIN: Creating chunk: (4.0, 5.0) at distance 7.21
[22:16:31] TERRAIN: Chunk (4.0, 5.0): Using TRIMESH collision (distance: 7.21)
[22:16:31] TERRAIN: Chunk created successfully: (4.0, 5.0) at world pos (128.0, 0.0, 160.0) (total chunks: 133)
[22:16:31] TERRAIN: Creating chunk: (4.0, -5.0) at distance 5.66
[22:16:31] TERRAIN: Chunk (4.0, -5.0): Using TRIMESH collision (distance: 5.66)
[22:16:31] TERRAIN: Chunk created successfully: (4.0, -5.0) at world pos (128.0, 0.0, -160.0) (total chunks: 134)
[22:16:31] TERRAIN: Creating chunk: (-5.0, 4.0) at distance 7.07
[22:16:31] TERRAIN: Chunk (-5.0, 4.0): Using TRIMESH collision (distance: 7.07)
[22:16:31] TERRAIN: Chunk created successfully: (-5.0, 4.0) at world pos (-160.0, 0.0, 128.0) (total chunks: 135)
[22:16:31] TERRAIN: Creating chunk: (5.0, -4.0) at distance 5.83
[22:16:31] TERRAIN: Chunk (5.0, -4.0): Using TRIMESH collision (distance: 5.83)
[22:16:31] TERRAIN: Chunk created successfully: (5.0, -4.0) at world pos (160.0, 0.0, -128.0) (total chunks: 136)
[22:16:31] TERRAIN: Creating chunk: (-5.0, -4.0) at distance 5.83
[22:16:31] TERRAIN: Chunk (-5.0, -4.0): Using TRIMESH collision (distance: 5.83)
[22:16:31] TERRAIN: Chunk created successfully: (-5.0, -4.0) at world pos (-160.0, 0.0, -128.0) (total chunks: 137)
[22:16:31] TERRAIN: Creating chunk: (6.0, 3.0) at distance 7.21
[22:16:31] TERRAIN: Chunk (6.0, 3.0): Using TRIMESH collision (distance: 7.21)
[22:16:31] TERRAIN: Chunk created successfully: (6.0, 3.0) at world pos (192.0, 0.0, 96.0) (total chunks: 138)
[22:16:31] TERRAIN: Creating chunk: (-3.0, -6.0) at distance 5.83
[22:16:31] TERRAIN: Chunk (-3.0, -6.0): Using TRIMESH collision (distance: 5.83)
[22:16:31] TERRAIN: Chunk created successfully: (-3.0, -6.0) at world pos (-96.0, 0.0, -192.0) (total chunks: 139)
[22:16:31] TERRAIN: Creating chunk: (3.0, 6.0) at distance 7.62
[22:16:31] TERRAIN: Chunk (3.0, 6.0): Using TRIMESH collision (distance: 7.62)
[22:16:31] TERRAIN: Chunk created successfully: (3.0, 6.0) at world pos (96.0, 0.0, 192.0) (total chunks: 140)
[22:16:31] TERRAIN: Creating chunk: (-6.0, -3.0) at distance 6.32
[22:16:31] TERRAIN: Chunk (-6.0, -3.0): Using TRIMESH collision (distance: 6.32)
[22:16:31] TERRAIN: Chunk created successfully: (-6.0, -3.0) at world pos (-192.0, 0.0, -96.0) (total chunks: 141)
[22:16:31] TERRAIN: Creating chunk: (-6.0, 3.0) at distance 7.21
[22:16:31] TERRAIN: Chunk (-6.0, 3.0): Using TRIMESH collision (distance: 7.21)
[22:16:31] TERRAIN: Chunk created successfully: (-6.0, 3.0) at world pos (-192.0, 0.0, 96.0) (total chunks: 142)
[22:16:31] TERRAIN: Creating chunk: (-3.0, 6.0) at distance 7.62
[22:16:31] TERRAIN: Chunk (-3.0, 6.0): Using TRIMESH collision (distance: 7.62)
[22:16:31] TERRAIN: Chunk created successfully: (-3.0, 6.0) at world pos (-96.0, 0.0, 192.0) (total chunks: 143)
[22:16:31] TERRAIN: Creating chunk: (6.0, -3.0) at distance 6.32
[22:16:31] TERRAIN: Chunk (6.0, -3.0): Using TRIMESH collision (distance: 6.32)
[22:16:31] TERRAIN: Chunk created successfully: (6.0, -3.0) at world pos (192.0, 0.0, -96.0) (total chunks: 144)
[22:16:31] TERRAIN: Creating chunk: (3.0, -6.0) at distance 5.83
[22:16:31] TERRAIN: Chunk (3.0, -6.0): Using TRIMESH collision (distance: 5.83)
[22:16:31] TERRAIN: Chunk created successfully: (3.0, -6.0) at world pos (96.0, 0.0, -192.0) (total chunks: 145)
[22:16:31] TERRAIN: Creating chunk: (0.0, -7.0) at distance 6.00
[22:16:31] TERRAIN: Chunk (0.0, -7.0): Using TRIMESH collision (distance: 6.00)
[22:16:31] TERRAIN: Chunk created successfully: (0.0, -7.0) at world pos (0.0, 0.0, -224.0) (total chunks: 146)
[22:16:31] TERRAIN: Creating chunk: (7.0, 0.0) at distance 7.07
[22:16:31] TERRAIN: Chunk (7.0, 0.0): Using TRIMESH collision (distance: 7.07)
[22:16:31] TERRAIN: Chunk created successfully: (7.0, 0.0) at world pos (224.0, 0.0, 0.0) (total chunks: 147)
[22:16:31] TERRAIN: Creating chunk: (0.0, 7.0) at distance 8.00
[22:16:31] TERRAIN: Chunk (0.0, 7.0): Using BOX collision (distance: 8.00)
[22:16:31] TERRAIN: Chunk created successfully: (0.0, 7.0) at world pos (0.0, 0.0, 224.0) (total chunks: 148)
[22:16:31] TERRAIN: Creating chunk: (-7.0, 0.0) at distance 7.07
[22:16:31] TERRAIN: Chunk (-7.0, 0.0): Using TRIMESH collision (distance: 7.07)
[22:16:31] TERRAIN: Chunk created successfully: (-7.0, 0.0) at world pos (-224.0, 0.0, 0.0) (total chunks: 149)
[22:16:31] TERRAIN: Creating chunk: (7.0, 1.0) at distance 7.28
[22:16:31] TERRAIN: Chunk (7.0, 1.0): Using TRIMESH collision (distance: 7.28)
[22:16:31] TERRAIN: Chunk created successfully: (7.0, 1.0) at world pos (224.0, 0.0, 32.0) (total chunks: 150)
[22:16:31] TERRAIN: Creating chunk: (7.0, -1.0) at distance 7.00
[22:16:31] TERRAIN: Chunk (7.0, -1.0): Using TRIMESH collision (distance: 7.00)
[22:16:31] TERRAIN: Chunk created successfully: (7.0, -1.0) at world pos (224.0, 0.0, -32.0) (total chunks: 151)
[22:16:31] TERRAIN: Creating chunk: (1.0, 7.0) at distance 8.06
[22:16:31] TERRAIN: Chunk (1.0, 7.0): Using BOX collision (distance: 8.06)
[22:16:31] TERRAIN: Chunk created successfully: (1.0, 7.0) at world pos (32.0, 0.0, 224.0) (total chunks: 152)
[22:16:31] TERRAIN: Creating chunk: (-1.0, 7.0) at distance 8.06
[22:16:31] TERRAIN: Chunk (-1.0, 7.0): Using BOX collision (distance: 8.06)
[22:16:31] TERRAIN: Chunk created successfully: (-1.0, 7.0) at world pos (-32.0, 0.0, 224.0) (total chunks: 153)
[22:16:31] TERRAIN: Creating chunk: (-7.0, -1.0) at distance 7.00
[22:16:31] TERRAIN: Chunk (-7.0, -1.0): Using TRIMESH collision (distance: 7.00)
[22:16:31] TERRAIN: Chunk created successfully: (-7.0, -1.0) at world pos (-224.0, 0.0, -32.0) (total chunks: 154)
[22:16:31] TERRAIN: Creating chunk: (-7.0, 1.0) at distance 7.28
[22:16:31] TERRAIN: Chunk (-7.0, 1.0): Using TRIMESH collision (distance: 7.28)
[22:16:31] TERRAIN: Chunk created successfully: (-7.0, 1.0) at world pos (-224.0, 0.0, 32.0) (total chunks: 155)
[22:16:31] TERRAIN: Creating chunk: (5.0, -5.0) at distance 6.40
[22:16:31] TERRAIN: Chunk (5.0, -5.0): Using TRIMESH collision (distance: 6.40)
[22:16:31] TERRAIN: Chunk created successfully: (5.0, -5.0) at world pos (160.0, 0.0, -160.0) (total chunks: 156)
[22:16:31] TERRAIN: Creating chunk: (-1.0, -7.0) at distance 6.08
[22:16:31] TERRAIN: Chunk (-1.0, -7.0): Using TRIMESH collision (distance: 6.08)
[22:16:31] TERRAIN: Chunk created successfully: (-1.0, -7.0) at world pos (-32.0, 0.0, -224.0) (total chunks: 157)
[22:16:31] TERRAIN: Creating chunk: (-5.0, -5.0) at distance 6.40
[22:16:31] TERRAIN: Chunk (-5.0, -5.0): Using TRIMESH collision (distance: 6.40)
[22:16:31] TERRAIN: Chunk created successfully: (-5.0, -5.0) at world pos (-160.0, 0.0, -160.0) (total chunks: 158)
[22:16:31] TERRAIN: Creating chunk: (1.0, -7.0) at distance 6.08
[22:16:31] TERRAIN: Chunk (1.0, -7.0): Using TRIMESH collision (distance: 6.08)
[22:16:31] TERRAIN: Chunk created successfully: (1.0, -7.0) at world pos (32.0, 0.0, -224.0) (total chunks: 159)
[22:16:31] TERRAIN: Creating chunk: (-5.0, 5.0) at distance 7.81
[22:16:31] TERRAIN: Chunk (-5.0, 5.0): Using TRIMESH collision (distance: 7.81)
[22:16:31] TERRAIN: Chunk created successfully: (-5.0, 5.0) at world pos (-160.0, 0.0, 160.0) (total chunks: 160)
[22:16:31] TERRAIN: Creating chunk: (5.0, 5.0) at distance 7.81
[22:16:31] TERRAIN: Chunk (5.0, 5.0): Using TRIMESH collision (distance: 7.81)
[22:16:31] TERRAIN: Chunk created successfully: (5.0, 5.0) at world pos (160.0, 0.0, 160.0) (total chunks: 161)
[22:16:31] TERRAIN: Creating chunk: (6.0, 4.0) at distance 7.81
[22:16:31] TERRAIN: Chunk (6.0, 4.0): Using TRIMESH collision (distance: 7.81)
[22:16:31] TERRAIN: Chunk created successfully: (6.0, 4.0) at world pos (192.0, 0.0, 128.0) (total chunks: 162)
[22:16:31] TERRAIN: Creating chunk: (-6.0, 4.0) at distance 7.81
[22:16:31] TERRAIN: Chunk (-6.0, 4.0): Using TRIMESH collision (distance: 7.81)
[22:16:31] TERRAIN: Chunk created successfully: (-6.0, 4.0) at world pos (-192.0, 0.0, 128.0) (total chunks: 163)
[22:16:31] TERRAIN: Creating chunk: (6.0, -4.0) at distance 6.71
[22:16:31] TERRAIN: Chunk (6.0, -4.0): Using TRIMESH collision (distance: 6.71)
[22:16:31] TERRAIN: Chunk created successfully: (6.0, -4.0) at world pos (192.0, 0.0, -128.0) (total chunks: 164)
[22:16:31] TERRAIN: Creating chunk: (-4.0, -6.0) at distance 6.40
[22:16:31] TERRAIN: Chunk (-4.0, -6.0): Using TRIMESH collision (distance: 6.40)
[22:16:31] TERRAIN: Chunk created successfully: (-4.0, -6.0) at world pos (-128.0, 0.0, -192.0) (total chunks: 165)
[22:16:31] TERRAIN: Creating chunk: (-4.0, 6.0) at distance 8.06
[22:16:31] TERRAIN: Chunk (-4.0, 6.0): Using BOX collision (distance: 8.06)
[22:16:31] TERRAIN: Chunk created successfully: (-4.0, 6.0) at world pos (-128.0, 0.0, 192.0) (total chunks: 166)
[22:16:31] TERRAIN: Creating chunk: (4.0, -6.0) at distance 6.40
[22:16:31] TERRAIN: Chunk (4.0, -6.0): Using TRIMESH collision (distance: 6.40)
[22:16:31] TERRAIN: Chunk created successfully: (4.0, -6.0) at world pos (128.0, 0.0, -192.0) (total chunks: 167)
[22:16:31] TERRAIN: Creating chunk: (4.0, 6.0) at distance 8.06
[22:16:31] TERRAIN: Chunk (4.0, 6.0): Using BOX collision (distance: 8.06)
[22:16:31] TERRAIN: Chunk created successfully: (4.0, 6.0) at world pos (128.0, 0.0, 192.0) (total chunks: 168)
[22:16:31] TERRAIN: Creating chunk: (-6.0, -4.0) at distance 6.71
[22:16:31] TERRAIN: Chunk (-6.0, -4.0): Using TRIMESH collision (distance: 6.71)
[22:16:31] TERRAIN: Chunk created successfully: (-6.0, -4.0) at world pos (-192.0, 0.0, -128.0) (total chunks: 169)
[22:16:31] TERRAIN: Creating chunk: (7.0, 2.0) at distance 7.62
[22:16:31] TERRAIN: Chunk (7.0, 2.0): Using TRIMESH collision (distance: 7.62)
[22:16:31] TERRAIN: Chunk created successfully: (7.0, 2.0) at world pos (224.0, 0.0, 64.0) (total chunks: 170)
[22:16:31] TERRAIN: Creating chunk: (7.0, -2.0) at distance 7.07
[22:16:31] TERRAIN: Chunk (7.0, -2.0): Using TRIMESH collision (distance: 7.07)
[22:16:31] TERRAIN: Chunk created successfully: (7.0, -2.0) at world pos (224.0, 0.0, -64.0) (total chunks: 171)
[22:16:31] TERRAIN: Creating chunk: (-2.0, 7.0) at distance 8.25
[22:16:31] TERRAIN: Chunk (-2.0, 7.0): Using BOX collision (distance: 8.25)
[22:16:31] TERRAIN: Chunk created successfully: (-2.0, 7.0) at world pos (-64.0, 0.0, 224.0) (total chunks: 172)
[22:16:31] TERRAIN: Creating chunk: (-7.0, 2.0) at distance 7.62
[22:16:31] TERRAIN: Chunk (-7.0, 2.0): Using TRIMESH collision (distance: 7.62)
[22:16:31] TERRAIN: Chunk created successfully: (-7.0, 2.0) at world pos (-224.0, 0.0, 64.0) (total chunks: 173)
[22:16:31] TERRAIN: Creating chunk: (-2.0, -7.0) at distance 6.32
[22:16:31] TERRAIN: Chunk (-2.0, -7.0): Using TRIMESH collision (distance: 6.32)
[22:16:31] TERRAIN: Chunk created successfully: (-2.0, -7.0) at world pos (-64.0, 0.0, -224.0) (total chunks: 174)
[22:16:31] TERRAIN: Creating chunk: (2.0, 7.0) at distance 8.25
[22:16:31] TERRAIN: Chunk (2.0, 7.0): Using BOX collision (distance: 8.25)
[22:16:31] TERRAIN: Chunk created successfully: (2.0, 7.0) at world pos (64.0, 0.0, 224.0) (total chunks: 175)
[22:16:31] TERRAIN: Creating chunk: (2.0, -7.0) at distance 6.32
[22:16:31] TERRAIN: Chunk (2.0, -7.0): Using TRIMESH collision (distance: 6.32)
[22:16:31] TERRAIN: Chunk created successfully: (2.0, -7.0) at world pos (64.0, 0.0, -224.0) (total chunks: 176)
[22:16:31] TERRAIN: Creating chunk: (-7.0, -2.0) at distance 7.07
[22:16:31] TERRAIN: Chunk (-7.0, -2.0): Using TRIMESH collision (distance: 7.07)
[22:16:31] TERRAIN: Chunk created successfully: (-7.0, -2.0) at world pos (-224.0, 0.0, -64.0) (total chunks: 177)
[22:16:31] TERRAIN: Creating chunk: (-7.0, 3.0) at distance 8.06
[22:16:31] TERRAIN: Chunk (-7.0, 3.0): Using BOX collision (distance: 8.06)
[22:16:31] TERRAIN: Chunk created successfully: (-7.0, 3.0) at world pos (-224.0, 0.0, 96.0) (total chunks: 178)
[22:16:31] TERRAIN: Creating chunk: (-3.0, -7.0) at distance 6.71
[22:16:31] TERRAIN: Chunk (-3.0, -7.0): Using TRIMESH collision (distance: 6.71)
[22:16:31] TERRAIN: Chunk created successfully: (-3.0, -7.0) at world pos (-96.0, 0.0, -224.0) (total chunks: 179)
[22:16:31] TERRAIN: Creating chunk: (7.0, -3.0) at distance 7.28
[22:16:31] TERRAIN: Chunk (7.0, -3.0): Using TRIMESH collision (distance: 7.28)
[22:16:31] TERRAIN: Chunk created successfully: (7.0, -3.0) at world pos (224.0, 0.0, -96.0) (total chunks: 180)
[22:16:31] TERRAIN: Creating chunk: (-7.0, -3.0) at distance 7.28
[22:16:31] TERRAIN: Chunk (-7.0, -3.0): Using TRIMESH collision (distance: 7.28)
[22:16:31] TERRAIN: Chunk created successfully: (-7.0, -3.0) at world pos (-224.0, 0.0, -96.0) (total chunks: 181)
[22:16:31] TERRAIN: Creating chunk: (-3.0, 7.0) at distance 8.54
[22:16:31] TERRAIN: Chunk (-3.0, 7.0): Using BOX collision (distance: 8.54)
[22:16:31] TERRAIN: Chunk created successfully: (-3.0, 7.0) at world pos (-96.0, 0.0, 224.0) (total chunks: 182)
[22:16:31] TERRAIN: Creating chunk: (7.0, 3.0) at distance 8.06
[22:16:31] TERRAIN: Chunk (7.0, 3.0): Using BOX collision (distance: 8.06)
[22:16:31] TERRAIN: Chunk created successfully: (7.0, 3.0) at world pos (224.0, 0.0, 96.0) (total chunks: 183)
[22:16:31] TERRAIN: Creating chunk: (3.0, -7.0) at distance 6.71
[22:16:31] TERRAIN: Chunk (3.0, -7.0): Using TRIMESH collision (distance: 6.71)
[22:16:31] TERRAIN: Chunk created successfully: (3.0, -7.0) at world pos (96.0, 0.0, -224.0) (total chunks: 184)
[22:16:31] TERRAIN: Creating chunk: (3.0, 7.0) at distance 8.54
[22:16:31] TERRAIN: Chunk (3.0, 7.0): Using BOX collision (distance: 8.54)
[22:16:31] TERRAIN: Chunk created successfully: (3.0, 7.0) at world pos (96.0, 0.0, 224.0) (total chunks: 185)
[22:16:31] TERRAIN: Creating chunk: (-6.0, -5.0) at distance 7.21
[22:16:31] TERRAIN: Chunk (-6.0, -5.0): Using TRIMESH collision (distance: 7.21)
[22:16:31] TERRAIN: Chunk created successfully: (-6.0, -5.0) at world pos (-192.0, 0.0, -160.0) (total chunks: 186)
[22:16:31] TERRAIN: Creating chunk: (-5.0, -6.0) at distance 7.07
[22:16:31] TERRAIN: Chunk (-5.0, -6.0): Using TRIMESH collision (distance: 7.07)
[22:16:31] TERRAIN: Chunk created successfully: (-5.0, -6.0) at world pos (-160.0, 0.0, -192.0) (total chunks: 187)
[22:16:31] TERRAIN: Creating chunk: (5.0, -6.0) at distance 7.07
[22:16:31] TERRAIN: Chunk (5.0, -6.0): Using TRIMESH collision (distance: 7.07)
[22:16:31] TERRAIN: Chunk created successfully: (5.0, -6.0) at world pos (160.0, 0.0, -192.0) (total chunks: 188)
[22:16:31] TERRAIN: Creating chunk: (-6.0, 5.0) at distance 8.49
[22:16:31] TERRAIN: Chunk (-6.0, 5.0): Using BOX collision (distance: 8.49)
[22:16:31] TERRAIN: Chunk created successfully: (-6.0, 5.0) at world pos (-192.0, 0.0, 160.0) (total chunks: 189)
[22:16:31] TERRAIN: Creating chunk: (6.0, -5.0) at distance 7.21
[22:16:31] TERRAIN: Chunk (6.0, -5.0): Using TRIMESH collision (distance: 7.21)
[22:16:31] TERRAIN: Chunk created successfully: (6.0, -5.0) at world pos (192.0, 0.0, -160.0) (total chunks: 190)
[22:16:31] TERRAIN: Creating chunk: (-5.0, 6.0) at distance 8.60
[22:16:31] TERRAIN: Chunk (-5.0, 6.0): Using BOX collision (distance: 8.60)
[22:16:31] TERRAIN: Chunk created successfully: (-5.0, 6.0) at world pos (-160.0, 0.0, 192.0) (total chunks: 191)
[22:16:31] TERRAIN: Creating chunk: (5.0, 6.0) at distance 8.60
[22:16:31] TERRAIN: Chunk (5.0, 6.0): Using BOX collision (distance: 8.60)
[22:16:31] TERRAIN: Chunk created successfully: (5.0, 6.0) at world pos (160.0, 0.0, 192.0) (total chunks: 192)
[22:16:31] TERRAIN: Creating chunk: (6.0, 5.0) at distance 8.49
[22:16:31] TERRAIN: Chunk (6.0, 5.0): Using BOX collision (distance: 8.49)
[22:16:31] TERRAIN: Chunk created successfully: (6.0, 5.0) at world pos (192.0, 0.0, 160.0) (total chunks: 193)
[22:16:31] TERRAIN: Creating chunk: (0.0, -8.0) at distance 7.00
[22:16:31] TERRAIN: Chunk (0.0, -8.0): Using TRIMESH collision (distance: 7.00)
[22:16:31] TERRAIN: Chunk created successfully: (0.0, -8.0) at world pos (0.0, 0.0, -256.0) (total chunks: 194)
[22:16:31] TERRAIN: Creating chunk: (8.0, 0.0) at distance 8.06
[22:16:31] TERRAIN: Chunk (8.0, 0.0): Using BOX collision (distance: 8.06)
[22:16:31] TERRAIN: Chunk created successfully: (8.0, 0.0) at world pos (256.0, 0.0, 0.0) (total chunks: 195)
[22:16:31] TERRAIN: Creating chunk: (0.0, 8.0) at distance 9.00
[22:16:31] TERRAIN: Chunk (0.0, 8.0): Using BOX collision (distance: 9.00)
[22:16:31] TERRAIN: Chunk created successfully: (0.0, 8.0) at world pos (0.0, 0.0, 256.0) (total chunks: 196)
[22:16:31] TERRAIN: Creating chunk: (-8.0, 0.0) at distance 8.06
[22:16:31] TERRAIN: Chunk (-8.0, 0.0): Using BOX collision (distance: 8.06)
[22:16:31] TERRAIN: Chunk created successfully: (-8.0, 0.0) at world pos (-256.0, 0.0, 0.0) (total chunks: 197)
[22:16:31] TERRAIN: Creating chunk: (-7.0, 4.0) at distance 8.60
[22:16:31] TERRAIN: Chunk (-7.0, 4.0): Using BOX collision (distance: 8.60)
[22:16:31] TERRAIN: Chunk created successfully: (-7.0, 4.0) at world pos (-224.0, 0.0, 128.0) (total chunks: 198)
[22:16:31] TERRAIN: Creating chunk: (-4.0, 7.0) at distance 8.94
[22:16:31] TERRAIN: Chunk (-4.0, 7.0): Using BOX collision (distance: 8.94)
[22:16:31] TERRAIN: Chunk created successfully: (-4.0, 7.0) at world pos (-128.0, 0.0, 224.0) (total chunks: 199)
[22:16:31] TERRAIN: Creating chunk: (-7.0, -4.0) at distance 7.62
[22:16:31] TERRAIN: Chunk (-7.0, -4.0): Using TRIMESH collision (distance: 7.62)
[22:16:31] TERRAIN: Chunk created successfully: (-7.0, -4.0) at world pos (-224.0, 0.0, -128.0) (total chunks: 200)
[22:16:31] TERRAIN: Creating chunk: (-8.0, -1.0) at distance 8.00
[22:16:31] TERRAIN: Chunk (-8.0, -1.0): Using BOX collision (distance: 8.00)
[22:16:31] TERRAIN: Chunk created successfully: (-8.0, -1.0) at world pos (-256.0, 0.0, -32.0) (total chunks: 201)
[22:16:31] TERRAIN: Creating chunk: (-4.0, -7.0) at distance 7.21
[22:16:31] TERRAIN: Chunk (-4.0, -7.0): Using TRIMESH collision (distance: 7.21)
[22:16:31] TERRAIN: Chunk created successfully: (-4.0, -7.0) at world pos (-128.0, 0.0, -224.0) (total chunks: 202)
[22:16:31] TERRAIN: Creating chunk: (-8.0, 1.0) at distance 8.25
[22:16:31] TERRAIN: Chunk (-8.0, 1.0): Using BOX collision (distance: 8.25)
[22:16:31] TERRAIN: Chunk created successfully: (-8.0, 1.0) at world pos (-256.0, 0.0, 32.0) (total chunks: 203)
[22:16:31] TERRAIN: Creating chunk: (4.0, 7.0) at distance 8.94
[22:16:31] TERRAIN: Chunk (4.0, 7.0): Using BOX collision (distance: 8.94)
[22:16:31] TERRAIN: Chunk created successfully: (4.0, 7.0) at world pos (128.0, 0.0, 224.0) (total chunks: 204)
[22:16:31] TERRAIN: Creating chunk: (4.0, -7.0) at distance 7.21
[22:16:31] TERRAIN: Chunk (4.0, -7.0): Using TRIMESH collision (distance: 7.21)
[22:16:31] TERRAIN: Chunk created successfully: (4.0, -7.0) at world pos (128.0, 0.0, -224.0) (total chunks: 205)
[22:16:31] TERRAIN: Creating chunk: (1.0, -8.0) at distance 7.07
[22:16:31] TERRAIN: Chunk (1.0, -8.0): Using TRIMESH collision (distance: 7.07)
[22:16:31] TERRAIN: Chunk created successfully: (1.0, -8.0) at world pos (32.0, 0.0, -256.0) (total chunks: 206)
[22:16:31] TERRAIN: Creating chunk: (1.0, 8.0) at distance 9.06
[22:16:31] TERRAIN: Chunk (1.0, 8.0): Using BOX collision (distance: 9.06)
[22:16:31] TERRAIN: Chunk created successfully: (1.0, 8.0) at world pos (32.0, 0.0, 256.0) (total chunks: 207)
[22:16:31] TERRAIN: Creating chunk: (-1.0, -8.0) at distance 7.07
[22:16:31] TERRAIN: Chunk (-1.0, -8.0): Using TRIMESH collision (distance: 7.07)
[22:16:31] TERRAIN: Chunk created successfully: (-1.0, -8.0) at world pos (-32.0, 0.0, -256.0) (total chunks: 208)
[22:16:31] TERRAIN: Creating chunk: (-1.0, 8.0) at distance 9.06
[22:16:31] TERRAIN: Chunk (-1.0, 8.0): Using BOX collision (distance: 9.06)
[22:16:31] TERRAIN: Chunk created successfully: (-1.0, 8.0) at world pos (-32.0, 0.0, 256.0) (total chunks: 209)
[22:16:31] TERRAIN: Creating chunk: (7.0, 4.0) at distance 8.60
[22:16:31] TERRAIN: Chunk (7.0, 4.0): Using BOX collision (distance: 8.60)
[22:16:31] TERRAIN: Chunk created successfully: (7.0, 4.0) at world pos (224.0, 0.0, 128.0) (total chunks: 210)
[22:16:31] TERRAIN: Creating chunk: (8.0, -1.0) at distance 8.00
[22:16:31] TERRAIN: Chunk (8.0, -1.0): Using BOX collision (distance: 8.00)
[22:16:31] TERRAIN: Chunk created successfully: (8.0, -1.0) at world pos (256.0, 0.0, -32.0) (total chunks: 211)
[22:16:31] TERRAIN: Creating chunk: (7.0, -4.0) at distance 7.62
[22:16:31] TERRAIN: Chunk (7.0, -4.0): Using TRIMESH collision (distance: 7.62)
[22:16:31] TERRAIN: Chunk created successfully: (7.0, -4.0) at world pos (224.0, 0.0, -128.0) (total chunks: 212)
[22:16:31] TERRAIN: Creating chunk: (8.0, 1.0) at distance 8.25
[22:16:31] TERRAIN: Chunk (8.0, 1.0): Using BOX collision (distance: 8.25)
[22:16:31] TERRAIN: Chunk created successfully: (8.0, 1.0) at world pos (256.0, 0.0, 32.0) (total chunks: 213)
[22:16:31] TERRAIN: Creating chunk: (-2.0, -8.0) at distance 7.28
[22:16:31] TERRAIN: Chunk (-2.0, -8.0): Using TRIMESH collision (distance: 7.28)
[22:16:31] TERRAIN: Chunk created successfully: (-2.0, -8.0) at world pos (-64.0, 0.0, -256.0) (total chunks: 214)
[22:16:31] TERRAIN: Creating chunk: (-8.0, 2.0) at distance 8.54
[22:16:31] TERRAIN: Chunk (-8.0, 2.0): Using BOX collision (distance: 8.54)
[22:16:31] TERRAIN: Chunk created successfully: (-8.0, 2.0) at world pos (-256.0, 0.0, 64.0) (total chunks: 215)
[22:16:31] TERRAIN: Creating chunk: (-8.0, -2.0) at distance 8.06
[22:16:31] TERRAIN: Chunk (-8.0, -2.0): Using BOX collision (distance: 8.06)
[22:16:31] TERRAIN: Chunk created successfully: (-8.0, -2.0) at world pos (-256.0, 0.0, -64.0) (total chunks: 216)
[22:16:31] TERRAIN: Creating chunk: (8.0, 2.0) at distance 8.54
[22:16:31] TERRAIN: Chunk (8.0, 2.0): Using BOX collision (distance: 8.54)
[22:16:31] TERRAIN: Chunk created successfully: (8.0, 2.0) at world pos (256.0, 0.0, 64.0) (total chunks: 217)
[22:16:31] TERRAIN: Creating chunk: (2.0, -8.0) at distance 7.28
[22:16:31] TERRAIN: Chunk (2.0, -8.0): Using TRIMESH collision (distance: 7.28)
[22:16:31] TERRAIN: Chunk created successfully: (2.0, -8.0) at world pos (64.0, 0.0, -256.0) (total chunks: 218)
[22:16:31] TERRAIN: Creating chunk: (2.0, 8.0) at distance 9.22
[22:16:31] TERRAIN: Chunk (2.0, 8.0): Using BOX collision (distance: 9.22)
[22:16:31] TERRAIN: Chunk created successfully: (2.0, 8.0) at world pos (64.0, 0.0, 256.0) (total chunks: 219)
[22:16:31] TERRAIN: Creating chunk: (8.0, -2.0) at distance 8.06
[22:16:31] TERRAIN: Chunk (8.0, -2.0): Using BOX collision (distance: 8.06)
[22:16:31] TERRAIN: Chunk created successfully: (8.0, -2.0) at world pos (256.0, 0.0, -64.0) (total chunks: 220)
[22:16:31] TERRAIN: Creating chunk: (-2.0, 8.0) at distance 9.22
[22:16:31] TERRAIN: Chunk (-2.0, 8.0): Using BOX collision (distance: 9.22)
[22:16:31] TERRAIN: Chunk created successfully: (-2.0, 8.0) at world pos (-64.0, 0.0, 256.0) (total chunks: 221)
[22:16:31] TERRAIN: Creating chunk: (-6.0, 6.0) at distance 9.22
[22:16:31] TERRAIN: Chunk (-6.0, 6.0): Using BOX collision (distance: 9.22)
[22:16:31] TERRAIN: Chunk created successfully: (-6.0, 6.0) at world pos (-192.0, 0.0, 192.0) (total chunks: 222)
[22:16:31] TERRAIN: Creating chunk: (6.0, 6.0) at distance 9.22
[22:16:31] TERRAIN: Chunk (6.0, 6.0): Using BOX collision (distance: 9.22)
[22:16:31] TERRAIN: Chunk created successfully: (6.0, 6.0) at world pos (192.0, 0.0, 192.0) (total chunks: 223)
[22:16:31] TERRAIN: Creating chunk: (-6.0, -6.0) at distance 7.81
[22:16:31] TERRAIN: Chunk (-6.0, -6.0): Using TRIMESH collision (distance: 7.81)
[22:16:31] TERRAIN: Chunk created successfully: (-6.0, -6.0) at world pos (-192.0, 0.0, -192.0) (total chunks: 224)
[22:16:31] TERRAIN: Creating chunk: (6.0, -6.0) at distance 7.81
[22:16:31] TERRAIN: Chunk (6.0, -6.0): Using TRIMESH collision (distance: 7.81)
[22:16:31] TERRAIN: Chunk created successfully: (6.0, -6.0) at world pos (192.0, 0.0, -192.0) (total chunks: 225)
[22:16:31] TERRAIN: Creating chunk: (-3.0, 8.0) at distance 9.49
[22:16:31] TERRAIN: Chunk (-3.0, 8.0): Using BOX collision (distance: 9.49)
[22:16:31] TERRAIN: Chunk created successfully: (-3.0, 8.0) at world pos (-96.0, 0.0, 256.0) (total chunks: 226)
[22:16:31] TERRAIN: Creating chunk: (-8.0, 3.0) at distance 8.94
[22:16:31] TERRAIN: Chunk (-8.0, 3.0): Using BOX collision (distance: 8.94)
[22:16:31] TERRAIN: Chunk created successfully: (-8.0, 3.0) at world pos (-256.0, 0.0, 96.0) (total chunks: 227)
[22:16:31] TERRAIN: Creating chunk: (3.0, 8.0) at distance 9.49
[22:16:31] TERRAIN: Chunk (3.0, 8.0): Using BOX collision (distance: 9.49)
[22:16:31] TERRAIN: Chunk created successfully: (3.0, 8.0) at world pos (96.0, 0.0, 256.0) (total chunks: 228)
[22:16:31] TERRAIN: Creating chunk: (8.0, -3.0) at distance 8.25
[22:16:31] TERRAIN: Chunk (8.0, -3.0): Using BOX collision (distance: 8.25)
[22:16:31] TERRAIN: Chunk created successfully: (8.0, -3.0) at world pos (256.0, 0.0, -96.0) (total chunks: 229)
[22:16:31] TERRAIN: Creating chunk: (-8.0, -3.0) at distance 8.25
[22:16:31] TERRAIN: Chunk (-8.0, -3.0): Using BOX collision (distance: 8.25)
[22:16:31] TERRAIN: Chunk created successfully: (-8.0, -3.0) at world pos (-256.0, 0.0, -96.0) (total chunks: 230)
[22:16:31] TERRAIN: Creating chunk: (8.0, 3.0) at distance 8.94
[22:16:31] TERRAIN: Chunk (8.0, 3.0): Using BOX collision (distance: 8.94)
[22:16:31] TERRAIN: Chunk created successfully: (8.0, 3.0) at world pos (256.0, 0.0, 96.0) (total chunks: 231)
[22:16:31] TERRAIN: Creating chunk: (3.0, -8.0) at distance 7.62
[22:16:31] TERRAIN: Chunk (3.0, -8.0): Using TRIMESH collision (distance: 7.62)
[22:16:31] TERRAIN: Chunk created successfully: (3.0, -8.0) at world pos (96.0, 0.0, -256.0) (total chunks: 232)
[22:16:31] TERRAIN: Creating chunk: (-3.0, -8.0) at distance 7.62
[22:16:31] TERRAIN: Chunk (-3.0, -8.0): Using TRIMESH collision (distance: 7.62)
[22:16:31] TERRAIN: Chunk created successfully: (-3.0, -8.0) at world pos (-96.0, 0.0, -256.0) (total chunks: 233)
[22:16:31] TERRAIN: Creating chunk: (5.0, 7.0) at distance 9.43
[22:16:31] TERRAIN: Chunk (5.0, 7.0): Using BOX collision (distance: 9.43)
[22:16:31] TERRAIN: Chunk created successfully: (5.0, 7.0) at world pos (160.0, 0.0, 224.0) (total chunks: 234)
[22:16:31] TERRAIN: Creating chunk: (5.0, -7.0) at distance 7.81
[22:16:31] TERRAIN: Chunk (5.0, -7.0): Using TRIMESH collision (distance: 7.81)
[22:16:31] TERRAIN: Chunk created successfully: (5.0, -7.0) at world pos (160.0, 0.0, -224.0) (total chunks: 235)
[22:16:31] TERRAIN: Creating chunk: (-5.0, -7.0) at distance 7.81
[22:16:31] TERRAIN: Chunk (-5.0, -7.0): Using TRIMESH collision (distance: 7.81)
[22:16:31] TERRAIN: Chunk created successfully: (-5.0, -7.0) at world pos (-160.0, 0.0, -224.0) (total chunks: 236)
[22:16:31] TERRAIN: Creating chunk: (7.0, 5.0) at distance 9.22
[22:16:31] TERRAIN: Chunk (7.0, 5.0): Using BOX collision (distance: 9.22)
[22:16:31] TERRAIN: Chunk created successfully: (7.0, 5.0) at world pos (224.0, 0.0, 160.0) (total chunks: 237)
[22:16:31] TERRAIN: Creating chunk: (7.0, -5.0) at distance 8.06
[22:16:31] TERRAIN: Chunk (7.0, -5.0): Using BOX collision (distance: 8.06)
[22:16:31] TERRAIN: Chunk created successfully: (7.0, -5.0) at world pos (224.0, 0.0, -160.0) (total chunks: 238)
[22:16:31] TERRAIN: Creating chunk: (-7.0, -5.0) at distance 8.06
[22:16:31] TERRAIN: Chunk (-7.0, -5.0): Using BOX collision (distance: 8.06)
[22:16:31] TERRAIN: Chunk created successfully: (-7.0, -5.0) at world pos (-224.0, 0.0, -160.0) (total chunks: 239)
[22:16:31] TERRAIN: Creating chunk: (-5.0, 7.0) at distance 9.43
[22:16:31] TERRAIN: Chunk (-5.0, 7.0): Using BOX collision (distance: 9.43)
[22:16:31] TERRAIN: Chunk created successfully: (-5.0, 7.0) at world pos (-160.0, 0.0, 224.0) (total chunks: 240)
[22:16:31] TERRAIN: Creating chunk: (-7.0, 5.0) at distance 9.22
[22:16:31] TERRAIN: Chunk (-7.0, 5.0): Using BOX collision (distance: 9.22)
[22:16:31] TERRAIN: Chunk created successfully: (-7.0, 5.0) at world pos (-224.0, 0.0, 160.0) (total chunks: 241)
[22:16:31] TERRAIN: Creating chunk: (8.0, 4.0) at distance 9.43
[22:16:31] TERRAIN: Chunk (8.0, 4.0): Using BOX collision (distance: 9.43)
[22:16:31] TERRAIN: Chunk created successfully: (8.0, 4.0) at world pos (256.0, 0.0, 128.0) (total chunks: 242)
[22:16:31] TERRAIN: Creating chunk: (8.0, -4.0) at distance 8.54
[22:16:31] TERRAIN: Chunk (8.0, -4.0): Using BOX collision (distance: 8.54)
[22:16:31] TERRAIN: Chunk created successfully: (8.0, -4.0) at world pos (256.0, 0.0, -128.0) (total chunks: 243)
[22:16:31] TERRAIN: Creating chunk: (4.0, 8.0) at distance 9.85
[22:16:31] TERRAIN: Chunk (4.0, 8.0): Using BOX collision (distance: 9.85)
[22:16:31] TERRAIN: Chunk created successfully: (4.0, 8.0) at world pos (128.0, 0.0, 256.0) (total chunks: 244)
[22:16:31] TERRAIN: Creating chunk: (4.0, -8.0) at distance 8.06
[22:16:31] TERRAIN: Chunk (4.0, -8.0): Using BOX collision (distance: 8.06)
[22:16:31] TERRAIN: Chunk created successfully: (4.0, -8.0) at world pos (128.0, 0.0, -256.0) (total chunks: 245)
[22:16:31] TERRAIN: Creating chunk: (-4.0, -8.0) at distance 8.06
[22:16:31] TERRAIN: Chunk (-4.0, -8.0): Using BOX collision (distance: 8.06)
[22:16:31] TERRAIN: Chunk created successfully: (-4.0, -8.0) at world pos (-128.0, 0.0, -256.0) (total chunks: 246)
[22:16:31] TERRAIN: Creating chunk: (-8.0, 4.0) at distance 9.43
[22:16:31] TERRAIN: Chunk (-8.0, 4.0): Using BOX collision (distance: 9.43)
[22:16:31] TERRAIN: Chunk created successfully: (-8.0, 4.0) at world pos (-256.0, 0.0, 128.0) (total chunks: 247)
[22:16:31] TERRAIN: Creating chunk: (-4.0, 8.0) at distance 9.85
[22:16:31] TERRAIN: Chunk (-4.0, 8.0): Using BOX collision (distance: 9.85)
[22:16:31] TERRAIN: Chunk created successfully: (-4.0, 8.0) at world pos (-128.0, 0.0, 256.0) (total chunks: 248)
[22:16:31] TERRAIN: Creating chunk: (-8.0, -4.0) at distance 8.54
[22:16:31] TERRAIN: Chunk (-8.0, -4.0): Using BOX collision (distance: 8.54)
[22:16:31] TERRAIN: Chunk created successfully: (-8.0, -4.0) at world pos (-256.0, 0.0, -128.0) (total chunks: 249)
[22:16:31] TERRAIN: Creating chunk: (0.0, -9.0) at distance 8.00
[22:16:31] TERRAIN: Chunk (0.0, -9.0): Using BOX collision (distance: 8.00)
[22:16:31] TERRAIN: Chunk created successfully: (0.0, -9.0) at world pos (0.0, 0.0, -288.0) (total chunks: 250)
[22:16:31] TERRAIN: Creating chunk: (9.0, 0.0) at distance 9.06
[22:16:31] TERRAIN: Chunk (9.0, 0.0): Using BOX collision (distance: 9.06)
[22:16:31] TERRAIN: Chunk created successfully: (9.0, 0.0) at world pos (288.0, 0.0, 0.0) (total chunks: 251)
[22:16:31] TERRAIN: Creating chunk: (0.0, 9.0) at distance 10.00
[22:16:31] TERRAIN: Chunk (0.0, 9.0): Using BOX collision (distance: 10.00)
[22:16:31] TERRAIN: Chunk created successfully: (0.0, 9.0) at world pos (0.0, 0.0, 288.0) (total chunks: 252)
[22:16:31] TERRAIN: Creating chunk: (-9.0, 0.0) at distance 9.06
[22:16:31] TERRAIN: Chunk (-9.0, 0.0): Using BOX collision (distance: 9.06)
[22:16:31] TERRAIN: Chunk created successfully: (-9.0, 0.0) at world pos (-288.0, 0.0, 0.0) (total chunks: 253)
[22:16:31] TERRAIN: Creating chunk: (-1.0, 9.0) at distance 10.05
[22:16:31] TERRAIN: Chunk (-1.0, 9.0): Using BOX collision (distance: 10.05)
[22:16:31] TERRAIN: Chunk created successfully: (-1.0, 9.0) at world pos (-32.0, 0.0, 288.0) (total chunks: 254)
[22:16:31] TERRAIN: Creating chunk: (-9.0, 1.0) at distance 9.22
[22:16:31] TERRAIN: Chunk (-9.0, 1.0): Using BOX collision (distance: 9.22)
[22:16:31] TERRAIN: Chunk created successfully: (-9.0, 1.0) at world pos (-288.0, 0.0, 32.0) (total chunks: 255)
[22:16:31] TERRAIN: Creating chunk: (-9.0, -1.0) at distance 9.00
[22:16:31] TERRAIN: Chunk (-9.0, -1.0): Using BOX collision (distance: 9.00)
[22:16:31] TERRAIN: Chunk created successfully: (-9.0, -1.0) at world pos (-288.0, 0.0, -32.0) (total chunks: 256)
[22:16:31] TERRAIN: Creating chunk: (-1.0, -9.0) at distance 8.06
[22:16:31] TERRAIN: Chunk (-1.0, -9.0): Using BOX collision (distance: 8.06)
[22:16:31] TERRAIN: Chunk created successfully: (-1.0, -9.0) at world pos (-32.0, 0.0, -288.0) (total chunks: 257)
[22:16:31] TERRAIN: Creating chunk: (1.0, 9.0) at distance 10.05
[22:16:31] TERRAIN: Chunk (1.0, 9.0): Using BOX collision (distance: 10.05)
[22:16:31] TERRAIN: Chunk created successfully: (1.0, 9.0) at world pos (32.0, 0.0, 288.0) (total chunks: 258)
[22:16:31] TERRAIN: Creating chunk: (1.0, -9.0) at distance 8.06
[22:16:31] TERRAIN: Chunk (1.0, -9.0): Using BOX collision (distance: 8.06)
[22:16:31] TERRAIN: Chunk created successfully: (1.0, -9.0) at world pos (32.0, 0.0, -288.0) (total chunks: 259)
[22:16:31] TERRAIN: Creating chunk: (9.0, 1.0) at distance 9.22
[22:16:31] TERRAIN: Chunk (9.0, 1.0): Using BOX collision (distance: 9.22)
[22:16:31] TERRAIN: Chunk created successfully: (9.0, 1.0) at world pos (288.0, 0.0, 32.0) (total chunks: 260)
[22:16:31] TERRAIN: Creating chunk: (9.0, -1.0) at distance 9.00
[22:16:31] TERRAIN: Chunk (9.0, -1.0): Using BOX collision (distance: 9.00)
[22:16:31] TERRAIN: Chunk created successfully: (9.0, -1.0) at world pos (288.0, 0.0, -32.0) (total chunks: 261)
[22:16:31] TERRAIN: Creating chunk: (2.0, -9.0) at distance 8.25
[22:16:31] TERRAIN: Chunk (2.0, -9.0): Using BOX collision (distance: 8.25)
[22:16:31] TERRAIN: Chunk created successfully: (2.0, -9.0) at world pos (64.0, 0.0, -288.0) (total chunks: 262)
[22:16:31] TERRAIN: Creating chunk: (2.0, 9.0) at distance 10.20
[22:16:31] TERRAIN: Chunk (2.0, 9.0): Using BOX collision (distance: 10.20)
[22:16:31] TERRAIN: Chunk created successfully: (2.0, 9.0) at world pos (64.0, 0.0, 288.0) (total chunks: 263)
[22:16:31] TERRAIN: Creating chunk: (-6.0, -7.0) at distance 8.49
[22:16:31] TERRAIN: Chunk (-6.0, -7.0): Using BOX collision (distance: 8.49)
[22:16:31] TERRAIN: Chunk created successfully: (-6.0, -7.0) at world pos (-192.0, 0.0, -224.0) (total chunks: 264)
[22:16:31] TERRAIN: Creating chunk: (6.0, -7.0) at distance 8.49
[22:16:31] TERRAIN: Chunk (6.0, -7.0): Using BOX collision (distance: 8.49)
[22:16:31] TERRAIN: Chunk created successfully: (6.0, -7.0) at world pos (192.0, 0.0, -224.0) (total chunks: 265)
[22:16:31] TERRAIN: Creating chunk: (9.0, 2.0) at distance 9.49
[22:16:31] TERRAIN: Chunk (9.0, 2.0): Using BOX collision (distance: 9.49)
[22:16:31] TERRAIN: Chunk created successfully: (9.0, 2.0) at world pos (288.0, 0.0, 64.0) (total chunks: 266)
[22:16:31] TERRAIN: Creating chunk: (9.0, -2.0) at distance 9.06
[22:16:31] TERRAIN: Chunk (9.0, -2.0): Using BOX collision (distance: 9.06)
[22:16:31] TERRAIN: Chunk created successfully: (9.0, -2.0) at world pos (288.0, 0.0, -64.0) (total chunks: 267)
[22:16:31] TERRAIN: Creating chunk: (-7.0, 6.0) at distance 9.90
[22:16:31] TERRAIN: Chunk (-7.0, 6.0): Using BOX collision (distance: 9.90)
[22:16:31] TERRAIN: Chunk created successfully: (-7.0, 6.0) at world pos (-224.0, 0.0, 192.0) (total chunks: 268)
[22:16:31] TERRAIN: Creating chunk: (-6.0, 7.0) at distance 10.00
[22:16:31] TERRAIN: Chunk (-6.0, 7.0): Using BOX collision (distance: 10.00)
[22:16:31] TERRAIN: Chunk created successfully: (-6.0, 7.0) at world pos (-192.0, 0.0, 224.0) (total chunks: 269)
[22:16:31] TERRAIN: Creating chunk: (6.0, 7.0) at distance 10.00
[22:16:31] TERRAIN: Chunk (6.0, 7.0): Using BOX collision (distance: 10.00)
[22:16:31] TERRAIN: Chunk created successfully: (6.0, 7.0) at world pos (192.0, 0.0, 224.0) (total chunks: 270)
[22:16:31] TERRAIN: Creating chunk: (-2.0, 9.0) at distance 10.20
[22:16:31] TERRAIN: Chunk (-2.0, 9.0): Using BOX collision (distance: 10.20)
[22:16:31] TERRAIN: Chunk created successfully: (-2.0, 9.0) at world pos (-64.0, 0.0, 288.0) (total chunks: 271)
[22:16:31] TERRAIN: Creating chunk: (-9.0, -2.0) at distance 9.06
[22:16:31] TERRAIN: Chunk (-9.0, -2.0): Using BOX collision (distance: 9.06)
[22:16:31] TERRAIN: Chunk created successfully: (-9.0, -2.0) at world pos (-288.0, 0.0, -64.0) (total chunks: 272)
[22:16:31] TERRAIN: Creating chunk: (-7.0, -6.0) at distance 8.60
[22:16:31] TERRAIN: Chunk (-7.0, -6.0): Using BOX collision (distance: 8.60)
[22:16:31] TERRAIN: Chunk created successfully: (-7.0, -6.0) at world pos (-224.0, 0.0, -192.0) (total chunks: 273)
[22:16:31] TERRAIN: Creating chunk: (7.0, 6.0) at distance 9.90
[22:16:31] TERRAIN: Chunk (7.0, 6.0): Using BOX collision (distance: 9.90)
[22:16:31] TERRAIN: Chunk created successfully: (7.0, 6.0) at world pos (224.0, 0.0, 192.0) (total chunks: 274)
[22:16:31] TERRAIN: Creating chunk: (-2.0, -9.0) at distance 8.25
[22:16:31] TERRAIN: Chunk (-2.0, -9.0): Using BOX collision (distance: 8.25)
[22:16:31] TERRAIN: Chunk created successfully: (-2.0, -9.0) at world pos (-64.0, 0.0, -288.0) (total chunks: 275)
[22:16:31] TERRAIN: Creating chunk: (-9.0, 2.0) at distance 9.49
[22:16:31] TERRAIN: Chunk (-9.0, 2.0): Using BOX collision (distance: 9.49)
[22:16:31] TERRAIN: Chunk created successfully: (-9.0, 2.0) at world pos (-288.0, 0.0, 64.0) (total chunks: 276)
[22:16:31] TERRAIN: Creating chunk: (7.0, -6.0) at distance 8.60
[22:16:31] TERRAIN: Chunk (7.0, -6.0): Using BOX collision (distance: 8.60)
[22:16:31] TERRAIN: Chunk created successfully: (7.0, -6.0) at world pos (224.0, 0.0, -192.0) (total chunks: 277)
[22:16:31] TERRAIN: Creating chunk: (8.0, -5.0) at distance 8.94
[22:16:31] TERRAIN: Chunk (8.0, -5.0): Using BOX collision (distance: 8.94)
[22:16:31] TERRAIN: Chunk created successfully: (8.0, -5.0) at world pos (256.0, 0.0, -160.0) (total chunks: 278)
[22:16:31] TERRAIN: Creating chunk: (-5.0, 8.0) at distance 10.30
[22:16:31] TERRAIN: Chunk (-5.0, 8.0): Using BOX collision (distance: 10.30)
[22:16:31] TERRAIN: Chunk created successfully: (-5.0, 8.0) at world pos (-160.0, 0.0, 256.0) (total chunks: 279)
[22:16:31] TERRAIN: Creating chunk: (-8.0, 5.0) at distance 10.00
[22:16:31] TERRAIN: Chunk (-8.0, 5.0): Using BOX collision (distance: 10.00)
[22:16:31] TERRAIN: Chunk created successfully: (-8.0, 5.0) at world pos (-256.0, 0.0, 160.0) (total chunks: 280)
[22:16:31] PLAYER: Pos: (0.0, -0.028142, -6.250227) | Chunk: (0.0, -1.0) | TerrainHeight: -0.03 | HeightDiff: 0.00 | OnFloor: true
[22:16:31] TERRAIN: Creating chunk: (-8.0, -5.0) at distance 8.94
[22:16:31] TERRAIN: Chunk (-8.0, -5.0): Using BOX collision (distance: 8.94)
[22:16:31] TERRAIN: Chunk created successfully: (-8.0, -5.0) at world pos (-256.0, 0.0, -160.0) (total chunks: 281)
[22:16:31] TERRAIN: Creating chunk: (5.0, 8.0) at distance 10.30
[22:16:31] TERRAIN: Chunk (5.0, 8.0): Using BOX collision (distance: 10.30)
[22:16:31] TERRAIN: Chunk created successfully: (5.0, 8.0) at world pos (160.0, 0.0, 256.0) (total chunks: 282)
[22:16:31] TERRAIN: Creating chunk: (-5.0, -8.0) at distance 8.60
[22:16:31] TERRAIN: Chunk (-5.0, -8.0): Using BOX collision (distance: 8.60)
[22:16:31] TERRAIN: Chunk created successfully: (-5.0, -8.0) at world pos (-160.0, 0.0, -256.0) (total chunks: 283)
[22:16:31] TERRAIN: Creating chunk: (8.0, 5.0) at distance 10.00
[22:16:31] TERRAIN: Chunk (8.0, 5.0): Using BOX collision (distance: 10.00)
[22:16:31] TERRAIN: Chunk created successfully: (8.0, 5.0) at world pos (256.0, 0.0, 160.0) (total chunks: 284)
[22:16:31] TERRAIN: Creating chunk: (5.0, -8.0) at distance 8.60
[22:16:31] TERRAIN: Chunk (5.0, -8.0): Using BOX collision (distance: 8.60)
[22:16:31] TERRAIN: Chunk created successfully: (5.0, -8.0) at world pos (160.0, 0.0, -256.0) (total chunks: 285)
[22:16:31] TERRAIN: Creating chunk: (3.0, -9.0) at distance 8.54
[22:16:31] TERRAIN: Chunk (3.0, -9.0): Using BOX collision (distance: 8.54)
[22:16:31] TERRAIN: Chunk created successfully: (3.0, -9.0) at world pos (96.0, 0.0, -288.0) (total chunks: 286)
[22:16:31] TERRAIN: Creating chunk: (-3.0, -9.0) at distance 8.54
[22:16:31] TERRAIN: Chunk (-3.0, -9.0): Using BOX collision (distance: 8.54)
[22:16:31] TERRAIN: Chunk created successfully: (-3.0, -9.0) at world pos (-96.0, 0.0, -288.0) (total chunks: 287)
[22:16:31] TERRAIN: Creating chunk: (9.0, -3.0) at distance 9.22
[22:16:31] TERRAIN: Chunk (9.0, -3.0): Using BOX collision (distance: 9.22)
[22:16:31] TERRAIN: Chunk created successfully: (9.0, -3.0) at world pos (288.0, 0.0, -96.0) (total chunks: 288)
[22:16:32] TERRAIN: Creating chunk: (-9.0, -3.0) at distance 9.22
[22:16:32] TERRAIN: Chunk (-9.0, -3.0): Using BOX collision (distance: 9.22)
[22:16:32] TERRAIN: Chunk created successfully: (-9.0, -3.0) at world pos (-288.0, 0.0, -96.0) (total chunks: 289)
[22:16:32] TERRAIN: Creating chunk: (9.0, 3.0) at distance 9.85
[22:16:32] TERRAIN: Chunk (9.0, 3.0): Using BOX collision (distance: 9.85)
[22:16:32] TERRAIN: Chunk created successfully: (9.0, 3.0) at world pos (288.0, 0.0, 96.0) (total chunks: 290)
[22:16:32] TERRAIN: Creating chunk: (-3.0, 9.0) at distance 10.44
[22:16:32] TERRAIN: Chunk (-3.0, 9.0): Using BOX collision (distance: 10.44)
[22:16:32] TERRAIN: Chunk created successfully: (-3.0, 9.0) at world pos (-96.0, 0.0, 288.0) (total chunks: 291)
[22:16:32] TERRAIN: Creating chunk: (-9.0, 3.0) at distance 9.85
[22:16:32] TERRAIN: Chunk (-9.0, 3.0): Using BOX collision (distance: 9.85)
[22:16:32] TERRAIN: Chunk created successfully: (-9.0, 3.0) at world pos (-288.0, 0.0, 96.0) (total chunks: 292)
[22:16:32] TERRAIN: Creating chunk: (3.0, 9.0) at distance 10.44
[22:16:32] TERRAIN: Chunk (3.0, 9.0): Using BOX collision (distance: 10.44)
[22:16:32] TERRAIN: Chunk created successfully: (3.0, 9.0) at world pos (96.0, 0.0, 288.0) (total chunks: 293)
[22:16:32] TERRAIN: Creating chunk: (4.0, 9.0) at distance 10.77
[22:16:32] TERRAIN: Chunk (4.0, 9.0): Using BOX collision (distance: 10.77)
[22:16:32] TERRAIN: Chunk created successfully: (4.0, 9.0) at world pos (128.0, 0.0, 288.0) (total chunks: 294)
[22:16:32] TERRAIN: Creating chunk: (-4.0, 9.0) at distance 10.77
[22:16:32] TERRAIN: Chunk (-4.0, 9.0): Using BOX collision (distance: 10.77)
[22:16:32] TERRAIN: Chunk created successfully: (-4.0, 9.0) at world pos (-128.0, 0.0, 288.0) (total chunks: 295)
[22:16:32] TERRAIN: Creating chunk: (-4.0, -9.0) at distance 8.94
[22:16:32] TERRAIN: Chunk (-4.0, -9.0): Using BOX collision (distance: 8.94)
[22:16:32] TERRAIN: Chunk created successfully: (-4.0, -9.0) at world pos (-128.0, 0.0, -288.0) (total chunks: 296)
[22:16:32] TERRAIN: Creating chunk: (9.0, -4.0) at distance 9.49
[22:16:32] TERRAIN: Chunk (9.0, -4.0): Using BOX collision (distance: 9.49)
[22:16:32] TERRAIN: Chunk created successfully: (9.0, -4.0) at world pos (288.0, 0.0, -128.0) (total chunks: 297)
[22:16:32] TERRAIN: Creating chunk: (9.0, 4.0) at distance 10.30
[22:16:32] TERRAIN: Chunk (9.0, 4.0): Using BOX collision (distance: 10.30)
[22:16:32] TERRAIN: Chunk created successfully: (9.0, 4.0) at world pos (288.0, 0.0, 128.0) (total chunks: 298)
[22:16:32] TERRAIN: Creating chunk: (-9.0, -4.0) at distance 9.49
[22:16:32] TERRAIN: Chunk (-9.0, -4.0): Using BOX collision (distance: 9.49)
[22:16:32] TERRAIN: Chunk created successfully: (-9.0, -4.0) at world pos (-288.0, 0.0, -128.0) (total chunks: 299)
[22:16:32] TERRAIN: Creating chunk: (-9.0, 4.0) at distance 10.30
[22:16:32] TERRAIN: Chunk (-9.0, 4.0): Using BOX collision (distance: 10.30)
[22:16:32] TERRAIN: Chunk created successfully: (-9.0, 4.0) at world pos (-288.0, 0.0, 128.0) (total chunks: 300)
[22:16:32] TERRAIN: Creating chunk: (4.0, -9.0) at distance 8.94
[22:16:32] TERRAIN: Chunk (4.0, -9.0): Using BOX collision (distance: 8.94)
[22:16:32] TERRAIN: Chunk created successfully: (4.0, -9.0) at world pos (128.0, 0.0, -288.0) (total chunks: 301)
[22:16:32] TERRAIN: Creating chunk: (-7.0, 7.0) at distance 10.63
[22:16:32] TERRAIN: Chunk (-7.0, 7.0): Using BOX collision (distance: 10.63)
[22:16:32] TERRAIN: Chunk created successfully: (-7.0, 7.0) at world pos (-224.0, 0.0, 224.0) (total chunks: 302)
[22:16:32] TERRAIN: Creating chunk: (7.0, -7.0) at distance 9.22
[22:16:32] TERRAIN: Chunk (7.0, -7.0): Using BOX collision (distance: 9.22)
[22:16:32] TERRAIN: Chunk created successfully: (7.0, -7.0) at world pos (224.0, 0.0, -224.0) (total chunks: 303)
[22:16:32] TERRAIN: Creating chunk: (7.0, 7.0) at distance 10.63
[22:16:32] TERRAIN: Chunk (7.0, 7.0): Using BOX collision (distance: 10.63)
[22:16:32] TERRAIN: Chunk created successfully: (7.0, 7.0) at world pos (224.0, 0.0, 224.0) (total chunks: 304)
[22:16:32] TERRAIN: Creating chunk: (-7.0, -7.0) at distance 9.22
[22:16:32] TERRAIN: Chunk (-7.0, -7.0): Using BOX collision (distance: 9.22)
[22:16:32] TERRAIN: Chunk created successfully: (-7.0, -7.0) at world pos (-224.0, 0.0, -224.0) (total chunks: 305)
[22:16:32] TERRAIN: Creating chunk: (0.0, -10.0) at distance 9.00
[22:16:32] TERRAIN: Chunk (0.0, -10.0): Using BOX collision (distance: 9.00)
[22:16:32] TERRAIN: Chunk created successfully: (0.0, -10.0) at world pos (0.0, 0.0, -320.0) (total chunks: 306)
[22:16:32] TERRAIN: Creating chunk: (8.0, 6.0) at distance 10.63
[22:16:32] TERRAIN: Chunk (8.0, 6.0): Using BOX collision (distance: 10.63)
[22:16:32] TERRAIN: Chunk created successfully: (8.0, 6.0) at world pos (256.0, 0.0, 192.0) (total chunks: 307)
[22:16:32] TERRAIN: Creating chunk: (-8.0, -6.0) at distance 9.43
[22:16:32] TERRAIN: Chunk (-8.0, -6.0): Using BOX collision (distance: 9.43)
[22:16:32] TERRAIN: Chunk created successfully: (-8.0, -6.0) at world pos (-256.0, 0.0, -192.0) (total chunks: 308)
[22:16:32] TERRAIN: Creating chunk: (0.0, 10.0) at distance 11.00
[22:16:32] TERRAIN: Chunk (0.0, 10.0): Using BOX collision (distance: 11.00)
[22:16:32] TERRAIN: Chunk created successfully: (0.0, 10.0) at world pos (0.0, 0.0, 320.0) (total chunks: 309)
[22:16:32] TERRAIN: Creating chunk: (10.0, 0.0) at distance 10.05
[22:16:32] TERRAIN: Chunk (10.0, 0.0): Using BOX collision (distance: 10.05)
[22:16:32] TERRAIN: Chunk created successfully: (10.0, 0.0) at world pos (320.0, 0.0, 0.0) (total chunks: 310)
[22:16:32] TERRAIN: Creating chunk: (6.0, -8.0) at distance 9.22
[22:16:32] TERRAIN: Chunk (6.0, -8.0): Using BOX collision (distance: 9.22)
[22:16:32] TERRAIN: Chunk created successfully: (6.0, -8.0) at world pos (192.0, 0.0, -256.0) (total chunks: 311)
[22:16:32] TERRAIN: Creating chunk: (-6.0, -8.0) at distance 9.22
[22:16:32] TERRAIN: Chunk (-6.0, -8.0): Using BOX collision (distance: 9.22)
[22:16:32] TERRAIN: Chunk created successfully: (-6.0, -8.0) at world pos (-192.0, 0.0, -256.0) (total chunks: 312)
[22:16:32] TERRAIN: Creating chunk: (8.0, -6.0) at distance 9.43
[22:16:32] TERRAIN: Chunk (8.0, -6.0): Using BOX collision (distance: 9.43)
[22:16:32] TERRAIN: Chunk created successfully: (8.0, -6.0) at world pos (256.0, 0.0, -192.0) (total chunks: 313)
[22:16:32] TERRAIN: Creating chunk: (-8.0, 6.0) at distance 10.63
[22:16:32] TERRAIN: Chunk (-8.0, 6.0): Using BOX collision (distance: 10.63)
[22:16:32] TERRAIN: Chunk created successfully: (-8.0, 6.0) at world pos (-256.0, 0.0, 192.0) (total chunks: 314)
[22:16:32] TERRAIN: Creating chunk: (6.0, 8.0) at distance 10.82
[22:16:32] TERRAIN: Chunk (6.0, 8.0): Using BOX collision (distance: 10.82)
[22:16:32] TERRAIN: Chunk created successfully: (6.0, 8.0) at world pos (192.0, 0.0, 256.0) (total chunks: 315)
[22:16:32] TERRAIN: Creating chunk: (-10.0, 0.0) at distance 10.05
[22:16:32] TERRAIN: Chunk (-10.0, 0.0): Using BOX collision (distance: 10.05)
[22:16:32] TERRAIN: Chunk created successfully: (-10.0, 0.0) at world pos (-320.0, 0.0, 0.0) (total chunks: 316)
[22:16:32] TERRAIN: Creating chunk: (-6.0, 8.0) at distance 10.82
[22:16:32] TERRAIN: Chunk (-6.0, 8.0): Using BOX collision (distance: 10.82)
[22:16:32] TERRAIN: Chunk created successfully: (-6.0, 8.0) at world pos (-192.0, 0.0, 256.0) (total chunks: 317)
[22:16:32] TERRAIN: Creating chunk: (10.0, 1.0) at distance 10.20
[22:16:32] TERRAIN: Chunk (10.0, 1.0): Using BOX collision (distance: 10.20)
[22:16:32] TERRAIN: Chunk created successfully: (10.0, 1.0) at world pos (320.0, 0.0, 32.0) (total chunks: 318)
[22:16:32] TERRAIN: Creating chunk: (10.0, -1.0) at distance 10.00
[22:16:32] TERRAIN: Chunk (10.0, -1.0): Using BOX collision (distance: 10.00)
[22:16:32] TERRAIN: Chunk created successfully: (10.0, -1.0) at world pos (320.0, 0.0, -32.0) (total chunks: 319)
[22:16:32] TERRAIN: Creating chunk: (-1.0, -10.0) at distance 9.06
[22:16:32] TERRAIN: Chunk (-1.0, -10.0): Using BOX collision (distance: 9.06)
[22:16:32] TERRAIN: Chunk created successfully: (-1.0, -10.0) at world pos (-32.0, 0.0, -320.0) (total chunks: 320)
[22:16:32] TERRAIN: Creating chunk: (1.0, -10.0) at distance 9.06
[22:16:32] TERRAIN: Chunk (1.0, -10.0): Using BOX collision (distance: 9.06)
[22:16:32] TERRAIN: Chunk created successfully: (1.0, -10.0) at world pos (32.0, 0.0, -320.0) (total chunks: 321)
[22:16:32] TERRAIN: Creating chunk: (-1.0, 10.0) at distance 11.05
[22:16:32] TERRAIN: Chunk (-1.0, 10.0): Using BOX collision (distance: 11.05)
[22:16:32] TERRAIN: Chunk created successfully: (-1.0, 10.0) at world pos (-32.0, 0.0, 320.0) (total chunks: 322)
[22:16:32] TERRAIN: Creating chunk: (1.0, 10.0) at distance 11.05
[22:16:32] TERRAIN: Chunk (1.0, 10.0): Using BOX collision (distance: 11.05)
[22:16:32] TERRAIN: Chunk created successfully: (1.0, 10.0) at world pos (32.0, 0.0, 320.0) (total chunks: 323)
[22:16:32] TERRAIN: Creating chunk: (-10.0, -1.0) at distance 10.00
[22:16:32] TERRAIN: Chunk (-10.0, -1.0): Using BOX collision (distance: 10.00)
[22:16:32] TERRAIN: Chunk created successfully: (-10.0, -1.0) at world pos (-320.0, 0.0, -32.0) (total chunks: 324)
[22:16:32] TERRAIN: Creating chunk: (-10.0, 1.0) at distance 10.20
[22:16:32] TERRAIN: Chunk (-10.0, 1.0): Using BOX collision (distance: 10.20)
[22:16:32] TERRAIN: Chunk created successfully: (-10.0, 1.0) at world pos (-320.0, 0.0, 32.0) (total chunks: 325)
[22:16:32] TERRAIN: Creating chunk: (2.0, -10.0) at distance 9.22
[22:16:32] TERRAIN: Chunk (2.0, -10.0): Using BOX collision (distance: 9.22)
[22:16:32] TERRAIN: Chunk created successfully: (2.0, -10.0) at world pos (64.0, 0.0, -320.0) (total chunks: 326)
[22:16:32] TERRAIN: Creating chunk: (-10.0, -2.0) at distance 10.05
[22:16:32] TERRAIN: Chunk (-10.0, -2.0): Using BOX collision (distance: 10.05)
[22:16:32] TERRAIN: Chunk created successfully: (-10.0, -2.0) at world pos (-320.0, 0.0, -64.0) (total chunks: 327)
[22:16:32] TERRAIN: Creating chunk: (10.0, -2.0) at distance 10.05
[22:16:32] TERRAIN: Chunk (10.0, -2.0): Using BOX collision (distance: 10.05)
[22:16:32] TERRAIN: Chunk created successfully: (10.0, -2.0) at world pos (320.0, 0.0, -64.0) (total chunks: 328)
[22:16:32] TERRAIN: Creating chunk: (-10.0, 2.0) at distance 10.44
[22:16:32] TERRAIN: Chunk (-10.0, 2.0): Using BOX collision (distance: 10.44)
[22:16:32] TERRAIN: Chunk created successfully: (-10.0, 2.0) at world pos (-320.0, 0.0, 64.0) (total chunks: 329)
[22:16:32] TERRAIN: Creating chunk: (10.0, 2.0) at distance 10.44
[22:16:32] TERRAIN: Chunk (10.0, 2.0): Using BOX collision (distance: 10.44)
[22:16:32] TERRAIN: Chunk created successfully: (10.0, 2.0) at world pos (320.0, 0.0, 64.0) (total chunks: 330)
[22:16:32] TERRAIN: Creating chunk: (-2.0, 10.0) at distance 11.18
[22:16:32] TERRAIN: Chunk (-2.0, 10.0): Using BOX collision (distance: 11.18)
[22:16:32] TERRAIN: Chunk created successfully: (-2.0, 10.0) at world pos (-64.0, 0.0, 320.0) (total chunks: 331)
[22:16:32] TERRAIN: Creating chunk: (2.0, 10.0) at distance 11.18
[22:16:32] TERRAIN: Chunk (2.0, 10.0): Using BOX collision (distance: 11.18)
[22:16:32] TERRAIN: Chunk created successfully: (2.0, 10.0) at world pos (64.0, 0.0, 320.0) (total chunks: 332)
[22:16:32] TERRAIN: Creating chunk: (-2.0, -10.0) at distance 9.22
[22:16:32] TERRAIN: Chunk (-2.0, -10.0): Using BOX collision (distance: 9.22)
[22:16:32] TERRAIN: Chunk created successfully: (-2.0, -10.0) at world pos (-64.0, 0.0, -320.0) (total chunks: 333)
[22:16:32] TERRAIN: Creating chunk: (5.0, -9.0) at distance 9.43
[22:16:32] TERRAIN: Chunk (5.0, -9.0): Using BOX collision (distance: 9.43)
[22:16:32] TERRAIN: Chunk created successfully: (5.0, -9.0) at world pos (160.0, 0.0, -288.0) (total chunks: 334)
[22:16:32] TERRAIN: Creating chunk: (5.0, 9.0) at distance 11.18
[22:16:32] TERRAIN: Chunk (5.0, 9.0): Using BOX collision (distance: 11.18)
[22:16:32] TERRAIN: Chunk created successfully: (5.0, 9.0) at world pos (160.0, 0.0, 288.0) (total chunks: 335)
[22:16:32] TERRAIN: Creating chunk: (9.0, -5.0) at distance 9.85
[22:16:32] TERRAIN: Chunk (9.0, -5.0): Using BOX collision (distance: 9.85)
[22:16:32] TERRAIN: Chunk created successfully: (9.0, -5.0) at world pos (288.0, 0.0, -160.0) (total chunks: 336)
[22:16:32] TERRAIN: Creating chunk: (-5.0, 9.0) at distance 11.18
[22:16:32] TERRAIN: Chunk (-5.0, 9.0): Using BOX collision (distance: 11.18)
[22:16:32] TERRAIN: Chunk created successfully: (-5.0, 9.0) at world pos (-160.0, 0.0, 288.0) (total chunks: 337)
[22:16:32] TERRAIN: Creating chunk: (-9.0, -5.0) at distance 9.85
[22:16:32] TERRAIN: Chunk (-9.0, -5.0): Using BOX collision (distance: 9.85)
[22:16:32] TERRAIN: Chunk created successfully: (-9.0, -5.0) at world pos (-288.0, 0.0, -160.0) (total chunks: 338)
[22:16:32] TERRAIN: Creating chunk: (-9.0, 5.0) at distance 10.82
[22:16:32] TERRAIN: Chunk (-9.0, 5.0): Using BOX collision (distance: 10.82)
[22:16:32] TERRAIN: Chunk created successfully: (-9.0, 5.0) at world pos (-288.0, 0.0, 160.0) (total chunks: 339)
[22:16:32] TERRAIN: Creating chunk: (-5.0, -9.0) at distance 9.43
[22:16:32] TERRAIN: Chunk (-5.0, -9.0): Using BOX collision (distance: 9.43)
[22:16:32] TERRAIN: Chunk created successfully: (-5.0, -9.0) at world pos (-160.0, 0.0, -288.0) (total chunks: 340)
[22:16:32] TERRAIN: Creating chunk: (9.0, 5.0) at distance 10.82
[22:16:32] TERRAIN: Chunk (9.0, 5.0): Using BOX collision (distance: 10.82)
[22:16:32] TERRAIN: Chunk created successfully: (9.0, 5.0) at world pos (288.0, 0.0, 160.0) (total chunks: 341)
[22:16:32] TERRAIN: Creating chunk: (3.0, 10.0) at distance 11.40
[22:16:32] TERRAIN: Chunk (3.0, 10.0): Using BOX collision (distance: 11.40)
[22:16:32] TERRAIN: Chunk created successfully: (3.0, 10.0) at world pos (96.0, 0.0, 320.0) (total chunks: 342)
[22:16:32] TERRAIN: Creating chunk: (-10.0, -3.0) at distance 10.20
[22:16:32] TERRAIN: Chunk (-10.0, -3.0): Using BOX collision (distance: 10.20)
[22:16:32] TERRAIN: Chunk created successfully: (-10.0, -3.0) at world pos (-320.0, 0.0, -96.0) (total chunks: 343)
[22:16:32] TERRAIN: Creating chunk: (-3.0, 10.0) at distance 11.40
[22:16:32] TERRAIN: Chunk (-3.0, 10.0): Using BOX collision (distance: 11.40)
[22:16:32] TERRAIN: Chunk created successfully: (-3.0, 10.0) at world pos (-96.0, 0.0, 320.0) (total chunks: 344)
[22:16:32] TERRAIN: Creating chunk: (3.0, -10.0) at distance 9.49
[22:16:32] TERRAIN: Chunk (3.0, -10.0): Using BOX collision (distance: 9.49)
[22:16:32] TERRAIN: Chunk created successfully: (3.0, -10.0) at world pos (96.0, 0.0, -320.0) (total chunks: 345)
[22:16:32] TERRAIN: Creating chunk: (-3.0, -10.0) at distance 9.49
[22:16:32] TERRAIN: Chunk (-3.0, -10.0): Using BOX collision (distance: 9.49)
[22:16:32] TERRAIN: Chunk created successfully: (-3.0, -10.0) at world pos (-96.0, 0.0, -320.0) (total chunks: 346)
[22:16:32] TERRAIN: Creating chunk: (10.0, 3.0) at distance 10.77
[22:16:32] TERRAIN: Chunk (10.0, 3.0): Using BOX collision (distance: 10.77)
[22:16:32] TERRAIN: Chunk created successfully: (10.0, 3.0) at world pos (320.0, 0.0, 96.0) (total chunks: 347)
[22:16:32] TERRAIN: Creating chunk: (-10.0, 3.0) at distance 10.77
[22:16:32] TERRAIN: Chunk (-10.0, 3.0): Using BOX collision (distance: 10.77)
[22:16:32] TERRAIN: Chunk created successfully: (-10.0, 3.0) at world pos (-320.0, 0.0, 96.0) (total chunks: 348)
[22:16:32] TERRAIN: Creating chunk: (10.0, -3.0) at distance 10.20
[22:16:32] TERRAIN: Chunk (10.0, -3.0): Using BOX collision (distance: 10.20)
[22:16:32] TERRAIN: Chunk created successfully: (10.0, -3.0) at world pos (320.0, 0.0, -96.0) (total chunks: 349)
[22:16:32] TERRAIN: Creating chunk: (7.0, -8.0) at distance 9.90
[22:16:32] TERRAIN: Chunk (7.0, -8.0): Using BOX collision (distance: 9.90)
[22:16:32] TERRAIN: Chunk created successfully: (7.0, -8.0) at world pos (224.0, 0.0, -256.0) (total chunks: 350)
[22:16:32] TERRAIN: Creating chunk: (8.0, 7.0) at distance 11.31
[22:16:32] TERRAIN: Chunk (8.0, 7.0): Using BOX collision (distance: 11.31)
[22:16:32] TERRAIN: Chunk created successfully: (8.0, 7.0) at world pos (256.0, 0.0, 224.0) (total chunks: 351)
[22:16:32] TERRAIN: Creating chunk: (-8.0, 7.0) at distance 11.31
[22:16:32] TERRAIN: Chunk (-8.0, 7.0): Using BOX collision (distance: 11.31)
[22:16:32] TERRAIN: Chunk created successfully: (-8.0, 7.0) at world pos (-256.0, 0.0, 224.0) (total chunks: 352)
[22:16:32] TERRAIN: Creating chunk: (-7.0, -8.0) at distance 9.90
[22:16:32] TERRAIN: Chunk (-7.0, -8.0): Using BOX collision (distance: 9.90)
[22:16:32] TERRAIN: Chunk created successfully: (-7.0, -8.0) at world pos (-224.0, 0.0, -256.0) (total chunks: 353)
[22:16:32] TERRAIN: Creating chunk: (-7.0, 8.0) at distance 11.40
[22:16:32] TERRAIN: Chunk (-7.0, 8.0): Using BOX collision (distance: 11.40)
[22:16:32] TERRAIN: Chunk created successfully: (-7.0, 8.0) at world pos (-224.0, 0.0, 256.0) (total chunks: 354)
[22:16:32] TERRAIN: Creating chunk: (7.0, 8.0) at distance 11.40
[22:16:32] TERRAIN: Chunk (7.0, 8.0): Using BOX collision (distance: 11.40)
[22:16:32] TERRAIN: Chunk created successfully: (7.0, 8.0) at world pos (224.0, 0.0, 256.0) (total chunks: 355)
[22:16:32] TERRAIN: Creating chunk: (8.0, -7.0) at distance 10.00
[22:16:32] TERRAIN: Chunk (8.0, -7.0): Using BOX collision (distance: 10.00)
[22:16:32] TERRAIN: Chunk created successfully: (8.0, -7.0) at world pos (256.0, 0.0, -224.0) (total chunks: 356)
[22:16:32] TERRAIN: Creating chunk: (-8.0, -7.0) at distance 10.00
[22:16:32] TERRAIN: Chunk (-8.0, -7.0): Using BOX collision (distance: 10.00)
[22:16:32] TERRAIN: Chunk created successfully: (-8.0, -7.0) at world pos (-256.0, 0.0, -224.0) (total chunks: 357)
[22:16:32] TERRAIN: Creating chunk: (4.0, 10.0) at distance 11.70
[22:16:32] TERRAIN: Chunk (4.0, 10.0): Using BOX collision (distance: 11.70)
[22:16:32] TERRAIN: Chunk created successfully: (4.0, 10.0) at world pos (128.0, 0.0, 320.0) (total chunks: 358)
[22:16:32] TERRAIN: Creating chunk: (4.0, -10.0) at distance 9.85
[22:16:32] TERRAIN: Chunk (4.0, -10.0): Using BOX collision (distance: 9.85)
[22:16:32] TERRAIN: Chunk created successfully: (4.0, -10.0) at world pos (128.0, 0.0, -320.0) (total chunks: 359)
[22:16:32] TERRAIN: Creating chunk: (-4.0, 10.0) at distance 11.70
[22:16:32] TERRAIN: Chunk (-4.0, 10.0): Using BOX collision (distance: 11.70)
[22:16:32] TERRAIN: Chunk created successfully: (-4.0, 10.0) at world pos (-128.0, 0.0, 320.0) (total chunks: 360)
[22:16:32] TERRAIN: Creating chunk: (-4.0, -10.0) at distance 9.85
[22:16:32] TERRAIN: Chunk (-4.0, -10.0): Using BOX collision (distance: 9.85)
[22:16:32] TERRAIN: Chunk created successfully: (-4.0, -10.0) at world pos (-128.0, 0.0, -320.0) (total chunks: 361)
[22:16:32] TERRAIN: Creating chunk: (10.0, -4.0) at distance 10.44
[22:16:32] TERRAIN: Chunk (10.0, -4.0): Using BOX collision (distance: 10.44)
[22:16:32] TERRAIN: Chunk created successfully: (10.0, -4.0) at world pos (320.0, 0.0, -128.0) (total chunks: 362)
[22:16:32] TERRAIN: Creating chunk: (10.0, 4.0) at distance 11.18
[22:16:32] TERRAIN: Chunk (10.0, 4.0): Using BOX collision (distance: 11.18)
[22:16:32] TERRAIN: Chunk created successfully: (10.0, 4.0) at world pos (320.0, 0.0, 128.0) (total chunks: 363)
[22:16:32] TERRAIN: Creating chunk: (-10.0, 4.0) at distance 11.18
[22:16:32] TERRAIN: Chunk (-10.0, 4.0): Using BOX collision (distance: 11.18)
[22:16:32] TERRAIN: Chunk created successfully: (-10.0, 4.0) at world pos (-320.0, 0.0, 128.0) (total chunks: 364)
[22:16:32] TERRAIN: Creating chunk: (-10.0, -4.0) at distance 10.44
[22:16:32] TERRAIN: Chunk (-10.0, -4.0): Using BOX collision (distance: 10.44)
[22:16:32] TERRAIN: Chunk created successfully: (-10.0, -4.0) at world pos (-320.0, 0.0, -128.0) (total chunks: 365)
[22:16:32] TERRAIN: Creating chunk: (-6.0, 9.0) at distance 11.66
[22:16:32] TERRAIN: Chunk (-6.0, 9.0): Using BOX collision (distance: 11.66)
[22:16:32] TERRAIN: Chunk created successfully: (-6.0, 9.0) at world pos (-192.0, 0.0, 288.0) (total chunks: 366)
[22:16:32] TERRAIN: Creating chunk: (-6.0, -9.0) at distance 10.00
[22:16:32] TERRAIN: Chunk (-6.0, -9.0): Using BOX collision (distance: 10.00)
[22:16:32] TERRAIN: Chunk created successfully: (-6.0, -9.0) at world pos (-192.0, 0.0, -288.0) (total chunks: 367)
[22:16:32] TERRAIN: Creating chunk: (6.0, 9.0) at distance 11.66
[22:16:32] TERRAIN: Chunk (6.0, 9.0): Using BOX collision (distance: 11.66)
[22:16:32] TERRAIN: Chunk created successfully: (6.0, 9.0) at world pos (192.0, 0.0, 288.0) (total chunks: 368)
[22:16:32] TERRAIN: Creating chunk: (-9.0, 6.0) at distance 11.40
[22:16:32] TERRAIN: Chunk (-9.0, 6.0): Using BOX collision (distance: 11.40)
[22:16:32] TERRAIN: Chunk created successfully: (-9.0, 6.0) at world pos (-288.0, 0.0, 192.0) (total chunks: 369)
[22:16:32] TERRAIN: Creating chunk: (-9.0, -6.0) at distance 10.30
[22:16:32] TERRAIN: Chunk (-9.0, -6.0): Using BOX collision (distance: 10.30)
[22:16:32] TERRAIN: Chunk created successfully: (-9.0, -6.0) at world pos (-288.0, 0.0, -192.0) (total chunks: 370)
[22:16:32] TERRAIN: Creating chunk: (6.0, -9.0) at distance 10.00
[22:16:32] TERRAIN: Chunk (6.0, -9.0): Using BOX collision (distance: 10.00)
[22:16:32] TERRAIN: Chunk created successfully: (6.0, -9.0) at world pos (192.0, 0.0, -288.0) (total chunks: 371)
[22:16:32] TERRAIN: Creating chunk: (9.0, -6.0) at distance 10.30
[22:16:32] TERRAIN: Chunk (9.0, -6.0): Using BOX collision (distance: 10.30)
[22:16:32] TERRAIN: Chunk created successfully: (9.0, -6.0) at world pos (288.0, 0.0, -192.0) (total chunks: 372)
[22:16:32] TERRAIN: Creating chunk: (9.0, 6.0) at distance 11.40
[22:16:32] TERRAIN: Chunk (9.0, 6.0): Using BOX collision (distance: 11.40)
[22:16:32] TERRAIN: Chunk created successfully: (9.0, 6.0) at world pos (288.0, 0.0, 192.0) (total chunks: 373)
[22:16:32] TERRAIN: Creating chunk: (0.0, -11.0) at distance 10.00
[22:16:32] TERRAIN: Chunk (0.0, -11.0): Using BOX collision (distance: 10.00)
[22:16:32] TERRAIN: Chunk created successfully: (0.0, -11.0) at world pos (0.0, 0.0, -352.0) (total chunks: 374)
[22:16:32] TERRAIN: Creating chunk: (-11.0, 0.0) at distance 11.05
[22:16:32] TERRAIN: Chunk (-11.0, 0.0): Using BOX collision (distance: 11.05)
[22:16:32] TERRAIN: Chunk created successfully: (-11.0, 0.0) at world pos (-352.0, 0.0, 0.0) (total chunks: 375)
[22:16:32] TERRAIN: Creating chunk: (0.0, 11.0) at distance 12.00
[22:16:32] TERRAIN: Chunk (0.0, 11.0): Using BOX collision (distance: 12.00)
[22:16:32] TERRAIN: Chunk created successfully: (0.0, 11.0) at world pos (0.0, 0.0, 352.0) (total chunks: 376)
[22:16:32] TERRAIN: Creating chunk: (11.0, 0.0) at distance 11.05
[22:16:32] TERRAIN: Chunk (11.0, 0.0): Using BOX collision (distance: 11.05)
[22:16:32] TERRAIN: Chunk created successfully: (11.0, 0.0) at world pos (352.0, 0.0, 0.0) (total chunks: 377)
[22:16:32] TERRAIN: Creating chunk: (-1.0, 11.0) at distance 12.04
[22:16:32] TERRAIN: Chunk (-1.0, 11.0): Using BOX collision (distance: 12.04)
[22:16:32] TERRAIN: Chunk created successfully: (-1.0, 11.0) at world pos (-32.0, 0.0, 352.0) (total chunks: 378)
[22:16:32] TERRAIN: Creating chunk: (-11.0, 1.0) at distance 11.18
[22:16:32] TERRAIN: Chunk (-11.0, 1.0): Using BOX collision (distance: 11.18)
[22:16:32] TERRAIN: Chunk created successfully: (-11.0, 1.0) at world pos (-352.0, 0.0, 32.0) (total chunks: 379)
[22:16:32] TERRAIN: Creating chunk: (-1.0, -11.0) at distance 10.05
[22:16:32] TERRAIN: Chunk (-1.0, -11.0): Using BOX collision (distance: 10.05)
[22:16:32] TERRAIN: Chunk created successfully: (-1.0, -11.0) at world pos (-32.0, 0.0, -352.0) (total chunks: 380)
[22:16:32] TERRAIN: Creating chunk: (11.0, -1.0) at distance 11.00
[22:16:32] TERRAIN: Chunk (11.0, -1.0): Using BOX collision (distance: 11.00)
[22:16:32] TERRAIN: Chunk created successfully: (11.0, -1.0) at world pos (352.0, 0.0, -32.0) (total chunks: 381)
[22:16:32] TERRAIN: Creating chunk: (-11.0, -1.0) at distance 11.00
[22:16:32] TERRAIN: Chunk (-11.0, -1.0): Using BOX collision (distance: 11.00)
[22:16:32] TERRAIN: Chunk created successfully: (-11.0, -1.0) at world pos (-352.0, 0.0, -32.0) (total chunks: 382)
[22:16:32] TERRAIN: Creating chunk: (1.0, -11.0) at distance 10.05
[22:16:32] TERRAIN: Chunk (1.0, -11.0): Using BOX collision (distance: 10.05)
[22:16:32] TERRAIN: Chunk created successfully: (1.0, -11.0) at world pos (32.0, 0.0, -352.0) (total chunks: 383)
[22:16:32] TERRAIN: Creating chunk: (11.0, 1.0) at distance 11.18
[22:16:32] TERRAIN: Chunk (11.0, 1.0): Using BOX collision (distance: 11.18)
[22:16:32] TERRAIN: Chunk created successfully: (11.0, 1.0) at world pos (352.0, 0.0, 32.0) (total chunks: 384)
[22:16:32] TERRAIN: Creating chunk: (1.0, 11.0) at distance 12.04
[22:16:32] TERRAIN: Chunk (1.0, 11.0): Using BOX collision (distance: 12.04)
[22:16:32] TERRAIN: Chunk created successfully: (1.0, 11.0) at world pos (32.0, 0.0, 352.0) (total chunks: 385)
[22:16:32] TERRAIN: Creating chunk: (10.0, 5.0) at distance 11.66
[22:16:32] TERRAIN: Chunk (10.0, 5.0): Using BOX collision (distance: 11.66)
[22:16:32] TERRAIN: Chunk created successfully: (10.0, 5.0) at world pos (320.0, 0.0, 160.0) (total chunks: 386)
[22:16:32] TERRAIN: Creating chunk: (-5.0, -10.0) at distance 10.30
[22:16:32] TERRAIN: Chunk (-5.0, -10.0): Using BOX collision (distance: 10.30)
[22:16:32] TERRAIN: Chunk created successfully: (-5.0, -10.0) at world pos (-160.0, 0.0, -320.0) (total chunks: 387)
[22:16:32] TERRAIN: Creating chunk: (-2.0, -11.0) at distance 10.20
[22:16:32] TERRAIN: Chunk (-2.0, -11.0): Using BOX collision (distance: 10.20)
[22:16:32] TERRAIN: Chunk created successfully: (-2.0, -11.0) at world pos (-64.0, 0.0, -352.0) (total chunks: 388)
[22:16:32] TERRAIN: Creating chunk: (-10.0, -5.0) at distance 10.77
[22:16:32] TERRAIN: Chunk (-10.0, -5.0): Using BOX collision (distance: 10.77)
[22:16:32] TERRAIN: Chunk created successfully: (-10.0, -5.0) at world pos (-320.0, 0.0, -160.0) (total chunks: 389)
[22:16:32] TERRAIN: Creating chunk: (5.0, 10.0) at distance 12.08
[22:16:32] TERRAIN: Chunk (5.0, 10.0): Using BOX collision (distance: 12.08)
[22:16:32] TERRAIN: Chunk created successfully: (5.0, 10.0) at world pos (160.0, 0.0, 320.0) (total chunks: 390)
[22:16:32] TERRAIN: Creating chunk: (10.0, -5.0) at distance 10.77
[22:16:32] TERRAIN: Chunk (10.0, -5.0): Using BOX collision (distance: 10.77)
[22:16:32] TERRAIN: Chunk created successfully: (10.0, -5.0) at world pos (320.0, 0.0, -160.0) (total chunks: 391)
[22:16:32] TERRAIN: Creating chunk: (-10.0, 5.0) at distance 11.66
[22:16:32] TERRAIN: Chunk (-10.0, 5.0): Using BOX collision (distance: 11.66)
[22:16:32] TERRAIN: Chunk created successfully: (-10.0, 5.0) at world pos (-320.0, 0.0, 160.0) (total chunks: 392)
[22:16:32] TERRAIN: Creating chunk: (11.0, 2.0) at distance 11.40
[22:16:32] TERRAIN: Chunk (11.0, 2.0): Using BOX collision (distance: 11.40)
[22:16:32] TERRAIN: Chunk created successfully: (11.0, 2.0) at world pos (352.0, 0.0, 64.0) (total chunks: 393)
[22:16:32] TERRAIN: Creating chunk: (-5.0, 10.0) at distance 12.08
[22:16:32] TERRAIN: Chunk (-5.0, 10.0): Using BOX collision (distance: 12.08)
[22:16:32] TERRAIN: Chunk created successfully: (-5.0, 10.0) at world pos (-160.0, 0.0, 320.0) (total chunks: 394)
[22:16:32] TERRAIN: Creating chunk: (5.0, -10.0) at distance 10.30
[22:16:32] TERRAIN: Chunk (5.0, -10.0): Using BOX collision (distance: 10.30)
[22:16:32] TERRAIN: Chunk created successfully: (5.0, -10.0) at world pos (160.0, 0.0, -320.0) (total chunks: 395)
[22:16:32] TERRAIN: Creating chunk: (2.0, -11.0) at distance 10.20
[22:16:32] TERRAIN: Chunk (2.0, -11.0): Using BOX collision (distance: 10.20)
[22:16:32] TERRAIN: Chunk created successfully: (2.0, -11.0) at world pos (64.0, 0.0, -352.0) (total chunks: 396)
[22:16:32] TERRAIN: Creating chunk: (11.0, -2.0) at distance 11.05
[22:16:32] TERRAIN: Chunk (11.0, -2.0): Using BOX collision (distance: 11.05)
[22:16:32] TERRAIN: Chunk created successfully: (11.0, -2.0) at world pos (352.0, 0.0, -64.0) (total chunks: 397)
[22:16:32] TERRAIN: Creating chunk: (2.0, 11.0) at distance 12.17
[22:16:32] TERRAIN: Chunk (2.0, 11.0): Using BOX collision (distance: 12.17)
[22:16:32] TERRAIN: Chunk created successfully: (2.0, 11.0) at world pos (64.0, 0.0, 352.0) (total chunks: 398)
[22:16:32] TERRAIN: Creating chunk: (-2.0, 11.0) at distance 12.17
[22:16:32] TERRAIN: Chunk (-2.0, 11.0): Using BOX collision (distance: 12.17)
[22:16:32] TERRAIN: Chunk created successfully: (-2.0, 11.0) at world pos (-64.0, 0.0, 352.0) (total chunks: 399)
[22:16:32] TERRAIN: Creating chunk: (-11.0, 2.0) at distance 11.40
[22:16:32] TERRAIN: Chunk (-11.0, 2.0): Using BOX collision (distance: 11.40)
[22:16:32] TERRAIN: Chunk created successfully: (-11.0, 2.0) at world pos (-352.0, 0.0, 64.0) (total chunks: 400)
[22:16:32] TERRAIN: Creating chunk: (-11.0, -2.0) at distance 11.05
[22:16:32] TERRAIN: Chunk (-11.0, -2.0): Using BOX collision (distance: 11.05)
[22:16:32] TERRAIN: Chunk created successfully: (-11.0, -2.0) at world pos (-352.0, 0.0, -64.0) (total chunks: 401)
[22:16:32] TERRAIN: Creating chunk: (8.0, -8.0) at distance 10.63
[22:16:32] TERRAIN: Chunk (8.0, -8.0): Using BOX collision (distance: 10.63)
[22:16:32] TERRAIN: Chunk created successfully: (8.0, -8.0) at world pos (256.0, 0.0, -256.0) (total chunks: 402)
[22:16:32] TERRAIN: Creating chunk: (8.0, 8.0) at distance 12.04
[22:16:32] TERRAIN: Chunk (8.0, 8.0): Using BOX collision (distance: 12.04)
[22:16:32] TERRAIN: Chunk created successfully: (8.0, 8.0) at world pos (256.0, 0.0, 256.0) (total chunks: 403)
[22:16:32] TERRAIN: Creating chunk: (-8.0, -8.0) at distance 10.63
[22:16:32] TERRAIN: Chunk (-8.0, -8.0): Using BOX collision (distance: 10.63)
[22:16:32] TERRAIN: Chunk created successfully: (-8.0, -8.0) at world pos (-256.0, 0.0, -256.0) (total chunks: 404)
[22:16:32] TERRAIN: Creating chunk: (-8.0, 8.0) at distance 12.04
[22:16:32] TERRAIN: Chunk (-8.0, 8.0): Using BOX collision (distance: 12.04)
[22:16:32] TERRAIN: Chunk created successfully: (-8.0, 8.0) at world pos (-256.0, 0.0, 256.0) (total chunks: 405)
[22:16:32] TERRAIN: Creating chunk: (11.0, -3.0) at distance 11.18
[22:16:32] TERRAIN: Chunk (11.0, -3.0): Using BOX collision (distance: 11.18)
[22:16:32] TERRAIN: Chunk created successfully: (11.0, -3.0) at world pos (352.0, 0.0, -96.0) (total chunks: 406)
[22:16:32] TERRAIN: Creating chunk: (-9.0, 7.0) at distance 12.04
[22:16:32] TERRAIN: Chunk (-9.0, 7.0): Using BOX collision (distance: 12.04)
[22:16:32] TERRAIN: Chunk created successfully: (-9.0, 7.0) at world pos (-288.0, 0.0, 224.0) (total chunks: 407)
[22:16:32] TERRAIN: Creating chunk: (7.0, -9.0) at distance 10.63
[22:16:32] TERRAIN: Chunk (7.0, -9.0): Using BOX collision (distance: 10.63)
[22:16:32] TERRAIN: Chunk created successfully: (7.0, -9.0) at world pos (224.0, 0.0, -288.0) (total chunks: 408)
[22:16:32] TERRAIN: Creating chunk: (11.0, 3.0) at distance 11.70
[22:16:32] TERRAIN: Chunk (11.0, 3.0): Using BOX collision (distance: 11.70)
[22:16:32] TERRAIN: Chunk created successfully: (11.0, 3.0) at world pos (352.0, 0.0, 96.0) (total chunks: 409)
[22:16:32] TERRAIN: Creating chunk: (-3.0, -11.0) at distance 10.44
[22:16:32] TERRAIN: Chunk (-3.0, -11.0): Using BOX collision (distance: 10.44)
[22:16:32] TERRAIN: Chunk created successfully: (-3.0, -11.0) at world pos (-96.0, 0.0, -352.0) (total chunks: 410)
[22:16:32] TERRAIN: Creating chunk: (-9.0, -7.0) at distance 10.82
[22:16:32] TERRAIN: Chunk (-9.0, -7.0): Using BOX collision (distance: 10.82)
[22:16:32] TERRAIN: Chunk created successfully: (-9.0, -7.0) at world pos (-288.0, 0.0, -224.0) (total chunks: 411)
[22:16:32] TERRAIN: Creating chunk: (-11.0, 3.0) at distance 11.70
[22:16:32] TERRAIN: Chunk (-11.0, 3.0): Using BOX collision (distance: 11.70)
[22:16:32] TERRAIN: Chunk created successfully: (-11.0, 3.0) at world pos (-352.0, 0.0, 96.0) (total chunks: 412)
[22:16:32] TERRAIN: Creating chunk: (7.0, 9.0) at distance 12.21
[22:16:32] TERRAIN: Chunk (7.0, 9.0): Using BOX collision (distance: 12.21)
[22:16:32] TERRAIN: Chunk created successfully: (7.0, 9.0) at world pos (224.0, 0.0, 288.0) (total chunks: 413)
[22:16:32] TERRAIN: Creating chunk: (3.0, -11.0) at distance 10.44
[22:16:32] TERRAIN: Chunk (3.0, -11.0): Using BOX collision (distance: 10.44)
[22:16:32] TERRAIN: Chunk created successfully: (3.0, -11.0) at world pos (96.0, 0.0, -352.0) (total chunks: 414)
[22:16:32] TERRAIN: Creating chunk: (3.0, 11.0) at distance 12.37
[22:16:32] TERRAIN: Chunk (3.0, 11.0): Using BOX collision (distance: 12.37)
[22:16:32] TERRAIN: Chunk created successfully: (3.0, 11.0) at world pos (96.0, 0.0, 352.0) (total chunks: 415)
[22:16:32] TERRAIN: Creating chunk: (-11.0, -3.0) at distance 11.18
[22:16:32] TERRAIN: Chunk (-11.0, -3.0): Using BOX collision (distance: 11.18)
[22:16:32] TERRAIN: Chunk created successfully: (-11.0, -3.0) at world pos (-352.0, 0.0, -96.0) (total chunks: 416)
[22:16:32] TERRAIN: Creating chunk: (-7.0, -9.0) at distance 10.63
[22:16:32] TERRAIN: Chunk (-7.0, -9.0): Using BOX collision (distance: 10.63)
[22:16:32] TERRAIN: Chunk created successfully: (-7.0, -9.0) at world pos (-224.0, 0.0, -288.0) (total chunks: 417)
[22:16:32] TERRAIN: Creating chunk: (9.0, -7.0) at distance 10.82
[22:16:32] TERRAIN: Chunk (9.0, -7.0): Using BOX collision (distance: 10.82)
[22:16:32] TERRAIN: Chunk created successfully: (9.0, -7.0) at world pos (288.0, 0.0, -224.0) (total chunks: 418)
[22:16:32] TERRAIN: Creating chunk: (-3.0, 11.0) at distance 12.37
[22:16:32] TERRAIN: Chunk (-3.0, 11.0): Using BOX collision (distance: 12.37)
[22:16:32] TERRAIN: Chunk created successfully: (-3.0, 11.0) at world pos (-96.0, 0.0, 352.0) (total chunks: 419)
[22:16:32] TERRAIN: Creating chunk: (9.0, 7.0) at distance 12.04
[22:16:32] TERRAIN: Chunk (9.0, 7.0): Using BOX collision (distance: 12.04)
[22:16:32] TERRAIN: Chunk created successfully: (9.0, 7.0) at world pos (288.0, 0.0, 224.0) (total chunks: 420)
[22:16:32] TERRAIN: Creating chunk: (-7.0, 9.0) at distance 12.21
[22:16:32] TERRAIN: Chunk (-7.0, 9.0): Using BOX collision (distance: 12.21)
[22:16:32] TERRAIN: Chunk created successfully: (-7.0, 9.0) at world pos (-224.0, 0.0, 288.0) (total chunks: 421)
[22:16:32] TERRAIN: Creating chunk: (6.0, -10.0) at distance 10.82
[22:16:32] TERRAIN: Chunk (6.0, -10.0): Using BOX collision (distance: 10.82)
[22:16:32] TERRAIN: Chunk created successfully: (6.0, -10.0) at world pos (192.0, 0.0, -320.0) (total chunks: 422)
[22:16:32] TERRAIN: Creating chunk: (-6.0, 10.0) at distance 12.53
[22:16:32] TERRAIN: Chunk (-6.0, 10.0): Using BOX collision (distance: 12.53)
[22:16:32] TERRAIN: Chunk created successfully: (-6.0, 10.0) at world pos (-192.0, 0.0, 320.0) (total chunks: 423)
[22:16:32] TERRAIN: Creating chunk: (-6.0, -10.0) at distance 10.82
[22:16:32] TERRAIN: Chunk (-6.0, -10.0): Using BOX collision (distance: 10.82)
[22:16:32] TERRAIN: Chunk created successfully: (-6.0, -10.0) at world pos (-192.0, 0.0, -320.0) (total chunks: 424)
[22:16:32] TERRAIN: Creating chunk: (-10.0, 6.0) at distance 12.21
[22:16:32] TERRAIN: Chunk (-10.0, 6.0): Using BOX collision (distance: 12.21)
[22:16:32] TERRAIN: Chunk created successfully: (-10.0, 6.0) at world pos (-320.0, 0.0, 192.0) (total chunks: 425)
[22:16:32] TERRAIN: Creating chunk: (6.0, 10.0) at distance 12.53
[22:16:32] TERRAIN: Chunk (6.0, 10.0): Using BOX collision (distance: 12.53)
[22:16:32] TERRAIN: Chunk created successfully: (6.0, 10.0) at world pos (192.0, 0.0, 320.0) (total chunks: 426)
[22:16:32] TERRAIN: Creating chunk: (-10.0, -6.0) at distance 11.18
[22:16:32] TERRAIN: Chunk (-10.0, -6.0): Using BOX collision (distance: 11.18)
[22:16:32] TERRAIN: Chunk created successfully: (-10.0, -6.0) at world pos (-320.0, 0.0, -192.0) (total chunks: 427)
[22:16:32] TERRAIN: Creating chunk: (10.0, -6.0) at distance 11.18
[22:16:32] TERRAIN: Chunk (10.0, -6.0): Using BOX collision (distance: 11.18)
[22:16:32] TERRAIN: Chunk created successfully: (10.0, -6.0) at world pos (320.0, 0.0, -192.0) (total chunks: 428)
[22:16:32] TERRAIN: Creating chunk: (10.0, 6.0) at distance 12.21
[22:16:32] TERRAIN: Chunk (10.0, 6.0): Using BOX collision (distance: 12.21)
[22:16:32] TERRAIN: Chunk created successfully: (10.0, 6.0) at world pos (320.0, 0.0, 192.0) (total chunks: 429)
[22:16:32] TERRAIN: Creating chunk: (-4.0, 11.0) at distance 12.65
[22:16:32] TERRAIN: Chunk (-4.0, 11.0): Using BOX collision (distance: 12.65)
[22:16:32] TERRAIN: Chunk created successfully: (-4.0, 11.0) at world pos (-128.0, 0.0, 352.0) (total chunks: 430)
[22:16:32] TERRAIN: Creating chunk: (-11.0, -4.0) at distance 11.40
[22:16:32] TERRAIN: Chunk (-11.0, -4.0): Using BOX collision (distance: 11.40)
[22:16:32] TERRAIN: Chunk created successfully: (-11.0, -4.0) at world pos (-352.0, 0.0, -128.0) (total chunks: 431)
[22:16:32] TERRAIN: Creating chunk: (-11.0, 4.0) at distance 12.08
[22:16:32] TERRAIN: Chunk (-11.0, 4.0): Using BOX collision (distance: 12.08)
[22:16:32] TERRAIN: Chunk created successfully: (-11.0, 4.0) at world pos (-352.0, 0.0, 128.0) (total chunks: 432)
[22:16:32] TERRAIN: Creating chunk: (11.0, -4.0) at distance 11.40
[22:16:32] TERRAIN: Chunk (11.0, -4.0): Using BOX collision (distance: 11.40)
[22:16:32] TERRAIN: Chunk created successfully: (11.0, -4.0) at world pos (352.0, 0.0, -128.0) (total chunks: 433)
[22:16:32] TERRAIN: Creating chunk: (-4.0, -11.0) at distance 10.77
[22:16:32] TERRAIN: Chunk (-4.0, -11.0): Using BOX collision (distance: 10.77)
[22:16:32] TERRAIN: Chunk created successfully: (-4.0, -11.0) at world pos (-128.0, 0.0, -352.0) (total chunks: 434)
[22:16:32] TERRAIN: Creating chunk: (4.0, 11.0) at distance 12.65
[22:16:32] TERRAIN: Chunk (4.0, 11.0): Using BOX collision (distance: 12.65)
[22:16:32] TERRAIN: Chunk created successfully: (4.0, 11.0) at world pos (128.0, 0.0, 352.0) (total chunks: 435)
[22:16:32] TERRAIN: Creating chunk: (11.0, 4.0) at distance 12.08
[22:16:32] TERRAIN: Chunk (11.0, 4.0): Using BOX collision (distance: 12.08)
[22:16:32] TERRAIN: Chunk created successfully: (11.0, 4.0) at world pos (352.0, 0.0, 128.0) (total chunks: 436)
[22:16:32] TERRAIN: Creating chunk: (4.0, -11.0) at distance 10.77
[22:16:32] TERRAIN: Chunk (4.0, -11.0): Using BOX collision (distance: 10.77)
[22:16:32] TERRAIN: Chunk created successfully: (4.0, -11.0) at world pos (128.0, 0.0, -352.0) (total chunks: 437)
[22:16:32] TERRAIN: Creating chunk: (0.0, 12.0) at distance 13.00
[22:16:32] TERRAIN: Chunk (0.0, 12.0): Using BOX collision (distance: 13.00)
[22:16:32] TERRAIN: Chunk created successfully: (0.0, 12.0) at world pos (0.0, 0.0, 384.0) (total chunks: 438)
[22:16:32] TERRAIN: Creating chunk: (0.0, -12.0) at distance 11.00
[22:16:32] TERRAIN: Chunk (0.0, -12.0): Using BOX collision (distance: 11.00)
[22:16:32] TERRAIN: Chunk created successfully: (0.0, -12.0) at world pos (0.0, 0.0, -384.0) (total chunks: 439)
[22:16:32] TERRAIN: Creating chunk: (-12.0, 0.0) at distance 12.04
[22:16:32] TERRAIN: Chunk (-12.0, 0.0): Using BOX collision (distance: 12.04)
[22:16:32] TERRAIN: Chunk created successfully: (-12.0, 0.0) at world pos (-384.0, 0.0, 0.0) (total chunks: 440)
[22:16:32] TERRAIN: Creating chunk: (12.0, 0.0) at distance 12.04
[22:16:32] TERRAIN: Chunk (12.0, 0.0): Using BOX collision (distance: 12.04)
[22:16:32] TERRAIN: Chunk created successfully: (12.0, 0.0) at world pos (384.0, 0.0, 0.0) (total chunks: 441)
[22:16:32] TERRAIN: Creating chunk: (1.0, 12.0) at distance 13.04
[22:16:32] TERRAIN: Chunk (1.0, 12.0): Using BOX collision (distance: 13.04)
[22:16:32] TERRAIN: Chunk created successfully: (1.0, 12.0) at world pos (32.0, 0.0, 384.0) (total chunks: 442)
[22:16:32] TERRAIN: Creating chunk: (-9.0, -8.0) at distance 11.40
[22:16:32] TERRAIN: Chunk (-9.0, -8.0): Using BOX collision (distance: 11.40)
[22:16:32] TERRAIN: Chunk created successfully: (-9.0, -8.0) at world pos (-288.0, 0.0, -256.0) (total chunks: 443)
[22:16:32] TERRAIN: Creating chunk: (12.0, -1.0) at distance 12.00
[22:16:32] TERRAIN: Chunk (12.0, -1.0): Using BOX collision (distance: 12.00)
[22:16:32] TERRAIN: Chunk created successfully: (12.0, -1.0) at world pos (384.0, 0.0, -32.0) (total chunks: 444)
[22:16:32] TERRAIN: Creating chunk: (-1.0, 12.0) at distance 13.04
[22:16:32] TERRAIN: Chunk (-1.0, 12.0): Using BOX collision (distance: 13.04)
[22:16:32] TERRAIN: Chunk created successfully: (-1.0, 12.0) at world pos (-32.0, 0.0, 384.0) (total chunks: 445)
[22:16:32] TERRAIN: Creating chunk: (8.0, -9.0) at distance 11.31
[22:16:32] TERRAIN: Chunk (8.0, -9.0): Using BOX collision (distance: 11.31)
[22:16:32] TERRAIN: Chunk created successfully: (8.0, -9.0) at world pos (256.0, 0.0, -288.0) (total chunks: 446)
[22:16:32] TERRAIN: Creating chunk: (9.0, -8.0) at distance 11.40
[22:16:32] TERRAIN: Chunk (9.0, -8.0): Using BOX collision (distance: 11.40)
[22:16:32] TERRAIN: Chunk created successfully: (9.0, -8.0) at world pos (288.0, 0.0, -256.0) (total chunks: 447)
[22:16:32] TERRAIN: Creating chunk: (9.0, 8.0) at distance 12.73
[22:16:32] TERRAIN: Chunk (9.0, 8.0): Using BOX collision (distance: 12.73)
[22:16:32] TERRAIN: Chunk created successfully: (9.0, 8.0) at world pos (288.0, 0.0, 256.0) (total chunks: 448)
[22:16:32] TERRAIN: Creating chunk: (8.0, 9.0) at distance 12.81
[22:16:32] TERRAIN: Chunk (8.0, 9.0): Using BOX collision (distance: 12.81)
[22:16:32] TERRAIN: Chunk created successfully: (8.0, 9.0) at world pos (256.0, 0.0, 288.0) (total chunks: 449)
[22:16:32] TERRAIN: Creating chunk: (-8.0, 9.0) at distance 12.81
[22:16:32] TERRAIN: Chunk (-8.0, 9.0): Using BOX collision (distance: 12.81)
[22:16:32] TERRAIN: Chunk created successfully: (-8.0, 9.0) at world pos (-256.0, 0.0, 288.0) (total chunks: 450)
[22:16:32] TERRAIN: Creating chunk: (-1.0, -12.0) at distance 11.05
[22:16:32] TERRAIN: Chunk (-1.0, -12.0): Using BOX collision (distance: 11.05)
[22:16:32] TERRAIN: Chunk created successfully: (-1.0, -12.0) at world pos (-32.0, 0.0, -384.0) (total chunks: 451)
[22:16:32] TERRAIN: Creating chunk: (-9.0, 8.0) at distance 12.73
[22:16:32] TERRAIN: Chunk (-9.0, 8.0): Using BOX collision (distance: 12.73)
[22:16:32] TERRAIN: Chunk created successfully: (-9.0, 8.0) at world pos (-288.0, 0.0, 256.0) (total chunks: 452)
[22:16:32] TERRAIN: Creating chunk: (-8.0, -9.0) at distance 11.31
[22:16:32] TERRAIN: Chunk (-8.0, -9.0): Using BOX collision (distance: 11.31)
[22:16:32] TERRAIN: Chunk created successfully: (-8.0, -9.0) at world pos (-256.0, 0.0, -288.0) (total chunks: 453)
[22:16:32] TERRAIN: Creating chunk: (1.0, -12.0) at distance 11.05
[22:16:32] TERRAIN: Chunk (1.0, -12.0): Using BOX collision (distance: 11.05)
[22:16:32] TERRAIN: Chunk created successfully: (1.0, -12.0) at world pos (32.0, 0.0, -384.0) (total chunks: 454)
[22:16:32] TERRAIN: Creating chunk: (12.0, 1.0) at distance 12.17
[22:16:32] TERRAIN: Chunk (12.0, 1.0): Using BOX collision (distance: 12.17)
[22:16:32] TERRAIN: Chunk created successfully: (12.0, 1.0) at world pos (384.0, 0.0, 32.0) (total chunks: 455)
[22:16:32] TERRAIN: Creating chunk: (-12.0, -1.0) at distance 12.00
[22:16:32] TERRAIN: Chunk (-12.0, -1.0): Using BOX collision (distance: 12.00)
[22:16:32] TERRAIN: Chunk created successfully: (-12.0, -1.0) at world pos (-384.0, 0.0, -32.0) (total chunks: 456)
[22:16:32] TERRAIN: Creating chunk: (-12.0, 1.0) at distance 12.17
[22:16:32] TERRAIN: Chunk (-12.0, 1.0): Using BOX collision (distance: 12.17)
[22:16:32] TERRAIN: Chunk created successfully: (-12.0, 1.0) at world pos (-384.0, 0.0, 32.0) (total chunks: 457)
[22:16:32] TERRAIN: Creating chunk: (-5.0, 11.0) at distance 13.00
[22:16:32] TERRAIN: Chunk (-5.0, 11.0): Using BOX collision (distance: 13.00)
[22:16:32] TERRAIN: Chunk created successfully: (-5.0, 11.0) at world pos (-160.0, 0.0, 352.0) (total chunks: 458)
[22:16:32] TERRAIN: Creating chunk: (-11.0, 5.0) at distance 12.53
[22:16:32] TERRAIN: Chunk (-11.0, 5.0): Using BOX collision (distance: 12.53)
[22:16:32] TERRAIN: Chunk created successfully: (-11.0, 5.0) at world pos (-352.0, 0.0, 160.0) (total chunks: 459)
[22:16:32] TERRAIN: Creating chunk: (-5.0, -11.0) at distance 11.18
[22:16:32] TERRAIN: Chunk (-5.0, -11.0): Using BOX collision (distance: 11.18)
[22:16:32] TERRAIN: Chunk created successfully: (-5.0, -11.0) at world pos (-160.0, 0.0, -352.0) (total chunks: 460)
[22:16:32] TERRAIN: Creating chunk: (11.0, -5.0) at distance 11.70
[22:16:32] TERRAIN: Chunk (11.0, -5.0): Using BOX collision (distance: 11.70)
[22:16:32] TERRAIN: Chunk created successfully: (11.0, -5.0) at world pos (352.0, 0.0, -160.0) (total chunks: 461)
[22:16:32] TERRAIN: Creating chunk: (5.0, -11.0) at distance 11.18
[22:16:32] TERRAIN: Chunk (5.0, -11.0): Using BOX collision (distance: 11.18)
[22:16:32] TERRAIN: Chunk created successfully: (5.0, -11.0) at world pos (160.0, 0.0, -352.0) (total chunks: 462)
[22:16:32] TERRAIN: Creating chunk: (5.0, 11.0) at distance 13.00
[22:16:32] TERRAIN: Chunk (5.0, 11.0): Using BOX collision (distance: 13.00)
[22:16:32] TERRAIN: Chunk created successfully: (5.0, 11.0) at world pos (160.0, 0.0, 352.0) (total chunks: 463)
[22:16:32] TERRAIN: Creating chunk: (11.0, 5.0) at distance 12.53
[22:16:32] TERRAIN: Chunk (11.0, 5.0): Using BOX collision (distance: 12.53)
[22:16:32] TERRAIN: Chunk created successfully: (11.0, 5.0) at world pos (352.0, 0.0, 160.0) (total chunks: 464)
[22:16:32] TERRAIN: Creating chunk: (-11.0, -5.0) at distance 11.70
[22:16:32] TERRAIN: Chunk (-11.0, -5.0): Using BOX collision (distance: 11.70)
[22:16:32] TERRAIN: Chunk created successfully: (-11.0, -5.0) at world pos (-352.0, 0.0, -160.0) (total chunks: 465)
[22:16:32] TERRAIN: Creating chunk: (12.0, -2.0) at distance 12.04
[22:16:32] TERRAIN: Chunk (12.0, -2.0): Using BOX collision (distance: 12.04)
[22:16:32] TERRAIN: Chunk created successfully: (12.0, -2.0) at world pos (384.0, 0.0, -64.0) (total chunks: 466)
[22:16:32] TERRAIN: Creating chunk: (-12.0, 2.0) at distance 12.37
[22:16:32] TERRAIN: Chunk (-12.0, 2.0): Using BOX collision (distance: 12.37)
[22:16:32] TERRAIN: Chunk created successfully: (-12.0, 2.0) at world pos (-384.0, 0.0, 64.0) (total chunks: 467)
[22:16:32] TERRAIN: Creating chunk: (2.0, 12.0) at distance 13.15
[22:16:32] TERRAIN: Chunk (2.0, 12.0): Using BOX collision (distance: 13.15)
[22:16:32] TERRAIN: Chunk created successfully: (2.0, 12.0) at world pos (64.0, 0.0, 384.0) (total chunks: 468)
[22:16:32] TERRAIN: Creating chunk: (12.0, 2.0) at distance 12.37
[22:16:32] TERRAIN: Chunk (12.0, 2.0): Using BOX collision (distance: 12.37)
[22:16:32] TERRAIN: Chunk created successfully: (12.0, 2.0) at world pos (384.0, 0.0, 64.0) (total chunks: 469)
[22:16:32] TERRAIN: Creating chunk: (-2.0, -12.0) at distance 11.18
[22:16:32] TERRAIN: Chunk (-2.0, -12.0): Using BOX collision (distance: 11.18)
[22:16:32] TERRAIN: Chunk created successfully: (-2.0, -12.0) at world pos (-64.0, 0.0, -384.0) (total chunks: 470)
[22:16:32] TERRAIN: Creating chunk: (2.0, -12.0) at distance 11.18
[22:16:32] TERRAIN: Chunk (2.0, -12.0): Using BOX collision (distance: 11.18)
[22:16:32] TERRAIN: Chunk created successfully: (2.0, -12.0) at world pos (64.0, 0.0, -384.0) (total chunks: 471)
[22:16:32] TERRAIN: Creating chunk: (-12.0, -2.0) at distance 12.04
[22:16:32] TERRAIN: Chunk (-12.0, -2.0): Using BOX collision (distance: 12.04)
[22:16:32] TERRAIN: Chunk created successfully: (-12.0, -2.0) at world pos (-384.0, 0.0, -64.0) (total chunks: 472)
[22:16:32] TERRAIN: Creating chunk: (-2.0, 12.0) at distance 13.15
[22:16:32] TERRAIN: Chunk (-2.0, 12.0): Using BOX collision (distance: 13.15)
[22:16:32] TERRAIN: Chunk created successfully: (-2.0, 12.0) at world pos (-64.0, 0.0, 384.0) (total chunks: 473)
[22:16:32] TERRAIN: Creating chunk: (10.0, 7.0) at distance 12.81
[22:16:32] TERRAIN: Chunk (10.0, 7.0): Using BOX collision (distance: 12.81)
[22:16:32] TERRAIN: Chunk created successfully: (10.0, 7.0) at world pos (320.0, 0.0, 224.0) (total chunks: 474)
[22:16:32] TERRAIN: Creating chunk: (10.0, -7.0) at distance 11.66
[22:16:32] TERRAIN: Chunk (10.0, -7.0): Using BOX collision (distance: 11.66)
[22:16:32] TERRAIN: Chunk created successfully: (10.0, -7.0) at world pos (320.0, 0.0, -224.0) (total chunks: 475)
[22:16:32] TERRAIN: Creating chunk: (7.0, -10.0) at distance 11.40
[22:16:32] TERRAIN: Chunk (7.0, -10.0): Using BOX collision (distance: 11.40)
[22:16:32] TERRAIN: Chunk created successfully: (7.0, -10.0) at world pos (224.0, 0.0, -320.0) (total chunks: 476)
[22:16:32] TERRAIN: Creating chunk: (-7.0, -10.0) at distance 11.40
[22:16:32] TERRAIN: Chunk (-7.0, -10.0): Using BOX collision (distance: 11.40)
[22:16:32] TERRAIN: Chunk created successfully: (-7.0, -10.0) at world pos (-224.0, 0.0, -320.0) (total chunks: 477)
[22:16:32] TERRAIN: Creating chunk: (-10.0, 7.0) at distance 12.81
[22:16:32] TERRAIN: Chunk (-10.0, 7.0): Using BOX collision (distance: 12.81)
[22:16:32] TERRAIN: Chunk created successfully: (-10.0, 7.0) at world pos (-320.0, 0.0, 224.0) (total chunks: 478)
[22:16:32] TERRAIN: Creating chunk: (-10.0, -7.0) at distance 11.66
[22:16:32] TERRAIN: Chunk (-10.0, -7.0): Using BOX collision (distance: 11.66)
[22:16:32] TERRAIN: Chunk created successfully: (-10.0, -7.0) at world pos (-320.0, 0.0, -224.0) (total chunks: 479)
[22:16:32] TERRAIN: Creating chunk: (-7.0, 10.0) at distance 13.04
[22:16:32] TERRAIN: Chunk (-7.0, 10.0): Using BOX collision (distance: 13.04)
[22:16:32] TERRAIN: Chunk created successfully: (-7.0, 10.0) at world pos (-224.0, 0.0, 320.0) (total chunks: 480)
[22:16:32] TERRAIN: Creating chunk: (7.0, 10.0) at distance 13.04
[22:16:32] TERRAIN: Chunk (7.0, 10.0): Using BOX collision (distance: 13.04)
[22:16:32] TERRAIN: Chunk created successfully: (7.0, 10.0) at world pos (224.0, 0.0, 320.0) (total chunks: 481)
[22:16:32] TERRAIN: Creating chunk: (-12.0, -3.0) at distance 12.17
[22:16:32] TERRAIN: Chunk (-12.0, -3.0): Using BOX collision (distance: 12.17)
[22:16:32] TERRAIN: Chunk created successfully: (-12.0, -3.0) at world pos (-384.0, 0.0, -96.0) (total chunks: 482)
[22:16:32] TERRAIN: Creating chunk: (12.0, -3.0) at distance 12.17
[22:16:32] TERRAIN: Chunk (12.0, -3.0): Using BOX collision (distance: 12.17)
[22:16:32] TERRAIN: Chunk created successfully: (12.0, -3.0) at world pos (384.0, 0.0, -96.0) (total chunks: 483)
[22:16:32] TERRAIN: Creating chunk: (-3.0, -12.0) at distance 11.40
[22:16:32] TERRAIN: Chunk (-3.0, -12.0): Using BOX collision (distance: 11.40)
[22:16:32] TERRAIN: Chunk created successfully: (-3.0, -12.0) at world pos (-96.0, 0.0, -384.0) (total chunks: 484)
[22:16:32] TERRAIN: Creating chunk: (-12.0, 3.0) at distance 12.65
[22:16:32] TERRAIN: Chunk (-12.0, 3.0): Using BOX collision (distance: 12.65)
[22:16:32] TERRAIN: Chunk created successfully: (-12.0, 3.0) at world pos (-384.0, 0.0, 96.0) (total chunks: 485)
[22:16:32] TERRAIN: Creating chunk: (-3.0, 12.0) at distance 13.34
[22:16:32] TERRAIN: Chunk (-3.0, 12.0): Using BOX collision (distance: 13.34)
[22:16:32] TERRAIN: Chunk created successfully: (-3.0, 12.0) at world pos (-96.0, 0.0, 384.0) (total chunks: 486)
[22:16:32] TERRAIN: Creating chunk: (3.0, -12.0) at distance 11.40
[22:16:32] TERRAIN: Chunk (3.0, -12.0): Using BOX collision (distance: 11.40)
[22:16:32] TERRAIN: Chunk created successfully: (3.0, -12.0) at world pos (96.0, 0.0, -384.0) (total chunks: 487)
[22:16:32] TERRAIN: Creating chunk: (12.0, 3.0) at distance 12.65
[22:16:32] TERRAIN: Chunk (12.0, 3.0): Using BOX collision (distance: 12.65)
[22:16:32] TERRAIN: Chunk created successfully: (12.0, 3.0) at world pos (384.0, 0.0, 96.0) (total chunks: 488)
[22:16:32] TERRAIN: Creating chunk: (3.0, 12.0) at distance 13.34
[22:16:32] TERRAIN: Chunk (3.0, 12.0): Using BOX collision (distance: 13.34)
[22:16:32] TERRAIN: Chunk created successfully: (3.0, 12.0) at world pos (96.0, 0.0, 384.0) (total chunks: 489)
[22:16:32] TERRAIN: Creating chunk: (11.0, -6.0) at distance 12.08
[22:16:32] TERRAIN: Chunk (11.0, -6.0): Using BOX collision (distance: 12.08)
[22:16:32] TERRAIN: Chunk created successfully: (11.0, -6.0) at world pos (352.0, 0.0, -192.0) (total chunks: 490)
[22:16:32] TERRAIN: Creating chunk: (-11.0, -6.0) at distance 12.08
[22:16:32] TERRAIN: Chunk (-11.0, -6.0): Using BOX collision (distance: 12.08)
[22:16:32] TERRAIN: Chunk created successfully: (-11.0, -6.0) at world pos (-352.0, 0.0, -192.0) (total chunks: 491)
[22:16:32] TERRAIN: Creating chunk: (-6.0, -11.0) at distance 11.66
[22:16:32] TERRAIN: Chunk (-6.0, -11.0): Using BOX collision (distance: 11.66)
[22:16:32] TERRAIN: Chunk created successfully: (-6.0, -11.0) at world pos (-192.0, 0.0, -352.0) (total chunks: 492)
[22:16:32] TERRAIN: Creating chunk: (-6.0, 11.0) at distance 13.42
[22:16:32] TERRAIN: Chunk (-6.0, 11.0): Using BOX collision (distance: 13.42)
[22:16:32] TERRAIN: Chunk created successfully: (-6.0, 11.0) at world pos (-192.0, 0.0, 352.0) (total chunks: 493)
[22:16:32] TERRAIN: Creating chunk: (-11.0, 6.0) at distance 13.04
[22:16:32] TERRAIN: Chunk (-11.0, 6.0): Using BOX collision (distance: 13.04)
[22:16:32] TERRAIN: Chunk created successfully: (-11.0, 6.0) at world pos (-352.0, 0.0, 192.0) (total chunks: 494)
[22:16:32] TERRAIN: Creating chunk: (6.0, -11.0) at distance 11.66
[22:16:32] TERRAIN: Chunk (6.0, -11.0): Using BOX collision (distance: 11.66)
[22:16:32] TERRAIN: Chunk created successfully: (6.0, -11.0) at world pos (192.0, 0.0, -352.0) (total chunks: 495)
[22:16:32] TERRAIN: Creating chunk: (11.0, 6.0) at distance 13.04
[22:16:32] TERRAIN: Chunk (11.0, 6.0): Using BOX collision (distance: 13.04)
[22:16:32] TERRAIN: Chunk created successfully: (11.0, 6.0) at world pos (352.0, 0.0, 192.0) (total chunks: 496)
[22:16:32] TERRAIN: Creating chunk: (6.0, 11.0) at distance 13.42
[22:16:32] TERRAIN: Chunk (6.0, 11.0): Using BOX collision (distance: 13.42)
[22:16:32] TERRAIN: Chunk created successfully: (6.0, 11.0) at world pos (192.0, 0.0, 352.0) (total chunks: 497)
[22:16:32] TERRAIN: Creating chunk: (-4.0, -12.0) at distance 11.70
[22:16:32] TERRAIN: Chunk (-4.0, -12.0): Using BOX collision (distance: 11.70)
[22:16:32] TERRAIN: Chunk created successfully: (-4.0, -12.0) at world pos (-128.0, 0.0, -384.0) (total chunks: 498)
[22:16:32] TERRAIN: Creating chunk: (12.0, -4.0) at distance 12.37
[22:16:32] TERRAIN: Chunk (12.0, -4.0): Using BOX collision (distance: 12.37)
[22:16:32] TERRAIN: Chunk created successfully: (12.0, -4.0) at world pos (384.0, 0.0, -128.0) (total chunks: 499)
[22:16:32] TERRAIN: Creating chunk: (-12.0, -4.0) at distance 12.37
[22:16:32] TERRAIN: Chunk (-12.0, -4.0): Using BOX collision (distance: 12.37)
[22:16:32] TERRAIN: Chunk created successfully: (-12.0, -4.0) at world pos (-384.0, 0.0, -128.0) (total chunks: 500)
[22:16:32] TERRAIN: Creating chunk: (4.0, 12.0) at distance 13.60
[22:16:32] TERRAIN: Chunk (4.0, 12.0): Using BOX collision (distance: 13.60)
[22:16:32] TERRAIN: Chunk created successfully: (4.0, 12.0) at world pos (128.0, 0.0, 384.0) (total chunks: 501)
[22:16:32] TERRAIN: Creating chunk: (12.0, 4.0) at distance 13.00
[22:16:32] TERRAIN: Chunk (12.0, 4.0): Using BOX collision (distance: 13.00)
[22:16:32] TERRAIN: Chunk created successfully: (12.0, 4.0) at world pos (384.0, 0.0, 128.0) (total chunks: 502)
[22:16:32] TERRAIN: Creating chunk: (-4.0, 12.0) at distance 13.60
[22:16:32] TERRAIN: Chunk (-4.0, 12.0): Using BOX collision (distance: 13.60)
[22:16:32] TERRAIN: Chunk created successfully: (-4.0, 12.0) at world pos (-128.0, 0.0, 384.0) (total chunks: 503)
[22:16:32] TERRAIN: Creating chunk: (-12.0, 4.0) at distance 13.00
[22:16:32] TERRAIN: Chunk (-12.0, 4.0): Using BOX collision (distance: 13.00)
[22:16:32] TERRAIN: Chunk created successfully: (-12.0, 4.0) at world pos (-384.0, 0.0, 128.0) (total chunks: 504)
[22:16:32] TERRAIN: Creating chunk: (4.0, -12.0) at distance 11.70
[22:16:32] TERRAIN: Chunk (4.0, -12.0): Using BOX collision (distance: 11.70)
[22:16:32] TERRAIN: Chunk created successfully: (4.0, -12.0) at world pos (128.0, 0.0, -384.0) (total chunks: 505)
[22:16:32] TERRAIN: Creating chunk: (9.0, -9.0) at distance 12.04
[22:16:32] TERRAIN: Chunk (9.0, -9.0): Using BOX collision (distance: 12.04)
[22:16:32] TERRAIN: Chunk created successfully: (9.0, -9.0) at world pos (288.0, 0.0, -288.0) (total chunks: 506)
[22:16:32] TERRAIN: Creating chunk: (-9.0, -9.0) at distance 12.04
[22:16:32] TERRAIN: Chunk (-9.0, -9.0): Using BOX collision (distance: 12.04)
[22:16:32] TERRAIN: Chunk created successfully: (-9.0, -9.0) at world pos (-288.0, 0.0, -288.0) (total chunks: 507)
[22:16:32] TERRAIN: Creating chunk: (9.0, 9.0) at distance 13.45
[22:16:32] TERRAIN: Chunk (9.0, 9.0): Using BOX collision (distance: 13.45)
[22:16:32] TERRAIN: Chunk created successfully: (9.0, 9.0) at world pos (288.0, 0.0, 288.0) (total chunks: 508)
[22:16:32] TERRAIN: Creating chunk: (-9.0, 9.0) at distance 13.45
[22:16:32] TERRAIN: Chunk (-9.0, 9.0): Using BOX collision (distance: 13.45)
[22:16:32] TERRAIN: Chunk created successfully: (-9.0, 9.0) at world pos (-288.0, 0.0, 288.0) (total chunks: 509)
[22:16:32] TERRAIN: Creating chunk: (8.0, 10.0) at distance 13.60
[22:16:32] TERRAIN: Chunk (8.0, 10.0): Using BOX collision (distance: 13.60)
[22:16:32] TERRAIN: Chunk created successfully: (8.0, 10.0) at world pos (256.0, 0.0, 320.0) (total chunks: 510)
[22:16:32] TERRAIN: Creating chunk: (10.0, -8.0) at distance 12.21
[22:16:32] TERRAIN: Chunk (10.0, -8.0): Using BOX collision (distance: 12.21)
[22:16:32] TERRAIN: Chunk created successfully: (10.0, -8.0) at world pos (320.0, 0.0, -256.0) (total chunks: 511)
[22:16:32] TERRAIN: Creating chunk: (-10.0, 8.0) at distance 13.45
[22:16:32] TERRAIN: Chunk (-10.0, 8.0): Using BOX collision (distance: 13.45)
[22:16:32] TERRAIN: Chunk created successfully: (-10.0, 8.0) at world pos (-320.0, 0.0, 256.0) (total chunks: 512)
[22:16:32] TERRAIN: Creating chunk: (-8.0, -10.0) at distance 12.04
[22:16:32] TERRAIN: Chunk (-8.0, -10.0): Using BOX collision (distance: 12.04)
[22:16:32] TERRAIN: Chunk created successfully: (-8.0, -10.0) at world pos (-256.0, 0.0, -320.0) (total chunks: 513)
[22:16:32] TERRAIN: Creating chunk: (-10.0, -8.0) at distance 12.21
[22:16:32] TERRAIN: Chunk (-10.0, -8.0): Using BOX collision (distance: 12.21)
[22:16:32] TERRAIN: Chunk created successfully: (-10.0, -8.0) at world pos (-320.0, 0.0, -256.0) (total chunks: 514)
[22:16:32] TERRAIN: Creating chunk: (10.0, 8.0) at distance 13.45
[22:16:32] TERRAIN: Chunk (10.0, 8.0): Using BOX collision (distance: 13.45)
[22:16:32] TERRAIN: Chunk created successfully: (10.0, 8.0) at world pos (320.0, 0.0, 256.0) (total chunks: 515)
[22:16:32] TERRAIN: Creating chunk: (8.0, -10.0) at distance 12.04
[22:16:32] TERRAIN: Chunk (8.0, -10.0): Using BOX collision (distance: 12.04)
[22:16:32] TERRAIN: Chunk created successfully: (8.0, -10.0) at world pos (256.0, 0.0, -320.0) (total chunks: 516)
[22:16:32] TERRAIN: Creating chunk: (-8.0, 10.0) at distance 13.60
[22:16:32] TERRAIN: Chunk (-8.0, 10.0): Using BOX collision (distance: 13.60)
[22:16:32] TERRAIN: Chunk created successfully: (-8.0, 10.0) at world pos (-256.0, 0.0, 320.0) (total chunks: 517)
[22:16:32] TERRAIN: Creating chunk: (12.0, -5.0) at distance 12.65
[22:16:32] TERRAIN: Chunk (12.0, -5.0): Using BOX collision (distance: 12.65)
[22:16:32] TERRAIN: Chunk created successfully: (12.0, -5.0) at world pos (384.0, 0.0, -160.0) (total chunks: 518)
[22:16:32] TERRAIN: Creating chunk: (13.0, 0.0) at distance 13.04
[22:16:32] TERRAIN: Chunk (13.0, 0.0): Using BOX collision (distance: 13.04)
[22:16:32] TERRAIN: Chunk created successfully: (13.0, 0.0) at world pos (416.0, 0.0, 0.0) (total chunks: 519)
[22:16:32] TERRAIN: Creating chunk: (5.0, -12.0) at distance 12.08
[22:16:32] TERRAIN: Chunk (5.0, -12.0): Using BOX collision (distance: 12.08)
[22:16:32] TERRAIN: Chunk created successfully: (5.0, -12.0) at world pos (160.0, 0.0, -384.0) (total chunks: 520)
[22:16:32] TERRAIN: Creating chunk: (12.0, 5.0) at distance 13.42
[22:16:32] TERRAIN: Chunk (12.0, 5.0): Using BOX collision (distance: 13.42)
[22:16:32] TERRAIN: Chunk created successfully: (12.0, 5.0) at world pos (384.0, 0.0, 160.0) (total chunks: 521)
[22:16:32] TERRAIN: Creating chunk: (-12.0, -5.0) at distance 12.65
[22:16:32] TERRAIN: Chunk (-12.0, -5.0): Using BOX collision (distance: 12.65)
[22:16:32] TERRAIN: Chunk created successfully: (-12.0, -5.0) at world pos (-384.0, 0.0, -160.0) (total chunks: 522)
[22:16:32] TERRAIN: Creating chunk: (5.0, 12.0) at distance 13.93
[22:16:32] TERRAIN: Chunk (5.0, 12.0): Using BOX collision (distance: 13.93)
[22:16:32] TERRAIN: Chunk created successfully: (5.0, 12.0) at world pos (160.0, 0.0, 384.0) (total chunks: 523)
[22:16:32] TERRAIN: Creating chunk: (0.0, 13.0) at distance 14.00
[22:16:32] TERRAIN: Chunk (0.0, 13.0): Using BOX collision (distance: 14.00)
[22:16:32] TERRAIN: Chunk created successfully: (0.0, 13.0) at world pos (0.0, 0.0, 416.0) (total chunks: 524)
[22:16:32] PLAYER: Pos: (0.0, -0.038237, -9.250323) | Chunk: (0.0, -1.0) | TerrainHeight: -0.04 | HeightDiff: 0.00 | OnFloor: true
[22:16:32] TERRAIN: Creating chunk: (-12.0, 5.0) at distance 13.42
[22:16:32] TERRAIN: Chunk (-12.0, 5.0): Using BOX collision (distance: 13.42)
[22:16:32] TERRAIN: Chunk created successfully: (-12.0, 5.0) at world pos (-384.0, 0.0, 160.0) (total chunks: 525)
[22:16:32] TERRAIN: Creating chunk: (-5.0, 12.0) at distance 13.93
[22:16:32] TERRAIN: Chunk (-5.0, 12.0): Using BOX collision (distance: 13.93)
[22:16:32] TERRAIN: Chunk created successfully: (-5.0, 12.0) at world pos (-160.0, 0.0, 384.0) (total chunks: 526)
[22:16:32] TERRAIN: Creating chunk: (-5.0, -12.0) at distance 12.08
[22:16:32] TERRAIN: Chunk (-5.0, -12.0): Using BOX collision (distance: 12.08)
[22:16:32] TERRAIN: Chunk created successfully: (-5.0, -12.0) at world pos (-160.0, 0.0, -384.0) (total chunks: 527)
[22:16:32] TERRAIN: Creating chunk: (0.0, -13.0) at distance 12.00
[22:16:32] TERRAIN: Chunk (0.0, -13.0): Using BOX collision (distance: 12.00)
[22:16:32] TERRAIN: Chunk created successfully: (0.0, -13.0) at world pos (0.0, 0.0, -416.0) (total chunks: 528)
[22:16:32] TERRAIN: Creating chunk: (-13.0, 0.0) at distance 13.04
[22:16:32] TERRAIN: Chunk (-13.0, 0.0): Using BOX collision (distance: 13.04)
[22:16:32] TERRAIN: Chunk created successfully: (-13.0, 0.0) at world pos (-416.0, 0.0, 0.0) (total chunks: 529)
[22:16:32] TERRAIN: Creating chunk: (-11.0, 7.0) at distance 13.60
[22:16:32] TERRAIN: Chunk (-11.0, 7.0): Using BOX collision (distance: 13.60)
[22:16:32] TERRAIN: Chunk created successfully: (-11.0, 7.0) at world pos (-352.0, 0.0, 224.0) (total chunks: 530)
[22:16:32] TERRAIN: Creating chunk: (-7.0, 11.0) at distance 13.89
[22:16:32] TERRAIN: Chunk (-7.0, 11.0): Using BOX collision (distance: 13.89)
[22:16:32] TERRAIN: Chunk created successfully: (-7.0, 11.0) at world pos (-224.0, 0.0, 352.0) (total chunks: 531)
[22:16:32] TERRAIN: Creating chunk: (-1.0, 13.0) at distance 14.04
[22:16:32] TERRAIN: Chunk (-1.0, 13.0): Using BOX collision (distance: 14.04)
[22:16:32] TERRAIN: Chunk created successfully: (-1.0, 13.0) at world pos (-32.0, 0.0, 416.0) (total chunks: 532)
[22:16:33] TERRAIN: Creating chunk: (-11.0, -7.0) at distance 12.53
[22:16:33] TERRAIN: Chunk (-11.0, -7.0): Using BOX collision (distance: 12.53)
[22:16:33] TERRAIN: Chunk created successfully: (-11.0, -7.0) at world pos (-352.0, 0.0, -224.0) (total chunks: 533)
[22:16:33] TERRAIN: Creating chunk: (11.0, -7.0) at distance 12.53
[22:16:33] TERRAIN: Chunk (11.0, -7.0): Using BOX collision (distance: 12.53)
[22:16:33] TERRAIN: Chunk created successfully: (11.0, -7.0) at world pos (352.0, 0.0, -224.0) (total chunks: 534)
[22:16:33] TERRAIN: Creating chunk: (-7.0, -11.0) at distance 12.21
[22:16:33] TERRAIN: Chunk (-7.0, -11.0): Using BOX collision (distance: 12.21)
[22:16:33] TERRAIN: Chunk created successfully: (-7.0, -11.0) at world pos (-224.0, 0.0, -352.0) (total chunks: 535)
[22:16:33] TERRAIN: Creating chunk: (7.0, 11.0) at distance 13.89
[22:16:33] TERRAIN: Chunk (7.0, 11.0): Using BOX collision (distance: 13.89)
[22:16:33] TERRAIN: Chunk created successfully: (7.0, 11.0) at world pos (224.0, 0.0, 352.0) (total chunks: 536)
[22:16:33] TERRAIN: Creating chunk: (11.0, 7.0) at distance 13.60
[22:16:33] TERRAIN: Chunk (11.0, 7.0): Using BOX collision (distance: 13.60)
[22:16:33] TERRAIN: Chunk created successfully: (11.0, 7.0) at world pos (352.0, 0.0, 224.0) (total chunks: 537)
[22:16:33] TERRAIN: Creating chunk: (-1.0, -13.0) at distance 12.04
[22:16:33] TERRAIN: Chunk (-1.0, -13.0): Using BOX collision (distance: 12.04)
[22:16:33] TERRAIN: Chunk created successfully: (-1.0, -13.0) at world pos (-32.0, 0.0, -416.0) (total chunks: 538)
[22:16:33] TERRAIN: Creating chunk: (1.0, -13.0) at distance 12.04
[22:16:33] TERRAIN: Chunk (1.0, -13.0): Using BOX collision (distance: 12.04)
[22:16:33] TERRAIN: Chunk created successfully: (1.0, -13.0) at world pos (32.0, 0.0, -416.0) (total chunks: 539)
[22:16:33] TERRAIN: Creating chunk: (7.0, -11.0) at distance 12.21
[22:16:33] TERRAIN: Chunk (7.0, -11.0): Using BOX collision (distance: 12.21)
[22:16:33] TERRAIN: Chunk created successfully: (7.0, -11.0) at world pos (224.0, 0.0, -352.0) (total chunks: 540)
[22:16:33] TERRAIN: Creating chunk: (-13.0, -1.0) at distance 13.00
[22:16:33] TERRAIN: Chunk (-13.0, -1.0): Using BOX collision (distance: 13.00)
[22:16:33] TERRAIN: Chunk created successfully: (-13.0, -1.0) at world pos (-416.0, 0.0, -32.0) (total chunks: 541)
[22:16:33] TERRAIN: Creating chunk: (-13.0, 1.0) at distance 13.15
[22:16:33] TERRAIN: Chunk (-13.0, 1.0): Using BOX collision (distance: 13.15)
[22:16:33] TERRAIN: Chunk created successfully: (-13.0, 1.0) at world pos (-416.0, 0.0, 32.0) (total chunks: 542)
[22:16:33] TERRAIN: Creating chunk: (1.0, 13.0) at distance 14.04
[22:16:33] TERRAIN: Chunk (1.0, 13.0): Using BOX collision (distance: 14.04)
[22:16:33] TERRAIN: Chunk created successfully: (1.0, 13.0) at world pos (32.0, 0.0, 416.0) (total chunks: 543)
[22:16:33] TERRAIN: Creating chunk: (13.0, -1.0) at distance 13.00
[22:16:33] TERRAIN: Chunk (13.0, -1.0): Using BOX collision (distance: 13.00)
[22:16:33] TERRAIN: Chunk created successfully: (13.0, -1.0) at world pos (416.0, 0.0, -32.0) (total chunks: 544)
[22:16:33] TERRAIN: Creating chunk: (13.0, 1.0) at distance 13.15
[22:16:33] TERRAIN: Chunk (13.0, 1.0): Using BOX collision (distance: 13.15)
[22:16:33] TERRAIN: Chunk created successfully: (13.0, 1.0) at world pos (416.0, 0.0, 32.0) (total chunks: 545)
[22:16:33] TERRAIN: Creating chunk: (-2.0, 13.0) at distance 14.14
[22:16:33] TERRAIN: Chunk (-2.0, 13.0): Using BOX collision (distance: 14.14)
[22:16:33] TERRAIN: Chunk created successfully: (-2.0, 13.0) at world pos (-64.0, 0.0, 416.0) (total chunks: 546)
[22:16:33] TERRAIN: Creating chunk: (-13.0, -2.0) at distance 13.04
[22:16:33] TERRAIN: Chunk (-13.0, -2.0): Using BOX collision (distance: 13.04)
[22:16:33] TERRAIN: Chunk created successfully: (-13.0, -2.0) at world pos (-416.0, 0.0, -64.0) (total chunks: 547)
[22:16:33] TERRAIN: Creating chunk: (-2.0, -13.0) at distance 12.17
[22:16:33] TERRAIN: Chunk (-2.0, -13.0): Using BOX collision (distance: 12.17)
[22:16:33] TERRAIN: Chunk created successfully: (-2.0, -13.0) at world pos (-64.0, 0.0, -416.0) (total chunks: 548)
[22:16:33] TERRAIN: Creating chunk: (13.0, 2.0) at distance 13.34
[22:16:33] TERRAIN: Chunk (13.0, 2.0): Using BOX collision (distance: 13.34)
[22:16:33] TERRAIN: Chunk created successfully: (13.0, 2.0) at world pos (416.0, 0.0, 64.0) (total chunks: 549)
[22:16:33] TERRAIN: Creating chunk: (2.0, 13.0) at distance 14.14
[22:16:33] TERRAIN: Chunk (2.0, 13.0): Using BOX collision (distance: 14.14)
[22:16:33] TERRAIN: Chunk created successfully: (2.0, 13.0) at world pos (64.0, 0.0, 416.0) (total chunks: 550)
[22:16:33] TERRAIN: Creating chunk: (2.0, -13.0) at distance 12.17
[22:16:33] TERRAIN: Chunk (2.0, -13.0): Using BOX collision (distance: 12.17)
[22:16:33] TERRAIN: Chunk created successfully: (2.0, -13.0) at world pos (64.0, 0.0, -416.0) (total chunks: 551)
[22:16:33] TERRAIN: Creating chunk: (-13.0, 2.0) at distance 13.34
[22:16:33] TERRAIN: Chunk (-13.0, 2.0): Using BOX collision (distance: 13.34)
[22:16:33] TERRAIN: Chunk created successfully: (-13.0, 2.0) at world pos (-416.0, 0.0, 64.0) (total chunks: 552)
[22:16:33] TERRAIN: Creating chunk: (13.0, -2.0) at distance 13.04
[22:16:33] TERRAIN: Chunk (13.0, -2.0): Using BOX collision (distance: 13.04)
[22:16:33] TERRAIN: Chunk created successfully: (13.0, -2.0) at world pos (416.0, 0.0, -64.0) (total chunks: 553)
[22:16:33] TERRAIN: Creating chunk: (-3.0, -13.0) at distance 12.37
[22:16:33] TERRAIN: Chunk (-3.0, -13.0): Using BOX collision (distance: 12.37)
[22:16:33] TERRAIN: Chunk created successfully: (-3.0, -13.0) at world pos (-96.0, 0.0, -416.0) (total chunks: 554)
[22:16:33] TERRAIN: Creating chunk: (13.0, -3.0) at distance 13.15
[22:16:33] TERRAIN: Chunk (13.0, -3.0): Using BOX collision (distance: 13.15)
[22:16:33] TERRAIN: Chunk created successfully: (13.0, -3.0) at world pos (416.0, 0.0, -96.0) (total chunks: 555)
[22:16:33] TERRAIN: Creating chunk: (3.0, -13.0) at distance 12.37
[22:16:33] TERRAIN: Chunk (3.0, -13.0): Using BOX collision (distance: 12.37)
[22:16:33] TERRAIN: Chunk created successfully: (3.0, -13.0) at world pos (96.0, 0.0, -416.0) (total chunks: 556)
[22:16:33] TERRAIN: Creating chunk: (-13.0, -3.0) at distance 13.15
[22:16:33] TERRAIN: Chunk (-13.0, -3.0): Using BOX collision (distance: 13.15)
[22:16:33] TERRAIN: Chunk created successfully: (-13.0, -3.0) at world pos (-416.0, 0.0, -96.0) (total chunks: 557)
[22:16:33] TERRAIN: Creating chunk: (13.0, 3.0) at distance 13.60
[22:16:33] TERRAIN: Chunk (13.0, 3.0): Using BOX collision (distance: 13.60)
[22:16:33] TERRAIN: Chunk created successfully: (13.0, 3.0) at world pos (416.0, 0.0, 96.0) (total chunks: 558)
[22:16:33] TERRAIN: Creating chunk: (-3.0, 13.0) at distance 14.32
[22:16:33] TERRAIN: Chunk (-3.0, 13.0): Using BOX collision (distance: 14.32)
[22:16:33] TERRAIN: Chunk created successfully: (-3.0, 13.0) at world pos (-96.0, 0.0, 416.0) (total chunks: 559)
[22:16:33] TERRAIN: Creating chunk: (3.0, 13.0) at distance 14.32
[22:16:33] TERRAIN: Chunk (3.0, 13.0): Using BOX collision (distance: 14.32)
[22:16:33] TERRAIN: Chunk created successfully: (3.0, 13.0) at world pos (96.0, 0.0, 416.0) (total chunks: 560)
[22:16:33] TERRAIN: Creating chunk: (-13.0, 3.0) at distance 13.60
[22:16:33] TERRAIN: Chunk (-13.0, 3.0): Using BOX collision (distance: 13.60)
[22:16:33] TERRAIN: Chunk created successfully: (-13.0, 3.0) at world pos (-416.0, 0.0, 96.0) (total chunks: 561)
[22:16:33] TERRAIN: Creating chunk: (-6.0, 12.0) at distance 14.32
[22:16:33] TERRAIN: Chunk (-6.0, 12.0): Using BOX collision (distance: 14.32)
[22:16:33] TERRAIN: Chunk created successfully: (-6.0, 12.0) at world pos (-192.0, 0.0, 384.0) (total chunks: 562)
[22:16:33] TERRAIN: Creating chunk: (-12.0, 6.0) at distance 13.89
[22:16:33] TERRAIN: Chunk (-12.0, 6.0): Using BOX collision (distance: 13.89)
[22:16:33] TERRAIN: Chunk created successfully: (-12.0, 6.0) at world pos (-384.0, 0.0, 192.0) (total chunks: 563)
[22:16:33] TERRAIN: Creating chunk: (-6.0, -12.0) at distance 12.53
[22:16:33] TERRAIN: Chunk (-6.0, -12.0): Using BOX collision (distance: 12.53)
[22:16:33] TERRAIN: Chunk created successfully: (-6.0, -12.0) at world pos (-192.0, 0.0, -384.0) (total chunks: 564)
[22:16:33] TERRAIN: Creating chunk: (12.0, -6.0) at distance 13.00
[22:16:33] TERRAIN: Chunk (12.0, -6.0): Using BOX collision (distance: 13.00)
[22:16:33] TERRAIN: Chunk created successfully: (12.0, -6.0) at world pos (384.0, 0.0, -192.0) (total chunks: 565)
[22:16:33] TERRAIN: Creating chunk: (12.0, 6.0) at distance 13.89
[22:16:33] TERRAIN: Chunk (12.0, 6.0): Using BOX collision (distance: 13.89)
[22:16:33] TERRAIN: Chunk created successfully: (12.0, 6.0) at world pos (384.0, 0.0, 192.0) (total chunks: 566)
[22:16:33] TERRAIN: Creating chunk: (6.0, 12.0) at distance 14.32
[22:16:33] TERRAIN: Chunk (6.0, 12.0): Using BOX collision (distance: 14.32)
[22:16:33] TERRAIN: Chunk created successfully: (6.0, 12.0) at world pos (192.0, 0.0, 384.0) (total chunks: 567)
[22:16:33] TERRAIN: Creating chunk: (6.0, -12.0) at distance 12.53
[22:16:33] TERRAIN: Chunk (6.0, -12.0): Using BOX collision (distance: 12.53)
[22:16:33] TERRAIN: Chunk created successfully: (6.0, -12.0) at world pos (192.0, 0.0, -384.0) (total chunks: 568)
[22:16:33] TERRAIN: Creating chunk: (-12.0, -6.0) at distance 13.00
[22:16:33] TERRAIN: Chunk (-12.0, -6.0): Using BOX collision (distance: 13.00)
[22:16:33] TERRAIN: Chunk created successfully: (-12.0, -6.0) at world pos (-384.0, 0.0, -192.0) (total chunks: 569)
[22:16:33] TERRAIN: Creating chunk: (10.0, -9.0) at distance 12.81
[22:16:33] TERRAIN: Chunk (10.0, -9.0): Using BOX collision (distance: 12.81)
[22:16:33] TERRAIN: Chunk created successfully: (10.0, -9.0) at world pos (320.0, 0.0, -288.0) (total chunks: 570)
[22:16:33] TERRAIN: Creating chunk: (9.0, 10.0) at distance 14.21
[22:16:33] TERRAIN: Chunk (9.0, 10.0): Using BOX collision (distance: 14.21)
[22:16:33] TERRAIN: Chunk created successfully: (9.0, 10.0) at world pos (288.0, 0.0, 320.0) (total chunks: 571)
[22:16:33] TERRAIN: Creating chunk: (10.0, 9.0) at distance 14.14
[22:16:33] TERRAIN: Chunk (10.0, 9.0): Using BOX collision (distance: 14.14)
[22:16:33] TERRAIN: Chunk created successfully: (10.0, 9.0) at world pos (320.0, 0.0, 288.0) (total chunks: 572)
[22:16:33] TERRAIN: Creating chunk: (9.0, -10.0) at distance 12.73
[22:16:33] TERRAIN: Chunk (9.0, -10.0): Using BOX collision (distance: 12.73)
[22:16:33] TERRAIN: Chunk created successfully: (9.0, -10.0) at world pos (288.0, 0.0, -320.0) (total chunks: 573)
[22:16:33] TERRAIN: Creating chunk: (-10.0, -9.0) at distance 12.81
[22:16:33] TERRAIN: Chunk (-10.0, -9.0): Using BOX collision (distance: 12.81)
[22:16:33] TERRAIN: Chunk created successfully: (-10.0, -9.0) at world pos (-320.0, 0.0, -288.0) (total chunks: 574)
[22:16:33] TERRAIN: Creating chunk: (-10.0, 9.0) at distance 14.14
[22:16:33] TERRAIN: Chunk (-10.0, 9.0): Using BOX collision (distance: 14.14)
[22:16:33] TERRAIN: Chunk created successfully: (-10.0, 9.0) at world pos (-320.0, 0.0, 288.0) (total chunks: 575)
[22:16:33] TERRAIN: Creating chunk: (-9.0, 10.0) at distance 14.21
[22:16:33] TERRAIN: Chunk (-9.0, 10.0): Using BOX collision (distance: 14.21)
[22:16:33] TERRAIN: Chunk created successfully: (-9.0, 10.0) at world pos (-288.0, 0.0, 320.0) (total chunks: 576)
[22:16:33] TERRAIN: Creating chunk: (-9.0, -10.0) at distance 12.73
[22:16:33] TERRAIN: Chunk (-9.0, -10.0): Using BOX collision (distance: 12.73)
[22:16:33] TERRAIN: Chunk created successfully: (-9.0, -10.0) at world pos (-288.0, 0.0, -320.0) (total chunks: 577)
[22:16:33] TERRAIN: Creating chunk: (-4.0, 13.0) at distance 14.56
[22:16:33] TERRAIN: Chunk (-4.0, 13.0): Using BOX collision (distance: 14.56)
[22:16:33] TERRAIN: Chunk created successfully: (-4.0, 13.0) at world pos (-128.0, 0.0, 416.0) (total chunks: 578)
[22:16:33] TERRAIN: Creating chunk: (4.0, -13.0) at distance 12.65
[22:16:33] TERRAIN: Chunk (4.0, -13.0): Using BOX collision (distance: 12.65)
[22:16:33] TERRAIN: Chunk created successfully: (4.0, -13.0) at world pos (128.0, 0.0, -416.0) (total chunks: 579)
[22:16:33] TERRAIN: Creating chunk: (-11.0, -8.0) at distance 13.04
[22:16:33] TERRAIN: Chunk (-11.0, -8.0): Using BOX collision (distance: 13.04)
[22:16:33] TERRAIN: Chunk created successfully: (-11.0, -8.0) at world pos (-352.0, 0.0, -256.0) (total chunks: 580)
[22:16:33] TERRAIN: Creating chunk: (13.0, 4.0) at distance 13.93
[22:16:33] TERRAIN: Chunk (13.0, 4.0): Using BOX collision (distance: 13.93)
[22:16:33] TERRAIN: Chunk created successfully: (13.0, 4.0) at world pos (416.0, 0.0, 128.0) (total chunks: 581)
[22:16:33] TERRAIN: Creating chunk: (4.0, 13.0) at distance 14.56
[22:16:33] TERRAIN: Chunk (4.0, 13.0): Using BOX collision (distance: 14.56)
[22:16:33] TERRAIN: Chunk created successfully: (4.0, 13.0) at world pos (128.0, 0.0, 416.0) (total chunks: 582)
[22:16:33] TERRAIN: Creating chunk: (13.0, -4.0) at distance 13.34
[22:16:33] TERRAIN: Chunk (13.0, -4.0): Using BOX collision (distance: 13.34)
[22:16:33] TERRAIN: Chunk created successfully: (13.0, -4.0) at world pos (416.0, 0.0, -128.0) (total chunks: 583)
[22:16:33] TERRAIN: Creating chunk: (11.0, -8.0) at distance 13.04
[22:16:33] TERRAIN: Chunk (11.0, -8.0): Using BOX collision (distance: 13.04)
[22:16:33] TERRAIN: Chunk created successfully: (11.0, -8.0) at world pos (352.0, 0.0, -256.0) (total chunks: 584)
[22:16:33] TERRAIN: Creating chunk: (8.0, 11.0) at distance 14.42
[22:16:33] TERRAIN: Chunk (8.0, 11.0): Using BOX collision (distance: 14.42)
[22:16:33] TERRAIN: Chunk created successfully: (8.0, 11.0) at world pos (256.0, 0.0, 352.0) (total chunks: 585)
[22:16:33] TERRAIN: Creating chunk: (-8.0, -11.0) at distance 12.81
[22:16:33] TERRAIN: Chunk (-8.0, -11.0): Using BOX collision (distance: 12.81)
[22:16:33] TERRAIN: Chunk created successfully: (-8.0, -11.0) at world pos (-256.0, 0.0, -352.0) (total chunks: 586)
[22:16:33] TERRAIN: Creating chunk: (-11.0, 8.0) at distance 14.21
[22:16:33] TERRAIN: Chunk (-11.0, 8.0): Using BOX collision (distance: 14.21)
[22:16:33] TERRAIN: Chunk created successfully: (-11.0, 8.0) at world pos (-352.0, 0.0, 256.0) (total chunks: 587)
[22:16:33] TERRAIN: Creating chunk: (8.0, -11.0) at distance 12.81
[22:16:33] TERRAIN: Chunk (8.0, -11.0): Using BOX collision (distance: 12.81)
[22:16:33] TERRAIN: Chunk created successfully: (8.0, -11.0) at world pos (256.0, 0.0, -352.0) (total chunks: 588)
[22:16:33] TERRAIN: Creating chunk: (-4.0, -13.0) at distance 12.65
[22:16:33] TERRAIN: Chunk (-4.0, -13.0): Using BOX collision (distance: 12.65)
[22:16:33] TERRAIN: Chunk created successfully: (-4.0, -13.0) at world pos (-128.0, 0.0, -416.0) (total chunks: 589)
[22:16:33] TERRAIN: Creating chunk: (-13.0, 4.0) at distance 13.93
[22:16:33] TERRAIN: Chunk (-13.0, 4.0): Using BOX collision (distance: 13.93)
[22:16:33] TERRAIN: Chunk created successfully: (-13.0, 4.0) at world pos (-416.0, 0.0, 128.0) (total chunks: 590)
[22:16:33] TERRAIN: Creating chunk: (-8.0, 11.0) at distance 14.42
[22:16:33] TERRAIN: Chunk (-8.0, 11.0): Using BOX collision (distance: 14.42)
[22:16:33] TERRAIN: Chunk created successfully: (-8.0, 11.0) at world pos (-256.0, 0.0, 352.0) (total chunks: 591)
[22:16:33] TERRAIN: Creating chunk: (-13.0, -4.0) at distance 13.34
[22:16:33] TERRAIN: Chunk (-13.0, -4.0): Using BOX collision (distance: 13.34)
[22:16:33] TERRAIN: Chunk created successfully: (-13.0, -4.0) at world pos (-416.0, 0.0, -128.0) (total chunks: 592)
[22:16:33] TERRAIN: Creating chunk: (11.0, 8.0) at distance 14.21
[22:16:33] TERRAIN: Chunk (11.0, 8.0): Using BOX collision (distance: 14.21)
[22:16:33] TERRAIN: Chunk created successfully: (11.0, 8.0) at world pos (352.0, 0.0, 256.0) (total chunks: 593)
[22:16:33] TERRAIN: Creating chunk: (12.0, 7.0) at distance 14.42
[22:16:33] TERRAIN: Chunk (12.0, 7.0): Using BOX collision (distance: 14.42)
[22:16:33] TERRAIN: Chunk created successfully: (12.0, 7.0) at world pos (384.0, 0.0, 224.0) (total chunks: 594)
[22:16:33] TERRAIN: Creating chunk: (-12.0, -7.0) at distance 13.42
[22:16:33] TERRAIN: Chunk (-12.0, -7.0): Using BOX collision (distance: 13.42)
[22:16:33] TERRAIN: Chunk created successfully: (-12.0, -7.0) at world pos (-384.0, 0.0, -224.0) (total chunks: 595)
[22:16:33] TERRAIN: Creating chunk: (-12.0, 7.0) at distance 14.42
[22:16:33] TERRAIN: Chunk (-12.0, 7.0): Using BOX collision (distance: 14.42)
[22:16:33] TERRAIN: Chunk created successfully: (-12.0, 7.0) at world pos (-384.0, 0.0, 224.0) (total chunks: 596)
[22:16:33] TERRAIN: Creating chunk: (-7.0, 12.0) at distance 14.76
[22:16:33] TERRAIN: Chunk (-7.0, 12.0): Using BOX collision (distance: 14.76)
[22:16:33] TERRAIN: Chunk created successfully: (-7.0, 12.0) at world pos (-224.0, 0.0, 384.0) (total chunks: 597)
[22:16:33] TERRAIN: Creating chunk: (7.0, -12.0) at distance 13.04
[22:16:33] TERRAIN: Chunk (7.0, -12.0): Using BOX collision (distance: 13.04)
[22:16:33] TERRAIN: Chunk created successfully: (7.0, -12.0) at world pos (224.0, 0.0, -384.0) (total chunks: 598)
[22:16:33] TERRAIN: Creating chunk: (-7.0, -12.0) at distance 13.04
[22:16:33] TERRAIN: Chunk (-7.0, -12.0): Using BOX collision (distance: 13.04)
[22:16:33] TERRAIN: Chunk created successfully: (-7.0, -12.0) at world pos (-224.0, 0.0, -384.0) (total chunks: 599)
[22:16:33] TERRAIN: Creating chunk: (7.0, 12.0) at distance 14.76
[22:16:33] TERRAIN: Chunk (7.0, 12.0): Using BOX collision (distance: 14.76)
[22:16:33] TERRAIN: Chunk created successfully: (7.0, 12.0) at world pos (224.0, 0.0, 384.0) (total chunks: 600)
[22:16:33] TERRAIN: Creating chunk: (12.0, -7.0) at distance 13.42
[22:16:33] TERRAIN: Chunk (12.0, -7.0): Using BOX collision (distance: 13.42)
[22:16:33] TERRAIN: Chunk created successfully: (12.0, -7.0) at world pos (384.0, 0.0, -224.0) (total chunks: 601)
[22:16:33] TERRAIN: Creating chunk: (5.0, 13.0) at distance 14.87
[22:16:33] TERRAIN: Chunk (5.0, 13.0): Using BOX collision (distance: 14.87)
[22:16:33] TERRAIN: Chunk created successfully: (5.0, 13.0) at world pos (160.0, 0.0, 416.0) (total chunks: 602)
[22:16:33] TERRAIN: Creating chunk: (-5.0, 13.0) at distance 14.87
[22:16:33] TERRAIN: Chunk (-5.0, 13.0): Using BOX collision (distance: 14.87)
[22:16:33] TERRAIN: Chunk created successfully: (-5.0, 13.0) at world pos (-160.0, 0.0, 416.0) (total chunks: 603)
[22:16:33] TERRAIN: Creating chunk: (-5.0, -13.0) at distance 13.00
[22:16:33] TERRAIN: Chunk (-5.0, -13.0): Using BOX collision (distance: 13.00)
[22:16:33] TERRAIN: Chunk created successfully: (-5.0, -13.0) at world pos (-160.0, 0.0, -416.0) (total chunks: 604)
[22:16:33] TERRAIN: Creating chunk: (5.0, -13.0) at distance 13.00
[22:16:33] TERRAIN: Chunk (5.0, -13.0): Using BOX collision (distance: 13.00)
[22:16:33] TERRAIN: Chunk created successfully: (5.0, -13.0) at world pos (160.0, 0.0, -416.0) (total chunks: 605)
[22:16:33] TERRAIN: Creating chunk: (13.0, -5.0) at distance 13.60
[22:16:33] TERRAIN: Chunk (13.0, -5.0): Using BOX collision (distance: 13.60)
[22:16:33] TERRAIN: Chunk created successfully: (13.0, -5.0) at world pos (416.0, 0.0, -160.0) (total chunks: 606)
[22:16:33] TERRAIN: Creating chunk: (13.0, 5.0) at distance 14.32
[22:16:33] TERRAIN: Chunk (13.0, 5.0): Using BOX collision (distance: 14.32)
[22:16:33] TERRAIN: Chunk created successfully: (13.0, 5.0) at world pos (416.0, 0.0, 160.0) (total chunks: 607)
[22:16:33] TERRAIN: Creating chunk: (-13.0, 5.0) at distance 14.32
[22:16:33] TERRAIN: Chunk (-13.0, 5.0): Using BOX collision (distance: 14.32)
[22:16:33] TERRAIN: Chunk created successfully: (-13.0, 5.0) at world pos (-416.0, 0.0, 160.0) (total chunks: 608)
[22:16:33] TERRAIN: Creating chunk: (-13.0, -5.0) at distance 13.60
[22:16:33] TERRAIN: Chunk (-13.0, -5.0): Using BOX collision (distance: 13.60)
[22:16:33] TERRAIN: Chunk created successfully: (-13.0, -5.0) at world pos (-416.0, 0.0, -160.0) (total chunks: 609)
[22:16:33] TERRAIN: Creating chunk: (14.0, 0.0) at distance 14.04
[22:16:33] TERRAIN: Chunk (14.0, 0.0): Using BOX collision (distance: 14.04)
[22:16:33] TERRAIN: Chunk created successfully: (14.0, 0.0) at world pos (448.0, 0.0, 0.0) (total chunks: 610)
[22:16:33] TERRAIN: Creating chunk: (0.0, -14.0) at distance 13.00
[22:16:33] TERRAIN: Chunk (0.0, -14.0): Using BOX collision (distance: 13.00)
[22:16:33] TERRAIN: Chunk created successfully: (0.0, -14.0) at world pos (0.0, 0.0, -448.0) (total chunks: 611)
[22:16:33] TERRAIN: Creating chunk: (-14.0, 0.0) at distance 14.04
[22:16:33] TERRAIN: Chunk (-14.0, 0.0): Using BOX collision (distance: 14.04)
[22:16:33] TERRAIN: Chunk created successfully: (-14.0, 0.0) at world pos (-448.0, 0.0, 0.0) (total chunks: 612)
[22:16:33] TERRAIN: Creating chunk: (0.0, 14.0) at distance 15.00
[22:16:33] TERRAIN: Chunk (0.0, 14.0): Using BOX collision (distance: 15.00)
[22:16:33] TERRAIN: Chunk created successfully: (0.0, 14.0) at world pos (0.0, 0.0, 448.0) (total chunks: 613)
[22:16:33] TERRAIN: Creating chunk: (14.0, 1.0) at distance 14.14
[22:16:33] TERRAIN: Chunk (14.0, 1.0): Using BOX collision (distance: 14.14)
[22:16:33] TERRAIN: Chunk created successfully: (14.0, 1.0) at world pos (448.0, 0.0, 32.0) (total chunks: 614)
[22:16:33] TERRAIN: Creating chunk: (14.0, -1.0) at distance 14.00
[22:16:33] TERRAIN: Chunk (14.0, -1.0): Using BOX collision (distance: 14.00)
[22:16:33] TERRAIN: Chunk created successfully: (14.0, -1.0) at world pos (448.0, 0.0, -32.0) (total chunks: 615)
[22:16:33] TERRAIN: Creating chunk: (-14.0, 1.0) at distance 14.14
[22:16:33] TERRAIN: Chunk (-14.0, 1.0): Using BOX collision (distance: 14.14)
[22:16:33] TERRAIN: Chunk created successfully: (-14.0, 1.0) at world pos (-448.0, 0.0, 32.0) (total chunks: 616)
[22:16:33] TERRAIN: Creating chunk: (-1.0, -14.0) at distance 13.04
[22:16:33] TERRAIN: Chunk (-1.0, -14.0): Using BOX collision (distance: 13.04)
[22:16:33] TERRAIN: Chunk created successfully: (-1.0, -14.0) at world pos (-32.0, 0.0, -448.0) (total chunks: 617)
[22:16:33] TERRAIN: Creating chunk: (-14.0, -1.0) at distance 14.00
[22:16:33] TERRAIN: Chunk (-14.0, -1.0): Using BOX collision (distance: 14.00)
[22:16:33] TERRAIN: Chunk created successfully: (-14.0, -1.0) at world pos (-448.0, 0.0, -32.0) (total chunks: 618)
[22:16:33] TERRAIN: Creating chunk: (1.0, -14.0) at distance 13.04
[22:16:33] TERRAIN: Chunk (1.0, -14.0): Using BOX collision (distance: 13.04)
[22:16:33] TERRAIN: Chunk created successfully: (1.0, -14.0) at world pos (32.0, 0.0, -448.0) (total chunks: 619)
[22:16:33] TERRAIN: Creating chunk: (-10.0, 10.0) at distance 14.87
[22:16:33] TERRAIN: Chunk (-10.0, 10.0): Using BOX collision (distance: 14.87)
[22:16:33] TERRAIN: Chunk created successfully: (-10.0, 10.0) at world pos (-320.0, 0.0, 320.0) (total chunks: 620)
[22:16:33] TERRAIN: Creating chunk: (-10.0, -10.0) at distance 13.45
[22:16:33] TERRAIN: Chunk (-10.0, -10.0): Using BOX collision (distance: 13.45)
[22:16:33] TERRAIN: Chunk created successfully: (-10.0, -10.0) at world pos (-320.0, 0.0, -320.0) (total chunks: 621)
[22:16:33] TERRAIN: Creating chunk: (10.0, -10.0) at distance 13.45
[22:16:33] TERRAIN: Chunk (10.0, -10.0): Using BOX collision (distance: 13.45)
[22:16:33] TERRAIN: Chunk created successfully: (10.0, -10.0) at world pos (320.0, 0.0, -320.0) (total chunks: 622)
[22:16:33] TERRAIN: Creating chunk: (-14.0, 2.0) at distance 14.32
[22:16:33] TERRAIN: Chunk (-14.0, 2.0): Using BOX collision (distance: 14.32)
[22:16:33] TERRAIN: Chunk created successfully: (-14.0, 2.0) at world pos (-448.0, 0.0, 64.0) (total chunks: 623)
[22:16:33] TERRAIN: Creating chunk: (-2.0, -14.0) at distance 13.15
[22:16:33] TERRAIN: Chunk (-2.0, -14.0): Using BOX collision (distance: 13.15)
[22:16:33] TERRAIN: Chunk created successfully: (-2.0, -14.0) at world pos (-64.0, 0.0, -448.0) (total chunks: 624)
[22:16:33] TERRAIN: Creating chunk: (10.0, 10.0) at distance 14.87
[22:16:33] TERRAIN: Chunk (10.0, 10.0): Using BOX collision (distance: 14.87)
[22:16:33] TERRAIN: Chunk created successfully: (10.0, 10.0) at world pos (320.0, 0.0, 320.0) (total chunks: 625)
[22:16:33] TERRAIN: Creating chunk: (-14.0, -2.0) at distance 14.04
[22:16:33] TERRAIN: Chunk (-14.0, -2.0): Using BOX collision (distance: 14.04)
[22:16:33] TERRAIN: Chunk created successfully: (-14.0, -2.0) at world pos (-448.0, 0.0, -64.0) (total chunks: 626)
[22:16:33] TERRAIN: Creating chunk: (2.0, -14.0) at distance 13.15
[22:16:33] TERRAIN: Chunk (2.0, -14.0): Using BOX collision (distance: 13.15)
[22:16:33] TERRAIN: Chunk created successfully: (2.0, -14.0) at world pos (64.0, 0.0, -448.0) (total chunks: 627)
[22:16:33] TERRAIN: Creating chunk: (14.0, 2.0) at distance 14.32
[22:16:33] TERRAIN: Chunk (14.0, 2.0): Using BOX collision (distance: 14.32)
[22:16:33] TERRAIN: Chunk created successfully: (14.0, 2.0) at world pos (448.0, 0.0, 64.0) (total chunks: 628)
[22:16:33] TERRAIN: Creating chunk: (14.0, -2.0) at distance 14.04
[22:16:33] TERRAIN: Chunk (14.0, -2.0): Using BOX collision (distance: 14.04)
[22:16:33] TERRAIN: Chunk created successfully: (14.0, -2.0) at world pos (448.0, 0.0, -64.0) (total chunks: 629)
[22:16:33] TERRAIN: Creating chunk: (-9.0, -11.0) at distance 13.45
[22:16:33] TERRAIN: Chunk (-9.0, -11.0): Using BOX collision (distance: 13.45)
[22:16:33] TERRAIN: Chunk created successfully: (-9.0, -11.0) at world pos (-288.0, 0.0, -352.0) (total chunks: 630)
[22:16:33] TERRAIN: Creating chunk: (9.0, 11.0) at distance 15.00
[22:16:33] TERRAIN: Chunk (9.0, 11.0): Using BOX collision (distance: 15.00)
[22:16:33] TERRAIN: Chunk created successfully: (9.0, 11.0) at world pos (288.0, 0.0, 352.0) (total chunks: 631)
[22:16:33] TERRAIN: Creating chunk: (-9.0, 11.0) at distance 15.00
[22:16:33] TERRAIN: Chunk (-9.0, 11.0): Using BOX collision (distance: 15.00)
[22:16:33] TERRAIN: Chunk created successfully: (-9.0, 11.0) at world pos (-288.0, 0.0, 352.0) (total chunks: 632)
[22:16:33] TERRAIN: Creating chunk: (9.0, -11.0) at distance 13.45
[22:16:33] TERRAIN: Chunk (9.0, -11.0): Using BOX collision (distance: 13.45)
[22:16:33] TERRAIN: Chunk created successfully: (9.0, -11.0) at world pos (288.0, 0.0, -352.0) (total chunks: 633)
[22:16:33] TERRAIN: Creating chunk: (11.0, -9.0) at distance 13.60
[22:16:33] TERRAIN: Chunk (11.0, -9.0): Using BOX collision (distance: 13.60)
[22:16:33] TERRAIN: Chunk created successfully: (11.0, -9.0) at world pos (352.0, 0.0, -288.0) (total chunks: 634)
[22:16:33] TERRAIN: Creating chunk: (-11.0, -9.0) at distance 13.60
[22:16:33] TERRAIN: Chunk (-11.0, -9.0): Using BOX collision (distance: 13.60)
[22:16:33] TERRAIN: Chunk created successfully: (-11.0, -9.0) at world pos (-352.0, 0.0, -288.0) (total chunks: 635)
[22:16:33] TERRAIN: Creating chunk: (11.0, 9.0) at distance 14.87
[22:16:33] TERRAIN: Chunk (11.0, 9.0): Using BOX collision (distance: 14.87)
[22:16:33] TERRAIN: Chunk created successfully: (11.0, 9.0) at world pos (352.0, 0.0, 288.0) (total chunks: 636)
[22:16:33] TERRAIN: Creating chunk: (-11.0, 9.0) at distance 14.87
[22:16:33] TERRAIN: Chunk (-11.0, 9.0): Using BOX collision (distance: 14.87)
[22:16:33] TERRAIN: Chunk created successfully: (-11.0, 9.0) at world pos (-352.0, 0.0, 288.0) (total chunks: 637)
[22:16:33] TERRAIN: Creating chunk: (6.0, -13.0) at distance 13.42
[22:16:33] TERRAIN: Chunk (6.0, -13.0): Using BOX collision (distance: 13.42)
[22:16:33] TERRAIN: Chunk created successfully: (6.0, -13.0) at world pos (192.0, 0.0, -416.0) (total chunks: 638)
[22:16:33] TERRAIN: Creating chunk: (14.0, -3.0) at distance 14.14
[22:16:33] TERRAIN: Chunk (14.0, -3.0): Using BOX collision (distance: 14.14)
[22:16:33] TERRAIN: Chunk created successfully: (14.0, -3.0) at world pos (448.0, 0.0, -96.0) (total chunks: 639)
[22:16:33] TERRAIN: Creating chunk: (-13.0, 6.0) at distance 14.76
[22:16:33] TERRAIN: Chunk (-13.0, 6.0): Using BOX collision (distance: 14.76)
[22:16:33] TERRAIN: Chunk created successfully: (-13.0, 6.0) at world pos (-416.0, 0.0, 192.0) (total chunks: 640)
[22:16:33] TERRAIN: Creating chunk: (-13.0, -6.0) at distance 13.93
[22:16:33] TERRAIN: Chunk (-13.0, -6.0): Using BOX collision (distance: 13.93)
[22:16:33] TERRAIN: Chunk created successfully: (-13.0, -6.0) at world pos (-416.0, 0.0, -192.0) (total chunks: 641)
[22:16:33] TERRAIN: Creating chunk: (-6.0, -13.0) at distance 13.42
[22:16:33] TERRAIN: Chunk (-6.0, -13.0): Using BOX collision (distance: 13.42)
[22:16:33] TERRAIN: Chunk created successfully: (-6.0, -13.0) at world pos (-192.0, 0.0, -416.0) (total chunks: 642)
[22:16:33] TERRAIN: Creating chunk: (-14.0, 3.0) at distance 14.56
[22:16:33] TERRAIN: Chunk (-14.0, 3.0): Using BOX collision (distance: 14.56)
[22:16:33] TERRAIN: Chunk created successfully: (-14.0, 3.0) at world pos (-448.0, 0.0, 96.0) (total chunks: 643)
[22:16:33] TERRAIN: Creating chunk: (-3.0, -14.0) at distance 13.34
[22:16:33] TERRAIN: Chunk (-3.0, -14.0): Using BOX collision (distance: 13.34)
[22:16:33] TERRAIN: Chunk created successfully: (-3.0, -14.0) at world pos (-96.0, 0.0, -448.0) (total chunks: 644)
[22:16:33] TERRAIN: Creating chunk: (13.0, 6.0) at distance 14.76
[22:16:33] TERRAIN: Chunk (13.0, 6.0): Using BOX collision (distance: 14.76)
[22:16:33] TERRAIN: Chunk created successfully: (13.0, 6.0) at world pos (416.0, 0.0, 192.0) (total chunks: 645)
[22:16:33] TERRAIN: Creating chunk: (13.0, -6.0) at distance 13.93
[22:16:33] TERRAIN: Chunk (13.0, -6.0): Using BOX collision (distance: 13.93)
[22:16:33] TERRAIN: Chunk created successfully: (13.0, -6.0) at world pos (416.0, 0.0, -192.0) (total chunks: 646)
[22:16:33] TERRAIN: Creating chunk: (3.0, -14.0) at distance 13.34
[22:16:33] TERRAIN: Chunk (3.0, -14.0): Using BOX collision (distance: 13.34)
[22:16:33] TERRAIN: Chunk created successfully: (3.0, -14.0) at world pos (96.0, 0.0, -448.0) (total chunks: 647)
[22:16:33] TERRAIN: Creating chunk: (14.0, 3.0) at distance 14.56
[22:16:33] TERRAIN: Chunk (14.0, 3.0): Using BOX collision (distance: 14.56)
[22:16:33] TERRAIN: Chunk created successfully: (14.0, 3.0) at world pos (448.0, 0.0, 96.0) (total chunks: 648)
[22:16:33] TERRAIN: Creating chunk: (-14.0, -3.0) at distance 14.14
[22:16:33] TERRAIN: Chunk (-14.0, -3.0): Using BOX collision (distance: 14.14)
[22:16:33] TERRAIN: Chunk created successfully: (-14.0, -3.0) at world pos (-448.0, 0.0, -96.0) (total chunks: 649)
[22:16:33] TERRAIN: Creating chunk: (-8.0, -12.0) at distance 13.60
[22:16:33] TERRAIN: Chunk (-8.0, -12.0): Using BOX collision (distance: 13.60)
[22:16:33] TERRAIN: Chunk created successfully: (-8.0, -12.0) at world pos (-256.0, 0.0, -384.0) (total chunks: 650)
[22:16:33] TERRAIN: Creating chunk: (8.0, -12.0) at distance 13.60
[22:16:33] TERRAIN: Chunk (8.0, -12.0): Using BOX collision (distance: 13.60)
[22:16:33] TERRAIN: Chunk created successfully: (8.0, -12.0) at world pos (256.0, 0.0, -384.0) (total chunks: 651)
[22:16:33] TERRAIN: Creating chunk: (-12.0, 8.0) at distance 15.00
[22:16:33] TERRAIN: Chunk (-12.0, 8.0): Using BOX collision (distance: 15.00)
[22:16:33] TERRAIN: Chunk created successfully: (-12.0, 8.0) at world pos (-384.0, 0.0, 256.0) (total chunks: 652)
[22:16:33] TERRAIN: Creating chunk: (-12.0, -8.0) at distance 13.89
[22:16:33] TERRAIN: Chunk (-12.0, -8.0): Using BOX collision (distance: 13.89)
[22:16:33] TERRAIN: Chunk created successfully: (-12.0, -8.0) at world pos (-384.0, 0.0, -256.0) (total chunks: 653)
[22:16:33] TERRAIN: Creating chunk: (12.0, 8.0) at distance 15.00
[22:16:33] TERRAIN: Chunk (12.0, 8.0): Using BOX collision (distance: 15.00)
[22:16:33] TERRAIN: Chunk created successfully: (12.0, 8.0) at world pos (384.0, 0.0, 256.0) (total chunks: 654)
[22:16:33] TERRAIN: Creating chunk: (12.0, -8.0) at distance 13.89
[22:16:33] TERRAIN: Chunk (12.0, -8.0): Using BOX collision (distance: 13.89)
[22:16:33] TERRAIN: Chunk created successfully: (12.0, -8.0) at world pos (384.0, 0.0, -256.0) (total chunks: 655)
[22:16:33] TERRAIN: Creating chunk: (14.0, -4.0) at distance 14.32
[22:16:33] TERRAIN: Chunk (14.0, -4.0): Using BOX collision (distance: 14.32)
[22:16:33] TERRAIN: Chunk created successfully: (14.0, -4.0) at world pos (448.0, 0.0, -128.0) (total chunks: 656)
[22:16:33] TERRAIN: Creating chunk: (-14.0, 4.0) at distance 14.87
[22:16:33] TERRAIN: Chunk (-14.0, 4.0): Using BOX collision (distance: 14.87)
[22:16:33] TERRAIN: Chunk created successfully: (-14.0, 4.0) at world pos (-448.0, 0.0, 128.0) (total chunks: 657)
[22:16:33] TERRAIN: Creating chunk: (14.0, 4.0) at distance 14.87
[22:16:33] TERRAIN: Chunk (14.0, 4.0): Using BOX collision (distance: 14.87)
[22:16:33] TERRAIN: Chunk created successfully: (14.0, 4.0) at world pos (448.0, 0.0, 128.0) (total chunks: 658)
[22:16:33] TERRAIN: Creating chunk: (-14.0, -4.0) at distance 14.32
[22:16:33] TERRAIN: Chunk (-14.0, -4.0): Using BOX collision (distance: 14.32)
[22:16:33] TERRAIN: Chunk created successfully: (-14.0, -4.0) at world pos (-448.0, 0.0, -128.0) (total chunks: 659)
[22:16:33] TERRAIN: Creating chunk: (-4.0, -14.0) at distance 13.60
[22:16:33] TERRAIN: Chunk (-4.0, -14.0): Using BOX collision (distance: 13.60)
[22:16:33] TERRAIN: Chunk created successfully: (-4.0, -14.0) at world pos (-128.0, 0.0, -448.0) (total chunks: 660)
[22:16:33] TERRAIN: Creating chunk: (4.0, -14.0) at distance 13.60
[22:16:33] TERRAIN: Chunk (4.0, -14.0): Using BOX collision (distance: 13.60)
[22:16:33] TERRAIN: Chunk created successfully: (4.0, -14.0) at world pos (128.0, 0.0, -448.0) (total chunks: 661)
[22:16:33] TERRAIN: Creating chunk: (7.0, -13.0) at distance 13.89
[22:16:33] TERRAIN: Chunk (7.0, -13.0): Using BOX collision (distance: 13.89)
[22:16:33] TERRAIN: Chunk created successfully: (7.0, -13.0) at world pos (224.0, 0.0, -416.0) (total chunks: 662)
[22:16:33] TERRAIN: Creating chunk: (-13.0, -7.0) at distance 14.32
[22:16:33] TERRAIN: Chunk (-13.0, -7.0): Using BOX collision (distance: 14.32)
[22:16:33] TERRAIN: Chunk created successfully: (-13.0, -7.0) at world pos (-416.0, 0.0, -224.0) (total chunks: 663)
[22:16:33] TERRAIN: Creating chunk: (13.0, -7.0) at distance 14.32
[22:16:33] TERRAIN: Chunk (13.0, -7.0): Using BOX collision (distance: 14.32)
[22:16:33] TERRAIN: Chunk created successfully: (13.0, -7.0) at world pos (416.0, 0.0, -224.0) (total chunks: 664)
[22:16:33] TERRAIN: Creating chunk: (-7.0, -13.0) at distance 13.89
[22:16:33] TERRAIN: Chunk (-7.0, -13.0): Using BOX collision (distance: 13.89)
[22:16:33] TERRAIN: Chunk created successfully: (-7.0, -13.0) at world pos (-224.0, 0.0, -416.0) (total chunks: 665)
[22:16:33] TERRAIN: Creating chunk: (-5.0, -14.0) at distance 13.93
[22:16:33] TERRAIN: Chunk (-5.0, -14.0): Using BOX collision (distance: 13.93)
[22:16:33] TERRAIN: Chunk created successfully: (-5.0, -14.0) at world pos (-160.0, 0.0, -448.0) (total chunks: 666)
[22:16:33] TERRAIN: Creating chunk: (5.0, -14.0) at distance 13.93
[22:16:33] TERRAIN: Chunk (5.0, -14.0): Using BOX collision (distance: 13.93)
[22:16:33] TERRAIN: Chunk created successfully: (5.0, -14.0) at world pos (160.0, 0.0, -448.0) (total chunks: 667)
[22:16:33] TERRAIN: Creating chunk: (-11.0, -10.0) at distance 14.21
[22:16:33] TERRAIN: Chunk (-11.0, -10.0): Using BOX collision (distance: 14.21)
[22:16:33] TERRAIN: Chunk created successfully: (-11.0, -10.0) at world pos (-352.0, 0.0, -320.0) (total chunks: 668)
[22:16:33] TERRAIN: Creating chunk: (10.0, -11.0) at distance 14.14
[22:16:33] TERRAIN: Chunk (10.0, -11.0): Using BOX collision (distance: 14.14)
[22:16:33] TERRAIN: Chunk created successfully: (10.0, -11.0) at world pos (320.0, 0.0, -352.0) (total chunks: 669)
[22:16:33] TERRAIN: Creating chunk: (-10.0, -11.0) at distance 14.14
[22:16:33] TERRAIN: Chunk (-10.0, -11.0): Using BOX collision (distance: 14.14)
[22:16:33] TERRAIN: Chunk created successfully: (-10.0, -11.0) at world pos (-320.0, 0.0, -352.0) (total chunks: 670)
[22:16:33] TERRAIN: Creating chunk: (-14.0, -5.0) at distance 14.56
[22:16:33] TERRAIN: Chunk (-14.0, -5.0): Using BOX collision (distance: 14.56)
[22:16:33] TERRAIN: Chunk created successfully: (-14.0, -5.0) at world pos (-448.0, 0.0, -160.0) (total chunks: 671)
[22:16:33] TERRAIN: Creating chunk: (11.0, -10.0) at distance 14.21
[22:16:33] TERRAIN: Chunk (11.0, -10.0): Using BOX collision (distance: 14.21)
[22:16:33] TERRAIN: Chunk created successfully: (11.0, -10.0) at world pos (352.0, 0.0, -320.0) (total chunks: 672)
[22:16:33] TERRAIN: Creating chunk: (14.0, -5.0) at distance 14.56
[22:16:33] TERRAIN: Chunk (14.0, -5.0): Using BOX collision (distance: 14.56)
[22:16:33] TERRAIN: Chunk created successfully: (14.0, -5.0) at world pos (448.0, 0.0, -160.0) (total chunks: 673)
[22:16:33] TERRAIN: Creating chunk: (-12.0, -9.0) at distance 14.42
[22:16:33] TERRAIN: Chunk (-12.0, -9.0): Using BOX collision (distance: 14.42)
[22:16:33] TERRAIN: Chunk created successfully: (-12.0, -9.0) at world pos (-384.0, 0.0, -288.0) (total chunks: 674)
[22:16:33] TERRAIN: Creating chunk: (9.0, -12.0) at distance 14.21
[22:16:33] TERRAIN: Chunk (9.0, -12.0): Using BOX collision (distance: 14.21)
[22:16:33] TERRAIN: Chunk created successfully: (9.0, -12.0) at world pos (288.0, 0.0, -384.0) (total chunks: 675)
[22:16:33] TERRAIN: Creating chunk: (12.0, -9.0) at distance 14.42
[22:16:33] TERRAIN: Chunk (12.0, -9.0): Using BOX collision (distance: 14.42)
[22:16:33] TERRAIN: Chunk created successfully: (12.0, -9.0) at world pos (384.0, 0.0, -288.0) (total chunks: 676)
[22:16:33] TERRAIN: Creating chunk: (0.0, -15.0) at distance 14.00
[22:16:33] TERRAIN: Chunk (0.0, -15.0): Using BOX collision (distance: 14.00)
[22:16:33] TERRAIN: Chunk created successfully: (0.0, -15.0) at world pos (0.0, 0.0, -480.0) (total chunks: 677)
[22:16:33] TERRAIN: Creating chunk: (-9.0, -12.0) at distance 14.21
[22:16:33] TERRAIN: Chunk (-9.0, -12.0): Using BOX collision (distance: 14.21)
[22:16:33] TERRAIN: Chunk created successfully: (-9.0, -12.0) at world pos (-288.0, 0.0, -384.0) (total chunks: 678)
[22:16:33] TERRAIN: Creating chunk: (15.0, -1.0) at distance 15.00
[22:16:33] TERRAIN: Chunk (15.0, -1.0): Using BOX collision (distance: 15.00)
[22:16:33] TERRAIN: Chunk created successfully: (15.0, -1.0) at world pos (480.0, 0.0, -32.0) (total chunks: 679)
[22:16:33] TERRAIN: Creating chunk: (1.0, -15.0) at distance 14.04
[22:16:33] TERRAIN: Chunk (1.0, -15.0): Using BOX collision (distance: 14.04)
[22:16:33] TERRAIN: Chunk created successfully: (1.0, -15.0) at world pos (32.0, 0.0, -480.0) (total chunks: 680)
[22:16:33] TERRAIN: Creating chunk: (-15.0, -1.0) at distance 15.00
[22:16:33] TERRAIN: Chunk (-15.0, -1.0): Using BOX collision (distance: 15.00)
[22:16:33] TERRAIN: Chunk created successfully: (-15.0, -1.0) at world pos (-480.0, 0.0, -32.0) (total chunks: 681)
[22:16:33] TERRAIN: Creating chunk: (-1.0, -15.0) at distance 14.04
[22:16:33] TERRAIN: Chunk (-1.0, -15.0): Using BOX collision (distance: 14.04)
[22:16:33] TERRAIN: Chunk created successfully: (-1.0, -15.0) at world pos (-32.0, 0.0, -480.0) (total chunks: 682)
[22:16:33] TERRAIN: Creating chunk: (-2.0, -15.0) at distance 14.14
[22:16:33] TERRAIN: Chunk (-2.0, -15.0): Using BOX collision (distance: 14.14)
[22:16:33] TERRAIN: Chunk created successfully: (-2.0, -15.0) at world pos (-64.0, 0.0, -480.0) (total chunks: 683)
[22:16:33] TERRAIN: Creating chunk: (2.0, -15.0) at distance 14.14
[22:16:33] TERRAIN: Chunk (2.0, -15.0): Using BOX collision (distance: 14.14)
[22:16:33] TERRAIN: Chunk created successfully: (2.0, -15.0) at world pos (64.0, 0.0, -480.0) (total chunks: 684)
[22:16:33] TERRAIN: Creating chunk: (-14.0, -6.0) at distance 14.87
[22:16:33] TERRAIN: Chunk (-14.0, -6.0): Using BOX collision (distance: 14.87)
[22:16:33] TERRAIN: Chunk created successfully: (-14.0, -6.0) at world pos (-448.0, 0.0, -192.0) (total chunks: 685)
[22:16:33] TERRAIN: Creating chunk: (6.0, -14.0) at distance 14.32
[22:16:33] TERRAIN: Chunk (6.0, -14.0): Using BOX collision (distance: 14.32)
[22:16:33] TERRAIN: Chunk created successfully: (6.0, -14.0) at world pos (192.0, 0.0, -448.0) (total chunks: 686)
[22:16:33] TERRAIN: Creating chunk: (-6.0, -14.0) at distance 14.32
[22:16:33] TERRAIN: Chunk (-6.0, -14.0): Using BOX collision (distance: 14.32)
[22:16:33] TERRAIN: Chunk created successfully: (-6.0, -14.0) at world pos (-192.0, 0.0, -448.0) (total chunks: 687)
[22:16:33] TERRAIN: Creating chunk: (14.0, -6.0) at distance 14.87
[22:16:33] TERRAIN: Chunk (14.0, -6.0): Using BOX collision (distance: 14.87)
[22:16:33] TERRAIN: Chunk created successfully: (14.0, -6.0) at world pos (448.0, 0.0, -192.0) (total chunks: 688)
[22:16:33] TERRAIN: Creating chunk: (13.0, -8.0) at distance 14.76
[22:16:33] TERRAIN: Chunk (13.0, -8.0): Using BOX collision (distance: 14.76)
[22:16:33] TERRAIN: Chunk created successfully: (13.0, -8.0) at world pos (416.0, 0.0, -256.0) (total chunks: 689)
[22:16:33] TERRAIN: Creating chunk: (-13.0, -8.0) at distance 14.76
[22:16:33] TERRAIN: Chunk (-13.0, -8.0): Using BOX collision (distance: 14.76)
[22:16:33] TERRAIN: Chunk created successfully: (-13.0, -8.0) at world pos (-416.0, 0.0, -256.0) (total chunks: 690)
[22:16:33] TERRAIN: Creating chunk: (-8.0, -13.0) at distance 14.42
[22:16:33] TERRAIN: Chunk (-8.0, -13.0): Using BOX collision (distance: 14.42)
[22:16:33] TERRAIN: Chunk created successfully: (-8.0, -13.0) at world pos (-256.0, 0.0, -416.0) (total chunks: 691)
[22:16:33] TERRAIN: Creating chunk: (8.0, -13.0) at distance 14.42
[22:16:33] TERRAIN: Chunk (8.0, -13.0): Using BOX collision (distance: 14.42)
[22:16:33] TERRAIN: Chunk created successfully: (8.0, -13.0) at world pos (256.0, 0.0, -416.0) (total chunks: 692)
[22:16:33] TERRAIN: Creating chunk: (-3.0, -15.0) at distance 14.32
[22:16:33] TERRAIN: Chunk (-3.0, -15.0): Using BOX collision (distance: 14.32)
[22:16:33] TERRAIN: Chunk created successfully: (-3.0, -15.0) at world pos (-96.0, 0.0, -480.0) (total chunks: 693)
[22:16:33] TERRAIN: Creating chunk: (3.0, -15.0) at distance 14.32
[22:16:33] TERRAIN: Chunk (3.0, -15.0): Using BOX collision (distance: 14.32)
[22:16:33] TERRAIN: Chunk created successfully: (3.0, -15.0) at world pos (96.0, 0.0, -480.0) (total chunks: 694)
[22:16:33] TERRAIN: Creating chunk: (4.0, -15.0) at distance 14.56
[22:16:33] TERRAIN: Chunk (4.0, -15.0): Using BOX collision (distance: 14.56)
[22:16:33] TERRAIN: Chunk created successfully: (4.0, -15.0) at world pos (128.0, 0.0, -480.0) (total chunks: 695)
[22:16:33] TERRAIN: Creating chunk: (-4.0, -15.0) at distance 14.56
[22:16:33] TERRAIN: Chunk (-4.0, -15.0): Using BOX collision (distance: 14.56)
[22:16:33] TERRAIN: Chunk created successfully: (-4.0, -15.0) at world pos (-128.0, 0.0, -480.0) (total chunks: 696)
[22:16:33] TERRAIN: Creating chunk: (11.0, -11.0) at distance 14.87
[22:16:33] TERRAIN: Chunk (11.0, -11.0): Using BOX collision (distance: 14.87)
[22:16:33] TERRAIN: Chunk created successfully: (11.0, -11.0) at world pos (352.0, 0.0, -352.0) (total chunks: 697)
[22:16:33] TERRAIN: Creating chunk: (-11.0, -11.0) at distance 14.87
[22:16:33] TERRAIN: Chunk (-11.0, -11.0): Using BOX collision (distance: 14.87)
[22:16:33] TERRAIN: Chunk created successfully: (-11.0, -11.0) at world pos (-352.0, 0.0, -352.0) (total chunks: 698)
[22:16:33] TERRAIN: Creating chunk: (10.0, -12.0) at distance 14.87
[22:16:33] TERRAIN: Chunk (10.0, -12.0): Using BOX collision (distance: 14.87)
[22:16:33] TERRAIN: Chunk created successfully: (10.0, -12.0) at world pos (320.0, 0.0, -384.0) (total chunks: 699)
[22:16:33] TERRAIN: Creating chunk: (12.0, -10.0) at distance 15.00
[22:16:33] TERRAIN: Chunk (12.0, -10.0): Using BOX collision (distance: 15.00)
[22:16:33] TERRAIN: Chunk created successfully: (12.0, -10.0) at world pos (384.0, 0.0, -320.0) (total chunks: 700)
[22:16:33] TERRAIN: Creating chunk: (-10.0, -12.0) at distance 14.87
[22:16:33] TERRAIN: Chunk (-10.0, -12.0): Using BOX collision (distance: 14.87)
[22:16:33] TERRAIN: Chunk created successfully: (-10.0, -12.0) at world pos (-320.0, 0.0, -384.0) (total chunks: 701)
[22:16:33] TERRAIN: Creating chunk: (-12.0, -10.0) at distance 15.00
[22:16:33] TERRAIN: Chunk (-12.0, -10.0): Using BOX collision (distance: 15.00)
[22:16:33] TERRAIN: Chunk created successfully: (-12.0, -10.0) at world pos (-384.0, 0.0, -320.0) (total chunks: 702)
[22:16:33] TERRAIN: Creating chunk: (7.0, -14.0) at distance 14.76
[22:16:33] TERRAIN: Chunk (7.0, -14.0): Using BOX collision (distance: 14.76)
[22:16:33] TERRAIN: Chunk created successfully: (7.0, -14.0) at world pos (224.0, 0.0, -448.0) (total chunks: 703)
[22:16:33] TERRAIN: Creating chunk: (-7.0, -14.0) at distance 14.76
[22:16:33] TERRAIN: Chunk (-7.0, -14.0): Using BOX collision (distance: 14.76)
[22:16:33] TERRAIN: Chunk created successfully: (-7.0, -14.0) at world pos (-224.0, 0.0, -448.0) (total chunks: 704)
[22:16:33] TERRAIN: Creating chunk: (9.0, -13.0) at distance 15.00
[22:16:33] TERRAIN: Chunk (9.0, -13.0): Using BOX collision (distance: 15.00)
[22:16:33] TERRAIN: Chunk created successfully: (9.0, -13.0) at world pos (288.0, 0.0, -416.0) (total chunks: 705)
[22:16:33] TERRAIN: Creating chunk: (5.0, -15.0) at distance 14.87
[22:16:33] TERRAIN: Chunk (5.0, -15.0): Using BOX collision (distance: 14.87)
[22:16:33] TERRAIN: Chunk created successfully: (5.0, -15.0) at world pos (160.0, 0.0, -480.0) (total chunks: 706)
[22:16:33] TERRAIN: Creating chunk: (-5.0, -15.0) at distance 14.87
[22:16:33] TERRAIN: Chunk (-5.0, -15.0): Using BOX collision (distance: 14.87)
[22:16:33] TERRAIN: Chunk created successfully: (-5.0, -15.0) at world pos (-160.0, 0.0, -480.0) (total chunks: 707)
[22:16:33] TERRAIN: Creating chunk: (-9.0, -13.0) at distance 15.00
[22:16:33] TERRAIN: Chunk (-9.0, -13.0): Using BOX collision (distance: 15.00)
[22:16:33] TERRAIN: Chunk created successfully: (-9.0, -13.0) at world pos (-288.0, 0.0, -416.0) (total chunks: 708)
[22:16:33] TERRAIN: Creating chunk: (0.0, -16.0) at distance 15.00
[22:16:33] TERRAIN: Chunk (0.0, -16.0): Using BOX collision (distance: 15.00)
[22:16:33] TERRAIN: Chunk created successfully: (0.0, -16.0) at world pos (0.0, 0.0, -512.0) (total chunks: 709)
[22:16:33] PLAYER: Pos: (0.0, -0.0431, -12.667) | Chunk: (0.0, -1.0) | TerrainHeight: -0.04 | HeightDiff: 0.00 | OnFloor: true
[22:16:34] PLAYER: Pos: (0.0, -0.058929, -17.66706) | Chunk: (0.0, -1.0) | TerrainHeight: -0.06 | HeightDiff: 0.00 | OnFloor: true
[22:16:35] PLAYER: Pos: (0.0, -0.076254, -22.66718) | Chunk: (0.0, -1.0) | TerrainHeight: -0.08 | HeightDiff: 0.00 | OnFloor: true
[22:16:36] PLAYER: Pos: (0.000017, -0.074148, -27.66719) | Chunk: (0.0, -1.0) | TerrainHeight: -0.07 | HeightDiff: 0.00 | OnFloor: true
[22:16:37] TERRAIN: Player moved to new chunk: (0.0, -2.0) (was (0.0, -1.0))
[22:16:37] TERRAIN: Updating terrain for player chunk: (0.0, -2.0) (player pos: (0.00002, -0.072787, -32.00052))
[22:16:37] TERRAIN: Player chunk (0.0, -2.0) distance: 0.00 (render_distance: 15)
[22:16:37] TERRAIN: Removing 31 distant chunks
[22:16:37] TERRAIN: Removing chunk (-1.0, 13.0) at distance 15.03 (player: (0.0, -2.0))
[22:16:37] TERRAIN: Removing chunk: (-1.0, 13.0)
[22:16:37] TERRAIN: Removing chunk (1.0, 13.0) at distance 15.03 (player: (0.0, -2.0))
[22:16:37] TERRAIN: Removing chunk: (1.0, 13.0)
[22:16:37] TERRAIN: Removing chunk (-2.0, 13.0) at distance 15.13 (player: (0.0, -2.0))
[22:16:37] TERRAIN: Removing chunk: (-2.0, 13.0)
[22:16:37] TERRAIN: Removing chunk (2.0, 13.0) at distance 15.13 (player: (0.0, -2.0))
[22:16:37] TERRAIN: Removing chunk: (2.0, 13.0)
[22:16:37] TERRAIN: Removing chunk (-3.0, 13.0) at distance 15.30 (player: (0.0, -2.0))
[22:16:37] TERRAIN: Removing chunk: (-3.0, 13.0)
[22:16:37] TERRAIN: Removing chunk (3.0, 13.0) at distance 15.30 (player: (0.0, -2.0))
[22:16:37] TERRAIN: Removing chunk: (3.0, 13.0)
[22:16:37] TERRAIN: Removing chunk (-6.0, 12.0) at distance 15.23 (player: (0.0, -2.0))
[22:16:37] TERRAIN: Removing chunk: (-6.0, 12.0)
[22:16:37] TERRAIN: Removing chunk (6.0, 12.0) at distance 15.23 (player: (0.0, -2.0))
[22:16:37] TERRAIN: Removing chunk: (6.0, 12.0)
[22:16:37] TERRAIN: Removing chunk (-4.0, 13.0) at distance 15.52 (player: (0.0, -2.0))
[22:16:37] TERRAIN: Removing chunk: (-4.0, 13.0)
[22:16:37] TERRAIN: Removing chunk (4.0, 13.0) at distance 15.52 (player: (0.0, -2.0))
[22:16:37] TERRAIN: Removing chunk: (4.0, 13.0)
[22:16:37] TERRAIN: Removing chunk (8.0, 11.0) at distance 15.26 (player: (0.0, -2.0))
[22:16:37] TERRAIN: Removing chunk: (8.0, 11.0)
[22:16:37] TERRAIN: Removing chunk (-8.0, 11.0) at distance 15.26 (player: (0.0, -2.0))
[22:16:37] TERRAIN: Removing chunk: (-8.0, 11.0)
[22:16:37] TERRAIN: Removing chunk (-7.0, 12.0) at distance 15.65 (player: (0.0, -2.0))
[22:16:37] TERRAIN: Removing chunk: (-7.0, 12.0)
[22:16:37] TERRAIN: Removing chunk (7.0, 12.0) at distance 15.65 (player: (0.0, -2.0))
[22:16:37] TERRAIN: Removing chunk: (7.0, 12.0)
[22:16:37] TERRAIN: Removing chunk (5.0, 13.0) at distance 15.81 (player: (0.0, -2.0))
[22:16:37] TERRAIN: Removing chunk: (5.0, 13.0)
[22:16:37] TERRAIN: Removing chunk (-5.0, 13.0) at distance 15.81 (player: (0.0, -2.0))
[22:16:37] TERRAIN: Removing chunk: (-5.0, 13.0)
[22:16:37] TERRAIN: Removing chunk (0.0, 14.0) at distance 16.00 (player: (0.0, -2.0))
[22:16:37] TERRAIN: Removing chunk: (0.0, 14.0)
[22:16:37] TERRAIN: Removing chunk (-10.0, 10.0) at distance 15.62 (player: (0.0, -2.0))
[22:16:37] TERRAIN: Removing chunk: (-10.0, 10.0)
[22:16:37] TERRAIN: Removing chunk (10.0, 10.0) at distance 15.62 (player: (0.0, -2.0))
[22:16:37] TERRAIN: Removing chunk: (10.0, 10.0)
[22:16:37] TERRAIN: Removing chunk (9.0, 11.0) at distance 15.81 (player: (0.0, -2.0))
[22:16:37] TERRAIN: Removing chunk: (9.0, 11.0)
[22:16:37] TERRAIN: Removing chunk (-9.0, 11.0) at distance 15.81 (player: (0.0, -2.0))
[22:16:37] TERRAIN: Removing chunk: (-9.0, 11.0)
[22:16:37] TERRAIN: Removing chunk (11.0, 9.0) at distance 15.56 (player: (0.0, -2.0))
[22:16:37] TERRAIN: Removing chunk: (11.0, 9.0)
[22:16:37] TERRAIN: Removing chunk (-11.0, 9.0) at distance 15.56 (player: (0.0, -2.0))
[22:16:37] TERRAIN: Removing chunk: (-11.0, 9.0)
[22:16:37] TERRAIN: Removing chunk (-13.0, 6.0) at distance 15.26 (player: (0.0, -2.0))
[22:16:37] TERRAIN: Removing chunk: (-13.0, 6.0)
[22:16:37] TERRAIN: Removing chunk (13.0, 6.0) at distance 15.26 (player: (0.0, -2.0))
[22:16:37] TERRAIN: Removing chunk: (13.0, 6.0)
[22:16:37] TERRAIN: Removing chunk (-12.0, 8.0) at distance 15.62 (player: (0.0, -2.0))
[22:16:37] TERRAIN: Removing chunk: (-12.0, 8.0)
[22:16:37] TERRAIN: Removing chunk (12.0, 8.0) at distance 15.62 (player: (0.0, -2.0))
[22:16:37] TERRAIN: Removing chunk: (12.0, 8.0)
[22:16:37] TERRAIN: Removing chunk (-14.0, 4.0) at distance 15.23 (player: (0.0, -2.0))
[22:16:37] TERRAIN: Removing chunk: (-14.0, 4.0)
[22:16:37] TERRAIN: Removing chunk (14.0, 4.0) at distance 15.23 (player: (0.0, -2.0))
[22:16:37] TERRAIN: Removing chunk: (14.0, 4.0)
[22:16:37] TERRAIN: Removing chunk (15.0, -1.0) at distance 15.03 (player: (0.0, -2.0))
[22:16:37] TERRAIN: Removing chunk: (15.0, -1.0)
[22:16:37] TERRAIN: Removing chunk (-15.0, -1.0) at distance 15.03 (player: (0.0, -2.0))
[22:16:37] TERRAIN: Removing chunk: (-15.0, -1.0)
[22:16:37] TERRAIN: Queuing 283 new chunks for generation
[22:16:37] TERRAIN: Queued chunk: (1.0, -16.0) (distance: 14.04)
[22:16:37] TERRAIN: Queued chunk: (-1.0, -16.0) (distance: 14.04)
[22:16:37] TERRAIN: Queued chunk: (2.0, -16.0) (distance: 14.14)
[22:16:37] TERRAIN: Queued chunk: (-2.0, -16.0) (distance: 14.14)
[22:16:37] TERRAIN: Queued chunk: (6.0, -15.0) (distance: 14.32)
[22:16:37] TERRAIN: Queued chunk: (-6.0, -15.0) (distance: 14.32)
[22:16:37] TERRAIN: Queued chunk: (3.0, -16.0) (distance: 14.32)
[22:16:37] TERRAIN: Queued chunk: (-3.0, -16.0) (distance: 14.32)
[22:16:37] TERRAIN: Queued chunk: (-8.0, -14.0) (distance: 14.42)
[22:16:37] TERRAIN: Queued chunk: (8.0, -14.0) (distance: 14.42)
[22:16:37] TERRAIN: Queued chunk: (4.0, -16.0) (distance: 14.56)
[22:16:37] TERRAIN: Queued chunk: (-4.0, -16.0) (distance: 14.56)
[22:16:37] TERRAIN: Queued chunk: (7.0, -15.0) (distance: 14.76)
[22:16:37] TERRAIN: Queued chunk: (13.0, -9.0) (distance: 14.76)
[22:16:37] TERRAIN: Queued chunk: (-13.0, -9.0) (distance: 14.76)
[22:16:37] TERRAIN: Queued chunk: (-7.0, -15.0) (distance: 14.76)
[22:16:37] TERRAIN: Queued chunk: (10.0, -13.0) (distance: 14.87)
[22:16:37] TERRAIN: Queued chunk: (-11.0, -12.0) (distance: 14.87)
[22:16:37] TERRAIN: Queued chunk: (-5.0, -16.0) (distance: 14.87)
[22:16:37] TERRAIN: Queued chunk: (11.0, -12.0) (distance: 14.87)
[22:16:37] TERRAIN: Queued chunk: (14.0, -7.0) (distance: 14.87)
[22:16:37] TERRAIN: Queued chunk: (-14.0, -7.0) (distance: 14.87)
[22:16:37] TERRAIN: Queued chunk: (5.0, -16.0) (distance: 14.87)
[22:16:37] TERRAIN: Queued chunk: (-10.0, -13.0) (distance: 14.87)
[22:16:37] TERRAIN: Queued chunk: (0.0, -17.0) (distance: 15.00)
[22:16:37] TERRAIN: Queued chunk: (-12.0, -11.0) (distance: 15.00)
[22:16:37] TERRAIN: Queued chunk: (15.0, -2.0) (distance: 15.00)
[22:16:37] TERRAIN: Queued chunk: (-9.0, -14.0) (distance: 15.00)
[22:16:37] TERRAIN: Queued chunk: (12.0, -11.0) (distance: 15.00)
[22:16:37] TERRAIN: Queued chunk: (-15.0, -2.0) (distance: 15.00)
[22:16:37] TERRAIN: Queued chunk: (9.0, -14.0) (distance: 15.00)
[22:16:37] TERRAIN: Queued chunk: (15.0, -1.0) (distance: 15.03)
[22:16:37] TERRAIN: Queued chunk: (1.0, 13.0) (distance: 15.03)
[22:16:37] TERRAIN: Queued chunk: (-15.0, -1.0) (distance: 15.03)
[22:16:37] TERRAIN: Queued chunk: (1.0, -17.0) (distance: 15.03)
[22:16:37] TERRAIN: Queued chunk: (-1.0, 13.0) (distance: 15.03)
[22:16:37] TERRAIN: Queued chunk: (15.0, -3.0) (distance: 15.03)
[22:16:37] TERRAIN: Queued chunk: (-15.0, -3.0) (distance: 15.03)
[22:16:37] TERRAIN: Queued chunk: (-1.0, -17.0) (distance: 15.03)
[22:16:37] TERRAIN: Queued chunk: (15.0, -4.0) (distance: 15.13)
[22:16:37] TERRAIN: Queued chunk: (-2.0, 13.0) (distance: 15.13)
[22:16:37] TERRAIN: Queued chunk: (-15.0, -4.0) (distance: 15.13)
[22:16:37] TERRAIN: Queued chunk: (-2.0, -17.0) (distance: 15.13)
[22:16:37] TERRAIN: Queued chunk: (-15.0, 0.0) (distance: 15.13)
[22:16:37] TERRAIN: Queued chunk: (2.0, -17.0) (distance: 15.13)
[22:16:37] TERRAIN: Queued chunk: (2.0, 13.0) (distance: 15.13)
[22:16:37] TERRAIN: Queued chunk: (15.0, 0.0) (distance: 15.13)
[22:16:37] TERRAIN: Queued chunk: (14.0, 4.0) (distance: 15.23)
[22:16:37] TERRAIN: Queued chunk: (14.0, -8.0) (distance: 15.23)
[22:16:37] TERRAIN: Queued chunk: (-6.0, -16.0) (distance: 15.23)
[22:16:37] TERRAIN: Queued chunk: (-6.0, 12.0) (distance: 15.23)
[22:16:37] TERRAIN: Queued chunk: (6.0, 12.0) (distance: 15.23)
[22:16:37] TERRAIN: Queued chunk: (6.0, -16.0) (distance: 15.23)
[22:16:37] TERRAIN: Queued chunk: (-14.0, -8.0) (distance: 15.23)
[22:16:37] TERRAIN: Queued chunk: (-14.0, 4.0) (distance: 15.23)
[22:16:37] TERRAIN: Queued chunk: (8.0, -15.0) (distance: 15.26)
[22:16:37] TERRAIN: Queued chunk: (-8.0, -15.0) (distance: 15.26)
[22:16:37] TERRAIN: Queued chunk: (8.0, 11.0) (distance: 15.26)
[22:16:37] TERRAIN: Queued chunk: (-8.0, 11.0) (distance: 15.26)
[22:16:37] TERRAIN: Queued chunk: (13.0, -10.0) (distance: 15.26)
[22:16:37] TERRAIN: Queued chunk: (-13.0, 6.0) (distance: 15.26)
[22:16:37] TERRAIN: Queued chunk: (-13.0, -10.0) (distance: 15.26)
[22:16:37] TERRAIN: Queued chunk: (13.0, 6.0) (distance: 15.26)
[22:16:37] TERRAIN: Queued chunk: (3.0, 13.0) (distance: 15.30)
[22:16:37] TERRAIN: Queued chunk: (15.0, 1.0) (distance: 15.30)
[22:16:37] TERRAIN: Queued chunk: (15.0, -5.0) (distance: 15.30)
[22:16:37] TERRAIN: Queued chunk: (-3.0, -17.0) (distance: 15.30)
[22:16:37] TERRAIN: Queued chunk: (-15.0, 1.0) (distance: 15.30)
[22:16:37] TERRAIN: Queued chunk: (-3.0, 13.0) (distance: 15.30)
[22:16:37] TERRAIN: Queued chunk: (3.0, -17.0) (distance: 15.30)
[22:16:37] TERRAIN: Queued chunk: (-15.0, -5.0) (distance: 15.30)
[22:16:37] TERRAIN: Queued chunk: (15.0, -6.0) (distance: 15.52)
[22:16:37] TERRAIN: Queued chunk: (15.0, 2.0) (distance: 15.52)
[22:16:37] TERRAIN: Queued chunk: (-4.0, -17.0) (distance: 15.52)
[22:16:37] TERRAIN: Queued chunk: (-4.0, 13.0) (distance: 15.52)
[22:16:37] TERRAIN: Queued chunk: (-15.0, -6.0) (distance: 15.52)
[22:16:37] TERRAIN: Queued chunk: (-15.0, 2.0) (distance: 15.52)
[22:16:37] TERRAIN: Queued chunk: (4.0, 13.0) (distance: 15.52)
[22:16:37] TERRAIN: Queued chunk: (4.0, -17.0) (distance: 15.52)
[22:16:37] TERRAIN: Queued chunk: (11.0, 9.0) (distance: 15.56)
[22:16:37] TERRAIN: Queued chunk: (11.0, -13.0) (distance: 15.56)
[22:16:37] TERRAIN: Queued chunk: (-11.0, 9.0) (distance: 15.56)
[22:16:37] TERRAIN: Queued chunk: (-11.0, -13.0) (distance: 15.56)
[22:16:37] TERRAIN: Queued chunk: (-10.0, 10.0) (distance: 15.62)
[22:16:37] TERRAIN: Queued chunk: (10.0, -14.0) (distance: 15.62)
[22:16:37] TERRAIN: Queued chunk: (10.0, 10.0) (distance: 15.62)
[22:16:37] TERRAIN: Queued chunk: (-10.0, -14.0) (distance: 15.62)
[22:16:37] TERRAIN: Queued chunk: (12.0, 8.0) (distance: 15.62)
[22:16:37] TERRAIN: Queued chunk: (12.0, -12.0) (distance: 15.62)
[22:16:37] TERRAIN: Queued chunk: (-12.0, -12.0) (distance: 15.62)
[22:16:37] TERRAIN: Queued chunk: (-12.0, 8.0) (distance: 15.62)
[22:16:37] TERRAIN: Queued chunk: (-7.0, 12.0) (distance: 15.65)
[22:16:37] TERRAIN: Queued chunk: (-7.0, -16.0) (distance: 15.65)
[22:16:37] TERRAIN: Queued chunk: (14.0, -9.0) (distance: 15.65)
[22:16:37] TERRAIN: Queued chunk: (14.0, 5.0) (distance: 15.65)
[22:16:37] TERRAIN: Queued chunk: (-14.0, 5.0) (distance: 15.65)
[22:16:37] TERRAIN: Queued chunk: (-14.0, -9.0) (distance: 15.65)
[22:16:37] TERRAIN: Queued chunk: (7.0, -16.0) (distance: 15.65)
[22:16:37] TERRAIN: Queued chunk: (7.0, 12.0) (distance: 15.65)
[22:16:37] TERRAIN: Queued chunk: (-5.0, -17.0) (distance: 15.81)
[22:16:37] TERRAIN: Queued chunk: (-5.0, 13.0) (distance: 15.81)
[22:16:37] TERRAIN: Queued chunk: (15.0, -7.0) (distance: 15.81)
[22:16:37] TERRAIN: Queued chunk: (9.0, 11.0) (distance: 15.81)
[22:16:37] TERRAIN: Queued chunk: (5.0, -17.0) (distance: 15.81)
[22:16:37] TERRAIN: Queued chunk: (9.0, -15.0) (distance: 15.81)
[22:16:37] TERRAIN: Queued chunk: (5.0, 13.0) (distance: 15.81)
[22:16:37] TERRAIN: Queued chunk: (13.0, -11.0) (distance: 15.81)
[22:16:37] TERRAIN: Queued chunk: (-13.0, 7.0) (distance: 15.81)
[22:16:37] TERRAIN: Queued chunk: (-13.0, -11.0) (distance: 15.81)
[22:16:37] TERRAIN: Queued chunk: (13.0, 7.0) (distance: 15.81)
[22:16:37] TERRAIN: Queued chunk: (15.0, 3.0) (distance: 15.81)
[22:16:37] TERRAIN: Queued chunk: (-9.0, 11.0) (distance: 15.81)
[22:16:37] TERRAIN: Queued chunk: (-15.0, -7.0) (distance: 15.81)
[22:16:37] TERRAIN: Queued chunk: (-15.0, 3.0) (distance: 15.81)
[22:16:37] TERRAIN: Queued chunk: (-9.0, -15.0) (distance: 15.81)
[22:16:37] TERRAIN: Queued chunk: (-8.0, 12.0) (distance: 16.12)
[22:16:37] TERRAIN: Queued chunk: (8.0, -16.0) (distance: 16.12)
[22:16:37] TERRAIN: Queued chunk: (-8.0, -16.0) (distance: 16.12)
[22:16:37] TERRAIN: Queued chunk: (-14.0, -10.0) (distance: 16.12)
[22:16:37] TERRAIN: Queued chunk: (-14.0, 6.0) (distance: 16.12)
[22:16:37] TERRAIN: Queued chunk: (8.0, 12.0) (distance: 16.12)
[22:16:37] TERRAIN: Queued chunk: (14.0, 6.0) (distance: 16.12)
[22:16:37] TERRAIN: Queued chunk: (14.0, -10.0) (distance: 16.12)
[22:16:37] TERRAIN: Queued chunk: (15.0, 4.0) (distance: 16.16)
[22:16:37] TERRAIN: Queued chunk: (6.0, 13.0) (distance: 16.16)
[22:16:37] TERRAIN: Queued chunk: (6.0, -17.0) (distance: 16.16)
[22:16:37] TERRAIN: Queued chunk: (-15.0, 4.0) (distance: 16.16)
[22:16:37] TERRAIN: Queued chunk: (-15.0, -8.0) (distance: 16.16)
[22:16:37] TERRAIN: Queued chunk: (-6.0, 13.0) (distance: 16.16)
[22:16:37] TERRAIN: Queued chunk: (15.0, -8.0) (distance: 16.16)
[22:16:37] TERRAIN: Queued chunk: (-6.0, -17.0) (distance: 16.16)
[22:16:37] TERRAIN: Queued chunk: (11.0, -14.0) (distance: 16.28)
[22:16:37] TERRAIN: Queued chunk: (11.0, 10.0) (distance: 16.28)
[22:16:37] TERRAIN: Queued chunk: (12.0, 9.0) (distance: 16.28)
[22:16:37] TERRAIN: Queued chunk: (-12.0, -13.0) (distance: 16.28)
[22:16:37] TERRAIN: Queued chunk: (-12.0, 9.0) (distance: 16.28)
[22:16:37] TERRAIN: Queued chunk: (12.0, -13.0) (distance: 16.28)
[22:16:37] TERRAIN: Queued chunk: (-11.0, -14.0) (distance: 16.28)
[22:16:37] TERRAIN: Queued chunk: (-11.0, 10.0) (distance: 16.28)
[22:16:37] TERRAIN: Queued chunk: (-10.0, 11.0) (distance: 16.40)
[22:16:37] TERRAIN: Queued chunk: (13.0, 8.0) (distance: 16.40)
[22:16:37] TERRAIN: Queued chunk: (10.0, -15.0) (distance: 16.40)
[22:16:37] TERRAIN: Queued chunk: (-10.0, -15.0) (distance: 16.40)
[22:16:37] TERRAIN: Queued chunk: (10.0, 11.0) (distance: 16.40)
[22:16:37] TERRAIN: Queued chunk: (-13.0, -12.0) (distance: 16.40)
[22:16:37] TERRAIN: Queued chunk: (-13.0, 8.0) (distance: 16.40)
[22:16:37] TERRAIN: Queued chunk: (13.0, -12.0) (distance: 16.40)
[22:16:37] TERRAIN: Queued chunk: (-15.0, -9.0) (distance: 16.55)
[22:16:37] TERRAIN: Queued chunk: (-15.0, 5.0) (distance: 16.55)
[22:16:37] TERRAIN: Queued chunk: (15.0, -9.0) (distance: 16.55)
[22:16:37] TERRAIN: Queued chunk: (7.0, 13.0) (distance: 16.55)
[22:16:37] TERRAIN: Queued chunk: (15.0, 5.0) (distance: 16.55)
[22:16:37] TERRAIN: Queued chunk: (-7.0, -17.0) (distance: 16.55)
[22:16:37] TERRAIN: Queued chunk: (-7.0, 13.0) (distance: 16.55)
[22:16:37] TERRAIN: Queued chunk: (7.0, -17.0) (distance: 16.55)
[22:16:37] TERRAIN: Queued chunk: (14.0, -11.0) (distance: 16.64)
[22:16:37] TERRAIN: Queued chunk: (9.0, -16.0) (distance: 16.64)
[22:16:37] TERRAIN: Queued chunk: (9.0, 12.0) (distance: 16.64)
[22:16:37] TERRAIN: Queued chunk: (-9.0, -16.0) (distance: 16.64)
[22:16:37] TERRAIN: Queued chunk: (-14.0, -11.0) (distance: 16.64)
[22:16:37] TERRAIN: Queued chunk: (-14.0, 7.0) (distance: 16.64)
[22:16:37] TERRAIN: Queued chunk: (-9.0, 12.0) (distance: 16.64)
[22:16:37] TERRAIN: Queued chunk: (14.0, 7.0) (distance: 16.64)
[22:16:37] TERRAIN: Queued chunk: (-12.0, 10.0) (distance: 16.97)
[22:16:37] TERRAIN: Queued chunk: (12.0, -14.0) (distance: 16.97)
[22:16:37] TERRAIN: Queued chunk: (-12.0, -14.0) (distance: 16.97)
[22:16:37] TERRAIN: Queued chunk: (12.0, 10.0) (distance: 16.97)
[22:16:37] TERRAIN: Queued chunk: (15.0, -10.0) (distance: 17.00)
[22:16:37] TERRAIN: Queued chunk: (-8.0, -17.0) (distance: 17.00)
[22:16:37] TERRAIN: Queued chunk: (-15.0, 6.0) (distance: 17.00)
[22:16:37] TERRAIN: Queued chunk: (-15.0, -10.0) (distance: 17.00)
[22:16:37] TERRAIN: Queued chunk: (8.0, 13.0) (distance: 17.00)
[22:16:37] TERRAIN: Queued chunk: (15.0, 6.0) (distance: 17.00)
[22:16:37] TERRAIN: Queued chunk: (-8.0, 13.0) (distance: 17.00)
[22:16:37] TERRAIN: Queued chunk: (8.0, -17.0) (distance: 17.00)
[22:16:37] TERRAIN: Queued chunk: (-13.0, 9.0) (distance: 17.03)
[22:16:37] TERRAIN: Queued chunk: (11.0, -15.0) (distance: 17.03)
[22:16:37] TERRAIN: Queued chunk: (-13.0, -13.0) (distance: 17.03)
[22:16:37] TERRAIN: Queued chunk: (13.0, -13.0) (distance: 17.03)
[22:16:37] TERRAIN: Queued chunk: (-11.0, -15.0) (distance: 17.03)
[22:16:37] TERRAIN: Queued chunk: (13.0, 9.0) (distance: 17.03)
[22:16:37] TERRAIN: Queued chunk: (-11.0, 11.0) (distance: 17.03)
[22:16:37] TERRAIN: Queued chunk: (11.0, 11.0) (distance: 17.03)
[22:16:37] TERRAIN: Queued chunk: (14.0, 8.0) (distance: 17.20)
[22:16:37] TERRAIN: Queued chunk: (10.0, -16.0) (distance: 17.20)
[22:16:37] TERRAIN: Queued chunk: (-14.0, -12.0) (distance: 17.20)
[22:16:37] TERRAIN: Queued chunk: (-14.0, 8.0) (distance: 17.20)
[22:16:37] TERRAIN: Queued chunk: (-10.0, -16.0) (distance: 17.20)
[22:16:37] TERRAIN: Queued chunk: (10.0, 12.0) (distance: 17.20)
[22:16:37] TERRAIN: Queued chunk: (-10.0, 12.0) (distance: 17.20)
[22:16:37] TERRAIN: Queued chunk: (14.0, -12.0) (distance: 17.20)
[22:16:37] TERRAIN: Queued chunk: (15.0, -11.0) (distance: 17.49)
[22:16:37] TERRAIN: Queued chunk: (-15.0, -11.0) (distance: 17.49)
[22:16:37] TERRAIN: Queued chunk: (15.0, 7.0) (distance: 17.49)
[22:16:37] TERRAIN: Queued chunk: (-9.0, 13.0) (distance: 17.49)
[22:16:37] TERRAIN: Queued chunk: (9.0, 13.0) (distance: 17.49)
[22:16:37] TERRAIN: Queued chunk: (-15.0, 7.0) (distance: 17.49)
[22:16:37] TERRAIN: Queued chunk: (9.0, -17.0) (distance: 17.49)
[22:16:37] TERRAIN: Queued chunk: (-9.0, -17.0) (distance: 17.49)
[22:16:37] TERRAIN: Queued chunk: (12.0, -15.0) (distance: 17.69)
[22:16:37] TERRAIN: Queued chunk: (-12.0, 11.0) (distance: 17.69)
[22:16:37] TERRAIN: Queued chunk: (-12.0, -15.0) (distance: 17.69)
[22:16:37] TERRAIN: Queued chunk: (-13.0, 10.0) (distance: 17.69)
[22:16:37] TERRAIN: Queued chunk: (13.0, -14.0) (distance: 17.69)
[22:16:37] TERRAIN: Queued chunk: (-13.0, -14.0) (distance: 17.69)
[22:16:37] TERRAIN: Queued chunk: (12.0, 11.0) (distance: 17.69)
[22:16:37] TERRAIN: Queued chunk: (13.0, 10.0) (distance: 17.69)
[22:16:37] TERRAIN: Queued chunk: (14.0, -13.0) (distance: 17.80)
[22:16:37] TERRAIN: Queued chunk: (11.0, 12.0) (distance: 17.80)
[22:16:37] TERRAIN: Queued chunk: (11.0, -16.0) (distance: 17.80)
[22:16:37] TERRAIN: Queued chunk: (14.0, 9.0) (distance: 17.80)
[22:16:37] TERRAIN: Queued chunk: (-11.0, 12.0) (distance: 17.80)
[22:16:37] TERRAIN: Queued chunk: (-11.0, -16.0) (distance: 17.80)
[22:16:37] TERRAIN: Queued chunk: (-14.0, -13.0) (distance: 17.80)
[22:16:37] TERRAIN: Queued chunk: (-14.0, 9.0) (distance: 17.80)
[22:16:37] TERRAIN: Queued chunk: (10.0, 13.0) (distance: 18.03)
[22:16:37] TERRAIN: Queued chunk: (15.0, -12.0) (distance: 18.03)
[22:16:37] TERRAIN: Queued chunk: (10.0, -17.0) (distance: 18.03)
[22:16:37] TERRAIN: Queued chunk: (-10.0, 13.0) (distance: 18.03)
[22:16:37] TERRAIN: Queued chunk: (-10.0, -17.0) (distance: 18.03)
[22:16:37] TERRAIN: Queued chunk: (15.0, 8.0) (distance: 18.03)
[22:16:37] TERRAIN: Queued chunk: (-15.0, 8.0) (distance: 18.03)
[22:16:37] TERRAIN: Queued chunk: (-15.0, -12.0) (distance: 18.03)
[22:16:37] TERRAIN: Queued chunk: (13.0, 11.0) (distance: 18.38)
[22:16:37] TERRAIN: Queued chunk: (-13.0, -15.0) (distance: 18.38)
[22:16:37] TERRAIN: Queued chunk: (-13.0, 11.0) (distance: 18.38)
[22:16:37] TERRAIN: Queued chunk: (13.0, -15.0) (distance: 18.38)
[22:16:37] TERRAIN: Queued chunk: (14.0, 10.0) (distance: 18.44)
[22:16:37] TERRAIN: Queued chunk: (14.0, -14.0) (distance: 18.44)
[22:16:37] TERRAIN: Queued chunk: (-14.0, -14.0) (distance: 18.44)
[22:16:37] TERRAIN: Queued chunk: (-14.0, 10.0) (distance: 18.44)
[22:16:37] TERRAIN: Queued chunk: (-12.0, -16.0) (distance: 18.44)
[22:16:37] TERRAIN: Queued chunk: (-12.0, 12.0) (distance: 18.44)
[22:16:37] TERRAIN: Queued chunk: (12.0, 12.0) (distance: 18.44)
[22:16:37] TERRAIN: Queued chunk: (12.0, -16.0) (distance: 18.44)
[22:16:37] TERRAIN: Queued chunk: (15.0, -13.0) (distance: 18.60)
[22:16:37] TERRAIN: Queued chunk: (11.0, 13.0) (distance: 18.60)
[22:16:37] TERRAIN: Queued chunk: (11.0, -17.0) (distance: 18.60)
[22:16:37] TERRAIN: Queued chunk: (-11.0, 13.0) (distance: 18.60)
[22:16:37] TERRAIN: Queued chunk: (-11.0, -17.0) (distance: 18.60)
[22:16:37] TERRAIN: Queued chunk: (-15.0, 9.0) (distance: 18.60)
[22:16:37] TERRAIN: Queued chunk: (-15.0, -13.0) (distance: 18.60)
[22:16:37] TERRAIN: Queued chunk: (15.0, 9.0) (distance: 18.60)
[22:16:37] TERRAIN: Queued chunk: (14.0, -15.0) (distance: 19.10)
[22:16:37] TERRAIN: Queued chunk: (13.0, 12.0) (distance: 19.10)
[22:16:37] TERRAIN: Queued chunk: (13.0, -16.0) (distance: 19.10)
[22:16:37] TERRAIN: Queued chunk: (-13.0, 12.0) (distance: 19.10)
[22:16:37] TERRAIN: Queued chunk: (-13.0, -16.0) (distance: 19.10)
[22:16:37] TERRAIN: Queued chunk: (-14.0, 11.0) (distance: 19.10)
[22:16:37] TERRAIN: Queued chunk: (-14.0, -15.0) (distance: 19.10)
[22:16:37] TERRAIN: Queued chunk: (14.0, 11.0) (distance: 19.10)
[22:16:37] TERRAIN: Queued chunk: (15.0, -14.0) (distance: 19.21)
[22:16:37] TERRAIN: Queued chunk: (15.0, 10.0) (distance: 19.21)
[22:16:37] TERRAIN: Queued chunk: (-15.0, 10.0) (distance: 19.21)
[22:16:37] TERRAIN: Queued chunk: (-15.0, -14.0) (distance: 19.21)
[22:16:37] TERRAIN: Queued chunk: (12.0, 13.0) (distance: 19.21)
[22:16:37] TERRAIN: Queued chunk: (12.0, -17.0) (distance: 19.21)
[22:16:37] TERRAIN: Queued chunk: (-12.0, 13.0) (distance: 19.21)
[22:16:37] TERRAIN: Queued chunk: (-12.0, -17.0) (distance: 19.21)
[22:16:37] TERRAIN: Queued chunk: (-14.0, -16.0) (distance: 19.80)
[22:16:37] TERRAIN: Queued chunk: (-14.0, 12.0) (distance: 19.80)
[22:16:37] TERRAIN: Queued chunk: (14.0, 12.0) (distance: 19.80)
[22:16:37] TERRAIN: Queued chunk: (14.0, -16.0) (distance: 19.80)
[22:16:37] TERRAIN: Queued chunk: (-15.0, 11.0) (distance: 19.85)
[22:16:37] TERRAIN: Queued chunk: (-13.0, -17.0) (distance: 19.85)
[22:16:37] TERRAIN: Queued chunk: (-13.0, 13.0) (distance: 19.85)
[22:16:37] TERRAIN: Queued chunk: (13.0, -17.0) (distance: 19.85)
[22:16:37] TERRAIN: Queued chunk: (13.0, 13.0) (distance: 19.85)
[22:16:37] TERRAIN: Queued chunk: (-15.0, -15.0) (distance: 19.85)
[22:16:37] TERRAIN: Queued chunk: (15.0, 11.0) (distance: 19.85)
[22:16:37] TERRAIN: Queued chunk: (15.0, -15.0) (distance: 19.85)
[22:16:37] TERRAIN: Queued chunk: (-15.0, 12.0) (distance: 20.52)
[22:16:37] TERRAIN: Queued chunk: (-15.0, -16.0) (distance: 20.52)
[22:16:37] TERRAIN: Queued chunk: (15.0, 12.0) (distance: 20.52)
[22:16:37] TERRAIN: Queued chunk: (-14.0, -17.0) (distance: 20.52)
[22:16:37] TERRAIN: Queued chunk: (-14.0, 13.0) (distance: 20.52)
[22:16:37] TERRAIN: Queued chunk: (14.0, -17.0) (distance: 20.52)
[22:16:37] TERRAIN: Queued chunk: (14.0, 13.0) (distance: 20.52)
[22:16:37] TERRAIN: Queued chunk: (15.0, -16.0) (distance: 20.52)
[22:16:37] TERRAIN: Queued chunk: (15.0, 13.0) (distance: 21.21)
[22:16:37] TERRAIN: Queued chunk: (15.0, -17.0) (distance: 21.21)
[22:16:37] TERRAIN: Queued chunk: (-15.0, 13.0) (distance: 21.21)
[22:16:37] TERRAIN: Queued chunk: (-15.0, -17.0) (distance: 21.21)
[22:16:37] TERRAIN: Creating chunk: (1.0, -16.0) at distance 14.04
[22:16:37] TERRAIN: Chunk (1.0, -16.0): Using BOX collision (distance: 14.04)
[22:16:37] TERRAIN: Chunk created successfully: (1.0, -16.0) at world pos (32.0, 0.0, -512.0) (total chunks: 679)
[22:16:37] TERRAIN: Creating chunk: (-1.0, -16.0) at distance 14.04
[22:16:37] TERRAIN: Chunk (-1.0, -16.0): Using BOX collision (distance: 14.04)
[22:16:37] TERRAIN: Chunk created successfully: (-1.0, -16.0) at world pos (-32.0, 0.0, -512.0) (total chunks: 680)
[22:16:37] TERRAIN: Creating chunk: (2.0, -16.0) at distance 14.14
[22:16:37] TERRAIN: Chunk (2.0, -16.0): Using BOX collision (distance: 14.14)
[22:16:37] TERRAIN: Chunk created successfully: (2.0, -16.0) at world pos (64.0, 0.0, -512.0) (total chunks: 681)
[22:16:37] TERRAIN: Creating chunk: (-2.0, -16.0) at distance 14.14
[22:16:37] TERRAIN: Chunk (-2.0, -16.0): Using BOX collision (distance: 14.14)
[22:16:37] TERRAIN: Chunk created successfully: (-2.0, -16.0) at world pos (-64.0, 0.0, -512.0) (total chunks: 682)
[22:16:37] TERRAIN: Creating chunk: (6.0, -15.0) at distance 14.32
[22:16:37] TERRAIN: Chunk (6.0, -15.0): Using BOX collision (distance: 14.32)
[22:16:37] TERRAIN: Chunk created successfully: (6.0, -15.0) at world pos (192.0, 0.0, -480.0) (total chunks: 683)
[22:16:37] TERRAIN: Creating chunk: (-6.0, -15.0) at distance 14.32
[22:16:37] TERRAIN: Chunk (-6.0, -15.0): Using BOX collision (distance: 14.32)
[22:16:37] TERRAIN: Chunk created successfully: (-6.0, -15.0) at world pos (-192.0, 0.0, -480.0) (total chunks: 684)
[22:16:37] TERRAIN: Creating chunk: (3.0, -16.0) at distance 14.32
[22:16:37] TERRAIN: Chunk (3.0, -16.0): Using BOX collision (distance: 14.32)
[22:16:37] TERRAIN: Chunk created successfully: (3.0, -16.0) at world pos (96.0, 0.0, -512.0) (total chunks: 685)
[22:16:37] TERRAIN: Creating chunk: (-3.0, -16.0) at distance 14.32
[22:16:37] TERRAIN: Chunk (-3.0, -16.0): Using BOX collision (distance: 14.32)
[22:16:37] TERRAIN: Chunk created successfully: (-3.0, -16.0) at world pos (-96.0, 0.0, -512.0) (total chunks: 686)
[22:16:37] TERRAIN: Creating chunk: (-8.0, -14.0) at distance 14.42
[22:16:37] TERRAIN: Chunk (-8.0, -14.0): Using BOX collision (distance: 14.42)
[22:16:37] TERRAIN: Chunk created successfully: (-8.0, -14.0) at world pos (-256.0, 0.0, -448.0) (total chunks: 687)
[22:16:37] TERRAIN: Creating chunk: (8.0, -14.0) at distance 14.42
[22:16:37] TERRAIN: Chunk (8.0, -14.0): Using BOX collision (distance: 14.42)
[22:16:37] TERRAIN: Chunk created successfully: (8.0, -14.0) at world pos (256.0, 0.0, -448.0) (total chunks: 688)
[22:16:37] TERRAIN: Creating chunk: (4.0, -16.0) at distance 14.56
[22:16:37] TERRAIN: Chunk (4.0, -16.0): Using BOX collision (distance: 14.56)
[22:16:37] TERRAIN: Chunk created successfully: (4.0, -16.0) at world pos (128.0, 0.0, -512.0) (total chunks: 689)
[22:16:37] TERRAIN: Creating chunk: (-4.0, -16.0) at distance 14.56
[22:16:37] TERRAIN: Chunk (-4.0, -16.0): Using BOX collision (distance: 14.56)
[22:16:37] TERRAIN: Chunk created successfully: (-4.0, -16.0) at world pos (-128.0, 0.0, -512.0) (total chunks: 690)
[22:16:37] TERRAIN: Creating chunk: (7.0, -15.0) at distance 14.76
[22:16:37] TERRAIN: Chunk (7.0, -15.0): Using BOX collision (distance: 14.76)
[22:16:37] TERRAIN: Chunk created successfully: (7.0, -15.0) at world pos (224.0, 0.0, -480.0) (total chunks: 691)
[22:16:37] TERRAIN: Creating chunk: (13.0, -9.0) at distance 14.76
[22:16:37] TERRAIN: Chunk (13.0, -9.0): Using BOX collision (distance: 14.76)
[22:16:37] TERRAIN: Chunk created successfully: (13.0, -9.0) at world pos (416.0, 0.0, -288.0) (total chunks: 692)
[22:16:37] TERRAIN: Creating chunk: (-13.0, -9.0) at distance 14.76
[22:16:37] TERRAIN: Chunk (-13.0, -9.0): Using BOX collision (distance: 14.76)
[22:16:37] TERRAIN: Chunk created successfully: (-13.0, -9.0) at world pos (-416.0, 0.0, -288.0) (total chunks: 693)
[22:16:37] TERRAIN: Creating chunk: (-7.0, -15.0) at distance 14.76
[22:16:37] TERRAIN: Chunk (-7.0, -15.0): Using BOX collision (distance: 14.76)
[22:16:37] TERRAIN: Chunk created successfully: (-7.0, -15.0) at world pos (-224.0, 0.0, -480.0) (total chunks: 694)
[22:16:37] TERRAIN: Creating chunk: (10.0, -13.0) at distance 14.87
[22:16:37] TERRAIN: Chunk (10.0, -13.0): Using BOX collision (distance: 14.87)
[22:16:37] TERRAIN: Chunk created successfully: (10.0, -13.0) at world pos (320.0, 0.0, -416.0) (total chunks: 695)
[22:16:37] TERRAIN: Creating chunk: (-11.0, -12.0) at distance 14.87
[22:16:37] TERRAIN: Chunk (-11.0, -12.0): Using BOX collision (distance: 14.87)
[22:16:37] TERRAIN: Chunk created successfully: (-11.0, -12.0) at world pos (-352.0, 0.0, -384.0) (total chunks: 696)
[22:16:37] TERRAIN: Creating chunk: (-5.0, -16.0) at distance 14.87
[22:16:37] TERRAIN: Chunk (-5.0, -16.0): Using BOX collision (distance: 14.87)
[22:16:37] TERRAIN: Chunk created successfully: (-5.0, -16.0) at world pos (-160.0, 0.0, -512.0) (total chunks: 697)
[22:16:37] TERRAIN: Creating chunk: (11.0, -12.0) at distance 14.87
[22:16:37] TERRAIN: Chunk (11.0, -12.0): Using BOX collision (distance: 14.87)
[22:16:37] TERRAIN: Chunk created successfully: (11.0, -12.0) at world pos (352.0, 0.0, -384.0) (total chunks: 698)
[22:16:37] TERRAIN: Creating chunk: (14.0, -7.0) at distance 14.87
[22:16:37] TERRAIN: Chunk (14.0, -7.0): Using BOX collision (distance: 14.87)
[22:16:37] TERRAIN: Chunk created successfully: (14.0, -7.0) at world pos (448.0, 0.0, -224.0) (total chunks: 699)
[22:16:37] TERRAIN: Creating chunk: (-14.0, -7.0) at distance 14.87
[22:16:37] TERRAIN: Chunk (-14.0, -7.0): Using BOX collision (distance: 14.87)
[22:16:37] TERRAIN: Chunk created successfully: (-14.0, -7.0) at world pos (-448.0, 0.0, -224.0) (total chunks: 700)
[22:16:37] TERRAIN: Creating chunk: (5.0, -16.0) at distance 14.87
[22:16:37] TERRAIN: Chunk (5.0, -16.0): Using BOX collision (distance: 14.87)
[22:16:37] TERRAIN: Chunk created successfully: (5.0, -16.0) at world pos (160.0, 0.0, -512.0) (total chunks: 701)
[22:16:37] TERRAIN: Creating chunk: (-10.0, -13.0) at distance 14.87
[22:16:37] TERRAIN: Chunk (-10.0, -13.0): Using BOX collision (distance: 14.87)
[22:16:37] TERRAIN: Chunk created successfully: (-10.0, -13.0) at world pos (-320.0, 0.0, -416.0) (total chunks: 702)
[22:16:37] TERRAIN: Creating chunk: (0.0, -17.0) at distance 15.00
[22:16:37] TERRAIN: Chunk (0.0, -17.0): Using BOX collision (distance: 15.00)
[22:16:37] TERRAIN: Chunk created successfully: (0.0, -17.0) at world pos (0.0, 0.0, -544.0) (total chunks: 703)
[22:16:37] TERRAIN: Creating chunk: (-12.0, -11.0) at distance 15.00
[22:16:37] TERRAIN: Chunk (-12.0, -11.0): Using BOX collision (distance: 15.00)
[22:16:37] TERRAIN: Chunk created successfully: (-12.0, -11.0) at world pos (-384.0, 0.0, -352.0) (total chunks: 704)
[22:16:37] TERRAIN: Creating chunk: (15.0, -2.0) at distance 15.00
[22:16:37] TERRAIN: Chunk (15.0, -2.0): Using BOX collision (distance: 15.00)
[22:16:37] TERRAIN: Chunk created successfully: (15.0, -2.0) at world pos (480.0, 0.0, -64.0) (total chunks: 705)
[22:16:37] TERRAIN: Creating chunk: (-9.0, -14.0) at distance 15.00
[22:16:37] TERRAIN: Chunk (-9.0, -14.0): Using BOX collision (distance: 15.00)
[22:16:37] TERRAIN: Chunk created successfully: (-9.0, -14.0) at world pos (-288.0, 0.0, -448.0) (total chunks: 706)
[22:16:37] TERRAIN: Creating chunk: (12.0, -11.0) at distance 15.00
[22:16:37] TERRAIN: Chunk (12.0, -11.0): Using BOX collision (distance: 15.00)
[22:16:37] TERRAIN: Chunk created successfully: (12.0, -11.0) at world pos (384.0, 0.0, -352.0) (total chunks: 707)
[22:16:37] TERRAIN: Creating chunk: (-15.0, -2.0) at distance 15.00
[22:16:37] TERRAIN: Chunk (-15.0, -2.0): Using BOX collision (distance: 15.00)
[22:16:37] TERRAIN: Chunk created successfully: (-15.0, -2.0) at world pos (-480.0, 0.0, -64.0) (total chunks: 708)
[22:16:37] TERRAIN: Creating chunk: (9.0, -14.0) at distance 15.00
[22:16:37] TERRAIN: Chunk (9.0, -14.0): Using BOX collision (distance: 15.00)
[22:16:37] TERRAIN: Chunk created successfully: (9.0, -14.0) at world pos (288.0, 0.0, -448.0) (total chunks: 709)
[22:16:37] PLAYER: Pos: (0.00002, -0.072787, -32.66718) | Chunk: (0.0, -2.0) | TerrainHeight: -0.08 | HeightDiff: 0.00 | OnFloor: true
[22:16:37] PLAYER: CHUNK CHANGED: (0.0, -1.0) -> (0.0, -2.0)
[22:16:38] PLAYER: Pos: (0.000016, -0.070828, -37.667) | Chunk: (0.0, -2.0) | TerrainHeight: -0.07 | HeightDiff: -0.00 | OnFloor: true
[22:16:39] TERRAIN: Player moved to new chunk: (-1.0, -2.0) (was (0.0, -2.0))
[22:16:39] TERRAIN: Updating terrain for player chunk: (-1.0, -2.0) (player pos: (-0.000002, -0.058099, -40.83344))
[22:16:39] TERRAIN: Player chunk (-1.0, -2.0) distance: 0.00 (render_distance: 15)
[22:16:39] TERRAIN: Removing 31 distant chunks
[22:16:39] TERRAIN: Removing chunk (5.0, 12.0) at distance 15.23 (player: (-1.0, -2.0))
[22:16:39] TERRAIN: Removing chunk: (5.0, 12.0)
[22:16:39] TERRAIN: Removing chunk (0.0, 13.0) at distance 15.03 (player: (-1.0, -2.0))
[22:16:39] TERRAIN: Removing chunk: (0.0, 13.0)
[22:16:39] TERRAIN: Removing chunk (7.0, 11.0) at distance 15.26 (player: (-1.0, -2.0))
[22:16:39] TERRAIN: Removing chunk: (7.0, 11.0)
[22:16:39] TERRAIN: Removing chunk (12.0, 6.0) at distance 15.26 (player: (-1.0, -2.0))
[22:16:39] TERRAIN: Removing chunk: (12.0, 6.0)
[22:16:39] TERRAIN: Removing chunk (9.0, 10.0) at distance 15.62 (player: (-1.0, -2.0))
[22:16:39] TERRAIN: Removing chunk: (9.0, 10.0)
[22:16:39] TERRAIN: Removing chunk (10.0, 9.0) at distance 15.56 (player: (-1.0, -2.0))
[22:16:39] TERRAIN: Removing chunk: (10.0, 9.0)
[22:16:39] TERRAIN: Removing chunk (13.0, 4.0) at distance 15.23 (player: (-1.0, -2.0))
[22:16:39] TERRAIN: Removing chunk: (13.0, 4.0)
[22:16:39] TERRAIN: Removing chunk (11.0, 8.0) at distance 15.62 (player: (-1.0, -2.0))
[22:16:39] TERRAIN: Removing chunk: (11.0, 8.0)
[22:16:39] TERRAIN: Removing chunk (12.0, 7.0) at distance 15.81 (player: (-1.0, -2.0))
[22:16:39] TERRAIN: Removing chunk: (12.0, 7.0)
[22:16:39] TERRAIN: Removing chunk (13.0, 5.0) at distance 15.65 (player: (-1.0, -2.0))
[22:16:39] TERRAIN: Removing chunk: (13.0, 5.0)
[22:16:39] TERRAIN: Removing chunk (14.0, 0.0) at distance 15.13 (player: (-1.0, -2.0))
[22:16:39] TERRAIN: Removing chunk: (14.0, 0.0)
[22:16:39] TERRAIN: Removing chunk (14.0, 1.0) at distance 15.30 (player: (-1.0, -2.0))
[22:16:39] TERRAIN: Removing chunk: (14.0, 1.0)
[22:16:39] TERRAIN: Removing chunk (14.0, -1.0) at distance 15.03 (player: (-1.0, -2.0))
[22:16:39] TERRAIN: Removing chunk: (14.0, -1.0)
[22:16:39] TERRAIN: Removing chunk (14.0, 2.0) at distance 15.52 (player: (-1.0, -2.0))
[22:16:39] TERRAIN: Removing chunk: (14.0, 2.0)
[22:16:39] TERRAIN: Removing chunk (14.0, -3.0) at distance 15.03 (player: (-1.0, -2.0))
[22:16:39] TERRAIN: Removing chunk: (14.0, -3.0)
[22:16:39] TERRAIN: Removing chunk (14.0, 3.0) at distance 15.81 (player: (-1.0, -2.0))
[22:16:39] TERRAIN: Removing chunk: (14.0, 3.0)
[22:16:39] TERRAIN: Removing chunk (14.0, -4.0) at distance 15.13 (player: (-1.0, -2.0))
[22:16:39] TERRAIN: Removing chunk: (14.0, -4.0)
[22:16:39] TERRAIN: Removing chunk (14.0, -5.0) at distance 15.30 (player: (-1.0, -2.0))
[22:16:39] TERRAIN: Removing chunk: (14.0, -5.0)
[22:16:39] TERRAIN: Removing chunk (14.0, -6.0) at distance 15.52 (player: (-1.0, -2.0))
[22:16:39] TERRAIN: Removing chunk: (14.0, -6.0)
[22:16:39] TERRAIN: Removing chunk (13.0, -8.0) at distance 15.23 (player: (-1.0, -2.0))
[22:16:39] TERRAIN: Removing chunk: (13.0, -8.0)
[22:16:39] TERRAIN: Removing chunk (12.0, -10.0) at distance 15.26 (player: (-1.0, -2.0))
[22:16:39] TERRAIN: Removing chunk: (12.0, -10.0)
[22:16:39] TERRAIN: Removing chunk (7.0, -15.0) at distance 15.26 (player: (-1.0, -2.0))
[22:16:39] TERRAIN: Removing chunk: (7.0, -15.0)
[22:16:39] TERRAIN: Removing chunk (13.0, -9.0) at distance 15.65 (player: (-1.0, -2.0))
[22:16:39] TERRAIN: Removing chunk: (13.0, -9.0)
[22:16:39] TERRAIN: Removing chunk (10.0, -13.0) at distance 15.56 (player: (-1.0, -2.0))
[22:16:39] TERRAIN: Removing chunk: (10.0, -13.0)
[22:16:39] TERRAIN: Removing chunk (11.0, -12.0) at distance 15.62 (player: (-1.0, -2.0))
[22:16:39] TERRAIN: Removing chunk: (11.0, -12.0)
[22:16:39] TERRAIN: Removing chunk (14.0, -7.0) at distance 15.81 (player: (-1.0, -2.0))
[22:16:39] TERRAIN: Removing chunk: (14.0, -7.0)
[22:16:39] TERRAIN: Removing chunk (5.0, -16.0) at distance 15.23 (player: (-1.0, -2.0))
[22:16:39] TERRAIN: Removing chunk: (5.0, -16.0)
[22:16:39] TERRAIN: Removing chunk (0.0, -17.0) at distance 15.03 (player: (-1.0, -2.0))
[22:16:39] TERRAIN: Removing chunk: (0.0, -17.0)
[22:16:39] TERRAIN: Removing chunk (15.0, -2.0) at distance 16.00 (player: (-1.0, -2.0))
[22:16:39] TERRAIN: Removing chunk: (15.0, -2.0)
[22:16:39] TERRAIN: Removing chunk (12.0, -11.0) at distance 15.81 (player: (-1.0, -2.0))
[22:16:39] TERRAIN: Removing chunk: (12.0, -11.0)
[22:16:39] TERRAIN: Removing chunk (9.0, -14.0) at distance 15.62 (player: (-1.0, -2.0))
[22:16:39] TERRAIN: Removing chunk: (9.0, -14.0)
[22:16:39] TERRAIN: Queuing 283 new chunks for generation
[22:16:39] TERRAIN: Queued chunk: (-15.0, -3.0) (distance: 14.04)
[22:16:39] TERRAIN: Queued chunk: (-15.0, -1.0) (distance: 14.04)
[22:16:39] TERRAIN: Queued chunk: (-15.0, 0.0) (distance: 14.14)
[22:16:39] TERRAIN: Queued chunk: (-15.0, -4.0) (distance: 14.14)
[22:16:39] TERRAIN: Queued chunk: (-15.0, 1.0) (distance: 14.32)
[22:16:39] TERRAIN: Queued chunk: (-14.0, -8.0) (distance: 14.32)
[22:16:39] TERRAIN: Queued chunk: (-15.0, -5.0) (distance: 14.32)
[22:16:39] TERRAIN: Queued chunk: (-14.0, 4.0) (distance: 14.32)
[22:16:39] TERRAIN: Queued chunk: (-13.0, 6.0) (distance: 14.42)
[22:16:39] TERRAIN: Queued chunk: (-13.0, -10.0) (distance: 14.42)
[22:16:39] TERRAIN: Queued chunk: (-15.0, -6.0) (distance: 14.56)
[22:16:39] TERRAIN: Queued chunk: (-15.0, 2.0) (distance: 14.56)
[22:16:39] TERRAIN: Queued chunk: (-14.0, -9.0) (distance: 14.76)
[22:16:39] TERRAIN: Queued chunk: (-8.0, -15.0) (distance: 14.76)
[22:16:39] TERRAIN: Queued chunk: (-14.0, 5.0) (distance: 14.76)
[22:16:39] TERRAIN: Queued chunk: (-8.0, 11.0) (distance: 14.76)
[22:16:39] TERRAIN: Queued chunk: (-6.0, 12.0) (distance: 14.87)
[22:16:39] TERRAIN: Queued chunk: (-12.0, -12.0) (distance: 14.87)
[22:16:39] TERRAIN: Queued chunk: (-6.0, -16.0) (distance: 14.87)
[22:16:39] TERRAIN: Queued chunk: (-11.0, 9.0) (distance: 14.87)
[22:16:39] TERRAIN: Queued chunk: (-11.0, -13.0) (distance: 14.87)
[22:16:39] TERRAIN: Queued chunk: (-12.0, 8.0) (distance: 14.87)
[22:16:39] TERRAIN: Queued chunk: (-15.0, -7.0) (distance: 14.87)
[22:16:39] TERRAIN: Queued chunk: (-15.0, 3.0) (distance: 14.87)
[22:16:39] TERRAIN: Queued chunk: (-10.0, 10.0) (distance: 15.00)
[22:16:39] TERRAIN: Queued chunk: (-16.0, -2.0) (distance: 15.00)
[22:16:39] TERRAIN: Queued chunk: (-10.0, -14.0) (distance: 15.00)
[22:16:39] TERRAIN: Queued chunk: (-13.0, 7.0) (distance: 15.00)
[22:16:39] TERRAIN: Queued chunk: (-1.0, 13.0) (distance: 15.00)
[22:16:39] TERRAIN: Queued chunk: (-1.0, -17.0) (distance: 15.00)
[22:16:39] TERRAIN: Queued chunk: (-13.0, -11.0) (distance: 15.00)
[22:16:39] TERRAIN: Queued chunk: (14.0, -1.0) (distance: 15.03)
[22:16:39] TERRAIN: Queued chunk: (-2.0, 13.0) (distance: 15.03)
[22:16:39] TERRAIN: Queued chunk: (14.0, -3.0) (distance: 15.03)
[22:16:39] TERRAIN: Queued chunk: (-2.0, -17.0) (distance: 15.03)
[22:16:39] TERRAIN: Queued chunk: (-16.0, -3.0) (distance: 15.03)
[22:16:39] TERRAIN: Queued chunk: (0.0, -17.0) (distance: 15.03)
[22:16:39] TERRAIN: Queued chunk: (-16.0, -1.0) (distance: 15.03)
[22:16:39] TERRAIN: Queued chunk: (0.0, 13.0) (distance: 15.03)
[22:16:39] TERRAIN: Queued chunk: (14.0, 0.0) (distance: 15.13)
[22:16:39] TERRAIN: Queued chunk: (14.0, -4.0) (distance: 15.13)
[22:16:39] TERRAIN: Queued chunk: (-3.0, 13.0) (distance: 15.13)
[22:16:39] TERRAIN: Queued chunk: (1.0, -17.0) (distance: 15.13)
[22:16:39] TERRAIN: Queued chunk: (1.0, 13.0) (distance: 15.13)
[22:16:39] TERRAIN: Queued chunk: (-3.0, -17.0) (distance: 15.13)
[22:16:39] TERRAIN: Queued chunk: (-16.0, 0.0) (distance: 15.13)
[22:16:39] TERRAIN: Queued chunk: (-16.0, -4.0) (distance: 15.13)
[22:16:39] TERRAIN: Queued chunk: (13.0, 4.0) (distance: 15.23)
[22:16:39] TERRAIN: Queued chunk: (-7.0, 12.0) (distance: 15.23)
[22:16:39] TERRAIN: Queued chunk: (-7.0, -16.0) (distance: 15.23)
[22:16:39] TERRAIN: Queued chunk: (13.0, -8.0) (distance: 15.23)
[22:16:39] TERRAIN: Queued chunk: (-15.0, 4.0) (distance: 15.23)
[22:16:39] TERRAIN: Queued chunk: (5.0, 12.0) (distance: 15.23)
[22:16:39] TERRAIN: Queued chunk: (5.0, -16.0) (distance: 15.23)
[22:16:39] TERRAIN: Queued chunk: (-15.0, -8.0) (distance: 15.23)
[22:16:39] TERRAIN: Queued chunk: (-14.0, -10.0) (distance: 15.26)
[22:16:39] TERRAIN: Queued chunk: (7.0, -15.0) (distance: 15.26)
[22:16:39] TERRAIN: Queued chunk: (-9.0, -15.0) (distance: 15.26)
[22:16:39] TERRAIN: Queued chunk: (-14.0, 6.0) (distance: 15.26)
[22:16:39] TERRAIN: Queued chunk: (-9.0, 11.0) (distance: 15.26)
[22:16:39] TERRAIN: Queued chunk: (7.0, 11.0) (distance: 15.26)
[22:16:39] TERRAIN: Queued chunk: (12.0, -10.0) (distance: 15.26)
[22:16:39] TERRAIN: Queued chunk: (12.0, 6.0) (distance: 15.26)
[22:16:39] TERRAIN: Queued chunk: (14.0, -5.0) (distance: 15.30)
[22:16:39] TERRAIN: Queued chunk: (14.0, 1.0) (distance: 15.30)
[22:16:39] TERRAIN: Queued chunk: (2.0, 13.0) (distance: 15.30)
[22:16:39] TERRAIN: Queued chunk: (2.0, -17.0) (distance: 15.30)
[22:16:39] TERRAIN: Queued chunk: (-16.0, 1.0) (distance: 15.30)
[22:16:39] TERRAIN: Queued chunk: (-16.0, -5.0) (distance: 15.30)
[22:16:39] TERRAIN: Queued chunk: (-4.0, 13.0) (distance: 15.30)
[22:16:39] TERRAIN: Queued chunk: (-4.0, -17.0) (distance: 15.30)
[22:16:39] TERRAIN: Queued chunk: (3.0, 13.0) (distance: 15.52)
[22:16:39] TERRAIN: Queued chunk: (3.0, -17.0) (distance: 15.52)
[22:16:39] TERRAIN: Queued chunk: (14.0, -6.0) (distance: 15.52)
[22:16:39] TERRAIN: Queued chunk: (-5.0, -17.0) (distance: 15.52)
[22:16:39] TERRAIN: Queued chunk: (-16.0, -6.0) (distance: 15.52)
[22:16:39] TERRAIN: Queued chunk: (-16.0, 2.0) (distance: 15.52)
[22:16:39] TERRAIN: Queued chunk: (14.0, 2.0) (distance: 15.52)
[22:16:39] TERRAIN: Queued chunk: (-5.0, 13.0) (distance: 15.52)
[22:16:39] TERRAIN: Queued chunk: (-12.0, 9.0) (distance: 15.56)
[22:16:39] TERRAIN: Queued chunk: (10.0, 9.0) (distance: 15.56)
[22:16:39] TERRAIN: Queued chunk: (10.0, -13.0) (distance: 15.56)
[22:16:39] TERRAIN: Queued chunk: (-12.0, -13.0) (distance: 15.56)
[22:16:39] TERRAIN: Queued chunk: (11.0, 8.0) (distance: 15.62)
[22:16:39] TERRAIN: Queued chunk: (-11.0, -14.0) (distance: 15.62)
[22:16:39] TERRAIN: Queued chunk: (9.0, -14.0) (distance: 15.62)
[22:16:39] TERRAIN: Queued chunk: (9.0, 10.0) (distance: 15.62)
[22:16:39] TERRAIN: Queued chunk: (-13.0, -12.0) (distance: 15.62)
[22:16:39] TERRAIN: Queued chunk: (-11.0, 10.0) (distance: 15.62)
[22:16:39] TERRAIN: Queued chunk: (11.0, -12.0) (distance: 15.62)
[22:16:39] TERRAIN: Queued chunk: (-13.0, 8.0) (distance: 15.62)
[22:16:39] TERRAIN: Queued chunk: (6.0, -16.0) (distance: 15.65)
[22:16:39] TERRAIN: Queued chunk: (-8.0, 12.0) (distance: 15.65)
[22:16:39] TERRAIN: Queued chunk: (-8.0, -16.0) (distance: 15.65)
[22:16:39] TERRAIN: Queued chunk: (6.0, 12.0) (distance: 15.65)
[22:16:39] TERRAIN: Queued chunk: (-15.0, -9.0) (distance: 15.65)
[22:16:39] TERRAIN: Queued chunk: (-15.0, 5.0) (distance: 15.65)
[22:16:39] TERRAIN: Queued chunk: (13.0, -9.0) (distance: 15.65)
[22:16:39] TERRAIN: Queued chunk: (13.0, 5.0) (distance: 15.65)
[22:16:39] TERRAIN: Queued chunk: (-10.0, -15.0) (distance: 15.81)
[22:16:39] TERRAIN: Queued chunk: (-10.0, 11.0) (distance: 15.81)
[22:16:39] TERRAIN: Queued chunk: (-6.0, 13.0) (distance: 15.81)
[22:16:39] TERRAIN: Queued chunk: (12.0, 7.0) (distance: 15.81)
[22:16:39] TERRAIN: Queued chunk: (4.0, -17.0) (distance: 15.81)
[22:16:39] TERRAIN: Queued chunk: (4.0, 13.0) (distance: 15.81)
[22:16:39] TERRAIN: Queued chunk: (-14.0, 7.0) (distance: 15.81)
[22:16:39] TERRAIN: Queued chunk: (-14.0, -11.0) (distance: 15.81)
[22:16:39] TERRAIN: Queued chunk: (12.0, -11.0) (distance: 15.81)
[22:16:39] TERRAIN: Queued chunk: (-6.0, -17.0) (distance: 15.81)
[22:16:39] TERRAIN: Queued chunk: (-16.0, -7.0) (distance: 15.81)
[22:16:39] TERRAIN: Queued chunk: (8.0, -15.0) (distance: 15.81)
[22:16:39] TERRAIN: Queued chunk: (8.0, 11.0) (distance: 15.81)
[22:16:39] TERRAIN: Queued chunk: (-16.0, 3.0) (distance: 15.81)
[22:16:39] TERRAIN: Queued chunk: (14.0, -7.0) (distance: 15.81)
[22:16:39] TERRAIN: Queued chunk: (14.0, 3.0) (distance: 15.81)
[22:16:39] TERRAIN: Queued chunk: (13.0, -10.0) (distance: 16.12)
[22:16:39] TERRAIN: Queued chunk: (-9.0, 12.0) (distance: 16.12)
[22:16:39] TERRAIN: Queued chunk: (-15.0, -10.0) (distance: 16.12)
[22:16:39] TERRAIN: Queued chunk: (-15.0, 6.0) (distance: 16.12)
[22:16:39] TERRAIN: Queued chunk: (7.0, 12.0) (distance: 16.12)
[22:16:39] TERRAIN: Queued chunk: (13.0, 6.0) (distance: 16.12)
[22:16:39] TERRAIN: Queued chunk: (7.0, -16.0) (distance: 16.12)
[22:16:39] TERRAIN: Queued chunk: (-9.0, -16.0) (distance: 16.12)
[22:16:39] TERRAIN: Queued chunk: (-7.0, -17.0) (distance: 16.16)
[22:16:39] TERRAIN: Queued chunk: (-7.0, 13.0) (distance: 16.16)
[22:16:39] TERRAIN: Queued chunk: (14.0, -8.0) (distance: 16.16)
[22:16:39] TERRAIN: Queued chunk: (-16.0, -8.0) (distance: 16.16)
[22:16:39] TERRAIN: Queued chunk: (-16.0, 4.0) (distance: 16.16)
[22:16:39] TERRAIN: Queued chunk: (5.0, -17.0) (distance: 16.16)
[22:16:39] TERRAIN: Queued chunk: (5.0, 13.0) (distance: 16.16)
[22:16:39] TERRAIN: Queued chunk: (14.0, 4.0) (distance: 16.16)
[22:16:39] TERRAIN: Queued chunk: (11.0, 9.0) (distance: 16.28)
[22:16:39] TERRAIN: Queued chunk: (11.0, -13.0) (distance: 16.28)
[22:16:39] TERRAIN: Queued chunk: (10.0, 10.0) (distance: 16.28)
[22:16:39] TERRAIN: Queued chunk: (10.0, -14.0) (distance: 16.28)
[22:16:39] TERRAIN: Queued chunk: (-13.0, -13.0) (distance: 16.28)
[22:16:39] TERRAIN: Queued chunk: (-13.0, 9.0) (distance: 16.28)
[22:16:39] TERRAIN: Queued chunk: (-12.0, -14.0) (distance: 16.28)
[22:16:39] TERRAIN: Queued chunk: (-12.0, 10.0) (distance: 16.28)
[22:16:39] TERRAIN: Queued chunk: (9.0, 11.0) (distance: 16.40)
[22:16:39] TERRAIN: Queued chunk: (9.0, -15.0) (distance: 16.40)
[22:16:39] TERRAIN: Queued chunk: (12.0, -12.0) (distance: 16.40)
[22:16:39] TERRAIN: Queued chunk: (12.0, 8.0) (distance: 16.40)
[22:16:39] TERRAIN: Queued chunk: (-14.0, 8.0) (distance: 16.40)
[22:16:39] TERRAIN: Queued chunk: (-14.0, -12.0) (distance: 16.40)
[22:16:39] TERRAIN: Queued chunk: (-11.0, -15.0) (distance: 16.40)
[22:16:39] TERRAIN: Queued chunk: (-11.0, 11.0) (distance: 16.40)
[22:16:39] TERRAIN: Queued chunk: (6.0, -17.0) (distance: 16.55)
[22:16:39] TERRAIN: Queued chunk: (6.0, 13.0) (distance: 16.55)
[22:16:39] TERRAIN: Queued chunk: (14.0, 5.0) (distance: 16.55)
[22:16:39] TERRAIN: Queued chunk: (-16.0, 5.0) (distance: 16.55)
[22:16:39] TERRAIN: Queued chunk: (-16.0, -9.0) (distance: 16.55)
[22:16:39] TERRAIN: Queued chunk: (14.0, -9.0) (distance: 16.55)
[22:16:39] TERRAIN: Queued chunk: (-8.0, -17.0) (distance: 16.55)
[22:16:39] TERRAIN: Queued chunk: (-8.0, 13.0) (distance: 16.55)
[22:16:39] TERRAIN: Queued chunk: (13.0, 7.0) (distance: 16.64)
[22:16:39] TERRAIN: Queued chunk: (-15.0, -11.0) (distance: 16.64)
[22:16:39] TERRAIN: Queued chunk: (8.0, 12.0) (distance: 16.64)
[22:16:39] TERRAIN: Queued chunk: (13.0, -11.0) (distance: 16.64)
[22:16:39] TERRAIN: Queued chunk: (-15.0, 7.0) (distance: 16.64)
[22:16:39] TERRAIN: Queued chunk: (8.0, -16.0) (distance: 16.64)
[22:16:39] TERRAIN: Queued chunk: (-10.0, -16.0) (distance: 16.64)
[22:16:39] TERRAIN: Queued chunk: (-10.0, 12.0) (distance: 16.64)
[22:16:39] TERRAIN: Queued chunk: (11.0, 10.0) (distance: 16.97)
[22:16:39] TERRAIN: Queued chunk: (-13.0, 10.0) (distance: 16.97)
[22:16:39] TERRAIN: Queued chunk: (-13.0, -14.0) (distance: 16.97)
[22:16:39] TERRAIN: Queued chunk: (11.0, -14.0) (distance: 16.97)
[22:16:39] TERRAIN: Queued chunk: (-9.0, 13.0) (distance: 17.00)
[22:16:39] TERRAIN: Queued chunk: (-16.0, -10.0) (distance: 17.00)
[22:16:39] TERRAIN: Queued chunk: (-9.0, -17.0) (distance: 17.00)
[22:16:39] TERRAIN: Queued chunk: (-16.0, 6.0) (distance: 17.00)
[22:16:39] TERRAIN: Queued chunk: (7.0, 13.0) (distance: 17.00)
[22:16:39] TERRAIN: Queued chunk: (14.0, 6.0) (distance: 17.00)
[22:16:39] TERRAIN: Queued chunk: (14.0, -10.0) (distance: 17.00)
[22:16:39] TERRAIN: Queued chunk: (7.0, -17.0) (distance: 17.00)
[22:16:39] TERRAIN: Queued chunk: (10.0, -15.0) (distance: 17.03)
[22:16:39] TERRAIN: Queued chunk: (10.0, 11.0) (distance: 17.03)
[22:16:39] TERRAIN: Queued chunk: (-14.0, -13.0) (distance: 17.03)
[22:16:39] TERRAIN: Queued chunk: (-12.0, 11.0) (distance: 17.03)
[22:16:39] TERRAIN: Queued chunk: (-12.0, -15.0) (distance: 17.03)
[22:16:39] TERRAIN: Queued chunk: (-14.0, 9.0) (distance: 17.03)
[22:16:39] TERRAIN: Queued chunk: (12.0, -13.0) (distance: 17.03)
[22:16:39] TERRAIN: Queued chunk: (12.0, 9.0) (distance: 17.03)
[22:16:39] TERRAIN: Queued chunk: (13.0, 8.0) (distance: 17.20)
[22:16:39] TERRAIN: Queued chunk: (9.0, 12.0) (distance: 17.20)
[22:16:39] TERRAIN: Queued chunk: (-15.0, -12.0) (distance: 17.20)
[22:16:39] TERRAIN: Queued chunk: (13.0, -12.0) (distance: 17.20)
[22:16:39] TERRAIN: Queued chunk: (9.0, -16.0) (distance: 17.20)
[22:16:39] TERRAIN: Queued chunk: (-11.0, 12.0) (distance: 17.20)
[22:16:39] TERRAIN: Queued chunk: (-11.0, -16.0) (distance: 17.20)
[22:16:39] TERRAIN: Queued chunk: (-15.0, 8.0) (distance: 17.20)
[22:16:39] TERRAIN: Queued chunk: (8.0, 13.0) (distance: 17.49)
[22:16:39] TERRAIN: Queued chunk: (14.0, -11.0) (distance: 17.49)
[22:16:39] TERRAIN: Queued chunk: (-10.0, -17.0) (distance: 17.49)
[22:16:39] TERRAIN: Queued chunk: (-16.0, 7.0) (distance: 17.49)
[22:16:39] TERRAIN: Queued chunk: (8.0, -17.0) (distance: 17.49)
[22:16:39] TERRAIN: Queued chunk: (-10.0, 13.0) (distance: 17.49)
[22:16:39] TERRAIN: Queued chunk: (14.0, 7.0) (distance: 17.49)
[22:16:39] TERRAIN: Queued chunk: (-16.0, -11.0) (distance: 17.49)
[22:16:39] TERRAIN: Queued chunk: (11.0, -15.0) (distance: 17.69)
[22:16:39] TERRAIN: Queued chunk: (12.0, 10.0) (distance: 17.69)
[22:16:39] TERRAIN: Queued chunk: (-14.0, 10.0) (distance: 17.69)
[22:16:39] TERRAIN: Queued chunk: (-14.0, -14.0) (distance: 17.69)
[22:16:39] TERRAIN: Queued chunk: (12.0, -14.0) (distance: 17.69)
[22:16:39] TERRAIN: Queued chunk: (-13.0, -15.0) (distance: 17.69)
[22:16:39] TERRAIN: Queued chunk: (-13.0, 11.0) (distance: 17.69)
[22:16:39] TERRAIN: Queued chunk: (11.0, 11.0) (distance: 17.69)
[22:16:39] TERRAIN: Queued chunk: (13.0, -13.0) (distance: 17.80)
[22:16:39] TERRAIN: Queued chunk: (-12.0, -16.0) (distance: 17.80)
[22:16:39] TERRAIN: Queued chunk: (-12.0, 12.0) (distance: 17.80)
[22:16:39] TERRAIN: Queued chunk: (10.0, 12.0) (distance: 17.80)
[22:16:39] TERRAIN: Queued chunk: (-15.0, 9.0) (distance: 17.80)
[22:16:39] TERRAIN: Queued chunk: (10.0, -16.0) (distance: 17.80)
[22:16:39] TERRAIN: Queued chunk: (-15.0, -13.0) (distance: 17.80)
[22:16:39] TERRAIN: Queued chunk: (13.0, 9.0) (distance: 17.80)
[22:16:39] TERRAIN: Queued chunk: (-16.0, -12.0) (distance: 18.03)
[22:16:39] TERRAIN: Queued chunk: (-16.0, 8.0) (distance: 18.03)
[22:16:39] TERRAIN: Queued chunk: (9.0, 13.0) (distance: 18.03)
[22:16:39] TERRAIN: Queued chunk: (-11.0, 13.0) (distance: 18.03)
[22:16:39] TERRAIN: Queued chunk: (9.0, -17.0) (distance: 18.03)
[22:16:39] TERRAIN: Queued chunk: (-11.0, -17.0) (distance: 18.03)
[22:16:39] TERRAIN: Queued chunk: (14.0, 8.0) (distance: 18.03)
[22:16:39] TERRAIN: Queued chunk: (14.0, -12.0) (distance: 18.03)
[22:16:39] TERRAIN: Queued chunk: (12.0, -15.0) (distance: 18.38)
[22:16:39] TERRAIN: Queued chunk: (-14.0, -15.0) (distance: 18.38)
[22:16:39] TERRAIN: Queued chunk: (-14.0, 11.0) (distance: 18.38)
[22:16:39] TERRAIN: Queued chunk: (12.0, 11.0) (distance: 18.38)
[22:16:39] TERRAIN: Queued chunk: (13.0, -14.0) (distance: 18.44)
[22:16:39] TERRAIN: Queued chunk: (11.0, 12.0) (distance: 18.44)
[22:16:39] TERRAIN: Queued chunk: (11.0, -16.0) (distance: 18.44)
[22:16:39] TERRAIN: Queued chunk: (-13.0, 12.0) (distance: 18.44)
[22:16:39] TERRAIN: Queued chunk: (-13.0, -16.0) (distance: 18.44)
[22:16:39] TERRAIN: Queued chunk: (-15.0, 10.0) (distance: 18.44)
[22:16:39] TERRAIN: Queued chunk: (-15.0, -14.0) (distance: 18.44)
[22:16:39] TERRAIN: Queued chunk: (13.0, 10.0) (distance: 18.44)
[22:16:39] TERRAIN: Queued chunk: (14.0, -13.0) (distance: 18.60)
[22:16:39] TERRAIN: Queued chunk: (10.0, 13.0) (distance: 18.60)
[22:16:39] TERRAIN: Queued chunk: (10.0, -17.0) (distance: 18.60)
[22:16:39] TERRAIN: Queued chunk: (-12.0, 13.0) (distance: 18.60)
[22:16:39] TERRAIN: Queued chunk: (-12.0, -17.0) (distance: 18.60)
[22:16:39] TERRAIN: Queued chunk: (-16.0, 9.0) (distance: 18.60)
[22:16:39] TERRAIN: Queued chunk: (-16.0, -13.0) (distance: 18.60)
[22:16:39] TERRAIN: Queued chunk: (14.0, 9.0) (distance: 18.60)
[22:16:39] TERRAIN: Queued chunk: (13.0, -15.0) (distance: 19.10)
[22:16:39] TERRAIN: Queued chunk: (12.0, 12.0) (distance: 19.10)
[22:16:39] TERRAIN: Queued chunk: (12.0, -16.0) (distance: 19.10)
[22:16:39] TERRAIN: Queued chunk: (-14.0, 12.0) (distance: 19.10)
[22:16:39] TERRAIN: Queued chunk: (-14.0, -16.0) (distance: 19.10)
[22:16:39] TERRAIN: Queued chunk: (-15.0, 11.0) (distance: 19.10)
[22:16:39] TERRAIN: Queued chunk: (-15.0, -15.0) (distance: 19.10)
[22:16:39] TERRAIN: Queued chunk: (13.0, 11.0) (distance: 19.10)
[22:16:39] TERRAIN: Queued chunk: (14.0, -14.0) (distance: 19.21)
[22:16:39] TERRAIN: Queued chunk: (14.0, 10.0) (distance: 19.21)
[22:16:39] TERRAIN: Queued chunk: (-16.0, -14.0) (distance: 19.21)
[22:16:39] TERRAIN: Queued chunk: (-16.0, 10.0) (distance: 19.21)
[22:16:39] TERRAIN: Queued chunk: (11.0, 13.0) (distance: 19.21)
[22:16:39] TERRAIN: Queued chunk: (11.0, -17.0) (distance: 19.21)
[22:16:39] TERRAIN: Queued chunk: (-13.0, 13.0) (distance: 19.21)
[22:16:39] TERRAIN: Queued chunk: (-13.0, -17.0) (distance: 19.21)
[22:16:39] TERRAIN: Queued chunk: (13.0, 12.0) (distance: 19.80)
[22:16:39] TERRAIN: Queued chunk: (13.0, -16.0) (distance: 19.80)
[22:16:39] TERRAIN: Queued chunk: (-15.0, -16.0) (distance: 19.80)
[22:16:39] TERRAIN: Queued chunk: (-15.0, 12.0) (distance: 19.80)
[22:16:39] TERRAIN: Queued chunk: (-16.0, -15.0) (distance: 19.85)
[22:16:39] TERRAIN: Queued chunk: (-16.0, 11.0) (distance: 19.85)
[22:16:39] TERRAIN: Queued chunk: (-14.0, -17.0) (distance: 19.85)
[22:16:39] TERRAIN: Queued chunk: (-14.0, 13.0) (distance: 19.85)
[22:16:39] TERRAIN: Queued chunk: (12.0, -17.0) (distance: 19.85)
[22:16:39] TERRAIN: Queued chunk: (12.0, 13.0) (distance: 19.85)
[22:16:39] TERRAIN: Queued chunk: (14.0, -15.0) (distance: 19.85)
[22:16:39] TERRAIN: Queued chunk: (14.0, 11.0) (distance: 19.85)
[22:16:39] TERRAIN: Queued chunk: (-15.0, 13.0) (distance: 20.52)
[22:16:39] TERRAIN: Queued chunk: (13.0, -17.0) (distance: 20.52)
[22:16:39] TERRAIN: Queued chunk: (-15.0, -17.0) (distance: 20.52)
[22:16:39] TERRAIN: Queued chunk: (14.0, 12.0) (distance: 20.52)
[22:16:39] TERRAIN: Queued chunk: (-16.0, 12.0) (distance: 20.52)
[22:16:39] TERRAIN: Queued chunk: (13.0, 13.0) (distance: 20.52)
[22:16:39] TERRAIN: Queued chunk: (14.0, -16.0) (distance: 20.52)
[22:16:39] TERRAIN: Queued chunk: (-16.0, -16.0) (distance: 20.52)
[22:16:39] TERRAIN: Queued chunk: (14.0, 13.0) (distance: 21.21)
[22:16:39] TERRAIN: Queued chunk: (14.0, -17.0) (distance: 21.21)
[22:16:39] TERRAIN: Queued chunk: (-16.0, 13.0) (distance: 21.21)
[22:16:39] TERRAIN: Queued chunk: (-16.0, -17.0) (distance: 21.21)
[22:16:39] TERRAIN: Creating chunk: (-15.0, -3.0) at distance 14.04
[22:16:39] TERRAIN: Chunk (-15.0, -3.0): Using BOX collision (distance: 14.04)
[22:16:39] TERRAIN: Chunk created successfully: (-15.0, -3.0) at world pos (-480.0, 0.0, -96.0) (total chunks: 679)
[22:16:39] TERRAIN: Creating chunk: (-15.0, -1.0) at distance 14.04
[22:16:39] TERRAIN: Chunk (-15.0, -1.0): Using BOX collision (distance: 14.04)
[22:16:39] TERRAIN: Chunk created successfully: (-15.0, -1.0) at world pos (-480.0, 0.0, -32.0) (total chunks: 680)
[22:16:39] TERRAIN: Creating chunk: (-15.0, 0.0) at distance 14.14
[22:16:39] TERRAIN: Chunk (-15.0, 0.0): Using BOX collision (distance: 14.14)
[22:16:39] TERRAIN: Chunk created successfully: (-15.0, 0.0) at world pos (-480.0, 0.0, 0.0) (total chunks: 681)
[22:16:39] TERRAIN: Creating chunk: (-15.0, -4.0) at distance 14.14
[22:16:39] TERRAIN: Chunk (-15.0, -4.0): Using BOX collision (distance: 14.14)
[22:16:39] TERRAIN: Chunk created successfully: (-15.0, -4.0) at world pos (-480.0, 0.0, -128.0) (total chunks: 682)
[22:16:39] TERRAIN: Creating chunk: (-15.0, 1.0) at distance 14.32
[22:16:39] TERRAIN: Chunk (-15.0, 1.0): Using BOX collision (distance: 14.32)
[22:16:39] TERRAIN: Chunk created successfully: (-15.0, 1.0) at world pos (-480.0, 0.0, 32.0) (total chunks: 683)
[22:16:39] TERRAIN: Creating chunk: (-14.0, -8.0) at distance 14.32
[22:16:39] TERRAIN: Chunk (-14.0, -8.0): Using BOX collision (distance: 14.32)
[22:16:39] TERRAIN: Chunk created successfully: (-14.0, -8.0) at world pos (-448.0, 0.0, -256.0) (total chunks: 684)
[22:16:39] TERRAIN: Creating chunk: (-15.0, -5.0) at distance 14.32
[22:16:39] TERRAIN: Chunk (-15.0, -5.0): Using BOX collision (distance: 14.32)
[22:16:39] TERRAIN: Chunk created successfully: (-15.0, -5.0) at world pos (-480.0, 0.0, -160.0) (total chunks: 685)
[22:16:39] TERRAIN: Creating chunk: (-14.0, 4.0) at distance 14.32
[22:16:39] TERRAIN: Chunk (-14.0, 4.0): Using BOX collision (distance: 14.32)
[22:16:39] TERRAIN: Chunk created successfully: (-14.0, 4.0) at world pos (-448.0, 0.0, 128.0) (total chunks: 686)
[22:16:39] TERRAIN: Creating chunk: (-13.0, 6.0) at distance 14.42
[22:16:39] TERRAIN: Chunk (-13.0, 6.0): Using BOX collision (distance: 14.42)
[22:16:39] TERRAIN: Chunk created successfully: (-13.0, 6.0) at world pos (-416.0, 0.0, 192.0) (total chunks: 687)
[22:16:39] TERRAIN: Creating chunk: (-13.0, -10.0) at distance 14.42
[22:16:39] TERRAIN: Chunk (-13.0, -10.0): Using BOX collision (distance: 14.42)
[22:16:39] TERRAIN: Chunk created successfully: (-13.0, -10.0) at world pos (-416.0, 0.0, -320.0) (total chunks: 688)
[22:16:39] TERRAIN: Creating chunk: (-15.0, -6.0) at distance 14.56
[22:16:39] TERRAIN: Chunk (-15.0, -6.0): Using BOX collision (distance: 14.56)
[22:16:39] TERRAIN: Chunk created successfully: (-15.0, -6.0) at world pos (-480.0, 0.0, -192.0) (total chunks: 689)
[22:16:39] TERRAIN: Creating chunk: (-15.0, 2.0) at distance 14.56
[22:16:39] TERRAIN: Chunk (-15.0, 2.0): Using BOX collision (distance: 14.56)
[22:16:39] TERRAIN: Chunk created successfully: (-15.0, 2.0) at world pos (-480.0, 0.0, 64.0) (total chunks: 690)
[22:16:39] TERRAIN: Creating chunk: (-14.0, -9.0) at distance 14.76
[22:16:39] TERRAIN: Chunk (-14.0, -9.0): Using BOX collision (distance: 14.76)
[22:16:39] TERRAIN: Chunk created successfully: (-14.0, -9.0) at world pos (-448.0, 0.0, -288.0) (total chunks: 691)
[22:16:39] TERRAIN: Creating chunk: (-8.0, -15.0) at distance 14.76
[22:16:39] TERRAIN: Chunk (-8.0, -15.0): Using BOX collision (distance: 14.76)
[22:16:39] TERRAIN: Chunk created successfully: (-8.0, -15.0) at world pos (-256.0, 0.0, -480.0) (total chunks: 692)
[22:16:39] TERRAIN: Creating chunk: (-14.0, 5.0) at distance 14.76
[22:16:39] TERRAIN: Chunk (-14.0, 5.0): Using BOX collision (distance: 14.76)
[22:16:39] TERRAIN: Chunk created successfully: (-14.0, 5.0) at world pos (-448.0, 0.0, 160.0) (total chunks: 693)
[22:16:39] TERRAIN: Creating chunk: (-8.0, 11.0) at distance 14.76
[22:16:39] TERRAIN: Chunk (-8.0, 11.0): Using BOX collision (distance: 14.76)
[22:16:39] TERRAIN: Chunk created successfully: (-8.0, 11.0) at world pos (-256.0, 0.0, 352.0) (total chunks: 694)
[22:16:39] TERRAIN: Creating chunk: (-6.0, 12.0) at distance 14.87
[22:16:39] TERRAIN: Chunk (-6.0, 12.0): Using BOX collision (distance: 14.87)
[22:16:39] TERRAIN: Chunk created successfully: (-6.0, 12.0) at world pos (-192.0, 0.0, 384.0) (total chunks: 695)
[22:16:39] TERRAIN: Creating chunk: (-12.0, -12.0) at distance 14.87
[22:16:39] TERRAIN: Chunk (-12.0, -12.0): Using BOX collision (distance: 14.87)
[22:16:39] TERRAIN: Chunk created successfully: (-12.0, -12.0) at world pos (-384.0, 0.0, -384.0) (total chunks: 696)
[22:16:39] TERRAIN: Creating chunk: (-6.0, -16.0) at distance 14.87
[22:16:39] TERRAIN: Chunk (-6.0, -16.0): Using BOX collision (distance: 14.87)
[22:16:39] TERRAIN: Chunk created successfully: (-6.0, -16.0) at world pos (-192.0, 0.0, -512.0) (total chunks: 697)
[22:16:39] TERRAIN: Creating chunk: (-11.0, 9.0) at distance 14.87
[22:16:39] TERRAIN: Chunk (-11.0, 9.0): Using BOX collision (distance: 14.87)
[22:16:39] TERRAIN: Chunk created successfully: (-11.0, 9.0) at world pos (-352.0, 0.0, 288.0) (total chunks: 698)
[22:16:39] TERRAIN: Creating chunk: (-11.0, -13.0) at distance 14.87
[22:16:39] TERRAIN: Chunk (-11.0, -13.0): Using BOX collision (distance: 14.87)
[22:16:39] TERRAIN: Chunk created successfully: (-11.0, -13.0) at world pos (-352.0, 0.0, -416.0) (total chunks: 699)
[22:16:39] TERRAIN: Creating chunk: (-12.0, 8.0) at distance 14.87
[22:16:39] TERRAIN: Chunk (-12.0, 8.0): Using BOX collision (distance: 14.87)
[22:16:39] TERRAIN: Chunk created successfully: (-12.0, 8.0) at world pos (-384.0, 0.0, 256.0) (total chunks: 700)
[22:16:39] TERRAIN: Creating chunk: (-15.0, -7.0) at distance 14.87
[22:16:39] TERRAIN: Chunk (-15.0, -7.0): Using BOX collision (distance: 14.87)
[22:16:39] TERRAIN: Chunk created successfully: (-15.0, -7.0) at world pos (-480.0, 0.0, -224.0) (total chunks: 701)
[22:16:39] TERRAIN: Creating chunk: (-15.0, 3.0) at distance 14.87
[22:16:39] TERRAIN: Chunk (-15.0, 3.0): Using BOX collision (distance: 14.87)
[22:16:39] TERRAIN: Chunk created successfully: (-15.0, 3.0) at world pos (-480.0, 0.0, 96.0) (total chunks: 702)
[22:16:39] TERRAIN: Creating chunk: (-10.0, 10.0) at distance 15.00
[22:16:39] TERRAIN: Chunk (-10.0, 10.0): Using BOX collision (distance: 15.00)
[22:16:39] TERRAIN: Chunk created successfully: (-10.0, 10.0) at world pos (-320.0, 0.0, 320.0) (total chunks: 703)
[22:16:39] TERRAIN: Creating chunk: (-16.0, -2.0) at distance 15.00
[22:16:39] TERRAIN: Chunk (-16.0, -2.0): Using BOX collision (distance: 15.00)
[22:16:39] TERRAIN: Chunk created successfully: (-16.0, -2.0) at world pos (-512.0, 0.0, -64.0) (total chunks: 704)
[22:16:39] TERRAIN: Creating chunk: (-10.0, -14.0) at distance 15.00
[22:16:39] TERRAIN: Chunk (-10.0, -14.0): Using BOX collision (distance: 15.00)
[22:16:39] TERRAIN: Chunk created successfully: (-10.0, -14.0) at world pos (-320.0, 0.0, -448.0) (total chunks: 705)
[22:16:39] TERRAIN: Creating chunk: (-13.0, 7.0) at distance 15.00
[22:16:39] TERRAIN: Chunk (-13.0, 7.0): Using BOX collision (distance: 15.00)
[22:16:39] TERRAIN: Chunk created successfully: (-13.0, 7.0) at world pos (-416.0, 0.0, 224.0) (total chunks: 706)
[22:16:39] TERRAIN: Creating chunk: (-1.0, 13.0) at distance 15.00
[22:16:39] TERRAIN: Chunk (-1.0, 13.0): Using BOX collision (distance: 15.00)
[22:16:39] TERRAIN: Chunk created successfully: (-1.0, 13.0) at world pos (-32.0, 0.0, 416.0) (total chunks: 707)
[22:16:39] TERRAIN: Creating chunk: (-1.0, -17.0) at distance 15.00
[22:16:39] TERRAIN: Chunk (-1.0, -17.0): Using BOX collision (distance: 15.00)
[22:16:39] TERRAIN: Chunk created successfully: (-1.0, -17.0) at world pos (-32.0, 0.0, -544.0) (total chunks: 708)
[22:16:39] TERRAIN: Creating chunk: (-13.0, -11.0) at distance 15.00
[22:16:39] TERRAIN: Chunk (-13.0, -11.0): Using BOX collision (distance: 15.00)
[22:16:39] TERRAIN: Chunk created successfully: (-13.0, -11.0) at world pos (-416.0, 0.0, -352.0) (total chunks: 709)
[22:16:39] PLAYER: Pos: (-0.000011, -0.053933, -42.66665) | Chunk: (-1.0, -2.0) | TerrainHeight: -0.05 | HeightDiff: -0.00 | OnFloor: true
[22:16:39] PLAYER: CHUNK CHANGED: (0.0, -2.0) -> (-1.0, -2.0)
[22:16:40] PLAYER: Pos: (-0.00005, -0.037184, -47.66631) | Chunk: (-1.0, -2.0) | TerrainHeight: -0.04 | HeightDiff: 0.00 | OnFloor: true
[22:16:41] PLAYER: Pos: (-0.000077, -0.016859, -52.66587) | Chunk: (-1.0, -2.0) | TerrainHeight: -0.02 | HeightDiff: -0.00 | OnFloor: true
[22:16:42] PLAYER: Pos: (-0.000087, -0.004348, -57.6656) | Chunk: (-1.0, -2.0) | TerrainHeight: -0.01 | HeightDiff: 0.00 | OnFloor: true
[22:16:43] PLAYER: Pos: (-0.000093, 0.001848, -62.66538) | Chunk: (-1.0, -2.0) | TerrainHeight: 0.00 | HeightDiff: -0.00 | OnFloor: true
[22:16:44] TERRAIN: Player moved to new chunk: (-1.0, -3.0) (was (-1.0, -2.0))
[22:16:44] TERRAIN: Updating terrain for player chunk: (-1.0, -3.0) (player pos: (-0.000093, -0.000544, -64.2487))
[22:16:44] TERRAIN: Player chunk (-1.0, -3.0) distance: 0.00 (render_distance: 15)
[22:16:44] TERRAIN: Removing 31 distant chunks
[22:16:44] TERRAIN: Removing chunk (0.0, 12.0) at distance 15.03 (player: (-1.0, -3.0))
[22:16:44] TERRAIN: Removing chunk: (0.0, 12.0)
[22:16:44] TERRAIN: Removing chunk (1.0, 12.0) at distance 15.13 (player: (-1.0, -3.0))
[22:16:44] TERRAIN: Removing chunk: (1.0, 12.0)
[22:16:44] TERRAIN: Removing chunk (5.0, 11.0) at distance 15.23 (player: (-1.0, -3.0))
[22:16:44] TERRAIN: Removing chunk: (5.0, 11.0)
[22:16:44] TERRAIN: Removing chunk (2.0, 12.0) at distance 15.30 (player: (-1.0, -3.0))
[22:16:44] TERRAIN: Removing chunk: (2.0, 12.0)
[22:16:44] TERRAIN: Removing chunk (-2.0, 12.0) at distance 15.03 (player: (-1.0, -3.0))
[22:16:44] TERRAIN: Removing chunk: (-2.0, 12.0)
[22:16:44] TERRAIN: Removing chunk (7.0, 10.0) at distance 15.26 (player: (-1.0, -3.0))
[22:16:44] TERRAIN: Removing chunk: (7.0, 10.0)
[22:16:44] TERRAIN: Removing chunk (-3.0, 12.0) at distance 15.13 (player: (-1.0, -3.0))
[22:16:44] TERRAIN: Removing chunk: (-3.0, 12.0)
[22:16:44] TERRAIN: Removing chunk (3.0, 12.0) at distance 15.52 (player: (-1.0, -3.0))
[22:16:44] TERRAIN: Removing chunk: (3.0, 12.0)
[22:16:44] TERRAIN: Removing chunk (6.0, 11.0) at distance 15.65 (player: (-1.0, -3.0))
[22:16:44] TERRAIN: Removing chunk: (6.0, 11.0)
[22:16:44] TERRAIN: Removing chunk (4.0, 12.0) at distance 15.81 (player: (-1.0, -3.0))
[22:16:44] TERRAIN: Removing chunk: (4.0, 12.0)
[22:16:44] TERRAIN: Removing chunk (-4.0, 12.0) at distance 15.30 (player: (-1.0, -3.0))
[22:16:44] TERRAIN: Removing chunk: (-4.0, 12.0)
[22:16:44] TERRAIN: Removing chunk (9.0, 9.0) at distance 15.62 (player: (-1.0, -3.0))
[22:16:44] TERRAIN: Removing chunk: (9.0, 9.0)
[22:16:44] TERRAIN: Removing chunk (8.0, 10.0) at distance 15.81 (player: (-1.0, -3.0))
[22:16:44] TERRAIN: Removing chunk: (8.0, 10.0)
[22:16:44] TERRAIN: Removing chunk (10.0, 8.0) at distance 15.56 (player: (-1.0, -3.0))
[22:16:44] TERRAIN: Removing chunk: (10.0, 8.0)
[22:16:44] TERRAIN: Removing chunk (12.0, 5.0) at distance 15.26 (player: (-1.0, -3.0))
[22:16:44] TERRAIN: Removing chunk: (12.0, 5.0)
[22:16:44] TERRAIN: Removing chunk (-5.0, 12.0) at distance 15.52 (player: (-1.0, -3.0))
[22:16:44] TERRAIN: Removing chunk: (-5.0, 12.0)
[22:16:44] TERRAIN: Removing chunk (-7.0, 11.0) at distance 15.23 (player: (-1.0, -3.0))
[22:16:44] TERRAIN: Removing chunk: (-7.0, 11.0)
[22:16:44] TERRAIN: Removing chunk (11.0, 7.0) at distance 15.62 (player: (-1.0, -3.0))
[22:16:44] TERRAIN: Removing chunk: (11.0, 7.0)
[22:16:44] TERRAIN: Removing chunk (13.0, 3.0) at distance 15.23 (player: (-1.0, -3.0))
[22:16:44] TERRAIN: Removing chunk: (13.0, 3.0)
[22:16:44] TERRAIN: Removing chunk (-9.0, 10.0) at distance 15.26 (player: (-1.0, -3.0))
[22:16:44] TERRAIN: Removing chunk: (-9.0, 10.0)
[22:16:44] TERRAIN: Removing chunk (14.0, -2.0) at distance 15.03 (player: (-1.0, -3.0))
[22:16:44] TERRAIN: Removing chunk: (14.0, -2.0)
[22:16:44] TERRAIN: Removing chunk (-14.0, 5.0) at distance 15.26 (player: (-1.0, -3.0))
[22:16:44] TERRAIN: Removing chunk: (-14.0, 5.0)
[22:16:44] TERRAIN: Removing chunk (-8.0, 11.0) at distance 15.65 (player: (-1.0, -3.0))
[22:16:44] TERRAIN: Removing chunk: (-8.0, 11.0)
[22:16:44] TERRAIN: Removing chunk (-6.0, 12.0) at distance 15.81 (player: (-1.0, -3.0))
[22:16:44] TERRAIN: Removing chunk: (-6.0, 12.0)
[22:16:44] TERRAIN: Removing chunk (-11.0, 9.0) at distance 15.62 (player: (-1.0, -3.0))
[22:16:44] TERRAIN: Removing chunk: (-11.0, 9.0)
[22:16:44] TERRAIN: Removing chunk (-12.0, 8.0) at distance 15.56 (player: (-1.0, -3.0))
[22:16:44] TERRAIN: Removing chunk: (-12.0, 8.0)
[22:16:44] TERRAIN: Removing chunk (-15.0, 3.0) at distance 15.23 (player: (-1.0, -3.0))
[22:16:44] TERRAIN: Removing chunk: (-15.0, 3.0)
[22:16:44] TERRAIN: Removing chunk (-10.0, 10.0) at distance 15.81 (player: (-1.0, -3.0))
[22:16:44] TERRAIN: Removing chunk: (-10.0, 10.0)
[22:16:44] TERRAIN: Removing chunk (-16.0, -2.0) at distance 15.03 (player: (-1.0, -3.0))
[22:16:44] TERRAIN: Removing chunk: (-16.0, -2.0)
[22:16:44] TERRAIN: Removing chunk (-13.0, 7.0) at distance 15.62 (player: (-1.0, -3.0))
[22:16:44] TERRAIN: Removing chunk: (-13.0, 7.0)
[22:16:44] TERRAIN: Removing chunk (-1.0, 13.0) at distance 16.00 (player: (-1.0, -3.0))
[22:16:44] TERRAIN: Removing chunk: (-1.0, 13.0)
[22:16:44] TERRAIN: Queuing 283 new chunks for generation
[22:16:44] TERRAIN: Queued chunk: (0.0, -17.0) (distance: 14.04)
[22:16:44] TERRAIN: Queued chunk: (-2.0, -17.0) (distance: 14.04)
[22:16:44] TERRAIN: Queued chunk: (1.0, -17.0) (distance: 14.14)
[22:16:44] TERRAIN: Queued chunk: (-3.0, -17.0) (distance: 14.14)
[22:16:44] TERRAIN: Queued chunk: (5.0, -16.0) (distance: 14.32)
[22:16:44] TERRAIN: Queued chunk: (-7.0, -16.0) (distance: 14.32)
[22:16:44] TERRAIN: Queued chunk: (2.0, -17.0) (distance: 14.32)
[22:16:44] TERRAIN: Queued chunk: (-4.0, -17.0) (distance: 14.32)
[22:16:44] TERRAIN: Queued chunk: (-9.0, -15.0) (distance: 14.42)
[22:16:44] TERRAIN: Queued chunk: (7.0, -15.0) (distance: 14.42)
[22:16:44] TERRAIN: Queued chunk: (3.0, -17.0) (distance: 14.56)
[22:16:44] TERRAIN: Queued chunk: (-5.0, -17.0) (distance: 14.56)
[22:16:44] TERRAIN: Queued chunk: (6.0, -16.0) (distance: 14.76)
[22:16:44] TERRAIN: Queued chunk: (12.0, -10.0) (distance: 14.76)
[22:16:44] TERRAIN: Queued chunk: (-14.0, -10.0) (distance: 14.76)
[22:16:44] TERRAIN: Queued chunk: (-8.0, -16.0) (distance: 14.76)
[22:16:44] TERRAIN: Queued chunk: (9.0, -14.0) (distance: 14.87)
[22:16:44] TERRAIN: Queued chunk: (-12.0, -13.0) (distance: 14.87)
[22:16:44] TERRAIN: Queued chunk: (-6.0, -17.0) (distance: 14.87)
[22:16:44] TERRAIN: Queued chunk: (10.0, -13.0) (distance: 14.87)
[22:16:44] TERRAIN: Queued chunk: (13.0, -8.0) (distance: 14.87)
[22:16:44] TERRAIN: Queued chunk: (-15.0, -8.0) (distance: 14.87)
[22:16:44] TERRAIN: Queued chunk: (4.0, -17.0) (distance: 14.87)
[22:16:44] TERRAIN: Queued chunk: (-11.0, -14.0) (distance: 14.87)
[22:16:44] TERRAIN: Queued chunk: (-1.0, -18.0) (distance: 15.00)
[22:16:44] TERRAIN: Queued chunk: (-13.0, -12.0) (distance: 15.00)
[22:16:44] TERRAIN: Queued chunk: (14.0, -3.0) (distance: 15.00)
[22:16:44] TERRAIN: Queued chunk: (-10.0, -15.0) (distance: 15.00)
[22:16:44] TERRAIN: Queued chunk: (11.0, -12.0) (distance: 15.00)
[22:16:44] TERRAIN: Queued chunk: (-16.0, -3.0) (distance: 15.00)
[22:16:44] TERRAIN: Queued chunk: (8.0, -15.0) (distance: 15.00)
[22:16:44] TERRAIN: Queued chunk: (14.0, -2.0) (distance: 15.03)
[22:16:44] TERRAIN: Queued chunk: (0.0, 12.0) (distance: 15.03)
[22:16:44] TERRAIN: Queued chunk: (-16.0, -2.0) (distance: 15.03)
[22:16:44] TERRAIN: Queued chunk: (0.0, -18.0) (distance: 15.03)
[22:16:44] TERRAIN: Queued chunk: (-2.0, 12.0) (distance: 15.03)
[22:16:44] TERRAIN: Queued chunk: (14.0, -4.0) (distance: 15.03)
[22:16:44] TERRAIN: Queued chunk: (-16.0, -4.0) (distance: 15.03)
[22:16:44] TERRAIN: Queued chunk: (-2.0, -18.0) (distance: 15.03)
[22:16:44] TERRAIN: Queued chunk: (14.0, -5.0) (distance: 15.13)
[22:16:44] TERRAIN: Queued chunk: (-3.0, 12.0) (distance: 15.13)
[22:16:44] TERRAIN: Queued chunk: (-16.0, -5.0) (distance: 15.13)
[22:16:44] TERRAIN: Queued chunk: (-3.0, -18.0) (distance: 15.13)
[22:16:44] TERRAIN: Queued chunk: (-16.0, -1.0) (distance: 15.13)
[22:16:44] TERRAIN: Queued chunk: (1.0, -18.0) (distance: 15.13)
[22:16:44] TERRAIN: Queued chunk: (1.0, 12.0) (distance: 15.13)
[22:16:44] TERRAIN: Queued chunk: (14.0, -1.0) (distance: 15.13)
[22:16:44] TERRAIN: Queued chunk: (13.0, 3.0) (distance: 15.23)
[22:16:44] TERRAIN: Queued chunk: (13.0, -9.0) (distance: 15.23)
[22:16:44] TERRAIN: Queued chunk: (-7.0, -17.0) (distance: 15.23)
[22:16:44] TERRAIN: Queued chunk: (-7.0, 11.0) (distance: 15.23)
[22:16:44] TERRAIN: Queued chunk: (5.0, 11.0) (distance: 15.23)
[22:16:44] TERRAIN: Queued chunk: (5.0, -17.0) (distance: 15.23)
[22:16:44] TERRAIN: Queued chunk: (-15.0, -9.0) (distance: 15.23)
[22:16:44] TERRAIN: Queued chunk: (-15.0, 3.0) (distance: 15.23)
[22:16:44] TERRAIN: Queued chunk: (7.0, -16.0) (distance: 15.26)
[22:16:44] TERRAIN: Queued chunk: (-9.0, -16.0) (distance: 15.26)
[22:16:44] TERRAIN: Queued chunk: (7.0, 10.0) (distance: 15.26)
[22:16:44] TERRAIN: Queued chunk: (-9.0, 10.0) (distance: 15.26)
[22:16:44] TERRAIN: Queued chunk: (12.0, -11.0) (distance: 15.26)
[22:16:44] TERRAIN: Queued chunk: (-14.0, 5.0) (distance: 15.26)
[22:16:44] TERRAIN: Queued chunk: (-14.0, -11.0) (distance: 15.26)
[22:16:44] TERRAIN: Queued chunk: (12.0, 5.0) (distance: 15.26)
[22:16:44] TERRAIN: Queued chunk: (2.0, 12.0) (distance: 15.30)
[22:16:44] TERRAIN: Queued chunk: (14.0, 0.0) (distance: 15.30)
[22:16:44] TERRAIN: Queued chunk: (14.0, -6.0) (distance: 15.30)
[22:16:44] TERRAIN: Queued chunk: (-4.0, -18.0) (distance: 15.30)
[22:16:44] TERRAIN: Queued chunk: (-16.0, 0.0) (distance: 15.30)
[22:16:44] TERRAIN: Queued chunk: (-4.0, 12.0) (distance: 15.30)
[22:16:44] TERRAIN: Queued chunk: (2.0, -18.0) (distance: 15.30)
[22:16:44] TERRAIN: Queued chunk: (-16.0, -6.0) (distance: 15.30)
[22:16:44] TERRAIN: Queued chunk: (14.0, -7.0) (distance: 15.52)
[22:16:44] TERRAIN: Queued chunk: (14.0, 1.0) (distance: 15.52)
[22:16:44] TERRAIN: Queued chunk: (-5.0, -18.0) (distance: 15.52)
[22:16:44] TERRAIN: Queued chunk: (-5.0, 12.0) (distance: 15.52)
[22:16:44] TERRAIN: Queued chunk: (-16.0, -7.0) (distance: 15.52)
[22:16:44] TERRAIN: Queued chunk: (-16.0, 1.0) (distance: 15.52)
[22:16:44] TERRAIN: Queued chunk: (3.0, 12.0) (distance: 15.52)
[22:16:44] TERRAIN: Queued chunk: (3.0, -18.0) (distance: 15.52)
[22:16:44] TERRAIN: Queued chunk: (10.0, 8.0) (distance: 15.56)
[22:16:44] TERRAIN: Queued chunk: (10.0, -14.0) (distance: 15.56)
[22:16:44] TERRAIN: Queued chunk: (-12.0, 8.0) (distance: 15.56)
[22:16:44] TERRAIN: Queued chunk: (-12.0, -14.0) (distance: 15.56)
[22:16:44] TERRAIN: Queued chunk: (-11.0, 9.0) (distance: 15.62)
[22:16:44] TERRAIN: Queued chunk: (9.0, -15.0) (distance: 15.62)
[22:16:44] TERRAIN: Queued chunk: (9.0, 9.0) (distance: 15.62)
[22:16:44] TERRAIN: Queued chunk: (-11.0, -15.0) (distance: 15.62)
[22:16:44] TERRAIN: Queued chunk: (11.0, 7.0) (distance: 15.62)
[22:16:44] TERRAIN: Queued chunk: (11.0, -13.0) (distance: 15.62)
[22:16:44] TERRAIN: Queued chunk: (-13.0, -13.0) (distance: 15.62)
[22:16:44] TERRAIN: Queued chunk: (-13.0, 7.0) (distance: 15.62)
[22:16:44] TERRAIN: Queued chunk: (-8.0, 11.0) (distance: 15.65)
[22:16:44] TERRAIN: Queued chunk: (-8.0, -17.0) (distance: 15.65)
[22:16:44] TERRAIN: Queued chunk: (13.0, -10.0) (distance: 15.65)
[22:16:44] TERRAIN: Queued chunk: (13.0, 4.0) (distance: 15.65)
[22:16:44] TERRAIN: Queued chunk: (-15.0, 4.0) (distance: 15.65)
[22:16:44] TERRAIN: Queued chunk: (-15.0, -10.0) (distance: 15.65)
[22:16:44] TERRAIN: Queued chunk: (6.0, -17.0) (distance: 15.65)
[22:16:44] TERRAIN: Queued chunk: (6.0, 11.0) (distance: 15.65)
[22:16:44] TERRAIN: Queued chunk: (-6.0, -18.0) (distance: 15.81)
[22:16:44] TERRAIN: Queued chunk: (-6.0, 12.0) (distance: 15.81)
[22:16:44] TERRAIN: Queued chunk: (14.0, -8.0) (distance: 15.81)
[22:16:44] TERRAIN: Queued chunk: (8.0, 10.0) (distance: 15.81)
[22:16:44] TERRAIN: Queued chunk: (4.0, -18.0) (distance: 15.81)
[22:16:44] TERRAIN: Queued chunk: (8.0, -16.0) (distance: 15.81)
[22:16:44] TERRAIN: Queued chunk: (4.0, 12.0) (distance: 15.81)
[22:16:44] TERRAIN: Queued chunk: (12.0, -12.0) (distance: 15.81)
[22:16:44] TERRAIN: Queued chunk: (-14.0, 6.0) (distance: 15.81)
[22:16:44] TERRAIN: Queued chunk: (-14.0, -12.0) (distance: 15.81)
[22:16:44] TERRAIN: Queued chunk: (12.0, 6.0) (distance: 15.81)
[22:16:44] TERRAIN: Queued chunk: (14.0, 2.0) (distance: 15.81)
[22:16:44] TERRAIN: Queued chunk: (-10.0, 10.0) (distance: 15.81)
[22:16:44] TERRAIN: Queued chunk: (-16.0, -8.0) (distance: 15.81)
[22:16:44] TERRAIN: Queued chunk: (-16.0, 2.0) (distance: 15.81)
[22:16:44] TERRAIN: Queued chunk: (-10.0, -16.0) (distance: 15.81)
[22:16:44] TERRAIN: Queued chunk: (-9.0, 11.0) (distance: 16.12)
[22:16:44] TERRAIN: Queued chunk: (7.0, -17.0) (distance: 16.12)
[22:16:44] TERRAIN: Queued chunk: (-9.0, -17.0) (distance: 16.12)
[22:16:44] TERRAIN: Queued chunk: (-15.0, -11.0) (distance: 16.12)
[22:16:44] TERRAIN: Queued chunk: (-15.0, 5.0) (distance: 16.12)
[22:16:44] TERRAIN: Queued chunk: (7.0, 11.0) (distance: 16.12)
[22:16:44] TERRAIN: Queued chunk: (13.0, 5.0) (distance: 16.12)
[22:16:44] TERRAIN: Queued chunk: (13.0, -11.0) (distance: 16.12)
[22:16:44] TERRAIN: Queued chunk: (14.0, 3.0) (distance: 16.16)
[22:16:44] TERRAIN: Queued chunk: (5.0, 12.0) (distance: 16.16)
[22:16:44] TERRAIN: Queued chunk: (5.0, -18.0) (distance: 16.16)
[22:16:44] TERRAIN: Queued chunk: (-16.0, 3.0) (distance: 16.16)
[22:16:44] TERRAIN: Queued chunk: (-16.0, -9.0) (distance: 16.16)
[22:16:44] TERRAIN: Queued chunk: (-7.0, 12.0) (distance: 16.16)
[22:16:44] TERRAIN: Queued chunk: (14.0, -9.0) (distance: 16.16)
[22:16:44] TERRAIN: Queued chunk: (-7.0, -18.0) (distance: 16.16)
[22:16:44] TERRAIN: Queued chunk: (10.0, -15.0) (distance: 16.28)
[22:16:44] TERRAIN: Queued chunk: (10.0, 9.0) (distance: 16.28)
[22:16:44] TERRAIN: Queued chunk: (11.0, 8.0) (distance: 16.28)
[22:16:44] TERRAIN: Queued chunk: (-13.0, -14.0) (distance: 16.28)
[22:16:44] TERRAIN: Queued chunk: (-13.0, 8.0) (distance: 16.28)
[22:16:44] TERRAIN: Queued chunk: (11.0, -14.0) (distance: 16.28)
[22:16:44] TERRAIN: Queued chunk: (-12.0, -15.0) (distance: 16.28)
[22:16:44] TERRAIN: Queued chunk: (-12.0, 9.0) (distance: 16.28)
[22:16:44] TERRAIN: Queued chunk: (-11.0, 10.0) (distance: 16.40)
[22:16:44] TERRAIN: Queued chunk: (12.0, 7.0) (distance: 16.40)
[22:16:44] TERRAIN: Queued chunk: (9.0, -16.0) (distance: 16.40)
[22:16:44] TERRAIN: Queued chunk: (-11.0, -16.0) (distance: 16.40)
[22:16:44] TERRAIN: Queued chunk: (9.0, 10.0) (distance: 16.40)
[22:16:44] TERRAIN: Queued chunk: (-14.0, -13.0) (distance: 16.40)
[22:16:44] TERRAIN: Queued chunk: (-14.0, 7.0) (distance: 16.40)
[22:16:44] TERRAIN: Queued chunk: (12.0, -13.0) (distance: 16.40)
[22:16:44] TERRAIN: Queued chunk: (-16.0, -10.0) (distance: 16.55)
[22:16:44] TERRAIN: Queued chunk: (-16.0, 4.0) (distance: 16.55)
[22:16:44] TERRAIN: Queued chunk: (14.0, -10.0) (distance: 16.55)
[22:16:44] TERRAIN: Queued chunk: (6.0, 12.0) (distance: 16.55)
[22:16:44] TERRAIN: Queued chunk: (14.0, 4.0) (distance: 16.55)
[22:16:44] TERRAIN: Queued chunk: (-8.0, -18.0) (distance: 16.55)
[22:16:44] TERRAIN: Queued chunk: (-8.0, 12.0) (distance: 16.55)
[22:16:44] TERRAIN: Queued chunk: (6.0, -18.0) (distance: 16.55)
[22:16:44] TERRAIN: Queued chunk: (13.0, -12.0) (distance: 16.64)
[22:16:44] TERRAIN: Queued chunk: (8.0, -17.0) (distance: 16.64)
[22:16:44] TERRAIN: Queued chunk: (8.0, 11.0) (distance: 16.64)
[22:16:44] TERRAIN: Queued chunk: (-10.0, -17.0) (distance: 16.64)
[22:16:44] TERRAIN: Queued chunk: (-15.0, -12.0) (distance: 16.64)
[22:16:44] TERRAIN: Queued chunk: (-15.0, 6.0) (distance: 16.64)
[22:16:44] TERRAIN: Queued chunk: (-10.0, 11.0) (distance: 16.64)
[22:16:44] TERRAIN: Queued chunk: (13.0, 6.0) (distance: 16.64)
[22:16:44] TERRAIN: Queued chunk: (-13.0, 9.0) (distance: 16.97)
[22:16:44] TERRAIN: Queued chunk: (11.0, -15.0) (distance: 16.97)
[22:16:44] TERRAIN: Queued chunk: (-13.0, -15.0) (distance: 16.97)
[22:16:44] TERRAIN: Queued chunk: (11.0, 9.0) (distance: 16.97)
[22:16:44] TERRAIN: Queued chunk: (14.0, -11.0) (distance: 17.00)
[22:16:44] TERRAIN: Queued chunk: (-9.0, -18.0) (distance: 17.00)
[22:16:44] TERRAIN: Queued chunk: (-16.0, 5.0) (distance: 17.00)
[22:16:44] TERRAIN: Queued chunk: (-16.0, -11.0) (distance: 17.00)
[22:16:44] TERRAIN: Queued chunk: (7.0, 12.0) (distance: 17.00)
[22:16:44] TERRAIN: Queued chunk: (14.0, 5.0) (distance: 17.00)
[22:16:44] TERRAIN: Queued chunk: (-9.0, 12.0) (distance: 17.00)
[22:16:44] TERRAIN: Queued chunk: (7.0, -18.0) (distance: 17.00)
[22:16:44] TERRAIN: Queued chunk: (-14.0, 8.0) (distance: 17.03)
[22:16:44] TERRAIN: Queued chunk: (10.0, -16.0) (distance: 17.03)
[22:16:44] TERRAIN: Queued chunk: (-14.0, -14.0) (distance: 17.03)
[22:16:44] TERRAIN: Queued chunk: (12.0, -14.0) (distance: 17.03)
[22:16:44] TERRAIN: Queued chunk: (-12.0, -16.0) (distance: 17.03)
[22:16:44] TERRAIN: Queued chunk: (12.0, 8.0) (distance: 17.03)
[22:16:44] TERRAIN: Queued chunk: (-12.0, 10.0) (distance: 17.03)
[22:16:44] TERRAIN: Queued chunk: (10.0, 10.0) (distance: 17.03)
[22:16:44] TERRAIN: Queued chunk: (13.0, 7.0) (distance: 17.20)
[22:16:44] TERRAIN: Queued chunk: (9.0, -17.0) (distance: 17.20)
[22:16:44] TERRAIN: Queued chunk: (-15.0, -13.0) (distance: 17.20)
[22:16:44] TERRAIN: Queued chunk: (-15.0, 7.0) (distance: 17.20)
[22:16:44] TERRAIN: Queued chunk: (-11.0, -17.0) (distance: 17.20)
[22:16:44] TERRAIN: Queued chunk: (9.0, 11.0) (distance: 17.20)
[22:16:44] TERRAIN: Queued chunk: (-11.0, 11.0) (distance: 17.20)
[22:16:44] TERRAIN: Queued chunk: (13.0, -13.0) (distance: 17.20)
[22:16:44] TERRAIN: Queued chunk: (14.0, -12.0) (distance: 17.49)
[22:16:44] TERRAIN: Queued chunk: (-16.0, -12.0) (distance: 17.49)
[22:16:44] TERRAIN: Queued chunk: (14.0, 6.0) (distance: 17.49)
[22:16:44] TERRAIN: Queued chunk: (-10.0, 12.0) (distance: 17.49)
[22:16:44] TERRAIN: Queued chunk: (8.0, 12.0) (distance: 17.49)
[22:16:44] TERRAIN: Queued chunk: (-16.0, 6.0) (distance: 17.49)
[22:16:44] TERRAIN: Queued chunk: (8.0, -18.0) (distance: 17.49)
[22:16:44] TERRAIN: Queued chunk: (-10.0, -18.0) (distance: 17.49)
[22:16:44] TERRAIN: Queued chunk: (11.0, -16.0) (distance: 17.69)
[22:16:44] TERRAIN: Queued chunk: (-13.0, 10.0) (distance: 17.69)
[22:16:44] TERRAIN: Queued chunk: (-13.0, -16.0) (distance: 17.69)
[22:16:44] TERRAIN: Queued chunk: (-14.0, 9.0) (distance: 17.69)
[22:16:44] TERRAIN: Queued chunk: (12.0, -15.0) (distance: 17.69)
[22:16:44] TERRAIN: Queued chunk: (-14.0, -15.0) (distance: 17.69)
[22:16:44] TERRAIN: Queued chunk: (11.0, 10.0) (distance: 17.69)
[22:16:44] TERRAIN: Queued chunk: (12.0, 9.0) (distance: 17.69)
[22:16:44] TERRAIN: Queued chunk: (13.0, -14.0) (distance: 17.80)
[22:16:44] TERRAIN: Queued chunk: (10.0, 11.0) (distance: 17.80)
[22:16:44] TERRAIN: Queued chunk: (10.0, -17.0) (distance: 17.80)
[22:16:44] TERRAIN: Queued chunk: (13.0, 8.0) (distance: 17.80)
[22:16:44] TERRAIN: Queued chunk: (-12.0, 11.0) (distance: 17.80)
[22:16:44] TERRAIN: Queued chunk: (-12.0, -17.0) (distance: 17.80)
[22:16:44] TERRAIN: Queued chunk: (-15.0, -14.0) (distance: 17.80)
[22:16:44] TERRAIN: Queued chunk: (-15.0, 8.0) (distance: 17.80)
[22:16:44] TERRAIN: Queued chunk: (9.0, 12.0) (distance: 18.03)
[22:16:44] TERRAIN: Queued chunk: (14.0, -13.0) (distance: 18.03)
[22:16:44] TERRAIN: Queued chunk: (9.0, -18.0) (distance: 18.03)
[22:16:44] TERRAIN: Queued chunk: (-11.0, 12.0) (distance: 18.03)
[22:16:44] TERRAIN: Queued chunk: (-11.0, -18.0) (distance: 18.03)
[22:16:44] TERRAIN: Queued chunk: (14.0, 7.0) (distance: 18.03)
[22:16:44] TERRAIN: Queued chunk: (-16.0, 7.0) (distance: 18.03)
[22:16:44] TERRAIN: Queued chunk: (-16.0, -13.0) (distance: 18.03)
[22:16:44] TERRAIN: Queued chunk: (12.0, 10.0) (distance: 18.38)
[22:16:44] TERRAIN: Queued chunk: (-14.0, -16.0) (distance: 18.38)
[22:16:44] TERRAIN: Queued chunk: (-14.0, 10.0) (distance: 18.38)
[22:16:44] TERRAIN: Queued chunk: (12.0, -16.0) (distance: 18.38)
[22:16:44] TERRAIN: Queued chunk: (13.0, 9.0) (distance: 18.44)
[22:16:44] TERRAIN: Queued chunk: (13.0, -15.0) (distance: 18.44)
[22:16:44] TERRAIN: Queued chunk: (-15.0, -15.0) (distance: 18.44)
[22:16:44] TERRAIN: Queued chunk: (-15.0, 9.0) (distance: 18.44)
[22:16:44] TERRAIN: Queued chunk: (-13.0, -17.0) (distance: 18.44)
[22:16:44] TERRAIN: Queued chunk: (-13.0, 11.0) (distance: 18.44)
[22:16:44] TERRAIN: Queued chunk: (11.0, 11.0) (distance: 18.44)
[22:16:44] TERRAIN: Queued chunk: (11.0, -17.0) (distance: 18.44)
[22:16:44] TERRAIN: Queued chunk: (14.0, -14.0) (distance: 18.60)
[22:16:44] TERRAIN: Queued chunk: (10.0, 12.0) (distance: 18.60)
[22:16:44] TERRAIN: Queued chunk: (10.0, -18.0) (distance: 18.60)
[22:16:44] TERRAIN: Queued chunk: (-12.0, 12.0) (distance: 18.60)
[22:16:44] TERRAIN: Queued chunk: (-12.0, -18.0) (distance: 18.60)
[22:16:44] TERRAIN: Queued chunk: (-16.0, 8.0) (distance: 18.60)
[22:16:44] TERRAIN: Queued chunk: (-16.0, -14.0) (distance: 18.60)
[22:16:44] TERRAIN: Queued chunk: (14.0, 8.0) (distance: 18.60)
[22:16:44] TERRAIN: Queued chunk: (13.0, -16.0) (distance: 19.10)
[22:16:44] TERRAIN: Queued chunk: (12.0, 11.0) (distance: 19.10)
[22:16:44] TERRAIN: Queued chunk: (12.0, -17.0) (distance: 19.10)
[22:16:44] TERRAIN: Queued chunk: (-14.0, 11.0) (distance: 19.10)
[22:16:44] TERRAIN: Queued chunk: (-14.0, -17.0) (distance: 19.10)
[22:16:44] TERRAIN: Queued chunk: (-15.0, 10.0) (distance: 19.10)
[22:16:44] TERRAIN: Queued chunk: (-15.0, -16.0) (distance: 19.10)
[22:16:44] TERRAIN: Queued chunk: (13.0, 10.0) (distance: 19.10)
[22:16:44] TERRAIN: Queued chunk: (14.0, -15.0) (distance: 19.21)
[22:16:44] TERRAIN: Queued chunk: (14.0, 9.0) (distance: 19.21)
[22:16:44] TERRAIN: Queued chunk: (-16.0, 9.0) (distance: 19.21)
[22:16:44] TERRAIN: Queued chunk: (-16.0, -15.0) (distance: 19.21)
[22:16:44] TERRAIN: Queued chunk: (11.0, 12.0) (distance: 19.21)
[22:16:44] TERRAIN: Queued chunk: (11.0, -18.0) (distance: 19.21)
[22:16:44] TERRAIN: Queued chunk: (-13.0, 12.0) (distance: 19.21)
[22:16:44] TERRAIN: Queued chunk: (-13.0, -18.0) (distance: 19.21)
[22:16:44] TERRAIN: Queued chunk: (-15.0, -17.0) (distance: 19.80)
[22:16:44] TERRAIN: Queued chunk: (-15.0, 11.0) (distance: 19.80)
[22:16:44] TERRAIN: Queued chunk: (13.0, 11.0) (distance: 19.80)
[22:16:44] TERRAIN: Queued chunk: (13.0, -17.0) (distance: 19.80)
[22:16:44] TERRAIN: Queued chunk: (-16.0, 10.0) (distance: 19.85)
[22:16:44] TERRAIN: Queued chunk: (-14.0, -18.0) (distance: 19.85)
[22:16:44] TERRAIN: Queued chunk: (-14.0, 12.0) (distance: 19.85)
[22:16:44] TERRAIN: Queued chunk: (12.0, -18.0) (distance: 19.85)
[22:16:44] TERRAIN: Queued chunk: (12.0, 12.0) (distance: 19.85)
[22:16:44] TERRAIN: Queued chunk: (-16.0, -16.0) (distance: 19.85)
[22:16:44] TERRAIN: Queued chunk: (14.0, 10.0) (distance: 19.85)
[22:16:44] TERRAIN: Queued chunk: (14.0, -16.0) (distance: 19.85)
[22:16:44] TERRAIN: Queued chunk: (-16.0, 11.0) (distance: 20.52)
[22:16:44] TERRAIN: Queued chunk: (-16.0, -17.0) (distance: 20.52)
[22:16:44] TERRAIN: Queued chunk: (14.0, 11.0) (distance: 20.52)
[22:16:44] TERRAIN: Queued chunk: (-15.0, -18.0) (distance: 20.52)
[22:16:44] TERRAIN: Queued chunk: (-15.0, 12.0) (distance: 20.52)
[22:16:44] TERRAIN: Queued chunk: (13.0, -18.0) (distance: 20.52)
[22:16:44] TERRAIN: Queued chunk: (13.0, 12.0) (distance: 20.52)
[22:16:44] TERRAIN: Queued chunk: (14.0, -17.0) (distance: 20.52)
[22:16:44] TERRAIN: Queued chunk: (14.0, 12.0) (distance: 21.21)
[22:16:44] TERRAIN: Queued chunk: (14.0, -18.0) (distance: 21.21)
[22:16:44] TERRAIN: Queued chunk: (-16.0, 12.0) (distance: 21.21)
[22:16:44] TERRAIN: Queued chunk: (-16.0, -18.0) (distance: 21.21)
[22:16:44] TERRAIN: Creating chunk: (0.0, -17.0) at distance 14.04
[22:16:44] TERRAIN: Chunk (0.0, -17.0): Using BOX collision (distance: 14.04)
[22:16:44] TERRAIN: Chunk created successfully: (0.0, -17.0) at world pos (0.0, 0.0, -544.0) (total chunks: 679)
[22:16:44] TERRAIN: Creating chunk: (-2.0, -17.0) at distance 14.04
[22:16:44] TERRAIN: Chunk (-2.0, -17.0): Using BOX collision (distance: 14.04)
[22:16:44] TERRAIN: Chunk created successfully: (-2.0, -17.0) at world pos (-64.0, 0.0, -544.0) (total chunks: 680)
[22:16:44] TERRAIN: Creating chunk: (1.0, -17.0) at distance 14.14
[22:16:44] TERRAIN: Chunk (1.0, -17.0): Using BOX collision (distance: 14.14)
[22:16:44] TERRAIN: Chunk created successfully: (1.0, -17.0) at world pos (32.0, 0.0, -544.0) (total chunks: 681)
[22:16:44] TERRAIN: Creating chunk: (-3.0, -17.0) at distance 14.14
[22:16:44] TERRAIN: Chunk (-3.0, -17.0): Using BOX collision (distance: 14.14)
[22:16:44] TERRAIN: Chunk created successfully: (-3.0, -17.0) at world pos (-96.0, 0.0, -544.0) (total chunks: 682)
[22:16:44] TERRAIN: Creating chunk: (5.0, -16.0) at distance 14.32
[22:16:44] TERRAIN: Chunk (5.0, -16.0): Using BOX collision (distance: 14.32)
[22:16:44] TERRAIN: Chunk created successfully: (5.0, -16.0) at world pos (160.0, 0.0, -512.0) (total chunks: 683)
[22:16:44] TERRAIN: Creating chunk: (-7.0, -16.0) at distance 14.32
[22:16:44] TERRAIN: Chunk (-7.0, -16.0): Using BOX collision (distance: 14.32)
[22:16:44] TERRAIN: Chunk created successfully: (-7.0, -16.0) at world pos (-224.0, 0.0, -512.0) (total chunks: 684)
[22:16:44] TERRAIN: Creating chunk: (2.0, -17.0) at distance 14.32
[22:16:44] TERRAIN: Chunk (2.0, -17.0): Using BOX collision (distance: 14.32)
[22:16:44] TERRAIN: Chunk created successfully: (2.0, -17.0) at world pos (64.0, 0.0, -544.0) (total chunks: 685)
[22:16:44] TERRAIN: Creating chunk: (-4.0, -17.0) at distance 14.32
[22:16:44] TERRAIN: Chunk (-4.0, -17.0): Using BOX collision (distance: 14.32)
[22:16:44] TERRAIN: Chunk created successfully: (-4.0, -17.0) at world pos (-128.0, 0.0, -544.0) (total chunks: 686)
[22:16:44] TERRAIN: Creating chunk: (-9.0, -15.0) at distance 14.42
[22:16:44] TERRAIN: Chunk (-9.0, -15.0): Using BOX collision (distance: 14.42)
[22:16:44] TERRAIN: Chunk created successfully: (-9.0, -15.0) at world pos (-288.0, 0.0, -480.0) (total chunks: 687)
[22:16:44] TERRAIN: Creating chunk: (7.0, -15.0) at distance 14.42
[22:16:44] TERRAIN: Chunk (7.0, -15.0): Using BOX collision (distance: 14.42)
[22:16:44] TERRAIN: Chunk created successfully: (7.0, -15.0) at world pos (224.0, 0.0, -480.0) (total chunks: 688)
[22:16:44] TERRAIN: Creating chunk: (3.0, -17.0) at distance 14.56
[22:16:44] TERRAIN: Chunk (3.0, -17.0): Using BOX collision (distance: 14.56)
[22:16:44] TERRAIN: Chunk created successfully: (3.0, -17.0) at world pos (96.0, 0.0, -544.0) (total chunks: 689)
[22:16:44] TERRAIN: Creating chunk: (-5.0, -17.0) at distance 14.56
[22:16:44] TERRAIN: Chunk (-5.0, -17.0): Using BOX collision (distance: 14.56)
[22:16:44] TERRAIN: Chunk created successfully: (-5.0, -17.0) at world pos (-160.0, 0.0, -544.0) (total chunks: 690)
[22:16:44] TERRAIN: Creating chunk: (6.0, -16.0) at distance 14.76
[22:16:44] TERRAIN: Chunk (6.0, -16.0): Using BOX collision (distance: 14.76)
[22:16:44] TERRAIN: Chunk created successfully: (6.0, -16.0) at world pos (192.0, 0.0, -512.0) (total chunks: 691)
[22:16:44] TERRAIN: Creating chunk: (12.0, -10.0) at distance 14.76
[22:16:44] TERRAIN: Chunk (12.0, -10.0): Using BOX collision (distance: 14.76)
[22:16:44] TERRAIN: Chunk created successfully: (12.0, -10.0) at world pos (384.0, 0.0, -320.0) (total chunks: 692)
[22:16:44] TERRAIN: Creating chunk: (-14.0, -10.0) at distance 14.76
[22:16:44] TERRAIN: Chunk (-14.0, -10.0): Using BOX collision (distance: 14.76)
[22:16:44] TERRAIN: Chunk created successfully: (-14.0, -10.0) at world pos (-448.0, 0.0, -320.0) (total chunks: 693)
[22:16:44] TERRAIN: Creating chunk: (-8.0, -16.0) at distance 14.76
[22:16:44] TERRAIN: Chunk (-8.0, -16.0): Using BOX collision (distance: 14.76)
[22:16:44] TERRAIN: Chunk created successfully: (-8.0, -16.0) at world pos (-256.0, 0.0, -512.0) (total chunks: 694)
[22:16:44] TERRAIN: Creating chunk: (9.0, -14.0) at distance 14.87
[22:16:44] TERRAIN: Chunk (9.0, -14.0): Using BOX collision (distance: 14.87)
[22:16:44] TERRAIN: Chunk created successfully: (9.0, -14.0) at world pos (288.0, 0.0, -448.0) (total chunks: 695)
[22:16:44] TERRAIN: Creating chunk: (-12.0, -13.0) at distance 14.87
[22:16:44] TERRAIN: Chunk (-12.0, -13.0): Using BOX collision (distance: 14.87)
[22:16:44] TERRAIN: Chunk created successfully: (-12.0, -13.0) at world pos (-384.0, 0.0, -416.0) (total chunks: 696)
[22:16:44] TERRAIN: Creating chunk: (-6.0, -17.0) at distance 14.87
[22:16:44] TERRAIN: Chunk (-6.0, -17.0): Using BOX collision (distance: 14.87)
[22:16:44] TERRAIN: Chunk created successfully: (-6.0, -17.0) at world pos (-192.0, 0.0, -544.0) (total chunks: 697)
[22:16:44] TERRAIN: Creating chunk: (10.0, -13.0) at distance 14.87
[22:16:44] TERRAIN: Chunk (10.0, -13.0): Using BOX collision (distance: 14.87)
[22:16:44] TERRAIN: Chunk created successfully: (10.0, -13.0) at world pos (320.0, 0.0, -416.0) (total chunks: 698)
[22:16:44] TERRAIN: Creating chunk: (13.0, -8.0) at distance 14.87
[22:16:44] TERRAIN: Chunk (13.0, -8.0): Using BOX collision (distance: 14.87)
[22:16:44] TERRAIN: Chunk created successfully: (13.0, -8.0) at world pos (416.0, 0.0, -256.0) (total chunks: 699)
[22:16:44] TERRAIN: Creating chunk: (-15.0, -8.0) at distance 14.87
[22:16:44] TERRAIN: Chunk (-15.0, -8.0): Using BOX collision (distance: 14.87)
[22:16:44] TERRAIN: Chunk created successfully: (-15.0, -8.0) at world pos (-480.0, 0.0, -256.0) (total chunks: 700)
[22:16:44] TERRAIN: Creating chunk: (4.0, -17.0) at distance 14.87
[22:16:44] TERRAIN: Chunk (4.0, -17.0): Using BOX collision (distance: 14.87)
[22:16:44] TERRAIN: Chunk created successfully: (4.0, -17.0) at world pos (128.0, 0.0, -544.0) (total chunks: 701)
[22:16:44] TERRAIN: Creating chunk: (-11.0, -14.0) at distance 14.87
[22:16:44] TERRAIN: Chunk (-11.0, -14.0): Using BOX collision (distance: 14.87)
[22:16:44] TERRAIN: Chunk created successfully: (-11.0, -14.0) at world pos (-352.0, 0.0, -448.0) (total chunks: 702)
[22:16:44] TERRAIN: Creating chunk: (-1.0, -18.0) at distance 15.00
[22:16:44] TERRAIN: Chunk (-1.0, -18.0): Using BOX collision (distance: 15.00)
[22:16:44] TERRAIN: Chunk created successfully: (-1.0, -18.0) at world pos (-32.0, 0.0, -576.0) (total chunks: 703)
[22:16:44] TERRAIN: Creating chunk: (-13.0, -12.0) at distance 15.00
[22:16:44] TERRAIN: Chunk (-13.0, -12.0): Using BOX collision (distance: 15.00)
[22:16:44] TERRAIN: Chunk created successfully: (-13.0, -12.0) at world pos (-416.0, 0.0, -384.0) (total chunks: 704)
[22:16:44] TERRAIN: Creating chunk: (14.0, -3.0) at distance 15.00
[22:16:44] TERRAIN: Chunk (14.0, -3.0): Using BOX collision (distance: 15.00)
[22:16:44] TERRAIN: Chunk created successfully: (14.0, -3.0) at world pos (448.0, 0.0, -96.0) (total chunks: 705)
[22:16:44] TERRAIN: Creating chunk: (-10.0, -15.0) at distance 15.00
[22:16:44] TERRAIN: Chunk (-10.0, -15.0): Using BOX collision (distance: 15.00)
[22:16:44] TERRAIN: Chunk created successfully: (-10.0, -15.0) at world pos (-320.0, 0.0, -480.0) (total chunks: 706)
[22:16:44] TERRAIN: Creating chunk: (11.0, -12.0) at distance 15.00
[22:16:44] TERRAIN: Chunk (11.0, -12.0): Using BOX collision (distance: 15.00)
[22:16:44] TERRAIN: Chunk created successfully: (11.0, -12.0) at world pos (352.0, 0.0, -384.0) (total chunks: 707)
[22:16:44] TERRAIN: Creating chunk: (-16.0, -3.0) at distance 15.00
[22:16:44] TERRAIN: Chunk (-16.0, -3.0): Using BOX collision (distance: 15.00)
[22:16:44] TERRAIN: Chunk created successfully: (-16.0, -3.0) at world pos (-512.0, 0.0, -96.0) (total chunks: 708)
[22:16:44] TERRAIN: Creating chunk: (8.0, -15.0) at distance 15.00
[22:16:44] TERRAIN: Chunk (8.0, -15.0): Using BOX collision (distance: 15.00)
[22:16:44] TERRAIN: Chunk created successfully: (8.0, -15.0) at world pos (256.0, 0.0, -480.0) (total chunks: 709)
[22:16:44] PLAYER: Pos: (-0.000093, -0.003816, -67.66547) | Chunk: (-1.0, -3.0) | TerrainHeight: -0.00 | HeightDiff: 0.00 | OnFloor: true
[22:16:44] PLAYER: CHUNK CHANGED: (-1.0, -2.0) -> (-1.0, -3.0)
[22:16:45] PLAYER: Pos: (-0.000093, -0.013704, -72.66565) | Chunk: (-1.0, -3.0) | TerrainHeight: -0.01 | HeightDiff: 0.00 | OnFloor: true
[22:16:46] PLAYER: Pos: (-0.000093, -0.036897, -77.66592) | Chunk: (-1.0, -3.0) | TerrainHeight: -0.04 | HeightDiff: 0.00 | OnFloor: true
[22:16:47] PLAYER: Pos: (-0.000093, -0.039089, -82.66608) | Chunk: (-1.0, -3.0) | TerrainHeight: -0.04 | HeightDiff: -0.00 | OnFloor: true
[22:16:48] PLAYER: Pos: (-0.000093, -0.044727, -87.66623) | Chunk: (-1.0, -3.0) | TerrainHeight: -0.05 | HeightDiff: 0.00 | OnFloor: true
[22:16:49] PLAYER: Pos: (-0.000085, -0.043671, -92.66634) | Chunk: (-1.0, -3.0) | TerrainHeight: -0.05 | HeightDiff: 0.00 | OnFloor: true
[22:16:50] TERRAIN: Player moved to new chunk: (-1.0, -4.0) (was (-1.0, -3.0))
[22:16:50] TERRAIN: Updating terrain for player chunk: (-1.0, -4.0) (player pos: (-0.000031, -0.027583, -96.1662))
[22:16:50] TERRAIN: Player chunk (-1.0, -4.0) distance: 0.00 (render_distance: 15)
[22:16:50] TERRAIN: Removing 31 distant chunks
[22:16:50] TERRAIN: Removing chunk (0.0, 11.0) at distance 15.03 (player: (-1.0, -4.0))
[22:16:50] TERRAIN: Removing chunk: (0.0, 11.0)
[22:16:50] TERRAIN: Removing chunk (1.0, 11.0) at distance 15.13 (player: (-1.0, -4.0))
[22:16:50] TERRAIN: Removing chunk: (1.0, 11.0)
[22:16:50] TERRAIN: Removing chunk (5.0, 10.0) at distance 15.23 (player: (-1.0, -4.0))
[22:16:50] TERRAIN: Removing chunk: (5.0, 10.0)
[22:16:50] TERRAIN: Removing chunk (2.0, 11.0) at distance 15.30 (player: (-1.0, -4.0))
[22:16:50] TERRAIN: Removing chunk: (2.0, 11.0)
[22:16:50] TERRAIN: Removing chunk (-2.0, 11.0) at distance 15.03 (player: (-1.0, -4.0))
[22:16:50] TERRAIN: Removing chunk: (-2.0, 11.0)
[22:16:50] TERRAIN: Removing chunk (7.0, 9.0) at distance 15.26 (player: (-1.0, -4.0))
[22:16:50] TERRAIN: Removing chunk: (7.0, 9.0)
[22:16:50] TERRAIN: Removing chunk (3.0, 11.0) at distance 15.52 (player: (-1.0, -4.0))
[22:16:50] TERRAIN: Removing chunk: (3.0, 11.0)
[22:16:50] TERRAIN: Removing chunk (-3.0, 11.0) at distance 15.13 (player: (-1.0, -4.0))
[22:16:50] TERRAIN: Removing chunk: (-3.0, 11.0)
[22:16:50] TERRAIN: Removing chunk (6.0, 10.0) at distance 15.65 (player: (-1.0, -4.0))
[22:16:50] TERRAIN: Removing chunk: (6.0, 10.0)
[22:16:50] TERRAIN: Removing chunk (-4.0, 11.0) at distance 15.30 (player: (-1.0, -4.0))
[22:16:50] TERRAIN: Removing chunk: (-4.0, 11.0)
[22:16:50] TERRAIN: Removing chunk (4.0, 11.0) at distance 15.81 (player: (-1.0, -4.0))
[22:16:50] TERRAIN: Removing chunk: (4.0, 11.0)
[22:16:50] TERRAIN: Removing chunk (-1.0, 12.0) at distance 16.00 (player: (-1.0, -4.0))
[22:16:50] TERRAIN: Removing chunk: (-1.0, 12.0)
[22:16:50] TERRAIN: Removing chunk (9.0, 8.0) at distance 15.62 (player: (-1.0, -4.0))
[22:16:50] TERRAIN: Removing chunk: (9.0, 8.0)
[22:16:50] TERRAIN: Removing chunk (8.0, 9.0) at distance 15.81 (player: (-1.0, -4.0))
[22:16:50] TERRAIN: Removing chunk: (8.0, 9.0)
[22:16:50] TERRAIN: Removing chunk (-5.0, 11.0) at distance 15.52 (player: (-1.0, -4.0))
[22:16:50] TERRAIN: Removing chunk: (-5.0, 11.0)
[22:16:50] TERRAIN: Removing chunk (10.0, 7.0) at distance 15.56 (player: (-1.0, -4.0))
[22:16:50] TERRAIN: Removing chunk: (10.0, 7.0)
[22:16:50] TERRAIN: Removing chunk (-7.0, 10.0) at distance 15.23 (player: (-1.0, -4.0))
[22:16:50] TERRAIN: Removing chunk: (-7.0, 10.0)
[22:16:50] TERRAIN: Removing chunk (-6.0, 11.0) at distance 15.81 (player: (-1.0, -4.0))
[22:16:50] TERRAIN: Removing chunk: (-6.0, 11.0)
[22:16:50] TERRAIN: Removing chunk (11.0, 6.0) at distance 15.62 (player: (-1.0, -4.0))
[22:16:50] TERRAIN: Removing chunk: (11.0, 6.0)
[22:16:50] TERRAIN: Removing chunk (12.0, 4.0) at distance 15.26 (player: (-1.0, -4.0))
[22:16:50] TERRAIN: Removing chunk: (12.0, 4.0)
[22:16:50] TERRAIN: Removing chunk (-9.0, 9.0) at distance 15.26 (player: (-1.0, -4.0))
[22:16:50] TERRAIN: Removing chunk: (-9.0, 9.0)
[22:16:50] TERRAIN: Removing chunk (-8.0, 10.0) at distance 15.65 (player: (-1.0, -4.0))
[22:16:50] TERRAIN: Removing chunk: (-8.0, 10.0)
[22:16:50] TERRAIN: Removing chunk (13.0, 2.0) at distance 15.23 (player: (-1.0, -4.0))
[22:16:50] TERRAIN: Removing chunk: (13.0, 2.0)
[22:16:50] TERRAIN: Removing chunk (-10.0, 9.0) at distance 15.81 (player: (-1.0, -4.0))
[22:16:50] TERRAIN: Removing chunk: (-10.0, 9.0)
[22:16:50] TERRAIN: Removing chunk (-11.0, 8.0) at distance 15.62 (player: (-1.0, -4.0))
[22:16:50] TERRAIN: Removing chunk: (-11.0, 8.0)
[22:16:50] TERRAIN: Removing chunk (-12.0, 7.0) at distance 15.56 (player: (-1.0, -4.0))
[22:16:50] TERRAIN: Removing chunk: (-12.0, 7.0)
[22:16:50] TERRAIN: Removing chunk (-14.0, 4.0) at distance 15.26 (player: (-1.0, -4.0))
[22:16:50] TERRAIN: Removing chunk: (-14.0, 4.0)
[22:16:50] TERRAIN: Removing chunk (-13.0, 6.0) at distance 15.62 (player: (-1.0, -4.0))
[22:16:50] TERRAIN: Removing chunk: (-13.0, 6.0)
[22:16:50] TERRAIN: Removing chunk (-15.0, 2.0) at distance 15.23 (player: (-1.0, -4.0))
[22:16:50] TERRAIN: Removing chunk: (-15.0, 2.0)
[22:16:50] TERRAIN: Removing chunk (14.0, -3.0) at distance 15.03 (player: (-1.0, -4.0))
[22:16:50] TERRAIN: Removing chunk: (14.0, -3.0)
[22:16:50] TERRAIN: Removing chunk (-16.0, -3.0) at distance 15.03 (player: (-1.0, -4.0))
[22:16:50] TERRAIN: Removing chunk: (-16.0, -3.0)
[22:16:50] TERRAIN: Queuing 283 new chunks for generation
[22:16:50] TERRAIN: Queued chunk: (0.0, -18.0) (distance: 14.04)
[22:16:50] TERRAIN: Queued chunk: (-2.0, -18.0) (distance: 14.04)
[22:16:50] TERRAIN: Queued chunk: (1.0, -18.0) (distance: 14.14)
[22:16:50] TERRAIN: Queued chunk: (-3.0, -18.0) (distance: 14.14)
[22:16:50] TERRAIN: Queued chunk: (5.0, -17.0) (distance: 14.32)
[22:16:50] TERRAIN: Queued chunk: (-7.0, -17.0) (distance: 14.32)
[22:16:50] TERRAIN: Queued chunk: (2.0, -18.0) (distance: 14.32)
[22:16:50] TERRAIN: Queued chunk: (-4.0, -18.0) (distance: 14.32)
[22:16:50] TERRAIN: Queued chunk: (-9.0, -16.0) (distance: 14.42)
[22:16:50] TERRAIN: Queued chunk: (7.0, -16.0) (distance: 14.42)
[22:16:50] TERRAIN: Queued chunk: (3.0, -18.0) (distance: 14.56)
[22:16:50] TERRAIN: Queued chunk: (-5.0, -18.0) (distance: 14.56)
[22:16:50] TERRAIN: Queued chunk: (6.0, -17.0) (distance: 14.76)
[22:16:50] TERRAIN: Queued chunk: (12.0, -11.0) (distance: 14.76)
[22:16:50] TERRAIN: Queued chunk: (-14.0, -11.0) (distance: 14.76)
[22:16:50] TERRAIN: Queued chunk: (-8.0, -17.0) (distance: 14.76)
[22:16:50] TERRAIN: Queued chunk: (9.0, -15.0) (distance: 14.87)
[22:16:50] TERRAIN: Queued chunk: (-12.0, -14.0) (distance: 14.87)
[22:16:50] TERRAIN: Queued chunk: (-6.0, -18.0) (distance: 14.87)
[22:16:50] TERRAIN: Queued chunk: (10.0, -14.0) (distance: 14.87)
[22:16:50] TERRAIN: Queued chunk: (13.0, -9.0) (distance: 14.87)
[22:16:50] TERRAIN: Queued chunk: (-15.0, -9.0) (distance: 14.87)
[22:16:50] TERRAIN: Queued chunk: (4.0, -18.0) (distance: 14.87)
[22:16:50] TERRAIN: Queued chunk: (-11.0, -15.0) (distance: 14.87)
[22:16:50] TERRAIN: Queued chunk: (-1.0, -19.0) (distance: 15.00)
[22:16:50] TERRAIN: Queued chunk: (-13.0, -13.0) (distance: 15.00)
[22:16:50] TERRAIN: Queued chunk: (14.0, -4.0) (distance: 15.00)
[22:16:50] TERRAIN: Queued chunk: (-10.0, -16.0) (distance: 15.00)
[22:16:50] TERRAIN: Queued chunk: (11.0, -13.0) (distance: 15.00)
[22:16:50] TERRAIN: Queued chunk: (-16.0, -4.0) (distance: 15.00)
[22:16:50] TERRAIN: Queued chunk: (8.0, -16.0) (distance: 15.00)
[22:16:50] TERRAIN: Queued chunk: (14.0, -3.0) (distance: 15.03)
[22:16:50] TERRAIN: Queued chunk: (0.0, 11.0) (distance: 15.03)
[22:16:50] TERRAIN: Queued chunk: (-16.0, -3.0) (distance: 15.03)
[22:16:50] TERRAIN: Queued chunk: (0.0, -19.0) (distance: 15.03)
[22:16:50] TERRAIN: Queued chunk: (-2.0, 11.0) (distance: 15.03)
[22:16:50] TERRAIN: Queued chunk: (14.0, -5.0) (distance: 15.03)
[22:16:50] TERRAIN: Queued chunk: (-16.0, -5.0) (distance: 15.03)
[22:16:50] TERRAIN: Queued chunk: (-2.0, -19.0) (distance: 15.03)
[22:16:50] TERRAIN: Queued chunk: (14.0, -6.0) (distance: 15.13)
[22:16:50] TERRAIN: Queued chunk: (-3.0, 11.0) (distance: 15.13)
[22:16:50] TERRAIN: Queued chunk: (-16.0, -6.0) (distance: 15.13)
[22:16:50] TERRAIN: Queued chunk: (-3.0, -19.0) (distance: 15.13)
[22:16:50] TERRAIN: Queued chunk: (-16.0, -2.0) (distance: 15.13)
[22:16:50] TERRAIN: Queued chunk: (1.0, -19.0) (distance: 15.13)
[22:16:50] TERRAIN: Queued chunk: (1.0, 11.0) (distance: 15.13)
[22:16:50] TERRAIN: Queued chunk: (14.0, -2.0) (distance: 15.13)
[22:16:50] TERRAIN: Queued chunk: (13.0, 2.0) (distance: 15.23)
[22:16:50] TERRAIN: Queued chunk: (13.0, -10.0) (distance: 15.23)
[22:16:50] TERRAIN: Queued chunk: (-7.0, -18.0) (distance: 15.23)
[22:16:50] TERRAIN: Queued chunk: (-7.0, 10.0) (distance: 15.23)
[22:16:50] TERRAIN: Queued chunk: (5.0, 10.0) (distance: 15.23)
[22:16:50] TERRAIN: Queued chunk: (5.0, -18.0) (distance: 15.23)
[22:16:50] TERRAIN: Queued chunk: (-15.0, -10.0) (distance: 15.23)
[22:16:50] TERRAIN: Queued chunk: (-15.0, 2.0) (distance: 15.23)
[22:16:50] TERRAIN: Queued chunk: (7.0, -17.0) (distance: 15.26)
[22:16:50] TERRAIN: Queued chunk: (-9.0, -17.0) (distance: 15.26)
[22:16:50] TERRAIN: Queued chunk: (7.0, 9.0) (distance: 15.26)
[22:16:50] TERRAIN: Queued chunk: (-9.0, 9.0) (distance: 15.26)
[22:16:50] TERRAIN: Queued chunk: (12.0, -12.0) (distance: 15.26)
[22:16:50] TERRAIN: Queued chunk: (-14.0, 4.0) (distance: 15.26)
[22:16:50] TERRAIN: Queued chunk: (-14.0, -12.0) (distance: 15.26)
[22:16:50] TERRAIN: Queued chunk: (12.0, 4.0) (distance: 15.26)
[22:16:50] TERRAIN: Queued chunk: (2.0, 11.0) (distance: 15.30)
[22:16:50] TERRAIN: Queued chunk: (14.0, -1.0) (distance: 15.30)
[22:16:50] TERRAIN: Queued chunk: (14.0, -7.0) (distance: 15.30)
[22:16:50] TERRAIN: Queued chunk: (-4.0, -19.0) (distance: 15.30)
[22:16:50] TERRAIN: Queued chunk: (-16.0, -1.0) (distance: 15.30)
[22:16:50] TERRAIN: Queued chunk: (-4.0, 11.0) (distance: 15.30)
[22:16:50] TERRAIN: Queued chunk: (2.0, -19.0) (distance: 15.30)
[22:16:50] TERRAIN: Queued chunk: (-16.0, -7.0) (distance: 15.30)
[22:16:50] TERRAIN: Queued chunk: (14.0, -8.0) (distance: 15.52)
[22:16:50] TERRAIN: Queued chunk: (14.0, 0.0) (distance: 15.52)
[22:16:50] TERRAIN: Queued chunk: (-5.0, -19.0) (distance: 15.52)
[22:16:50] TERRAIN: Queued chunk: (-5.0, 11.0) (distance: 15.52)
[22:16:50] TERRAIN: Queued chunk: (-16.0, -8.0) (distance: 15.52)
[22:16:50] TERRAIN: Queued chunk: (-16.0, 0.0) (distance: 15.52)
[22:16:50] TERRAIN: Queued chunk: (3.0, 11.0) (distance: 15.52)
[22:16:50] TERRAIN: Queued chunk: (3.0, -19.0) (distance: 15.52)
[22:16:50] TERRAIN: Queued chunk: (10.0, 7.0) (distance: 15.56)
[22:16:50] TERRAIN: Queued chunk: (10.0, -15.0) (distance: 15.56)
[22:16:50] TERRAIN: Queued chunk: (-12.0, 7.0) (distance: 15.56)
[22:16:50] TERRAIN: Queued chunk: (-12.0, -15.0) (distance: 15.56)
[22:16:50] TERRAIN: Queued chunk: (-11.0, 8.0) (distance: 15.62)
[22:16:50] TERRAIN: Queued chunk: (9.0, -16.0) (distance: 15.62)
[22:16:50] TERRAIN: Queued chunk: (9.0, 8.0) (distance: 15.62)
[22:16:50] TERRAIN: Queued chunk: (-11.0, -16.0) (distance: 15.62)
[22:16:50] TERRAIN: Queued chunk: (11.0, 6.0) (distance: 15.62)
[22:16:50] TERRAIN: Queued chunk: (11.0, -14.0) (distance: 15.62)
[22:16:50] TERRAIN: Queued chunk: (-13.0, -14.0) (distance: 15.62)
[22:16:50] TERRAIN: Queued chunk: (-13.0, 6.0) (distance: 15.62)
[22:16:50] TERRAIN: Queued chunk: (-8.0, 10.0) (distance: 15.65)
[22:16:50] TERRAIN: Queued chunk: (-8.0, -18.0) (distance: 15.65)
[22:16:50] TERRAIN: Queued chunk: (13.0, -11.0) (distance: 15.65)
[22:16:50] TERRAIN: Queued chunk: (13.0, 3.0) (distance: 15.65)
[22:16:50] TERRAIN: Queued chunk: (-15.0, 3.0) (distance: 15.65)
[22:16:50] TERRAIN: Queued chunk: (-15.0, -11.0) (distance: 15.65)
[22:16:50] TERRAIN: Queued chunk: (6.0, -18.0) (distance: 15.65)
[22:16:50] TERRAIN: Queued chunk: (6.0, 10.0) (distance: 15.65)
[22:16:50] TERRAIN: Queued chunk: (-6.0, -19.0) (distance: 15.81)
[22:16:50] TERRAIN: Queued chunk: (-6.0, 11.0) (distance: 15.81)
[22:16:50] TERRAIN: Queued chunk: (14.0, -9.0) (distance: 15.81)
[22:16:50] TERRAIN: Queued chunk: (8.0, 9.0) (distance: 15.81)
[22:16:50] TERRAIN: Queued chunk: (4.0, -19.0) (distance: 15.81)
[22:16:50] TERRAIN: Queued chunk: (8.0, -17.0) (distance: 15.81)
[22:16:50] TERRAIN: Queued chunk: (4.0, 11.0) (distance: 15.81)
[22:16:50] TERRAIN: Queued chunk: (12.0, -13.0) (distance: 15.81)
[22:16:50] TERRAIN: Queued chunk: (-14.0, 5.0) (distance: 15.81)
[22:16:50] TERRAIN: Queued chunk: (-14.0, -13.0) (distance: 15.81)
[22:16:50] TERRAIN: Queued chunk: (12.0, 5.0) (distance: 15.81)
[22:16:50] TERRAIN: Queued chunk: (14.0, 1.0) (distance: 15.81)
[22:16:50] TERRAIN: Queued chunk: (-10.0, 9.0) (distance: 15.81)
[22:16:50] TERRAIN: Queued chunk: (-16.0, -9.0) (distance: 15.81)
[22:16:50] TERRAIN: Queued chunk: (-16.0, 1.0) (distance: 15.81)
[22:16:50] TERRAIN: Queued chunk: (-10.0, -17.0) (distance: 15.81)
[22:16:50] TERRAIN: Queued chunk: (-9.0, 10.0) (distance: 16.12)
[22:16:50] TERRAIN: Queued chunk: (7.0, -18.0) (distance: 16.12)
[22:16:50] TERRAIN: Queued chunk: (-9.0, -18.0) (distance: 16.12)
[22:16:50] TERRAIN: Queued chunk: (-15.0, -12.0) (distance: 16.12)
[22:16:50] TERRAIN: Queued chunk: (-15.0, 4.0) (distance: 16.12)
[22:16:50] TERRAIN: Queued chunk: (7.0, 10.0) (distance: 16.12)
[22:16:50] TERRAIN: Queued chunk: (13.0, 4.0) (distance: 16.12)
[22:16:50] TERRAIN: Queued chunk: (13.0, -12.0) (distance: 16.12)
[22:16:50] TERRAIN: Queued chunk: (14.0, 2.0) (distance: 16.16)
[22:16:50] TERRAIN: Queued chunk: (5.0, 11.0) (distance: 16.16)
[22:16:50] TERRAIN: Queued chunk: (5.0, -19.0) (distance: 16.16)
[22:16:50] TERRAIN: Queued chunk: (-16.0, 2.0) (distance: 16.16)
[22:16:50] TERRAIN: Queued chunk: (-16.0, -10.0) (distance: 16.16)
[22:16:50] TERRAIN: Queued chunk: (-7.0, 11.0) (distance: 16.16)
[22:16:50] TERRAIN: Queued chunk: (14.0, -10.0) (distance: 16.16)
[22:16:50] TERRAIN: Queued chunk: (-7.0, -19.0) (distance: 16.16)
[22:16:50] TERRAIN: Queued chunk: (10.0, -16.0) (distance: 16.28)
[22:16:50] TERRAIN: Queued chunk: (10.0, 8.0) (distance: 16.28)
[22:16:50] TERRAIN: Queued chunk: (11.0, 7.0) (distance: 16.28)
[22:16:50] TERRAIN: Queued chunk: (-13.0, -15.0) (distance: 16.28)
[22:16:50] TERRAIN: Queued chunk: (-13.0, 7.0) (distance: 16.28)
[22:16:50] TERRAIN: Queued chunk: (11.0, -15.0) (distance: 16.28)
[22:16:50] TERRAIN: Queued chunk: (-12.0, -16.0) (distance: 16.28)
[22:16:50] TERRAIN: Queued chunk: (-12.0, 8.0) (distance: 16.28)
[22:16:50] TERRAIN: Queued chunk: (-11.0, 9.0) (distance: 16.40)
[22:16:50] TERRAIN: Queued chunk: (12.0, 6.0) (distance: 16.40)
[22:16:50] TERRAIN: Queued chunk: (9.0, -17.0) (distance: 16.40)
[22:16:50] TERRAIN: Queued chunk: (-11.0, -17.0) (distance: 16.40)
[22:16:50] TERRAIN: Queued chunk: (9.0, 9.0) (distance: 16.40)
[22:16:50] TERRAIN: Queued chunk: (-14.0, -14.0) (distance: 16.40)
[22:16:50] TERRAIN: Queued chunk: (-14.0, 6.0) (distance: 16.40)
[22:16:50] TERRAIN: Queued chunk: (12.0, -14.0) (distance: 16.40)
[22:16:50] TERRAIN: Queued chunk: (-16.0, -11.0) (distance: 16.55)
[22:16:50] TERRAIN: Queued chunk: (-16.0, 3.0) (distance: 16.55)
[22:16:50] TERRAIN: Queued chunk: (14.0, -11.0) (distance: 16.55)
[22:16:50] TERRAIN: Queued chunk: (6.0, 11.0) (distance: 16.55)
[22:16:50] TERRAIN: Queued chunk: (14.0, 3.0) (distance: 16.55)
[22:16:50] TERRAIN: Queued chunk: (-8.0, -19.0) (distance: 16.55)
[22:16:50] TERRAIN: Queued chunk: (-8.0, 11.0) (distance: 16.55)
[22:16:50] TERRAIN: Queued chunk: (6.0, -19.0) (distance: 16.55)
[22:16:50] TERRAIN: Queued chunk: (13.0, -13.0) (distance: 16.64)
[22:16:50] TERRAIN: Queued chunk: (8.0, -18.0) (distance: 16.64)
[22:16:50] TERRAIN: Queued chunk: (8.0, 10.0) (distance: 16.64)
[22:16:50] TERRAIN: Queued chunk: (-10.0, -18.0) (distance: 16.64)
[22:16:50] TERRAIN: Queued chunk: (-15.0, -13.0) (distance: 16.64)
[22:16:50] TERRAIN: Queued chunk: (-15.0, 5.0) (distance: 16.64)
[22:16:50] TERRAIN: Queued chunk: (-10.0, 10.0) (distance: 16.64)
[22:16:50] TERRAIN: Queued chunk: (13.0, 5.0) (distance: 16.64)
[22:16:50] TERRAIN: Queued chunk: (-13.0, 8.0) (distance: 16.97)
[22:16:50] TERRAIN: Queued chunk: (11.0, -16.0) (distance: 16.97)
[22:16:50] TERRAIN: Queued chunk: (-13.0, -16.0) (distance: 16.97)
[22:16:50] TERRAIN: Queued chunk: (11.0, 8.0) (distance: 16.97)
[22:16:50] TERRAIN: Queued chunk: (14.0, -12.0) (distance: 17.00)
[22:16:50] TERRAIN: Queued chunk: (-9.0, -19.0) (distance: 17.00)
[22:16:50] TERRAIN: Queued chunk: (-16.0, 4.0) (distance: 17.00)
[22:16:50] TERRAIN: Queued chunk: (-16.0, -12.0) (distance: 17.00)
[22:16:50] TERRAIN: Queued chunk: (7.0, 11.0) (distance: 17.00)
[22:16:50] TERRAIN: Queued chunk: (14.0, 4.0) (distance: 17.00)
[22:16:50] TERRAIN: Queued chunk: (-9.0, 11.0) (distance: 17.00)
[22:16:50] TERRAIN: Queued chunk: (7.0, -19.0) (distance: 17.00)
[22:16:50] TERRAIN: Queued chunk: (-14.0, 7.0) (distance: 17.03)
[22:16:50] TERRAIN: Queued chunk: (10.0, -17.0) (distance: 17.03)
[22:16:50] TERRAIN: Queued chunk: (-14.0, -15.0) (distance: 17.03)
[22:16:50] TERRAIN: Queued chunk: (12.0, -15.0) (distance: 17.03)
[22:16:50] TERRAIN: Queued chunk: (-12.0, -17.0) (distance: 17.03)
[22:16:50] TERRAIN: Queued chunk: (12.0, 7.0) (distance: 17.03)
[22:16:50] TERRAIN: Queued chunk: (-12.0, 9.0) (distance: 17.03)
[22:16:50] TERRAIN: Queued chunk: (10.0, 9.0) (distance: 17.03)
[22:16:50] TERRAIN: Queued chunk: (13.0, 6.0) (distance: 17.20)
[22:16:50] TERRAIN: Queued chunk: (9.0, -18.0) (distance: 17.20)
[22:16:50] TERRAIN: Queued chunk: (-15.0, -14.0) (distance: 17.20)
[22:16:50] TERRAIN: Queued chunk: (-15.0, 6.0) (distance: 17.20)
[22:16:50] TERRAIN: Queued chunk: (-11.0, -18.0) (distance: 17.20)
[22:16:50] TERRAIN: Queued chunk: (9.0, 10.0) (distance: 17.20)
[22:16:50] TERRAIN: Queued chunk: (-11.0, 10.0) (distance: 17.20)
[22:16:50] TERRAIN: Queued chunk: (13.0, -14.0) (distance: 17.20)
[22:16:50] TERRAIN: Queued chunk: (14.0, -13.0) (distance: 17.49)
[22:16:50] TERRAIN: Queued chunk: (-16.0, -13.0) (distance: 17.49)
[22:16:50] TERRAIN: Queued chunk: (14.0, 5.0) (distance: 17.49)
[22:16:50] TERRAIN: Queued chunk: (-10.0, 11.0) (distance: 17.49)
[22:16:50] TERRAIN: Queued chunk: (8.0, 11.0) (distance: 17.49)
[22:16:50] TERRAIN: Queued chunk: (-16.0, 5.0) (distance: 17.49)
[22:16:50] TERRAIN: Queued chunk: (8.0, -19.0) (distance: 17.49)
[22:16:50] TERRAIN: Queued chunk: (-10.0, -19.0) (distance: 17.49)
[22:16:50] TERRAIN: Queued chunk: (11.0, -17.0) (distance: 17.69)
[22:16:50] TERRAIN: Queued chunk: (-13.0, 9.0) (distance: 17.69)
[22:16:50] TERRAIN: Queued chunk: (-13.0, -17.0) (distance: 17.69)
[22:16:50] TERRAIN: Queued chunk: (-14.0, 8.0) (distance: 17.69)
[22:16:50] TERRAIN: Queued chunk: (12.0, -16.0) (distance: 17.69)
[22:16:50] TERRAIN: Queued chunk: (-14.0, -16.0) (distance: 17.69)
[22:16:50] TERRAIN: Queued chunk: (11.0, 9.0) (distance: 17.69)
[22:16:50] TERRAIN: Queued chunk: (12.0, 8.0) (distance: 17.69)
[22:16:50] TERRAIN: Queued chunk: (13.0, -15.0) (distance: 17.80)
[22:16:50] TERRAIN: Queued chunk: (10.0, 10.0) (distance: 17.80)
[22:16:50] TERRAIN: Queued chunk: (10.0, -18.0) (distance: 17.80)
[22:16:50] TERRAIN: Queued chunk: (13.0, 7.0) (distance: 17.80)
[22:16:50] TERRAIN: Queued chunk: (-12.0, 10.0) (distance: 17.80)
[22:16:50] TERRAIN: Queued chunk: (-12.0, -18.0) (distance: 17.80)
[22:16:50] TERRAIN: Queued chunk: (-15.0, -15.0) (distance: 17.80)
[22:16:50] TERRAIN: Queued chunk: (-15.0, 7.0) (distance: 17.80)
[22:16:50] TERRAIN: Queued chunk: (9.0, 11.0) (distance: 18.03)
[22:16:50] TERRAIN: Queued chunk: (14.0, -14.0) (distance: 18.03)
[22:16:50] TERRAIN: Queued chunk: (9.0, -19.0) (distance: 18.03)
[22:16:50] TERRAIN: Queued chunk: (-11.0, 11.0) (distance: 18.03)
[22:16:50] TERRAIN: Queued chunk: (-11.0, -19.0) (distance: 18.03)
[22:16:50] TERRAIN: Queued chunk: (14.0, 6.0) (distance: 18.03)
[22:16:50] TERRAIN: Queued chunk: (-16.0, 6.0) (distance: 18.03)
[22:16:50] TERRAIN: Queued chunk: (-16.0, -14.0) (distance: 18.03)
[22:16:50] TERRAIN: Queued chunk: (12.0, 9.0) (distance: 18.38)
[22:16:50] TERRAIN: Queued chunk: (-14.0, -17.0) (distance: 18.38)
[22:16:50] TERRAIN: Queued chunk: (-14.0, 9.0) (distance: 18.38)
[22:16:50] TERRAIN: Queued chunk: (12.0, -17.0) (distance: 18.38)
[22:16:50] TERRAIN: Queued chunk: (13.0, 8.0) (distance: 18.44)
[22:16:50] TERRAIN: Queued chunk: (13.0, -16.0) (distance: 18.44)
[22:16:50] TERRAIN: Queued chunk: (-15.0, -16.0) (distance: 18.44)
[22:16:50] TERRAIN: Queued chunk: (-15.0, 8.0) (distance: 18.44)
[22:16:50] TERRAIN: Queued chunk: (-13.0, -18.0) (distance: 18.44)
[22:16:50] TERRAIN: Queued chunk: (-13.0, 10.0) (distance: 18.44)
[22:16:50] TERRAIN: Queued chunk: (11.0, 10.0) (distance: 18.44)
[22:16:50] TERRAIN: Queued chunk: (11.0, -18.0) (distance: 18.44)
[22:16:50] TERRAIN: Queued chunk: (14.0, -15.0) (distance: 18.60)
[22:16:50] TERRAIN: Queued chunk: (10.0, 11.0) (distance: 18.60)
[22:16:50] TERRAIN: Queued chunk: (10.0, -19.0) (distance: 18.60)
[22:16:50] TERRAIN: Queued chunk: (-12.0, 11.0) (distance: 18.60)
[22:16:50] TERRAIN: Queued chunk: (-12.0, -19.0) (distance: 18.60)
[22:16:50] TERRAIN: Queued chunk: (-16.0, 7.0) (distance: 18.60)
[22:16:50] TERRAIN: Queued chunk: (-16.0, -15.0) (distance: 18.60)
[22:16:50] TERRAIN: Queued chunk: (14.0, 7.0) (distance: 18.60)
[22:16:50] TERRAIN: Queued chunk: (13.0, -17.0) (distance: 19.10)
[22:16:50] TERRAIN: Queued chunk: (12.0, 10.0) (distance: 19.10)
[22:16:50] TERRAIN: Queued chunk: (12.0, -18.0) (distance: 19.10)
[22:16:50] TERRAIN: Queued chunk: (-14.0, 10.0) (distance: 19.10)
[22:16:50] TERRAIN: Queued chunk: (-14.0, -18.0) (distance: 19.10)
[22:16:50] TERRAIN: Queued chunk: (-15.0, 9.0) (distance: 19.10)
[22:16:50] TERRAIN: Queued chunk: (-15.0, -17.0) (distance: 19.10)
[22:16:50] TERRAIN: Queued chunk: (13.0, 9.0) (distance: 19.10)
[22:16:50] TERRAIN: Queued chunk: (14.0, -16.0) (distance: 19.21)
[22:16:50] TERRAIN: Queued chunk: (14.0, 8.0) (distance: 19.21)
[22:16:50] TERRAIN: Queued chunk: (-16.0, 8.0) (distance: 19.21)
[22:16:50] TERRAIN: Queued chunk: (-16.0, -16.0) (distance: 19.21)
[22:16:50] TERRAIN: Queued chunk: (11.0, 11.0) (distance: 19.21)
[22:16:50] TERRAIN: Queued chunk: (11.0, -19.0) (distance: 19.21)
[22:16:50] TERRAIN: Queued chunk: (-13.0, 11.0) (distance: 19.21)
[22:16:50] TERRAIN: Queued chunk: (-13.0, -19.0) (distance: 19.21)
[22:16:50] TERRAIN: Queued chunk: (-15.0, -18.0) (distance: 19.80)
[22:16:50] TERRAIN: Queued chunk: (-15.0, 10.0) (distance: 19.80)
[22:16:50] TERRAIN: Queued chunk: (13.0, 10.0) (distance: 19.80)
[22:16:50] TERRAIN: Queued chunk: (13.0, -18.0) (distance: 19.80)
[22:16:50] TERRAIN: Queued chunk: (-16.0, 9.0) (distance: 19.85)
[22:16:50] TERRAIN: Queued chunk: (-14.0, -19.0) (distance: 19.85)
[22:16:50] TERRAIN: Queued chunk: (-14.0, 11.0) (distance: 19.85)
[22:16:50] TERRAIN: Queued chunk: (12.0, -19.0) (distance: 19.85)
[22:16:50] TERRAIN: Queued chunk: (12.0, 11.0) (distance: 19.85)
[22:16:50] TERRAIN: Queued chunk: (-16.0, -17.0) (distance: 19.85)
[22:16:50] TERRAIN: Queued chunk: (14.0, 9.0) (distance: 19.85)
[22:16:50] TERRAIN: Queued chunk: (14.0, -17.0) (distance: 19.85)
[22:16:50] TERRAIN: Queued chunk: (-16.0, 10.0) (distance: 20.52)
[22:16:50] TERRAIN: Queued chunk: (-16.0, -18.0) (distance: 20.52)
[22:16:50] TERRAIN: Queued chunk: (14.0, 10.0) (distance: 20.52)
[22:16:50] TERRAIN: Queued chunk: (-15.0, -19.0) (distance: 20.52)
[22:16:50] TERRAIN: Queued chunk: (-15.0, 11.0) (distance: 20.52)
[22:16:50] TERRAIN: Queued chunk: (13.0, -19.0) (distance: 20.52)
[22:16:50] TERRAIN: Queued chunk: (13.0, 11.0) (distance: 20.52)
[22:16:50] TERRAIN: Queued chunk: (14.0, -18.0) (distance: 20.52)
[22:16:50] TERRAIN: Queued chunk: (14.0, 11.0) (distance: 21.21)
[22:16:50] TERRAIN: Queued chunk: (14.0, -19.0) (distance: 21.21)
[22:16:50] TERRAIN: Queued chunk: (-16.0, 11.0) (distance: 21.21)
[22:16:50] TERRAIN: Queued chunk: (-16.0, -19.0) (distance: 21.21)
[22:16:50] TERRAIN: Creating chunk: (0.0, -18.0) at distance 14.04
[22:16:50] TERRAIN: Chunk (0.0, -18.0): Using BOX collision (distance: 14.04)
[22:16:50] TERRAIN: Chunk created successfully: (0.0, -18.0) at world pos (0.0, 0.0, -576.0) (total chunks: 679)
[22:16:50] TERRAIN: Creating chunk: (-2.0, -18.0) at distance 14.04
[22:16:50] TERRAIN: Chunk (-2.0, -18.0): Using BOX collision (distance: 14.04)
[22:16:50] TERRAIN: Chunk created successfully: (-2.0, -18.0) at world pos (-64.0, 0.0, -576.0) (total chunks: 680)
[22:16:50] TERRAIN: Creating chunk: (1.0, -18.0) at distance 14.14
[22:16:50] TERRAIN: Chunk (1.0, -18.0): Using BOX collision (distance: 14.14)
[22:16:50] TERRAIN: Chunk created successfully: (1.0, -18.0) at world pos (32.0, 0.0, -576.0) (total chunks: 681)
[22:16:50] TERRAIN: Creating chunk: (-3.0, -18.0) at distance 14.14
[22:16:50] TERRAIN: Chunk (-3.0, -18.0): Using BOX collision (distance: 14.14)
[22:16:50] TERRAIN: Chunk created successfully: (-3.0, -18.0) at world pos (-96.0, 0.0, -576.0) (total chunks: 682)
[22:16:50] TERRAIN: Creating chunk: (5.0, -17.0) at distance 14.32
[22:16:50] TERRAIN: Chunk (5.0, -17.0): Using BOX collision (distance: 14.32)
[22:16:50] TERRAIN: Chunk created successfully: (5.0, -17.0) at world pos (160.0, 0.0, -544.0) (total chunks: 683)
[22:16:50] TERRAIN: Creating chunk: (-7.0, -17.0) at distance 14.32
[22:16:50] TERRAIN: Chunk (-7.0, -17.0): Using BOX collision (distance: 14.32)
[22:16:50] TERRAIN: Chunk created successfully: (-7.0, -17.0) at world pos (-224.0, 0.0, -544.0) (total chunks: 684)
[22:16:50] TERRAIN: Creating chunk: (2.0, -18.0) at distance 14.32
[22:16:50] TERRAIN: Chunk (2.0, -18.0): Using BOX collision (distance: 14.32)
[22:16:50] TERRAIN: Chunk created successfully: (2.0, -18.0) at world pos (64.0, 0.0, -576.0) (total chunks: 685)
[22:16:50] TERRAIN: Creating chunk: (-4.0, -18.0) at distance 14.32
[22:16:50] TERRAIN: Chunk (-4.0, -18.0): Using BOX collision (distance: 14.32)
[22:16:50] TERRAIN: Chunk created successfully: (-4.0, -18.0) at world pos (-128.0, 0.0, -576.0) (total chunks: 686)
[22:16:50] TERRAIN: Creating chunk: (-9.0, -16.0) at distance 14.42
[22:16:50] TERRAIN: Chunk (-9.0, -16.0): Using BOX collision (distance: 14.42)
[22:16:50] TERRAIN: Chunk created successfully: (-9.0, -16.0) at world pos (-288.0, 0.0, -512.0) (total chunks: 687)
[22:16:50] TERRAIN: Creating chunk: (7.0, -16.0) at distance 14.42
[22:16:50] TERRAIN: Chunk (7.0, -16.0): Using BOX collision (distance: 14.42)
[22:16:50] TERRAIN: Chunk created successfully: (7.0, -16.0) at world pos (224.0, 0.0, -512.0) (total chunks: 688)
[22:16:50] TERRAIN: Creating chunk: (3.0, -18.0) at distance 14.56
[22:16:50] TERRAIN: Chunk (3.0, -18.0): Using BOX collision (distance: 14.56)
[22:16:50] TERRAIN: Chunk created successfully: (3.0, -18.0) at world pos (96.0, 0.0, -576.0) (total chunks: 689)
[22:16:50] TERRAIN: Creating chunk: (-5.0, -18.0) at distance 14.56
[22:16:50] TERRAIN: Chunk (-5.0, -18.0): Using BOX collision (distance: 14.56)
[22:16:50] TERRAIN: Chunk created successfully: (-5.0, -18.0) at world pos (-160.0, 0.0, -576.0) (total chunks: 690)
[22:16:50] TERRAIN: Creating chunk: (6.0, -17.0) at distance 14.76
[22:16:50] TERRAIN: Chunk (6.0, -17.0): Using BOX collision (distance: 14.76)
[22:16:50] TERRAIN: Chunk created successfully: (6.0, -17.0) at world pos (192.0, 0.0, -544.0) (total chunks: 691)
[22:16:50] TERRAIN: Creating chunk: (12.0, -11.0) at distance 14.76
[22:16:50] TERRAIN: Chunk (12.0, -11.0): Using BOX collision (distance: 14.76)
[22:16:50] TERRAIN: Chunk created successfully: (12.0, -11.0) at world pos (384.0, 0.0, -352.0) (total chunks: 692)
[22:16:50] TERRAIN: Creating chunk: (-14.0, -11.0) at distance 14.76
[22:16:50] TERRAIN: Chunk (-14.0, -11.0): Using BOX collision (distance: 14.76)
[22:16:50] TERRAIN: Chunk created successfully: (-14.0, -11.0) at world pos (-448.0, 0.0, -352.0) (total chunks: 693)
[22:16:50] TERRAIN: Creating chunk: (-8.0, -17.0) at distance 14.76
[22:16:50] TERRAIN: Chunk (-8.0, -17.0): Using BOX collision (distance: 14.76)
[22:16:50] TERRAIN: Chunk created successfully: (-8.0, -17.0) at world pos (-256.0, 0.0, -544.0) (total chunks: 694)
[22:16:50] TERRAIN: Creating chunk: (9.0, -15.0) at distance 14.87
[22:16:50] TERRAIN: Chunk (9.0, -15.0): Using BOX collision (distance: 14.87)
[22:16:50] TERRAIN: Chunk created successfully: (9.0, -15.0) at world pos (288.0, 0.0, -480.0) (total chunks: 695)
[22:16:50] TERRAIN: Creating chunk: (-12.0, -14.0) at distance 14.87
[22:16:50] TERRAIN: Chunk (-12.0, -14.0): Using BOX collision (distance: 14.87)
[22:16:50] TERRAIN: Chunk created successfully: (-12.0, -14.0) at world pos (-384.0, 0.0, -448.0) (total chunks: 696)
[22:16:50] TERRAIN: Creating chunk: (-6.0, -18.0) at distance 14.87
[22:16:50] TERRAIN: Chunk (-6.0, -18.0): Using BOX collision (distance: 14.87)
[22:16:50] TERRAIN: Chunk created successfully: (-6.0, -18.0) at world pos (-192.0, 0.0, -576.0) (total chunks: 697)
[22:16:50] TERRAIN: Creating chunk: (10.0, -14.0) at distance 14.87
[22:16:50] TERRAIN: Chunk (10.0, -14.0): Using BOX collision (distance: 14.87)
[22:16:50] TERRAIN: Chunk created successfully: (10.0, -14.0) at world pos (320.0, 0.0, -448.0) (total chunks: 698)
[22:16:50] TERRAIN: Creating chunk: (13.0, -9.0) at distance 14.87
[22:16:50] TERRAIN: Chunk (13.0, -9.0): Using BOX collision (distance: 14.87)
[22:16:50] TERRAIN: Chunk created successfully: (13.0, -9.0) at world pos (416.0, 0.0, -288.0) (total chunks: 699)
[22:16:50] TERRAIN: Creating chunk: (-15.0, -9.0) at distance 14.87
[22:16:50] TERRAIN: Chunk (-15.0, -9.0): Using BOX collision (distance: 14.87)
[22:16:50] TERRAIN: Chunk created successfully: (-15.0, -9.0) at world pos (-480.0, 0.0, -288.0) (total chunks: 700)
[22:16:50] TERRAIN: Creating chunk: (4.0, -18.0) at distance 14.87
[22:16:50] TERRAIN: Chunk (4.0, -18.0): Using BOX collision (distance: 14.87)
[22:16:50] TERRAIN: Chunk created successfully: (4.0, -18.0) at world pos (128.0, 0.0, -576.0) (total chunks: 701)
[22:16:50] TERRAIN: Creating chunk: (-11.0, -15.0) at distance 14.87
[22:16:50] TERRAIN: Chunk (-11.0, -15.0): Using BOX collision (distance: 14.87)
[22:16:50] TERRAIN: Chunk created successfully: (-11.0, -15.0) at world pos (-352.0, 0.0, -480.0) (total chunks: 702)
[22:16:50] TERRAIN: Creating chunk: (-1.0, -19.0) at distance 15.00
[22:16:50] TERRAIN: Chunk (-1.0, -19.0): Using BOX collision (distance: 15.00)
[22:16:50] TERRAIN: Chunk created successfully: (-1.0, -19.0) at world pos (-32.0, 0.0, -608.0) (total chunks: 703)
[22:16:50] TERRAIN: Creating chunk: (-13.0, -13.0) at distance 15.00
[22:16:50] TERRAIN: Chunk (-13.0, -13.0): Using BOX collision (distance: 15.00)
[22:16:50] TERRAIN: Chunk created successfully: (-13.0, -13.0) at world pos (-416.0, 0.0, -416.0) (total chunks: 704)
[22:16:50] TERRAIN: Creating chunk: (14.0, -4.0) at distance 15.00
[22:16:50] TERRAIN: Chunk (14.0, -4.0): Using BOX collision (distance: 15.00)
[22:16:50] TERRAIN: Chunk created successfully: (14.0, -4.0) at world pos (448.0, 0.0, -128.0) (total chunks: 705)
[22:16:50] TERRAIN: Creating chunk: (-10.0, -16.0) at distance 15.00
[22:16:50] TERRAIN: Chunk (-10.0, -16.0): Using BOX collision (distance: 15.00)
[22:16:50] TERRAIN: Chunk created successfully: (-10.0, -16.0) at world pos (-320.0, 0.0, -512.0) (total chunks: 706)
[22:16:50] TERRAIN: Creating chunk: (11.0, -13.0) at distance 15.00
[22:16:50] TERRAIN: Chunk (11.0, -13.0): Using BOX collision (distance: 15.00)
[22:16:50] TERRAIN: Chunk created successfully: (11.0, -13.0) at world pos (352.0, 0.0, -416.0) (total chunks: 707)
[22:16:50] TERRAIN: Creating chunk: (-16.0, -4.0) at distance 15.00
[22:16:50] TERRAIN: Chunk (-16.0, -4.0): Using BOX collision (distance: 15.00)
[22:16:50] TERRAIN: Chunk created successfully: (-16.0, -4.0) at world pos (-512.0, 0.0, -128.0) (total chunks: 708)
[22:16:50] TERRAIN: Creating chunk: (8.0, -16.0) at distance 15.00
[22:16:50] TERRAIN: Chunk (8.0, -16.0): Using BOX collision (distance: 15.00)
[22:16:50] TERRAIN: Chunk created successfully: (8.0, -16.0) at world pos (256.0, 0.0, -512.0) (total chunks: 709)
[22:16:50] PLAYER: Pos: (-0.000024, -0.023217, -97.66623) | Chunk: (-1.0, -4.0) | TerrainHeight: -0.02 | HeightDiff: -0.00 | OnFloor: true
[22:16:50] PLAYER: CHUNK CHANGED: (-1.0, -3.0) -> (-1.0, -4.0)
[22:16:51] PLAYER: Pos: (-0.000005, -0.010511, -102.6664) | Chunk: (-1.0, -4.0) | TerrainHeight: -0.01 | HeightDiff: 0.00 | OnFloor: true
[22:16:52] TERRAIN: Player moved to new chunk: (0.0, -4.0) (was (-1.0, -4.0))
[22:16:52] TERRAIN: Updating terrain for player chunk: (0.0, -4.0) (player pos: (0.000008, -0.006425, -104.9998))
[22:16:52] TERRAIN: Player chunk (0.0, -4.0) distance: 0.00 (render_distance: 15)
[22:16:52] TERRAIN: Removing 31 distant chunks
[22:16:52] TERRAIN: Removing chunk (-1.0, 11.0) at distance 15.03 (player: (0.0, -4.0))
[22:16:52] TERRAIN: Removing chunk: (-1.0, 11.0)
[22:16:52] TERRAIN: Removing chunk (-6.0, 10.0) at distance 15.23 (player: (0.0, -4.0))
[22:16:52] TERRAIN: Removing chunk: (-6.0, 10.0)
[22:16:52] TERRAIN: Removing chunk (-8.0, 9.0) at distance 15.26 (player: (0.0, -4.0))
[22:16:52] TERRAIN: Removing chunk: (-8.0, 9.0)
[22:16:52] TERRAIN: Removing chunk (-10.0, 8.0) at distance 15.62 (player: (0.0, -4.0))
[22:16:52] TERRAIN: Removing chunk: (-10.0, 8.0)
[22:16:52] TERRAIN: Removing chunk (-11.0, 7.0) at distance 15.56 (player: (0.0, -4.0))
[22:16:52] TERRAIN: Removing chunk: (-11.0, 7.0)
[22:16:52] TERRAIN: Removing chunk (-12.0, 6.0) at distance 15.62 (player: (0.0, -4.0))
[22:16:52] TERRAIN: Removing chunk: (-12.0, 6.0)
[22:16:52] TERRAIN: Removing chunk (-13.0, 4.0) at distance 15.26 (player: (0.0, -4.0))
[22:16:52] TERRAIN: Removing chunk: (-13.0, 4.0)
[22:16:52] TERRAIN: Removing chunk (-13.0, 5.0) at distance 15.81 (player: (0.0, -4.0))
[22:16:52] TERRAIN: Removing chunk: (-13.0, 5.0)
[22:16:52] TERRAIN: Removing chunk (-14.0, 2.0) at distance 15.23 (player: (0.0, -4.0))
[22:16:52] TERRAIN: Removing chunk: (-14.0, 2.0)
[22:16:52] TERRAIN: Removing chunk (-14.0, 3.0) at distance 15.65 (player: (0.0, -4.0))
[22:16:52] TERRAIN: Removing chunk: (-14.0, 3.0)
[22:16:52] TERRAIN: Removing chunk (-15.0, -2.0) at distance 15.13 (player: (0.0, -4.0))
[22:16:52] TERRAIN: Removing chunk: (-15.0, -2.0)
[22:16:52] TERRAIN: Removing chunk (-15.0, -3.0) at distance 15.03 (player: (0.0, -4.0))
[22:16:52] TERRAIN: Removing chunk: (-15.0, -3.0)
[22:16:52] TERRAIN: Removing chunk (-15.0, -1.0) at distance 15.30 (player: (0.0, -4.0))
[22:16:52] TERRAIN: Removing chunk: (-15.0, -1.0)
[22:16:52] TERRAIN: Removing chunk (-15.0, 0.0) at distance 15.52 (player: (0.0, -4.0))
[22:16:52] TERRAIN: Removing chunk: (-15.0, 0.0)
[22:16:52] TERRAIN: Removing chunk (-15.0, 1.0) at distance 15.81 (player: (0.0, -4.0))
[22:16:52] TERRAIN: Removing chunk: (-15.0, 1.0)
[22:16:52] TERRAIN: Removing chunk (-15.0, -5.0) at distance 15.03 (player: (0.0, -4.0))
[22:16:52] TERRAIN: Removing chunk: (-15.0, -5.0)
[22:16:52] TERRAIN: Removing chunk (-15.0, -6.0) at distance 15.13 (player: (0.0, -4.0))
[22:16:52] TERRAIN: Removing chunk: (-15.0, -6.0)
[22:16:52] TERRAIN: Removing chunk (-15.0, -7.0) at distance 15.30 (player: (0.0, -4.0))
[22:16:52] TERRAIN: Removing chunk: (-15.0, -7.0)
[22:16:52] TERRAIN: Removing chunk (-14.0, -10.0) at distance 15.23 (player: (0.0, -4.0))
[22:16:52] TERRAIN: Removing chunk: (-14.0, -10.0)
[22:16:52] TERRAIN: Removing chunk (-15.0, -8.0) at distance 15.52 (player: (0.0, -4.0))
[22:16:52] TERRAIN: Removing chunk: (-15.0, -8.0)
[22:16:52] TERRAIN: Removing chunk (-13.0, -12.0) at distance 15.26 (player: (0.0, -4.0))
[22:16:52] TERRAIN: Removing chunk: (-13.0, -12.0)
[22:16:52] TERRAIN: Removing chunk (-14.0, -11.0) at distance 15.65 (player: (0.0, -4.0))
[22:16:52] TERRAIN: Removing chunk: (-14.0, -11.0)
[22:16:52] TERRAIN: Removing chunk (-8.0, -17.0) at distance 15.26 (player: (0.0, -4.0))
[22:16:52] TERRAIN: Removing chunk: (-8.0, -17.0)
[22:16:52] TERRAIN: Removing chunk (-12.0, -14.0) at distance 15.62 (player: (0.0, -4.0))
[22:16:52] TERRAIN: Removing chunk: (-12.0, -14.0)
[22:16:52] TERRAIN: Removing chunk (-6.0, -18.0) at distance 15.23 (player: (0.0, -4.0))
[22:16:52] TERRAIN: Removing chunk: (-6.0, -18.0)
[22:16:52] TERRAIN: Removing chunk (-15.0, -9.0) at distance 15.81 (player: (0.0, -4.0))
[22:16:52] TERRAIN: Removing chunk: (-15.0, -9.0)
[22:16:52] TERRAIN: Removing chunk (-11.0, -15.0) at distance 15.56 (player: (0.0, -4.0))
[22:16:52] TERRAIN: Removing chunk: (-11.0, -15.0)
[22:16:52] TERRAIN: Removing chunk (-1.0, -19.0) at distance 15.03 (player: (0.0, -4.0))
[22:16:52] TERRAIN: Removing chunk: (-1.0, -19.0)
[22:16:52] TERRAIN: Removing chunk (-13.0, -13.0) at distance 15.81 (player: (0.0, -4.0))
[22:16:52] TERRAIN: Removing chunk: (-13.0, -13.0)
[22:16:52] TERRAIN: Removing chunk (-10.0, -16.0) at distance 15.62 (player: (0.0, -4.0))
[22:16:52] TERRAIN: Removing chunk: (-10.0, -16.0)
[22:16:52] TERRAIN: Removing chunk (-16.0, -4.0) at distance 16.00 (player: (0.0, -4.0))
[22:16:52] TERRAIN: Removing chunk: (-16.0, -4.0)
[22:16:52] TERRAIN: Queuing 283 new chunks for generation
[22:16:52] TERRAIN: Queued chunk: (14.0, -5.0) (distance: 14.04)
[22:16:52] TERRAIN: Queued chunk: (14.0, -3.0) (distance: 14.04)
[22:16:52] TERRAIN: Queued chunk: (14.0, -6.0) (distance: 14.14)
[22:16:52] TERRAIN: Queued chunk: (14.0, -2.0) (distance: 14.14)
[22:16:52] TERRAIN: Queued chunk: (14.0, -1.0) (distance: 14.32)
[22:16:52] TERRAIN: Queued chunk: (13.0, -10.0) (distance: 14.32)
[22:16:52] TERRAIN: Queued chunk: (13.0, 2.0) (distance: 14.32)
[22:16:52] TERRAIN: Queued chunk: (14.0, -7.0) (distance: 14.32)
[22:16:52] TERRAIN: Queued chunk: (12.0, -12.0) (distance: 14.42)
[22:16:52] TERRAIN: Queued chunk: (12.0, 4.0) (distance: 14.42)
[22:16:52] TERRAIN: Queued chunk: (14.0, 0.0) (distance: 14.56)
[22:16:52] TERRAIN: Queued chunk: (14.0, -8.0) (distance: 14.56)
[22:16:52] TERRAIN: Queued chunk: (13.0, 3.0) (distance: 14.76)
[22:16:52] TERRAIN: Queued chunk: (7.0, -17.0) (distance: 14.76)
[22:16:52] TERRAIN: Queued chunk: (13.0, -11.0) (distance: 14.76)
[22:16:52] TERRAIN: Queued chunk: (7.0, 9.0) (distance: 14.76)
[22:16:52] TERRAIN: Queued chunk: (5.0, -18.0) (distance: 14.87)
[22:16:52] TERRAIN: Queued chunk: (5.0, 10.0) (distance: 14.87)
[22:16:52] TERRAIN: Queued chunk: (10.0, -15.0) (distance: 14.87)
[22:16:52] TERRAIN: Queued chunk: (10.0, 7.0) (distance: 14.87)
[22:16:52] TERRAIN: Queued chunk: (11.0, -14.0) (distance: 14.87)
[22:16:52] TERRAIN: Queued chunk: (11.0, 6.0) (distance: 14.87)
[22:16:52] TERRAIN: Queued chunk: (14.0, 1.0) (distance: 14.87)
[22:16:52] TERRAIN: Queued chunk: (14.0, -9.0) (distance: 14.87)
[22:16:52] TERRAIN: Queued chunk: (12.0, 5.0) (distance: 15.00)
[22:16:52] TERRAIN: Queued chunk: (12.0, -13.0) (distance: 15.00)
[22:16:52] TERRAIN: Queued chunk: (15.0, -4.0) (distance: 15.00)
[22:16:52] TERRAIN: Queued chunk: (0.0, 11.0) (distance: 15.00)
[22:16:52] TERRAIN: Queued chunk: (0.0, -19.0) (distance: 15.00)
[22:16:52] TERRAIN: Queued chunk: (9.0, 8.0) (distance: 15.00)
[22:16:52] TERRAIN: Queued chunk: (9.0, -16.0) (distance: 15.00)
[22:16:52] TERRAIN: Queued chunk: (15.0, -3.0) (distance: 15.03)
[22:16:52] TERRAIN: Queued chunk: (1.0, 11.0) (distance: 15.03)
[22:16:52] TERRAIN: Queued chunk: (1.0, -19.0) (distance: 15.03)
[22:16:52] TERRAIN: Queued chunk: (-1.0, 11.0) (distance: 15.03)
[22:16:52] TERRAIN: Queued chunk: (-1.0, -19.0) (distance: 15.03)
[22:16:52] TERRAIN: Queued chunk: (-15.0, -5.0) (distance: 15.03)
[22:16:52] TERRAIN: Queued chunk: (-15.0, -3.0) (distance: 15.03)
[22:16:52] TERRAIN: Queued chunk: (15.0, -5.0) (distance: 15.03)
[22:16:52] TERRAIN: Queued chunk: (-2.0, 11.0) (distance: 15.13)
[22:16:52] TERRAIN: Queued chunk: (-2.0, -19.0) (distance: 15.13)
[22:16:52] TERRAIN: Queued chunk: (-15.0, -6.0) (distance: 15.13)
[22:16:52] TERRAIN: Queued chunk: (-15.0, -2.0) (distance: 15.13)
[22:16:52] TERRAIN: Queued chunk: (2.0, -19.0) (distance: 15.13)
[22:16:52] TERRAIN: Queued chunk: (2.0, 11.0) (distance: 15.13)
[22:16:52] TERRAIN: Queued chunk: (15.0, -6.0) (distance: 15.13)
[22:16:52] TERRAIN: Queued chunk: (15.0, -2.0) (distance: 15.13)
[22:16:52] TERRAIN: Queued chunk: (-6.0, -18.0) (distance: 15.23)
[22:16:52] TERRAIN: Queued chunk: (14.0, 2.0) (distance: 15.23)
[22:16:52] TERRAIN: Queued chunk: (-6.0, 10.0) (distance: 15.23)
[22:16:52] TERRAIN: Queued chunk: (14.0, -10.0) (distance: 15.23)
[22:16:52] TERRAIN: Queued chunk: (6.0, -18.0) (distance: 15.23)
[22:16:52] TERRAIN: Queued chunk: (-14.0, 2.0) (distance: 15.23)
[22:16:52] TERRAIN: Queued chunk: (-14.0, -10.0) (distance: 15.23)
[22:16:52] TERRAIN: Queued chunk: (6.0, 10.0) (distance: 15.23)
[22:16:52] TERRAIN: Queued chunk: (13.0, 4.0) (distance: 15.26)
[22:16:52] TERRAIN: Queued chunk: (-8.0, -17.0) (distance: 15.26)
[22:16:52] TERRAIN: Queued chunk: (-13.0, -12.0) (distance: 15.26)
[22:16:52] TERRAIN: Queued chunk: (-13.0, 4.0) (distance: 15.26)
[22:16:52] TERRAIN: Queued chunk: (8.0, -17.0) (distance: 15.26)
[22:16:52] TERRAIN: Queued chunk: (8.0, 9.0) (distance: 15.26)
[22:16:52] TERRAIN: Queued chunk: (-8.0, 9.0) (distance: 15.26)
[22:16:52] TERRAIN: Queued chunk: (13.0, -12.0) (distance: 15.26)
[22:16:52] TERRAIN: Queued chunk: (15.0, -7.0) (distance: 15.30)
[22:16:52] TERRAIN: Queued chunk: (-15.0, -7.0) (distance: 15.30)
[22:16:52] TERRAIN: Queued chunk: (-15.0, -1.0) (distance: 15.30)
[22:16:52] TERRAIN: Queued chunk: (-3.0, -19.0) (distance: 15.30)
[22:16:52] TERRAIN: Queued chunk: (-3.0, 11.0) (distance: 15.30)
[22:16:52] TERRAIN: Queued chunk: (15.0, -1.0) (distance: 15.30)
[22:16:52] TERRAIN: Queued chunk: (3.0, 11.0) (distance: 15.30)
[22:16:52] TERRAIN: Queued chunk: (3.0, -19.0) (distance: 15.30)
[22:16:52] TERRAIN: Queued chunk: (15.0, -8.0) (distance: 15.52)
[22:16:52] TERRAIN: Queued chunk: (-4.0, 11.0) (distance: 15.52)
[22:16:52] TERRAIN: Queued chunk: (-4.0, -19.0) (distance: 15.52)
[22:16:52] TERRAIN: Queued chunk: (4.0, 11.0) (distance: 15.52)
[22:16:52] TERRAIN: Queued chunk: (4.0, -19.0) (distance: 15.52)
[22:16:52] TERRAIN: Queued chunk: (-15.0, 0.0) (distance: 15.52)
[22:16:52] TERRAIN: Queued chunk: (15.0, 0.0) (distance: 15.52)
[22:16:52] TERRAIN: Queued chunk: (-15.0, -8.0) (distance: 15.52)
[22:16:52] TERRAIN: Queued chunk: (-11.0, -15.0) (distance: 15.56)
[22:16:52] TERRAIN: Queued chunk: (-11.0, 7.0) (distance: 15.56)
[22:16:52] TERRAIN: Queued chunk: (11.0, -15.0) (distance: 15.56)
[22:16:52] TERRAIN: Queued chunk: (11.0, 7.0) (distance: 15.56)
[22:16:52] TERRAIN: Queued chunk: (-10.0, 8.0) (distance: 15.62)
[22:16:52] TERRAIN: Queued chunk: (-10.0, -16.0) (distance: 15.62)
[22:16:52] TERRAIN: Queued chunk: (-12.0, -14.0) (distance: 15.62)
[22:16:52] TERRAIN: Queued chunk: (12.0, 6.0) (distance: 15.62)
[22:16:52] TERRAIN: Queued chunk: (-12.0, 6.0) (distance: 15.62)
[22:16:52] TERRAIN: Queued chunk: (12.0, -14.0) (distance: 15.62)
[22:16:52] TERRAIN: Queued chunk: (10.0, -16.0) (distance: 15.62)
[22:16:52] TERRAIN: Queued chunk: (10.0, 8.0) (distance: 15.62)
[22:16:52] TERRAIN: Queued chunk: (-14.0, 3.0) (distance: 15.65)
[22:16:52] TERRAIN: Queued chunk: (14.0, 3.0) (distance: 15.65)
[22:16:52] TERRAIN: Queued chunk: (-14.0, -11.0) (distance: 15.65)
[22:16:52] TERRAIN: Queued chunk: (7.0, -18.0) (distance: 15.65)
[22:16:52] TERRAIN: Queued chunk: (7.0, 10.0) (distance: 15.65)
[22:16:52] TERRAIN: Queued chunk: (-7.0, -18.0) (distance: 15.65)
[22:16:52] TERRAIN: Queued chunk: (-7.0, 10.0) (distance: 15.65)
[22:16:52] TERRAIN: Queued chunk: (14.0, -11.0) (distance: 15.65)
[22:16:52] TERRAIN: Queued chunk: (-5.0, 11.0) (distance: 15.81)
[22:16:52] TERRAIN: Queued chunk: (-15.0, -9.0) (distance: 15.81)
[22:16:52] TERRAIN: Queued chunk: (-5.0, -19.0) (distance: 15.81)
[22:16:52] TERRAIN: Queued chunk: (13.0, -13.0) (distance: 15.81)
[22:16:52] TERRAIN: Queued chunk: (-13.0, 5.0) (distance: 15.81)
[22:16:52] TERRAIN: Queued chunk: (-13.0, -13.0) (distance: 15.81)
[22:16:52] TERRAIN: Queued chunk: (-15.0, 1.0) (distance: 15.81)
[22:16:52] TERRAIN: Queued chunk: (15.0, -9.0) (distance: 15.81)
[22:16:52] TERRAIN: Queued chunk: (5.0, -19.0) (distance: 15.81)
[22:16:52] TERRAIN: Queued chunk: (5.0, 11.0) (distance: 15.81)
[22:16:52] TERRAIN: Queued chunk: (9.0, -17.0) (distance: 15.81)
[22:16:52] TERRAIN: Queued chunk: (9.0, 9.0) (distance: 15.81)
[22:16:52] TERRAIN: Queued chunk: (15.0, 1.0) (distance: 15.81)
[22:16:52] TERRAIN: Queued chunk: (13.0, 5.0) (distance: 15.81)
[22:16:52] TERRAIN: Queued chunk: (-9.0, -17.0) (distance: 15.81)
[22:16:52] TERRAIN: Queued chunk: (-9.0, 9.0) (distance: 15.81)
[22:16:52] TERRAIN: Queued chunk: (8.0, -18.0) (distance: 16.12)
[22:16:52] TERRAIN: Queued chunk: (14.0, -12.0) (distance: 16.12)
[22:16:52] TERRAIN: Queued chunk: (-14.0, -12.0) (distance: 16.12)
[22:16:52] TERRAIN: Queued chunk: (8.0, 10.0) (distance: 16.12)
[22:16:52] TERRAIN: Queued chunk: (-8.0, 10.0) (distance: 16.12)
[22:16:52] TERRAIN: Queued chunk: (-8.0, -18.0) (distance: 16.12)
[22:16:52] TERRAIN: Queued chunk: (-14.0, 4.0) (distance: 16.12)
[22:16:52] TERRAIN: Queued chunk: (14.0, 4.0) (distance: 16.12)
[22:16:52] TERRAIN: Queued chunk: (6.0, 11.0) (distance: 16.16)
[22:16:52] TERRAIN: Queued chunk: (6.0, -19.0) (distance: 16.16)
[22:16:52] TERRAIN: Queued chunk: (15.0, -10.0) (distance: 16.16)
[22:16:52] TERRAIN: Queued chunk: (-15.0, 2.0) (distance: 16.16)
[22:16:52] TERRAIN: Queued chunk: (-6.0, -19.0) (distance: 16.16)
[22:16:52] TERRAIN: Queued chunk: (15.0, 2.0) (distance: 16.16)
[22:16:52] TERRAIN: Queued chunk: (-15.0, -10.0) (distance: 16.16)
[22:16:52] TERRAIN: Queued chunk: (-6.0, 11.0) (distance: 16.16)
[22:16:52] TERRAIN: Queued chunk: (-12.0, -15.0) (distance: 16.28)
[22:16:52] TERRAIN: Queued chunk: (11.0, -16.0) (distance: 16.28)
[22:16:52] TERRAIN: Queued chunk: (-11.0, 8.0) (distance: 16.28)
[22:16:52] TERRAIN: Queued chunk: (-11.0, -16.0) (distance: 16.28)
[22:16:52] TERRAIN: Queued chunk: (-12.0, 7.0) (distance: 16.28)
[22:16:52] TERRAIN: Queued chunk: (12.0, 7.0) (distance: 16.28)
[22:16:52] TERRAIN: Queued chunk: (12.0, -15.0) (distance: 16.28)
[22:16:52] TERRAIN: Queued chunk: (11.0, 8.0) (distance: 16.28)
[22:16:52] TERRAIN: Queued chunk: (13.0, 6.0) (distance: 16.40)
[22:16:52] TERRAIN: Queued chunk: (-10.0, -17.0) (distance: 16.40)
[22:16:52] TERRAIN: Queued chunk: (-10.0, 9.0) (distance: 16.40)
[22:16:52] TERRAIN: Queued chunk: (10.0, 9.0) (distance: 16.40)
[22:16:52] TERRAIN: Queued chunk: (10.0, -17.0) (distance: 16.40)
[22:16:52] TERRAIN: Queued chunk: (-13.0, 6.0) (distance: 16.40)
[22:16:52] TERRAIN: Queued chunk: (13.0, -14.0) (distance: 16.40)
[22:16:52] TERRAIN: Queued chunk: (-13.0, -14.0) (distance: 16.40)
[22:16:52] TERRAIN: Queued chunk: (15.0, -11.0) (distance: 16.55)
[22:16:52] TERRAIN: Queued chunk: (-15.0, 3.0) (distance: 16.55)
[22:16:52] TERRAIN: Queued chunk: (7.0, 11.0) (distance: 16.55)
[22:16:52] TERRAIN: Queued chunk: (-7.0, 11.0) (distance: 16.55)
[22:16:52] TERRAIN: Queued chunk: (-7.0, -19.0) (distance: 16.55)
[22:16:52] TERRAIN: Queued chunk: (15.0, 3.0) (distance: 16.55)
[22:16:52] TERRAIN: Queued chunk: (7.0, -19.0) (distance: 16.55)
[22:16:52] TERRAIN: Queued chunk: (-15.0, -11.0) (distance: 16.55)
[22:16:52] TERRAIN: Queued chunk: (14.0, -13.0) (distance: 16.64)
[22:16:52] TERRAIN: Queued chunk: (-9.0, 10.0) (distance: 16.64)
[22:16:52] TERRAIN: Queued chunk: (9.0, 10.0) (distance: 16.64)
[22:16:52] TERRAIN: Queued chunk: (14.0, 5.0) (distance: 16.64)
[22:16:52] TERRAIN: Queued chunk: (-9.0, -18.0) (distance: 16.64)
[22:16:52] TERRAIN: Queued chunk: (9.0, -18.0) (distance: 16.64)
[22:16:52] TERRAIN: Queued chunk: (-14.0, 5.0) (distance: 16.64)
[22:16:52] TERRAIN: Queued chunk: (-14.0, -13.0) (distance: 16.64)
[22:16:52] TERRAIN: Queued chunk: (12.0, 8.0) (distance: 16.97)
[22:16:52] TERRAIN: Queued chunk: (-12.0, 8.0) (distance: 16.97)
[22:16:52] TERRAIN: Queued chunk: (12.0, -16.0) (distance: 16.97)
[22:16:52] TERRAIN: Queued chunk: (-12.0, -16.0) (distance: 16.97)
[22:16:52] TERRAIN: Queued chunk: (-15.0, -12.0) (distance: 17.00)
[22:16:52] TERRAIN: Queued chunk: (8.0, 11.0) (distance: 17.00)
[22:16:52] TERRAIN: Queued chunk: (-15.0, 4.0) (distance: 17.00)
[22:16:52] TERRAIN: Queued chunk: (-8.0, -19.0) (distance: 17.00)
[22:16:52] TERRAIN: Queued chunk: (-8.0, 11.0) (distance: 17.00)
[22:16:52] TERRAIN: Queued chunk: (15.0, -12.0) (distance: 17.00)
[22:16:52] TERRAIN: Queued chunk: (15.0, 4.0) (distance: 17.00)
[22:16:52] TERRAIN: Queued chunk: (8.0, -19.0) (distance: 17.00)
[22:16:52] TERRAIN: Queued chunk: (11.0, 9.0) (distance: 17.03)
[22:16:52] TERRAIN: Queued chunk: (11.0, -17.0) (distance: 17.03)
[22:16:52] TERRAIN: Queued chunk: (13.0, -15.0) (distance: 17.03)
[22:16:52] TERRAIN: Queued chunk: (-13.0, -15.0) (distance: 17.03)
[22:16:52] TERRAIN: Queued chunk: (-13.0, 7.0) (distance: 17.03)
[22:16:52] TERRAIN: Queued chunk: (13.0, 7.0) (distance: 17.03)
[22:16:52] TERRAIN: Queued chunk: (-11.0, 9.0) (distance: 17.03)
[22:16:52] TERRAIN: Queued chunk: (-11.0, -17.0) (distance: 17.03)
[22:16:52] TERRAIN: Queued chunk: (14.0, -14.0) (distance: 17.20)
[22:16:52] TERRAIN: Queued chunk: (-10.0, -18.0) (distance: 17.20)
[22:16:52] TERRAIN: Queued chunk: (-10.0, 10.0) (distance: 17.20)
[22:16:52] TERRAIN: Queued chunk: (-14.0, 6.0) (distance: 17.20)
[22:16:52] TERRAIN: Queued chunk: (-14.0, -14.0) (distance: 17.20)
[22:16:52] TERRAIN: Queued chunk: (14.0, 6.0) (distance: 17.20)
[22:16:52] TERRAIN: Queued chunk: (10.0, -18.0) (distance: 17.20)
[22:16:52] TERRAIN: Queued chunk: (10.0, 10.0) (distance: 17.20)
[22:16:52] TERRAIN: Queued chunk: (-9.0, -19.0) (distance: 17.49)
[22:16:52] TERRAIN: Queued chunk: (-9.0, 11.0) (distance: 17.49)
[22:16:52] TERRAIN: Queued chunk: (-15.0, -13.0) (distance: 17.49)
[22:16:52] TERRAIN: Queued chunk: (15.0, -13.0) (distance: 17.49)
[22:16:52] TERRAIN: Queued chunk: (15.0, 5.0) (distance: 17.49)
[22:16:52] TERRAIN: Queued chunk: (9.0, -19.0) (distance: 17.49)
[22:16:52] TERRAIN: Queued chunk: (-15.0, 5.0) (distance: 17.49)
[22:16:52] TERRAIN: Queued chunk: (9.0, 11.0) (distance: 17.49)
[22:16:52] TERRAIN: Queued chunk: (12.0, 9.0) (distance: 17.69)
[22:16:52] TERRAIN: Queued chunk: (13.0, 8.0) (distance: 17.69)
[22:16:52] TERRAIN: Queued chunk: (12.0, -17.0) (distance: 17.69)
[22:16:52] TERRAIN: Queued chunk: (13.0, -16.0) (distance: 17.69)
[22:16:52] TERRAIN: Queued chunk: (-12.0, -17.0) (distance: 17.69)
[22:16:52] TERRAIN: Queued chunk: (-13.0, -16.0) (distance: 17.69)
[22:16:52] TERRAIN: Queued chunk: (-13.0, 8.0) (distance: 17.69)
[22:16:52] TERRAIN: Queued chunk: (-12.0, 9.0) (distance: 17.69)
[22:16:52] TERRAIN: Queued chunk: (11.0, 10.0) (distance: 17.80)
[22:16:52] TERRAIN: Queued chunk: (14.0, 7.0) (distance: 17.80)
[22:16:52] TERRAIN: Queued chunk: (14.0, -15.0) (distance: 17.80)
[22:16:52] TERRAIN: Queued chunk: (-11.0, 10.0) (distance: 17.80)
[22:16:52] TERRAIN: Queued chunk: (-11.0, -18.0) (distance: 17.80)
[22:16:52] TERRAIN: Queued chunk: (-14.0, 7.0) (distance: 17.80)
[22:16:52] TERRAIN: Queued chunk: (11.0, -18.0) (distance: 17.80)
[22:16:52] TERRAIN: Queued chunk: (-14.0, -15.0) (distance: 17.80)
[22:16:52] TERRAIN: Queued chunk: (15.0, -14.0) (distance: 18.03)
[22:16:52] TERRAIN: Queued chunk: (-15.0, -14.0) (distance: 18.03)
[22:16:52] TERRAIN: Queued chunk: (-10.0, -19.0) (distance: 18.03)
[22:16:52] TERRAIN: Queued chunk: (-10.0, 11.0) (distance: 18.03)
[22:16:52] TERRAIN: Queued chunk: (15.0, 6.0) (distance: 18.03)
[22:16:52] TERRAIN: Queued chunk: (10.0, -19.0) (distance: 18.03)
[22:16:52] TERRAIN: Queued chunk: (10.0, 11.0) (distance: 18.03)
[22:16:52] TERRAIN: Queued chunk: (-15.0, 6.0) (distance: 18.03)
[22:16:52] TERRAIN: Queued chunk: (13.0, 9.0) (distance: 18.38)
[22:16:52] TERRAIN: Queued chunk: (-13.0, 9.0) (distance: 18.38)
[22:16:52] TERRAIN: Queued chunk: (-13.0, -17.0) (distance: 18.38)
[22:16:52] TERRAIN: Queued chunk: (13.0, -17.0) (distance: 18.38)
[22:16:52] TERRAIN: Queued chunk: (14.0, 8.0) (distance: 18.44)
[22:16:52] TERRAIN: Queued chunk: (14.0, -16.0) (distance: 18.44)
[22:16:52] TERRAIN: Queued chunk: (12.0, 10.0) (distance: 18.44)
[22:16:52] TERRAIN: Queued chunk: (12.0, -18.0) (distance: 18.44)
[22:16:52] TERRAIN: Queued chunk: (-14.0, -16.0) (distance: 18.44)
[22:16:52] TERRAIN: Queued chunk: (-14.0, 8.0) (distance: 18.44)
[22:16:52] TERRAIN: Queued chunk: (-12.0, -18.0) (distance: 18.44)
[22:16:52] TERRAIN: Queued chunk: (-12.0, 10.0) (distance: 18.44)
[22:16:52] TERRAIN: Queued chunk: (15.0, -15.0) (distance: 18.60)
[22:16:52] TERRAIN: Queued chunk: (11.0, 11.0) (distance: 18.60)
[22:16:52] TERRAIN: Queued chunk: (11.0, -19.0) (distance: 18.60)
[22:16:52] TERRAIN: Queued chunk: (-11.0, 11.0) (distance: 18.60)
[22:16:52] TERRAIN: Queued chunk: (-11.0, -19.0) (distance: 18.60)
[22:16:52] TERRAIN: Queued chunk: (-15.0, 7.0) (distance: 18.60)
[22:16:52] TERRAIN: Queued chunk: (-15.0, -15.0) (distance: 18.60)
[22:16:52] TERRAIN: Queued chunk: (15.0, 7.0) (distance: 18.60)
[22:16:52] TERRAIN: Queued chunk: (14.0, -17.0) (distance: 19.10)
[22:16:52] TERRAIN: Queued chunk: (13.0, 10.0) (distance: 19.10)
[22:16:52] TERRAIN: Queued chunk: (13.0, -18.0) (distance: 19.10)
[22:16:52] TERRAIN: Queued chunk: (-13.0, 10.0) (distance: 19.10)
[22:16:52] TERRAIN: Queued chunk: (-13.0, -18.0) (distance: 19.10)
[22:16:52] TERRAIN: Queued chunk: (-14.0, 9.0) (distance: 19.10)
[22:16:52] TERRAIN: Queued chunk: (-14.0, -17.0) (distance: 19.10)
[22:16:52] TERRAIN: Queued chunk: (14.0, 9.0) (distance: 19.10)
[22:16:52] TERRAIN: Queued chunk: (15.0, -16.0) (distance: 19.21)
[22:16:52] TERRAIN: Queued chunk: (15.0, 8.0) (distance: 19.21)
[22:16:52] TERRAIN: Queued chunk: (-15.0, 8.0) (distance: 19.21)
[22:16:52] TERRAIN: Queued chunk: (-15.0, -16.0) (distance: 19.21)
[22:16:52] TERRAIN: Queued chunk: (12.0, 11.0) (distance: 19.21)
[22:16:52] TERRAIN: Queued chunk: (12.0, -19.0) (distance: 19.21)
[22:16:52] TERRAIN: Queued chunk: (-12.0, 11.0) (distance: 19.21)
[22:16:52] TERRAIN: Queued chunk: (-12.0, -19.0) (distance: 19.21)
[22:16:52] TERRAIN: Queued chunk: (-14.0, -18.0) (distance: 19.80)
[22:16:52] TERRAIN: Queued chunk: (-14.0, 10.0) (distance: 19.80)
[22:16:52] TERRAIN: Queued chunk: (14.0, 10.0) (distance: 19.80)
[22:16:52] TERRAIN: Queued chunk: (14.0, -18.0) (distance: 19.80)
[22:16:52] TERRAIN: Queued chunk: (-15.0, 9.0) (distance: 19.85)
[22:16:52] TERRAIN: Queued chunk: (-13.0, -19.0) (distance: 19.85)
[22:16:52] TERRAIN: Queued chunk: (-13.0, 11.0) (distance: 19.85)
[22:16:52] TERRAIN: Queued chunk: (13.0, -19.0) (distance: 19.85)
[22:16:52] TERRAIN: Queued chunk: (13.0, 11.0) (distance: 19.85)
[22:16:52] TERRAIN: Queued chunk: (-15.0, -17.0) (distance: 19.85)
[22:16:52] TERRAIN: Queued chunk: (15.0, 9.0) (distance: 19.85)
[22:16:52] TERRAIN: Queued chunk: (15.0, -17.0) (distance: 19.85)
[22:16:52] TERRAIN: Queued chunk: (-15.0, 10.0) (distance: 20.52)
[22:16:52] TERRAIN: Queued chunk: (-15.0, -18.0) (distance: 20.52)
[22:16:52] TERRAIN: Queued chunk: (15.0, 10.0) (distance: 20.52)
[22:16:52] TERRAIN: Queued chunk: (-14.0, -19.0) (distance: 20.52)
[22:16:52] TERRAIN: Queued chunk: (-14.0, 11.0) (distance: 20.52)
[22:16:52] TERRAIN: Queued chunk: (14.0, -19.0) (distance: 20.52)
[22:16:52] TERRAIN: Queued chunk: (14.0, 11.0) (distance: 20.52)
[22:16:52] TERRAIN: Queued chunk: (15.0, -18.0) (distance: 20.52)
[22:16:52] TERRAIN: Queued chunk: (15.0, 11.0) (distance: 21.21)
[22:16:52] TERRAIN: Queued chunk: (15.0, -19.0) (distance: 21.21)
[22:16:52] TERRAIN: Queued chunk: (-15.0, 11.0) (distance: 21.21)
[22:16:52] TERRAIN: Queued chunk: (-15.0, -19.0) (distance: 21.21)
[22:16:52] TERRAIN: Creating chunk: (14.0, -5.0) at distance 14.04
[22:16:52] TERRAIN: Chunk (14.0, -5.0): Using BOX collision (distance: 14.04)
[22:16:52] TERRAIN: Chunk created successfully: (14.0, -5.0) at world pos (448.0, 0.0, -160.0) (total chunks: 679)
[22:16:52] TERRAIN: Creating chunk: (14.0, -3.0) at distance 14.04
[22:16:52] TERRAIN: Chunk (14.0, -3.0): Using BOX collision (distance: 14.04)
[22:16:52] TERRAIN: Chunk created successfully: (14.0, -3.0) at world pos (448.0, 0.0, -96.0) (total chunks: 680)
[22:16:52] TERRAIN: Creating chunk: (14.0, -6.0) at distance 14.14
[22:16:52] TERRAIN: Chunk (14.0, -6.0): Using BOX collision (distance: 14.14)
[22:16:52] TERRAIN: Chunk created successfully: (14.0, -6.0) at world pos (448.0, 0.0, -192.0) (total chunks: 681)
[22:16:52] TERRAIN: Creating chunk: (14.0, -2.0) at distance 14.14
[22:16:52] TERRAIN: Chunk (14.0, -2.0): Using BOX collision (distance: 14.14)
[22:16:52] TERRAIN: Chunk created successfully: (14.0, -2.0) at world pos (448.0, 0.0, -64.0) (total chunks: 682)
[22:16:52] TERRAIN: Creating chunk: (14.0, -1.0) at distance 14.32
[22:16:52] TERRAIN: Chunk (14.0, -1.0): Using BOX collision (distance: 14.32)
[22:16:52] TERRAIN: Chunk created successfully: (14.0, -1.0) at world pos (448.0, 0.0, -32.0) (total chunks: 683)
[22:16:52] TERRAIN: Creating chunk: (13.0, -10.0) at distance 14.32
[22:16:52] TERRAIN: Chunk (13.0, -10.0): Using BOX collision (distance: 14.32)
[22:16:52] TERRAIN: Chunk created successfully: (13.0, -10.0) at world pos (416.0, 0.0, -320.0) (total chunks: 684)
[22:16:52] TERRAIN: Creating chunk: (13.0, 2.0) at distance 14.32
[22:16:52] TERRAIN: Chunk (13.0, 2.0): Using BOX collision (distance: 14.32)
[22:16:52] TERRAIN: Chunk created successfully: (13.0, 2.0) at world pos (416.0, 0.0, 64.0) (total chunks: 685)
[22:16:52] TERRAIN: Creating chunk: (14.0, -7.0) at distance 14.32
[22:16:52] TERRAIN: Chunk (14.0, -7.0): Using BOX collision (distance: 14.32)
[22:16:52] TERRAIN: Chunk created successfully: (14.0, -7.0) at world pos (448.0, 0.0, -224.0) (total chunks: 686)
[22:16:52] TERRAIN: Creating chunk: (12.0, -12.0) at distance 14.42
[22:16:52] TERRAIN: Chunk (12.0, -12.0): Using BOX collision (distance: 14.42)
[22:16:52] TERRAIN: Chunk created successfully: (12.0, -12.0) at world pos (384.0, 0.0, -384.0) (total chunks: 687)
[22:16:52] TERRAIN: Creating chunk: (12.0, 4.0) at distance 14.42
[22:16:52] TERRAIN: Chunk (12.0, 4.0): Using BOX collision (distance: 14.42)
[22:16:52] TERRAIN: Chunk created successfully: (12.0, 4.0) at world pos (384.0, 0.0, 128.0) (total chunks: 688)
[22:16:52] TERRAIN: Creating chunk: (14.0, 0.0) at distance 14.56
[22:16:52] TERRAIN: Chunk (14.0, 0.0): Using BOX collision (distance: 14.56)
[22:16:52] TERRAIN: Chunk created successfully: (14.0, 0.0) at world pos (448.0, 0.0, 0.0) (total chunks: 689)
[22:16:52] TERRAIN: Creating chunk: (14.0, -8.0) at distance 14.56
[22:16:52] TERRAIN: Chunk (14.0, -8.0): Using BOX collision (distance: 14.56)
[22:16:52] TERRAIN: Chunk created successfully: (14.0, -8.0) at world pos (448.0, 0.0, -256.0) (total chunks: 690)
[22:16:52] TERRAIN: Creating chunk: (13.0, 3.0) at distance 14.76
[22:16:52] TERRAIN: Chunk (13.0, 3.0): Using BOX collision (distance: 14.76)
[22:16:52] TERRAIN: Chunk created successfully: (13.0, 3.0) at world pos (416.0, 0.0, 96.0) (total chunks: 691)
[22:16:52] TERRAIN: Creating chunk: (7.0, -17.0) at distance 14.76
[22:16:52] TERRAIN: Chunk (7.0, -17.0): Using BOX collision (distance: 14.76)
[22:16:52] TERRAIN: Chunk created successfully: (7.0, -17.0) at world pos (224.0, 0.0, -544.0) (total chunks: 692)
[22:16:52] TERRAIN: Creating chunk: (13.0, -11.0) at distance 14.76
[22:16:52] TERRAIN: Chunk (13.0, -11.0): Using BOX collision (distance: 14.76)
[22:16:52] TERRAIN: Chunk created successfully: (13.0, -11.0) at world pos (416.0, 0.0, -352.0) (total chunks: 693)
[22:16:52] TERRAIN: Creating chunk: (7.0, 9.0) at distance 14.76
[22:16:52] TERRAIN: Chunk (7.0, 9.0): Using BOX collision (distance: 14.76)
[22:16:52] TERRAIN: Chunk created successfully: (7.0, 9.0) at world pos (224.0, 0.0, 288.0) (total chunks: 694)
[22:16:52] TERRAIN: Creating chunk: (5.0, -18.0) at distance 14.87
[22:16:52] TERRAIN: Chunk (5.0, -18.0): Using BOX collision (distance: 14.87)
[22:16:52] TERRAIN: Chunk created successfully: (5.0, -18.0) at world pos (160.0, 0.0, -576.0) (total chunks: 695)
[22:16:52] TERRAIN: Creating chunk: (5.0, 10.0) at distance 14.87
[22:16:52] TERRAIN: Chunk (5.0, 10.0): Using BOX collision (distance: 14.87)
[22:16:52] TERRAIN: Chunk created successfully: (5.0, 10.0) at world pos (160.0, 0.0, 320.0) (total chunks: 696)
[22:16:52] TERRAIN: Creating chunk: (10.0, -15.0) at distance 14.87
[22:16:52] TERRAIN: Chunk (10.0, -15.0): Using BOX collision (distance: 14.87)
[22:16:52] TERRAIN: Chunk created successfully: (10.0, -15.0) at world pos (320.0, 0.0, -480.0) (total chunks: 697)
[22:16:52] TERRAIN: Creating chunk: (10.0, 7.0) at distance 14.87
[22:16:52] TERRAIN: Chunk (10.0, 7.0): Using BOX collision (distance: 14.87)
[22:16:52] TERRAIN: Chunk created successfully: (10.0, 7.0) at world pos (320.0, 0.0, 224.0) (total chunks: 698)
[22:16:52] TERRAIN: Creating chunk: (11.0, -14.0) at distance 14.87
[22:16:52] TERRAIN: Chunk (11.0, -14.0): Using BOX collision (distance: 14.87)
[22:16:52] TERRAIN: Chunk created successfully: (11.0, -14.0) at world pos (352.0, 0.0, -448.0) (total chunks: 699)
[22:16:52] TERRAIN: Creating chunk: (11.0, 6.0) at distance 14.87
[22:16:52] TERRAIN: Chunk (11.0, 6.0): Using BOX collision (distance: 14.87)
[22:16:52] TERRAIN: Chunk created successfully: (11.0, 6.0) at world pos (352.0, 0.0, 192.0) (total chunks: 700)
[22:16:52] TERRAIN: Creating chunk: (14.0, 1.0) at distance 14.87
[22:16:52] TERRAIN: Chunk (14.0, 1.0): Using BOX collision (distance: 14.87)
[22:16:52] TERRAIN: Chunk created successfully: (14.0, 1.0) at world pos (448.0, 0.0, 32.0) (total chunks: 701)
[22:16:52] TERRAIN: Creating chunk: (14.0, -9.0) at distance 14.87
[22:16:52] TERRAIN: Chunk (14.0, -9.0): Using BOX collision (distance: 14.87)
[22:16:52] TERRAIN: Chunk created successfully: (14.0, -9.0) at world pos (448.0, 0.0, -288.0) (total chunks: 702)
[22:16:52] TERRAIN: Creating chunk: (12.0, 5.0) at distance 15.00
[22:16:52] TERRAIN: Chunk (12.0, 5.0): Using BOX collision (distance: 15.00)
[22:16:52] TERRAIN: Chunk created successfully: (12.0, 5.0) at world pos (384.0, 0.0, 160.0) (total chunks: 703)
[22:16:52] TERRAIN: Creating chunk: (12.0, -13.0) at distance 15.00
[22:16:52] TERRAIN: Chunk (12.0, -13.0): Using BOX collision (distance: 15.00)
[22:16:52] TERRAIN: Chunk created successfully: (12.0, -13.0) at world pos (384.0, 0.0, -416.0) (total chunks: 704)
[22:16:52] TERRAIN: Creating chunk: (15.0, -4.0) at distance 15.00
[22:16:52] TERRAIN: Chunk (15.0, -4.0): Using BOX collision (distance: 15.00)
[22:16:52] TERRAIN: Chunk created successfully: (15.0, -4.0) at world pos (480.0, 0.0, -128.0) (total chunks: 705)
[22:16:52] TERRAIN: Creating chunk: (0.0, 11.0) at distance 15.00
[22:16:52] TERRAIN: Chunk (0.0, 11.0): Using BOX collision (distance: 15.00)
[22:16:52] TERRAIN: Chunk created successfully: (0.0, 11.0) at world pos (0.0, 0.0, 352.0) (total chunks: 706)
[22:16:52] TERRAIN: Creating chunk: (0.0, -19.0) at distance 15.00
[22:16:52] TERRAIN: Chunk (0.0, -19.0): Using BOX collision (distance: 15.00)
[22:16:52] TERRAIN: Chunk created successfully: (0.0, -19.0) at world pos (0.0, 0.0, -608.0) (total chunks: 707)
[22:16:52] TERRAIN: Creating chunk: (9.0, 8.0) at distance 15.00
[22:16:52] TERRAIN: Chunk (9.0, 8.0): Using BOX collision (distance: 15.00)
[22:16:52] TERRAIN: Chunk created successfully: (9.0, 8.0) at world pos (288.0, 0.0, 256.0) (total chunks: 708)
[22:16:52] TERRAIN: Creating chunk: (9.0, -16.0) at distance 15.00
[22:16:52] TERRAIN: Chunk (9.0, -16.0): Using BOX collision (distance: 15.00)
[22:16:52] TERRAIN: Chunk created successfully: (9.0, -16.0) at world pos (288.0, 0.0, -512.0) (total chunks: 709)
[22:16:52] PLAYER: Pos: (0.000028, -0.002306, -107.6665) | Chunk: (0.0, -4.0) | TerrainHeight: -0.00 | HeightDiff: -0.00 | OnFloor: true
[22:16:52] PLAYER: CHUNK CHANGED: (-1.0, -4.0) -> (0.0, -4.0)
[22:16:53] PLAYER: Pos: (0.000038, -0.002582, -112.6667) | Chunk: (0.0, -4.0) | TerrainHeight: -0.00 | HeightDiff: 0.00 | OnFloor: true
[22:16:54] PLAYER: Pos: (0.000038, -0.012961, -117.6668) | Chunk: (0.0, -4.0) | TerrainHeight: -0.02 | HeightDiff: 0.01 | OnFloor: true
[22:16:55] PLAYER: Pos: (0.000051, -0.010043, -122.667) | Chunk: (0.0, -4.0) | TerrainHeight: -0.01 | HeightDiff: 0.00 | OnFloor: true
[22:16:56] PLAYER: Pos: (0.000092, 0.007539, -127.6671) | Chunk: (0.0, -4.0) | TerrainHeight: 0.01 | HeightDiff: 0.00 | OnFloor: true
[22:16:57] TERRAIN: Player moved to new chunk: (0.0, -5.0) (was (0.0, -4.0))
[22:16:57] TERRAIN: Updating terrain for player chunk: (0.0, -5.0) (player pos: (0.000093, 0.009643, -128.0838))
[22:16:57] TERRAIN: Player chunk (0.0, -5.0) distance: 0.00 (render_distance: 15)
[22:16:57] TERRAIN: Removing 31 distant chunks
[22:16:57] TERRAIN: Removing chunk (-1.0, 10.0) at distance 15.03 (player: (0.0, -5.0))
[22:16:57] TERRAIN: Removing chunk: (-1.0, 10.0)
[22:16:57] TERRAIN: Removing chunk (1.0, 10.0) at distance 15.03 (player: (0.0, -5.0))
[22:16:57] TERRAIN: Removing chunk: (1.0, 10.0)
[22:16:57] TERRAIN: Removing chunk (-2.0, 10.0) at distance 15.13 (player: (0.0, -5.0))
[22:16:57] TERRAIN: Removing chunk: (-2.0, 10.0)
[22:16:57] TERRAIN: Removing chunk (2.0, 10.0) at distance 15.13 (player: (0.0, -5.0))
[22:16:57] TERRAIN: Removing chunk: (2.0, 10.0)
[22:16:57] TERRAIN: Removing chunk (3.0, 10.0) at distance 15.30 (player: (0.0, -5.0))
[22:16:57] TERRAIN: Removing chunk: (3.0, 10.0)
[22:16:57] TERRAIN: Removing chunk (-3.0, 10.0) at distance 15.30 (player: (0.0, -5.0))
[22:16:57] TERRAIN: Removing chunk: (-3.0, 10.0)
[22:16:57] TERRAIN: Removing chunk (4.0, 10.0) at distance 15.52 (player: (0.0, -5.0))
[22:16:57] TERRAIN: Removing chunk: (4.0, 10.0)
[22:16:57] TERRAIN: Removing chunk (-4.0, 10.0) at distance 15.52 (player: (0.0, -5.0))
[22:16:57] TERRAIN: Removing chunk: (-4.0, 10.0)
[22:16:57] TERRAIN: Removing chunk (-6.0, 9.0) at distance 15.23 (player: (0.0, -5.0))
[22:16:57] TERRAIN: Removing chunk: (-6.0, 9.0)
[22:16:57] TERRAIN: Removing chunk (6.0, 9.0) at distance 15.23 (player: (0.0, -5.0))
[22:16:57] TERRAIN: Removing chunk: (6.0, 9.0)
[22:16:57] TERRAIN: Removing chunk (-5.0, 10.0) at distance 15.81 (player: (0.0, -5.0))
[22:16:57] TERRAIN: Removing chunk: (-5.0, 10.0)
[22:16:57] TERRAIN: Removing chunk (8.0, 8.0) at distance 15.26 (player: (0.0, -5.0))
[22:16:57] TERRAIN: Removing chunk: (8.0, 8.0)
[22:16:57] TERRAIN: Removing chunk (-8.0, 8.0) at distance 15.26 (player: (0.0, -5.0))
[22:16:57] TERRAIN: Removing chunk: (-8.0, 8.0)
[22:16:57] TERRAIN: Removing chunk (-7.0, 9.0) at distance 15.65 (player: (0.0, -5.0))
[22:16:57] TERRAIN: Removing chunk: (-7.0, 9.0)
[22:16:57] TERRAIN: Removing chunk (-9.0, 8.0) at distance 15.81 (player: (0.0, -5.0))
[22:16:57] TERRAIN: Removing chunk: (-9.0, 8.0)
[22:16:57] TERRAIN: Removing chunk (-10.0, 7.0) at distance 15.62 (player: (0.0, -5.0))
[22:16:57] TERRAIN: Removing chunk: (-10.0, 7.0)
[22:16:57] TERRAIN: Removing chunk (-11.0, 6.0) at distance 15.56 (player: (0.0, -5.0))
[22:16:57] TERRAIN: Removing chunk: (-11.0, 6.0)
[22:16:57] TERRAIN: Removing chunk (-12.0, 5.0) at distance 15.62 (player: (0.0, -5.0))
[22:16:57] TERRAIN: Removing chunk: (-12.0, 5.0)
[22:16:57] TERRAIN: Removing chunk (-13.0, 3.0) at distance 15.26 (player: (0.0, -5.0))
[22:16:57] TERRAIN: Removing chunk: (-13.0, 3.0)
[22:16:57] TERRAIN: Removing chunk (-14.0, 1.0) at distance 15.23 (player: (0.0, -5.0))
[22:16:57] TERRAIN: Removing chunk: (-14.0, 1.0)
[22:16:57] TERRAIN: Removing chunk (-15.0, -4.0) at distance 15.03 (player: (0.0, -5.0))
[22:16:57] TERRAIN: Removing chunk: (-15.0, -4.0)
[22:16:57] TERRAIN: Removing chunk (13.0, 3.0) at distance 15.26 (player: (0.0, -5.0))
[22:16:57] TERRAIN: Removing chunk: (13.0, 3.0)
[22:16:57] TERRAIN: Removing chunk (7.0, 9.0) at distance 15.65 (player: (0.0, -5.0))
[22:16:57] TERRAIN: Removing chunk: (7.0, 9.0)
[22:16:57] TERRAIN: Removing chunk (5.0, 10.0) at distance 15.81 (player: (0.0, -5.0))
[22:16:57] TERRAIN: Removing chunk: (5.0, 10.0)
[22:16:57] TERRAIN: Removing chunk (10.0, 7.0) at distance 15.62 (player: (0.0, -5.0))
[22:16:57] TERRAIN: Removing chunk: (10.0, 7.0)
[22:16:57] TERRAIN: Removing chunk (11.0, 6.0) at distance 15.56 (player: (0.0, -5.0))
[22:16:57] TERRAIN: Removing chunk: (11.0, 6.0)
[22:16:57] TERRAIN: Removing chunk (14.0, 1.0) at distance 15.23 (player: (0.0, -5.0))
[22:16:57] TERRAIN: Removing chunk: (14.0, 1.0)
[22:16:57] TERRAIN: Removing chunk (12.0, 5.0) at distance 15.62 (player: (0.0, -5.0))
[22:16:57] TERRAIN: Removing chunk: (12.0, 5.0)
[22:16:57] TERRAIN: Removing chunk (15.0, -4.0) at distance 15.03 (player: (0.0, -5.0))
[22:16:57] TERRAIN: Removing chunk: (15.0, -4.0)
[22:16:57] TERRAIN: Removing chunk (0.0, 11.0) at distance 16.00 (player: (0.0, -5.0))
[22:16:57] TERRAIN: Removing chunk: (0.0, 11.0)
[22:16:57] TERRAIN: Removing chunk (9.0, 8.0) at distance 15.81 (player: (0.0, -5.0))
[22:16:57] TERRAIN: Removing chunk: (9.0, 8.0)
[22:16:57] TERRAIN: Queuing 283 new chunks for generation
[22:16:57] TERRAIN: Queued chunk: (1.0, -19.0) (distance: 14.04)
[22:16:57] TERRAIN: Queued chunk: (-1.0, -19.0) (distance: 14.04)
[22:16:57] TERRAIN: Queued chunk: (2.0, -19.0) (distance: 14.14)
[22:16:57] TERRAIN: Queued chunk: (-2.0, -19.0) (distance: 14.14)
[22:16:57] TERRAIN: Queued chunk: (6.0, -18.0) (distance: 14.32)
[22:16:57] TERRAIN: Queued chunk: (-6.0, -18.0) (distance: 14.32)
[22:16:57] TERRAIN: Queued chunk: (3.0, -19.0) (distance: 14.32)
[22:16:57] TERRAIN: Queued chunk: (-3.0, -19.0) (distance: 14.32)
[22:16:57] TERRAIN: Queued chunk: (-8.0, -17.0) (distance: 14.42)
[22:16:57] TERRAIN: Queued chunk: (8.0, -17.0) (distance: 14.42)
[22:16:57] TERRAIN: Queued chunk: (4.0, -19.0) (distance: 14.56)
[22:16:57] TERRAIN: Queued chunk: (-4.0, -19.0) (distance: 14.56)
[22:16:57] TERRAIN: Queued chunk: (7.0, -18.0) (distance: 14.76)
[22:16:57] TERRAIN: Queued chunk: (13.0, -12.0) (distance: 14.76)
[22:16:57] TERRAIN: Queued chunk: (-13.0, -12.0) (distance: 14.76)
[22:16:57] TERRAIN: Queued chunk: (-7.0, -18.0) (distance: 14.76)
[22:16:57] TERRAIN: Queued chunk: (10.0, -16.0) (distance: 14.87)
[22:16:57] TERRAIN: Queued chunk: (-11.0, -15.0) (distance: 14.87)
[22:16:57] TERRAIN: Queued chunk: (-5.0, -19.0) (distance: 14.87)
[22:16:57] TERRAIN: Queued chunk: (11.0, -15.0) (distance: 14.87)
[22:16:57] TERRAIN: Queued chunk: (14.0, -10.0) (distance: 14.87)
[22:16:57] TERRAIN: Queued chunk: (-14.0, -10.0) (distance: 14.87)
[22:16:57] TERRAIN: Queued chunk: (5.0, -19.0) (distance: 14.87)
[22:16:57] TERRAIN: Queued chunk: (-10.0, -16.0) (distance: 14.87)
[22:16:57] TERRAIN: Queued chunk: (0.0, -20.0) (distance: 15.00)
[22:16:57] TERRAIN: Queued chunk: (-12.0, -14.0) (distance: 15.00)
[22:16:57] TERRAIN: Queued chunk: (15.0, -5.0) (distance: 15.00)
[22:16:57] TERRAIN: Queued chunk: (-9.0, -17.0) (distance: 15.00)
[22:16:57] TERRAIN: Queued chunk: (12.0, -14.0) (distance: 15.00)
[22:16:57] TERRAIN: Queued chunk: (-15.0, -5.0) (distance: 15.00)
[22:16:57] TERRAIN: Queued chunk: (9.0, -17.0) (distance: 15.00)
[22:16:57] TERRAIN: Queued chunk: (15.0, -4.0) (distance: 15.03)
[22:16:57] TERRAIN: Queued chunk: (1.0, 10.0) (distance: 15.03)
[22:16:57] TERRAIN: Queued chunk: (-15.0, -4.0) (distance: 15.03)
[22:16:57] TERRAIN: Queued chunk: (1.0, -20.0) (distance: 15.03)
[22:16:57] TERRAIN: Queued chunk: (-1.0, 10.0) (distance: 15.03)
[22:16:57] TERRAIN: Queued chunk: (15.0, -6.0) (distance: 15.03)
[22:16:57] TERRAIN: Queued chunk: (-15.0, -6.0) (distance: 15.03)
[22:16:57] TERRAIN: Queued chunk: (-1.0, -20.0) (distance: 15.03)
[22:16:57] TERRAIN: Queued chunk: (15.0, -7.0) (distance: 15.13)
[22:16:57] TERRAIN: Queued chunk: (-2.0, 10.0) (distance: 15.13)
[22:16:57] TERRAIN: Queued chunk: (-15.0, -7.0) (distance: 15.13)
[22:16:57] TERRAIN: Queued chunk: (-2.0, -20.0) (distance: 15.13)
[22:16:57] TERRAIN: Queued chunk: (-15.0, -3.0) (distance: 15.13)
[22:16:57] TERRAIN: Queued chunk: (2.0, -20.0) (distance: 15.13)
[22:16:57] TERRAIN: Queued chunk: (2.0, 10.0) (distance: 15.13)
[22:16:57] TERRAIN: Queued chunk: (15.0, -3.0) (distance: 15.13)
[22:16:57] TERRAIN: Queued chunk: (14.0, 1.0) (distance: 15.23)
[22:16:57] TERRAIN: Queued chunk: (14.0, -11.0) (distance: 15.23)
[22:16:57] TERRAIN: Queued chunk: (-6.0, -19.0) (distance: 15.23)
[22:16:57] TERRAIN: Queued chunk: (-6.0, 9.0) (distance: 15.23)
[22:16:57] TERRAIN: Queued chunk: (6.0, 9.0) (distance: 15.23)
[22:16:57] TERRAIN: Queued chunk: (6.0, -19.0) (distance: 15.23)
[22:16:57] TERRAIN: Queued chunk: (-14.0, -11.0) (distance: 15.23)
[22:16:57] TERRAIN: Queued chunk: (-14.0, 1.0) (distance: 15.23)
[22:16:57] TERRAIN: Queued chunk: (8.0, -18.0) (distance: 15.26)
[22:16:57] TERRAIN: Queued chunk: (-8.0, -18.0) (distance: 15.26)
[22:16:57] TERRAIN: Queued chunk: (8.0, 8.0) (distance: 15.26)
[22:16:57] TERRAIN: Queued chunk: (-8.0, 8.0) (distance: 15.26)
[22:16:57] TERRAIN: Queued chunk: (13.0, -13.0) (distance: 15.26)
[22:16:57] TERRAIN: Queued chunk: (-13.0, 3.0) (distance: 15.26)
[22:16:57] TERRAIN: Queued chunk: (-13.0, -13.0) (distance: 15.26)
[22:16:57] TERRAIN: Queued chunk: (13.0, 3.0) (distance: 15.26)
[22:16:57] TERRAIN: Queued chunk: (3.0, 10.0) (distance: 15.30)
[22:16:57] TERRAIN: Queued chunk: (15.0, -2.0) (distance: 15.30)
[22:16:57] TERRAIN: Queued chunk: (15.0, -8.0) (distance: 15.30)
[22:16:57] TERRAIN: Queued chunk: (-3.0, -20.0) (distance: 15.30)
[22:16:57] TERRAIN: Queued chunk: (-15.0, -2.0) (distance: 15.30)
[22:16:57] TERRAIN: Queued chunk: (-3.0, 10.0) (distance: 15.30)
[22:16:57] TERRAIN: Queued chunk: (3.0, -20.0) (distance: 15.30)
[22:16:57] TERRAIN: Queued chunk: (-15.0, -8.0) (distance: 15.30)
[22:16:57] TERRAIN: Queued chunk: (15.0, -9.0) (distance: 15.52)
[22:16:57] TERRAIN: Queued chunk: (15.0, -1.0) (distance: 15.52)
[22:16:57] TERRAIN: Queued chunk: (-4.0, -20.0) (distance: 15.52)
[22:16:57] TERRAIN: Queued chunk: (-4.0, 10.0) (distance: 15.52)
[22:16:57] TERRAIN: Queued chunk: (-15.0, -9.0) (distance: 15.52)
[22:16:57] TERRAIN: Queued chunk: (-15.0, -1.0) (distance: 15.52)
[22:16:57] TERRAIN: Queued chunk: (4.0, 10.0) (distance: 15.52)
[22:16:57] TERRAIN: Queued chunk: (4.0, -20.0) (distance: 15.52)
[22:16:57] TERRAIN: Queued chunk: (11.0, 6.0) (distance: 15.56)
[22:16:57] TERRAIN: Queued chunk: (11.0, -16.0) (distance: 15.56)
[22:16:57] TERRAIN: Queued chunk: (-11.0, 6.0) (distance: 15.56)
[22:16:57] TERRAIN: Queued chunk: (-11.0, -16.0) (distance: 15.56)
[22:16:57] TERRAIN: Queued chunk: (-10.0, 7.0) (distance: 15.62)
[22:16:57] TERRAIN: Queued chunk: (10.0, -17.0) (distance: 15.62)
[22:16:57] TERRAIN: Queued chunk: (10.0, 7.0) (distance: 15.62)
[22:16:57] TERRAIN: Queued chunk: (-10.0, -17.0) (distance: 15.62)
[22:16:57] TERRAIN: Queued chunk: (12.0, 5.0) (distance: 15.62)
[22:16:57] TERRAIN: Queued chunk: (12.0, -15.0) (distance: 15.62)
[22:16:57] TERRAIN: Queued chunk: (-12.0, -15.0) (distance: 15.62)
[22:16:57] TERRAIN: Queued chunk: (-12.0, 5.0) (distance: 15.62)
[22:16:57] TERRAIN: Queued chunk: (-7.0, 9.0) (distance: 15.65)
[22:16:57] TERRAIN: Queued chunk: (-7.0, -19.0) (distance: 15.65)
[22:16:57] TERRAIN: Queued chunk: (14.0, -12.0) (distance: 15.65)
[22:16:57] TERRAIN: Queued chunk: (14.0, 2.0) (distance: 15.65)
[22:16:57] TERRAIN: Queued chunk: (-14.0, 2.0) (distance: 15.65)
[22:16:57] TERRAIN: Queued chunk: (-14.0, -12.0) (distance: 15.65)
[22:16:57] TERRAIN: Queued chunk: (7.0, -19.0) (distance: 15.65)
[22:16:57] TERRAIN: Queued chunk: (7.0, 9.0) (distance: 15.65)
[22:16:57] TERRAIN: Queued chunk: (-5.0, -20.0) (distance: 15.81)
[22:16:57] TERRAIN: Queued chunk: (-5.0, 10.0) (distance: 15.81)
[22:16:57] TERRAIN: Queued chunk: (15.0, -10.0) (distance: 15.81)
[22:16:57] TERRAIN: Queued chunk: (9.0, 8.0) (distance: 15.81)
[22:16:57] TERRAIN: Queued chunk: (5.0, -20.0) (distance: 15.81)
[22:16:57] TERRAIN: Queued chunk: (9.0, -18.0) (distance: 15.81)
[22:16:57] TERRAIN: Queued chunk: (5.0, 10.0) (distance: 15.81)
[22:16:57] TERRAIN: Queued chunk: (13.0, -14.0) (distance: 15.81)
[22:16:57] TERRAIN: Queued chunk: (-13.0, 4.0) (distance: 15.81)
[22:16:57] TERRAIN: Queued chunk: (-13.0, -14.0) (distance: 15.81)
[22:16:57] TERRAIN: Queued chunk: (13.0, 4.0) (distance: 15.81)
[22:16:57] TERRAIN: Queued chunk: (15.0, 0.0) (distance: 15.81)
[22:16:57] TERRAIN: Queued chunk: (-9.0, 8.0) (distance: 15.81)
[22:16:57] TERRAIN: Queued chunk: (-15.0, -10.0) (distance: 15.81)
[22:16:57] TERRAIN: Queued chunk: (-15.0, 0.0) (distance: 15.81)
[22:16:57] TERRAIN: Queued chunk: (-9.0, -18.0) (distance: 15.81)
[22:16:57] TERRAIN: Queued chunk: (-8.0, 9.0) (distance: 16.12)
[22:16:57] TERRAIN: Queued chunk: (8.0, -19.0) (distance: 16.12)
[22:16:57] TERRAIN: Queued chunk: (-8.0, -19.0) (distance: 16.12)
[22:16:57] TERRAIN: Queued chunk: (-14.0, -13.0) (distance: 16.12)
[22:16:57] TERRAIN: Queued chunk: (-14.0, 3.0) (distance: 16.12)
[22:16:57] TERRAIN: Queued chunk: (8.0, 9.0) (distance: 16.12)
[22:16:57] TERRAIN: Queued chunk: (14.0, 3.0) (distance: 16.12)
[22:16:57] TERRAIN: Queued chunk: (14.0, -13.0) (distance: 16.12)
[22:16:57] TERRAIN: Queued chunk: (15.0, 1.0) (distance: 16.16)
[22:16:57] TERRAIN: Queued chunk: (6.0, 10.0) (distance: 16.16)
[22:16:57] TERRAIN: Queued chunk: (6.0, -20.0) (distance: 16.16)
[22:16:57] TERRAIN: Queued chunk: (-15.0, 1.0) (distance: 16.16)
[22:16:57] TERRAIN: Queued chunk: (-15.0, -11.0) (distance: 16.16)
[22:16:57] TERRAIN: Queued chunk: (-6.0, 10.0) (distance: 16.16)
[22:16:57] TERRAIN: Queued chunk: (15.0, -11.0) (distance: 16.16)
[22:16:57] TERRAIN: Queued chunk: (-6.0, -20.0) (distance: 16.16)
[22:16:57] TERRAIN: Queued chunk: (11.0, -17.0) (distance: 16.28)
[22:16:57] TERRAIN: Queued chunk: (11.0, 7.0) (distance: 16.28)
[22:16:57] TERRAIN: Queued chunk: (12.0, 6.0) (distance: 16.28)
[22:16:57] TERRAIN: Queued chunk: (-12.0, -16.0) (distance: 16.28)
[22:16:57] TERRAIN: Queued chunk: (-12.0, 6.0) (distance: 16.28)
[22:16:57] TERRAIN: Queued chunk: (12.0, -16.0) (distance: 16.28)
[22:16:57] TERRAIN: Queued chunk: (-11.0, -17.0) (distance: 16.28)
[22:16:57] TERRAIN: Queued chunk: (-11.0, 7.0) (distance: 16.28)
[22:16:57] TERRAIN: Queued chunk: (-10.0, 8.0) (distance: 16.40)
[22:16:57] TERRAIN: Queued chunk: (13.0, 5.0) (distance: 16.40)
[22:16:57] TERRAIN: Queued chunk: (10.0, -18.0) (distance: 16.40)
[22:16:57] TERRAIN: Queued chunk: (-10.0, -18.0) (distance: 16.40)
[22:16:57] TERRAIN: Queued chunk: (10.0, 8.0) (distance: 16.40)
[22:16:57] TERRAIN: Queued chunk: (-13.0, -15.0) (distance: 16.40)
[22:16:57] TERRAIN: Queued chunk: (-13.0, 5.0) (distance: 16.40)
[22:16:57] TERRAIN: Queued chunk: (13.0, -15.0) (distance: 16.40)
[22:16:57] TERRAIN: Queued chunk: (-15.0, -12.0) (distance: 16.55)
[22:16:57] TERRAIN: Queued chunk: (-15.0, 2.0) (distance: 16.55)
[22:16:57] TERRAIN: Queued chunk: (15.0, -12.0) (distance: 16.55)
[22:16:57] TERRAIN: Queued chunk: (7.0, 10.0) (distance: 16.55)
[22:16:57] TERRAIN: Queued chunk: (15.0, 2.0) (distance: 16.55)
[22:16:57] TERRAIN: Queued chunk: (-7.0, -20.0) (distance: 16.55)
[22:16:57] TERRAIN: Queued chunk: (-7.0, 10.0) (distance: 16.55)
[22:16:57] TERRAIN: Queued chunk: (7.0, -20.0) (distance: 16.55)
[22:16:57] TERRAIN: Queued chunk: (14.0, -14.0) (distance: 16.64)
[22:16:57] TERRAIN: Queued chunk: (9.0, -19.0) (distance: 16.64)
[22:16:57] TERRAIN: Queued chunk: (9.0, 9.0) (distance: 16.64)
[22:16:57] TERRAIN: Queued chunk: (-9.0, -19.0) (distance: 16.64)
[22:16:57] TERRAIN: Queued chunk: (-14.0, -14.0) (distance: 16.64)
[22:16:57] TERRAIN: Queued chunk: (-14.0, 4.0) (distance: 16.64)
[22:16:57] TERRAIN: Queued chunk: (-9.0, 9.0) (distance: 16.64)
[22:16:57] TERRAIN: Queued chunk: (14.0, 4.0) (distance: 16.64)
[22:16:57] TERRAIN: Queued chunk: (-12.0, 7.0) (distance: 16.97)
[22:16:57] TERRAIN: Queued chunk: (12.0, -17.0) (distance: 16.97)
[22:16:57] TERRAIN: Queued chunk: (-12.0, -17.0) (distance: 16.97)
[22:16:57] TERRAIN: Queued chunk: (12.0, 7.0) (distance: 16.97)
[22:16:57] TERRAIN: Queued chunk: (15.0, -13.0) (distance: 17.00)
[22:16:57] TERRAIN: Queued chunk: (-8.0, -20.0) (distance: 17.00)
[22:16:57] TERRAIN: Queued chunk: (-15.0, 3.0) (distance: 17.00)
[22:16:57] TERRAIN: Queued chunk: (-15.0, -13.0) (distance: 17.00)
[22:16:57] TERRAIN: Queued chunk: (8.0, 10.0) (distance: 17.00)
[22:16:57] TERRAIN: Queued chunk: (15.0, 3.0) (distance: 17.00)
[22:16:57] TERRAIN: Queued chunk: (-8.0, 10.0) (distance: 17.00)
[22:16:57] TERRAIN: Queued chunk: (8.0, -20.0) (distance: 17.00)
[22:16:57] TERRAIN: Queued chunk: (-13.0, 6.0) (distance: 17.03)
[22:16:57] TERRAIN: Queued chunk: (11.0, -18.0) (distance: 17.03)
[22:16:57] TERRAIN: Queued chunk: (-13.0, -16.0) (distance: 17.03)
[22:16:57] TERRAIN: Queued chunk: (13.0, -16.0) (distance: 17.03)
[22:16:57] TERRAIN: Queued chunk: (-11.0, -18.0) (distance: 17.03)
[22:16:57] TERRAIN: Queued chunk: (13.0, 6.0) (distance: 17.03)
[22:16:57] TERRAIN: Queued chunk: (-11.0, 8.0) (distance: 17.03)
[22:16:57] TERRAIN: Queued chunk: (11.0, 8.0) (distance: 17.03)
[22:16:57] TERRAIN: Queued chunk: (14.0, 5.0) (distance: 17.20)
[22:16:57] TERRAIN: Queued chunk: (10.0, -19.0) (distance: 17.20)
[22:16:57] TERRAIN: Queued chunk: (-14.0, -15.0) (distance: 17.20)
[22:16:57] TERRAIN: Queued chunk: (-14.0, 5.0) (distance: 17.20)
[22:16:57] TERRAIN: Queued chunk: (-10.0, -19.0) (distance: 17.20)
[22:16:57] TERRAIN: Queued chunk: (10.0, 9.0) (distance: 17.20)
[22:16:57] TERRAIN: Queued chunk: (-10.0, 9.0) (distance: 17.20)
[22:16:57] TERRAIN: Queued chunk: (14.0, -15.0) (distance: 17.20)
[22:16:57] TERRAIN: Queued chunk: (15.0, -14.0) (distance: 17.49)
[22:16:57] TERRAIN: Queued chunk: (-15.0, -14.0) (distance: 17.49)
[22:16:57] TERRAIN: Queued chunk: (15.0, 4.0) (distance: 17.49)
[22:16:57] TERRAIN: Queued chunk: (-9.0, 10.0) (distance: 17.49)
[22:16:57] TERRAIN: Queued chunk: (9.0, 10.0) (distance: 17.49)
[22:16:57] TERRAIN: Queued chunk: (-15.0, 4.0) (distance: 17.49)
[22:16:57] TERRAIN: Queued chunk: (9.0, -20.0) (distance: 17.49)
[22:16:57] TERRAIN: Queued chunk: (-9.0, -20.0) (distance: 17.49)
[22:16:57] TERRAIN: Queued chunk: (12.0, -18.0) (distance: 17.69)
[22:16:57] TERRAIN: Queued chunk: (-12.0, 8.0) (distance: 17.69)
[22:16:57] TERRAIN: Queued chunk: (-12.0, -18.0) (distance: 17.69)
[22:16:57] TERRAIN: Queued chunk: (-13.0, 7.0) (distance: 17.69)
[22:16:57] TERRAIN: Queued chunk: (13.0, -17.0) (distance: 17.69)
[22:16:57] TERRAIN: Queued chunk: (-13.0, -17.0) (distance: 17.69)
[22:16:57] TERRAIN: Queued chunk: (12.0, 8.0) (distance: 17.69)
[22:16:57] TERRAIN: Queued chunk: (13.0, 7.0) (distance: 17.69)
[22:16:57] TERRAIN: Queued chunk: (14.0, -16.0) (distance: 17.80)
[22:16:57] TERRAIN: Queued chunk: (11.0, 9.0) (distance: 17.80)
[22:16:57] TERRAIN: Queued chunk: (11.0, -19.0) (distance: 17.80)
[22:16:57] TERRAIN: Queued chunk: (14.0, 6.0) (distance: 17.80)
[22:16:57] TERRAIN: Queued chunk: (-11.0, 9.0) (distance: 17.80)
[22:16:57] TERRAIN: Queued chunk: (-11.0, -19.0) (distance: 17.80)
[22:16:57] TERRAIN: Queued chunk: (-14.0, -16.0) (distance: 17.80)
[22:16:57] TERRAIN: Queued chunk: (-14.0, 6.0) (distance: 17.80)
[22:16:57] TERRAIN: Queued chunk: (10.0, 10.0) (distance: 18.03)
[22:16:57] TERRAIN: Queued chunk: (15.0, -15.0) (distance: 18.03)
[22:16:57] TERRAIN: Queued chunk: (10.0, -20.0) (distance: 18.03)
[22:16:57] TERRAIN: Queued chunk: (-10.0, 10.0) (distance: 18.03)
[22:16:57] TERRAIN: Queued chunk: (-10.0, -20.0) (distance: 18.03)
[22:16:57] TERRAIN: Queued chunk: (15.0, 5.0) (distance: 18.03)
[22:16:57] TERRAIN: Queued chunk: (-15.0, 5.0) (distance: 18.03)
[22:16:57] TERRAIN: Queued chunk: (-15.0, -15.0) (distance: 18.03)
[22:16:57] TERRAIN: Queued chunk: (13.0, 8.0) (distance: 18.38)
[22:16:57] TERRAIN: Queued chunk: (-13.0, -18.0) (distance: 18.38)
[22:16:57] TERRAIN: Queued chunk: (-13.0, 8.0) (distance: 18.38)
[22:16:57] TERRAIN: Queued chunk: (13.0, -18.0) (distance: 18.38)
[22:16:57] TERRAIN: Queued chunk: (14.0, 7.0) (distance: 18.44)
[22:16:57] TERRAIN: Queued chunk: (14.0, -17.0) (distance: 18.44)
[22:16:57] TERRAIN: Queued chunk: (-14.0, -17.0) (distance: 18.44)
[22:16:57] TERRAIN: Queued chunk: (-14.0, 7.0) (distance: 18.44)
[22:16:57] TERRAIN: Queued chunk: (-12.0, -19.0) (distance: 18.44)
[22:16:57] TERRAIN: Queued chunk: (-12.0, 9.0) (distance: 18.44)
[22:16:57] TERRAIN: Queued chunk: (12.0, 9.0) (distance: 18.44)
[22:16:57] TERRAIN: Queued chunk: (12.0, -19.0) (distance: 18.44)
[22:16:57] TERRAIN: Queued chunk: (15.0, -16.0) (distance: 18.60)
[22:16:57] TERRAIN: Queued chunk: (11.0, 10.0) (distance: 18.60)
[22:16:57] TERRAIN: Queued chunk: (11.0, -20.0) (distance: 18.60)
[22:16:57] TERRAIN: Queued chunk: (-11.0, 10.0) (distance: 18.60)
[22:16:57] TERRAIN: Queued chunk: (-11.0, -20.0) (distance: 18.60)
[22:16:57] TERRAIN: Queued chunk: (-15.0, 6.0) (distance: 18.60)
[22:16:57] TERRAIN: Queued chunk: (-15.0, -16.0) (distance: 18.60)
[22:16:57] TERRAIN: Queued chunk: (15.0, 6.0) (distance: 18.60)
[22:16:57] TERRAIN: Queued chunk: (14.0, -18.0) (distance: 19.10)
[22:16:57] TERRAIN: Queued chunk: (13.0, 9.0) (distance: 19.10)
[22:16:57] TERRAIN: Queued chunk: (13.0, -19.0) (distance: 19.10)
[22:16:57] TERRAIN: Queued chunk: (-13.0, 9.0) (distance: 19.10)
[22:16:57] TERRAIN: Queued chunk: (-13.0, -19.0) (distance: 19.10)
[22:16:57] TERRAIN: Queued chunk: (-14.0, 8.0) (distance: 19.10)
[22:16:57] TERRAIN: Queued chunk: (-14.0, -18.0) (distance: 19.10)
[22:16:57] TERRAIN: Queued chunk: (14.0, 8.0) (distance: 19.10)
[22:16:57] TERRAIN: Queued chunk: (15.0, -17.0) (distance: 19.21)
[22:16:57] TERRAIN: Queued chunk: (15.0, 7.0) (distance: 19.21)
[22:16:57] TERRAIN: Queued chunk: (-15.0, 7.0) (distance: 19.21)
[22:16:57] TERRAIN: Queued chunk: (-15.0, -17.0) (distance: 19.21)
[22:16:57] TERRAIN: Queued chunk: (12.0, 10.0) (distance: 19.21)
[22:16:57] TERRAIN: Queued chunk: (12.0, -20.0) (distance: 19.21)
[22:16:57] TERRAIN: Queued chunk: (-12.0, 10.0) (distance: 19.21)
[22:16:57] TERRAIN: Queued chunk: (-12.0, -20.0) (distance: 19.21)
[22:16:57] TERRAIN: Queued chunk: (-14.0, -19.0) (distance: 19.80)
[22:16:57] TERRAIN: Queued chunk: (-14.0, 9.0) (distance: 19.80)
[22:16:57] TERRAIN: Queued chunk: (14.0, 9.0) (distance: 19.80)
[22:16:57] TERRAIN: Queued chunk: (14.0, -19.0) (distance: 19.80)
[22:16:57] TERRAIN: Queued chunk: (-15.0, 8.0) (distance: 19.85)
[22:16:57] TERRAIN: Queued chunk: (-13.0, -20.0) (distance: 19.85)
[22:16:57] TERRAIN: Queued chunk: (-13.0, 10.0) (distance: 19.85)
[22:16:57] TERRAIN: Queued chunk: (13.0, -20.0) (distance: 19.85)
[22:16:57] TERRAIN: Queued chunk: (13.0, 10.0) (distance: 19.85)
[22:16:57] TERRAIN: Queued chunk: (-15.0, -18.0) (distance: 19.85)
[22:16:57] TERRAIN: Queued chunk: (15.0, 8.0) (distance: 19.85)
[22:16:57] TERRAIN: Queued chunk: (15.0, -18.0) (distance: 19.85)
[22:16:57] TERRAIN: Queued chunk: (-15.0, 9.0) (distance: 20.52)
[22:16:57] TERRAIN: Queued chunk: (-15.0, -19.0) (distance: 20.52)
[22:16:57] TERRAIN: Queued chunk: (15.0, 9.0) (distance: 20.52)
[22:16:57] TERRAIN: Queued chunk: (-14.0, -20.0) (distance: 20.52)
[22:16:57] TERRAIN: Queued chunk: (-14.0, 10.0) (distance: 20.52)
[22:16:57] TERRAIN: Queued chunk: (14.0, -20.0) (distance: 20.52)
[22:16:57] TERRAIN: Queued chunk: (14.0, 10.0) (distance: 20.52)
[22:16:57] TERRAIN: Queued chunk: (15.0, -19.0) (distance: 20.52)
[22:16:57] TERRAIN: Queued chunk: (15.0, 10.0) (distance: 21.21)
[22:16:57] TERRAIN: Queued chunk: (15.0, -20.0) (distance: 21.21)
[22:16:57] TERRAIN: Queued chunk: (-15.0, 10.0) (distance: 21.21)
[22:16:57] TERRAIN: Queued chunk: (-15.0, -20.0) (distance: 21.21)
[22:16:57] TERRAIN: Creating chunk: (1.0, -19.0) at distance 14.04
[22:16:57] TERRAIN: Chunk (1.0, -19.0): Using BOX collision (distance: 14.04)
[22:16:57] TERRAIN: Chunk created successfully: (1.0, -19.0) at world pos (32.0, 0.0, -608.0) (total chunks: 679)
[22:16:57] TERRAIN: Creating chunk: (-1.0, -19.0) at distance 14.04
[22:16:57] TERRAIN: Chunk (-1.0, -19.0): Using BOX collision (distance: 14.04)
[22:16:57] TERRAIN: Chunk created successfully: (-1.0, -19.0) at world pos (-32.0, 0.0, -608.0) (total chunks: 680)
[22:16:57] TERRAIN: Creating chunk: (2.0, -19.0) at distance 14.14
[22:16:57] TERRAIN: Chunk (2.0, -19.0): Using BOX collision (distance: 14.14)
[22:16:57] TERRAIN: Chunk created successfully: (2.0, -19.0) at world pos (64.0, 0.0, -608.0) (total chunks: 681)
[22:16:57] TERRAIN: Creating chunk: (-2.0, -19.0) at distance 14.14
[22:16:57] TERRAIN: Chunk (-2.0, -19.0): Using BOX collision (distance: 14.14)
[22:16:57] TERRAIN: Chunk created successfully: (-2.0, -19.0) at world pos (-64.0, 0.0, -608.0) (total chunks: 682)
[22:16:57] TERRAIN: Creating chunk: (6.0, -18.0) at distance 14.32
[22:16:57] TERRAIN: Chunk (6.0, -18.0): Using BOX collision (distance: 14.32)
[22:16:57] TERRAIN: Chunk created successfully: (6.0, -18.0) at world pos (192.0, 0.0, -576.0) (total chunks: 683)
[22:16:57] TERRAIN: Creating chunk: (-6.0, -18.0) at distance 14.32
[22:16:57] TERRAIN: Chunk (-6.0, -18.0): Using BOX collision (distance: 14.32)
[22:16:57] TERRAIN: Chunk created successfully: (-6.0, -18.0) at world pos (-192.0, 0.0, -576.0) (total chunks: 684)
[22:16:57] TERRAIN: Creating chunk: (3.0, -19.0) at distance 14.32
[22:16:57] TERRAIN: Chunk (3.0, -19.0): Using BOX collision (distance: 14.32)
[22:16:57] TERRAIN: Chunk created successfully: (3.0, -19.0) at world pos (96.0, 0.0, -608.0) (total chunks: 685)
[22:16:57] TERRAIN: Creating chunk: (-3.0, -19.0) at distance 14.32
[22:16:57] TERRAIN: Chunk (-3.0, -19.0): Using BOX collision (distance: 14.32)
[22:16:57] TERRAIN: Chunk created successfully: (-3.0, -19.0) at world pos (-96.0, 0.0, -608.0) (total chunks: 686)
[22:16:57] TERRAIN: Creating chunk: (-8.0, -17.0) at distance 14.42
[22:16:57] TERRAIN: Chunk (-8.0, -17.0): Using BOX collision (distance: 14.42)
[22:16:57] TERRAIN: Chunk created successfully: (-8.0, -17.0) at world pos (-256.0, 0.0, -544.0) (total chunks: 687)
[22:16:57] TERRAIN: Creating chunk: (8.0, -17.0) at distance 14.42
[22:16:57] TERRAIN: Chunk (8.0, -17.0): Using BOX collision (distance: 14.42)
[22:16:57] TERRAIN: Chunk created successfully: (8.0, -17.0) at world pos (256.0, 0.0, -544.0) (total chunks: 688)
[22:16:57] TERRAIN: Creating chunk: (4.0, -19.0) at distance 14.56
[22:16:57] TERRAIN: Chunk (4.0, -19.0): Using BOX collision (distance: 14.56)
[22:16:57] TERRAIN: Chunk created successfully: (4.0, -19.0) at world pos (128.0, 0.0, -608.0) (total chunks: 689)
[22:16:57] TERRAIN: Creating chunk: (-4.0, -19.0) at distance 14.56
[22:16:57] TERRAIN: Chunk (-4.0, -19.0): Using BOX collision (distance: 14.56)
[22:16:57] TERRAIN: Chunk created successfully: (-4.0, -19.0) at world pos (-128.0, 0.0, -608.0) (total chunks: 690)
[22:16:57] TERRAIN: Creating chunk: (7.0, -18.0) at distance 14.76
[22:16:57] TERRAIN: Chunk (7.0, -18.0): Using BOX collision (distance: 14.76)
[22:16:57] TERRAIN: Chunk created successfully: (7.0, -18.0) at world pos (224.0, 0.0, -576.0) (total chunks: 691)
[22:16:57] TERRAIN: Creating chunk: (13.0, -12.0) at distance 14.76
[22:16:57] TERRAIN: Chunk (13.0, -12.0): Using BOX collision (distance: 14.76)
[22:16:57] TERRAIN: Chunk created successfully: (13.0, -12.0) at world pos (416.0, 0.0, -384.0) (total chunks: 692)
[22:16:57] TERRAIN: Creating chunk: (-13.0, -12.0) at distance 14.76
[22:16:57] TERRAIN: Chunk (-13.0, -12.0): Using BOX collision (distance: 14.76)
[22:16:57] TERRAIN: Chunk created successfully: (-13.0, -12.0) at world pos (-416.0, 0.0, -384.0) (total chunks: 693)
[22:16:57] TERRAIN: Creating chunk: (-7.0, -18.0) at distance 14.76
[22:16:57] TERRAIN: Chunk (-7.0, -18.0): Using BOX collision (distance: 14.76)
[22:16:57] TERRAIN: Chunk created successfully: (-7.0, -18.0) at world pos (-224.0, 0.0, -576.0) (total chunks: 694)
[22:16:57] TERRAIN: Creating chunk: (10.0, -16.0) at distance 14.87
[22:16:57] TERRAIN: Chunk (10.0, -16.0): Using BOX collision (distance: 14.87)
[22:16:57] TERRAIN: Chunk created successfully: (10.0, -16.0) at world pos (320.0, 0.0, -512.0) (total chunks: 695)
[22:16:57] TERRAIN: Creating chunk: (-11.0, -15.0) at distance 14.87
[22:16:57] TERRAIN: Chunk (-11.0, -15.0): Using BOX collision (distance: 14.87)
[22:16:57] TERRAIN: Chunk created successfully: (-11.0, -15.0) at world pos (-352.0, 0.0, -480.0) (total chunks: 696)
[22:16:57] TERRAIN: Creating chunk: (-5.0, -19.0) at distance 14.87
[22:16:57] TERRAIN: Chunk (-5.0, -19.0): Using BOX collision (distance: 14.87)
[22:16:57] TERRAIN: Chunk created successfully: (-5.0, -19.0) at world pos (-160.0, 0.0, -608.0) (total chunks: 697)
[22:16:57] TERRAIN: Creating chunk: (11.0, -15.0) at distance 14.87
[22:16:57] TERRAIN: Chunk (11.0, -15.0): Using BOX collision (distance: 14.87)
[22:16:57] TERRAIN: Chunk created successfully: (11.0, -15.0) at world pos (352.0, 0.0, -480.0) (total chunks: 698)
[22:16:57] TERRAIN: Creating chunk: (14.0, -10.0) at distance 14.87
[22:16:57] TERRAIN: Chunk (14.0, -10.0): Using BOX collision (distance: 14.87)
[22:16:57] TERRAIN: Chunk created successfully: (14.0, -10.0) at world pos (448.0, 0.0, -320.0) (total chunks: 699)
[22:16:57] TERRAIN: Creating chunk: (-14.0, -10.0) at distance 14.87
[22:16:57] TERRAIN: Chunk (-14.0, -10.0): Using BOX collision (distance: 14.87)
[22:16:57] TERRAIN: Chunk created successfully: (-14.0, -10.0) at world pos (-448.0, 0.0, -320.0) (total chunks: 700)
[22:16:57] TERRAIN: Creating chunk: (5.0, -19.0) at distance 14.87
[22:16:57] TERRAIN: Chunk (5.0, -19.0): Using BOX collision (distance: 14.87)
[22:16:57] TERRAIN: Chunk created successfully: (5.0, -19.0) at world pos (160.0, 0.0, -608.0) (total chunks: 701)
[22:16:57] TERRAIN: Creating chunk: (-10.0, -16.0) at distance 14.87
[22:16:57] TERRAIN: Chunk (-10.0, -16.0): Using BOX collision (distance: 14.87)
[22:16:57] TERRAIN: Chunk created successfully: (-10.0, -16.0) at world pos (-320.0, 0.0, -512.0) (total chunks: 702)
[22:16:57] TERRAIN: Creating chunk: (0.0, -20.0) at distance 15.00
[22:16:57] TERRAIN: Chunk (0.0, -20.0): Using BOX collision (distance: 15.00)
[22:16:57] TERRAIN: Chunk created successfully: (0.0, -20.0) at world pos (0.0, 0.0, -640.0) (total chunks: 703)
[22:16:57] TERRAIN: Creating chunk: (-12.0, -14.0) at distance 15.00
[22:16:57] TERRAIN: Chunk (-12.0, -14.0): Using BOX collision (distance: 15.00)
[22:16:57] TERRAIN: Chunk created successfully: (-12.0, -14.0) at world pos (-384.0, 0.0, -448.0) (total chunks: 704)
[22:16:57] TERRAIN: Creating chunk: (15.0, -5.0) at distance 15.00
[22:16:57] TERRAIN: Chunk (15.0, -5.0): Using BOX collision (distance: 15.00)
[22:16:57] TERRAIN: Chunk created successfully: (15.0, -5.0) at world pos (480.0, 0.0, -160.0) (total chunks: 705)
[22:16:57] TERRAIN: Creating chunk: (-9.0, -17.0) at distance 15.00
[22:16:57] TERRAIN: Chunk (-9.0, -17.0): Using BOX collision (distance: 15.00)
[22:16:57] TERRAIN: Chunk created successfully: (-9.0, -17.0) at world pos (-288.0, 0.0, -544.0) (total chunks: 706)
[22:16:57] TERRAIN: Creating chunk: (12.0, -14.0) at distance 15.00
[22:16:57] TERRAIN: Chunk (12.0, -14.0): Using BOX collision (distance: 15.00)
[22:16:57] TERRAIN: Chunk created successfully: (12.0, -14.0) at world pos (384.0, 0.0, -448.0) (total chunks: 707)
[22:16:57] TERRAIN: Creating chunk: (-15.0, -5.0) at distance 15.00
[22:16:57] TERRAIN: Chunk (-15.0, -5.0): Using BOX collision (distance: 15.00)
[22:16:57] TERRAIN: Chunk created successfully: (-15.0, -5.0) at world pos (-480.0, 0.0, -160.0) (total chunks: 708)
[22:16:57] TERRAIN: Creating chunk: (9.0, -17.0) at distance 15.00
[22:16:57] TERRAIN: Chunk (9.0, -17.0): Using BOX collision (distance: 15.00)
[22:16:57] TERRAIN: Chunk created successfully: (9.0, -17.0) at world pos (288.0, 0.0, -544.0) (total chunks: 709)
[22:16:57] PLAYER: Pos: (0.000098, 0.013701, -132.6668) | Chunk: (0.0, -5.0) | TerrainHeight: 0.02 | HeightDiff: -0.01 | OnFloor: true
[22:16:57] PLAYER: CHUNK CHANGED: (0.0, -4.0) -> (0.0, -5.0)
[22:16:58] PLAYER: Pos: (0.0001, 0.013536, -137.6665) | Chunk: (0.0, -5.0) | TerrainHeight: 0.02 | HeightDiff: -0.00 | OnFloor: true
[22:16:59] PLAYER: Pos: (0.0001, 0.000597, -142.6662) | Chunk: (0.0, -5.0) | TerrainHeight: 0.00 | HeightDiff: -0.00 | OnFloor: true
[22:17:00] PLAYER: Pos: (0.000101, -0.000755, -147.6659) | Chunk: (0.0, -5.0) | TerrainHeight: -0.00 | HeightDiff: 0.00 | OnFloor: true
[22:17:01] PLAYER: Pos: (0.000101, 0.0033, -152.6656) | Chunk: (0.0, -5.0) | TerrainHeight: 0.00 | HeightDiff: 0.00 | OnFloor: true
[22:17:02] PLAYER: Pos: (0.000101, -0.001192, -157.6653) | Chunk: (0.0, -5.0) | TerrainHeight: -0.00 | HeightDiff: 0.00 | OnFloor: true
[22:17:03] TERRAIN: Player moved to new chunk: (0.0, -6.0) (was (0.0, -5.0))
[22:17:03] TERRAIN: Updating terrain for player chunk: (0.0, -6.0) (player pos: (0.000101, -0.002315, -160.0818))
[22:17:03] TERRAIN: Player chunk (0.0, -6.0) distance: 0.00 (render_distance: 15)
[22:17:03] TERRAIN: Removing 31 distant chunks
[22:17:03] TERRAIN: Removing chunk (-1.0, 9.0) at distance 15.03 (player: (0.0, -6.0))
[22:17:03] TERRAIN: Removing chunk: (-1.0, 9.0)
[22:17:03] TERRAIN: Removing chunk (1.0, 9.0) at distance 15.03 (player: (0.0, -6.0))
[22:17:03] TERRAIN: Removing chunk: (1.0, 9.0)
[22:17:03] TERRAIN: Removing chunk (2.0, 9.0) at distance 15.13 (player: (0.0, -6.0))
[22:17:03] TERRAIN: Removing chunk: (2.0, 9.0)
[22:17:03] TERRAIN: Removing chunk (-2.0, 9.0) at distance 15.13 (player: (0.0, -6.0))
[22:17:03] TERRAIN: Removing chunk: (-2.0, 9.0)
[22:17:03] TERRAIN: Removing chunk (-3.0, 9.0) at distance 15.30 (player: (0.0, -6.0))
[22:17:03] TERRAIN: Removing chunk: (-3.0, 9.0)
[22:17:03] TERRAIN: Removing chunk (3.0, 9.0) at distance 15.30 (player: (0.0, -6.0))
[22:17:03] TERRAIN: Removing chunk: (3.0, 9.0)
[22:17:03] TERRAIN: Removing chunk (4.0, 9.0) at distance 15.52 (player: (0.0, -6.0))
[22:17:03] TERRAIN: Removing chunk: (4.0, 9.0)
[22:17:03] TERRAIN: Removing chunk (-4.0, 9.0) at distance 15.52 (player: (0.0, -6.0))
[22:17:03] TERRAIN: Removing chunk: (-4.0, 9.0)
[22:17:03] TERRAIN: Removing chunk (0.0, 10.0) at distance 16.00 (player: (0.0, -6.0))
[22:17:03] TERRAIN: Removing chunk: (0.0, 10.0)
[22:17:03] TERRAIN: Removing chunk (6.0, 8.0) at distance 15.23 (player: (0.0, -6.0))
[22:17:03] TERRAIN: Removing chunk: (6.0, 8.0)
[22:17:03] TERRAIN: Removing chunk (-6.0, 8.0) at distance 15.23 (player: (0.0, -6.0))
[22:17:03] TERRAIN: Removing chunk: (-6.0, 8.0)
[22:17:03] TERRAIN: Removing chunk (5.0, 9.0) at distance 15.81 (player: (0.0, -6.0))
[22:17:03] TERRAIN: Removing chunk: (5.0, 9.0)
[22:17:03] TERRAIN: Removing chunk (-5.0, 9.0) at distance 15.81 (player: (0.0, -6.0))
[22:17:03] TERRAIN: Removing chunk: (-5.0, 9.0)
[22:17:03] TERRAIN: Removing chunk (8.0, 7.0) at distance 15.26 (player: (0.0, -6.0))
[22:17:03] TERRAIN: Removing chunk: (8.0, 7.0)
[22:17:03] TERRAIN: Removing chunk (-8.0, 7.0) at distance 15.26 (player: (0.0, -6.0))
[22:17:03] TERRAIN: Removing chunk: (-8.0, 7.0)
[22:17:03] TERRAIN: Removing chunk (-7.0, 8.0) at distance 15.65 (player: (0.0, -6.0))
[22:17:03] TERRAIN: Removing chunk: (-7.0, 8.0)
[22:17:03] TERRAIN: Removing chunk (7.0, 8.0) at distance 15.65 (player: (0.0, -6.0))
[22:17:03] TERRAIN: Removing chunk: (7.0, 8.0)
[22:17:03] TERRAIN: Removing chunk (-9.0, 7.0) at distance 15.81 (player: (0.0, -6.0))
[22:17:03] TERRAIN: Removing chunk: (-9.0, 7.0)
[22:17:03] TERRAIN: Removing chunk (9.0, 7.0) at distance 15.81 (player: (0.0, -6.0))
[22:17:03] TERRAIN: Removing chunk: (9.0, 7.0)
[22:17:03] TERRAIN: Removing chunk (-10.0, 6.0) at distance 15.62 (player: (0.0, -6.0))
[22:17:03] TERRAIN: Removing chunk: (-10.0, 6.0)
[22:17:03] TERRAIN: Removing chunk (10.0, 6.0) at distance 15.62 (player: (0.0, -6.0))
[22:17:03] TERRAIN: Removing chunk: (10.0, 6.0)
[22:17:03] TERRAIN: Removing chunk (-11.0, 5.0) at distance 15.56 (player: (0.0, -6.0))
[22:17:03] TERRAIN: Removing chunk: (-11.0, 5.0)
[22:17:03] TERRAIN: Removing chunk (11.0, 5.0) at distance 15.56 (player: (0.0, -6.0))
[22:17:03] TERRAIN: Removing chunk: (11.0, 5.0)
[22:17:03] TERRAIN: Removing chunk (-12.0, 4.0) at distance 15.62 (player: (0.0, -6.0))
[22:17:03] TERRAIN: Removing chunk: (-12.0, 4.0)
[22:17:03] TERRAIN: Removing chunk (-13.0, 2.0) at distance 15.26 (player: (0.0, -6.0))
[22:17:03] TERRAIN: Removing chunk: (-13.0, 2.0)
[22:17:03] TERRAIN: Removing chunk (-14.0, 0.0) at distance 15.23 (player: (0.0, -6.0))
[22:17:03] TERRAIN: Removing chunk: (-14.0, 0.0)
[22:17:03] TERRAIN: Removing chunk (13.0, 2.0) at distance 15.26 (player: (0.0, -6.0))
[22:17:03] TERRAIN: Removing chunk: (13.0, 2.0)
[22:17:03] TERRAIN: Removing chunk (12.0, 4.0) at distance 15.62 (player: (0.0, -6.0))
[22:17:03] TERRAIN: Removing chunk: (12.0, 4.0)
[22:17:03] TERRAIN: Removing chunk (14.0, 0.0) at distance 15.23 (player: (0.0, -6.0))
[22:17:03] TERRAIN: Removing chunk: (14.0, 0.0)
[22:17:03] TERRAIN: Removing chunk (15.0, -5.0) at distance 15.03 (player: (0.0, -6.0))
[22:17:03] TERRAIN: Removing chunk: (15.0, -5.0)
[22:17:03] TERRAIN: Removing chunk (-15.0, -5.0) at distance 15.03 (player: (0.0, -6.0))
[22:17:03] TERRAIN: Removing chunk: (-15.0, -5.0)
[22:17:03] TERRAIN: Queuing 283 new chunks for generation
[22:17:03] TERRAIN: Queued chunk: (1.0, -20.0) (distance: 14.04)
[22:17:03] TERRAIN: Queued chunk: (-1.0, -20.0) (distance: 14.04)
[22:17:03] TERRAIN: Queued chunk: (2.0, -20.0) (distance: 14.14)
[22:17:03] TERRAIN: Queued chunk: (-2.0, -20.0) (distance: 14.14)
[22:17:03] TERRAIN: Queued chunk: (6.0, -19.0) (distance: 14.32)
[22:17:03] TERRAIN: Queued chunk: (-6.0, -19.0) (distance: 14.32)
[22:17:03] TERRAIN: Queued chunk: (3.0, -20.0) (distance: 14.32)
[22:17:03] TERRAIN: Queued chunk: (-3.0, -20.0) (distance: 14.32)
[22:17:03] TERRAIN: Queued chunk: (-8.0, -18.0) (distance: 14.42)
[22:17:03] TERRAIN: Queued chunk: (8.0, -18.0) (distance: 14.42)
[22:17:03] TERRAIN: Queued chunk: (4.0, -20.0) (distance: 14.56)
[22:17:03] TERRAIN: Queued chunk: (-4.0, -20.0) (distance: 14.56)
[22:17:03] TERRAIN: Queued chunk: (7.0, -19.0) (distance: 14.76)
[22:17:03] TERRAIN: Queued chunk: (13.0, -13.0) (distance: 14.76)
[22:17:03] TERRAIN: Queued chunk: (-13.0, -13.0) (distance: 14.76)
[22:17:03] TERRAIN: Queued chunk: (-7.0, -19.0) (distance: 14.76)
[22:17:03] TERRAIN: Queued chunk: (10.0, -17.0) (distance: 14.87)
[22:17:03] TERRAIN: Queued chunk: (-11.0, -16.0) (distance: 14.87)
[22:17:03] TERRAIN: Queued chunk: (-5.0, -20.0) (distance: 14.87)
[22:17:03] TERRAIN: Queued chunk: (11.0, -16.0) (distance: 14.87)
[22:17:03] TERRAIN: Queued chunk: (14.0, -11.0) (distance: 14.87)
[22:17:03] TERRAIN: Queued chunk: (-14.0, -11.0) (distance: 14.87)
[22:17:03] TERRAIN: Queued chunk: (5.0, -20.0) (distance: 14.87)
[22:17:03] TERRAIN: Queued chunk: (-10.0, -17.0) (distance: 14.87)
[22:17:03] TERRAIN: Queued chunk: (0.0, -21.0) (distance: 15.00)
[22:17:03] TERRAIN: Queued chunk: (-12.0, -15.0) (distance: 15.00)
[22:17:03] TERRAIN: Queued chunk: (15.0, -6.0) (distance: 15.00)
[22:17:03] TERRAIN: Queued chunk: (-9.0, -18.0) (distance: 15.00)
[22:17:03] TERRAIN: Queued chunk: (12.0, -15.0) (distance: 15.00)
[22:17:03] TERRAIN: Queued chunk: (-15.0, -6.0) (distance: 15.00)
[22:17:03] TERRAIN: Queued chunk: (9.0, -18.0) (distance: 15.00)
[22:17:03] TERRAIN: Queued chunk: (15.0, -5.0) (distance: 15.03)
[22:17:03] TERRAIN: Queued chunk: (1.0, 9.0) (distance: 15.03)
[22:17:03] TERRAIN: Queued chunk: (-15.0, -5.0) (distance: 15.03)
[22:17:03] TERRAIN: Queued chunk: (1.0, -21.0) (distance: 15.03)
[22:17:03] TERRAIN: Queued chunk: (-1.0, 9.0) (distance: 15.03)
[22:17:03] TERRAIN: Queued chunk: (15.0, -7.0) (distance: 15.03)
[22:17:03] TERRAIN: Queued chunk: (-15.0, -7.0) (distance: 15.03)
[22:17:03] TERRAIN: Queued chunk: (-1.0, -21.0) (distance: 15.03)
[22:17:03] TERRAIN: Queued chunk: (15.0, -8.0) (distance: 15.13)
[22:17:03] TERRAIN: Queued chunk: (-2.0, 9.0) (distance: 15.13)
[22:17:03] TERRAIN: Queued chunk: (-15.0, -8.0) (distance: 15.13)
[22:17:03] TERRAIN: Queued chunk: (-2.0, -21.0) (distance: 15.13)
[22:17:03] TERRAIN: Queued chunk: (-15.0, -4.0) (distance: 15.13)
[22:17:03] TERRAIN: Queued chunk: (2.0, -21.0) (distance: 15.13)
[22:17:03] TERRAIN: Queued chunk: (2.0, 9.0) (distance: 15.13)
[22:17:03] TERRAIN: Queued chunk: (15.0, -4.0) (distance: 15.13)
[22:17:03] TERRAIN: Queued chunk: (14.0, 0.0) (distance: 15.23)
[22:17:03] TERRAIN: Queued chunk: (14.0, -12.0) (distance: 15.23)
[22:17:03] TERRAIN: Queued chunk: (-6.0, -20.0) (distance: 15.23)
[22:17:03] TERRAIN: Queued chunk: (-6.0, 8.0) (distance: 15.23)
[22:17:03] TERRAIN: Queued chunk: (6.0, 8.0) (distance: 15.23)
[22:17:03] TERRAIN: Queued chunk: (6.0, -20.0) (distance: 15.23)
[22:17:03] TERRAIN: Queued chunk: (-14.0, -12.0) (distance: 15.23)
[22:17:03] TERRAIN: Queued chunk: (-14.0, 0.0) (distance: 15.23)
[22:17:03] TERRAIN: Queued chunk: (8.0, -19.0) (distance: 15.26)
[22:17:03] TERRAIN: Queued chunk: (-8.0, -19.0) (distance: 15.26)
[22:17:03] TERRAIN: Queued chunk: (8.0, 7.0) (distance: 15.26)
[22:17:03] TERRAIN: Queued chunk: (-8.0, 7.0) (distance: 15.26)
[22:17:03] TERRAIN: Queued chunk: (13.0, -14.0) (distance: 15.26)
[22:17:03] TERRAIN: Queued chunk: (-13.0, 2.0) (distance: 15.26)
[22:17:03] TERRAIN: Queued chunk: (-13.0, -14.0) (distance: 15.26)
[22:17:03] TERRAIN: Queued chunk: (13.0, 2.0) (distance: 15.26)
[22:17:03] TERRAIN: Queued chunk: (3.0, 9.0) (distance: 15.30)
[22:17:03] TERRAIN: Queued chunk: (15.0, -3.0) (distance: 15.30)
[22:17:03] TERRAIN: Queued chunk: (15.0, -9.0) (distance: 15.30)
[22:17:03] TERRAIN: Queued chunk: (-3.0, -21.0) (distance: 15.30)
[22:17:03] TERRAIN: Queued chunk: (-15.0, -3.0) (distance: 15.30)
[22:17:03] TERRAIN: Queued chunk: (-3.0, 9.0) (distance: 15.30)
[22:17:03] TERRAIN: Queued chunk: (3.0, -21.0) (distance: 15.30)
[22:17:03] TERRAIN: Queued chunk: (-15.0, -9.0) (distance: 15.30)
[22:17:03] TERRAIN: Queued chunk: (15.0, -10.0) (distance: 15.52)
[22:17:03] TERRAIN: Queued chunk: (15.0, -2.0) (distance: 15.52)
[22:17:03] TERRAIN: Queued chunk: (-4.0, -21.0) (distance: 15.52)
[22:17:03] TERRAIN: Queued chunk: (-4.0, 9.0) (distance: 15.52)
[22:17:03] TERRAIN: Queued chunk: (-15.0, -10.0) (distance: 15.52)
[22:17:03] TERRAIN: Queued chunk: (-15.0, -2.0) (distance: 15.52)
[22:17:03] TERRAIN: Queued chunk: (4.0, 9.0) (distance: 15.52)
[22:17:03] TERRAIN: Queued chunk: (4.0, -21.0) (distance: 15.52)
[22:17:03] TERRAIN: Queued chunk: (11.0, 5.0) (distance: 15.56)
[22:17:03] TERRAIN: Queued chunk: (11.0, -17.0) (distance: 15.56)
[22:17:03] TERRAIN: Queued chunk: (-11.0, 5.0) (distance: 15.56)
[22:17:03] TERRAIN: Queued chunk: (-11.0, -17.0) (distance: 15.56)
[22:17:03] TERRAIN: Queued chunk: (-10.0, 6.0) (distance: 15.62)
[22:17:03] TERRAIN: Queued chunk: (10.0, -18.0) (distance: 15.62)
[22:17:03] TERRAIN: Queued chunk: (10.0, 6.0) (distance: 15.62)
[22:17:03] TERRAIN: Queued chunk: (-10.0, -18.0) (distance: 15.62)
[22:17:03] TERRAIN: Queued chunk: (12.0, 4.0) (distance: 15.62)
[22:17:03] TERRAIN: Queued chunk: (12.0, -16.0) (distance: 15.62)
[22:17:03] TERRAIN: Queued chunk: (-12.0, -16.0) (distance: 15.62)
[22:17:03] TERRAIN: Queued chunk: (-12.0, 4.0) (distance: 15.62)
[22:17:03] TERRAIN: Queued chunk: (-7.0, 8.0) (distance: 15.65)
[22:17:03] TERRAIN: Queued chunk: (-7.0, -20.0) (distance: 15.65)
[22:17:03] TERRAIN: Queued chunk: (14.0, -13.0) (distance: 15.65)
[22:17:03] TERRAIN: Queued chunk: (14.0, 1.0) (distance: 15.65)
[22:17:03] TERRAIN: Queued chunk: (-14.0, 1.0) (distance: 15.65)
[22:17:03] TERRAIN: Queued chunk: (-14.0, -13.0) (distance: 15.65)
[22:17:03] TERRAIN: Queued chunk: (7.0, -20.0) (distance: 15.65)
[22:17:03] TERRAIN: Queued chunk: (7.0, 8.0) (distance: 15.65)
[22:17:03] TERRAIN: Queued chunk: (-5.0, -21.0) (distance: 15.81)
[22:17:03] TERRAIN: Queued chunk: (-5.0, 9.0) (distance: 15.81)
[22:17:03] TERRAIN: Queued chunk: (15.0, -11.0) (distance: 15.81)
[22:17:03] TERRAIN: Queued chunk: (9.0, 7.0) (distance: 15.81)
[22:17:03] TERRAIN: Queued chunk: (5.0, -21.0) (distance: 15.81)
[22:17:03] TERRAIN: Queued chunk: (9.0, -19.0) (distance: 15.81)
[22:17:03] TERRAIN: Queued chunk: (5.0, 9.0) (distance: 15.81)
[22:17:03] TERRAIN: Queued chunk: (13.0, -15.0) (distance: 15.81)
[22:17:03] TERRAIN: Queued chunk: (-13.0, 3.0) (distance: 15.81)
[22:17:03] TERRAIN: Queued chunk: (-13.0, -15.0) (distance: 15.81)
[22:17:03] TERRAIN: Queued chunk: (13.0, 3.0) (distance: 15.81)
[22:17:03] TERRAIN: Queued chunk: (15.0, -1.0) (distance: 15.81)
[22:17:03] TERRAIN: Queued chunk: (-9.0, 7.0) (distance: 15.81)
[22:17:03] TERRAIN: Queued chunk: (-15.0, -11.0) (distance: 15.81)
[22:17:03] TERRAIN: Queued chunk: (-15.0, -1.0) (distance: 15.81)
[22:17:03] TERRAIN: Queued chunk: (-9.0, -19.0) (distance: 15.81)
[22:17:03] TERRAIN: Queued chunk: (-8.0, 8.0) (distance: 16.12)
[22:17:03] TERRAIN: Queued chunk: (8.0, -20.0) (distance: 16.12)
[22:17:03] TERRAIN: Queued chunk: (-8.0, -20.0) (distance: 16.12)
[22:17:03] TERRAIN: Queued chunk: (-14.0, -14.0) (distance: 16.12)
[22:17:03] TERRAIN: Queued chunk: (-14.0, 2.0) (distance: 16.12)
[22:17:03] TERRAIN: Queued chunk: (8.0, 8.0) (distance: 16.12)
[22:17:03] TERRAIN: Queued chunk: (14.0, 2.0) (distance: 16.12)
[22:17:03] TERRAIN: Queued chunk: (14.0, -14.0) (distance: 16.12)
[22:17:03] TERRAIN: Queued chunk: (15.0, 0.0) (distance: 16.16)
[22:17:03] TERRAIN: Queued chunk: (6.0, 9.0) (distance: 16.16)
[22:17:03] TERRAIN: Queued chunk: (6.0, -21.0) (distance: 16.16)
[22:17:03] TERRAIN: Queued chunk: (-15.0, 0.0) (distance: 16.16)
[22:17:03] TERRAIN: Queued chunk: (-15.0, -12.0) (distance: 16.16)
[22:17:03] TERRAIN: Queued chunk: (-6.0, 9.0) (distance: 16.16)
[22:17:03] TERRAIN: Queued chunk: (15.0, -12.0) (distance: 16.16)
[22:17:03] TERRAIN: Queued chunk: (-6.0, -21.0) (distance: 16.16)
[22:17:03] TERRAIN: Queued chunk: (11.0, -18.0) (distance: 16.28)
[22:17:03] TERRAIN: Queued chunk: (11.0, 6.0) (distance: 16.28)
[22:17:03] TERRAIN: Queued chunk: (12.0, 5.0) (distance: 16.28)
[22:17:03] TERRAIN: Queued chunk: (-12.0, -17.0) (distance: 16.28)
[22:17:03] TERRAIN: Queued chunk: (-12.0, 5.0) (distance: 16.28)
[22:17:03] TERRAIN: Queued chunk: (12.0, -17.0) (distance: 16.28)
[22:17:03] TERRAIN: Queued chunk: (-11.0, -18.0) (distance: 16.28)
[22:17:03] TERRAIN: Queued chunk: (-11.0, 6.0) (distance: 16.28)
[22:17:03] TERRAIN: Queued chunk: (-10.0, 7.0) (distance: 16.40)
[22:17:03] TERRAIN: Queued chunk: (13.0, 4.0) (distance: 16.40)
[22:17:03] TERRAIN: Queued chunk: (10.0, -19.0) (distance: 16.40)
[22:17:03] TERRAIN: Queued chunk: (-10.0, -19.0) (distance: 16.40)
[22:17:03] TERRAIN: Queued chunk: (10.0, 7.0) (distance: 16.40)
[22:17:03] TERRAIN: Queued chunk: (-13.0, -16.0) (distance: 16.40)
[22:17:03] TERRAIN: Queued chunk: (-13.0, 4.0) (distance: 16.40)
[22:17:03] TERRAIN: Queued chunk: (13.0, -16.0) (distance: 16.40)
[22:17:03] TERRAIN: Queued chunk: (-15.0, -13.0) (distance: 16.55)
[22:17:03] TERRAIN: Queued chunk: (-15.0, 1.0) (distance: 16.55)
[22:17:03] TERRAIN: Queued chunk: (15.0, -13.0) (distance: 16.55)
[22:17:03] TERRAIN: Queued chunk: (7.0, 9.0) (distance: 16.55)
[22:17:03] TERRAIN: Queued chunk: (15.0, 1.0) (distance: 16.55)
[22:17:03] TERRAIN: Queued chunk: (-7.0, -21.0) (distance: 16.55)
[22:17:03] TERRAIN: Queued chunk: (-7.0, 9.0) (distance: 16.55)
[22:17:03] TERRAIN: Queued chunk: (7.0, -21.0) (distance: 16.55)
[22:17:03] TERRAIN: Queued chunk: (14.0, -15.0) (distance: 16.64)
[22:17:03] TERRAIN: Queued chunk: (9.0, -20.0) (distance: 16.64)
[22:17:03] TERRAIN: Queued chunk: (9.0, 8.0) (distance: 16.64)
[22:17:03] TERRAIN: Queued chunk: (-9.0, -20.0) (distance: 16.64)
[22:17:03] TERRAIN: Queued chunk: (-14.0, -15.0) (distance: 16.64)
[22:17:03] TERRAIN: Queued chunk: (-14.0, 3.0) (distance: 16.64)
[22:17:03] TERRAIN: Queued chunk: (-9.0, 8.0) (distance: 16.64)
[22:17:03] TERRAIN: Queued chunk: (14.0, 3.0) (distance: 16.64)
[22:17:03] TERRAIN: Queued chunk: (-12.0, 6.0) (distance: 16.97)
[22:17:03] TERRAIN: Queued chunk: (12.0, -18.0) (distance: 16.97)
[22:17:03] TERRAIN: Queued chunk: (-12.0, -18.0) (distance: 16.97)
[22:17:03] TERRAIN: Queued chunk: (12.0, 6.0) (distance: 16.97)
[22:17:03] TERRAIN: Queued chunk: (15.0, -14.0) (distance: 17.00)
[22:17:03] TERRAIN: Queued chunk: (-8.0, -21.0) (distance: 17.00)
[22:17:03] TERRAIN: Queued chunk: (-15.0, 2.0) (distance: 17.00)
[22:17:03] TERRAIN: Queued chunk: (-15.0, -14.0) (distance: 17.00)
[22:17:03] TERRAIN: Queued chunk: (8.0, 9.0) (distance: 17.00)
[22:17:03] TERRAIN: Queued chunk: (15.0, 2.0) (distance: 17.00)
[22:17:03] TERRAIN: Queued chunk: (-8.0, 9.0) (distance: 17.00)
[22:17:03] TERRAIN: Queued chunk: (8.0, -21.0) (distance: 17.00)
[22:17:03] TERRAIN: Queued chunk: (-13.0, 5.0) (distance: 17.03)
[22:17:03] TERRAIN: Queued chunk: (11.0, -19.0) (distance: 17.03)
[22:17:03] TERRAIN: Queued chunk: (-13.0, -17.0) (distance: 17.03)
[22:17:03] TERRAIN: Queued chunk: (13.0, -17.0) (distance: 17.03)
[22:17:03] TERRAIN: Queued chunk: (-11.0, -19.0) (distance: 17.03)
[22:17:03] TERRAIN: Queued chunk: (13.0, 5.0) (distance: 17.03)
[22:17:03] TERRAIN: Queued chunk: (-11.0, 7.0) (distance: 17.03)
[22:17:03] TERRAIN: Queued chunk: (11.0, 7.0) (distance: 17.03)
[22:17:03] TERRAIN: Queued chunk: (14.0, 4.0) (distance: 17.20)
[22:17:03] TERRAIN: Queued chunk: (10.0, -20.0) (distance: 17.20)
[22:17:03] TERRAIN: Queued chunk: (-14.0, -16.0) (distance: 17.20)
[22:17:03] TERRAIN: Queued chunk: (-14.0, 4.0) (distance: 17.20)
[22:17:03] TERRAIN: Queued chunk: (-10.0, -20.0) (distance: 17.20)
[22:17:03] TERRAIN: Queued chunk: (10.0, 8.0) (distance: 17.20)
[22:17:03] TERRAIN: Queued chunk: (-10.0, 8.0) (distance: 17.20)
[22:17:03] TERRAIN: Queued chunk: (14.0, -16.0) (distance: 17.20)
[22:17:03] TERRAIN: Queued chunk: (15.0, -15.0) (distance: 17.49)
[22:17:03] TERRAIN: Queued chunk: (-15.0, -15.0) (distance: 17.49)
[22:17:03] TERRAIN: Queued chunk: (15.0, 3.0) (distance: 17.49)
[22:17:03] TERRAIN: Queued chunk: (-9.0, 9.0) (distance: 17.49)
[22:17:03] TERRAIN: Queued chunk: (9.0, 9.0) (distance: 17.49)
[22:17:03] TERRAIN: Queued chunk: (-15.0, 3.0) (distance: 17.49)
[22:17:03] TERRAIN: Queued chunk: (9.0, -21.0) (distance: 17.49)
[22:17:03] TERRAIN: Queued chunk: (-9.0, -21.0) (distance: 17.49)
[22:17:03] TERRAIN: Queued chunk: (12.0, -19.0) (distance: 17.69)
[22:17:03] TERRAIN: Queued chunk: (-12.0, 7.0) (distance: 17.69)
[22:17:03] TERRAIN: Queued chunk: (-12.0, -19.0) (distance: 17.69)
[22:17:03] TERRAIN: Queued chunk: (-13.0, 6.0) (distance: 17.69)
[22:17:03] TERRAIN: Queued chunk: (13.0, -18.0) (distance: 17.69)
[22:17:03] TERRAIN: Queued chunk: (-13.0, -18.0) (distance: 17.69)
[22:17:03] TERRAIN: Queued chunk: (12.0, 7.0) (distance: 17.69)
[22:17:03] TERRAIN: Queued chunk: (13.0, 6.0) (distance: 17.69)
[22:17:03] TERRAIN: Queued chunk: (14.0, -17.0) (distance: 17.80)
[22:17:03] TERRAIN: Queued chunk: (11.0, 8.0) (distance: 17.80)
[22:17:03] TERRAIN: Queued chunk: (11.0, -20.0) (distance: 17.80)
[22:17:03] TERRAIN: Queued chunk: (14.0, 5.0) (distance: 17.80)
[22:17:03] TERRAIN: Queued chunk: (-11.0, 8.0) (distance: 17.80)
[22:17:03] TERRAIN: Queued chunk: (-11.0, -20.0) (distance: 17.80)
[22:17:03] TERRAIN: Queued chunk: (-14.0, -17.0) (distance: 17.80)
[22:17:03] TERRAIN: Queued chunk: (-14.0, 5.0) (distance: 17.80)
[22:17:03] TERRAIN: Queued chunk: (10.0, 9.0) (distance: 18.03)
[22:17:03] TERRAIN: Queued chunk: (15.0, -16.0) (distance: 18.03)
[22:17:03] TERRAIN: Queued chunk: (10.0, -21.0) (distance: 18.03)
[22:17:03] TERRAIN: Queued chunk: (-10.0, 9.0) (distance: 18.03)
[22:17:03] TERRAIN: Queued chunk: (-10.0, -21.0) (distance: 18.03)
[22:17:03] TERRAIN: Queued chunk: (15.0, 4.0) (distance: 18.03)
[22:17:03] TERRAIN: Queued chunk: (-15.0, 4.0) (distance: 18.03)
[22:17:03] TERRAIN: Queued chunk: (-15.0, -16.0) (distance: 18.03)
[22:17:03] TERRAIN: Queued chunk: (13.0, 7.0) (distance: 18.38)
[22:17:03] TERRAIN: Queued chunk: (-13.0, -19.0) (distance: 18.38)
[22:17:03] TERRAIN: Queued chunk: (-13.0, 7.0) (distance: 18.38)
[22:17:03] TERRAIN: Queued chunk: (13.0, -19.0) (distance: 18.38)
[22:17:03] TERRAIN: Queued chunk: (14.0, 6.0) (distance: 18.44)
[22:17:03] TERRAIN: Queued chunk: (14.0, -18.0) (distance: 18.44)
[22:17:03] TERRAIN: Queued chunk: (-14.0, -18.0) (distance: 18.44)
[22:17:03] TERRAIN: Queued chunk: (-14.0, 6.0) (distance: 18.44)
[22:17:03] TERRAIN: Queued chunk: (-12.0, -20.0) (distance: 18.44)
[22:17:03] TERRAIN: Queued chunk: (-12.0, 8.0) (distance: 18.44)
[22:17:03] TERRAIN: Queued chunk: (12.0, 8.0) (distance: 18.44)
[22:17:03] TERRAIN: Queued chunk: (12.0, -20.0) (distance: 18.44)
[22:17:03] TERRAIN: Queued chunk: (15.0, -17.0) (distance: 18.60)
[22:17:03] TERRAIN: Queued chunk: (11.0, 9.0) (distance: 18.60)
[22:17:03] TERRAIN: Queued chunk: (11.0, -21.0) (distance: 18.60)
[22:17:03] TERRAIN: Queued chunk: (-11.0, 9.0) (distance: 18.60)
[22:17:03] TERRAIN: Queued chunk: (-11.0, -21.0) (distance: 18.60)
[22:17:03] TERRAIN: Queued chunk: (-15.0, 5.0) (distance: 18.60)
[22:17:03] TERRAIN: Queued chunk: (-15.0, -17.0) (distance: 18.60)
[22:17:03] TERRAIN: Queued chunk: (15.0, 5.0) (distance: 18.60)
[22:17:03] TERRAIN: Queued chunk: (14.0, -19.0) (distance: 19.10)
[22:17:03] TERRAIN: Queued chunk: (13.0, 8.0) (distance: 19.10)
[22:17:03] TERRAIN: Queued chunk: (13.0, -20.0) (distance: 19.10)
[22:17:03] TERRAIN: Queued chunk: (-13.0, 8.0) (distance: 19.10)
[22:17:03] TERRAIN: Queued chunk: (-13.0, -20.0) (distance: 19.10)
[22:17:03] TERRAIN: Queued chunk: (-14.0, 7.0) (distance: 19.10)
[22:17:03] TERRAIN: Queued chunk: (-14.0, -19.0) (distance: 19.10)
[22:17:03] TERRAIN: Queued chunk: (14.0, 7.0) (distance: 19.10)
[22:17:03] TERRAIN: Queued chunk: (15.0, -18.0) (distance: 19.21)
[22:17:03] TERRAIN: Queued chunk: (15.0, 6.0) (distance: 19.21)
[22:17:03] TERRAIN: Queued chunk: (-15.0, 6.0) (distance: 19.21)
[22:17:03] TERRAIN: Queued chunk: (-15.0, -18.0) (distance: 19.21)
[22:17:03] TERRAIN: Queued chunk: (12.0, 9.0) (distance: 19.21)
[22:17:03] TERRAIN: Queued chunk: (12.0, -21.0) (distance: 19.21)
[22:17:03] TERRAIN: Queued chunk: (-12.0, 9.0) (distance: 19.21)
[22:17:03] TERRAIN: Queued chunk: (-12.0, -21.0) (distance: 19.21)
[22:17:03] TERRAIN: Queued chunk: (-14.0, -20.0) (distance: 19.80)
[22:17:03] TERRAIN: Queued chunk: (-14.0, 8.0) (distance: 19.80)
[22:17:03] TERRAIN: Queued chunk: (14.0, 8.0) (distance: 19.80)
[22:17:03] TERRAIN: Queued chunk: (14.0, -20.0) (distance: 19.80)
[22:17:03] TERRAIN: Queued chunk: (-15.0, 7.0) (distance: 19.85)
[22:17:03] TERRAIN: Queued chunk: (-13.0, -21.0) (distance: 19.85)
[22:17:03] TERRAIN: Queued chunk: (-13.0, 9.0) (distance: 19.85)
[22:17:03] TERRAIN: Queued chunk: (13.0, -21.0) (distance: 19.85)
[22:17:03] TERRAIN: Queued chunk: (13.0, 9.0) (distance: 19.85)
[22:17:03] TERRAIN: Queued chunk: (-15.0, -19.0) (distance: 19.85)
[22:17:03] TERRAIN: Queued chunk: (15.0, 7.0) (distance: 19.85)
[22:17:03] TERRAIN: Queued chunk: (15.0, -19.0) (distance: 19.85)
[22:17:03] TERRAIN: Queued chunk: (-15.0, 8.0) (distance: 20.52)
[22:17:03] TERRAIN: Queued chunk: (-15.0, -20.0) (distance: 20.52)
[22:17:03] TERRAIN: Queued chunk: (15.0, 8.0) (distance: 20.52)
[22:17:03] TERRAIN: Queued chunk: (-14.0, -21.0) (distance: 20.52)
[22:17:03] TERRAIN: Queued chunk: (-14.0, 9.0) (distance: 20.52)
[22:17:03] TERRAIN: Queued chunk: (14.0, -21.0) (distance: 20.52)
[22:17:03] TERRAIN: Queued chunk: (14.0, 9.0) (distance: 20.52)
[22:17:03] TERRAIN: Queued chunk: (15.0, -20.0) (distance: 20.52)
[22:17:03] TERRAIN: Queued chunk: (15.0, 9.0) (distance: 21.21)
[22:17:03] TERRAIN: Queued chunk: (15.0, -21.0) (distance: 21.21)
[22:17:03] TERRAIN: Queued chunk: (-15.0, 9.0) (distance: 21.21)
[22:17:03] TERRAIN: Queued chunk: (-15.0, -21.0) (distance: 21.21)
[22:17:03] TERRAIN: Creating chunk: (1.0, -20.0) at distance 14.04
[22:17:03] TERRAIN: Chunk (1.0, -20.0): Using BOX collision (distance: 14.04)
[22:17:03] TERRAIN: Chunk created successfully: (1.0, -20.0) at world pos (32.0, 0.0, -640.0) (total chunks: 679)
[22:17:03] TERRAIN: Creating chunk: (-1.0, -20.0) at distance 14.04
[22:17:03] TERRAIN: Chunk (-1.0, -20.0): Using BOX collision (distance: 14.04)
[22:17:03] TERRAIN: Chunk created successfully: (-1.0, -20.0) at world pos (-32.0, 0.0, -640.0) (total chunks: 680)
[22:17:03] TERRAIN: Creating chunk: (2.0, -20.0) at distance 14.14
[22:17:03] TERRAIN: Chunk (2.0, -20.0): Using BOX collision (distance: 14.14)
[22:17:03] TERRAIN: Chunk created successfully: (2.0, -20.0) at world pos (64.0, 0.0, -640.0) (total chunks: 681)
[22:17:03] TERRAIN: Creating chunk: (-2.0, -20.0) at distance 14.14
[22:17:03] TERRAIN: Chunk (-2.0, -20.0): Using BOX collision (distance: 14.14)
[22:17:03] TERRAIN: Chunk created successfully: (-2.0, -20.0) at world pos (-64.0, 0.0, -640.0) (total chunks: 682)
[22:17:03] TERRAIN: Creating chunk: (6.0, -19.0) at distance 14.32
[22:17:03] TERRAIN: Chunk (6.0, -19.0): Using BOX collision (distance: 14.32)
[22:17:03] TERRAIN: Chunk created successfully: (6.0, -19.0) at world pos (192.0, 0.0, -608.0) (total chunks: 683)
[22:17:03] TERRAIN: Creating chunk: (-6.0, -19.0) at distance 14.32
[22:17:03] TERRAIN: Chunk (-6.0, -19.0): Using BOX collision (distance: 14.32)
[22:17:03] TERRAIN: Chunk created successfully: (-6.0, -19.0) at world pos (-192.0, 0.0, -608.0) (total chunks: 684)
[22:17:03] TERRAIN: Creating chunk: (3.0, -20.0) at distance 14.32
[22:17:03] TERRAIN: Chunk (3.0, -20.0): Using BOX collision (distance: 14.32)
[22:17:03] TERRAIN: Chunk created successfully: (3.0, -20.0) at world pos (96.0, 0.0, -640.0) (total chunks: 685)
[22:17:03] TERRAIN: Creating chunk: (-3.0, -20.0) at distance 14.32
[22:17:03] TERRAIN: Chunk (-3.0, -20.0): Using BOX collision (distance: 14.32)
[22:17:03] TERRAIN: Chunk created successfully: (-3.0, -20.0) at world pos (-96.0, 0.0, -640.0) (total chunks: 686)
[22:17:03] TERRAIN: Creating chunk: (-8.0, -18.0) at distance 14.42
[22:17:03] TERRAIN: Chunk (-8.0, -18.0): Using BOX collision (distance: 14.42)
[22:17:03] TERRAIN: Chunk created successfully: (-8.0, -18.0) at world pos (-256.0, 0.0, -576.0) (total chunks: 687)
[22:17:03] TERRAIN: Creating chunk: (8.0, -18.0) at distance 14.42
[22:17:03] TERRAIN: Chunk (8.0, -18.0): Using BOX collision (distance: 14.42)
[22:17:03] TERRAIN: Chunk created successfully: (8.0, -18.0) at world pos (256.0, 0.0, -576.0) (total chunks: 688)
[22:17:03] TERRAIN: Creating chunk: (4.0, -20.0) at distance 14.56
[22:17:03] TERRAIN: Chunk (4.0, -20.0): Using BOX collision (distance: 14.56)
[22:17:03] TERRAIN: Chunk created successfully: (4.0, -20.0) at world pos (128.0, 0.0, -640.0) (total chunks: 689)
[22:17:03] TERRAIN: Creating chunk: (-4.0, -20.0) at distance 14.56
[22:17:03] TERRAIN: Chunk (-4.0, -20.0): Using BOX collision (distance: 14.56)
[22:17:03] TERRAIN: Chunk created successfully: (-4.0, -20.0) at world pos (-128.0, 0.0, -640.0) (total chunks: 690)
[22:17:03] TERRAIN: Creating chunk: (7.0, -19.0) at distance 14.76
[22:17:03] TERRAIN: Chunk (7.0, -19.0): Using BOX collision (distance: 14.76)
[22:17:03] TERRAIN: Chunk created successfully: (7.0, -19.0) at world pos (224.0, 0.0, -608.0) (total chunks: 691)
[22:17:03] TERRAIN: Creating chunk: (13.0, -13.0) at distance 14.76
[22:17:03] TERRAIN: Chunk (13.0, -13.0): Using BOX collision (distance: 14.76)
[22:17:03] TERRAIN: Chunk created successfully: (13.0, -13.0) at world pos (416.0, 0.0, -416.0) (total chunks: 692)
[22:17:03] TERRAIN: Creating chunk: (-13.0, -13.0) at distance 14.76
[22:17:03] TERRAIN: Chunk (-13.0, -13.0): Using BOX collision (distance: 14.76)
[22:17:03] TERRAIN: Chunk created successfully: (-13.0, -13.0) at world pos (-416.0, 0.0, -416.0) (total chunks: 693)
[22:17:03] TERRAIN: Creating chunk: (-7.0, -19.0) at distance 14.76
[22:17:03] TERRAIN: Chunk (-7.0, -19.0): Using BOX collision (distance: 14.76)
[22:17:03] TERRAIN: Chunk created successfully: (-7.0, -19.0) at world pos (-224.0, 0.0, -608.0) (total chunks: 694)
[22:17:03] TERRAIN: Creating chunk: (10.0, -17.0) at distance 14.87
[22:17:03] TERRAIN: Chunk (10.0, -17.0): Using BOX collision (distance: 14.87)
[22:17:03] TERRAIN: Chunk created successfully: (10.0, -17.0) at world pos (320.0, 0.0, -544.0) (total chunks: 695)
[22:17:03] TERRAIN: Creating chunk: (-11.0, -16.0) at distance 14.87
[22:17:03] TERRAIN: Chunk (-11.0, -16.0): Using BOX collision (distance: 14.87)
[22:17:03] TERRAIN: Chunk created successfully: (-11.0, -16.0) at world pos (-352.0, 0.0, -512.0) (total chunks: 696)
[22:17:03] TERRAIN: Creating chunk: (-5.0, -20.0) at distance 14.87
[22:17:03] TERRAIN: Chunk (-5.0, -20.0): Using BOX collision (distance: 14.87)
[22:17:03] TERRAIN: Chunk created successfully: (-5.0, -20.0) at world pos (-160.0, 0.0, -640.0) (total chunks: 697)
[22:17:03] TERRAIN: Creating chunk: (11.0, -16.0) at distance 14.87
[22:17:03] TERRAIN: Chunk (11.0, -16.0): Using BOX collision (distance: 14.87)
[22:17:03] TERRAIN: Chunk created successfully: (11.0, -16.0) at world pos (352.0, 0.0, -512.0) (total chunks: 698)
[22:17:03] TERRAIN: Creating chunk: (14.0, -11.0) at distance 14.87
[22:17:03] TERRAIN: Chunk (14.0, -11.0): Using BOX collision (distance: 14.87)
[22:17:03] TERRAIN: Chunk created successfully: (14.0, -11.0) at world pos (448.0, 0.0, -352.0) (total chunks: 699)
[22:17:03] TERRAIN: Creating chunk: (-14.0, -11.0) at distance 14.87
[22:17:03] TERRAIN: Chunk (-14.0, -11.0): Using BOX collision (distance: 14.87)
[22:17:03] TERRAIN: Chunk created successfully: (-14.0, -11.0) at world pos (-448.0, 0.0, -352.0) (total chunks: 700)
[22:17:03] TERRAIN: Creating chunk: (5.0, -20.0) at distance 14.87
[22:17:03] TERRAIN: Chunk (5.0, -20.0): Using BOX collision (distance: 14.87)
[22:17:03] TERRAIN: Chunk created successfully: (5.0, -20.0) at world pos (160.0, 0.0, -640.0) (total chunks: 701)
[22:17:03] TERRAIN: Creating chunk: (-10.0, -17.0) at distance 14.87
[22:17:03] TERRAIN: Chunk (-10.0, -17.0): Using BOX collision (distance: 14.87)
[22:17:03] TERRAIN: Chunk created successfully: (-10.0, -17.0) at world pos (-320.0, 0.0, -544.0) (total chunks: 702)
[22:17:03] TERRAIN: Creating chunk: (0.0, -21.0) at distance 15.00
[22:17:03] TERRAIN: Chunk (0.0, -21.0): Using BOX collision (distance: 15.00)
[22:17:03] TERRAIN: Chunk created successfully: (0.0, -21.0) at world pos (0.0, 0.0, -672.0) (total chunks: 703)
[22:17:03] TERRAIN: Creating chunk: (-12.0, -15.0) at distance 15.00
[22:17:03] TERRAIN: Chunk (-12.0, -15.0): Using BOX collision (distance: 15.00)
[22:17:03] TERRAIN: Chunk created successfully: (-12.0, -15.0) at world pos (-384.0, 0.0, -480.0) (total chunks: 704)
[22:17:03] TERRAIN: Creating chunk: (15.0, -6.0) at distance 15.00
[22:17:03] TERRAIN: Chunk (15.0, -6.0): Using BOX collision (distance: 15.00)
[22:17:03] TERRAIN: Chunk created successfully: (15.0, -6.0) at world pos (480.0, 0.0, -192.0) (total chunks: 705)
[22:17:03] TERRAIN: Creating chunk: (-9.0, -18.0) at distance 15.00
[22:17:03] TERRAIN: Chunk (-9.0, -18.0): Using BOX collision (distance: 15.00)
[22:17:03] TERRAIN: Chunk created successfully: (-9.0, -18.0) at world pos (-288.0, 0.0, -576.0) (total chunks: 706)
[22:17:03] TERRAIN: Creating chunk: (12.0, -15.0) at distance 15.00
[22:17:03] TERRAIN: Chunk (12.0, -15.0): Using BOX collision (distance: 15.00)
[22:17:03] TERRAIN: Chunk created successfully: (12.0, -15.0) at world pos (384.0, 0.0, -480.0) (total chunks: 707)
[22:17:03] TERRAIN: Creating chunk: (-15.0, -6.0) at distance 15.00
[22:17:03] TERRAIN: Chunk (-15.0, -6.0): Using BOX collision (distance: 15.00)
[22:17:03] TERRAIN: Chunk created successfully: (-15.0, -6.0) at world pos (-480.0, 0.0, -192.0) (total chunks: 708)
[22:17:03] TERRAIN: Creating chunk: (9.0, -18.0) at distance 15.00
[22:17:03] TERRAIN: Chunk (9.0, -18.0): Using BOX collision (distance: 15.00)
[22:17:03] TERRAIN: Chunk created successfully: (9.0, -18.0) at world pos (288.0, 0.0, -576.0) (total chunks: 709)
[22:17:03] PLAYER: Pos: (0.000101, -0.002315, -162.665) | Chunk: (0.0, -6.0) | TerrainHeight: -0.01 | HeightDiff: 0.01 | OnFloor: true
[22:17:03] PLAYER: CHUNK CHANGED: (0.0, -5.0) -> (0.0, -6.0)
[22:17:04] PLAYER: Pos: (0.000101, -0.003438, -167.6647) | Chunk: (0.0, -6.0) | TerrainHeight: -0.02 | HeightDiff: 0.02 | OnFloor: true
[22:17:05] PLAYER: Pos: (0.000101, -0.004561, -172.6644) | Chunk: (0.0, -6.0) | TerrainHeight: -0.01 | HeightDiff: 0.01 | OnFloor: true
[22:17:06] PLAYER: Pos: (0.000101, -0.004561, -177.6641) | Chunk: (0.0, -6.0) | TerrainHeight: -0.01 | HeightDiff: 0.00 | OnFloor: true
[22:17:07] PLAYER: Pos: (0.000105, -0.002558, -182.6638) | Chunk: (0.0, -6.0) | TerrainHeight: -0.01 | HeightDiff: 0.01 | OnFloor: true
[22:17:08] PLAYER: Pos: (0.000109, -0.000533, -187.6635) | Chunk: (0.0, -6.0) | TerrainHeight: -0.01 | HeightDiff: 0.01 | OnFloor: true
[22:17:09] TERRAIN: Player moved to new chunk: (0.0, -7.0) (was (0.0, -6.0))
[22:17:09] TERRAIN: Updating terrain for player chunk: (0.0, -7.0) (player pos: (0.000114, 0.001494, -192.0798))
[22:17:09] TERRAIN: Player chunk (0.0, -7.0) distance: 0.00 (render_distance: 15)
[22:17:09] TERRAIN: Removing 31 distant chunks
[22:17:09] TERRAIN: Removing chunk (1.0, 8.0) at distance 15.03 (player: (0.0, -7.0))
[22:17:09] TERRAIN: Removing chunk: (1.0, 8.0)
[22:17:09] TERRAIN: Removing chunk (-1.0, 8.0) at distance 15.03 (player: (0.0, -7.0))
[22:17:09] TERRAIN: Removing chunk: (-1.0, 8.0)
[22:17:09] TERRAIN: Removing chunk (2.0, 8.0) at distance 15.13 (player: (0.0, -7.0))
[22:17:09] TERRAIN: Removing chunk: (2.0, 8.0)
[22:17:09] TERRAIN: Removing chunk (-2.0, 8.0) at distance 15.13 (player: (0.0, -7.0))
[22:17:09] TERRAIN: Removing chunk: (-2.0, 8.0)
[22:17:09] TERRAIN: Removing chunk (-3.0, 8.0) at distance 15.30 (player: (0.0, -7.0))
[22:17:09] TERRAIN: Removing chunk: (-3.0, 8.0)
[22:17:09] TERRAIN: Removing chunk (3.0, 8.0) at distance 15.30 (player: (0.0, -7.0))
[22:17:09] TERRAIN: Removing chunk: (3.0, 8.0)
[22:17:09] TERRAIN: Removing chunk (4.0, 8.0) at distance 15.52 (player: (0.0, -7.0))
[22:17:09] TERRAIN: Removing chunk: (4.0, 8.0)
[22:17:09] TERRAIN: Removing chunk (-4.0, 8.0) at distance 15.52 (player: (0.0, -7.0))
[22:17:09] TERRAIN: Removing chunk: (-4.0, 8.0)
[22:17:09] TERRAIN: Removing chunk (0.0, 9.0) at distance 16.00 (player: (0.0, -7.0))
[22:17:09] TERRAIN: Removing chunk: (0.0, 9.0)
[22:17:09] TERRAIN: Removing chunk (-6.0, 7.0) at distance 15.23 (player: (0.0, -7.0))
[22:17:09] TERRAIN: Removing chunk: (-6.0, 7.0)
[22:17:09] TERRAIN: Removing chunk (6.0, 7.0) at distance 15.23 (player: (0.0, -7.0))
[22:17:09] TERRAIN: Removing chunk: (6.0, 7.0)
[22:17:09] TERRAIN: Removing chunk (-5.0, 8.0) at distance 15.81 (player: (0.0, -7.0))
[22:17:09] TERRAIN: Removing chunk: (-5.0, 8.0)
[22:17:09] TERRAIN: Removing chunk (5.0, 8.0) at distance 15.81 (player: (0.0, -7.0))
[22:17:09] TERRAIN: Removing chunk: (5.0, 8.0)
[22:17:09] TERRAIN: Removing chunk (-7.0, 7.0) at distance 15.65 (player: (0.0, -7.0))
[22:17:09] TERRAIN: Removing chunk: (-7.0, 7.0)
[22:17:09] TERRAIN: Removing chunk (7.0, 7.0) at distance 15.65 (player: (0.0, -7.0))
[22:17:09] TERRAIN: Removing chunk: (7.0, 7.0)
[22:17:09] TERRAIN: Removing chunk (8.0, 6.0) at distance 15.26 (player: (0.0, -7.0))
[22:17:09] TERRAIN: Removing chunk: (8.0, 6.0)
[22:17:09] TERRAIN: Removing chunk (-8.0, 6.0) at distance 15.26 (player: (0.0, -7.0))
[22:17:09] TERRAIN: Removing chunk: (-8.0, 6.0)
[22:17:09] TERRAIN: Removing chunk (-9.0, 6.0) at distance 15.81 (player: (0.0, -7.0))
[22:17:09] TERRAIN: Removing chunk: (-9.0, 6.0)
[22:17:09] TERRAIN: Removing chunk (9.0, 6.0) at distance 15.81 (player: (0.0, -7.0))
[22:17:09] TERRAIN: Removing chunk: (9.0, 6.0)
[22:17:09] TERRAIN: Removing chunk (10.0, 5.0) at distance 15.62 (player: (0.0, -7.0))
[22:17:09] TERRAIN: Removing chunk: (10.0, 5.0)
[22:17:09] TERRAIN: Removing chunk (-10.0, 5.0) at distance 15.62 (player: (0.0, -7.0))
[22:17:09] TERRAIN: Removing chunk: (-10.0, 5.0)
[22:17:09] TERRAIN: Removing chunk (-11.0, 4.0) at distance 15.56 (player: (0.0, -7.0))
[22:17:09] TERRAIN: Removing chunk: (-11.0, 4.0)
[22:17:09] TERRAIN: Removing chunk (11.0, 4.0) at distance 15.56 (player: (0.0, -7.0))
[22:17:09] TERRAIN: Removing chunk: (11.0, 4.0)
[22:17:09] TERRAIN: Removing chunk (-12.0, 3.0) at distance 15.62 (player: (0.0, -7.0))
[22:17:09] TERRAIN: Removing chunk: (-12.0, 3.0)
[22:17:09] TERRAIN: Removing chunk (12.0, 3.0) at distance 15.62 (player: (0.0, -7.0))
[22:17:09] TERRAIN: Removing chunk: (12.0, 3.0)
[22:17:09] TERRAIN: Removing chunk (-13.0, 1.0) at distance 15.26 (player: (0.0, -7.0))
[22:17:09] TERRAIN: Removing chunk: (-13.0, 1.0)
[22:17:09] TERRAIN: Removing chunk (13.0, 1.0) at distance 15.26 (player: (0.0, -7.0))
[22:17:09] TERRAIN: Removing chunk: (13.0, 1.0)
[22:17:09] TERRAIN: Removing chunk (-14.0, -1.0) at distance 15.23 (player: (0.0, -7.0))
[22:17:09] TERRAIN: Removing chunk: (-14.0, -1.0)
[22:17:09] TERRAIN: Removing chunk (14.0, -1.0) at distance 15.23 (player: (0.0, -7.0))
[22:17:09] TERRAIN: Removing chunk: (14.0, -1.0)
[22:17:09] TERRAIN: Removing chunk (15.0, -6.0) at distance 15.03 (player: (0.0, -7.0))
[22:17:09] TERRAIN: Removing chunk: (15.0, -6.0)
[22:17:09] TERRAIN: Removing chunk (-15.0, -6.0) at distance 15.03 (player: (0.0, -7.0))
[22:17:09] TERRAIN: Removing chunk: (-15.0, -6.0)
[22:17:09] TERRAIN: Queuing 283 new chunks for generation
[22:17:09] TERRAIN: Queued chunk: (1.0, -21.0) (distance: 14.04)
[22:17:09] TERRAIN: Queued chunk: (-1.0, -21.0) (distance: 14.04)
[22:17:09] TERRAIN: Queued chunk: (2.0, -21.0) (distance: 14.14)
[22:17:09] TERRAIN: Queued chunk: (-2.0, -21.0) (distance: 14.14)
[22:17:09] TERRAIN: Queued chunk: (6.0, -20.0) (distance: 14.32)
[22:17:09] TERRAIN: Queued chunk: (-6.0, -20.0) (distance: 14.32)
[22:17:09] TERRAIN: Queued chunk: (3.0, -21.0) (distance: 14.32)
[22:17:09] TERRAIN: Queued chunk: (-3.0, -21.0) (distance: 14.32)
[22:17:09] TERRAIN: Queued chunk: (-8.0, -19.0) (distance: 14.42)
[22:17:09] TERRAIN: Queued chunk: (8.0, -19.0) (distance: 14.42)
[22:17:09] TERRAIN: Queued chunk: (4.0, -21.0) (distance: 14.56)
[22:17:09] TERRAIN: Queued chunk: (-4.0, -21.0) (distance: 14.56)
[22:17:09] TERRAIN: Queued chunk: (7.0, -20.0) (distance: 14.76)
[22:17:09] TERRAIN: Queued chunk: (13.0, -14.0) (distance: 14.76)
[22:17:09] TERRAIN: Queued chunk: (-13.0, -14.0) (distance: 14.76)
[22:17:09] TERRAIN: Queued chunk: (-7.0, -20.0) (distance: 14.76)
[22:17:09] TERRAIN: Queued chunk: (10.0, -18.0) (distance: 14.87)
[22:17:09] TERRAIN: Queued chunk: (-11.0, -17.0) (distance: 14.87)
[22:17:09] TERRAIN: Queued chunk: (-5.0, -21.0) (distance: 14.87)
[22:17:09] TERRAIN: Queued chunk: (11.0, -17.0) (distance: 14.87)
[22:17:09] TERRAIN: Queued chunk: (14.0, -12.0) (distance: 14.87)
[22:17:09] TERRAIN: Queued chunk: (-14.0, -12.0) (distance: 14.87)
[22:17:09] TERRAIN: Queued chunk: (5.0, -21.0) (distance: 14.87)
[22:17:09] TERRAIN: Queued chunk: (-10.0, -18.0) (distance: 14.87)
[22:17:09] TERRAIN: Queued chunk: (0.0, -22.0) (distance: 15.00)
[22:17:09] TERRAIN: Queued chunk: (-12.0, -16.0) (distance: 15.00)
[22:17:09] TERRAIN: Queued chunk: (15.0, -7.0) (distance: 15.00)
[22:17:09] TERRAIN: Queued chunk: (-9.0, -19.0) (distance: 15.00)
[22:17:09] TERRAIN: Queued chunk: (12.0, -16.0) (distance: 15.00)
[22:17:09] TERRAIN: Queued chunk: (-15.0, -7.0) (distance: 15.00)
[22:17:09] TERRAIN: Queued chunk: (9.0, -19.0) (distance: 15.00)
[22:17:09] TERRAIN: Queued chunk: (15.0, -6.0) (distance: 15.03)
[22:17:09] TERRAIN: Queued chunk: (1.0, 8.0) (distance: 15.03)
[22:17:09] TERRAIN: Queued chunk: (-15.0, -6.0) (distance: 15.03)
[22:17:09] TERRAIN: Queued chunk: (1.0, -22.0) (distance: 15.03)
[22:17:09] TERRAIN: Queued chunk: (-1.0, 8.0) (distance: 15.03)
[22:17:09] TERRAIN: Queued chunk: (15.0, -8.0) (distance: 15.03)
[22:17:09] TERRAIN: Queued chunk: (-15.0, -8.0) (distance: 15.03)
[22:17:09] TERRAIN: Queued chunk: (-1.0, -22.0) (distance: 15.03)
[22:17:09] TERRAIN: Queued chunk: (15.0, -9.0) (distance: 15.13)
[22:17:09] TERRAIN: Queued chunk: (-2.0, 8.0) (distance: 15.13)
[22:17:09] TERRAIN: Queued chunk: (-15.0, -9.0) (distance: 15.13)
[22:17:09] TERRAIN: Queued chunk: (-2.0, -22.0) (distance: 15.13)
[22:17:09] TERRAIN: Queued chunk: (-15.0, -5.0) (distance: 15.13)
[22:17:09] TERRAIN: Queued chunk: (2.0, -22.0) (distance: 15.13)
[22:17:09] TERRAIN: Queued chunk: (2.0, 8.0) (distance: 15.13)
[22:17:09] TERRAIN: Queued chunk: (15.0, -5.0) (distance: 15.13)
[22:17:09] TERRAIN: Queued chunk: (14.0, -1.0) (distance: 15.23)
[22:17:09] TERRAIN: Queued chunk: (14.0, -13.0) (distance: 15.23)
[22:17:09] TERRAIN: Queued chunk: (-6.0, -21.0) (distance: 15.23)
[22:17:09] TERRAIN: Queued chunk: (-6.0, 7.0) (distance: 15.23)
[22:17:09] TERRAIN: Queued chunk: (6.0, 7.0) (distance: 15.23)
[22:17:09] TERRAIN: Queued chunk: (6.0, -21.0) (distance: 15.23)
[22:17:09] TERRAIN: Queued chunk: (-14.0, -13.0) (distance: 15.23)
[22:17:09] TERRAIN: Queued chunk: (-14.0, -1.0) (distance: 15.23)
[22:17:09] TERRAIN: Queued chunk: (8.0, -20.0) (distance: 15.26)
[22:17:09] TERRAIN: Queued chunk: (-8.0, -20.0) (distance: 15.26)
[22:17:09] TERRAIN: Queued chunk: (8.0, 6.0) (distance: 15.26)
[22:17:09] TERRAIN: Queued chunk: (-8.0, 6.0) (distance: 15.26)
[22:17:09] TERRAIN: Queued chunk: (13.0, -15.0) (distance: 15.26)
[22:17:09] TERRAIN: Queued chunk: (-13.0, 1.0) (distance: 15.26)
[22:17:09] TERRAIN: Queued chunk: (-13.0, -15.0) (distance: 15.26)
[22:17:09] TERRAIN: Queued chunk: (13.0, 1.0) (distance: 15.26)
[22:17:09] TERRAIN: Queued chunk: (3.0, 8.0) (distance: 15.30)
[22:17:09] TERRAIN: Queued chunk: (15.0, -4.0) (distance: 15.30)
[22:17:09] TERRAIN: Queued chunk: (15.0, -10.0) (distance: 15.30)
[22:17:09] TERRAIN: Queued chunk: (-3.0, -22.0) (distance: 15.30)
[22:17:09] TERRAIN: Queued chunk: (-15.0, -4.0) (distance: 15.30)
[22:17:09] TERRAIN: Queued chunk: (-3.0, 8.0) (distance: 15.30)
[22:17:09] TERRAIN: Queued chunk: (3.0, -22.0) (distance: 15.30)
[22:17:09] TERRAIN: Queued chunk: (-15.0, -10.0) (distance: 15.30)
[22:17:09] TERRAIN: Queued chunk: (15.0, -11.0) (distance: 15.52)
[22:17:09] TERRAIN: Queued chunk: (15.0, -3.0) (distance: 15.52)
[22:17:09] TERRAIN: Queued chunk: (-4.0, -22.0) (distance: 15.52)
[22:17:09] TERRAIN: Queued chunk: (-4.0, 8.0) (distance: 15.52)
[22:17:09] TERRAIN: Queued chunk: (-15.0, -11.0) (distance: 15.52)
[22:17:09] TERRAIN: Queued chunk: (-15.0, -3.0) (distance: 15.52)
[22:17:09] TERRAIN: Queued chunk: (4.0, 8.0) (distance: 15.52)
[22:17:09] TERRAIN: Queued chunk: (4.0, -22.0) (distance: 15.52)
[22:17:09] TERRAIN: Queued chunk: (11.0, 4.0) (distance: 15.56)
[22:17:09] TERRAIN: Queued chunk: (11.0, -18.0) (distance: 15.56)
[22:17:09] TERRAIN: Queued chunk: (-11.0, 4.0) (distance: 15.56)
[22:17:09] TERRAIN: Queued chunk: (-11.0, -18.0) (distance: 15.56)
[22:17:09] TERRAIN: Queued chunk: (-10.0, 5.0) (distance: 15.62)
[22:17:09] TERRAIN: Queued chunk: (10.0, -19.0) (distance: 15.62)
[22:17:09] TERRAIN: Queued chunk: (10.0, 5.0) (distance: 15.62)
[22:17:09] TERRAIN: Queued chunk: (-10.0, -19.0) (distance: 15.62)
[22:17:09] TERRAIN: Queued chunk: (12.0, 3.0) (distance: 15.62)
[22:17:09] TERRAIN: Queued chunk: (12.0, -17.0) (distance: 15.62)
[22:17:09] TERRAIN: Queued chunk: (-12.0, -17.0) (distance: 15.62)
[22:17:09] TERRAIN: Queued chunk: (-12.0, 3.0) (distance: 15.62)
[22:17:09] TERRAIN: Queued chunk: (-7.0, 7.0) (distance: 15.65)
[22:17:09] TERRAIN: Queued chunk: (-7.0, -21.0) (distance: 15.65)
[22:17:09] TERRAIN: Queued chunk: (14.0, -14.0) (distance: 15.65)
[22:17:09] TERRAIN: Queued chunk: (14.0, 0.0) (distance: 15.65)
[22:17:09] TERRAIN: Queued chunk: (-14.0, 0.0) (distance: 15.65)
[22:17:09] TERRAIN: Queued chunk: (-14.0, -14.0) (distance: 15.65)
[22:17:09] TERRAIN: Queued chunk: (7.0, -21.0) (distance: 15.65)
[22:17:09] TERRAIN: Queued chunk: (7.0, 7.0) (distance: 15.65)
[22:17:09] TERRAIN: Queued chunk: (-5.0, -22.0) (distance: 15.81)
[22:17:09] TERRAIN: Queued chunk: (-5.0, 8.0) (distance: 15.81)
[22:17:09] TERRAIN: Queued chunk: (15.0, -12.0) (distance: 15.81)
[22:17:09] TERRAIN: Queued chunk: (9.0, 6.0) (distance: 15.81)
[22:17:09] TERRAIN: Queued chunk: (5.0, -22.0) (distance: 15.81)
[22:17:09] TERRAIN: Queued chunk: (9.0, -20.0) (distance: 15.81)
[22:17:09] TERRAIN: Queued chunk: (5.0, 8.0) (distance: 15.81)
[22:17:09] TERRAIN: Queued chunk: (13.0, -16.0) (distance: 15.81)
[22:17:09] TERRAIN: Queued chunk: (-13.0, 2.0) (distance: 15.81)
[22:17:09] TERRAIN: Queued chunk: (-13.0, -16.0) (distance: 15.81)
[22:17:09] TERRAIN: Queued chunk: (13.0, 2.0) (distance: 15.81)
[22:17:09] TERRAIN: Queued chunk: (15.0, -2.0) (distance: 15.81)
[22:17:09] TERRAIN: Queued chunk: (-9.0, 6.0) (distance: 15.81)
[22:17:09] TERRAIN: Queued chunk: (-15.0, -12.0) (distance: 15.81)
[22:17:09] TERRAIN: Queued chunk: (-15.0, -2.0) (distance: 15.81)
[22:17:09] TERRAIN: Queued chunk: (-9.0, -20.0) (distance: 15.81)
[22:17:09] TERRAIN: Queued chunk: (-8.0, 7.0) (distance: 16.12)
[22:17:09] TERRAIN: Queued chunk: (8.0, -21.0) (distance: 16.12)
[22:17:09] TERRAIN: Queued chunk: (-8.0, -21.0) (distance: 16.12)
[22:17:09] TERRAIN: Queued chunk: (-14.0, -15.0) (distance: 16.12)
[22:17:09] TERRAIN: Queued chunk: (-14.0, 1.0) (distance: 16.12)
[22:17:09] TERRAIN: Queued chunk: (8.0, 7.0) (distance: 16.12)
[22:17:09] TERRAIN: Queued chunk: (14.0, 1.0) (distance: 16.12)
[22:17:09] TERRAIN: Queued chunk: (14.0, -15.0) (distance: 16.12)
[22:17:09] TERRAIN: Queued chunk: (15.0, -1.0) (distance: 16.16)
[22:17:09] TERRAIN: Queued chunk: (6.0, 8.0) (distance: 16.16)
[22:17:09] TERRAIN: Queued chunk: (6.0, -22.0) (distance: 16.16)
[22:17:09] TERRAIN: Queued chunk: (-15.0, -1.0) (distance: 16.16)
[22:17:09] TERRAIN: Queued chunk: (-15.0, -13.0) (distance: 16.16)
[22:17:09] TERRAIN: Queued chunk: (-6.0, 8.0) (distance: 16.16)
[22:17:09] TERRAIN: Queued chunk: (15.0, -13.0) (distance: 16.16)
[22:17:09] TERRAIN: Queued chunk: (-6.0, -22.0) (distance: 16.16)
[22:17:09] TERRAIN: Queued chunk: (11.0, -19.0) (distance: 16.28)
[22:17:09] TERRAIN: Queued chunk: (11.0, 5.0) (distance: 16.28)
[22:17:09] TERRAIN: Queued chunk: (12.0, 4.0) (distance: 16.28)
[22:17:09] TERRAIN: Queued chunk: (-12.0, -18.0) (distance: 16.28)
[22:17:09] TERRAIN: Queued chunk: (-12.0, 4.0) (distance: 16.28)
[22:17:09] TERRAIN: Queued chunk: (12.0, -18.0) (distance: 16.28)
[22:17:09] TERRAIN: Queued chunk: (-11.0, -19.0) (distance: 16.28)
[22:17:09] TERRAIN: Queued chunk: (-11.0, 5.0) (distance: 16.28)
[22:17:09] TERRAIN: Queued chunk: (-10.0, 6.0) (distance: 16.40)
[22:17:09] TERRAIN: Queued chunk: (13.0, 3.0) (distance: 16.40)
[22:17:09] TERRAIN: Queued chunk: (10.0, -20.0) (distance: 16.40)
[22:17:09] TERRAIN: Queued chunk: (-10.0, -20.0) (distance: 16.40)
[22:17:09] TERRAIN: Queued chunk: (10.0, 6.0) (distance: 16.40)
[22:17:09] TERRAIN: Queued chunk: (-13.0, -17.0) (distance: 16.40)
[22:17:09] TERRAIN: Queued chunk: (-13.0, 3.0) (distance: 16.40)
[22:17:09] TERRAIN: Queued chunk: (13.0, -17.0) (distance: 16.40)
[22:17:09] TERRAIN: Queued chunk: (-15.0, -14.0) (distance: 16.55)
[22:17:09] TERRAIN: Queued chunk: (-15.0, 0.0) (distance: 16.55)
[22:17:09] TERRAIN: Queued chunk: (15.0, -14.0) (distance: 16.55)
[22:17:09] TERRAIN: Queued chunk: (7.0, 8.0) (distance: 16.55)
[22:17:09] TERRAIN: Queued chunk: (15.0, 0.0) (distance: 16.55)
[22:17:09] TERRAIN: Queued chunk: (-7.0, -22.0) (distance: 16.55)
[22:17:09] TERRAIN: Queued chunk: (-7.0, 8.0) (distance: 16.55)
[22:17:09] TERRAIN: Queued chunk: (7.0, -22.0) (distance: 16.55)
[22:17:09] TERRAIN: Queued chunk: (14.0, -16.0) (distance: 16.64)
[22:17:09] TERRAIN: Queued chunk: (9.0, -21.0) (distance: 16.64)
[22:17:09] TERRAIN: Queued chunk: (9.0, 7.0) (distance: 16.64)
[22:17:09] TERRAIN: Queued chunk: (-9.0, -21.0) (distance: 16.64)
[22:17:09] TERRAIN: Queued chunk: (-14.0, -16.0) (distance: 16.64)
[22:17:09] TERRAIN: Queued chunk: (-14.0, 2.0) (distance: 16.64)
[22:17:09] TERRAIN: Queued chunk: (-9.0, 7.0) (distance: 16.64)
[22:17:09] TERRAIN: Queued chunk: (14.0, 2.0) (distance: 16.64)
[22:17:09] TERRAIN: Queued chunk: (-12.0, 5.0) (distance: 16.97)
[22:17:09] TERRAIN: Queued chunk: (12.0, -19.0) (distance: 16.97)
[22:17:09] TERRAIN: Queued chunk: (-12.0, -19.0) (distance: 16.97)
[22:17:09] TERRAIN: Queued chunk: (12.0, 5.0) (distance: 16.97)
[22:17:09] TERRAIN: Queued chunk: (15.0, -15.0) (distance: 17.00)
[22:17:09] TERRAIN: Queued chunk: (-8.0, -22.0) (distance: 17.00)
[22:17:09] TERRAIN: Queued chunk: (-15.0, 1.0) (distance: 17.00)
[22:17:09] TERRAIN: Queued chunk: (-15.0, -15.0) (distance: 17.00)
[22:17:09] TERRAIN: Queued chunk: (8.0, 8.0) (distance: 17.00)
[22:17:09] TERRAIN: Queued chunk: (15.0, 1.0) (distance: 17.00)
[22:17:09] TERRAIN: Queued chunk: (-8.0, 8.0) (distance: 17.00)
[22:17:09] TERRAIN: Queued chunk: (8.0, -22.0) (distance: 17.00)
[22:17:09] TERRAIN: Queued chunk: (-13.0, 4.0) (distance: 17.03)
[22:17:09] TERRAIN: Queued chunk: (11.0, -20.0) (distance: 17.03)
[22:17:09] TERRAIN: Queued chunk: (-13.0, -18.0) (distance: 17.03)
[22:17:09] TERRAIN: Queued chunk: (13.0, -18.0) (distance: 17.03)
[22:17:09] TERRAIN: Queued chunk: (-11.0, -20.0) (distance: 17.03)
[22:17:09] TERRAIN: Queued chunk: (13.0, 4.0) (distance: 17.03)
[22:17:09] TERRAIN: Queued chunk: (-11.0, 6.0) (distance: 17.03)
[22:17:09] TERRAIN: Queued chunk: (11.0, 6.0) (distance: 17.03)
[22:17:09] TERRAIN: Queued chunk: (14.0, 3.0) (distance: 17.20)
[22:17:09] TERRAIN: Queued chunk: (10.0, -21.0) (distance: 17.20)
[22:17:09] TERRAIN: Queued chunk: (-14.0, -17.0) (distance: 17.20)
[22:17:09] TERRAIN: Queued chunk: (-14.0, 3.0) (distance: 17.20)
[22:17:09] TERRAIN: Queued chunk: (-10.0, -21.0) (distance: 17.20)
[22:17:09] TERRAIN: Queued chunk: (10.0, 7.0) (distance: 17.20)
[22:17:09] TERRAIN: Queued chunk: (-10.0, 7.0) (distance: 17.20)
[22:17:09] TERRAIN: Queued chunk: (14.0, -17.0) (distance: 17.20)
[22:17:09] TERRAIN: Queued chunk: (15.0, -16.0) (distance: 17.49)
[22:17:09] TERRAIN: Queued chunk: (-15.0, -16.0) (distance: 17.49)
[22:17:09] TERRAIN: Queued chunk: (15.0, 2.0) (distance: 17.49)
[22:17:09] TERRAIN: Queued chunk: (-9.0, 8.0) (distance: 17.49)
[22:17:09] TERRAIN: Queued chunk: (9.0, 8.0) (distance: 17.49)
[22:17:09] TERRAIN: Queued chunk: (-15.0, 2.0) (distance: 17.49)
[22:17:09] TERRAIN: Queued chunk: (9.0, -22.0) (distance: 17.49)
[22:17:09] TERRAIN: Queued chunk: (-9.0, -22.0) (distance: 17.49)
[22:17:09] TERRAIN: Queued chunk: (12.0, -20.0) (distance: 17.69)
[22:17:09] TERRAIN: Queued chunk: (-12.0, 6.0) (distance: 17.69)
[22:17:09] TERRAIN: Queued chunk: (-12.0, -20.0) (distance: 17.69)
[22:17:09] TERRAIN: Queued chunk: (-13.0, 5.0) (distance: 17.69)
[22:17:09] TERRAIN: Queued chunk: (13.0, -19.0) (distance: 17.69)
[22:17:09] TERRAIN: Queued chunk: (-13.0, -19.0) (distance: 17.69)
[22:17:09] TERRAIN: Queued chunk: (12.0, 6.0) (distance: 17.69)
[22:17:09] TERRAIN: Queued chunk: (13.0, 5.0) (distance: 17.69)
[22:17:09] TERRAIN: Queued chunk: (14.0, -18.0) (distance: 17.80)
[22:17:09] TERRAIN: Queued chunk: (11.0, 7.0) (distance: 17.80)
[22:17:09] TERRAIN: Queued chunk: (11.0, -21.0) (distance: 17.80)
[22:17:09] TERRAIN: Queued chunk: (14.0, 4.0) (distance: 17.80)
[22:17:09] TERRAIN: Queued chunk: (-11.0, 7.0) (distance: 17.80)
[22:17:09] TERRAIN: Queued chunk: (-11.0, -21.0) (distance: 17.80)
[22:17:09] TERRAIN: Queued chunk: (-14.0, -18.0) (distance: 17.80)
[22:17:09] TERRAIN: Queued chunk: (-14.0, 4.0) (distance: 17.80)
[22:17:09] TERRAIN: Queued chunk: (10.0, 8.0) (distance: 18.03)
[22:17:09] TERRAIN: Queued chunk: (15.0, -17.0) (distance: 18.03)
[22:17:09] TERRAIN: Queued chunk: (10.0, -22.0) (distance: 18.03)
[22:17:09] TERRAIN: Queued chunk: (-10.0, 8.0) (distance: 18.03)
[22:17:09] TERRAIN: Queued chunk: (-10.0, -22.0) (distance: 18.03)
[22:17:09] TERRAIN: Queued chunk: (15.0, 3.0) (distance: 18.03)
[22:17:09] TERRAIN: Queued chunk: (-15.0, 3.0) (distance: 18.03)
[22:17:09] TERRAIN: Queued chunk: (-15.0, -17.0) (distance: 18.03)
[22:17:09] TERRAIN: Queued chunk: (13.0, 6.0) (distance: 18.38)
[22:17:09] TERRAIN: Queued chunk: (-13.0, -20.0) (distance: 18.38)
[22:17:09] TERRAIN: Queued chunk: (-13.0, 6.0) (distance: 18.38)
[22:17:09] TERRAIN: Queued chunk: (13.0, -20.0) (distance: 18.38)
[22:17:09] TERRAIN: Queued chunk: (14.0, 5.0) (distance: 18.44)
[22:17:09] TERRAIN: Queued chunk: (14.0, -19.0) (distance: 18.44)
[22:17:09] TERRAIN: Queued chunk: (-14.0, -19.0) (distance: 18.44)
[22:17:09] TERRAIN: Queued chunk: (-14.0, 5.0) (distance: 18.44)
[22:17:09] TERRAIN: Queued chunk: (-12.0, -21.0) (distance: 18.44)
[22:17:09] TERRAIN: Queued chunk: (-12.0, 7.0) (distance: 18.44)
[22:17:09] TERRAIN: Queued chunk: (12.0, 7.0) (distance: 18.44)
[22:17:09] TERRAIN: Queued chunk: (12.0, -21.0) (distance: 18.44)
[22:17:09] TERRAIN: Queued chunk: (15.0, -18.0) (distance: 18.60)
[22:17:09] TERRAIN: Queued chunk: (11.0, 8.0) (distance: 18.60)
[22:17:09] TERRAIN: Queued chunk: (11.0, -22.0) (distance: 18.60)
[22:17:09] TERRAIN: Queued chunk: (-11.0, 8.0) (distance: 18.60)
[22:17:09] TERRAIN: Queued chunk: (-11.0, -22.0) (distance: 18.60)
[22:17:09] TERRAIN: Queued chunk: (-15.0, 4.0) (distance: 18.60)
[22:17:09] TERRAIN: Queued chunk: (-15.0, -18.0) (distance: 18.60)
[22:17:09] TERRAIN: Queued chunk: (15.0, 4.0) (distance: 18.60)
[22:17:09] TERRAIN: Queued chunk: (14.0, -20.0) (distance: 19.10)
[22:17:09] TERRAIN: Queued chunk: (13.0, 7.0) (distance: 19.10)
[22:17:09] TERRAIN: Queued chunk: (13.0, -21.0) (distance: 19.10)
[22:17:09] TERRAIN: Queued chunk: (-13.0, 7.0) (distance: 19.10)
[22:17:09] TERRAIN: Queued chunk: (-13.0, -21.0) (distance: 19.10)
[22:17:09] TERRAIN: Queued chunk: (-14.0, 6.0) (distance: 19.10)
[22:17:09] TERRAIN: Queued chunk: (-14.0, -20.0) (distance: 19.10)
[22:17:09] TERRAIN: Queued chunk: (14.0, 6.0) (distance: 19.10)
[22:17:09] TERRAIN: Queued chunk: (15.0, -19.0) (distance: 19.21)
[22:17:09] TERRAIN: Queued chunk: (15.0, 5.0) (distance: 19.21)
[22:17:09] TERRAIN: Queued chunk: (-15.0, 5.0) (distance: 19.21)
[22:17:09] TERRAIN: Queued chunk: (-15.0, -19.0) (distance: 19.21)
[22:17:09] TERRAIN: Queued chunk: (12.0, 8.0) (distance: 19.21)
[22:17:09] TERRAIN: Queued chunk: (12.0, -22.0) (distance: 19.21)
[22:17:09] TERRAIN: Queued chunk: (-12.0, 8.0) (distance: 19.21)
[22:17:09] TERRAIN: Queued chunk: (-12.0, -22.0) (distance: 19.21)
[22:17:09] TERRAIN: Queued chunk: (-14.0, -21.0) (distance: 19.80)
[22:17:09] TERRAIN: Queued chunk: (-14.0, 7.0) (distance: 19.80)
[22:17:09] TERRAIN: Queued chunk: (14.0, 7.0) (distance: 19.80)
[22:17:09] TERRAIN: Queued chunk: (14.0, -21.0) (distance: 19.80)
[22:17:09] TERRAIN: Queued chunk: (-15.0, 6.0) (distance: 19.85)
[22:17:09] TERRAIN: Queued chunk: (-13.0, -22.0) (distance: 19.85)
[22:17:09] TERRAIN: Queued chunk: (-13.0, 8.0) (distance: 19.85)
[22:17:09] TERRAIN: Queued chunk: (13.0, -22.0) (distance: 19.85)
[22:17:09] TERRAIN: Queued chunk: (13.0, 8.0) (distance: 19.85)
[22:17:09] TERRAIN: Queued chunk: (-15.0, -20.0) (distance: 19.85)
[22:17:09] TERRAIN: Queued chunk: (15.0, 6.0) (distance: 19.85)
[22:17:09] TERRAIN: Queued chunk: (15.0, -20.0) (distance: 19.85)
[22:17:09] TERRAIN: Queued chunk: (-15.0, 7.0) (distance: 20.52)
[22:17:09] TERRAIN: Queued chunk: (-15.0, -21.0) (distance: 20.52)
[22:17:09] TERRAIN: Queued chunk: (15.0, 7.0) (distance: 20.52)
[22:17:09] TERRAIN: Queued chunk: (-14.0, -22.0) (distance: 20.52)
[22:17:09] TERRAIN: Queued chunk: (-14.0, 8.0) (distance: 20.52)
[22:17:09] TERRAIN: Queued chunk: (14.0, -22.0) (distance: 20.52)
[22:17:09] TERRAIN: Queued chunk: (14.0, 8.0) (distance: 20.52)
[22:17:09] TERRAIN: Queued chunk: (15.0, -21.0) (distance: 20.52)
[22:17:09] TERRAIN: Queued chunk: (15.0, 8.0) (distance: 21.21)
[22:17:09] TERRAIN: Queued chunk: (15.0, -22.0) (distance: 21.21)
[22:17:09] TERRAIN: Queued chunk: (-15.0, 8.0) (distance: 21.21)
[22:17:09] TERRAIN: Queued chunk: (-15.0, -22.0) (distance: 21.21)
[22:17:09] TERRAIN: Creating chunk: (1.0, -21.0) at distance 14.04
[22:17:09] TERRAIN: Chunk (1.0, -21.0): Using BOX collision (distance: 14.04)
[22:17:09] TERRAIN: Chunk created successfully: (1.0, -21.0) at world pos (32.0, 0.0, -672.0) (total chunks: 679)
[22:17:09] TERRAIN: Creating chunk: (-1.0, -21.0) at distance 14.04
[22:17:09] TERRAIN: Chunk (-1.0, -21.0): Using BOX collision (distance: 14.04)
[22:17:09] TERRAIN: Chunk created successfully: (-1.0, -21.0) at world pos (-32.0, 0.0, -672.0) (total chunks: 680)
[22:17:09] TERRAIN: Creating chunk: (2.0, -21.0) at distance 14.14
[22:17:09] TERRAIN: Chunk (2.0, -21.0): Using BOX collision (distance: 14.14)
[22:17:09] TERRAIN: Chunk created successfully: (2.0, -21.0) at world pos (64.0, 0.0, -672.0) (total chunks: 681)
[22:17:09] TERRAIN: Creating chunk: (-2.0, -21.0) at distance 14.14
[22:17:09] TERRAIN: Chunk (-2.0, -21.0): Using BOX collision (distance: 14.14)
[22:17:09] TERRAIN: Chunk created successfully: (-2.0, -21.0) at world pos (-64.0, 0.0, -672.0) (total chunks: 682)
[22:17:09] TERRAIN: Creating chunk: (6.0, -20.0) at distance 14.32
[22:17:09] TERRAIN: Chunk (6.0, -20.0): Using BOX collision (distance: 14.32)
[22:17:09] TERRAIN: Chunk created successfully: (6.0, -20.0) at world pos (192.0, 0.0, -640.0) (total chunks: 683)
[22:17:09] TERRAIN: Creating chunk: (-6.0, -20.0) at distance 14.32
[22:17:09] TERRAIN: Chunk (-6.0, -20.0): Using BOX collision (distance: 14.32)
[22:17:09] TERRAIN: Chunk created successfully: (-6.0, -20.0) at world pos (-192.0, 0.0, -640.0) (total chunks: 684)
[22:17:09] TERRAIN: Creating chunk: (3.0, -21.0) at distance 14.32
[22:17:09] TERRAIN: Chunk (3.0, -21.0): Using BOX collision (distance: 14.32)
[22:17:09] TERRAIN: Chunk created successfully: (3.0, -21.0) at world pos (96.0, 0.0, -672.0) (total chunks: 685)
[22:17:09] TERRAIN: Creating chunk: (-3.0, -21.0) at distance 14.32
[22:17:09] TERRAIN: Chunk (-3.0, -21.0): Using BOX collision (distance: 14.32)
[22:17:09] TERRAIN: Chunk created successfully: (-3.0, -21.0) at world pos (-96.0, 0.0, -672.0) (total chunks: 686)
[22:17:09] TERRAIN: Creating chunk: (-8.0, -19.0) at distance 14.42
[22:17:09] TERRAIN: Chunk (-8.0, -19.0): Using BOX collision (distance: 14.42)
[22:17:09] TERRAIN: Chunk created successfully: (-8.0, -19.0) at world pos (-256.0, 0.0, -608.0) (total chunks: 687)
[22:17:09] TERRAIN: Creating chunk: (8.0, -19.0) at distance 14.42
[22:17:09] TERRAIN: Chunk (8.0, -19.0): Using BOX collision (distance: 14.42)
[22:17:09] TERRAIN: Chunk created successfully: (8.0, -19.0) at world pos (256.0, 0.0, -608.0) (total chunks: 688)
[22:17:09] TERRAIN: Creating chunk: (4.0, -21.0) at distance 14.56
[22:17:09] TERRAIN: Chunk (4.0, -21.0): Using BOX collision (distance: 14.56)
[22:17:09] TERRAIN: Chunk created successfully: (4.0, -21.0) at world pos (128.0, 0.0, -672.0) (total chunks: 689)
[22:17:09] TERRAIN: Creating chunk: (-4.0, -21.0) at distance 14.56
[22:17:09] TERRAIN: Chunk (-4.0, -21.0): Using BOX collision (distance: 14.56)
[22:17:09] TERRAIN: Chunk created successfully: (-4.0, -21.0) at world pos (-128.0, 0.0, -672.0) (total chunks: 690)
[22:17:09] TERRAIN: Creating chunk: (7.0, -20.0) at distance 14.76
[22:17:09] TERRAIN: Chunk (7.0, -20.0): Using BOX collision (distance: 14.76)
[22:17:09] TERRAIN: Chunk created successfully: (7.0, -20.0) at world pos (224.0, 0.0, -640.0) (total chunks: 691)
[22:17:09] TERRAIN: Creating chunk: (13.0, -14.0) at distance 14.76
[22:17:09] TERRAIN: Chunk (13.0, -14.0): Using BOX collision (distance: 14.76)
[22:17:09] TERRAIN: Chunk created successfully: (13.0, -14.0) at world pos (416.0, 0.0, -448.0) (total chunks: 692)
[22:17:09] TERRAIN: Creating chunk: (-13.0, -14.0) at distance 14.76
[22:17:09] TERRAIN: Chunk (-13.0, -14.0): Using BOX collision (distance: 14.76)
[22:17:09] TERRAIN: Chunk created successfully: (-13.0, -14.0) at world pos (-416.0, 0.0, -448.0) (total chunks: 693)
[22:17:09] TERRAIN: Creating chunk: (-7.0, -20.0) at distance 14.76
[22:17:09] TERRAIN: Chunk (-7.0, -20.0): Using BOX collision (distance: 14.76)
[22:17:09] TERRAIN: Chunk created successfully: (-7.0, -20.0) at world pos (-224.0, 0.0, -640.0) (total chunks: 694)
[22:17:09] TERRAIN: Creating chunk: (10.0, -18.0) at distance 14.87
[22:17:09] TERRAIN: Chunk (10.0, -18.0): Using BOX collision (distance: 14.87)
[22:17:09] TERRAIN: Chunk created successfully: (10.0, -18.0) at world pos (320.0, 0.0, -576.0) (total chunks: 695)
[22:17:09] TERRAIN: Creating chunk: (-11.0, -17.0) at distance 14.87
[22:17:09] TERRAIN: Chunk (-11.0, -17.0): Using BOX collision (distance: 14.87)
[22:17:09] TERRAIN: Chunk created successfully: (-11.0, -17.0) at world pos (-352.0, 0.0, -544.0) (total chunks: 696)
[22:17:09] TERRAIN: Creating chunk: (-5.0, -21.0) at distance 14.87
[22:17:09] TERRAIN: Chunk (-5.0, -21.0): Using BOX collision (distance: 14.87)
[22:17:09] TERRAIN: Chunk created successfully: (-5.0, -21.0) at world pos (-160.0, 0.0, -672.0) (total chunks: 697)
[22:17:09] TERRAIN: Creating chunk: (11.0, -17.0) at distance 14.87
[22:17:09] TERRAIN: Chunk (11.0, -17.0): Using BOX collision (distance: 14.87)
[22:17:09] TERRAIN: Chunk created successfully: (11.0, -17.0) at world pos (352.0, 0.0, -544.0) (total chunks: 698)
[22:17:09] TERRAIN: Creating chunk: (14.0, -12.0) at distance 14.87
[22:17:09] TERRAIN: Chunk (14.0, -12.0): Using BOX collision (distance: 14.87)
[22:17:09] TERRAIN: Chunk created successfully: (14.0, -12.0) at world pos (448.0, 0.0, -384.0) (total chunks: 699)
[22:17:09] TERRAIN: Creating chunk: (-14.0, -12.0) at distance 14.87
[22:17:09] TERRAIN: Chunk (-14.0, -12.0): Using BOX collision (distance: 14.87)
[22:17:09] TERRAIN: Chunk created successfully: (-14.0, -12.0) at world pos (-448.0, 0.0, -384.0) (total chunks: 700)
[22:17:09] TERRAIN: Creating chunk: (5.0, -21.0) at distance 14.87
[22:17:09] TERRAIN: Chunk (5.0, -21.0): Using BOX collision (distance: 14.87)
[22:17:09] TERRAIN: Chunk created successfully: (5.0, -21.0) at world pos (160.0, 0.0, -672.0) (total chunks: 701)
[22:17:09] TERRAIN: Creating chunk: (-10.0, -18.0) at distance 14.87
[22:17:09] TERRAIN: Chunk (-10.0, -18.0): Using BOX collision (distance: 14.87)
[22:17:09] TERRAIN: Chunk created successfully: (-10.0, -18.0) at world pos (-320.0, 0.0, -576.0) (total chunks: 702)
[22:17:09] TERRAIN: Creating chunk: (0.0, -22.0) at distance 15.00
[22:17:09] TERRAIN: Chunk (0.0, -22.0): Using BOX collision (distance: 15.00)
[22:17:09] TERRAIN: Chunk created successfully: (0.0, -22.0) at world pos (0.0, 0.0, -704.0) (total chunks: 703)
[22:17:09] TERRAIN: Creating chunk: (-12.0, -16.0) at distance 15.00
[22:17:09] TERRAIN: Chunk (-12.0, -16.0): Using BOX collision (distance: 15.00)
[22:17:09] TERRAIN: Chunk created successfully: (-12.0, -16.0) at world pos (-384.0, 0.0, -512.0) (total chunks: 704)
[22:17:09] TERRAIN: Creating chunk: (15.0, -7.0) at distance 15.00
[22:17:09] TERRAIN: Chunk (15.0, -7.0): Using BOX collision (distance: 15.00)
[22:17:09] TERRAIN: Chunk created successfully: (15.0, -7.0) at world pos (480.0, 0.0, -224.0) (total chunks: 705)
[22:17:09] TERRAIN: Creating chunk: (-9.0, -19.0) at distance 15.00
[22:17:09] TERRAIN: Chunk (-9.0, -19.0): Using BOX collision (distance: 15.00)
[22:17:09] TERRAIN: Chunk created successfully: (-9.0, -19.0) at world pos (-288.0, 0.0, -608.0) (total chunks: 706)
[22:17:09] PLAYER: Pos: (0.000114, 0.001494, -192.6631) | Chunk: (0.0, -7.0) | TerrainHeight: 0.00 | HeightDiff: -0.00 | OnFloor: true
[22:17:09] PLAYER: CHUNK CHANGED: (0.0, -6.0) -> (0.0, -7.0)
[22:17:09] TERRAIN: Creating chunk: (12.0, -16.0) at distance 15.00
[22:17:09] TERRAIN: Chunk (12.0, -16.0): Using BOX collision (distance: 15.00)
[22:17:09] TERRAIN: Chunk created successfully: (12.0, -16.0) at world pos (384.0, 0.0, -512.0) (total chunks: 707)
[22:17:09] TERRAIN: Creating chunk: (-15.0, -7.0) at distance 15.00
[22:17:09] TERRAIN: Chunk (-15.0, -7.0): Using BOX collision (distance: 15.00)
[22:17:09] TERRAIN: Chunk created successfully: (-15.0, -7.0) at world pos (-480.0, 0.0, -224.0) (total chunks: 708)
[22:17:09] TERRAIN: Creating chunk: (9.0, -19.0) at distance 15.00
[22:17:09] TERRAIN: Chunk (9.0, -19.0): Using BOX collision (distance: 15.00)
[22:17:09] TERRAIN: Chunk created successfully: (9.0, -19.0) at world pos (288.0, 0.0, -608.0) (total chunks: 709)
[22:17:10] PLAYER: Pos: (0.000114, -0.000752, -197.6628) | Chunk: (0.0, -7.0) | TerrainHeight: 0.00 | HeightDiff: -0.00 | OnFloor: true
[22:17:11] PLAYER: Pos: (0.000114, -0.002998, -202.6625) | Chunk: (0.0, -7.0) | TerrainHeight: 0.01 | HeightDiff: -0.01 | OnFloor: true
[22:17:12] PLAYER: Pos: (0.000114, -0.005244, -207.6622) | Chunk: (0.0, -7.0) | TerrainHeight: -0.00 | HeightDiff: -0.00 | OnFloor: true
[22:17:13] PLAYER: Pos: (0.000114, -0.01833, -212.6619) | Chunk: (0.0, -7.0) | TerrainHeight: -0.04 | HeightDiff: 0.02 | OnFloor: true
[22:17:14] PLAYER: Pos: (0.000114, -0.032685, -217.6616) | Chunk: (0.0, -7.0) | TerrainHeight: -0.05 | HeightDiff: 0.02 | OnFloor: true
[22:17:15] PLAYER: Pos: (0.000114, -0.047871, -222.6613) | Chunk: (0.0, -7.0) | TerrainHeight: -0.05 | HeightDiff: 0.00 | OnFloor: true
[22:17:16] TERRAIN: Player moved to new chunk: (0.0, -8.0) (was (0.0, -7.0))
[22:17:16] TERRAIN: Updating terrain for player chunk: (0.0, -8.0) (player pos: (0.000114, -0.051533, -224.0779))
[22:17:16] TERRAIN: Player chunk (0.0, -8.0) distance: 0.00 (render_distance: 15)
[22:17:16] TERRAIN: Removing 31 distant chunks
[22:17:16] TERRAIN: Removing chunk (1.0, 7.0) at distance 15.03 (player: (0.0, -8.0))
[22:17:16] TERRAIN: Removing chunk: (1.0, 7.0)
[22:17:16] TERRAIN: Removing chunk (-1.0, 7.0) at distance 15.03 (player: (0.0, -8.0))
[22:17:16] TERRAIN: Removing chunk: (-1.0, 7.0)
[22:17:16] TERRAIN: Removing chunk (-2.0, 7.0) at distance 15.13 (player: (0.0, -8.0))
[22:17:16] TERRAIN: Removing chunk: (-2.0, 7.0)
[22:17:16] TERRAIN: Removing chunk (2.0, 7.0) at distance 15.13 (player: (0.0, -8.0))
[22:17:16] TERRAIN: Removing chunk: (2.0, 7.0)
[22:17:16] TERRAIN: Removing chunk (-3.0, 7.0) at distance 15.30 (player: (0.0, -8.0))
[22:17:16] TERRAIN: Removing chunk: (-3.0, 7.0)
[22:17:16] TERRAIN: Removing chunk (3.0, 7.0) at distance 15.30 (player: (0.0, -8.0))
[22:17:16] TERRAIN: Removing chunk: (3.0, 7.0)
[22:17:16] TERRAIN: Removing chunk (0.0, 8.0) at distance 16.00 (player: (0.0, -8.0))
[22:17:16] TERRAIN: Removing chunk: (0.0, 8.0)
[22:17:16] TERRAIN: Removing chunk (-4.0, 7.0) at distance 15.52 (player: (0.0, -8.0))
[22:17:16] TERRAIN: Removing chunk: (-4.0, 7.0)
[22:17:16] TERRAIN: Removing chunk (4.0, 7.0) at distance 15.52 (player: (0.0, -8.0))
[22:17:16] TERRAIN: Removing chunk: (4.0, 7.0)
[22:17:16] TERRAIN: Removing chunk (-6.0, 6.0) at distance 15.23 (player: (0.0, -8.0))
[22:17:16] TERRAIN: Removing chunk: (-6.0, 6.0)
[22:17:16] TERRAIN: Removing chunk (6.0, 6.0) at distance 15.23 (player: (0.0, -8.0))
[22:17:16] TERRAIN: Removing chunk: (6.0, 6.0)
[22:17:16] TERRAIN: Removing chunk (5.0, 7.0) at distance 15.81 (player: (0.0, -8.0))
[22:17:16] TERRAIN: Removing chunk: (5.0, 7.0)
[22:17:16] TERRAIN: Removing chunk (-5.0, 7.0) at distance 15.81 (player: (0.0, -8.0))
[22:17:16] TERRAIN: Removing chunk: (-5.0, 7.0)
[22:17:16] TERRAIN: Removing chunk (-7.0, 6.0) at distance 15.65 (player: (0.0, -8.0))
[22:17:16] TERRAIN: Removing chunk: (-7.0, 6.0)
[22:17:16] TERRAIN: Removing chunk (7.0, 6.0) at distance 15.65 (player: (0.0, -8.0))
[22:17:16] TERRAIN: Removing chunk: (7.0, 6.0)
[22:17:16] TERRAIN: Removing chunk (-8.0, 5.0) at distance 15.26 (player: (0.0, -8.0))
[22:17:16] TERRAIN: Removing chunk: (-8.0, 5.0)
[22:17:16] TERRAIN: Removing chunk (8.0, 5.0) at distance 15.26 (player: (0.0, -8.0))
[22:17:16] TERRAIN: Removing chunk: (8.0, 5.0)
[22:17:16] TERRAIN: Removing chunk (-9.0, 5.0) at distance 15.81 (player: (0.0, -8.0))
[22:17:16] TERRAIN: Removing chunk: (-9.0, 5.0)
[22:17:16] TERRAIN: Removing chunk (9.0, 5.0) at distance 15.81 (player: (0.0, -8.0))
[22:17:16] TERRAIN: Removing chunk: (9.0, 5.0)
[22:17:16] TERRAIN: Removing chunk (10.0, 4.0) at distance 15.62 (player: (0.0, -8.0))
[22:17:16] TERRAIN: Removing chunk: (10.0, 4.0)
[22:17:16] TERRAIN: Removing chunk (-10.0, 4.0) at distance 15.62 (player: (0.0, -8.0))
[22:17:16] TERRAIN: Removing chunk: (-10.0, 4.0)
[22:17:16] TERRAIN: Removing chunk (11.0, 3.0) at distance 15.56 (player: (0.0, -8.0))
[22:17:16] TERRAIN: Removing chunk: (11.0, 3.0)
[22:17:16] TERRAIN: Removing chunk (-11.0, 3.0) at distance 15.56 (player: (0.0, -8.0))
[22:17:16] TERRAIN: Removing chunk: (-11.0, 3.0)
[22:17:16] TERRAIN: Removing chunk (-12.0, 2.0) at distance 15.62 (player: (0.0, -8.0))
[22:17:16] TERRAIN: Removing chunk: (-12.0, 2.0)
[22:17:16] TERRAIN: Removing chunk (12.0, 2.0) at distance 15.62 (player: (0.0, -8.0))
[22:17:16] TERRAIN: Removing chunk: (12.0, 2.0)
[22:17:16] TERRAIN: Removing chunk (13.0, 0.0) at distance 15.26 (player: (0.0, -8.0))
[22:17:16] TERRAIN: Removing chunk: (13.0, 0.0)
[22:17:16] TERRAIN: Removing chunk (-13.0, 0.0) at distance 15.26 (player: (0.0, -8.0))
[22:17:16] TERRAIN: Removing chunk: (-13.0, 0.0)
[22:17:16] TERRAIN: Removing chunk (-14.0, -2.0) at distance 15.23 (player: (0.0, -8.0))
[22:17:16] TERRAIN: Removing chunk: (-14.0, -2.0)
[22:17:16] TERRAIN: Removing chunk (14.0, -2.0) at distance 15.23 (player: (0.0, -8.0))
[22:17:16] TERRAIN: Removing chunk: (14.0, -2.0)
[22:17:16] TERRAIN: Removing chunk (15.0, -7.0) at distance 15.03 (player: (0.0, -8.0))
[22:17:16] TERRAIN: Removing chunk: (15.0, -7.0)
[22:17:16] TERRAIN: Removing chunk (-15.0, -7.0) at distance 15.03 (player: (0.0, -8.0))
[22:17:16] TERRAIN: Removing chunk: (-15.0, -7.0)
[22:17:16] TERRAIN: Queuing 283 new chunks for generation
[22:17:16] TERRAIN: Queued chunk: (1.0, -22.0) (distance: 14.04)
[22:17:16] TERRAIN: Queued chunk: (-1.0, -22.0) (distance: 14.04)
[22:17:16] TERRAIN: Queued chunk: (2.0, -22.0) (distance: 14.14)
[22:17:16] TERRAIN: Queued chunk: (-2.0, -22.0) (distance: 14.14)
[22:17:16] TERRAIN: Queued chunk: (6.0, -21.0) (distance: 14.32)
[22:17:16] TERRAIN: Queued chunk: (-6.0, -21.0) (distance: 14.32)
[22:17:16] TERRAIN: Queued chunk: (3.0, -22.0) (distance: 14.32)
[22:17:16] TERRAIN: Queued chunk: (-3.0, -22.0) (distance: 14.32)
[22:17:16] TERRAIN: Queued chunk: (-8.0, -20.0) (distance: 14.42)
[22:17:16] TERRAIN: Queued chunk: (8.0, -20.0) (distance: 14.42)
[22:17:16] TERRAIN: Queued chunk: (4.0, -22.0) (distance: 14.56)
[22:17:16] TERRAIN: Queued chunk: (-4.0, -22.0) (distance: 14.56)
[22:17:16] TERRAIN: Queued chunk: (7.0, -21.0) (distance: 14.76)
[22:17:16] TERRAIN: Queued chunk: (13.0, -15.0) (distance: 14.76)
[22:17:16] TERRAIN: Queued chunk: (-13.0, -15.0) (distance: 14.76)
[22:17:16] TERRAIN: Queued chunk: (-7.0, -21.0) (distance: 14.76)
[22:17:16] TERRAIN: Queued chunk: (10.0, -19.0) (distance: 14.87)
[22:17:16] TERRAIN: Queued chunk: (-11.0, -18.0) (distance: 14.87)
[22:17:16] TERRAIN: Queued chunk: (-5.0, -22.0) (distance: 14.87)
[22:17:16] TERRAIN: Queued chunk: (11.0, -18.0) (distance: 14.87)
[22:17:16] TERRAIN: Queued chunk: (14.0, -13.0) (distance: 14.87)
[22:17:16] TERRAIN: Queued chunk: (-14.0, -13.0) (distance: 14.87)
[22:17:16] TERRAIN: Queued chunk: (5.0, -22.0) (distance: 14.87)
[22:17:16] TERRAIN: Queued chunk: (-10.0, -19.0) (distance: 14.87)
[22:17:16] TERRAIN: Queued chunk: (0.0, -23.0) (distance: 15.00)
[22:17:16] TERRAIN: Queued chunk: (-12.0, -17.0) (distance: 15.00)
[22:17:16] TERRAIN: Queued chunk: (15.0, -8.0) (distance: 15.00)
[22:17:16] TERRAIN: Queued chunk: (-9.0, -20.0) (distance: 15.00)
[22:17:16] TERRAIN: Queued chunk: (12.0, -17.0) (distance: 15.00)
[22:17:16] TERRAIN: Queued chunk: (-15.0, -8.0) (distance: 15.00)
[22:17:16] TERRAIN: Queued chunk: (9.0, -20.0) (distance: 15.00)
[22:17:16] TERRAIN: Queued chunk: (15.0, -7.0) (distance: 15.03)
[22:17:16] TERRAIN: Queued chunk: (1.0, 7.0) (distance: 15.03)
[22:17:16] TERRAIN: Queued chunk: (-15.0, -7.0) (distance: 15.03)
[22:17:16] TERRAIN: Queued chunk: (1.0, -23.0) (distance: 15.03)
[22:17:16] TERRAIN: Queued chunk: (-1.0, 7.0) (distance: 15.03)
[22:17:16] TERRAIN: Queued chunk: (15.0, -9.0) (distance: 15.03)
[22:17:16] TERRAIN: Queued chunk: (-15.0, -9.0) (distance: 15.03)
[22:17:16] TERRAIN: Queued chunk: (-1.0, -23.0) (distance: 15.03)
[22:17:16] TERRAIN: Queued chunk: (15.0, -10.0) (distance: 15.13)
[22:17:16] TERRAIN: Queued chunk: (-2.0, 7.0) (distance: 15.13)
[22:17:16] TERRAIN: Queued chunk: (-15.0, -10.0) (distance: 15.13)
[22:17:16] TERRAIN: Queued chunk: (-2.0, -23.0) (distance: 15.13)
[22:17:16] TERRAIN: Queued chunk: (-15.0, -6.0) (distance: 15.13)
[22:17:16] TERRAIN: Queued chunk: (2.0, -23.0) (distance: 15.13)
[22:17:16] TERRAIN: Queued chunk: (2.0, 7.0) (distance: 15.13)
[22:17:16] TERRAIN: Queued chunk: (15.0, -6.0) (distance: 15.13)
[22:17:16] TERRAIN: Queued chunk: (14.0, -2.0) (distance: 15.23)
[22:17:16] TERRAIN: Queued chunk: (14.0, -14.0) (distance: 15.23)
[22:17:16] TERRAIN: Queued chunk: (-6.0, -22.0) (distance: 15.23)
[22:17:16] TERRAIN: Queued chunk: (-6.0, 6.0) (distance: 15.23)
[22:17:16] TERRAIN: Queued chunk: (6.0, 6.0) (distance: 15.23)
[22:17:16] TERRAIN: Queued chunk: (6.0, -22.0) (distance: 15.23)
[22:17:16] TERRAIN: Queued chunk: (-14.0, -14.0) (distance: 15.23)
[22:17:16] TERRAIN: Queued chunk: (-14.0, -2.0) (distance: 15.23)
[22:17:16] TERRAIN: Queued chunk: (8.0, -21.0) (distance: 15.26)
[22:17:16] TERRAIN: Queued chunk: (-8.0, -21.0) (distance: 15.26)
[22:17:16] TERRAIN: Queued chunk: (8.0, 5.0) (distance: 15.26)
[22:17:16] TERRAIN: Queued chunk: (-8.0, 5.0) (distance: 15.26)
[22:17:16] TERRAIN: Queued chunk: (13.0, -16.0) (distance: 15.26)
[22:17:16] TERRAIN: Queued chunk: (-13.0, 0.0) (distance: 15.26)
[22:17:16] TERRAIN: Queued chunk: (-13.0, -16.0) (distance: 15.26)
[22:17:16] TERRAIN: Queued chunk: (13.0, 0.0) (distance: 15.26)
[22:17:16] TERRAIN: Queued chunk: (3.0, 7.0) (distance: 15.30)
[22:17:16] TERRAIN: Queued chunk: (15.0, -5.0) (distance: 15.30)
[22:17:16] TERRAIN: Queued chunk: (15.0, -11.0) (distance: 15.30)
[22:17:16] TERRAIN: Queued chunk: (-3.0, -23.0) (distance: 15.30)
[22:17:16] TERRAIN: Queued chunk: (-15.0, -5.0) (distance: 15.30)
[22:17:16] TERRAIN: Queued chunk: (-3.0, 7.0) (distance: 15.30)
[22:17:16] TERRAIN: Queued chunk: (3.0, -23.0) (distance: 15.30)
[22:17:16] TERRAIN: Queued chunk: (-15.0, -11.0) (distance: 15.30)
[22:17:16] TERRAIN: Queued chunk: (15.0, -12.0) (distance: 15.52)
[22:17:16] TERRAIN: Queued chunk: (15.0, -4.0) (distance: 15.52)
[22:17:16] TERRAIN: Queued chunk: (-4.0, -23.0) (distance: 15.52)
[22:17:16] TERRAIN: Queued chunk: (-4.0, 7.0) (distance: 15.52)
[22:17:16] TERRAIN: Queued chunk: (-15.0, -12.0) (distance: 15.52)
[22:17:16] TERRAIN: Queued chunk: (-15.0, -4.0) (distance: 15.52)
[22:17:16] TERRAIN: Queued chunk: (4.0, 7.0) (distance: 15.52)
[22:17:16] TERRAIN: Queued chunk: (4.0, -23.0) (distance: 15.52)
[22:17:16] TERRAIN: Queued chunk: (11.0, 3.0) (distance: 15.56)
[22:17:16] TERRAIN: Queued chunk: (11.0, -19.0) (distance: 15.56)
[22:17:16] TERRAIN: Queued chunk: (-11.0, 3.0) (distance: 15.56)
[22:17:16] TERRAIN: Queued chunk: (-11.0, -19.0) (distance: 15.56)
[22:17:16] TERRAIN: Queued chunk: (-10.0, 4.0) (distance: 15.62)
[22:17:16] TERRAIN: Queued chunk: (10.0, -20.0) (distance: 15.62)
[22:17:16] TERRAIN: Queued chunk: (10.0, 4.0) (distance: 15.62)
[22:17:16] TERRAIN: Queued chunk: (-10.0, -20.0) (distance: 15.62)
[22:17:16] TERRAIN: Queued chunk: (12.0, 2.0) (distance: 15.62)
[22:17:16] TERRAIN: Queued chunk: (12.0, -18.0) (distance: 15.62)
[22:17:16] TERRAIN: Queued chunk: (-12.0, -18.0) (distance: 15.62)
[22:17:16] TERRAIN: Queued chunk: (-12.0, 2.0) (distance: 15.62)
[22:17:16] TERRAIN: Queued chunk: (-7.0, 6.0) (distance: 15.65)
[22:17:16] TERRAIN: Queued chunk: (-7.0, -22.0) (distance: 15.65)
[22:17:16] TERRAIN: Queued chunk: (14.0, -15.0) (distance: 15.65)
[22:17:16] TERRAIN: Queued chunk: (14.0, -1.0) (distance: 15.65)
[22:17:16] TERRAIN: Queued chunk: (-14.0, -1.0) (distance: 15.65)
[22:17:16] TERRAIN: Queued chunk: (-14.0, -15.0) (distance: 15.65)
[22:17:16] TERRAIN: Queued chunk: (7.0, -22.0) (distance: 15.65)
[22:17:16] TERRAIN: Queued chunk: (7.0, 6.0) (distance: 15.65)
[22:17:16] TERRAIN: Queued chunk: (-5.0, -23.0) (distance: 15.81)
[22:17:16] TERRAIN: Queued chunk: (-5.0, 7.0) (distance: 15.81)
[22:17:16] TERRAIN: Queued chunk: (15.0, -13.0) (distance: 15.81)
[22:17:16] TERRAIN: Queued chunk: (9.0, 5.0) (distance: 15.81)
[22:17:16] TERRAIN: Queued chunk: (5.0, -23.0) (distance: 15.81)
[22:17:16] TERRAIN: Queued chunk: (9.0, -21.0) (distance: 15.81)
[22:17:16] TERRAIN: Queued chunk: (5.0, 7.0) (distance: 15.81)
[22:17:16] TERRAIN: Queued chunk: (13.0, -17.0) (distance: 15.81)
[22:17:16] TERRAIN: Queued chunk: (-13.0, 1.0) (distance: 15.81)
[22:17:16] TERRAIN: Queued chunk: (-13.0, -17.0) (distance: 15.81)
[22:17:16] TERRAIN: Queued chunk: (13.0, 1.0) (distance: 15.81)
[22:17:16] TERRAIN: Queued chunk: (15.0, -3.0) (distance: 15.81)
[22:17:16] TERRAIN: Queued chunk: (-9.0, 5.0) (distance: 15.81)
[22:17:16] TERRAIN: Queued chunk: (-15.0, -13.0) (distance: 15.81)
[22:17:16] TERRAIN: Queued chunk: (-15.0, -3.0) (distance: 15.81)
[22:17:16] TERRAIN: Queued chunk: (-9.0, -21.0) (distance: 15.81)
[22:17:16] TERRAIN: Queued chunk: (-8.0, 6.0) (distance: 16.12)
[22:17:16] TERRAIN: Queued chunk: (8.0, -22.0) (distance: 16.12)
[22:17:16] TERRAIN: Queued chunk: (-8.0, -22.0) (distance: 16.12)
[22:17:16] TERRAIN: Queued chunk: (-14.0, -16.0) (distance: 16.12)
[22:17:16] TERRAIN: Queued chunk: (-14.0, 0.0) (distance: 16.12)
[22:17:16] TERRAIN: Queued chunk: (8.0, 6.0) (distance: 16.12)
[22:17:16] TERRAIN: Queued chunk: (14.0, 0.0) (distance: 16.12)
[22:17:16] TERRAIN: Queued chunk: (14.0, -16.0) (distance: 16.12)
[22:17:16] TERRAIN: Queued chunk: (15.0, -2.0) (distance: 16.16)
[22:17:16] TERRAIN: Queued chunk: (6.0, 7.0) (distance: 16.16)
[22:17:16] TERRAIN: Queued chunk: (6.0, -23.0) (distance: 16.16)
[22:17:16] TERRAIN: Queued chunk: (-15.0, -2.0) (distance: 16.16)
[22:17:16] TERRAIN: Queued chunk: (-15.0, -14.0) (distance: 16.16)
[22:17:16] TERRAIN: Queued chunk: (-6.0, 7.0) (distance: 16.16)
[22:17:16] TERRAIN: Queued chunk: (15.0, -14.0) (distance: 16.16)
[22:17:16] TERRAIN: Queued chunk: (-6.0, -23.0) (distance: 16.16)
[22:17:16] TERRAIN: Queued chunk: (11.0, -20.0) (distance: 16.28)
[22:17:16] TERRAIN: Queued chunk: (11.0, 4.0) (distance: 16.28)
[22:17:16] TERRAIN: Queued chunk: (12.0, 3.0) (distance: 16.28)
[22:17:16] TERRAIN: Queued chunk: (-12.0, -19.0) (distance: 16.28)
[22:17:16] TERRAIN: Queued chunk: (-12.0, 3.0) (distance: 16.28)
[22:17:16] TERRAIN: Queued chunk: (12.0, -19.0) (distance: 16.28)
[22:17:16] TERRAIN: Queued chunk: (-11.0, -20.0) (distance: 16.28)
[22:17:16] TERRAIN: Queued chunk: (-11.0, 4.0) (distance: 16.28)
[22:17:16] TERRAIN: Queued chunk: (-10.0, 5.0) (distance: 16.40)
[22:17:16] TERRAIN: Queued chunk: (13.0, 2.0) (distance: 16.40)
[22:17:16] TERRAIN: Queued chunk: (10.0, -21.0) (distance: 16.40)
[22:17:16] TERRAIN: Queued chunk: (-10.0, -21.0) (distance: 16.40)
[22:17:16] TERRAIN: Queued chunk: (10.0, 5.0) (distance: 16.40)
[22:17:16] TERRAIN: Queued chunk: (-13.0, -18.0) (distance: 16.40)
[22:17:16] TERRAIN: Queued chunk: (-13.0, 2.0) (distance: 16.40)
[22:17:16] TERRAIN: Queued chunk: (13.0, -18.0) (distance: 16.40)
[22:17:16] TERRAIN: Queued chunk: (-15.0, -15.0) (distance: 16.55)
[22:17:16] TERRAIN: Queued chunk: (-15.0, -1.0) (distance: 16.55)
[22:17:16] TERRAIN: Queued chunk: (15.0, -15.0) (distance: 16.55)
[22:17:16] TERRAIN: Queued chunk: (7.0, 7.0) (distance: 16.55)
[22:17:16] TERRAIN: Queued chunk: (15.0, -1.0) (distance: 16.55)
[22:17:16] TERRAIN: Queued chunk: (-7.0, -23.0) (distance: 16.55)
[22:17:16] TERRAIN: Queued chunk: (-7.0, 7.0) (distance: 16.55)
[22:17:16] TERRAIN: Queued chunk: (7.0, -23.0) (distance: 16.55)
[22:17:16] TERRAIN: Queued chunk: (14.0, -17.0) (distance: 16.64)
[22:17:16] TERRAIN: Queued chunk: (9.0, -22.0) (distance: 16.64)
[22:17:16] TERRAIN: Queued chunk: (9.0, 6.0) (distance: 16.64)
[22:17:16] TERRAIN: Queued chunk: (-9.0, -22.0) (distance: 16.64)
[22:17:16] TERRAIN: Queued chunk: (-14.0, -17.0) (distance: 16.64)
[22:17:16] TERRAIN: Queued chunk: (-14.0, 1.0) (distance: 16.64)
[22:17:16] TERRAIN: Queued chunk: (-9.0, 6.0) (distance: 16.64)
[22:17:16] TERRAIN: Queued chunk: (14.0, 1.0) (distance: 16.64)
[22:17:16] TERRAIN: Queued chunk: (-12.0, 4.0) (distance: 16.97)
[22:17:16] TERRAIN: Queued chunk: (12.0, -20.0) (distance: 16.97)
[22:17:16] TERRAIN: Queued chunk: (-12.0, -20.0) (distance: 16.97)
[22:17:16] TERRAIN: Queued chunk: (12.0, 4.0) (distance: 16.97)
[22:17:16] TERRAIN: Queued chunk: (15.0, -16.0) (distance: 17.00)
[22:17:16] TERRAIN: Queued chunk: (-8.0, -23.0) (distance: 17.00)
[22:17:16] TERRAIN: Queued chunk: (-15.0, 0.0) (distance: 17.00)
[22:17:16] TERRAIN: Queued chunk: (-15.0, -16.0) (distance: 17.00)
[22:17:16] TERRAIN: Queued chunk: (8.0, 7.0) (distance: 17.00)
[22:17:16] TERRAIN: Queued chunk: (15.0, 0.0) (distance: 17.00)
[22:17:16] TERRAIN: Queued chunk: (-8.0, 7.0) (distance: 17.00)
[22:17:16] TERRAIN: Queued chunk: (8.0, -23.0) (distance: 17.00)
[22:17:16] TERRAIN: Queued chunk: (-13.0, 3.0) (distance: 17.03)
[22:17:16] TERRAIN: Queued chunk: (11.0, -21.0) (distance: 17.03)
[22:17:16] TERRAIN: Queued chunk: (-13.0, -19.0) (distance: 17.03)
[22:17:16] TERRAIN: Queued chunk: (13.0, -19.0) (distance: 17.03)
[22:17:16] TERRAIN: Queued chunk: (-11.0, -21.0) (distance: 17.03)
[22:17:16] TERRAIN: Queued chunk: (13.0, 3.0) (distance: 17.03)
[22:17:16] TERRAIN: Queued chunk: (-11.0, 5.0) (distance: 17.03)
[22:17:16] TERRAIN: Queued chunk: (11.0, 5.0) (distance: 17.03)
[22:17:16] TERRAIN: Queued chunk: (14.0, 2.0) (distance: 17.20)
[22:17:16] TERRAIN: Queued chunk: (10.0, -22.0) (distance: 17.20)
[22:17:16] TERRAIN: Queued chunk: (-14.0, -18.0) (distance: 17.20)
[22:17:16] TERRAIN: Queued chunk: (-14.0, 2.0) (distance: 17.20)
[22:17:16] TERRAIN: Queued chunk: (-10.0, -22.0) (distance: 17.20)
[22:17:16] TERRAIN: Queued chunk: (10.0, 6.0) (distance: 17.20)
[22:17:16] TERRAIN: Queued chunk: (-10.0, 6.0) (distance: 17.20)
[22:17:16] TERRAIN: Queued chunk: (14.0, -18.0) (distance: 17.20)
[22:17:16] TERRAIN: Queued chunk: (15.0, -17.0) (distance: 17.49)
[22:17:16] TERRAIN: Queued chunk: (-15.0, -17.0) (distance: 17.49)
[22:17:16] TERRAIN: Queued chunk: (15.0, 1.0) (distance: 17.49)
[22:17:16] TERRAIN: Queued chunk: (-9.0, 7.0) (distance: 17.49)
[22:17:16] TERRAIN: Queued chunk: (9.0, 7.0) (distance: 17.49)
[22:17:16] TERRAIN: Queued chunk: (-15.0, 1.0) (distance: 17.49)
[22:17:16] TERRAIN: Queued chunk: (9.0, -23.0) (distance: 17.49)
[22:17:16] TERRAIN: Queued chunk: (-9.0, -23.0) (distance: 17.49)
[22:17:16] TERRAIN: Queued chunk: (12.0, -21.0) (distance: 17.69)
[22:17:16] TERRAIN: Queued chunk: (-12.0, 5.0) (distance: 17.69)
[22:17:16] TERRAIN: Queued chunk: (-12.0, -21.0) (distance: 17.69)
[22:17:16] TERRAIN: Queued chunk: (-13.0, 4.0) (distance: 17.69)
[22:17:16] TERRAIN: Queued chunk: (13.0, -20.0) (distance: 17.69)
[22:17:16] TERRAIN: Queued chunk: (-13.0, -20.0) (distance: 17.69)
[22:17:16] TERRAIN: Queued chunk: (12.0, 5.0) (distance: 17.69)
[22:17:16] TERRAIN: Queued chunk: (13.0, 4.0) (distance: 17.69)
[22:17:16] TERRAIN: Queued chunk: (14.0, -19.0) (distance: 17.80)
[22:17:16] TERRAIN: Queued chunk: (11.0, 6.0) (distance: 17.80)
[22:17:16] TERRAIN: Queued chunk: (11.0, -22.0) (distance: 17.80)
[22:17:16] TERRAIN: Queued chunk: (14.0, 3.0) (distance: 17.80)
[22:17:16] TERRAIN: Queued chunk: (-11.0, 6.0) (distance: 17.80)
[22:17:16] TERRAIN: Queued chunk: (-11.0, -22.0) (distance: 17.80)
[22:17:16] TERRAIN: Queued chunk: (-14.0, -19.0) (distance: 17.80)
[22:17:16] TERRAIN: Queued chunk: (-14.0, 3.0) (distance: 17.80)
[22:17:16] TERRAIN: Queued chunk: (10.0, 7.0) (distance: 18.03)
[22:17:16] TERRAIN: Queued chunk: (15.0, -18.0) (distance: 18.03)
[22:17:16] TERRAIN: Queued chunk: (10.0, -23.0) (distance: 18.03)
[22:17:16] TERRAIN: Queued chunk: (-10.0, 7.0) (distance: 18.03)
[22:17:16] TERRAIN: Queued chunk: (-10.0, -23.0) (distance: 18.03)
[22:17:16] TERRAIN: Queued chunk: (15.0, 2.0) (distance: 18.03)
[22:17:16] TERRAIN: Queued chunk: (-15.0, 2.0) (distance: 18.03)
[22:17:16] TERRAIN: Queued chunk: (-15.0, -18.0) (distance: 18.03)
[22:17:16] TERRAIN: Queued chunk: (13.0, 5.0) (distance: 18.38)
[22:17:16] TERRAIN: Queued chunk: (-13.0, -21.0) (distance: 18.38)
[22:17:16] TERRAIN: Queued chunk: (-13.0, 5.0) (distance: 18.38)
[22:17:16] TERRAIN: Queued chunk: (13.0, -21.0) (distance: 18.38)
[22:17:16] TERRAIN: Queued chunk: (14.0, 4.0) (distance: 18.44)
[22:17:16] TERRAIN: Queued chunk: (14.0, -20.0) (distance: 18.44)
[22:17:16] TERRAIN: Queued chunk: (-14.0, -20.0) (distance: 18.44)
[22:17:16] TERRAIN: Queued chunk: (-14.0, 4.0) (distance: 18.44)
[22:17:16] TERRAIN: Queued chunk: (-12.0, -22.0) (distance: 18.44)
[22:17:16] TERRAIN: Queued chunk: (-12.0, 6.0) (distance: 18.44)
[22:17:16] TERRAIN: Queued chunk: (12.0, 6.0) (distance: 18.44)
[22:17:16] TERRAIN: Queued chunk: (12.0, -22.0) (distance: 18.44)
[22:17:16] TERRAIN: Queued chunk: (15.0, -19.0) (distance: 18.60)
[22:17:16] TERRAIN: Queued chunk: (11.0, 7.0) (distance: 18.60)
[22:17:16] TERRAIN: Queued chunk: (11.0, -23.0) (distance: 18.60)
[22:17:16] TERRAIN: Queued chunk: (-11.0, 7.0) (distance: 18.60)
[22:17:16] TERRAIN: Queued chunk: (-11.0, -23.0) (distance: 18.60)
[22:17:16] TERRAIN: Queued chunk: (-15.0, 3.0) (distance: 18.60)
[22:17:16] TERRAIN: Queued chunk: (-15.0, -19.0) (distance: 18.60)
[22:17:16] TERRAIN: Queued chunk: (15.0, 3.0) (distance: 18.60)
[22:17:16] TERRAIN: Queued chunk: (14.0, -21.0) (distance: 19.10)
[22:17:16] TERRAIN: Queued chunk: (13.0, 6.0) (distance: 19.10)
[22:17:16] TERRAIN: Queued chunk: (13.0, -22.0) (distance: 19.10)
[22:17:16] TERRAIN: Queued chunk: (-13.0, 6.0) (distance: 19.10)
[22:17:16] TERRAIN: Queued chunk: (-13.0, -22.0) (distance: 19.10)
[22:17:16] TERRAIN: Queued chunk: (-14.0, 5.0) (distance: 19.10)
[22:17:16] TERRAIN: Queued chunk: (-14.0, -21.0) (distance: 19.10)
[22:17:16] TERRAIN: Queued chunk: (14.0, 5.0) (distance: 19.10)
[22:17:16] TERRAIN: Queued chunk: (15.0, -20.0) (distance: 19.21)
[22:17:16] TERRAIN: Queued chunk: (15.0, 4.0) (distance: 19.21)
[22:17:16] TERRAIN: Queued chunk: (-15.0, 4.0) (distance: 19.21)
[22:17:16] TERRAIN: Queued chunk: (-15.0, -20.0) (distance: 19.21)
[22:17:16] TERRAIN: Queued chunk: (12.0, 7.0) (distance: 19.21)
[22:17:16] TERRAIN: Queued chunk: (12.0, -23.0) (distance: 19.21)
[22:17:16] TERRAIN: Queued chunk: (-12.0, 7.0) (distance: 19.21)
[22:17:16] TERRAIN: Queued chunk: (-12.0, -23.0) (distance: 19.21)
[22:17:16] TERRAIN: Queued chunk: (-14.0, -22.0) (distance: 19.80)
[22:17:16] TERRAIN: Queued chunk: (-14.0, 6.0) (distance: 19.80)
[22:17:16] TERRAIN: Queued chunk: (14.0, 6.0) (distance: 19.80)
[22:17:16] TERRAIN: Queued chunk: (14.0, -22.0) (distance: 19.80)
[22:17:16] TERRAIN: Queued chunk: (-15.0, 5.0) (distance: 19.85)
[22:17:16] TERRAIN: Queued chunk: (-13.0, -23.0) (distance: 19.85)
[22:17:16] TERRAIN: Queued chunk: (-13.0, 7.0) (distance: 19.85)
[22:17:16] TERRAIN: Queued chunk: (13.0, -23.0) (distance: 19.85)
[22:17:16] TERRAIN: Queued chunk: (13.0, 7.0) (distance: 19.85)
[22:17:16] TERRAIN: Queued chunk: (-15.0, -21.0) (distance: 19.85)
[22:17:16] TERRAIN: Queued chunk: (15.0, 5.0) (distance: 19.85)
[22:17:16] TERRAIN: Queued chunk: (15.0, -21.0) (distance: 19.85)
[22:17:16] TERRAIN: Queued chunk: (-15.0, 6.0) (distance: 20.52)
[22:17:16] TERRAIN: Queued chunk: (-15.0, -22.0) (distance: 20.52)
[22:17:16] TERRAIN: Queued chunk: (15.0, 6.0) (distance: 20.52)
[22:17:16] TERRAIN: Queued chunk: (-14.0, -23.0) (distance: 20.52)
[22:17:16] TERRAIN: Queued chunk: (-14.0, 7.0) (distance: 20.52)
[22:17:16] TERRAIN: Queued chunk: (14.0, -23.0) (distance: 20.52)
[22:17:16] TERRAIN: Queued chunk: (14.0, 7.0) (distance: 20.52)
[22:17:16] TERRAIN: Queued chunk: (15.0, -22.0) (distance: 20.52)
[22:17:16] TERRAIN: Queued chunk: (15.0, 7.0) (distance: 21.21)
[22:17:16] TERRAIN: Queued chunk: (15.0, -23.0) (distance: 21.21)
[22:17:16] TERRAIN: Queued chunk: (-15.0, 7.0) (distance: 21.21)
[22:17:16] TERRAIN: Queued chunk: (-15.0, -23.0) (distance: 21.21)
[22:17:16] TERRAIN: Creating chunk: (1.0, -22.0) at distance 14.04
[22:17:16] TERRAIN: Chunk (1.0, -22.0): Using BOX collision (distance: 14.04)
[22:17:16] TERRAIN: Chunk created successfully: (1.0, -22.0) at world pos (32.0, 0.0, -704.0) (total chunks: 679)
[22:17:16] TERRAIN: Creating chunk: (-1.0, -22.0) at distance 14.04
[22:17:16] TERRAIN: Chunk (-1.0, -22.0): Using BOX collision (distance: 14.04)
[22:17:16] TERRAIN: Chunk created successfully: (-1.0, -22.0) at world pos (-32.0, 0.0, -704.0) (total chunks: 680)
[22:17:16] TERRAIN: Creating chunk: (2.0, -22.0) at distance 14.14
[22:17:16] TERRAIN: Chunk (2.0, -22.0): Using BOX collision (distance: 14.14)
[22:17:16] TERRAIN: Chunk created successfully: (2.0, -22.0) at world pos (64.0, 0.0, -704.0) (total chunks: 681)
[22:17:16] TERRAIN: Creating chunk: (-2.0, -22.0) at distance 14.14
[22:17:16] TERRAIN: Chunk (-2.0, -22.0): Using BOX collision (distance: 14.14)
[22:17:16] TERRAIN: Chunk created successfully: (-2.0, -22.0) at world pos (-64.0, 0.0, -704.0) (total chunks: 682)
[22:17:16] TERRAIN: Creating chunk: (6.0, -21.0) at distance 14.32
[22:17:16] TERRAIN: Chunk (6.0, -21.0): Using BOX collision (distance: 14.32)
[22:17:16] TERRAIN: Chunk created successfully: (6.0, -21.0) at world pos (192.0, 0.0, -672.0) (total chunks: 683)
[22:17:16] TERRAIN: Creating chunk: (-6.0, -21.0) at distance 14.32
[22:17:16] TERRAIN: Chunk (-6.0, -21.0): Using BOX collision (distance: 14.32)
[22:17:16] TERRAIN: Chunk created successfully: (-6.0, -21.0) at world pos (-192.0, 0.0, -672.0) (total chunks: 684)
[22:17:16] TERRAIN: Creating chunk: (3.0, -22.0) at distance 14.32
[22:17:16] TERRAIN: Chunk (3.0, -22.0): Using BOX collision (distance: 14.32)
[22:17:16] TERRAIN: Chunk created successfully: (3.0, -22.0) at world pos (96.0, 0.0, -704.0) (total chunks: 685)
[22:17:16] TERRAIN: Creating chunk: (-3.0, -22.0) at distance 14.32
[22:17:16] TERRAIN: Chunk (-3.0, -22.0): Using BOX collision (distance: 14.32)
[22:17:16] TERRAIN: Chunk created successfully: (-3.0, -22.0) at world pos (-96.0, 0.0, -704.0) (total chunks: 686)
[22:17:16] TERRAIN: Creating chunk: (-8.0, -20.0) at distance 14.42
[22:17:16] TERRAIN: Chunk (-8.0, -20.0): Using BOX collision (distance: 14.42)
[22:17:16] TERRAIN: Chunk created successfully: (-8.0, -20.0) at world pos (-256.0, 0.0, -640.0) (total chunks: 687)
[22:17:16] TERRAIN: Creating chunk: (8.0, -20.0) at distance 14.42
[22:17:16] TERRAIN: Chunk (8.0, -20.0): Using BOX collision (distance: 14.42)
[22:17:16] TERRAIN: Chunk created successfully: (8.0, -20.0) at world pos (256.0, 0.0, -640.0) (total chunks: 688)
[22:17:16] TERRAIN: Creating chunk: (4.0, -22.0) at distance 14.56
[22:17:16] TERRAIN: Chunk (4.0, -22.0): Using BOX collision (distance: 14.56)
[22:17:16] TERRAIN: Chunk created successfully: (4.0, -22.0) at world pos (128.0, 0.0, -704.0) (total chunks: 689)
[22:17:16] TERRAIN: Creating chunk: (-4.0, -22.0) at distance 14.56
[22:17:16] TERRAIN: Chunk (-4.0, -22.0): Using BOX collision (distance: 14.56)
[22:17:16] TERRAIN: Chunk created successfully: (-4.0, -22.0) at world pos (-128.0, 0.0, -704.0) (total chunks: 690)
[22:17:16] TERRAIN: Creating chunk: (7.0, -21.0) at distance 14.76
[22:17:16] TERRAIN: Chunk (7.0, -21.0): Using BOX collision (distance: 14.76)
[22:17:16] TERRAIN: Chunk created successfully: (7.0, -21.0) at world pos (224.0, 0.0, -672.0) (total chunks: 691)
[22:17:16] TERRAIN: Creating chunk: (13.0, -15.0) at distance 14.76
[22:17:16] TERRAIN: Chunk (13.0, -15.0): Using BOX collision (distance: 14.76)
[22:17:16] TERRAIN: Chunk created successfully: (13.0, -15.0) at world pos (416.0, 0.0, -480.0) (total chunks: 692)
[22:17:16] TERRAIN: Creating chunk: (-13.0, -15.0) at distance 14.76
[22:17:16] TERRAIN: Chunk (-13.0, -15.0): Using BOX collision (distance: 14.76)
[22:17:16] TERRAIN: Chunk created successfully: (-13.0, -15.0) at world pos (-416.0, 0.0, -480.0) (total chunks: 693)
[22:17:16] TERRAIN: Creating chunk: (-7.0, -21.0) at distance 14.76
[22:17:16] TERRAIN: Chunk (-7.0, -21.0): Using BOX collision (distance: 14.76)
[22:17:16] TERRAIN: Chunk created successfully: (-7.0, -21.0) at world pos (-224.0, 0.0, -672.0) (total chunks: 694)
[22:17:16] TERRAIN: Creating chunk: (10.0, -19.0) at distance 14.87
[22:17:16] TERRAIN: Chunk (10.0, -19.0): Using BOX collision (distance: 14.87)
[22:17:16] TERRAIN: Chunk created successfully: (10.0, -19.0) at world pos (320.0, 0.0, -608.0) (total chunks: 695)
[22:17:16] TERRAIN: Creating chunk: (-11.0, -18.0) at distance 14.87
[22:17:16] TERRAIN: Chunk (-11.0, -18.0): Using BOX collision (distance: 14.87)
[22:17:16] TERRAIN: Chunk created successfully: (-11.0, -18.0) at world pos (-352.0, 0.0, -576.0) (total chunks: 696)
[22:17:16] TERRAIN: Creating chunk: (-5.0, -22.0) at distance 14.87
[22:17:16] TERRAIN: Chunk (-5.0, -22.0): Using BOX collision (distance: 14.87)
[22:17:16] TERRAIN: Chunk created successfully: (-5.0, -22.0) at world pos (-160.0, 0.0, -704.0) (total chunks: 697)
[22:17:16] TERRAIN: Creating chunk: (11.0, -18.0) at distance 14.87
[22:17:16] TERRAIN: Chunk (11.0, -18.0): Using BOX collision (distance: 14.87)
[22:17:16] TERRAIN: Chunk created successfully: (11.0, -18.0) at world pos (352.0, 0.0, -576.0) (total chunks: 698)
[22:17:16] TERRAIN: Creating chunk: (14.0, -13.0) at distance 14.87
[22:17:16] TERRAIN: Chunk (14.0, -13.0): Using BOX collision (distance: 14.87)
[22:17:16] TERRAIN: Chunk created successfully: (14.0, -13.0) at world pos (448.0, 0.0, -416.0) (total chunks: 699)
[22:17:16] TERRAIN: Creating chunk: (-14.0, -13.0) at distance 14.87
[22:17:16] TERRAIN: Chunk (-14.0, -13.0): Using BOX collision (distance: 14.87)
[22:17:16] TERRAIN: Chunk created successfully: (-14.0, -13.0) at world pos (-448.0, 0.0, -416.0) (total chunks: 700)
[22:17:16] TERRAIN: Creating chunk: (5.0, -22.0) at distance 14.87
[22:17:16] TERRAIN: Chunk (5.0, -22.0): Using BOX collision (distance: 14.87)
[22:17:16] TERRAIN: Chunk created successfully: (5.0, -22.0) at world pos (160.0, 0.0, -704.0) (total chunks: 701)
[22:17:16] TERRAIN: Creating chunk: (-10.0, -19.0) at distance 14.87
[22:17:16] TERRAIN: Chunk (-10.0, -19.0): Using BOX collision (distance: 14.87)
[22:17:16] TERRAIN: Chunk created successfully: (-10.0, -19.0) at world pos (-320.0, 0.0, -608.0) (total chunks: 702)
[22:17:16] TERRAIN: Creating chunk: (0.0, -23.0) at distance 15.00
[22:17:16] TERRAIN: Chunk (0.0, -23.0): Using BOX collision (distance: 15.00)
[22:17:16] TERRAIN: Chunk created successfully: (0.0, -23.0) at world pos (0.0, 0.0, -736.0) (total chunks: 703)
[22:17:16] TERRAIN: Creating chunk: (-12.0, -17.0) at distance 15.00
[22:17:16] TERRAIN: Chunk (-12.0, -17.0): Using BOX collision (distance: 15.00)
[22:17:16] TERRAIN: Chunk created successfully: (-12.0, -17.0) at world pos (-384.0, 0.0, -544.0) (total chunks: 704)
[22:17:16] TERRAIN: Creating chunk: (15.0, -8.0) at distance 15.00
[22:17:16] TERRAIN: Chunk (15.0, -8.0): Using BOX collision (distance: 15.00)
[22:17:16] TERRAIN: Chunk created successfully: (15.0, -8.0) at world pos (480.0, 0.0, -256.0) (total chunks: 705)
[22:17:16] TERRAIN: Creating chunk: (-9.0, -20.0) at distance 15.00
[22:17:16] TERRAIN: Chunk (-9.0, -20.0): Using BOX collision (distance: 15.00)
[22:17:16] TERRAIN: Chunk created successfully: (-9.0, -20.0) at world pos (-288.0, 0.0, -640.0) (total chunks: 706)
[22:17:16] TERRAIN: Creating chunk: (12.0, -17.0) at distance 15.00
[22:17:16] TERRAIN: Chunk (12.0, -17.0): Using BOX collision (distance: 15.00)
[22:17:16] TERRAIN: Chunk created successfully: (12.0, -17.0) at world pos (384.0, 0.0, -544.0) (total chunks: 707)
[22:17:16] TERRAIN: Creating chunk: (-15.0, -8.0) at distance 15.00
[22:17:16] TERRAIN: Chunk (-15.0, -8.0): Using BOX collision (distance: 15.00)
[22:17:16] TERRAIN: Chunk created successfully: (-15.0, -8.0) at world pos (-480.0, 0.0, -256.0) (total chunks: 708)
[22:17:16] TERRAIN: Creating chunk: (9.0, -20.0) at distance 15.00
[22:17:16] TERRAIN: Chunk (9.0, -20.0): Using BOX collision (distance: 15.00)
[22:17:16] TERRAIN: Chunk created successfully: (9.0, -20.0) at world pos (288.0, 0.0, -640.0) (total chunks: 709)
[22:17:16] PLAYER: Pos: (0.000123, -0.042983, -227.661) | Chunk: (0.0, -8.0) | TerrainHeight: -0.05 | HeightDiff: 0.01 | OnFloor: true
[22:17:16] PLAYER: CHUNK CHANGED: (0.0, -7.0) -> (0.0, -8.0)
[22:17:17] PLAYER: Pos: (0.000143, -0.030031, -232.6607) | Chunk: (0.0, -8.0) | TerrainHeight: -0.04 | HeightDiff: 0.01 | OnFloor: true
[22:17:18] PLAYER: Pos: (0.000162, -0.017078, -237.6604) | Chunk: (0.0, -8.0) | TerrainHeight: -0.04 | HeightDiff: 0.02 | OnFloor: true
[22:17:19] PLAYER: Pos: (0.000181, -0.004126, -242.6601) | Chunk: (0.0, -8.0) | TerrainHeight: -0.02 | HeightDiff: 0.02 | OnFloor: true
[22:17:20] PLAYER: Pos: (0.000201, 0.008826, -247.6598) | Chunk: (0.0, -8.0) | TerrainHeight: -0.01 | HeightDiff: 0.02 | OnFloor: true
[22:17:21] PLAYER: Pos: (0.00022, 0.021779, -252.6595) | Chunk: (0.0, -8.0) | TerrainHeight: 0.02 | HeightDiff: 0.00 | OnFloor: true
[22:17:22] TERRAIN: Player moved to new chunk: (0.0, -9.0) (was (0.0, -8.0))
[22:17:22] TERRAIN: Updating terrain for player chunk: (0.0, -9.0) (player pos: (0.000232, 0.024162, -256.076))
[22:17:22] TERRAIN: Player chunk (0.0, -9.0) distance: 0.00 (render_distance: 15)
[22:17:22] TERRAIN: Removing 31 distant chunks
[22:17:22] TERRAIN: Removing chunk (-1.0, 6.0) at distance 15.03 (player: (0.0, -9.0))
[22:17:22] TERRAIN: Removing chunk: (-1.0, 6.0)
[22:17:22] TERRAIN: Removing chunk (1.0, 6.0) at distance 15.03 (player: (0.0, -9.0))
[22:17:22] TERRAIN: Removing chunk: (1.0, 6.0)
[22:17:22] TERRAIN: Removing chunk (2.0, 6.0) at distance 15.13 (player: (0.0, -9.0))
[22:17:22] TERRAIN: Removing chunk: (2.0, 6.0)
[22:17:22] TERRAIN: Removing chunk (-2.0, 6.0) at distance 15.13 (player: (0.0, -9.0))
[22:17:22] TERRAIN: Removing chunk: (-2.0, 6.0)
[22:17:22] TERRAIN: Removing chunk (3.0, 6.0) at distance 15.30 (player: (0.0, -9.0))
[22:17:22] TERRAIN: Removing chunk: (3.0, 6.0)
[22:17:22] TERRAIN: Removing chunk (-3.0, 6.0) at distance 15.30 (player: (0.0, -9.0))
[22:17:22] TERRAIN: Removing chunk: (-3.0, 6.0)
[22:17:22] TERRAIN: Removing chunk (0.0, 7.0) at distance 16.00 (player: (0.0, -9.0))
[22:17:22] TERRAIN: Removing chunk: (0.0, 7.0)
[22:17:22] TERRAIN: Removing chunk (-4.0, 6.0) at distance 15.52 (player: (0.0, -9.0))
[22:17:22] TERRAIN: Removing chunk: (-4.0, 6.0)
[22:17:22] TERRAIN: Removing chunk (4.0, 6.0) at distance 15.52 (player: (0.0, -9.0))
[22:17:22] TERRAIN: Removing chunk: (4.0, 6.0)
[22:17:22] TERRAIN: Removing chunk (-6.0, 5.0) at distance 15.23 (player: (0.0, -9.0))
[22:17:22] TERRAIN: Removing chunk: (-6.0, 5.0)
[22:17:22] TERRAIN: Removing chunk (-5.0, 6.0) at distance 15.81 (player: (0.0, -9.0))
[22:17:22] TERRAIN: Removing chunk: (-5.0, 6.0)
[22:17:22] TERRAIN: Removing chunk (5.0, 6.0) at distance 15.81 (player: (0.0, -9.0))
[22:17:22] TERRAIN: Removing chunk: (5.0, 6.0)
[22:17:22] TERRAIN: Removing chunk (6.0, 5.0) at distance 15.23 (player: (0.0, -9.0))
[22:17:22] TERRAIN: Removing chunk: (6.0, 5.0)
[22:17:22] TERRAIN: Removing chunk (7.0, 5.0) at distance 15.65 (player: (0.0, -9.0))
[22:17:22] TERRAIN: Removing chunk: (7.0, 5.0)
[22:17:22] TERRAIN: Removing chunk (-7.0, 5.0) at distance 15.65 (player: (0.0, -9.0))
[22:17:22] TERRAIN: Removing chunk: (-7.0, 5.0)
[22:17:22] TERRAIN: Removing chunk (8.0, 4.0) at distance 15.26 (player: (0.0, -9.0))
[22:17:22] TERRAIN: Removing chunk: (8.0, 4.0)
[22:17:22] TERRAIN: Removing chunk (-8.0, 4.0) at distance 15.26 (player: (0.0, -9.0))
[22:17:22] TERRAIN: Removing chunk: (-8.0, 4.0)
[22:17:22] TERRAIN: Removing chunk (9.0, 4.0) at distance 15.81 (player: (0.0, -9.0))
[22:17:22] TERRAIN: Removing chunk: (9.0, 4.0)
[22:17:22] TERRAIN: Removing chunk (-9.0, 4.0) at distance 15.81 (player: (0.0, -9.0))
[22:17:22] TERRAIN: Removing chunk: (-9.0, 4.0)
[22:17:22] TERRAIN: Removing chunk (10.0, 3.0) at distance 15.62 (player: (0.0, -9.0))
[22:17:22] TERRAIN: Removing chunk: (10.0, 3.0)
[22:17:22] TERRAIN: Removing chunk (-10.0, 3.0) at distance 15.62 (player: (0.0, -9.0))
[22:17:22] TERRAIN: Removing chunk: (-10.0, 3.0)
[22:17:22] TERRAIN: Removing chunk (11.0, 2.0) at distance 15.56 (player: (0.0, -9.0))
[22:17:22] TERRAIN: Removing chunk: (11.0, 2.0)
[22:17:22] TERRAIN: Removing chunk (-11.0, 2.0) at distance 15.56 (player: (0.0, -9.0))
[22:17:22] TERRAIN: Removing chunk: (-11.0, 2.0)
[22:17:22] TERRAIN: Removing chunk (12.0, 1.0) at distance 15.62 (player: (0.0, -9.0))
[22:17:22] TERRAIN: Removing chunk: (12.0, 1.0)
[22:17:22] TERRAIN: Removing chunk (-12.0, 1.0) at distance 15.62 (player: (0.0, -9.0))
[22:17:22] TERRAIN: Removing chunk: (-12.0, 1.0)
[22:17:22] TERRAIN: Removing chunk (-13.0, -1.0) at distance 15.26 (player: (0.0, -9.0))
[22:17:22] TERRAIN: Removing chunk: (-13.0, -1.0)
[22:17:22] TERRAIN: Removing chunk (13.0, -1.0) at distance 15.26 (player: (0.0, -9.0))
[22:17:22] TERRAIN: Removing chunk: (13.0, -1.0)
[22:17:22] TERRAIN: Removing chunk (-14.0, -3.0) at distance 15.23 (player: (0.0, -9.0))
[22:17:22] TERRAIN: Removing chunk: (-14.0, -3.0)
[22:17:22] TERRAIN: Removing chunk (14.0, -3.0) at distance 15.23 (player: (0.0, -9.0))
[22:17:22] TERRAIN: Removing chunk: (14.0, -3.0)
[22:17:22] TERRAIN: Removing chunk (15.0, -8.0) at distance 15.03 (player: (0.0, -9.0))
[22:17:22] TERRAIN: Removing chunk: (15.0, -8.0)
[22:17:22] TERRAIN: Removing chunk (-15.0, -8.0) at distance 15.03 (player: (0.0, -9.0))
[22:17:22] TERRAIN: Removing chunk: (-15.0, -8.0)
[22:17:22] TERRAIN: Queuing 283 new chunks for generation
[22:17:22] TERRAIN: Queued chunk: (1.0, -23.0) (distance: 14.04)
[22:17:22] TERRAIN: Queued chunk: (-1.0, -23.0) (distance: 14.04)
[22:17:22] TERRAIN: Queued chunk: (2.0, -23.0) (distance: 14.14)
[22:17:22] TERRAIN: Queued chunk: (-2.0, -23.0) (distance: 14.14)
[22:17:22] TERRAIN: Queued chunk: (6.0, -22.0) (distance: 14.32)
[22:17:22] TERRAIN: Queued chunk: (-6.0, -22.0) (distance: 14.32)
[22:17:22] TERRAIN: Queued chunk: (3.0, -23.0) (distance: 14.32)
[22:17:22] TERRAIN: Queued chunk: (-3.0, -23.0) (distance: 14.32)
[22:17:22] TERRAIN: Queued chunk: (-8.0, -21.0) (distance: 14.42)
[22:17:22] TERRAIN: Queued chunk: (8.0, -21.0) (distance: 14.42)
[22:17:22] TERRAIN: Queued chunk: (4.0, -23.0) (distance: 14.56)
[22:17:22] TERRAIN: Queued chunk: (-4.0, -23.0) (distance: 14.56)
[22:17:22] TERRAIN: Queued chunk: (7.0, -22.0) (distance: 14.76)
[22:17:22] TERRAIN: Queued chunk: (13.0, -16.0) (distance: 14.76)
[22:17:22] TERRAIN: Queued chunk: (-13.0, -16.0) (distance: 14.76)
[22:17:22] TERRAIN: Queued chunk: (-7.0, -22.0) (distance: 14.76)
[22:17:22] TERRAIN: Queued chunk: (10.0, -20.0) (distance: 14.87)
[22:17:22] TERRAIN: Queued chunk: (-11.0, -19.0) (distance: 14.87)
[22:17:22] TERRAIN: Queued chunk: (-5.0, -23.0) (distance: 14.87)
[22:17:22] TERRAIN: Queued chunk: (11.0, -19.0) (distance: 14.87)
[22:17:22] TERRAIN: Queued chunk: (14.0, -14.0) (distance: 14.87)
[22:17:22] TERRAIN: Queued chunk: (-14.0, -14.0) (distance: 14.87)
[22:17:22] TERRAIN: Queued chunk: (5.0, -23.0) (distance: 14.87)
[22:17:22] TERRAIN: Queued chunk: (-10.0, -20.0) (distance: 14.87)
[22:17:22] TERRAIN: Queued chunk: (0.0, -24.0) (distance: 15.00)
[22:17:22] TERRAIN: Queued chunk: (-12.0, -18.0) (distance: 15.00)
[22:17:22] TERRAIN: Queued chunk: (15.0, -9.0) (distance: 15.00)
[22:17:22] TERRAIN: Queued chunk: (-9.0, -21.0) (distance: 15.00)
[22:17:22] TERRAIN: Queued chunk: (12.0, -18.0) (distance: 15.00)
[22:17:22] TERRAIN: Queued chunk: (-15.0, -9.0) (distance: 15.00)
[22:17:22] TERRAIN: Queued chunk: (9.0, -21.0) (distance: 15.00)
[22:17:22] TERRAIN: Queued chunk: (15.0, -8.0) (distance: 15.03)
[22:17:22] TERRAIN: Queued chunk: (1.0, 6.0) (distance: 15.03)
[22:17:22] TERRAIN: Queued chunk: (-15.0, -8.0) (distance: 15.03)
[22:17:22] TERRAIN: Queued chunk: (1.0, -24.0) (distance: 15.03)
[22:17:22] TERRAIN: Queued chunk: (-1.0, 6.0) (distance: 15.03)
[22:17:22] TERRAIN: Queued chunk: (15.0, -10.0) (distance: 15.03)
[22:17:22] TERRAIN: Queued chunk: (-15.0, -10.0) (distance: 15.03)
[22:17:22] TERRAIN: Queued chunk: (-1.0, -24.0) (distance: 15.03)
[22:17:22] TERRAIN: Queued chunk: (15.0, -11.0) (distance: 15.13)
[22:17:22] TERRAIN: Queued chunk: (-2.0, 6.0) (distance: 15.13)
[22:17:22] TERRAIN: Queued chunk: (-15.0, -11.0) (distance: 15.13)
[22:17:22] TERRAIN: Queued chunk: (-2.0, -24.0) (distance: 15.13)
[22:17:22] TERRAIN: Queued chunk: (-15.0, -7.0) (distance: 15.13)
[22:17:22] TERRAIN: Queued chunk: (2.0, -24.0) (distance: 15.13)
[22:17:22] TERRAIN: Queued chunk: (2.0, 6.0) (distance: 15.13)
[22:17:22] TERRAIN: Queued chunk: (15.0, -7.0) (distance: 15.13)
[22:17:22] TERRAIN: Queued chunk: (14.0, -3.0) (distance: 15.23)
[22:17:22] TERRAIN: Queued chunk: (14.0, -15.0) (distance: 15.23)
[22:17:22] TERRAIN: Queued chunk: (-6.0, -23.0) (distance: 15.23)
[22:17:22] TERRAIN: Queued chunk: (-6.0, 5.0) (distance: 15.23)
[22:17:22] TERRAIN: Queued chunk: (6.0, 5.0) (distance: 15.23)
[22:17:22] TERRAIN: Queued chunk: (6.0, -23.0) (distance: 15.23)
[22:17:22] TERRAIN: Queued chunk: (-14.0, -15.0) (distance: 15.23)
[22:17:22] TERRAIN: Queued chunk: (-14.0, -3.0) (distance: 15.23)
[22:17:22] TERRAIN: Queued chunk: (8.0, -22.0) (distance: 15.26)
[22:17:22] TERRAIN: Queued chunk: (-8.0, -22.0) (distance: 15.26)
[22:17:22] TERRAIN: Queued chunk: (8.0, 4.0) (distance: 15.26)
[22:17:22] TERRAIN: Queued chunk: (-8.0, 4.0) (distance: 15.26)
[22:17:22] TERRAIN: Queued chunk: (13.0, -17.0) (distance: 15.26)
[22:17:22] TERRAIN: Queued chunk: (-13.0, -1.0) (distance: 15.26)
[22:17:22] TERRAIN: Queued chunk: (-13.0, -17.0) (distance: 15.26)
[22:17:22] TERRAIN: Queued chunk: (13.0, -1.0) (distance: 15.26)
[22:17:22] TERRAIN: Queued chunk: (3.0, 6.0) (distance: 15.30)
[22:17:22] TERRAIN: Queued chunk: (15.0, -6.0) (distance: 15.30)
[22:17:22] TERRAIN: Queued chunk: (15.0, -12.0) (distance: 15.30)
[22:17:22] TERRAIN: Queued chunk: (-3.0, -24.0) (distance: 15.30)
[22:17:22] TERRAIN: Queued chunk: (-15.0, -6.0) (distance: 15.30)
[22:17:22] TERRAIN: Queued chunk: (-3.0, 6.0) (distance: 15.30)
[22:17:22] TERRAIN: Queued chunk: (3.0, -24.0) (distance: 15.30)
[22:17:22] TERRAIN: Queued chunk: (-15.0, -12.0) (distance: 15.30)
[22:17:22] TERRAIN: Queued chunk: (15.0, -13.0) (distance: 15.52)
[22:17:22] TERRAIN: Queued chunk: (15.0, -5.0) (distance: 15.52)
[22:17:22] TERRAIN: Queued chunk: (-4.0, -24.0) (distance: 15.52)
[22:17:22] TERRAIN: Queued chunk: (-4.0, 6.0) (distance: 15.52)
[22:17:22] TERRAIN: Queued chunk: (-15.0, -13.0) (distance: 15.52)
[22:17:22] TERRAIN: Queued chunk: (-15.0, -5.0) (distance: 15.52)
[22:17:22] TERRAIN: Queued chunk: (4.0, 6.0) (distance: 15.52)
[22:17:22] TERRAIN: Queued chunk: (4.0, -24.0) (distance: 15.52)
[22:17:22] TERRAIN: Queued chunk: (11.0, 2.0) (distance: 15.56)
[22:17:22] TERRAIN: Queued chunk: (11.0, -20.0) (distance: 15.56)
[22:17:22] TERRAIN: Queued chunk: (-11.0, 2.0) (distance: 15.56)
[22:17:22] TERRAIN: Queued chunk: (-11.0, -20.0) (distance: 15.56)
[22:17:22] TERRAIN: Queued chunk: (-10.0, 3.0) (distance: 15.62)
[22:17:22] TERRAIN: Queued chunk: (10.0, -21.0) (distance: 15.62)
[22:17:22] TERRAIN: Queued chunk: (10.0, 3.0) (distance: 15.62)
[22:17:22] TERRAIN: Queued chunk: (-10.0, -21.0) (distance: 15.62)
[22:17:22] TERRAIN: Queued chunk: (12.0, 1.0) (distance: 15.62)
[22:17:22] TERRAIN: Queued chunk: (12.0, -19.0) (distance: 15.62)
[22:17:22] TERRAIN: Queued chunk: (-12.0, -19.0) (distance: 15.62)
[22:17:22] TERRAIN: Queued chunk: (-12.0, 1.0) (distance: 15.62)
[22:17:22] TERRAIN: Queued chunk: (-7.0, 5.0) (distance: 15.65)
[22:17:22] TERRAIN: Queued chunk: (-7.0, -23.0) (distance: 15.65)
[22:17:22] TERRAIN: Queued chunk: (14.0, -16.0) (distance: 15.65)
[22:17:22] TERRAIN: Queued chunk: (14.0, -2.0) (distance: 15.65)
[22:17:22] TERRAIN: Queued chunk: (-14.0, -2.0) (distance: 15.65)
[22:17:22] TERRAIN: Queued chunk: (-14.0, -16.0) (distance: 15.65)
[22:17:22] TERRAIN: Queued chunk: (7.0, -23.0) (distance: 15.65)
[22:17:22] TERRAIN: Queued chunk: (7.0, 5.0) (distance: 15.65)
[22:17:22] TERRAIN: Queued chunk: (-5.0, -24.0) (distance: 15.81)
[22:17:22] TERRAIN: Queued chunk: (-5.0, 6.0) (distance: 15.81)
[22:17:22] TERRAIN: Queued chunk: (15.0, -14.0) (distance: 15.81)
[22:17:22] TERRAIN: Queued chunk: (9.0, 4.0) (distance: 15.81)
[22:17:22] TERRAIN: Queued chunk: (5.0, -24.0) (distance: 15.81)
[22:17:22] TERRAIN: Queued chunk: (9.0, -22.0) (distance: 15.81)
[22:17:22] TERRAIN: Queued chunk: (5.0, 6.0) (distance: 15.81)
[22:17:22] TERRAIN: Queued chunk: (13.0, -18.0) (distance: 15.81)
[22:17:22] TERRAIN: Queued chunk: (-13.0, 0.0) (distance: 15.81)
[22:17:22] TERRAIN: Queued chunk: (-13.0, -18.0) (distance: 15.81)
[22:17:22] TERRAIN: Queued chunk: (13.0, 0.0) (distance: 15.81)
[22:17:22] TERRAIN: Queued chunk: (15.0, -4.0) (distance: 15.81)
[22:17:22] TERRAIN: Queued chunk: (-9.0, 4.0) (distance: 15.81)
[22:17:22] TERRAIN: Queued chunk: (-15.0, -14.0) (distance: 15.81)
[22:17:22] TERRAIN: Queued chunk: (-15.0, -4.0) (distance: 15.81)
[22:17:22] TERRAIN: Queued chunk: (-9.0, -22.0) (distance: 15.81)
[22:17:22] TERRAIN: Queued chunk: (-8.0, 5.0) (distance: 16.12)
[22:17:22] TERRAIN: Queued chunk: (8.0, -23.0) (distance: 16.12)
[22:17:22] TERRAIN: Queued chunk: (-8.0, -23.0) (distance: 16.12)
[22:17:22] TERRAIN: Queued chunk: (-14.0, -17.0) (distance: 16.12)
[22:17:22] TERRAIN: Queued chunk: (-14.0, -1.0) (distance: 16.12)
[22:17:22] TERRAIN: Queued chunk: (8.0, 5.0) (distance: 16.12)
[22:17:22] TERRAIN: Queued chunk: (14.0, -1.0) (distance: 16.12)
[22:17:22] TERRAIN: Queued chunk: (14.0, -17.0) (distance: 16.12)
[22:17:22] TERRAIN: Queued chunk: (15.0, -3.0) (distance: 16.16)
[22:17:22] TERRAIN: Queued chunk: (6.0, 6.0) (distance: 16.16)
[22:17:22] TERRAIN: Queued chunk: (6.0, -24.0) (distance: 16.16)
[22:17:22] TERRAIN: Queued chunk: (-15.0, -3.0) (distance: 16.16)
[22:17:22] TERRAIN: Queued chunk: (-15.0, -15.0) (distance: 16.16)
[22:17:22] TERRAIN: Queued chunk: (-6.0, 6.0) (distance: 16.16)
[22:17:22] TERRAIN: Queued chunk: (15.0, -15.0) (distance: 16.16)
[22:17:22] TERRAIN: Queued chunk: (-6.0, -24.0) (distance: 16.16)
[22:17:22] TERRAIN: Queued chunk: (11.0, -21.0) (distance: 16.28)
[22:17:22] TERRAIN: Queued chunk: (11.0, 3.0) (distance: 16.28)
[22:17:22] TERRAIN: Queued chunk: (12.0, 2.0) (distance: 16.28)
[22:17:22] TERRAIN: Queued chunk: (-12.0, -20.0) (distance: 16.28)
[22:17:22] TERRAIN: Queued chunk: (-12.0, 2.0) (distance: 16.28)
[22:17:22] TERRAIN: Queued chunk: (12.0, -20.0) (distance: 16.28)
[22:17:22] TERRAIN: Queued chunk: (-11.0, -21.0) (distance: 16.28)
[22:17:22] TERRAIN: Queued chunk: (-11.0, 3.0) (distance: 16.28)
[22:17:22] TERRAIN: Queued chunk: (-10.0, 4.0) (distance: 16.40)
[22:17:22] TERRAIN: Queued chunk: (13.0, 1.0) (distance: 16.40)
[22:17:22] TERRAIN: Queued chunk: (10.0, -22.0) (distance: 16.40)
[22:17:22] TERRAIN: Queued chunk: (-10.0, -22.0) (distance: 16.40)
[22:17:22] TERRAIN: Queued chunk: (10.0, 4.0) (distance: 16.40)
[22:17:22] TERRAIN: Queued chunk: (-13.0, -19.0) (distance: 16.40)
[22:17:22] TERRAIN: Queued chunk: (-13.0, 1.0) (distance: 16.40)
[22:17:22] TERRAIN: Queued chunk: (13.0, -19.0) (distance: 16.40)
[22:17:22] TERRAIN: Queued chunk: (-15.0, -16.0) (distance: 16.55)
[22:17:22] TERRAIN: Queued chunk: (-15.0, -2.0) (distance: 16.55)
[22:17:22] TERRAIN: Queued chunk: (15.0, -16.0) (distance: 16.55)
[22:17:22] TERRAIN: Queued chunk: (7.0, 6.0) (distance: 16.55)
[22:17:22] TERRAIN: Queued chunk: (15.0, -2.0) (distance: 16.55)
[22:17:22] TERRAIN: Queued chunk: (-7.0, -24.0) (distance: 16.55)
[22:17:22] TERRAIN: Queued chunk: (-7.0, 6.0) (distance: 16.55)
[22:17:22] TERRAIN: Queued chunk: (7.0, -24.0) (distance: 16.55)
[22:17:22] TERRAIN: Queued chunk: (14.0, -18.0) (distance: 16.64)
[22:17:22] TERRAIN: Queued chunk: (9.0, -23.0) (distance: 16.64)
[22:17:22] TERRAIN: Queued chunk: (9.0, 5.0) (distance: 16.64)
[22:17:22] TERRAIN: Queued chunk: (-9.0, -23.0) (distance: 16.64)
[22:17:22] TERRAIN: Queued chunk: (-14.0, -18.0) (distance: 16.64)
[22:17:22] TERRAIN: Queued chunk: (-14.0, 0.0) (distance: 16.64)
[22:17:22] TERRAIN: Queued chunk: (-9.0, 5.0) (distance: 16.64)
[22:17:22] TERRAIN: Queued chunk: (14.0, 0.0) (distance: 16.64)
[22:17:22] TERRAIN: Queued chunk: (-12.0, 3.0) (distance: 16.97)
[22:17:22] TERRAIN: Queued chunk: (12.0, -21.0) (distance: 16.97)
[22:17:22] TERRAIN: Queued chunk: (-12.0, -21.0) (distance: 16.97)
[22:17:22] TERRAIN: Queued chunk: (12.0, 3.0) (distance: 16.97)
[22:17:22] TERRAIN: Queued chunk: (15.0, -17.0) (distance: 17.00)
[22:17:22] TERRAIN: Queued chunk: (-8.0, -24.0) (distance: 17.00)
[22:17:22] TERRAIN: Queued chunk: (-15.0, -1.0) (distance: 17.00)
[22:17:22] TERRAIN: Queued chunk: (-15.0, -17.0) (distance: 17.00)
[22:17:22] TERRAIN: Queued chunk: (8.0, 6.0) (distance: 17.00)
[22:17:22] TERRAIN: Queued chunk: (15.0, -1.0) (distance: 17.00)
[22:17:22] TERRAIN: Queued chunk: (-8.0, 6.0) (distance: 17.00)
[22:17:22] TERRAIN: Queued chunk: (8.0, -24.0) (distance: 17.00)
[22:17:22] TERRAIN: Queued chunk: (-13.0, 2.0) (distance: 17.03)
[22:17:22] TERRAIN: Queued chunk: (11.0, -22.0) (distance: 17.03)
[22:17:22] TERRAIN: Queued chunk: (-13.0, -20.0) (distance: 17.03)
[22:17:22] TERRAIN: Queued chunk: (13.0, -20.0) (distance: 17.03)
[22:17:22] TERRAIN: Queued chunk: (-11.0, -22.0) (distance: 17.03)
[22:17:22] TERRAIN: Queued chunk: (13.0, 2.0) (distance: 17.03)
[22:17:22] TERRAIN: Queued chunk: (-11.0, 4.0) (distance: 17.03)
[22:17:22] TERRAIN: Queued chunk: (11.0, 4.0) (distance: 17.03)
[22:17:22] TERRAIN: Queued chunk: (14.0, 1.0) (distance: 17.20)
[22:17:22] TERRAIN: Queued chunk: (10.0, -23.0) (distance: 17.20)
[22:17:22] TERRAIN: Queued chunk: (-14.0, -19.0) (distance: 17.20)
[22:17:22] TERRAIN: Queued chunk: (-14.0, 1.0) (distance: 17.20)
[22:17:22] TERRAIN: Queued chunk: (-10.0, -23.0) (distance: 17.20)
[22:17:22] TERRAIN: Queued chunk: (10.0, 5.0) (distance: 17.20)
[22:17:22] TERRAIN: Queued chunk: (-10.0, 5.0) (distance: 17.20)
[22:17:22] TERRAIN: Queued chunk: (14.0, -19.0) (distance: 17.20)
[22:17:22] TERRAIN: Queued chunk: (15.0, -18.0) (distance: 17.49)
[22:17:22] TERRAIN: Queued chunk: (-15.0, -18.0) (distance: 17.49)
[22:17:22] TERRAIN: Queued chunk: (15.0, 0.0) (distance: 17.49)
[22:17:22] TERRAIN: Queued chunk: (-9.0, 6.0) (distance: 17.49)
[22:17:22] TERRAIN: Queued chunk: (9.0, 6.0) (distance: 17.49)
[22:17:22] TERRAIN: Queued chunk: (-15.0, 0.0) (distance: 17.49)
[22:17:22] TERRAIN: Queued chunk: (9.0, -24.0) (distance: 17.49)
[22:17:22] TERRAIN: Queued chunk: (-9.0, -24.0) (distance: 17.49)
[22:17:22] TERRAIN: Queued chunk: (12.0, -22.0) (distance: 17.69)
[22:17:22] TERRAIN: Queued chunk: (-12.0, 4.0) (distance: 17.69)
[22:17:22] TERRAIN: Queued chunk: (-12.0, -22.0) (distance: 17.69)
[22:17:22] TERRAIN: Queued chunk: (-13.0, 3.0) (distance: 17.69)
[22:17:22] TERRAIN: Queued chunk: (13.0, -21.0) (distance: 17.69)
[22:17:22] TERRAIN: Queued chunk: (-13.0, -21.0) (distance: 17.69)
[22:17:22] TERRAIN: Queued chunk: (12.0, 4.0) (distance: 17.69)
[22:17:22] TERRAIN: Queued chunk: (13.0, 3.0) (distance: 17.69)
[22:17:22] TERRAIN: Queued chunk: (14.0, -20.0) (distance: 17.80)
[22:17:22] TERRAIN: Queued chunk: (11.0, 5.0) (distance: 17.80)
[22:17:22] TERRAIN: Queued chunk: (11.0, -23.0) (distance: 17.80)
[22:17:22] TERRAIN: Queued chunk: (14.0, 2.0) (distance: 17.80)
[22:17:22] TERRAIN: Queued chunk: (-11.0, 5.0) (distance: 17.80)
[22:17:22] TERRAIN: Queued chunk: (-11.0, -23.0) (distance: 17.80)
[22:17:22] TERRAIN: Queued chunk: (-14.0, -20.0) (distance: 17.80)
[22:17:22] TERRAIN: Queued chunk: (-14.0, 2.0) (distance: 17.80)
[22:17:22] TERRAIN: Queued chunk: (10.0, 6.0) (distance: 18.03)
[22:17:22] TERRAIN: Queued chunk: (15.0, -19.0) (distance: 18.03)
[22:17:22] TERRAIN: Queued chunk: (10.0, -24.0) (distance: 18.03)
[22:17:22] TERRAIN: Queued chunk: (-10.0, 6.0) (distance: 18.03)
[22:17:22] TERRAIN: Queued chunk: (-10.0, -24.0) (distance: 18.03)
[22:17:22] TERRAIN: Queued chunk: (15.0, 1.0) (distance: 18.03)
[22:17:22] TERRAIN: Queued chunk: (-15.0, 1.0) (distance: 18.03)
[22:17:22] TERRAIN: Queued chunk: (-15.0, -19.0) (distance: 18.03)
[22:17:22] TERRAIN: Queued chunk: (13.0, 4.0) (distance: 18.38)
[22:17:22] TERRAIN: Queued chunk: (-13.0, -22.0) (distance: 18.38)
[22:17:22] TERRAIN: Queued chunk: (-13.0, 4.0) (distance: 18.38)
[22:17:22] TERRAIN: Queued chunk: (13.0, -22.0) (distance: 18.38)
[22:17:22] TERRAIN: Queued chunk: (14.0, 3.0) (distance: 18.44)
[22:17:22] TERRAIN: Queued chunk: (14.0, -21.0) (distance: 18.44)
[22:17:22] TERRAIN: Queued chunk: (-14.0, -21.0) (distance: 18.44)
[22:17:22] TERRAIN: Queued chunk: (-14.0, 3.0) (distance: 18.44)
[22:17:22] TERRAIN: Queued chunk: (-12.0, -23.0) (distance: 18.44)
[22:17:22] TERRAIN: Queued chunk: (-12.0, 5.0) (distance: 18.44)
[22:17:22] TERRAIN: Queued chunk: (12.0, 5.0) (distance: 18.44)
[22:17:22] TERRAIN: Queued chunk: (12.0, -23.0) (distance: 18.44)
[22:17:22] TERRAIN: Queued chunk: (15.0, -20.0) (distance: 18.60)
[22:17:22] TERRAIN: Queued chunk: (11.0, 6.0) (distance: 18.60)
[22:17:22] TERRAIN: Queued chunk: (11.0, -24.0) (distance: 18.60)
[22:17:22] TERRAIN: Queued chunk: (-11.0, 6.0) (distance: 18.60)
[22:17:22] TERRAIN: Queued chunk: (-11.0, -24.0) (distance: 18.60)
[22:17:22] TERRAIN: Queued chunk: (-15.0, 2.0) (distance: 18.60)
[22:17:22] TERRAIN: Queued chunk: (-15.0, -20.0) (distance: 18.60)
[22:17:22] TERRAIN: Queued chunk: (15.0, 2.0) (distance: 18.60)
[22:17:22] TERRAIN: Queued chunk: (14.0, -22.0) (distance: 19.10)
[22:17:22] TERRAIN: Queued chunk: (13.0, 5.0) (distance: 19.10)
[22:17:22] TERRAIN: Queued chunk: (13.0, -23.0) (distance: 19.10)
[22:17:22] TERRAIN: Queued chunk: (-13.0, 5.0) (distance: 19.10)
[22:17:22] TERRAIN: Queued chunk: (-13.0, -23.0) (distance: 19.10)
[22:17:22] TERRAIN: Queued chunk: (-14.0, 4.0) (distance: 19.10)
[22:17:22] TERRAIN: Queued chunk: (-14.0, -22.0) (distance: 19.10)
[22:17:22] TERRAIN: Queued chunk: (14.0, 4.0) (distance: 19.10)
[22:17:22] TERRAIN: Queued chunk: (15.0, -21.0) (distance: 19.21)
[22:17:22] TERRAIN: Queued chunk: (15.0, 3.0) (distance: 19.21)
[22:17:22] TERRAIN: Queued chunk: (-15.0, 3.0) (distance: 19.21)
[22:17:22] TERRAIN: Queued chunk: (-15.0, -21.0) (distance: 19.21)
[22:17:22] TERRAIN: Queued chunk: (12.0, 6.0) (distance: 19.21)
[22:17:22] TERRAIN: Queued chunk: (12.0, -24.0) (distance: 19.21)
[22:17:22] TERRAIN: Queued chunk: (-12.0, 6.0) (distance: 19.21)
[22:17:22] TERRAIN: Queued chunk: (-12.0, -24.0) (distance: 19.21)
[22:17:22] TERRAIN: Queued chunk: (-14.0, -23.0) (distance: 19.80)
[22:17:22] TERRAIN: Queued chunk: (-14.0, 5.0) (distance: 19.80)
[22:17:22] TERRAIN: Queued chunk: (14.0, 5.0) (distance: 19.80)
[22:17:22] TERRAIN: Queued chunk: (14.0, -23.0) (distance: 19.80)
[22:17:22] TERRAIN: Queued chunk: (-15.0, 4.0) (distance: 19.85)
[22:17:22] TERRAIN: Queued chunk: (-13.0, -24.0) (distance: 19.85)
[22:17:22] TERRAIN: Queued chunk: (-13.0, 6.0) (distance: 19.85)
[22:17:22] TERRAIN: Queued chunk: (13.0, -24.0) (distance: 19.85)
[22:17:22] TERRAIN: Queued chunk: (13.0, 6.0) (distance: 19.85)
[22:17:22] TERRAIN: Queued chunk: (-15.0, -22.0) (distance: 19.85)
[22:17:22] TERRAIN: Queued chunk: (15.0, 4.0) (distance: 19.85)
[22:17:22] TERRAIN: Queued chunk: (15.0, -22.0) (distance: 19.85)
[22:17:22] TERRAIN: Queued chunk: (-15.0, 5.0) (distance: 20.52)
[22:17:22] TERRAIN: Queued chunk: (-15.0, -23.0) (distance: 20.52)
[22:17:22] TERRAIN: Queued chunk: (15.0, 5.0) (distance: 20.52)
[22:17:22] TERRAIN: Queued chunk: (-14.0, -24.0) (distance: 20.52)
[22:17:22] TERRAIN: Queued chunk: (-14.0, 6.0) (distance: 20.52)
[22:17:22] TERRAIN: Queued chunk: (14.0, -24.0) (distance: 20.52)
[22:17:22] TERRAIN: Queued chunk: (14.0, 6.0) (distance: 20.52)
[22:17:22] TERRAIN: Queued chunk: (15.0, -23.0) (distance: 20.52)
[22:17:22] TERRAIN: Queued chunk: (15.0, 6.0) (distance: 21.21)
[22:17:22] TERRAIN: Queued chunk: (15.0, -24.0) (distance: 21.21)
[22:17:22] TERRAIN: Queued chunk: (-15.0, 6.0) (distance: 21.21)
[22:17:22] TERRAIN: Queued chunk: (-15.0, -24.0) (distance: 21.21)
[22:17:22] TERRAIN: Creating chunk: (1.0, -23.0) at distance 14.04
[22:17:22] TERRAIN: Chunk (1.0, -23.0): Using BOX collision (distance: 14.04)
[22:17:22] TERRAIN: Chunk created successfully: (1.0, -23.0) at world pos (32.0, 0.0, -736.0) (total chunks: 679)
[22:17:22] TERRAIN: Creating chunk: (-1.0, -23.0) at distance 14.04
[22:17:22] TERRAIN: Chunk (-1.0, -23.0): Using BOX collision (distance: 14.04)
[22:17:22] TERRAIN: Chunk created successfully: (-1.0, -23.0) at world pos (-32.0, 0.0, -736.0) (total chunks: 680)
[22:17:22] TERRAIN: Creating chunk: (2.0, -23.0) at distance 14.14
[22:17:22] TERRAIN: Chunk (2.0, -23.0): Using BOX collision (distance: 14.14)
[22:17:22] TERRAIN: Chunk created successfully: (2.0, -23.0) at world pos (64.0, 0.0, -736.0) (total chunks: 681)
[22:17:22] TERRAIN: Creating chunk: (-2.0, -23.0) at distance 14.14
[22:17:22] TERRAIN: Chunk (-2.0, -23.0): Using BOX collision (distance: 14.14)
[22:17:22] TERRAIN: Chunk created successfully: (-2.0, -23.0) at world pos (-64.0, 0.0, -736.0) (total chunks: 682)
[22:17:22] TERRAIN: Creating chunk: (6.0, -22.0) at distance 14.32
[22:17:22] TERRAIN: Chunk (6.0, -22.0): Using BOX collision (distance: 14.32)
[22:17:22] TERRAIN: Chunk created successfully: (6.0, -22.0) at world pos (192.0, 0.0, -704.0) (total chunks: 683)
[22:17:22] TERRAIN: Creating chunk: (-6.0, -22.0) at distance 14.32
[22:17:22] TERRAIN: Chunk (-6.0, -22.0): Using BOX collision (distance: 14.32)
[22:17:22] TERRAIN: Chunk created successfully: (-6.0, -22.0) at world pos (-192.0, 0.0, -704.0) (total chunks: 684)
[22:17:22] TERRAIN: Creating chunk: (3.0, -23.0) at distance 14.32
[22:17:22] TERRAIN: Chunk (3.0, -23.0): Using BOX collision (distance: 14.32)
[22:17:22] TERRAIN: Chunk created successfully: (3.0, -23.0) at world pos (96.0, 0.0, -736.0) (total chunks: 685)
[22:17:22] TERRAIN: Creating chunk: (-3.0, -23.0) at distance 14.32
[22:17:22] TERRAIN: Chunk (-3.0, -23.0): Using BOX collision (distance: 14.32)
[22:17:22] TERRAIN: Chunk created successfully: (-3.0, -23.0) at world pos (-96.0, 0.0, -736.0) (total chunks: 686)
[22:17:22] TERRAIN: Creating chunk: (-8.0, -21.0) at distance 14.42
[22:17:22] TERRAIN: Chunk (-8.0, -21.0): Using BOX collision (distance: 14.42)
[22:17:22] TERRAIN: Chunk created successfully: (-8.0, -21.0) at world pos (-256.0, 0.0, -672.0) (total chunks: 687)
[22:17:22] TERRAIN: Creating chunk: (8.0, -21.0) at distance 14.42
[22:17:22] TERRAIN: Chunk (8.0, -21.0): Using BOX collision (distance: 14.42)
[22:17:22] TERRAIN: Chunk created successfully: (8.0, -21.0) at world pos (256.0, 0.0, -672.0) (total chunks: 688)
[22:17:22] TERRAIN: Creating chunk: (4.0, -23.0) at distance 14.56
[22:17:22] TERRAIN: Chunk (4.0, -23.0): Using BOX collision (distance: 14.56)
[22:17:22] TERRAIN: Chunk created successfully: (4.0, -23.0) at world pos (128.0, 0.0, -736.0) (total chunks: 689)
[22:17:22] TERRAIN: Creating chunk: (-4.0, -23.0) at distance 14.56
[22:17:22] TERRAIN: Chunk (-4.0, -23.0): Using BOX collision (distance: 14.56)
[22:17:22] TERRAIN: Chunk created successfully: (-4.0, -23.0) at world pos (-128.0, 0.0, -736.0) (total chunks: 690)
[22:17:22] TERRAIN: Creating chunk: (7.0, -22.0) at distance 14.76
[22:17:22] TERRAIN: Chunk (7.0, -22.0): Using BOX collision (distance: 14.76)
[22:17:22] TERRAIN: Chunk created successfully: (7.0, -22.0) at world pos (224.0, 0.0, -704.0) (total chunks: 691)
[22:17:22] TERRAIN: Creating chunk: (13.0, -16.0) at distance 14.76
[22:17:22] TERRAIN: Chunk (13.0, -16.0): Using BOX collision (distance: 14.76)
[22:17:22] TERRAIN: Chunk created successfully: (13.0, -16.0) at world pos (416.0, 0.0, -512.0) (total chunks: 692)
[22:17:22] TERRAIN: Creating chunk: (-13.0, -16.0) at distance 14.76
[22:17:22] TERRAIN: Chunk (-13.0, -16.0): Using BOX collision (distance: 14.76)
[22:17:22] TERRAIN: Chunk created successfully: (-13.0, -16.0) at world pos (-416.0, 0.0, -512.0) (total chunks: 693)
[22:17:22] TERRAIN: Creating chunk: (-7.0, -22.0) at distance 14.76
[22:17:22] TERRAIN: Chunk (-7.0, -22.0): Using BOX collision (distance: 14.76)
[22:17:22] TERRAIN: Chunk created successfully: (-7.0, -22.0) at world pos (-224.0, 0.0, -704.0) (total chunks: 694)
[22:17:22] TERRAIN: Creating chunk: (10.0, -20.0) at distance 14.87
[22:17:22] TERRAIN: Chunk (10.0, -20.0): Using BOX collision (distance: 14.87)
[22:17:22] TERRAIN: Chunk created successfully: (10.0, -20.0) at world pos (320.0, 0.0, -640.0) (total chunks: 695)
[22:17:22] TERRAIN: Creating chunk: (-11.0, -19.0) at distance 14.87
[22:17:22] TERRAIN: Chunk (-11.0, -19.0): Using BOX collision (distance: 14.87)
[22:17:22] TERRAIN: Chunk created successfully: (-11.0, -19.0) at world pos (-352.0, 0.0, -608.0) (total chunks: 696)
[22:17:22] TERRAIN: Creating chunk: (-5.0, -23.0) at distance 14.87
[22:17:22] TERRAIN: Chunk (-5.0, -23.0): Using BOX collision (distance: 14.87)
[22:17:22] TERRAIN: Chunk created successfully: (-5.0, -23.0) at world pos (-160.0, 0.0, -736.0) (total chunks: 697)
[22:17:22] TERRAIN: Creating chunk: (11.0, -19.0) at distance 14.87
[22:17:22] TERRAIN: Chunk (11.0, -19.0): Using BOX collision (distance: 14.87)
[22:17:22] TERRAIN: Chunk created successfully: (11.0, -19.0) at world pos (352.0, 0.0, -608.0) (total chunks: 698)
[22:17:22] TERRAIN: Creating chunk: (14.0, -14.0) at distance 14.87
[22:17:22] TERRAIN: Chunk (14.0, -14.0): Using BOX collision (distance: 14.87)
[22:17:22] TERRAIN: Chunk created successfully: (14.0, -14.0) at world pos (448.0, 0.0, -448.0) (total chunks: 699)
[22:17:22] TERRAIN: Creating chunk: (-14.0, -14.0) at distance 14.87
[22:17:22] TERRAIN: Chunk (-14.0, -14.0): Using BOX collision (distance: 14.87)
[22:17:22] TERRAIN: Chunk created successfully: (-14.0, -14.0) at world pos (-448.0, 0.0, -448.0) (total chunks: 700)
[22:17:22] TERRAIN: Creating chunk: (5.0, -23.0) at distance 14.87
[22:17:22] TERRAIN: Chunk (5.0, -23.0): Using BOX collision (distance: 14.87)
[22:17:22] TERRAIN: Chunk created successfully: (5.0, -23.0) at world pos (160.0, 0.0, -736.0) (total chunks: 701)
[22:17:22] TERRAIN: Creating chunk: (-10.0, -20.0) at distance 14.87
[22:17:22] TERRAIN: Chunk (-10.0, -20.0): Using BOX collision (distance: 14.87)
[22:17:22] TERRAIN: Chunk created successfully: (-10.0, -20.0) at world pos (-320.0, 0.0, -640.0) (total chunks: 702)
[22:17:22] TERRAIN: Creating chunk: (0.0, -24.0) at distance 15.00
[22:17:22] TERRAIN: Chunk (0.0, -24.0): Using BOX collision (distance: 15.00)
[22:17:22] TERRAIN: Chunk created successfully: (0.0, -24.0) at world pos (0.0, 0.0, -768.0) (total chunks: 703)
[22:17:22] TERRAIN: Creating chunk: (-12.0, -18.0) at distance 15.00
[22:17:22] TERRAIN: Chunk (-12.0, -18.0): Using BOX collision (distance: 15.00)
[22:17:22] TERRAIN: Chunk created successfully: (-12.0, -18.0) at world pos (-384.0, 0.0, -576.0) (total chunks: 704)
[22:17:22] TERRAIN: Creating chunk: (15.0, -9.0) at distance 15.00
[22:17:22] TERRAIN: Chunk (15.0, -9.0): Using BOX collision (distance: 15.00)
[22:17:22] TERRAIN: Chunk created successfully: (15.0, -9.0) at world pos (480.0, 0.0, -288.0) (total chunks: 705)
[22:17:22] TERRAIN: Creating chunk: (-9.0, -21.0) at distance 15.00
[22:17:22] TERRAIN: Chunk (-9.0, -21.0): Using BOX collision (distance: 15.00)
[22:17:22] TERRAIN: Chunk created successfully: (-9.0, -21.0) at world pos (-288.0, 0.0, -672.0) (total chunks: 706)
[22:17:22] TERRAIN: Creating chunk: (12.0, -18.0) at distance 15.00
[22:17:22] TERRAIN: Chunk (12.0, -18.0): Using BOX collision (distance: 15.00)
[22:17:22] TERRAIN: Chunk created successfully: (12.0, -18.0) at world pos (384.0, 0.0, -576.0) (total chunks: 707)
[22:17:22] TERRAIN: Creating chunk: (-15.0, -9.0) at distance 15.00
[22:17:22] TERRAIN: Chunk (-15.0, -9.0): Using BOX collision (distance: 15.00)
[22:17:22] TERRAIN: Chunk created successfully: (-15.0, -9.0) at world pos (-480.0, 0.0, -288.0) (total chunks: 708)
[22:17:22] TERRAIN: Creating chunk: (9.0, -21.0) at distance 15.00
[22:17:22] TERRAIN: Chunk (9.0, -21.0): Using BOX collision (distance: 15.00)
[22:17:22] TERRAIN: Chunk created successfully: (9.0, -21.0) at world pos (288.0, 0.0, -672.0) (total chunks: 709)
[22:17:22] PLAYER: Pos: (0.000232, -0.42106, -257.6602) | Chunk: (0.0, -9.0) | TerrainHeight: 0.03 | HeightDiff: -0.45 | OnFloor: false
[22:17:22] PLAYER: CHUNK CHANGED: (0.0, -8.0) -> (0.0, -9.0)
[22:17:23] PLAYER: Pos: (0.000232, -8.01606, -262.6609) | Chunk: (0.0, -9.0) | TerrainHeight: 0.04 | HeightDiff: -8.06 | OnFloor: false
[22:17:23] ERROR: PLAYER FALLING THROUGH TERRAIN! Height diff: -8.06
[22:17:23] WARNING: Player falling fast! Velocity Y: -12.41
[22:17:24] PLAYER: Pos: (0.000232, -25.41105, -267.6615) | Chunk: (0.0, -9.0) | TerrainHeight: 0.06 | HeightDiff: -25.47 | OnFloor: false
[22:17:24] ERROR: PLAYER FALLING THROUGH TERRAIN! Height diff: -25.47
[22:17:24] WARNING: Player falling fast! Velocity Y: -22.21
[22:17:25] PLAYER: Pos: (0.000232, -52.60608, -272.6621) | Chunk: (0.0, -9.0) | TerrainHeight: 0.07 | HeightDiff: -52.67 | OnFloor: false
[22:17:25] ERROR: PLAYER FALLING THROUGH TERRAIN! Height diff: -52.67
[22:17:25] WARNING: Player falling fast! Velocity Y: -32.01
[22:17:26] PLAYER: Pos: (0.000232, -89.60114, -277.6627) | Chunk: (0.0, -9.0) | TerrainHeight: 0.05 | HeightDiff: -89.65 | OnFloor: false
[22:17:26] ERROR: PLAYER FALLING THROUGH TERRAIN! Height diff: -89.65
[22:17:26] WARNING: Player falling fast! Velocity Y: -41.81
[22:17:27] PLAYER: Pos: (0.000232, -136.3962, -282.6633) | Chunk: (0.0, -9.0) | TerrainHeight: 0.06 | HeightDiff: -136.46 | OnFloor: false
[22:17:27] ERROR: PLAYER FALLING THROUGH TERRAIN! Height diff: -136.46
[22:17:27] WARNING: Player falling fast! Velocity Y: -51.61
[22:17:28] PLAYER: Pos: (0.000232, -192.9913, -282.7466) | Chunk: (0.0, -9.0) | TerrainHeight: 0.06 | HeightDiff: -193.05 | OnFloor: false
[22:17:28] ERROR: PLAYER FALLING THROUGH TERRAIN! Height diff: -193.05
[22:17:28] WARNING: Player falling fast! Velocity Y: -61.41
[22:17:29] PLAYER: Pos: (0.000232, -259.3865, -282.7466) | Chunk: (0.0, -9.0) | TerrainHeight: 0.06 | HeightDiff: -259.45 | OnFloor: false
[22:17:29] ERROR: PLAYER FALLING THROUGH TERRAIN! Height diff: -259.45
[22:17:29] WARNING: Player falling fast! Velocity Y: -71.21
[22:17:30] PLAYER: Pos: (0.000232, -335.5814, -282.7466) | Chunk: (0.0, -9.0) | TerrainHeight: 0.06 | HeightDiff: -335.64 | OnFloor: false
[22:17:30] ERROR: PLAYER FALLING THROUGH TERRAIN! Height diff: -335.64
[22:17:30] WARNING: Player falling fast! Velocity Y: -81.01
[22:17:31] PLAYER: Pos: (0.000232, -421.5762, -282.7466) | Chunk: (0.0, -9.0) | TerrainHeight: 0.06 | HeightDiff: -421.64 | OnFloor: false
[22:17:31] ERROR: PLAYER FALLING THROUGH TERRAIN! Height diff: -421.64
[22:17:31] WARNING: Player falling fast! Velocity Y: -90.81
[22:17:32] INFO: === DEBUG SESSION ENDED ===
