[23:15:55] INFO: === DEBUG SESSION STARTED ===
[23:15:55] INFO: Timestamp: 20251129_231555
[23:15:55] INFO: Godot Version: { "major": 4, "minor": 5, "patch": 0, "hex": 263424, "status": "stable", "build": "official", "hash": "876b290332ec6f2e6d173d08162a02aa7e6ca46d", "timestamp": 0, "string": "4.5-stable (official)" }
[23:15:55] TERRAIN: Updating terrain for player chunk: (0.0, 0.0) (player pos: (0.0, 1.902, 0.0))
[23:15:55] TERRAIN: Queuing 709 new chunks for generation
[23:15:55] TERRAIN: Queued chunk: (0.0, 0.0) (distance: 0.00)
[23:15:55] TERRAIN: Queued chunk: (0.0, -1.0) (distance: 1.00)
[23:15:55] TERRAIN: Queued chunk: (-1.0, 0.0) (distance: 1.00)
[23:15:55] TERRAIN: Queued chunk: (0.0, 1.0) (distance: 1.00)
[23:15:55] TERRAIN: Queued chunk: (1.0, 0.0) (distance: 1.00)
[23:15:55] TERRAIN: Queued chunk: (-1.0, 1.0) (distance: 1.41)
[23:15:55] TERRAIN: Queued chunk: (-1.0, -1.0) (distance: 1.41)
[23:15:55] TERRAIN: Queued chunk: (1.0, 1.0) (distance: 1.41)
[23:15:55] TERRAIN: Queued chunk: (1.0, -1.0) (distance: 1.41)
[23:15:55] TERRAIN: Queued chunk: (0.0, -2.0) (distance: 2.00)
[23:15:55] TERRAIN: Queued chunk: (0.0, 2.0) (distance: 2.00)
[23:15:55] TERRAIN: Queued chunk: (-2.0, 0.0) (distance: 2.00)
[23:15:55] TERRAIN: Queued chunk: (2.0, 0.0) (distance: 2.00)
[23:15:55] TERRAIN: Queued chunk: (-2.0, 1.0) (distance: 2.24)
[23:15:55] TERRAIN: Queued chunk: (-2.0, -1.0) (distance: 2.24)
[23:15:55] TERRAIN: Queued chunk: (1.0, 2.0) (distance: 2.24)
[23:15:55] TERRAIN: Queued chunk: (1.0, -2.0) (distance: 2.24)
[23:15:55] TERRAIN: Queued chunk: (-1.0, 2.0) (distance: 2.24)
[23:15:55] TERRAIN: Queued chunk: (2.0, 1.0) (distance: 2.24)
[23:15:55] TERRAIN: Queued chunk: (2.0, -1.0) (distance: 2.24)
[23:15:55] TERRAIN: Queued chunk: (-1.0, -2.0) (distance: 2.24)
[23:15:55] TERRAIN: Queued chunk: (2.0, 2.0) (distance: 2.83)
[23:15:55] TERRAIN: Queued chunk: (2.0, -2.0) (distance: 2.83)
[23:15:55] TERRAIN: Queued chunk: (-2.0, -2.0) (distance: 2.83)
[23:15:55] TERRAIN: Queued chunk: (-2.0, 2.0) (distance: 2.83)
[23:15:55] TERRAIN: Queued chunk: (0.0, -3.0) (distance: 3.00)
[23:15:55] TERRAIN: Queued chunk: (0.0, 3.0) (distance: 3.00)
[23:15:55] TERRAIN: Queued chunk: (3.0, 0.0) (distance: 3.00)
[23:15:55] TERRAIN: Queued chunk: (-3.0, 0.0) (distance: 3.00)
[23:15:55] TERRAIN: Queued chunk: (1.0, 3.0) (distance: 3.16)
[23:15:55] TERRAIN: Queued chunk: (-1.0, -3.0) (distance: 3.16)
[23:15:55] TERRAIN: Queued chunk: (-3.0, -1.0) (distance: 3.16)
[23:15:55] TERRAIN: Queued chunk: (3.0, -1.0) (distance: 3.16)
[23:15:55] TERRAIN: Queued chunk: (3.0, 1.0) (distance: 3.16)
[23:15:55] TERRAIN: Queued chunk: (-3.0, 1.0) (distance: 3.16)
[23:15:55] TERRAIN: Queued chunk: (1.0, -3.0) (distance: 3.16)
[23:15:55] TERRAIN: Queued chunk: (-1.0, 3.0) (distance: 3.16)
[23:15:55] TERRAIN: Queued chunk: (-3.0, -2.0) (distance: 3.61)
[23:15:55] TERRAIN: Queued chunk: (-3.0, 2.0) (distance: 3.61)
[23:15:55] TERRAIN: Queued chunk: (2.0, -3.0) (distance: 3.61)
[23:15:55] TERRAIN: Queued chunk: (2.0, 3.0) (distance: 3.61)
[23:15:55] TERRAIN: Queued chunk: (-2.0, -3.0) (distance: 3.61)
[23:15:55] TERRAIN: Queued chunk: (3.0, 2.0) (distance: 3.61)
[23:15:55] TERRAIN: Queued chunk: (-2.0, 3.0) (distance: 3.61)
[23:15:55] TERRAIN: Queued chunk: (3.0, -2.0) (distance: 3.61)
[23:15:55] TERRAIN: Queued chunk: (4.0, 0.0) (distance: 4.00)
[23:15:55] TERRAIN: Queued chunk: (0.0, -4.0) (distance: 4.00)
[23:15:55] TERRAIN: Queued chunk: (0.0, 4.0) (distance: 4.00)
[23:15:55] TERRAIN: Queued chunk: (-4.0, 0.0) (distance: 4.00)
[23:15:55] TERRAIN: Queued chunk: (1.0, -4.0) (distance: 4.12)
[23:15:55] TERRAIN: Queued chunk: (-1.0, 4.0) (distance: 4.12)
[23:15:55] TERRAIN: Queued chunk: (1.0, 4.0) (distance: 4.12)
[23:15:55] TERRAIN: Queued chunk: (-4.0, -1.0) (distance: 4.12)
[23:15:55] TERRAIN: Queued chunk: (-1.0, -4.0) (distance: 4.12)
[23:15:55] TERRAIN: Queued chunk: (-4.0, 1.0) (distance: 4.12)
[23:15:55] TERRAIN: Queued chunk: (4.0, -1.0) (distance: 4.12)
[23:15:55] TERRAIN: Queued chunk: (4.0, 1.0) (distance: 4.12)
[23:15:55] TERRAIN: Queued chunk: (3.0, -3.0) (distance: 4.24)
[23:15:55] TERRAIN: Queued chunk: (3.0, 3.0) (distance: 4.24)
[23:15:55] TERRAIN: Queued chunk: (-3.0, -3.0) (distance: 4.24)
[23:15:55] TERRAIN: Queued chunk: (-3.0, 3.0) (distance: 4.24)
[23:15:55] TERRAIN: Queued chunk: (-4.0, -2.0) (distance: 4.47)
[23:15:55] TERRAIN: Queued chunk: (-4.0, 2.0) (distance: 4.47)
[23:15:55] TERRAIN: Queued chunk: (4.0, 2.0) (distance: 4.47)
[23:15:55] TERRAIN: Queued chunk: (4.0, -2.0) (distance: 4.47)
[23:15:55] TERRAIN: Queued chunk: (-2.0, -4.0) (distance: 4.47)
[23:15:55] TERRAIN: Queued chunk: (-2.0, 4.0) (distance: 4.47)
[23:15:55] TERRAIN: Queued chunk: (2.0, 4.0) (distance: 4.47)
[23:15:55] TERRAIN: Queued chunk: (2.0, -4.0) (distance: 4.47)
[23:15:55] TERRAIN: Queued chunk: (0.0, -5.0) (distance: 5.00)
[23:15:55] TERRAIN: Queued chunk: (-3.0, 4.0) (distance: 5.00)
[23:15:55] TERRAIN: Queued chunk: (-3.0, -4.0) (distance: 5.00)
[23:15:55] TERRAIN: Queued chunk: (-4.0, 3.0) (distance: 5.00)
[23:15:55] TERRAIN: Queued chunk: (-4.0, -3.0) (distance: 5.00)
[23:15:55] TERRAIN: Queued chunk: (3.0, -4.0) (distance: 5.00)
[23:15:55] TERRAIN: Queued chunk: (3.0, 4.0) (distance: 5.00)
[23:15:55] TERRAIN: Queued chunk: (-5.0, 0.0) (distance: 5.00)
[23:15:55] TERRAIN: Queued chunk: (5.0, 0.0) (distance: 5.00)
[23:15:55] TERRAIN: Queued chunk: (0.0, 5.0) (distance: 5.00)
[23:15:55] TERRAIN: Queued chunk: (4.0, -3.0) (distance: 5.00)
[23:15:55] TERRAIN: Queued chunk: (4.0, 3.0) (distance: 5.00)
[23:15:55] TERRAIN: Queued chunk: (5.0, 1.0) (distance: 5.10)
[23:15:55] TERRAIN: Queued chunk: (-1.0, 5.0) (distance: 5.10)
[23:15:55] TERRAIN: Queued chunk: (-5.0, -1.0) (distance: 5.10)
[23:15:55] TERRAIN: Queued chunk: (1.0, -5.0) (distance: 5.10)
[23:15:55] TERRAIN: Queued chunk: (1.0, 5.0) (distance: 5.10)
[23:15:55] TERRAIN: Queued chunk: (5.0, -1.0) (distance: 5.10)
[23:15:55] TERRAIN: Queued chunk: (-5.0, 1.0) (distance: 5.10)
[23:15:55] TERRAIN: Queued chunk: (-1.0, -5.0) (distance: 5.10)
[23:15:55] TERRAIN: Queued chunk: (-5.0, 2.0) (distance: 5.39)
[23:15:55] TERRAIN: Queued chunk: (5.0, -2.0) (distance: 5.39)
[23:15:55] TERRAIN: Queued chunk: (-2.0, 5.0) (distance: 5.39)
[23:15:55] TERRAIN: Queued chunk: (2.0, 5.0) (distance: 5.39)
[23:15:55] TERRAIN: Queued chunk: (2.0, -5.0) (distance: 5.39)
[23:15:55] TERRAIN: Queued chunk: (-2.0, -5.0) (distance: 5.39)
[23:15:55] TERRAIN: Queued chunk: (-5.0, -2.0) (distance: 5.39)
[23:15:55] TERRAIN: Queued chunk: (5.0, 2.0) (distance: 5.39)
[23:15:55] TERRAIN: Queued chunk: (4.0, 4.0) (distance: 5.66)
[23:15:55] TERRAIN: Queued chunk: (4.0, -4.0) (distance: 5.66)
[23:15:55] TERRAIN: Queued chunk: (-4.0, -4.0) (distance: 5.66)
[23:15:55] TERRAIN: Queued chunk: (-4.0, 4.0) (distance: 5.66)
[23:15:55] TERRAIN: Queued chunk: (3.0, -5.0) (distance: 5.83)
[23:15:55] TERRAIN: Queued chunk: (-3.0, -5.0) (distance: 5.83)
[23:15:55] TERRAIN: Queued chunk: (3.0, 5.0) (distance: 5.83)
[23:15:55] TERRAIN: Queued chunk: (5.0, -3.0) (distance: 5.83)
[23:15:55] TERRAIN: Queued chunk: (-5.0, 3.0) (distance: 5.83)
[23:15:55] TERRAIN: Queued chunk: (-3.0, 5.0) (distance: 5.83)
[23:15:55] TERRAIN: Queued chunk: (5.0, 3.0) (distance: 5.83)
[23:15:55] TERRAIN: Queued chunk: (-5.0, -3.0) (distance: 5.83)
[23:15:55] TERRAIN: Queued chunk: (-6.0, 0.0) (distance: 6.00)
[23:15:55] TERRAIN: Queued chunk: (6.0, 0.0) (distance: 6.00)
[23:15:55] TERRAIN: Queued chunk: (0.0, -6.0) (distance: 6.00)
[23:15:55] TERRAIN: Queued chunk: (0.0, 6.0) (distance: 6.00)
[23:15:55] TERRAIN: Queued chunk: (6.0, -1.0) (distance: 6.08)
[23:15:55] TERRAIN: Queued chunk: (-6.0, 1.0) (distance: 6.08)
[23:15:55] TERRAIN: Queued chunk: (-1.0, 6.0) (distance: 6.08)
[23:15:55] TERRAIN: Queued chunk: (1.0, -6.0) (distance: 6.08)
[23:15:55] TERRAIN: Queued chunk: (1.0, 6.0) (distance: 6.08)
[23:15:55] TERRAIN: Queued chunk: (-1.0, -6.0) (distance: 6.08)
[23:15:55] TERRAIN: Queued chunk: (-6.0, -1.0) (distance: 6.08)
[23:15:55] TERRAIN: Queued chunk: (6.0, 1.0) (distance: 6.08)
[23:15:55] TERRAIN: Queued chunk: (-2.0, 6.0) (distance: 6.32)
[23:15:55] TERRAIN: Queued chunk: (6.0, -2.0) (distance: 6.32)
[23:15:55] TERRAIN: Queued chunk: (6.0, 2.0) (distance: 6.32)
[23:15:55] TERRAIN: Queued chunk: (2.0, 6.0) (distance: 6.32)
[23:15:55] TERRAIN: Queued chunk: (2.0, -6.0) (distance: 6.32)
[23:15:55] TERRAIN: Queued chunk: (-2.0, -6.0) (distance: 6.32)
[23:15:55] TERRAIN: Queued chunk: (-6.0, -2.0) (distance: 6.32)
[23:15:55] TERRAIN: Queued chunk: (-6.0, 2.0) (distance: 6.32)
[23:15:55] TERRAIN: Queued chunk: (-4.0, -5.0) (distance: 6.40)
[23:15:55] TERRAIN: Queued chunk: (-5.0, 4.0) (distance: 6.40)
[23:15:55] TERRAIN: Queued chunk: (-5.0, -4.0) (distance: 6.40)
[23:15:55] TERRAIN: Queued chunk: (-4.0, 5.0) (distance: 6.40)
[23:15:55] TERRAIN: Queued chunk: (4.0, -5.0) (distance: 6.40)
[23:15:55] TERRAIN: Queued chunk: (4.0, 5.0) (distance: 6.40)
[23:15:55] TERRAIN: Queued chunk: (5.0, -4.0) (distance: 6.40)
[23:15:55] TERRAIN: Queued chunk: (5.0, 4.0) (distance: 6.40)
[23:15:55] TERRAIN: Queued chunk: (-3.0, -6.0) (distance: 6.71)
[23:15:55] TERRAIN: Queued chunk: (-3.0, 6.0) (distance: 6.71)
[23:15:55] TERRAIN: Queued chunk: (6.0, -3.0) (distance: 6.71)
[23:15:55] TERRAIN: Queued chunk: (6.0, 3.0) (distance: 6.71)
[23:15:55] TERRAIN: Queued chunk: (-6.0, 3.0) (distance: 6.71)
[23:15:55] TERRAIN: Queued chunk: (3.0, -6.0) (distance: 6.71)
[23:15:55] TERRAIN: Queued chunk: (3.0, 6.0) (distance: 6.71)
[23:15:55] TERRAIN: Queued chunk: (-6.0, -3.0) (distance: 6.71)
[23:15:55] TERRAIN: Queued chunk: (-7.0, 0.0) (distance: 7.00)
[23:15:55] TERRAIN: Queued chunk: (0.0, -7.0) (distance: 7.00)
[23:15:55] TERRAIN: Queued chunk: (0.0, 7.0) (distance: 7.00)
[23:15:55] TERRAIN: Queued chunk: (7.0, 0.0) (distance: 7.00)
[23:15:55] TERRAIN: Queued chunk: (-5.0, -5.0) (distance: 7.07)
[23:15:55] TERRAIN: Queued chunk: (-5.0, 5.0) (distance: 7.07)
[23:15:55] TERRAIN: Queued chunk: (-1.0, -7.0) (distance: 7.07)
[23:15:55] TERRAIN: Queued chunk: (-1.0, 7.0) (distance: 7.07)
[23:15:55] TERRAIN: Queued chunk: (1.0, -7.0) (distance: 7.07)
[23:15:55] TERRAIN: Queued chunk: (1.0, 7.0) (distance: 7.07)
[23:15:55] TERRAIN: Queued chunk: (5.0, -5.0) (distance: 7.07)
[23:15:55] TERRAIN: Queued chunk: (5.0, 5.0) (distance: 7.07)
[23:15:55] TERRAIN: Queued chunk: (7.0, 1.0) (distance: 7.07)
[23:15:55] TERRAIN: Queued chunk: (7.0, -1.0) (distance: 7.07)
[23:15:55] TERRAIN: Queued chunk: (-7.0, 1.0) (distance: 7.07)
[23:15:55] TERRAIN: Queued chunk: (-7.0, -1.0) (distance: 7.07)
[23:15:55] TERRAIN: Queued chunk: (-4.0, 6.0) (distance: 7.21)
[23:15:55] TERRAIN: Queued chunk: (4.0, -6.0) (distance: 7.21)
[23:15:55] TERRAIN: Queued chunk: (-6.0, 4.0) (distance: 7.21)
[23:15:55] TERRAIN: Queued chunk: (-6.0, -4.0) (distance: 7.21)
[23:15:55] TERRAIN: Queued chunk: (4.0, 6.0) (distance: 7.21)
[23:15:55] TERRAIN: Queued chunk: (6.0, 4.0) (distance: 7.21)
[23:15:55] TERRAIN: Queued chunk: (6.0, -4.0) (distance: 7.21)
[23:15:55] TERRAIN: Queued chunk: (-4.0, -6.0) (distance: 7.21)
[23:15:55] TERRAIN: Queued chunk: (-7.0, 2.0) (distance: 7.28)
[23:15:55] TERRAIN: Queued chunk: (2.0, -7.0) (distance: 7.28)
[23:15:55] TERRAIN: Queued chunk: (-7.0, -2.0) (distance: 7.28)
[23:15:55] TERRAIN: Queued chunk: (-2.0, -7.0) (distance: 7.28)
[23:15:55] TERRAIN: Queued chunk: (7.0, 2.0) (distance: 7.28)
[23:15:55] TERRAIN: Queued chunk: (-2.0, 7.0) (distance: 7.28)
[23:15:55] TERRAIN: Queued chunk: (7.0, -2.0) (distance: 7.28)
[23:15:55] TERRAIN: Queued chunk: (2.0, 7.0) (distance: 7.28)
[23:15:55] TERRAIN: Queued chunk: (-7.0, -3.0) (distance: 7.62)
[23:15:55] TERRAIN: Queued chunk: (-3.0, -7.0) (distance: 7.62)
[23:15:55] TERRAIN: Queued chunk: (-7.0, 3.0) (distance: 7.62)
[23:15:55] TERRAIN: Queued chunk: (-3.0, 7.0) (distance: 7.62)
[23:15:55] TERRAIN: Queued chunk: (3.0, -7.0) (distance: 7.62)
[23:15:55] TERRAIN: Queued chunk: (7.0, 3.0) (distance: 7.62)
[23:15:55] TERRAIN: Queued chunk: (7.0, -3.0) (distance: 7.62)
[23:15:55] TERRAIN: Queued chunk: (3.0, 7.0) (distance: 7.62)
[23:15:55] TERRAIN: Queued chunk: (-5.0, -6.0) (distance: 7.81)
[23:15:55] TERRAIN: Queued chunk: (-5.0, 6.0) (distance: 7.81)
[23:15:55] TERRAIN: Queued chunk: (-6.0, 5.0) (distance: 7.81)
[23:15:55] TERRAIN: Queued chunk: (-6.0, -5.0) (distance: 7.81)
[23:15:55] TERRAIN: Queued chunk: (5.0, -6.0) (distance: 7.81)
[23:15:55] TERRAIN: Queued chunk: (6.0, -5.0) (distance: 7.81)
[23:15:55] TERRAIN: Queued chunk: (5.0, 6.0) (distance: 7.81)
[23:15:55] TERRAIN: Queued chunk: (6.0, 5.0) (distance: 7.81)
[23:15:55] TERRAIN: Queued chunk: (8.0, 0.0) (distance: 8.00)
[23:15:55] TERRAIN: Queued chunk: (-8.0, 0.0) (distance: 8.00)
[23:15:55] TERRAIN: Queued chunk: (0.0, -8.0) (distance: 8.00)
[23:15:55] TERRAIN: Queued chunk: (0.0, 8.0) (distance: 8.00)
[23:15:55] TERRAIN: Queued chunk: (8.0, 1.0) (distance: 8.06)
[23:15:55] TERRAIN: Queued chunk: (-1.0, 8.0) (distance: 8.06)
[23:15:55] TERRAIN: Queued chunk: (-1.0, -8.0) (distance: 8.06)
[23:15:55] TERRAIN: Queued chunk: (1.0, -8.0) (distance: 8.06)
[23:15:55] TERRAIN: Queued chunk: (-4.0, -7.0) (distance: 8.06)
[23:15:55] TERRAIN: Queued chunk: (1.0, 8.0) (distance: 8.06)
[23:15:55] TERRAIN: Queued chunk: (-8.0, 1.0) (distance: 8.06)
[23:15:55] TERRAIN: Queued chunk: (8.0, -1.0) (distance: 8.06)
[23:15:55] TERRAIN: Queued chunk: (-8.0, -1.0) (distance: 8.06)
[23:15:55] TERRAIN: Queued chunk: (-4.0, 7.0) (distance: 8.06)
[23:15:55] TERRAIN: Queued chunk: (7.0, -4.0) (distance: 8.06)
[23:15:55] TERRAIN: Queued chunk: (4.0, 7.0) (distance: 8.06)
[23:15:55] TERRAIN: Queued chunk: (-7.0, -4.0) (distance: 8.06)
[23:15:55] TERRAIN: Queued chunk: (7.0, 4.0) (distance: 8.06)
[23:15:55] TERRAIN: Queued chunk: (4.0, -7.0) (distance: 8.06)
[23:15:55] TERRAIN: Queued chunk: (-7.0, 4.0) (distance: 8.06)
[23:15:55] TERRAIN: Queued chunk: (-8.0, -2.0) (distance: 8.25)
[23:15:55] TERRAIN: Queued chunk: (2.0, 8.0) (distance: 8.25)
[23:15:55] TERRAIN: Queued chunk: (-8.0, 2.0) (distance: 8.25)
[23:15:55] TERRAIN: Queued chunk: (2.0, -8.0) (distance: 8.25)
[23:15:55] TERRAIN: Queued chunk: (8.0, -2.0) (distance: 8.25)
[23:15:55] TERRAIN: Queued chunk: (-2.0, -8.0) (distance: 8.25)
[23:15:55] TERRAIN: Queued chunk: (-2.0, 8.0) (distance: 8.25)
[23:15:55] TERRAIN: Queued chunk: (8.0, 2.0) (distance: 8.25)
[23:15:55] TERRAIN: Queued chunk: (-6.0, 6.0) (distance: 8.49)
[23:15:55] TERRAIN: Queued chunk: (6.0, -6.0) (distance: 8.49)
[23:15:55] TERRAIN: Queued chunk: (6.0, 6.0) (distance: 8.49)
[23:15:55] TERRAIN: Queued chunk: (-6.0, -6.0) (distance: 8.49)
[23:15:55] TERRAIN: Queued chunk: (-8.0, 3.0) (distance: 8.54)
[23:15:55] TERRAIN: Queued chunk: (-3.0, -8.0) (distance: 8.54)
[23:15:55] TERRAIN: Queued chunk: (3.0, 8.0) (distance: 8.54)
[23:15:55] TERRAIN: Queued chunk: (-3.0, 8.0) (distance: 8.54)
[23:15:55] TERRAIN: Queued chunk: (8.0, -3.0) (distance: 8.54)
[23:15:55] TERRAIN: Queued chunk: (3.0, -8.0) (distance: 8.54)
[23:15:55] TERRAIN: Queued chunk: (-8.0, -3.0) (distance: 8.54)
[23:15:55] TERRAIN: Queued chunk: (8.0, 3.0) (distance: 8.54)
[23:15:55] TERRAIN: Queued chunk: (-7.0, -5.0) (distance: 8.60)
[23:15:55] TERRAIN: Queued chunk: (5.0, -7.0) (distance: 8.60)
[23:15:55] TERRAIN: Queued chunk: (-5.0, 7.0) (distance: 8.60)
[23:15:55] TERRAIN: Queued chunk: (7.0, -5.0) (distance: 8.60)
[23:15:55] TERRAIN: Queued chunk: (-7.0, 5.0) (distance: 8.60)
[23:15:55] TERRAIN: Queued chunk: (7.0, 5.0) (distance: 8.60)
[23:15:55] TERRAIN: Queued chunk: (5.0, 7.0) (distance: 8.60)
[23:15:55] TERRAIN: Queued chunk: (-5.0, -7.0) (distance: 8.60)
[23:15:55] TERRAIN: Queued chunk: (8.0, 4.0) (distance: 8.94)
[23:15:55] TERRAIN: Queued chunk: (4.0, 8.0) (distance: 8.94)
[23:15:55] TERRAIN: Queued chunk: (-4.0, 8.0) (distance: 8.94)
[23:15:55] TERRAIN: Queued chunk: (4.0, -8.0) (distance: 8.94)
[23:15:55] TERRAIN: Queued chunk: (-8.0, -4.0) (distance: 8.94)
[23:15:55] TERRAIN: Queued chunk: (8.0, -4.0) (distance: 8.94)
[23:15:55] TERRAIN: Queued chunk: (-4.0, -8.0) (distance: 8.94)
[23:15:55] TERRAIN: Queued chunk: (-8.0, 4.0) (distance: 8.94)
[23:15:55] TERRAIN: Queued chunk: (9.0, 0.0) (distance: 9.00)
[23:15:55] TERRAIN: Queued chunk: (-9.0, 0.0) (distance: 9.00)
[23:15:55] TERRAIN: Queued chunk: (0.0, -9.0) (distance: 9.00)
[23:15:55] TERRAIN: Queued chunk: (0.0, 9.0) (distance: 9.00)
[23:15:55] TERRAIN: Queued chunk: (9.0, 1.0) (distance: 9.06)
[23:15:55] TERRAIN: Queued chunk: (1.0, 9.0) (distance: 9.06)
[23:15:55] TERRAIN: Queued chunk: (9.0, -1.0) (distance: 9.06)
[23:15:55] TERRAIN: Queued chunk: (1.0, -9.0) (distance: 9.06)
[23:15:55] TERRAIN: Queued chunk: (-1.0, -9.0) (distance: 9.06)
[23:15:55] TERRAIN: Queued chunk: (-9.0, -1.0) (distance: 9.06)
[23:15:55] TERRAIN: Queued chunk: (-9.0, 1.0) (distance: 9.06)
[23:15:55] TERRAIN: Queued chunk: (-1.0, 9.0) (distance: 9.06)
[23:15:55] TERRAIN: Queued chunk: (-9.0, -2.0) (distance: 9.22)
[23:15:55] TERRAIN: Queued chunk: (6.0, 7.0) (distance: 9.22)
[23:15:55] TERRAIN: Queued chunk: (-9.0, 2.0) (distance: 9.22)
[23:15:55] TERRAIN: Queued chunk: (9.0, 2.0) (distance: 9.22)
[23:15:55] TERRAIN: Queued chunk: (-2.0, -9.0) (distance: 9.22)
[23:15:55] TERRAIN: Queued chunk: (-6.0, -7.0) (distance: 9.22)
[23:15:55] TERRAIN: Queued chunk: (2.0, -9.0) (distance: 9.22)
[23:15:55] TERRAIN: Queued chunk: (-2.0, 9.0) (distance: 9.22)
[23:15:55] TERRAIN: Queued chunk: (-7.0, 6.0) (distance: 9.22)
[23:15:55] TERRAIN: Queued chunk: (-7.0, -6.0) (distance: 9.22)
[23:15:55] TERRAIN: Queued chunk: (7.0, -6.0) (distance: 9.22)
[23:15:55] TERRAIN: Queued chunk: (2.0, 9.0) (distance: 9.22)
[23:15:55] TERRAIN: Queued chunk: (-6.0, 7.0) (distance: 9.22)
[23:15:55] TERRAIN: Queued chunk: (9.0, -2.0) (distance: 9.22)
[23:15:55] TERRAIN: Queued chunk: (7.0, 6.0) (distance: 9.22)
[23:15:55] TERRAIN: Queued chunk: (6.0, -7.0) (distance: 9.22)
[23:15:55] TERRAIN: Queued chunk: (-5.0, -8.0) (distance: 9.43)
[23:15:55] TERRAIN: Queued chunk: (8.0, -5.0) (distance: 9.43)
[23:15:55] TERRAIN: Queued chunk: (5.0, 8.0) (distance: 9.43)
[23:15:55] TERRAIN: Queued chunk: (-8.0, -5.0) (distance: 9.43)
[23:15:55] TERRAIN: Queued chunk: (8.0, 5.0) (distance: 9.43)
[23:15:55] TERRAIN: Queued chunk: (-8.0, 5.0) (distance: 9.43)
[23:15:55] TERRAIN: Queued chunk: (-5.0, 8.0) (distance: 9.43)
[23:15:55] TERRAIN: Queued chunk: (5.0, -8.0) (distance: 9.43)
[23:15:55] TERRAIN: Queued chunk: (-9.0, -3.0) (distance: 9.49)
[23:15:55] TERRAIN: Queued chunk: (9.0, -3.0) (distance: 9.49)
[23:15:55] TERRAIN: Queued chunk: (-9.0, 3.0) (distance: 9.49)
[23:15:55] TERRAIN: Queued chunk: (3.0, 9.0) (distance: 9.49)
[23:15:55] TERRAIN: Queued chunk: (-3.0, -9.0) (distance: 9.49)
[23:15:55] TERRAIN: Queued chunk: (-3.0, 9.0) (distance: 9.49)
[23:15:55] TERRAIN: Queued chunk: (3.0, -9.0) (distance: 9.49)
[23:15:55] TERRAIN: Queued chunk: (9.0, 3.0) (distance: 9.49)
[23:15:55] TERRAIN: Queued chunk: (-9.0, 4.0) (distance: 9.85)
[23:15:55] TERRAIN: Queued chunk: (-4.0, -9.0) (distance: 9.85)
[23:15:55] TERRAIN: Queued chunk: (9.0, -4.0) (distance: 9.85)
[23:15:55] TERRAIN: Queued chunk: (9.0, 4.0) (distance: 9.85)
[23:15:55] TERRAIN: Queued chunk: (-9.0, -4.0) (distance: 9.85)
[23:15:55] TERRAIN: Queued chunk: (4.0, 9.0) (distance: 9.85)
[23:15:55] TERRAIN: Queued chunk: (-4.0, 9.0) (distance: 9.85)
[23:15:55] TERRAIN: Queued chunk: (4.0, -9.0) (distance: 9.85)
[23:15:55] TERRAIN: Queued chunk: (7.0, -7.0) (distance: 9.90)
[23:15:55] TERRAIN: Queued chunk: (-7.0, -7.0) (distance: 9.90)
[23:15:55] TERRAIN: Queued chunk: (7.0, 7.0) (distance: 9.90)
[23:15:55] TERRAIN: Queued chunk: (-7.0, 7.0) (distance: 9.90)
[23:15:55] TERRAIN: Queued chunk: (-6.0, 8.0) (distance: 10.00)
[23:15:55] TERRAIN: Queued chunk: (-8.0, -6.0) (distance: 10.00)
[23:15:55] TERRAIN: Queued chunk: (6.0, -8.0) (distance: 10.00)
[23:15:55] TERRAIN: Queued chunk: (0.0, -10.0) (distance: 10.00)
[23:15:55] TERRAIN: Queued chunk: (8.0, 6.0) (distance: 10.00)
[23:15:55] TERRAIN: Queued chunk: (-8.0, 6.0) (distance: 10.00)
[23:15:55] TERRAIN: Queued chunk: (6.0, 8.0) (distance: 10.00)
[23:15:55] TERRAIN: Queued chunk: (-10.0, 0.0) (distance: 10.00)
[23:15:55] TERRAIN: Queued chunk: (10.0, 0.0) (distance: 10.00)
[23:15:55] TERRAIN: Queued chunk: (-6.0, -8.0) (distance: 10.00)
[23:15:55] TERRAIN: Queued chunk: (8.0, -6.0) (distance: 10.00)
[23:15:55] TERRAIN: Queued chunk: (0.0, 10.0) (distance: 10.00)
[23:15:55] TERRAIN: Queued chunk: (-10.0, -1.0) (distance: 10.05)
[23:15:55] TERRAIN: Queued chunk: (-1.0, 10.0) (distance: 10.05)
[23:15:55] TERRAIN: Queued chunk: (1.0, 10.0) (distance: 10.05)
[23:15:55] TERRAIN: Queued chunk: (1.0, -10.0) (distance: 10.05)
[23:15:55] TERRAIN: Queued chunk: (-10.0, 1.0) (distance: 10.05)
[23:15:55] TERRAIN: Queued chunk: (-1.0, -10.0) (distance: 10.05)
[23:15:55] TERRAIN: Queued chunk: (10.0, 1.0) (distance: 10.05)
[23:15:55] TERRAIN: Queued chunk: (10.0, -1.0) (distance: 10.05)
[23:15:55] TERRAIN: Queued chunk: (2.0, 10.0) (distance: 10.20)
[23:15:55] TERRAIN: Queued chunk: (-2.0, 10.0) (distance: 10.20)
[23:15:55] TERRAIN: Queued chunk: (-10.0, -2.0) (distance: 10.20)
[23:15:55] TERRAIN: Queued chunk: (10.0, -2.0) (distance: 10.20)
[23:15:55] TERRAIN: Queued chunk: (-2.0, -10.0) (distance: 10.20)
[23:15:55] TERRAIN: Queued chunk: (-10.0, 2.0) (distance: 10.20)
[23:15:55] TERRAIN: Queued chunk: (2.0, -10.0) (distance: 10.20)
[23:15:55] TERRAIN: Queued chunk: (10.0, 2.0) (distance: 10.20)
[23:15:55] TERRAIN: Queued chunk: (9.0, -5.0) (distance: 10.30)
[23:15:55] TERRAIN: Queued chunk: (9.0, 5.0) (distance: 10.30)
[23:15:55] TERRAIN: Queued chunk: (5.0, 9.0) (distance: 10.30)
[23:15:55] TERRAIN: Queued chunk: (-9.0, -5.0) (distance: 10.30)
[23:15:55] TERRAIN: Queued chunk: (5.0, -9.0) (distance: 10.30)
[23:15:55] TERRAIN: Queued chunk: (-5.0, -9.0) (distance: 10.30)
[23:15:55] TERRAIN: Queued chunk: (-9.0, 5.0) (distance: 10.30)
[23:15:55] TERRAIN: Queued chunk: (-5.0, 9.0) (distance: 10.30)
[23:15:55] TERRAIN: Queued chunk: (10.0, -3.0) (distance: 10.44)
[23:15:55] TERRAIN: Queued chunk: (-3.0, -10.0) (distance: 10.44)
[23:15:55] TERRAIN: Queued chunk: (-10.0, -3.0) (distance: 10.44)
[23:15:55] TERRAIN: Queued chunk: (3.0, 10.0) (distance: 10.44)
[23:15:55] TERRAIN: Queued chunk: (-10.0, 3.0) (distance: 10.44)
[23:15:55] TERRAIN: Queued chunk: (10.0, 3.0) (distance: 10.44)
[23:15:55] TERRAIN: Queued chunk: (3.0, -10.0) (distance: 10.44)
[23:15:55] TERRAIN: Queued chunk: (-3.0, 10.0) (distance: 10.44)
[23:15:55] TERRAIN: Queued chunk: (8.0, -7.0) (distance: 10.63)
[23:15:55] TERRAIN: Queued chunk: (7.0, 8.0) (distance: 10.63)
[23:15:55] TERRAIN: Queued chunk: (-8.0, 7.0) (distance: 10.63)
[23:15:55] TERRAIN: Queued chunk: (-8.0, -7.0) (distance: 10.63)
[23:15:55] TERRAIN: Queued chunk: (-7.0, 8.0) (distance: 10.63)
[23:15:55] TERRAIN: Queued chunk: (-7.0, -8.0) (distance: 10.63)
[23:15:55] TERRAIN: Queued chunk: (7.0, -8.0) (distance: 10.63)
[23:15:55] TERRAIN: Queued chunk: (8.0, 7.0) (distance: 10.63)
[23:15:55] TERRAIN: Queued chunk: (10.0, -4.0) (distance: 10.77)
[23:15:55] TERRAIN: Queued chunk: (-10.0, 4.0) (distance: 10.77)
[23:15:55] TERRAIN: Queued chunk: (10.0, 4.0) (distance: 10.77)
[23:15:55] TERRAIN: Queued chunk: (4.0, 10.0) (distance: 10.77)
[23:15:55] TERRAIN: Queued chunk: (-4.0, -10.0) (distance: 10.77)
[23:15:55] TERRAIN: Queued chunk: (-4.0, 10.0) (distance: 10.77)
[23:15:55] TERRAIN: Queued chunk: (-10.0, -4.0) (distance: 10.77)
[23:15:55] TERRAIN: Queued chunk: (4.0, -10.0) (distance: 10.77)
[23:15:55] TERRAIN: Queued chunk: (-9.0, 6.0) (distance: 10.82)
[23:15:55] TERRAIN: Queued chunk: (-9.0, -6.0) (distance: 10.82)
[23:15:55] TERRAIN: Queued chunk: (-6.0, 9.0) (distance: 10.82)
[23:15:55] TERRAIN: Queued chunk: (9.0, -6.0) (distance: 10.82)
[23:15:55] TERRAIN: Queued chunk: (9.0, 6.0) (distance: 10.82)
[23:15:55] TERRAIN: Queued chunk: (6.0, 9.0) (distance: 10.82)
[23:15:55] TERRAIN: Queued chunk: (6.0, -9.0) (distance: 10.82)
[23:15:55] TERRAIN: Queued chunk: (-6.0, -9.0) (distance: 10.82)
[23:15:55] TERRAIN: Queued chunk: (11.0, 0.0) (distance: 11.00)
[23:15:55] TERRAIN: Queued chunk: (-11.0, 0.0) (distance: 11.00)
[23:15:55] TERRAIN: Queued chunk: (0.0, 11.0) (distance: 11.00)
[23:15:55] TERRAIN: Queued chunk: (0.0, -11.0) (distance: 11.00)
[23:15:55] TERRAIN: Queued chunk: (1.0, -11.0) (distance: 11.05)
[23:15:55] TERRAIN: Queued chunk: (-1.0, 11.0) (distance: 11.05)
[23:15:55] TERRAIN: Queued chunk: (1.0, 11.0) (distance: 11.05)
[23:15:55] TERRAIN: Queued chunk: (-11.0, -1.0) (distance: 11.05)
[23:15:55] TERRAIN: Queued chunk: (11.0, -1.0) (distance: 11.05)
[23:15:55] TERRAIN: Queued chunk: (-1.0, -11.0) (distance: 11.05)
[23:15:55] TERRAIN: Queued chunk: (-11.0, 1.0) (distance: 11.05)
[23:15:55] TERRAIN: Queued chunk: (11.0, 1.0) (distance: 11.05)
[23:15:55] TERRAIN: Queued chunk: (2.0, -11.0) (distance: 11.18)
[23:15:55] TERRAIN: Queued chunk: (11.0, -2.0) (distance: 11.18)
[23:15:55] TERRAIN: Queued chunk: (10.0, -5.0) (distance: 11.18)
[23:15:55] TERRAIN: Queued chunk: (-5.0, -10.0) (distance: 11.18)
[23:15:55] TERRAIN: Queued chunk: (2.0, 11.0) (distance: 11.18)
[23:15:55] TERRAIN: Queued chunk: (5.0, 10.0) (distance: 11.18)
[23:15:55] TERRAIN: Queued chunk: (-5.0, 10.0) (distance: 11.18)
[23:15:55] TERRAIN: Queued chunk: (5.0, -10.0) (distance: 11.18)
[23:15:55] TERRAIN: Queued chunk: (11.0, 2.0) (distance: 11.18)
[23:15:55] TERRAIN: Queued chunk: (-10.0, 5.0) (distance: 11.18)
[23:15:55] TERRAIN: Queued chunk: (-11.0, -2.0) (distance: 11.18)
[23:15:55] TERRAIN: Queued chunk: (-11.0, 2.0) (distance: 11.18)
[23:15:55] TERRAIN: Queued chunk: (-2.0, 11.0) (distance: 11.18)
[23:15:55] TERRAIN: Queued chunk: (-10.0, -5.0) (distance: 11.18)
[23:15:55] TERRAIN: Queued chunk: (10.0, 5.0) (distance: 11.18)
[23:15:55] TERRAIN: Queued chunk: (-2.0, -11.0) (distance: 11.18)
[23:15:55] TERRAIN: Queued chunk: (8.0, -8.0) (distance: 11.31)
[23:15:55] TERRAIN: Queued chunk: (8.0, 8.0) (distance: 11.31)
[23:15:55] TERRAIN: Queued chunk: (-8.0, 8.0) (distance: 11.31)
[23:15:55] TERRAIN: Queued chunk: (-8.0, -8.0) (distance: 11.31)
[23:15:55] TERRAIN: Queued chunk: (7.0, -9.0) (distance: 11.40)
[23:15:55] TERRAIN: Queued chunk: (-7.0, 9.0) (distance: 11.40)
[23:15:55] TERRAIN: Queued chunk: (9.0, -7.0) (distance: 11.40)
[23:15:55] TERRAIN: Queued chunk: (-7.0, -9.0) (distance: 11.40)
[23:15:55] TERRAIN: Queued chunk: (3.0, 11.0) (distance: 11.40)
[23:15:55] TERRAIN: Queued chunk: (9.0, 7.0) (distance: 11.40)
[23:15:55] TERRAIN: Queued chunk: (11.0, 3.0) (distance: 11.40)
[23:15:55] TERRAIN: Queued chunk: (3.0, -11.0) (distance: 11.40)
[23:15:55] TERRAIN: Queued chunk: (-3.0, 11.0) (distance: 11.40)
[23:15:55] TERRAIN: Queued chunk: (-9.0, 7.0) (distance: 11.40)
[23:15:55] TERRAIN: Queued chunk: (-11.0, -3.0) (distance: 11.40)
[23:15:55] TERRAIN: Queued chunk: (-11.0, 3.0) (distance: 11.40)
[23:15:55] TERRAIN: Queued chunk: (11.0, -3.0) (distance: 11.40)
[23:15:55] TERRAIN: Queued chunk: (-9.0, -7.0) (distance: 11.40)
[23:15:55] TERRAIN: Queued chunk: (7.0, 9.0) (distance: 11.40)
[23:15:55] TERRAIN: Queued chunk: (-3.0, -11.0) (distance: 11.40)
[23:15:55] TERRAIN: Queued chunk: (6.0, -10.0) (distance: 11.66)
[23:15:55] TERRAIN: Queued chunk: (-6.0, -10.0) (distance: 11.66)
[23:15:55] TERRAIN: Queued chunk: (-10.0, -6.0) (distance: 11.66)
[23:15:55] TERRAIN: Queued chunk: (-10.0, 6.0) (distance: 11.66)
[23:15:55] TERRAIN: Queued chunk: (6.0, 10.0) (distance: 11.66)
[23:15:55] TERRAIN: Queued chunk: (-6.0, 10.0) (distance: 11.66)
[23:15:55] TERRAIN: Queued chunk: (10.0, 6.0) (distance: 11.66)
[23:15:55] TERRAIN: Queued chunk: (10.0, -6.0) (distance: 11.66)
[23:15:55] TERRAIN: Queued chunk: (11.0, 4.0) (distance: 11.70)
[23:15:55] TERRAIN: Queued chunk: (11.0, -4.0) (distance: 11.70)
[23:15:55] TERRAIN: Queued chunk: (-4.0, -11.0) (distance: 11.70)
[23:15:55] TERRAIN: Queued chunk: (4.0, -11.0) (distance: 11.70)
[23:15:55] TERRAIN: Queued chunk: (-4.0, 11.0) (distance: 11.70)
[23:15:55] TERRAIN: Queued chunk: (4.0, 11.0) (distance: 11.70)
[23:15:55] TERRAIN: Queued chunk: (-11.0, 4.0) (distance: 11.70)
[23:15:55] TERRAIN: Queued chunk: (-11.0, -4.0) (distance: 11.70)
[23:15:55] TERRAIN: Queued chunk: (12.0, 0.0) (distance: 12.00)
[23:15:55] TERRAIN: Queued chunk: (0.0, -12.0) (distance: 12.00)
[23:15:55] TERRAIN: Queued chunk: (-12.0, 0.0) (distance: 12.00)
[23:15:55] TERRAIN: Queued chunk: (0.0, 12.0) (distance: 12.00)
[23:15:55] TERRAIN: Queued chunk: (8.0, -9.0) (distance: 12.04)
[23:15:55] TERRAIN: Queued chunk: (8.0, 9.0) (distance: 12.04)
[23:15:55] TERRAIN: Queued chunk: (-8.0, 9.0) (distance: 12.04)
[23:15:55] TERRAIN: Queued chunk: (9.0, -8.0) (distance: 12.04)
[23:15:55] TERRAIN: Queued chunk: (12.0, 1.0) (distance: 12.04)
[23:15:55] TERRAIN: Queued chunk: (-1.0, 12.0) (distance: 12.04)
[23:15:55] TERRAIN: Queued chunk: (1.0, 12.0) (distance: 12.04)
[23:15:55] TERRAIN: Queued chunk: (-9.0, 8.0) (distance: 12.04)
[23:15:55] TERRAIN: Queued chunk: (1.0, -12.0) (distance: 12.04)
[23:15:55] TERRAIN: Queued chunk: (-8.0, -9.0) (distance: 12.04)
[23:15:55] TERRAIN: Queued chunk: (12.0, -1.0) (distance: 12.04)
[23:15:55] TERRAIN: Queued chunk: (-12.0, 1.0) (distance: 12.04)
[23:15:55] TERRAIN: Queued chunk: (-9.0, -8.0) (distance: 12.04)
[23:15:55] TERRAIN: Queued chunk: (-12.0, -1.0) (distance: 12.04)
[23:15:55] TERRAIN: Queued chunk: (9.0, 8.0) (distance: 12.04)
[23:15:55] TERRAIN: Queued chunk: (-1.0, -12.0) (distance: 12.04)
[23:15:55] TERRAIN: Queued chunk: (5.0, -11.0) (distance: 12.08)
[23:15:55] TERRAIN: Queued chunk: (-5.0, -11.0) (distance: 12.08)
[23:15:55] TERRAIN: Queued chunk: (-5.0, 11.0) (distance: 12.08)
[23:15:55] TERRAIN: Queued chunk: (11.0, -5.0) (distance: 12.08)
[23:15:55] TERRAIN: Queued chunk: (11.0, 5.0) (distance: 12.08)
[23:15:55] TERRAIN: Queued chunk: (5.0, 11.0) (distance: 12.08)
[23:15:55] TERRAIN: Queued chunk: (-11.0, -5.0) (distance: 12.08)
[23:15:55] TERRAIN: Queued chunk: (-11.0, 5.0) (distance: 12.08)
[23:15:55] TERRAIN: Queued chunk: (12.0, 2.0) (distance: 12.17)
[23:15:55] TERRAIN: Queued chunk: (2.0, 12.0) (distance: 12.17)
[23:15:55] TERRAIN: Queued chunk: (-2.0, 12.0) (distance: 12.17)
[23:15:55] TERRAIN: Queued chunk: (-12.0, 2.0) (distance: 12.17)
[23:15:55] TERRAIN: Queued chunk: (-12.0, -2.0) (distance: 12.17)
[23:15:55] TERRAIN: Queued chunk: (12.0, -2.0) (distance: 12.17)
[23:15:55] TERRAIN: Queued chunk: (2.0, -12.0) (distance: 12.17)
[23:15:55] TERRAIN: Queued chunk: (-2.0, -12.0) (distance: 12.17)
[23:15:55] TERRAIN: Queued chunk: (10.0, -7.0) (distance: 12.21)
[23:15:55] TERRAIN: Queued chunk: (7.0, 10.0) (distance: 12.21)
[23:15:55] TERRAIN: Queued chunk: (10.0, 7.0) (distance: 12.21)
[23:15:55] TERRAIN: Queued chunk: (7.0, -10.0) (distance: 12.21)
[23:15:55] TERRAIN: Queued chunk: (-7.0, -10.0) (distance: 12.21)
[23:15:55] TERRAIN: Queued chunk: (-7.0, 10.0) (distance: 12.21)
[23:15:55] TERRAIN: Queued chunk: (-10.0, 7.0) (distance: 12.21)
[23:15:55] TERRAIN: Queued chunk: (-10.0, -7.0) (distance: 12.21)
[23:15:55] TERRAIN: Queued chunk: (12.0, -3.0) (distance: 12.37)
[23:15:55] TERRAIN: Queued chunk: (-3.0, 12.0) (distance: 12.37)
[23:15:55] TERRAIN: Queued chunk: (12.0, 3.0) (distance: 12.37)
[23:15:55] TERRAIN: Queued chunk: (-3.0, -12.0) (distance: 12.37)
[23:15:55] TERRAIN: Queued chunk: (-12.0, 3.0) (distance: 12.37)
[23:15:55] TERRAIN: Queued chunk: (3.0, -12.0) (distance: 12.37)
[23:15:55] TERRAIN: Queued chunk: (3.0, 12.0) (distance: 12.37)
[23:15:55] TERRAIN: Queued chunk: (-12.0, -3.0) (distance: 12.37)
[23:15:55] TERRAIN: Queued chunk: (-11.0, 6.0) (distance: 12.53)
[23:15:55] TERRAIN: Queued chunk: (-6.0, -11.0) (distance: 12.53)
[23:15:55] TERRAIN: Queued chunk: (-11.0, -6.0) (distance: 12.53)
[23:15:55] TERRAIN: Queued chunk: (-6.0, 11.0) (distance: 12.53)
[23:15:55] TERRAIN: Queued chunk: (6.0, -11.0) (distance: 12.53)
[23:15:55] TERRAIN: Queued chunk: (6.0, 11.0) (distance: 12.53)
[23:15:55] TERRAIN: Queued chunk: (11.0, 6.0) (distance: 12.53)
[23:15:55] TERRAIN: Queued chunk: (11.0, -6.0) (distance: 12.53)
[23:15:55] TERRAIN: Queued chunk: (12.0, -4.0) (distance: 12.65)
[23:15:55] TERRAIN: Queued chunk: (4.0, 12.0) (distance: 12.65)
[23:15:55] TERRAIN: Queued chunk: (-12.0, 4.0) (distance: 12.65)
[23:15:55] TERRAIN: Queued chunk: (-4.0, 12.0) (distance: 12.65)
[23:15:55] TERRAIN: Queued chunk: (4.0, -12.0) (distance: 12.65)
[23:15:55] TERRAIN: Queued chunk: (-4.0, -12.0) (distance: 12.65)
[23:15:55] TERRAIN: Queued chunk: (-12.0, -4.0) (distance: 12.65)
[23:15:55] TERRAIN: Queued chunk: (12.0, 4.0) (distance: 12.65)
[23:15:55] TERRAIN: Queued chunk: (9.0, -9.0) (distance: 12.73)
[23:15:55] TERRAIN: Queued chunk: (9.0, 9.0) (distance: 12.73)
[23:15:55] TERRAIN: Queued chunk: (-9.0, 9.0) (distance: 12.73)
[23:15:55] TERRAIN: Queued chunk: (-9.0, -9.0) (distance: 12.73)
[23:15:55] TERRAIN: Queued chunk: (10.0, -8.0) (distance: 12.81)
[23:15:55] TERRAIN: Queued chunk: (-8.0, 10.0) (distance: 12.81)
[23:15:55] TERRAIN: Queued chunk: (-8.0, -10.0) (distance: 12.81)
[23:15:55] TERRAIN: Queued chunk: (-10.0, 8.0) (distance: 12.81)
[23:15:55] TERRAIN: Queued chunk: (-10.0, -8.0) (distance: 12.81)
[23:15:55] TERRAIN: Queued chunk: (10.0, 8.0) (distance: 12.81)
[23:15:55] TERRAIN: Queued chunk: (8.0, -10.0) (distance: 12.81)
[23:15:55] TERRAIN: Queued chunk: (8.0, 10.0) (distance: 12.81)
[23:15:55] TERRAIN: Queued chunk: (-12.0, 5.0) (distance: 13.00)
[23:15:55] TERRAIN: Queued chunk: (-12.0, -5.0) (distance: 13.00)
[23:15:55] TERRAIN: Queued chunk: (-13.0, 0.0) (distance: 13.00)
[23:15:55] TERRAIN: Queued chunk: (12.0, 5.0) (distance: 13.00)
[23:15:55] TERRAIN: Queued chunk: (13.0, 0.0) (distance: 13.00)
[23:15:55] TERRAIN: Queued chunk: (-5.0, -12.0) (distance: 13.00)
[23:15:55] TERRAIN: Queued chunk: (-5.0, 12.0) (distance: 13.00)
[23:15:55] TERRAIN: Queued chunk: (12.0, -5.0) (distance: 13.00)
[23:15:55] TERRAIN: Queued chunk: (5.0, 12.0) (distance: 13.00)
[23:15:55] TERRAIN: Queued chunk: (0.0, 13.0) (distance: 13.00)
[23:15:55] TERRAIN: Queued chunk: (0.0, -13.0) (distance: 13.00)
[23:15:55] TERRAIN: Queued chunk: (5.0, -12.0) (distance: 13.00)
[23:15:55] TERRAIN: Queued chunk: (-11.0, 7.0) (distance: 13.04)
[23:15:55] TERRAIN: Queued chunk: (-13.0, -1.0) (distance: 13.04)
[23:15:55] TERRAIN: Queued chunk: (-11.0, -7.0) (distance: 13.04)
[23:15:55] TERRAIN: Queued chunk: (7.0, -11.0) (distance: 13.04)
[23:15:55] TERRAIN: Queued chunk: (1.0, 13.0) (distance: 13.04)
[23:15:55] TERRAIN: Queued chunk: (13.0, 1.0) (distance: 13.04)
[23:15:55] TERRAIN: Queued chunk: (1.0, -13.0) (distance: 13.04)
[23:15:55] TERRAIN: Queued chunk: (7.0, 11.0) (distance: 13.04)
[23:15:55] TERRAIN: Queued chunk: (-7.0, -11.0) (distance: 13.04)
[23:15:55] TERRAIN: Queued chunk: (-7.0, 11.0) (distance: 13.04)
[23:15:55] TERRAIN: Queued chunk: (11.0, 7.0) (distance: 13.04)
[23:15:55] TERRAIN: Queued chunk: (-13.0, 1.0) (distance: 13.04)
[23:15:55] TERRAIN: Queued chunk: (-1.0, 13.0) (distance: 13.04)
[23:15:55] TERRAIN: Queued chunk: (-1.0, -13.0) (distance: 13.04)
[23:15:55] TERRAIN: Queued chunk: (11.0, -7.0) (distance: 13.04)
[23:15:55] TERRAIN: Queued chunk: (13.0, -1.0) (distance: 13.04)
[23:15:55] TERRAIN: Queued chunk: (-13.0, 2.0) (distance: 13.15)
[23:15:55] TERRAIN: Queued chunk: (2.0, 13.0) (distance: 13.15)
[23:15:55] TERRAIN: Queued chunk: (2.0, -13.0) (distance: 13.15)
[23:15:55] TERRAIN: Queued chunk: (13.0, 2.0) (distance: 13.15)
[23:15:55] TERRAIN: Queued chunk: (-13.0, -2.0) (distance: 13.15)
[23:15:55] TERRAIN: Queued chunk: (13.0, -2.0) (distance: 13.15)
[23:15:55] TERRAIN: Queued chunk: (-2.0, 13.0) (distance: 13.15)
[23:15:55] TERRAIN: Queued chunk: (-2.0, -13.0) (distance: 13.15)
[23:15:55] TERRAIN: Queued chunk: (3.0, -13.0) (distance: 13.34)
[23:15:55] TERRAIN: Queued chunk: (-13.0, -3.0) (distance: 13.34)
[23:15:55] TERRAIN: Queued chunk: (3.0, 13.0) (distance: 13.34)
[23:15:55] TERRAIN: Queued chunk: (-13.0, 3.0) (distance: 13.34)
[23:15:55] TERRAIN: Queued chunk: (13.0, 3.0) (distance: 13.34)
[23:15:55] TERRAIN: Queued chunk: (13.0, -3.0) (distance: 13.34)
[23:15:55] TERRAIN: Queued chunk: (-3.0, -13.0) (distance: 13.34)
[23:15:55] TERRAIN: Queued chunk: (-3.0, 13.0) (distance: 13.34)
[23:15:55] TERRAIN: Queued chunk: (-12.0, -6.0) (distance: 13.42)
[23:15:55] TERRAIN: Queued chunk: (-12.0, 6.0) (distance: 13.42)
[23:15:55] TERRAIN: Queued chunk: (6.0, 12.0) (distance: 13.42)
[23:15:55] TERRAIN: Queued chunk: (6.0, -12.0) (distance: 13.42)
[23:15:55] TERRAIN: Queued chunk: (12.0, 6.0) (distance: 13.42)
[23:15:55] TERRAIN: Queued chunk: (-6.0, -12.0) (distance: 13.42)
[23:15:55] TERRAIN: Queued chunk: (-6.0, 12.0) (distance: 13.42)
[23:15:55] TERRAIN: Queued chunk: (12.0, -6.0) (distance: 13.42)
[23:15:55] TERRAIN: Queued chunk: (9.0, -10.0) (distance: 13.45)
[23:15:55] TERRAIN: Queued chunk: (9.0, 10.0) (distance: 13.45)
[23:15:55] TERRAIN: Queued chunk: (10.0, -9.0) (distance: 13.45)
[23:15:55] TERRAIN: Queued chunk: (10.0, 9.0) (distance: 13.45)
[23:15:55] TERRAIN: Queued chunk: (-9.0, 10.0) (distance: 13.45)
[23:15:55] TERRAIN: Queued chunk: (-9.0, -10.0) (distance: 13.45)
[23:15:55] TERRAIN: Queued chunk: (-10.0, 9.0) (distance: 13.45)
[23:15:55] TERRAIN: Queued chunk: (-10.0, -9.0) (distance: 13.45)
[23:15:55] TERRAIN: Queued chunk: (8.0, 11.0) (distance: 13.60)
[23:15:55] TERRAIN: Queued chunk: (11.0, 8.0) (distance: 13.60)
[23:15:55] TERRAIN: Queued chunk: (-13.0, -4.0) (distance: 13.60)
[23:15:55] TERRAIN: Queued chunk: (-13.0, 4.0) (distance: 13.60)
[23:15:55] TERRAIN: Queued chunk: (11.0, -8.0) (distance: 13.60)
[23:15:55] TERRAIN: Queued chunk: (13.0, 4.0) (distance: 13.60)
[23:15:55] TERRAIN: Queued chunk: (-11.0, -8.0) (distance: 13.60)
[23:15:55] TERRAIN: Queued chunk: (-11.0, 8.0) (distance: 13.60)
[23:15:55] TERRAIN: Queued chunk: (-8.0, -11.0) (distance: 13.60)
[23:15:55] TERRAIN: Queued chunk: (-8.0, 11.0) (distance: 13.60)
[23:15:55] TERRAIN: Queued chunk: (-4.0, -13.0) (distance: 13.60)
[23:15:55] TERRAIN: Queued chunk: (-4.0, 13.0) (distance: 13.60)
[23:15:55] TERRAIN: Queued chunk: (13.0, -4.0) (distance: 13.60)
[23:15:55] TERRAIN: Queued chunk: (4.0, -13.0) (distance: 13.60)
[23:15:55] TERRAIN: Queued chunk: (4.0, 13.0) (distance: 13.60)
[23:15:55] TERRAIN: Queued chunk: (8.0, -11.0) (distance: 13.60)
[23:15:55] TERRAIN: Queued chunk: (12.0, -7.0) (distance: 13.89)
[23:15:55] TERRAIN: Queued chunk: (-7.0, 12.0) (distance: 13.89)
[23:15:55] TERRAIN: Queued chunk: (-7.0, -12.0) (distance: 13.89)
[23:15:55] TERRAIN: Queued chunk: (-12.0, 7.0) (distance: 13.89)
[23:15:55] TERRAIN: Queued chunk: (-12.0, -7.0) (distance: 13.89)
[23:15:55] TERRAIN: Queued chunk: (7.0, 12.0) (distance: 13.89)
[23:15:55] TERRAIN: Queued chunk: (7.0, -12.0) (distance: 13.89)
[23:15:55] TERRAIN: Queued chunk: (12.0, 7.0) (distance: 13.89)
[23:15:55] TERRAIN: Queued chunk: (13.0, 5.0) (distance: 13.93)
[23:15:55] TERRAIN: Queued chunk: (-13.0, 5.0) (distance: 13.93)
[23:15:55] TERRAIN: Queued chunk: (-13.0, -5.0) (distance: 13.93)
[23:15:55] TERRAIN: Queued chunk: (5.0, -13.0) (distance: 13.93)
[23:15:55] TERRAIN: Queued chunk: (5.0, 13.0) (distance: 13.93)
[23:15:55] TERRAIN: Queued chunk: (13.0, -5.0) (distance: 13.93)
[23:15:55] TERRAIN: Queued chunk: (-5.0, 13.0) (distance: 13.93)
[23:15:55] TERRAIN: Queued chunk: (-5.0, -13.0) (distance: 13.93)
[23:15:55] TERRAIN: Queued chunk: (0.0, -14.0) (distance: 14.00)
[23:15:55] TERRAIN: Queued chunk: (0.0, 14.0) (distance: 14.00)
[23:15:55] TERRAIN: Queued chunk: (14.0, 0.0) (distance: 14.00)
[23:15:55] TERRAIN: Queued chunk: (-14.0, 0.0) (distance: 14.00)
[23:15:55] TERRAIN: Queued chunk: (1.0, -14.0) (distance: 14.04)
[23:15:55] TERRAIN: Queued chunk: (14.0, 1.0) (distance: 14.04)
[23:15:55] TERRAIN: Queued chunk: (-1.0, 14.0) (distance: 14.04)
[23:15:55] TERRAIN: Queued chunk: (-1.0, -14.0) (distance: 14.04)
[23:15:55] TERRAIN: Queued chunk: (1.0, 14.0) (distance: 14.04)
[23:15:55] TERRAIN: Queued chunk: (-14.0, 1.0) (distance: 14.04)
[23:15:55] TERRAIN: Queued chunk: (-14.0, -1.0) (distance: 14.04)
[23:15:55] TERRAIN: Queued chunk: (14.0, -1.0) (distance: 14.04)
[23:15:55] TERRAIN: Queued chunk: (-14.0, 2.0) (distance: 14.14)
[23:15:55] TERRAIN: Queued chunk: (10.0, 10.0) (distance: 14.14)
[23:15:55] TERRAIN: Queued chunk: (-10.0, -10.0) (distance: 14.14)
[23:15:55] TERRAIN: Queued chunk: (-10.0, 10.0) (distance: 14.14)
[23:15:55] TERRAIN: Queued chunk: (14.0, 2.0) (distance: 14.14)
[23:15:55] TERRAIN: Queued chunk: (-14.0, -2.0) (distance: 14.14)
[23:15:55] TERRAIN: Queued chunk: (2.0, 14.0) (distance: 14.14)
[23:15:55] TERRAIN: Queued chunk: (2.0, -14.0) (distance: 14.14)
[23:15:55] TERRAIN: Queued chunk: (-2.0, 14.0) (distance: 14.14)
[23:15:55] TERRAIN: Queued chunk: (14.0, -2.0) (distance: 14.14)
[23:15:55] TERRAIN: Queued chunk: (-2.0, -14.0) (distance: 14.14)
[23:15:55] TERRAIN: Queued chunk: (10.0, -10.0) (distance: 14.14)
[23:15:55] TERRAIN: Queued chunk: (9.0, -11.0) (distance: 14.21)
[23:15:55] TERRAIN: Queued chunk: (11.0, -9.0) (distance: 14.21)
[23:15:55] TERRAIN: Queued chunk: (9.0, 11.0) (distance: 14.21)
[23:15:55] TERRAIN: Queued chunk: (-11.0, -9.0) (distance: 14.21)
[23:15:55] TERRAIN: Queued chunk: (-11.0, 9.0) (distance: 14.21)
[23:15:55] TERRAIN: Queued chunk: (-9.0, -11.0) (distance: 14.21)
[23:15:55] TERRAIN: Queued chunk: (-9.0, 11.0) (distance: 14.21)
[23:15:55] TERRAIN: Queued chunk: (11.0, 9.0) (distance: 14.21)
[23:15:55] TERRAIN: Queued chunk: (-6.0, -13.0) (distance: 14.32)
[23:15:55] TERRAIN: Queued chunk: (14.0, -3.0) (distance: 14.32)
[23:15:55] TERRAIN: Queued chunk: (6.0, 13.0) (distance: 14.32)
[23:15:55] TERRAIN: Queued chunk: (6.0, -13.0) (distance: 14.32)
[23:15:55] TERRAIN: Queued chunk: (-14.0, 3.0) (distance: 14.32)
[23:15:55] TERRAIN: Queued chunk: (13.0, 6.0) (distance: 14.32)
[23:15:55] TERRAIN: Queued chunk: (-13.0, -6.0) (distance: 14.32)
[23:15:55] TERRAIN: Queued chunk: (3.0, 14.0) (distance: 14.32)
[23:15:55] TERRAIN: Queued chunk: (3.0, -14.0) (distance: 14.32)
[23:15:55] TERRAIN: Queued chunk: (-13.0, 6.0) (distance: 14.32)
[23:15:55] TERRAIN: Queued chunk: (-6.0, 13.0) (distance: 14.32)
[23:15:55] TERRAIN: Queued chunk: (-14.0, -3.0) (distance: 14.32)
[23:15:55] TERRAIN: Queued chunk: (-3.0, -14.0) (distance: 14.32)
[23:15:55] TERRAIN: Queued chunk: (13.0, -6.0) (distance: 14.32)
[23:15:55] TERRAIN: Queued chunk: (14.0, 3.0) (distance: 14.32)
[23:15:55] TERRAIN: Queued chunk: (-3.0, 14.0) (distance: 14.32)
[23:15:55] TERRAIN: Queued chunk: (12.0, 8.0) (distance: 14.42)
[23:15:55] TERRAIN: Queued chunk: (12.0, -8.0) (distance: 14.42)
[23:15:55] TERRAIN: Queued chunk: (-12.0, -8.0) (distance: 14.42)
[23:15:55] TERRAIN: Queued chunk: (-12.0, 8.0) (distance: 14.42)
[23:15:55] TERRAIN: Queued chunk: (-8.0, -12.0) (distance: 14.42)
[23:15:55] TERRAIN: Queued chunk: (-8.0, 12.0) (distance: 14.42)
[23:15:55] TERRAIN: Queued chunk: (8.0, -12.0) (distance: 14.42)
[23:15:55] TERRAIN: Queued chunk: (8.0, 12.0) (distance: 14.42)
[23:15:55] TERRAIN: Queued chunk: (14.0, -4.0) (distance: 14.56)
[23:15:55] TERRAIN: Queued chunk: (4.0, 14.0) (distance: 14.56)
[23:15:55] TERRAIN: Queued chunk: (4.0, -14.0) (distance: 14.56)
[23:15:55] TERRAIN: Queued chunk: (-4.0, 14.0) (distance: 14.56)
[23:15:55] TERRAIN: Queued chunk: (-4.0, -14.0) (distance: 14.56)
[23:15:55] TERRAIN: Queued chunk: (14.0, 4.0) (distance: 14.56)
[23:15:55] TERRAIN: Queued chunk: (-14.0, 4.0) (distance: 14.56)
[23:15:55] TERRAIN: Queued chunk: (-14.0, -4.0) (distance: 14.56)
[23:15:55] TERRAIN: Queued chunk: (13.0, -7.0) (distance: 14.76)
[23:15:55] TERRAIN: Queued chunk: (7.0, 13.0) (distance: 14.76)
[23:15:55] TERRAIN: Queued chunk: (7.0, -13.0) (distance: 14.76)
[23:15:55] TERRAIN: Queued chunk: (-7.0, 13.0) (distance: 14.76)
[23:15:55] TERRAIN: Queued chunk: (-7.0, -13.0) (distance: 14.76)
[23:15:55] TERRAIN: Queued chunk: (-13.0, 7.0) (distance: 14.76)
[23:15:55] TERRAIN: Queued chunk: (-13.0, -7.0) (distance: 14.76)
[23:15:55] TERRAIN: Queued chunk: (13.0, 7.0) (distance: 14.76)
[23:15:55] TERRAIN: Queued chunk: (14.0, -5.0) (distance: 14.87)
[23:15:55] TERRAIN: Queued chunk: (11.0, 10.0) (distance: 14.87)
[23:15:55] TERRAIN: Queued chunk: (11.0, -10.0) (distance: 14.87)
[23:15:55] TERRAIN: Queued chunk: (10.0, 11.0) (distance: 14.87)
[23:15:55] TERRAIN: Queued chunk: (10.0, -11.0) (distance: 14.87)
[23:15:55] TERRAIN: Queued chunk: (5.0, 14.0) (distance: 14.87)
[23:15:55] TERRAIN: Queued chunk: (5.0, -14.0) (distance: 14.87)
[23:15:55] TERRAIN: Queued chunk: (-5.0, 14.0) (distance: 14.87)
[23:15:55] TERRAIN: Queued chunk: (-5.0, -14.0) (distance: 14.87)
[23:15:55] TERRAIN: Queued chunk: (-10.0, 11.0) (distance: 14.87)
[23:15:55] TERRAIN: Queued chunk: (-10.0, -11.0) (distance: 14.87)
[23:15:55] TERRAIN: Queued chunk: (-11.0, 10.0) (distance: 14.87)
[23:15:55] TERRAIN: Queued chunk: (-11.0, -10.0) (distance: 14.87)
[23:15:55] TERRAIN: Queued chunk: (14.0, 5.0) (distance: 14.87)
[23:15:55] TERRAIN: Queued chunk: (-14.0, 5.0) (distance: 14.87)
[23:15:55] TERRAIN: Queued chunk: (-14.0, -5.0) (distance: 14.87)
[23:15:55] TERRAIN: Queued chunk: (15.0, 0.0) (distance: 15.00)
[23:15:55] TERRAIN: Queued chunk: (12.0, 9.0) (distance: 15.00)
[23:15:55] TERRAIN: Queued chunk: (12.0, -9.0) (distance: 15.00)
[23:15:55] TERRAIN: Queued chunk: (9.0, 12.0) (distance: 15.00)
[23:15:55] TERRAIN: Queued chunk: (9.0, -12.0) (distance: 15.00)
[23:15:55] TERRAIN: Queued chunk: (0.0, 15.0) (distance: 15.00)
[23:15:55] TERRAIN: Queued chunk: (0.0, -15.0) (distance: 15.00)
[23:15:55] TERRAIN: Queued chunk: (-9.0, 12.0) (distance: 15.00)
[23:15:55] TERRAIN: Queued chunk: (-9.0, -12.0) (distance: 15.00)
[23:15:55] TERRAIN: Queued chunk: (-12.0, 9.0) (distance: 15.00)
[23:15:55] TERRAIN: Queued chunk: (-12.0, -9.0) (distance: 15.00)
[23:15:55] TERRAIN: Queued chunk: (-15.0, 0.0) (distance: 15.00)
[23:15:55] TERRAIN: Creating chunk: (0.0, 0.0) at distance 0.00
[23:15:55] TERRAIN: Chunk (0.0, 0.0): TRIMESH collision created successfully (distance: 0.00, vertices: 512)
[23:15:55] TERRAIN: Chunk created successfully: (0.0, 0.0) at world pos (0.0, 0.0, 0.0) (total chunks: 1)
[23:15:55] TERRAIN: Creating chunk: (0.0, -1.0) at distance 1.00
[23:15:55] TERRAIN: Chunk (0.0, -1.0): TRIMESH collision created successfully (distance: 1.00, vertices: 512)
[23:15:55] TERRAIN: Chunk created successfully: (0.0, -1.0) at world pos (0.0, 0.0, -32.0) (total chunks: 2)
[23:15:55] TERRAIN: Creating chunk: (-1.0, 0.0) at distance 1.00
[23:15:55] TERRAIN: Chunk (-1.0, 0.0): TRIMESH collision created successfully (distance: 1.00, vertices: 512)
[23:15:55] TERRAIN: Chunk created successfully: (-1.0, 0.0) at world pos (-32.0, 0.0, 0.0) (total chunks: 3)
[23:15:55] TERRAIN: Creating chunk: (0.0, 1.0) at distance 1.00
[23:15:55] TERRAIN: Chunk (0.0, 1.0): TRIMESH collision created successfully (distance: 1.00, vertices: 512)
[23:15:55] TERRAIN: Chunk created successfully: (0.0, 1.0) at world pos (0.0, 0.0, 32.0) (total chunks: 4)
[23:15:55] TERRAIN: Creating chunk: (1.0, 0.0) at distance 1.00
[23:15:56] TERRAIN: Chunk (1.0, 0.0): TRIMESH collision created successfully (distance: 1.00, vertices: 512)
[23:15:56] TERRAIN: Chunk created successfully: (1.0, 0.0) at world pos (32.0, 0.0, 0.0) (total chunks: 5)
[23:15:56] TERRAIN: Creating chunk: (-1.0, 1.0) at distance 1.41
[23:15:56] TERRAIN: Chunk (-1.0, 1.0): TRIMESH collision created successfully (distance: 1.41, vertices: 128)
[23:15:56] TERRAIN: Chunk created successfully: (-1.0, 1.0) at world pos (-32.0, 0.0, 32.0) (total chunks: 6)
[23:15:56] TERRAIN: Creating chunk: (-1.0, -1.0) at distance 1.41
[23:15:56] TERRAIN: Chunk (-1.0, -1.0): TRIMESH collision created successfully (distance: 1.41, vertices: 128)
[23:15:56] TERRAIN: Chunk created successfully: (-1.0, -1.0) at world pos (-32.0, 0.0, -32.0) (total chunks: 7)
[23:15:56] TERRAIN: Creating chunk: (1.0, 1.0) at distance 1.41
[23:15:56] TERRAIN: Chunk (1.0, 1.0): TRIMESH collision created successfully (distance: 1.41, vertices: 128)
[23:15:56] TERRAIN: Chunk created successfully: (1.0, 1.0) at world pos (32.0, 0.0, 32.0) (total chunks: 8)
[23:15:56] TERRAIN: Creating chunk: (1.0, -1.0) at distance 1.41
[23:15:56] TERRAIN: Chunk (1.0, -1.0): TRIMESH collision created successfully (distance: 1.41, vertices: 128)
[23:15:56] TERRAIN: Chunk created successfully: (1.0, -1.0) at world pos (32.0, 0.0, -32.0) (total chunks: 9)
[23:15:56] TERRAIN: Creating chunk: (0.0, -2.0) at distance 2.00
[23:15:56] TERRAIN: Chunk (0.0, -2.0): TRIMESH collision created successfully (distance: 2.00, vertices: 128)
[23:15:56] TERRAIN: Chunk created successfully: (0.0, -2.0) at world pos (0.0, 0.0, -64.0) (total chunks: 10)
[23:15:56] TERRAIN: Creating chunk: (0.0, 2.0) at distance 2.00
[23:15:56] TERRAIN: Chunk (0.0, 2.0): TRIMESH collision created successfully (distance: 2.00, vertices: 128)
[23:15:56] TERRAIN: Chunk created successfully: (0.0, 2.0) at world pos (0.0, 0.0, 64.0) (total chunks: 11)
[23:15:56] TERRAIN: Creating chunk: (-2.0, 0.0) at distance 2.00
[23:15:56] TERRAIN: Chunk (-2.0, 0.0): TRIMESH collision created successfully (distance: 2.00, vertices: 128)
[23:15:56] TERRAIN: Chunk created successfully: (-2.0, 0.0) at world pos (-64.0, 0.0, 0.0) (total chunks: 12)
[23:15:56] TERRAIN: Creating chunk: (2.0, 0.0) at distance 2.00
[23:15:56] TERRAIN: Chunk (2.0, 0.0): TRIMESH collision created successfully (distance: 2.00, vertices: 128)
[23:15:56] TERRAIN: Chunk created successfully: (2.0, 0.0) at world pos (64.0, 0.0, 0.0) (total chunks: 13)
[23:15:56] TERRAIN: Creating chunk: (-2.0, 1.0) at distance 2.24
[23:15:56] TERRAIN: Chunk (-2.0, 1.0): TRIMESH collision created successfully (distance: 2.24, vertices: 128)
[23:15:56] TERRAIN: Chunk created successfully: (-2.0, 1.0) at world pos (-64.0, 0.0, 32.0) (total chunks: 14)
[23:15:56] TERRAIN: Creating chunk: (-2.0, -1.0) at distance 2.24
[23:15:56] TERRAIN: Chunk (-2.0, -1.0): TRIMESH collision created successfully (distance: 2.24, vertices: 128)
[23:15:56] TERRAIN: Chunk created successfully: (-2.0, -1.0) at world pos (-64.0, 0.0, -32.0) (total chunks: 15)
[23:15:56] TERRAIN: Creating chunk: (1.0, 2.0) at distance 2.24
[23:15:56] TERRAIN: Chunk (1.0, 2.0): TRIMESH collision created successfully (distance: 2.24, vertices: 128)
[23:15:56] TERRAIN: Chunk created successfully: (1.0, 2.0) at world pos (32.0, 0.0, 64.0) (total chunks: 16)
[23:15:56] TERRAIN: Creating chunk: (1.0, -2.0) at distance 2.24
[23:15:56] TERRAIN: Chunk (1.0, -2.0): TRIMESH collision created successfully (distance: 2.24, vertices: 128)
[23:15:56] TERRAIN: Chunk created successfully: (1.0, -2.0) at world pos (32.0, 0.0, -64.0) (total chunks: 17)
[23:15:56] TERRAIN: Creating chunk: (-1.0, 2.0) at distance 2.24
[23:15:56] TERRAIN: Chunk (-1.0, 2.0): TRIMESH collision created successfully (distance: 2.24, vertices: 128)
[23:15:56] TERRAIN: Chunk created successfully: (-1.0, 2.0) at world pos (-32.0, 0.0, 64.0) (total chunks: 18)
[23:15:56] TERRAIN: Creating chunk: (2.0, 1.0) at distance 2.24
[23:15:56] TERRAIN: Chunk (2.0, 1.0): TRIMESH collision created successfully (distance: 2.24, vertices: 128)
[23:15:56] TERRAIN: Chunk created successfully: (2.0, 1.0) at world pos (64.0, 0.0, 32.0) (total chunks: 19)
[23:15:56] TERRAIN: Creating chunk: (2.0, -1.0) at distance 2.24
[23:15:56] TERRAIN: Chunk (2.0, -1.0): TRIMESH collision created successfully (distance: 2.24, vertices: 128)
[23:15:56] TERRAIN: Chunk created successfully: (2.0, -1.0) at world pos (64.0, 0.0, -32.0) (total chunks: 20)
[23:15:56] TERRAIN: Creating chunk: (-1.0, -2.0) at distance 2.24
[23:15:56] TERRAIN: Chunk (-1.0, -2.0): TRIMESH collision created successfully (distance: 2.24, vertices: 128)
[23:15:56] TERRAIN: Chunk created successfully: (-1.0, -2.0) at world pos (-32.0, 0.0, -64.0) (total chunks: 21)
[23:15:56] TERRAIN: Creating chunk: (2.0, 2.0) at distance 2.83
[23:15:56] TERRAIN: Chunk (2.0, 2.0): TRIMESH collision created successfully (distance: 2.83, vertices: 128)
[23:15:56] TERRAIN: Chunk created successfully: (2.0, 2.0) at world pos (64.0, 0.0, 64.0) (total chunks: 22)
[23:15:56] TERRAIN: Creating chunk: (2.0, -2.0) at distance 2.83
[23:15:56] TERRAIN: Chunk (2.0, -2.0): TRIMESH collision created successfully (distance: 2.83, vertices: 128)
[23:15:56] TERRAIN: Chunk created successfully: (2.0, -2.0) at world pos (64.0, 0.0, -64.0) (total chunks: 23)
[23:15:56] TERRAIN: Creating chunk: (-2.0, -2.0) at distance 2.83
[23:15:56] TERRAIN: Chunk (-2.0, -2.0): TRIMESH collision created successfully (distance: 2.83, vertices: 128)
[23:15:56] TERRAIN: Chunk created successfully: (-2.0, -2.0) at world pos (-64.0, 0.0, -64.0) (total chunks: 24)
[23:15:56] TERRAIN: Creating chunk: (-2.0, 2.0) at distance 2.83
[23:15:56] TERRAIN: Chunk (-2.0, 2.0): TRIMESH collision created successfully (distance: 2.83, vertices: 128)
[23:15:56] TERRAIN: Chunk created successfully: (-2.0, 2.0) at world pos (-64.0, 0.0, 64.0) (total chunks: 25)
[23:15:56] TERRAIN: Creating chunk: (0.0, -3.0) at distance 3.00
[23:15:56] TERRAIN: Chunk (0.0, -3.0): TRIMESH collision created successfully (distance: 3.00, vertices: 128)
[23:15:56] TERRAIN: Chunk created successfully: (0.0, -3.0) at world pos (0.0, 0.0, -96.0) (total chunks: 26)
[23:15:56] TERRAIN: Creating chunk: (0.0, 3.0) at distance 3.00
[23:15:56] TERRAIN: Chunk (0.0, 3.0): TRIMESH collision created successfully (distance: 3.00, vertices: 128)
[23:15:56] TERRAIN: Chunk created successfully: (0.0, 3.0) at world pos (0.0, 0.0, 96.0) (total chunks: 27)
[23:15:56] TERRAIN: Creating chunk: (3.0, 0.0) at distance 3.00
[23:15:56] TERRAIN: Chunk (3.0, 0.0): TRIMESH collision created successfully (distance: 3.00, vertices: 128)
[23:15:56] TERRAIN: Chunk created successfully: (3.0, 0.0) at world pos (96.0, 0.0, 0.0) (total chunks: 28)
[23:15:56] TERRAIN: Creating chunk: (-3.0, 0.0) at distance 3.00
[23:15:56] TERRAIN: Chunk (-3.0, 0.0): TRIMESH collision created successfully (distance: 3.00, vertices: 128)
[23:15:56] TERRAIN: Chunk created successfully: (-3.0, 0.0) at world pos (-96.0, 0.0, 0.0) (total chunks: 29)
[23:15:56] TERRAIN: Creating chunk: (1.0, 3.0) at distance 3.16
[23:15:56] TERRAIN: Chunk (1.0, 3.0): TRIMESH collision created successfully (distance: 3.16, vertices: 32)
[23:15:56] TERRAIN: Chunk created successfully: (1.0, 3.0) at world pos (32.0, 0.0, 96.0) (total chunks: 30)
[23:15:56] TERRAIN: Creating chunk: (-1.0, -3.0) at distance 3.16
[23:15:56] TERRAIN: Chunk (-1.0, -3.0): TRIMESH collision created successfully (distance: 3.16, vertices: 32)
[23:15:56] TERRAIN: Chunk created successfully: (-1.0, -3.0) at world pos (-32.0, 0.0, -96.0) (total chunks: 31)
[23:15:56] TERRAIN: Creating chunk: (-3.0, -1.0) at distance 3.16
[23:15:56] TERRAIN: Chunk (-3.0, -1.0): TRIMESH collision created successfully (distance: 3.16, vertices: 32)
[23:15:56] TERRAIN: Chunk created successfully: (-3.0, -1.0) at world pos (-96.0, 0.0, -32.0) (total chunks: 32)
[23:15:56] TERRAIN: Creating chunk: (3.0, -1.0) at distance 3.16
[23:15:56] TERRAIN: Chunk (3.0, -1.0): TRIMESH collision created successfully (distance: 3.16, vertices: 32)
[23:15:56] TERRAIN: Chunk created successfully: (3.0, -1.0) at world pos (96.0, 0.0, -32.0) (total chunks: 33)
[23:15:56] TERRAIN: Creating chunk: (3.0, 1.0) at distance 3.16
[23:15:56] TERRAIN: Chunk (3.0, 1.0): TRIMESH collision created successfully (distance: 3.16, vertices: 32)
[23:15:56] TERRAIN: Chunk created successfully: (3.0, 1.0) at world pos (96.0, 0.0, 32.0) (total chunks: 34)
[23:15:56] TERRAIN: Creating chunk: (-3.0, 1.0) at distance 3.16
[23:15:56] TERRAIN: Chunk (-3.0, 1.0): TRIMESH collision created successfully (distance: 3.16, vertices: 32)
[23:15:56] TERRAIN: Chunk created successfully: (-3.0, 1.0) at world pos (-96.0, 0.0, 32.0) (total chunks: 35)
[23:15:56] TERRAIN: Creating chunk: (1.0, -3.0) at distance 3.16
[23:15:56] TERRAIN: Chunk (1.0, -3.0): TRIMESH collision created successfully (distance: 3.16, vertices: 32)
[23:15:56] TERRAIN: Chunk created successfully: (1.0, -3.0) at world pos (32.0, 0.0, -96.0) (total chunks: 36)
[23:15:56] TERRAIN: Creating chunk: (-1.0, 3.0) at distance 3.16
[23:15:56] TERRAIN: Chunk (-1.0, 3.0): TRIMESH collision created successfully (distance: 3.16, vertices: 32)
[23:15:56] TERRAIN: Chunk created successfully: (-1.0, 3.0) at world pos (-32.0, 0.0, 96.0) (total chunks: 37)
[23:15:56] TERRAIN: Creating chunk: (-3.0, -2.0) at distance 3.61
[23:15:56] TERRAIN: Chunk (-3.0, -2.0): TRIMESH collision created successfully (distance: 3.61, vertices: 32)
[23:15:56] TERRAIN: Chunk created successfully: (-3.0, -2.0) at world pos (-96.0, 0.0, -64.0) (total chunks: 38)
[23:15:56] TERRAIN: Creating chunk: (-3.0, 2.0) at distance 3.61
[23:15:56] TERRAIN: Chunk (-3.0, 2.0): TRIMESH collision created successfully (distance: 3.61, vertices: 32)
[23:15:56] TERRAIN: Chunk created successfully: (-3.0, 2.0) at world pos (-96.0, 0.0, 64.0) (total chunks: 39)
[23:15:56] TERRAIN: Creating chunk: (2.0, -3.0) at distance 3.61
[23:15:56] TERRAIN: Chunk (2.0, -3.0): TRIMESH collision created successfully (distance: 3.61, vertices: 32)
[23:15:56] TERRAIN: Chunk created successfully: (2.0, -3.0) at world pos (64.0, 0.0, -96.0) (total chunks: 40)
[23:15:56] TERRAIN: Creating chunk: (2.0, 3.0) at distance 3.61
[23:15:56] TERRAIN: Chunk (2.0, 3.0): TRIMESH collision created successfully (distance: 3.61, vertices: 32)
[23:15:56] TERRAIN: Chunk created successfully: (2.0, 3.0) at world pos (64.0, 0.0, 96.0) (total chunks: 41)
[23:15:56] TERRAIN: Creating chunk: (-2.0, -3.0) at distance 3.61
[23:15:56] TERRAIN: Chunk (-2.0, -3.0): TRIMESH collision created successfully (distance: 3.61, vertices: 32)
[23:15:56] TERRAIN: Chunk created successfully: (-2.0, -3.0) at world pos (-64.0, 0.0, -96.0) (total chunks: 42)
[23:15:56] TERRAIN: Creating chunk: (3.0, 2.0) at distance 3.61
[23:15:56] TERRAIN: Chunk (3.0, 2.0): TRIMESH collision created successfully (distance: 3.61, vertices: 32)
[23:15:56] TERRAIN: Chunk created successfully: (3.0, 2.0) at world pos (96.0, 0.0, 64.0) (total chunks: 43)
[23:15:56] TERRAIN: Creating chunk: (-2.0, 3.0) at distance 3.61
[23:15:56] TERRAIN: Chunk (-2.0, 3.0): TRIMESH collision created successfully (distance: 3.61, vertices: 32)
[23:15:56] TERRAIN: Chunk created successfully: (-2.0, 3.0) at world pos (-64.0, 0.0, 96.0) (total chunks: 44)
[23:15:56] TERRAIN: Creating chunk: (3.0, -2.0) at distance 3.61
[23:15:56] TERRAIN: Chunk (3.0, -2.0): TRIMESH collision created successfully (distance: 3.61, vertices: 32)
[23:15:56] TERRAIN: Chunk created successfully: (3.0, -2.0) at world pos (96.0, 0.0, -64.0) (total chunks: 45)
[23:15:56] TERRAIN: Creating chunk: (4.0, 0.0) at distance 4.00
[23:15:56] TERRAIN: Chunk (4.0, 0.0): TRIMESH collision created successfully (distance: 4.00, vertices: 32)
[23:15:56] TERRAIN: Chunk created successfully: (4.0, 0.0) at world pos (128.0, 0.0, 0.0) (total chunks: 46)
[23:15:56] TERRAIN: Creating chunk: (0.0, -4.0) at distance 4.00
[23:15:56] TERRAIN: Chunk (0.0, -4.0): TRIMESH collision created successfully (distance: 4.00, vertices: 32)
[23:15:56] TERRAIN: Chunk created successfully: (0.0, -4.0) at world pos (0.0, 0.0, -128.0) (total chunks: 47)
[23:15:56] TERRAIN: Creating chunk: (0.0, 4.0) at distance 4.00
[23:15:56] TERRAIN: Chunk (0.0, 4.0): TRIMESH collision created successfully (distance: 4.00, vertices: 32)
[23:15:56] TERRAIN: Chunk created successfully: (0.0, 4.0) at world pos (0.0, 0.0, 128.0) (total chunks: 48)
[23:15:56] TERRAIN: Creating chunk: (-4.0, 0.0) at distance 4.00
[23:15:56] TERRAIN: Chunk (-4.0, 0.0): TRIMESH collision created successfully (distance: 4.00, vertices: 32)
[23:15:56] TERRAIN: Chunk created successfully: (-4.0, 0.0) at world pos (-128.0, 0.0, 0.0) (total chunks: 49)
[23:15:56] TERRAIN: Creating chunk: (1.0, -4.0) at distance 4.12
[23:15:56] TERRAIN: Chunk (1.0, -4.0): TRIMESH collision created successfully (distance: 4.12, vertices: 32)
[23:15:56] TERRAIN: Chunk created successfully: (1.0, -4.0) at world pos (32.0, 0.0, -128.0) (total chunks: 50)
[23:15:56] TERRAIN: Creating chunk: (-1.0, 4.0) at distance 4.12
[23:15:56] TERRAIN: Chunk (-1.0, 4.0): TRIMESH collision created successfully (distance: 4.12, vertices: 32)
[23:15:56] TERRAIN: Chunk created successfully: (-1.0, 4.0) at world pos (-32.0, 0.0, 128.0) (total chunks: 51)
[23:15:56] TERRAIN: Creating chunk: (1.0, 4.0) at distance 4.12
[23:15:56] TERRAIN: Chunk (1.0, 4.0): TRIMESH collision created successfully (distance: 4.12, vertices: 32)
[23:15:56] TERRAIN: Chunk created successfully: (1.0, 4.0) at world pos (32.0, 0.0, 128.0) (total chunks: 52)
[23:15:56] TERRAIN: Creating chunk: (-4.0, -1.0) at distance 4.12
[23:15:56] TERRAIN: Chunk (-4.0, -1.0): TRIMESH collision created successfully (distance: 4.12, vertices: 32)
[23:15:56] TERRAIN: Chunk created successfully: (-4.0, -1.0) at world pos (-128.0, 0.0, -32.0) (total chunks: 53)
[23:15:56] TERRAIN: Creating chunk: (-1.0, -4.0) at distance 4.12
[23:15:56] TERRAIN: Chunk (-1.0, -4.0): TRIMESH collision created successfully (distance: 4.12, vertices: 32)
[23:15:56] TERRAIN: Chunk created successfully: (-1.0, -4.0) at world pos (-32.0, 0.0, -128.0) (total chunks: 54)
[23:15:56] TERRAIN: Creating chunk: (-4.0, 1.0) at distance 4.12
[23:15:56] TERRAIN: Chunk (-4.0, 1.0): TRIMESH collision created successfully (distance: 4.12, vertices: 32)
[23:15:56] TERRAIN: Chunk created successfully: (-4.0, 1.0) at world pos (-128.0, 0.0, 32.0) (total chunks: 55)
[23:15:56] TERRAIN: Creating chunk: (4.0, -1.0) at distance 4.12
[23:15:56] TERRAIN: Chunk (4.0, -1.0): TRIMESH collision created successfully (distance: 4.12, vertices: 32)
[23:15:56] TERRAIN: Chunk created successfully: (4.0, -1.0) at world pos (128.0, 0.0, -32.0) (total chunks: 56)
[23:15:56] TERRAIN: Creating chunk: (4.0, 1.0) at distance 4.12
[23:15:56] TERRAIN: Chunk (4.0, 1.0): TRIMESH collision created successfully (distance: 4.12, vertices: 32)
[23:15:56] TERRAIN: Chunk created successfully: (4.0, 1.0) at world pos (128.0, 0.0, 32.0) (total chunks: 57)
[23:15:56] TERRAIN: Creating chunk: (3.0, -3.0) at distance 4.24
[23:15:56] TERRAIN: Chunk (3.0, -3.0): TRIMESH collision created successfully (distance: 4.24, vertices: 32)
[23:15:56] TERRAIN: Chunk created successfully: (3.0, -3.0) at world pos (96.0, 0.0, -96.0) (total chunks: 58)
[23:15:56] TERRAIN: Creating chunk: (3.0, 3.0) at distance 4.24
[23:15:56] TERRAIN: Chunk (3.0, 3.0): TRIMESH collision created successfully (distance: 4.24, vertices: 32)
[23:15:56] TERRAIN: Chunk created successfully: (3.0, 3.0) at world pos (96.0, 0.0, 96.0) (total chunks: 59)
[23:15:56] TERRAIN: Creating chunk: (-3.0, -3.0) at distance 4.24
[23:15:56] TERRAIN: Chunk (-3.0, -3.0): TRIMESH collision created successfully (distance: 4.24, vertices: 32)
[23:15:56] TERRAIN: Chunk created successfully: (-3.0, -3.0) at world pos (-96.0, 0.0, -96.0) (total chunks: 60)
[23:15:56] TERRAIN: Creating chunk: (-3.0, 3.0) at distance 4.24
[23:15:56] TERRAIN: Chunk (-3.0, 3.0): TRIMESH collision created successfully (distance: 4.24, vertices: 32)
[23:15:56] TERRAIN: Chunk created successfully: (-3.0, 3.0) at world pos (-96.0, 0.0, 96.0) (total chunks: 61)
[23:15:56] TERRAIN: Creating chunk: (-4.0, -2.0) at distance 4.47
[23:15:56] TERRAIN: Chunk (-4.0, -2.0): TRIMESH collision created successfully (distance: 4.47, vertices: 32)
[23:15:56] TERRAIN: Chunk created successfully: (-4.0, -2.0) at world pos (-128.0, 0.0, -64.0) (total chunks: 62)
[23:15:56] TERRAIN: Creating chunk: (-4.0, 2.0) at distance 4.47
[23:15:56] TERRAIN: Chunk (-4.0, 2.0): TRIMESH collision created successfully (distance: 4.47, vertices: 32)
[23:15:56] TERRAIN: Chunk created successfully: (-4.0, 2.0) at world pos (-128.0, 0.0, 64.0) (total chunks: 63)
[23:15:56] TERRAIN: Creating chunk: (4.0, 2.0) at distance 4.47
[23:15:56] TERRAIN: Chunk (4.0, 2.0): TRIMESH collision created successfully (distance: 4.47, vertices: 32)
[23:15:56] TERRAIN: Chunk created successfully: (4.0, 2.0) at world pos (128.0, 0.0, 64.0) (total chunks: 64)
[23:15:56] TERRAIN: Creating chunk: (4.0, -2.0) at distance 4.47
[23:15:56] TERRAIN: Chunk (4.0, -2.0): TRIMESH collision created successfully (distance: 4.47, vertices: 32)
[23:15:56] TERRAIN: Chunk created successfully: (4.0, -2.0) at world pos (128.0, 0.0, -64.0) (total chunks: 65)
[23:15:56] TERRAIN: Creating chunk: (-2.0, -4.0) at distance 4.47
[23:15:56] TERRAIN: Chunk (-2.0, -4.0): TRIMESH collision created successfully (distance: 4.47, vertices: 32)
[23:15:56] TERRAIN: Chunk created successfully: (-2.0, -4.0) at world pos (-64.0, 0.0, -128.0) (total chunks: 66)
[23:15:56] TERRAIN: Creating chunk: (-2.0, 4.0) at distance 4.47
[23:15:56] TERRAIN: Chunk (-2.0, 4.0): TRIMESH collision created successfully (distance: 4.47, vertices: 32)
[23:15:56] TERRAIN: Chunk created successfully: (-2.0, 4.0) at world pos (-64.0, 0.0, 128.0) (total chunks: 67)
[23:15:56] TERRAIN: Creating chunk: (2.0, 4.0) at distance 4.47
[23:15:56] TERRAIN: Chunk (2.0, 4.0): TRIMESH collision created successfully (distance: 4.47, vertices: 32)
[23:15:56] TERRAIN: Chunk created successfully: (2.0, 4.0) at world pos (64.0, 0.0, 128.0) (total chunks: 68)
[23:15:56] TERRAIN: Creating chunk: (2.0, -4.0) at distance 4.47
[23:15:56] TERRAIN: Chunk (2.0, -4.0): TRIMESH collision created successfully (distance: 4.47, vertices: 32)
[23:15:56] TERRAIN: Chunk created successfully: (2.0, -4.0) at world pos (64.0, 0.0, -128.0) (total chunks: 69)
[23:15:56] TERRAIN: Creating chunk: (0.0, -5.0) at distance 5.00
[23:15:56] TERRAIN: Chunk (0.0, -5.0): TRIMESH collision created successfully (distance: 5.00, vertices: 32)
[23:15:56] TERRAIN: Chunk created successfully: (0.0, -5.0) at world pos (0.0, 0.0, -160.0) (total chunks: 70)
[23:15:56] TERRAIN: Creating chunk: (-3.0, 4.0) at distance 5.00
[23:15:56] TERRAIN: Chunk (-3.0, 4.0): TRIMESH collision created successfully (distance: 5.00, vertices: 32)
[23:15:56] TERRAIN: Chunk created successfully: (-3.0, 4.0) at world pos (-96.0, 0.0, 128.0) (total chunks: 71)
[23:15:56] TERRAIN: Creating chunk: (-3.0, -4.0) at distance 5.00
[23:15:56] TERRAIN: Chunk (-3.0, -4.0): TRIMESH collision created successfully (distance: 5.00, vertices: 32)
[23:15:56] TERRAIN: Chunk created successfully: (-3.0, -4.0) at world pos (-96.0, 0.0, -128.0) (total chunks: 72)
[23:15:56] TERRAIN: Creating chunk: (-4.0, 3.0) at distance 5.00
[23:15:56] TERRAIN: Chunk (-4.0, 3.0): TRIMESH collision created successfully (distance: 5.00, vertices: 32)
[23:15:56] TERRAIN: Chunk created successfully: (-4.0, 3.0) at world pos (-128.0, 0.0, 96.0) (total chunks: 73)
[23:15:56] TERRAIN: Creating chunk: (-4.0, -3.0) at distance 5.00
[23:15:56] TERRAIN: Chunk (-4.0, -3.0): TRIMESH collision created successfully (distance: 5.00, vertices: 32)
[23:15:56] TERRAIN: Chunk created successfully: (-4.0, -3.0) at world pos (-128.0, 0.0, -96.0) (total chunks: 74)
[23:15:56] TERRAIN: Creating chunk: (3.0, -4.0) at distance 5.00
[23:15:56] TERRAIN: Chunk (3.0, -4.0): TRIMESH collision created successfully (distance: 5.00, vertices: 32)
[23:15:56] TERRAIN: Chunk created successfully: (3.0, -4.0) at world pos (96.0, 0.0, -128.0) (total chunks: 75)
[23:15:56] TERRAIN: Creating chunk: (3.0, 4.0) at distance 5.00
[23:15:56] TERRAIN: Chunk (3.0, 4.0): TRIMESH collision created successfully (distance: 5.00, vertices: 32)
[23:15:56] TERRAIN: Chunk created successfully: (3.0, 4.0) at world pos (96.0, 0.0, 128.0) (total chunks: 76)
[23:15:56] TERRAIN: Creating chunk: (-5.0, 0.0) at distance 5.00
[23:15:56] TERRAIN: Chunk (-5.0, 0.0): TRIMESH collision created successfully (distance: 5.00, vertices: 32)
[23:15:56] TERRAIN: Chunk created successfully: (-5.0, 0.0) at world pos (-160.0, 0.0, 0.0) (total chunks: 77)
[23:15:56] TERRAIN: Creating chunk: (5.0, 0.0) at distance 5.00
[23:15:56] TERRAIN: Chunk (5.0, 0.0): TRIMESH collision created successfully (distance: 5.00, vertices: 32)
[23:15:56] TERRAIN: Chunk created successfully: (5.0, 0.0) at world pos (160.0, 0.0, 0.0) (total chunks: 78)
[23:15:56] TERRAIN: Creating chunk: (0.0, 5.0) at distance 5.00
[23:15:56] TERRAIN: Chunk (0.0, 5.0): TRIMESH collision created successfully (distance: 5.00, vertices: 32)
[23:15:56] TERRAIN: Chunk created successfully: (0.0, 5.0) at world pos (0.0, 0.0, 160.0) (total chunks: 79)
[23:15:56] TERRAIN: Creating chunk: (4.0, -3.0) at distance 5.00
[23:15:56] TERRAIN: Chunk (4.0, -3.0): TRIMESH collision created successfully (distance: 5.00, vertices: 32)
[23:15:56] TERRAIN: Chunk created successfully: (4.0, -3.0) at world pos (128.0, 0.0, -96.0) (total chunks: 80)
[23:15:56] TERRAIN: Creating chunk: (4.0, 3.0) at distance 5.00
[23:15:56] TERRAIN: Chunk (4.0, 3.0): TRIMESH collision created successfully (distance: 5.00, vertices: 32)
[23:15:56] TERRAIN: Chunk created successfully: (4.0, 3.0) at world pos (128.0, 0.0, 96.0) (total chunks: 81)
[23:15:56] TERRAIN: Creating chunk: (5.0, 1.0) at distance 5.10
[23:15:56] TERRAIN: Chunk (5.0, 1.0): TRIMESH collision created successfully (distance: 5.10, vertices: 8)
[23:15:56] TERRAIN: Chunk created successfully: (5.0, 1.0) at world pos (160.0, 0.0, 32.0) (total chunks: 82)
[23:15:56] TERRAIN: Creating chunk: (-1.0, 5.0) at distance 5.10
[23:15:56] TERRAIN: Chunk (-1.0, 5.0): TRIMESH collision created successfully (distance: 5.10, vertices: 8)
[23:15:56] TERRAIN: Chunk created successfully: (-1.0, 5.0) at world pos (-32.0, 0.0, 160.0) (total chunks: 83)
[23:15:56] TERRAIN: Creating chunk: (-5.0, -1.0) at distance 5.10
[23:15:56] TERRAIN: Chunk (-5.0, -1.0): TRIMESH collision created successfully (distance: 5.10, vertices: 8)
[23:15:56] TERRAIN: Chunk created successfully: (-5.0, -1.0) at world pos (-160.0, 0.0, -32.0) (total chunks: 84)
[23:15:56] TERRAIN: Creating chunk: (1.0, -5.0) at distance 5.10
[23:15:56] TERRAIN: Chunk (1.0, -5.0): TRIMESH collision created successfully (distance: 5.10, vertices: 8)
[23:15:56] TERRAIN: Chunk created successfully: (1.0, -5.0) at world pos (32.0, 0.0, -160.0) (total chunks: 85)
[23:15:56] TERRAIN: Creating chunk: (1.0, 5.0) at distance 5.10
[23:15:56] TERRAIN: Chunk (1.0, 5.0): TRIMESH collision created successfully (distance: 5.10, vertices: 8)
[23:15:56] TERRAIN: Chunk created successfully: (1.0, 5.0) at world pos (32.0, 0.0, 160.0) (total chunks: 86)
[23:15:56] TERRAIN: Creating chunk: (5.0, -1.0) at distance 5.10
[23:15:56] TERRAIN: Chunk (5.0, -1.0): TRIMESH collision created successfully (distance: 5.10, vertices: 8)
[23:15:56] TERRAIN: Chunk created successfully: (5.0, -1.0) at world pos (160.0, 0.0, -32.0) (total chunks: 87)
[23:15:56] TERRAIN: Creating chunk: (-5.0, 1.0) at distance 5.10
[23:15:56] TERRAIN: Chunk (-5.0, 1.0): TRIMESH collision created successfully (distance: 5.10, vertices: 8)
[23:15:56] TERRAIN: Chunk created successfully: (-5.0, 1.0) at world pos (-160.0, 0.0, 32.0) (total chunks: 88)
[23:15:56] TERRAIN: Creating chunk: (-1.0, -5.0) at distance 5.10
[23:15:56] TERRAIN: Chunk (-1.0, -5.0): TRIMESH collision created successfully (distance: 5.10, vertices: 8)
[23:15:56] TERRAIN: Chunk created successfully: (-1.0, -5.0) at world pos (-32.0, 0.0, -160.0) (total chunks: 89)
[23:15:56] TERRAIN: Creating chunk: (-5.0, 2.0) at distance 5.39
[23:15:56] TERRAIN: Chunk (-5.0, 2.0): TRIMESH collision created successfully (distance: 5.39, vertices: 8)
[23:15:56] TERRAIN: Chunk created successfully: (-5.0, 2.0) at world pos (-160.0, 0.0, 64.0) (total chunks: 90)
[23:15:56] TERRAIN: Creating chunk: (5.0, -2.0) at distance 5.39
[23:15:56] TERRAIN: Chunk (5.0, -2.0): TRIMESH collision created successfully (distance: 5.39, vertices: 8)
[23:15:56] TERRAIN: Chunk created successfully: (5.0, -2.0) at world pos (160.0, 0.0, -64.0) (total chunks: 91)
[23:15:56] TERRAIN: Creating chunk: (-2.0, 5.0) at distance 5.39
[23:15:56] TERRAIN: Chunk (-2.0, 5.0): TRIMESH collision created successfully (distance: 5.39, vertices: 8)
[23:15:56] TERRAIN: Chunk created successfully: (-2.0, 5.0) at world pos (-64.0, 0.0, 160.0) (total chunks: 92)
[23:15:56] TERRAIN: Creating chunk: (2.0, 5.0) at distance 5.39
[23:15:56] TERRAIN: Chunk (2.0, 5.0): TRIMESH collision created successfully (distance: 5.39, vertices: 8)
[23:15:56] TERRAIN: Chunk created successfully: (2.0, 5.0) at world pos (64.0, 0.0, 160.0) (total chunks: 93)
[23:15:56] TERRAIN: Creating chunk: (2.0, -5.0) at distance 5.39
[23:15:56] TERRAIN: Chunk (2.0, -5.0): TRIMESH collision created successfully (distance: 5.39, vertices: 8)
[23:15:56] TERRAIN: Chunk created successfully: (2.0, -5.0) at world pos (64.0, 0.0, -160.0) (total chunks: 94)
[23:15:56] TERRAIN: Creating chunk: (-2.0, -5.0) at distance 5.39
[23:15:56] TERRAIN: Chunk (-2.0, -5.0): TRIMESH collision created successfully (distance: 5.39, vertices: 8)
[23:15:56] TERRAIN: Chunk created successfully: (-2.0, -5.0) at world pos (-64.0, 0.0, -160.0) (total chunks: 95)
[23:15:56] TERRAIN: Creating chunk: (-5.0, -2.0) at distance 5.39
[23:15:56] TERRAIN: Chunk (-5.0, -2.0): TRIMESH collision created successfully (distance: 5.39, vertices: 8)
[23:15:56] TERRAIN: Chunk created successfully: (-5.0, -2.0) at world pos (-160.0, 0.0, -64.0) (total chunks: 96)
[23:15:56] TERRAIN: Creating chunk: (5.0, 2.0) at distance 5.39
[23:15:56] TERRAIN: Chunk (5.0, 2.0): TRIMESH collision created successfully (distance: 5.39, vertices: 8)
[23:15:56] TERRAIN: Chunk created successfully: (5.0, 2.0) at world pos (160.0, 0.0, 64.0) (total chunks: 97)
[23:15:56] TERRAIN: Creating chunk: (4.0, 4.0) at distance 5.66
[23:15:56] TERRAIN: Chunk (4.0, 4.0): TRIMESH collision created successfully (distance: 5.66, vertices: 8)
[23:15:56] TERRAIN: Chunk created successfully: (4.0, 4.0) at world pos (128.0, 0.0, 128.0) (total chunks: 98)
[23:15:56] TERRAIN: Creating chunk: (4.0, -4.0) at distance 5.66
[23:15:56] TERRAIN: Chunk (4.0, -4.0): TRIMESH collision created successfully (distance: 5.66, vertices: 8)
[23:15:56] TERRAIN: Chunk created successfully: (4.0, -4.0) at world pos (128.0, 0.0, -128.0) (total chunks: 99)
[23:15:56] TERRAIN: Creating chunk: (-4.0, -4.0) at distance 5.66
[23:15:56] TERRAIN: Chunk (-4.0, -4.0): TRIMESH collision created successfully (distance: 5.66, vertices: 8)
[23:15:56] TERRAIN: Chunk created successfully: (-4.0, -4.0) at world pos (-128.0, 0.0, -128.0) (total chunks: 100)
[23:15:56] TERRAIN: Creating chunk: (-4.0, 4.0) at distance 5.66
[23:15:56] TERRAIN: Chunk (-4.0, 4.0): TRIMESH collision created successfully (distance: 5.66, vertices: 8)
[23:15:56] TERRAIN: Chunk created successfully: (-4.0, 4.0) at world pos (-128.0, 0.0, 128.0) (total chunks: 101)
[23:15:56] TERRAIN: Creating chunk: (3.0, -5.0) at distance 5.83
[23:15:56] TERRAIN: Chunk (3.0, -5.0): TRIMESH collision created successfully (distance: 5.83, vertices: 8)
[23:15:56] TERRAIN: Chunk created successfully: (3.0, -5.0) at world pos (96.0, 0.0, -160.0) (total chunks: 102)
[23:15:56] TERRAIN: Creating chunk: (-3.0, -5.0) at distance 5.83
[23:15:56] TERRAIN: Chunk (-3.0, -5.0): TRIMESH collision created successfully (distance: 5.83, vertices: 8)
[23:15:56] TERRAIN: Chunk created successfully: (-3.0, -5.0) at world pos (-96.0, 0.0, -160.0) (total chunks: 103)
[23:15:56] TERRAIN: Creating chunk: (3.0, 5.0) at distance 5.83
[23:15:56] TERRAIN: Chunk (3.0, 5.0): TRIMESH collision created successfully (distance: 5.83, vertices: 8)
[23:15:56] TERRAIN: Chunk created successfully: (3.0, 5.0) at world pos (96.0, 0.0, 160.0) (total chunks: 104)
[23:15:56] TERRAIN: Creating chunk: (5.0, -3.0) at distance 5.83
[23:15:56] TERRAIN: Chunk (5.0, -3.0): TRIMESH collision created successfully (distance: 5.83, vertices: 8)
[23:15:56] TERRAIN: Chunk created successfully: (5.0, -3.0) at world pos (160.0, 0.0, -96.0) (total chunks: 105)
[23:15:56] TERRAIN: Creating chunk: (-5.0, 3.0) at distance 5.83
[23:15:56] TERRAIN: Chunk (-5.0, 3.0): TRIMESH collision created successfully (distance: 5.83, vertices: 8)
[23:15:56] TERRAIN: Chunk created successfully: (-5.0, 3.0) at world pos (-160.0, 0.0, 96.0) (total chunks: 106)
[23:15:56] TERRAIN: Creating chunk: (-3.0, 5.0) at distance 5.83
[23:15:56] TERRAIN: Chunk (-3.0, 5.0): TRIMESH collision created successfully (distance: 5.83, vertices: 8)
[23:15:56] TERRAIN: Chunk created successfully: (-3.0, 5.0) at world pos (-96.0, 0.0, 160.0) (total chunks: 107)
[23:15:56] TERRAIN: Creating chunk: (5.0, 3.0) at distance 5.83
[23:15:56] TERRAIN: Chunk (5.0, 3.0): TRIMESH collision created successfully (distance: 5.83, vertices: 8)
[23:15:56] TERRAIN: Chunk created successfully: (5.0, 3.0) at world pos (160.0, 0.0, 96.0) (total chunks: 108)
[23:15:56] TERRAIN: Creating chunk: (-5.0, -3.0) at distance 5.83
[23:15:56] TERRAIN: Chunk (-5.0, -3.0): TRIMESH collision created successfully (distance: 5.83, vertices: 8)
[23:15:56] TERRAIN: Chunk created successfully: (-5.0, -3.0) at world pos (-160.0, 0.0, -96.0) (total chunks: 109)
[23:15:56] TERRAIN: Creating chunk: (-6.0, 0.0) at distance 6.00
[23:15:56] TERRAIN: Chunk (-6.0, 0.0): TRIMESH collision created successfully (distance: 6.00, vertices: 8)
[23:15:56] TERRAIN: Chunk created successfully: (-6.0, 0.0) at world pos (-192.0, 0.0, 0.0) (total chunks: 110)
[23:15:56] TERRAIN: Creating chunk: (6.0, 0.0) at distance 6.00
[23:15:56] TERRAIN: Chunk (6.0, 0.0): TRIMESH collision created successfully (distance: 6.00, vertices: 8)
[23:15:56] TERRAIN: Chunk created successfully: (6.0, 0.0) at world pos (192.0, 0.0, 0.0) (total chunks: 111)
[23:15:56] TERRAIN: Creating chunk: (0.0, -6.0) at distance 6.00
[23:15:56] TERRAIN: Chunk (0.0, -6.0): TRIMESH collision created successfully (distance: 6.00, vertices: 8)
[23:15:56] TERRAIN: Chunk created successfully: (0.0, -6.0) at world pos (0.0, 0.0, -192.0) (total chunks: 112)
[23:15:56] TERRAIN: Creating chunk: (0.0, 6.0) at distance 6.00
[23:15:56] TERRAIN: Chunk (0.0, 6.0): TRIMESH collision created successfully (distance: 6.00, vertices: 8)
[23:15:56] TERRAIN: Chunk created successfully: (0.0, 6.0) at world pos (0.0, 0.0, 192.0) (total chunks: 113)
[23:15:56] TERRAIN: Creating chunk: (6.0, -1.0) at distance 6.08
[23:15:56] TERRAIN: Chunk (6.0, -1.0): TRIMESH collision created successfully (distance: 6.08, vertices: 8)
[23:15:56] TERRAIN: Chunk created successfully: (6.0, -1.0) at world pos (192.0, 0.0, -32.0) (total chunks: 114)
[23:15:56] TERRAIN: Creating chunk: (-6.0, 1.0) at distance 6.08
[23:15:56] TERRAIN: Chunk (-6.0, 1.0): TRIMESH collision created successfully (distance: 6.08, vertices: 8)
[23:15:56] TERRAIN: Chunk created successfully: (-6.0, 1.0) at world pos (-192.0, 0.0, 32.0) (total chunks: 115)
[23:15:56] TERRAIN: Creating chunk: (-1.0, 6.0) at distance 6.08
[23:15:56] TERRAIN: Chunk (-1.0, 6.0): TRIMESH collision created successfully (distance: 6.08, vertices: 8)
[23:15:56] TERRAIN: Chunk created successfully: (-1.0, 6.0) at world pos (-32.0, 0.0, 192.0) (total chunks: 116)
[23:15:56] TERRAIN: Creating chunk: (1.0, -6.0) at distance 6.08
[23:15:56] TERRAIN: Chunk (1.0, -6.0): TRIMESH collision created successfully (distance: 6.08, vertices: 8)
[23:15:56] TERRAIN: Chunk created successfully: (1.0, -6.0) at world pos (32.0, 0.0, -192.0) (total chunks: 117)
[23:15:56] TERRAIN: Creating chunk: (1.0, 6.0) at distance 6.08
[23:15:56] TERRAIN: Chunk (1.0, 6.0): TRIMESH collision created successfully (distance: 6.08, vertices: 8)
[23:15:56] TERRAIN: Chunk created successfully: (1.0, 6.0) at world pos (32.0, 0.0, 192.0) (total chunks: 118)
[23:15:56] TERRAIN: Creating chunk: (-1.0, -6.0) at distance 6.08
[23:15:56] TERRAIN: Chunk (-1.0, -6.0): TRIMESH collision created successfully (distance: 6.08, vertices: 8)
[23:15:56] TERRAIN: Chunk created successfully: (-1.0, -6.0) at world pos (-32.0, 0.0, -192.0) (total chunks: 119)
[23:15:56] TERRAIN: Creating chunk: (-6.0, -1.0) at distance 6.08
[23:15:56] TERRAIN: Chunk (-6.0, -1.0): TRIMESH collision created successfully (distance: 6.08, vertices: 8)
[23:15:56] TERRAIN: Chunk created successfully: (-6.0, -1.0) at world pos (-192.0, 0.0, -32.0) (total chunks: 120)
[23:15:56] TERRAIN: Creating chunk: (6.0, 1.0) at distance 6.08
[23:15:56] TERRAIN: Chunk (6.0, 1.0): TRIMESH collision created successfully (distance: 6.08, vertices: 8)
[23:15:56] TERRAIN: Chunk created successfully: (6.0, 1.0) at world pos (192.0, 0.0, 32.0) (total chunks: 121)
[23:15:56] TERRAIN: Creating chunk: (-2.0, 6.0) at distance 6.32
[23:15:56] TERRAIN: Chunk (-2.0, 6.0): TRIMESH collision created successfully (distance: 6.32, vertices: 8)
[23:15:56] TERRAIN: Chunk created successfully: (-2.0, 6.0) at world pos (-64.0, 0.0, 192.0) (total chunks: 122)
[23:15:56] TERRAIN: Creating chunk: (6.0, -2.0) at distance 6.32
[23:15:56] TERRAIN: Chunk (6.0, -2.0): TRIMESH collision created successfully (distance: 6.32, vertices: 8)
[23:15:56] TERRAIN: Chunk created successfully: (6.0, -2.0) at world pos (192.0, 0.0, -64.0) (total chunks: 123)
[23:15:56] TERRAIN: Creating chunk: (6.0, 2.0) at distance 6.32
[23:15:56] TERRAIN: Chunk (6.0, 2.0): TRIMESH collision created successfully (distance: 6.32, vertices: 8)
[23:15:56] TERRAIN: Chunk created successfully: (6.0, 2.0) at world pos (192.0, 0.0, 64.0) (total chunks: 124)
[23:15:56] TERRAIN: Creating chunk: (2.0, 6.0) at distance 6.32
[23:15:56] TERRAIN: Chunk (2.0, 6.0): TRIMESH collision created successfully (distance: 6.32, vertices: 8)
[23:15:56] TERRAIN: Chunk created successfully: (2.0, 6.0) at world pos (64.0, 0.0, 192.0) (total chunks: 125)
[23:15:56] TERRAIN: Creating chunk: (2.0, -6.0) at distance 6.32
[23:15:56] TERRAIN: Chunk (2.0, -6.0): TRIMESH collision created successfully (distance: 6.32, vertices: 8)
[23:15:56] TERRAIN: Chunk created successfully: (2.0, -6.0) at world pos (64.0, 0.0, -192.0) (total chunks: 126)
[23:15:56] TERRAIN: Creating chunk: (-2.0, -6.0) at distance 6.32
[23:15:56] TERRAIN: Chunk (-2.0, -6.0): TRIMESH collision created successfully (distance: 6.32, vertices: 8)
[23:15:56] TERRAIN: Chunk created successfully: (-2.0, -6.0) at world pos (-64.0, 0.0, -192.0) (total chunks: 127)
[23:15:56] TERRAIN: Creating chunk: (-6.0, -2.0) at distance 6.32
[23:15:56] TERRAIN: Chunk (-6.0, -2.0): TRIMESH collision created successfully (distance: 6.32, vertices: 8)
[23:15:56] TERRAIN: Chunk created successfully: (-6.0, -2.0) at world pos (-192.0, 0.0, -64.0) (total chunks: 128)
[23:15:56] TERRAIN: Creating chunk: (-6.0, 2.0) at distance 6.32
[23:15:56] TERRAIN: Chunk (-6.0, 2.0): TRIMESH collision created successfully (distance: 6.32, vertices: 8)
[23:15:56] TERRAIN: Chunk created successfully: (-6.0, 2.0) at world pos (-192.0, 0.0, 64.0) (total chunks: 129)
[23:15:56] TERRAIN: Creating chunk: (-4.0, -5.0) at distance 6.40
[23:15:56] TERRAIN: Chunk (-4.0, -5.0): TRIMESH collision created successfully (distance: 6.40, vertices: 8)
[23:15:56] TERRAIN: Chunk created successfully: (-4.0, -5.0) at world pos (-128.0, 0.0, -160.0) (total chunks: 130)
[23:15:56] TERRAIN: Creating chunk: (-5.0, 4.0) at distance 6.40
[23:15:56] TERRAIN: Chunk (-5.0, 4.0): TRIMESH collision created successfully (distance: 6.40, vertices: 8)
[23:15:56] TERRAIN: Chunk created successfully: (-5.0, 4.0) at world pos (-160.0, 0.0, 128.0) (total chunks: 131)
[23:15:56] TERRAIN: Creating chunk: (-5.0, -4.0) at distance 6.40
[23:15:56] TERRAIN: Chunk (-5.0, -4.0): TRIMESH collision created successfully (distance: 6.40, vertices: 8)
[23:15:56] TERRAIN: Chunk created successfully: (-5.0, -4.0) at world pos (-160.0, 0.0, -128.0) (total chunks: 132)
[23:15:56] TERRAIN: Creating chunk: (-4.0, 5.0) at distance 6.40
[23:15:56] TERRAIN: Chunk (-4.0, 5.0): TRIMESH collision created successfully (distance: 6.40, vertices: 8)
[23:15:56] TERRAIN: Chunk created successfully: (-4.0, 5.0) at world pos (-128.0, 0.0, 160.0) (total chunks: 133)
[23:15:56] TERRAIN: Creating chunk: (4.0, -5.0) at distance 6.40
[23:15:56] TERRAIN: Chunk (4.0, -5.0): TRIMESH collision created successfully (distance: 6.40, vertices: 8)
[23:15:56] TERRAIN: Chunk created successfully: (4.0, -5.0) at world pos (128.0, 0.0, -160.0) (total chunks: 134)
[23:15:56] TERRAIN: Creating chunk: (4.0, 5.0) at distance 6.40
[23:15:56] TERRAIN: Chunk (4.0, 5.0): TRIMESH collision created successfully (distance: 6.40, vertices: 8)
[23:15:56] TERRAIN: Chunk created successfully: (4.0, 5.0) at world pos (128.0, 0.0, 160.0) (total chunks: 135)
[23:15:56] TERRAIN: Creating chunk: (5.0, -4.0) at distance 6.40
[23:15:56] TERRAIN: Chunk (5.0, -4.0): TRIMESH collision created successfully (distance: 6.40, vertices: 8)
[23:15:56] TERRAIN: Chunk created successfully: (5.0, -4.0) at world pos (160.0, 0.0, -128.0) (total chunks: 136)
[23:15:56] TERRAIN: Creating chunk: (5.0, 4.0) at distance 6.40
[23:15:56] TERRAIN: Chunk (5.0, 4.0): TRIMESH collision created successfully (distance: 6.40, vertices: 8)
[23:15:56] TERRAIN: Chunk created successfully: (5.0, 4.0) at world pos (160.0, 0.0, 128.0) (total chunks: 137)
[23:15:56] TERRAIN: Creating chunk: (-3.0, -6.0) at distance 6.71
[23:15:56] TERRAIN: Chunk (-3.0, -6.0): TRIMESH collision created successfully (distance: 6.71, vertices: 8)
[23:15:56] TERRAIN: Chunk created successfully: (-3.0, -6.0) at world pos (-96.0, 0.0, -192.0) (total chunks: 138)
[23:15:56] TERRAIN: Creating chunk: (-3.0, 6.0) at distance 6.71
[23:15:56] TERRAIN: Chunk (-3.0, 6.0): TRIMESH collision created successfully (distance: 6.71, vertices: 8)
[23:15:56] TERRAIN: Chunk created successfully: (-3.0, 6.0) at world pos (-96.0, 0.0, 192.0) (total chunks: 139)
[23:15:56] TERRAIN: Creating chunk: (6.0, -3.0) at distance 6.71
[23:15:56] TERRAIN: Chunk (6.0, -3.0): TRIMESH collision created successfully (distance: 6.71, vertices: 8)
[23:15:56] TERRAIN: Chunk created successfully: (6.0, -3.0) at world pos (192.0, 0.0, -96.0) (total chunks: 140)
[23:15:56] TERRAIN: Creating chunk: (6.0, 3.0) at distance 6.71
[23:15:56] TERRAIN: Chunk (6.0, 3.0): TRIMESH collision created successfully (distance: 6.71, vertices: 8)
[23:15:56] TERRAIN: Chunk created successfully: (6.0, 3.0) at world pos (192.0, 0.0, 96.0) (total chunks: 141)
[23:15:56] TERRAIN: Creating chunk: (-6.0, 3.0) at distance 6.71
[23:15:56] TERRAIN: Chunk (-6.0, 3.0): TRIMESH collision created successfully (distance: 6.71, vertices: 8)
[23:15:56] TERRAIN: Chunk created successfully: (-6.0, 3.0) at world pos (-192.0, 0.0, 96.0) (total chunks: 142)
[23:15:56] TERRAIN: Creating chunk: (3.0, -6.0) at distance 6.71
[23:15:56] TERRAIN: Chunk (3.0, -6.0): TRIMESH collision created successfully (distance: 6.71, vertices: 8)
[23:15:56] TERRAIN: Chunk created successfully: (3.0, -6.0) at world pos (96.0, 0.0, -192.0) (total chunks: 143)
[23:15:56] TERRAIN: Creating chunk: (3.0, 6.0) at distance 6.71
[23:15:56] TERRAIN: Chunk (3.0, 6.0): TRIMESH collision created successfully (distance: 6.71, vertices: 8)
[23:15:56] TERRAIN: Chunk created successfully: (3.0, 6.0) at world pos (96.0, 0.0, 192.0) (total chunks: 144)
[23:15:56] TERRAIN: Creating chunk: (-6.0, -3.0) at distance 6.71
[23:15:56] TERRAIN: Chunk (-6.0, -3.0): TRIMESH collision created successfully (distance: 6.71, vertices: 8)
[23:15:56] TERRAIN: Chunk created successfully: (-6.0, -3.0) at world pos (-192.0, 0.0, -96.0) (total chunks: 145)
[23:15:56] TERRAIN: Creating chunk: (-7.0, 0.0) at distance 7.00
[23:15:56] TERRAIN: Chunk (-7.0, 0.0): TRIMESH collision created successfully (distance: 7.00, vertices: 8)
[23:15:56] TERRAIN: Chunk created successfully: (-7.0, 0.0) at world pos (-224.0, 0.0, 0.0) (total chunks: 146)
[23:15:56] TERRAIN: Creating chunk: (0.0, -7.0) at distance 7.00
[23:15:56] TERRAIN: Chunk (0.0, -7.0): TRIMESH collision created successfully (distance: 7.00, vertices: 8)
[23:15:56] TERRAIN: Chunk created successfully: (0.0, -7.0) at world pos (0.0, 0.0, -224.0) (total chunks: 147)
[23:15:56] TERRAIN: Creating chunk: (0.0, 7.0) at distance 7.00
[23:15:56] TERRAIN: Chunk (0.0, 7.0): TRIMESH collision created successfully (distance: 7.00, vertices: 8)
[23:15:56] TERRAIN: Chunk created successfully: (0.0, 7.0) at world pos (0.0, 0.0, 224.0) (total chunks: 148)
[23:15:56] PLAYER: Pos: (0.0, 0.000485, 0.0) | Chunk: (0.0, 0.0) | TerrainHeight: 0.00 | HeightDiff: 0.00 | OnFloor: true
[23:15:56] PLAYER: CHUNK CHANGED: (inf, inf) -> (0.0, 0.0)
[23:15:56] TERRAIN: Creating chunk: (7.0, 0.0) at distance 7.00
[23:15:56] TERRAIN: Chunk (7.0, 0.0): TRIMESH collision created successfully (distance: 7.00, vertices: 8)
[23:15:56] TERRAIN: Chunk created successfully: (7.0, 0.0) at world pos (224.0, 0.0, 0.0) (total chunks: 149)
[23:15:56] TERRAIN: Creating chunk: (-5.0, -5.0) at distance 7.07
[23:15:56] TERRAIN: Chunk (-5.0, -5.0): TRIMESH collision created successfully (distance: 7.07, vertices: 8)
[23:15:56] TERRAIN: Chunk created successfully: (-5.0, -5.0) at world pos (-160.0, 0.0, -160.0) (total chunks: 150)
[23:15:56] TERRAIN: Creating chunk: (-5.0, 5.0) at distance 7.07
[23:15:56] TERRAIN: Chunk (-5.0, 5.0): TRIMESH collision created successfully (distance: 7.07, vertices: 8)
[23:15:56] TERRAIN: Chunk created successfully: (-5.0, 5.0) at world pos (-160.0, 0.0, 160.0) (total chunks: 151)
[23:15:56] TERRAIN: Creating chunk: (-1.0, -7.0) at distance 7.07
[23:15:56] TERRAIN: Chunk (-1.0, -7.0): TRIMESH collision created successfully (distance: 7.07, vertices: 8)
[23:15:56] TERRAIN: Chunk created successfully: (-1.0, -7.0) at world pos (-32.0, 0.0, -224.0) (total chunks: 152)
[23:15:56] TERRAIN: Creating chunk: (-1.0, 7.0) at distance 7.07
[23:15:56] TERRAIN: Chunk (-1.0, 7.0): TRIMESH collision created successfully (distance: 7.07, vertices: 8)
[23:15:56] TERRAIN: Chunk created successfully: (-1.0, 7.0) at world pos (-32.0, 0.0, 224.0) (total chunks: 153)
[23:15:56] TERRAIN: Creating chunk: (1.0, -7.0) at distance 7.07
[23:15:56] TERRAIN: Chunk (1.0, -7.0): TRIMESH collision created successfully (distance: 7.07, vertices: 8)
[23:15:56] TERRAIN: Chunk created successfully: (1.0, -7.0) at world pos (32.0, 0.0, -224.0) (total chunks: 154)
[23:15:56] TERRAIN: Creating chunk: (1.0, 7.0) at distance 7.07
[23:15:56] TERRAIN: Chunk (1.0, 7.0): TRIMESH collision created successfully (distance: 7.07, vertices: 8)
[23:15:56] TERRAIN: Chunk created successfully: (1.0, 7.0) at world pos (32.0, 0.0, 224.0) (total chunks: 155)
[23:15:56] TERRAIN: Creating chunk: (5.0, -5.0) at distance 7.07
[23:15:56] TERRAIN: Chunk (5.0, -5.0): TRIMESH collision created successfully (distance: 7.07, vertices: 8)
[23:15:56] TERRAIN: Chunk created successfully: (5.0, -5.0) at world pos (160.0, 0.0, -160.0) (total chunks: 156)
[23:15:56] TERRAIN: Creating chunk: (5.0, 5.0) at distance 7.07
[23:15:56] TERRAIN: Chunk (5.0, 5.0): TRIMESH collision created successfully (distance: 7.07, vertices: 8)
[23:15:56] TERRAIN: Chunk created successfully: (5.0, 5.0) at world pos (160.0, 0.0, 160.0) (total chunks: 157)
[23:15:56] TERRAIN: Creating chunk: (7.0, 1.0) at distance 7.07
[23:15:56] TERRAIN: Chunk (7.0, 1.0): TRIMESH collision created successfully (distance: 7.07, vertices: 8)
[23:15:56] TERRAIN: Chunk created successfully: (7.0, 1.0) at world pos (224.0, 0.0, 32.0) (total chunks: 158)
[23:15:56] TERRAIN: Creating chunk: (7.0, -1.0) at distance 7.07
[23:15:56] TERRAIN: Chunk (7.0, -1.0): TRIMESH collision created successfully (distance: 7.07, vertices: 8)
[23:15:56] TERRAIN: Chunk created successfully: (7.0, -1.0) at world pos (224.0, 0.0, -32.0) (total chunks: 159)
[23:15:56] TERRAIN: Creating chunk: (-7.0, 1.0) at distance 7.07
[23:15:56] TERRAIN: Chunk (-7.0, 1.0): TRIMESH collision created successfully (distance: 7.07, vertices: 8)
[23:15:56] TERRAIN: Chunk created successfully: (-7.0, 1.0) at world pos (-224.0, 0.0, 32.0) (total chunks: 160)
[23:15:56] TERRAIN: Creating chunk: (-7.0, -1.0) at distance 7.07
[23:15:56] TERRAIN: Chunk (-7.0, -1.0): TRIMESH collision created successfully (distance: 7.07, vertices: 8)
[23:15:56] TERRAIN: Chunk created successfully: (-7.0, -1.0) at world pos (-224.0, 0.0, -32.0) (total chunks: 161)
[23:15:56] TERRAIN: Creating chunk: (-4.0, 6.0) at distance 7.21
[23:15:56] TERRAIN: Chunk (-4.0, 6.0): TRIMESH collision created successfully (distance: 7.21, vertices: 8)
[23:15:56] TERRAIN: Chunk created successfully: (-4.0, 6.0) at world pos (-128.0, 0.0, 192.0) (total chunks: 162)
[23:15:56] TERRAIN: Creating chunk: (4.0, -6.0) at distance 7.21
[23:15:56] TERRAIN: Chunk (4.0, -6.0): TRIMESH collision created successfully (distance: 7.21, vertices: 8)
[23:15:56] TERRAIN: Chunk created successfully: (4.0, -6.0) at world pos (128.0, 0.0, -192.0) (total chunks: 163)
[23:15:56] TERRAIN: Creating chunk: (-6.0, 4.0) at distance 7.21
[23:15:56] TERRAIN: Chunk (-6.0, 4.0): TRIMESH collision created successfully (distance: 7.21, vertices: 8)
[23:15:56] TERRAIN: Chunk created successfully: (-6.0, 4.0) at world pos (-192.0, 0.0, 128.0) (total chunks: 164)
[23:15:56] TERRAIN: Creating chunk: (-6.0, -4.0) at distance 7.21
[23:15:56] TERRAIN: Chunk (-6.0, -4.0): TRIMESH collision created successfully (distance: 7.21, vertices: 8)
[23:15:56] TERRAIN: Chunk created successfully: (-6.0, -4.0) at world pos (-192.0, 0.0, -128.0) (total chunks: 165)
[23:15:56] TERRAIN: Creating chunk: (4.0, 6.0) at distance 7.21
[23:15:56] TERRAIN: Chunk (4.0, 6.0): TRIMESH collision created successfully (distance: 7.21, vertices: 8)
[23:15:56] TERRAIN: Chunk created successfully: (4.0, 6.0) at world pos (128.0, 0.0, 192.0) (total chunks: 166)
[23:15:56] TERRAIN: Creating chunk: (6.0, 4.0) at distance 7.21
[23:15:56] TERRAIN: Chunk (6.0, 4.0): TRIMESH collision created successfully (distance: 7.21, vertices: 8)
[23:15:56] TERRAIN: Chunk created successfully: (6.0, 4.0) at world pos (192.0, 0.0, 128.0) (total chunks: 167)
[23:15:56] TERRAIN: Creating chunk: (6.0, -4.0) at distance 7.21
[23:15:56] TERRAIN: Chunk (6.0, -4.0): TRIMESH collision created successfully (distance: 7.21, vertices: 8)
[23:15:56] TERRAIN: Chunk created successfully: (6.0, -4.0) at world pos (192.0, 0.0, -128.0) (total chunks: 168)
[23:15:56] TERRAIN: Creating chunk: (-4.0, -6.0) at distance 7.21
[23:15:57] TERRAIN: Chunk (-4.0, -6.0): TRIMESH collision created successfully (distance: 7.21, vertices: 8)
[23:15:57] TERRAIN: Chunk created successfully: (-4.0, -6.0) at world pos (-128.0, 0.0, -192.0) (total chunks: 169)
[23:15:57] TERRAIN: Creating chunk: (-7.0, 2.0) at distance 7.28
[23:15:57] TERRAIN: Chunk (-7.0, 2.0): TRIMESH collision created successfully (distance: 7.28, vertices: 8)
[23:15:57] TERRAIN: Chunk created successfully: (-7.0, 2.0) at world pos (-224.0, 0.0, 64.0) (total chunks: 170)
[23:15:57] TERRAIN: Creating chunk: (2.0, -7.0) at distance 7.28
[23:15:57] TERRAIN: Chunk (2.0, -7.0): TRIMESH collision created successfully (distance: 7.28, vertices: 8)
[23:15:57] TERRAIN: Chunk created successfully: (2.0, -7.0) at world pos (64.0, 0.0, -224.0) (total chunks: 171)
[23:15:57] TERRAIN: Creating chunk: (-7.0, -2.0) at distance 7.28
[23:15:57] TERRAIN: Chunk (-7.0, -2.0): TRIMESH collision created successfully (distance: 7.28, vertices: 8)
[23:15:57] TERRAIN: Chunk created successfully: (-7.0, -2.0) at world pos (-224.0, 0.0, -64.0) (total chunks: 172)
[23:15:57] TERRAIN: Creating chunk: (-2.0, -7.0) at distance 7.28
[23:15:57] TERRAIN: Chunk (-2.0, -7.0): TRIMESH collision created successfully (distance: 7.28, vertices: 8)
[23:15:57] TERRAIN: Chunk created successfully: (-2.0, -7.0) at world pos (-64.0, 0.0, -224.0) (total chunks: 173)
[23:15:57] TERRAIN: Creating chunk: (7.0, 2.0) at distance 7.28
[23:15:57] TERRAIN: Chunk (7.0, 2.0): TRIMESH collision created successfully (distance: 7.28, vertices: 8)
[23:15:57] TERRAIN: Chunk created successfully: (7.0, 2.0) at world pos (224.0, 0.0, 64.0) (total chunks: 174)
[23:15:57] TERRAIN: Creating chunk: (-2.0, 7.0) at distance 7.28
[23:15:57] TERRAIN: Chunk (-2.0, 7.0): TRIMESH collision created successfully (distance: 7.28, vertices: 8)
[23:15:57] TERRAIN: Chunk created successfully: (-2.0, 7.0) at world pos (-64.0, 0.0, 224.0) (total chunks: 175)
[23:15:57] TERRAIN: Creating chunk: (7.0, -2.0) at distance 7.28
[23:15:57] TERRAIN: Chunk (7.0, -2.0): TRIMESH collision created successfully (distance: 7.28, vertices: 8)
[23:15:57] TERRAIN: Chunk created successfully: (7.0, -2.0) at world pos (224.0, 0.0, -64.0) (total chunks: 176)
[23:15:57] TERRAIN: Creating chunk: (2.0, 7.0) at distance 7.28
[23:15:57] TERRAIN: Chunk (2.0, 7.0): TRIMESH collision created successfully (distance: 7.28, vertices: 8)
[23:15:57] TERRAIN: Chunk created successfully: (2.0, 7.0) at world pos (64.0, 0.0, 224.0) (total chunks: 177)
[23:15:57] TERRAIN: Creating chunk: (-7.0, -3.0) at distance 7.62
[23:15:57] TERRAIN: Chunk (-7.0, -3.0): TRIMESH collision created successfully (distance: 7.62, vertices: 8)
[23:15:57] TERRAIN: Chunk created successfully: (-7.0, -3.0) at world pos (-224.0, 0.0, -96.0) (total chunks: 178)
[23:15:57] TERRAIN: Creating chunk: (-3.0, -7.0) at distance 7.62
[23:15:57] TERRAIN: Chunk (-3.0, -7.0): TRIMESH collision created successfully (distance: 7.62, vertices: 8)
[23:15:57] TERRAIN: Chunk created successfully: (-3.0, -7.0) at world pos (-96.0, 0.0, -224.0) (total chunks: 179)
[23:15:57] TERRAIN: Creating chunk: (-7.0, 3.0) at distance 7.62
[23:15:57] TERRAIN: Chunk (-7.0, 3.0): TRIMESH collision created successfully (distance: 7.62, vertices: 8)
[23:15:57] TERRAIN: Chunk created successfully: (-7.0, 3.0) at world pos (-224.0, 0.0, 96.0) (total chunks: 180)
[23:15:57] TERRAIN: Creating chunk: (-3.0, 7.0) at distance 7.62
[23:15:57] TERRAIN: Chunk (-3.0, 7.0): TRIMESH collision created successfully (distance: 7.62, vertices: 8)
[23:15:57] TERRAIN: Chunk created successfully: (-3.0, 7.0) at world pos (-96.0, 0.0, 224.0) (total chunks: 181)
[23:15:57] TERRAIN: Creating chunk: (3.0, -7.0) at distance 7.62
[23:15:57] TERRAIN: Chunk (3.0, -7.0): TRIMESH collision created successfully (distance: 7.62, vertices: 8)
[23:15:57] TERRAIN: Chunk created successfully: (3.0, -7.0) at world pos (96.0, 0.0, -224.0) (total chunks: 182)
[23:15:57] TERRAIN: Creating chunk: (7.0, 3.0) at distance 7.62
[23:15:57] TERRAIN: Chunk (7.0, 3.0): TRIMESH collision created successfully (distance: 7.62, vertices: 8)
[23:15:57] TERRAIN: Chunk created successfully: (7.0, 3.0) at world pos (224.0, 0.0, 96.0) (total chunks: 183)
[23:15:57] TERRAIN: Creating chunk: (7.0, -3.0) at distance 7.62
[23:15:57] TERRAIN: Chunk (7.0, -3.0): TRIMESH collision created successfully (distance: 7.62, vertices: 8)
[23:15:57] TERRAIN: Chunk created successfully: (7.0, -3.0) at world pos (224.0, 0.0, -96.0) (total chunks: 184)
[23:15:57] TERRAIN: Creating chunk: (3.0, 7.0) at distance 7.62
[23:15:57] TERRAIN: Chunk (3.0, 7.0): TRIMESH collision created successfully (distance: 7.62, vertices: 8)
[23:15:57] TERRAIN: Chunk created successfully: (3.0, 7.0) at world pos (96.0, 0.0, 224.0) (total chunks: 185)
[23:15:57] TERRAIN: Creating chunk: (-5.0, -6.0) at distance 7.81
[23:15:57] TERRAIN: Chunk (-5.0, -6.0): TRIMESH collision created successfully (distance: 7.81, vertices: 8)
[23:15:57] TERRAIN: Chunk created successfully: (-5.0, -6.0) at world pos (-160.0, 0.0, -192.0) (total chunks: 186)
[23:15:57] TERRAIN: Creating chunk: (-5.0, 6.0) at distance 7.81
[23:15:57] TERRAIN: Chunk (-5.0, 6.0): TRIMESH collision created successfully (distance: 7.81, vertices: 8)
[23:15:57] TERRAIN: Chunk created successfully: (-5.0, 6.0) at world pos (-160.0, 0.0, 192.0) (total chunks: 187)
[23:15:57] TERRAIN: Creating chunk: (-6.0, 5.0) at distance 7.81
[23:15:57] TERRAIN: Chunk (-6.0, 5.0): TRIMESH collision created successfully (distance: 7.81, vertices: 8)
[23:15:57] TERRAIN: Chunk created successfully: (-6.0, 5.0) at world pos (-192.0, 0.0, 160.0) (total chunks: 188)
[23:15:57] TERRAIN: Creating chunk: (-6.0, -5.0) at distance 7.81
[23:15:57] TERRAIN: Chunk (-6.0, -5.0): TRIMESH collision created successfully (distance: 7.81, vertices: 8)
[23:15:57] TERRAIN: Chunk created successfully: (-6.0, -5.0) at world pos (-192.0, 0.0, -160.0) (total chunks: 189)
[23:15:57] TERRAIN: Creating chunk: (5.0, -6.0) at distance 7.81
[23:15:57] TERRAIN: Chunk (5.0, -6.0): TRIMESH collision created successfully (distance: 7.81, vertices: 8)
[23:15:57] TERRAIN: Chunk created successfully: (5.0, -6.0) at world pos (160.0, 0.0, -192.0) (total chunks: 190)
[23:15:57] TERRAIN: Creating chunk: (6.0, -5.0) at distance 7.81
[23:15:57] TERRAIN: Chunk (6.0, -5.0): TRIMESH collision created successfully (distance: 7.81, vertices: 8)
[23:15:57] TERRAIN: Chunk created successfully: (6.0, -5.0) at world pos (192.0, 0.0, -160.0) (total chunks: 191)
[23:15:57] TERRAIN: Creating chunk: (5.0, 6.0) at distance 7.81
[23:15:57] TERRAIN: Chunk (5.0, 6.0): TRIMESH collision created successfully (distance: 7.81, vertices: 8)
[23:15:57] TERRAIN: Chunk created successfully: (5.0, 6.0) at world pos (160.0, 0.0, 192.0) (total chunks: 192)
[23:15:57] TERRAIN: Creating chunk: (6.0, 5.0) at distance 7.81
[23:15:57] TERRAIN: Chunk (6.0, 5.0): TRIMESH collision created successfully (distance: 7.81, vertices: 8)
[23:15:57] TERRAIN: Chunk created successfully: (6.0, 5.0) at world pos (192.0, 0.0, 160.0) (total chunks: 193)
[23:15:57] TERRAIN: Creating chunk: (8.0, 0.0) at distance 8.00
[23:15:57] TERRAIN: Chunk (8.0, 0.0): TRIMESH collision created successfully (distance: 8.00, vertices: 8)
[23:15:57] TERRAIN: Chunk created successfully: (8.0, 0.0) at world pos (256.0, 0.0, 0.0) (total chunks: 194)
[23:15:57] TERRAIN: Creating chunk: (-8.0, 0.0) at distance 8.00
[23:15:57] TERRAIN: Chunk (-8.0, 0.0): TRIMESH collision created successfully (distance: 8.00, vertices: 8)
[23:15:57] TERRAIN: Chunk created successfully: (-8.0, 0.0) at world pos (-256.0, 0.0, 0.0) (total chunks: 195)
[23:15:57] TERRAIN: Creating chunk: (0.0, -8.0) at distance 8.00
[23:15:57] TERRAIN: Chunk (0.0, -8.0): TRIMESH collision created successfully (distance: 8.00, vertices: 8)
[23:15:57] TERRAIN: Chunk created successfully: (0.0, -8.0) at world pos (0.0, 0.0, -256.0) (total chunks: 196)
[23:15:57] TERRAIN: Creating chunk: (0.0, 8.0) at distance 8.00
[23:15:57] TERRAIN: Chunk (0.0, 8.0): TRIMESH collision created successfully (distance: 8.00, vertices: 8)
[23:15:57] TERRAIN: Chunk created successfully: (0.0, 8.0) at world pos (0.0, 0.0, 256.0) (total chunks: 197)
[23:15:57] TERRAIN: Creating chunk: (8.0, 1.0) at distance 8.06
[23:15:57] TERRAIN: Chunk (8.0, 1.0): TRIMESH collision created successfully (distance: 8.06, vertices: 8)
[23:15:57] TERRAIN: Chunk created successfully: (8.0, 1.0) at world pos (256.0, 0.0, 32.0) (total chunks: 198)
[23:15:57] TERRAIN: Creating chunk: (-1.0, 8.0) at distance 8.06
[23:15:57] TERRAIN: Chunk (-1.0, 8.0): TRIMESH collision created successfully (distance: 8.06, vertices: 8)
[23:15:57] TERRAIN: Chunk created successfully: (-1.0, 8.0) at world pos (-32.0, 0.0, 256.0) (total chunks: 199)
[23:15:57] TERRAIN: Creating chunk: (-1.0, -8.0) at distance 8.06
[23:15:57] TERRAIN: Chunk (-1.0, -8.0): TRIMESH collision created successfully (distance: 8.06, vertices: 8)
[23:15:57] TERRAIN: Chunk created successfully: (-1.0, -8.0) at world pos (-32.0, 0.0, -256.0) (total chunks: 200)
[23:15:57] TERRAIN: Creating chunk: (1.0, -8.0) at distance 8.06
[23:15:57] TERRAIN: Chunk (1.0, -8.0): TRIMESH collision created successfully (distance: 8.06, vertices: 8)
[23:15:57] TERRAIN: Chunk created successfully: (1.0, -8.0) at world pos (32.0, 0.0, -256.0) (total chunks: 201)
[23:15:57] TERRAIN: Creating chunk: (-4.0, -7.0) at distance 8.06
[23:15:57] TERRAIN: Chunk (-4.0, -7.0): TRIMESH collision created successfully (distance: 8.06, vertices: 8)
[23:15:57] TERRAIN: Chunk created successfully: (-4.0, -7.0) at world pos (-128.0, 0.0, -224.0) (total chunks: 202)
[23:15:57] TERRAIN: Creating chunk: (1.0, 8.0) at distance 8.06
[23:15:57] TERRAIN: Chunk (1.0, 8.0): TRIMESH collision created successfully (distance: 8.06, vertices: 8)
[23:15:57] TERRAIN: Chunk created successfully: (1.0, 8.0) at world pos (32.0, 0.0, 256.0) (total chunks: 203)
[23:15:57] TERRAIN: Creating chunk: (-8.0, 1.0) at distance 8.06
[23:15:57] TERRAIN: Chunk (-8.0, 1.0): TRIMESH collision created successfully (distance: 8.06, vertices: 8)
[23:15:57] TERRAIN: Chunk created successfully: (-8.0, 1.0) at world pos (-256.0, 0.0, 32.0) (total chunks: 204)
[23:15:57] TERRAIN: Creating chunk: (8.0, -1.0) at distance 8.06
[23:15:57] TERRAIN: Chunk (8.0, -1.0): TRIMESH collision created successfully (distance: 8.06, vertices: 8)
[23:15:57] TERRAIN: Chunk created successfully: (8.0, -1.0) at world pos (256.0, 0.0, -32.0) (total chunks: 205)
[23:15:57] TERRAIN: Creating chunk: (-8.0, -1.0) at distance 8.06
[23:15:57] TERRAIN: Chunk (-8.0, -1.0): TRIMESH collision created successfully (distance: 8.06, vertices: 8)
[23:15:57] TERRAIN: Chunk created successfully: (-8.0, -1.0) at world pos (-256.0, 0.0, -32.0) (total chunks: 206)
[23:15:57] TERRAIN: Creating chunk: (-4.0, 7.0) at distance 8.06
[23:15:57] TERRAIN: Chunk (-4.0, 7.0): TRIMESH collision created successfully (distance: 8.06, vertices: 8)
[23:15:57] TERRAIN: Chunk created successfully: (-4.0, 7.0) at world pos (-128.0, 0.0, 224.0) (total chunks: 207)
[23:15:57] TERRAIN: Creating chunk: (7.0, -4.0) at distance 8.06
[23:15:57] TERRAIN: Chunk (7.0, -4.0): TRIMESH collision created successfully (distance: 8.06, vertices: 8)
[23:15:57] TERRAIN: Chunk created successfully: (7.0, -4.0) at world pos (224.0, 0.0, -128.0) (total chunks: 208)
[23:15:57] TERRAIN: Creating chunk: (4.0, 7.0) at distance 8.06
[23:15:57] TERRAIN: Chunk (4.0, 7.0): TRIMESH collision created successfully (distance: 8.06, vertices: 8)
[23:15:57] TERRAIN: Chunk created successfully: (4.0, 7.0) at world pos (128.0, 0.0, 224.0) (total chunks: 209)
[23:15:57] TERRAIN: Creating chunk: (-7.0, -4.0) at distance 8.06
[23:15:57] TERRAIN: Chunk (-7.0, -4.0): TRIMESH collision created successfully (distance: 8.06, vertices: 8)
[23:15:57] TERRAIN: Chunk created successfully: (-7.0, -4.0) at world pos (-224.0, 0.0, -128.0) (total chunks: 210)
[23:15:57] TERRAIN: Creating chunk: (7.0, 4.0) at distance 8.06
[23:15:57] TERRAIN: Chunk (7.0, 4.0): TRIMESH collision created successfully (distance: 8.06, vertices: 8)
[23:15:57] TERRAIN: Chunk created successfully: (7.0, 4.0) at world pos (224.0, 0.0, 128.0) (total chunks: 211)
[23:15:57] TERRAIN: Creating chunk: (4.0, -7.0) at distance 8.06
[23:15:57] TERRAIN: Chunk (4.0, -7.0): TRIMESH collision created successfully (distance: 8.06, vertices: 8)
[23:15:57] TERRAIN: Chunk created successfully: (4.0, -7.0) at world pos (128.0, 0.0, -224.0) (total chunks: 212)
[23:15:57] TERRAIN: Creating chunk: (-7.0, 4.0) at distance 8.06
[23:15:57] TERRAIN: Chunk (-7.0, 4.0): TRIMESH collision created successfully (distance: 8.06, vertices: 8)
[23:15:57] TERRAIN: Chunk created successfully: (-7.0, 4.0) at world pos (-224.0, 0.0, 128.0) (total chunks: 213)
[23:15:57] TERRAIN: Creating chunk: (-8.0, -2.0) at distance 8.25
[23:15:57] TERRAIN: Chunk (-8.0, -2.0): TRIMESH collision created successfully (distance: 8.25, vertices: 8)
[23:15:57] TERRAIN: Chunk created successfully: (-8.0, -2.0) at world pos (-256.0, 0.0, -64.0) (total chunks: 214)
[23:15:57] TERRAIN: Creating chunk: (2.0, 8.0) at distance 8.25
[23:15:57] TERRAIN: Chunk (2.0, 8.0): TRIMESH collision created successfully (distance: 8.25, vertices: 8)
[23:15:57] TERRAIN: Chunk created successfully: (2.0, 8.0) at world pos (64.0, 0.0, 256.0) (total chunks: 215)
[23:15:57] TERRAIN: Creating chunk: (-8.0, 2.0) at distance 8.25
[23:15:57] TERRAIN: Chunk (-8.0, 2.0): TRIMESH collision created successfully (distance: 8.25, vertices: 8)
[23:15:57] TERRAIN: Chunk created successfully: (-8.0, 2.0) at world pos (-256.0, 0.0, 64.0) (total chunks: 216)
[23:15:57] TERRAIN: Creating chunk: (2.0, -8.0) at distance 8.25
[23:15:57] TERRAIN: Chunk (2.0, -8.0): TRIMESH collision created successfully (distance: 8.25, vertices: 8)
[23:15:57] TERRAIN: Chunk created successfully: (2.0, -8.0) at world pos (64.0, 0.0, -256.0) (total chunks: 217)
[23:15:57] TERRAIN: Creating chunk: (8.0, -2.0) at distance 8.25
[23:15:57] TERRAIN: Chunk (8.0, -2.0): TRIMESH collision created successfully (distance: 8.25, vertices: 8)
[23:15:57] TERRAIN: Chunk created successfully: (8.0, -2.0) at world pos (256.0, 0.0, -64.0) (total chunks: 218)
[23:15:57] TERRAIN: Creating chunk: (-2.0, -8.0) at distance 8.25
[23:15:57] TERRAIN: Chunk (-2.0, -8.0): TRIMESH collision created successfully (distance: 8.25, vertices: 8)
[23:15:57] TERRAIN: Chunk created successfully: (-2.0, -8.0) at world pos (-64.0, 0.0, -256.0) (total chunks: 219)
[23:15:57] TERRAIN: Creating chunk: (-2.0, 8.0) at distance 8.25
[23:15:57] TERRAIN: Chunk (-2.0, 8.0): TRIMESH collision created successfully (distance: 8.25, vertices: 8)
[23:15:57] TERRAIN: Chunk created successfully: (-2.0, 8.0) at world pos (-64.0, 0.0, 256.0) (total chunks: 220)
[23:15:57] TERRAIN: Creating chunk: (8.0, 2.0) at distance 8.25
[23:15:57] TERRAIN: Chunk (8.0, 2.0): TRIMESH collision created successfully (distance: 8.25, vertices: 8)
[23:15:57] TERRAIN: Chunk created successfully: (8.0, 2.0) at world pos (256.0, 0.0, 64.0) (total chunks: 221)
[23:15:57] TERRAIN: Creating chunk: (-6.0, 6.0) at distance 8.49
[23:15:57] TERRAIN: Chunk (-6.0, 6.0): TRIMESH collision created successfully (distance: 8.49, vertices: 8)
[23:15:57] TERRAIN: Chunk created successfully: (-6.0, 6.0) at world pos (-192.0, 0.0, 192.0) (total chunks: 222)
[23:15:57] TERRAIN: Creating chunk: (6.0, -6.0) at distance 8.49
[23:15:57] TERRAIN: Chunk (6.0, -6.0): TRIMESH collision created successfully (distance: 8.49, vertices: 8)
[23:15:57] TERRAIN: Chunk created successfully: (6.0, -6.0) at world pos (192.0, 0.0, -192.0) (total chunks: 223)
[23:15:57] TERRAIN: Creating chunk: (6.0, 6.0) at distance 8.49
[23:15:57] TERRAIN: Chunk (6.0, 6.0): TRIMESH collision created successfully (distance: 8.49, vertices: 8)
[23:15:57] TERRAIN: Chunk created successfully: (6.0, 6.0) at world pos (192.0, 0.0, 192.0) (total chunks: 224)
[23:15:57] TERRAIN: Creating chunk: (-6.0, -6.0) at distance 8.49
[23:15:57] TERRAIN: Chunk (-6.0, -6.0): TRIMESH collision created successfully (distance: 8.49, vertices: 8)
[23:15:57] TERRAIN: Chunk created successfully: (-6.0, -6.0) at world pos (-192.0, 0.0, -192.0) (total chunks: 225)
[23:15:57] TERRAIN: Creating chunk: (-8.0, 3.0) at distance 8.54
[23:15:57] TERRAIN: Chunk (-8.0, 3.0): TRIMESH collision created successfully (distance: 8.54, vertices: 8)
[23:15:57] TERRAIN: Chunk created successfully: (-8.0, 3.0) at world pos (-256.0, 0.0, 96.0) (total chunks: 226)
[23:15:57] TERRAIN: Creating chunk: (-3.0, -8.0) at distance 8.54
[23:15:57] TERRAIN: Chunk (-3.0, -8.0): TRIMESH collision created successfully (distance: 8.54, vertices: 8)
[23:15:57] TERRAIN: Chunk created successfully: (-3.0, -8.0) at world pos (-96.0, 0.0, -256.0) (total chunks: 227)
[23:15:57] TERRAIN: Creating chunk: (3.0, 8.0) at distance 8.54
[23:15:57] TERRAIN: Chunk (3.0, 8.0): TRIMESH collision created successfully (distance: 8.54, vertices: 8)
[23:15:57] TERRAIN: Chunk created successfully: (3.0, 8.0) at world pos (96.0, 0.0, 256.0) (total chunks: 228)
[23:15:57] TERRAIN: Creating chunk: (-3.0, 8.0) at distance 8.54
[23:15:57] TERRAIN: Chunk (-3.0, 8.0): TRIMESH collision created successfully (distance: 8.54, vertices: 8)
[23:15:57] TERRAIN: Chunk created successfully: (-3.0, 8.0) at world pos (-96.0, 0.0, 256.0) (total chunks: 229)
[23:15:57] TERRAIN: Creating chunk: (8.0, -3.0) at distance 8.54
[23:15:57] TERRAIN: Chunk (8.0, -3.0): TRIMESH collision created successfully (distance: 8.54, vertices: 8)
[23:15:57] TERRAIN: Chunk created successfully: (8.0, -3.0) at world pos (256.0, 0.0, -96.0) (total chunks: 230)
[23:15:57] TERRAIN: Creating chunk: (3.0, -8.0) at distance 8.54
[23:15:57] TERRAIN: Chunk (3.0, -8.0): TRIMESH collision created successfully (distance: 8.54, vertices: 8)
[23:15:57] TERRAIN: Chunk created successfully: (3.0, -8.0) at world pos (96.0, 0.0, -256.0) (total chunks: 231)
[23:15:57] TERRAIN: Creating chunk: (-8.0, -3.0) at distance 8.54
[23:15:57] TERRAIN: Chunk (-8.0, -3.0): TRIMESH collision created successfully (distance: 8.54, vertices: 8)
[23:15:57] TERRAIN: Chunk created successfully: (-8.0, -3.0) at world pos (-256.0, 0.0, -96.0) (total chunks: 232)
[23:15:57] TERRAIN: Creating chunk: (8.0, 3.0) at distance 8.54
[23:15:57] TERRAIN: Chunk (8.0, 3.0): TRIMESH collision created successfully (distance: 8.54, vertices: 8)
[23:15:57] TERRAIN: Chunk created successfully: (8.0, 3.0) at world pos (256.0, 0.0, 96.0) (total chunks: 233)
[23:15:57] TERRAIN: Creating chunk: (-7.0, -5.0) at distance 8.60
[23:15:57] TERRAIN: Chunk (-7.0, -5.0): TRIMESH collision created successfully (distance: 8.60, vertices: 8)
[23:15:57] TERRAIN: Chunk created successfully: (-7.0, -5.0) at world pos (-224.0, 0.0, -160.0) (total chunks: 234)
[23:15:57] TERRAIN: Creating chunk: (5.0, -7.0) at distance 8.60
[23:15:57] TERRAIN: Chunk (5.0, -7.0): TRIMESH collision created successfully (distance: 8.60, vertices: 8)
[23:15:57] TERRAIN: Chunk created successfully: (5.0, -7.0) at world pos (160.0, 0.0, -224.0) (total chunks: 235)
[23:15:57] TERRAIN: Creating chunk: (-5.0, 7.0) at distance 8.60
[23:15:57] TERRAIN: Chunk (-5.0, 7.0): TRIMESH collision created successfully (distance: 8.60, vertices: 8)
[23:15:57] TERRAIN: Chunk created successfully: (-5.0, 7.0) at world pos (-160.0, 0.0, 224.0) (total chunks: 236)
[23:15:57] TERRAIN: Creating chunk: (7.0, -5.0) at distance 8.60
[23:15:57] TERRAIN: Chunk (7.0, -5.0): TRIMESH collision created successfully (distance: 8.60, vertices: 8)
[23:15:57] TERRAIN: Chunk created successfully: (7.0, -5.0) at world pos (224.0, 0.0, -160.0) (total chunks: 237)
[23:15:57] TERRAIN: Creating chunk: (-7.0, 5.0) at distance 8.60
[23:15:57] TERRAIN: Chunk (-7.0, 5.0): TRIMESH collision created successfully (distance: 8.60, vertices: 8)
[23:15:57] TERRAIN: Chunk created successfully: (-7.0, 5.0) at world pos (-224.0, 0.0, 160.0) (total chunks: 238)
[23:15:57] TERRAIN: Creating chunk: (7.0, 5.0) at distance 8.60
[23:15:57] TERRAIN: Chunk (7.0, 5.0): TRIMESH collision created successfully (distance: 8.60, vertices: 8)
[23:15:57] TERRAIN: Chunk created successfully: (7.0, 5.0) at world pos (224.0, 0.0, 160.0) (total chunks: 239)
[23:15:57] TERRAIN: Creating chunk: (5.0, 7.0) at distance 8.60
[23:15:57] TERRAIN: Chunk (5.0, 7.0): TRIMESH collision created successfully (distance: 8.60, vertices: 8)
[23:15:57] TERRAIN: Chunk created successfully: (5.0, 7.0) at world pos (160.0, 0.0, 224.0) (total chunks: 240)
[23:15:57] TERRAIN: Creating chunk: (-5.0, -7.0) at distance 8.60
[23:15:57] TERRAIN: Chunk (-5.0, -7.0): TRIMESH collision created successfully (distance: 8.60, vertices: 8)
[23:15:57] TERRAIN: Chunk created successfully: (-5.0, -7.0) at world pos (-160.0, 0.0, -224.0) (total chunks: 241)
[23:15:57] TERRAIN: Creating chunk: (8.0, 4.0) at distance 8.94
[23:15:57] TERRAIN: Chunk (8.0, 4.0): TRIMESH collision created successfully (distance: 8.94, vertices: 8)
[23:15:57] TERRAIN: Chunk created successfully: (8.0, 4.0) at world pos (256.0, 0.0, 128.0) (total chunks: 242)
[23:15:57] TERRAIN: Creating chunk: (4.0, 8.0) at distance 8.94
[23:15:57] TERRAIN: Chunk (4.0, 8.0): TRIMESH collision created successfully (distance: 8.94, vertices: 8)
[23:15:57] TERRAIN: Chunk created successfully: (4.0, 8.0) at world pos (128.0, 0.0, 256.0) (total chunks: 243)
[23:15:57] TERRAIN: Creating chunk: (-4.0, 8.0) at distance 8.94
[23:15:57] TERRAIN: Chunk (-4.0, 8.0): TRIMESH collision created successfully (distance: 8.94, vertices: 8)
[23:15:57] TERRAIN: Chunk created successfully: (-4.0, 8.0) at world pos (-128.0, 0.0, 256.0) (total chunks: 244)
[23:15:57] TERRAIN: Creating chunk: (4.0, -8.0) at distance 8.94
[23:15:57] TERRAIN: Chunk (4.0, -8.0): TRIMESH collision created successfully (distance: 8.94, vertices: 8)
[23:15:57] TERRAIN: Chunk created successfully: (4.0, -8.0) at world pos (128.0, 0.0, -256.0) (total chunks: 245)
[23:15:57] TERRAIN: Creating chunk: (-8.0, -4.0) at distance 8.94
[23:15:57] TERRAIN: Chunk (-8.0, -4.0): TRIMESH collision created successfully (distance: 8.94, vertices: 8)
[23:15:57] TERRAIN: Chunk created successfully: (-8.0, -4.0) at world pos (-256.0, 0.0, -128.0) (total chunks: 246)
[23:15:57] TERRAIN: Creating chunk: (8.0, -4.0) at distance 8.94
[23:15:57] TERRAIN: Chunk (8.0, -4.0): TRIMESH collision created successfully (distance: 8.94, vertices: 8)
[23:15:57] TERRAIN: Chunk created successfully: (8.0, -4.0) at world pos (256.0, 0.0, -128.0) (total chunks: 247)
[23:15:57] TERRAIN: Creating chunk: (-4.0, -8.0) at distance 8.94
[23:15:57] TERRAIN: Chunk (-4.0, -8.0): TRIMESH collision created successfully (distance: 8.94, vertices: 8)
[23:15:57] TERRAIN: Chunk created successfully: (-4.0, -8.0) at world pos (-128.0, 0.0, -256.0) (total chunks: 248)
[23:15:57] TERRAIN: Creating chunk: (-8.0, 4.0) at distance 8.94
[23:15:57] TERRAIN: Chunk (-8.0, 4.0): TRIMESH collision created successfully (distance: 8.94, vertices: 8)
[23:15:57] TERRAIN: Chunk created successfully: (-8.0, 4.0) at world pos (-256.0, 0.0, 128.0) (total chunks: 249)
[23:15:57] TERRAIN: Creating chunk: (9.0, 0.0) at distance 9.00
[23:15:57] TERRAIN: Chunk (9.0, 0.0): TRIMESH collision created successfully (distance: 9.00, vertices: 8)
[23:15:57] TERRAIN: Chunk created successfully: (9.0, 0.0) at world pos (288.0, 0.0, 0.0) (total chunks: 250)
[23:15:57] TERRAIN: Creating chunk: (-9.0, 0.0) at distance 9.00
[23:15:57] TERRAIN: Chunk (-9.0, 0.0): TRIMESH collision created successfully (distance: 9.00, vertices: 8)
[23:15:57] TERRAIN: Chunk created successfully: (-9.0, 0.0) at world pos (-288.0, 0.0, 0.0) (total chunks: 251)
[23:15:57] TERRAIN: Creating chunk: (0.0, -9.0) at distance 9.00
[23:15:57] TERRAIN: Chunk (0.0, -9.0): TRIMESH collision created successfully (distance: 9.00, vertices: 8)
[23:15:57] TERRAIN: Chunk created successfully: (0.0, -9.0) at world pos (0.0, 0.0, -288.0) (total chunks: 252)
[23:15:57] TERRAIN: Creating chunk: (0.0, 9.0) at distance 9.00
[23:15:57] TERRAIN: Chunk (0.0, 9.0): TRIMESH collision created successfully (distance: 9.00, vertices: 8)
[23:15:57] TERRAIN: Chunk created successfully: (0.0, 9.0) at world pos (0.0, 0.0, 288.0) (total chunks: 253)
[23:15:57] TERRAIN: Creating chunk: (9.0, 1.0) at distance 9.06
[23:15:57] TERRAIN: Chunk (9.0, 1.0): TRIMESH collision created successfully (distance: 9.06, vertices: 8)
[23:15:57] TERRAIN: Chunk created successfully: (9.0, 1.0) at world pos (288.0, 0.0, 32.0) (total chunks: 254)
[23:15:57] TERRAIN: Creating chunk: (1.0, 9.0) at distance 9.06
[23:15:57] TERRAIN: Chunk (1.0, 9.0): TRIMESH collision created successfully (distance: 9.06, vertices: 8)
[23:15:57] TERRAIN: Chunk created successfully: (1.0, 9.0) at world pos (32.0, 0.0, 288.0) (total chunks: 255)
[23:15:57] TERRAIN: Creating chunk: (9.0, -1.0) at distance 9.06
[23:15:57] TERRAIN: Chunk (9.0, -1.0): TRIMESH collision created successfully (distance: 9.06, vertices: 8)
[23:15:57] TERRAIN: Chunk created successfully: (9.0, -1.0) at world pos (288.0, 0.0, -32.0) (total chunks: 256)
[23:15:57] TERRAIN: Creating chunk: (1.0, -9.0) at distance 9.06
[23:15:57] TERRAIN: Chunk (1.0, -9.0): TRIMESH collision created successfully (distance: 9.06, vertices: 8)
[23:15:57] TERRAIN: Chunk created successfully: (1.0, -9.0) at world pos (32.0, 0.0, -288.0) (total chunks: 257)
[23:15:57] TERRAIN: Creating chunk: (-1.0, -9.0) at distance 9.06
[23:15:57] TERRAIN: Chunk (-1.0, -9.0): TRIMESH collision created successfully (distance: 9.06, vertices: 8)
[23:15:57] TERRAIN: Chunk created successfully: (-1.0, -9.0) at world pos (-32.0, 0.0, -288.0) (total chunks: 258)
[23:15:57] TERRAIN: Creating chunk: (-9.0, -1.0) at distance 9.06
[23:15:57] TERRAIN: Chunk (-9.0, -1.0): TRIMESH collision created successfully (distance: 9.06, vertices: 8)
[23:15:57] TERRAIN: Chunk created successfully: (-9.0, -1.0) at world pos (-288.0, 0.0, -32.0) (total chunks: 259)
[23:15:57] TERRAIN: Creating chunk: (-9.0, 1.0) at distance 9.06
[23:15:57] TERRAIN: Chunk (-9.0, 1.0): TRIMESH collision created successfully (distance: 9.06, vertices: 8)
[23:15:57] TERRAIN: Chunk created successfully: (-9.0, 1.0) at world pos (-288.0, 0.0, 32.0) (total chunks: 260)
[23:15:57] TERRAIN: Creating chunk: (-1.0, 9.0) at distance 9.06
[23:15:57] TERRAIN: Chunk (-1.0, 9.0): TRIMESH collision created successfully (distance: 9.06, vertices: 8)
[23:15:57] TERRAIN: Chunk created successfully: (-1.0, 9.0) at world pos (-32.0, 0.0, 288.0) (total chunks: 261)
[23:15:57] TERRAIN: Creating chunk: (-9.0, -2.0) at distance 9.22
[23:15:57] TERRAIN: Chunk (-9.0, -2.0): TRIMESH collision created successfully (distance: 9.22, vertices: 8)
[23:15:57] TERRAIN: Chunk created successfully: (-9.0, -2.0) at world pos (-288.0, 0.0, -64.0) (total chunks: 262)
[23:15:57] TERRAIN: Creating chunk: (6.0, 7.0) at distance 9.22
[23:15:57] TERRAIN: Chunk (6.0, 7.0): TRIMESH collision created successfully (distance: 9.22, vertices: 8)
[23:15:57] TERRAIN: Chunk created successfully: (6.0, 7.0) at world pos (192.0, 0.0, 224.0) (total chunks: 263)
[23:15:57] TERRAIN: Creating chunk: (-9.0, 2.0) at distance 9.22
[23:15:57] TERRAIN: Chunk (-9.0, 2.0): TRIMESH collision created successfully (distance: 9.22, vertices: 8)
[23:15:57] TERRAIN: Chunk created successfully: (-9.0, 2.0) at world pos (-288.0, 0.0, 64.0) (total chunks: 264)
[23:15:57] TERRAIN: Creating chunk: (9.0, 2.0) at distance 9.22
[23:15:57] TERRAIN: Chunk (9.0, 2.0): TRIMESH collision created successfully (distance: 9.22, vertices: 8)
[23:15:57] TERRAIN: Chunk created successfully: (9.0, 2.0) at world pos (288.0, 0.0, 64.0) (total chunks: 265)
[23:15:57] TERRAIN: Creating chunk: (-2.0, -9.0) at distance 9.22
[23:15:57] TERRAIN: Chunk (-2.0, -9.0): TRIMESH collision created successfully (distance: 9.22, vertices: 8)
[23:15:57] TERRAIN: Chunk created successfully: (-2.0, -9.0) at world pos (-64.0, 0.0, -288.0) (total chunks: 266)
[23:15:57] TERRAIN: Creating chunk: (-6.0, -7.0) at distance 9.22
[23:15:57] TERRAIN: Chunk (-6.0, -7.0): TRIMESH collision created successfully (distance: 9.22, vertices: 8)
[23:15:57] TERRAIN: Chunk created successfully: (-6.0, -7.0) at world pos (-192.0, 0.0, -224.0) (total chunks: 267)
[23:15:57] TERRAIN: Creating chunk: (2.0, -9.0) at distance 9.22
[23:15:57] TERRAIN: Chunk (2.0, -9.0): TRIMESH collision created successfully (distance: 9.22, vertices: 8)
[23:15:57] TERRAIN: Chunk created successfully: (2.0, -9.0) at world pos (64.0, 0.0, -288.0) (total chunks: 268)
[23:15:57] TERRAIN: Creating chunk: (-2.0, 9.0) at distance 9.22
[23:15:57] TERRAIN: Chunk (-2.0, 9.0): TRIMESH collision created successfully (distance: 9.22, vertices: 8)
[23:15:57] TERRAIN: Chunk created successfully: (-2.0, 9.0) at world pos (-64.0, 0.0, 288.0) (total chunks: 269)
[23:15:57] TERRAIN: Creating chunk: (-7.0, 6.0) at distance 9.22
[23:15:57] TERRAIN: Chunk (-7.0, 6.0): TRIMESH collision created successfully (distance: 9.22, vertices: 8)
[23:15:57] TERRAIN: Chunk created successfully: (-7.0, 6.0) at world pos (-224.0, 0.0, 192.0) (total chunks: 270)
[23:15:57] TERRAIN: Creating chunk: (-7.0, -6.0) at distance 9.22
[23:15:57] TERRAIN: Chunk (-7.0, -6.0): TRIMESH collision created successfully (distance: 9.22, vertices: 8)
[23:15:57] TERRAIN: Chunk created successfully: (-7.0, -6.0) at world pos (-224.0, 0.0, -192.0) (total chunks: 271)
[23:15:57] TERRAIN: Creating chunk: (7.0, -6.0) at distance 9.22
[23:15:57] TERRAIN: Chunk (7.0, -6.0): TRIMESH collision created successfully (distance: 9.22, vertices: 8)
[23:15:57] TERRAIN: Chunk created successfully: (7.0, -6.0) at world pos (224.0, 0.0, -192.0) (total chunks: 272)
[23:15:57] TERRAIN: Creating chunk: (2.0, 9.0) at distance 9.22
[23:15:57] TERRAIN: Chunk (2.0, 9.0): TRIMESH collision created successfully (distance: 9.22, vertices: 8)
[23:15:57] TERRAIN: Chunk created successfully: (2.0, 9.0) at world pos (64.0, 0.0, 288.0) (total chunks: 273)
[23:15:57] TERRAIN: Creating chunk: (-6.0, 7.0) at distance 9.22
[23:15:57] TERRAIN: Chunk (-6.0, 7.0): TRIMESH collision created successfully (distance: 9.22, vertices: 8)
[23:15:57] TERRAIN: Chunk created successfully: (-6.0, 7.0) at world pos (-192.0, 0.0, 224.0) (total chunks: 274)
[23:15:57] TERRAIN: Creating chunk: (9.0, -2.0) at distance 9.22
[23:15:57] TERRAIN: Chunk (9.0, -2.0): TRIMESH collision created successfully (distance: 9.22, vertices: 8)
[23:15:57] TERRAIN: Chunk created successfully: (9.0, -2.0) at world pos (288.0, 0.0, -64.0) (total chunks: 275)
[23:15:57] TERRAIN: Creating chunk: (7.0, 6.0) at distance 9.22
[23:15:57] TERRAIN: Chunk (7.0, 6.0): TRIMESH collision created successfully (distance: 9.22, vertices: 8)
[23:15:57] TERRAIN: Chunk created successfully: (7.0, 6.0) at world pos (224.0, 0.0, 192.0) (total chunks: 276)
[23:15:57] TERRAIN: Creating chunk: (6.0, -7.0) at distance 9.22
[23:15:57] TERRAIN: Chunk (6.0, -7.0): TRIMESH collision created successfully (distance: 9.22, vertices: 8)
[23:15:57] TERRAIN: Chunk created successfully: (6.0, -7.0) at world pos (192.0, 0.0, -224.0) (total chunks: 277)
[23:15:57] TERRAIN: Creating chunk: (-5.0, -8.0) at distance 9.43
[23:15:57] TERRAIN: Chunk (-5.0, -8.0): TRIMESH collision created successfully (distance: 9.43, vertices: 8)
[23:15:57] TERRAIN: Chunk created successfully: (-5.0, -8.0) at world pos (-160.0, 0.0, -256.0) (total chunks: 278)
[23:15:57] TERRAIN: Creating chunk: (8.0, -5.0) at distance 9.43
[23:15:57] TERRAIN: Chunk (8.0, -5.0): TRIMESH collision created successfully (distance: 9.43, vertices: 8)
[23:15:57] TERRAIN: Chunk created successfully: (8.0, -5.0) at world pos (256.0, 0.0, -160.0) (total chunks: 279)
[23:15:57] TERRAIN: Creating chunk: (5.0, 8.0) at distance 9.43
[23:15:57] TERRAIN: Chunk (5.0, 8.0): TRIMESH collision created successfully (distance: 9.43, vertices: 8)
[23:15:57] TERRAIN: Chunk created successfully: (5.0, 8.0) at world pos (160.0, 0.0, 256.0) (total chunks: 280)
[23:15:57] TERRAIN: Creating chunk: (-8.0, -5.0) at distance 9.43
[23:15:57] TERRAIN: Chunk (-8.0, -5.0): TRIMESH collision created successfully (distance: 9.43, vertices: 8)
[23:15:57] TERRAIN: Chunk created successfully: (-8.0, -5.0) at world pos (-256.0, 0.0, -160.0) (total chunks: 281)
[23:15:57] TERRAIN: Creating chunk: (8.0, 5.0) at distance 9.43
[23:15:57] TERRAIN: Chunk (8.0, 5.0): TRIMESH collision created successfully (distance: 9.43, vertices: 8)
[23:15:57] TERRAIN: Chunk created successfully: (8.0, 5.0) at world pos (256.0, 0.0, 160.0) (total chunks: 282)
[23:15:57] TERRAIN: Creating chunk: (-8.0, 5.0) at distance 9.43
[23:15:57] TERRAIN: Chunk (-8.0, 5.0): TRIMESH collision created successfully (distance: 9.43, vertices: 8)
[23:15:57] TERRAIN: Chunk created successfully: (-8.0, 5.0) at world pos (-256.0, 0.0, 160.0) (total chunks: 283)
[23:15:57] TERRAIN: Creating chunk: (-5.0, 8.0) at distance 9.43
[23:15:57] TERRAIN: Chunk (-5.0, 8.0): TRIMESH collision created successfully (distance: 9.43, vertices: 8)
[23:15:57] TERRAIN: Chunk created successfully: (-5.0, 8.0) at world pos (-160.0, 0.0, 256.0) (total chunks: 284)
[23:15:57] TERRAIN: Creating chunk: (5.0, -8.0) at distance 9.43
[23:15:57] TERRAIN: Chunk (5.0, -8.0): TRIMESH collision created successfully (distance: 9.43, vertices: 8)
[23:15:57] TERRAIN: Chunk created successfully: (5.0, -8.0) at world pos (160.0, 0.0, -256.0) (total chunks: 285)
[23:15:57] TERRAIN: Creating chunk: (-9.0, -3.0) at distance 9.49
[23:15:57] TERRAIN: Chunk (-9.0, -3.0): TRIMESH collision created successfully (distance: 9.49, vertices: 8)
[23:15:57] TERRAIN: Chunk created successfully: (-9.0, -3.0) at world pos (-288.0, 0.0, -96.0) (total chunks: 286)
[23:15:57] TERRAIN: Creating chunk: (9.0, -3.0) at distance 9.49
[23:15:57] TERRAIN: Chunk (9.0, -3.0): TRIMESH collision created successfully (distance: 9.49, vertices: 8)
[23:15:57] TERRAIN: Chunk created successfully: (9.0, -3.0) at world pos (288.0, 0.0, -96.0) (total chunks: 287)
[23:15:57] TERRAIN: Creating chunk: (-9.0, 3.0) at distance 9.49
[23:15:57] TERRAIN: Chunk (-9.0, 3.0): TRIMESH collision created successfully (distance: 9.49, vertices: 8)
[23:15:57] TERRAIN: Chunk created successfully: (-9.0, 3.0) at world pos (-288.0, 0.0, 96.0) (total chunks: 288)
[23:15:57] TERRAIN: Creating chunk: (3.0, 9.0) at distance 9.49
[23:15:57] TERRAIN: Chunk (3.0, 9.0): TRIMESH collision created successfully (distance: 9.49, vertices: 8)
[23:15:57] TERRAIN: Chunk created successfully: (3.0, 9.0) at world pos (96.0, 0.0, 288.0) (total chunks: 289)
[23:15:57] TERRAIN: Creating chunk: (-3.0, -9.0) at distance 9.49
[23:15:57] TERRAIN: Chunk (-3.0, -9.0): TRIMESH collision created successfully (distance: 9.49, vertices: 8)
[23:15:57] TERRAIN: Chunk created successfully: (-3.0, -9.0) at world pos (-96.0, 0.0, -288.0) (total chunks: 290)
[23:15:57] TERRAIN: Creating chunk: (-3.0, 9.0) at distance 9.49
[23:15:57] TERRAIN: Chunk (-3.0, 9.0): TRIMESH collision created successfully (distance: 9.49, vertices: 8)
[23:15:57] TERRAIN: Chunk created successfully: (-3.0, 9.0) at world pos (-96.0, 0.0, 288.0) (total chunks: 291)
[23:15:57] TERRAIN: Creating chunk: (3.0, -9.0) at distance 9.49
[23:15:57] TERRAIN: Chunk (3.0, -9.0): TRIMESH collision created successfully (distance: 9.49, vertices: 8)
[23:15:57] TERRAIN: Chunk created successfully: (3.0, -9.0) at world pos (96.0, 0.0, -288.0) (total chunks: 292)
[23:15:57] TERRAIN: Creating chunk: (9.0, 3.0) at distance 9.49
[23:15:57] TERRAIN: Chunk (9.0, 3.0): TRIMESH collision created successfully (distance: 9.49, vertices: 8)
[23:15:57] TERRAIN: Chunk created successfully: (9.0, 3.0) at world pos (288.0, 0.0, 96.0) (total chunks: 293)
[23:15:57] TERRAIN: Creating chunk: (-9.0, 4.0) at distance 9.85
[23:15:57] TERRAIN: Chunk (-9.0, 4.0): TRIMESH collision created successfully (distance: 9.85, vertices: 8)
[23:15:57] TERRAIN: Chunk created successfully: (-9.0, 4.0) at world pos (-288.0, 0.0, 128.0) (total chunks: 294)
[23:15:57] TERRAIN: Creating chunk: (-4.0, -9.0) at distance 9.85
[23:15:57] TERRAIN: Chunk (-4.0, -9.0): TRIMESH collision created successfully (distance: 9.85, vertices: 8)
[23:15:57] TERRAIN: Chunk created successfully: (-4.0, -9.0) at world pos (-128.0, 0.0, -288.0) (total chunks: 295)
[23:15:57] TERRAIN: Creating chunk: (9.0, -4.0) at distance 9.85
[23:15:57] TERRAIN: Chunk (9.0, -4.0): TRIMESH collision created successfully (distance: 9.85, vertices: 8)
[23:15:57] TERRAIN: Chunk created successfully: (9.0, -4.0) at world pos (288.0, 0.0, -128.0) (total chunks: 296)
[23:15:57] PLAYER: Pos: (0.0, 0.000485, 0.0) | Chunk: (0.0, 0.0) | TerrainHeight: 0.00 | HeightDiff: 0.00 | OnFloor: true
[23:15:57] TERRAIN: Creating chunk: (9.0, 4.0) at distance 9.85
[23:15:57] TERRAIN: Chunk (9.0, 4.0): TRIMESH collision created successfully (distance: 9.85, vertices: 8)
[23:15:57] TERRAIN: Chunk created successfully: (9.0, 4.0) at world pos (288.0, 0.0, 128.0) (total chunks: 297)
[23:15:57] TERRAIN: Creating chunk: (-9.0, -4.0) at distance 9.85
[23:15:57] TERRAIN: Chunk (-9.0, -4.0): TRIMESH collision created successfully (distance: 9.85, vertices: 8)
[23:15:57] TERRAIN: Chunk created successfully: (-9.0, -4.0) at world pos (-288.0, 0.0, -128.0) (total chunks: 298)
[23:15:57] TERRAIN: Creating chunk: (4.0, 9.0) at distance 9.85
[23:15:57] TERRAIN: Chunk (4.0, 9.0): TRIMESH collision created successfully (distance: 9.85, vertices: 8)
[23:15:57] TERRAIN: Chunk created successfully: (4.0, 9.0) at world pos (128.0, 0.0, 288.0) (total chunks: 299)
[23:15:57] TERRAIN: Creating chunk: (-4.0, 9.0) at distance 9.85
[23:15:57] TERRAIN: Chunk (-4.0, 9.0): TRIMESH collision created successfully (distance: 9.85, vertices: 8)
[23:15:57] TERRAIN: Chunk created successfully: (-4.0, 9.0) at world pos (-128.0, 0.0, 288.0) (total chunks: 300)
[23:15:57] TERRAIN: Creating chunk: (4.0, -9.0) at distance 9.85
[23:15:57] TERRAIN: Chunk (4.0, -9.0): TRIMESH collision created successfully (distance: 9.85, vertices: 8)
[23:15:57] TERRAIN: Chunk created successfully: (4.0, -9.0) at world pos (128.0, 0.0, -288.0) (total chunks: 301)
[23:15:57] TERRAIN: Creating chunk: (7.0, -7.0) at distance 9.90
[23:15:57] TERRAIN: Chunk (7.0, -7.0): TRIMESH collision created successfully (distance: 9.90, vertices: 8)
[23:15:57] TERRAIN: Chunk created successfully: (7.0, -7.0) at world pos (224.0, 0.0, -224.0) (total chunks: 302)
[23:15:57] TERRAIN: Creating chunk: (-7.0, -7.0) at distance 9.90
[23:15:57] TERRAIN: Chunk (-7.0, -7.0): TRIMESH collision created successfully (distance: 9.90, vertices: 8)
[23:15:57] TERRAIN: Chunk created successfully: (-7.0, -7.0) at world pos (-224.0, 0.0, -224.0) (total chunks: 303)
[23:15:57] TERRAIN: Creating chunk: (7.0, 7.0) at distance 9.90
[23:15:57] TERRAIN: Chunk (7.0, 7.0): TRIMESH collision created successfully (distance: 9.90, vertices: 8)
[23:15:57] TERRAIN: Chunk created successfully: (7.0, 7.0) at world pos (224.0, 0.0, 224.0) (total chunks: 304)
[23:15:57] TERRAIN: Creating chunk: (-7.0, 7.0) at distance 9.90
[23:15:57] TERRAIN: Chunk (-7.0, 7.0): TRIMESH collision created successfully (distance: 9.90, vertices: 8)
[23:15:57] TERRAIN: Chunk created successfully: (-7.0, 7.0) at world pos (-224.0, 0.0, 224.0) (total chunks: 305)
[23:15:57] TERRAIN: Creating chunk: (-6.0, 8.0) at distance 10.00
[23:15:57] TERRAIN: Chunk (-6.0, 8.0): TRIMESH collision created successfully (distance: 10.00, vertices: 8)
[23:15:57] TERRAIN: Chunk created successfully: (-6.0, 8.0) at world pos (-192.0, 0.0, 256.0) (total chunks: 306)
[23:15:57] TERRAIN: Creating chunk: (-8.0, -6.0) at distance 10.00
[23:15:57] TERRAIN: Chunk (-8.0, -6.0): TRIMESH collision created successfully (distance: 10.00, vertices: 8)
[23:15:57] TERRAIN: Chunk created successfully: (-8.0, -6.0) at world pos (-256.0, 0.0, -192.0) (total chunks: 307)
[23:15:57] TERRAIN: Creating chunk: (6.0, -8.0) at distance 10.00
[23:15:57] TERRAIN: Chunk (6.0, -8.0): TRIMESH collision created successfully (distance: 10.00, vertices: 8)
[23:15:57] TERRAIN: Chunk created successfully: (6.0, -8.0) at world pos (192.0, 0.0, -256.0) (total chunks: 308)
[23:15:57] TERRAIN: Creating chunk: (0.0, -10.0) at distance 10.00
[23:15:57] TERRAIN: Chunk (0.0, -10.0): TRIMESH collision created successfully (distance: 10.00, vertices: 8)
[23:15:57] TERRAIN: Chunk created successfully: (0.0, -10.0) at world pos (0.0, 0.0, -320.0) (total chunks: 309)
[23:15:57] TERRAIN: Creating chunk: (8.0, 6.0) at distance 10.00
[23:15:57] TERRAIN: Chunk (8.0, 6.0): TRIMESH collision created successfully (distance: 10.00, vertices: 8)
[23:15:57] TERRAIN: Chunk created successfully: (8.0, 6.0) at world pos (256.0, 0.0, 192.0) (total chunks: 310)
[23:15:57] TERRAIN: Creating chunk: (-8.0, 6.0) at distance 10.00
[23:15:57] TERRAIN: Chunk (-8.0, 6.0): TRIMESH collision created successfully (distance: 10.00, vertices: 8)
[23:15:57] TERRAIN: Chunk created successfully: (-8.0, 6.0) at world pos (-256.0, 0.0, 192.0) (total chunks: 311)
[23:15:57] TERRAIN: Creating chunk: (6.0, 8.0) at distance 10.00
[23:15:57] TERRAIN: Chunk (6.0, 8.0): TRIMESH collision created successfully (distance: 10.00, vertices: 8)
[23:15:57] TERRAIN: Chunk created successfully: (6.0, 8.0) at world pos (192.0, 0.0, 256.0) (total chunks: 312)
[23:15:57] TERRAIN: Creating chunk: (-10.0, 0.0) at distance 10.00
[23:15:57] TERRAIN: Chunk (-10.0, 0.0): TRIMESH collision created successfully (distance: 10.00, vertices: 8)
[23:15:57] TERRAIN: Chunk created successfully: (-10.0, 0.0) at world pos (-320.0, 0.0, 0.0) (total chunks: 313)
[23:15:57] TERRAIN: Creating chunk: (10.0, 0.0) at distance 10.00
[23:15:57] TERRAIN: Chunk (10.0, 0.0): TRIMESH collision created successfully (distance: 10.00, vertices: 8)
[23:15:57] TERRAIN: Chunk created successfully: (10.0, 0.0) at world pos (320.0, 0.0, 0.0) (total chunks: 314)
[23:15:57] TERRAIN: Creating chunk: (-6.0, -8.0) at distance 10.00
[23:15:57] TERRAIN: Chunk (-6.0, -8.0): TRIMESH collision created successfully (distance: 10.00, vertices: 8)
[23:15:57] TERRAIN: Chunk created successfully: (-6.0, -8.0) at world pos (-192.0, 0.0, -256.0) (total chunks: 315)
[23:15:57] TERRAIN: Creating chunk: (8.0, -6.0) at distance 10.00
[23:15:57] TERRAIN: Chunk (8.0, -6.0): TRIMESH collision created successfully (distance: 10.00, vertices: 8)
[23:15:57] TERRAIN: Chunk created successfully: (8.0, -6.0) at world pos (256.0, 0.0, -192.0) (total chunks: 316)
[23:15:57] TERRAIN: Creating chunk: (0.0, 10.0) at distance 10.00
[23:15:57] TERRAIN: Chunk (0.0, 10.0): TRIMESH collision created successfully (distance: 10.00, vertices: 8)
[23:15:57] TERRAIN: Chunk created successfully: (0.0, 10.0) at world pos (0.0, 0.0, 320.0) (total chunks: 317)
[23:15:57] TERRAIN: Creating chunk: (-10.0, -1.0) at distance 10.05
[23:15:57] TERRAIN: Chunk (-10.0, -1.0): TRIMESH collision created successfully (distance: 10.05, vertices: 8)
[23:15:57] TERRAIN: Chunk created successfully: (-10.0, -1.0) at world pos (-320.0, 0.0, -32.0) (total chunks: 318)
[23:15:57] TERRAIN: Creating chunk: (-1.0, 10.0) at distance 10.05
[23:15:57] TERRAIN: Chunk (-1.0, 10.0): TRIMESH collision created successfully (distance: 10.05, vertices: 8)
[23:15:57] TERRAIN: Chunk created successfully: (-1.0, 10.0) at world pos (-32.0, 0.0, 320.0) (total chunks: 319)
[23:15:57] TERRAIN: Creating chunk: (1.0, 10.0) at distance 10.05
[23:15:57] TERRAIN: Chunk (1.0, 10.0): TRIMESH collision created successfully (distance: 10.05, vertices: 8)
[23:15:57] TERRAIN: Chunk created successfully: (1.0, 10.0) at world pos (32.0, 0.0, 320.0) (total chunks: 320)
[23:15:57] TERRAIN: Creating chunk: (1.0, -10.0) at distance 10.05
[23:15:57] TERRAIN: Chunk (1.0, -10.0): TRIMESH collision created successfully (distance: 10.05, vertices: 8)
[23:15:57] TERRAIN: Chunk created successfully: (1.0, -10.0) at world pos (32.0, 0.0, -320.0) (total chunks: 321)
[23:15:57] TERRAIN: Creating chunk: (-10.0, 1.0) at distance 10.05
[23:15:57] TERRAIN: Chunk (-10.0, 1.0): TRIMESH collision created successfully (distance: 10.05, vertices: 8)
[23:15:57] TERRAIN: Chunk created successfully: (-10.0, 1.0) at world pos (-320.0, 0.0, 32.0) (total chunks: 322)
[23:15:57] TERRAIN: Creating chunk: (-1.0, -10.0) at distance 10.05
[23:15:57] TERRAIN: Chunk (-1.0, -10.0): TRIMESH collision created successfully (distance: 10.05, vertices: 8)
[23:15:57] TERRAIN: Chunk created successfully: (-1.0, -10.0) at world pos (-32.0, 0.0, -320.0) (total chunks: 323)
[23:15:57] TERRAIN: Creating chunk: (10.0, 1.0) at distance 10.05
[23:15:57] TERRAIN: Chunk (10.0, 1.0): TRIMESH collision created successfully (distance: 10.05, vertices: 8)
[23:15:57] TERRAIN: Chunk created successfully: (10.0, 1.0) at world pos (320.0, 0.0, 32.0) (total chunks: 324)
[23:15:57] TERRAIN: Creating chunk: (10.0, -1.0) at distance 10.05
[23:15:57] TERRAIN: Chunk (10.0, -1.0): TRIMESH collision created successfully (distance: 10.05, vertices: 8)
[23:15:57] TERRAIN: Chunk created successfully: (10.0, -1.0) at world pos (320.0, 0.0, -32.0) (total chunks: 325)
[23:15:57] TERRAIN: Creating chunk: (2.0, 10.0) at distance 10.20
[23:15:57] TERRAIN: Chunk (2.0, 10.0): TRIMESH collision created successfully (distance: 10.20, vertices: 8)
[23:15:57] TERRAIN: Chunk created successfully: (2.0, 10.0) at world pos (64.0, 0.0, 320.0) (total chunks: 326)
[23:15:57] TERRAIN: Creating chunk: (-2.0, 10.0) at distance 10.20
[23:15:57] TERRAIN: Chunk (-2.0, 10.0): TRIMESH collision created successfully (distance: 10.20, vertices: 8)
[23:15:57] TERRAIN: Chunk created successfully: (-2.0, 10.0) at world pos (-64.0, 0.0, 320.0) (total chunks: 327)
[23:15:57] TERRAIN: Creating chunk: (-10.0, -2.0) at distance 10.20
[23:15:57] TERRAIN: Chunk (-10.0, -2.0): TRIMESH collision created successfully (distance: 10.20, vertices: 8)
[23:15:57] TERRAIN: Chunk created successfully: (-10.0, -2.0) at world pos (-320.0, 0.0, -64.0) (total chunks: 328)
[23:15:57] TERRAIN: Creating chunk: (10.0, -2.0) at distance 10.20
[23:15:57] TERRAIN: Chunk (10.0, -2.0): TRIMESH collision created successfully (distance: 10.20, vertices: 8)
[23:15:57] TERRAIN: Chunk created successfully: (10.0, -2.0) at world pos (320.0, 0.0, -64.0) (total chunks: 329)
[23:15:57] TERRAIN: Creating chunk: (-2.0, -10.0) at distance 10.20
[23:15:58] TERRAIN: Chunk (-2.0, -10.0): TRIMESH collision created successfully (distance: 10.20, vertices: 8)
[23:15:58] TERRAIN: Chunk created successfully: (-2.0, -10.0) at world pos (-64.0, 0.0, -320.0) (total chunks: 330)
[23:15:58] TERRAIN: Creating chunk: (-10.0, 2.0) at distance 10.20
[23:15:58] TERRAIN: Chunk (-10.0, 2.0): TRIMESH collision created successfully (distance: 10.20, vertices: 8)
[23:15:58] TERRAIN: Chunk created successfully: (-10.0, 2.0) at world pos (-320.0, 0.0, 64.0) (total chunks: 331)
[23:15:58] TERRAIN: Creating chunk: (2.0, -10.0) at distance 10.20
[23:15:58] TERRAIN: Chunk (2.0, -10.0): TRIMESH collision created successfully (distance: 10.20, vertices: 8)
[23:15:58] TERRAIN: Chunk created successfully: (2.0, -10.0) at world pos (64.0, 0.0, -320.0) (total chunks: 332)
[23:15:58] TERRAIN: Creating chunk: (10.0, 2.0) at distance 10.20
[23:15:58] TERRAIN: Chunk (10.0, 2.0): TRIMESH collision created successfully (distance: 10.20, vertices: 8)
[23:15:58] TERRAIN: Chunk created successfully: (10.0, 2.0) at world pos (320.0, 0.0, 64.0) (total chunks: 333)
[23:15:58] TERRAIN: Creating chunk: (9.0, -5.0) at distance 10.30
[23:15:58] TERRAIN: Chunk (9.0, -5.0): TRIMESH collision created successfully (distance: 10.30, vertices: 8)
[23:15:58] TERRAIN: Chunk created successfully: (9.0, -5.0) at world pos (288.0, 0.0, -160.0) (total chunks: 334)
[23:15:58] TERRAIN: Creating chunk: (9.0, 5.0) at distance 10.30
[23:15:58] TERRAIN: Chunk (9.0, 5.0): TRIMESH collision created successfully (distance: 10.30, vertices: 8)
[23:15:58] TERRAIN: Chunk created successfully: (9.0, 5.0) at world pos (288.0, 0.0, 160.0) (total chunks: 335)
[23:15:58] TERRAIN: Creating chunk: (5.0, 9.0) at distance 10.30
[23:15:58] TERRAIN: Chunk (5.0, 9.0): TRIMESH collision created successfully (distance: 10.30, vertices: 8)
[23:15:58] TERRAIN: Chunk created successfully: (5.0, 9.0) at world pos (160.0, 0.0, 288.0) (total chunks: 336)
[23:15:58] TERRAIN: Creating chunk: (-9.0, -5.0) at distance 10.30
[23:15:58] TERRAIN: Chunk (-9.0, -5.0): TRIMESH collision created successfully (distance: 10.30, vertices: 8)
[23:15:58] TERRAIN: Chunk created successfully: (-9.0, -5.0) at world pos (-288.0, 0.0, -160.0) (total chunks: 337)
[23:15:58] TERRAIN: Creating chunk: (5.0, -9.0) at distance 10.30
[23:15:58] TERRAIN: Chunk (5.0, -9.0): TRIMESH collision created successfully (distance: 10.30, vertices: 8)
[23:15:58] TERRAIN: Chunk created successfully: (5.0, -9.0) at world pos (160.0, 0.0, -288.0) (total chunks: 338)
[23:15:58] TERRAIN: Creating chunk: (-5.0, -9.0) at distance 10.30
[23:15:58] TERRAIN: Chunk (-5.0, -9.0): TRIMESH collision created successfully (distance: 10.30, vertices: 8)
[23:15:58] TERRAIN: Chunk created successfully: (-5.0, -9.0) at world pos (-160.0, 0.0, -288.0) (total chunks: 339)
[23:15:58] TERRAIN: Creating chunk: (-9.0, 5.0) at distance 10.30
[23:15:58] TERRAIN: Chunk (-9.0, 5.0): TRIMESH collision created successfully (distance: 10.30, vertices: 8)
[23:15:58] TERRAIN: Chunk created successfully: (-9.0, 5.0) at world pos (-288.0, 0.0, 160.0) (total chunks: 340)
[23:15:58] TERRAIN: Creating chunk: (-5.0, 9.0) at distance 10.30
[23:15:58] TERRAIN: Chunk (-5.0, 9.0): TRIMESH collision created successfully (distance: 10.30, vertices: 8)
[23:15:58] TERRAIN: Chunk created successfully: (-5.0, 9.0) at world pos (-160.0, 0.0, 288.0) (total chunks: 341)
[23:15:58] TERRAIN: Creating chunk: (10.0, -3.0) at distance 10.44
[23:15:58] TERRAIN: Chunk (10.0, -3.0): TRIMESH collision created successfully (distance: 10.44, vertices: 8)
[23:15:58] TERRAIN: Chunk created successfully: (10.0, -3.0) at world pos (320.0, 0.0, -96.0) (total chunks: 342)
[23:15:58] TERRAIN: Creating chunk: (-3.0, -10.0) at distance 10.44
[23:15:58] TERRAIN: Chunk (-3.0, -10.0): TRIMESH collision created successfully (distance: 10.44, vertices: 8)
[23:15:58] TERRAIN: Chunk created successfully: (-3.0, -10.0) at world pos (-96.0, 0.0, -320.0) (total chunks: 343)
[23:15:58] TERRAIN: Creating chunk: (-10.0, -3.0) at distance 10.44
[23:15:58] TERRAIN: Chunk (-10.0, -3.0): TRIMESH collision created successfully (distance: 10.44, vertices: 8)
[23:15:58] TERRAIN: Chunk created successfully: (-10.0, -3.0) at world pos (-320.0, 0.0, -96.0) (total chunks: 344)
[23:15:58] TERRAIN: Creating chunk: (3.0, 10.0) at distance 10.44
[23:15:58] TERRAIN: Chunk (3.0, 10.0): TRIMESH collision created successfully (distance: 10.44, vertices: 8)
[23:15:58] TERRAIN: Chunk created successfully: (3.0, 10.0) at world pos (96.0, 0.0, 320.0) (total chunks: 345)
[23:15:58] TERRAIN: Creating chunk: (-10.0, 3.0) at distance 10.44
[23:15:58] TERRAIN: Chunk (-10.0, 3.0): TRIMESH collision created successfully (distance: 10.44, vertices: 8)
[23:15:58] TERRAIN: Chunk created successfully: (-10.0, 3.0) at world pos (-320.0, 0.0, 96.0) (total chunks: 346)
[23:15:58] TERRAIN: Creating chunk: (10.0, 3.0) at distance 10.44
[23:15:58] TERRAIN: Chunk (10.0, 3.0): TRIMESH collision created successfully (distance: 10.44, vertices: 8)
[23:15:58] TERRAIN: Chunk created successfully: (10.0, 3.0) at world pos (320.0, 0.0, 96.0) (total chunks: 347)
[23:15:58] TERRAIN: Creating chunk: (3.0, -10.0) at distance 10.44
[23:15:58] TERRAIN: Chunk (3.0, -10.0): TRIMESH collision created successfully (distance: 10.44, vertices: 8)
[23:15:58] TERRAIN: Chunk created successfully: (3.0, -10.0) at world pos (96.0, 0.0, -320.0) (total chunks: 348)
[23:15:58] TERRAIN: Creating chunk: (-3.0, 10.0) at distance 10.44
[23:15:58] TERRAIN: Chunk (-3.0, 10.0): TRIMESH collision created successfully (distance: 10.44, vertices: 8)
[23:15:58] TERRAIN: Chunk created successfully: (-3.0, 10.0) at world pos (-96.0, 0.0, 320.0) (total chunks: 349)
[23:15:58] TERRAIN: Creating chunk: (8.0, -7.0) at distance 10.63
[23:15:58] TERRAIN: Chunk (8.0, -7.0): TRIMESH collision created successfully (distance: 10.63, vertices: 8)
[23:15:58] TERRAIN: Chunk created successfully: (8.0, -7.0) at world pos (256.0, 0.0, -224.0) (total chunks: 350)
[23:15:58] TERRAIN: Creating chunk: (7.0, 8.0) at distance 10.63
[23:15:58] TERRAIN: Chunk (7.0, 8.0): TRIMESH collision created successfully (distance: 10.63, vertices: 8)
[23:15:58] TERRAIN: Chunk created successfully: (7.0, 8.0) at world pos (224.0, 0.0, 256.0) (total chunks: 351)
[23:15:58] TERRAIN: Creating chunk: (-8.0, 7.0) at distance 10.63
[23:15:58] TERRAIN: Chunk (-8.0, 7.0): TRIMESH collision created successfully (distance: 10.63, vertices: 8)
[23:15:58] TERRAIN: Chunk created successfully: (-8.0, 7.0) at world pos (-256.0, 0.0, 224.0) (total chunks: 352)
[23:15:58] TERRAIN: Creating chunk: (-8.0, -7.0) at distance 10.63
[23:15:58] TERRAIN: Chunk (-8.0, -7.0): TRIMESH collision created successfully (distance: 10.63, vertices: 8)
[23:15:58] TERRAIN: Chunk created successfully: (-8.0, -7.0) at world pos (-256.0, 0.0, -224.0) (total chunks: 353)
[23:15:58] TERRAIN: Creating chunk: (-7.0, 8.0) at distance 10.63
[23:15:58] TERRAIN: Chunk (-7.0, 8.0): TRIMESH collision created successfully (distance: 10.63, vertices: 8)
[23:15:58] TERRAIN: Chunk created successfully: (-7.0, 8.0) at world pos (-224.0, 0.0, 256.0) (total chunks: 354)
[23:15:58] TERRAIN: Creating chunk: (-7.0, -8.0) at distance 10.63
[23:15:58] TERRAIN: Chunk (-7.0, -8.0): TRIMESH collision created successfully (distance: 10.63, vertices: 8)
[23:15:58] TERRAIN: Chunk created successfully: (-7.0, -8.0) at world pos (-224.0, 0.0, -256.0) (total chunks: 355)
[23:15:58] TERRAIN: Creating chunk: (7.0, -8.0) at distance 10.63
[23:15:58] TERRAIN: Chunk (7.0, -8.0): TRIMESH collision created successfully (distance: 10.63, vertices: 8)
[23:15:58] TERRAIN: Chunk created successfully: (7.0, -8.0) at world pos (224.0, 0.0, -256.0) (total chunks: 356)
[23:15:58] TERRAIN: Creating chunk: (8.0, 7.0) at distance 10.63
[23:15:58] TERRAIN: Chunk (8.0, 7.0): TRIMESH collision created successfully (distance: 10.63, vertices: 8)
[23:15:58] TERRAIN: Chunk created successfully: (8.0, 7.0) at world pos (256.0, 0.0, 224.0) (total chunks: 357)
[23:15:58] TERRAIN: Creating chunk: (10.0, -4.0) at distance 10.77
[23:15:58] TERRAIN: Chunk (10.0, -4.0): TRIMESH collision created successfully (distance: 10.77, vertices: 8)
[23:15:58] TERRAIN: Chunk created successfully: (10.0, -4.0) at world pos (320.0, 0.0, -128.0) (total chunks: 358)
[23:15:58] TERRAIN: Creating chunk: (-10.0, 4.0) at distance 10.77
[23:15:58] TERRAIN: Chunk (-10.0, 4.0): TRIMESH collision created successfully (distance: 10.77, vertices: 8)
[23:15:58] TERRAIN: Chunk created successfully: (-10.0, 4.0) at world pos (-320.0, 0.0, 128.0) (total chunks: 359)
[23:15:58] TERRAIN: Creating chunk: (10.0, 4.0) at distance 10.77
[23:15:58] TERRAIN: Chunk (10.0, 4.0): TRIMESH collision created successfully (distance: 10.77, vertices: 8)
[23:15:58] TERRAIN: Chunk created successfully: (10.0, 4.0) at world pos (320.0, 0.0, 128.0) (total chunks: 360)
[23:15:58] TERRAIN: Creating chunk: (4.0, 10.0) at distance 10.77
[23:15:58] TERRAIN: Chunk (4.0, 10.0): TRIMESH collision created successfully (distance: 10.77, vertices: 8)
[23:15:58] TERRAIN: Chunk created successfully: (4.0, 10.0) at world pos (128.0, 0.0, 320.0) (total chunks: 361)
[23:15:58] TERRAIN: Creating chunk: (-4.0, -10.0) at distance 10.77
[23:15:58] TERRAIN: Chunk (-4.0, -10.0): TRIMESH collision created successfully (distance: 10.77, vertices: 8)
[23:15:58] TERRAIN: Chunk created successfully: (-4.0, -10.0) at world pos (-128.0, 0.0, -320.0) (total chunks: 362)
[23:15:58] TERRAIN: Creating chunk: (-4.0, 10.0) at distance 10.77
[23:15:58] TERRAIN: Chunk (-4.0, 10.0): TRIMESH collision created successfully (distance: 10.77, vertices: 8)
[23:15:58] TERRAIN: Chunk created successfully: (-4.0, 10.0) at world pos (-128.0, 0.0, 320.0) (total chunks: 363)
[23:15:58] TERRAIN: Creating chunk: (-10.0, -4.0) at distance 10.77
[23:15:58] TERRAIN: Chunk (-10.0, -4.0): TRIMESH collision created successfully (distance: 10.77, vertices: 8)
[23:15:58] TERRAIN: Chunk created successfully: (-10.0, -4.0) at world pos (-320.0, 0.0, -128.0) (total chunks: 364)
[23:15:58] TERRAIN: Creating chunk: (4.0, -10.0) at distance 10.77
[23:15:58] TERRAIN: Chunk (4.0, -10.0): TRIMESH collision created successfully (distance: 10.77, vertices: 8)
[23:15:58] TERRAIN: Chunk created successfully: (4.0, -10.0) at world pos (128.0, 0.0, -320.0) (total chunks: 365)
[23:15:58] TERRAIN: Creating chunk: (-9.0, 6.0) at distance 10.82
[23:15:58] TERRAIN: Chunk (-9.0, 6.0): TRIMESH collision created successfully (distance: 10.82, vertices: 8)
[23:15:58] TERRAIN: Chunk created successfully: (-9.0, 6.0) at world pos (-288.0, 0.0, 192.0) (total chunks: 366)
[23:15:58] TERRAIN: Creating chunk: (-9.0, -6.0) at distance 10.82
[23:15:58] TERRAIN: Chunk (-9.0, -6.0): TRIMESH collision created successfully (distance: 10.82, vertices: 8)
[23:15:58] TERRAIN: Chunk created successfully: (-9.0, -6.0) at world pos (-288.0, 0.0, -192.0) (total chunks: 367)
[23:15:58] TERRAIN: Creating chunk: (-6.0, 9.0) at distance 10.82
[23:15:58] TERRAIN: Chunk (-6.0, 9.0): TRIMESH collision created successfully (distance: 10.82, vertices: 8)
[23:15:58] TERRAIN: Chunk created successfully: (-6.0, 9.0) at world pos (-192.0, 0.0, 288.0) (total chunks: 368)
[23:15:58] TERRAIN: Creating chunk: (9.0, -6.0) at distance 10.82
[23:15:58] TERRAIN: Chunk (9.0, -6.0): TRIMESH collision created successfully (distance: 10.82, vertices: 8)
[23:15:58] TERRAIN: Chunk created successfully: (9.0, -6.0) at world pos (288.0, 0.0, -192.0) (total chunks: 369)
[23:15:58] TERRAIN: Creating chunk: (9.0, 6.0) at distance 10.82
[23:15:58] TERRAIN: Chunk (9.0, 6.0): TRIMESH collision created successfully (distance: 10.82, vertices: 8)
[23:15:58] TERRAIN: Chunk created successfully: (9.0, 6.0) at world pos (288.0, 0.0, 192.0) (total chunks: 370)
[23:15:58] TERRAIN: Creating chunk: (6.0, 9.0) at distance 10.82
[23:15:58] TERRAIN: Chunk (6.0, 9.0): TRIMESH collision created successfully (distance: 10.82, vertices: 8)
[23:15:58] TERRAIN: Chunk created successfully: (6.0, 9.0) at world pos (192.0, 0.0, 288.0) (total chunks: 371)
[23:15:58] TERRAIN: Creating chunk: (6.0, -9.0) at distance 10.82
[23:15:58] TERRAIN: Chunk (6.0, -9.0): TRIMESH collision created successfully (distance: 10.82, vertices: 8)
[23:15:58] TERRAIN: Chunk created successfully: (6.0, -9.0) at world pos (192.0, 0.0, -288.0) (total chunks: 372)
[23:15:58] TERRAIN: Creating chunk: (-6.0, -9.0) at distance 10.82
[23:15:58] TERRAIN: Chunk (-6.0, -9.0): TRIMESH collision created successfully (distance: 10.82, vertices: 8)
[23:15:58] TERRAIN: Chunk created successfully: (-6.0, -9.0) at world pos (-192.0, 0.0, -288.0) (total chunks: 373)
[23:15:58] TERRAIN: Creating chunk: (11.0, 0.0) at distance 11.00
[23:15:58] TERRAIN: Chunk (11.0, 0.0): TRIMESH collision created successfully (distance: 11.00, vertices: 8)
[23:15:58] TERRAIN: Chunk created successfully: (11.0, 0.0) at world pos (352.0, 0.0, 0.0) (total chunks: 374)
[23:15:58] TERRAIN: Creating chunk: (-11.0, 0.0) at distance 11.00
[23:15:58] TERRAIN: Chunk (-11.0, 0.0): TRIMESH collision created successfully (distance: 11.00, vertices: 8)
[23:15:58] TERRAIN: Chunk created successfully: (-11.0, 0.0) at world pos (-352.0, 0.0, 0.0) (total chunks: 375)
[23:15:58] TERRAIN: Creating chunk: (0.0, 11.0) at distance 11.00
[23:15:58] TERRAIN: Chunk (0.0, 11.0): TRIMESH collision created successfully (distance: 11.00, vertices: 8)
[23:15:58] TERRAIN: Chunk created successfully: (0.0, 11.0) at world pos (0.0, 0.0, 352.0) (total chunks: 376)
[23:15:58] TERRAIN: Creating chunk: (0.0, -11.0) at distance 11.00
[23:15:58] TERRAIN: Chunk (0.0, -11.0): TRIMESH collision created successfully (distance: 11.00, vertices: 8)
[23:15:58] TERRAIN: Chunk created successfully: (0.0, -11.0) at world pos (0.0, 0.0, -352.0) (total chunks: 377)
[23:15:58] TERRAIN: Creating chunk: (1.0, -11.0) at distance 11.05
[23:15:58] TERRAIN: Chunk (1.0, -11.0): TRIMESH collision created successfully (distance: 11.05, vertices: 8)
[23:15:58] TERRAIN: Chunk created successfully: (1.0, -11.0) at world pos (32.0, 0.0, -352.0) (total chunks: 378)
[23:15:58] TERRAIN: Creating chunk: (-1.0, 11.0) at distance 11.05
[23:15:58] TERRAIN: Chunk (-1.0, 11.0): TRIMESH collision created successfully (distance: 11.05, vertices: 8)
[23:15:58] TERRAIN: Chunk created successfully: (-1.0, 11.0) at world pos (-32.0, 0.0, 352.0) (total chunks: 379)
[23:15:58] TERRAIN: Creating chunk: (1.0, 11.0) at distance 11.05
[23:15:58] TERRAIN: Chunk (1.0, 11.0): TRIMESH collision created successfully (distance: 11.05, vertices: 8)
[23:15:58] TERRAIN: Chunk created successfully: (1.0, 11.0) at world pos (32.0, 0.0, 352.0) (total chunks: 380)
[23:15:58] TERRAIN: Creating chunk: (-11.0, -1.0) at distance 11.05
[23:15:58] TERRAIN: Chunk (-11.0, -1.0): TRIMESH collision created successfully (distance: 11.05, vertices: 8)
[23:15:58] TERRAIN: Chunk created successfully: (-11.0, -1.0) at world pos (-352.0, 0.0, -32.0) (total chunks: 381)
[23:15:58] TERRAIN: Creating chunk: (11.0, -1.0) at distance 11.05
[23:15:58] TERRAIN: Chunk (11.0, -1.0): TRIMESH collision created successfully (distance: 11.05, vertices: 8)
[23:15:58] TERRAIN: Chunk created successfully: (11.0, -1.0) at world pos (352.0, 0.0, -32.0) (total chunks: 382)
[23:15:58] TERRAIN: Creating chunk: (-1.0, -11.0) at distance 11.05
[23:15:58] TERRAIN: Chunk (-1.0, -11.0): TRIMESH collision created successfully (distance: 11.05, vertices: 8)
[23:15:58] TERRAIN: Chunk created successfully: (-1.0, -11.0) at world pos (-32.0, 0.0, -352.0) (total chunks: 383)
[23:15:58] TERRAIN: Creating chunk: (-11.0, 1.0) at distance 11.05
[23:15:58] TERRAIN: Chunk (-11.0, 1.0): TRIMESH collision created successfully (distance: 11.05, vertices: 8)
[23:15:58] TERRAIN: Chunk created successfully: (-11.0, 1.0) at world pos (-352.0, 0.0, 32.0) (total chunks: 384)
[23:15:58] TERRAIN: Creating chunk: (11.0, 1.0) at distance 11.05
[23:15:58] TERRAIN: Chunk (11.0, 1.0): TRIMESH collision created successfully (distance: 11.05, vertices: 8)
[23:15:58] TERRAIN: Chunk created successfully: (11.0, 1.0) at world pos (352.0, 0.0, 32.0) (total chunks: 385)
[23:15:58] TERRAIN: Creating chunk: (2.0, -11.0) at distance 11.18
[23:15:58] TERRAIN: Chunk (2.0, -11.0): TRIMESH collision created successfully (distance: 11.18, vertices: 8)
[23:15:58] TERRAIN: Chunk created successfully: (2.0, -11.0) at world pos (64.0, 0.0, -352.0) (total chunks: 386)
[23:15:58] TERRAIN: Creating chunk: (11.0, -2.0) at distance 11.18
[23:15:58] TERRAIN: Chunk (11.0, -2.0): TRIMESH collision created successfully (distance: 11.18, vertices: 8)
[23:15:58] TERRAIN: Chunk created successfully: (11.0, -2.0) at world pos (352.0, 0.0, -64.0) (total chunks: 387)
[23:15:58] TERRAIN: Creating chunk: (10.0, -5.0) at distance 11.18
[23:15:58] TERRAIN: Chunk (10.0, -5.0): TRIMESH collision created successfully (distance: 11.18, vertices: 8)
[23:15:58] TERRAIN: Chunk created successfully: (10.0, -5.0) at world pos (320.0, 0.0, -160.0) (total chunks: 388)
[23:15:58] TERRAIN: Creating chunk: (-5.0, -10.0) at distance 11.18
[23:15:58] TERRAIN: Chunk (-5.0, -10.0): TRIMESH collision created successfully (distance: 11.18, vertices: 8)
[23:15:58] TERRAIN: Chunk created successfully: (-5.0, -10.0) at world pos (-160.0, 0.0, -320.0) (total chunks: 389)
[23:15:58] TERRAIN: Creating chunk: (2.0, 11.0) at distance 11.18
[23:15:58] TERRAIN: Chunk (2.0, 11.0): TRIMESH collision created successfully (distance: 11.18, vertices: 8)
[23:15:58] TERRAIN: Chunk created successfully: (2.0, 11.0) at world pos (64.0, 0.0, 352.0) (total chunks: 390)
[23:15:58] TERRAIN: Creating chunk: (5.0, 10.0) at distance 11.18
[23:15:58] TERRAIN: Chunk (5.0, 10.0): TRIMESH collision created successfully (distance: 11.18, vertices: 8)
[23:15:58] TERRAIN: Chunk created successfully: (5.0, 10.0) at world pos (160.0, 0.0, 320.0) (total chunks: 391)
[23:15:58] TERRAIN: Creating chunk: (-5.0, 10.0) at distance 11.18
[23:15:58] TERRAIN: Chunk (-5.0, 10.0): TRIMESH collision created successfully (distance: 11.18, vertices: 8)
[23:15:58] TERRAIN: Chunk created successfully: (-5.0, 10.0) at world pos (-160.0, 0.0, 320.0) (total chunks: 392)
[23:15:58] TERRAIN: Creating chunk: (5.0, -10.0) at distance 11.18
[23:15:58] TERRAIN: Chunk (5.0, -10.0): TRIMESH collision created successfully (distance: 11.18, vertices: 8)
[23:15:58] TERRAIN: Chunk created successfully: (5.0, -10.0) at world pos (160.0, 0.0, -320.0) (total chunks: 393)
[23:15:58] TERRAIN: Creating chunk: (11.0, 2.0) at distance 11.18
[23:15:58] TERRAIN: Chunk (11.0, 2.0): TRIMESH collision created successfully (distance: 11.18, vertices: 8)
[23:15:58] TERRAIN: Chunk created successfully: (11.0, 2.0) at world pos (352.0, 0.0, 64.0) (total chunks: 394)
[23:15:58] TERRAIN: Creating chunk: (-10.0, 5.0) at distance 11.18
[23:15:58] TERRAIN: Chunk (-10.0, 5.0): TRIMESH collision created successfully (distance: 11.18, vertices: 8)
[23:15:58] TERRAIN: Chunk created successfully: (-10.0, 5.0) at world pos (-320.0, 0.0, 160.0) (total chunks: 395)
[23:15:58] TERRAIN: Creating chunk: (-11.0, -2.0) at distance 11.18
[23:15:58] TERRAIN: Chunk (-11.0, -2.0): TRIMESH collision created successfully (distance: 11.18, vertices: 8)
[23:15:58] TERRAIN: Chunk created successfully: (-11.0, -2.0) at world pos (-352.0, 0.0, -64.0) (total chunks: 396)
[23:15:58] TERRAIN: Creating chunk: (-11.0, 2.0) at distance 11.18
[23:15:58] TERRAIN: Chunk (-11.0, 2.0): TRIMESH collision created successfully (distance: 11.18, vertices: 8)
[23:15:58] TERRAIN: Chunk created successfully: (-11.0, 2.0) at world pos (-352.0, 0.0, 64.0) (total chunks: 397)
[23:15:58] TERRAIN: Creating chunk: (-2.0, 11.0) at distance 11.18
[23:15:58] TERRAIN: Chunk (-2.0, 11.0): TRIMESH collision created successfully (distance: 11.18, vertices: 8)
[23:15:58] TERRAIN: Chunk created successfully: (-2.0, 11.0) at world pos (-64.0, 0.0, 352.0) (total chunks: 398)
[23:15:58] TERRAIN: Creating chunk: (-10.0, -5.0) at distance 11.18
[23:15:58] TERRAIN: Chunk (-10.0, -5.0): TRIMESH collision created successfully (distance: 11.18, vertices: 8)
[23:15:58] TERRAIN: Chunk created successfully: (-10.0, -5.0) at world pos (-320.0, 0.0, -160.0) (total chunks: 399)
[23:15:58] TERRAIN: Creating chunk: (10.0, 5.0) at distance 11.18
[23:15:58] TERRAIN: Chunk (10.0, 5.0): TRIMESH collision created successfully (distance: 11.18, vertices: 8)
[23:15:58] TERRAIN: Chunk created successfully: (10.0, 5.0) at world pos (320.0, 0.0, 160.0) (total chunks: 400)
[23:15:58] TERRAIN: Creating chunk: (-2.0, -11.0) at distance 11.18
[23:15:58] TERRAIN: Chunk (-2.0, -11.0): TRIMESH collision created successfully (distance: 11.18, vertices: 8)
[23:15:58] TERRAIN: Chunk created successfully: (-2.0, -11.0) at world pos (-64.0, 0.0, -352.0) (total chunks: 401)
[23:15:58] TERRAIN: Creating chunk: (8.0, -8.0) at distance 11.31
[23:15:58] TERRAIN: Chunk (8.0, -8.0): TRIMESH collision created successfully (distance: 11.31, vertices: 8)
[23:15:58] TERRAIN: Chunk created successfully: (8.0, -8.0) at world pos (256.0, 0.0, -256.0) (total chunks: 402)
[23:15:58] TERRAIN: Creating chunk: (8.0, 8.0) at distance 11.31
[23:15:58] TERRAIN: Chunk (8.0, 8.0): TRIMESH collision created successfully (distance: 11.31, vertices: 8)
[23:15:58] TERRAIN: Chunk created successfully: (8.0, 8.0) at world pos (256.0, 0.0, 256.0) (total chunks: 403)
[23:15:58] TERRAIN: Creating chunk: (-8.0, 8.0) at distance 11.31
[23:15:58] TERRAIN: Chunk (-8.0, 8.0): TRIMESH collision created successfully (distance: 11.31, vertices: 8)
[23:15:58] TERRAIN: Chunk created successfully: (-8.0, 8.0) at world pos (-256.0, 0.0, 256.0) (total chunks: 404)
[23:15:58] TERRAIN: Creating chunk: (-8.0, -8.0) at distance 11.31
[23:15:58] TERRAIN: Chunk (-8.0, -8.0): TRIMESH collision created successfully (distance: 11.31, vertices: 8)
[23:15:58] TERRAIN: Chunk created successfully: (-8.0, -8.0) at world pos (-256.0, 0.0, -256.0) (total chunks: 405)
[23:15:58] TERRAIN: Creating chunk: (7.0, -9.0) at distance 11.40
[23:15:58] TERRAIN: Chunk (7.0, -9.0): TRIMESH collision created successfully (distance: 11.40, vertices: 8)
[23:15:58] TERRAIN: Chunk created successfully: (7.0, -9.0) at world pos (224.0, 0.0, -288.0) (total chunks: 406)
[23:15:58] TERRAIN: Creating chunk: (-7.0, 9.0) at distance 11.40
[23:15:58] TERRAIN: Chunk (-7.0, 9.0): TRIMESH collision created successfully (distance: 11.40, vertices: 8)
[23:15:58] TERRAIN: Chunk created successfully: (-7.0, 9.0) at world pos (-224.0, 0.0, 288.0) (total chunks: 407)
[23:15:58] TERRAIN: Creating chunk: (9.0, -7.0) at distance 11.40
[23:15:58] TERRAIN: Chunk (9.0, -7.0): TRIMESH collision created successfully (distance: 11.40, vertices: 8)
[23:15:58] TERRAIN: Chunk created successfully: (9.0, -7.0) at world pos (288.0, 0.0, -224.0) (total chunks: 408)
[23:15:58] TERRAIN: Creating chunk: (-7.0, -9.0) at distance 11.40
[23:15:58] TERRAIN: Chunk (-7.0, -9.0): TRIMESH collision created successfully (distance: 11.40, vertices: 8)
[23:15:58] TERRAIN: Chunk created successfully: (-7.0, -9.0) at world pos (-224.0, 0.0, -288.0) (total chunks: 409)
[23:15:58] TERRAIN: Creating chunk: (3.0, 11.0) at distance 11.40
[23:15:58] TERRAIN: Chunk (3.0, 11.0): TRIMESH collision created successfully (distance: 11.40, vertices: 8)
[23:15:58] TERRAIN: Chunk created successfully: (3.0, 11.0) at world pos (96.0, 0.0, 352.0) (total chunks: 410)
[23:15:58] TERRAIN: Creating chunk: (9.0, 7.0) at distance 11.40
[23:15:58] TERRAIN: Chunk (9.0, 7.0): TRIMESH collision created successfully (distance: 11.40, vertices: 8)
[23:15:58] TERRAIN: Chunk created successfully: (9.0, 7.0) at world pos (288.0, 0.0, 224.0) (total chunks: 411)
[23:15:58] TERRAIN: Creating chunk: (11.0, 3.0) at distance 11.40
[23:15:58] TERRAIN: Chunk (11.0, 3.0): TRIMESH collision created successfully (distance: 11.40, vertices: 8)
[23:15:58] TERRAIN: Chunk created successfully: (11.0, 3.0) at world pos (352.0, 0.0, 96.0) (total chunks: 412)
[23:15:58] TERRAIN: Creating chunk: (3.0, -11.0) at distance 11.40
[23:15:58] TERRAIN: Chunk (3.0, -11.0): TRIMESH collision created successfully (distance: 11.40, vertices: 8)
[23:15:58] TERRAIN: Chunk created successfully: (3.0, -11.0) at world pos (96.0, 0.0, -352.0) (total chunks: 413)
[23:15:58] TERRAIN: Creating chunk: (-3.0, 11.0) at distance 11.40
[23:15:58] TERRAIN: Chunk (-3.0, 11.0): TRIMESH collision created successfully (distance: 11.40, vertices: 8)
[23:15:58] TERRAIN: Chunk created successfully: (-3.0, 11.0) at world pos (-96.0, 0.0, 352.0) (total chunks: 414)
[23:15:58] TERRAIN: Creating chunk: (-9.0, 7.0) at distance 11.40
[23:15:58] TERRAIN: Chunk (-9.0, 7.0): TRIMESH collision created successfully (distance: 11.40, vertices: 8)
[23:15:58] TERRAIN: Chunk created successfully: (-9.0, 7.0) at world pos (-288.0, 0.0, 224.0) (total chunks: 415)
[23:15:58] TERRAIN: Creating chunk: (-11.0, -3.0) at distance 11.40
[23:15:58] TERRAIN: Chunk (-11.0, -3.0): TRIMESH collision created successfully (distance: 11.40, vertices: 8)
[23:15:58] TERRAIN: Chunk created successfully: (-11.0, -3.0) at world pos (-352.0, 0.0, -96.0) (total chunks: 416)
[23:15:58] TERRAIN: Creating chunk: (-11.0, 3.0) at distance 11.40
[23:15:58] TERRAIN: Chunk (-11.0, 3.0): TRIMESH collision created successfully (distance: 11.40, vertices: 8)
[23:15:58] TERRAIN: Chunk created successfully: (-11.0, 3.0) at world pos (-352.0, 0.0, 96.0) (total chunks: 417)
[23:15:58] TERRAIN: Creating chunk: (11.0, -3.0) at distance 11.40
[23:15:58] TERRAIN: Chunk (11.0, -3.0): TRIMESH collision created successfully (distance: 11.40, vertices: 8)
[23:15:58] TERRAIN: Chunk created successfully: (11.0, -3.0) at world pos (352.0, 0.0, -96.0) (total chunks: 418)
[23:15:58] TERRAIN: Creating chunk: (-9.0, -7.0) at distance 11.40
[23:15:58] TERRAIN: Chunk (-9.0, -7.0): TRIMESH collision created successfully (distance: 11.40, vertices: 8)
[23:15:58] TERRAIN: Chunk created successfully: (-9.0, -7.0) at world pos (-288.0, 0.0, -224.0) (total chunks: 419)
[23:15:58] TERRAIN: Creating chunk: (7.0, 9.0) at distance 11.40
[23:15:58] TERRAIN: Chunk (7.0, 9.0): TRIMESH collision created successfully (distance: 11.40, vertices: 8)
[23:15:58] TERRAIN: Chunk created successfully: (7.0, 9.0) at world pos (224.0, 0.0, 288.0) (total chunks: 420)
[23:15:58] TERRAIN: Creating chunk: (-3.0, -11.0) at distance 11.40
[23:15:58] TERRAIN: Chunk (-3.0, -11.0): TRIMESH collision created successfully (distance: 11.40, vertices: 8)
[23:15:58] TERRAIN: Chunk created successfully: (-3.0, -11.0) at world pos (-96.0, 0.0, -352.0) (total chunks: 421)
[23:15:58] TERRAIN: Creating chunk: (6.0, -10.0) at distance 11.66
[23:15:58] TERRAIN: Chunk (6.0, -10.0): TRIMESH collision created successfully (distance: 11.66, vertices: 8)
[23:15:58] TERRAIN: Chunk created successfully: (6.0, -10.0) at world pos (192.0, 0.0, -320.0) (total chunks: 422)
[23:15:58] TERRAIN: Creating chunk: (-6.0, -10.0) at distance 11.66
[23:15:58] TERRAIN: Chunk (-6.0, -10.0): TRIMESH collision created successfully (distance: 11.66, vertices: 8)
[23:15:58] TERRAIN: Chunk created successfully: (-6.0, -10.0) at world pos (-192.0, 0.0, -320.0) (total chunks: 423)
[23:15:58] TERRAIN: Creating chunk: (-10.0, -6.0) at distance 11.66
[23:15:58] TERRAIN: Chunk (-10.0, -6.0): TRIMESH collision created successfully (distance: 11.66, vertices: 8)
[23:15:58] TERRAIN: Chunk created successfully: (-10.0, -6.0) at world pos (-320.0, 0.0, -192.0) (total chunks: 424)
[23:15:58] TERRAIN: Creating chunk: (-10.0, 6.0) at distance 11.66
[23:15:58] TERRAIN: Chunk (-10.0, 6.0): TRIMESH collision created successfully (distance: 11.66, vertices: 8)
[23:15:58] TERRAIN: Chunk created successfully: (-10.0, 6.0) at world pos (-320.0, 0.0, 192.0) (total chunks: 425)
[23:15:58] TERRAIN: Creating chunk: (6.0, 10.0) at distance 11.66
[23:15:58] TERRAIN: Chunk (6.0, 10.0): TRIMESH collision created successfully (distance: 11.66, vertices: 8)
[23:15:58] TERRAIN: Chunk created successfully: (6.0, 10.0) at world pos (192.0, 0.0, 320.0) (total chunks: 426)
[23:15:58] TERRAIN: Creating chunk: (-6.0, 10.0) at distance 11.66
[23:15:58] TERRAIN: Chunk (-6.0, 10.0): TRIMESH collision created successfully (distance: 11.66, vertices: 8)
[23:15:58] TERRAIN: Chunk created successfully: (-6.0, 10.0) at world pos (-192.0, 0.0, 320.0) (total chunks: 427)
[23:15:58] TERRAIN: Creating chunk: (10.0, 6.0) at distance 11.66
[23:15:58] TERRAIN: Chunk (10.0, 6.0): TRIMESH collision created successfully (distance: 11.66, vertices: 8)
[23:15:58] TERRAIN: Chunk created successfully: (10.0, 6.0) at world pos (320.0, 0.0, 192.0) (total chunks: 428)
[23:15:58] TERRAIN: Creating chunk: (10.0, -6.0) at distance 11.66
[23:15:58] TERRAIN: Chunk (10.0, -6.0): TRIMESH collision created successfully (distance: 11.66, vertices: 8)
[23:15:58] TERRAIN: Chunk created successfully: (10.0, -6.0) at world pos (320.0, 0.0, -192.0) (total chunks: 429)
[23:15:58] TERRAIN: Creating chunk: (11.0, 4.0) at distance 11.70
[23:15:58] TERRAIN: Chunk (11.0, 4.0): TRIMESH collision created successfully (distance: 11.70, vertices: 8)
[23:15:58] TERRAIN: Chunk created successfully: (11.0, 4.0) at world pos (352.0, 0.0, 128.0) (total chunks: 430)
[23:15:58] TERRAIN: Creating chunk: (11.0, -4.0) at distance 11.70
[23:15:58] TERRAIN: Chunk (11.0, -4.0): TRIMESH collision created successfully (distance: 11.70, vertices: 8)
[23:15:58] TERRAIN: Chunk created successfully: (11.0, -4.0) at world pos (352.0, 0.0, -128.0) (total chunks: 431)
[23:15:58] TERRAIN: Creating chunk: (-4.0, -11.0) at distance 11.70
[23:15:58] TERRAIN: Chunk (-4.0, -11.0): TRIMESH collision created successfully (distance: 11.70, vertices: 8)
[23:15:58] TERRAIN: Chunk created successfully: (-4.0, -11.0) at world pos (-128.0, 0.0, -352.0) (total chunks: 432)
[23:15:58] TERRAIN: Creating chunk: (4.0, -11.0) at distance 11.70
[23:15:58] TERRAIN: Chunk (4.0, -11.0): TRIMESH collision created successfully (distance: 11.70, vertices: 8)
[23:15:58] TERRAIN: Chunk created successfully: (4.0, -11.0) at world pos (128.0, 0.0, -352.0) (total chunks: 433)
[23:15:58] TERRAIN: Creating chunk: (-4.0, 11.0) at distance 11.70
[23:15:58] TERRAIN: Chunk (-4.0, 11.0): TRIMESH collision created successfully (distance: 11.70, vertices: 8)
[23:15:58] TERRAIN: Chunk created successfully: (-4.0, 11.0) at world pos (-128.0, 0.0, 352.0) (total chunks: 434)
[23:15:58] TERRAIN: Creating chunk: (4.0, 11.0) at distance 11.70
[23:15:58] TERRAIN: Chunk (4.0, 11.0): TRIMESH collision created successfully (distance: 11.70, vertices: 8)
[23:15:58] TERRAIN: Chunk created successfully: (4.0, 11.0) at world pos (128.0, 0.0, 352.0) (total chunks: 435)
[23:15:58] TERRAIN: Creating chunk: (-11.0, 4.0) at distance 11.70
[23:15:58] TERRAIN: Chunk (-11.0, 4.0): TRIMESH collision created successfully (distance: 11.70, vertices: 8)
[23:15:58] TERRAIN: Chunk created successfully: (-11.0, 4.0) at world pos (-352.0, 0.0, 128.0) (total chunks: 436)
[23:15:58] TERRAIN: Creating chunk: (-11.0, -4.0) at distance 11.70
[23:15:58] TERRAIN: Chunk (-11.0, -4.0): TRIMESH collision created successfully (distance: 11.70, vertices: 8)
[23:15:58] TERRAIN: Chunk created successfully: (-11.0, -4.0) at world pos (-352.0, 0.0, -128.0) (total chunks: 437)
[23:15:58] TERRAIN: Creating chunk: (12.0, 0.0) at distance 12.00
[23:15:58] TERRAIN: Chunk (12.0, 0.0): TRIMESH collision created successfully (distance: 12.00, vertices: 8)
[23:15:58] TERRAIN: Chunk created successfully: (12.0, 0.0) at world pos (384.0, 0.0, 0.0) (total chunks: 438)
[23:15:58] TERRAIN: Creating chunk: (0.0, -12.0) at distance 12.00
[23:15:58] TERRAIN: Chunk (0.0, -12.0): TRIMESH collision created successfully (distance: 12.00, vertices: 8)
[23:15:58] TERRAIN: Chunk created successfully: (0.0, -12.0) at world pos (0.0, 0.0, -384.0) (total chunks: 439)
[23:15:58] TERRAIN: Creating chunk: (-12.0, 0.0) at distance 12.00
[23:15:58] TERRAIN: Chunk (-12.0, 0.0): TRIMESH collision created successfully (distance: 12.00, vertices: 8)
[23:15:58] TERRAIN: Chunk created successfully: (-12.0, 0.0) at world pos (-384.0, 0.0, 0.0) (total chunks: 440)
[23:15:58] TERRAIN: Creating chunk: (0.0, 12.0) at distance 12.00
[23:15:58] TERRAIN: Chunk (0.0, 12.0): TRIMESH collision created successfully (distance: 12.00, vertices: 8)
[23:15:58] TERRAIN: Chunk created successfully: (0.0, 12.0) at world pos (0.0, 0.0, 384.0) (total chunks: 441)
[23:15:58] TERRAIN: Creating chunk: (8.0, -9.0) at distance 12.04
[23:15:58] TERRAIN: Chunk (8.0, -9.0): TRIMESH collision created successfully (distance: 12.04, vertices: 8)
[23:15:58] TERRAIN: Chunk created successfully: (8.0, -9.0) at world pos (256.0, 0.0, -288.0) (total chunks: 442)
[23:15:58] TERRAIN: Creating chunk: (8.0, 9.0) at distance 12.04
[23:15:58] TERRAIN: Chunk (8.0, 9.0): TRIMESH collision created successfully (distance: 12.04, vertices: 8)
[23:15:58] TERRAIN: Chunk created successfully: (8.0, 9.0) at world pos (256.0, 0.0, 288.0) (total chunks: 443)
[23:15:58] TERRAIN: Creating chunk: (-8.0, 9.0) at distance 12.04
[23:15:58] TERRAIN: Chunk (-8.0, 9.0): TRIMESH collision created successfully (distance: 12.04, vertices: 8)
[23:15:58] TERRAIN: Chunk created successfully: (-8.0, 9.0) at world pos (-256.0, 0.0, 288.0) (total chunks: 444)
[23:15:58] TERRAIN: Creating chunk: (9.0, -8.0) at distance 12.04
[23:15:58] TERRAIN: Chunk (9.0, -8.0): TRIMESH collision created successfully (distance: 12.04, vertices: 8)
[23:15:58] TERRAIN: Chunk created successfully: (9.0, -8.0) at world pos (288.0, 0.0, -256.0) (total chunks: 445)
[23:15:58] TERRAIN: Creating chunk: (12.0, 1.0) at distance 12.04
[23:15:58] TERRAIN: Chunk (12.0, 1.0): TRIMESH collision created successfully (distance: 12.04, vertices: 8)
[23:15:58] TERRAIN: Chunk created successfully: (12.0, 1.0) at world pos (384.0, 0.0, 32.0) (total chunks: 446)
[23:15:58] TERRAIN: Creating chunk: (-1.0, 12.0) at distance 12.04
[23:15:58] TERRAIN: Chunk (-1.0, 12.0): TRIMESH collision created successfully (distance: 12.04, vertices: 8)
[23:15:58] TERRAIN: Chunk created successfully: (-1.0, 12.0) at world pos (-32.0, 0.0, 384.0) (total chunks: 447)
[23:15:58] TERRAIN: Creating chunk: (1.0, 12.0) at distance 12.04
[23:15:58] TERRAIN: Chunk (1.0, 12.0): TRIMESH collision created successfully (distance: 12.04, vertices: 8)
[23:15:58] TERRAIN: Chunk created successfully: (1.0, 12.0) at world pos (32.0, 0.0, 384.0) (total chunks: 448)
[23:15:58] TERRAIN: Creating chunk: (-9.0, 8.0) at distance 12.04
[23:15:58] TERRAIN: Chunk (-9.0, 8.0): TRIMESH collision created successfully (distance: 12.04, vertices: 8)
[23:15:58] TERRAIN: Chunk created successfully: (-9.0, 8.0) at world pos (-288.0, 0.0, 256.0) (total chunks: 449)
[23:15:58] TERRAIN: Creating chunk: (1.0, -12.0) at distance 12.04
[23:15:58] TERRAIN: Chunk (1.0, -12.0): TRIMESH collision created successfully (distance: 12.04, vertices: 8)
[23:15:58] TERRAIN: Chunk created successfully: (1.0, -12.0) at world pos (32.0, 0.0, -384.0) (total chunks: 450)
[23:15:58] TERRAIN: Creating chunk: (-8.0, -9.0) at distance 12.04
[23:15:58] TERRAIN: Chunk (-8.0, -9.0): TRIMESH collision created successfully (distance: 12.04, vertices: 8)
[23:15:58] TERRAIN: Chunk created successfully: (-8.0, -9.0) at world pos (-256.0, 0.0, -288.0) (total chunks: 451)
[23:15:58] TERRAIN: Creating chunk: (12.0, -1.0) at distance 12.04
[23:15:58] TERRAIN: Chunk (12.0, -1.0): TRIMESH collision created successfully (distance: 12.04, vertices: 8)
[23:15:58] TERRAIN: Chunk created successfully: (12.0, -1.0) at world pos (384.0, 0.0, -32.0) (total chunks: 452)
[23:15:58] TERRAIN: Creating chunk: (-12.0, 1.0) at distance 12.04
[23:15:58] TERRAIN: Chunk (-12.0, 1.0): TRIMESH collision created successfully (distance: 12.04, vertices: 8)
[23:15:58] TERRAIN: Chunk created successfully: (-12.0, 1.0) at world pos (-384.0, 0.0, 32.0) (total chunks: 453)
[23:15:58] TERRAIN: Creating chunk: (-9.0, -8.0) at distance 12.04
[23:15:58] TERRAIN: Chunk (-9.0, -8.0): TRIMESH collision created successfully (distance: 12.04, vertices: 8)
[23:15:58] TERRAIN: Chunk created successfully: (-9.0, -8.0) at world pos (-288.0, 0.0, -256.0) (total chunks: 454)
[23:15:58] TERRAIN: Creating chunk: (-12.0, -1.0) at distance 12.04
[23:15:58] TERRAIN: Chunk (-12.0, -1.0): TRIMESH collision created successfully (distance: 12.04, vertices: 8)
[23:15:58] TERRAIN: Chunk created successfully: (-12.0, -1.0) at world pos (-384.0, 0.0, -32.0) (total chunks: 455)
[23:15:58] TERRAIN: Creating chunk: (9.0, 8.0) at distance 12.04
[23:15:58] TERRAIN: Chunk (9.0, 8.0): TRIMESH collision created successfully (distance: 12.04, vertices: 8)
[23:15:58] TERRAIN: Chunk created successfully: (9.0, 8.0) at world pos (288.0, 0.0, 256.0) (total chunks: 456)
[23:15:58] TERRAIN: Creating chunk: (-1.0, -12.0) at distance 12.04
[23:15:58] TERRAIN: Chunk (-1.0, -12.0): TRIMESH collision created successfully (distance: 12.04, vertices: 8)
[23:15:58] TERRAIN: Chunk created successfully: (-1.0, -12.0) at world pos (-32.0, 0.0, -384.0) (total chunks: 457)
[23:15:58] TERRAIN: Creating chunk: (5.0, -11.0) at distance 12.08
[23:15:58] TERRAIN: Chunk (5.0, -11.0): TRIMESH collision created successfully (distance: 12.08, vertices: 8)
[23:15:58] TERRAIN: Chunk created successfully: (5.0, -11.0) at world pos (160.0, 0.0, -352.0) (total chunks: 458)
[23:15:58] TERRAIN: Creating chunk: (-5.0, -11.0) at distance 12.08
[23:15:58] TERRAIN: Chunk (-5.0, -11.0): TRIMESH collision created successfully (distance: 12.08, vertices: 8)
[23:15:58] TERRAIN: Chunk created successfully: (-5.0, -11.0) at world pos (-160.0, 0.0, -352.0) (total chunks: 459)
[23:15:58] TERRAIN: Creating chunk: (-5.0, 11.0) at distance 12.08
[23:15:58] TERRAIN: Chunk (-5.0, 11.0): TRIMESH collision created successfully (distance: 12.08, vertices: 8)
[23:15:58] TERRAIN: Chunk created successfully: (-5.0, 11.0) at world pos (-160.0, 0.0, 352.0) (total chunks: 460)
[23:15:58] PLAYER: Pos: (0.0, 0.000485, 0.0) | Chunk: (0.0, 0.0) | TerrainHeight: 0.00 | HeightDiff: 0.00 | OnFloor: true
[23:15:58] TERRAIN: Creating chunk: (11.0, -5.0) at distance 12.08
[23:15:58] TERRAIN: Chunk (11.0, -5.0): TRIMESH collision created successfully (distance: 12.08, vertices: 8)
[23:15:58] TERRAIN: Chunk created successfully: (11.0, -5.0) at world pos (352.0, 0.0, -160.0) (total chunks: 461)
[23:15:58] TERRAIN: Creating chunk: (11.0, 5.0) at distance 12.08
[23:15:58] TERRAIN: Chunk (11.0, 5.0): TRIMESH collision created successfully (distance: 12.08, vertices: 8)
[23:15:58] TERRAIN: Chunk created successfully: (11.0, 5.0) at world pos (352.0, 0.0, 160.0) (total chunks: 462)
[23:15:58] TERRAIN: Creating chunk: (5.0, 11.0) at distance 12.08
[23:15:58] TERRAIN: Chunk (5.0, 11.0): TRIMESH collision created successfully (distance: 12.08, vertices: 8)
[23:15:58] TERRAIN: Chunk created successfully: (5.0, 11.0) at world pos (160.0, 0.0, 352.0) (total chunks: 463)
[23:15:58] TERRAIN: Creating chunk: (-11.0, -5.0) at distance 12.08
[23:15:58] TERRAIN: Chunk (-11.0, -5.0): TRIMESH collision created successfully (distance: 12.08, vertices: 8)
[23:15:58] TERRAIN: Chunk created successfully: (-11.0, -5.0) at world pos (-352.0, 0.0, -160.0) (total chunks: 464)
[23:15:58] TERRAIN: Creating chunk: (-11.0, 5.0) at distance 12.08
[23:15:58] TERRAIN: Chunk (-11.0, 5.0): TRIMESH collision created successfully (distance: 12.08, vertices: 8)
[23:15:58] TERRAIN: Chunk created successfully: (-11.0, 5.0) at world pos (-352.0, 0.0, 160.0) (total chunks: 465)
[23:15:58] TERRAIN: Creating chunk: (12.0, 2.0) at distance 12.17
[23:15:58] TERRAIN: Chunk (12.0, 2.0): TRIMESH collision created successfully (distance: 12.17, vertices: 8)
[23:15:58] TERRAIN: Chunk created successfully: (12.0, 2.0) at world pos (384.0, 0.0, 64.0) (total chunks: 466)
[23:15:58] TERRAIN: Creating chunk: (2.0, 12.0) at distance 12.17
[23:15:58] TERRAIN: Chunk (2.0, 12.0): TRIMESH collision created successfully (distance: 12.17, vertices: 8)
[23:15:58] TERRAIN: Chunk created successfully: (2.0, 12.0) at world pos (64.0, 0.0, 384.0) (total chunks: 467)
[23:15:58] TERRAIN: Creating chunk: (-2.0, 12.0) at distance 12.17
[23:15:58] TERRAIN: Chunk (-2.0, 12.0): TRIMESH collision created successfully (distance: 12.17, vertices: 8)
[23:15:58] TERRAIN: Chunk created successfully: (-2.0, 12.0) at world pos (-64.0, 0.0, 384.0) (total chunks: 468)
[23:15:58] TERRAIN: Creating chunk: (-12.0, 2.0) at distance 12.17
[23:15:58] TERRAIN: Chunk (-12.0, 2.0): TRIMESH collision created successfully (distance: 12.17, vertices: 8)
[23:15:58] TERRAIN: Chunk created successfully: (-12.0, 2.0) at world pos (-384.0, 0.0, 64.0) (total chunks: 469)
[23:15:58] TERRAIN: Creating chunk: (-12.0, -2.0) at distance 12.17
[23:15:58] TERRAIN: Chunk (-12.0, -2.0): TRIMESH collision created successfully (distance: 12.17, vertices: 8)
[23:15:58] TERRAIN: Chunk created successfully: (-12.0, -2.0) at world pos (-384.0, 0.0, -64.0) (total chunks: 470)
[23:15:58] TERRAIN: Creating chunk: (12.0, -2.0) at distance 12.17
[23:15:58] TERRAIN: Chunk (12.0, -2.0): TRIMESH collision created successfully (distance: 12.17, vertices: 8)
[23:15:58] TERRAIN: Chunk created successfully: (12.0, -2.0) at world pos (384.0, 0.0, -64.0) (total chunks: 471)
[23:15:58] TERRAIN: Creating chunk: (2.0, -12.0) at distance 12.17
[23:15:58] TERRAIN: Chunk (2.0, -12.0): TRIMESH collision created successfully (distance: 12.17, vertices: 8)
[23:15:58] TERRAIN: Chunk created successfully: (2.0, -12.0) at world pos (64.0, 0.0, -384.0) (total chunks: 472)
[23:15:58] TERRAIN: Creating chunk: (-2.0, -12.0) at distance 12.17
[23:15:58] TERRAIN: Chunk (-2.0, -12.0): TRIMESH collision created successfully (distance: 12.17, vertices: 8)
[23:15:58] TERRAIN: Chunk created successfully: (-2.0, -12.0) at world pos (-64.0, 0.0, -384.0) (total chunks: 473)
[23:15:58] TERRAIN: Creating chunk: (10.0, -7.0) at distance 12.21
[23:15:58] TERRAIN: Chunk (10.0, -7.0): TRIMESH collision created successfully (distance: 12.21, vertices: 8)
[23:15:58] TERRAIN: Chunk created successfully: (10.0, -7.0) at world pos (320.0, 0.0, -224.0) (total chunks: 474)
[23:15:58] TERRAIN: Creating chunk: (7.0, 10.0) at distance 12.21
[23:15:58] TERRAIN: Chunk (7.0, 10.0): TRIMESH collision created successfully (distance: 12.21, vertices: 8)
[23:15:58] TERRAIN: Chunk created successfully: (7.0, 10.0) at world pos (224.0, 0.0, 320.0) (total chunks: 475)
[23:15:58] TERRAIN: Creating chunk: (10.0, 7.0) at distance 12.21
[23:15:58] TERRAIN: Chunk (10.0, 7.0): TRIMESH collision created successfully (distance: 12.21, vertices: 8)
[23:15:58] TERRAIN: Chunk created successfully: (10.0, 7.0) at world pos (320.0, 0.0, 224.0) (total chunks: 476)
[23:15:58] TERRAIN: Creating chunk: (7.0, -10.0) at distance 12.21
[23:15:58] TERRAIN: Chunk (7.0, -10.0): TRIMESH collision created successfully (distance: 12.21, vertices: 8)
[23:15:58] TERRAIN: Chunk created successfully: (7.0, -10.0) at world pos (224.0, 0.0, -320.0) (total chunks: 477)
[23:15:58] TERRAIN: Creating chunk: (-7.0, -10.0) at distance 12.21
[23:15:58] TERRAIN: Chunk (-7.0, -10.0): TRIMESH collision created successfully (distance: 12.21, vertices: 8)
[23:15:58] TERRAIN: Chunk created successfully: (-7.0, -10.0) at world pos (-224.0, 0.0, -320.0) (total chunks: 478)
[23:15:58] TERRAIN: Creating chunk: (-7.0, 10.0) at distance 12.21
[23:15:58] TERRAIN: Chunk (-7.0, 10.0): TRIMESH collision created successfully (distance: 12.21, vertices: 8)
[23:15:58] TERRAIN: Chunk created successfully: (-7.0, 10.0) at world pos (-224.0, 0.0, 320.0) (total chunks: 479)
[23:15:58] TERRAIN: Creating chunk: (-10.0, 7.0) at distance 12.21
[23:15:58] TERRAIN: Chunk (-10.0, 7.0): TRIMESH collision created successfully (distance: 12.21, vertices: 8)
[23:15:58] TERRAIN: Chunk created successfully: (-10.0, 7.0) at world pos (-320.0, 0.0, 224.0) (total chunks: 480)
[23:15:58] TERRAIN: Creating chunk: (-10.0, -7.0) at distance 12.21
[23:15:58] TERRAIN: Chunk (-10.0, -7.0): TRIMESH collision created successfully (distance: 12.21, vertices: 8)
[23:15:58] TERRAIN: Chunk created successfully: (-10.0, -7.0) at world pos (-320.0, 0.0, -224.0) (total chunks: 481)
[23:15:58] TERRAIN: Creating chunk: (12.0, -3.0) at distance 12.37
[23:15:58] TERRAIN: Chunk (12.0, -3.0): TRIMESH collision created successfully (distance: 12.37, vertices: 8)
[23:15:58] TERRAIN: Chunk created successfully: (12.0, -3.0) at world pos (384.0, 0.0, -96.0) (total chunks: 482)
[23:15:58] TERRAIN: Creating chunk: (-3.0, 12.0) at distance 12.37
[23:15:58] TERRAIN: Chunk (-3.0, 12.0): TRIMESH collision created successfully (distance: 12.37, vertices: 8)
[23:15:58] TERRAIN: Chunk created successfully: (-3.0, 12.0) at world pos (-96.0, 0.0, 384.0) (total chunks: 483)
[23:15:58] TERRAIN: Creating chunk: (12.0, 3.0) at distance 12.37
[23:15:58] TERRAIN: Chunk (12.0, 3.0): TRIMESH collision created successfully (distance: 12.37, vertices: 8)
[23:15:58] TERRAIN: Chunk created successfully: (12.0, 3.0) at world pos (384.0, 0.0, 96.0) (total chunks: 484)
[23:15:58] TERRAIN: Creating chunk: (-3.0, -12.0) at distance 12.37
[23:15:58] TERRAIN: Chunk (-3.0, -12.0): TRIMESH collision created successfully (distance: 12.37, vertices: 8)
[23:15:58] TERRAIN: Chunk created successfully: (-3.0, -12.0) at world pos (-96.0, 0.0, -384.0) (total chunks: 485)
[23:15:58] TERRAIN: Creating chunk: (-12.0, 3.0) at distance 12.37
[23:15:58] TERRAIN: Chunk (-12.0, 3.0): TRIMESH collision created successfully (distance: 12.37, vertices: 8)
[23:15:58] TERRAIN: Chunk created successfully: (-12.0, 3.0) at world pos (-384.0, 0.0, 96.0) (total chunks: 486)
[23:15:58] TERRAIN: Creating chunk: (3.0, -12.0) at distance 12.37
[23:15:58] TERRAIN: Chunk (3.0, -12.0): TRIMESH collision created successfully (distance: 12.37, vertices: 8)
[23:15:58] TERRAIN: Chunk created successfully: (3.0, -12.0) at world pos (96.0, 0.0, -384.0) (total chunks: 487)
[23:15:58] TERRAIN: Creating chunk: (3.0, 12.0) at distance 12.37
[23:15:58] TERRAIN: Chunk (3.0, 12.0): TRIMESH collision created successfully (distance: 12.37, vertices: 8)
[23:15:58] TERRAIN: Chunk created successfully: (3.0, 12.0) at world pos (96.0, 0.0, 384.0) (total chunks: 488)
[23:15:58] TERRAIN: Creating chunk: (-12.0, -3.0) at distance 12.37
[23:15:58] TERRAIN: Chunk (-12.0, -3.0): TRIMESH collision created successfully (distance: 12.37, vertices: 8)
[23:15:58] TERRAIN: Chunk created successfully: (-12.0, -3.0) at world pos (-384.0, 0.0, -96.0) (total chunks: 489)
[23:15:58] TERRAIN: Creating chunk: (-11.0, 6.0) at distance 12.53
[23:15:58] TERRAIN: Chunk (-11.0, 6.0): TRIMESH collision created successfully (distance: 12.53, vertices: 8)
[23:15:58] TERRAIN: Chunk created successfully: (-11.0, 6.0) at world pos (-352.0, 0.0, 192.0) (total chunks: 490)
[23:15:58] TERRAIN: Creating chunk: (-6.0, -11.0) at distance 12.53
[23:15:58] TERRAIN: Chunk (-6.0, -11.0): TRIMESH collision created successfully (distance: 12.53, vertices: 8)
[23:15:58] TERRAIN: Chunk created successfully: (-6.0, -11.0) at world pos (-192.0, 0.0, -352.0) (total chunks: 491)
[23:15:58] TERRAIN: Creating chunk: (-11.0, -6.0) at distance 12.53
[23:15:58] TERRAIN: Chunk (-11.0, -6.0): TRIMESH collision created successfully (distance: 12.53, vertices: 8)
[23:15:58] TERRAIN: Chunk created successfully: (-11.0, -6.0) at world pos (-352.0, 0.0, -192.0) (total chunks: 492)
[23:15:59] TERRAIN: Creating chunk: (-6.0, 11.0) at distance 12.53
[23:15:59] TERRAIN: Chunk (-6.0, 11.0): TRIMESH collision created successfully (distance: 12.53, vertices: 8)
[23:15:59] TERRAIN: Chunk created successfully: (-6.0, 11.0) at world pos (-192.0, 0.0, 352.0) (total chunks: 493)
[23:15:59] TERRAIN: Creating chunk: (6.0, -11.0) at distance 12.53
[23:15:59] TERRAIN: Chunk (6.0, -11.0): TRIMESH collision created successfully (distance: 12.53, vertices: 8)
[23:15:59] TERRAIN: Chunk created successfully: (6.0, -11.0) at world pos (192.0, 0.0, -352.0) (total chunks: 494)
[23:15:59] TERRAIN: Creating chunk: (6.0, 11.0) at distance 12.53
[23:15:59] TERRAIN: Chunk (6.0, 11.0): TRIMESH collision created successfully (distance: 12.53, vertices: 8)
[23:15:59] TERRAIN: Chunk created successfully: (6.0, 11.0) at world pos (192.0, 0.0, 352.0) (total chunks: 495)
[23:15:59] TERRAIN: Creating chunk: (11.0, 6.0) at distance 12.53
[23:15:59] TERRAIN: Chunk (11.0, 6.0): TRIMESH collision created successfully (distance: 12.53, vertices: 8)
[23:15:59] TERRAIN: Chunk created successfully: (11.0, 6.0) at world pos (352.0, 0.0, 192.0) (total chunks: 496)
[23:15:59] TERRAIN: Creating chunk: (11.0, -6.0) at distance 12.53
[23:15:59] TERRAIN: Chunk (11.0, -6.0): TRIMESH collision created successfully (distance: 12.53, vertices: 8)
[23:15:59] TERRAIN: Chunk created successfully: (11.0, -6.0) at world pos (352.0, 0.0, -192.0) (total chunks: 497)
[23:15:59] TERRAIN: Creating chunk: (12.0, -4.0) at distance 12.65
[23:15:59] TERRAIN: Chunk (12.0, -4.0): TRIMESH collision created successfully (distance: 12.65, vertices: 8)
[23:15:59] TERRAIN: Chunk created successfully: (12.0, -4.0) at world pos (384.0, 0.0, -128.0) (total chunks: 498)
[23:15:59] TERRAIN: Creating chunk: (4.0, 12.0) at distance 12.65
[23:15:59] TERRAIN: Chunk (4.0, 12.0): TRIMESH collision created successfully (distance: 12.65, vertices: 8)
[23:15:59] TERRAIN: Chunk created successfully: (4.0, 12.0) at world pos (128.0, 0.0, 384.0) (total chunks: 499)
[23:15:59] TERRAIN: Creating chunk: (-12.0, 4.0) at distance 12.65
[23:15:59] TERRAIN: Chunk (-12.0, 4.0): TRIMESH collision created successfully (distance: 12.65, vertices: 8)
[23:15:59] TERRAIN: Chunk created successfully: (-12.0, 4.0) at world pos (-384.0, 0.0, 128.0) (total chunks: 500)
[23:15:59] TERRAIN: Creating chunk: (-4.0, 12.0) at distance 12.65
[23:15:59] TERRAIN: Chunk (-4.0, 12.0): TRIMESH collision created successfully (distance: 12.65, vertices: 8)
[23:15:59] TERRAIN: Chunk created successfully: (-4.0, 12.0) at world pos (-128.0, 0.0, 384.0) (total chunks: 501)
[23:15:59] TERRAIN: Creating chunk: (4.0, -12.0) at distance 12.65
[23:15:59] TERRAIN: Chunk (4.0, -12.0): TRIMESH collision created successfully (distance: 12.65, vertices: 8)
[23:15:59] TERRAIN: Chunk created successfully: (4.0, -12.0) at world pos (128.0, 0.0, -384.0) (total chunks: 502)
[23:15:59] TERRAIN: Creating chunk: (-4.0, -12.0) at distance 12.65
[23:15:59] TERRAIN: Chunk (-4.0, -12.0): TRIMESH collision created successfully (distance: 12.65, vertices: 8)
[23:15:59] TERRAIN: Chunk created successfully: (-4.0, -12.0) at world pos (-128.0, 0.0, -384.0) (total chunks: 503)
[23:15:59] TERRAIN: Creating chunk: (-12.0, -4.0) at distance 12.65
[23:15:59] TERRAIN: Chunk (-12.0, -4.0): TRIMESH collision created successfully (distance: 12.65, vertices: 8)
[23:15:59] TERRAIN: Chunk created successfully: (-12.0, -4.0) at world pos (-384.0, 0.0, -128.0) (total chunks: 504)
[23:15:59] TERRAIN: Creating chunk: (12.0, 4.0) at distance 12.65
[23:15:59] TERRAIN: Chunk (12.0, 4.0): TRIMESH collision created successfully (distance: 12.65, vertices: 8)
[23:15:59] TERRAIN: Chunk created successfully: (12.0, 4.0) at world pos (384.0, 0.0, 128.0) (total chunks: 505)
[23:15:59] TERRAIN: Creating chunk: (9.0, -9.0) at distance 12.73
[23:15:59] TERRAIN: Chunk (9.0, -9.0): TRIMESH collision created successfully (distance: 12.73, vertices: 8)
[23:15:59] TERRAIN: Chunk created successfully: (9.0, -9.0) at world pos (288.0, 0.0, -288.0) (total chunks: 506)
[23:15:59] TERRAIN: Creating chunk: (9.0, 9.0) at distance 12.73
[23:15:59] TERRAIN: Chunk (9.0, 9.0): TRIMESH collision created successfully (distance: 12.73, vertices: 8)
[23:15:59] TERRAIN: Chunk created successfully: (9.0, 9.0) at world pos (288.0, 0.0, 288.0) (total chunks: 507)
[23:15:59] TERRAIN: Creating chunk: (-9.0, 9.0) at distance 12.73
[23:15:59] TERRAIN: Chunk (-9.0, 9.0): TRIMESH collision created successfully (distance: 12.73, vertices: 8)
[23:15:59] TERRAIN: Chunk created successfully: (-9.0, 9.0) at world pos (-288.0, 0.0, 288.0) (total chunks: 508)
[23:15:59] TERRAIN: Creating chunk: (-9.0, -9.0) at distance 12.73
[23:15:59] TERRAIN: Chunk (-9.0, -9.0): TRIMESH collision created successfully (distance: 12.73, vertices: 8)
[23:15:59] TERRAIN: Chunk created successfully: (-9.0, -9.0) at world pos (-288.0, 0.0, -288.0) (total chunks: 509)
[23:15:59] TERRAIN: Creating chunk: (10.0, -8.0) at distance 12.81
[23:15:59] TERRAIN: Chunk (10.0, -8.0): TRIMESH collision created successfully (distance: 12.81, vertices: 8)
[23:15:59] TERRAIN: Chunk created successfully: (10.0, -8.0) at world pos (320.0, 0.0, -256.0) (total chunks: 510)
[23:15:59] TERRAIN: Creating chunk: (-8.0, 10.0) at distance 12.81
[23:15:59] TERRAIN: Chunk (-8.0, 10.0): TRIMESH collision created successfully (distance: 12.81, vertices: 8)
[23:15:59] TERRAIN: Chunk created successfully: (-8.0, 10.0) at world pos (-256.0, 0.0, 320.0) (total chunks: 511)
[23:15:59] TERRAIN: Creating chunk: (-8.0, -10.0) at distance 12.81
[23:15:59] TERRAIN: Chunk (-8.0, -10.0): TRIMESH collision created successfully (distance: 12.81, vertices: 8)
[23:15:59] TERRAIN: Chunk created successfully: (-8.0, -10.0) at world pos (-256.0, 0.0, -320.0) (total chunks: 512)
[23:15:59] TERRAIN: Creating chunk: (-10.0, 8.0) at distance 12.81
[23:15:59] TERRAIN: Chunk (-10.0, 8.0): TRIMESH collision created successfully (distance: 12.81, vertices: 8)
[23:15:59] TERRAIN: Chunk created successfully: (-10.0, 8.0) at world pos (-320.0, 0.0, 256.0) (total chunks: 513)
[23:15:59] TERRAIN: Creating chunk: (-10.0, -8.0) at distance 12.81
[23:15:59] TERRAIN: Chunk (-10.0, -8.0): TRIMESH collision created successfully (distance: 12.81, vertices: 8)
[23:15:59] TERRAIN: Chunk created successfully: (-10.0, -8.0) at world pos (-320.0, 0.0, -256.0) (total chunks: 514)
[23:15:59] TERRAIN: Creating chunk: (10.0, 8.0) at distance 12.81
[23:15:59] TERRAIN: Chunk (10.0, 8.0): TRIMESH collision created successfully (distance: 12.81, vertices: 8)
[23:15:59] TERRAIN: Chunk created successfully: (10.0, 8.0) at world pos (320.0, 0.0, 256.0) (total chunks: 515)
[23:15:59] TERRAIN: Creating chunk: (8.0, -10.0) at distance 12.81
[23:15:59] TERRAIN: Chunk (8.0, -10.0): TRIMESH collision created successfully (distance: 12.81, vertices: 8)
[23:15:59] TERRAIN: Chunk created successfully: (8.0, -10.0) at world pos (256.0, 0.0, -320.0) (total chunks: 516)
[23:15:59] TERRAIN: Creating chunk: (8.0, 10.0) at distance 12.81
[23:15:59] TERRAIN: Chunk (8.0, 10.0): TRIMESH collision created successfully (distance: 12.81, vertices: 8)
[23:15:59] TERRAIN: Chunk created successfully: (8.0, 10.0) at world pos (256.0, 0.0, 320.0) (total chunks: 517)
[23:15:59] TERRAIN: Creating chunk: (-12.0, 5.0) at distance 13.00
[23:15:59] TERRAIN: Chunk (-12.0, 5.0): TRIMESH collision created successfully (distance: 13.00, vertices: 8)
[23:15:59] TERRAIN: Chunk created successfully: (-12.0, 5.0) at world pos (-384.0, 0.0, 160.0) (total chunks: 518)
[23:15:59] TERRAIN: Creating chunk: (-12.0, -5.0) at distance 13.00
[23:15:59] TERRAIN: Chunk (-12.0, -5.0): TRIMESH collision created successfully (distance: 13.00, vertices: 8)
[23:15:59] TERRAIN: Chunk created successfully: (-12.0, -5.0) at world pos (-384.0, 0.0, -160.0) (total chunks: 519)
[23:15:59] TERRAIN: Creating chunk: (-13.0, 0.0) at distance 13.00
[23:15:59] TERRAIN: Chunk (-13.0, 0.0): TRIMESH collision created successfully (distance: 13.00, vertices: 8)
[23:15:59] TERRAIN: Chunk created successfully: (-13.0, 0.0) at world pos (-416.0, 0.0, 0.0) (total chunks: 520)
[23:15:59] TERRAIN: Creating chunk: (12.0, 5.0) at distance 13.00
[23:15:59] TERRAIN: Chunk (12.0, 5.0): TRIMESH collision created successfully (distance: 13.00, vertices: 8)
[23:15:59] TERRAIN: Chunk created successfully: (12.0, 5.0) at world pos (384.0, 0.0, 160.0) (total chunks: 521)
[23:15:59] TERRAIN: Creating chunk: (13.0, 0.0) at distance 13.00
[23:15:59] TERRAIN: Chunk (13.0, 0.0): TRIMESH collision created successfully (distance: 13.00, vertices: 8)
[23:15:59] TERRAIN: Chunk created successfully: (13.0, 0.0) at world pos (416.0, 0.0, 0.0) (total chunks: 522)
[23:15:59] TERRAIN: Creating chunk: (-5.0, -12.0) at distance 13.00
[23:15:59] TERRAIN: Chunk (-5.0, -12.0): TRIMESH collision created successfully (distance: 13.00, vertices: 8)
[23:15:59] TERRAIN: Chunk created successfully: (-5.0, -12.0) at world pos (-160.0, 0.0, -384.0) (total chunks: 523)
[23:15:59] TERRAIN: Creating chunk: (-5.0, 12.0) at distance 13.00
[23:15:59] TERRAIN: Chunk (-5.0, 12.0): TRIMESH collision created successfully (distance: 13.00, vertices: 8)
[23:15:59] TERRAIN: Chunk created successfully: (-5.0, 12.0) at world pos (-160.0, 0.0, 384.0) (total chunks: 524)
[23:15:59] TERRAIN: Creating chunk: (12.0, -5.0) at distance 13.00
[23:15:59] TERRAIN: Chunk (12.0, -5.0): TRIMESH collision created successfully (distance: 13.00, vertices: 8)
[23:15:59] TERRAIN: Chunk created successfully: (12.0, -5.0) at world pos (384.0, 0.0, -160.0) (total chunks: 525)
[23:15:59] TERRAIN: Creating chunk: (5.0, 12.0) at distance 13.00
[23:15:59] TERRAIN: Chunk (5.0, 12.0): TRIMESH collision created successfully (distance: 13.00, vertices: 8)
[23:15:59] TERRAIN: Chunk created successfully: (5.0, 12.0) at world pos (160.0, 0.0, 384.0) (total chunks: 526)
[23:15:59] TERRAIN: Creating chunk: (0.0, 13.0) at distance 13.00
[23:15:59] TERRAIN: Chunk (0.0, 13.0): TRIMESH collision created successfully (distance: 13.00, vertices: 8)
[23:15:59] TERRAIN: Chunk created successfully: (0.0, 13.0) at world pos (0.0, 0.0, 416.0) (total chunks: 527)
[23:15:59] TERRAIN: Creating chunk: (0.0, -13.0) at distance 13.00
[23:15:59] TERRAIN: Chunk (0.0, -13.0): TRIMESH collision created successfully (distance: 13.00, vertices: 8)
[23:15:59] TERRAIN: Chunk created successfully: (0.0, -13.0) at world pos (0.0, 0.0, -416.0) (total chunks: 528)
[23:15:59] TERRAIN: Creating chunk: (5.0, -12.0) at distance 13.00
[23:15:59] TERRAIN: Chunk (5.0, -12.0): TRIMESH collision created successfully (distance: 13.00, vertices: 8)
[23:15:59] TERRAIN: Chunk created successfully: (5.0, -12.0) at world pos (160.0, 0.0, -384.0) (total chunks: 529)
[23:15:59] TERRAIN: Creating chunk: (-11.0, 7.0) at distance 13.04
[23:15:59] TERRAIN: Chunk (-11.0, 7.0): TRIMESH collision created successfully (distance: 13.04, vertices: 8)
[23:15:59] TERRAIN: Chunk created successfully: (-11.0, 7.0) at world pos (-352.0, 0.0, 224.0) (total chunks: 530)
[23:15:59] TERRAIN: Creating chunk: (-13.0, -1.0) at distance 13.04
[23:15:59] TERRAIN: Chunk (-13.0, -1.0): TRIMESH collision created successfully (distance: 13.04, vertices: 8)
[23:15:59] TERRAIN: Chunk created successfully: (-13.0, -1.0) at world pos (-416.0, 0.0, -32.0) (total chunks: 531)
[23:15:59] TERRAIN: Creating chunk: (-11.0, -7.0) at distance 13.04
[23:15:59] TERRAIN: Chunk (-11.0, -7.0): TRIMESH collision created successfully (distance: 13.04, vertices: 8)
[23:15:59] TERRAIN: Chunk created successfully: (-11.0, -7.0) at world pos (-352.0, 0.0, -224.0) (total chunks: 532)
[23:15:59] TERRAIN: Creating chunk: (7.0, -11.0) at distance 13.04
[23:15:59] TERRAIN: Chunk (7.0, -11.0): TRIMESH collision created successfully (distance: 13.04, vertices: 8)
[23:15:59] TERRAIN: Chunk created successfully: (7.0, -11.0) at world pos (224.0, 0.0, -352.0) (total chunks: 533)
[23:15:59] TERRAIN: Creating chunk: (1.0, 13.0) at distance 13.04
[23:15:59] TERRAIN: Chunk (1.0, 13.0): TRIMESH collision created successfully (distance: 13.04, vertices: 8)
[23:15:59] TERRAIN: Chunk created successfully: (1.0, 13.0) at world pos (32.0, 0.0, 416.0) (total chunks: 534)
[23:15:59] TERRAIN: Creating chunk: (13.0, 1.0) at distance 13.04
[23:15:59] TERRAIN: Chunk (13.0, 1.0): TRIMESH collision created successfully (distance: 13.04, vertices: 8)
[23:15:59] TERRAIN: Chunk created successfully: (13.0, 1.0) at world pos (416.0, 0.0, 32.0) (total chunks: 535)
[23:15:59] TERRAIN: Creating chunk: (1.0, -13.0) at distance 13.04
[23:15:59] TERRAIN: Chunk (1.0, -13.0): TRIMESH collision created successfully (distance: 13.04, vertices: 8)
[23:15:59] TERRAIN: Chunk created successfully: (1.0, -13.0) at world pos (32.0, 0.0, -416.0) (total chunks: 536)
[23:15:59] TERRAIN: Creating chunk: (7.0, 11.0) at distance 13.04
[23:15:59] TERRAIN: Chunk (7.0, 11.0): TRIMESH collision created successfully (distance: 13.04, vertices: 8)
[23:15:59] TERRAIN: Chunk created successfully: (7.0, 11.0) at world pos (224.0, 0.0, 352.0) (total chunks: 537)
[23:15:59] TERRAIN: Creating chunk: (-7.0, -11.0) at distance 13.04
[23:15:59] TERRAIN: Chunk (-7.0, -11.0): TRIMESH collision created successfully (distance: 13.04, vertices: 8)
[23:15:59] TERRAIN: Chunk created successfully: (-7.0, -11.0) at world pos (-224.0, 0.0, -352.0) (total chunks: 538)
[23:15:59] TERRAIN: Creating chunk: (-7.0, 11.0) at distance 13.04
[23:15:59] TERRAIN: Chunk (-7.0, 11.0): TRIMESH collision created successfully (distance: 13.04, vertices: 8)
[23:15:59] TERRAIN: Chunk created successfully: (-7.0, 11.0) at world pos (-224.0, 0.0, 352.0) (total chunks: 539)
[23:15:59] TERRAIN: Creating chunk: (11.0, 7.0) at distance 13.04
[23:15:59] TERRAIN: Chunk (11.0, 7.0): TRIMESH collision created successfully (distance: 13.04, vertices: 8)
[23:15:59] TERRAIN: Chunk created successfully: (11.0, 7.0) at world pos (352.0, 0.0, 224.0) (total chunks: 540)
[23:15:59] TERRAIN: Creating chunk: (-13.0, 1.0) at distance 13.04
[23:15:59] TERRAIN: Chunk (-13.0, 1.0): TRIMESH collision created successfully (distance: 13.04, vertices: 8)
[23:15:59] TERRAIN: Chunk created successfully: (-13.0, 1.0) at world pos (-416.0, 0.0, 32.0) (total chunks: 541)
[23:15:59] TERRAIN: Creating chunk: (-1.0, 13.0) at distance 13.04
[23:15:59] TERRAIN: Chunk (-1.0, 13.0): TRIMESH collision created successfully (distance: 13.04, vertices: 8)
[23:15:59] TERRAIN: Chunk created successfully: (-1.0, 13.0) at world pos (-32.0, 0.0, 416.0) (total chunks: 542)
[23:15:59] TERRAIN: Creating chunk: (-1.0, -13.0) at distance 13.04
[23:15:59] TERRAIN: Chunk (-1.0, -13.0): TRIMESH collision created successfully (distance: 13.04, vertices: 8)
[23:15:59] TERRAIN: Chunk created successfully: (-1.0, -13.0) at world pos (-32.0, 0.0, -416.0) (total chunks: 543)
[23:15:59] TERRAIN: Creating chunk: (11.0, -7.0) at distance 13.04
[23:15:59] TERRAIN: Chunk (11.0, -7.0): TRIMESH collision created successfully (distance: 13.04, vertices: 8)
[23:15:59] TERRAIN: Chunk created successfully: (11.0, -7.0) at world pos (352.0, 0.0, -224.0) (total chunks: 544)
[23:15:59] TERRAIN: Creating chunk: (13.0, -1.0) at distance 13.04
[23:15:59] TERRAIN: Chunk (13.0, -1.0): TRIMESH collision created successfully (distance: 13.04, vertices: 8)
[23:15:59] TERRAIN: Chunk created successfully: (13.0, -1.0) at world pos (416.0, 0.0, -32.0) (total chunks: 545)
[23:15:59] TERRAIN: Creating chunk: (-13.0, 2.0) at distance 13.15
[23:15:59] TERRAIN: Chunk (-13.0, 2.0): TRIMESH collision created successfully (distance: 13.15, vertices: 8)
[23:15:59] TERRAIN: Chunk created successfully: (-13.0, 2.0) at world pos (-416.0, 0.0, 64.0) (total chunks: 546)
[23:15:59] TERRAIN: Creating chunk: (2.0, 13.0) at distance 13.15
[23:15:59] TERRAIN: Chunk (2.0, 13.0): TRIMESH collision created successfully (distance: 13.15, vertices: 8)
[23:15:59] TERRAIN: Chunk created successfully: (2.0, 13.0) at world pos (64.0, 0.0, 416.0) (total chunks: 547)
[23:15:59] TERRAIN: Creating chunk: (2.0, -13.0) at distance 13.15
[23:15:59] TERRAIN: Chunk (2.0, -13.0): TRIMESH collision created successfully (distance: 13.15, vertices: 8)
[23:15:59] TERRAIN: Chunk created successfully: (2.0, -13.0) at world pos (64.0, 0.0, -416.0) (total chunks: 548)
[23:15:59] TERRAIN: Creating chunk: (13.0, 2.0) at distance 13.15
[23:15:59] TERRAIN: Chunk (13.0, 2.0): TRIMESH collision created successfully (distance: 13.15, vertices: 8)
[23:15:59] TERRAIN: Chunk created successfully: (13.0, 2.0) at world pos (416.0, 0.0, 64.0) (total chunks: 549)
[23:15:59] TERRAIN: Creating chunk: (-13.0, -2.0) at distance 13.15
[23:15:59] TERRAIN: Chunk (-13.0, -2.0): TRIMESH collision created successfully (distance: 13.15, vertices: 8)
[23:15:59] TERRAIN: Chunk created successfully: (-13.0, -2.0) at world pos (-416.0, 0.0, -64.0) (total chunks: 550)
[23:15:59] TERRAIN: Creating chunk: (13.0, -2.0) at distance 13.15
[23:15:59] TERRAIN: Chunk (13.0, -2.0): TRIMESH collision created successfully (distance: 13.15, vertices: 8)
[23:15:59] TERRAIN: Chunk created successfully: (13.0, -2.0) at world pos (416.0, 0.0, -64.0) (total chunks: 551)
[23:15:59] TERRAIN: Creating chunk: (-2.0, 13.0) at distance 13.15
[23:15:59] TERRAIN: Chunk (-2.0, 13.0): TRIMESH collision created successfully (distance: 13.15, vertices: 8)
[23:15:59] TERRAIN: Chunk created successfully: (-2.0, 13.0) at world pos (-64.0, 0.0, 416.0) (total chunks: 552)
[23:15:59] TERRAIN: Creating chunk: (-2.0, -13.0) at distance 13.15
[23:15:59] TERRAIN: Chunk (-2.0, -13.0): TRIMESH collision created successfully (distance: 13.15, vertices: 8)
[23:15:59] TERRAIN: Chunk created successfully: (-2.0, -13.0) at world pos (-64.0, 0.0, -416.0) (total chunks: 553)
[23:15:59] TERRAIN: Creating chunk: (3.0, -13.0) at distance 13.34
[23:15:59] TERRAIN: Chunk (3.0, -13.0): TRIMESH collision created successfully (distance: 13.34, vertices: 8)
[23:15:59] TERRAIN: Chunk created successfully: (3.0, -13.0) at world pos (96.0, 0.0, -416.0) (total chunks: 554)
[23:15:59] TERRAIN: Creating chunk: (-13.0, -3.0) at distance 13.34
[23:15:59] TERRAIN: Chunk (-13.0, -3.0): TRIMESH collision created successfully (distance: 13.34, vertices: 8)
[23:15:59] TERRAIN: Chunk created successfully: (-13.0, -3.0) at world pos (-416.0, 0.0, -96.0) (total chunks: 555)
[23:15:59] TERRAIN: Creating chunk: (3.0, 13.0) at distance 13.34
[23:15:59] TERRAIN: Chunk (3.0, 13.0): TRIMESH collision created successfully (distance: 13.34, vertices: 8)
[23:15:59] TERRAIN: Chunk created successfully: (3.0, 13.0) at world pos (96.0, 0.0, 416.0) (total chunks: 556)
[23:15:59] TERRAIN: Creating chunk: (-13.0, 3.0) at distance 13.34
[23:15:59] TERRAIN: Chunk (-13.0, 3.0): TRIMESH collision created successfully (distance: 13.34, vertices: 8)
[23:15:59] TERRAIN: Chunk created successfully: (-13.0, 3.0) at world pos (-416.0, 0.0, 96.0) (total chunks: 557)
[23:15:59] TERRAIN: Creating chunk: (13.0, 3.0) at distance 13.34
[23:15:59] TERRAIN: Chunk (13.0, 3.0): TRIMESH collision created successfully (distance: 13.34, vertices: 8)
[23:15:59] TERRAIN: Chunk created successfully: (13.0, 3.0) at world pos (416.0, 0.0, 96.0) (total chunks: 558)
[23:15:59] TERRAIN: Creating chunk: (13.0, -3.0) at distance 13.34
[23:15:59] TERRAIN: Chunk (13.0, -3.0): TRIMESH collision created successfully (distance: 13.34, vertices: 8)
[23:15:59] TERRAIN: Chunk created successfully: (13.0, -3.0) at world pos (416.0, 0.0, -96.0) (total chunks: 559)
[23:15:59] TERRAIN: Creating chunk: (-3.0, -13.0) at distance 13.34
[23:15:59] TERRAIN: Chunk (-3.0, -13.0): TRIMESH collision created successfully (distance: 13.34, vertices: 8)
[23:15:59] TERRAIN: Chunk created successfully: (-3.0, -13.0) at world pos (-96.0, 0.0, -416.0) (total chunks: 560)
[23:15:59] TERRAIN: Creating chunk: (-3.0, 13.0) at distance 13.34
[23:15:59] TERRAIN: Chunk (-3.0, 13.0): TRIMESH collision created successfully (distance: 13.34, vertices: 8)
[23:15:59] TERRAIN: Chunk created successfully: (-3.0, 13.0) at world pos (-96.0, 0.0, 416.0) (total chunks: 561)
[23:15:59] TERRAIN: Creating chunk: (-12.0, -6.0) at distance 13.42
[23:15:59] TERRAIN: Chunk (-12.0, -6.0): TRIMESH collision created successfully (distance: 13.42, vertices: 8)
[23:15:59] TERRAIN: Chunk created successfully: (-12.0, -6.0) at world pos (-384.0, 0.0, -192.0) (total chunks: 562)
[23:15:59] TERRAIN: Creating chunk: (-12.0, 6.0) at distance 13.42
[23:15:59] TERRAIN: Chunk (-12.0, 6.0): TRIMESH collision created successfully (distance: 13.42, vertices: 8)
[23:15:59] TERRAIN: Chunk created successfully: (-12.0, 6.0) at world pos (-384.0, 0.0, 192.0) (total chunks: 563)
[23:15:59] TERRAIN: Creating chunk: (6.0, 12.0) at distance 13.42
[23:15:59] TERRAIN: Chunk (6.0, 12.0): TRIMESH collision created successfully (distance: 13.42, vertices: 8)
[23:15:59] TERRAIN: Chunk created successfully: (6.0, 12.0) at world pos (192.0, 0.0, 384.0) (total chunks: 564)
[23:15:59] TERRAIN: Creating chunk: (6.0, -12.0) at distance 13.42
[23:15:59] TERRAIN: Chunk (6.0, -12.0): TRIMESH collision created successfully (distance: 13.42, vertices: 8)
[23:15:59] TERRAIN: Chunk created successfully: (6.0, -12.0) at world pos (192.0, 0.0, -384.0) (total chunks: 565)
[23:15:59] TERRAIN: Creating chunk: (12.0, 6.0) at distance 13.42
[23:15:59] TERRAIN: Chunk (12.0, 6.0): TRIMESH collision created successfully (distance: 13.42, vertices: 8)
[23:15:59] TERRAIN: Chunk created successfully: (12.0, 6.0) at world pos (384.0, 0.0, 192.0) (total chunks: 566)
[23:15:59] TERRAIN: Creating chunk: (-6.0, -12.0) at distance 13.42
[23:15:59] TERRAIN: Chunk (-6.0, -12.0): TRIMESH collision created successfully (distance: 13.42, vertices: 8)
[23:15:59] TERRAIN: Chunk created successfully: (-6.0, -12.0) at world pos (-192.0, 0.0, -384.0) (total chunks: 567)
[23:15:59] TERRAIN: Creating chunk: (-6.0, 12.0) at distance 13.42
[23:15:59] TERRAIN: Chunk (-6.0, 12.0): TRIMESH collision created successfully (distance: 13.42, vertices: 8)
[23:15:59] TERRAIN: Chunk created successfully: (-6.0, 12.0) at world pos (-192.0, 0.0, 384.0) (total chunks: 568)
[23:15:59] TERRAIN: Creating chunk: (12.0, -6.0) at distance 13.42
[23:15:59] TERRAIN: Chunk (12.0, -6.0): TRIMESH collision created successfully (distance: 13.42, vertices: 8)
[23:15:59] TERRAIN: Chunk created successfully: (12.0, -6.0) at world pos (384.0, 0.0, -192.0) (total chunks: 569)
[23:15:59] TERRAIN: Creating chunk: (9.0, -10.0) at distance 13.45
[23:15:59] TERRAIN: Chunk (9.0, -10.0): TRIMESH collision created successfully (distance: 13.45, vertices: 8)
[23:15:59] TERRAIN: Chunk created successfully: (9.0, -10.0) at world pos (288.0, 0.0, -320.0) (total chunks: 570)
[23:15:59] TERRAIN: Creating chunk: (9.0, 10.0) at distance 13.45
[23:15:59] TERRAIN: Chunk (9.0, 10.0): TRIMESH collision created successfully (distance: 13.45, vertices: 8)
[23:15:59] TERRAIN: Chunk created successfully: (9.0, 10.0) at world pos (288.0, 0.0, 320.0) (total chunks: 571)
[23:15:59] TERRAIN: Creating chunk: (10.0, -9.0) at distance 13.45
[23:15:59] TERRAIN: Chunk (10.0, -9.0): TRIMESH collision created successfully (distance: 13.45, vertices: 8)
[23:15:59] TERRAIN: Chunk created successfully: (10.0, -9.0) at world pos (320.0, 0.0, -288.0) (total chunks: 572)
[23:15:59] TERRAIN: Creating chunk: (10.0, 9.0) at distance 13.45
[23:15:59] TERRAIN: Chunk (10.0, 9.0): TRIMESH collision created successfully (distance: 13.45, vertices: 8)
[23:15:59] TERRAIN: Chunk created successfully: (10.0, 9.0) at world pos (320.0, 0.0, 288.0) (total chunks: 573)
[23:15:59] TERRAIN: Creating chunk: (-9.0, 10.0) at distance 13.45
[23:15:59] TERRAIN: Chunk (-9.0, 10.0): TRIMESH collision created successfully (distance: 13.45, vertices: 8)
[23:15:59] TERRAIN: Chunk created successfully: (-9.0, 10.0) at world pos (-288.0, 0.0, 320.0) (total chunks: 574)
[23:15:59] TERRAIN: Creating chunk: (-9.0, -10.0) at distance 13.45
[23:15:59] TERRAIN: Chunk (-9.0, -10.0): TRIMESH collision created successfully (distance: 13.45, vertices: 8)
[23:15:59] TERRAIN: Chunk created successfully: (-9.0, -10.0) at world pos (-288.0, 0.0, -320.0) (total chunks: 575)
[23:15:59] TERRAIN: Creating chunk: (-10.0, 9.0) at distance 13.45
[23:15:59] TERRAIN: Chunk (-10.0, 9.0): TRIMESH collision created successfully (distance: 13.45, vertices: 8)
[23:15:59] TERRAIN: Chunk created successfully: (-10.0, 9.0) at world pos (-320.0, 0.0, 288.0) (total chunks: 576)
[23:15:59] TERRAIN: Creating chunk: (-10.0, -9.0) at distance 13.45
[23:15:59] TERRAIN: Chunk (-10.0, -9.0): TRIMESH collision created successfully (distance: 13.45, vertices: 8)
[23:15:59] TERRAIN: Chunk created successfully: (-10.0, -9.0) at world pos (-320.0, 0.0, -288.0) (total chunks: 577)
[23:15:59] TERRAIN: Creating chunk: (8.0, 11.0) at distance 13.60
[23:15:59] TERRAIN: Chunk (8.0, 11.0): TRIMESH collision created successfully (distance: 13.60, vertices: 8)
[23:15:59] TERRAIN: Chunk created successfully: (8.0, 11.0) at world pos (256.0, 0.0, 352.0) (total chunks: 578)
[23:15:59] TERRAIN: Creating chunk: (11.0, 8.0) at distance 13.60
[23:15:59] TERRAIN: Chunk (11.0, 8.0): TRIMESH collision created successfully (distance: 13.60, vertices: 8)
[23:15:59] TERRAIN: Chunk created successfully: (11.0, 8.0) at world pos (352.0, 0.0, 256.0) (total chunks: 579)
[23:15:59] TERRAIN: Creating chunk: (-13.0, -4.0) at distance 13.60
[23:15:59] TERRAIN: Chunk (-13.0, -4.0): TRIMESH collision created successfully (distance: 13.60, vertices: 8)
[23:15:59] TERRAIN: Chunk created successfully: (-13.0, -4.0) at world pos (-416.0, 0.0, -128.0) (total chunks: 580)
[23:15:59] TERRAIN: Creating chunk: (-13.0, 4.0) at distance 13.60
[23:15:59] TERRAIN: Chunk (-13.0, 4.0): TRIMESH collision created successfully (distance: 13.60, vertices: 8)
[23:15:59] TERRAIN: Chunk created successfully: (-13.0, 4.0) at world pos (-416.0, 0.0, 128.0) (total chunks: 581)
[23:15:59] TERRAIN: Creating chunk: (11.0, -8.0) at distance 13.60
[23:15:59] TERRAIN: Chunk (11.0, -8.0): TRIMESH collision created successfully (distance: 13.60, vertices: 8)
[23:15:59] TERRAIN: Chunk created successfully: (11.0, -8.0) at world pos (352.0, 0.0, -256.0) (total chunks: 582)
[23:15:59] TERRAIN: Creating chunk: (13.0, 4.0) at distance 13.60
[23:15:59] TERRAIN: Chunk (13.0, 4.0): TRIMESH collision created successfully (distance: 13.60, vertices: 8)
[23:15:59] TERRAIN: Chunk created successfully: (13.0, 4.0) at world pos (416.0, 0.0, 128.0) (total chunks: 583)
[23:15:59] TERRAIN: Creating chunk: (-11.0, -8.0) at distance 13.60
[23:15:59] TERRAIN: Chunk (-11.0, -8.0): TRIMESH collision created successfully (distance: 13.60, vertices: 8)
[23:15:59] TERRAIN: Chunk created successfully: (-11.0, -8.0) at world pos (-352.0, 0.0, -256.0) (total chunks: 584)
[23:15:59] TERRAIN: Creating chunk: (-11.0, 8.0) at distance 13.60
[23:15:59] TERRAIN: Chunk (-11.0, 8.0): TRIMESH collision created successfully (distance: 13.60, vertices: 8)
[23:15:59] TERRAIN: Chunk created successfully: (-11.0, 8.0) at world pos (-352.0, 0.0, 256.0) (total chunks: 585)
[23:15:59] TERRAIN: Creating chunk: (-8.0, -11.0) at distance 13.60
[23:15:59] TERRAIN: Chunk (-8.0, -11.0): TRIMESH collision created successfully (distance: 13.60, vertices: 8)
[23:15:59] TERRAIN: Chunk created successfully: (-8.0, -11.0) at world pos (-256.0, 0.0, -352.0) (total chunks: 586)
[23:15:59] TERRAIN: Creating chunk: (-8.0, 11.0) at distance 13.60
[23:15:59] TERRAIN: Chunk (-8.0, 11.0): TRIMESH collision created successfully (distance: 13.60, vertices: 8)
[23:15:59] TERRAIN: Chunk created successfully: (-8.0, 11.0) at world pos (-256.0, 0.0, 352.0) (total chunks: 587)
[23:15:59] TERRAIN: Creating chunk: (-4.0, -13.0) at distance 13.60
[23:15:59] TERRAIN: Chunk (-4.0, -13.0): TRIMESH collision created successfully (distance: 13.60, vertices: 8)
[23:15:59] TERRAIN: Chunk created successfully: (-4.0, -13.0) at world pos (-128.0, 0.0, -416.0) (total chunks: 588)
[23:15:59] TERRAIN: Creating chunk: (-4.0, 13.0) at distance 13.60
[23:15:59] TERRAIN: Chunk (-4.0, 13.0): TRIMESH collision created successfully (distance: 13.60, vertices: 8)
[23:15:59] TERRAIN: Chunk created successfully: (-4.0, 13.0) at world pos (-128.0, 0.0, 416.0) (total chunks: 589)
[23:15:59] TERRAIN: Creating chunk: (13.0, -4.0) at distance 13.60
[23:15:59] TERRAIN: Chunk (13.0, -4.0): TRIMESH collision created successfully (distance: 13.60, vertices: 8)
[23:15:59] TERRAIN: Chunk created successfully: (13.0, -4.0) at world pos (416.0, 0.0, -128.0) (total chunks: 590)
[23:15:59] TERRAIN: Creating chunk: (4.0, -13.0) at distance 13.60
[23:15:59] TERRAIN: Chunk (4.0, -13.0): TRIMESH collision created successfully (distance: 13.60, vertices: 8)
[23:15:59] TERRAIN: Chunk created successfully: (4.0, -13.0) at world pos (128.0, 0.0, -416.0) (total chunks: 591)
[23:15:59] TERRAIN: Creating chunk: (4.0, 13.0) at distance 13.60
[23:15:59] TERRAIN: Chunk (4.0, 13.0): TRIMESH collision created successfully (distance: 13.60, vertices: 8)
[23:15:59] TERRAIN: Chunk created successfully: (4.0, 13.0) at world pos (128.0, 0.0, 416.0) (total chunks: 592)
[23:15:59] TERRAIN: Creating chunk: (8.0, -11.0) at distance 13.60
[23:15:59] TERRAIN: Chunk (8.0, -11.0): TRIMESH collision created successfully (distance: 13.60, vertices: 8)
[23:15:59] TERRAIN: Chunk created successfully: (8.0, -11.0) at world pos (256.0, 0.0, -352.0) (total chunks: 593)
[23:15:59] TERRAIN: Creating chunk: (12.0, -7.0) at distance 13.89
[23:15:59] TERRAIN: Chunk (12.0, -7.0): TRIMESH collision created successfully (distance: 13.89, vertices: 8)
[23:15:59] TERRAIN: Chunk created successfully: (12.0, -7.0) at world pos (384.0, 0.0, -224.0) (total chunks: 594)
[23:15:59] TERRAIN: Creating chunk: (-7.0, 12.0) at distance 13.89
[23:15:59] TERRAIN: Chunk (-7.0, 12.0): TRIMESH collision created successfully (distance: 13.89, vertices: 8)
[23:15:59] TERRAIN: Chunk created successfully: (-7.0, 12.0) at world pos (-224.0, 0.0, 384.0) (total chunks: 595)
[23:15:59] TERRAIN: Creating chunk: (-7.0, -12.0) at distance 13.89
[23:15:59] TERRAIN: Chunk (-7.0, -12.0): TRIMESH collision created successfully (distance: 13.89, vertices: 8)
[23:15:59] TERRAIN: Chunk created successfully: (-7.0, -12.0) at world pos (-224.0, 0.0, -384.0) (total chunks: 596)
[23:15:59] TERRAIN: Creating chunk: (-12.0, 7.0) at distance 13.89
[23:15:59] TERRAIN: Chunk (-12.0, 7.0): TRIMESH collision created successfully (distance: 13.89, vertices: 8)
[23:15:59] TERRAIN: Chunk created successfully: (-12.0, 7.0) at world pos (-384.0, 0.0, 224.0) (total chunks: 597)
[23:15:59] TERRAIN: Creating chunk: (-12.0, -7.0) at distance 13.89
[23:15:59] TERRAIN: Chunk (-12.0, -7.0): TRIMESH collision created successfully (distance: 13.89, vertices: 8)
[23:15:59] TERRAIN: Chunk created successfully: (-12.0, -7.0) at world pos (-384.0, 0.0, -224.0) (total chunks: 598)
[23:15:59] TERRAIN: Creating chunk: (7.0, 12.0) at distance 13.89
[23:15:59] TERRAIN: Chunk (7.0, 12.0): TRIMESH collision created successfully (distance: 13.89, vertices: 8)
[23:15:59] TERRAIN: Chunk created successfully: (7.0, 12.0) at world pos (224.0, 0.0, 384.0) (total chunks: 599)
[23:15:59] TERRAIN: Creating chunk: (7.0, -12.0) at distance 13.89
[23:15:59] TERRAIN: Chunk (7.0, -12.0): TRIMESH collision created successfully (distance: 13.89, vertices: 8)
[23:15:59] TERRAIN: Chunk created successfully: (7.0, -12.0) at world pos (224.0, 0.0, -384.0) (total chunks: 600)
[23:15:59] TERRAIN: Creating chunk: (12.0, 7.0) at distance 13.89
[23:15:59] TERRAIN: Chunk (12.0, 7.0): TRIMESH collision created successfully (distance: 13.89, vertices: 8)
[23:15:59] TERRAIN: Chunk created successfully: (12.0, 7.0) at world pos (384.0, 0.0, 224.0) (total chunks: 601)
[23:15:59] TERRAIN: Creating chunk: (13.0, 5.0) at distance 13.93
[23:15:59] TERRAIN: Chunk (13.0, 5.0): TRIMESH collision created successfully (distance: 13.93, vertices: 8)
[23:15:59] TERRAIN: Chunk created successfully: (13.0, 5.0) at world pos (416.0, 0.0, 160.0) (total chunks: 602)
[23:15:59] TERRAIN: Creating chunk: (-13.0, 5.0) at distance 13.93
[23:15:59] TERRAIN: Chunk (-13.0, 5.0): TRIMESH collision created successfully (distance: 13.93, vertices: 8)
[23:15:59] TERRAIN: Chunk created successfully: (-13.0, 5.0) at world pos (-416.0, 0.0, 160.0) (total chunks: 603)
[23:15:59] TERRAIN: Creating chunk: (-13.0, -5.0) at distance 13.93
[23:15:59] TERRAIN: Chunk (-13.0, -5.0): TRIMESH collision created successfully (distance: 13.93, vertices: 8)
[23:15:59] TERRAIN: Chunk created successfully: (-13.0, -5.0) at world pos (-416.0, 0.0, -160.0) (total chunks: 604)
[23:15:59] TERRAIN: Creating chunk: (5.0, -13.0) at distance 13.93
[23:15:59] TERRAIN: Chunk (5.0, -13.0): TRIMESH collision created successfully (distance: 13.93, vertices: 8)
[23:15:59] TERRAIN: Chunk created successfully: (5.0, -13.0) at world pos (160.0, 0.0, -416.0) (total chunks: 605)
[23:15:59] TERRAIN: Creating chunk: (5.0, 13.0) at distance 13.93
[23:15:59] TERRAIN: Chunk (5.0, 13.0): TRIMESH collision created successfully (distance: 13.93, vertices: 8)
[23:15:59] TERRAIN: Chunk created successfully: (5.0, 13.0) at world pos (160.0, 0.0, 416.0) (total chunks: 606)
[23:15:59] TERRAIN: Creating chunk: (13.0, -5.0) at distance 13.93
[23:15:59] TERRAIN: Chunk (13.0, -5.0): TRIMESH collision created successfully (distance: 13.93, vertices: 8)
[23:15:59] TERRAIN: Chunk created successfully: (13.0, -5.0) at world pos (416.0, 0.0, -160.0) (total chunks: 607)
[23:15:59] TERRAIN: Creating chunk: (-5.0, 13.0) at distance 13.93
[23:15:59] TERRAIN: Chunk (-5.0, 13.0): TRIMESH collision created successfully (distance: 13.93, vertices: 8)
[23:15:59] TERRAIN: Chunk created successfully: (-5.0, 13.0) at world pos (-160.0, 0.0, 416.0) (total chunks: 608)
[23:15:59] TERRAIN: Creating chunk: (-5.0, -13.0) at distance 13.93
[23:15:59] TERRAIN: Chunk (-5.0, -13.0): TRIMESH collision created successfully (distance: 13.93, vertices: 8)
[23:15:59] TERRAIN: Chunk created successfully: (-5.0, -13.0) at world pos (-160.0, 0.0, -416.0) (total chunks: 609)
[23:15:59] TERRAIN: Creating chunk: (0.0, -14.0) at distance 14.00
[23:15:59] TERRAIN: Chunk (0.0, -14.0): TRIMESH collision created successfully (distance: 14.00, vertices: 8)
[23:15:59] TERRAIN: Chunk created successfully: (0.0, -14.0) at world pos (0.0, 0.0, -448.0) (total chunks: 610)
[23:15:59] TERRAIN: Creating chunk: (0.0, 14.0) at distance 14.00
[23:15:59] TERRAIN: Chunk (0.0, 14.0): TRIMESH collision created successfully (distance: 14.00, vertices: 8)
[23:15:59] TERRAIN: Chunk created successfully: (0.0, 14.0) at world pos (0.0, 0.0, 448.0) (total chunks: 611)
[23:15:59] TERRAIN: Creating chunk: (14.0, 0.0) at distance 14.00
[23:15:59] TERRAIN: Chunk (14.0, 0.0): TRIMESH collision created successfully (distance: 14.00, vertices: 8)
[23:15:59] TERRAIN: Chunk created successfully: (14.0, 0.0) at world pos (448.0, 0.0, 0.0) (total chunks: 612)
[23:15:59] TERRAIN: Creating chunk: (-14.0, 0.0) at distance 14.00
[23:15:59] TERRAIN: Chunk (-14.0, 0.0): TRIMESH collision created successfully (distance: 14.00, vertices: 8)
[23:15:59] TERRAIN: Chunk created successfully: (-14.0, 0.0) at world pos (-448.0, 0.0, 0.0) (total chunks: 613)
[23:15:59] TERRAIN: Creating chunk: (1.0, -14.0) at distance 14.04
[23:15:59] TERRAIN: Chunk (1.0, -14.0): TRIMESH collision created successfully (distance: 14.04, vertices: 8)
[23:15:59] TERRAIN: Chunk created successfully: (1.0, -14.0) at world pos (32.0, 0.0, -448.0) (total chunks: 614)
[23:15:59] TERRAIN: Creating chunk: (14.0, 1.0) at distance 14.04
[23:15:59] TERRAIN: Chunk (14.0, 1.0): TRIMESH collision created successfully (distance: 14.04, vertices: 8)
[23:15:59] TERRAIN: Chunk created successfully: (14.0, 1.0) at world pos (448.0, 0.0, 32.0) (total chunks: 615)
[23:15:59] TERRAIN: Creating chunk: (-1.0, 14.0) at distance 14.04
[23:15:59] TERRAIN: Chunk (-1.0, 14.0): TRIMESH collision created successfully (distance: 14.04, vertices: 8)
[23:15:59] TERRAIN: Chunk created successfully: (-1.0, 14.0) at world pos (-32.0, 0.0, 448.0) (total chunks: 616)
[23:15:59] TERRAIN: Creating chunk: (-1.0, -14.0) at distance 14.04
[23:15:59] TERRAIN: Chunk (-1.0, -14.0): TRIMESH collision created successfully (distance: 14.04, vertices: 8)
[23:15:59] TERRAIN: Chunk created successfully: (-1.0, -14.0) at world pos (-32.0, 0.0, -448.0) (total chunks: 617)
[23:15:59] TERRAIN: Creating chunk: (1.0, 14.0) at distance 14.04
[23:15:59] TERRAIN: Chunk (1.0, 14.0): TRIMESH collision created successfully (distance: 14.04, vertices: 8)
[23:15:59] TERRAIN: Chunk created successfully: (1.0, 14.0) at world pos (32.0, 0.0, 448.0) (total chunks: 618)
[23:15:59] TERRAIN: Creating chunk: (-14.0, 1.0) at distance 14.04
[23:15:59] TERRAIN: Chunk (-14.0, 1.0): TRIMESH collision created successfully (distance: 14.04, vertices: 8)
[23:15:59] TERRAIN: Chunk created successfully: (-14.0, 1.0) at world pos (-448.0, 0.0, 32.0) (total chunks: 619)
[23:15:59] TERRAIN: Creating chunk: (-14.0, -1.0) at distance 14.04
[23:15:59] TERRAIN: Chunk (-14.0, -1.0): TRIMESH collision created successfully (distance: 14.04, vertices: 8)
[23:15:59] TERRAIN: Chunk created successfully: (-14.0, -1.0) at world pos (-448.0, 0.0, -32.0) (total chunks: 620)
[23:15:59] TERRAIN: Creating chunk: (14.0, -1.0) at distance 14.04
[23:15:59] TERRAIN: Chunk (14.0, -1.0): TRIMESH collision created successfully (distance: 14.04, vertices: 8)
[23:15:59] TERRAIN: Chunk created successfully: (14.0, -1.0) at world pos (448.0, 0.0, -32.0) (total chunks: 621)
[23:15:59] TERRAIN: Creating chunk: (-14.0, 2.0) at distance 14.14
[23:15:59] TERRAIN: Chunk (-14.0, 2.0): TRIMESH collision created successfully (distance: 14.14, vertices: 8)
[23:15:59] TERRAIN: Chunk created successfully: (-14.0, 2.0) at world pos (-448.0, 0.0, 64.0) (total chunks: 622)
[23:15:59] TERRAIN: Creating chunk: (10.0, 10.0) at distance 14.14
[23:15:59] TERRAIN: Chunk (10.0, 10.0): TRIMESH collision created successfully (distance: 14.14, vertices: 8)
[23:15:59] TERRAIN: Chunk created successfully: (10.0, 10.0) at world pos (320.0, 0.0, 320.0) (total chunks: 623)
[23:15:59] TERRAIN: Creating chunk: (-10.0, -10.0) at distance 14.14
[23:15:59] TERRAIN: Chunk (-10.0, -10.0): TRIMESH collision created successfully (distance: 14.14, vertices: 8)
[23:15:59] TERRAIN: Chunk created successfully: (-10.0, -10.0) at world pos (-320.0, 0.0, -320.0) (total chunks: 624)
[23:15:59] TERRAIN: Creating chunk: (-10.0, 10.0) at distance 14.14
[23:15:59] TERRAIN: Chunk (-10.0, 10.0): TRIMESH collision created successfully (distance: 14.14, vertices: 8)
[23:15:59] TERRAIN: Chunk created successfully: (-10.0, 10.0) at world pos (-320.0, 0.0, 320.0) (total chunks: 625)
[23:15:59] TERRAIN: Creating chunk: (14.0, 2.0) at distance 14.14
[23:15:59] TERRAIN: Chunk (14.0, 2.0): TRIMESH collision created successfully (distance: 14.14, vertices: 8)
[23:15:59] TERRAIN: Chunk created successfully: (14.0, 2.0) at world pos (448.0, 0.0, 64.0) (total chunks: 626)
[23:15:59] TERRAIN: Creating chunk: (-14.0, -2.0) at distance 14.14
[23:15:59] TERRAIN: Chunk (-14.0, -2.0): TRIMESH collision created successfully (distance: 14.14, vertices: 8)
[23:15:59] TERRAIN: Chunk created successfully: (-14.0, -2.0) at world pos (-448.0, 0.0, -64.0) (total chunks: 627)
[23:15:59] TERRAIN: Creating chunk: (2.0, 14.0) at distance 14.14
[23:15:59] TERRAIN: Chunk (2.0, 14.0): TRIMESH collision created successfully (distance: 14.14, vertices: 8)
[23:15:59] TERRAIN: Chunk created successfully: (2.0, 14.0) at world pos (64.0, 0.0, 448.0) (total chunks: 628)
[23:15:59] PLAYER: Pos: (0.0, 0.000485, 0.0) | Chunk: (0.0, 0.0) | TerrainHeight: 0.00 | HeightDiff: 0.00 | OnFloor: true
[23:15:59] TERRAIN: Creating chunk: (2.0, -14.0) at distance 14.14
[23:15:59] TERRAIN: Chunk (2.0, -14.0): TRIMESH collision created successfully (distance: 14.14, vertices: 8)
[23:15:59] TERRAIN: Chunk created successfully: (2.0, -14.0) at world pos (64.0, 0.0, -448.0) (total chunks: 629)
[23:15:59] TERRAIN: Creating chunk: (-2.0, 14.0) at distance 14.14
[23:15:59] TERRAIN: Chunk (-2.0, 14.0): TRIMESH collision created successfully (distance: 14.14, vertices: 8)
[23:15:59] TERRAIN: Chunk created successfully: (-2.0, 14.0) at world pos (-64.0, 0.0, 448.0) (total chunks: 630)
[23:15:59] TERRAIN: Creating chunk: (14.0, -2.0) at distance 14.14
[23:15:59] TERRAIN: Chunk (14.0, -2.0): TRIMESH collision created successfully (distance: 14.14, vertices: 8)
[23:15:59] TERRAIN: Chunk created successfully: (14.0, -2.0) at world pos (448.0, 0.0, -64.0) (total chunks: 631)
[23:15:59] TERRAIN: Creating chunk: (-2.0, -14.0) at distance 14.14
[23:15:59] TERRAIN: Chunk (-2.0, -14.0): TRIMESH collision created successfully (distance: 14.14, vertices: 8)
[23:15:59] TERRAIN: Chunk created successfully: (-2.0, -14.0) at world pos (-64.0, 0.0, -448.0) (total chunks: 632)
[23:15:59] TERRAIN: Creating chunk: (10.0, -10.0) at distance 14.14
[23:15:59] TERRAIN: Chunk (10.0, -10.0): TRIMESH collision created successfully (distance: 14.14, vertices: 8)
[23:15:59] TERRAIN: Chunk created successfully: (10.0, -10.0) at world pos (320.0, 0.0, -320.0) (total chunks: 633)
[23:15:59] TERRAIN: Creating chunk: (9.0, -11.0) at distance 14.21
[23:15:59] TERRAIN: Chunk (9.0, -11.0): TRIMESH collision created successfully (distance: 14.21, vertices: 8)
[23:15:59] TERRAIN: Chunk created successfully: (9.0, -11.0) at world pos (288.0, 0.0, -352.0) (total chunks: 634)
[23:15:59] TERRAIN: Creating chunk: (11.0, -9.0) at distance 14.21
[23:15:59] TERRAIN: Chunk (11.0, -9.0): TRIMESH collision created successfully (distance: 14.21, vertices: 8)
[23:15:59] TERRAIN: Chunk created successfully: (11.0, -9.0) at world pos (352.0, 0.0, -288.0) (total chunks: 635)
[23:15:59] TERRAIN: Creating chunk: (9.0, 11.0) at distance 14.21
[23:15:59] TERRAIN: Chunk (9.0, 11.0): TRIMESH collision created successfully (distance: 14.21, vertices: 8)
[23:15:59] TERRAIN: Chunk created successfully: (9.0, 11.0) at world pos (288.0, 0.0, 352.0) (total chunks: 636)
[23:15:59] TERRAIN: Creating chunk: (-11.0, -9.0) at distance 14.21
[23:15:59] TERRAIN: Chunk (-11.0, -9.0): TRIMESH collision created successfully (distance: 14.21, vertices: 8)
[23:15:59] TERRAIN: Chunk created successfully: (-11.0, -9.0) at world pos (-352.0, 0.0, -288.0) (total chunks: 637)
[23:15:59] TERRAIN: Creating chunk: (-11.0, 9.0) at distance 14.21
[23:15:59] TERRAIN: Chunk (-11.0, 9.0): TRIMESH collision created successfully (distance: 14.21, vertices: 8)
[23:15:59] TERRAIN: Chunk created successfully: (-11.0, 9.0) at world pos (-352.0, 0.0, 288.0) (total chunks: 638)
[23:15:59] TERRAIN: Creating chunk: (-9.0, -11.0) at distance 14.21
[23:15:59] TERRAIN: Chunk (-9.0, -11.0): TRIMESH collision created successfully (distance: 14.21, vertices: 8)
[23:15:59] TERRAIN: Chunk created successfully: (-9.0, -11.0) at world pos (-288.0, 0.0, -352.0) (total chunks: 639)
[23:15:59] TERRAIN: Creating chunk: (-9.0, 11.0) at distance 14.21
[23:15:59] TERRAIN: Chunk (-9.0, 11.0): TRIMESH collision created successfully (distance: 14.21, vertices: 8)
[23:15:59] TERRAIN: Chunk created successfully: (-9.0, 11.0) at world pos (-288.0, 0.0, 352.0) (total chunks: 640)
[23:15:59] TERRAIN: Creating chunk: (11.0, 9.0) at distance 14.21
[23:15:59] TERRAIN: Chunk (11.0, 9.0): TRIMESH collision created successfully (distance: 14.21, vertices: 8)
[23:15:59] TERRAIN: Chunk created successfully: (11.0, 9.0) at world pos (352.0, 0.0, 288.0) (total chunks: 641)
[23:15:59] TERRAIN: Creating chunk: (-6.0, -13.0) at distance 14.32
[23:15:59] TERRAIN: Chunk (-6.0, -13.0): TRIMESH collision created successfully (distance: 14.32, vertices: 8)
[23:15:59] TERRAIN: Chunk created successfully: (-6.0, -13.0) at world pos (-192.0, 0.0, -416.0) (total chunks: 642)
[23:15:59] TERRAIN: Creating chunk: (14.0, -3.0) at distance 14.32
[23:15:59] TERRAIN: Chunk (14.0, -3.0): TRIMESH collision created successfully (distance: 14.32, vertices: 8)
[23:15:59] TERRAIN: Chunk created successfully: (14.0, -3.0) at world pos (448.0, 0.0, -96.0) (total chunks: 643)
[23:15:59] TERRAIN: Creating chunk: (6.0, 13.0) at distance 14.32
[23:15:59] TERRAIN: Chunk (6.0, 13.0): TRIMESH collision created successfully (distance: 14.32, vertices: 8)
[23:15:59] TERRAIN: Chunk created successfully: (6.0, 13.0) at world pos (192.0, 0.0, 416.0) (total chunks: 644)
[23:15:59] TERRAIN: Creating chunk: (6.0, -13.0) at distance 14.32
[23:15:59] TERRAIN: Chunk (6.0, -13.0): TRIMESH collision created successfully (distance: 14.32, vertices: 8)
[23:15:59] TERRAIN: Chunk created successfully: (6.0, -13.0) at world pos (192.0, 0.0, -416.0) (total chunks: 645)
[23:15:59] TERRAIN: Creating chunk: (-14.0, 3.0) at distance 14.32
[23:15:59] TERRAIN: Chunk (-14.0, 3.0): TRIMESH collision created successfully (distance: 14.32, vertices: 8)
[23:15:59] TERRAIN: Chunk created successfully: (-14.0, 3.0) at world pos (-448.0, 0.0, 96.0) (total chunks: 646)
[23:15:59] TERRAIN: Creating chunk: (13.0, 6.0) at distance 14.32
[23:15:59] TERRAIN: Chunk (13.0, 6.0): TRIMESH collision created successfully (distance: 14.32, vertices: 8)
[23:15:59] TERRAIN: Chunk created successfully: (13.0, 6.0) at world pos (416.0, 0.0, 192.0) (total chunks: 647)
[23:15:59] TERRAIN: Creating chunk: (-13.0, -6.0) at distance 14.32
[23:15:59] TERRAIN: Chunk (-13.0, -6.0): TRIMESH collision created successfully (distance: 14.32, vertices: 8)
[23:15:59] TERRAIN: Chunk created successfully: (-13.0, -6.0) at world pos (-416.0, 0.0, -192.0) (total chunks: 648)
[23:15:59] TERRAIN: Creating chunk: (3.0, 14.0) at distance 14.32
[23:15:59] TERRAIN: Chunk (3.0, 14.0): TRIMESH collision created successfully (distance: 14.32, vertices: 8)
[23:15:59] TERRAIN: Chunk created successfully: (3.0, 14.0) at world pos (96.0, 0.0, 448.0) (total chunks: 649)
[23:15:59] TERRAIN: Creating chunk: (3.0, -14.0) at distance 14.32
[23:15:59] TERRAIN: Chunk (3.0, -14.0): TRIMESH collision created successfully (distance: 14.32, vertices: 8)
[23:15:59] TERRAIN: Chunk created successfully: (3.0, -14.0) at world pos (96.0, 0.0, -448.0) (total chunks: 650)
[23:15:59] TERRAIN: Creating chunk: (-13.0, 6.0) at distance 14.32
[23:15:59] TERRAIN: Chunk (-13.0, 6.0): TRIMESH collision created successfully (distance: 14.32, vertices: 8)
[23:15:59] TERRAIN: Chunk created successfully: (-13.0, 6.0) at world pos (-416.0, 0.0, 192.0) (total chunks: 651)
[23:15:59] TERRAIN: Creating chunk: (-6.0, 13.0) at distance 14.32
[23:15:59] TERRAIN: Chunk (-6.0, 13.0): TRIMESH collision created successfully (distance: 14.32, vertices: 8)
[23:15:59] TERRAIN: Chunk created successfully: (-6.0, 13.0) at world pos (-192.0, 0.0, 416.0) (total chunks: 652)
[23:15:59] TERRAIN: Creating chunk: (-14.0, -3.0) at distance 14.32
[23:15:59] TERRAIN: Chunk (-14.0, -3.0): TRIMESH collision created successfully (distance: 14.32, vertices: 8)
[23:15:59] TERRAIN: Chunk created successfully: (-14.0, -3.0) at world pos (-448.0, 0.0, -96.0) (total chunks: 653)
[23:15:59] TERRAIN: Creating chunk: (-3.0, -14.0) at distance 14.32
[23:15:59] TERRAIN: Chunk (-3.0, -14.0): TRIMESH collision created successfully (distance: 14.32, vertices: 8)
[23:15:59] TERRAIN: Chunk created successfully: (-3.0, -14.0) at world pos (-96.0, 0.0, -448.0) (total chunks: 654)
[23:15:59] TERRAIN: Creating chunk: (13.0, -6.0) at distance 14.32
[23:15:59] TERRAIN: Chunk (13.0, -6.0): TRIMESH collision created successfully (distance: 14.32, vertices: 8)
[23:15:59] TERRAIN: Chunk created successfully: (13.0, -6.0) at world pos (416.0, 0.0, -192.0) (total chunks: 655)
[23:15:59] TERRAIN: Creating chunk: (14.0, 3.0) at distance 14.32
[23:15:59] TERRAIN: Chunk (14.0, 3.0): TRIMESH collision created successfully (distance: 14.32, vertices: 8)
[23:15:59] TERRAIN: Chunk created successfully: (14.0, 3.0) at world pos (448.0, 0.0, 96.0) (total chunks: 656)
[23:15:59] TERRAIN: Creating chunk: (-3.0, 14.0) at distance 14.32
[23:15:59] TERRAIN: Chunk (-3.0, 14.0): TRIMESH collision created successfully (distance: 14.32, vertices: 8)
[23:15:59] TERRAIN: Chunk created successfully: (-3.0, 14.0) at world pos (-96.0, 0.0, 448.0) (total chunks: 657)
[23:15:59] TERRAIN: Creating chunk: (12.0, 8.0) at distance 14.42
[23:15:59] TERRAIN: Chunk (12.0, 8.0): TRIMESH collision created successfully (distance: 14.42, vertices: 8)
[23:15:59] TERRAIN: Chunk created successfully: (12.0, 8.0) at world pos (384.0, 0.0, 256.0) (total chunks: 658)
[23:15:59] TERRAIN: Creating chunk: (12.0, -8.0) at distance 14.42
[23:15:59] TERRAIN: Chunk (12.0, -8.0): TRIMESH collision created successfully (distance: 14.42, vertices: 8)
[23:15:59] TERRAIN: Chunk created successfully: (12.0, -8.0) at world pos (384.0, 0.0, -256.0) (total chunks: 659)
[23:15:59] TERRAIN: Creating chunk: (-12.0, -8.0) at distance 14.42
[23:15:59] TERRAIN: Chunk (-12.0, -8.0): TRIMESH collision created successfully (distance: 14.42, vertices: 8)
[23:15:59] TERRAIN: Chunk created successfully: (-12.0, -8.0) at world pos (-384.0, 0.0, -256.0) (total chunks: 660)
[23:15:59] TERRAIN: Creating chunk: (-12.0, 8.0) at distance 14.42
[23:15:59] TERRAIN: Chunk (-12.0, 8.0): TRIMESH collision created successfully (distance: 14.42, vertices: 8)
[23:15:59] TERRAIN: Chunk created successfully: (-12.0, 8.0) at world pos (-384.0, 0.0, 256.0) (total chunks: 661)
[23:15:59] TERRAIN: Creating chunk: (-8.0, -12.0) at distance 14.42
[23:15:59] TERRAIN: Chunk (-8.0, -12.0): TRIMESH collision created successfully (distance: 14.42, vertices: 8)
[23:15:59] TERRAIN: Chunk created successfully: (-8.0, -12.0) at world pos (-256.0, 0.0, -384.0) (total chunks: 662)
[23:15:59] TERRAIN: Creating chunk: (-8.0, 12.0) at distance 14.42
[23:15:59] TERRAIN: Chunk (-8.0, 12.0): TRIMESH collision created successfully (distance: 14.42, vertices: 8)
[23:15:59] TERRAIN: Chunk created successfully: (-8.0, 12.0) at world pos (-256.0, 0.0, 384.0) (total chunks: 663)
[23:15:59] TERRAIN: Creating chunk: (8.0, -12.0) at distance 14.42
[23:15:59] TERRAIN: Chunk (8.0, -12.0): TRIMESH collision created successfully (distance: 14.42, vertices: 8)
[23:15:59] TERRAIN: Chunk created successfully: (8.0, -12.0) at world pos (256.0, 0.0, -384.0) (total chunks: 664)
[23:15:59] TERRAIN: Creating chunk: (8.0, 12.0) at distance 14.42
[23:15:59] TERRAIN: Chunk (8.0, 12.0): TRIMESH collision created successfully (distance: 14.42, vertices: 8)
[23:15:59] TERRAIN: Chunk created successfully: (8.0, 12.0) at world pos (256.0, 0.0, 384.0) (total chunks: 665)
[23:15:59] TERRAIN: Creating chunk: (14.0, -4.0) at distance 14.56
[23:15:59] TERRAIN: Chunk (14.0, -4.0): TRIMESH collision created successfully (distance: 14.56, vertices: 8)
[23:15:59] TERRAIN: Chunk created successfully: (14.0, -4.0) at world pos (448.0, 0.0, -128.0) (total chunks: 666)
[23:15:59] TERRAIN: Creating chunk: (4.0, 14.0) at distance 14.56
[23:15:59] TERRAIN: Chunk (4.0, 14.0): TRIMESH collision created successfully (distance: 14.56, vertices: 8)
[23:15:59] TERRAIN: Chunk created successfully: (4.0, 14.0) at world pos (128.0, 0.0, 448.0) (total chunks: 667)
[23:15:59] TERRAIN: Creating chunk: (4.0, -14.0) at distance 14.56
[23:15:59] TERRAIN: Chunk (4.0, -14.0): TRIMESH collision created successfully (distance: 14.56, vertices: 8)
[23:15:59] TERRAIN: Chunk created successfully: (4.0, -14.0) at world pos (128.0, 0.0, -448.0) (total chunks: 668)
[23:15:59] TERRAIN: Creating chunk: (-4.0, 14.0) at distance 14.56
[23:15:59] TERRAIN: Chunk (-4.0, 14.0): TRIMESH collision created successfully (distance: 14.56, vertices: 8)
[23:15:59] TERRAIN: Chunk created successfully: (-4.0, 14.0) at world pos (-128.0, 0.0, 448.0) (total chunks: 669)
[23:15:59] TERRAIN: Creating chunk: (-4.0, -14.0) at distance 14.56
[23:15:59] TERRAIN: Chunk (-4.0, -14.0): TRIMESH collision created successfully (distance: 14.56, vertices: 8)
[23:15:59] TERRAIN: Chunk created successfully: (-4.0, -14.0) at world pos (-128.0, 0.0, -448.0) (total chunks: 670)
[23:15:59] TERRAIN: Creating chunk: (14.0, 4.0) at distance 14.56
[23:15:59] TERRAIN: Chunk (14.0, 4.0): TRIMESH collision created successfully (distance: 14.56, vertices: 8)
[23:15:59] TERRAIN: Chunk created successfully: (14.0, 4.0) at world pos (448.0, 0.0, 128.0) (total chunks: 671)
[23:15:59] TERRAIN: Creating chunk: (-14.0, 4.0) at distance 14.56
[23:16:00] TERRAIN: Chunk (-14.0, 4.0): TRIMESH collision created successfully (distance: 14.56, vertices: 8)
[23:16:00] TERRAIN: Chunk created successfully: (-14.0, 4.0) at world pos (-448.0, 0.0, 128.0) (total chunks: 672)
[23:16:00] TERRAIN: Creating chunk: (-14.0, -4.0) at distance 14.56
[23:16:00] TERRAIN: Chunk (-14.0, -4.0): TRIMESH collision created successfully (distance: 14.56, vertices: 8)
[23:16:00] TERRAIN: Chunk created successfully: (-14.0, -4.0) at world pos (-448.0, 0.0, -128.0) (total chunks: 673)
[23:16:00] TERRAIN: Creating chunk: (13.0, -7.0) at distance 14.76
[23:16:00] TERRAIN: Chunk (13.0, -7.0): TRIMESH collision created successfully (distance: 14.76, vertices: 8)
[23:16:00] TERRAIN: Chunk created successfully: (13.0, -7.0) at world pos (416.0, 0.0, -224.0) (total chunks: 674)
[23:16:00] TERRAIN: Creating chunk: (7.0, 13.0) at distance 14.76
[23:16:00] TERRAIN: Chunk (7.0, 13.0): TRIMESH collision created successfully (distance: 14.76, vertices: 8)
[23:16:00] TERRAIN: Chunk created successfully: (7.0, 13.0) at world pos (224.0, 0.0, 416.0) (total chunks: 675)
[23:16:00] TERRAIN: Creating chunk: (7.0, -13.0) at distance 14.76
[23:16:00] TERRAIN: Chunk (7.0, -13.0): TRIMESH collision created successfully (distance: 14.76, vertices: 8)
[23:16:00] TERRAIN: Chunk created successfully: (7.0, -13.0) at world pos (224.0, 0.0, -416.0) (total chunks: 676)
[23:16:00] TERRAIN: Creating chunk: (-7.0, 13.0) at distance 14.76
[23:16:00] TERRAIN: Chunk (-7.0, 13.0): TRIMESH collision created successfully (distance: 14.76, vertices: 8)
[23:16:00] TERRAIN: Chunk created successfully: (-7.0, 13.0) at world pos (-224.0, 0.0, 416.0) (total chunks: 677)
[23:16:00] TERRAIN: Creating chunk: (-7.0, -13.0) at distance 14.76
[23:16:00] TERRAIN: Chunk (-7.0, -13.0): TRIMESH collision created successfully (distance: 14.76, vertices: 8)
[23:16:00] TERRAIN: Chunk created successfully: (-7.0, -13.0) at world pos (-224.0, 0.0, -416.0) (total chunks: 678)
[23:16:00] TERRAIN: Creating chunk: (-13.0, 7.0) at distance 14.76
[23:16:00] TERRAIN: Chunk (-13.0, 7.0): TRIMESH collision created successfully (distance: 14.76, vertices: 8)
[23:16:00] TERRAIN: Chunk created successfully: (-13.0, 7.0) at world pos (-416.0, 0.0, 224.0) (total chunks: 679)
[23:16:00] TERRAIN: Creating chunk: (-13.0, -7.0) at distance 14.76
[23:16:00] TERRAIN: Chunk (-13.0, -7.0): TRIMESH collision created successfully (distance: 14.76, vertices: 8)
[23:16:00] TERRAIN: Chunk created successfully: (-13.0, -7.0) at world pos (-416.0, 0.0, -224.0) (total chunks: 680)
[23:16:00] TERRAIN: Creating chunk: (13.0, 7.0) at distance 14.76
[23:16:00] TERRAIN: Chunk (13.0, 7.0): TRIMESH collision created successfully (distance: 14.76, vertices: 8)
[23:16:00] TERRAIN: Chunk created successfully: (13.0, 7.0) at world pos (416.0, 0.0, 224.0) (total chunks: 681)
[23:16:00] TERRAIN: Creating chunk: (14.0, -5.0) at distance 14.87
[23:16:00] TERRAIN: Chunk (14.0, -5.0): TRIMESH collision created successfully (distance: 14.87, vertices: 8)
[23:16:00] TERRAIN: Chunk created successfully: (14.0, -5.0) at world pos (448.0, 0.0, -160.0) (total chunks: 682)
[23:16:00] TERRAIN: Creating chunk: (11.0, 10.0) at distance 14.87
[23:16:00] TERRAIN: Chunk (11.0, 10.0): TRIMESH collision created successfully (distance: 14.87, vertices: 8)
[23:16:00] TERRAIN: Chunk created successfully: (11.0, 10.0) at world pos (352.0, 0.0, 320.0) (total chunks: 683)
[23:16:00] TERRAIN: Creating chunk: (11.0, -10.0) at distance 14.87
[23:16:00] TERRAIN: Chunk (11.0, -10.0): TRIMESH collision created successfully (distance: 14.87, vertices: 8)
[23:16:00] TERRAIN: Chunk created successfully: (11.0, -10.0) at world pos (352.0, 0.0, -320.0) (total chunks: 684)
[23:16:00] TERRAIN: Creating chunk: (10.0, 11.0) at distance 14.87
[23:16:00] TERRAIN: Chunk (10.0, 11.0): TRIMESH collision created successfully (distance: 14.87, vertices: 8)
[23:16:00] TERRAIN: Chunk created successfully: (10.0, 11.0) at world pos (320.0, 0.0, 352.0) (total chunks: 685)
[23:16:00] TERRAIN: Creating chunk: (10.0, -11.0) at distance 14.87
[23:16:00] TERRAIN: Chunk (10.0, -11.0): TRIMESH collision created successfully (distance: 14.87, vertices: 8)
[23:16:00] TERRAIN: Chunk created successfully: (10.0, -11.0) at world pos (320.0, 0.0, -352.0) (total chunks: 686)
[23:16:00] TERRAIN: Creating chunk: (5.0, 14.0) at distance 14.87
[23:16:00] TERRAIN: Chunk (5.0, 14.0): TRIMESH collision created successfully (distance: 14.87, vertices: 8)
[23:16:00] TERRAIN: Chunk created successfully: (5.0, 14.0) at world pos (160.0, 0.0, 448.0) (total chunks: 687)
[23:16:00] TERRAIN: Creating chunk: (5.0, -14.0) at distance 14.87
[23:16:00] TERRAIN: Chunk (5.0, -14.0): TRIMESH collision created successfully (distance: 14.87, vertices: 8)
[23:16:00] TERRAIN: Chunk created successfully: (5.0, -14.0) at world pos (160.0, 0.0, -448.0) (total chunks: 688)
[23:16:00] TERRAIN: Creating chunk: (-5.0, 14.0) at distance 14.87
[23:16:00] TERRAIN: Chunk (-5.0, 14.0): TRIMESH collision created successfully (distance: 14.87, vertices: 8)
[23:16:00] TERRAIN: Chunk created successfully: (-5.0, 14.0) at world pos (-160.0, 0.0, 448.0) (total chunks: 689)
[23:16:00] TERRAIN: Creating chunk: (-5.0, -14.0) at distance 14.87
[23:16:00] TERRAIN: Chunk (-5.0, -14.0): TRIMESH collision created successfully (distance: 14.87, vertices: 8)
[23:16:00] TERRAIN: Chunk created successfully: (-5.0, -14.0) at world pos (-160.0, 0.0, -448.0) (total chunks: 690)
[23:16:00] TERRAIN: Creating chunk: (-10.0, 11.0) at distance 14.87
[23:16:00] TERRAIN: Chunk (-10.0, 11.0): TRIMESH collision created successfully (distance: 14.87, vertices: 8)
[23:16:00] TERRAIN: Chunk created successfully: (-10.0, 11.0) at world pos (-320.0, 0.0, 352.0) (total chunks: 691)
[23:16:00] TERRAIN: Creating chunk: (-10.0, -11.0) at distance 14.87
[23:16:00] TERRAIN: Chunk (-10.0, -11.0): TRIMESH collision created successfully (distance: 14.87, vertices: 8)
[23:16:00] TERRAIN: Chunk created successfully: (-10.0, -11.0) at world pos (-320.0, 0.0, -352.0) (total chunks: 692)
[23:16:00] TERRAIN: Creating chunk: (-11.0, 10.0) at distance 14.87
[23:16:00] TERRAIN: Chunk (-11.0, 10.0): TRIMESH collision created successfully (distance: 14.87, vertices: 8)
[23:16:00] TERRAIN: Chunk created successfully: (-11.0, 10.0) at world pos (-352.0, 0.0, 320.0) (total chunks: 693)
[23:16:00] TERRAIN: Creating chunk: (-11.0, -10.0) at distance 14.87
[23:16:00] TERRAIN: Chunk (-11.0, -10.0): TRIMESH collision created successfully (distance: 14.87, vertices: 8)
[23:16:00] TERRAIN: Chunk created successfully: (-11.0, -10.0) at world pos (-352.0, 0.0, -320.0) (total chunks: 694)
[23:16:00] TERRAIN: Creating chunk: (14.0, 5.0) at distance 14.87
[23:16:00] TERRAIN: Chunk (14.0, 5.0): TRIMESH collision created successfully (distance: 14.87, vertices: 8)
[23:16:00] TERRAIN: Chunk created successfully: (14.0, 5.0) at world pos (448.0, 0.0, 160.0) (total chunks: 695)
[23:16:00] TERRAIN: Creating chunk: (-14.0, 5.0) at distance 14.87
[23:16:00] TERRAIN: Chunk (-14.0, 5.0): TRIMESH collision created successfully (distance: 14.87, vertices: 8)
[23:16:00] TERRAIN: Chunk created successfully: (-14.0, 5.0) at world pos (-448.0, 0.0, 160.0) (total chunks: 696)
[23:16:00] TERRAIN: Creating chunk: (-14.0, -5.0) at distance 14.87
[23:16:00] TERRAIN: Chunk (-14.0, -5.0): TRIMESH collision created successfully (distance: 14.87, vertices: 8)
[23:16:00] TERRAIN: Chunk created successfully: (-14.0, -5.0) at world pos (-448.0, 0.0, -160.0) (total chunks: 697)
[23:16:00] TERRAIN: Creating chunk: (15.0, 0.0) at distance 15.00
[23:16:00] TERRAIN: Chunk (15.0, 0.0): TRIMESH collision created successfully (distance: 15.00, vertices: 8)
[23:16:00] TERRAIN: Chunk created successfully: (15.0, 0.0) at world pos (480.0, 0.0, 0.0) (total chunks: 698)
[23:16:00] TERRAIN: Creating chunk: (12.0, 9.0) at distance 15.00
[23:16:00] TERRAIN: Chunk (12.0, 9.0): TRIMESH collision created successfully (distance: 15.00, vertices: 8)
[23:16:00] TERRAIN: Chunk created successfully: (12.0, 9.0) at world pos (384.0, 0.0, 288.0) (total chunks: 699)
[23:16:00] TERRAIN: Creating chunk: (12.0, -9.0) at distance 15.00
[23:16:00] TERRAIN: Chunk (12.0, -9.0): TRIMESH collision created successfully (distance: 15.00, vertices: 8)
[23:16:00] TERRAIN: Chunk created successfully: (12.0, -9.0) at world pos (384.0, 0.0, -288.0) (total chunks: 700)
[23:16:00] TERRAIN: Creating chunk: (9.0, 12.0) at distance 15.00
[23:16:00] TERRAIN: Chunk (9.0, 12.0): TRIMESH collision created successfully (distance: 15.00, vertices: 8)
[23:16:00] TERRAIN: Chunk created successfully: (9.0, 12.0) at world pos (288.0, 0.0, 384.0) (total chunks: 701)
[23:16:00] TERRAIN: Creating chunk: (9.0, -12.0) at distance 15.00
[23:16:00] TERRAIN: Chunk (9.0, -12.0): TRIMESH collision created successfully (distance: 15.00, vertices: 8)
[23:16:00] TERRAIN: Chunk created successfully: (9.0, -12.0) at world pos (288.0, 0.0, -384.0) (total chunks: 702)
[23:16:00] TERRAIN: Creating chunk: (0.0, 15.0) at distance 15.00
[23:16:00] TERRAIN: Chunk (0.0, 15.0): TRIMESH collision created successfully (distance: 15.00, vertices: 8)
[23:16:00] TERRAIN: Chunk created successfully: (0.0, 15.0) at world pos (0.0, 0.0, 480.0) (total chunks: 703)
[23:16:00] TERRAIN: Creating chunk: (0.0, -15.0) at distance 15.00
[23:16:00] TERRAIN: Chunk (0.0, -15.0): TRIMESH collision created successfully (distance: 15.00, vertices: 8)
[23:16:00] TERRAIN: Chunk created successfully: (0.0, -15.0) at world pos (0.0, 0.0, -480.0) (total chunks: 704)
[23:16:00] TERRAIN: Creating chunk: (-9.0, 12.0) at distance 15.00
[23:16:00] TERRAIN: Chunk (-9.0, 12.0): TRIMESH collision created successfully (distance: 15.00, vertices: 8)
[23:16:00] TERRAIN: Chunk created successfully: (-9.0, 12.0) at world pos (-288.0, 0.0, 384.0) (total chunks: 705)
[23:16:00] TERRAIN: Creating chunk: (-9.0, -12.0) at distance 15.00
[23:16:00] TERRAIN: Chunk (-9.0, -12.0): TRIMESH collision created successfully (distance: 15.00, vertices: 8)
[23:16:00] TERRAIN: Chunk created successfully: (-9.0, -12.0) at world pos (-288.0, 0.0, -384.0) (total chunks: 706)
[23:16:00] TERRAIN: Creating chunk: (-12.0, 9.0) at distance 15.00
[23:16:00] TERRAIN: Chunk (-12.0, 9.0): TRIMESH collision created successfully (distance: 15.00, vertices: 8)
[23:16:00] TERRAIN: Chunk created successfully: (-12.0, 9.0) at world pos (-384.0, 0.0, 288.0) (total chunks: 707)
[23:16:00] TERRAIN: Creating chunk: (-12.0, -9.0) at distance 15.00
[23:16:00] TERRAIN: Chunk (-12.0, -9.0): TRIMESH collision created successfully (distance: 15.00, vertices: 8)
[23:16:00] TERRAIN: Chunk created successfully: (-12.0, -9.0) at world pos (-384.0, 0.0, -288.0) (total chunks: 708)
[23:16:00] TERRAIN: Creating chunk: (-15.0, 0.0) at distance 15.00
[23:16:00] TERRAIN: Chunk (-15.0, 0.0): TRIMESH collision created successfully (distance: 15.00, vertices: 8)
[23:16:00] TERRAIN: Chunk created successfully: (-15.0, 0.0) at world pos (-480.0, 0.0, 0.0) (total chunks: 709)
[23:16:00] PLAYER: Pos: (0.0, 0.000485, 0.0) | Chunk: (0.0, 0.0) | TerrainHeight: 0.00 | HeightDiff: 0.00 | OnFloor: true
[23:16:01] PLAYER: Pos: (0.0, 0.000485, 0.0) | Chunk: (0.0, 0.0) | TerrainHeight: 0.00 | HeightDiff: 0.00 | OnFloor: true
[23:16:02] PLAYER: Pos: (0.0, 0.000485, 0.0) | Chunk: (0.0, 0.0) | TerrainHeight: 0.00 | HeightDiff: 0.00 | OnFloor: true
[23:16:03] PLAYER: Pos: (0.0, 0.000485, 0.0) | Chunk: (0.0, 0.0) | TerrainHeight: 0.00 | HeightDiff: 0.00 | OnFloor: true
[23:16:04] PLAYER: Pos: (0.0, 0.000485, 0.0) | Chunk: (0.0, 0.0) | TerrainHeight: 0.00 | HeightDiff: 0.00 | OnFloor: true
[23:16:05] PLAYER: Pos: (0.16659, 0.000485, 0.005075) | Chunk: (0.0, 0.0) | TerrainHeight: -0.00 | HeightDiff: 0.00 | OnFloor: true
[23:16:06] PLAYER: Pos: (4.938673, 0.002009, 1.069597) | Chunk: (0.0, 0.0) | TerrainHeight: 0.00 | HeightDiff: -0.00 | OnFloor: true
[23:16:07] PLAYER: Pos: (5.454292, 0.004139, 1.342333) | Chunk: (0.0, 0.0) | TerrainHeight: 0.00 | HeightDiff: 0.00 | OnFloor: true
[23:16:08] PLAYER: Pos: (5.454292, 0.004139, 1.342333) | Chunk: (0.0, 0.0) | TerrainHeight: 0.00 | HeightDiff: 0.00 | OnFloor: true
[23:16:09] PLAYER: Pos: (5.454292, 0.004139, 1.342333) | Chunk: (0.0, 0.0) | TerrainHeight: 0.00 | HeightDiff: 0.00 | OnFloor: true
[23:16:10] PLAYER: Pos: (5.454292, 0.004139, 1.342333) | Chunk: (0.0, 0.0) | TerrainHeight: 0.00 | HeightDiff: 0.00 | OnFloor: true
[23:16:11] PLAYER: Pos: (5.454292, 0.004139, 1.342333) | Chunk: (0.0, 0.0) | TerrainHeight: 0.00 | HeightDiff: 0.00 | OnFloor: true
[23:16:12] PLAYER: Pos: (5.454292, 0.004139, 1.342333) | Chunk: (0.0, 0.0) | TerrainHeight: 0.00 | HeightDiff: 0.00 | OnFloor: true
[23:16:13] PLAYER: Pos: (5.454292, 0.004139, 1.342333) | Chunk: (0.0, 0.0) | TerrainHeight: 0.00 | HeightDiff: 0.00 | OnFloor: true
[23:16:14] PLAYER: Pos: (5.454292, 0.004139, 1.342333) | Chunk: (0.0, 0.0) | TerrainHeight: 0.00 | HeightDiff: 0.00 | OnFloor: true
[23:16:15] PLAYER: Pos: (5.454292, 0.004139, 1.342333) | Chunk: (0.0, 0.0) | TerrainHeight: 0.00 | HeightDiff: 0.00 | OnFloor: true
[23:16:16] PLAYER: Pos: (5.454292, 0.004139, 1.342333) | Chunk: (0.0, 0.0) | TerrainHeight: 0.00 | HeightDiff: 0.00 | OnFloor: true
[23:16:17] PLAYER: Pos: (5.454292, 0.004139, 1.342333) | Chunk: (0.0, 0.0) | TerrainHeight: 0.00 | HeightDiff: 0.00 | OnFloor: true
[23:16:18] PLAYER: Pos: (5.454292, 0.004139, 1.342333) | Chunk: (0.0, 0.0) | TerrainHeight: 0.00 | HeightDiff: 0.00 | OnFloor: true
[23:16:19] PLAYER: Pos: (5.454292, 0.004139, 1.342333) | Chunk: (0.0, 0.0) | TerrainHeight: 0.00 | HeightDiff: 0.00 | OnFloor: true
[23:16:20] PLAYER: Pos: (5.454292, 0.004139, 1.342333) | Chunk: (0.0, 0.0) | TerrainHeight: 0.00 | HeightDiff: 0.00 | OnFloor: true
[23:16:21] PLAYER: Pos: (5.454292, 0.004139, 1.342333) | Chunk: (0.0, 0.0) | TerrainHeight: 0.00 | HeightDiff: 0.00 | OnFloor: true
[23:16:22] PLAYER: Pos: (5.454292, 0.004139, 1.342333) | Chunk: (0.0, 0.0) | TerrainHeight: 0.00 | HeightDiff: 0.00 | OnFloor: true
[23:16:23] PLAYER: Pos: (5.454292, 0.004139, 1.342333) | Chunk: (0.0, 0.0) | TerrainHeight: 0.00 | HeightDiff: 0.00 | OnFloor: true
[23:16:24] PLAYER: Pos: (5.454292, 0.004139, 1.342333) | Chunk: (0.0, 0.0) | TerrainHeight: 0.00 | HeightDiff: 0.00 | OnFloor: true
[23:16:25] PLAYER: Pos: (5.454292, 0.004139, 1.342333) | Chunk: (0.0, 0.0) | TerrainHeight: 0.00 | HeightDiff: 0.00 | OnFloor: true
[23:16:26] PLAYER: Pos: (5.454292, 0.004139, 1.342333) | Chunk: (0.0, 0.0) | TerrainHeight: 0.00 | HeightDiff: 0.00 | OnFloor: true
[23:16:27] PLAYER: Pos: (5.454292, 0.004139, 1.342333) | Chunk: (0.0, 0.0) | TerrainHeight: 0.00 | HeightDiff: 0.00 | OnFloor: true
[23:16:28] PLAYER: Pos: (5.454292, 0.004139, 1.342333) | Chunk: (0.0, 0.0) | TerrainHeight: 0.00 | HeightDiff: 0.00 | OnFloor: true
[23:16:29] PLAYER: Pos: (5.454292, 0.004139, 1.342333) | Chunk: (0.0, 0.0) | TerrainHeight: 0.00 | HeightDiff: 0.00 | OnFloor: true
[23:16:30] PLAYER: Pos: (5.454292, 0.004139, 1.342333) | Chunk: (0.0, 0.0) | TerrainHeight: 0.00 | HeightDiff: 0.00 | OnFloor: true
[23:16:31] PLAYER: Pos: (5.454292, 0.004139, 1.342333) | Chunk: (0.0, 0.0) | TerrainHeight: 0.00 | HeightDiff: 0.00 | OnFloor: true
[23:16:32] PLAYER: Pos: (5.454292, 0.004139, 1.342333) | Chunk: (0.0, 0.0) | TerrainHeight: 0.00 | HeightDiff: 0.00 | OnFloor: true
[23:16:33] PLAYER: Pos: (5.454292, 0.004139, 1.342333) | Chunk: (0.0, 0.0) | TerrainHeight: 0.00 | HeightDiff: 0.00 | OnFloor: true
[23:16:34] PLAYER: Pos: (5.454292, 0.004139, 1.342333) | Chunk: (0.0, 0.0) | TerrainHeight: 0.00 | HeightDiff: 0.00 | OnFloor: true
[23:16:35] PLAYER: Pos: (5.454292, 0.004139, 1.342333) | Chunk: (0.0, 0.0) | TerrainHeight: 0.00 | HeightDiff: 0.00 | OnFloor: true
[23:16:36] PLAYER: Pos: (5.454292, 0.004139, 1.342333) | Chunk: (0.0, 0.0) | TerrainHeight: 0.00 | HeightDiff: 0.00 | OnFloor: true
[23:16:37] PLAYER: Pos: (5.454292, 0.004139, 1.342333) | Chunk: (0.0, 0.0) | TerrainHeight: 0.00 | HeightDiff: 0.00 | OnFloor: true
[23:16:38] PLAYER: Pos: (5.454292, 0.004139, 1.342333) | Chunk: (0.0, 0.0) | TerrainHeight: 0.00 | HeightDiff: 0.00 | OnFloor: true
[23:16:39] PLAYER: Pos: (5.454292, 0.004139, 1.342333) | Chunk: (0.0, 0.0) | TerrainHeight: 0.00 | HeightDiff: 0.00 | OnFloor: true
[23:16:40] PLAYER: Pos: (5.454292, 0.004139, 1.342333) | Chunk: (0.0, 0.0) | TerrainHeight: 0.00 | HeightDiff: 0.00 | OnFloor: true
[23:16:41] PLAYER: Pos: (5.454292, 0.004139, 1.342333) | Chunk: (0.0, 0.0) | TerrainHeight: 0.00 | HeightDiff: 0.00 | OnFloor: true
[23:16:42] PLAYER: Pos: (5.454292, 0.004139, 1.342333) | Chunk: (0.0, 0.0) | TerrainHeight: 0.00 | HeightDiff: 0.00 | OnFloor: true
[23:16:43] PLAYER: Pos: (5.454292, 0.004139, 1.342333) | Chunk: (0.0, 0.0) | TerrainHeight: 0.00 | HeightDiff: 0.00 | OnFloor: true
[23:16:44] PLAYER: Pos: (5.454292, 0.004139, 1.342333) | Chunk: (0.0, 0.0) | TerrainHeight: 0.00 | HeightDiff: 0.00 | OnFloor: true
[23:16:45] PLAYER: Pos: (5.454292, 0.004139, 1.342333) | Chunk: (0.0, 0.0) | TerrainHeight: 0.00 | HeightDiff: 0.00 | OnFloor: true
[23:16:46] PLAYER: Pos: (5.454292, 0.004139, 1.342333) | Chunk: (0.0, 0.0) | TerrainHeight: 0.00 | HeightDiff: 0.00 | OnFloor: true
[23:16:47] PLAYER: Pos: (5.454292, 0.004139, 1.342333) | Chunk: (0.0, 0.0) | TerrainHeight: 0.00 | HeightDiff: 0.00 | OnFloor: true
[23:16:48] PLAYER: Pos: (5.454292, 0.004139, 1.342333) | Chunk: (0.0, 0.0) | TerrainHeight: 0.00 | HeightDiff: 0.00 | OnFloor: true
[23:16:49] PLAYER: Pos: (5.454292, 0.004139, 1.342333) | Chunk: (0.0, 0.0) | TerrainHeight: 0.00 | HeightDiff: 0.00 | OnFloor: true
[23:16:50] PLAYER: Pos: (5.454292, 0.004139, 1.342333) | Chunk: (0.0, 0.0) | TerrainHeight: 0.00 | HeightDiff: 0.00 | OnFloor: true
[23:16:51] PLAYER: Pos: (5.454292, 0.004139, 1.342333) | Chunk: (0.0, 0.0) | TerrainHeight: 0.00 | HeightDiff: 0.00 | OnFloor: true
[23:16:52] PLAYER: Pos: (5.454292, 0.004139, 1.342333) | Chunk: (0.0, 0.0) | TerrainHeight: 0.00 | HeightDiff: 0.00 | OnFloor: true
[23:16:53] PLAYER: Pos: (5.454292, 0.004139, 1.342333) | Chunk: (0.0, 0.0) | TerrainHeight: 0.00 | HeightDiff: 0.00 | OnFloor: true
[23:16:54] PLAYER: Pos: (5.454292, 0.004139, 1.342333) | Chunk: (0.0, 0.0) | TerrainHeight: 0.00 | HeightDiff: 0.00 | OnFloor: true
[23:16:55] PLAYER: Pos: (5.454292, 0.004139, 1.342333) | Chunk: (0.0, 0.0) | TerrainHeight: 0.00 | HeightDiff: 0.00 | OnFloor: true
[23:16:56] PLAYER: Pos: (5.454292, 0.004139, 1.342333) | Chunk: (0.0, 0.0) | TerrainHeight: 0.00 | HeightDiff: 0.00 | OnFloor: true
[23:16:57] PLAYER: Pos: (5.454292, 0.004139, 1.342333) | Chunk: (0.0, 0.0) | TerrainHeight: 0.00 | HeightDiff: 0.00 | OnFloor: true
[23:16:58] PLAYER: Pos: (5.454292, 0.004139, 1.342333) | Chunk: (0.0, 0.0) | TerrainHeight: 0.00 | HeightDiff: 0.00 | OnFloor: true
[23:16:59] PLAYER: Pos: (5.454292, 0.004139, 1.342333) | Chunk: (0.0, 0.0) | TerrainHeight: 0.00 | HeightDiff: 0.00 | OnFloor: true
[23:17:00] PLAYER: Pos: (5.454292, 0.004139, 1.342333) | Chunk: (0.0, 0.0) | TerrainHeight: 0.00 | HeightDiff: 0.00 | OnFloor: true
[23:17:01] PLAYER: Pos: (5.454292, 0.004139, 1.342333) | Chunk: (0.0, 0.0) | TerrainHeight: 0.00 | HeightDiff: 0.00 | OnFloor: true
[23:17:02] PLAYER: Pos: (5.454292, 0.004139, 1.342333) | Chunk: (0.0, 0.0) | TerrainHeight: 0.00 | HeightDiff: 0.00 | OnFloor: true
[23:17:03] PLAYER: Pos: (5.454292, 0.004139, 1.342333) | Chunk: (0.0, 0.0) | TerrainHeight: 0.00 | HeightDiff: 0.00 | OnFloor: true
[23:17:04] PLAYER: Pos: (5.454292, 0.004139, 1.342333) | Chunk: (0.0, 0.0) | TerrainHeight: 0.00 | HeightDiff: 0.00 | OnFloor: true
[23:17:05] PLAYER: Pos: (5.454292, 0.004139, 1.342333) | Chunk: (0.0, 0.0) | TerrainHeight: 0.00 | HeightDiff: 0.00 | OnFloor: true
[23:17:06] PLAYER: Pos: (5.454292, 0.004139, 1.342333) | Chunk: (0.0, 0.0) | TerrainHeight: 0.00 | HeightDiff: 0.00 | OnFloor: true
[23:17:07] PLAYER: Pos: (5.454292, 0.004139, 1.342333) | Chunk: (0.0, 0.0) | TerrainHeight: 0.00 | HeightDiff: 0.00 | OnFloor: true
[23:17:08] PLAYER: Pos: (5.454292, 0.004139, 1.342333) | Chunk: (0.0, 0.0) | TerrainHeight: 0.00 | HeightDiff: 0.00 | OnFloor: true
[23:17:09] PLAYER: Pos: (5.454292, 0.004139, 1.342333) | Chunk: (0.0, 0.0) | TerrainHeight: 0.00 | HeightDiff: 0.00 | OnFloor: true
[23:17:10] PLAYER: Pos: (5.454292, 0.004139, 1.342333) | Chunk: (0.0, 0.0) | TerrainHeight: 0.00 | HeightDiff: 0.00 | OnFloor: true
[23:17:11] PLAYER: Pos: (5.454292, 0.004139, 1.342333) | Chunk: (0.0, 0.0) | TerrainHeight: 0.00 | HeightDiff: 0.00 | OnFloor: true
[23:17:12] PLAYER: Pos: (5.454292, 0.004139, 1.342333) | Chunk: (0.0, 0.0) | TerrainHeight: 0.00 | HeightDiff: 0.00 | OnFloor: true
[23:17:13] PLAYER: Pos: (5.454292, 0.004139, 1.342333) | Chunk: (0.0, 0.0) | TerrainHeight: 0.00 | HeightDiff: 0.00 | OnFloor: true
[23:17:14] PLAYER: Pos: (5.454292, 0.004139, 1.342333) | Chunk: (0.0, 0.0) | TerrainHeight: 0.00 | HeightDiff: 0.00 | OnFloor: true
[23:17:15] PLAYER: Pos: (5.454292, 0.004139, 1.342333) | Chunk: (0.0, 0.0) | TerrainHeight: 0.00 | HeightDiff: 0.00 | OnFloor: true
[23:17:16] PLAYER: Pos: (5.454292, 0.004139, 1.342333) | Chunk: (0.0, 0.0) | TerrainHeight: 0.00 | HeightDiff: 0.00 | OnFloor: true
[23:17:17] PLAYER: Pos: (5.454292, 0.004139, 1.342333) | Chunk: (0.0, 0.0) | TerrainHeight: 0.00 | HeightDiff: 0.00 | OnFloor: true
[23:17:18] PLAYER: Pos: (5.454292, 0.004139, 1.342333) | Chunk: (0.0, 0.0) | TerrainHeight: 0.00 | HeightDiff: 0.00 | OnFloor: true
[23:17:19] PLAYER: Pos: (5.454292, 0.004139, 1.342333) | Chunk: (0.0, 0.0) | TerrainHeight: 0.00 | HeightDiff: 0.00 | OnFloor: true
[23:17:20] PLAYER: Pos: (5.454292, 0.004139, 1.342333) | Chunk: (0.0, 0.0) | TerrainHeight: 0.00 | HeightDiff: 0.00 | OnFloor: true
[23:17:21] PLAYER: Pos: (5.454292, 0.004139, 1.342333) | Chunk: (0.0, 0.0) | TerrainHeight: 0.00 | HeightDiff: 0.00 | OnFloor: true
[23:17:22] PLAYER: Pos: (5.454292, 0.004139, 1.342333) | Chunk: (0.0, 0.0) | TerrainHeight: 0.00 | HeightDiff: 0.00 | OnFloor: true
[23:17:23] PLAYER: Pos: (5.454292, 0.004139, 1.342333) | Chunk: (0.0, 0.0) | TerrainHeight: 0.00 | HeightDiff: 0.00 | OnFloor: true
[23:17:24] PLAYER: Pos: (5.454292, 0.004139, 1.342333) | Chunk: (0.0, 0.0) | TerrainHeight: 0.00 | HeightDiff: 0.00 | OnFloor: true
[23:17:25] PLAYER: Pos: (5.454292, 0.004139, 1.342333) | Chunk: (0.0, 0.0) | TerrainHeight: 0.00 | HeightDiff: 0.00 | OnFloor: true
[23:17:26] PLAYER: Pos: (5.454292, 0.004139, 1.342333) | Chunk: (0.0, 0.0) | TerrainHeight: 0.00 | HeightDiff: 0.00 | OnFloor: true
[23:17:27] PLAYER: Pos: (5.454292, 0.004139, 1.342333) | Chunk: (0.0, 0.0) | TerrainHeight: 0.00 | HeightDiff: 0.00 | OnFloor: true
[23:17:28] PLAYER: Pos: (3.752247, 0.004139, 2.023596) | Chunk: (0.0, 0.0) | TerrainHeight: 0.00 | HeightDiff: -0.00 | OnFloor: true
[23:17:29] TERRAIN: Player moved to new chunk: (-1.0, 0.0) (was (0.0, 0.0))
[23:17:29] PLAYER: Pos: (-0.330794, 0.018953, 4.821082) | Chunk: (-1.0, 0.0) | TerrainHeight: 0.02 | HeightDiff: -0.00 | OnFloor: true
[23:17:29] PLAYER: CHUNK CHANGED: (0.0, 0.0) -> (-1.0, 0.0)
[23:17:30] PLAYER: Pos: (-4.810771, 0.028668, 7.036159) | Chunk: (-1.0, 0.0) | TerrainHeight: 0.03 | HeightDiff: 0.00 | OnFloor: true
[23:17:31] PLAYER: Pos: (-5.261783, 0.028668, 7.252) | Chunk: (-1.0, 0.0) | TerrainHeight: 0.03 | HeightDiff: -0.00 | OnFloor: true
[23:17:32] PLAYER: Pos: (-8.792204, 0.035135, 10.54645) | Chunk: (-1.0, 0.0) | TerrainHeight: 0.04 | HeightDiff: -0.00 | OnFloor: true
[23:17:33] PLAYER: Pos: (-8.480689, 0.029459, 15.49961) | Chunk: (-1.0, 0.0) | TerrainHeight: 0.03 | HeightDiff: 0.00 | OnFloor: true
[23:17:34] PLAYER: Pos: (-9.680374, 0.027038, 20.33407) | Chunk: (-1.0, 0.0) | TerrainHeight: 0.03 | HeightDiff: 0.00 | OnFloor: true
[23:17:35] PLAYER: Pos: (-9.90485, 0.01986, 25.32907) | Chunk: (-1.0, 0.0) | TerrainHeight: 0.02 | HeightDiff: 0.00 | OnFloor: true
[23:17:36] PLAYER: Pos: (-12.03039, 0.024771, 29.69826) | Chunk: (-1.0, 0.0) | TerrainHeight: 0.02 | HeightDiff: 0.00 | OnFloor: true
[23:17:36] TERRAIN: Player moved to new chunk: (-1.0, 1.0) (was (-1.0, 0.0))
[23:17:36] TERRAIN: Updating terrain for player chunk: (-1.0, 1.0) (player pos: (-12.92533, 0.029576, 32.0195))
[23:17:36] TERRAIN: Player chunk (-1.0, 1.0) distance: 0.00 (max_distance: 20)
[23:17:36] TERRAIN: Queuing 43 new chunks for generation
[23:17:36] TERRAIN: Queued chunk: (-8.0, 13.0) (distance: 13.89)
[23:17:36] TERRAIN: Queued chunk: (-13.0, 8.0) (distance: 13.89)
[23:17:36] TERRAIN: Queued chunk: (-6.0, 14.0) (distance: 13.93)
[23:17:36] TERRAIN: Queued chunk: (-14.0, 6.0) (distance: 13.93)
[23:17:36] TERRAIN: Queued chunk: (-1.0, 15.0) (distance: 14.00)
[23:17:36] TERRAIN: Queued chunk: (-15.0, 1.0) (distance: 14.00)
[23:17:36] TERRAIN: Queued chunk: (-2.0, 15.0) (distance: 14.04)
[23:17:36] TERRAIN: Queued chunk: (-15.0, 2.0) (distance: 14.04)
[23:17:36] TERRAIN: Queued chunk: (1.0, 15.0) (distance: 14.14)
[23:17:36] TERRAIN: Queued chunk: (-3.0, 15.0) (distance: 14.14)
[23:17:36] TERRAIN: Queued chunk: (-15.0, -1.0) (distance: 14.14)
[23:17:36] TERRAIN: Queued chunk: (-15.0, 3.0) (distance: 14.14)
[23:17:36] TERRAIN: Queued chunk: (-11.0, 11.0) (distance: 14.14)
[23:17:36] TERRAIN: Queued chunk: (-10.0, 12.0) (distance: 14.21)
[23:17:36] TERRAIN: Queued chunk: (-12.0, 10.0) (distance: 14.21)
[23:17:36] TERRAIN: Queued chunk: (2.0, 15.0) (distance: 14.32)
[23:17:36] TERRAIN: Queued chunk: (-15.0, -2.0) (distance: 14.32)
[23:17:36] TERRAIN: Queued chunk: (-14.0, 7.0) (distance: 14.32)
[23:17:36] TERRAIN: Queued chunk: (-4.0, 15.0) (distance: 14.32)
[23:17:36] TERRAIN: Queued chunk: (-15.0, 4.0) (distance: 14.32)
[23:17:36] TERRAIN: Queued chunk: (-7.0, 14.0) (distance: 14.32)
[23:17:36] TERRAIN: Queued chunk: (-13.0, 9.0) (distance: 14.42)
[23:17:36] TERRAIN: Queued chunk: (-9.0, 13.0) (distance: 14.42)
[23:17:36] TERRAIN: Queued chunk: (-15.0, -3.0) (distance: 14.56)
[23:17:36] TERRAIN: Queued chunk: (-5.0, 15.0) (distance: 14.56)
[23:17:36] TERRAIN: Queued chunk: (3.0, 15.0) (distance: 14.56)
[23:17:36] TERRAIN: Queued chunk: (-15.0, 5.0) (distance: 14.56)
[23:17:36] TERRAIN: Queued chunk: (-8.0, 14.0) (distance: 14.76)
[23:17:36] TERRAIN: Queued chunk: (-14.0, -6.0) (distance: 14.76)
[23:17:36] TERRAIN: Queued chunk: (-14.0, 8.0) (distance: 14.76)
[23:17:36] TERRAIN: Queued chunk: (6.0, 14.0) (distance: 14.76)
[23:17:36] TERRAIN: Queued chunk: (-15.0, 6.0) (distance: 14.87)
[23:17:36] TERRAIN: Queued chunk: (-11.0, 12.0) (distance: 14.87)
[23:17:36] TERRAIN: Queued chunk: (-6.0, 15.0) (distance: 14.87)
[23:17:36] TERRAIN: Queued chunk: (-12.0, 11.0) (distance: 14.87)
[23:17:36] TERRAIN: Queued chunk: (4.0, 15.0) (distance: 14.87)
[23:17:36] TERRAIN: Queued chunk: (-15.0, -4.0) (distance: 14.87)
[23:17:36] TERRAIN: Queued chunk: (8.0, 13.0) (distance: 15.00)
[23:17:36] TERRAIN: Queued chunk: (-1.0, 16.0) (distance: 15.00)
[23:17:36] TERRAIN: Queued chunk: (-10.0, 13.0) (distance: 15.00)
[23:17:36] TERRAIN: Queued chunk: (-13.0, 10.0) (distance: 15.00)
[23:17:36] TERRAIN: Queued chunk: (-13.0, -8.0) (distance: 15.00)
[23:17:36] TERRAIN: Queued chunk: (-16.0, 1.0) (distance: 15.00)
[23:17:36] TERRAIN: Creating chunk: (-8.0, 13.0) at distance 13.89
[23:17:36] TERRAIN: Chunk (-8.0, 13.0): TRIMESH collision created successfully (distance: 13.89, vertices: 8)
[23:17:36] TERRAIN: Chunk created successfully: (-8.0, 13.0) at world pos (-256.0, 0.0, 416.0) (total chunks: 710)
[23:17:36] TERRAIN: Creating chunk: (-13.0, 8.0) at distance 13.89
[23:17:36] TERRAIN: Chunk (-13.0, 8.0): TRIMESH collision created successfully (distance: 13.89, vertices: 8)
[23:17:36] TERRAIN: Chunk created successfully: (-13.0, 8.0) at world pos (-416.0, 0.0, 256.0) (total chunks: 711)
[23:17:36] TERRAIN: Creating chunk: (-6.0, 14.0) at distance 13.93
[23:17:36] TERRAIN: Chunk (-6.0, 14.0): TRIMESH collision created successfully (distance: 13.93, vertices: 8)
[23:17:36] TERRAIN: Chunk created successfully: (-6.0, 14.0) at world pos (-192.0, 0.0, 448.0) (total chunks: 712)
[23:17:36] TERRAIN: Creating chunk: (-14.0, 6.0) at distance 13.93
[23:17:36] TERRAIN: Chunk (-14.0, 6.0): TRIMESH collision created successfully (distance: 13.93, vertices: 8)
[23:17:36] TERRAIN: Chunk created successfully: (-14.0, 6.0) at world pos (-448.0, 0.0, 192.0) (total chunks: 713)
[23:17:36] TERRAIN: Creating chunk: (-1.0, 15.0) at distance 14.00
[23:17:36] TERRAIN: Chunk (-1.0, 15.0): TRIMESH collision created successfully (distance: 14.00, vertices: 8)
[23:17:36] TERRAIN: Chunk created successfully: (-1.0, 15.0) at world pos (-32.0, 0.0, 480.0) (total chunks: 714)
[23:17:36] TERRAIN: Creating chunk: (-15.0, 1.0) at distance 14.00
[23:17:36] TERRAIN: Chunk (-15.0, 1.0): TRIMESH collision created successfully (distance: 14.00, vertices: 8)
[23:17:36] TERRAIN: Chunk created successfully: (-15.0, 1.0) at world pos (-480.0, 0.0, 32.0) (total chunks: 715)
[23:17:36] TERRAIN: Creating chunk: (-2.0, 15.0) at distance 14.04
[23:17:36] TERRAIN: Chunk (-2.0, 15.0): TRIMESH collision created successfully (distance: 14.04, vertices: 8)
[23:17:36] TERRAIN: Chunk created successfully: (-2.0, 15.0) at world pos (-64.0, 0.0, 480.0) (total chunks: 716)
[23:17:36] TERRAIN: Creating chunk: (-15.0, 2.0) at distance 14.04
[23:17:36] TERRAIN: Chunk (-15.0, 2.0): TRIMESH collision created successfully (distance: 14.04, vertices: 8)
[23:17:36] TERRAIN: Chunk created successfully: (-15.0, 2.0) at world pos (-480.0, 0.0, 64.0) (total chunks: 717)
[23:17:36] TERRAIN: Creating chunk: (1.0, 15.0) at distance 14.14
[23:17:36] TERRAIN: Chunk (1.0, 15.0): TRIMESH collision created successfully (distance: 14.14, vertices: 8)
[23:17:36] TERRAIN: Chunk created successfully: (1.0, 15.0) at world pos (32.0, 0.0, 480.0) (total chunks: 718)
[23:17:36] TERRAIN: Creating chunk: (-3.0, 15.0) at distance 14.14
[23:17:36] TERRAIN: Chunk (-3.0, 15.0): TRIMESH collision created successfully (distance: 14.14, vertices: 8)
[23:17:36] TERRAIN: Chunk created successfully: (-3.0, 15.0) at world pos (-96.0, 0.0, 480.0) (total chunks: 719)
[23:17:36] TERRAIN: Creating chunk: (-15.0, -1.0) at distance 14.14
[23:17:36] TERRAIN: Chunk (-15.0, -1.0): TRIMESH collision created successfully (distance: 14.14, vertices: 8)
[23:17:36] TERRAIN: Chunk created successfully: (-15.0, -1.0) at world pos (-480.0, 0.0, -32.0) (total chunks: 720)
[23:17:36] TERRAIN: Creating chunk: (-15.0, 3.0) at distance 14.14
[23:17:36] TERRAIN: Chunk (-15.0, 3.0): TRIMESH collision created successfully (distance: 14.14, vertices: 8)
[23:17:36] TERRAIN: Chunk created successfully: (-15.0, 3.0) at world pos (-480.0, 0.0, 96.0) (total chunks: 721)
[23:17:36] TERRAIN: Creating chunk: (-11.0, 11.0) at distance 14.14
[23:17:36] TERRAIN: Chunk (-11.0, 11.0): TRIMESH collision created successfully (distance: 14.14, vertices: 8)
[23:17:36] TERRAIN: Chunk created successfully: (-11.0, 11.0) at world pos (-352.0, 0.0, 352.0) (total chunks: 722)
[23:17:36] TERRAIN: Creating chunk: (-10.0, 12.0) at distance 14.21
[23:17:36] TERRAIN: Chunk (-10.0, 12.0): TRIMESH collision created successfully (distance: 14.21, vertices: 8)
[23:17:36] TERRAIN: Chunk created successfully: (-10.0, 12.0) at world pos (-320.0, 0.0, 384.0) (total chunks: 723)
[23:17:36] TERRAIN: Creating chunk: (-12.0, 10.0) at distance 14.21
[23:17:36] TERRAIN: Chunk (-12.0, 10.0): TRIMESH collision created successfully (distance: 14.21, vertices: 8)
[23:17:36] TERRAIN: Chunk created successfully: (-12.0, 10.0) at world pos (-384.0, 0.0, 320.0) (total chunks: 724)
[23:17:36] TERRAIN: Creating chunk: (2.0, 15.0) at distance 14.32
[23:17:36] TERRAIN: Chunk (2.0, 15.0): TRIMESH collision created successfully (distance: 14.32, vertices: 8)
[23:17:36] TERRAIN: Chunk created successfully: (2.0, 15.0) at world pos (64.0, 0.0, 480.0) (total chunks: 725)
[23:17:36] TERRAIN: Creating chunk: (-15.0, -2.0) at distance 14.32
[23:17:36] TERRAIN: Chunk (-15.0, -2.0): TRIMESH collision created successfully (distance: 14.32, vertices: 8)
[23:17:36] TERRAIN: Chunk created successfully: (-15.0, -2.0) at world pos (-480.0, 0.0, -64.0) (total chunks: 726)
[23:17:36] TERRAIN: Creating chunk: (-14.0, 7.0) at distance 14.32
[23:17:36] TERRAIN: Chunk (-14.0, 7.0): TRIMESH collision created successfully (distance: 14.32, vertices: 8)
[23:17:36] TERRAIN: Chunk created successfully: (-14.0, 7.0) at world pos (-448.0, 0.0, 224.0) (total chunks: 727)
[23:17:36] TERRAIN: Creating chunk: (-4.0, 15.0) at distance 14.32
[23:17:36] TERRAIN: Chunk (-4.0, 15.0): TRIMESH collision created successfully (distance: 14.32, vertices: 8)
[23:17:36] TERRAIN: Chunk created successfully: (-4.0, 15.0) at world pos (-128.0, 0.0, 480.0) (total chunks: 728)
[23:17:36] TERRAIN: Creating chunk: (-15.0, 4.0) at distance 14.32
[23:17:36] TERRAIN: Chunk (-15.0, 4.0): TRIMESH collision created successfully (distance: 14.32, vertices: 8)
[23:17:36] TERRAIN: Chunk created successfully: (-15.0, 4.0) at world pos (-480.0, 0.0, 128.0) (total chunks: 729)
[23:17:36] TERRAIN: Creating chunk: (-7.0, 14.0) at distance 14.32
[23:17:36] TERRAIN: Chunk (-7.0, 14.0): TRIMESH collision created successfully (distance: 14.32, vertices: 8)
[23:17:36] TERRAIN: Chunk created successfully: (-7.0, 14.0) at world pos (-224.0, 0.0, 448.0) (total chunks: 730)
[23:17:36] TERRAIN: Creating chunk: (-13.0, 9.0) at distance 14.42
[23:17:36] TERRAIN: Chunk (-13.0, 9.0): TRIMESH collision created successfully (distance: 14.42, vertices: 8)
[23:17:36] TERRAIN: Chunk created successfully: (-13.0, 9.0) at world pos (-416.0, 0.0, 288.0) (total chunks: 731)
[23:17:36] TERRAIN: Creating chunk: (-9.0, 13.0) at distance 14.42
[23:17:36] TERRAIN: Chunk (-9.0, 13.0): TRIMESH collision created successfully (distance: 14.42, vertices: 8)
[23:17:36] TERRAIN: Chunk created successfully: (-9.0, 13.0) at world pos (-288.0, 0.0, 416.0) (total chunks: 732)
[23:17:36] TERRAIN: Creating chunk: (-15.0, -3.0) at distance 14.56
[23:17:36] TERRAIN: Chunk (-15.0, -3.0): TRIMESH collision created successfully (distance: 14.56, vertices: 8)
[23:17:36] TERRAIN: Chunk created successfully: (-15.0, -3.0) at world pos (-480.0, 0.0, -96.0) (total chunks: 733)
[23:17:36] TERRAIN: Creating chunk: (-5.0, 15.0) at distance 14.56
[23:17:36] TERRAIN: Chunk (-5.0, 15.0): TRIMESH collision created successfully (distance: 14.56, vertices: 8)
[23:17:36] TERRAIN: Chunk created successfully: (-5.0, 15.0) at world pos (-160.0, 0.0, 480.0) (total chunks: 734)
[23:17:36] TERRAIN: Creating chunk: (3.0, 15.0) at distance 14.56
[23:17:36] TERRAIN: Chunk (3.0, 15.0): TRIMESH collision created successfully (distance: 14.56, vertices: 8)
[23:17:36] TERRAIN: Chunk created successfully: (3.0, 15.0) at world pos (96.0, 0.0, 480.0) (total chunks: 735)
[23:17:36] TERRAIN: Creating chunk: (-15.0, 5.0) at distance 14.56
[23:17:36] TERRAIN: Chunk (-15.0, 5.0): TRIMESH collision created successfully (distance: 14.56, vertices: 8)
[23:17:36] TERRAIN: Chunk created successfully: (-15.0, 5.0) at world pos (-480.0, 0.0, 160.0) (total chunks: 736)
[23:17:36] TERRAIN: Creating chunk: (-8.0, 14.0) at distance 14.76
[23:17:36] TERRAIN: Chunk (-8.0, 14.0): TRIMESH collision created successfully (distance: 14.76, vertices: 8)
[23:17:36] TERRAIN: Chunk created successfully: (-8.0, 14.0) at world pos (-256.0, 0.0, 448.0) (total chunks: 737)
[23:17:36] TERRAIN: Creating chunk: (-14.0, -6.0) at distance 14.76
[23:17:36] TERRAIN: Chunk (-14.0, -6.0): TRIMESH collision created successfully (distance: 14.76, vertices: 8)
[23:17:36] TERRAIN: Chunk created successfully: (-14.0, -6.0) at world pos (-448.0, 0.0, -192.0) (total chunks: 738)
[23:17:36] TERRAIN: Creating chunk: (-14.0, 8.0) at distance 14.76
[23:17:36] TERRAIN: Chunk (-14.0, 8.0): TRIMESH collision created successfully (distance: 14.76, vertices: 8)
[23:17:36] TERRAIN: Chunk created successfully: (-14.0, 8.0) at world pos (-448.0, 0.0, 256.0) (total chunks: 739)
[23:17:36] TERRAIN: Creating chunk: (6.0, 14.0) at distance 14.76
[23:17:36] TERRAIN: Chunk (6.0, 14.0): TRIMESH collision created successfully (distance: 14.76, vertices: 8)
[23:17:36] TERRAIN: Chunk created successfully: (6.0, 14.0) at world pos (192.0, 0.0, 448.0) (total chunks: 740)
[23:17:36] TERRAIN: Creating chunk: (-15.0, 6.0) at distance 14.87
[23:17:36] TERRAIN: Chunk (-15.0, 6.0): TRIMESH collision created successfully (distance: 14.87, vertices: 8)
[23:17:36] TERRAIN: Chunk created successfully: (-15.0, 6.0) at world pos (-480.0, 0.0, 192.0) (total chunks: 741)
[23:17:36] TERRAIN: Creating chunk: (-11.0, 12.0) at distance 14.87
[23:17:36] TERRAIN: Chunk (-11.0, 12.0): TRIMESH collision created successfully (distance: 14.87, vertices: 8)
[23:17:36] TERRAIN: Chunk created successfully: (-11.0, 12.0) at world pos (-352.0, 0.0, 384.0) (total chunks: 742)
[23:17:36] TERRAIN: Creating chunk: (-6.0, 15.0) at distance 14.87
[23:17:36] TERRAIN: Chunk (-6.0, 15.0): TRIMESH collision created successfully (distance: 14.87, vertices: 8)
[23:17:36] TERRAIN: Chunk created successfully: (-6.0, 15.0) at world pos (-192.0, 0.0, 480.0) (total chunks: 743)
[23:17:36] TERRAIN: Creating chunk: (-12.0, 11.0) at distance 14.87
[23:17:36] TERRAIN: Chunk (-12.0, 11.0): TRIMESH collision created successfully (distance: 14.87, vertices: 8)
[23:17:36] TERRAIN: Chunk created successfully: (-12.0, 11.0) at world pos (-384.0, 0.0, 352.0) (total chunks: 744)
[23:17:36] TERRAIN: Creating chunk: (4.0, 15.0) at distance 14.87
[23:17:36] TERRAIN: Chunk (4.0, 15.0): TRIMESH collision created successfully (distance: 14.87, vertices: 8)
[23:17:36] TERRAIN: Chunk created successfully: (4.0, 15.0) at world pos (128.0, 0.0, 480.0) (total chunks: 745)
[23:17:36] TERRAIN: Creating chunk: (-15.0, -4.0) at distance 14.87
[23:17:36] TERRAIN: Chunk (-15.0, -4.0): TRIMESH collision created successfully (distance: 14.87, vertices: 8)
[23:17:36] TERRAIN: Chunk created successfully: (-15.0, -4.0) at world pos (-480.0, 0.0, -128.0) (total chunks: 746)
[23:17:36] TERRAIN: Creating chunk: (8.0, 13.0) at distance 15.00
[23:17:36] TERRAIN: Chunk (8.0, 13.0): TRIMESH collision created successfully (distance: 15.00, vertices: 8)
[23:17:36] TERRAIN: Chunk created successfully: (8.0, 13.0) at world pos (256.0, 0.0, 416.0) (total chunks: 747)
[23:17:36] TERRAIN: Creating chunk: (-1.0, 16.0) at distance 15.00
[23:17:36] TERRAIN: Chunk (-1.0, 16.0): TRIMESH collision created successfully (distance: 15.00, vertices: 8)
[23:17:36] TERRAIN: Chunk created successfully: (-1.0, 16.0) at world pos (-32.0, 0.0, 512.0) (total chunks: 748)
[23:17:36] TERRAIN: Creating chunk: (-10.0, 13.0) at distance 15.00
[23:17:36] TERRAIN: Chunk (-10.0, 13.0): TRIMESH collision created successfully (distance: 15.00, vertices: 8)
[23:17:36] TERRAIN: Chunk created successfully: (-10.0, 13.0) at world pos (-320.0, 0.0, 416.0) (total chunks: 749)
[23:17:36] TERRAIN: Creating chunk: (-13.0, 10.0) at distance 15.00
[23:17:36] TERRAIN: Chunk (-13.0, 10.0): TRIMESH collision created successfully (distance: 15.00, vertices: 8)
[23:17:36] TERRAIN: Chunk created successfully: (-13.0, 10.0) at world pos (-416.0, 0.0, 320.0) (total chunks: 750)
[23:17:36] TERRAIN: Creating chunk: (-13.0, -8.0) at distance 15.00
[23:17:36] TERRAIN: Chunk (-13.0, -8.0): TRIMESH collision created successfully (distance: 15.00, vertices: 8)
[23:17:36] TERRAIN: Chunk created successfully: (-13.0, -8.0) at world pos (-416.0, 0.0, -256.0) (total chunks: 751)
[23:17:36] TERRAIN: Creating chunk: (-16.0, 1.0) at distance 15.00
[23:17:36] TERRAIN: Chunk (-16.0, 1.0): TRIMESH collision created successfully (distance: 15.00, vertices: 8)
[23:17:36] TERRAIN: Chunk created successfully: (-16.0, 1.0) at world pos (-512.0, 0.0, 32.0) (total chunks: 752)
[23:17:37] PLAYER: Pos: (-13.25141, 0.028945, 34.48857) | Chunk: (-1.0, 1.0) | TerrainHeight: 0.03 | HeightDiff: -0.00 | OnFloor: true
[23:17:37] PLAYER: CHUNK CHANGED: (-1.0, 0.0) -> (-1.0, 1.0)
[23:17:38] PLAYER: Pos: (-14.03961, 0.026406, 39.39684) | Chunk: (-1.0, 1.0) | TerrainHeight: 0.03 | HeightDiff: -0.00 | OnFloor: true
[23:17:39] PLAYER: Pos: (-13.93604, 0.015419, 44.39585) | Chunk: (-1.0, 1.0) | TerrainHeight: 0.01 | HeightDiff: 0.00 | OnFloor: true
[23:17:40] PLAYER: Pos: (-13.95381, 0.019075, 48.89392) | Chunk: (-1.0, 1.0) | TerrainHeight: 0.02 | HeightDiff: -0.00 | OnFloor: true
[23:17:41] PLAYER: Pos: (-13.9697, 0.0198, 53.89253) | Chunk: (-1.0, 1.0) | TerrainHeight: 0.03 | HeightDiff: -0.01 | OnFloor: true
[23:17:42] PLAYER: Pos: (-13.83549, 0.00979, 58.89055) | Chunk: (-1.0, 1.0) | TerrainHeight: 0.01 | HeightDiff: -0.00 | OnFloor: true
[23:17:43] PLAYER: Pos: (-13.66629, -0.006073, 63.88773) | Chunk: (-1.0, 1.0) | TerrainHeight: -0.00 | HeightDiff: -0.00 | OnFloor: true
[23:17:43] TERRAIN: Player moved to new chunk: (-1.0, 2.0) (was (-1.0, 1.0))
[23:17:44] PLAYER: Pos: (-13.37128, -0.006451, 68.8744) | Chunk: (-1.0, 2.0) | TerrainHeight: -0.01 | HeightDiff: 0.00 | OnFloor: true
[23:17:44] PLAYER: CHUNK CHANGED: (-1.0, 1.0) -> (-1.0, 2.0)
[23:17:45] PLAYER: Pos: (-12.68763, 0.00594, 73.822) | Chunk: (-1.0, 2.0) | TerrainHeight: 0.01 | HeightDiff: -0.00 | OnFloor: true
[23:17:46] PLAYER: Pos: (-12.15725, 0.020893, 78.79317) | Chunk: (-1.0, 2.0) | TerrainHeight: 0.02 | HeightDiff: -0.00 | OnFloor: true
[23:17:47] PLAYER: Pos: (-11.88669, 0.031229, 81.69731) | Chunk: (-1.0, 2.0) | TerrainHeight: 0.03 | HeightDiff: -0.00 | OnFloor: true
[23:17:48] PLAYER: Pos: (-11.88669, 0.031229, 81.69731) | Chunk: (-1.0, 2.0) | TerrainHeight: 0.03 | HeightDiff: -0.00 | OnFloor: true
[23:17:49] PLAYER: Pos: (-11.88669, 0.031229, 81.69731) | Chunk: (-1.0, 2.0) | TerrainHeight: 0.03 | HeightDiff: -0.00 | OnFloor: true
[23:17:50] INFO: === DEBUG SESSION ENDED ===
