[22:58:16] INFO: === DEBUG SESSION STARTED ===
[22:58:16] INFO: Timestamp: 20251127_225816
[22:58:16] INFO: Godot Version: { "major": 4, "minor": 5, "patch": 0, "hex": 263424, "status": "stable", "build": "official", "hash": "876b290332ec6f2e6d173d08162a02aa7e6ca46d", "timestamp": 0, "string": "4.5-stable (official)" }
[22:58:16] TERRAIN: Updating terrain for player chunk: (0.0, 0.0) (player pos: (0.0, 1.959167, 0.0))
[22:58:16] TERRAIN: Queuing 709 new chunks for generation
[22:58:16] TERRAIN: Queued chunk: (0.0, 0.0) (distance: 0.00)
[22:58:16] TERRAIN: Queued chunk: (0.0, -1.0) (distance: 1.00)
[22:58:16] TERRAIN: Queued chunk: (-1.0, 0.0) (distance: 1.00)
[22:58:16] TERRAIN: Queued chunk: (0.0, 1.0) (distance: 1.00)
[22:58:16] TERRAIN: Queued chunk: (1.0, 0.0) (distance: 1.00)
[22:58:16] TERRAIN: Queued chunk: (-1.0, 1.0) (distance: 1.41)
[22:58:16] TERRAIN: Queued chunk: (-1.0, -1.0) (distance: 1.41)
[22:58:16] TERRAIN: Queued chunk: (1.0, 1.0) (distance: 1.41)
[22:58:16] TERRAIN: Queued chunk: (1.0, -1.0) (distance: 1.41)
[22:58:16] TERRAIN: Queued chunk: (0.0, -2.0) (distance: 2.00)
[22:58:16] TERRAIN: Queued chunk: (0.0, 2.0) (distance: 2.00)
[22:58:16] TERRAIN: Queued chunk: (-2.0, 0.0) (distance: 2.00)
[22:58:16] TERRAIN: Queued chunk: (2.0, 0.0) (distance: 2.00)
[22:58:16] TERRAIN: Queued chunk: (-2.0, 1.0) (distance: 2.24)
[22:58:16] TERRAIN: Queued chunk: (-2.0, -1.0) (distance: 2.24)
[22:58:16] TERRAIN: Queued chunk: (1.0, 2.0) (distance: 2.24)
[22:58:16] TERRAIN: Queued chunk: (1.0, -2.0) (distance: 2.24)
[22:58:16] TERRAIN: Queued chunk: (-1.0, 2.0) (distance: 2.24)
[22:58:16] TERRAIN: Queued chunk: (2.0, 1.0) (distance: 2.24)
[22:58:16] TERRAIN: Queued chunk: (2.0, -1.0) (distance: 2.24)
[22:58:16] TERRAIN: Queued chunk: (-1.0, -2.0) (distance: 2.24)
[22:58:16] TERRAIN: Queued chunk: (2.0, 2.0) (distance: 2.83)
[22:58:16] TERRAIN: Queued chunk: (2.0, -2.0) (distance: 2.83)
[22:58:16] TERRAIN: Queued chunk: (-2.0, -2.0) (distance: 2.83)
[22:58:16] TERRAIN: Queued chunk: (-2.0, 2.0) (distance: 2.83)
[22:58:16] TERRAIN: Queued chunk: (0.0, -3.0) (distance: 3.00)
[22:58:16] TERRAIN: Queued chunk: (0.0, 3.0) (distance: 3.00)
[22:58:16] TERRAIN: Queued chunk: (3.0, 0.0) (distance: 3.00)
[22:58:16] TERRAIN: Queued chunk: (-3.0, 0.0) (distance: 3.00)
[22:58:16] TERRAIN: Queued chunk: (1.0, 3.0) (distance: 3.16)
[22:58:16] TERRAIN: Queued chunk: (-1.0, -3.0) (distance: 3.16)
[22:58:16] TERRAIN: Queued chunk: (-3.0, -1.0) (distance: 3.16)
[22:58:16] TERRAIN: Queued chunk: (3.0, -1.0) (distance: 3.16)
[22:58:16] TERRAIN: Queued chunk: (3.0, 1.0) (distance: 3.16)
[22:58:16] TERRAIN: Queued chunk: (-3.0, 1.0) (distance: 3.16)
[22:58:16] TERRAIN: Queued chunk: (1.0, -3.0) (distance: 3.16)
[22:58:16] TERRAIN: Queued chunk: (-1.0, 3.0) (distance: 3.16)
[22:58:16] TERRAIN: Queued chunk: (-3.0, -2.0) (distance: 3.61)
[22:58:16] TERRAIN: Queued chunk: (-3.0, 2.0) (distance: 3.61)
[22:58:16] TERRAIN: Queued chunk: (2.0, -3.0) (distance: 3.61)
[22:58:16] TERRAIN: Queued chunk: (2.0, 3.0) (distance: 3.61)
[22:58:16] TERRAIN: Queued chunk: (-2.0, -3.0) (distance: 3.61)
[22:58:16] TERRAIN: Queued chunk: (3.0, 2.0) (distance: 3.61)
[22:58:16] TERRAIN: Queued chunk: (-2.0, 3.0) (distance: 3.61)
[22:58:16] TERRAIN: Queued chunk: (3.0, -2.0) (distance: 3.61)
[22:58:16] TERRAIN: Queued chunk: (4.0, 0.0) (distance: 4.00)
[22:58:16] TERRAIN: Queued chunk: (0.0, -4.0) (distance: 4.00)
[22:58:16] TERRAIN: Queued chunk: (0.0, 4.0) (distance: 4.00)
[22:58:16] TERRAIN: Queued chunk: (-4.0, 0.0) (distance: 4.00)
[22:58:16] TERRAIN: Queued chunk: (1.0, -4.0) (distance: 4.12)
[22:58:16] TERRAIN: Queued chunk: (-1.0, 4.0) (distance: 4.12)
[22:58:16] TERRAIN: Queued chunk: (1.0, 4.0) (distance: 4.12)
[22:58:16] TERRAIN: Queued chunk: (-4.0, -1.0) (distance: 4.12)
[22:58:16] TERRAIN: Queued chunk: (-1.0, -4.0) (distance: 4.12)
[22:58:16] TERRAIN: Queued chunk: (-4.0, 1.0) (distance: 4.12)
[22:58:16] TERRAIN: Queued chunk: (4.0, -1.0) (distance: 4.12)
[22:58:16] TERRAIN: Queued chunk: (4.0, 1.0) (distance: 4.12)
[22:58:16] TERRAIN: Queued chunk: (3.0, -3.0) (distance: 4.24)
[22:58:16] TERRAIN: Queued chunk: (3.0, 3.0) (distance: 4.24)
[22:58:16] TERRAIN: Queued chunk: (-3.0, -3.0) (distance: 4.24)
[22:58:16] TERRAIN: Queued chunk: (-3.0, 3.0) (distance: 4.24)
[22:58:16] TERRAIN: Queued chunk: (-4.0, -2.0) (distance: 4.47)
[22:58:16] TERRAIN: Queued chunk: (-4.0, 2.0) (distance: 4.47)
[22:58:16] TERRAIN: Queued chunk: (4.0, 2.0) (distance: 4.47)
[22:58:16] TERRAIN: Queued chunk: (4.0, -2.0) (distance: 4.47)
[22:58:16] TERRAIN: Queued chunk: (-2.0, -4.0) (distance: 4.47)
[22:58:16] TERRAIN: Queued chunk: (-2.0, 4.0) (distance: 4.47)
[22:58:16] TERRAIN: Queued chunk: (2.0, 4.0) (distance: 4.47)
[22:58:16] TERRAIN: Queued chunk: (2.0, -4.0) (distance: 4.47)
[22:58:16] TERRAIN: Queued chunk: (0.0, -5.0) (distance: 5.00)
[22:58:16] TERRAIN: Queued chunk: (-3.0, 4.0) (distance: 5.00)
[22:58:16] TERRAIN: Queued chunk: (-3.0, -4.0) (distance: 5.00)
[22:58:16] TERRAIN: Queued chunk: (-4.0, 3.0) (distance: 5.00)
[22:58:16] TERRAIN: Queued chunk: (-4.0, -3.0) (distance: 5.00)
[22:58:16] TERRAIN: Queued chunk: (3.0, -4.0) (distance: 5.00)
[22:58:16] TERRAIN: Queued chunk: (3.0, 4.0) (distance: 5.00)
[22:58:16] TERRAIN: Queued chunk: (-5.0, 0.0) (distance: 5.00)
[22:58:16] TERRAIN: Queued chunk: (5.0, 0.0) (distance: 5.00)
[22:58:16] TERRAIN: Queued chunk: (0.0, 5.0) (distance: 5.00)
[22:58:16] TERRAIN: Queued chunk: (4.0, -3.0) (distance: 5.00)
[22:58:16] TERRAIN: Queued chunk: (4.0, 3.0) (distance: 5.00)
[22:58:16] TERRAIN: Queued chunk: (5.0, 1.0) (distance: 5.10)
[22:58:16] TERRAIN: Queued chunk: (-1.0, 5.0) (distance: 5.10)
[22:58:16] TERRAIN: Queued chunk: (-5.0, -1.0) (distance: 5.10)
[22:58:16] TERRAIN: Queued chunk: (1.0, -5.0) (distance: 5.10)
[22:58:16] TERRAIN: Queued chunk: (1.0, 5.0) (distance: 5.10)
[22:58:16] TERRAIN: Queued chunk: (5.0, -1.0) (distance: 5.10)
[22:58:16] TERRAIN: Queued chunk: (-5.0, 1.0) (distance: 5.10)
[22:58:16] TERRAIN: Queued chunk: (-1.0, -5.0) (distance: 5.10)
[22:58:16] TERRAIN: Queued chunk: (-5.0, 2.0) (distance: 5.39)
[22:58:16] TERRAIN: Queued chunk: (5.0, -2.0) (distance: 5.39)
[22:58:16] TERRAIN: Queued chunk: (-2.0, 5.0) (distance: 5.39)
[22:58:16] TERRAIN: Queued chunk: (2.0, 5.0) (distance: 5.39)
[22:58:16] TERRAIN: Queued chunk: (2.0, -5.0) (distance: 5.39)
[22:58:16] TERRAIN: Queued chunk: (-2.0, -5.0) (distance: 5.39)
[22:58:16] TERRAIN: Queued chunk: (-5.0, -2.0) (distance: 5.39)
[22:58:16] TERRAIN: Queued chunk: (5.0, 2.0) (distance: 5.39)
[22:58:16] TERRAIN: Queued chunk: (4.0, 4.0) (distance: 5.66)
[22:58:16] TERRAIN: Queued chunk: (4.0, -4.0) (distance: 5.66)
[22:58:16] TERRAIN: Queued chunk: (-4.0, -4.0) (distance: 5.66)
[22:58:16] TERRAIN: Queued chunk: (-4.0, 4.0) (distance: 5.66)
[22:58:16] TERRAIN: Queued chunk: (3.0, -5.0) (distance: 5.83)
[22:58:16] TERRAIN: Queued chunk: (-3.0, -5.0) (distance: 5.83)
[22:58:16] TERRAIN: Queued chunk: (3.0, 5.0) (distance: 5.83)
[22:58:16] TERRAIN: Queued chunk: (5.0, -3.0) (distance: 5.83)
[22:58:16] TERRAIN: Queued chunk: (-5.0, 3.0) (distance: 5.83)
[22:58:16] TERRAIN: Queued chunk: (-3.0, 5.0) (distance: 5.83)
[22:58:16] TERRAIN: Queued chunk: (5.0, 3.0) (distance: 5.83)
[22:58:16] TERRAIN: Queued chunk: (-5.0, -3.0) (distance: 5.83)
[22:58:16] TERRAIN: Queued chunk: (-6.0, 0.0) (distance: 6.00)
[22:58:16] TERRAIN: Queued chunk: (6.0, 0.0) (distance: 6.00)
[22:58:16] TERRAIN: Queued chunk: (0.0, -6.0) (distance: 6.00)
[22:58:16] TERRAIN: Queued chunk: (0.0, 6.0) (distance: 6.00)
[22:58:16] TERRAIN: Queued chunk: (6.0, -1.0) (distance: 6.08)
[22:58:16] TERRAIN: Queued chunk: (-6.0, 1.0) (distance: 6.08)
[22:58:16] TERRAIN: Queued chunk: (-1.0, 6.0) (distance: 6.08)
[22:58:16] TERRAIN: Queued chunk: (1.0, -6.0) (distance: 6.08)
[22:58:16] TERRAIN: Queued chunk: (1.0, 6.0) (distance: 6.08)
[22:58:16] TERRAIN: Queued chunk: (-1.0, -6.0) (distance: 6.08)
[22:58:16] TERRAIN: Queued chunk: (-6.0, -1.0) (distance: 6.08)
[22:58:16] TERRAIN: Queued chunk: (6.0, 1.0) (distance: 6.08)
[22:58:16] TERRAIN: Queued chunk: (-2.0, 6.0) (distance: 6.32)
[22:58:16] TERRAIN: Queued chunk: (6.0, -2.0) (distance: 6.32)
[22:58:16] TERRAIN: Queued chunk: (6.0, 2.0) (distance: 6.32)
[22:58:16] TERRAIN: Queued chunk: (2.0, 6.0) (distance: 6.32)
[22:58:16] TERRAIN: Queued chunk: (2.0, -6.0) (distance: 6.32)
[22:58:16] TERRAIN: Queued chunk: (-2.0, -6.0) (distance: 6.32)
[22:58:16] TERRAIN: Queued chunk: (-6.0, -2.0) (distance: 6.32)
[22:58:16] TERRAIN: Queued chunk: (-6.0, 2.0) (distance: 6.32)
[22:58:16] TERRAIN: Queued chunk: (-4.0, -5.0) (distance: 6.40)
[22:58:16] TERRAIN: Queued chunk: (-5.0, 4.0) (distance: 6.40)
[22:58:16] TERRAIN: Queued chunk: (-5.0, -4.0) (distance: 6.40)
[22:58:16] TERRAIN: Queued chunk: (-4.0, 5.0) (distance: 6.40)
[22:58:16] TERRAIN: Queued chunk: (4.0, -5.0) (distance: 6.40)
[22:58:16] TERRAIN: Queued chunk: (4.0, 5.0) (distance: 6.40)
[22:58:16] TERRAIN: Queued chunk: (5.0, -4.0) (distance: 6.40)
[22:58:16] TERRAIN: Queued chunk: (5.0, 4.0) (distance: 6.40)
[22:58:16] TERRAIN: Queued chunk: (-3.0, -6.0) (distance: 6.71)
[22:58:16] TERRAIN: Queued chunk: (-3.0, 6.0) (distance: 6.71)
[22:58:16] TERRAIN: Queued chunk: (6.0, -3.0) (distance: 6.71)
[22:58:16] TERRAIN: Queued chunk: (6.0, 3.0) (distance: 6.71)
[22:58:16] TERRAIN: Queued chunk: (-6.0, 3.0) (distance: 6.71)
[22:58:16] TERRAIN: Queued chunk: (3.0, -6.0) (distance: 6.71)
[22:58:16] TERRAIN: Queued chunk: (3.0, 6.0) (distance: 6.71)
[22:58:16] TERRAIN: Queued chunk: (-6.0, -3.0) (distance: 6.71)
[22:58:16] TERRAIN: Queued chunk: (-7.0, 0.0) (distance: 7.00)
[22:58:16] TERRAIN: Queued chunk: (0.0, -7.0) (distance: 7.00)
[22:58:16] TERRAIN: Queued chunk: (0.0, 7.0) (distance: 7.00)
[22:58:16] TERRAIN: Queued chunk: (7.0, 0.0) (distance: 7.00)
[22:58:16] TERRAIN: Queued chunk: (-5.0, -5.0) (distance: 7.07)
[22:58:16] TERRAIN: Queued chunk: (-5.0, 5.0) (distance: 7.07)
[22:58:16] TERRAIN: Queued chunk: (-1.0, -7.0) (distance: 7.07)
[22:58:16] TERRAIN: Queued chunk: (-1.0, 7.0) (distance: 7.07)
[22:58:16] TERRAIN: Queued chunk: (1.0, -7.0) (distance: 7.07)
[22:58:16] TERRAIN: Queued chunk: (1.0, 7.0) (distance: 7.07)
[22:58:16] TERRAIN: Queued chunk: (5.0, -5.0) (distance: 7.07)
[22:58:16] TERRAIN: Queued chunk: (5.0, 5.0) (distance: 7.07)
[22:58:16] TERRAIN: Queued chunk: (7.0, 1.0) (distance: 7.07)
[22:58:16] TERRAIN: Queued chunk: (7.0, -1.0) (distance: 7.07)
[22:58:16] TERRAIN: Queued chunk: (-7.0, 1.0) (distance: 7.07)
[22:58:16] TERRAIN: Queued chunk: (-7.0, -1.0) (distance: 7.07)
[22:58:16] TERRAIN: Queued chunk: (-4.0, 6.0) (distance: 7.21)
[22:58:16] TERRAIN: Queued chunk: (4.0, -6.0) (distance: 7.21)
[22:58:16] TERRAIN: Queued chunk: (-6.0, 4.0) (distance: 7.21)
[22:58:16] TERRAIN: Queued chunk: (-6.0, -4.0) (distance: 7.21)
[22:58:16] TERRAIN: Queued chunk: (4.0, 6.0) (distance: 7.21)
[22:58:16] TERRAIN: Queued chunk: (6.0, 4.0) (distance: 7.21)
[22:58:16] TERRAIN: Queued chunk: (6.0, -4.0) (distance: 7.21)
[22:58:16] TERRAIN: Queued chunk: (-4.0, -6.0) (distance: 7.21)
[22:58:16] TERRAIN: Queued chunk: (-7.0, 2.0) (distance: 7.28)
[22:58:16] TERRAIN: Queued chunk: (2.0, -7.0) (distance: 7.28)
[22:58:16] TERRAIN: Queued chunk: (-7.0, -2.0) (distance: 7.28)
[22:58:16] TERRAIN: Queued chunk: (-2.0, -7.0) (distance: 7.28)
[22:58:16] TERRAIN: Queued chunk: (7.0, 2.0) (distance: 7.28)
[22:58:16] TERRAIN: Queued chunk: (-2.0, 7.0) (distance: 7.28)
[22:58:16] TERRAIN: Queued chunk: (7.0, -2.0) (distance: 7.28)
[22:58:16] TERRAIN: Queued chunk: (2.0, 7.0) (distance: 7.28)
[22:58:16] TERRAIN: Queued chunk: (-7.0, -3.0) (distance: 7.62)
[22:58:16] TERRAIN: Queued chunk: (-3.0, -7.0) (distance: 7.62)
[22:58:16] TERRAIN: Queued chunk: (-7.0, 3.0) (distance: 7.62)
[22:58:16] TERRAIN: Queued chunk: (-3.0, 7.0) (distance: 7.62)
[22:58:16] TERRAIN: Queued chunk: (3.0, -7.0) (distance: 7.62)
[22:58:16] TERRAIN: Queued chunk: (7.0, 3.0) (distance: 7.62)
[22:58:16] TERRAIN: Queued chunk: (7.0, -3.0) (distance: 7.62)
[22:58:16] TERRAIN: Queued chunk: (3.0, 7.0) (distance: 7.62)
[22:58:16] TERRAIN: Queued chunk: (-5.0, -6.0) (distance: 7.81)
[22:58:16] TERRAIN: Queued chunk: (-5.0, 6.0) (distance: 7.81)
[22:58:16] TERRAIN: Queued chunk: (-6.0, 5.0) (distance: 7.81)
[22:58:16] TERRAIN: Queued chunk: (-6.0, -5.0) (distance: 7.81)
[22:58:16] TERRAIN: Queued chunk: (5.0, -6.0) (distance: 7.81)
[22:58:16] TERRAIN: Queued chunk: (6.0, -5.0) (distance: 7.81)
[22:58:16] TERRAIN: Queued chunk: (5.0, 6.0) (distance: 7.81)
[22:58:16] TERRAIN: Queued chunk: (6.0, 5.0) (distance: 7.81)
[22:58:16] TERRAIN: Queued chunk: (8.0, 0.0) (distance: 8.00)
[22:58:16] TERRAIN: Queued chunk: (-8.0, 0.0) (distance: 8.00)
[22:58:16] TERRAIN: Queued chunk: (0.0, -8.0) (distance: 8.00)
[22:58:16] TERRAIN: Queued chunk: (0.0, 8.0) (distance: 8.00)
[22:58:16] TERRAIN: Queued chunk: (8.0, 1.0) (distance: 8.06)
[22:58:16] TERRAIN: Queued chunk: (-1.0, 8.0) (distance: 8.06)
[22:58:16] TERRAIN: Queued chunk: (-1.0, -8.0) (distance: 8.06)
[22:58:16] TERRAIN: Queued chunk: (1.0, -8.0) (distance: 8.06)
[22:58:16] TERRAIN: Queued chunk: (-4.0, -7.0) (distance: 8.06)
[22:58:16] TERRAIN: Queued chunk: (1.0, 8.0) (distance: 8.06)
[22:58:16] TERRAIN: Queued chunk: (-8.0, 1.0) (distance: 8.06)
[22:58:16] TERRAIN: Queued chunk: (8.0, -1.0) (distance: 8.06)
[22:58:16] TERRAIN: Queued chunk: (-8.0, -1.0) (distance: 8.06)
[22:58:16] TERRAIN: Queued chunk: (-4.0, 7.0) (distance: 8.06)
[22:58:16] TERRAIN: Queued chunk: (7.0, -4.0) (distance: 8.06)
[22:58:16] TERRAIN: Queued chunk: (4.0, 7.0) (distance: 8.06)
[22:58:16] TERRAIN: Queued chunk: (-7.0, -4.0) (distance: 8.06)
[22:58:16] TERRAIN: Queued chunk: (7.0, 4.0) (distance: 8.06)
[22:58:16] TERRAIN: Queued chunk: (4.0, -7.0) (distance: 8.06)
[22:58:16] TERRAIN: Queued chunk: (-7.0, 4.0) (distance: 8.06)
[22:58:16] TERRAIN: Queued chunk: (-8.0, -2.0) (distance: 8.25)
[22:58:16] TERRAIN: Queued chunk: (2.0, 8.0) (distance: 8.25)
[22:58:16] TERRAIN: Queued chunk: (-8.0, 2.0) (distance: 8.25)
[22:58:16] TERRAIN: Queued chunk: (2.0, -8.0) (distance: 8.25)
[22:58:16] TERRAIN: Queued chunk: (8.0, -2.0) (distance: 8.25)
[22:58:16] TERRAIN: Queued chunk: (-2.0, -8.0) (distance: 8.25)
[22:58:16] TERRAIN: Queued chunk: (-2.0, 8.0) (distance: 8.25)
[22:58:16] TERRAIN: Queued chunk: (8.0, 2.0) (distance: 8.25)
[22:58:16] TERRAIN: Queued chunk: (-6.0, 6.0) (distance: 8.49)
[22:58:16] TERRAIN: Queued chunk: (6.0, -6.0) (distance: 8.49)
[22:58:16] TERRAIN: Queued chunk: (6.0, 6.0) (distance: 8.49)
[22:58:16] TERRAIN: Queued chunk: (-6.0, -6.0) (distance: 8.49)
[22:58:16] TERRAIN: Queued chunk: (-8.0, 3.0) (distance: 8.54)
[22:58:16] TERRAIN: Queued chunk: (-3.0, -8.0) (distance: 8.54)
[22:58:16] TERRAIN: Queued chunk: (3.0, 8.0) (distance: 8.54)
[22:58:16] TERRAIN: Queued chunk: (-3.0, 8.0) (distance: 8.54)
[22:58:16] TERRAIN: Queued chunk: (8.0, -3.0) (distance: 8.54)
[22:58:16] TERRAIN: Queued chunk: (3.0, -8.0) (distance: 8.54)
[22:58:16] TERRAIN: Queued chunk: (-8.0, -3.0) (distance: 8.54)
[22:58:16] TERRAIN: Queued chunk: (8.0, 3.0) (distance: 8.54)
[22:58:16] TERRAIN: Queued chunk: (-7.0, -5.0) (distance: 8.60)
[22:58:16] TERRAIN: Queued chunk: (5.0, -7.0) (distance: 8.60)
[22:58:16] TERRAIN: Queued chunk: (-5.0, 7.0) (distance: 8.60)
[22:58:16] TERRAIN: Queued chunk: (7.0, -5.0) (distance: 8.60)
[22:58:16] TERRAIN: Queued chunk: (-7.0, 5.0) (distance: 8.60)
[22:58:16] TERRAIN: Queued chunk: (7.0, 5.0) (distance: 8.60)
[22:58:16] TERRAIN: Queued chunk: (5.0, 7.0) (distance: 8.60)
[22:58:16] TERRAIN: Queued chunk: (-5.0, -7.0) (distance: 8.60)
[22:58:16] TERRAIN: Queued chunk: (8.0, 4.0) (distance: 8.94)
[22:58:16] TERRAIN: Queued chunk: (4.0, 8.0) (distance: 8.94)
[22:58:16] TERRAIN: Queued chunk: (-4.0, 8.0) (distance: 8.94)
[22:58:16] TERRAIN: Queued chunk: (4.0, -8.0) (distance: 8.94)
[22:58:16] TERRAIN: Queued chunk: (-8.0, -4.0) (distance: 8.94)
[22:58:16] TERRAIN: Queued chunk: (8.0, -4.0) (distance: 8.94)
[22:58:16] TERRAIN: Queued chunk: (-4.0, -8.0) (distance: 8.94)
[22:58:16] TERRAIN: Queued chunk: (-8.0, 4.0) (distance: 8.94)
[22:58:16] TERRAIN: Queued chunk: (9.0, 0.0) (distance: 9.00)
[22:58:16] TERRAIN: Queued chunk: (-9.0, 0.0) (distance: 9.00)
[22:58:16] TERRAIN: Queued chunk: (0.0, -9.0) (distance: 9.00)
[22:58:16] TERRAIN: Queued chunk: (0.0, 9.0) (distance: 9.00)
[22:58:16] TERRAIN: Queued chunk: (9.0, 1.0) (distance: 9.06)
[22:58:16] TERRAIN: Queued chunk: (1.0, 9.0) (distance: 9.06)
[22:58:16] TERRAIN: Queued chunk: (9.0, -1.0) (distance: 9.06)
[22:58:16] TERRAIN: Queued chunk: (1.0, -9.0) (distance: 9.06)
[22:58:16] TERRAIN: Queued chunk: (-1.0, -9.0) (distance: 9.06)
[22:58:16] TERRAIN: Queued chunk: (-9.0, -1.0) (distance: 9.06)
[22:58:16] TERRAIN: Queued chunk: (-9.0, 1.0) (distance: 9.06)
[22:58:16] TERRAIN: Queued chunk: (-1.0, 9.0) (distance: 9.06)
[22:58:16] TERRAIN: Queued chunk: (-9.0, -2.0) (distance: 9.22)
[22:58:16] TERRAIN: Queued chunk: (6.0, 7.0) (distance: 9.22)
[22:58:16] TERRAIN: Queued chunk: (-9.0, 2.0) (distance: 9.22)
[22:58:16] TERRAIN: Queued chunk: (9.0, 2.0) (distance: 9.22)
[22:58:16] TERRAIN: Queued chunk: (-2.0, -9.0) (distance: 9.22)
[22:58:16] TERRAIN: Queued chunk: (-6.0, -7.0) (distance: 9.22)
[22:58:16] TERRAIN: Queued chunk: (2.0, -9.0) (distance: 9.22)
[22:58:16] TERRAIN: Queued chunk: (-2.0, 9.0) (distance: 9.22)
[22:58:16] TERRAIN: Queued chunk: (-7.0, 6.0) (distance: 9.22)
[22:58:16] TERRAIN: Queued chunk: (-7.0, -6.0) (distance: 9.22)
[22:58:16] TERRAIN: Queued chunk: (7.0, -6.0) (distance: 9.22)
[22:58:16] TERRAIN: Queued chunk: (2.0, 9.0) (distance: 9.22)
[22:58:16] TERRAIN: Queued chunk: (-6.0, 7.0) (distance: 9.22)
[22:58:16] TERRAIN: Queued chunk: (9.0, -2.0) (distance: 9.22)
[22:58:16] TERRAIN: Queued chunk: (7.0, 6.0) (distance: 9.22)
[22:58:16] TERRAIN: Queued chunk: (6.0, -7.0) (distance: 9.22)
[22:58:16] TERRAIN: Queued chunk: (-5.0, -8.0) (distance: 9.43)
[22:58:16] TERRAIN: Queued chunk: (8.0, -5.0) (distance: 9.43)
[22:58:16] TERRAIN: Queued chunk: (5.0, 8.0) (distance: 9.43)
[22:58:16] TERRAIN: Queued chunk: (-8.0, -5.0) (distance: 9.43)
[22:58:16] TERRAIN: Queued chunk: (8.0, 5.0) (distance: 9.43)
[22:58:16] TERRAIN: Queued chunk: (-8.0, 5.0) (distance: 9.43)
[22:58:16] TERRAIN: Queued chunk: (-5.0, 8.0) (distance: 9.43)
[22:58:16] TERRAIN: Queued chunk: (5.0, -8.0) (distance: 9.43)
[22:58:16] TERRAIN: Queued chunk: (-9.0, -3.0) (distance: 9.49)
[22:58:16] TERRAIN: Queued chunk: (9.0, -3.0) (distance: 9.49)
[22:58:16] TERRAIN: Queued chunk: (-9.0, 3.0) (distance: 9.49)
[22:58:16] TERRAIN: Queued chunk: (3.0, 9.0) (distance: 9.49)
[22:58:16] TERRAIN: Queued chunk: (-3.0, -9.0) (distance: 9.49)
[22:58:16] TERRAIN: Queued chunk: (-3.0, 9.0) (distance: 9.49)
[22:58:16] TERRAIN: Queued chunk: (3.0, -9.0) (distance: 9.49)
[22:58:16] TERRAIN: Queued chunk: (9.0, 3.0) (distance: 9.49)
[22:58:16] TERRAIN: Queued chunk: (-9.0, 4.0) (distance: 9.85)
[22:58:16] TERRAIN: Queued chunk: (-4.0, -9.0) (distance: 9.85)
[22:58:16] TERRAIN: Queued chunk: (9.0, -4.0) (distance: 9.85)
[22:58:16] TERRAIN: Queued chunk: (9.0, 4.0) (distance: 9.85)
[22:58:16] TERRAIN: Queued chunk: (-9.0, -4.0) (distance: 9.85)
[22:58:16] TERRAIN: Queued chunk: (4.0, 9.0) (distance: 9.85)
[22:58:16] TERRAIN: Queued chunk: (-4.0, 9.0) (distance: 9.85)
[22:58:16] TERRAIN: Queued chunk: (4.0, -9.0) (distance: 9.85)
[22:58:16] TERRAIN: Queued chunk: (7.0, -7.0) (distance: 9.90)
[22:58:16] TERRAIN: Queued chunk: (-7.0, -7.0) (distance: 9.90)
[22:58:16] TERRAIN: Queued chunk: (7.0, 7.0) (distance: 9.90)
[22:58:16] TERRAIN: Queued chunk: (-7.0, 7.0) (distance: 9.90)
[22:58:16] TERRAIN: Queued chunk: (-6.0, 8.0) (distance: 10.00)
[22:58:16] TERRAIN: Queued chunk: (-8.0, -6.0) (distance: 10.00)
[22:58:16] TERRAIN: Queued chunk: (6.0, -8.0) (distance: 10.00)
[22:58:16] TERRAIN: Queued chunk: (0.0, -10.0) (distance: 10.00)
[22:58:16] TERRAIN: Queued chunk: (8.0, 6.0) (distance: 10.00)
[22:58:16] TERRAIN: Queued chunk: (-8.0, 6.0) (distance: 10.00)
[22:58:16] TERRAIN: Queued chunk: (6.0, 8.0) (distance: 10.00)
[22:58:16] TERRAIN: Queued chunk: (-10.0, 0.0) (distance: 10.00)
[22:58:16] TERRAIN: Queued chunk: (10.0, 0.0) (distance: 10.00)
[22:58:16] TERRAIN: Queued chunk: (-6.0, -8.0) (distance: 10.00)
[22:58:16] TERRAIN: Queued chunk: (8.0, -6.0) (distance: 10.00)
[22:58:16] TERRAIN: Queued chunk: (0.0, 10.0) (distance: 10.00)
[22:58:16] TERRAIN: Queued chunk: (-10.0, -1.0) (distance: 10.05)
[22:58:16] TERRAIN: Queued chunk: (-1.0, 10.0) (distance: 10.05)
[22:58:16] TERRAIN: Queued chunk: (1.0, 10.0) (distance: 10.05)
[22:58:16] TERRAIN: Queued chunk: (1.0, -10.0) (distance: 10.05)
[22:58:16] TERRAIN: Queued chunk: (-10.0, 1.0) (distance: 10.05)
[22:58:16] TERRAIN: Queued chunk: (-1.0, -10.0) (distance: 10.05)
[22:58:16] TERRAIN: Queued chunk: (10.0, 1.0) (distance: 10.05)
[22:58:16] TERRAIN: Queued chunk: (10.0, -1.0) (distance: 10.05)
[22:58:16] TERRAIN: Queued chunk: (2.0, 10.0) (distance: 10.20)
[22:58:16] TERRAIN: Queued chunk: (-2.0, 10.0) (distance: 10.20)
[22:58:16] TERRAIN: Queued chunk: (-10.0, -2.0) (distance: 10.20)
[22:58:16] TERRAIN: Queued chunk: (10.0, -2.0) (distance: 10.20)
[22:58:16] TERRAIN: Queued chunk: (-2.0, -10.0) (distance: 10.20)
[22:58:16] TERRAIN: Queued chunk: (-10.0, 2.0) (distance: 10.20)
[22:58:16] TERRAIN: Queued chunk: (2.0, -10.0) (distance: 10.20)
[22:58:16] TERRAIN: Queued chunk: (10.0, 2.0) (distance: 10.20)
[22:58:16] TERRAIN: Queued chunk: (9.0, -5.0) (distance: 10.30)
[22:58:16] TERRAIN: Queued chunk: (9.0, 5.0) (distance: 10.30)
[22:58:16] TERRAIN: Queued chunk: (5.0, 9.0) (distance: 10.30)
[22:58:16] TERRAIN: Queued chunk: (-9.0, -5.0) (distance: 10.30)
[22:58:16] TERRAIN: Queued chunk: (5.0, -9.0) (distance: 10.30)
[22:58:16] TERRAIN: Queued chunk: (-5.0, -9.0) (distance: 10.30)
[22:58:16] TERRAIN: Queued chunk: (-9.0, 5.0) (distance: 10.30)
[22:58:16] TERRAIN: Queued chunk: (-5.0, 9.0) (distance: 10.30)
[22:58:16] TERRAIN: Queued chunk: (10.0, -3.0) (distance: 10.44)
[22:58:16] TERRAIN: Queued chunk: (-3.0, -10.0) (distance: 10.44)
[22:58:16] TERRAIN: Queued chunk: (-10.0, -3.0) (distance: 10.44)
[22:58:16] TERRAIN: Queued chunk: (3.0, 10.0) (distance: 10.44)
[22:58:16] TERRAIN: Queued chunk: (-10.0, 3.0) (distance: 10.44)
[22:58:16] TERRAIN: Queued chunk: (10.0, 3.0) (distance: 10.44)
[22:58:16] TERRAIN: Queued chunk: (3.0, -10.0) (distance: 10.44)
[22:58:16] TERRAIN: Queued chunk: (-3.0, 10.0) (distance: 10.44)
[22:58:16] TERRAIN: Queued chunk: (8.0, -7.0) (distance: 10.63)
[22:58:16] TERRAIN: Queued chunk: (7.0, 8.0) (distance: 10.63)
[22:58:16] TERRAIN: Queued chunk: (-8.0, 7.0) (distance: 10.63)
[22:58:16] TERRAIN: Queued chunk: (-8.0, -7.0) (distance: 10.63)
[22:58:16] TERRAIN: Queued chunk: (-7.0, 8.0) (distance: 10.63)
[22:58:16] TERRAIN: Queued chunk: (-7.0, -8.0) (distance: 10.63)
[22:58:16] TERRAIN: Queued chunk: (7.0, -8.0) (distance: 10.63)
[22:58:16] TERRAIN: Queued chunk: (8.0, 7.0) (distance: 10.63)
[22:58:16] TERRAIN: Queued chunk: (10.0, -4.0) (distance: 10.77)
[22:58:16] TERRAIN: Queued chunk: (-10.0, 4.0) (distance: 10.77)
[22:58:16] TERRAIN: Queued chunk: (10.0, 4.0) (distance: 10.77)
[22:58:16] TERRAIN: Queued chunk: (4.0, 10.0) (distance: 10.77)
[22:58:16] TERRAIN: Queued chunk: (-4.0, -10.0) (distance: 10.77)
[22:58:16] TERRAIN: Queued chunk: (-4.0, 10.0) (distance: 10.77)
[22:58:16] TERRAIN: Queued chunk: (-10.0, -4.0) (distance: 10.77)
[22:58:16] TERRAIN: Queued chunk: (4.0, -10.0) (distance: 10.77)
[22:58:16] TERRAIN: Queued chunk: (-9.0, 6.0) (distance: 10.82)
[22:58:16] TERRAIN: Queued chunk: (-9.0, -6.0) (distance: 10.82)
[22:58:16] TERRAIN: Queued chunk: (-6.0, 9.0) (distance: 10.82)
[22:58:16] TERRAIN: Queued chunk: (9.0, -6.0) (distance: 10.82)
[22:58:16] TERRAIN: Queued chunk: (9.0, 6.0) (distance: 10.82)
[22:58:16] TERRAIN: Queued chunk: (6.0, 9.0) (distance: 10.82)
[22:58:16] TERRAIN: Queued chunk: (6.0, -9.0) (distance: 10.82)
[22:58:16] TERRAIN: Queued chunk: (-6.0, -9.0) (distance: 10.82)
[22:58:16] TERRAIN: Queued chunk: (11.0, 0.0) (distance: 11.00)
[22:58:16] TERRAIN: Queued chunk: (-11.0, 0.0) (distance: 11.00)
[22:58:16] TERRAIN: Queued chunk: (0.0, 11.0) (distance: 11.00)
[22:58:16] TERRAIN: Queued chunk: (0.0, -11.0) (distance: 11.00)
[22:58:16] TERRAIN: Queued chunk: (1.0, -11.0) (distance: 11.05)
[22:58:16] TERRAIN: Queued chunk: (-1.0, 11.0) (distance: 11.05)
[22:58:16] TERRAIN: Queued chunk: (1.0, 11.0) (distance: 11.05)
[22:58:16] TERRAIN: Queued chunk: (-11.0, -1.0) (distance: 11.05)
[22:58:16] TERRAIN: Queued chunk: (11.0, -1.0) (distance: 11.05)
[22:58:16] TERRAIN: Queued chunk: (-1.0, -11.0) (distance: 11.05)
[22:58:16] TERRAIN: Queued chunk: (-11.0, 1.0) (distance: 11.05)
[22:58:16] TERRAIN: Queued chunk: (11.0, 1.0) (distance: 11.05)
[22:58:16] TERRAIN: Queued chunk: (2.0, -11.0) (distance: 11.18)
[22:58:16] TERRAIN: Queued chunk: (11.0, -2.0) (distance: 11.18)
[22:58:16] TERRAIN: Queued chunk: (10.0, -5.0) (distance: 11.18)
[22:58:16] TERRAIN: Queued chunk: (-5.0, -10.0) (distance: 11.18)
[22:58:16] TERRAIN: Queued chunk: (2.0, 11.0) (distance: 11.18)
[22:58:16] TERRAIN: Queued chunk: (5.0, 10.0) (distance: 11.18)
[22:58:16] TERRAIN: Queued chunk: (-5.0, 10.0) (distance: 11.18)
[22:58:16] TERRAIN: Queued chunk: (5.0, -10.0) (distance: 11.18)
[22:58:16] TERRAIN: Queued chunk: (11.0, 2.0) (distance: 11.18)
[22:58:16] TERRAIN: Queued chunk: (-10.0, 5.0) (distance: 11.18)
[22:58:16] TERRAIN: Queued chunk: (-11.0, -2.0) (distance: 11.18)
[22:58:16] TERRAIN: Queued chunk: (-11.0, 2.0) (distance: 11.18)
[22:58:16] TERRAIN: Queued chunk: (-2.0, 11.0) (distance: 11.18)
[22:58:16] TERRAIN: Queued chunk: (-10.0, -5.0) (distance: 11.18)
[22:58:16] TERRAIN: Queued chunk: (10.0, 5.0) (distance: 11.18)
[22:58:16] TERRAIN: Queued chunk: (-2.0, -11.0) (distance: 11.18)
[22:58:16] TERRAIN: Queued chunk: (8.0, -8.0) (distance: 11.31)
[22:58:16] TERRAIN: Queued chunk: (8.0, 8.0) (distance: 11.31)
[22:58:16] TERRAIN: Queued chunk: (-8.0, 8.0) (distance: 11.31)
[22:58:16] TERRAIN: Queued chunk: (-8.0, -8.0) (distance: 11.31)
[22:58:16] TERRAIN: Queued chunk: (7.0, -9.0) (distance: 11.40)
[22:58:16] TERRAIN: Queued chunk: (-7.0, 9.0) (distance: 11.40)
[22:58:16] TERRAIN: Queued chunk: (9.0, -7.0) (distance: 11.40)
[22:58:16] TERRAIN: Queued chunk: (-7.0, -9.0) (distance: 11.40)
[22:58:16] TERRAIN: Queued chunk: (3.0, 11.0) (distance: 11.40)
[22:58:16] TERRAIN: Queued chunk: (9.0, 7.0) (distance: 11.40)
[22:58:16] TERRAIN: Queued chunk: (11.0, 3.0) (distance: 11.40)
[22:58:16] TERRAIN: Queued chunk: (3.0, -11.0) (distance: 11.40)
[22:58:16] TERRAIN: Queued chunk: (-3.0, 11.0) (distance: 11.40)
[22:58:16] TERRAIN: Queued chunk: (-9.0, 7.0) (distance: 11.40)
[22:58:16] TERRAIN: Queued chunk: (-11.0, -3.0) (distance: 11.40)
[22:58:16] TERRAIN: Queued chunk: (-11.0, 3.0) (distance: 11.40)
[22:58:16] TERRAIN: Queued chunk: (11.0, -3.0) (distance: 11.40)
[22:58:16] TERRAIN: Queued chunk: (-9.0, -7.0) (distance: 11.40)
[22:58:16] TERRAIN: Queued chunk: (7.0, 9.0) (distance: 11.40)
[22:58:16] TERRAIN: Queued chunk: (-3.0, -11.0) (distance: 11.40)
[22:58:16] TERRAIN: Queued chunk: (6.0, -10.0) (distance: 11.66)
[22:58:16] TERRAIN: Queued chunk: (-6.0, -10.0) (distance: 11.66)
[22:58:16] TERRAIN: Queued chunk: (-10.0, -6.0) (distance: 11.66)
[22:58:16] TERRAIN: Queued chunk: (-10.0, 6.0) (distance: 11.66)
[22:58:16] TERRAIN: Queued chunk: (6.0, 10.0) (distance: 11.66)
[22:58:16] TERRAIN: Queued chunk: (-6.0, 10.0) (distance: 11.66)
[22:58:16] TERRAIN: Queued chunk: (10.0, 6.0) (distance: 11.66)
[22:58:16] TERRAIN: Queued chunk: (10.0, -6.0) (distance: 11.66)
[22:58:16] TERRAIN: Queued chunk: (11.0, 4.0) (distance: 11.70)
[22:58:16] TERRAIN: Queued chunk: (11.0, -4.0) (distance: 11.70)
[22:58:16] TERRAIN: Queued chunk: (-4.0, -11.0) (distance: 11.70)
[22:58:16] TERRAIN: Queued chunk: (4.0, -11.0) (distance: 11.70)
[22:58:16] TERRAIN: Queued chunk: (-4.0, 11.0) (distance: 11.70)
[22:58:16] TERRAIN: Queued chunk: (4.0, 11.0) (distance: 11.70)
[22:58:16] TERRAIN: Queued chunk: (-11.0, 4.0) (distance: 11.70)
[22:58:16] TERRAIN: Queued chunk: (-11.0, -4.0) (distance: 11.70)
[22:58:16] TERRAIN: Queued chunk: (12.0, 0.0) (distance: 12.00)
[22:58:16] TERRAIN: Queued chunk: (0.0, -12.0) (distance: 12.00)
[22:58:16] TERRAIN: Queued chunk: (-12.0, 0.0) (distance: 12.00)
[22:58:16] TERRAIN: Queued chunk: (0.0, 12.0) (distance: 12.00)
[22:58:16] TERRAIN: Queued chunk: (8.0, -9.0) (distance: 12.04)
[22:58:16] TERRAIN: Queued chunk: (8.0, 9.0) (distance: 12.04)
[22:58:16] TERRAIN: Queued chunk: (-8.0, 9.0) (distance: 12.04)
[22:58:16] TERRAIN: Queued chunk: (9.0, -8.0) (distance: 12.04)
[22:58:16] TERRAIN: Queued chunk: (12.0, 1.0) (distance: 12.04)
[22:58:16] TERRAIN: Queued chunk: (-1.0, 12.0) (distance: 12.04)
[22:58:16] TERRAIN: Queued chunk: (1.0, 12.0) (distance: 12.04)
[22:58:16] TERRAIN: Queued chunk: (-9.0, 8.0) (distance: 12.04)
[22:58:16] TERRAIN: Queued chunk: (1.0, -12.0) (distance: 12.04)
[22:58:16] TERRAIN: Queued chunk: (-8.0, -9.0) (distance: 12.04)
[22:58:16] TERRAIN: Queued chunk: (12.0, -1.0) (distance: 12.04)
[22:58:16] TERRAIN: Queued chunk: (-12.0, 1.0) (distance: 12.04)
[22:58:16] TERRAIN: Queued chunk: (-9.0, -8.0) (distance: 12.04)
[22:58:16] TERRAIN: Queued chunk: (-12.0, -1.0) (distance: 12.04)
[22:58:16] TERRAIN: Queued chunk: (9.0, 8.0) (distance: 12.04)
[22:58:16] TERRAIN: Queued chunk: (-1.0, -12.0) (distance: 12.04)
[22:58:16] TERRAIN: Queued chunk: (5.0, -11.0) (distance: 12.08)
[22:58:16] TERRAIN: Queued chunk: (-5.0, -11.0) (distance: 12.08)
[22:58:16] TERRAIN: Queued chunk: (-5.0, 11.0) (distance: 12.08)
[22:58:16] TERRAIN: Queued chunk: (11.0, -5.0) (distance: 12.08)
[22:58:16] TERRAIN: Queued chunk: (11.0, 5.0) (distance: 12.08)
[22:58:16] TERRAIN: Queued chunk: (5.0, 11.0) (distance: 12.08)
[22:58:16] TERRAIN: Queued chunk: (-11.0, -5.0) (distance: 12.08)
[22:58:16] TERRAIN: Queued chunk: (-11.0, 5.0) (distance: 12.08)
[22:58:16] TERRAIN: Queued chunk: (12.0, 2.0) (distance: 12.17)
[22:58:16] TERRAIN: Queued chunk: (2.0, 12.0) (distance: 12.17)
[22:58:16] TERRAIN: Queued chunk: (-2.0, 12.0) (distance: 12.17)
[22:58:16] TERRAIN: Queued chunk: (-12.0, 2.0) (distance: 12.17)
[22:58:16] TERRAIN: Queued chunk: (-12.0, -2.0) (distance: 12.17)
[22:58:16] TERRAIN: Queued chunk: (12.0, -2.0) (distance: 12.17)
[22:58:16] TERRAIN: Queued chunk: (2.0, -12.0) (distance: 12.17)
[22:58:16] TERRAIN: Queued chunk: (-2.0, -12.0) (distance: 12.17)
[22:58:16] TERRAIN: Queued chunk: (10.0, -7.0) (distance: 12.21)
[22:58:16] TERRAIN: Queued chunk: (7.0, 10.0) (distance: 12.21)
[22:58:16] TERRAIN: Queued chunk: (10.0, 7.0) (distance: 12.21)
[22:58:16] TERRAIN: Queued chunk: (7.0, -10.0) (distance: 12.21)
[22:58:16] TERRAIN: Queued chunk: (-7.0, -10.0) (distance: 12.21)
[22:58:16] TERRAIN: Queued chunk: (-7.0, 10.0) (distance: 12.21)
[22:58:16] TERRAIN: Queued chunk: (-10.0, 7.0) (distance: 12.21)
[22:58:16] TERRAIN: Queued chunk: (-10.0, -7.0) (distance: 12.21)
[22:58:16] TERRAIN: Queued chunk: (12.0, -3.0) (distance: 12.37)
[22:58:16] TERRAIN: Queued chunk: (-3.0, 12.0) (distance: 12.37)
[22:58:16] TERRAIN: Queued chunk: (12.0, 3.0) (distance: 12.37)
[22:58:16] TERRAIN: Queued chunk: (-3.0, -12.0) (distance: 12.37)
[22:58:16] TERRAIN: Queued chunk: (-12.0, 3.0) (distance: 12.37)
[22:58:16] TERRAIN: Queued chunk: (3.0, -12.0) (distance: 12.37)
[22:58:16] TERRAIN: Queued chunk: (3.0, 12.0) (distance: 12.37)
[22:58:16] TERRAIN: Queued chunk: (-12.0, -3.0) (distance: 12.37)
[22:58:16] TERRAIN: Queued chunk: (-11.0, 6.0) (distance: 12.53)
[22:58:16] TERRAIN: Queued chunk: (-6.0, -11.0) (distance: 12.53)
[22:58:16] TERRAIN: Queued chunk: (-11.0, -6.0) (distance: 12.53)
[22:58:16] TERRAIN: Queued chunk: (-6.0, 11.0) (distance: 12.53)
[22:58:16] TERRAIN: Queued chunk: (6.0, -11.0) (distance: 12.53)
[22:58:16] TERRAIN: Queued chunk: (6.0, 11.0) (distance: 12.53)
[22:58:16] TERRAIN: Queued chunk: (11.0, 6.0) (distance: 12.53)
[22:58:16] TERRAIN: Queued chunk: (11.0, -6.0) (distance: 12.53)
[22:58:16] TERRAIN: Queued chunk: (12.0, -4.0) (distance: 12.65)
[22:58:16] TERRAIN: Queued chunk: (4.0, 12.0) (distance: 12.65)
[22:58:16] TERRAIN: Queued chunk: (-12.0, 4.0) (distance: 12.65)
[22:58:16] TERRAIN: Queued chunk: (-4.0, 12.0) (distance: 12.65)
[22:58:16] TERRAIN: Queued chunk: (4.0, -12.0) (distance: 12.65)
[22:58:16] TERRAIN: Queued chunk: (-4.0, -12.0) (distance: 12.65)
[22:58:16] TERRAIN: Queued chunk: (-12.0, -4.0) (distance: 12.65)
[22:58:16] TERRAIN: Queued chunk: (12.0, 4.0) (distance: 12.65)
[22:58:16] TERRAIN: Queued chunk: (9.0, -9.0) (distance: 12.73)
[22:58:16] TERRAIN: Queued chunk: (9.0, 9.0) (distance: 12.73)
[22:58:16] TERRAIN: Queued chunk: (-9.0, 9.0) (distance: 12.73)
[22:58:16] TERRAIN: Queued chunk: (-9.0, -9.0) (distance: 12.73)
[22:58:16] TERRAIN: Queued chunk: (10.0, -8.0) (distance: 12.81)
[22:58:16] TERRAIN: Queued chunk: (-8.0, 10.0) (distance: 12.81)
[22:58:16] TERRAIN: Queued chunk: (-8.0, -10.0) (distance: 12.81)
[22:58:16] TERRAIN: Queued chunk: (-10.0, 8.0) (distance: 12.81)
[22:58:16] TERRAIN: Queued chunk: (-10.0, -8.0) (distance: 12.81)
[22:58:16] TERRAIN: Queued chunk: (10.0, 8.0) (distance: 12.81)
[22:58:16] TERRAIN: Queued chunk: (8.0, -10.0) (distance: 12.81)
[22:58:16] TERRAIN: Queued chunk: (8.0, 10.0) (distance: 12.81)
[22:58:16] TERRAIN: Queued chunk: (-12.0, 5.0) (distance: 13.00)
[22:58:16] TERRAIN: Queued chunk: (-12.0, -5.0) (distance: 13.00)
[22:58:16] TERRAIN: Queued chunk: (-13.0, 0.0) (distance: 13.00)
[22:58:16] TERRAIN: Queued chunk: (12.0, 5.0) (distance: 13.00)
[22:58:16] TERRAIN: Queued chunk: (13.0, 0.0) (distance: 13.00)
[22:58:16] TERRAIN: Queued chunk: (-5.0, -12.0) (distance: 13.00)
[22:58:16] TERRAIN: Queued chunk: (-5.0, 12.0) (distance: 13.00)
[22:58:16] TERRAIN: Queued chunk: (12.0, -5.0) (distance: 13.00)
[22:58:16] TERRAIN: Queued chunk: (5.0, 12.0) (distance: 13.00)
[22:58:16] TERRAIN: Queued chunk: (0.0, 13.0) (distance: 13.00)
[22:58:16] TERRAIN: Queued chunk: (0.0, -13.0) (distance: 13.00)
[22:58:16] TERRAIN: Queued chunk: (5.0, -12.0) (distance: 13.00)
[22:58:16] TERRAIN: Queued chunk: (-11.0, 7.0) (distance: 13.04)
[22:58:16] TERRAIN: Queued chunk: (-13.0, -1.0) (distance: 13.04)
[22:58:16] TERRAIN: Queued chunk: (-11.0, -7.0) (distance: 13.04)
[22:58:16] TERRAIN: Queued chunk: (7.0, -11.0) (distance: 13.04)
[22:58:16] TERRAIN: Queued chunk: (1.0, 13.0) (distance: 13.04)
[22:58:16] TERRAIN: Queued chunk: (13.0, 1.0) (distance: 13.04)
[22:58:16] TERRAIN: Queued chunk: (1.0, -13.0) (distance: 13.04)
[22:58:16] TERRAIN: Queued chunk: (7.0, 11.0) (distance: 13.04)
[22:58:16] TERRAIN: Queued chunk: (-7.0, -11.0) (distance: 13.04)
[22:58:16] TERRAIN: Queued chunk: (-7.0, 11.0) (distance: 13.04)
[22:58:16] TERRAIN: Queued chunk: (11.0, 7.0) (distance: 13.04)
[22:58:16] TERRAIN: Queued chunk: (-13.0, 1.0) (distance: 13.04)
[22:58:16] TERRAIN: Queued chunk: (-1.0, 13.0) (distance: 13.04)
[22:58:16] TERRAIN: Queued chunk: (-1.0, -13.0) (distance: 13.04)
[22:58:16] TERRAIN: Queued chunk: (11.0, -7.0) (distance: 13.04)
[22:58:16] TERRAIN: Queued chunk: (13.0, -1.0) (distance: 13.04)
[22:58:16] TERRAIN: Queued chunk: (-13.0, 2.0) (distance: 13.15)
[22:58:16] TERRAIN: Queued chunk: (2.0, 13.0) (distance: 13.15)
[22:58:16] TERRAIN: Queued chunk: (2.0, -13.0) (distance: 13.15)
[22:58:16] TERRAIN: Queued chunk: (13.0, 2.0) (distance: 13.15)
[22:58:16] TERRAIN: Queued chunk: (-13.0, -2.0) (distance: 13.15)
[22:58:16] TERRAIN: Queued chunk: (13.0, -2.0) (distance: 13.15)
[22:58:16] TERRAIN: Queued chunk: (-2.0, 13.0) (distance: 13.15)
[22:58:16] TERRAIN: Queued chunk: (-2.0, -13.0) (distance: 13.15)
[22:58:16] TERRAIN: Queued chunk: (3.0, -13.0) (distance: 13.34)
[22:58:16] TERRAIN: Queued chunk: (-13.0, -3.0) (distance: 13.34)
[22:58:16] TERRAIN: Queued chunk: (3.0, 13.0) (distance: 13.34)
[22:58:16] TERRAIN: Queued chunk: (-13.0, 3.0) (distance: 13.34)
[22:58:16] TERRAIN: Queued chunk: (13.0, 3.0) (distance: 13.34)
[22:58:16] TERRAIN: Queued chunk: (13.0, -3.0) (distance: 13.34)
[22:58:16] TERRAIN: Queued chunk: (-3.0, -13.0) (distance: 13.34)
[22:58:16] TERRAIN: Queued chunk: (-3.0, 13.0) (distance: 13.34)
[22:58:16] TERRAIN: Queued chunk: (-12.0, -6.0) (distance: 13.42)
[22:58:16] TERRAIN: Queued chunk: (-12.0, 6.0) (distance: 13.42)
[22:58:16] TERRAIN: Queued chunk: (6.0, 12.0) (distance: 13.42)
[22:58:16] TERRAIN: Queued chunk: (6.0, -12.0) (distance: 13.42)
[22:58:16] TERRAIN: Queued chunk: (12.0, 6.0) (distance: 13.42)
[22:58:16] TERRAIN: Queued chunk: (-6.0, -12.0) (distance: 13.42)
[22:58:16] TERRAIN: Queued chunk: (-6.0, 12.0) (distance: 13.42)
[22:58:16] TERRAIN: Queued chunk: (12.0, -6.0) (distance: 13.42)
[22:58:16] TERRAIN: Queued chunk: (9.0, -10.0) (distance: 13.45)
[22:58:16] TERRAIN: Queued chunk: (9.0, 10.0) (distance: 13.45)
[22:58:16] TERRAIN: Queued chunk: (10.0, -9.0) (distance: 13.45)
[22:58:16] TERRAIN: Queued chunk: (10.0, 9.0) (distance: 13.45)
[22:58:16] TERRAIN: Queued chunk: (-9.0, 10.0) (distance: 13.45)
[22:58:16] TERRAIN: Queued chunk: (-9.0, -10.0) (distance: 13.45)
[22:58:16] TERRAIN: Queued chunk: (-10.0, 9.0) (distance: 13.45)
[22:58:16] TERRAIN: Queued chunk: (-10.0, -9.0) (distance: 13.45)
[22:58:16] TERRAIN: Queued chunk: (8.0, 11.0) (distance: 13.60)
[22:58:16] TERRAIN: Queued chunk: (11.0, 8.0) (distance: 13.60)
[22:58:16] TERRAIN: Queued chunk: (-13.0, -4.0) (distance: 13.60)
[22:58:16] TERRAIN: Queued chunk: (-13.0, 4.0) (distance: 13.60)
[22:58:16] TERRAIN: Queued chunk: (11.0, -8.0) (distance: 13.60)
[22:58:16] TERRAIN: Queued chunk: (13.0, 4.0) (distance: 13.60)
[22:58:16] TERRAIN: Queued chunk: (-11.0, -8.0) (distance: 13.60)
[22:58:16] TERRAIN: Queued chunk: (-11.0, 8.0) (distance: 13.60)
[22:58:16] TERRAIN: Queued chunk: (-8.0, -11.0) (distance: 13.60)
[22:58:16] TERRAIN: Queued chunk: (-8.0, 11.0) (distance: 13.60)
[22:58:16] TERRAIN: Queued chunk: (-4.0, -13.0) (distance: 13.60)
[22:58:16] TERRAIN: Queued chunk: (-4.0, 13.0) (distance: 13.60)
[22:58:16] TERRAIN: Queued chunk: (13.0, -4.0) (distance: 13.60)
[22:58:16] TERRAIN: Queued chunk: (4.0, -13.0) (distance: 13.60)
[22:58:16] TERRAIN: Queued chunk: (4.0, 13.0) (distance: 13.60)
[22:58:16] TERRAIN: Queued chunk: (8.0, -11.0) (distance: 13.60)
[22:58:16] TERRAIN: Queued chunk: (12.0, -7.0) (distance: 13.89)
[22:58:16] TERRAIN: Queued chunk: (-7.0, 12.0) (distance: 13.89)
[22:58:16] TERRAIN: Queued chunk: (-7.0, -12.0) (distance: 13.89)
[22:58:16] TERRAIN: Queued chunk: (-12.0, 7.0) (distance: 13.89)
[22:58:16] TERRAIN: Queued chunk: (-12.0, -7.0) (distance: 13.89)
[22:58:16] TERRAIN: Queued chunk: (7.0, 12.0) (distance: 13.89)
[22:58:16] TERRAIN: Queued chunk: (7.0, -12.0) (distance: 13.89)
[22:58:16] TERRAIN: Queued chunk: (12.0, 7.0) (distance: 13.89)
[22:58:16] TERRAIN: Queued chunk: (13.0, 5.0) (distance: 13.93)
[22:58:16] TERRAIN: Queued chunk: (-13.0, 5.0) (distance: 13.93)
[22:58:16] TERRAIN: Queued chunk: (-13.0, -5.0) (distance: 13.93)
[22:58:16] TERRAIN: Queued chunk: (5.0, -13.0) (distance: 13.93)
[22:58:16] TERRAIN: Queued chunk: (5.0, 13.0) (distance: 13.93)
[22:58:16] TERRAIN: Queued chunk: (13.0, -5.0) (distance: 13.93)
[22:58:16] TERRAIN: Queued chunk: (-5.0, 13.0) (distance: 13.93)
[22:58:16] TERRAIN: Queued chunk: (-5.0, -13.0) (distance: 13.93)
[22:58:16] TERRAIN: Queued chunk: (0.0, -14.0) (distance: 14.00)
[22:58:16] TERRAIN: Queued chunk: (0.0, 14.0) (distance: 14.00)
[22:58:16] TERRAIN: Queued chunk: (14.0, 0.0) (distance: 14.00)
[22:58:16] TERRAIN: Queued chunk: (-14.0, 0.0) (distance: 14.00)
[22:58:16] TERRAIN: Queued chunk: (1.0, -14.0) (distance: 14.04)
[22:58:16] TERRAIN: Queued chunk: (14.0, 1.0) (distance: 14.04)
[22:58:16] TERRAIN: Queued chunk: (-1.0, 14.0) (distance: 14.04)
[22:58:16] TERRAIN: Queued chunk: (-1.0, -14.0) (distance: 14.04)
[22:58:16] TERRAIN: Queued chunk: (1.0, 14.0) (distance: 14.04)
[22:58:16] TERRAIN: Queued chunk: (-14.0, 1.0) (distance: 14.04)
[22:58:16] TERRAIN: Queued chunk: (-14.0, -1.0) (distance: 14.04)
[22:58:16] TERRAIN: Queued chunk: (14.0, -1.0) (distance: 14.04)
[22:58:16] TERRAIN: Queued chunk: (-14.0, 2.0) (distance: 14.14)
[22:58:16] TERRAIN: Queued chunk: (10.0, 10.0) (distance: 14.14)
[22:58:16] TERRAIN: Queued chunk: (-10.0, -10.0) (distance: 14.14)
[22:58:16] TERRAIN: Queued chunk: (-10.0, 10.0) (distance: 14.14)
[22:58:16] TERRAIN: Queued chunk: (14.0, 2.0) (distance: 14.14)
[22:58:16] TERRAIN: Queued chunk: (-14.0, -2.0) (distance: 14.14)
[22:58:16] TERRAIN: Queued chunk: (2.0, 14.0) (distance: 14.14)
[22:58:16] TERRAIN: Queued chunk: (2.0, -14.0) (distance: 14.14)
[22:58:16] TERRAIN: Queued chunk: (-2.0, 14.0) (distance: 14.14)
[22:58:16] TERRAIN: Queued chunk: (14.0, -2.0) (distance: 14.14)
[22:58:16] TERRAIN: Queued chunk: (-2.0, -14.0) (distance: 14.14)
[22:58:16] TERRAIN: Queued chunk: (10.0, -10.0) (distance: 14.14)
[22:58:16] TERRAIN: Queued chunk: (9.0, -11.0) (distance: 14.21)
[22:58:16] TERRAIN: Queued chunk: (11.0, -9.0) (distance: 14.21)
[22:58:16] TERRAIN: Queued chunk: (9.0, 11.0) (distance: 14.21)
[22:58:16] TERRAIN: Queued chunk: (-11.0, -9.0) (distance: 14.21)
[22:58:16] TERRAIN: Queued chunk: (-11.0, 9.0) (distance: 14.21)
[22:58:16] TERRAIN: Queued chunk: (-9.0, -11.0) (distance: 14.21)
[22:58:16] TERRAIN: Queued chunk: (-9.0, 11.0) (distance: 14.21)
[22:58:16] TERRAIN: Queued chunk: (11.0, 9.0) (distance: 14.21)
[22:58:16] TERRAIN: Queued chunk: (-6.0, -13.0) (distance: 14.32)
[22:58:16] TERRAIN: Queued chunk: (14.0, -3.0) (distance: 14.32)
[22:58:16] TERRAIN: Queued chunk: (6.0, 13.0) (distance: 14.32)
[22:58:16] TERRAIN: Queued chunk: (6.0, -13.0) (distance: 14.32)
[22:58:16] TERRAIN: Queued chunk: (-14.0, 3.0) (distance: 14.32)
[22:58:16] TERRAIN: Queued chunk: (13.0, 6.0) (distance: 14.32)
[22:58:16] TERRAIN: Queued chunk: (-13.0, -6.0) (distance: 14.32)
[22:58:16] TERRAIN: Queued chunk: (3.0, 14.0) (distance: 14.32)
[22:58:16] TERRAIN: Queued chunk: (3.0, -14.0) (distance: 14.32)
[22:58:16] TERRAIN: Queued chunk: (-13.0, 6.0) (distance: 14.32)
[22:58:16] TERRAIN: Queued chunk: (-6.0, 13.0) (distance: 14.32)
[22:58:16] TERRAIN: Queued chunk: (-14.0, -3.0) (distance: 14.32)
[22:58:16] TERRAIN: Queued chunk: (-3.0, -14.0) (distance: 14.32)
[22:58:16] TERRAIN: Queued chunk: (13.0, -6.0) (distance: 14.32)
[22:58:16] TERRAIN: Queued chunk: (14.0, 3.0) (distance: 14.32)
[22:58:16] TERRAIN: Queued chunk: (-3.0, 14.0) (distance: 14.32)
[22:58:16] TERRAIN: Queued chunk: (12.0, 8.0) (distance: 14.42)
[22:58:16] TERRAIN: Queued chunk: (12.0, -8.0) (distance: 14.42)
[22:58:16] TERRAIN: Queued chunk: (-12.0, -8.0) (distance: 14.42)
[22:58:16] TERRAIN: Queued chunk: (-12.0, 8.0) (distance: 14.42)
[22:58:16] TERRAIN: Queued chunk: (-8.0, -12.0) (distance: 14.42)
[22:58:16] TERRAIN: Queued chunk: (-8.0, 12.0) (distance: 14.42)
[22:58:16] TERRAIN: Queued chunk: (8.0, -12.0) (distance: 14.42)
[22:58:16] TERRAIN: Queued chunk: (8.0, 12.0) (distance: 14.42)
[22:58:16] TERRAIN: Queued chunk: (14.0, -4.0) (distance: 14.56)
[22:58:16] TERRAIN: Queued chunk: (4.0, 14.0) (distance: 14.56)
[22:58:16] TERRAIN: Queued chunk: (4.0, -14.0) (distance: 14.56)
[22:58:16] TERRAIN: Queued chunk: (-4.0, 14.0) (distance: 14.56)
[22:58:16] TERRAIN: Queued chunk: (-4.0, -14.0) (distance: 14.56)
[22:58:16] TERRAIN: Queued chunk: (14.0, 4.0) (distance: 14.56)
[22:58:16] TERRAIN: Queued chunk: (-14.0, 4.0) (distance: 14.56)
[22:58:16] TERRAIN: Queued chunk: (-14.0, -4.0) (distance: 14.56)
[22:58:16] TERRAIN: Queued chunk: (13.0, -7.0) (distance: 14.76)
[22:58:16] TERRAIN: Queued chunk: (7.0, 13.0) (distance: 14.76)
[22:58:16] TERRAIN: Queued chunk: (7.0, -13.0) (distance: 14.76)
[22:58:16] TERRAIN: Queued chunk: (-7.0, 13.0) (distance: 14.76)
[22:58:16] TERRAIN: Queued chunk: (-7.0, -13.0) (distance: 14.76)
[22:58:16] TERRAIN: Queued chunk: (-13.0, 7.0) (distance: 14.76)
[22:58:16] TERRAIN: Queued chunk: (-13.0, -7.0) (distance: 14.76)
[22:58:16] TERRAIN: Queued chunk: (13.0, 7.0) (distance: 14.76)
[22:58:16] TERRAIN: Queued chunk: (14.0, -5.0) (distance: 14.87)
[22:58:16] TERRAIN: Queued chunk: (11.0, 10.0) (distance: 14.87)
[22:58:16] TERRAIN: Queued chunk: (11.0, -10.0) (distance: 14.87)
[22:58:16] TERRAIN: Queued chunk: (10.0, 11.0) (distance: 14.87)
[22:58:16] TERRAIN: Queued chunk: (10.0, -11.0) (distance: 14.87)
[22:58:16] TERRAIN: Queued chunk: (5.0, 14.0) (distance: 14.87)
[22:58:16] TERRAIN: Queued chunk: (5.0, -14.0) (distance: 14.87)
[22:58:16] TERRAIN: Queued chunk: (-5.0, 14.0) (distance: 14.87)
[22:58:16] TERRAIN: Queued chunk: (-5.0, -14.0) (distance: 14.87)
[22:58:16] TERRAIN: Queued chunk: (-10.0, 11.0) (distance: 14.87)
[22:58:16] TERRAIN: Queued chunk: (-10.0, -11.0) (distance: 14.87)
[22:58:16] TERRAIN: Queued chunk: (-11.0, 10.0) (distance: 14.87)
[22:58:16] TERRAIN: Queued chunk: (-11.0, -10.0) (distance: 14.87)
[22:58:16] TERRAIN: Queued chunk: (14.0, 5.0) (distance: 14.87)
[22:58:16] TERRAIN: Queued chunk: (-14.0, 5.0) (distance: 14.87)
[22:58:16] TERRAIN: Queued chunk: (-14.0, -5.0) (distance: 14.87)
[22:58:16] TERRAIN: Queued chunk: (15.0, 0.0) (distance: 15.00)
[22:58:16] TERRAIN: Queued chunk: (12.0, 9.0) (distance: 15.00)
[22:58:16] TERRAIN: Queued chunk: (12.0, -9.0) (distance: 15.00)
[22:58:16] TERRAIN: Queued chunk: (9.0, 12.0) (distance: 15.00)
[22:58:16] TERRAIN: Queued chunk: (9.0, -12.0) (distance: 15.00)
[22:58:16] TERRAIN: Queued chunk: (0.0, 15.0) (distance: 15.00)
[22:58:16] TERRAIN: Queued chunk: (0.0, -15.0) (distance: 15.00)
[22:58:16] TERRAIN: Queued chunk: (-9.0, 12.0) (distance: 15.00)
[22:58:16] TERRAIN: Queued chunk: (-9.0, -12.0) (distance: 15.00)
[22:58:16] TERRAIN: Queued chunk: (-12.0, 9.0) (distance: 15.00)
[22:58:16] TERRAIN: Queued chunk: (-12.0, -9.0) (distance: 15.00)
[22:58:16] TERRAIN: Queued chunk: (-15.0, 0.0) (distance: 15.00)
[22:58:16] TERRAIN: Creating chunk: (0.0, 0.0) at distance 0.00
[22:58:16] TERRAIN: Chunk (0.0, 0.0): TRIMESH collision created successfully (distance: 0.00, vertices: 512)
[22:58:16] TERRAIN: Chunk created successfully: (0.0, 0.0) at world pos (0.0, 0.0, 0.0) (total chunks: 1)
[22:58:16] TERRAIN: Creating chunk: (0.0, -1.0) at distance 1.00
[22:58:16] TERRAIN: Chunk (0.0, -1.0): TRIMESH collision created successfully (distance: 1.00, vertices: 512)
[22:58:16] TERRAIN: Chunk created successfully: (0.0, -1.0) at world pos (0.0, 0.0, -32.0) (total chunks: 2)
[22:58:16] TERRAIN: Creating chunk: (-1.0, 0.0) at distance 1.00
[22:58:16] TERRAIN: Chunk (-1.0, 0.0): TRIMESH collision created successfully (distance: 1.00, vertices: 512)
[22:58:16] TERRAIN: Chunk created successfully: (-1.0, 0.0) at world pos (-32.0, 0.0, 0.0) (total chunks: 3)
[22:58:16] TERRAIN: Creating chunk: (0.0, 1.0) at distance 1.00
[22:58:16] TERRAIN: Chunk (0.0, 1.0): TRIMESH collision created successfully (distance: 1.00, vertices: 512)
[22:58:16] TERRAIN: Chunk created successfully: (0.0, 1.0) at world pos (0.0, 0.0, 32.0) (total chunks: 4)
[22:58:16] TERRAIN: Creating chunk: (1.0, 0.0) at distance 1.00
[22:58:16] TERRAIN: Chunk (1.0, 0.0): TRIMESH collision created successfully (distance: 1.00, vertices: 512)
[22:58:16] TERRAIN: Chunk created successfully: (1.0, 0.0) at world pos (32.0, 0.0, 0.0) (total chunks: 5)
[22:58:16] TERRAIN: Creating chunk: (-1.0, 1.0) at distance 1.41
[22:58:16] TERRAIN: Chunk (-1.0, 1.0): TRIMESH collision created successfully (distance: 1.41, vertices: 128)
[22:58:16] TERRAIN: Chunk created successfully: (-1.0, 1.0) at world pos (-32.0, 0.0, 32.0) (total chunks: 6)
[22:58:16] TERRAIN: Creating chunk: (-1.0, -1.0) at distance 1.41
[22:58:16] TERRAIN: Chunk (-1.0, -1.0): TRIMESH collision created successfully (distance: 1.41, vertices: 128)
[22:58:16] TERRAIN: Chunk created successfully: (-1.0, -1.0) at world pos (-32.0, 0.0, -32.0) (total chunks: 7)
[22:58:16] TERRAIN: Creating chunk: (1.0, 1.0) at distance 1.41
[22:58:16] TERRAIN: Chunk (1.0, 1.0): TRIMESH collision created successfully (distance: 1.41, vertices: 128)
[22:58:16] TERRAIN: Chunk created successfully: (1.0, 1.0) at world pos (32.0, 0.0, 32.0) (total chunks: 8)
[22:58:16] TERRAIN: Creating chunk: (1.0, -1.0) at distance 1.41
[22:58:16] TERRAIN: Chunk (1.0, -1.0): TRIMESH collision created successfully (distance: 1.41, vertices: 128)
[22:58:16] TERRAIN: Chunk created successfully: (1.0, -1.0) at world pos (32.0, 0.0, -32.0) (total chunks: 9)
[22:58:16] TERRAIN: Creating chunk: (0.0, -2.0) at distance 2.00
[22:58:16] TERRAIN: Chunk (0.0, -2.0): TRIMESH collision created successfully (distance: 2.00, vertices: 128)
[22:58:16] TERRAIN: Chunk created successfully: (0.0, -2.0) at world pos (0.0, 0.0, -64.0) (total chunks: 10)
[22:58:16] TERRAIN: Creating chunk: (0.0, 2.0) at distance 2.00
[22:58:16] TERRAIN: Chunk (0.0, 2.0): TRIMESH collision created successfully (distance: 2.00, vertices: 128)
[22:58:16] TERRAIN: Chunk created successfully: (0.0, 2.0) at world pos (0.0, 0.0, 64.0) (total chunks: 11)
[22:58:16] TERRAIN: Creating chunk: (-2.0, 0.0) at distance 2.00
[22:58:16] TERRAIN: Chunk (-2.0, 0.0): TRIMESH collision created successfully (distance: 2.00, vertices: 128)
[22:58:16] TERRAIN: Chunk created successfully: (-2.0, 0.0) at world pos (-64.0, 0.0, 0.0) (total chunks: 12)
[22:58:16] TERRAIN: Creating chunk: (2.0, 0.0) at distance 2.00
[22:58:16] TERRAIN: Chunk (2.0, 0.0): TRIMESH collision created successfully (distance: 2.00, vertices: 128)
[22:58:16] TERRAIN: Chunk created successfully: (2.0, 0.0) at world pos (64.0, 0.0, 0.0) (total chunks: 13)
[22:58:16] TERRAIN: Creating chunk: (-2.0, 1.0) at distance 2.24
[22:58:16] TERRAIN: Chunk (-2.0, 1.0): TRIMESH collision created successfully (distance: 2.24, vertices: 128)
[22:58:16] TERRAIN: Chunk created successfully: (-2.0, 1.0) at world pos (-64.0, 0.0, 32.0) (total chunks: 14)
[22:58:16] TERRAIN: Creating chunk: (-2.0, -1.0) at distance 2.24
[22:58:16] TERRAIN: Chunk (-2.0, -1.0): TRIMESH collision created successfully (distance: 2.24, vertices: 128)
[22:58:16] TERRAIN: Chunk created successfully: (-2.0, -1.0) at world pos (-64.0, 0.0, -32.0) (total chunks: 15)
[22:58:16] TERRAIN: Creating chunk: (1.0, 2.0) at distance 2.24
[22:58:16] TERRAIN: Chunk (1.0, 2.0): TRIMESH collision created successfully (distance: 2.24, vertices: 128)
[22:58:16] TERRAIN: Chunk created successfully: (1.0, 2.0) at world pos (32.0, 0.0, 64.0) (total chunks: 16)
[22:58:16] TERRAIN: Creating chunk: (1.0, -2.0) at distance 2.24
[22:58:17] TERRAIN: Chunk (1.0, -2.0): TRIMESH collision created successfully (distance: 2.24, vertices: 128)
[22:58:17] TERRAIN: Chunk created successfully: (1.0, -2.0) at world pos (32.0, 0.0, -64.0) (total chunks: 17)
[22:58:17] TERRAIN: Creating chunk: (-1.0, 2.0) at distance 2.24
[22:58:17] TERRAIN: Chunk (-1.0, 2.0): TRIMESH collision created successfully (distance: 2.24, vertices: 128)
[22:58:17] TERRAIN: Chunk created successfully: (-1.0, 2.0) at world pos (-32.0, 0.0, 64.0) (total chunks: 18)
[22:58:17] TERRAIN: Creating chunk: (2.0, 1.0) at distance 2.24
[22:58:17] TERRAIN: Chunk (2.0, 1.0): TRIMESH collision created successfully (distance: 2.24, vertices: 128)
[22:58:17] TERRAIN: Chunk created successfully: (2.0, 1.0) at world pos (64.0, 0.0, 32.0) (total chunks: 19)
[22:58:17] TERRAIN: Creating chunk: (2.0, -1.0) at distance 2.24
[22:58:17] TERRAIN: Chunk (2.0, -1.0): TRIMESH collision created successfully (distance: 2.24, vertices: 128)
[22:58:17] TERRAIN: Chunk created successfully: (2.0, -1.0) at world pos (64.0, 0.0, -32.0) (total chunks: 20)
[22:58:17] TERRAIN: Creating chunk: (-1.0, -2.0) at distance 2.24
[22:58:17] TERRAIN: Chunk (-1.0, -2.0): TRIMESH collision created successfully (distance: 2.24, vertices: 128)
[22:58:17] TERRAIN: Chunk created successfully: (-1.0, -2.0) at world pos (-32.0, 0.0, -64.0) (total chunks: 21)
[22:58:17] TERRAIN: Creating chunk: (2.0, 2.0) at distance 2.83
[22:58:17] TERRAIN: Chunk (2.0, 2.0): TRIMESH collision created successfully (distance: 2.83, vertices: 128)
[22:58:17] TERRAIN: Chunk created successfully: (2.0, 2.0) at world pos (64.0, 0.0, 64.0) (total chunks: 22)
[22:58:17] TERRAIN: Creating chunk: (2.0, -2.0) at distance 2.83
[22:58:17] TERRAIN: Chunk (2.0, -2.0): TRIMESH collision created successfully (distance: 2.83, vertices: 128)
[22:58:17] TERRAIN: Chunk created successfully: (2.0, -2.0) at world pos (64.0, 0.0, -64.0) (total chunks: 23)
[22:58:17] TERRAIN: Creating chunk: (-2.0, -2.0) at distance 2.83
[22:58:17] TERRAIN: Chunk (-2.0, -2.0): TRIMESH collision created successfully (distance: 2.83, vertices: 128)
[22:58:17] TERRAIN: Chunk created successfully: (-2.0, -2.0) at world pos (-64.0, 0.0, -64.0) (total chunks: 24)
[22:58:17] TERRAIN: Creating chunk: (-2.0, 2.0) at distance 2.83
[22:58:17] TERRAIN: Chunk (-2.0, 2.0): TRIMESH collision created successfully (distance: 2.83, vertices: 128)
[22:58:17] TERRAIN: Chunk created successfully: (-2.0, 2.0) at world pos (-64.0, 0.0, 64.0) (total chunks: 25)
[22:58:17] TERRAIN: Creating chunk: (0.0, -3.0) at distance 3.00
[22:58:17] TERRAIN: Chunk (0.0, -3.0): TRIMESH collision created successfully (distance: 3.00, vertices: 128)
[22:58:17] TERRAIN: Chunk created successfully: (0.0, -3.0) at world pos (0.0, 0.0, -96.0) (total chunks: 26)
[22:58:17] TERRAIN: Creating chunk: (0.0, 3.0) at distance 3.00
[22:58:17] TERRAIN: Chunk (0.0, 3.0): TRIMESH collision created successfully (distance: 3.00, vertices: 128)
[22:58:17] TERRAIN: Chunk created successfully: (0.0, 3.0) at world pos (0.0, 0.0, 96.0) (total chunks: 27)
[22:58:17] TERRAIN: Creating chunk: (3.0, 0.0) at distance 3.00
[22:58:17] TERRAIN: Chunk (3.0, 0.0): TRIMESH collision created successfully (distance: 3.00, vertices: 128)
[22:58:17] TERRAIN: Chunk created successfully: (3.0, 0.0) at world pos (96.0, 0.0, 0.0) (total chunks: 28)
[22:58:17] TERRAIN: Creating chunk: (-3.0, 0.0) at distance 3.00
[22:58:17] TERRAIN: Chunk (-3.0, 0.0): TRIMESH collision created successfully (distance: 3.00, vertices: 128)
[22:58:17] TERRAIN: Chunk created successfully: (-3.0, 0.0) at world pos (-96.0, 0.0, 0.0) (total chunks: 29)
[22:58:17] TERRAIN: Creating chunk: (1.0, 3.0) at distance 3.16
[22:58:17] TERRAIN: Chunk (1.0, 3.0): TRIMESH collision created successfully (distance: 3.16, vertices: 32)
[22:58:17] TERRAIN: Chunk created successfully: (1.0, 3.0) at world pos (32.0, 0.0, 96.0) (total chunks: 30)
[22:58:17] TERRAIN: Creating chunk: (-1.0, -3.0) at distance 3.16
[22:58:17] TERRAIN: Chunk (-1.0, -3.0): TRIMESH collision created successfully (distance: 3.16, vertices: 32)
[22:58:17] TERRAIN: Chunk created successfully: (-1.0, -3.0) at world pos (-32.0, 0.0, -96.0) (total chunks: 31)
[22:58:17] TERRAIN: Creating chunk: (-3.0, -1.0) at distance 3.16
[22:58:17] TERRAIN: Chunk (-3.0, -1.0): TRIMESH collision created successfully (distance: 3.16, vertices: 32)
[22:58:17] TERRAIN: Chunk created successfully: (-3.0, -1.0) at world pos (-96.0, 0.0, -32.0) (total chunks: 32)
[22:58:17] TERRAIN: Creating chunk: (3.0, -1.0) at distance 3.16
[22:58:17] TERRAIN: Chunk (3.0, -1.0): TRIMESH collision created successfully (distance: 3.16, vertices: 32)
[22:58:17] TERRAIN: Chunk created successfully: (3.0, -1.0) at world pos (96.0, 0.0, -32.0) (total chunks: 33)
[22:58:17] TERRAIN: Creating chunk: (3.0, 1.0) at distance 3.16
[22:58:17] TERRAIN: Chunk (3.0, 1.0): TRIMESH collision created successfully (distance: 3.16, vertices: 32)
[22:58:17] TERRAIN: Chunk created successfully: (3.0, 1.0) at world pos (96.0, 0.0, 32.0) (total chunks: 34)
[22:58:17] TERRAIN: Creating chunk: (-3.0, 1.0) at distance 3.16
[22:58:17] TERRAIN: Chunk (-3.0, 1.0): TRIMESH collision created successfully (distance: 3.16, vertices: 32)
[22:58:17] TERRAIN: Chunk created successfully: (-3.0, 1.0) at world pos (-96.0, 0.0, 32.0) (total chunks: 35)
[22:58:17] TERRAIN: Creating chunk: (1.0, -3.0) at distance 3.16
[22:58:17] TERRAIN: Chunk (1.0, -3.0): TRIMESH collision created successfully (distance: 3.16, vertices: 32)
[22:58:17] TERRAIN: Chunk created successfully: (1.0, -3.0) at world pos (32.0, 0.0, -96.0) (total chunks: 36)
[22:58:17] TERRAIN: Creating chunk: (-1.0, 3.0) at distance 3.16
[22:58:17] TERRAIN: Chunk (-1.0, 3.0): TRIMESH collision created successfully (distance: 3.16, vertices: 32)
[22:58:17] TERRAIN: Chunk created successfully: (-1.0, 3.0) at world pos (-32.0, 0.0, 96.0) (total chunks: 37)
[22:58:17] TERRAIN: Creating chunk: (-3.0, -2.0) at distance 3.61
[22:58:17] TERRAIN: Chunk (-3.0, -2.0): TRIMESH collision created successfully (distance: 3.61, vertices: 32)
[22:58:17] TERRAIN: Chunk created successfully: (-3.0, -2.0) at world pos (-96.0, 0.0, -64.0) (total chunks: 38)
[22:58:17] TERRAIN: Creating chunk: (-3.0, 2.0) at distance 3.61
[22:58:17] TERRAIN: Chunk (-3.0, 2.0): TRIMESH collision created successfully (distance: 3.61, vertices: 32)
[22:58:17] TERRAIN: Chunk created successfully: (-3.0, 2.0) at world pos (-96.0, 0.0, 64.0) (total chunks: 39)
[22:58:17] TERRAIN: Creating chunk: (2.0, -3.0) at distance 3.61
[22:58:17] TERRAIN: Chunk (2.0, -3.0): TRIMESH collision created successfully (distance: 3.61, vertices: 32)
[22:58:17] TERRAIN: Chunk created successfully: (2.0, -3.0) at world pos (64.0, 0.0, -96.0) (total chunks: 40)
[22:58:17] TERRAIN: Creating chunk: (2.0, 3.0) at distance 3.61
[22:58:17] TERRAIN: Chunk (2.0, 3.0): TRIMESH collision created successfully (distance: 3.61, vertices: 32)
[22:58:17] TERRAIN: Chunk created successfully: (2.0, 3.0) at world pos (64.0, 0.0, 96.0) (total chunks: 41)
[22:58:17] TERRAIN: Creating chunk: (-2.0, -3.0) at distance 3.61
[22:58:17] TERRAIN: Chunk (-2.0, -3.0): TRIMESH collision created successfully (distance: 3.61, vertices: 32)
[22:58:17] TERRAIN: Chunk created successfully: (-2.0, -3.0) at world pos (-64.0, 0.0, -96.0) (total chunks: 42)
[22:58:17] TERRAIN: Creating chunk: (3.0, 2.0) at distance 3.61
[22:58:17] TERRAIN: Chunk (3.0, 2.0): TRIMESH collision created successfully (distance: 3.61, vertices: 32)
[22:58:17] TERRAIN: Chunk created successfully: (3.0, 2.0) at world pos (96.0, 0.0, 64.0) (total chunks: 43)
[22:58:17] TERRAIN: Creating chunk: (-2.0, 3.0) at distance 3.61
[22:58:17] TERRAIN: Chunk (-2.0, 3.0): TRIMESH collision created successfully (distance: 3.61, vertices: 32)
[22:58:17] TERRAIN: Chunk created successfully: (-2.0, 3.0) at world pos (-64.0, 0.0, 96.0) (total chunks: 44)
[22:58:17] TERRAIN: Creating chunk: (3.0, -2.0) at distance 3.61
[22:58:17] TERRAIN: Chunk (3.0, -2.0): TRIMESH collision created successfully (distance: 3.61, vertices: 32)
[22:58:17] TERRAIN: Chunk created successfully: (3.0, -2.0) at world pos (96.0, 0.0, -64.0) (total chunks: 45)
[22:58:17] TERRAIN: Creating chunk: (4.0, 0.0) at distance 4.00
[22:58:17] TERRAIN: Chunk (4.0, 0.0): TRIMESH collision created successfully (distance: 4.00, vertices: 32)
[22:58:17] TERRAIN: Chunk created successfully: (4.0, 0.0) at world pos (128.0, 0.0, 0.0) (total chunks: 46)
[22:58:17] TERRAIN: Creating chunk: (0.0, -4.0) at distance 4.00
[22:58:17] TERRAIN: Chunk (0.0, -4.0): TRIMESH collision created successfully (distance: 4.00, vertices: 32)
[22:58:17] TERRAIN: Chunk created successfully: (0.0, -4.0) at world pos (0.0, 0.0, -128.0) (total chunks: 47)
[22:58:17] TERRAIN: Creating chunk: (0.0, 4.0) at distance 4.00
[22:58:17] TERRAIN: Chunk (0.0, 4.0): TRIMESH collision created successfully (distance: 4.00, vertices: 32)
[22:58:17] TERRAIN: Chunk created successfully: (0.0, 4.0) at world pos (0.0, 0.0, 128.0) (total chunks: 48)
[22:58:17] TERRAIN: Creating chunk: (-4.0, 0.0) at distance 4.00
[22:58:17] TERRAIN: Chunk (-4.0, 0.0): TRIMESH collision created successfully (distance: 4.00, vertices: 32)
[22:58:17] TERRAIN: Chunk created successfully: (-4.0, 0.0) at world pos (-128.0, 0.0, 0.0) (total chunks: 49)
[22:58:17] TERRAIN: Creating chunk: (1.0, -4.0) at distance 4.12
[22:58:17] TERRAIN: Chunk (1.0, -4.0): TRIMESH collision created successfully (distance: 4.12, vertices: 32)
[22:58:17] TERRAIN: Chunk created successfully: (1.0, -4.0) at world pos (32.0, 0.0, -128.0) (total chunks: 50)
[22:58:17] TERRAIN: Creating chunk: (-1.0, 4.0) at distance 4.12
[22:58:17] TERRAIN: Chunk (-1.0, 4.0): TRIMESH collision created successfully (distance: 4.12, vertices: 32)
[22:58:17] TERRAIN: Chunk created successfully: (-1.0, 4.0) at world pos (-32.0, 0.0, 128.0) (total chunks: 51)
[22:58:17] TERRAIN: Creating chunk: (1.0, 4.0) at distance 4.12
[22:58:17] TERRAIN: Chunk (1.0, 4.0): TRIMESH collision created successfully (distance: 4.12, vertices: 32)
[22:58:17] TERRAIN: Chunk created successfully: (1.0, 4.0) at world pos (32.0, 0.0, 128.0) (total chunks: 52)
[22:58:17] TERRAIN: Creating chunk: (-4.0, -1.0) at distance 4.12
[22:58:17] TERRAIN: Chunk (-4.0, -1.0): TRIMESH collision created successfully (distance: 4.12, vertices: 32)
[22:58:17] TERRAIN: Chunk created successfully: (-4.0, -1.0) at world pos (-128.0, 0.0, -32.0) (total chunks: 53)
[22:58:17] TERRAIN: Creating chunk: (-1.0, -4.0) at distance 4.12
[22:58:17] TERRAIN: Chunk (-1.0, -4.0): TRIMESH collision created successfully (distance: 4.12, vertices: 32)
[22:58:17] TERRAIN: Chunk created successfully: (-1.0, -4.0) at world pos (-32.0, 0.0, -128.0) (total chunks: 54)
[22:58:17] TERRAIN: Creating chunk: (-4.0, 1.0) at distance 4.12
[22:58:17] TERRAIN: Chunk (-4.0, 1.0): TRIMESH collision created successfully (distance: 4.12, vertices: 32)
[22:58:17] TERRAIN: Chunk created successfully: (-4.0, 1.0) at world pos (-128.0, 0.0, 32.0) (total chunks: 55)
[22:58:17] TERRAIN: Creating chunk: (4.0, -1.0) at distance 4.12
[22:58:17] TERRAIN: Chunk (4.0, -1.0): TRIMESH collision created successfully (distance: 4.12, vertices: 32)
[22:58:17] TERRAIN: Chunk created successfully: (4.0, -1.0) at world pos (128.0, 0.0, -32.0) (total chunks: 56)
[22:58:17] TERRAIN: Creating chunk: (4.0, 1.0) at distance 4.12
[22:58:17] TERRAIN: Chunk (4.0, 1.0): TRIMESH collision created successfully (distance: 4.12, vertices: 32)
[22:58:17] TERRAIN: Chunk created successfully: (4.0, 1.0) at world pos (128.0, 0.0, 32.0) (total chunks: 57)
[22:58:17] TERRAIN: Creating chunk: (3.0, -3.0) at distance 4.24
[22:58:17] TERRAIN: Chunk (3.0, -3.0): TRIMESH collision created successfully (distance: 4.24, vertices: 32)
[22:58:17] TERRAIN: Chunk created successfully: (3.0, -3.0) at world pos (96.0, 0.0, -96.0) (total chunks: 58)
[22:58:17] TERRAIN: Creating chunk: (3.0, 3.0) at distance 4.24
[22:58:17] TERRAIN: Chunk (3.0, 3.0): TRIMESH collision created successfully (distance: 4.24, vertices: 32)
[22:58:17] TERRAIN: Chunk created successfully: (3.0, 3.0) at world pos (96.0, 0.0, 96.0) (total chunks: 59)
[22:58:17] TERRAIN: Creating chunk: (-3.0, -3.0) at distance 4.24
[22:58:17] TERRAIN: Chunk (-3.0, -3.0): TRIMESH collision created successfully (distance: 4.24, vertices: 32)
[22:58:17] TERRAIN: Chunk created successfully: (-3.0, -3.0) at world pos (-96.0, 0.0, -96.0) (total chunks: 60)
[22:58:17] TERRAIN: Creating chunk: (-3.0, 3.0) at distance 4.24
[22:58:17] TERRAIN: Chunk (-3.0, 3.0): TRIMESH collision created successfully (distance: 4.24, vertices: 32)
[22:58:17] TERRAIN: Chunk created successfully: (-3.0, 3.0) at world pos (-96.0, 0.0, 96.0) (total chunks: 61)
[22:58:17] TERRAIN: Creating chunk: (-4.0, -2.0) at distance 4.47
[22:58:17] TERRAIN: Chunk (-4.0, -2.0): TRIMESH collision created successfully (distance: 4.47, vertices: 32)
[22:58:17] TERRAIN: Chunk created successfully: (-4.0, -2.0) at world pos (-128.0, 0.0, -64.0) (total chunks: 62)
[22:58:17] TERRAIN: Creating chunk: (-4.0, 2.0) at distance 4.47
[22:58:17] TERRAIN: Chunk (-4.0, 2.0): TRIMESH collision created successfully (distance: 4.47, vertices: 32)
[22:58:17] TERRAIN: Chunk created successfully: (-4.0, 2.0) at world pos (-128.0, 0.0, 64.0) (total chunks: 63)
[22:58:17] TERRAIN: Creating chunk: (4.0, 2.0) at distance 4.47
[22:58:17] TERRAIN: Chunk (4.0, 2.0): TRIMESH collision created successfully (distance: 4.47, vertices: 32)
[22:58:17] TERRAIN: Chunk created successfully: (4.0, 2.0) at world pos (128.0, 0.0, 64.0) (total chunks: 64)
[22:58:17] TERRAIN: Creating chunk: (4.0, -2.0) at distance 4.47
[22:58:17] TERRAIN: Chunk (4.0, -2.0): TRIMESH collision created successfully (distance: 4.47, vertices: 32)
[22:58:17] TERRAIN: Chunk created successfully: (4.0, -2.0) at world pos (128.0, 0.0, -64.0) (total chunks: 65)
[22:58:17] TERRAIN: Creating chunk: (-2.0, -4.0) at distance 4.47
[22:58:17] TERRAIN: Chunk (-2.0, -4.0): TRIMESH collision created successfully (distance: 4.47, vertices: 32)
[22:58:17] TERRAIN: Chunk created successfully: (-2.0, -4.0) at world pos (-64.0, 0.0, -128.0) (total chunks: 66)
[22:58:17] TERRAIN: Creating chunk: (-2.0, 4.0) at distance 4.47
[22:58:17] TERRAIN: Chunk (-2.0, 4.0): TRIMESH collision created successfully (distance: 4.47, vertices: 32)
[22:58:17] TERRAIN: Chunk created successfully: (-2.0, 4.0) at world pos (-64.0, 0.0, 128.0) (total chunks: 67)
[22:58:17] TERRAIN: Creating chunk: (2.0, 4.0) at distance 4.47
[22:58:17] TERRAIN: Chunk (2.0, 4.0): TRIMESH collision created successfully (distance: 4.47, vertices: 32)
[22:58:17] TERRAIN: Chunk created successfully: (2.0, 4.0) at world pos (64.0, 0.0, 128.0) (total chunks: 68)
[22:58:17] TERRAIN: Creating chunk: (2.0, -4.0) at distance 4.47
[22:58:17] TERRAIN: Chunk (2.0, -4.0): TRIMESH collision created successfully (distance: 4.47, vertices: 32)
[22:58:17] TERRAIN: Chunk created successfully: (2.0, -4.0) at world pos (64.0, 0.0, -128.0) (total chunks: 69)
[22:58:17] TERRAIN: Creating chunk: (0.0, -5.0) at distance 5.00
[22:58:17] TERRAIN: Chunk (0.0, -5.0): TRIMESH collision created successfully (distance: 5.00, vertices: 32)
[22:58:17] TERRAIN: Chunk created successfully: (0.0, -5.0) at world pos (0.0, 0.0, -160.0) (total chunks: 70)
[22:58:17] TERRAIN: Creating chunk: (-3.0, 4.0) at distance 5.00
[22:58:17] TERRAIN: Chunk (-3.0, 4.0): TRIMESH collision created successfully (distance: 5.00, vertices: 32)
[22:58:17] TERRAIN: Chunk created successfully: (-3.0, 4.0) at world pos (-96.0, 0.0, 128.0) (total chunks: 71)
[22:58:17] TERRAIN: Creating chunk: (-3.0, -4.0) at distance 5.00
[22:58:17] TERRAIN: Chunk (-3.0, -4.0): TRIMESH collision created successfully (distance: 5.00, vertices: 32)
[22:58:17] TERRAIN: Chunk created successfully: (-3.0, -4.0) at world pos (-96.0, 0.0, -128.0) (total chunks: 72)
[22:58:17] TERRAIN: Creating chunk: (-4.0, 3.0) at distance 5.00
[22:58:17] TERRAIN: Chunk (-4.0, 3.0): TRIMESH collision created successfully (distance: 5.00, vertices: 32)
[22:58:17] TERRAIN: Chunk created successfully: (-4.0, 3.0) at world pos (-128.0, 0.0, 96.0) (total chunks: 73)
[22:58:17] TERRAIN: Creating chunk: (-4.0, -3.0) at distance 5.00
[22:58:17] TERRAIN: Chunk (-4.0, -3.0): TRIMESH collision created successfully (distance: 5.00, vertices: 32)
[22:58:17] TERRAIN: Chunk created successfully: (-4.0, -3.0) at world pos (-128.0, 0.0, -96.0) (total chunks: 74)
[22:58:17] TERRAIN: Creating chunk: (3.0, -4.0) at distance 5.00
[22:58:17] TERRAIN: Chunk (3.0, -4.0): TRIMESH collision created successfully (distance: 5.00, vertices: 32)
[22:58:17] TERRAIN: Chunk created successfully: (3.0, -4.0) at world pos (96.0, 0.0, -128.0) (total chunks: 75)
[22:58:17] TERRAIN: Creating chunk: (3.0, 4.0) at distance 5.00
[22:58:17] TERRAIN: Chunk (3.0, 4.0): TRIMESH collision created successfully (distance: 5.00, vertices: 32)
[22:58:17] TERRAIN: Chunk created successfully: (3.0, 4.0) at world pos (96.0, 0.0, 128.0) (total chunks: 76)
[22:58:17] TERRAIN: Creating chunk: (-5.0, 0.0) at distance 5.00
[22:58:17] TERRAIN: Chunk (-5.0, 0.0): TRIMESH collision created successfully (distance: 5.00, vertices: 32)
[22:58:17] TERRAIN: Chunk created successfully: (-5.0, 0.0) at world pos (-160.0, 0.0, 0.0) (total chunks: 77)
[22:58:17] TERRAIN: Creating chunk: (5.0, 0.0) at distance 5.00
[22:58:17] TERRAIN: Chunk (5.0, 0.0): TRIMESH collision created successfully (distance: 5.00, vertices: 32)
[22:58:17] TERRAIN: Chunk created successfully: (5.0, 0.0) at world pos (160.0, 0.0, 0.0) (total chunks: 78)
[22:58:17] TERRAIN: Creating chunk: (0.0, 5.0) at distance 5.00
[22:58:17] TERRAIN: Chunk (0.0, 5.0): TRIMESH collision created successfully (distance: 5.00, vertices: 32)
[22:58:17] TERRAIN: Chunk created successfully: (0.0, 5.0) at world pos (0.0, 0.0, 160.0) (total chunks: 79)
[22:58:17] TERRAIN: Creating chunk: (4.0, -3.0) at distance 5.00
[22:58:17] TERRAIN: Chunk (4.0, -3.0): TRIMESH collision created successfully (distance: 5.00, vertices: 32)
[22:58:17] TERRAIN: Chunk created successfully: (4.0, -3.0) at world pos (128.0, 0.0, -96.0) (total chunks: 80)
[22:58:17] TERRAIN: Creating chunk: (4.0, 3.0) at distance 5.00
[22:58:17] TERRAIN: Chunk (4.0, 3.0): TRIMESH collision created successfully (distance: 5.00, vertices: 32)
[22:58:17] TERRAIN: Chunk created successfully: (4.0, 3.0) at world pos (128.0, 0.0, 96.0) (total chunks: 81)
[22:58:17] TERRAIN: Creating chunk: (5.0, 1.0) at distance 5.10
[22:58:17] TERRAIN: Chunk (5.0, 1.0): TRIMESH collision created successfully (distance: 5.10, vertices: 8)
[22:58:17] TERRAIN: Chunk created successfully: (5.0, 1.0) at world pos (160.0, 0.0, 32.0) (total chunks: 82)
[22:58:17] TERRAIN: Creating chunk: (-1.0, 5.0) at distance 5.10
[22:58:17] TERRAIN: Chunk (-1.0, 5.0): TRIMESH collision created successfully (distance: 5.10, vertices: 8)
[22:58:17] TERRAIN: Chunk created successfully: (-1.0, 5.0) at world pos (-32.0, 0.0, 160.0) (total chunks: 83)
[22:58:17] TERRAIN: Creating chunk: (-5.0, -1.0) at distance 5.10
[22:58:17] TERRAIN: Chunk (-5.0, -1.0): TRIMESH collision created successfully (distance: 5.10, vertices: 8)
[22:58:17] TERRAIN: Chunk created successfully: (-5.0, -1.0) at world pos (-160.0, 0.0, -32.0) (total chunks: 84)
[22:58:17] TERRAIN: Creating chunk: (1.0, -5.0) at distance 5.10
[22:58:17] TERRAIN: Chunk (1.0, -5.0): TRIMESH collision created successfully (distance: 5.10, vertices: 8)
[22:58:17] TERRAIN: Chunk created successfully: (1.0, -5.0) at world pos (32.0, 0.0, -160.0) (total chunks: 85)
[22:58:17] TERRAIN: Creating chunk: (1.0, 5.0) at distance 5.10
[22:58:17] TERRAIN: Chunk (1.0, 5.0): TRIMESH collision created successfully (distance: 5.10, vertices: 8)
[22:58:17] TERRAIN: Chunk created successfully: (1.0, 5.0) at world pos (32.0, 0.0, 160.0) (total chunks: 86)
[22:58:17] TERRAIN: Creating chunk: (5.0, -1.0) at distance 5.10
[22:58:17] TERRAIN: Chunk (5.0, -1.0): TRIMESH collision created successfully (distance: 5.10, vertices: 8)
[22:58:17] TERRAIN: Chunk created successfully: (5.0, -1.0) at world pos (160.0, 0.0, -32.0) (total chunks: 87)
[22:58:17] TERRAIN: Creating chunk: (-5.0, 1.0) at distance 5.10
[22:58:17] TERRAIN: Chunk (-5.0, 1.0): TRIMESH collision created successfully (distance: 5.10, vertices: 8)
[22:58:17] TERRAIN: Chunk created successfully: (-5.0, 1.0) at world pos (-160.0, 0.0, 32.0) (total chunks: 88)
[22:58:17] TERRAIN: Creating chunk: (-1.0, -5.0) at distance 5.10
[22:58:17] TERRAIN: Chunk (-1.0, -5.0): TRIMESH collision created successfully (distance: 5.10, vertices: 8)
[22:58:17] TERRAIN: Chunk created successfully: (-1.0, -5.0) at world pos (-32.0, 0.0, -160.0) (total chunks: 89)
[22:58:17] TERRAIN: Creating chunk: (-5.0, 2.0) at distance 5.39
[22:58:17] TERRAIN: Chunk (-5.0, 2.0): TRIMESH collision created successfully (distance: 5.39, vertices: 8)
[22:58:17] TERRAIN: Chunk created successfully: (-5.0, 2.0) at world pos (-160.0, 0.0, 64.0) (total chunks: 90)
[22:58:17] TERRAIN: Creating chunk: (5.0, -2.0) at distance 5.39
[22:58:17] TERRAIN: Chunk (5.0, -2.0): TRIMESH collision created successfully (distance: 5.39, vertices: 8)
[22:58:17] TERRAIN: Chunk created successfully: (5.0, -2.0) at world pos (160.0, 0.0, -64.0) (total chunks: 91)
[22:58:17] TERRAIN: Creating chunk: (-2.0, 5.0) at distance 5.39
[22:58:17] TERRAIN: Chunk (-2.0, 5.0): TRIMESH collision created successfully (distance: 5.39, vertices: 8)
[22:58:17] TERRAIN: Chunk created successfully: (-2.0, 5.0) at world pos (-64.0, 0.0, 160.0) (total chunks: 92)
[22:58:17] TERRAIN: Creating chunk: (2.0, 5.0) at distance 5.39
[22:58:17] TERRAIN: Chunk (2.0, 5.0): TRIMESH collision created successfully (distance: 5.39, vertices: 8)
[22:58:17] TERRAIN: Chunk created successfully: (2.0, 5.0) at world pos (64.0, 0.0, 160.0) (total chunks: 93)
[22:58:17] TERRAIN: Creating chunk: (2.0, -5.0) at distance 5.39
[22:58:17] TERRAIN: Chunk (2.0, -5.0): TRIMESH collision created successfully (distance: 5.39, vertices: 8)
[22:58:17] TERRAIN: Chunk created successfully: (2.0, -5.0) at world pos (64.0, 0.0, -160.0) (total chunks: 94)
[22:58:17] TERRAIN: Creating chunk: (-2.0, -5.0) at distance 5.39
[22:58:17] TERRAIN: Chunk (-2.0, -5.0): TRIMESH collision created successfully (distance: 5.39, vertices: 8)
[22:58:17] TERRAIN: Chunk created successfully: (-2.0, -5.0) at world pos (-64.0, 0.0, -160.0) (total chunks: 95)
[22:58:17] TERRAIN: Creating chunk: (-5.0, -2.0) at distance 5.39
[22:58:17] TERRAIN: Chunk (-5.0, -2.0): TRIMESH collision created successfully (distance: 5.39, vertices: 8)
[22:58:17] TERRAIN: Chunk created successfully: (-5.0, -2.0) at world pos (-160.0, 0.0, -64.0) (total chunks: 96)
[22:58:17] TERRAIN: Creating chunk: (5.0, 2.0) at distance 5.39
[22:58:17] TERRAIN: Chunk (5.0, 2.0): TRIMESH collision created successfully (distance: 5.39, vertices: 8)
[22:58:17] TERRAIN: Chunk created successfully: (5.0, 2.0) at world pos (160.0, 0.0, 64.0) (total chunks: 97)
[22:58:17] TERRAIN: Creating chunk: (4.0, 4.0) at distance 5.66
[22:58:17] TERRAIN: Chunk (4.0, 4.0): TRIMESH collision created successfully (distance: 5.66, vertices: 8)
[22:58:17] TERRAIN: Chunk created successfully: (4.0, 4.0) at world pos (128.0, 0.0, 128.0) (total chunks: 98)
[22:58:17] TERRAIN: Creating chunk: (4.0, -4.0) at distance 5.66
[22:58:17] TERRAIN: Chunk (4.0, -4.0): TRIMESH collision created successfully (distance: 5.66, vertices: 8)
[22:58:17] TERRAIN: Chunk created successfully: (4.0, -4.0) at world pos (128.0, 0.0, -128.0) (total chunks: 99)
[22:58:17] TERRAIN: Creating chunk: (-4.0, -4.0) at distance 5.66
[22:58:17] TERRAIN: Chunk (-4.0, -4.0): TRIMESH collision created successfully (distance: 5.66, vertices: 8)
[22:58:17] TERRAIN: Chunk created successfully: (-4.0, -4.0) at world pos (-128.0, 0.0, -128.0) (total chunks: 100)
[22:58:17] TERRAIN: Creating chunk: (-4.0, 4.0) at distance 5.66
[22:58:17] TERRAIN: Chunk (-4.0, 4.0): TRIMESH collision created successfully (distance: 5.66, vertices: 8)
[22:58:17] TERRAIN: Chunk created successfully: (-4.0, 4.0) at world pos (-128.0, 0.0, 128.0) (total chunks: 101)
[22:58:17] TERRAIN: Creating chunk: (3.0, -5.0) at distance 5.83
[22:58:17] TERRAIN: Chunk (3.0, -5.0): TRIMESH collision created successfully (distance: 5.83, vertices: 8)
[22:58:17] TERRAIN: Chunk created successfully: (3.0, -5.0) at world pos (96.0, 0.0, -160.0) (total chunks: 102)
[22:58:17] TERRAIN: Creating chunk: (-3.0, -5.0) at distance 5.83
[22:58:17] TERRAIN: Chunk (-3.0, -5.0): TRIMESH collision created successfully (distance: 5.83, vertices: 8)
[22:58:17] TERRAIN: Chunk created successfully: (-3.0, -5.0) at world pos (-96.0, 0.0, -160.0) (total chunks: 103)
[22:58:17] TERRAIN: Creating chunk: (3.0, 5.0) at distance 5.83
[22:58:17] TERRAIN: Chunk (3.0, 5.0): TRIMESH collision created successfully (distance: 5.83, vertices: 8)
[22:58:17] TERRAIN: Chunk created successfully: (3.0, 5.0) at world pos (96.0, 0.0, 160.0) (total chunks: 104)
[22:58:17] PLAYER: Pos: (0.0, 0.00036, 0.0) | Chunk: (0.0, 0.0) | TerrainHeight: 0.00 | HeightDiff: 0.00 | OnFloor: true
[22:58:17] PLAYER: CHUNK CHANGED: (inf, inf) -> (0.0, 0.0)
[22:58:17] TERRAIN: Creating chunk: (5.0, -3.0) at distance 5.83
[22:58:17] TERRAIN: Chunk (5.0, -3.0): TRIMESH collision created successfully (distance: 5.83, vertices: 8)
[22:58:17] TERRAIN: Chunk created successfully: (5.0, -3.0) at world pos (160.0, 0.0, -96.0) (total chunks: 105)
[22:58:17] TERRAIN: Creating chunk: (-5.0, 3.0) at distance 5.83
[22:58:17] TERRAIN: Chunk (-5.0, 3.0): TRIMESH collision created successfully (distance: 5.83, vertices: 8)
[22:58:17] TERRAIN: Chunk created successfully: (-5.0, 3.0) at world pos (-160.0, 0.0, 96.0) (total chunks: 106)
[22:58:17] TERRAIN: Creating chunk: (-3.0, 5.0) at distance 5.83
[22:58:17] TERRAIN: Chunk (-3.0, 5.0): TRIMESH collision created successfully (distance: 5.83, vertices: 8)
[22:58:17] TERRAIN: Chunk created successfully: (-3.0, 5.0) at world pos (-96.0, 0.0, 160.0) (total chunks: 107)
[22:58:17] TERRAIN: Creating chunk: (5.0, 3.0) at distance 5.83
[22:58:17] TERRAIN: Chunk (5.0, 3.0): TRIMESH collision created successfully (distance: 5.83, vertices: 8)
[22:58:17] TERRAIN: Chunk created successfully: (5.0, 3.0) at world pos (160.0, 0.0, 96.0) (total chunks: 108)
[22:58:17] TERRAIN: Creating chunk: (-5.0, -3.0) at distance 5.83
[22:58:17] TERRAIN: Chunk (-5.0, -3.0): TRIMESH collision created successfully (distance: 5.83, vertices: 8)
[22:58:17] TERRAIN: Chunk created successfully: (-5.0, -3.0) at world pos (-160.0, 0.0, -96.0) (total chunks: 109)
[22:58:17] TERRAIN: Creating chunk: (-6.0, 0.0) at distance 6.00
[22:58:17] TERRAIN: Chunk (-6.0, 0.0): TRIMESH collision created successfully (distance: 6.00, vertices: 8)
[22:58:17] TERRAIN: Chunk created successfully: (-6.0, 0.0) at world pos (-192.0, 0.0, 0.0) (total chunks: 110)
[22:58:17] TERRAIN: Creating chunk: (6.0, 0.0) at distance 6.00
[22:58:17] TERRAIN: Chunk (6.0, 0.0): TRIMESH collision created successfully (distance: 6.00, vertices: 8)
[22:58:17] TERRAIN: Chunk created successfully: (6.0, 0.0) at world pos (192.0, 0.0, 0.0) (total chunks: 111)
[22:58:17] TERRAIN: Creating chunk: (0.0, -6.0) at distance 6.00
[22:58:17] TERRAIN: Chunk (0.0, -6.0): TRIMESH collision created successfully (distance: 6.00, vertices: 8)
[22:58:17] TERRAIN: Chunk created successfully: (0.0, -6.0) at world pos (0.0, 0.0, -192.0) (total chunks: 112)
[22:58:17] TERRAIN: Creating chunk: (0.0, 6.0) at distance 6.00
[22:58:17] TERRAIN: Chunk (0.0, 6.0): TRIMESH collision created successfully (distance: 6.00, vertices: 8)
[22:58:17] TERRAIN: Chunk created successfully: (0.0, 6.0) at world pos (0.0, 0.0, 192.0) (total chunks: 113)
[22:58:17] TERRAIN: Creating chunk: (6.0, -1.0) at distance 6.08
[22:58:17] TERRAIN: Chunk (6.0, -1.0): TRIMESH collision created successfully (distance: 6.08, vertices: 8)
[22:58:17] TERRAIN: Chunk created successfully: (6.0, -1.0) at world pos (192.0, 0.0, -32.0) (total chunks: 114)
[22:58:17] TERRAIN: Creating chunk: (-6.0, 1.0) at distance 6.08
[22:58:17] TERRAIN: Chunk (-6.0, 1.0): TRIMESH collision created successfully (distance: 6.08, vertices: 8)
[22:58:17] TERRAIN: Chunk created successfully: (-6.0, 1.0) at world pos (-192.0, 0.0, 32.0) (total chunks: 115)
[22:58:17] TERRAIN: Creating chunk: (-1.0, 6.0) at distance 6.08
[22:58:17] TERRAIN: Chunk (-1.0, 6.0): TRIMESH collision created successfully (distance: 6.08, vertices: 8)
[22:58:17] TERRAIN: Chunk created successfully: (-1.0, 6.0) at world pos (-32.0, 0.0, 192.0) (total chunks: 116)
[22:58:17] TERRAIN: Creating chunk: (1.0, -6.0) at distance 6.08
[22:58:17] TERRAIN: Chunk (1.0, -6.0): TRIMESH collision created successfully (distance: 6.08, vertices: 8)
[22:58:17] TERRAIN: Chunk created successfully: (1.0, -6.0) at world pos (32.0, 0.0, -192.0) (total chunks: 117)
[22:58:17] TERRAIN: Creating chunk: (1.0, 6.0) at distance 6.08
[22:58:17] TERRAIN: Chunk (1.0, 6.0): TRIMESH collision created successfully (distance: 6.08, vertices: 8)
[22:58:17] TERRAIN: Chunk created successfully: (1.0, 6.0) at world pos (32.0, 0.0, 192.0) (total chunks: 118)
[22:58:17] TERRAIN: Creating chunk: (-1.0, -6.0) at distance 6.08
[22:58:17] TERRAIN: Chunk (-1.0, -6.0): TRIMESH collision created successfully (distance: 6.08, vertices: 8)
[22:58:17] TERRAIN: Chunk created successfully: (-1.0, -6.0) at world pos (-32.0, 0.0, -192.0) (total chunks: 119)
[22:58:17] TERRAIN: Creating chunk: (-6.0, -1.0) at distance 6.08
[22:58:17] TERRAIN: Chunk (-6.0, -1.0): TRIMESH collision created successfully (distance: 6.08, vertices: 8)
[22:58:17] TERRAIN: Chunk created successfully: (-6.0, -1.0) at world pos (-192.0, 0.0, -32.0) (total chunks: 120)
[22:58:17] TERRAIN: Creating chunk: (6.0, 1.0) at distance 6.08
[22:58:17] TERRAIN: Chunk (6.0, 1.0): TRIMESH collision created successfully (distance: 6.08, vertices: 8)
[22:58:17] TERRAIN: Chunk created successfully: (6.0, 1.0) at world pos (192.0, 0.0, 32.0) (total chunks: 121)
[22:58:17] TERRAIN: Creating chunk: (-2.0, 6.0) at distance 6.32
[22:58:17] TERRAIN: Chunk (-2.0, 6.0): TRIMESH collision created successfully (distance: 6.32, vertices: 8)
[22:58:17] TERRAIN: Chunk created successfully: (-2.0, 6.0) at world pos (-64.0, 0.0, 192.0) (total chunks: 122)
[22:58:17] TERRAIN: Creating chunk: (6.0, -2.0) at distance 6.32
[22:58:17] TERRAIN: Chunk (6.0, -2.0): TRIMESH collision created successfully (distance: 6.32, vertices: 8)
[22:58:17] TERRAIN: Chunk created successfully: (6.0, -2.0) at world pos (192.0, 0.0, -64.0) (total chunks: 123)
[22:58:17] TERRAIN: Creating chunk: (6.0, 2.0) at distance 6.32
[22:58:17] TERRAIN: Chunk (6.0, 2.0): TRIMESH collision created successfully (distance: 6.32, vertices: 8)
[22:58:17] TERRAIN: Chunk created successfully: (6.0, 2.0) at world pos (192.0, 0.0, 64.0) (total chunks: 124)
[22:58:17] TERRAIN: Creating chunk: (2.0, 6.0) at distance 6.32
[22:58:17] TERRAIN: Chunk (2.0, 6.0): TRIMESH collision created successfully (distance: 6.32, vertices: 8)
[22:58:17] TERRAIN: Chunk created successfully: (2.0, 6.0) at world pos (64.0, 0.0, 192.0) (total chunks: 125)
[22:58:17] TERRAIN: Creating chunk: (2.0, -6.0) at distance 6.32
[22:58:17] TERRAIN: Chunk (2.0, -6.0): TRIMESH collision created successfully (distance: 6.32, vertices: 8)
[22:58:17] TERRAIN: Chunk created successfully: (2.0, -6.0) at world pos (64.0, 0.0, -192.0) (total chunks: 126)
[22:58:17] TERRAIN: Creating chunk: (-2.0, -6.0) at distance 6.32
[22:58:17] TERRAIN: Chunk (-2.0, -6.0): TRIMESH collision created successfully (distance: 6.32, vertices: 8)
[22:58:17] TERRAIN: Chunk created successfully: (-2.0, -6.0) at world pos (-64.0, 0.0, -192.0) (total chunks: 127)
[22:58:17] TERRAIN: Creating chunk: (-6.0, -2.0) at distance 6.32
[22:58:17] TERRAIN: Chunk (-6.0, -2.0): TRIMESH collision created successfully (distance: 6.32, vertices: 8)
[22:58:17] TERRAIN: Chunk created successfully: (-6.0, -2.0) at world pos (-192.0, 0.0, -64.0) (total chunks: 128)
[22:58:17] TERRAIN: Creating chunk: (-6.0, 2.0) at distance 6.32
[22:58:17] TERRAIN: Chunk (-6.0, 2.0): TRIMESH collision created successfully (distance: 6.32, vertices: 8)
[22:58:17] TERRAIN: Chunk created successfully: (-6.0, 2.0) at world pos (-192.0, 0.0, 64.0) (total chunks: 129)
[22:58:17] TERRAIN: Creating chunk: (-4.0, -5.0) at distance 6.40
[22:58:17] TERRAIN: Chunk (-4.0, -5.0): TRIMESH collision created successfully (distance: 6.40, vertices: 8)
[22:58:17] TERRAIN: Chunk created successfully: (-4.0, -5.0) at world pos (-128.0, 0.0, -160.0) (total chunks: 130)
[22:58:17] TERRAIN: Creating chunk: (-5.0, 4.0) at distance 6.40
[22:58:17] TERRAIN: Chunk (-5.0, 4.0): TRIMESH collision created successfully (distance: 6.40, vertices: 8)
[22:58:17] TERRAIN: Chunk created successfully: (-5.0, 4.0) at world pos (-160.0, 0.0, 128.0) (total chunks: 131)
[22:58:17] TERRAIN: Creating chunk: (-5.0, -4.0) at distance 6.40
[22:58:17] TERRAIN: Chunk (-5.0, -4.0): TRIMESH collision created successfully (distance: 6.40, vertices: 8)
[22:58:17] TERRAIN: Chunk created successfully: (-5.0, -4.0) at world pos (-160.0, 0.0, -128.0) (total chunks: 132)
[22:58:17] TERRAIN: Creating chunk: (-4.0, 5.0) at distance 6.40
[22:58:17] TERRAIN: Chunk (-4.0, 5.0): TRIMESH collision created successfully (distance: 6.40, vertices: 8)
[22:58:17] TERRAIN: Chunk created successfully: (-4.0, 5.0) at world pos (-128.0, 0.0, 160.0) (total chunks: 133)
[22:58:17] TERRAIN: Creating chunk: (4.0, -5.0) at distance 6.40
[22:58:17] TERRAIN: Chunk (4.0, -5.0): TRIMESH collision created successfully (distance: 6.40, vertices: 8)
[22:58:17] TERRAIN: Chunk created successfully: (4.0, -5.0) at world pos (128.0, 0.0, -160.0) (total chunks: 134)
[22:58:17] TERRAIN: Creating chunk: (4.0, 5.0) at distance 6.40
[22:58:17] TERRAIN: Chunk (4.0, 5.0): TRIMESH collision created successfully (distance: 6.40, vertices: 8)
[22:58:17] TERRAIN: Chunk created successfully: (4.0, 5.0) at world pos (128.0, 0.0, 160.0) (total chunks: 135)
[22:58:17] TERRAIN: Creating chunk: (5.0, -4.0) at distance 6.40
[22:58:17] TERRAIN: Chunk (5.0, -4.0): TRIMESH collision created successfully (distance: 6.40, vertices: 8)
[22:58:17] TERRAIN: Chunk created successfully: (5.0, -4.0) at world pos (160.0, 0.0, -128.0) (total chunks: 136)
[22:58:17] TERRAIN: Creating chunk: (5.0, 4.0) at distance 6.40
[22:58:17] TERRAIN: Chunk (5.0, 4.0): TRIMESH collision created successfully (distance: 6.40, vertices: 8)
[22:58:17] TERRAIN: Chunk created successfully: (5.0, 4.0) at world pos (160.0, 0.0, 128.0) (total chunks: 137)
[22:58:17] TERRAIN: Creating chunk: (-3.0, -6.0) at distance 6.71
[22:58:17] TERRAIN: Chunk (-3.0, -6.0): TRIMESH collision created successfully (distance: 6.71, vertices: 8)
[22:58:17] TERRAIN: Chunk created successfully: (-3.0, -6.0) at world pos (-96.0, 0.0, -192.0) (total chunks: 138)
[22:58:17] TERRAIN: Creating chunk: (-3.0, 6.0) at distance 6.71
[22:58:17] TERRAIN: Chunk (-3.0, 6.0): TRIMESH collision created successfully (distance: 6.71, vertices: 8)
[22:58:17] TERRAIN: Chunk created successfully: (-3.0, 6.0) at world pos (-96.0, 0.0, 192.0) (total chunks: 139)
[22:58:17] TERRAIN: Creating chunk: (6.0, -3.0) at distance 6.71
[22:58:17] TERRAIN: Chunk (6.0, -3.0): TRIMESH collision created successfully (distance: 6.71, vertices: 8)
[22:58:17] TERRAIN: Chunk created successfully: (6.0, -3.0) at world pos (192.0, 0.0, -96.0) (total chunks: 140)
[22:58:17] TERRAIN: Creating chunk: (6.0, 3.0) at distance 6.71
[22:58:17] TERRAIN: Chunk (6.0, 3.0): TRIMESH collision created successfully (distance: 6.71, vertices: 8)
[22:58:17] TERRAIN: Chunk created successfully: (6.0, 3.0) at world pos (192.0, 0.0, 96.0) (total chunks: 141)
[22:58:17] TERRAIN: Creating chunk: (-6.0, 3.0) at distance 6.71
[22:58:17] TERRAIN: Chunk (-6.0, 3.0): TRIMESH collision created successfully (distance: 6.71, vertices: 8)
[22:58:17] TERRAIN: Chunk created successfully: (-6.0, 3.0) at world pos (-192.0, 0.0, 96.0) (total chunks: 142)
[22:58:17] TERRAIN: Creating chunk: (3.0, -6.0) at distance 6.71
[22:58:17] TERRAIN: Chunk (3.0, -6.0): TRIMESH collision created successfully (distance: 6.71, vertices: 8)
[22:58:17] TERRAIN: Chunk created successfully: (3.0, -6.0) at world pos (96.0, 0.0, -192.0) (total chunks: 143)
[22:58:17] TERRAIN: Creating chunk: (3.0, 6.0) at distance 6.71
[22:58:17] TERRAIN: Chunk (3.0, 6.0): TRIMESH collision created successfully (distance: 6.71, vertices: 8)
[22:58:17] TERRAIN: Chunk created successfully: (3.0, 6.0) at world pos (96.0, 0.0, 192.0) (total chunks: 144)
[22:58:17] TERRAIN: Creating chunk: (-6.0, -3.0) at distance 6.71
[22:58:17] TERRAIN: Chunk (-6.0, -3.0): TRIMESH collision created successfully (distance: 6.71, vertices: 8)
[22:58:17] TERRAIN: Chunk created successfully: (-6.0, -3.0) at world pos (-192.0, 0.0, -96.0) (total chunks: 145)
[22:58:17] TERRAIN: Creating chunk: (-7.0, 0.0) at distance 7.00
[22:58:17] TERRAIN: Chunk (-7.0, 0.0): TRIMESH collision created successfully (distance: 7.00, vertices: 8)
[22:58:17] TERRAIN: Chunk created successfully: (-7.0, 0.0) at world pos (-224.0, 0.0, 0.0) (total chunks: 146)
[22:58:17] TERRAIN: Creating chunk: (0.0, -7.0) at distance 7.00
[22:58:17] TERRAIN: Chunk (0.0, -7.0): TRIMESH collision created successfully (distance: 7.00, vertices: 8)
[22:58:17] TERRAIN: Chunk created successfully: (0.0, -7.0) at world pos (0.0, 0.0, -224.0) (total chunks: 147)
[22:58:17] TERRAIN: Creating chunk: (0.0, 7.0) at distance 7.00
[22:58:17] TERRAIN: Chunk (0.0, 7.0): TRIMESH collision created successfully (distance: 7.00, vertices: 8)
[22:58:17] TERRAIN: Chunk created successfully: (0.0, 7.0) at world pos (0.0, 0.0, 224.0) (total chunks: 148)
[22:58:17] TERRAIN: Creating chunk: (7.0, 0.0) at distance 7.00
[22:58:17] TERRAIN: Chunk (7.0, 0.0): TRIMESH collision created successfully (distance: 7.00, vertices: 8)
[22:58:17] TERRAIN: Chunk created successfully: (7.0, 0.0) at world pos (224.0, 0.0, 0.0) (total chunks: 149)
[22:58:17] TERRAIN: Creating chunk: (-5.0, -5.0) at distance 7.07
[22:58:17] TERRAIN: Chunk (-5.0, -5.0): TRIMESH collision created successfully (distance: 7.07, vertices: 8)
[22:58:17] TERRAIN: Chunk created successfully: (-5.0, -5.0) at world pos (-160.0, 0.0, -160.0) (total chunks: 150)
[22:58:17] TERRAIN: Creating chunk: (-5.0, 5.0) at distance 7.07
[22:58:17] TERRAIN: Chunk (-5.0, 5.0): TRIMESH collision created successfully (distance: 7.07, vertices: 8)
[22:58:17] TERRAIN: Chunk created successfully: (-5.0, 5.0) at world pos (-160.0, 0.0, 160.0) (total chunks: 151)
[22:58:17] TERRAIN: Creating chunk: (-1.0, -7.0) at distance 7.07
[22:58:17] TERRAIN: Chunk (-1.0, -7.0): TRIMESH collision created successfully (distance: 7.07, vertices: 8)
[22:58:17] TERRAIN: Chunk created successfully: (-1.0, -7.0) at world pos (-32.0, 0.0, -224.0) (total chunks: 152)
[22:58:17] TERRAIN: Creating chunk: (-1.0, 7.0) at distance 7.07
[22:58:17] TERRAIN: Chunk (-1.0, 7.0): TRIMESH collision created successfully (distance: 7.07, vertices: 8)
[22:58:17] TERRAIN: Chunk created successfully: (-1.0, 7.0) at world pos (-32.0, 0.0, 224.0) (total chunks: 153)
[22:58:17] TERRAIN: Creating chunk: (1.0, -7.0) at distance 7.07
[22:58:17] TERRAIN: Chunk (1.0, -7.0): TRIMESH collision created successfully (distance: 7.07, vertices: 8)
[22:58:17] TERRAIN: Chunk created successfully: (1.0, -7.0) at world pos (32.0, 0.0, -224.0) (total chunks: 154)
[22:58:17] TERRAIN: Creating chunk: (1.0, 7.0) at distance 7.07
[22:58:17] TERRAIN: Chunk (1.0, 7.0): TRIMESH collision created successfully (distance: 7.07, vertices: 8)
[22:58:17] TERRAIN: Chunk created successfully: (1.0, 7.0) at world pos (32.0, 0.0, 224.0) (total chunks: 155)
[22:58:17] TERRAIN: Creating chunk: (5.0, -5.0) at distance 7.07
[22:58:17] TERRAIN: Chunk (5.0, -5.0): TRIMESH collision created successfully (distance: 7.07, vertices: 8)
[22:58:17] TERRAIN: Chunk created successfully: (5.0, -5.0) at world pos (160.0, 0.0, -160.0) (total chunks: 156)
[22:58:17] TERRAIN: Creating chunk: (5.0, 5.0) at distance 7.07
[22:58:17] TERRAIN: Chunk (5.0, 5.0): TRIMESH collision created successfully (distance: 7.07, vertices: 8)
[22:58:17] TERRAIN: Chunk created successfully: (5.0, 5.0) at world pos (160.0, 0.0, 160.0) (total chunks: 157)
[22:58:17] TERRAIN: Creating chunk: (7.0, 1.0) at distance 7.07
[22:58:17] TERRAIN: Chunk (7.0, 1.0): TRIMESH collision created successfully (distance: 7.07, vertices: 8)
[22:58:17] TERRAIN: Chunk created successfully: (7.0, 1.0) at world pos (224.0, 0.0, 32.0) (total chunks: 158)
[22:58:17] TERRAIN: Creating chunk: (7.0, -1.0) at distance 7.07
[22:58:18] TERRAIN: Chunk (7.0, -1.0): TRIMESH collision created successfully (distance: 7.07, vertices: 8)
[22:58:18] TERRAIN: Chunk created successfully: (7.0, -1.0) at world pos (224.0, 0.0, -32.0) (total chunks: 159)
[22:58:18] TERRAIN: Creating chunk: (-7.0, 1.0) at distance 7.07
[22:58:18] TERRAIN: Chunk (-7.0, 1.0): TRIMESH collision created successfully (distance: 7.07, vertices: 8)
[22:58:18] TERRAIN: Chunk created successfully: (-7.0, 1.0) at world pos (-224.0, 0.0, 32.0) (total chunks: 160)
[22:58:18] TERRAIN: Creating chunk: (-7.0, -1.0) at distance 7.07
[22:58:18] TERRAIN: Chunk (-7.0, -1.0): TRIMESH collision created successfully (distance: 7.07, vertices: 8)
[22:58:18] TERRAIN: Chunk created successfully: (-7.0, -1.0) at world pos (-224.0, 0.0, -32.0) (total chunks: 161)
[22:58:18] TERRAIN: Creating chunk: (-4.0, 6.0) at distance 7.21
[22:58:18] TERRAIN: Chunk (-4.0, 6.0): TRIMESH collision created successfully (distance: 7.21, vertices: 8)
[22:58:18] TERRAIN: Chunk created successfully: (-4.0, 6.0) at world pos (-128.0, 0.0, 192.0) (total chunks: 162)
[22:58:18] TERRAIN: Creating chunk: (4.0, -6.0) at distance 7.21
[22:58:18] TERRAIN: Chunk (4.0, -6.0): TRIMESH collision created successfully (distance: 7.21, vertices: 8)
[22:58:18] TERRAIN: Chunk created successfully: (4.0, -6.0) at world pos (128.0, 0.0, -192.0) (total chunks: 163)
[22:58:18] TERRAIN: Creating chunk: (-6.0, 4.0) at distance 7.21
[22:58:18] TERRAIN: Chunk (-6.0, 4.0): TRIMESH collision created successfully (distance: 7.21, vertices: 8)
[22:58:18] TERRAIN: Chunk created successfully: (-6.0, 4.0) at world pos (-192.0, 0.0, 128.0) (total chunks: 164)
[22:58:18] TERRAIN: Creating chunk: (-6.0, -4.0) at distance 7.21
[22:58:18] TERRAIN: Chunk (-6.0, -4.0): TRIMESH collision created successfully (distance: 7.21, vertices: 8)
[22:58:18] TERRAIN: Chunk created successfully: (-6.0, -4.0) at world pos (-192.0, 0.0, -128.0) (total chunks: 165)
[22:58:18] TERRAIN: Creating chunk: (4.0, 6.0) at distance 7.21
[22:58:18] TERRAIN: Chunk (4.0, 6.0): TRIMESH collision created successfully (distance: 7.21, vertices: 8)
[22:58:18] TERRAIN: Chunk created successfully: (4.0, 6.0) at world pos (128.0, 0.0, 192.0) (total chunks: 166)
[22:58:18] TERRAIN: Creating chunk: (6.0, 4.0) at distance 7.21
[22:58:18] TERRAIN: Chunk (6.0, 4.0): TRIMESH collision created successfully (distance: 7.21, vertices: 8)
[22:58:18] TERRAIN: Chunk created successfully: (6.0, 4.0) at world pos (192.0, 0.0, 128.0) (total chunks: 167)
[22:58:18] TERRAIN: Creating chunk: (6.0, -4.0) at distance 7.21
[22:58:18] TERRAIN: Chunk (6.0, -4.0): TRIMESH collision created successfully (distance: 7.21, vertices: 8)
[22:58:18] TERRAIN: Chunk created successfully: (6.0, -4.0) at world pos (192.0, 0.0, -128.0) (total chunks: 168)
[22:58:18] TERRAIN: Creating chunk: (-4.0, -6.0) at distance 7.21
[22:58:18] TERRAIN: Chunk (-4.0, -6.0): TRIMESH collision created successfully (distance: 7.21, vertices: 8)
[22:58:18] TERRAIN: Chunk created successfully: (-4.0, -6.0) at world pos (-128.0, 0.0, -192.0) (total chunks: 169)
[22:58:18] TERRAIN: Creating chunk: (-7.0, 2.0) at distance 7.28
[22:58:18] TERRAIN: Chunk (-7.0, 2.0): TRIMESH collision created successfully (distance: 7.28, vertices: 8)
[22:58:18] TERRAIN: Chunk created successfully: (-7.0, 2.0) at world pos (-224.0, 0.0, 64.0) (total chunks: 170)
[22:58:18] TERRAIN: Creating chunk: (2.0, -7.0) at distance 7.28
[22:58:18] TERRAIN: Chunk (2.0, -7.0): TRIMESH collision created successfully (distance: 7.28, vertices: 8)
[22:58:18] TERRAIN: Chunk created successfully: (2.0, -7.0) at world pos (64.0, 0.0, -224.0) (total chunks: 171)
[22:58:18] TERRAIN: Creating chunk: (-7.0, -2.0) at distance 7.28
[22:58:18] TERRAIN: Chunk (-7.0, -2.0): TRIMESH collision created successfully (distance: 7.28, vertices: 8)
[22:58:18] TERRAIN: Chunk created successfully: (-7.0, -2.0) at world pos (-224.0, 0.0, -64.0) (total chunks: 172)
[22:58:18] TERRAIN: Creating chunk: (-2.0, -7.0) at distance 7.28
[22:58:18] TERRAIN: Chunk (-2.0, -7.0): TRIMESH collision created successfully (distance: 7.28, vertices: 8)
[22:58:18] TERRAIN: Chunk created successfully: (-2.0, -7.0) at world pos (-64.0, 0.0, -224.0) (total chunks: 173)
[22:58:18] TERRAIN: Creating chunk: (7.0, 2.0) at distance 7.28
[22:58:18] TERRAIN: Chunk (7.0, 2.0): TRIMESH collision created successfully (distance: 7.28, vertices: 8)
[22:58:18] TERRAIN: Chunk created successfully: (7.0, 2.0) at world pos (224.0, 0.0, 64.0) (total chunks: 174)
[22:58:18] TERRAIN: Creating chunk: (-2.0, 7.0) at distance 7.28
[22:58:18] TERRAIN: Chunk (-2.0, 7.0): TRIMESH collision created successfully (distance: 7.28, vertices: 8)
[22:58:18] TERRAIN: Chunk created successfully: (-2.0, 7.0) at world pos (-64.0, 0.0, 224.0) (total chunks: 175)
[22:58:18] TERRAIN: Creating chunk: (7.0, -2.0) at distance 7.28
[22:58:18] TERRAIN: Chunk (7.0, -2.0): TRIMESH collision created successfully (distance: 7.28, vertices: 8)
[22:58:18] TERRAIN: Chunk created successfully: (7.0, -2.0) at world pos (224.0, 0.0, -64.0) (total chunks: 176)
[22:58:18] TERRAIN: Creating chunk: (2.0, 7.0) at distance 7.28
[22:58:18] TERRAIN: Chunk (2.0, 7.0): TRIMESH collision created successfully (distance: 7.28, vertices: 8)
[22:58:18] TERRAIN: Chunk created successfully: (2.0, 7.0) at world pos (64.0, 0.0, 224.0) (total chunks: 177)
[22:58:18] TERRAIN: Creating chunk: (-7.0, -3.0) at distance 7.62
[22:58:18] TERRAIN: Chunk (-7.0, -3.0): TRIMESH collision created successfully (distance: 7.62, vertices: 8)
[22:58:18] TERRAIN: Chunk created successfully: (-7.0, -3.0) at world pos (-224.0, 0.0, -96.0) (total chunks: 178)
[22:58:18] TERRAIN: Creating chunk: (-3.0, -7.0) at distance 7.62
[22:58:18] TERRAIN: Chunk (-3.0, -7.0): TRIMESH collision created successfully (distance: 7.62, vertices: 8)
[22:58:18] TERRAIN: Chunk created successfully: (-3.0, -7.0) at world pos (-96.0, 0.0, -224.0) (total chunks: 179)
[22:58:18] TERRAIN: Creating chunk: (-7.0, 3.0) at distance 7.62
[22:58:18] TERRAIN: Chunk (-7.0, 3.0): TRIMESH collision created successfully (distance: 7.62, vertices: 8)
[22:58:18] TERRAIN: Chunk created successfully: (-7.0, 3.0) at world pos (-224.0, 0.0, 96.0) (total chunks: 180)
[22:58:18] TERRAIN: Creating chunk: (-3.0, 7.0) at distance 7.62
[22:58:18] TERRAIN: Chunk (-3.0, 7.0): TRIMESH collision created successfully (distance: 7.62, vertices: 8)
[22:58:18] TERRAIN: Chunk created successfully: (-3.0, 7.0) at world pos (-96.0, 0.0, 224.0) (total chunks: 181)
[22:58:18] TERRAIN: Creating chunk: (3.0, -7.0) at distance 7.62
[22:58:18] TERRAIN: Chunk (3.0, -7.0): TRIMESH collision created successfully (distance: 7.62, vertices: 8)
[22:58:18] TERRAIN: Chunk created successfully: (3.0, -7.0) at world pos (96.0, 0.0, -224.0) (total chunks: 182)
[22:58:18] TERRAIN: Creating chunk: (7.0, 3.0) at distance 7.62
[22:58:18] TERRAIN: Chunk (7.0, 3.0): TRIMESH collision created successfully (distance: 7.62, vertices: 8)
[22:58:18] TERRAIN: Chunk created successfully: (7.0, 3.0) at world pos (224.0, 0.0, 96.0) (total chunks: 183)
[22:58:18] TERRAIN: Creating chunk: (7.0, -3.0) at distance 7.62
[22:58:18] TERRAIN: Chunk (7.0, -3.0): TRIMESH collision created successfully (distance: 7.62, vertices: 8)
[22:58:18] TERRAIN: Chunk created successfully: (7.0, -3.0) at world pos (224.0, 0.0, -96.0) (total chunks: 184)
[22:58:18] TERRAIN: Creating chunk: (3.0, 7.0) at distance 7.62
[22:58:18] TERRAIN: Chunk (3.0, 7.0): TRIMESH collision created successfully (distance: 7.62, vertices: 8)
[22:58:18] TERRAIN: Chunk created successfully: (3.0, 7.0) at world pos (96.0, 0.0, 224.0) (total chunks: 185)
[22:58:18] TERRAIN: Creating chunk: (-5.0, -6.0) at distance 7.81
[22:58:18] TERRAIN: Chunk (-5.0, -6.0): TRIMESH collision created successfully (distance: 7.81, vertices: 8)
[22:58:18] TERRAIN: Chunk created successfully: (-5.0, -6.0) at world pos (-160.0, 0.0, -192.0) (total chunks: 186)
[22:58:18] TERRAIN: Creating chunk: (-5.0, 6.0) at distance 7.81
[22:58:18] TERRAIN: Chunk (-5.0, 6.0): TRIMESH collision created successfully (distance: 7.81, vertices: 8)
[22:58:18] TERRAIN: Chunk created successfully: (-5.0, 6.0) at world pos (-160.0, 0.0, 192.0) (total chunks: 187)
[22:58:18] TERRAIN: Creating chunk: (-6.0, 5.0) at distance 7.81
[22:58:18] TERRAIN: Chunk (-6.0, 5.0): TRIMESH collision created successfully (distance: 7.81, vertices: 8)
[22:58:18] TERRAIN: Chunk created successfully: (-6.0, 5.0) at world pos (-192.0, 0.0, 160.0) (total chunks: 188)
[22:58:18] TERRAIN: Creating chunk: (-6.0, -5.0) at distance 7.81
[22:58:18] TERRAIN: Chunk (-6.0, -5.0): TRIMESH collision created successfully (distance: 7.81, vertices: 8)
[22:58:18] TERRAIN: Chunk created successfully: (-6.0, -5.0) at world pos (-192.0, 0.0, -160.0) (total chunks: 189)
[22:58:18] TERRAIN: Creating chunk: (5.0, -6.0) at distance 7.81
[22:58:18] TERRAIN: Chunk (5.0, -6.0): TRIMESH collision created successfully (distance: 7.81, vertices: 8)
[22:58:18] TERRAIN: Chunk created successfully: (5.0, -6.0) at world pos (160.0, 0.0, -192.0) (total chunks: 190)
[22:58:18] TERRAIN: Creating chunk: (6.0, -5.0) at distance 7.81
[22:58:18] TERRAIN: Chunk (6.0, -5.0): TRIMESH collision created successfully (distance: 7.81, vertices: 8)
[22:58:18] TERRAIN: Chunk created successfully: (6.0, -5.0) at world pos (192.0, 0.0, -160.0) (total chunks: 191)
[22:58:18] TERRAIN: Creating chunk: (5.0, 6.0) at distance 7.81
[22:58:18] TERRAIN: Chunk (5.0, 6.0): TRIMESH collision created successfully (distance: 7.81, vertices: 8)
[22:58:18] TERRAIN: Chunk created successfully: (5.0, 6.0) at world pos (160.0, 0.0, 192.0) (total chunks: 192)
[22:58:18] TERRAIN: Creating chunk: (6.0, 5.0) at distance 7.81
[22:58:18] TERRAIN: Chunk (6.0, 5.0): TRIMESH collision created successfully (distance: 7.81, vertices: 8)
[22:58:18] TERRAIN: Chunk created successfully: (6.0, 5.0) at world pos (192.0, 0.0, 160.0) (total chunks: 193)
[22:58:18] TERRAIN: Creating chunk: (8.0, 0.0) at distance 8.00
[22:58:18] TERRAIN: Chunk (8.0, 0.0): TRIMESH collision created successfully (distance: 8.00, vertices: 8)
[22:58:18] TERRAIN: Chunk created successfully: (8.0, 0.0) at world pos (256.0, 0.0, 0.0) (total chunks: 194)
[22:58:18] TERRAIN: Creating chunk: (-8.0, 0.0) at distance 8.00
[22:58:18] TERRAIN: Chunk (-8.0, 0.0): TRIMESH collision created successfully (distance: 8.00, vertices: 8)
[22:58:18] TERRAIN: Chunk created successfully: (-8.0, 0.0) at world pos (-256.0, 0.0, 0.0) (total chunks: 195)
[22:58:18] TERRAIN: Creating chunk: (0.0, -8.0) at distance 8.00
[22:58:18] TERRAIN: Chunk (0.0, -8.0): TRIMESH collision created successfully (distance: 8.00, vertices: 8)
[22:58:18] TERRAIN: Chunk created successfully: (0.0, -8.0) at world pos (0.0, 0.0, -256.0) (total chunks: 196)
[22:58:18] TERRAIN: Creating chunk: (0.0, 8.0) at distance 8.00
[22:58:18] TERRAIN: Chunk (0.0, 8.0): TRIMESH collision created successfully (distance: 8.00, vertices: 8)
[22:58:18] TERRAIN: Chunk created successfully: (0.0, 8.0) at world pos (0.0, 0.0, 256.0) (total chunks: 197)
[22:58:18] TERRAIN: Creating chunk: (8.0, 1.0) at distance 8.06
[22:58:18] TERRAIN: Chunk (8.0, 1.0): TRIMESH collision created successfully (distance: 8.06, vertices: 8)
[22:58:18] TERRAIN: Chunk created successfully: (8.0, 1.0) at world pos (256.0, 0.0, 32.0) (total chunks: 198)
[22:58:18] TERRAIN: Creating chunk: (-1.0, 8.0) at distance 8.06
[22:58:18] TERRAIN: Chunk (-1.0, 8.0): TRIMESH collision created successfully (distance: 8.06, vertices: 8)
[22:58:18] TERRAIN: Chunk created successfully: (-1.0, 8.0) at world pos (-32.0, 0.0, 256.0) (total chunks: 199)
[22:58:18] TERRAIN: Creating chunk: (-1.0, -8.0) at distance 8.06
[22:58:18] TERRAIN: Chunk (-1.0, -8.0): TRIMESH collision created successfully (distance: 8.06, vertices: 8)
[22:58:18] TERRAIN: Chunk created successfully: (-1.0, -8.0) at world pos (-32.0, 0.0, -256.0) (total chunks: 200)
[22:58:18] TERRAIN: Creating chunk: (1.0, -8.0) at distance 8.06
[22:58:18] TERRAIN: Chunk (1.0, -8.0): TRIMESH collision created successfully (distance: 8.06, vertices: 8)
[22:58:18] TERRAIN: Chunk created successfully: (1.0, -8.0) at world pos (32.0, 0.0, -256.0) (total chunks: 201)
[22:58:18] TERRAIN: Creating chunk: (-4.0, -7.0) at distance 8.06
[22:58:18] TERRAIN: Chunk (-4.0, -7.0): TRIMESH collision created successfully (distance: 8.06, vertices: 8)
[22:58:18] TERRAIN: Chunk created successfully: (-4.0, -7.0) at world pos (-128.0, 0.0, -224.0) (total chunks: 202)
[22:58:18] TERRAIN: Creating chunk: (1.0, 8.0) at distance 8.06
[22:58:18] TERRAIN: Chunk (1.0, 8.0): TRIMESH collision created successfully (distance: 8.06, vertices: 8)
[22:58:18] TERRAIN: Chunk created successfully: (1.0, 8.0) at world pos (32.0, 0.0, 256.0) (total chunks: 203)
[22:58:18] TERRAIN: Creating chunk: (-8.0, 1.0) at distance 8.06
[22:58:18] TERRAIN: Chunk (-8.0, 1.0): TRIMESH collision created successfully (distance: 8.06, vertices: 8)
[22:58:18] TERRAIN: Chunk created successfully: (-8.0, 1.0) at world pos (-256.0, 0.0, 32.0) (total chunks: 204)
[22:58:18] TERRAIN: Creating chunk: (8.0, -1.0) at distance 8.06
[22:58:18] TERRAIN: Chunk (8.0, -1.0): TRIMESH collision created successfully (distance: 8.06, vertices: 8)
[22:58:18] TERRAIN: Chunk created successfully: (8.0, -1.0) at world pos (256.0, 0.0, -32.0) (total chunks: 205)
[22:58:18] TERRAIN: Creating chunk: (-8.0, -1.0) at distance 8.06
[22:58:18] TERRAIN: Chunk (-8.0, -1.0): TRIMESH collision created successfully (distance: 8.06, vertices: 8)
[22:58:18] TERRAIN: Chunk created successfully: (-8.0, -1.0) at world pos (-256.0, 0.0, -32.0) (total chunks: 206)
[22:58:18] TERRAIN: Creating chunk: (-4.0, 7.0) at distance 8.06
[22:58:18] TERRAIN: Chunk (-4.0, 7.0): TRIMESH collision created successfully (distance: 8.06, vertices: 8)
[22:58:18] TERRAIN: Chunk created successfully: (-4.0, 7.0) at world pos (-128.0, 0.0, 224.0) (total chunks: 207)
[22:58:18] TERRAIN: Creating chunk: (7.0, -4.0) at distance 8.06
[22:58:18] TERRAIN: Chunk (7.0, -4.0): TRIMESH collision created successfully (distance: 8.06, vertices: 8)
[22:58:18] TERRAIN: Chunk created successfully: (7.0, -4.0) at world pos (224.0, 0.0, -128.0) (total chunks: 208)
[22:58:18] TERRAIN: Creating chunk: (4.0, 7.0) at distance 8.06
[22:58:18] TERRAIN: Chunk (4.0, 7.0): TRIMESH collision created successfully (distance: 8.06, vertices: 8)
[22:58:18] TERRAIN: Chunk created successfully: (4.0, 7.0) at world pos (128.0, 0.0, 224.0) (total chunks: 209)
[22:58:18] TERRAIN: Creating chunk: (-7.0, -4.0) at distance 8.06
[22:58:18] TERRAIN: Chunk (-7.0, -4.0): TRIMESH collision created successfully (distance: 8.06, vertices: 8)
[22:58:18] TERRAIN: Chunk created successfully: (-7.0, -4.0) at world pos (-224.0, 0.0, -128.0) (total chunks: 210)
[22:58:18] TERRAIN: Creating chunk: (7.0, 4.0) at distance 8.06
[22:58:18] TERRAIN: Chunk (7.0, 4.0): TRIMESH collision created successfully (distance: 8.06, vertices: 8)
[22:58:18] TERRAIN: Chunk created successfully: (7.0, 4.0) at world pos (224.0, 0.0, 128.0) (total chunks: 211)
[22:58:18] TERRAIN: Creating chunk: (4.0, -7.0) at distance 8.06
[22:58:18] TERRAIN: Chunk (4.0, -7.0): TRIMESH collision created successfully (distance: 8.06, vertices: 8)
[22:58:18] TERRAIN: Chunk created successfully: (4.0, -7.0) at world pos (128.0, 0.0, -224.0) (total chunks: 212)
[22:58:18] TERRAIN: Creating chunk: (-7.0, 4.0) at distance 8.06
[22:58:18] TERRAIN: Chunk (-7.0, 4.0): TRIMESH collision created successfully (distance: 8.06, vertices: 8)
[22:58:18] TERRAIN: Chunk created successfully: (-7.0, 4.0) at world pos (-224.0, 0.0, 128.0) (total chunks: 213)
[22:58:18] TERRAIN: Creating chunk: (-8.0, -2.0) at distance 8.25
[22:58:18] TERRAIN: Chunk (-8.0, -2.0): TRIMESH collision created successfully (distance: 8.25, vertices: 8)
[22:58:18] TERRAIN: Chunk created successfully: (-8.0, -2.0) at world pos (-256.0, 0.0, -64.0) (total chunks: 214)
[22:58:18] TERRAIN: Creating chunk: (2.0, 8.0) at distance 8.25
[22:58:18] TERRAIN: Chunk (2.0, 8.0): TRIMESH collision created successfully (distance: 8.25, vertices: 8)
[22:58:18] TERRAIN: Chunk created successfully: (2.0, 8.0) at world pos (64.0, 0.0, 256.0) (total chunks: 215)
[22:58:18] TERRAIN: Creating chunk: (-8.0, 2.0) at distance 8.25
[22:58:18] TERRAIN: Chunk (-8.0, 2.0): TRIMESH collision created successfully (distance: 8.25, vertices: 8)
[22:58:18] TERRAIN: Chunk created successfully: (-8.0, 2.0) at world pos (-256.0, 0.0, 64.0) (total chunks: 216)
[22:58:18] TERRAIN: Creating chunk: (2.0, -8.0) at distance 8.25
[22:58:18] TERRAIN: Chunk (2.0, -8.0): TRIMESH collision created successfully (distance: 8.25, vertices: 8)
[22:58:18] TERRAIN: Chunk created successfully: (2.0, -8.0) at world pos (64.0, 0.0, -256.0) (total chunks: 217)
[22:58:18] TERRAIN: Creating chunk: (8.0, -2.0) at distance 8.25
[22:58:18] TERRAIN: Chunk (8.0, -2.0): TRIMESH collision created successfully (distance: 8.25, vertices: 8)
[22:58:18] TERRAIN: Chunk created successfully: (8.0, -2.0) at world pos (256.0, 0.0, -64.0) (total chunks: 218)
[22:58:18] TERRAIN: Creating chunk: (-2.0, -8.0) at distance 8.25
[22:58:18] TERRAIN: Chunk (-2.0, -8.0): TRIMESH collision created successfully (distance: 8.25, vertices: 8)
[22:58:18] TERRAIN: Chunk created successfully: (-2.0, -8.0) at world pos (-64.0, 0.0, -256.0) (total chunks: 219)
[22:58:18] TERRAIN: Creating chunk: (-2.0, 8.0) at distance 8.25
[22:58:18] TERRAIN: Chunk (-2.0, 8.0): TRIMESH collision created successfully (distance: 8.25, vertices: 8)
[22:58:18] TERRAIN: Chunk created successfully: (-2.0, 8.0) at world pos (-64.0, 0.0, 256.0) (total chunks: 220)
[22:58:18] TERRAIN: Creating chunk: (8.0, 2.0) at distance 8.25
[22:58:18] TERRAIN: Chunk (8.0, 2.0): TRIMESH collision created successfully (distance: 8.25, vertices: 8)
[22:58:18] TERRAIN: Chunk created successfully: (8.0, 2.0) at world pos (256.0, 0.0, 64.0) (total chunks: 221)
[22:58:18] TERRAIN: Creating chunk: (-6.0, 6.0) at distance 8.49
[22:58:18] TERRAIN: Chunk (-6.0, 6.0): TRIMESH collision created successfully (distance: 8.49, vertices: 8)
[22:58:18] TERRAIN: Chunk created successfully: (-6.0, 6.0) at world pos (-192.0, 0.0, 192.0) (total chunks: 222)
[22:58:18] TERRAIN: Creating chunk: (6.0, -6.0) at distance 8.49
[22:58:18] TERRAIN: Chunk (6.0, -6.0): TRIMESH collision created successfully (distance: 8.49, vertices: 8)
[22:58:18] TERRAIN: Chunk created successfully: (6.0, -6.0) at world pos (192.0, 0.0, -192.0) (total chunks: 223)
[22:58:18] TERRAIN: Creating chunk: (6.0, 6.0) at distance 8.49
[22:58:18] TERRAIN: Chunk (6.0, 6.0): TRIMESH collision created successfully (distance: 8.49, vertices: 8)
[22:58:18] TERRAIN: Chunk created successfully: (6.0, 6.0) at world pos (192.0, 0.0, 192.0) (total chunks: 224)
[22:58:18] TERRAIN: Creating chunk: (-6.0, -6.0) at distance 8.49
[22:58:18] TERRAIN: Chunk (-6.0, -6.0): TRIMESH collision created successfully (distance: 8.49, vertices: 8)
[22:58:18] TERRAIN: Chunk created successfully: (-6.0, -6.0) at world pos (-192.0, 0.0, -192.0) (total chunks: 225)
[22:58:18] TERRAIN: Creating chunk: (-8.0, 3.0) at distance 8.54
[22:58:18] TERRAIN: Chunk (-8.0, 3.0): TRIMESH collision created successfully (distance: 8.54, vertices: 8)
[22:58:18] TERRAIN: Chunk created successfully: (-8.0, 3.0) at world pos (-256.0, 0.0, 96.0) (total chunks: 226)
[22:58:18] TERRAIN: Creating chunk: (-3.0, -8.0) at distance 8.54
[22:58:18] TERRAIN: Chunk (-3.0, -8.0): TRIMESH collision created successfully (distance: 8.54, vertices: 8)
[22:58:18] TERRAIN: Chunk created successfully: (-3.0, -8.0) at world pos (-96.0, 0.0, -256.0) (total chunks: 227)
[22:58:18] TERRAIN: Creating chunk: (3.0, 8.0) at distance 8.54
[22:58:18] TERRAIN: Chunk (3.0, 8.0): TRIMESH collision created successfully (distance: 8.54, vertices: 8)
[22:58:18] TERRAIN: Chunk created successfully: (3.0, 8.0) at world pos (96.0, 0.0, 256.0) (total chunks: 228)
[22:58:18] TERRAIN: Creating chunk: (-3.0, 8.0) at distance 8.54
[22:58:18] TERRAIN: Chunk (-3.0, 8.0): TRIMESH collision created successfully (distance: 8.54, vertices: 8)
[22:58:18] TERRAIN: Chunk created successfully: (-3.0, 8.0) at world pos (-96.0, 0.0, 256.0) (total chunks: 229)
[22:58:18] TERRAIN: Creating chunk: (8.0, -3.0) at distance 8.54
[22:58:18] TERRAIN: Chunk (8.0, -3.0): TRIMESH collision created successfully (distance: 8.54, vertices: 8)
[22:58:18] TERRAIN: Chunk created successfully: (8.0, -3.0) at world pos (256.0, 0.0, -96.0) (total chunks: 230)
[22:58:18] TERRAIN: Creating chunk: (3.0, -8.0) at distance 8.54
[22:58:18] TERRAIN: Chunk (3.0, -8.0): TRIMESH collision created successfully (distance: 8.54, vertices: 8)
[22:58:18] TERRAIN: Chunk created successfully: (3.0, -8.0) at world pos (96.0, 0.0, -256.0) (total chunks: 231)
[22:58:18] TERRAIN: Creating chunk: (-8.0, -3.0) at distance 8.54
[22:58:18] TERRAIN: Chunk (-8.0, -3.0): TRIMESH collision created successfully (distance: 8.54, vertices: 8)
[22:58:18] TERRAIN: Chunk created successfully: (-8.0, -3.0) at world pos (-256.0, 0.0, -96.0) (total chunks: 232)
[22:58:18] TERRAIN: Creating chunk: (8.0, 3.0) at distance 8.54
[22:58:18] TERRAIN: Chunk (8.0, 3.0): TRIMESH collision created successfully (distance: 8.54, vertices: 8)
[22:58:18] TERRAIN: Chunk created successfully: (8.0, 3.0) at world pos (256.0, 0.0, 96.0) (total chunks: 233)
[22:58:18] TERRAIN: Creating chunk: (-7.0, -5.0) at distance 8.60
[22:58:18] TERRAIN: Chunk (-7.0, -5.0): TRIMESH collision created successfully (distance: 8.60, vertices: 8)
[22:58:18] TERRAIN: Chunk created successfully: (-7.0, -5.0) at world pos (-224.0, 0.0, -160.0) (total chunks: 234)
[22:58:18] TERRAIN: Creating chunk: (5.0, -7.0) at distance 8.60
[22:58:18] TERRAIN: Chunk (5.0, -7.0): TRIMESH collision created successfully (distance: 8.60, vertices: 8)
[22:58:18] TERRAIN: Chunk created successfully: (5.0, -7.0) at world pos (160.0, 0.0, -224.0) (total chunks: 235)
[22:58:18] TERRAIN: Creating chunk: (-5.0, 7.0) at distance 8.60
[22:58:18] TERRAIN: Chunk (-5.0, 7.0): TRIMESH collision created successfully (distance: 8.60, vertices: 8)
[22:58:18] TERRAIN: Chunk created successfully: (-5.0, 7.0) at world pos (-160.0, 0.0, 224.0) (total chunks: 236)
[22:58:18] TERRAIN: Creating chunk: (7.0, -5.0) at distance 8.60
[22:58:18] TERRAIN: Chunk (7.0, -5.0): TRIMESH collision created successfully (distance: 8.60, vertices: 8)
[22:58:18] TERRAIN: Chunk created successfully: (7.0, -5.0) at world pos (224.0, 0.0, -160.0) (total chunks: 237)
[22:58:18] TERRAIN: Creating chunk: (-7.0, 5.0) at distance 8.60
[22:58:18] TERRAIN: Chunk (-7.0, 5.0): TRIMESH collision created successfully (distance: 8.60, vertices: 8)
[22:58:18] TERRAIN: Chunk created successfully: (-7.0, 5.0) at world pos (-224.0, 0.0, 160.0) (total chunks: 238)
[22:58:18] TERRAIN: Creating chunk: (7.0, 5.0) at distance 8.60
[22:58:18] TERRAIN: Chunk (7.0, 5.0): TRIMESH collision created successfully (distance: 8.60, vertices: 8)
[22:58:18] TERRAIN: Chunk created successfully: (7.0, 5.0) at world pos (224.0, 0.0, 160.0) (total chunks: 239)
[22:58:18] TERRAIN: Creating chunk: (5.0, 7.0) at distance 8.60
[22:58:18] TERRAIN: Chunk (5.0, 7.0): TRIMESH collision created successfully (distance: 8.60, vertices: 8)
[22:58:18] TERRAIN: Chunk created successfully: (5.0, 7.0) at world pos (160.0, 0.0, 224.0) (total chunks: 240)
[22:58:18] TERRAIN: Creating chunk: (-5.0, -7.0) at distance 8.60
[22:58:18] TERRAIN: Chunk (-5.0, -7.0): TRIMESH collision created successfully (distance: 8.60, vertices: 8)
[22:58:18] TERRAIN: Chunk created successfully: (-5.0, -7.0) at world pos (-160.0, 0.0, -224.0) (total chunks: 241)
[22:58:18] TERRAIN: Creating chunk: (8.0, 4.0) at distance 8.94
[22:58:18] TERRAIN: Chunk (8.0, 4.0): TRIMESH collision created successfully (distance: 8.94, vertices: 8)
[22:58:18] TERRAIN: Chunk created successfully: (8.0, 4.0) at world pos (256.0, 0.0, 128.0) (total chunks: 242)
[22:58:18] TERRAIN: Creating chunk: (4.0, 8.0) at distance 8.94
[22:58:18] TERRAIN: Chunk (4.0, 8.0): TRIMESH collision created successfully (distance: 8.94, vertices: 8)
[22:58:18] TERRAIN: Chunk created successfully: (4.0, 8.0) at world pos (128.0, 0.0, 256.0) (total chunks: 243)
[22:58:18] TERRAIN: Creating chunk: (-4.0, 8.0) at distance 8.94
[22:58:18] TERRAIN: Chunk (-4.0, 8.0): TRIMESH collision created successfully (distance: 8.94, vertices: 8)
[22:58:18] TERRAIN: Chunk created successfully: (-4.0, 8.0) at world pos (-128.0, 0.0, 256.0) (total chunks: 244)
[22:58:18] TERRAIN: Creating chunk: (4.0, -8.0) at distance 8.94
[22:58:18] TERRAIN: Chunk (4.0, -8.0): TRIMESH collision created successfully (distance: 8.94, vertices: 8)
[22:58:18] TERRAIN: Chunk created successfully: (4.0, -8.0) at world pos (128.0, 0.0, -256.0) (total chunks: 245)
[22:58:18] TERRAIN: Creating chunk: (-8.0, -4.0) at distance 8.94
[22:58:18] TERRAIN: Chunk (-8.0, -4.0): TRIMESH collision created successfully (distance: 8.94, vertices: 8)
[22:58:18] TERRAIN: Chunk created successfully: (-8.0, -4.0) at world pos (-256.0, 0.0, -128.0) (total chunks: 246)
[22:58:18] TERRAIN: Creating chunk: (8.0, -4.0) at distance 8.94
[22:58:18] TERRAIN: Chunk (8.0, -4.0): TRIMESH collision created successfully (distance: 8.94, vertices: 8)
[22:58:18] TERRAIN: Chunk created successfully: (8.0, -4.0) at world pos (256.0, 0.0, -128.0) (total chunks: 247)
[22:58:18] TERRAIN: Creating chunk: (-4.0, -8.0) at distance 8.94
[22:58:18] TERRAIN: Chunk (-4.0, -8.0): TRIMESH collision created successfully (distance: 8.94, vertices: 8)
[22:58:18] TERRAIN: Chunk created successfully: (-4.0, -8.0) at world pos (-128.0, 0.0, -256.0) (total chunks: 248)
[22:58:18] TERRAIN: Creating chunk: (-8.0, 4.0) at distance 8.94
[22:58:18] TERRAIN: Chunk (-8.0, 4.0): TRIMESH collision created successfully (distance: 8.94, vertices: 8)
[22:58:18] TERRAIN: Chunk created successfully: (-8.0, 4.0) at world pos (-256.0, 0.0, 128.0) (total chunks: 249)
[22:58:18] TERRAIN: Creating chunk: (9.0, 0.0) at distance 9.00
[22:58:18] TERRAIN: Chunk (9.0, 0.0): TRIMESH collision created successfully (distance: 9.00, vertices: 8)
[22:58:18] TERRAIN: Chunk created successfully: (9.0, 0.0) at world pos (288.0, 0.0, 0.0) (total chunks: 250)
[22:58:18] TERRAIN: Creating chunk: (-9.0, 0.0) at distance 9.00
[22:58:18] TERRAIN: Chunk (-9.0, 0.0): TRIMESH collision created successfully (distance: 9.00, vertices: 8)
[22:58:18] TERRAIN: Chunk created successfully: (-9.0, 0.0) at world pos (-288.0, 0.0, 0.0) (total chunks: 251)
[22:58:18] TERRAIN: Creating chunk: (0.0, -9.0) at distance 9.00
[22:58:18] TERRAIN: Chunk (0.0, -9.0): TRIMESH collision created successfully (distance: 9.00, vertices: 8)
[22:58:18] TERRAIN: Chunk created successfully: (0.0, -9.0) at world pos (0.0, 0.0, -288.0) (total chunks: 252)
[22:58:18] TERRAIN: Creating chunk: (0.0, 9.0) at distance 9.00
[22:58:18] TERRAIN: Chunk (0.0, 9.0): TRIMESH collision created successfully (distance: 9.00, vertices: 8)
[22:58:18] TERRAIN: Chunk created successfully: (0.0, 9.0) at world pos (0.0, 0.0, 288.0) (total chunks: 253)
[22:58:18] TERRAIN: Creating chunk: (9.0, 1.0) at distance 9.06
[22:58:18] TERRAIN: Chunk (9.0, 1.0): TRIMESH collision created successfully (distance: 9.06, vertices: 8)
[22:58:18] TERRAIN: Chunk created successfully: (9.0, 1.0) at world pos (288.0, 0.0, 32.0) (total chunks: 254)
[22:58:18] TERRAIN: Creating chunk: (1.0, 9.0) at distance 9.06
[22:58:18] TERRAIN: Chunk (1.0, 9.0): TRIMESH collision created successfully (distance: 9.06, vertices: 8)
[22:58:18] TERRAIN: Chunk created successfully: (1.0, 9.0) at world pos (32.0, 0.0, 288.0) (total chunks: 255)
[22:58:18] TERRAIN: Creating chunk: (9.0, -1.0) at distance 9.06
[22:58:18] TERRAIN: Chunk (9.0, -1.0): TRIMESH collision created successfully (distance: 9.06, vertices: 8)
[22:58:18] TERRAIN: Chunk created successfully: (9.0, -1.0) at world pos (288.0, 0.0, -32.0) (total chunks: 256)
[22:58:18] TERRAIN: Creating chunk: (1.0, -9.0) at distance 9.06
[22:58:18] TERRAIN: Chunk (1.0, -9.0): TRIMESH collision created successfully (distance: 9.06, vertices: 8)
[22:58:18] TERRAIN: Chunk created successfully: (1.0, -9.0) at world pos (32.0, 0.0, -288.0) (total chunks: 257)
[22:58:18] TERRAIN: Creating chunk: (-1.0, -9.0) at distance 9.06
[22:58:18] TERRAIN: Chunk (-1.0, -9.0): TRIMESH collision created successfully (distance: 9.06, vertices: 8)
[22:58:18] TERRAIN: Chunk created successfully: (-1.0, -9.0) at world pos (-32.0, 0.0, -288.0) (total chunks: 258)
[22:58:18] TERRAIN: Creating chunk: (-9.0, -1.0) at distance 9.06
[22:58:18] TERRAIN: Chunk (-9.0, -1.0): TRIMESH collision created successfully (distance: 9.06, vertices: 8)
[22:58:18] TERRAIN: Chunk created successfully: (-9.0, -1.0) at world pos (-288.0, 0.0, -32.0) (total chunks: 259)
[22:58:18] TERRAIN: Creating chunk: (-9.0, 1.0) at distance 9.06
[22:58:18] TERRAIN: Chunk (-9.0, 1.0): TRIMESH collision created successfully (distance: 9.06, vertices: 8)
[22:58:18] TERRAIN: Chunk created successfully: (-9.0, 1.0) at world pos (-288.0, 0.0, 32.0) (total chunks: 260)
[22:58:18] TERRAIN: Creating chunk: (-1.0, 9.0) at distance 9.06
[22:58:18] TERRAIN: Chunk (-1.0, 9.0): TRIMESH collision created successfully (distance: 9.06, vertices: 8)
[22:58:18] TERRAIN: Chunk created successfully: (-1.0, 9.0) at world pos (-32.0, 0.0, 288.0) (total chunks: 261)
[22:58:18] TERRAIN: Creating chunk: (-9.0, -2.0) at distance 9.22
[22:58:18] TERRAIN: Chunk (-9.0, -2.0): TRIMESH collision created successfully (distance: 9.22, vertices: 8)
[22:58:18] TERRAIN: Chunk created successfully: (-9.0, -2.0) at world pos (-288.0, 0.0, -64.0) (total chunks: 262)
[22:58:18] TERRAIN: Creating chunk: (6.0, 7.0) at distance 9.22
[22:58:18] TERRAIN: Chunk (6.0, 7.0): TRIMESH collision created successfully (distance: 9.22, vertices: 8)
[22:58:18] TERRAIN: Chunk created successfully: (6.0, 7.0) at world pos (192.0, 0.0, 224.0) (total chunks: 263)
[22:58:18] TERRAIN: Creating chunk: (-9.0, 2.0) at distance 9.22
[22:58:18] TERRAIN: Chunk (-9.0, 2.0): TRIMESH collision created successfully (distance: 9.22, vertices: 8)
[22:58:18] TERRAIN: Chunk created successfully: (-9.0, 2.0) at world pos (-288.0, 0.0, 64.0) (total chunks: 264)
[22:58:18] TERRAIN: Creating chunk: (9.0, 2.0) at distance 9.22
[22:58:18] TERRAIN: Chunk (9.0, 2.0): TRIMESH collision created successfully (distance: 9.22, vertices: 8)
[22:58:18] TERRAIN: Chunk created successfully: (9.0, 2.0) at world pos (288.0, 0.0, 64.0) (total chunks: 265)
[22:58:18] TERRAIN: Creating chunk: (-2.0, -9.0) at distance 9.22
[22:58:18] TERRAIN: Chunk (-2.0, -9.0): TRIMESH collision created successfully (distance: 9.22, vertices: 8)
[22:58:18] TERRAIN: Chunk created successfully: (-2.0, -9.0) at world pos (-64.0, 0.0, -288.0) (total chunks: 266)
[22:58:18] TERRAIN: Creating chunk: (-6.0, -7.0) at distance 9.22
[22:58:18] TERRAIN: Chunk (-6.0, -7.0): TRIMESH collision created successfully (distance: 9.22, vertices: 8)
[22:58:18] TERRAIN: Chunk created successfully: (-6.0, -7.0) at world pos (-192.0, 0.0, -224.0) (total chunks: 267)
[22:58:18] TERRAIN: Creating chunk: (2.0, -9.0) at distance 9.22
[22:58:18] TERRAIN: Chunk (2.0, -9.0): TRIMESH collision created successfully (distance: 9.22, vertices: 8)
[22:58:18] TERRAIN: Chunk created successfully: (2.0, -9.0) at world pos (64.0, 0.0, -288.0) (total chunks: 268)
[22:58:18] TERRAIN: Creating chunk: (-2.0, 9.0) at distance 9.22
[22:58:18] TERRAIN: Chunk (-2.0, 9.0): TRIMESH collision created successfully (distance: 9.22, vertices: 8)
[22:58:18] TERRAIN: Chunk created successfully: (-2.0, 9.0) at world pos (-64.0, 0.0, 288.0) (total chunks: 269)
[22:58:18] TERRAIN: Creating chunk: (-7.0, 6.0) at distance 9.22
[22:58:18] TERRAIN: Chunk (-7.0, 6.0): TRIMESH collision created successfully (distance: 9.22, vertices: 8)
[22:58:18] TERRAIN: Chunk created successfully: (-7.0, 6.0) at world pos (-224.0, 0.0, 192.0) (total chunks: 270)
[22:58:18] TERRAIN: Creating chunk: (-7.0, -6.0) at distance 9.22
[22:58:18] TERRAIN: Chunk (-7.0, -6.0): TRIMESH collision created successfully (distance: 9.22, vertices: 8)
[22:58:18] TERRAIN: Chunk created successfully: (-7.0, -6.0) at world pos (-224.0, 0.0, -192.0) (total chunks: 271)
[22:58:18] TERRAIN: Creating chunk: (7.0, -6.0) at distance 9.22
[22:58:18] TERRAIN: Chunk (7.0, -6.0): TRIMESH collision created successfully (distance: 9.22, vertices: 8)
[22:58:18] TERRAIN: Chunk created successfully: (7.0, -6.0) at world pos (224.0, 0.0, -192.0) (total chunks: 272)
[22:58:18] PLAYER: Pos: (0.0, 0.00036, 0.0) | Chunk: (0.0, 0.0) | TerrainHeight: 0.00 | HeightDiff: 0.00 | OnFloor: true
[22:58:18] TERRAIN: Creating chunk: (2.0, 9.0) at distance 9.22
[22:58:18] TERRAIN: Chunk (2.0, 9.0): TRIMESH collision created successfully (distance: 9.22, vertices: 8)
[22:58:18] TERRAIN: Chunk created successfully: (2.0, 9.0) at world pos (64.0, 0.0, 288.0) (total chunks: 273)
[22:58:18] TERRAIN: Creating chunk: (-6.0, 7.0) at distance 9.22
[22:58:18] TERRAIN: Chunk (-6.0, 7.0): TRIMESH collision created successfully (distance: 9.22, vertices: 8)
[22:58:18] TERRAIN: Chunk created successfully: (-6.0, 7.0) at world pos (-192.0, 0.0, 224.0) (total chunks: 274)
[22:58:18] TERRAIN: Creating chunk: (9.0, -2.0) at distance 9.22
[22:58:18] TERRAIN: Chunk (9.0, -2.0): TRIMESH collision created successfully (distance: 9.22, vertices: 8)
[22:58:18] TERRAIN: Chunk created successfully: (9.0, -2.0) at world pos (288.0, 0.0, -64.0) (total chunks: 275)
[22:58:18] TERRAIN: Creating chunk: (7.0, 6.0) at distance 9.22
[22:58:18] TERRAIN: Chunk (7.0, 6.0): TRIMESH collision created successfully (distance: 9.22, vertices: 8)
[22:58:18] TERRAIN: Chunk created successfully: (7.0, 6.0) at world pos (224.0, 0.0, 192.0) (total chunks: 276)
[22:58:18] TERRAIN: Creating chunk: (6.0, -7.0) at distance 9.22
[22:58:18] TERRAIN: Chunk (6.0, -7.0): TRIMESH collision created successfully (distance: 9.22, vertices: 8)
[22:58:18] TERRAIN: Chunk created successfully: (6.0, -7.0) at world pos (192.0, 0.0, -224.0) (total chunks: 277)
[22:58:18] TERRAIN: Creating chunk: (-5.0, -8.0) at distance 9.43
[22:58:18] TERRAIN: Chunk (-5.0, -8.0): TRIMESH collision created successfully (distance: 9.43, vertices: 8)
[22:58:18] TERRAIN: Chunk created successfully: (-5.0, -8.0) at world pos (-160.0, 0.0, -256.0) (total chunks: 278)
[22:58:18] TERRAIN: Creating chunk: (8.0, -5.0) at distance 9.43
[22:58:18] TERRAIN: Chunk (8.0, -5.0): TRIMESH collision created successfully (distance: 9.43, vertices: 8)
[22:58:18] TERRAIN: Chunk created successfully: (8.0, -5.0) at world pos (256.0, 0.0, -160.0) (total chunks: 279)
[22:58:18] TERRAIN: Creating chunk: (5.0, 8.0) at distance 9.43
[22:58:18] TERRAIN: Chunk (5.0, 8.0): TRIMESH collision created successfully (distance: 9.43, vertices: 8)
[22:58:18] TERRAIN: Chunk created successfully: (5.0, 8.0) at world pos (160.0, 0.0, 256.0) (total chunks: 280)
[22:58:18] TERRAIN: Creating chunk: (-8.0, -5.0) at distance 9.43
[22:58:18] TERRAIN: Chunk (-8.0, -5.0): TRIMESH collision created successfully (distance: 9.43, vertices: 8)
[22:58:18] TERRAIN: Chunk created successfully: (-8.0, -5.0) at world pos (-256.0, 0.0, -160.0) (total chunks: 281)
[22:58:18] TERRAIN: Creating chunk: (8.0, 5.0) at distance 9.43
[22:58:18] TERRAIN: Chunk (8.0, 5.0): TRIMESH collision created successfully (distance: 9.43, vertices: 8)
[22:58:18] TERRAIN: Chunk created successfully: (8.0, 5.0) at world pos (256.0, 0.0, 160.0) (total chunks: 282)
[22:58:18] TERRAIN: Creating chunk: (-8.0, 5.0) at distance 9.43
[22:58:18] TERRAIN: Chunk (-8.0, 5.0): TRIMESH collision created successfully (distance: 9.43, vertices: 8)
[22:58:18] TERRAIN: Chunk created successfully: (-8.0, 5.0) at world pos (-256.0, 0.0, 160.0) (total chunks: 283)
[22:58:18] TERRAIN: Creating chunk: (-5.0, 8.0) at distance 9.43
[22:58:18] TERRAIN: Chunk (-5.0, 8.0): TRIMESH collision created successfully (distance: 9.43, vertices: 8)
[22:58:18] TERRAIN: Chunk created successfully: (-5.0, 8.0) at world pos (-160.0, 0.0, 256.0) (total chunks: 284)
[22:58:18] TERRAIN: Creating chunk: (5.0, -8.0) at distance 9.43
[22:58:18] TERRAIN: Chunk (5.0, -8.0): TRIMESH collision created successfully (distance: 9.43, vertices: 8)
[22:58:18] TERRAIN: Chunk created successfully: (5.0, -8.0) at world pos (160.0, 0.0, -256.0) (total chunks: 285)
[22:58:18] TERRAIN: Creating chunk: (-9.0, -3.0) at distance 9.49
[22:58:18] TERRAIN: Chunk (-9.0, -3.0): TRIMESH collision created successfully (distance: 9.49, vertices: 8)
[22:58:18] TERRAIN: Chunk created successfully: (-9.0, -3.0) at world pos (-288.0, 0.0, -96.0) (total chunks: 286)
[22:58:18] TERRAIN: Creating chunk: (9.0, -3.0) at distance 9.49
[22:58:18] TERRAIN: Chunk (9.0, -3.0): TRIMESH collision created successfully (distance: 9.49, vertices: 8)
[22:58:18] TERRAIN: Chunk created successfully: (9.0, -3.0) at world pos (288.0, 0.0, -96.0) (total chunks: 287)
[22:58:18] TERRAIN: Creating chunk: (-9.0, 3.0) at distance 9.49
[22:58:18] TERRAIN: Chunk (-9.0, 3.0): TRIMESH collision created successfully (distance: 9.49, vertices: 8)
[22:58:18] TERRAIN: Chunk created successfully: (-9.0, 3.0) at world pos (-288.0, 0.0, 96.0) (total chunks: 288)
[22:58:18] TERRAIN: Creating chunk: (3.0, 9.0) at distance 9.49
[22:58:18] TERRAIN: Chunk (3.0, 9.0): TRIMESH collision created successfully (distance: 9.49, vertices: 8)
[22:58:18] TERRAIN: Chunk created successfully: (3.0, 9.0) at world pos (96.0, 0.0, 288.0) (total chunks: 289)
[22:58:18] TERRAIN: Creating chunk: (-3.0, -9.0) at distance 9.49
[22:58:18] TERRAIN: Chunk (-3.0, -9.0): TRIMESH collision created successfully (distance: 9.49, vertices: 8)
[22:58:18] TERRAIN: Chunk created successfully: (-3.0, -9.0) at world pos (-96.0, 0.0, -288.0) (total chunks: 290)
[22:58:18] TERRAIN: Creating chunk: (-3.0, 9.0) at distance 9.49
[22:58:18] TERRAIN: Chunk (-3.0, 9.0): TRIMESH collision created successfully (distance: 9.49, vertices: 8)
[22:58:18] TERRAIN: Chunk created successfully: (-3.0, 9.0) at world pos (-96.0, 0.0, 288.0) (total chunks: 291)
[22:58:18] TERRAIN: Creating chunk: (3.0, -9.0) at distance 9.49
[22:58:18] TERRAIN: Chunk (3.0, -9.0): TRIMESH collision created successfully (distance: 9.49, vertices: 8)
[22:58:18] TERRAIN: Chunk created successfully: (3.0, -9.0) at world pos (96.0, 0.0, -288.0) (total chunks: 292)
[22:58:18] TERRAIN: Creating chunk: (9.0, 3.0) at distance 9.49
[22:58:18] TERRAIN: Chunk (9.0, 3.0): TRIMESH collision created successfully (distance: 9.49, vertices: 8)
[22:58:18] TERRAIN: Chunk created successfully: (9.0, 3.0) at world pos (288.0, 0.0, 96.0) (total chunks: 293)
[22:58:18] TERRAIN: Creating chunk: (-9.0, 4.0) at distance 9.85
[22:58:18] TERRAIN: Chunk (-9.0, 4.0): TRIMESH collision created successfully (distance: 9.85, vertices: 8)
[22:58:18] TERRAIN: Chunk created successfully: (-9.0, 4.0) at world pos (-288.0, 0.0, 128.0) (total chunks: 294)
[22:58:18] TERRAIN: Creating chunk: (-4.0, -9.0) at distance 9.85
[22:58:18] TERRAIN: Chunk (-4.0, -9.0): TRIMESH collision created successfully (distance: 9.85, vertices: 8)
[22:58:18] TERRAIN: Chunk created successfully: (-4.0, -9.0) at world pos (-128.0, 0.0, -288.0) (total chunks: 295)
[22:58:18] TERRAIN: Creating chunk: (9.0, -4.0) at distance 9.85
[22:58:18] TERRAIN: Chunk (9.0, -4.0): TRIMESH collision created successfully (distance: 9.85, vertices: 8)
[22:58:18] TERRAIN: Chunk created successfully: (9.0, -4.0) at world pos (288.0, 0.0, -128.0) (total chunks: 296)
[22:58:18] TERRAIN: Creating chunk: (9.0, 4.0) at distance 9.85
[22:58:18] TERRAIN: Chunk (9.0, 4.0): TRIMESH collision created successfully (distance: 9.85, vertices: 8)
[22:58:18] TERRAIN: Chunk created successfully: (9.0, 4.0) at world pos (288.0, 0.0, 128.0) (total chunks: 297)
[22:58:18] TERRAIN: Creating chunk: (-9.0, -4.0) at distance 9.85
[22:58:18] TERRAIN: Chunk (-9.0, -4.0): TRIMESH collision created successfully (distance: 9.85, vertices: 8)
[22:58:18] TERRAIN: Chunk created successfully: (-9.0, -4.0) at world pos (-288.0, 0.0, -128.0) (total chunks: 298)
[22:58:18] TERRAIN: Creating chunk: (4.0, 9.0) at distance 9.85
[22:58:18] TERRAIN: Chunk (4.0, 9.0): TRIMESH collision created successfully (distance: 9.85, vertices: 8)
[22:58:18] TERRAIN: Chunk created successfully: (4.0, 9.0) at world pos (128.0, 0.0, 288.0) (total chunks: 299)
[22:58:18] TERRAIN: Creating chunk: (-4.0, 9.0) at distance 9.85
[22:58:18] TERRAIN: Chunk (-4.0, 9.0): TRIMESH collision created successfully (distance: 9.85, vertices: 8)
[22:58:18] TERRAIN: Chunk created successfully: (-4.0, 9.0) at world pos (-128.0, 0.0, 288.0) (total chunks: 300)
[22:58:18] TERRAIN: Creating chunk: (4.0, -9.0) at distance 9.85
[22:58:18] TERRAIN: Chunk (4.0, -9.0): TRIMESH collision created successfully (distance: 9.85, vertices: 8)
[22:58:18] TERRAIN: Chunk created successfully: (4.0, -9.0) at world pos (128.0, 0.0, -288.0) (total chunks: 301)
[22:58:18] TERRAIN: Creating chunk: (7.0, -7.0) at distance 9.90
[22:58:18] TERRAIN: Chunk (7.0, -7.0): TRIMESH collision created successfully (distance: 9.90, vertices: 8)
[22:58:18] TERRAIN: Chunk created successfully: (7.0, -7.0) at world pos (224.0, 0.0, -224.0) (total chunks: 302)
[22:58:18] TERRAIN: Creating chunk: (-7.0, -7.0) at distance 9.90
[22:58:18] TERRAIN: Chunk (-7.0, -7.0): TRIMESH collision created successfully (distance: 9.90, vertices: 8)
[22:58:18] TERRAIN: Chunk created successfully: (-7.0, -7.0) at world pos (-224.0, 0.0, -224.0) (total chunks: 303)
[22:58:18] TERRAIN: Creating chunk: (7.0, 7.0) at distance 9.90
[22:58:18] TERRAIN: Chunk (7.0, 7.0): TRIMESH collision created successfully (distance: 9.90, vertices: 8)
[22:58:18] TERRAIN: Chunk created successfully: (7.0, 7.0) at world pos (224.0, 0.0, 224.0) (total chunks: 304)
[22:58:18] TERRAIN: Creating chunk: (-7.0, 7.0) at distance 9.90
[22:58:18] TERRAIN: Chunk (-7.0, 7.0): TRIMESH collision created successfully (distance: 9.90, vertices: 8)
[22:58:18] TERRAIN: Chunk created successfully: (-7.0, 7.0) at world pos (-224.0, 0.0, 224.0) (total chunks: 305)
[22:58:18] TERRAIN: Creating chunk: (-6.0, 8.0) at distance 10.00
[22:58:18] TERRAIN: Chunk (-6.0, 8.0): TRIMESH collision created successfully (distance: 10.00, vertices: 8)
[22:58:18] TERRAIN: Chunk created successfully: (-6.0, 8.0) at world pos (-192.0, 0.0, 256.0) (total chunks: 306)
[22:58:18] TERRAIN: Creating chunk: (-8.0, -6.0) at distance 10.00
[22:58:18] TERRAIN: Chunk (-8.0, -6.0): TRIMESH collision created successfully (distance: 10.00, vertices: 8)
[22:58:18] TERRAIN: Chunk created successfully: (-8.0, -6.0) at world pos (-256.0, 0.0, -192.0) (total chunks: 307)
[22:58:18] TERRAIN: Creating chunk: (6.0, -8.0) at distance 10.00
[22:58:18] TERRAIN: Chunk (6.0, -8.0): TRIMESH collision created successfully (distance: 10.00, vertices: 8)
[22:58:18] TERRAIN: Chunk created successfully: (6.0, -8.0) at world pos (192.0, 0.0, -256.0) (total chunks: 308)
[22:58:18] TERRAIN: Creating chunk: (0.0, -10.0) at distance 10.00
[22:58:18] TERRAIN: Chunk (0.0, -10.0): TRIMESH collision created successfully (distance: 10.00, vertices: 8)
[22:58:18] TERRAIN: Chunk created successfully: (0.0, -10.0) at world pos (0.0, 0.0, -320.0) (total chunks: 309)
[22:58:18] TERRAIN: Creating chunk: (8.0, 6.0) at distance 10.00
[22:58:18] TERRAIN: Chunk (8.0, 6.0): TRIMESH collision created successfully (distance: 10.00, vertices: 8)
[22:58:18] TERRAIN: Chunk created successfully: (8.0, 6.0) at world pos (256.0, 0.0, 192.0) (total chunks: 310)
[22:58:18] TERRAIN: Creating chunk: (-8.0, 6.0) at distance 10.00
[22:58:18] TERRAIN: Chunk (-8.0, 6.0): TRIMESH collision created successfully (distance: 10.00, vertices: 8)
[22:58:18] TERRAIN: Chunk created successfully: (-8.0, 6.0) at world pos (-256.0, 0.0, 192.0) (total chunks: 311)
[22:58:18] TERRAIN: Creating chunk: (6.0, 8.0) at distance 10.00
[22:58:18] TERRAIN: Chunk (6.0, 8.0): TRIMESH collision created successfully (distance: 10.00, vertices: 8)
[22:58:18] TERRAIN: Chunk created successfully: (6.0, 8.0) at world pos (192.0, 0.0, 256.0) (total chunks: 312)
[22:58:18] TERRAIN: Creating chunk: (-10.0, 0.0) at distance 10.00
[22:58:18] TERRAIN: Chunk (-10.0, 0.0): TRIMESH collision created successfully (distance: 10.00, vertices: 8)
[22:58:18] TERRAIN: Chunk created successfully: (-10.0, 0.0) at world pos (-320.0, 0.0, 0.0) (total chunks: 313)
[22:58:18] TERRAIN: Creating chunk: (10.0, 0.0) at distance 10.00
[22:58:18] TERRAIN: Chunk (10.0, 0.0): TRIMESH collision created successfully (distance: 10.00, vertices: 8)
[22:58:18] TERRAIN: Chunk created successfully: (10.0, 0.0) at world pos (320.0, 0.0, 0.0) (total chunks: 314)
[22:58:18] TERRAIN: Creating chunk: (-6.0, -8.0) at distance 10.00
[22:58:18] TERRAIN: Chunk (-6.0, -8.0): TRIMESH collision created successfully (distance: 10.00, vertices: 8)
[22:58:18] TERRAIN: Chunk created successfully: (-6.0, -8.0) at world pos (-192.0, 0.0, -256.0) (total chunks: 315)
[22:58:18] TERRAIN: Creating chunk: (8.0, -6.0) at distance 10.00
[22:58:18] TERRAIN: Chunk (8.0, -6.0): TRIMESH collision created successfully (distance: 10.00, vertices: 8)
[22:58:18] TERRAIN: Chunk created successfully: (8.0, -6.0) at world pos (256.0, 0.0, -192.0) (total chunks: 316)
[22:58:18] TERRAIN: Creating chunk: (0.0, 10.0) at distance 10.00
[22:58:18] TERRAIN: Chunk (0.0, 10.0): TRIMESH collision created successfully (distance: 10.00, vertices: 8)
[22:58:18] TERRAIN: Chunk created successfully: (0.0, 10.0) at world pos (0.0, 0.0, 320.0) (total chunks: 317)
[22:58:18] TERRAIN: Creating chunk: (-10.0, -1.0) at distance 10.05
[22:58:18] TERRAIN: Chunk (-10.0, -1.0): TRIMESH collision created successfully (distance: 10.05, vertices: 8)
[22:58:18] TERRAIN: Chunk created successfully: (-10.0, -1.0) at world pos (-320.0, 0.0, -32.0) (total chunks: 318)
[22:58:18] TERRAIN: Creating chunk: (-1.0, 10.0) at distance 10.05
[22:58:18] TERRAIN: Chunk (-1.0, 10.0): TRIMESH collision created successfully (distance: 10.05, vertices: 8)
[22:58:18] TERRAIN: Chunk created successfully: (-1.0, 10.0) at world pos (-32.0, 0.0, 320.0) (total chunks: 319)
[22:58:18] TERRAIN: Creating chunk: (1.0, 10.0) at distance 10.05
[22:58:18] TERRAIN: Chunk (1.0, 10.0): TRIMESH collision created successfully (distance: 10.05, vertices: 8)
[22:58:18] TERRAIN: Chunk created successfully: (1.0, 10.0) at world pos (32.0, 0.0, 320.0) (total chunks: 320)
[22:58:18] TERRAIN: Creating chunk: (1.0, -10.0) at distance 10.05
[22:58:18] TERRAIN: Chunk (1.0, -10.0): TRIMESH collision created successfully (distance: 10.05, vertices: 8)
[22:58:18] TERRAIN: Chunk created successfully: (1.0, -10.0) at world pos (32.0, 0.0, -320.0) (total chunks: 321)
[22:58:18] TERRAIN: Creating chunk: (-10.0, 1.0) at distance 10.05
[22:58:18] TERRAIN: Chunk (-10.0, 1.0): TRIMESH collision created successfully (distance: 10.05, vertices: 8)
[22:58:18] TERRAIN: Chunk created successfully: (-10.0, 1.0) at world pos (-320.0, 0.0, 32.0) (total chunks: 322)
[22:58:18] TERRAIN: Creating chunk: (-1.0, -10.0) at distance 10.05
[22:58:18] TERRAIN: Chunk (-1.0, -10.0): TRIMESH collision created successfully (distance: 10.05, vertices: 8)
[22:58:18] TERRAIN: Chunk created successfully: (-1.0, -10.0) at world pos (-32.0, 0.0, -320.0) (total chunks: 323)
[22:58:18] TERRAIN: Creating chunk: (10.0, 1.0) at distance 10.05
[22:58:18] TERRAIN: Chunk (10.0, 1.0): TRIMESH collision created successfully (distance: 10.05, vertices: 8)
[22:58:18] TERRAIN: Chunk created successfully: (10.0, 1.0) at world pos (320.0, 0.0, 32.0) (total chunks: 324)
[22:58:18] TERRAIN: Creating chunk: (10.0, -1.0) at distance 10.05
[22:58:18] TERRAIN: Chunk (10.0, -1.0): TRIMESH collision created successfully (distance: 10.05, vertices: 8)
[22:58:18] TERRAIN: Chunk created successfully: (10.0, -1.0) at world pos (320.0, 0.0, -32.0) (total chunks: 325)
[22:58:18] TERRAIN: Creating chunk: (2.0, 10.0) at distance 10.20
[22:58:18] TERRAIN: Chunk (2.0, 10.0): TRIMESH collision created successfully (distance: 10.20, vertices: 8)
[22:58:18] TERRAIN: Chunk created successfully: (2.0, 10.0) at world pos (64.0, 0.0, 320.0) (total chunks: 326)
[22:58:18] TERRAIN: Creating chunk: (-2.0, 10.0) at distance 10.20
[22:58:18] TERRAIN: Chunk (-2.0, 10.0): TRIMESH collision created successfully (distance: 10.20, vertices: 8)
[22:58:18] TERRAIN: Chunk created successfully: (-2.0, 10.0) at world pos (-64.0, 0.0, 320.0) (total chunks: 327)
[22:58:18] TERRAIN: Creating chunk: (-10.0, -2.0) at distance 10.20
[22:58:18] TERRAIN: Chunk (-10.0, -2.0): TRIMESH collision created successfully (distance: 10.20, vertices: 8)
[22:58:18] TERRAIN: Chunk created successfully: (-10.0, -2.0) at world pos (-320.0, 0.0, -64.0) (total chunks: 328)
[22:58:18] TERRAIN: Creating chunk: (10.0, -2.0) at distance 10.20
[22:58:18] TERRAIN: Chunk (10.0, -2.0): TRIMESH collision created successfully (distance: 10.20, vertices: 8)
[22:58:18] TERRAIN: Chunk created successfully: (10.0, -2.0) at world pos (320.0, 0.0, -64.0) (total chunks: 329)
[22:58:18] TERRAIN: Creating chunk: (-2.0, -10.0) at distance 10.20
[22:58:18] TERRAIN: Chunk (-2.0, -10.0): TRIMESH collision created successfully (distance: 10.20, vertices: 8)
[22:58:18] TERRAIN: Chunk created successfully: (-2.0, -10.0) at world pos (-64.0, 0.0, -320.0) (total chunks: 330)
[22:58:18] TERRAIN: Creating chunk: (-10.0, 2.0) at distance 10.20
[22:58:18] TERRAIN: Chunk (-10.0, 2.0): TRIMESH collision created successfully (distance: 10.20, vertices: 8)
[22:58:18] TERRAIN: Chunk created successfully: (-10.0, 2.0) at world pos (-320.0, 0.0, 64.0) (total chunks: 331)
[22:58:18] TERRAIN: Creating chunk: (2.0, -10.0) at distance 10.20
[22:58:18] TERRAIN: Chunk (2.0, -10.0): TRIMESH collision created successfully (distance: 10.20, vertices: 8)
[22:58:18] TERRAIN: Chunk created successfully: (2.0, -10.0) at world pos (64.0, 0.0, -320.0) (total chunks: 332)
[22:58:18] TERRAIN: Creating chunk: (10.0, 2.0) at distance 10.20
[22:58:19] TERRAIN: Chunk (10.0, 2.0): TRIMESH collision created successfully (distance: 10.20, vertices: 8)
[22:58:19] TERRAIN: Chunk created successfully: (10.0, 2.0) at world pos (320.0, 0.0, 64.0) (total chunks: 333)
[22:58:19] TERRAIN: Creating chunk: (9.0, -5.0) at distance 10.30
[22:58:19] TERRAIN: Chunk (9.0, -5.0): TRIMESH collision created successfully (distance: 10.30, vertices: 8)
[22:58:19] TERRAIN: Chunk created successfully: (9.0, -5.0) at world pos (288.0, 0.0, -160.0) (total chunks: 334)
[22:58:19] TERRAIN: Creating chunk: (9.0, 5.0) at distance 10.30
[22:58:19] TERRAIN: Chunk (9.0, 5.0): TRIMESH collision created successfully (distance: 10.30, vertices: 8)
[22:58:19] TERRAIN: Chunk created successfully: (9.0, 5.0) at world pos (288.0, 0.0, 160.0) (total chunks: 335)
[22:58:19] TERRAIN: Creating chunk: (5.0, 9.0) at distance 10.30
[22:58:19] TERRAIN: Chunk (5.0, 9.0): TRIMESH collision created successfully (distance: 10.30, vertices: 8)
[22:58:19] TERRAIN: Chunk created successfully: (5.0, 9.0) at world pos (160.0, 0.0, 288.0) (total chunks: 336)
[22:58:19] TERRAIN: Creating chunk: (-9.0, -5.0) at distance 10.30
[22:58:19] TERRAIN: Chunk (-9.0, -5.0): TRIMESH collision created successfully (distance: 10.30, vertices: 8)
[22:58:19] TERRAIN: Chunk created successfully: (-9.0, -5.0) at world pos (-288.0, 0.0, -160.0) (total chunks: 337)
[22:58:19] TERRAIN: Creating chunk: (5.0, -9.0) at distance 10.30
[22:58:19] TERRAIN: Chunk (5.0, -9.0): TRIMESH collision created successfully (distance: 10.30, vertices: 8)
[22:58:19] TERRAIN: Chunk created successfully: (5.0, -9.0) at world pos (160.0, 0.0, -288.0) (total chunks: 338)
[22:58:19] TERRAIN: Creating chunk: (-5.0, -9.0) at distance 10.30
[22:58:19] TERRAIN: Chunk (-5.0, -9.0): TRIMESH collision created successfully (distance: 10.30, vertices: 8)
[22:58:19] TERRAIN: Chunk created successfully: (-5.0, -9.0) at world pos (-160.0, 0.0, -288.0) (total chunks: 339)
[22:58:19] TERRAIN: Creating chunk: (-9.0, 5.0) at distance 10.30
[22:58:19] TERRAIN: Chunk (-9.0, 5.0): TRIMESH collision created successfully (distance: 10.30, vertices: 8)
[22:58:19] TERRAIN: Chunk created successfully: (-9.0, 5.0) at world pos (-288.0, 0.0, 160.0) (total chunks: 340)
[22:58:19] TERRAIN: Creating chunk: (-5.0, 9.0) at distance 10.30
[22:58:19] TERRAIN: Chunk (-5.0, 9.0): TRIMESH collision created successfully (distance: 10.30, vertices: 8)
[22:58:19] TERRAIN: Chunk created successfully: (-5.0, 9.0) at world pos (-160.0, 0.0, 288.0) (total chunks: 341)
[22:58:19] TERRAIN: Creating chunk: (10.0, -3.0) at distance 10.44
[22:58:19] TERRAIN: Chunk (10.0, -3.0): TRIMESH collision created successfully (distance: 10.44, vertices: 8)
[22:58:19] TERRAIN: Chunk created successfully: (10.0, -3.0) at world pos (320.0, 0.0, -96.0) (total chunks: 342)
[22:58:19] TERRAIN: Creating chunk: (-3.0, -10.0) at distance 10.44
[22:58:19] TERRAIN: Chunk (-3.0, -10.0): TRIMESH collision created successfully (distance: 10.44, vertices: 8)
[22:58:19] TERRAIN: Chunk created successfully: (-3.0, -10.0) at world pos (-96.0, 0.0, -320.0) (total chunks: 343)
[22:58:19] TERRAIN: Creating chunk: (-10.0, -3.0) at distance 10.44
[22:58:19] TERRAIN: Chunk (-10.0, -3.0): TRIMESH collision created successfully (distance: 10.44, vertices: 8)
[22:58:19] TERRAIN: Chunk created successfully: (-10.0, -3.0) at world pos (-320.0, 0.0, -96.0) (total chunks: 344)
[22:58:19] TERRAIN: Creating chunk: (3.0, 10.0) at distance 10.44
[22:58:19] TERRAIN: Chunk (3.0, 10.0): TRIMESH collision created successfully (distance: 10.44, vertices: 8)
[22:58:19] TERRAIN: Chunk created successfully: (3.0, 10.0) at world pos (96.0, 0.0, 320.0) (total chunks: 345)
[22:58:19] TERRAIN: Creating chunk: (-10.0, 3.0) at distance 10.44
[22:58:19] TERRAIN: Chunk (-10.0, 3.0): TRIMESH collision created successfully (distance: 10.44, vertices: 8)
[22:58:19] TERRAIN: Chunk created successfully: (-10.0, 3.0) at world pos (-320.0, 0.0, 96.0) (total chunks: 346)
[22:58:19] TERRAIN: Creating chunk: (10.0, 3.0) at distance 10.44
[22:58:19] TERRAIN: Chunk (10.0, 3.0): TRIMESH collision created successfully (distance: 10.44, vertices: 8)
[22:58:19] TERRAIN: Chunk created successfully: (10.0, 3.0) at world pos (320.0, 0.0, 96.0) (total chunks: 347)
[22:58:19] TERRAIN: Creating chunk: (3.0, -10.0) at distance 10.44
[22:58:19] TERRAIN: Chunk (3.0, -10.0): TRIMESH collision created successfully (distance: 10.44, vertices: 8)
[22:58:19] TERRAIN: Chunk created successfully: (3.0, -10.0) at world pos (96.0, 0.0, -320.0) (total chunks: 348)
[22:58:19] TERRAIN: Creating chunk: (-3.0, 10.0) at distance 10.44
[22:58:19] TERRAIN: Chunk (-3.0, 10.0): TRIMESH collision created successfully (distance: 10.44, vertices: 8)
[22:58:19] TERRAIN: Chunk created successfully: (-3.0, 10.0) at world pos (-96.0, 0.0, 320.0) (total chunks: 349)
[22:58:19] TERRAIN: Creating chunk: (8.0, -7.0) at distance 10.63
[22:58:19] TERRAIN: Chunk (8.0, -7.0): TRIMESH collision created successfully (distance: 10.63, vertices: 8)
[22:58:19] TERRAIN: Chunk created successfully: (8.0, -7.0) at world pos (256.0, 0.0, -224.0) (total chunks: 350)
[22:58:19] TERRAIN: Creating chunk: (7.0, 8.0) at distance 10.63
[22:58:19] TERRAIN: Chunk (7.0, 8.0): TRIMESH collision created successfully (distance: 10.63, vertices: 8)
[22:58:19] TERRAIN: Chunk created successfully: (7.0, 8.0) at world pos (224.0, 0.0, 256.0) (total chunks: 351)
[22:58:19] TERRAIN: Creating chunk: (-8.0, 7.0) at distance 10.63
[22:58:19] TERRAIN: Chunk (-8.0, 7.0): TRIMESH collision created successfully (distance: 10.63, vertices: 8)
[22:58:19] TERRAIN: Chunk created successfully: (-8.0, 7.0) at world pos (-256.0, 0.0, 224.0) (total chunks: 352)
[22:58:19] TERRAIN: Creating chunk: (-8.0, -7.0) at distance 10.63
[22:58:19] TERRAIN: Chunk (-8.0, -7.0): TRIMESH collision created successfully (distance: 10.63, vertices: 8)
[22:58:19] TERRAIN: Chunk created successfully: (-8.0, -7.0) at world pos (-256.0, 0.0, -224.0) (total chunks: 353)
[22:58:19] TERRAIN: Creating chunk: (-7.0, 8.0) at distance 10.63
[22:58:19] TERRAIN: Chunk (-7.0, 8.0): TRIMESH collision created successfully (distance: 10.63, vertices: 8)
[22:58:19] TERRAIN: Chunk created successfully: (-7.0, 8.0) at world pos (-224.0, 0.0, 256.0) (total chunks: 354)
[22:58:19] TERRAIN: Creating chunk: (-7.0, -8.0) at distance 10.63
[22:58:19] TERRAIN: Chunk (-7.0, -8.0): TRIMESH collision created successfully (distance: 10.63, vertices: 8)
[22:58:19] TERRAIN: Chunk created successfully: (-7.0, -8.0) at world pos (-224.0, 0.0, -256.0) (total chunks: 355)
[22:58:19] TERRAIN: Creating chunk: (7.0, -8.0) at distance 10.63
[22:58:19] TERRAIN: Chunk (7.0, -8.0): TRIMESH collision created successfully (distance: 10.63, vertices: 8)
[22:58:19] TERRAIN: Chunk created successfully: (7.0, -8.0) at world pos (224.0, 0.0, -256.0) (total chunks: 356)
[22:58:19] TERRAIN: Creating chunk: (8.0, 7.0) at distance 10.63
[22:58:19] TERRAIN: Chunk (8.0, 7.0): TRIMESH collision created successfully (distance: 10.63, vertices: 8)
[22:58:19] TERRAIN: Chunk created successfully: (8.0, 7.0) at world pos (256.0, 0.0, 224.0) (total chunks: 357)
[22:58:19] TERRAIN: Creating chunk: (10.0, -4.0) at distance 10.77
[22:58:19] TERRAIN: Chunk (10.0, -4.0): TRIMESH collision created successfully (distance: 10.77, vertices: 8)
[22:58:19] TERRAIN: Chunk created successfully: (10.0, -4.0) at world pos (320.0, 0.0, -128.0) (total chunks: 358)
[22:58:19] TERRAIN: Creating chunk: (-10.0, 4.0) at distance 10.77
[22:58:19] TERRAIN: Chunk (-10.0, 4.0): TRIMESH collision created successfully (distance: 10.77, vertices: 8)
[22:58:19] TERRAIN: Chunk created successfully: (-10.0, 4.0) at world pos (-320.0, 0.0, 128.0) (total chunks: 359)
[22:58:19] TERRAIN: Creating chunk: (10.0, 4.0) at distance 10.77
[22:58:19] TERRAIN: Chunk (10.0, 4.0): TRIMESH collision created successfully (distance: 10.77, vertices: 8)
[22:58:19] TERRAIN: Chunk created successfully: (10.0, 4.0) at world pos (320.0, 0.0, 128.0) (total chunks: 360)
[22:58:19] TERRAIN: Creating chunk: (4.0, 10.0) at distance 10.77
[22:58:19] TERRAIN: Chunk (4.0, 10.0): TRIMESH collision created successfully (distance: 10.77, vertices: 8)
[22:58:19] TERRAIN: Chunk created successfully: (4.0, 10.0) at world pos (128.0, 0.0, 320.0) (total chunks: 361)
[22:58:19] TERRAIN: Creating chunk: (-4.0, -10.0) at distance 10.77
[22:58:19] TERRAIN: Chunk (-4.0, -10.0): TRIMESH collision created successfully (distance: 10.77, vertices: 8)
[22:58:19] TERRAIN: Chunk created successfully: (-4.0, -10.0) at world pos (-128.0, 0.0, -320.0) (total chunks: 362)
[22:58:19] TERRAIN: Creating chunk: (-4.0, 10.0) at distance 10.77
[22:58:19] TERRAIN: Chunk (-4.0, 10.0): TRIMESH collision created successfully (distance: 10.77, vertices: 8)
[22:58:19] TERRAIN: Chunk created successfully: (-4.0, 10.0) at world pos (-128.0, 0.0, 320.0) (total chunks: 363)
[22:58:19] TERRAIN: Creating chunk: (-10.0, -4.0) at distance 10.77
[22:58:19] TERRAIN: Chunk (-10.0, -4.0): TRIMESH collision created successfully (distance: 10.77, vertices: 8)
[22:58:19] TERRAIN: Chunk created successfully: (-10.0, -4.0) at world pos (-320.0, 0.0, -128.0) (total chunks: 364)
[22:58:19] TERRAIN: Creating chunk: (4.0, -10.0) at distance 10.77
[22:58:19] TERRAIN: Chunk (4.0, -10.0): TRIMESH collision created successfully (distance: 10.77, vertices: 8)
[22:58:19] TERRAIN: Chunk created successfully: (4.0, -10.0) at world pos (128.0, 0.0, -320.0) (total chunks: 365)
[22:58:19] TERRAIN: Creating chunk: (-9.0, 6.0) at distance 10.82
[22:58:19] TERRAIN: Chunk (-9.0, 6.0): TRIMESH collision created successfully (distance: 10.82, vertices: 8)
[22:58:19] TERRAIN: Chunk created successfully: (-9.0, 6.0) at world pos (-288.0, 0.0, 192.0) (total chunks: 366)
[22:58:19] TERRAIN: Creating chunk: (-9.0, -6.0) at distance 10.82
[22:58:19] TERRAIN: Chunk (-9.0, -6.0): TRIMESH collision created successfully (distance: 10.82, vertices: 8)
[22:58:19] TERRAIN: Chunk created successfully: (-9.0, -6.0) at world pos (-288.0, 0.0, -192.0) (total chunks: 367)
[22:58:19] TERRAIN: Creating chunk: (-6.0, 9.0) at distance 10.82
[22:58:19] TERRAIN: Chunk (-6.0, 9.0): TRIMESH collision created successfully (distance: 10.82, vertices: 8)
[22:58:19] TERRAIN: Chunk created successfully: (-6.0, 9.0) at world pos (-192.0, 0.0, 288.0) (total chunks: 368)
[22:58:19] TERRAIN: Creating chunk: (9.0, -6.0) at distance 10.82
[22:58:19] TERRAIN: Chunk (9.0, -6.0): TRIMESH collision created successfully (distance: 10.82, vertices: 8)
[22:58:19] TERRAIN: Chunk created successfully: (9.0, -6.0) at world pos (288.0, 0.0, -192.0) (total chunks: 369)
[22:58:19] TERRAIN: Creating chunk: (9.0, 6.0) at distance 10.82
[22:58:19] TERRAIN: Chunk (9.0, 6.0): TRIMESH collision created successfully (distance: 10.82, vertices: 8)
[22:58:19] TERRAIN: Chunk created successfully: (9.0, 6.0) at world pos (288.0, 0.0, 192.0) (total chunks: 370)
[22:58:19] TERRAIN: Creating chunk: (6.0, 9.0) at distance 10.82
[22:58:19] TERRAIN: Chunk (6.0, 9.0): TRIMESH collision created successfully (distance: 10.82, vertices: 8)
[22:58:19] TERRAIN: Chunk created successfully: (6.0, 9.0) at world pos (192.0, 0.0, 288.0) (total chunks: 371)
[22:58:19] TERRAIN: Creating chunk: (6.0, -9.0) at distance 10.82
[22:58:19] TERRAIN: Chunk (6.0, -9.0): TRIMESH collision created successfully (distance: 10.82, vertices: 8)
[22:58:19] TERRAIN: Chunk created successfully: (6.0, -9.0) at world pos (192.0, 0.0, -288.0) (total chunks: 372)
[22:58:19] TERRAIN: Creating chunk: (-6.0, -9.0) at distance 10.82
[22:58:19] TERRAIN: Chunk (-6.0, -9.0): TRIMESH collision created successfully (distance: 10.82, vertices: 8)
[22:58:19] TERRAIN: Chunk created successfully: (-6.0, -9.0) at world pos (-192.0, 0.0, -288.0) (total chunks: 373)
[22:58:19] TERRAIN: Creating chunk: (11.0, 0.0) at distance 11.00
[22:58:19] TERRAIN: Chunk (11.0, 0.0): TRIMESH collision created successfully (distance: 11.00, vertices: 8)
[22:58:19] TERRAIN: Chunk created successfully: (11.0, 0.0) at world pos (352.0, 0.0, 0.0) (total chunks: 374)
[22:58:19] TERRAIN: Creating chunk: (-11.0, 0.0) at distance 11.00
[22:58:19] TERRAIN: Chunk (-11.0, 0.0): TRIMESH collision created successfully (distance: 11.00, vertices: 8)
[22:58:19] TERRAIN: Chunk created successfully: (-11.0, 0.0) at world pos (-352.0, 0.0, 0.0) (total chunks: 375)
[22:58:19] TERRAIN: Creating chunk: (0.0, 11.0) at distance 11.00
[22:58:19] TERRAIN: Chunk (0.0, 11.0): TRIMESH collision created successfully (distance: 11.00, vertices: 8)
[22:58:19] TERRAIN: Chunk created successfully: (0.0, 11.0) at world pos (0.0, 0.0, 352.0) (total chunks: 376)
[22:58:19] TERRAIN: Creating chunk: (0.0, -11.0) at distance 11.00
[22:58:19] TERRAIN: Chunk (0.0, -11.0): TRIMESH collision created successfully (distance: 11.00, vertices: 8)
[22:58:19] TERRAIN: Chunk created successfully: (0.0, -11.0) at world pos (0.0, 0.0, -352.0) (total chunks: 377)
[22:58:19] TERRAIN: Creating chunk: (1.0, -11.0) at distance 11.05
[22:58:19] TERRAIN: Chunk (1.0, -11.0): TRIMESH collision created successfully (distance: 11.05, vertices: 8)
[22:58:19] TERRAIN: Chunk created successfully: (1.0, -11.0) at world pos (32.0, 0.0, -352.0) (total chunks: 378)
[22:58:19] TERRAIN: Creating chunk: (-1.0, 11.0) at distance 11.05
[22:58:19] TERRAIN: Chunk (-1.0, 11.0): TRIMESH collision created successfully (distance: 11.05, vertices: 8)
[22:58:19] TERRAIN: Chunk created successfully: (-1.0, 11.0) at world pos (-32.0, 0.0, 352.0) (total chunks: 379)
[22:58:19] TERRAIN: Creating chunk: (1.0, 11.0) at distance 11.05
[22:58:19] TERRAIN: Chunk (1.0, 11.0): TRIMESH collision created successfully (distance: 11.05, vertices: 8)
[22:58:19] TERRAIN: Chunk created successfully: (1.0, 11.0) at world pos (32.0, 0.0, 352.0) (total chunks: 380)
[22:58:19] TERRAIN: Creating chunk: (-11.0, -1.0) at distance 11.05
[22:58:19] TERRAIN: Chunk (-11.0, -1.0): TRIMESH collision created successfully (distance: 11.05, vertices: 8)
[22:58:19] TERRAIN: Chunk created successfully: (-11.0, -1.0) at world pos (-352.0, 0.0, -32.0) (total chunks: 381)
[22:58:19] TERRAIN: Creating chunk: (11.0, -1.0) at distance 11.05
[22:58:19] TERRAIN: Chunk (11.0, -1.0): TRIMESH collision created successfully (distance: 11.05, vertices: 8)
[22:58:19] TERRAIN: Chunk created successfully: (11.0, -1.0) at world pos (352.0, 0.0, -32.0) (total chunks: 382)
[22:58:19] TERRAIN: Creating chunk: (-1.0, -11.0) at distance 11.05
[22:58:19] TERRAIN: Chunk (-1.0, -11.0): TRIMESH collision created successfully (distance: 11.05, vertices: 8)
[22:58:19] TERRAIN: Chunk created successfully: (-1.0, -11.0) at world pos (-32.0, 0.0, -352.0) (total chunks: 383)
[22:58:19] TERRAIN: Creating chunk: (-11.0, 1.0) at distance 11.05
[22:58:19] TERRAIN: Chunk (-11.0, 1.0): TRIMESH collision created successfully (distance: 11.05, vertices: 8)
[22:58:19] TERRAIN: Chunk created successfully: (-11.0, 1.0) at world pos (-352.0, 0.0, 32.0) (total chunks: 384)
[22:58:19] TERRAIN: Creating chunk: (11.0, 1.0) at distance 11.05
[22:58:19] TERRAIN: Chunk (11.0, 1.0): TRIMESH collision created successfully (distance: 11.05, vertices: 8)
[22:58:19] TERRAIN: Chunk created successfully: (11.0, 1.0) at world pos (352.0, 0.0, 32.0) (total chunks: 385)
[22:58:19] TERRAIN: Creating chunk: (2.0, -11.0) at distance 11.18
[22:58:19] TERRAIN: Chunk (2.0, -11.0): TRIMESH collision created successfully (distance: 11.18, vertices: 8)
[22:58:19] TERRAIN: Chunk created successfully: (2.0, -11.0) at world pos (64.0, 0.0, -352.0) (total chunks: 386)
[22:58:19] TERRAIN: Creating chunk: (11.0, -2.0) at distance 11.18
[22:58:19] TERRAIN: Chunk (11.0, -2.0): TRIMESH collision created successfully (distance: 11.18, vertices: 8)
[22:58:19] TERRAIN: Chunk created successfully: (11.0, -2.0) at world pos (352.0, 0.0, -64.0) (total chunks: 387)
[22:58:19] TERRAIN: Creating chunk: (10.0, -5.0) at distance 11.18
[22:58:19] TERRAIN: Chunk (10.0, -5.0): TRIMESH collision created successfully (distance: 11.18, vertices: 8)
[22:58:19] TERRAIN: Chunk created successfully: (10.0, -5.0) at world pos (320.0, 0.0, -160.0) (total chunks: 388)
[22:58:19] TERRAIN: Creating chunk: (-5.0, -10.0) at distance 11.18
[22:58:19] TERRAIN: Chunk (-5.0, -10.0): TRIMESH collision created successfully (distance: 11.18, vertices: 8)
[22:58:19] TERRAIN: Chunk created successfully: (-5.0, -10.0) at world pos (-160.0, 0.0, -320.0) (total chunks: 389)
[22:58:19] TERRAIN: Creating chunk: (2.0, 11.0) at distance 11.18
[22:58:19] TERRAIN: Chunk (2.0, 11.0): TRIMESH collision created successfully (distance: 11.18, vertices: 8)
[22:58:19] TERRAIN: Chunk created successfully: (2.0, 11.0) at world pos (64.0, 0.0, 352.0) (total chunks: 390)
[22:58:19] TERRAIN: Creating chunk: (5.0, 10.0) at distance 11.18
[22:58:19] TERRAIN: Chunk (5.0, 10.0): TRIMESH collision created successfully (distance: 11.18, vertices: 8)
[22:58:19] TERRAIN: Chunk created successfully: (5.0, 10.0) at world pos (160.0, 0.0, 320.0) (total chunks: 391)
[22:58:19] TERRAIN: Creating chunk: (-5.0, 10.0) at distance 11.18
[22:58:19] TERRAIN: Chunk (-5.0, 10.0): TRIMESH collision created successfully (distance: 11.18, vertices: 8)
[22:58:19] TERRAIN: Chunk created successfully: (-5.0, 10.0) at world pos (-160.0, 0.0, 320.0) (total chunks: 392)
[22:58:19] TERRAIN: Creating chunk: (5.0, -10.0) at distance 11.18
[22:58:19] TERRAIN: Chunk (5.0, -10.0): TRIMESH collision created successfully (distance: 11.18, vertices: 8)
[22:58:19] TERRAIN: Chunk created successfully: (5.0, -10.0) at world pos (160.0, 0.0, -320.0) (total chunks: 393)
[22:58:19] TERRAIN: Creating chunk: (11.0, 2.0) at distance 11.18
[22:58:19] TERRAIN: Chunk (11.0, 2.0): TRIMESH collision created successfully (distance: 11.18, vertices: 8)
[22:58:19] TERRAIN: Chunk created successfully: (11.0, 2.0) at world pos (352.0, 0.0, 64.0) (total chunks: 394)
[22:58:19] TERRAIN: Creating chunk: (-10.0, 5.0) at distance 11.18
[22:58:19] TERRAIN: Chunk (-10.0, 5.0): TRIMESH collision created successfully (distance: 11.18, vertices: 8)
[22:58:19] TERRAIN: Chunk created successfully: (-10.0, 5.0) at world pos (-320.0, 0.0, 160.0) (total chunks: 395)
[22:58:19] TERRAIN: Creating chunk: (-11.0, -2.0) at distance 11.18
[22:58:19] TERRAIN: Chunk (-11.0, -2.0): TRIMESH collision created successfully (distance: 11.18, vertices: 8)
[22:58:19] TERRAIN: Chunk created successfully: (-11.0, -2.0) at world pos (-352.0, 0.0, -64.0) (total chunks: 396)
[22:58:19] TERRAIN: Creating chunk: (-11.0, 2.0) at distance 11.18
[22:58:19] TERRAIN: Chunk (-11.0, 2.0): TRIMESH collision created successfully (distance: 11.18, vertices: 8)
[22:58:19] TERRAIN: Chunk created successfully: (-11.0, 2.0) at world pos (-352.0, 0.0, 64.0) (total chunks: 397)
[22:58:19] TERRAIN: Creating chunk: (-2.0, 11.0) at distance 11.18
[22:58:19] TERRAIN: Chunk (-2.0, 11.0): TRIMESH collision created successfully (distance: 11.18, vertices: 8)
[22:58:19] TERRAIN: Chunk created successfully: (-2.0, 11.0) at world pos (-64.0, 0.0, 352.0) (total chunks: 398)
[22:58:19] TERRAIN: Creating chunk: (-10.0, -5.0) at distance 11.18
[22:58:19] TERRAIN: Chunk (-10.0, -5.0): TRIMESH collision created successfully (distance: 11.18, vertices: 8)
[22:58:19] TERRAIN: Chunk created successfully: (-10.0, -5.0) at world pos (-320.0, 0.0, -160.0) (total chunks: 399)
[22:58:19] TERRAIN: Creating chunk: (10.0, 5.0) at distance 11.18
[22:58:19] TERRAIN: Chunk (10.0, 5.0): TRIMESH collision created successfully (distance: 11.18, vertices: 8)
[22:58:19] TERRAIN: Chunk created successfully: (10.0, 5.0) at world pos (320.0, 0.0, 160.0) (total chunks: 400)
[22:58:19] TERRAIN: Creating chunk: (-2.0, -11.0) at distance 11.18
[22:58:19] TERRAIN: Chunk (-2.0, -11.0): TRIMESH collision created successfully (distance: 11.18, vertices: 8)
[22:58:19] TERRAIN: Chunk created successfully: (-2.0, -11.0) at world pos (-64.0, 0.0, -352.0) (total chunks: 401)
[22:58:19] TERRAIN: Creating chunk: (8.0, -8.0) at distance 11.31
[22:58:19] TERRAIN: Chunk (8.0, -8.0): TRIMESH collision created successfully (distance: 11.31, vertices: 8)
[22:58:19] TERRAIN: Chunk created successfully: (8.0, -8.0) at world pos (256.0, 0.0, -256.0) (total chunks: 402)
[22:58:19] TERRAIN: Creating chunk: (8.0, 8.0) at distance 11.31
[22:58:19] TERRAIN: Chunk (8.0, 8.0): TRIMESH collision created successfully (distance: 11.31, vertices: 8)
[22:58:19] TERRAIN: Chunk created successfully: (8.0, 8.0) at world pos (256.0, 0.0, 256.0) (total chunks: 403)
[22:58:19] TERRAIN: Creating chunk: (-8.0, 8.0) at distance 11.31
[22:58:19] TERRAIN: Chunk (-8.0, 8.0): TRIMESH collision created successfully (distance: 11.31, vertices: 8)
[22:58:19] TERRAIN: Chunk created successfully: (-8.0, 8.0) at world pos (-256.0, 0.0, 256.0) (total chunks: 404)
[22:58:19] TERRAIN: Creating chunk: (-8.0, -8.0) at distance 11.31
[22:58:19] TERRAIN: Chunk (-8.0, -8.0): TRIMESH collision created successfully (distance: 11.31, vertices: 8)
[22:58:19] TERRAIN: Chunk created successfully: (-8.0, -8.0) at world pos (-256.0, 0.0, -256.0) (total chunks: 405)
[22:58:19] TERRAIN: Creating chunk: (7.0, -9.0) at distance 11.40
[22:58:19] TERRAIN: Chunk (7.0, -9.0): TRIMESH collision created successfully (distance: 11.40, vertices: 8)
[22:58:19] TERRAIN: Chunk created successfully: (7.0, -9.0) at world pos (224.0, 0.0, -288.0) (total chunks: 406)
[22:58:19] TERRAIN: Creating chunk: (-7.0, 9.0) at distance 11.40
[22:58:19] TERRAIN: Chunk (-7.0, 9.0): TRIMESH collision created successfully (distance: 11.40, vertices: 8)
[22:58:19] TERRAIN: Chunk created successfully: (-7.0, 9.0) at world pos (-224.0, 0.0, 288.0) (total chunks: 407)
[22:58:19] TERRAIN: Creating chunk: (9.0, -7.0) at distance 11.40
[22:58:19] TERRAIN: Chunk (9.0, -7.0): TRIMESH collision created successfully (distance: 11.40, vertices: 8)
[22:58:19] TERRAIN: Chunk created successfully: (9.0, -7.0) at world pos (288.0, 0.0, -224.0) (total chunks: 408)
[22:58:19] TERRAIN: Creating chunk: (-7.0, -9.0) at distance 11.40
[22:58:19] TERRAIN: Chunk (-7.0, -9.0): TRIMESH collision created successfully (distance: 11.40, vertices: 8)
[22:58:19] TERRAIN: Chunk created successfully: (-7.0, -9.0) at world pos (-224.0, 0.0, -288.0) (total chunks: 409)
[22:58:19] TERRAIN: Creating chunk: (3.0, 11.0) at distance 11.40
[22:58:19] TERRAIN: Chunk (3.0, 11.0): TRIMESH collision created successfully (distance: 11.40, vertices: 8)
[22:58:19] TERRAIN: Chunk created successfully: (3.0, 11.0) at world pos (96.0, 0.0, 352.0) (total chunks: 410)
[22:58:19] TERRAIN: Creating chunk: (9.0, 7.0) at distance 11.40
[22:58:19] TERRAIN: Chunk (9.0, 7.0): TRIMESH collision created successfully (distance: 11.40, vertices: 8)
[22:58:19] TERRAIN: Chunk created successfully: (9.0, 7.0) at world pos (288.0, 0.0, 224.0) (total chunks: 411)
[22:58:19] TERRAIN: Creating chunk: (11.0, 3.0) at distance 11.40
[22:58:19] TERRAIN: Chunk (11.0, 3.0): TRIMESH collision created successfully (distance: 11.40, vertices: 8)
[22:58:19] TERRAIN: Chunk created successfully: (11.0, 3.0) at world pos (352.0, 0.0, 96.0) (total chunks: 412)
[22:58:19] TERRAIN: Creating chunk: (3.0, -11.0) at distance 11.40
[22:58:19] TERRAIN: Chunk (3.0, -11.0): TRIMESH collision created successfully (distance: 11.40, vertices: 8)
[22:58:19] TERRAIN: Chunk created successfully: (3.0, -11.0) at world pos (96.0, 0.0, -352.0) (total chunks: 413)
[22:58:19] TERRAIN: Creating chunk: (-3.0, 11.0) at distance 11.40
[22:58:19] TERRAIN: Chunk (-3.0, 11.0): TRIMESH collision created successfully (distance: 11.40, vertices: 8)
[22:58:19] TERRAIN: Chunk created successfully: (-3.0, 11.0) at world pos (-96.0, 0.0, 352.0) (total chunks: 414)
[22:58:19] TERRAIN: Creating chunk: (-9.0, 7.0) at distance 11.40
[22:58:19] TERRAIN: Chunk (-9.0, 7.0): TRIMESH collision created successfully (distance: 11.40, vertices: 8)
[22:58:19] TERRAIN: Chunk created successfully: (-9.0, 7.0) at world pos (-288.0, 0.0, 224.0) (total chunks: 415)
[22:58:19] TERRAIN: Creating chunk: (-11.0, -3.0) at distance 11.40
[22:58:19] TERRAIN: Chunk (-11.0, -3.0): TRIMESH collision created successfully (distance: 11.40, vertices: 8)
[22:58:19] TERRAIN: Chunk created successfully: (-11.0, -3.0) at world pos (-352.0, 0.0, -96.0) (total chunks: 416)
[22:58:19] TERRAIN: Creating chunk: (-11.0, 3.0) at distance 11.40
[22:58:19] TERRAIN: Chunk (-11.0, 3.0): TRIMESH collision created successfully (distance: 11.40, vertices: 8)
[22:58:19] TERRAIN: Chunk created successfully: (-11.0, 3.0) at world pos (-352.0, 0.0, 96.0) (total chunks: 417)
[22:58:19] TERRAIN: Creating chunk: (11.0, -3.0) at distance 11.40
[22:58:19] TERRAIN: Chunk (11.0, -3.0): TRIMESH collision created successfully (distance: 11.40, vertices: 8)
[22:58:19] TERRAIN: Chunk created successfully: (11.0, -3.0) at world pos (352.0, 0.0, -96.0) (total chunks: 418)
[22:58:19] TERRAIN: Creating chunk: (-9.0, -7.0) at distance 11.40
[22:58:19] TERRAIN: Chunk (-9.0, -7.0): TRIMESH collision created successfully (distance: 11.40, vertices: 8)
[22:58:19] TERRAIN: Chunk created successfully: (-9.0, -7.0) at world pos (-288.0, 0.0, -224.0) (total chunks: 419)
[22:58:19] TERRAIN: Creating chunk: (7.0, 9.0) at distance 11.40
[22:58:19] TERRAIN: Chunk (7.0, 9.0): TRIMESH collision created successfully (distance: 11.40, vertices: 8)
[22:58:19] TERRAIN: Chunk created successfully: (7.0, 9.0) at world pos (224.0, 0.0, 288.0) (total chunks: 420)
[22:58:19] TERRAIN: Creating chunk: (-3.0, -11.0) at distance 11.40
[22:58:19] TERRAIN: Chunk (-3.0, -11.0): TRIMESH collision created successfully (distance: 11.40, vertices: 8)
[22:58:19] TERRAIN: Chunk created successfully: (-3.0, -11.0) at world pos (-96.0, 0.0, -352.0) (total chunks: 421)
[22:58:19] TERRAIN: Creating chunk: (6.0, -10.0) at distance 11.66
[22:58:19] TERRAIN: Chunk (6.0, -10.0): TRIMESH collision created successfully (distance: 11.66, vertices: 8)
[22:58:19] TERRAIN: Chunk created successfully: (6.0, -10.0) at world pos (192.0, 0.0, -320.0) (total chunks: 422)
[22:58:19] TERRAIN: Creating chunk: (-6.0, -10.0) at distance 11.66
[22:58:19] TERRAIN: Chunk (-6.0, -10.0): TRIMESH collision created successfully (distance: 11.66, vertices: 8)
[22:58:19] TERRAIN: Chunk created successfully: (-6.0, -10.0) at world pos (-192.0, 0.0, -320.0) (total chunks: 423)
[22:58:19] TERRAIN: Creating chunk: (-10.0, -6.0) at distance 11.66
[22:58:19] TERRAIN: Chunk (-10.0, -6.0): TRIMESH collision created successfully (distance: 11.66, vertices: 8)
[22:58:19] TERRAIN: Chunk created successfully: (-10.0, -6.0) at world pos (-320.0, 0.0, -192.0) (total chunks: 424)
[22:58:19] TERRAIN: Creating chunk: (-10.0, 6.0) at distance 11.66
[22:58:19] TERRAIN: Chunk (-10.0, 6.0): TRIMESH collision created successfully (distance: 11.66, vertices: 8)
[22:58:19] TERRAIN: Chunk created successfully: (-10.0, 6.0) at world pos (-320.0, 0.0, 192.0) (total chunks: 425)
[22:58:19] TERRAIN: Creating chunk: (6.0, 10.0) at distance 11.66
[22:58:19] TERRAIN: Chunk (6.0, 10.0): TRIMESH collision created successfully (distance: 11.66, vertices: 8)
[22:58:19] TERRAIN: Chunk created successfully: (6.0, 10.0) at world pos (192.0, 0.0, 320.0) (total chunks: 426)
[22:58:19] TERRAIN: Creating chunk: (-6.0, 10.0) at distance 11.66
[22:58:19] TERRAIN: Chunk (-6.0, 10.0): TRIMESH collision created successfully (distance: 11.66, vertices: 8)
[22:58:19] TERRAIN: Chunk created successfully: (-6.0, 10.0) at world pos (-192.0, 0.0, 320.0) (total chunks: 427)
[22:58:19] TERRAIN: Creating chunk: (10.0, 6.0) at distance 11.66
[22:58:19] TERRAIN: Chunk (10.0, 6.0): TRIMESH collision created successfully (distance: 11.66, vertices: 8)
[22:58:19] TERRAIN: Chunk created successfully: (10.0, 6.0) at world pos (320.0, 0.0, 192.0) (total chunks: 428)
[22:58:19] TERRAIN: Creating chunk: (10.0, -6.0) at distance 11.66
[22:58:19] TERRAIN: Chunk (10.0, -6.0): TRIMESH collision created successfully (distance: 11.66, vertices: 8)
[22:58:19] TERRAIN: Chunk created successfully: (10.0, -6.0) at world pos (320.0, 0.0, -192.0) (total chunks: 429)
[22:58:19] TERRAIN: Creating chunk: (11.0, 4.0) at distance 11.70
[22:58:19] TERRAIN: Chunk (11.0, 4.0): TRIMESH collision created successfully (distance: 11.70, vertices: 8)
[22:58:19] TERRAIN: Chunk created successfully: (11.0, 4.0) at world pos (352.0, 0.0, 128.0) (total chunks: 430)
[22:58:19] TERRAIN: Creating chunk: (11.0, -4.0) at distance 11.70
[22:58:19] TERRAIN: Chunk (11.0, -4.0): TRIMESH collision created successfully (distance: 11.70, vertices: 8)
[22:58:19] TERRAIN: Chunk created successfully: (11.0, -4.0) at world pos (352.0, 0.0, -128.0) (total chunks: 431)
[22:58:19] TERRAIN: Creating chunk: (-4.0, -11.0) at distance 11.70
[22:58:19] TERRAIN: Chunk (-4.0, -11.0): TRIMESH collision created successfully (distance: 11.70, vertices: 8)
[22:58:19] TERRAIN: Chunk created successfully: (-4.0, -11.0) at world pos (-128.0, 0.0, -352.0) (total chunks: 432)
[22:58:19] TERRAIN: Creating chunk: (4.0, -11.0) at distance 11.70
[22:58:19] TERRAIN: Chunk (4.0, -11.0): TRIMESH collision created successfully (distance: 11.70, vertices: 8)
[22:58:19] TERRAIN: Chunk created successfully: (4.0, -11.0) at world pos (128.0, 0.0, -352.0) (total chunks: 433)
[22:58:19] TERRAIN: Creating chunk: (-4.0, 11.0) at distance 11.70
[22:58:19] TERRAIN: Chunk (-4.0, 11.0): TRIMESH collision created successfully (distance: 11.70, vertices: 8)
[22:58:19] TERRAIN: Chunk created successfully: (-4.0, 11.0) at world pos (-128.0, 0.0, 352.0) (total chunks: 434)
[22:58:19] TERRAIN: Creating chunk: (4.0, 11.0) at distance 11.70
[22:58:19] TERRAIN: Chunk (4.0, 11.0): TRIMESH collision created successfully (distance: 11.70, vertices: 8)
[22:58:19] TERRAIN: Chunk created successfully: (4.0, 11.0) at world pos (128.0, 0.0, 352.0) (total chunks: 435)
[22:58:19] TERRAIN: Creating chunk: (-11.0, 4.0) at distance 11.70
[22:58:19] TERRAIN: Chunk (-11.0, 4.0): TRIMESH collision created successfully (distance: 11.70, vertices: 8)
[22:58:19] TERRAIN: Chunk created successfully: (-11.0, 4.0) at world pos (-352.0, 0.0, 128.0) (total chunks: 436)
[22:58:19] PLAYER: Pos: (0.0, 0.00036, 0.0) | Chunk: (0.0, 0.0) | TerrainHeight: 0.00 | HeightDiff: 0.00 | OnFloor: true
[22:58:19] TERRAIN: Creating chunk: (-11.0, -4.0) at distance 11.70
[22:58:19] TERRAIN: Chunk (-11.0, -4.0): TRIMESH collision created successfully (distance: 11.70, vertices: 8)
[22:58:19] TERRAIN: Chunk created successfully: (-11.0, -4.0) at world pos (-352.0, 0.0, -128.0) (total chunks: 437)
[22:58:19] TERRAIN: Creating chunk: (12.0, 0.0) at distance 12.00
[22:58:19] TERRAIN: Chunk (12.0, 0.0): TRIMESH collision created successfully (distance: 12.00, vertices: 8)
[22:58:19] TERRAIN: Chunk created successfully: (12.0, 0.0) at world pos (384.0, 0.0, 0.0) (total chunks: 438)
[22:58:19] TERRAIN: Creating chunk: (0.0, -12.0) at distance 12.00
[22:58:19] TERRAIN: Chunk (0.0, -12.0): TRIMESH collision created successfully (distance: 12.00, vertices: 8)
[22:58:19] TERRAIN: Chunk created successfully: (0.0, -12.0) at world pos (0.0, 0.0, -384.0) (total chunks: 439)
[22:58:19] TERRAIN: Creating chunk: (-12.0, 0.0) at distance 12.00
[22:58:19] TERRAIN: Chunk (-12.0, 0.0): TRIMESH collision created successfully (distance: 12.00, vertices: 8)
[22:58:19] TERRAIN: Chunk created successfully: (-12.0, 0.0) at world pos (-384.0, 0.0, 0.0) (total chunks: 440)
[22:58:19] TERRAIN: Creating chunk: (0.0, 12.0) at distance 12.00
[22:58:19] TERRAIN: Chunk (0.0, 12.0): TRIMESH collision created successfully (distance: 12.00, vertices: 8)
[22:58:19] TERRAIN: Chunk created successfully: (0.0, 12.0) at world pos (0.0, 0.0, 384.0) (total chunks: 441)
[22:58:19] TERRAIN: Creating chunk: (8.0, -9.0) at distance 12.04
[22:58:19] TERRAIN: Chunk (8.0, -9.0): TRIMESH collision created successfully (distance: 12.04, vertices: 8)
[22:58:19] TERRAIN: Chunk created successfully: (8.0, -9.0) at world pos (256.0, 0.0, -288.0) (total chunks: 442)
[22:58:19] TERRAIN: Creating chunk: (8.0, 9.0) at distance 12.04
[22:58:19] TERRAIN: Chunk (8.0, 9.0): TRIMESH collision created successfully (distance: 12.04, vertices: 8)
[22:58:19] TERRAIN: Chunk created successfully: (8.0, 9.0) at world pos (256.0, 0.0, 288.0) (total chunks: 443)
[22:58:19] TERRAIN: Creating chunk: (-8.0, 9.0) at distance 12.04
[22:58:19] TERRAIN: Chunk (-8.0, 9.0): TRIMESH collision created successfully (distance: 12.04, vertices: 8)
[22:58:19] TERRAIN: Chunk created successfully: (-8.0, 9.0) at world pos (-256.0, 0.0, 288.0) (total chunks: 444)
[22:58:19] TERRAIN: Creating chunk: (9.0, -8.0) at distance 12.04
[22:58:19] TERRAIN: Chunk (9.0, -8.0): TRIMESH collision created successfully (distance: 12.04, vertices: 8)
[22:58:19] TERRAIN: Chunk created successfully: (9.0, -8.0) at world pos (288.0, 0.0, -256.0) (total chunks: 445)
[22:58:19] TERRAIN: Creating chunk: (12.0, 1.0) at distance 12.04
[22:58:19] TERRAIN: Chunk (12.0, 1.0): TRIMESH collision created successfully (distance: 12.04, vertices: 8)
[22:58:19] TERRAIN: Chunk created successfully: (12.0, 1.0) at world pos (384.0, 0.0, 32.0) (total chunks: 446)
[22:58:19] TERRAIN: Creating chunk: (-1.0, 12.0) at distance 12.04
[22:58:19] TERRAIN: Chunk (-1.0, 12.0): TRIMESH collision created successfully (distance: 12.04, vertices: 8)
[22:58:19] TERRAIN: Chunk created successfully: (-1.0, 12.0) at world pos (-32.0, 0.0, 384.0) (total chunks: 447)
[22:58:19] TERRAIN: Creating chunk: (1.0, 12.0) at distance 12.04
[22:58:19] TERRAIN: Chunk (1.0, 12.0): TRIMESH collision created successfully (distance: 12.04, vertices: 8)
[22:58:19] TERRAIN: Chunk created successfully: (1.0, 12.0) at world pos (32.0, 0.0, 384.0) (total chunks: 448)
[22:58:19] TERRAIN: Creating chunk: (-9.0, 8.0) at distance 12.04
[22:58:19] TERRAIN: Chunk (-9.0, 8.0): TRIMESH collision created successfully (distance: 12.04, vertices: 8)
[22:58:19] TERRAIN: Chunk created successfully: (-9.0, 8.0) at world pos (-288.0, 0.0, 256.0) (total chunks: 449)
[22:58:19] TERRAIN: Creating chunk: (1.0, -12.0) at distance 12.04
[22:58:19] TERRAIN: Chunk (1.0, -12.0): TRIMESH collision created successfully (distance: 12.04, vertices: 8)
[22:58:19] TERRAIN: Chunk created successfully: (1.0, -12.0) at world pos (32.0, 0.0, -384.0) (total chunks: 450)
[22:58:19] TERRAIN: Creating chunk: (-8.0, -9.0) at distance 12.04
[22:58:19] TERRAIN: Chunk (-8.0, -9.0): TRIMESH collision created successfully (distance: 12.04, vertices: 8)
[22:58:19] TERRAIN: Chunk created successfully: (-8.0, -9.0) at world pos (-256.0, 0.0, -288.0) (total chunks: 451)
[22:58:19] TERRAIN: Creating chunk: (12.0, -1.0) at distance 12.04
[22:58:19] TERRAIN: Chunk (12.0, -1.0): TRIMESH collision created successfully (distance: 12.04, vertices: 8)
[22:58:19] TERRAIN: Chunk created successfully: (12.0, -1.0) at world pos (384.0, 0.0, -32.0) (total chunks: 452)
[22:58:19] TERRAIN: Creating chunk: (-12.0, 1.0) at distance 12.04
[22:58:19] TERRAIN: Chunk (-12.0, 1.0): TRIMESH collision created successfully (distance: 12.04, vertices: 8)
[22:58:19] TERRAIN: Chunk created successfully: (-12.0, 1.0) at world pos (-384.0, 0.0, 32.0) (total chunks: 453)
[22:58:19] TERRAIN: Creating chunk: (-9.0, -8.0) at distance 12.04
[22:58:19] TERRAIN: Chunk (-9.0, -8.0): TRIMESH collision created successfully (distance: 12.04, vertices: 8)
[22:58:19] TERRAIN: Chunk created successfully: (-9.0, -8.0) at world pos (-288.0, 0.0, -256.0) (total chunks: 454)
[22:58:19] TERRAIN: Creating chunk: (-12.0, -1.0) at distance 12.04
[22:58:19] TERRAIN: Chunk (-12.0, -1.0): TRIMESH collision created successfully (distance: 12.04, vertices: 8)
[22:58:19] TERRAIN: Chunk created successfully: (-12.0, -1.0) at world pos (-384.0, 0.0, -32.0) (total chunks: 455)
[22:58:19] TERRAIN: Creating chunk: (9.0, 8.0) at distance 12.04
[22:58:19] TERRAIN: Chunk (9.0, 8.0): TRIMESH collision created successfully (distance: 12.04, vertices: 8)
[22:58:19] TERRAIN: Chunk created successfully: (9.0, 8.0) at world pos (288.0, 0.0, 256.0) (total chunks: 456)
[22:58:19] TERRAIN: Creating chunk: (-1.0, -12.0) at distance 12.04
[22:58:19] TERRAIN: Chunk (-1.0, -12.0): TRIMESH collision created successfully (distance: 12.04, vertices: 8)
[22:58:19] TERRAIN: Chunk created successfully: (-1.0, -12.0) at world pos (-32.0, 0.0, -384.0) (total chunks: 457)
[22:58:19] TERRAIN: Creating chunk: (5.0, -11.0) at distance 12.08
[22:58:19] TERRAIN: Chunk (5.0, -11.0): TRIMESH collision created successfully (distance: 12.08, vertices: 8)
[22:58:19] TERRAIN: Chunk created successfully: (5.0, -11.0) at world pos (160.0, 0.0, -352.0) (total chunks: 458)
[22:58:19] TERRAIN: Creating chunk: (-5.0, -11.0) at distance 12.08
[22:58:19] TERRAIN: Chunk (-5.0, -11.0): TRIMESH collision created successfully (distance: 12.08, vertices: 8)
[22:58:19] TERRAIN: Chunk created successfully: (-5.0, -11.0) at world pos (-160.0, 0.0, -352.0) (total chunks: 459)
[22:58:19] TERRAIN: Creating chunk: (-5.0, 11.0) at distance 12.08
[22:58:19] TERRAIN: Chunk (-5.0, 11.0): TRIMESH collision created successfully (distance: 12.08, vertices: 8)
[22:58:19] TERRAIN: Chunk created successfully: (-5.0, 11.0) at world pos (-160.0, 0.0, 352.0) (total chunks: 460)
[22:58:19] TERRAIN: Creating chunk: (11.0, -5.0) at distance 12.08
[22:58:19] TERRAIN: Chunk (11.0, -5.0): TRIMESH collision created successfully (distance: 12.08, vertices: 8)
[22:58:19] TERRAIN: Chunk created successfully: (11.0, -5.0) at world pos (352.0, 0.0, -160.0) (total chunks: 461)
[22:58:19] TERRAIN: Creating chunk: (11.0, 5.0) at distance 12.08
[22:58:19] TERRAIN: Chunk (11.0, 5.0): TRIMESH collision created successfully (distance: 12.08, vertices: 8)
[22:58:19] TERRAIN: Chunk created successfully: (11.0, 5.0) at world pos (352.0, 0.0, 160.0) (total chunks: 462)
[22:58:19] TERRAIN: Creating chunk: (5.0, 11.0) at distance 12.08
[22:58:19] TERRAIN: Chunk (5.0, 11.0): TRIMESH collision created successfully (distance: 12.08, vertices: 8)
[22:58:19] TERRAIN: Chunk created successfully: (5.0, 11.0) at world pos (160.0, 0.0, 352.0) (total chunks: 463)
[22:58:19] TERRAIN: Creating chunk: (-11.0, -5.0) at distance 12.08
[22:58:19] TERRAIN: Chunk (-11.0, -5.0): TRIMESH collision created successfully (distance: 12.08, vertices: 8)
[22:58:19] TERRAIN: Chunk created successfully: (-11.0, -5.0) at world pos (-352.0, 0.0, -160.0) (total chunks: 464)
[22:58:19] TERRAIN: Creating chunk: (-11.0, 5.0) at distance 12.08
[22:58:19] TERRAIN: Chunk (-11.0, 5.0): TRIMESH collision created successfully (distance: 12.08, vertices: 8)
[22:58:19] TERRAIN: Chunk created successfully: (-11.0, 5.0) at world pos (-352.0, 0.0, 160.0) (total chunks: 465)
[22:58:19] TERRAIN: Creating chunk: (12.0, 2.0) at distance 12.17
[22:58:19] TERRAIN: Chunk (12.0, 2.0): TRIMESH collision created successfully (distance: 12.17, vertices: 8)
[22:58:19] TERRAIN: Chunk created successfully: (12.0, 2.0) at world pos (384.0, 0.0, 64.0) (total chunks: 466)
[22:58:19] TERRAIN: Creating chunk: (2.0, 12.0) at distance 12.17
[22:58:19] TERRAIN: Chunk (2.0, 12.0): TRIMESH collision created successfully (distance: 12.17, vertices: 8)
[22:58:19] TERRAIN: Chunk created successfully: (2.0, 12.0) at world pos (64.0, 0.0, 384.0) (total chunks: 467)
[22:58:19] TERRAIN: Creating chunk: (-2.0, 12.0) at distance 12.17
[22:58:19] TERRAIN: Chunk (-2.0, 12.0): TRIMESH collision created successfully (distance: 12.17, vertices: 8)
[22:58:19] TERRAIN: Chunk created successfully: (-2.0, 12.0) at world pos (-64.0, 0.0, 384.0) (total chunks: 468)
[22:58:19] TERRAIN: Creating chunk: (-12.0, 2.0) at distance 12.17
[22:58:19] TERRAIN: Chunk (-12.0, 2.0): TRIMESH collision created successfully (distance: 12.17, vertices: 8)
[22:58:19] TERRAIN: Chunk created successfully: (-12.0, 2.0) at world pos (-384.0, 0.0, 64.0) (total chunks: 469)
[22:58:19] TERRAIN: Creating chunk: (-12.0, -2.0) at distance 12.17
[22:58:19] TERRAIN: Chunk (-12.0, -2.0): TRIMESH collision created successfully (distance: 12.17, vertices: 8)
[22:58:19] TERRAIN: Chunk created successfully: (-12.0, -2.0) at world pos (-384.0, 0.0, -64.0) (total chunks: 470)
[22:58:19] TERRAIN: Creating chunk: (12.0, -2.0) at distance 12.17
[22:58:19] TERRAIN: Chunk (12.0, -2.0): TRIMESH collision created successfully (distance: 12.17, vertices: 8)
[22:58:19] TERRAIN: Chunk created successfully: (12.0, -2.0) at world pos (384.0, 0.0, -64.0) (total chunks: 471)
[22:58:19] TERRAIN: Creating chunk: (2.0, -12.0) at distance 12.17
[22:58:19] TERRAIN: Chunk (2.0, -12.0): TRIMESH collision created successfully (distance: 12.17, vertices: 8)
[22:58:19] TERRAIN: Chunk created successfully: (2.0, -12.0) at world pos (64.0, 0.0, -384.0) (total chunks: 472)
[22:58:19] TERRAIN: Creating chunk: (-2.0, -12.0) at distance 12.17
[22:58:19] TERRAIN: Chunk (-2.0, -12.0): TRIMESH collision created successfully (distance: 12.17, vertices: 8)
[22:58:19] TERRAIN: Chunk created successfully: (-2.0, -12.0) at world pos (-64.0, 0.0, -384.0) (total chunks: 473)
[22:58:19] TERRAIN: Creating chunk: (10.0, -7.0) at distance 12.21
[22:58:19] TERRAIN: Chunk (10.0, -7.0): TRIMESH collision created successfully (distance: 12.21, vertices: 8)
[22:58:19] TERRAIN: Chunk created successfully: (10.0, -7.0) at world pos (320.0, 0.0, -224.0) (total chunks: 474)
[22:58:19] TERRAIN: Creating chunk: (7.0, 10.0) at distance 12.21
[22:58:19] TERRAIN: Chunk (7.0, 10.0): TRIMESH collision created successfully (distance: 12.21, vertices: 8)
[22:58:19] TERRAIN: Chunk created successfully: (7.0, 10.0) at world pos (224.0, 0.0, 320.0) (total chunks: 475)
[22:58:19] TERRAIN: Creating chunk: (10.0, 7.0) at distance 12.21
[22:58:19] TERRAIN: Chunk (10.0, 7.0): TRIMESH collision created successfully (distance: 12.21, vertices: 8)
[22:58:19] TERRAIN: Chunk created successfully: (10.0, 7.0) at world pos (320.0, 0.0, 224.0) (total chunks: 476)
[22:58:19] TERRAIN: Creating chunk: (7.0, -10.0) at distance 12.21
[22:58:19] TERRAIN: Chunk (7.0, -10.0): TRIMESH collision created successfully (distance: 12.21, vertices: 8)
[22:58:19] TERRAIN: Chunk created successfully: (7.0, -10.0) at world pos (224.0, 0.0, -320.0) (total chunks: 477)
[22:58:19] TERRAIN: Creating chunk: (-7.0, -10.0) at distance 12.21
[22:58:19] TERRAIN: Chunk (-7.0, -10.0): TRIMESH collision created successfully (distance: 12.21, vertices: 8)
[22:58:19] TERRAIN: Chunk created successfully: (-7.0, -10.0) at world pos (-224.0, 0.0, -320.0) (total chunks: 478)
[22:58:19] TERRAIN: Creating chunk: (-7.0, 10.0) at distance 12.21
[22:58:19] TERRAIN: Chunk (-7.0, 10.0): TRIMESH collision created successfully (distance: 12.21, vertices: 8)
[22:58:19] TERRAIN: Chunk created successfully: (-7.0, 10.0) at world pos (-224.0, 0.0, 320.0) (total chunks: 479)
[22:58:19] TERRAIN: Creating chunk: (-10.0, 7.0) at distance 12.21
[22:58:19] TERRAIN: Chunk (-10.0, 7.0): TRIMESH collision created successfully (distance: 12.21, vertices: 8)
[22:58:19] TERRAIN: Chunk created successfully: (-10.0, 7.0) at world pos (-320.0, 0.0, 224.0) (total chunks: 480)
[22:58:19] TERRAIN: Creating chunk: (-10.0, -7.0) at distance 12.21
[22:58:19] TERRAIN: Chunk (-10.0, -7.0): TRIMESH collision created successfully (distance: 12.21, vertices: 8)
[22:58:19] TERRAIN: Chunk created successfully: (-10.0, -7.0) at world pos (-320.0, 0.0, -224.0) (total chunks: 481)
[22:58:19] TERRAIN: Creating chunk: (12.0, -3.0) at distance 12.37
[22:58:19] TERRAIN: Chunk (12.0, -3.0): TRIMESH collision created successfully (distance: 12.37, vertices: 8)
[22:58:19] TERRAIN: Chunk created successfully: (12.0, -3.0) at world pos (384.0, 0.0, -96.0) (total chunks: 482)
[22:58:19] TERRAIN: Creating chunk: (-3.0, 12.0) at distance 12.37
[22:58:19] TERRAIN: Chunk (-3.0, 12.0): TRIMESH collision created successfully (distance: 12.37, vertices: 8)
[22:58:19] TERRAIN: Chunk created successfully: (-3.0, 12.0) at world pos (-96.0, 0.0, 384.0) (total chunks: 483)
[22:58:19] TERRAIN: Creating chunk: (12.0, 3.0) at distance 12.37
[22:58:19] TERRAIN: Chunk (12.0, 3.0): TRIMESH collision created successfully (distance: 12.37, vertices: 8)
[22:58:19] TERRAIN: Chunk created successfully: (12.0, 3.0) at world pos (384.0, 0.0, 96.0) (total chunks: 484)
[22:58:19] TERRAIN: Creating chunk: (-3.0, -12.0) at distance 12.37
[22:58:19] TERRAIN: Chunk (-3.0, -12.0): TRIMESH collision created successfully (distance: 12.37, vertices: 8)
[22:58:19] TERRAIN: Chunk created successfully: (-3.0, -12.0) at world pos (-96.0, 0.0, -384.0) (total chunks: 485)
[22:58:19] TERRAIN: Creating chunk: (-12.0, 3.0) at distance 12.37
[22:58:19] TERRAIN: Chunk (-12.0, 3.0): TRIMESH collision created successfully (distance: 12.37, vertices: 8)
[22:58:19] TERRAIN: Chunk created successfully: (-12.0, 3.0) at world pos (-384.0, 0.0, 96.0) (total chunks: 486)
[22:58:19] TERRAIN: Creating chunk: (3.0, -12.0) at distance 12.37
[22:58:19] TERRAIN: Chunk (3.0, -12.0): TRIMESH collision created successfully (distance: 12.37, vertices: 8)
[22:58:19] TERRAIN: Chunk created successfully: (3.0, -12.0) at world pos (96.0, 0.0, -384.0) (total chunks: 487)
[22:58:19] TERRAIN: Creating chunk: (3.0, 12.0) at distance 12.37
[22:58:19] TERRAIN: Chunk (3.0, 12.0): TRIMESH collision created successfully (distance: 12.37, vertices: 8)
[22:58:19] TERRAIN: Chunk created successfully: (3.0, 12.0) at world pos (96.0, 0.0, 384.0) (total chunks: 488)
[22:58:19] TERRAIN: Creating chunk: (-12.0, -3.0) at distance 12.37
[22:58:19] TERRAIN: Chunk (-12.0, -3.0): TRIMESH collision created successfully (distance: 12.37, vertices: 8)
[22:58:19] TERRAIN: Chunk created successfully: (-12.0, -3.0) at world pos (-384.0, 0.0, -96.0) (total chunks: 489)
[22:58:19] TERRAIN: Creating chunk: (-11.0, 6.0) at distance 12.53
[22:58:19] TERRAIN: Chunk (-11.0, 6.0): TRIMESH collision created successfully (distance: 12.53, vertices: 8)
[22:58:19] TERRAIN: Chunk created successfully: (-11.0, 6.0) at world pos (-352.0, 0.0, 192.0) (total chunks: 490)
[22:58:19] TERRAIN: Creating chunk: (-6.0, -11.0) at distance 12.53
[22:58:19] TERRAIN: Chunk (-6.0, -11.0): TRIMESH collision created successfully (distance: 12.53, vertices: 8)
[22:58:19] TERRAIN: Chunk created successfully: (-6.0, -11.0) at world pos (-192.0, 0.0, -352.0) (total chunks: 491)
[22:58:19] TERRAIN: Creating chunk: (-11.0, -6.0) at distance 12.53
[22:58:19] TERRAIN: Chunk (-11.0, -6.0): TRIMESH collision created successfully (distance: 12.53, vertices: 8)
[22:58:19] TERRAIN: Chunk created successfully: (-11.0, -6.0) at world pos (-352.0, 0.0, -192.0) (total chunks: 492)
[22:58:19] TERRAIN: Creating chunk: (-6.0, 11.0) at distance 12.53
[22:58:19] TERRAIN: Chunk (-6.0, 11.0): TRIMESH collision created successfully (distance: 12.53, vertices: 8)
[22:58:19] TERRAIN: Chunk created successfully: (-6.0, 11.0) at world pos (-192.0, 0.0, 352.0) (total chunks: 493)
[22:58:19] TERRAIN: Creating chunk: (6.0, -11.0) at distance 12.53
[22:58:19] TERRAIN: Chunk (6.0, -11.0): TRIMESH collision created successfully (distance: 12.53, vertices: 8)
[22:58:19] TERRAIN: Chunk created successfully: (6.0, -11.0) at world pos (192.0, 0.0, -352.0) (total chunks: 494)
[22:58:19] TERRAIN: Creating chunk: (6.0, 11.0) at distance 12.53
[22:58:19] TERRAIN: Chunk (6.0, 11.0): TRIMESH collision created successfully (distance: 12.53, vertices: 8)
[22:58:19] TERRAIN: Chunk created successfully: (6.0, 11.0) at world pos (192.0, 0.0, 352.0) (total chunks: 495)
[22:58:19] TERRAIN: Creating chunk: (11.0, 6.0) at distance 12.53
[22:58:19] TERRAIN: Chunk (11.0, 6.0): TRIMESH collision created successfully (distance: 12.53, vertices: 8)
[22:58:19] TERRAIN: Chunk created successfully: (11.0, 6.0) at world pos (352.0, 0.0, 192.0) (total chunks: 496)
[22:58:19] TERRAIN: Creating chunk: (11.0, -6.0) at distance 12.53
[22:58:20] TERRAIN: Chunk (11.0, -6.0): TRIMESH collision created successfully (distance: 12.53, vertices: 8)
[22:58:20] TERRAIN: Chunk created successfully: (11.0, -6.0) at world pos (352.0, 0.0, -192.0) (total chunks: 497)
[22:58:20] TERRAIN: Creating chunk: (12.0, -4.0) at distance 12.65
[22:58:20] TERRAIN: Chunk (12.0, -4.0): TRIMESH collision created successfully (distance: 12.65, vertices: 8)
[22:58:20] TERRAIN: Chunk created successfully: (12.0, -4.0) at world pos (384.0, 0.0, -128.0) (total chunks: 498)
[22:58:20] TERRAIN: Creating chunk: (4.0, 12.0) at distance 12.65
[22:58:20] TERRAIN: Chunk (4.0, 12.0): TRIMESH collision created successfully (distance: 12.65, vertices: 8)
[22:58:20] TERRAIN: Chunk created successfully: (4.0, 12.0) at world pos (128.0, 0.0, 384.0) (total chunks: 499)
[22:58:20] TERRAIN: Creating chunk: (-12.0, 4.0) at distance 12.65
[22:58:20] TERRAIN: Chunk (-12.0, 4.0): TRIMESH collision created successfully (distance: 12.65, vertices: 8)
[22:58:20] TERRAIN: Chunk created successfully: (-12.0, 4.0) at world pos (-384.0, 0.0, 128.0) (total chunks: 500)
[22:58:20] TERRAIN: Creating chunk: (-4.0, 12.0) at distance 12.65
[22:58:20] TERRAIN: Chunk (-4.0, 12.0): TRIMESH collision created successfully (distance: 12.65, vertices: 8)
[22:58:20] TERRAIN: Chunk created successfully: (-4.0, 12.0) at world pos (-128.0, 0.0, 384.0) (total chunks: 501)
[22:58:20] TERRAIN: Creating chunk: (4.0, -12.0) at distance 12.65
[22:58:20] TERRAIN: Chunk (4.0, -12.0): TRIMESH collision created successfully (distance: 12.65, vertices: 8)
[22:58:20] TERRAIN: Chunk created successfully: (4.0, -12.0) at world pos (128.0, 0.0, -384.0) (total chunks: 502)
[22:58:20] TERRAIN: Creating chunk: (-4.0, -12.0) at distance 12.65
[22:58:20] TERRAIN: Chunk (-4.0, -12.0): TRIMESH collision created successfully (distance: 12.65, vertices: 8)
[22:58:20] TERRAIN: Chunk created successfully: (-4.0, -12.0) at world pos (-128.0, 0.0, -384.0) (total chunks: 503)
[22:58:20] TERRAIN: Creating chunk: (-12.0, -4.0) at distance 12.65
[22:58:20] TERRAIN: Chunk (-12.0, -4.0): TRIMESH collision created successfully (distance: 12.65, vertices: 8)
[22:58:20] TERRAIN: Chunk created successfully: (-12.0, -4.0) at world pos (-384.0, 0.0, -128.0) (total chunks: 504)
[22:58:20] TERRAIN: Creating chunk: (12.0, 4.0) at distance 12.65
[22:58:20] TERRAIN: Chunk (12.0, 4.0): TRIMESH collision created successfully (distance: 12.65, vertices: 8)
[22:58:20] TERRAIN: Chunk created successfully: (12.0, 4.0) at world pos (384.0, 0.0, 128.0) (total chunks: 505)
[22:58:20] TERRAIN: Creating chunk: (9.0, -9.0) at distance 12.73
[22:58:20] TERRAIN: Chunk (9.0, -9.0): TRIMESH collision created successfully (distance: 12.73, vertices: 8)
[22:58:20] TERRAIN: Chunk created successfully: (9.0, -9.0) at world pos (288.0, 0.0, -288.0) (total chunks: 506)
[22:58:20] TERRAIN: Creating chunk: (9.0, 9.0) at distance 12.73
[22:58:20] TERRAIN: Chunk (9.0, 9.0): TRIMESH collision created successfully (distance: 12.73, vertices: 8)
[22:58:20] TERRAIN: Chunk created successfully: (9.0, 9.0) at world pos (288.0, 0.0, 288.0) (total chunks: 507)
[22:58:20] TERRAIN: Creating chunk: (-9.0, 9.0) at distance 12.73
[22:58:20] TERRAIN: Chunk (-9.0, 9.0): TRIMESH collision created successfully (distance: 12.73, vertices: 8)
[22:58:20] TERRAIN: Chunk created successfully: (-9.0, 9.0) at world pos (-288.0, 0.0, 288.0) (total chunks: 508)
[22:58:20] TERRAIN: Creating chunk: (-9.0, -9.0) at distance 12.73
[22:58:20] TERRAIN: Chunk (-9.0, -9.0): TRIMESH collision created successfully (distance: 12.73, vertices: 8)
[22:58:20] TERRAIN: Chunk created successfully: (-9.0, -9.0) at world pos (-288.0, 0.0, -288.0) (total chunks: 509)
[22:58:20] TERRAIN: Creating chunk: (10.0, -8.0) at distance 12.81
[22:58:20] TERRAIN: Chunk (10.0, -8.0): TRIMESH collision created successfully (distance: 12.81, vertices: 8)
[22:58:20] TERRAIN: Chunk created successfully: (10.0, -8.0) at world pos (320.0, 0.0, -256.0) (total chunks: 510)
[22:58:20] TERRAIN: Creating chunk: (-8.0, 10.0) at distance 12.81
[22:58:20] TERRAIN: Chunk (-8.0, 10.0): TRIMESH collision created successfully (distance: 12.81, vertices: 8)
[22:58:20] TERRAIN: Chunk created successfully: (-8.0, 10.0) at world pos (-256.0, 0.0, 320.0) (total chunks: 511)
[22:58:20] TERRAIN: Creating chunk: (-8.0, -10.0) at distance 12.81
[22:58:20] TERRAIN: Chunk (-8.0, -10.0): TRIMESH collision created successfully (distance: 12.81, vertices: 8)
[22:58:20] TERRAIN: Chunk created successfully: (-8.0, -10.0) at world pos (-256.0, 0.0, -320.0) (total chunks: 512)
[22:58:20] TERRAIN: Creating chunk: (-10.0, 8.0) at distance 12.81
[22:58:20] TERRAIN: Chunk (-10.0, 8.0): TRIMESH collision created successfully (distance: 12.81, vertices: 8)
[22:58:20] TERRAIN: Chunk created successfully: (-10.0, 8.0) at world pos (-320.0, 0.0, 256.0) (total chunks: 513)
[22:58:20] TERRAIN: Creating chunk: (-10.0, -8.0) at distance 12.81
[22:58:20] TERRAIN: Chunk (-10.0, -8.0): TRIMESH collision created successfully (distance: 12.81, vertices: 8)
[22:58:20] TERRAIN: Chunk created successfully: (-10.0, -8.0) at world pos (-320.0, 0.0, -256.0) (total chunks: 514)
[22:58:20] TERRAIN: Creating chunk: (10.0, 8.0) at distance 12.81
[22:58:20] TERRAIN: Chunk (10.0, 8.0): TRIMESH collision created successfully (distance: 12.81, vertices: 8)
[22:58:20] TERRAIN: Chunk created successfully: (10.0, 8.0) at world pos (320.0, 0.0, 256.0) (total chunks: 515)
[22:58:20] TERRAIN: Creating chunk: (8.0, -10.0) at distance 12.81
[22:58:20] TERRAIN: Chunk (8.0, -10.0): TRIMESH collision created successfully (distance: 12.81, vertices: 8)
[22:58:20] TERRAIN: Chunk created successfully: (8.0, -10.0) at world pos (256.0, 0.0, -320.0) (total chunks: 516)
[22:58:20] TERRAIN: Creating chunk: (8.0, 10.0) at distance 12.81
[22:58:20] TERRAIN: Chunk (8.0, 10.0): TRIMESH collision created successfully (distance: 12.81, vertices: 8)
[22:58:20] TERRAIN: Chunk created successfully: (8.0, 10.0) at world pos (256.0, 0.0, 320.0) (total chunks: 517)
[22:58:20] TERRAIN: Creating chunk: (-12.0, 5.0) at distance 13.00
[22:58:20] TERRAIN: Chunk (-12.0, 5.0): TRIMESH collision created successfully (distance: 13.00, vertices: 8)
[22:58:20] TERRAIN: Chunk created successfully: (-12.0, 5.0) at world pos (-384.0, 0.0, 160.0) (total chunks: 518)
[22:58:20] TERRAIN: Creating chunk: (-12.0, -5.0) at distance 13.00
[22:58:20] TERRAIN: Chunk (-12.0, -5.0): TRIMESH collision created successfully (distance: 13.00, vertices: 8)
[22:58:20] TERRAIN: Chunk created successfully: (-12.0, -5.0) at world pos (-384.0, 0.0, -160.0) (total chunks: 519)
[22:58:20] TERRAIN: Creating chunk: (-13.0, 0.0) at distance 13.00
[22:58:20] TERRAIN: Chunk (-13.0, 0.0): TRIMESH collision created successfully (distance: 13.00, vertices: 8)
[22:58:20] TERRAIN: Chunk created successfully: (-13.0, 0.0) at world pos (-416.0, 0.0, 0.0) (total chunks: 520)
[22:58:20] TERRAIN: Creating chunk: (12.0, 5.0) at distance 13.00
[22:58:20] TERRAIN: Chunk (12.0, 5.0): TRIMESH collision created successfully (distance: 13.00, vertices: 8)
[22:58:20] TERRAIN: Chunk created successfully: (12.0, 5.0) at world pos (384.0, 0.0, 160.0) (total chunks: 521)
[22:58:20] TERRAIN: Creating chunk: (13.0, 0.0) at distance 13.00
[22:58:20] TERRAIN: Chunk (13.0, 0.0): TRIMESH collision created successfully (distance: 13.00, vertices: 8)
[22:58:20] TERRAIN: Chunk created successfully: (13.0, 0.0) at world pos (416.0, 0.0, 0.0) (total chunks: 522)
[22:58:20] TERRAIN: Creating chunk: (-5.0, -12.0) at distance 13.00
[22:58:20] TERRAIN: Chunk (-5.0, -12.0): TRIMESH collision created successfully (distance: 13.00, vertices: 8)
[22:58:20] TERRAIN: Chunk created successfully: (-5.0, -12.0) at world pos (-160.0, 0.0, -384.0) (total chunks: 523)
[22:58:20] TERRAIN: Creating chunk: (-5.0, 12.0) at distance 13.00
[22:58:20] TERRAIN: Chunk (-5.0, 12.0): TRIMESH collision created successfully (distance: 13.00, vertices: 8)
[22:58:20] TERRAIN: Chunk created successfully: (-5.0, 12.0) at world pos (-160.0, 0.0, 384.0) (total chunks: 524)
[22:58:20] TERRAIN: Creating chunk: (12.0, -5.0) at distance 13.00
[22:58:20] TERRAIN: Chunk (12.0, -5.0): TRIMESH collision created successfully (distance: 13.00, vertices: 8)
[22:58:20] TERRAIN: Chunk created successfully: (12.0, -5.0) at world pos (384.0, 0.0, -160.0) (total chunks: 525)
[22:58:20] TERRAIN: Creating chunk: (5.0, 12.0) at distance 13.00
[22:58:20] TERRAIN: Chunk (5.0, 12.0): TRIMESH collision created successfully (distance: 13.00, vertices: 8)
[22:58:20] TERRAIN: Chunk created successfully: (5.0, 12.0) at world pos (160.0, 0.0, 384.0) (total chunks: 526)
[22:58:20] TERRAIN: Creating chunk: (0.0, 13.0) at distance 13.00
[22:58:20] TERRAIN: Chunk (0.0, 13.0): TRIMESH collision created successfully (distance: 13.00, vertices: 8)
[22:58:20] TERRAIN: Chunk created successfully: (0.0, 13.0) at world pos (0.0, 0.0, 416.0) (total chunks: 527)
[22:58:20] TERRAIN: Creating chunk: (0.0, -13.0) at distance 13.00
[22:58:20] TERRAIN: Chunk (0.0, -13.0): TRIMESH collision created successfully (distance: 13.00, vertices: 8)
[22:58:20] TERRAIN: Chunk created successfully: (0.0, -13.0) at world pos (0.0, 0.0, -416.0) (total chunks: 528)
[22:58:20] TERRAIN: Creating chunk: (5.0, -12.0) at distance 13.00
[22:58:20] TERRAIN: Chunk (5.0, -12.0): TRIMESH collision created successfully (distance: 13.00, vertices: 8)
[22:58:20] TERRAIN: Chunk created successfully: (5.0, -12.0) at world pos (160.0, 0.0, -384.0) (total chunks: 529)
[22:58:20] TERRAIN: Creating chunk: (-11.0, 7.0) at distance 13.04
[22:58:20] TERRAIN: Chunk (-11.0, 7.0): TRIMESH collision created successfully (distance: 13.04, vertices: 8)
[22:58:20] TERRAIN: Chunk created successfully: (-11.0, 7.0) at world pos (-352.0, 0.0, 224.0) (total chunks: 530)
[22:58:20] TERRAIN: Creating chunk: (-13.0, -1.0) at distance 13.04
[22:58:20] TERRAIN: Chunk (-13.0, -1.0): TRIMESH collision created successfully (distance: 13.04, vertices: 8)
[22:58:20] TERRAIN: Chunk created successfully: (-13.0, -1.0) at world pos (-416.0, 0.0, -32.0) (total chunks: 531)
[22:58:20] TERRAIN: Creating chunk: (-11.0, -7.0) at distance 13.04
[22:58:20] TERRAIN: Chunk (-11.0, -7.0): TRIMESH collision created successfully (distance: 13.04, vertices: 8)
[22:58:20] TERRAIN: Chunk created successfully: (-11.0, -7.0) at world pos (-352.0, 0.0, -224.0) (total chunks: 532)
[22:58:20] TERRAIN: Creating chunk: (7.0, -11.0) at distance 13.04
[22:58:20] TERRAIN: Chunk (7.0, -11.0): TRIMESH collision created successfully (distance: 13.04, vertices: 8)
[22:58:20] TERRAIN: Chunk created successfully: (7.0, -11.0) at world pos (224.0, 0.0, -352.0) (total chunks: 533)
[22:58:20] TERRAIN: Creating chunk: (1.0, 13.0) at distance 13.04
[22:58:20] TERRAIN: Chunk (1.0, 13.0): TRIMESH collision created successfully (distance: 13.04, vertices: 8)
[22:58:20] TERRAIN: Chunk created successfully: (1.0, 13.0) at world pos (32.0, 0.0, 416.0) (total chunks: 534)
[22:58:20] TERRAIN: Creating chunk: (13.0, 1.0) at distance 13.04
[22:58:20] TERRAIN: Chunk (13.0, 1.0): TRIMESH collision created successfully (distance: 13.04, vertices: 8)
[22:58:20] TERRAIN: Chunk created successfully: (13.0, 1.0) at world pos (416.0, 0.0, 32.0) (total chunks: 535)
[22:58:20] TERRAIN: Creating chunk: (1.0, -13.0) at distance 13.04
[22:58:20] TERRAIN: Chunk (1.0, -13.0): TRIMESH collision created successfully (distance: 13.04, vertices: 8)
[22:58:20] TERRAIN: Chunk created successfully: (1.0, -13.0) at world pos (32.0, 0.0, -416.0) (total chunks: 536)
[22:58:20] TERRAIN: Creating chunk: (7.0, 11.0) at distance 13.04
[22:58:20] TERRAIN: Chunk (7.0, 11.0): TRIMESH collision created successfully (distance: 13.04, vertices: 8)
[22:58:20] TERRAIN: Chunk created successfully: (7.0, 11.0) at world pos (224.0, 0.0, 352.0) (total chunks: 537)
[22:58:20] TERRAIN: Creating chunk: (-7.0, -11.0) at distance 13.04
[22:58:20] TERRAIN: Chunk (-7.0, -11.0): TRIMESH collision created successfully (distance: 13.04, vertices: 8)
[22:58:20] TERRAIN: Chunk created successfully: (-7.0, -11.0) at world pos (-224.0, 0.0, -352.0) (total chunks: 538)
[22:58:20] TERRAIN: Creating chunk: (-7.0, 11.0) at distance 13.04
[22:58:20] TERRAIN: Chunk (-7.0, 11.0): TRIMESH collision created successfully (distance: 13.04, vertices: 8)
[22:58:20] TERRAIN: Chunk created successfully: (-7.0, 11.0) at world pos (-224.0, 0.0, 352.0) (total chunks: 539)
[22:58:20] TERRAIN: Creating chunk: (11.0, 7.0) at distance 13.04
[22:58:20] TERRAIN: Chunk (11.0, 7.0): TRIMESH collision created successfully (distance: 13.04, vertices: 8)
[22:58:20] TERRAIN: Chunk created successfully: (11.0, 7.0) at world pos (352.0, 0.0, 224.0) (total chunks: 540)
[22:58:20] TERRAIN: Creating chunk: (-13.0, 1.0) at distance 13.04
[22:58:20] TERRAIN: Chunk (-13.0, 1.0): TRIMESH collision created successfully (distance: 13.04, vertices: 8)
[22:58:20] TERRAIN: Chunk created successfully: (-13.0, 1.0) at world pos (-416.0, 0.0, 32.0) (total chunks: 541)
[22:58:20] TERRAIN: Creating chunk: (-1.0, 13.0) at distance 13.04
[22:58:20] TERRAIN: Chunk (-1.0, 13.0): TRIMESH collision created successfully (distance: 13.04, vertices: 8)
[22:58:20] TERRAIN: Chunk created successfully: (-1.0, 13.0) at world pos (-32.0, 0.0, 416.0) (total chunks: 542)
[22:58:20] TERRAIN: Creating chunk: (-1.0, -13.0) at distance 13.04
[22:58:20] TERRAIN: Chunk (-1.0, -13.0): TRIMESH collision created successfully (distance: 13.04, vertices: 8)
[22:58:20] TERRAIN: Chunk created successfully: (-1.0, -13.0) at world pos (-32.0, 0.0, -416.0) (total chunks: 543)
[22:58:20] TERRAIN: Creating chunk: (11.0, -7.0) at distance 13.04
[22:58:20] TERRAIN: Chunk (11.0, -7.0): TRIMESH collision created successfully (distance: 13.04, vertices: 8)
[22:58:20] TERRAIN: Chunk created successfully: (11.0, -7.0) at world pos (352.0, 0.0, -224.0) (total chunks: 544)
[22:58:20] TERRAIN: Creating chunk: (13.0, -1.0) at distance 13.04
[22:58:20] TERRAIN: Chunk (13.0, -1.0): TRIMESH collision created successfully (distance: 13.04, vertices: 8)
[22:58:20] TERRAIN: Chunk created successfully: (13.0, -1.0) at world pos (416.0, 0.0, -32.0) (total chunks: 545)
[22:58:20] TERRAIN: Creating chunk: (-13.0, 2.0) at distance 13.15
[22:58:20] TERRAIN: Chunk (-13.0, 2.0): TRIMESH collision created successfully (distance: 13.15, vertices: 8)
[22:58:20] TERRAIN: Chunk created successfully: (-13.0, 2.0) at world pos (-416.0, 0.0, 64.0) (total chunks: 546)
[22:58:20] TERRAIN: Creating chunk: (2.0, 13.0) at distance 13.15
[22:58:20] TERRAIN: Chunk (2.0, 13.0): TRIMESH collision created successfully (distance: 13.15, vertices: 8)
[22:58:20] TERRAIN: Chunk created successfully: (2.0, 13.0) at world pos (64.0, 0.0, 416.0) (total chunks: 547)
[22:58:20] TERRAIN: Creating chunk: (2.0, -13.0) at distance 13.15
[22:58:20] TERRAIN: Chunk (2.0, -13.0): TRIMESH collision created successfully (distance: 13.15, vertices: 8)
[22:58:20] TERRAIN: Chunk created successfully: (2.0, -13.0) at world pos (64.0, 0.0, -416.0) (total chunks: 548)
[22:58:20] TERRAIN: Creating chunk: (13.0, 2.0) at distance 13.15
[22:58:20] TERRAIN: Chunk (13.0, 2.0): TRIMESH collision created successfully (distance: 13.15, vertices: 8)
[22:58:20] TERRAIN: Chunk created successfully: (13.0, 2.0) at world pos (416.0, 0.0, 64.0) (total chunks: 549)
[22:58:20] TERRAIN: Creating chunk: (-13.0, -2.0) at distance 13.15
[22:58:20] TERRAIN: Chunk (-13.0, -2.0): TRIMESH collision created successfully (distance: 13.15, vertices: 8)
[22:58:20] TERRAIN: Chunk created successfully: (-13.0, -2.0) at world pos (-416.0, 0.0, -64.0) (total chunks: 550)
[22:58:20] TERRAIN: Creating chunk: (13.0, -2.0) at distance 13.15
[22:58:20] TERRAIN: Chunk (13.0, -2.0): TRIMESH collision created successfully (distance: 13.15, vertices: 8)
[22:58:20] TERRAIN: Chunk created successfully: (13.0, -2.0) at world pos (416.0, 0.0, -64.0) (total chunks: 551)
[22:58:20] TERRAIN: Creating chunk: (-2.0, 13.0) at distance 13.15
[22:58:20] TERRAIN: Chunk (-2.0, 13.0): TRIMESH collision created successfully (distance: 13.15, vertices: 8)
[22:58:20] TERRAIN: Chunk created successfully: (-2.0, 13.0) at world pos (-64.0, 0.0, 416.0) (total chunks: 552)
[22:58:20] TERRAIN: Creating chunk: (-2.0, -13.0) at distance 13.15
[22:58:20] TERRAIN: Chunk (-2.0, -13.0): TRIMESH collision created successfully (distance: 13.15, vertices: 8)
[22:58:20] TERRAIN: Chunk created successfully: (-2.0, -13.0) at world pos (-64.0, 0.0, -416.0) (total chunks: 553)
[22:58:20] TERRAIN: Creating chunk: (3.0, -13.0) at distance 13.34
[22:58:20] TERRAIN: Chunk (3.0, -13.0): TRIMESH collision created successfully (distance: 13.34, vertices: 8)
[22:58:20] TERRAIN: Chunk created successfully: (3.0, -13.0) at world pos (96.0, 0.0, -416.0) (total chunks: 554)
[22:58:20] TERRAIN: Creating chunk: (-13.0, -3.0) at distance 13.34
[22:58:20] TERRAIN: Chunk (-13.0, -3.0): TRIMESH collision created successfully (distance: 13.34, vertices: 8)
[22:58:20] TERRAIN: Chunk created successfully: (-13.0, -3.0) at world pos (-416.0, 0.0, -96.0) (total chunks: 555)
[22:58:20] TERRAIN: Creating chunk: (3.0, 13.0) at distance 13.34
[22:58:20] TERRAIN: Chunk (3.0, 13.0): TRIMESH collision created successfully (distance: 13.34, vertices: 8)
[22:58:20] TERRAIN: Chunk created successfully: (3.0, 13.0) at world pos (96.0, 0.0, 416.0) (total chunks: 556)
[22:58:20] TERRAIN: Creating chunk: (-13.0, 3.0) at distance 13.34
[22:58:20] TERRAIN: Chunk (-13.0, 3.0): TRIMESH collision created successfully (distance: 13.34, vertices: 8)
[22:58:20] TERRAIN: Chunk created successfully: (-13.0, 3.0) at world pos (-416.0, 0.0, 96.0) (total chunks: 557)
[22:58:20] TERRAIN: Creating chunk: (13.0, 3.0) at distance 13.34
[22:58:20] TERRAIN: Chunk (13.0, 3.0): TRIMESH collision created successfully (distance: 13.34, vertices: 8)
[22:58:20] TERRAIN: Chunk created successfully: (13.0, 3.0) at world pos (416.0, 0.0, 96.0) (total chunks: 558)
[22:58:20] TERRAIN: Creating chunk: (13.0, -3.0) at distance 13.34
[22:58:20] TERRAIN: Chunk (13.0, -3.0): TRIMESH collision created successfully (distance: 13.34, vertices: 8)
[22:58:20] TERRAIN: Chunk created successfully: (13.0, -3.0) at world pos (416.0, 0.0, -96.0) (total chunks: 559)
[22:58:20] TERRAIN: Creating chunk: (-3.0, -13.0) at distance 13.34
[22:58:20] TERRAIN: Chunk (-3.0, -13.0): TRIMESH collision created successfully (distance: 13.34, vertices: 8)
[22:58:20] TERRAIN: Chunk created successfully: (-3.0, -13.0) at world pos (-96.0, 0.0, -416.0) (total chunks: 560)
[22:58:20] TERRAIN: Creating chunk: (-3.0, 13.0) at distance 13.34
[22:58:20] TERRAIN: Chunk (-3.0, 13.0): TRIMESH collision created successfully (distance: 13.34, vertices: 8)
[22:58:20] TERRAIN: Chunk created successfully: (-3.0, 13.0) at world pos (-96.0, 0.0, 416.0) (total chunks: 561)
[22:58:20] TERRAIN: Creating chunk: (-12.0, -6.0) at distance 13.42
[22:58:20] TERRAIN: Chunk (-12.0, -6.0): TRIMESH collision created successfully (distance: 13.42, vertices: 8)
[22:58:20] TERRAIN: Chunk created successfully: (-12.0, -6.0) at world pos (-384.0, 0.0, -192.0) (total chunks: 562)
[22:58:20] TERRAIN: Creating chunk: (-12.0, 6.0) at distance 13.42
[22:58:20] TERRAIN: Chunk (-12.0, 6.0): TRIMESH collision created successfully (distance: 13.42, vertices: 8)
[22:58:20] TERRAIN: Chunk created successfully: (-12.0, 6.0) at world pos (-384.0, 0.0, 192.0) (total chunks: 563)
[22:58:20] TERRAIN: Creating chunk: (6.0, 12.0) at distance 13.42
[22:58:20] TERRAIN: Chunk (6.0, 12.0): TRIMESH collision created successfully (distance: 13.42, vertices: 8)
[22:58:20] TERRAIN: Chunk created successfully: (6.0, 12.0) at world pos (192.0, 0.0, 384.0) (total chunks: 564)
[22:58:20] TERRAIN: Creating chunk: (6.0, -12.0) at distance 13.42
[22:58:20] TERRAIN: Chunk (6.0, -12.0): TRIMESH collision created successfully (distance: 13.42, vertices: 8)
[22:58:20] TERRAIN: Chunk created successfully: (6.0, -12.0) at world pos (192.0, 0.0, -384.0) (total chunks: 565)
[22:58:20] TERRAIN: Creating chunk: (12.0, 6.0) at distance 13.42
[22:58:20] TERRAIN: Chunk (12.0, 6.0): TRIMESH collision created successfully (distance: 13.42, vertices: 8)
[22:58:20] TERRAIN: Chunk created successfully: (12.0, 6.0) at world pos (384.0, 0.0, 192.0) (total chunks: 566)
[22:58:20] TERRAIN: Creating chunk: (-6.0, -12.0) at distance 13.42
[22:58:20] TERRAIN: Chunk (-6.0, -12.0): TRIMESH collision created successfully (distance: 13.42, vertices: 8)
[22:58:20] TERRAIN: Chunk created successfully: (-6.0, -12.0) at world pos (-192.0, 0.0, -384.0) (total chunks: 567)
[22:58:20] TERRAIN: Creating chunk: (-6.0, 12.0) at distance 13.42
[22:58:20] TERRAIN: Chunk (-6.0, 12.0): TRIMESH collision created successfully (distance: 13.42, vertices: 8)
[22:58:20] TERRAIN: Chunk created successfully: (-6.0, 12.0) at world pos (-192.0, 0.0, 384.0) (total chunks: 568)
[22:58:20] TERRAIN: Creating chunk: (12.0, -6.0) at distance 13.42
[22:58:20] TERRAIN: Chunk (12.0, -6.0): TRIMESH collision created successfully (distance: 13.42, vertices: 8)
[22:58:20] TERRAIN: Chunk created successfully: (12.0, -6.0) at world pos (384.0, 0.0, -192.0) (total chunks: 569)
[22:58:20] TERRAIN: Creating chunk: (9.0, -10.0) at distance 13.45
[22:58:20] TERRAIN: Chunk (9.0, -10.0): TRIMESH collision created successfully (distance: 13.45, vertices: 8)
[22:58:20] TERRAIN: Chunk created successfully: (9.0, -10.0) at world pos (288.0, 0.0, -320.0) (total chunks: 570)
[22:58:20] TERRAIN: Creating chunk: (9.0, 10.0) at distance 13.45
[22:58:20] TERRAIN: Chunk (9.0, 10.0): TRIMESH collision created successfully (distance: 13.45, vertices: 8)
[22:58:20] TERRAIN: Chunk created successfully: (9.0, 10.0) at world pos (288.0, 0.0, 320.0) (total chunks: 571)
[22:58:20] TERRAIN: Creating chunk: (10.0, -9.0) at distance 13.45
[22:58:20] TERRAIN: Chunk (10.0, -9.0): TRIMESH collision created successfully (distance: 13.45, vertices: 8)
[22:58:20] TERRAIN: Chunk created successfully: (10.0, -9.0) at world pos (320.0, 0.0, -288.0) (total chunks: 572)
[22:58:20] TERRAIN: Creating chunk: (10.0, 9.0) at distance 13.45
[22:58:20] TERRAIN: Chunk (10.0, 9.0): TRIMESH collision created successfully (distance: 13.45, vertices: 8)
[22:58:20] TERRAIN: Chunk created successfully: (10.0, 9.0) at world pos (320.0, 0.0, 288.0) (total chunks: 573)
[22:58:20] TERRAIN: Creating chunk: (-9.0, 10.0) at distance 13.45
[22:58:20] TERRAIN: Chunk (-9.0, 10.0): TRIMESH collision created successfully (distance: 13.45, vertices: 8)
[22:58:20] TERRAIN: Chunk created successfully: (-9.0, 10.0) at world pos (-288.0, 0.0, 320.0) (total chunks: 574)
[22:58:20] TERRAIN: Creating chunk: (-9.0, -10.0) at distance 13.45
[22:58:20] TERRAIN: Chunk (-9.0, -10.0): TRIMESH collision created successfully (distance: 13.45, vertices: 8)
[22:58:20] TERRAIN: Chunk created successfully: (-9.0, -10.0) at world pos (-288.0, 0.0, -320.0) (total chunks: 575)
[22:58:20] TERRAIN: Creating chunk: (-10.0, 9.0) at distance 13.45
[22:58:20] TERRAIN: Chunk (-10.0, 9.0): TRIMESH collision created successfully (distance: 13.45, vertices: 8)
[22:58:20] TERRAIN: Chunk created successfully: (-10.0, 9.0) at world pos (-320.0, 0.0, 288.0) (total chunks: 576)
[22:58:20] TERRAIN: Creating chunk: (-10.0, -9.0) at distance 13.45
[22:58:20] TERRAIN: Chunk (-10.0, -9.0): TRIMESH collision created successfully (distance: 13.45, vertices: 8)
[22:58:20] TERRAIN: Chunk created successfully: (-10.0, -9.0) at world pos (-320.0, 0.0, -288.0) (total chunks: 577)
[22:58:20] TERRAIN: Creating chunk: (8.0, 11.0) at distance 13.60
[22:58:20] TERRAIN: Chunk (8.0, 11.0): TRIMESH collision created successfully (distance: 13.60, vertices: 8)
[22:58:20] TERRAIN: Chunk created successfully: (8.0, 11.0) at world pos (256.0, 0.0, 352.0) (total chunks: 578)
[22:58:20] TERRAIN: Creating chunk: (11.0, 8.0) at distance 13.60
[22:58:20] TERRAIN: Chunk (11.0, 8.0): TRIMESH collision created successfully (distance: 13.60, vertices: 8)
[22:58:20] TERRAIN: Chunk created successfully: (11.0, 8.0) at world pos (352.0, 0.0, 256.0) (total chunks: 579)
[22:58:20] TERRAIN: Creating chunk: (-13.0, -4.0) at distance 13.60
[22:58:20] TERRAIN: Chunk (-13.0, -4.0): TRIMESH collision created successfully (distance: 13.60, vertices: 8)
[22:58:20] TERRAIN: Chunk created successfully: (-13.0, -4.0) at world pos (-416.0, 0.0, -128.0) (total chunks: 580)
[22:58:20] TERRAIN: Creating chunk: (-13.0, 4.0) at distance 13.60
[22:58:20] TERRAIN: Chunk (-13.0, 4.0): TRIMESH collision created successfully (distance: 13.60, vertices: 8)
[22:58:20] TERRAIN: Chunk created successfully: (-13.0, 4.0) at world pos (-416.0, 0.0, 128.0) (total chunks: 581)
[22:58:20] TERRAIN: Creating chunk: (11.0, -8.0) at distance 13.60
[22:58:20] TERRAIN: Chunk (11.0, -8.0): TRIMESH collision created successfully (distance: 13.60, vertices: 8)
[22:58:20] TERRAIN: Chunk created successfully: (11.0, -8.0) at world pos (352.0, 0.0, -256.0) (total chunks: 582)
[22:58:20] TERRAIN: Creating chunk: (13.0, 4.0) at distance 13.60
[22:58:20] TERRAIN: Chunk (13.0, 4.0): TRIMESH collision created successfully (distance: 13.60, vertices: 8)
[22:58:20] TERRAIN: Chunk created successfully: (13.0, 4.0) at world pos (416.0, 0.0, 128.0) (total chunks: 583)
[22:58:20] TERRAIN: Creating chunk: (-11.0, -8.0) at distance 13.60
[22:58:20] TERRAIN: Chunk (-11.0, -8.0): TRIMESH collision created successfully (distance: 13.60, vertices: 8)
[22:58:20] TERRAIN: Chunk created successfully: (-11.0, -8.0) at world pos (-352.0, 0.0, -256.0) (total chunks: 584)
[22:58:20] TERRAIN: Creating chunk: (-11.0, 8.0) at distance 13.60
[22:58:20] TERRAIN: Chunk (-11.0, 8.0): TRIMESH collision created successfully (distance: 13.60, vertices: 8)
[22:58:20] TERRAIN: Chunk created successfully: (-11.0, 8.0) at world pos (-352.0, 0.0, 256.0) (total chunks: 585)
[22:58:20] TERRAIN: Creating chunk: (-8.0, -11.0) at distance 13.60
[22:58:20] TERRAIN: Chunk (-8.0, -11.0): TRIMESH collision created successfully (distance: 13.60, vertices: 8)
[22:58:20] TERRAIN: Chunk created successfully: (-8.0, -11.0) at world pos (-256.0, 0.0, -352.0) (total chunks: 586)
[22:58:20] TERRAIN: Creating chunk: (-8.0, 11.0) at distance 13.60
[22:58:20] TERRAIN: Chunk (-8.0, 11.0): TRIMESH collision created successfully (distance: 13.60, vertices: 8)
[22:58:20] TERRAIN: Chunk created successfully: (-8.0, 11.0) at world pos (-256.0, 0.0, 352.0) (total chunks: 587)
[22:58:20] TERRAIN: Creating chunk: (-4.0, -13.0) at distance 13.60
[22:58:20] TERRAIN: Chunk (-4.0, -13.0): TRIMESH collision created successfully (distance: 13.60, vertices: 8)
[22:58:20] TERRAIN: Chunk created successfully: (-4.0, -13.0) at world pos (-128.0, 0.0, -416.0) (total chunks: 588)
[22:58:20] TERRAIN: Creating chunk: (-4.0, 13.0) at distance 13.60
[22:58:20] TERRAIN: Chunk (-4.0, 13.0): TRIMESH collision created successfully (distance: 13.60, vertices: 8)
[22:58:20] TERRAIN: Chunk created successfully: (-4.0, 13.0) at world pos (-128.0, 0.0, 416.0) (total chunks: 589)
[22:58:20] TERRAIN: Creating chunk: (13.0, -4.0) at distance 13.60
[22:58:20] TERRAIN: Chunk (13.0, -4.0): TRIMESH collision created successfully (distance: 13.60, vertices: 8)
[22:58:20] TERRAIN: Chunk created successfully: (13.0, -4.0) at world pos (416.0, 0.0, -128.0) (total chunks: 590)
[22:58:20] TERRAIN: Creating chunk: (4.0, -13.0) at distance 13.60
[22:58:20] TERRAIN: Chunk (4.0, -13.0): TRIMESH collision created successfully (distance: 13.60, vertices: 8)
[22:58:20] TERRAIN: Chunk created successfully: (4.0, -13.0) at world pos (128.0, 0.0, -416.0) (total chunks: 591)
[22:58:20] TERRAIN: Creating chunk: (4.0, 13.0) at distance 13.60
[22:58:20] TERRAIN: Chunk (4.0, 13.0): TRIMESH collision created successfully (distance: 13.60, vertices: 8)
[22:58:20] TERRAIN: Chunk created successfully: (4.0, 13.0) at world pos (128.0, 0.0, 416.0) (total chunks: 592)
[22:58:20] TERRAIN: Creating chunk: (8.0, -11.0) at distance 13.60
[22:58:20] TERRAIN: Chunk (8.0, -11.0): TRIMESH collision created successfully (distance: 13.60, vertices: 8)
[22:58:20] TERRAIN: Chunk created successfully: (8.0, -11.0) at world pos (256.0, 0.0, -352.0) (total chunks: 593)
[22:58:20] TERRAIN: Creating chunk: (12.0, -7.0) at distance 13.89
[22:58:20] TERRAIN: Chunk (12.0, -7.0): TRIMESH collision created successfully (distance: 13.89, vertices: 8)
[22:58:20] TERRAIN: Chunk created successfully: (12.0, -7.0) at world pos (384.0, 0.0, -224.0) (total chunks: 594)
[22:58:20] TERRAIN: Creating chunk: (-7.0, 12.0) at distance 13.89
[22:58:20] TERRAIN: Chunk (-7.0, 12.0): TRIMESH collision created successfully (distance: 13.89, vertices: 8)
[22:58:20] TERRAIN: Chunk created successfully: (-7.0, 12.0) at world pos (-224.0, 0.0, 384.0) (total chunks: 595)
[22:58:20] TERRAIN: Creating chunk: (-7.0, -12.0) at distance 13.89
[22:58:20] TERRAIN: Chunk (-7.0, -12.0): TRIMESH collision created successfully (distance: 13.89, vertices: 8)
[22:58:20] TERRAIN: Chunk created successfully: (-7.0, -12.0) at world pos (-224.0, 0.0, -384.0) (total chunks: 596)
[22:58:20] TERRAIN: Creating chunk: (-12.0, 7.0) at distance 13.89
[22:58:20] TERRAIN: Chunk (-12.0, 7.0): TRIMESH collision created successfully (distance: 13.89, vertices: 8)
[22:58:20] TERRAIN: Chunk created successfully: (-12.0, 7.0) at world pos (-384.0, 0.0, 224.0) (total chunks: 597)
[22:58:20] TERRAIN: Creating chunk: (-12.0, -7.0) at distance 13.89
[22:58:20] TERRAIN: Chunk (-12.0, -7.0): TRIMESH collision created successfully (distance: 13.89, vertices: 8)
[22:58:20] TERRAIN: Chunk created successfully: (-12.0, -7.0) at world pos (-384.0, 0.0, -224.0) (total chunks: 598)
[22:58:20] TERRAIN: Creating chunk: (7.0, 12.0) at distance 13.89
[22:58:20] TERRAIN: Chunk (7.0, 12.0): TRIMESH collision created successfully (distance: 13.89, vertices: 8)
[22:58:20] TERRAIN: Chunk created successfully: (7.0, 12.0) at world pos (224.0, 0.0, 384.0) (total chunks: 599)
[22:58:20] TERRAIN: Creating chunk: (7.0, -12.0) at distance 13.89
[22:58:20] TERRAIN: Chunk (7.0, -12.0): TRIMESH collision created successfully (distance: 13.89, vertices: 8)
[22:58:20] TERRAIN: Chunk created successfully: (7.0, -12.0) at world pos (224.0, 0.0, -384.0) (total chunks: 600)
[22:58:20] PLAYER: Pos: (0.0, 0.00036, 0.0) | Chunk: (0.0, 0.0) | TerrainHeight: 0.00 | HeightDiff: 0.00 | OnFloor: true
[22:58:20] TERRAIN: Creating chunk: (12.0, 7.0) at distance 13.89
[22:58:20] TERRAIN: Chunk (12.0, 7.0): TRIMESH collision created successfully (distance: 13.89, vertices: 8)
[22:58:20] TERRAIN: Chunk created successfully: (12.0, 7.0) at world pos (384.0, 0.0, 224.0) (total chunks: 601)
[22:58:20] TERRAIN: Creating chunk: (13.0, 5.0) at distance 13.93
[22:58:20] TERRAIN: Chunk (13.0, 5.0): TRIMESH collision created successfully (distance: 13.93, vertices: 8)
[22:58:20] TERRAIN: Chunk created successfully: (13.0, 5.0) at world pos (416.0, 0.0, 160.0) (total chunks: 602)
[22:58:20] TERRAIN: Creating chunk: (-13.0, 5.0) at distance 13.93
[22:58:20] TERRAIN: Chunk (-13.0, 5.0): TRIMESH collision created successfully (distance: 13.93, vertices: 8)
[22:58:20] TERRAIN: Chunk created successfully: (-13.0, 5.0) at world pos (-416.0, 0.0, 160.0) (total chunks: 603)
[22:58:20] TERRAIN: Creating chunk: (-13.0, -5.0) at distance 13.93
[22:58:20] TERRAIN: Chunk (-13.0, -5.0): TRIMESH collision created successfully (distance: 13.93, vertices: 8)
[22:58:20] TERRAIN: Chunk created successfully: (-13.0, -5.0) at world pos (-416.0, 0.0, -160.0) (total chunks: 604)
[22:58:20] TERRAIN: Creating chunk: (5.0, -13.0) at distance 13.93
[22:58:20] TERRAIN: Chunk (5.0, -13.0): TRIMESH collision created successfully (distance: 13.93, vertices: 8)
[22:58:20] TERRAIN: Chunk created successfully: (5.0, -13.0) at world pos (160.0, 0.0, -416.0) (total chunks: 605)
[22:58:20] TERRAIN: Creating chunk: (5.0, 13.0) at distance 13.93
[22:58:20] TERRAIN: Chunk (5.0, 13.0): TRIMESH collision created successfully (distance: 13.93, vertices: 8)
[22:58:20] TERRAIN: Chunk created successfully: (5.0, 13.0) at world pos (160.0, 0.0, 416.0) (total chunks: 606)
[22:58:20] TERRAIN: Creating chunk: (13.0, -5.0) at distance 13.93
[22:58:20] TERRAIN: Chunk (13.0, -5.0): TRIMESH collision created successfully (distance: 13.93, vertices: 8)
[22:58:20] TERRAIN: Chunk created successfully: (13.0, -5.0) at world pos (416.0, 0.0, -160.0) (total chunks: 607)
[22:58:20] TERRAIN: Creating chunk: (-5.0, 13.0) at distance 13.93
[22:58:20] TERRAIN: Chunk (-5.0, 13.0): TRIMESH collision created successfully (distance: 13.93, vertices: 8)
[22:58:20] TERRAIN: Chunk created successfully: (-5.0, 13.0) at world pos (-160.0, 0.0, 416.0) (total chunks: 608)
[22:58:20] TERRAIN: Creating chunk: (-5.0, -13.0) at distance 13.93
[22:58:20] TERRAIN: Chunk (-5.0, -13.0): TRIMESH collision created successfully (distance: 13.93, vertices: 8)
[22:58:20] TERRAIN: Chunk created successfully: (-5.0, -13.0) at world pos (-160.0, 0.0, -416.0) (total chunks: 609)
[22:58:20] TERRAIN: Creating chunk: (0.0, -14.0) at distance 14.00
[22:58:20] TERRAIN: Chunk (0.0, -14.0): TRIMESH collision created successfully (distance: 14.00, vertices: 8)
[22:58:20] TERRAIN: Chunk created successfully: (0.0, -14.0) at world pos (0.0, 0.0, -448.0) (total chunks: 610)
[22:58:20] TERRAIN: Creating chunk: (0.0, 14.0) at distance 14.00
[22:58:20] TERRAIN: Chunk (0.0, 14.0): TRIMESH collision created successfully (distance: 14.00, vertices: 8)
[22:58:20] TERRAIN: Chunk created successfully: (0.0, 14.0) at world pos (0.0, 0.0, 448.0) (total chunks: 611)
[22:58:20] TERRAIN: Creating chunk: (14.0, 0.0) at distance 14.00
[22:58:20] TERRAIN: Chunk (14.0, 0.0): TRIMESH collision created successfully (distance: 14.00, vertices: 8)
[22:58:20] TERRAIN: Chunk created successfully: (14.0, 0.0) at world pos (448.0, 0.0, 0.0) (total chunks: 612)
[22:58:20] TERRAIN: Creating chunk: (-14.0, 0.0) at distance 14.00
[22:58:20] TERRAIN: Chunk (-14.0, 0.0): TRIMESH collision created successfully (distance: 14.00, vertices: 8)
[22:58:20] TERRAIN: Chunk created successfully: (-14.0, 0.0) at world pos (-448.0, 0.0, 0.0) (total chunks: 613)
[22:58:20] TERRAIN: Creating chunk: (1.0, -14.0) at distance 14.04
[22:58:20] TERRAIN: Chunk (1.0, -14.0): TRIMESH collision created successfully (distance: 14.04, vertices: 8)
[22:58:20] TERRAIN: Chunk created successfully: (1.0, -14.0) at world pos (32.0, 0.0, -448.0) (total chunks: 614)
[22:58:20] TERRAIN: Creating chunk: (14.0, 1.0) at distance 14.04
[22:58:20] TERRAIN: Chunk (14.0, 1.0): TRIMESH collision created successfully (distance: 14.04, vertices: 8)
[22:58:20] TERRAIN: Chunk created successfully: (14.0, 1.0) at world pos (448.0, 0.0, 32.0) (total chunks: 615)
[22:58:20] TERRAIN: Creating chunk: (-1.0, 14.0) at distance 14.04
[22:58:20] TERRAIN: Chunk (-1.0, 14.0): TRIMESH collision created successfully (distance: 14.04, vertices: 8)
[22:58:20] TERRAIN: Chunk created successfully: (-1.0, 14.0) at world pos (-32.0, 0.0, 448.0) (total chunks: 616)
[22:58:20] TERRAIN: Creating chunk: (-1.0, -14.0) at distance 14.04
[22:58:20] TERRAIN: Chunk (-1.0, -14.0): TRIMESH collision created successfully (distance: 14.04, vertices: 8)
[22:58:20] TERRAIN: Chunk created successfully: (-1.0, -14.0) at world pos (-32.0, 0.0, -448.0) (total chunks: 617)
[22:58:20] TERRAIN: Creating chunk: (1.0, 14.0) at distance 14.04
[22:58:20] TERRAIN: Chunk (1.0, 14.0): TRIMESH collision created successfully (distance: 14.04, vertices: 8)
[22:58:20] TERRAIN: Chunk created successfully: (1.0, 14.0) at world pos (32.0, 0.0, 448.0) (total chunks: 618)
[22:58:20] TERRAIN: Creating chunk: (-14.0, 1.0) at distance 14.04
[22:58:20] TERRAIN: Chunk (-14.0, 1.0): TRIMESH collision created successfully (distance: 14.04, vertices: 8)
[22:58:20] TERRAIN: Chunk created successfully: (-14.0, 1.0) at world pos (-448.0, 0.0, 32.0) (total chunks: 619)
[22:58:20] TERRAIN: Creating chunk: (-14.0, -1.0) at distance 14.04
[22:58:20] TERRAIN: Chunk (-14.0, -1.0): TRIMESH collision created successfully (distance: 14.04, vertices: 8)
[22:58:20] TERRAIN: Chunk created successfully: (-14.0, -1.0) at world pos (-448.0, 0.0, -32.0) (total chunks: 620)
[22:58:20] TERRAIN: Creating chunk: (14.0, -1.0) at distance 14.04
[22:58:20] TERRAIN: Chunk (14.0, -1.0): TRIMESH collision created successfully (distance: 14.04, vertices: 8)
[22:58:20] TERRAIN: Chunk created successfully: (14.0, -1.0) at world pos (448.0, 0.0, -32.0) (total chunks: 621)
[22:58:20] TERRAIN: Creating chunk: (-14.0, 2.0) at distance 14.14
[22:58:20] TERRAIN: Chunk (-14.0, 2.0): TRIMESH collision created successfully (distance: 14.14, vertices: 8)
[22:58:20] TERRAIN: Chunk created successfully: (-14.0, 2.0) at world pos (-448.0, 0.0, 64.0) (total chunks: 622)
[22:58:20] TERRAIN: Creating chunk: (10.0, 10.0) at distance 14.14
[22:58:20] TERRAIN: Chunk (10.0, 10.0): TRIMESH collision created successfully (distance: 14.14, vertices: 8)
[22:58:20] TERRAIN: Chunk created successfully: (10.0, 10.0) at world pos (320.0, 0.0, 320.0) (total chunks: 623)
[22:58:20] TERRAIN: Creating chunk: (-10.0, -10.0) at distance 14.14
[22:58:20] TERRAIN: Chunk (-10.0, -10.0): TRIMESH collision created successfully (distance: 14.14, vertices: 8)
[22:58:20] TERRAIN: Chunk created successfully: (-10.0, -10.0) at world pos (-320.0, 0.0, -320.0) (total chunks: 624)
[22:58:20] TERRAIN: Creating chunk: (-10.0, 10.0) at distance 14.14
[22:58:20] TERRAIN: Chunk (-10.0, 10.0): TRIMESH collision created successfully (distance: 14.14, vertices: 8)
[22:58:20] TERRAIN: Chunk created successfully: (-10.0, 10.0) at world pos (-320.0, 0.0, 320.0) (total chunks: 625)
[22:58:20] TERRAIN: Creating chunk: (14.0, 2.0) at distance 14.14
[22:58:20] TERRAIN: Chunk (14.0, 2.0): TRIMESH collision created successfully (distance: 14.14, vertices: 8)
[22:58:20] TERRAIN: Chunk created successfully: (14.0, 2.0) at world pos (448.0, 0.0, 64.0) (total chunks: 626)
[22:58:20] TERRAIN: Creating chunk: (-14.0, -2.0) at distance 14.14
[22:58:20] TERRAIN: Chunk (-14.0, -2.0): TRIMESH collision created successfully (distance: 14.14, vertices: 8)
[22:58:20] TERRAIN: Chunk created successfully: (-14.0, -2.0) at world pos (-448.0, 0.0, -64.0) (total chunks: 627)
[22:58:20] TERRAIN: Creating chunk: (2.0, 14.0) at distance 14.14
[22:58:20] TERRAIN: Chunk (2.0, 14.0): TRIMESH collision created successfully (distance: 14.14, vertices: 8)
[22:58:20] TERRAIN: Chunk created successfully: (2.0, 14.0) at world pos (64.0, 0.0, 448.0) (total chunks: 628)
[22:58:20] TERRAIN: Creating chunk: (2.0, -14.0) at distance 14.14
[22:58:20] TERRAIN: Chunk (2.0, -14.0): TRIMESH collision created successfully (distance: 14.14, vertices: 8)
[22:58:20] TERRAIN: Chunk created successfully: (2.0, -14.0) at world pos (64.0, 0.0, -448.0) (total chunks: 629)
[22:58:20] TERRAIN: Creating chunk: (-2.0, 14.0) at distance 14.14
[22:58:20] TERRAIN: Chunk (-2.0, 14.0): TRIMESH collision created successfully (distance: 14.14, vertices: 8)
[22:58:20] TERRAIN: Chunk created successfully: (-2.0, 14.0) at world pos (-64.0, 0.0, 448.0) (total chunks: 630)
[22:58:20] TERRAIN: Creating chunk: (14.0, -2.0) at distance 14.14
[22:58:20] TERRAIN: Chunk (14.0, -2.0): TRIMESH collision created successfully (distance: 14.14, vertices: 8)
[22:58:20] TERRAIN: Chunk created successfully: (14.0, -2.0) at world pos (448.0, 0.0, -64.0) (total chunks: 631)
[22:58:20] TERRAIN: Creating chunk: (-2.0, -14.0) at distance 14.14
[22:58:20] TERRAIN: Chunk (-2.0, -14.0): TRIMESH collision created successfully (distance: 14.14, vertices: 8)
[22:58:20] TERRAIN: Chunk created successfully: (-2.0, -14.0) at world pos (-64.0, 0.0, -448.0) (total chunks: 632)
[22:58:20] TERRAIN: Creating chunk: (10.0, -10.0) at distance 14.14
[22:58:20] TERRAIN: Chunk (10.0, -10.0): TRIMESH collision created successfully (distance: 14.14, vertices: 8)
[22:58:20] TERRAIN: Chunk created successfully: (10.0, -10.0) at world pos (320.0, 0.0, -320.0) (total chunks: 633)
[22:58:20] TERRAIN: Creating chunk: (9.0, -11.0) at distance 14.21
[22:58:20] TERRAIN: Chunk (9.0, -11.0): TRIMESH collision created successfully (distance: 14.21, vertices: 8)
[22:58:20] TERRAIN: Chunk created successfully: (9.0, -11.0) at world pos (288.0, 0.0, -352.0) (total chunks: 634)
[22:58:20] TERRAIN: Creating chunk: (11.0, -9.0) at distance 14.21
[22:58:20] TERRAIN: Chunk (11.0, -9.0): TRIMESH collision created successfully (distance: 14.21, vertices: 8)
[22:58:20] TERRAIN: Chunk created successfully: (11.0, -9.0) at world pos (352.0, 0.0, -288.0) (total chunks: 635)
[22:58:20] TERRAIN: Creating chunk: (9.0, 11.0) at distance 14.21
[22:58:20] TERRAIN: Chunk (9.0, 11.0): TRIMESH collision created successfully (distance: 14.21, vertices: 8)
[22:58:20] TERRAIN: Chunk created successfully: (9.0, 11.0) at world pos (288.0, 0.0, 352.0) (total chunks: 636)
[22:58:20] TERRAIN: Creating chunk: (-11.0, -9.0) at distance 14.21
[22:58:20] TERRAIN: Chunk (-11.0, -9.0): TRIMESH collision created successfully (distance: 14.21, vertices: 8)
[22:58:20] TERRAIN: Chunk created successfully: (-11.0, -9.0) at world pos (-352.0, 0.0, -288.0) (total chunks: 637)
[22:58:20] TERRAIN: Creating chunk: (-11.0, 9.0) at distance 14.21
[22:58:20] TERRAIN: Chunk (-11.0, 9.0): TRIMESH collision created successfully (distance: 14.21, vertices: 8)
[22:58:20] TERRAIN: Chunk created successfully: (-11.0, 9.0) at world pos (-352.0, 0.0, 288.0) (total chunks: 638)
[22:58:20] TERRAIN: Creating chunk: (-9.0, -11.0) at distance 14.21
[22:58:20] TERRAIN: Chunk (-9.0, -11.0): TRIMESH collision created successfully (distance: 14.21, vertices: 8)
[22:58:20] TERRAIN: Chunk created successfully: (-9.0, -11.0) at world pos (-288.0, 0.0, -352.0) (total chunks: 639)
[22:58:20] TERRAIN: Creating chunk: (-9.0, 11.0) at distance 14.21
[22:58:20] TERRAIN: Chunk (-9.0, 11.0): TRIMESH collision created successfully (distance: 14.21, vertices: 8)
[22:58:20] TERRAIN: Chunk created successfully: (-9.0, 11.0) at world pos (-288.0, 0.0, 352.0) (total chunks: 640)
[22:58:20] TERRAIN: Creating chunk: (11.0, 9.0) at distance 14.21
[22:58:20] TERRAIN: Chunk (11.0, 9.0): TRIMESH collision created successfully (distance: 14.21, vertices: 8)
[22:58:20] TERRAIN: Chunk created successfully: (11.0, 9.0) at world pos (352.0, 0.0, 288.0) (total chunks: 641)
[22:58:20] TERRAIN: Creating chunk: (-6.0, -13.0) at distance 14.32
[22:58:20] TERRAIN: Chunk (-6.0, -13.0): TRIMESH collision created successfully (distance: 14.32, vertices: 8)
[22:58:20] TERRAIN: Chunk created successfully: (-6.0, -13.0) at world pos (-192.0, 0.0, -416.0) (total chunks: 642)
[22:58:20] TERRAIN: Creating chunk: (14.0, -3.0) at distance 14.32
[22:58:20] TERRAIN: Chunk (14.0, -3.0): TRIMESH collision created successfully (distance: 14.32, vertices: 8)
[22:58:20] TERRAIN: Chunk created successfully: (14.0, -3.0) at world pos (448.0, 0.0, -96.0) (total chunks: 643)
[22:58:20] TERRAIN: Creating chunk: (6.0, 13.0) at distance 14.32
[22:58:20] TERRAIN: Chunk (6.0, 13.0): TRIMESH collision created successfully (distance: 14.32, vertices: 8)
[22:58:20] TERRAIN: Chunk created successfully: (6.0, 13.0) at world pos (192.0, 0.0, 416.0) (total chunks: 644)
[22:58:20] TERRAIN: Creating chunk: (6.0, -13.0) at distance 14.32
[22:58:20] TERRAIN: Chunk (6.0, -13.0): TRIMESH collision created successfully (distance: 14.32, vertices: 8)
[22:58:20] TERRAIN: Chunk created successfully: (6.0, -13.0) at world pos (192.0, 0.0, -416.0) (total chunks: 645)
[22:58:20] TERRAIN: Creating chunk: (-14.0, 3.0) at distance 14.32
[22:58:20] TERRAIN: Chunk (-14.0, 3.0): TRIMESH collision created successfully (distance: 14.32, vertices: 8)
[22:58:20] TERRAIN: Chunk created successfully: (-14.0, 3.0) at world pos (-448.0, 0.0, 96.0) (total chunks: 646)
[22:58:20] TERRAIN: Creating chunk: (13.0, 6.0) at distance 14.32
[22:58:20] TERRAIN: Chunk (13.0, 6.0): TRIMESH collision created successfully (distance: 14.32, vertices: 8)
[22:58:20] TERRAIN: Chunk created successfully: (13.0, 6.0) at world pos (416.0, 0.0, 192.0) (total chunks: 647)
[22:58:20] TERRAIN: Creating chunk: (-13.0, -6.0) at distance 14.32
[22:58:20] TERRAIN: Chunk (-13.0, -6.0): TRIMESH collision created successfully (distance: 14.32, vertices: 8)
[22:58:20] TERRAIN: Chunk created successfully: (-13.0, -6.0) at world pos (-416.0, 0.0, -192.0) (total chunks: 648)
[22:58:20] TERRAIN: Creating chunk: (3.0, 14.0) at distance 14.32
[22:58:20] TERRAIN: Chunk (3.0, 14.0): TRIMESH collision created successfully (distance: 14.32, vertices: 8)
[22:58:20] TERRAIN: Chunk created successfully: (3.0, 14.0) at world pos (96.0, 0.0, 448.0) (total chunks: 649)
[22:58:20] TERRAIN: Creating chunk: (3.0, -14.0) at distance 14.32
[22:58:20] TERRAIN: Chunk (3.0, -14.0): TRIMESH collision created successfully (distance: 14.32, vertices: 8)
[22:58:20] TERRAIN: Chunk created successfully: (3.0, -14.0) at world pos (96.0, 0.0, -448.0) (total chunks: 650)
[22:58:20] TERRAIN: Creating chunk: (-13.0, 6.0) at distance 14.32
[22:58:20] TERRAIN: Chunk (-13.0, 6.0): TRIMESH collision created successfully (distance: 14.32, vertices: 8)
[22:58:20] TERRAIN: Chunk created successfully: (-13.0, 6.0) at world pos (-416.0, 0.0, 192.0) (total chunks: 651)
[22:58:20] TERRAIN: Creating chunk: (-6.0, 13.0) at distance 14.32
[22:58:20] TERRAIN: Chunk (-6.0, 13.0): TRIMESH collision created successfully (distance: 14.32, vertices: 8)
[22:58:20] TERRAIN: Chunk created successfully: (-6.0, 13.0) at world pos (-192.0, 0.0, 416.0) (total chunks: 652)
[22:58:20] TERRAIN: Creating chunk: (-14.0, -3.0) at distance 14.32
[22:58:20] TERRAIN: Chunk (-14.0, -3.0): TRIMESH collision created successfully (distance: 14.32, vertices: 8)
[22:58:20] TERRAIN: Chunk created successfully: (-14.0, -3.0) at world pos (-448.0, 0.0, -96.0) (total chunks: 653)
[22:58:20] TERRAIN: Creating chunk: (-3.0, -14.0) at distance 14.32
[22:58:20] TERRAIN: Chunk (-3.0, -14.0): TRIMESH collision created successfully (distance: 14.32, vertices: 8)
[22:58:20] TERRAIN: Chunk created successfully: (-3.0, -14.0) at world pos (-96.0, 0.0, -448.0) (total chunks: 654)
[22:58:20] TERRAIN: Creating chunk: (13.0, -6.0) at distance 14.32
[22:58:20] TERRAIN: Chunk (13.0, -6.0): TRIMESH collision created successfully (distance: 14.32, vertices: 8)
[22:58:20] TERRAIN: Chunk created successfully: (13.0, -6.0) at world pos (416.0, 0.0, -192.0) (total chunks: 655)
[22:58:20] TERRAIN: Creating chunk: (14.0, 3.0) at distance 14.32
[22:58:20] TERRAIN: Chunk (14.0, 3.0): TRIMESH collision created successfully (distance: 14.32, vertices: 8)
[22:58:20] TERRAIN: Chunk created successfully: (14.0, 3.0) at world pos (448.0, 0.0, 96.0) (total chunks: 656)
[22:58:20] TERRAIN: Creating chunk: (-3.0, 14.0) at distance 14.32
[22:58:21] TERRAIN: Chunk (-3.0, 14.0): TRIMESH collision created successfully (distance: 14.32, vertices: 8)
[22:58:21] TERRAIN: Chunk created successfully: (-3.0, 14.0) at world pos (-96.0, 0.0, 448.0) (total chunks: 657)
[22:58:21] TERRAIN: Creating chunk: (12.0, 8.0) at distance 14.42
[22:58:21] TERRAIN: Chunk (12.0, 8.0): TRIMESH collision created successfully (distance: 14.42, vertices: 8)
[22:58:21] TERRAIN: Chunk created successfully: (12.0, 8.0) at world pos (384.0, 0.0, 256.0) (total chunks: 658)
[22:58:21] TERRAIN: Creating chunk: (12.0, -8.0) at distance 14.42
[22:58:21] TERRAIN: Chunk (12.0, -8.0): TRIMESH collision created successfully (distance: 14.42, vertices: 8)
[22:58:21] TERRAIN: Chunk created successfully: (12.0, -8.0) at world pos (384.0, 0.0, -256.0) (total chunks: 659)
[22:58:21] TERRAIN: Creating chunk: (-12.0, -8.0) at distance 14.42
[22:58:21] TERRAIN: Chunk (-12.0, -8.0): TRIMESH collision created successfully (distance: 14.42, vertices: 8)
[22:58:21] TERRAIN: Chunk created successfully: (-12.0, -8.0) at world pos (-384.0, 0.0, -256.0) (total chunks: 660)
[22:58:21] TERRAIN: Creating chunk: (-12.0, 8.0) at distance 14.42
[22:58:21] TERRAIN: Chunk (-12.0, 8.0): TRIMESH collision created successfully (distance: 14.42, vertices: 8)
[22:58:21] TERRAIN: Chunk created successfully: (-12.0, 8.0) at world pos (-384.0, 0.0, 256.0) (total chunks: 661)
[22:58:21] TERRAIN: Creating chunk: (-8.0, -12.0) at distance 14.42
[22:58:21] TERRAIN: Chunk (-8.0, -12.0): TRIMESH collision created successfully (distance: 14.42, vertices: 8)
[22:58:21] TERRAIN: Chunk created successfully: (-8.0, -12.0) at world pos (-256.0, 0.0, -384.0) (total chunks: 662)
[22:58:21] TERRAIN: Creating chunk: (-8.0, 12.0) at distance 14.42
[22:58:21] TERRAIN: Chunk (-8.0, 12.0): TRIMESH collision created successfully (distance: 14.42, vertices: 8)
[22:58:21] TERRAIN: Chunk created successfully: (-8.0, 12.0) at world pos (-256.0, 0.0, 384.0) (total chunks: 663)
[22:58:21] TERRAIN: Creating chunk: (8.0, -12.0) at distance 14.42
[22:58:21] TERRAIN: Chunk (8.0, -12.0): TRIMESH collision created successfully (distance: 14.42, vertices: 8)
[22:58:21] TERRAIN: Chunk created successfully: (8.0, -12.0) at world pos (256.0, 0.0, -384.0) (total chunks: 664)
[22:58:21] TERRAIN: Creating chunk: (8.0, 12.0) at distance 14.42
[22:58:21] TERRAIN: Chunk (8.0, 12.0): TRIMESH collision created successfully (distance: 14.42, vertices: 8)
[22:58:21] TERRAIN: Chunk created successfully: (8.0, 12.0) at world pos (256.0, 0.0, 384.0) (total chunks: 665)
[22:58:21] TERRAIN: Creating chunk: (14.0, -4.0) at distance 14.56
[22:58:21] TERRAIN: Chunk (14.0, -4.0): TRIMESH collision created successfully (distance: 14.56, vertices: 8)
[22:58:21] TERRAIN: Chunk created successfully: (14.0, -4.0) at world pos (448.0, 0.0, -128.0) (total chunks: 666)
[22:58:21] TERRAIN: Creating chunk: (4.0, 14.0) at distance 14.56
[22:58:21] TERRAIN: Chunk (4.0, 14.0): TRIMESH collision created successfully (distance: 14.56, vertices: 8)
[22:58:21] TERRAIN: Chunk created successfully: (4.0, 14.0) at world pos (128.0, 0.0, 448.0) (total chunks: 667)
[22:58:21] TERRAIN: Creating chunk: (4.0, -14.0) at distance 14.56
[22:58:21] TERRAIN: Chunk (4.0, -14.0): TRIMESH collision created successfully (distance: 14.56, vertices: 8)
[22:58:21] TERRAIN: Chunk created successfully: (4.0, -14.0) at world pos (128.0, 0.0, -448.0) (total chunks: 668)
[22:58:21] TERRAIN: Creating chunk: (-4.0, 14.0) at distance 14.56
[22:58:21] TERRAIN: Chunk (-4.0, 14.0): TRIMESH collision created successfully (distance: 14.56, vertices: 8)
[22:58:21] TERRAIN: Chunk created successfully: (-4.0, 14.0) at world pos (-128.0, 0.0, 448.0) (total chunks: 669)
[22:58:21] TERRAIN: Creating chunk: (-4.0, -14.0) at distance 14.56
[22:58:21] TERRAIN: Chunk (-4.0, -14.0): TRIMESH collision created successfully (distance: 14.56, vertices: 8)
[22:58:21] TERRAIN: Chunk created successfully: (-4.0, -14.0) at world pos (-128.0, 0.0, -448.0) (total chunks: 670)
[22:58:21] TERRAIN: Creating chunk: (14.0, 4.0) at distance 14.56
[22:58:21] TERRAIN: Chunk (14.0, 4.0): TRIMESH collision created successfully (distance: 14.56, vertices: 8)
[22:58:21] TERRAIN: Chunk created successfully: (14.0, 4.0) at world pos (448.0, 0.0, 128.0) (total chunks: 671)
[22:58:21] TERRAIN: Creating chunk: (-14.0, 4.0) at distance 14.56
[22:58:21] TERRAIN: Chunk (-14.0, 4.0): TRIMESH collision created successfully (distance: 14.56, vertices: 8)
[22:58:21] TERRAIN: Chunk created successfully: (-14.0, 4.0) at world pos (-448.0, 0.0, 128.0) (total chunks: 672)
[22:58:21] TERRAIN: Creating chunk: (-14.0, -4.0) at distance 14.56
[22:58:21] TERRAIN: Chunk (-14.0, -4.0): TRIMESH collision created successfully (distance: 14.56, vertices: 8)
[22:58:21] TERRAIN: Chunk created successfully: (-14.0, -4.0) at world pos (-448.0, 0.0, -128.0) (total chunks: 673)
[22:58:21] TERRAIN: Creating chunk: (13.0, -7.0) at distance 14.76
[22:58:21] TERRAIN: Chunk (13.0, -7.0): TRIMESH collision created successfully (distance: 14.76, vertices: 8)
[22:58:21] TERRAIN: Chunk created successfully: (13.0, -7.0) at world pos (416.0, 0.0, -224.0) (total chunks: 674)
[22:58:21] TERRAIN: Creating chunk: (7.0, 13.0) at distance 14.76
[22:58:21] TERRAIN: Chunk (7.0, 13.0): TRIMESH collision created successfully (distance: 14.76, vertices: 8)
[22:58:21] TERRAIN: Chunk created successfully: (7.0, 13.0) at world pos (224.0, 0.0, 416.0) (total chunks: 675)
[22:58:21] TERRAIN: Creating chunk: (7.0, -13.0) at distance 14.76
[22:58:21] TERRAIN: Chunk (7.0, -13.0): TRIMESH collision created successfully (distance: 14.76, vertices: 8)
[22:58:21] TERRAIN: Chunk created successfully: (7.0, -13.0) at world pos (224.0, 0.0, -416.0) (total chunks: 676)
[22:58:21] TERRAIN: Creating chunk: (-7.0, 13.0) at distance 14.76
[22:58:21] TERRAIN: Chunk (-7.0, 13.0): TRIMESH collision created successfully (distance: 14.76, vertices: 8)
[22:58:21] TERRAIN: Chunk created successfully: (-7.0, 13.0) at world pos (-224.0, 0.0, 416.0) (total chunks: 677)
[22:58:21] TERRAIN: Creating chunk: (-7.0, -13.0) at distance 14.76
[22:58:21] TERRAIN: Chunk (-7.0, -13.0): TRIMESH collision created successfully (distance: 14.76, vertices: 8)
[22:58:21] TERRAIN: Chunk created successfully: (-7.0, -13.0) at world pos (-224.0, 0.0, -416.0) (total chunks: 678)
[22:58:21] TERRAIN: Creating chunk: (-13.0, 7.0) at distance 14.76
[22:58:21] TERRAIN: Chunk (-13.0, 7.0): TRIMESH collision created successfully (distance: 14.76, vertices: 8)
[22:58:21] TERRAIN: Chunk created successfully: (-13.0, 7.0) at world pos (-416.0, 0.0, 224.0) (total chunks: 679)
[22:58:21] TERRAIN: Creating chunk: (-13.0, -7.0) at distance 14.76
[22:58:21] TERRAIN: Chunk (-13.0, -7.0): TRIMESH collision created successfully (distance: 14.76, vertices: 8)
[22:58:21] TERRAIN: Chunk created successfully: (-13.0, -7.0) at world pos (-416.0, 0.0, -224.0) (total chunks: 680)
[22:58:21] TERRAIN: Creating chunk: (13.0, 7.0) at distance 14.76
[22:58:21] TERRAIN: Chunk (13.0, 7.0): TRIMESH collision created successfully (distance: 14.76, vertices: 8)
[22:58:21] TERRAIN: Chunk created successfully: (13.0, 7.0) at world pos (416.0, 0.0, 224.0) (total chunks: 681)
[22:58:21] TERRAIN: Creating chunk: (14.0, -5.0) at distance 14.87
[22:58:21] TERRAIN: Chunk (14.0, -5.0): TRIMESH collision created successfully (distance: 14.87, vertices: 8)
[22:58:21] TERRAIN: Chunk created successfully: (14.0, -5.0) at world pos (448.0, 0.0, -160.0) (total chunks: 682)
[22:58:21] TERRAIN: Creating chunk: (11.0, 10.0) at distance 14.87
[22:58:21] TERRAIN: Chunk (11.0, 10.0): TRIMESH collision created successfully (distance: 14.87, vertices: 8)
[22:58:21] TERRAIN: Chunk created successfully: (11.0, 10.0) at world pos (352.0, 0.0, 320.0) (total chunks: 683)
[22:58:21] TERRAIN: Creating chunk: (11.0, -10.0) at distance 14.87
[22:58:21] TERRAIN: Chunk (11.0, -10.0): TRIMESH collision created successfully (distance: 14.87, vertices: 8)
[22:58:21] TERRAIN: Chunk created successfully: (11.0, -10.0) at world pos (352.0, 0.0, -320.0) (total chunks: 684)
[22:58:21] TERRAIN: Creating chunk: (10.0, 11.0) at distance 14.87
[22:58:21] TERRAIN: Chunk (10.0, 11.0): TRIMESH collision created successfully (distance: 14.87, vertices: 8)
[22:58:21] TERRAIN: Chunk created successfully: (10.0, 11.0) at world pos (320.0, 0.0, 352.0) (total chunks: 685)
[22:58:21] TERRAIN: Creating chunk: (10.0, -11.0) at distance 14.87
[22:58:21] TERRAIN: Chunk (10.0, -11.0): TRIMESH collision created successfully (distance: 14.87, vertices: 8)
[22:58:21] TERRAIN: Chunk created successfully: (10.0, -11.0) at world pos (320.0, 0.0, -352.0) (total chunks: 686)
[22:58:21] TERRAIN: Creating chunk: (5.0, 14.0) at distance 14.87
[22:58:21] TERRAIN: Chunk (5.0, 14.0): TRIMESH collision created successfully (distance: 14.87, vertices: 8)
[22:58:21] TERRAIN: Chunk created successfully: (5.0, 14.0) at world pos (160.0, 0.0, 448.0) (total chunks: 687)
[22:58:21] TERRAIN: Creating chunk: (5.0, -14.0) at distance 14.87
[22:58:21] TERRAIN: Chunk (5.0, -14.0): TRIMESH collision created successfully (distance: 14.87, vertices: 8)
[22:58:21] TERRAIN: Chunk created successfully: (5.0, -14.0) at world pos (160.0, 0.0, -448.0) (total chunks: 688)
[22:58:21] TERRAIN: Creating chunk: (-5.0, 14.0) at distance 14.87
[22:58:21] TERRAIN: Chunk (-5.0, 14.0): TRIMESH collision created successfully (distance: 14.87, vertices: 8)
[22:58:21] TERRAIN: Chunk created successfully: (-5.0, 14.0) at world pos (-160.0, 0.0, 448.0) (total chunks: 689)
[22:58:21] TERRAIN: Creating chunk: (-5.0, -14.0) at distance 14.87
[22:58:21] TERRAIN: Chunk (-5.0, -14.0): TRIMESH collision created successfully (distance: 14.87, vertices: 8)
[22:58:21] TERRAIN: Chunk created successfully: (-5.0, -14.0) at world pos (-160.0, 0.0, -448.0) (total chunks: 690)
[22:58:21] TERRAIN: Creating chunk: (-10.0, 11.0) at distance 14.87
[22:58:21] TERRAIN: Chunk (-10.0, 11.0): TRIMESH collision created successfully (distance: 14.87, vertices: 8)
[22:58:21] TERRAIN: Chunk created successfully: (-10.0, 11.0) at world pos (-320.0, 0.0, 352.0) (total chunks: 691)
[22:58:21] TERRAIN: Creating chunk: (-10.0, -11.0) at distance 14.87
[22:58:21] TERRAIN: Chunk (-10.0, -11.0): TRIMESH collision created successfully (distance: 14.87, vertices: 8)
[22:58:21] TERRAIN: Chunk created successfully: (-10.0, -11.0) at world pos (-320.0, 0.0, -352.0) (total chunks: 692)
[22:58:21] TERRAIN: Creating chunk: (-11.0, 10.0) at distance 14.87
[22:58:21] TERRAIN: Chunk (-11.0, 10.0): TRIMESH collision created successfully (distance: 14.87, vertices: 8)
[22:58:21] TERRAIN: Chunk created successfully: (-11.0, 10.0) at world pos (-352.0, 0.0, 320.0) (total chunks: 693)
[22:58:21] TERRAIN: Creating chunk: (-11.0, -10.0) at distance 14.87
[22:58:21] TERRAIN: Chunk (-11.0, -10.0): TRIMESH collision created successfully (distance: 14.87, vertices: 8)
[22:58:21] TERRAIN: Chunk created successfully: (-11.0, -10.0) at world pos (-352.0, 0.0, -320.0) (total chunks: 694)
[22:58:21] TERRAIN: Creating chunk: (14.0, 5.0) at distance 14.87
[22:58:21] TERRAIN: Chunk (14.0, 5.0): TRIMESH collision created successfully (distance: 14.87, vertices: 8)
[22:58:21] TERRAIN: Chunk created successfully: (14.0, 5.0) at world pos (448.0, 0.0, 160.0) (total chunks: 695)
[22:58:21] TERRAIN: Creating chunk: (-14.0, 5.0) at distance 14.87
[22:58:21] TERRAIN: Chunk (-14.0, 5.0): TRIMESH collision created successfully (distance: 14.87, vertices: 8)
[22:58:21] TERRAIN: Chunk created successfully: (-14.0, 5.0) at world pos (-448.0, 0.0, 160.0) (total chunks: 696)
[22:58:21] TERRAIN: Creating chunk: (-14.0, -5.0) at distance 14.87
[22:58:21] TERRAIN: Chunk (-14.0, -5.0): TRIMESH collision created successfully (distance: 14.87, vertices: 8)
[22:58:21] TERRAIN: Chunk created successfully: (-14.0, -5.0) at world pos (-448.0, 0.0, -160.0) (total chunks: 697)
[22:58:21] TERRAIN: Creating chunk: (15.0, 0.0) at distance 15.00
[22:58:21] TERRAIN: Chunk (15.0, 0.0): TRIMESH collision created successfully (distance: 15.00, vertices: 8)
[22:58:21] TERRAIN: Chunk created successfully: (15.0, 0.0) at world pos (480.0, 0.0, 0.0) (total chunks: 698)
[22:58:21] TERRAIN: Creating chunk: (12.0, 9.0) at distance 15.00
[22:58:21] TERRAIN: Chunk (12.0, 9.0): TRIMESH collision created successfully (distance: 15.00, vertices: 8)
[22:58:21] TERRAIN: Chunk created successfully: (12.0, 9.0) at world pos (384.0, 0.0, 288.0) (total chunks: 699)
[22:58:21] TERRAIN: Creating chunk: (12.0, -9.0) at distance 15.00
[22:58:21] TERRAIN: Chunk (12.0, -9.0): TRIMESH collision created successfully (distance: 15.00, vertices: 8)
[22:58:21] TERRAIN: Chunk created successfully: (12.0, -9.0) at world pos (384.0, 0.0, -288.0) (total chunks: 700)
[22:58:21] TERRAIN: Creating chunk: (9.0, 12.0) at distance 15.00
[22:58:21] TERRAIN: Chunk (9.0, 12.0): TRIMESH collision created successfully (distance: 15.00, vertices: 8)
[22:58:21] TERRAIN: Chunk created successfully: (9.0, 12.0) at world pos (288.0, 0.0, 384.0) (total chunks: 701)
[22:58:21] TERRAIN: Creating chunk: (9.0, -12.0) at distance 15.00
[22:58:21] TERRAIN: Chunk (9.0, -12.0): TRIMESH collision created successfully (distance: 15.00, vertices: 8)
[22:58:21] TERRAIN: Chunk created successfully: (9.0, -12.0) at world pos (288.0, 0.0, -384.0) (total chunks: 702)
[22:58:21] TERRAIN: Creating chunk: (0.0, 15.0) at distance 15.00
[22:58:21] TERRAIN: Chunk (0.0, 15.0): TRIMESH collision created successfully (distance: 15.00, vertices: 8)
[22:58:21] TERRAIN: Chunk created successfully: (0.0, 15.0) at world pos (0.0, 0.0, 480.0) (total chunks: 703)
[22:58:21] TERRAIN: Creating chunk: (0.0, -15.0) at distance 15.00
[22:58:21] TERRAIN: Chunk (0.0, -15.0): TRIMESH collision created successfully (distance: 15.00, vertices: 8)
[22:58:21] TERRAIN: Chunk created successfully: (0.0, -15.0) at world pos (0.0, 0.0, -480.0) (total chunks: 704)
[22:58:21] TERRAIN: Creating chunk: (-9.0, 12.0) at distance 15.00
[22:58:21] TERRAIN: Chunk (-9.0, 12.0): TRIMESH collision created successfully (distance: 15.00, vertices: 8)
[22:58:21] TERRAIN: Chunk created successfully: (-9.0, 12.0) at world pos (-288.0, 0.0, 384.0) (total chunks: 705)
[22:58:21] TERRAIN: Creating chunk: (-9.0, -12.0) at distance 15.00
[22:58:21] TERRAIN: Chunk (-9.0, -12.0): TRIMESH collision created successfully (distance: 15.00, vertices: 8)
[22:58:21] TERRAIN: Chunk created successfully: (-9.0, -12.0) at world pos (-288.0, 0.0, -384.0) (total chunks: 706)
[22:58:21] TERRAIN: Creating chunk: (-12.0, 9.0) at distance 15.00
[22:58:21] TERRAIN: Chunk (-12.0, 9.0): TRIMESH collision created successfully (distance: 15.00, vertices: 8)
[22:58:21] TERRAIN: Chunk created successfully: (-12.0, 9.0) at world pos (-384.0, 0.0, 288.0) (total chunks: 707)
[22:58:21] TERRAIN: Creating chunk: (-12.0, -9.0) at distance 15.00
[22:58:21] TERRAIN: Chunk (-12.0, -9.0): TRIMESH collision created successfully (distance: 15.00, vertices: 8)
[22:58:21] TERRAIN: Chunk created successfully: (-12.0, -9.0) at world pos (-384.0, 0.0, -288.0) (total chunks: 708)
[22:58:21] TERRAIN: Creating chunk: (-15.0, 0.0) at distance 15.00
[22:58:21] TERRAIN: Chunk (-15.0, 0.0): TRIMESH collision created successfully (distance: 15.00, vertices: 8)
[22:58:21] TERRAIN: Chunk created successfully: (-15.0, 0.0) at world pos (-480.0, 0.0, 0.0) (total chunks: 709)
[22:58:21] PLAYER: Pos: (0.0, 0.00036, 0.0) | Chunk: (0.0, 0.0) | TerrainHeight: 0.00 | HeightDiff: 0.00 | OnFloor: true
[22:58:22] PLAYER: Pos: (0.0, 0.00036, 0.0) | Chunk: (0.0, 0.0) | TerrainHeight: 0.00 | HeightDiff: 0.00 | OnFloor: true
[22:58:23] PLAYER: Pos: (0.0, 0.00036, 0.0) | Chunk: (0.0, 0.0) | TerrainHeight: 0.00 | HeightDiff: 0.00 | OnFloor: true
[22:58:24] PLAYER: Pos: (0.0, 0.00036, 0.0) | Chunk: (0.0, 0.0) | TerrainHeight: 0.00 | HeightDiff: 0.00 | OnFloor: true
[22:58:25] PLAYER: Pos: (0.0, 0.00036, 0.0) | Chunk: (0.0, 0.0) | TerrainHeight: 0.00 | HeightDiff: 0.00 | OnFloor: true
[22:58:26] PLAYER: Pos: (0.0, 0.00036, 0.0) | Chunk: (0.0, 0.0) | TerrainHeight: 0.00 | HeightDiff: 0.00 | OnFloor: true
[22:58:27] PLAYER: Pos: (0.0, 0.00036, 0.0) | Chunk: (0.0, 0.0) | TerrainHeight: 0.00 | HeightDiff: 0.00 | OnFloor: true
[22:58:28] PLAYER: Pos: (0.0, 0.00036, 0.0) | Chunk: (0.0, 0.0) | TerrainHeight: 0.00 | HeightDiff: 0.00 | OnFloor: true
[22:58:29] PLAYER: Pos: (0.0, 0.00036, 0.0) | Chunk: (0.0, 0.0) | TerrainHeight: 0.00 | HeightDiff: 0.00 | OnFloor: true
[22:58:30] PLAYER: Pos: (0.0, 0.00036, 0.0) | Chunk: (0.0, 0.0) | TerrainHeight: 0.00 | HeightDiff: 0.00 | OnFloor: true
[22:58:31] PLAYER: Pos: (0.0, 0.00036, 0.0) | Chunk: (0.0, 0.0) | TerrainHeight: 0.00 | HeightDiff: 0.00 | OnFloor: true
[22:58:32] PLAYER: Pos: (0.0, 0.00036, 0.0) | Chunk: (0.0, 0.0) | TerrainHeight: 0.00 | HeightDiff: 0.00 | OnFloor: true
[22:58:33] PLAYER: Pos: (0.0, 0.00036, 0.0) | Chunk: (0.0, 0.0) | TerrainHeight: 0.00 | HeightDiff: 0.00 | OnFloor: true
[22:58:34] PLAYER: Pos: (0.0, 0.00036, 0.0) | Chunk: (0.0, 0.0) | TerrainHeight: 0.00 | HeightDiff: 0.00 | OnFloor: true
[22:58:35] PLAYER: Pos: (0.0, 0.00036, 0.0) | Chunk: (0.0, 0.0) | TerrainHeight: 0.00 | HeightDiff: 0.00 | OnFloor: true
[22:58:36] PLAYER: Pos: (0.0, 0.00036, 0.0) | Chunk: (0.0, 0.0) | TerrainHeight: 0.00 | HeightDiff: 0.00 | OnFloor: true
[22:58:37] PLAYER: Pos: (0.0, 0.00036, 0.0) | Chunk: (0.0, 0.0) | TerrainHeight: 0.00 | HeightDiff: 0.00 | OnFloor: true
[22:58:38] PLAYER: Pos: (0.0, 0.00036, 0.0) | Chunk: (0.0, 0.0) | TerrainHeight: 0.00 | HeightDiff: 0.00 | OnFloor: true
[22:58:39] PLAYER: Pos: (0.0, 0.00036, 0.0) | Chunk: (0.0, 0.0) | TerrainHeight: 0.00 | HeightDiff: 0.00 | OnFloor: true
[22:58:40] PLAYER: Pos: (0.0, 0.00036, 0.0) | Chunk: (0.0, 0.0) | TerrainHeight: 0.00 | HeightDiff: 0.00 | OnFloor: true
[22:58:41] PLAYER: Pos: (0.0, 0.00036, 0.0) | Chunk: (0.0, 0.0) | TerrainHeight: 0.00 | HeightDiff: 0.00 | OnFloor: true
[22:58:42] PLAYER: Pos: (0.0, 0.00036, 0.0) | Chunk: (0.0, 0.0) | TerrainHeight: 0.00 | HeightDiff: 0.00 | OnFloor: true
[22:58:43] PLAYER: Pos: (0.0, 0.00036, 0.0) | Chunk: (0.0, 0.0) | TerrainHeight: 0.00 | HeightDiff: 0.00 | OnFloor: true
[22:58:44] PLAYER: Pos: (0.0, 0.00036, 0.0) | Chunk: (0.0, 0.0) | TerrainHeight: 0.00 | HeightDiff: 0.00 | OnFloor: true
[22:58:45] PLAYER: Pos: (0.0, 0.00036, 0.0) | Chunk: (0.0, 0.0) | TerrainHeight: 0.00 | HeightDiff: 0.00 | OnFloor: true
[22:58:46] PLAYER: Pos: (0.0, 0.00036, 0.0) | Chunk: (0.0, 0.0) | TerrainHeight: 0.00 | HeightDiff: 0.00 | OnFloor: true
[22:58:47] PLAYER: Pos: (0.0, 0.00036, 0.0) | Chunk: (0.0, 0.0) | TerrainHeight: 0.00 | HeightDiff: 0.00 | OnFloor: true
[22:58:48] PLAYER: Pos: (0.0, 0.00036, 0.0) | Chunk: (0.0, 0.0) | TerrainHeight: 0.00 | HeightDiff: 0.00 | OnFloor: true
[22:58:49] PLAYER: Pos: (0.0, 0.00036, 0.0) | Chunk: (0.0, 0.0) | TerrainHeight: 0.00 | HeightDiff: 0.00 | OnFloor: true
[22:58:50] PLAYER: Pos: (0.0, 0.00036, 0.0) | Chunk: (0.0, 0.0) | TerrainHeight: 0.00 | HeightDiff: 0.00 | OnFloor: true
[22:58:51] PLAYER: Pos: (0.0, 0.00036, 0.0) | Chunk: (0.0, 0.0) | TerrainHeight: 0.00 | HeightDiff: 0.00 | OnFloor: true
[22:58:52] PLAYER: Pos: (0.0, 0.00036, 0.0) | Chunk: (0.0, 0.0) | TerrainHeight: 0.00 | HeightDiff: 0.00 | OnFloor: true
[22:58:53] PLAYER: Pos: (0.0, 0.00036, 0.0) | Chunk: (0.0, 0.0) | TerrainHeight: 0.00 | HeightDiff: 0.00 | OnFloor: true
[22:58:54] PLAYER: Pos: (0.0, 0.00036, 0.0) | Chunk: (0.0, 0.0) | TerrainHeight: 0.00 | HeightDiff: 0.00 | OnFloor: true
[22:58:55] PLAYER: Pos: (0.0, 0.00036, 0.0) | Chunk: (0.0, 0.0) | TerrainHeight: 0.00 | HeightDiff: 0.00 | OnFloor: true
[22:58:56] PLAYER: Pos: (0.0, 0.00036, 0.0) | Chunk: (0.0, 0.0) | TerrainHeight: 0.00 | HeightDiff: 0.00 | OnFloor: true
[22:58:57] PLAYER: Pos: (0.0, 0.00036, 0.0) | Chunk: (0.0, 0.0) | TerrainHeight: 0.00 | HeightDiff: 0.00 | OnFloor: true
[22:58:58] PLAYER: Pos: (0.0, 0.00036, 0.0) | Chunk: (0.0, 0.0) | TerrainHeight: 0.00 | HeightDiff: 0.00 | OnFloor: true
[22:58:59] PLAYER: Pos: (0.0, 0.00036, 0.0) | Chunk: (0.0, 0.0) | TerrainHeight: 0.00 | HeightDiff: 0.00 | OnFloor: true
[22:59:00] PLAYER: Pos: (0.0, 0.00036, 0.0) | Chunk: (0.0, 0.0) | TerrainHeight: 0.00 | HeightDiff: 0.00 | OnFloor: true
[22:59:01] PLAYER: Pos: (0.0, 0.00036, 0.0) | Chunk: (0.0, 0.0) | TerrainHeight: 0.00 | HeightDiff: 0.00 | OnFloor: true
[22:59:02] PLAYER: Pos: (0.0, 0.00036, 0.0) | Chunk: (0.0, 0.0) | TerrainHeight: 0.00 | HeightDiff: 0.00 | OnFloor: true
[22:59:03] PLAYER: Pos: (0.0, 0.00036, 0.0) | Chunk: (0.0, 0.0) | TerrainHeight: 0.00 | HeightDiff: 0.00 | OnFloor: true
[22:59:04] PLAYER: Pos: (0.0, 0.00036, 0.0) | Chunk: (0.0, 0.0) | TerrainHeight: 0.00 | HeightDiff: 0.00 | OnFloor: true
[22:59:05] PLAYER: Pos: (0.0, 0.00036, 0.0) | Chunk: (0.0, 0.0) | TerrainHeight: 0.00 | HeightDiff: 0.00 | OnFloor: true
[22:59:06] PLAYER: Pos: (0.0, 0.00036, 0.0) | Chunk: (0.0, 0.0) | TerrainHeight: 0.00 | HeightDiff: 0.00 | OnFloor: true
[22:59:07] PLAYER: Pos: (0.0, 0.00036, 0.0) | Chunk: (0.0, 0.0) | TerrainHeight: 0.00 | HeightDiff: 0.00 | OnFloor: true
[22:59:08] PLAYER: Pos: (0.0, 0.00036, 0.0) | Chunk: (0.0, 0.0) | TerrainHeight: 0.00 | HeightDiff: 0.00 | OnFloor: true
[22:59:09] PLAYER: Pos: (0.0, 0.00036, 0.0) | Chunk: (0.0, 0.0) | TerrainHeight: 0.00 | HeightDiff: 0.00 | OnFloor: true
[22:59:10] PLAYER: Pos: (0.0, 0.00036, 0.0) | Chunk: (0.0, 0.0) | TerrainHeight: 0.00 | HeightDiff: 0.00 | OnFloor: true
[22:59:11] PLAYER: Pos: (0.0, 0.00036, 0.0) | Chunk: (0.0, 0.0) | TerrainHeight: 0.00 | HeightDiff: 0.00 | OnFloor: true
[22:59:12] PLAYER: Pos: (0.0, 0.00036, 0.0) | Chunk: (0.0, 0.0) | TerrainHeight: 0.00 | HeightDiff: 0.00 | OnFloor: true
[22:59:13] PLAYER: Pos: (0.0, 0.00036, 0.0) | Chunk: (0.0, 0.0) | TerrainHeight: 0.00 | HeightDiff: 0.00 | OnFloor: true
[22:59:14] PLAYER: Pos: (0.0, 0.00036, 0.0) | Chunk: (0.0, 0.0) | TerrainHeight: 0.00 | HeightDiff: 0.00 | OnFloor: true
[22:59:15] PLAYER: Pos: (0.0, 0.00036, 0.0) | Chunk: (0.0, 0.0) | TerrainHeight: 0.00 | HeightDiff: 0.00 | OnFloor: true
[22:59:16] PLAYER: Pos: (0.0, 0.00036, 0.0) | Chunk: (0.0, 0.0) | TerrainHeight: 0.00 | HeightDiff: 0.00 | OnFloor: true
[22:59:17] PLAYER: Pos: (0.0, 0.00036, 0.0) | Chunk: (0.0, 0.0) | TerrainHeight: 0.00 | HeightDiff: 0.00 | OnFloor: true
[22:59:18] PLAYER: Pos: (0.0, 0.00036, 0.0) | Chunk: (0.0, 0.0) | TerrainHeight: 0.00 | HeightDiff: 0.00 | OnFloor: true
[22:59:19] PLAYER: Pos: (0.0, 0.00036, 0.0) | Chunk: (0.0, 0.0) | TerrainHeight: 0.00 | HeightDiff: 0.00 | OnFloor: true
[22:59:20] PLAYER: Pos: (0.0, 0.00036, 0.0) | Chunk: (0.0, 0.0) | TerrainHeight: 0.00 | HeightDiff: 0.00 | OnFloor: true
[22:59:21] PLAYER: Pos: (0.0, 0.00036, 0.0) | Chunk: (0.0, 0.0) | TerrainHeight: 0.00 | HeightDiff: 0.00 | OnFloor: true
[22:59:22] PLAYER: Pos: (0.0, 0.00036, 0.0) | Chunk: (0.0, 0.0) | TerrainHeight: 0.00 | HeightDiff: 0.00 | OnFloor: true
[22:59:23] PLAYER: Pos: (0.0, 0.00036, 0.0) | Chunk: (0.0, 0.0) | TerrainHeight: 0.00 | HeightDiff: 0.00 | OnFloor: true
[22:59:24] PLAYER: Pos: (0.0, 0.00036, 0.0) | Chunk: (0.0, 0.0) | TerrainHeight: 0.00 | HeightDiff: 0.00 | OnFloor: true
[22:59:25] PLAYER: Pos: (0.0, 0.00036, 0.0) | Chunk: (0.0, 0.0) | TerrainHeight: 0.00 | HeightDiff: 0.00 | OnFloor: true
[22:59:26] PLAYER: Pos: (0.0, 0.00036, 0.0) | Chunk: (0.0, 0.0) | TerrainHeight: 0.00 | HeightDiff: 0.00 | OnFloor: true
[22:59:27] PLAYER: Pos: (0.0, 0.00036, 0.0) | Chunk: (0.0, 0.0) | TerrainHeight: 0.00 | HeightDiff: 0.00 | OnFloor: true
[22:59:28] PLAYER: Pos: (0.0, 0.00036, 0.0) | Chunk: (0.0, 0.0) | TerrainHeight: 0.00 | HeightDiff: 0.00 | OnFloor: true
[22:59:29] PLAYER: Pos: (0.0, 0.00036, 0.0) | Chunk: (0.0, 0.0) | TerrainHeight: 0.00 | HeightDiff: 0.00 | OnFloor: true
[22:59:30] PLAYER: Pos: (0.0, 0.00036, 0.0) | Chunk: (0.0, 0.0) | TerrainHeight: 0.00 | HeightDiff: 0.00 | OnFloor: true
[22:59:31] PLAYER: Pos: (0.0, 0.00036, 0.0) | Chunk: (0.0, 0.0) | TerrainHeight: 0.00 | HeightDiff: 0.00 | OnFloor: true
[22:59:32] PLAYER: Pos: (0.0, 0.00036, 0.0) | Chunk: (0.0, 0.0) | TerrainHeight: 0.00 | HeightDiff: 0.00 | OnFloor: true
[22:59:33] PLAYER: Pos: (0.0, 0.00036, 0.0) | Chunk: (0.0, 0.0) | TerrainHeight: 0.00 | HeightDiff: 0.00 | OnFloor: true
[22:59:34] PLAYER: Pos: (0.0, 0.00036, 0.0) | Chunk: (0.0, 0.0) | TerrainHeight: 0.00 | HeightDiff: 0.00 | OnFloor: true
[22:59:35] PLAYER: Pos: (0.0, 0.00036, 0.0) | Chunk: (0.0, 0.0) | TerrainHeight: 0.00 | HeightDiff: 0.00 | OnFloor: true
[22:59:36] PLAYER: Pos: (0.0, 0.00036, 0.0) | Chunk: (0.0, 0.0) | TerrainHeight: 0.00 | HeightDiff: 0.00 | OnFloor: true
[22:59:37] PLAYER: Pos: (0.0, 0.00036, 0.0) | Chunk: (0.0, 0.0) | TerrainHeight: 0.00 | HeightDiff: 0.00 | OnFloor: true
[22:59:38] PLAYER: Pos: (0.0, 0.00036, 0.0) | Chunk: (0.0, 0.0) | TerrainHeight: 0.00 | HeightDiff: 0.00 | OnFloor: true
[22:59:39] PLAYER: Pos: (0.0, 0.00036, 0.0) | Chunk: (0.0, 0.0) | TerrainHeight: 0.00 | HeightDiff: 0.00 | OnFloor: true
[22:59:40] PLAYER: Pos: (0.0, 0.00036, 0.0) | Chunk: (0.0, 0.0) | TerrainHeight: 0.00 | HeightDiff: 0.00 | OnFloor: true
[22:59:41] PLAYER: Pos: (0.0, 0.00036, 0.0) | Chunk: (0.0, 0.0) | TerrainHeight: 0.00 | HeightDiff: 0.00 | OnFloor: true
[22:59:42] PLAYER: Pos: (0.0, 0.00036, 0.0) | Chunk: (0.0, 0.0) | TerrainHeight: 0.00 | HeightDiff: 0.00 | OnFloor: true
[22:59:43] PLAYER: Pos: (0.0, 0.00036, 0.0) | Chunk: (0.0, 0.0) | TerrainHeight: 0.00 | HeightDiff: 0.00 | OnFloor: true
[22:59:44] PLAYER: Pos: (0.0, 0.00036, 0.0) | Chunk: (0.0, 0.0) | TerrainHeight: 0.00 | HeightDiff: 0.00 | OnFloor: true
[22:59:45] PLAYER: Pos: (0.0, 0.00036, 0.0) | Chunk: (0.0, 0.0) | TerrainHeight: 0.00 | HeightDiff: 0.00 | OnFloor: true
[22:59:46] PLAYER: Pos: (0.0, 0.00036, 0.0) | Chunk: (0.0, 0.0) | TerrainHeight: 0.00 | HeightDiff: 0.00 | OnFloor: true
[22:59:47] PLAYER: Pos: (0.0, 0.00036, 0.0) | Chunk: (0.0, 0.0) | TerrainHeight: 0.00 | HeightDiff: 0.00 | OnFloor: true
[22:59:48] PLAYER: Pos: (0.0, 0.00036, 0.0) | Chunk: (0.0, 0.0) | TerrainHeight: 0.00 | HeightDiff: 0.00 | OnFloor: true
[22:59:49] PLAYER: Pos: (0.0, 0.00036, 0.0) | Chunk: (0.0, 0.0) | TerrainHeight: 0.00 | HeightDiff: 0.00 | OnFloor: true
[22:59:49] TERRAIN: Player moved to new chunk: (0.0, -1.0) (was (0.0, 0.0))
[22:59:50] PLAYER: Pos: (2.479853, -0.005402, -1.56995) | Chunk: (0.0, -1.0) | TerrainHeight: -0.01 | HeightDiff: 0.00 | OnFloor: true
[22:59:50] PLAYER: CHUNK CHANGED: (0.0, 0.0) -> (0.0, -1.0)
[22:59:50] TERRAIN: Player moved to new chunk: (0.0, 0.0) (was (0.0, -1.0))
[22:59:51] PLAYER: Pos: (6.196921, 0.00209, 1.236416) | Chunk: (0.0, 0.0) | TerrainHeight: 0.00 | HeightDiff: -0.00 | OnFloor: true
[22:59:51] PLAYER: CHUNK CHANGED: (0.0, -1.0) -> (0.0, 0.0)
[22:59:52] PLAYER: Pos: (9.000813, 0.016874, 5.376004) | Chunk: (0.0, 0.0) | TerrainHeight: 0.02 | HeightDiff: -0.00 | OnFloor: true
[22:59:53] PLAYER: Pos: (11.80469, 0.031517, 9.515577) | Chunk: (0.0, 0.0) | TerrainHeight: 0.03 | HeightDiff: -0.00 | OnFloor: true
[22:59:54] PLAYER: Pos: (14.60858, 0.04032, 13.65523) | Chunk: (0.0, 0.0) | TerrainHeight: 0.04 | HeightDiff: 0.00 | OnFloor: true
[22:59:55] PLAYER: Pos: (16.43116, 0.035476, 16.3461) | Chunk: (0.0, 0.0) | TerrainHeight: 0.04 | HeightDiff: 0.00 | OnFloor: true
[22:59:56] PLAYER: Pos: (17.41179, 0.037489, 18.37116) | Chunk: (0.0, 0.0) | TerrainHeight: 0.04 | HeightDiff: -0.00 | OnFloor: true
[22:59:56] PLAYER: Pos: (16.08621, 0.043078, 23.00635) | Chunk: (0.0, 0.0) | TerrainHeight: 0.04 | HeightDiff: 0.00 | OnFloor: true
[22:59:57] PLAYER: Pos: (12.77924, 0.053478, 26.45875) | Chunk: (0.0, 0.0) | TerrainHeight: 0.06 | HeightDiff: -0.00 | OnFloor: true
[22:59:58] PLAYER: Pos: (7.930975, 0.040716, 27.44905) | Chunk: (0.0, 0.0) | TerrainHeight: 0.04 | HeightDiff: -0.00 | OnFloor: true
[22:59:59] PLAYER: Pos: (3.066118, 0.033692, 26.65421) | Chunk: (0.0, 0.0) | TerrainHeight: 0.03 | HeightDiff: -0.00 | OnFloor: true
[23:00:00] TERRAIN: Player moved to new chunk: (-1.0, 0.0) (was (0.0, 0.0))
[23:00:00] PLAYER: Pos: (-0.995418, 0.048434, 23.73844) | Chunk: (-1.0, 0.0) | TerrainHeight: 0.05 | HeightDiff: -0.00 | OnFloor: true
[23:00:00] PLAYER: CHUNK CHANGED: (0.0, 0.0) -> (-1.0, 0.0)
[23:00:01] PLAYER: Pos: (-4.766017, 0.039987, 20.4785) | Chunk: (-1.0, 0.0) | TerrainHeight: 0.04 | HeightDiff: -0.00 | OnFloor: true
[23:00:02] PLAYER: Pos: (-8.561273, 0.027146, 17.22329) | Chunk: (-1.0, 0.0) | TerrainHeight: 0.03 | HeightDiff: 0.00 | OnFloor: true
[23:00:03] PLAYER: Pos: (-12.35885, 0.024314, 13.97078) | Chunk: (-1.0, 0.0) | TerrainHeight: 0.02 | HeightDiff: 0.00 | OnFloor: true
[23:00:04] PLAYER: Pos: (-16.15644, 0.016989, 10.71828) | Chunk: (-1.0, 0.0) | TerrainHeight: 0.02 | HeightDiff: -0.00 | OnFloor: true
[23:00:05] PLAYER: Pos: (-16.78938, 0.015866, 10.1762) | Chunk: (-1.0, 0.0) | TerrainHeight: 0.02 | HeightDiff: 0.00 | OnFloor: true
[23:00:06] PLAYER: Pos: (-16.78938, 0.015866, 10.1762) | Chunk: (-1.0, 0.0) | TerrainHeight: 0.02 | HeightDiff: 0.00 | OnFloor: true
[23:00:07] PLAYER: Pos: (-16.78938, 0.015866, 10.1762) | Chunk: (-1.0, 0.0) | TerrainHeight: 0.02 | HeightDiff: 0.00 | OnFloor: true
[23:00:08] PLAYER: Pos: (-16.78938, 0.015866, 10.1762) | Chunk: (-1.0, 0.0) | TerrainHeight: 0.02 | HeightDiff: 0.00 | OnFloor: true
[23:00:09] PLAYER: Pos: (-16.78938, 0.015866, 10.1762) | Chunk: (-1.0, 0.0) | TerrainHeight: 0.02 | HeightDiff: 0.00 | OnFloor: true
[23:00:10] PLAYER: Pos: (-16.78938, 0.015866, 10.1762) | Chunk: (-1.0, 0.0) | TerrainHeight: 0.02 | HeightDiff: 0.00 | OnFloor: true
[23:00:11] PLAYER: Pos: (-16.78938, 0.015866, 10.1762) | Chunk: (-1.0, 0.0) | TerrainHeight: 0.02 | HeightDiff: 0.00 | OnFloor: true
[23:00:12] PLAYER: Pos: (-16.78938, 0.015866, 10.1762) | Chunk: (-1.0, 0.0) | TerrainHeight: 0.02 | HeightDiff: 0.00 | OnFloor: true
[23:00:13] PLAYER: Pos: (-16.78938, 0.015866, 10.1762) | Chunk: (-1.0, 0.0) | TerrainHeight: 0.02 | HeightDiff: 0.00 | OnFloor: true
[23:00:14] PLAYER: Pos: (-16.78938, 0.015866, 10.1762) | Chunk: (-1.0, 0.0) | TerrainHeight: 0.02 | HeightDiff: 0.00 | OnFloor: true
[23:00:15] PLAYER: Pos: (-16.78938, 0.015866, 10.1762) | Chunk: (-1.0, 0.0) | TerrainHeight: 0.02 | HeightDiff: 0.00 | OnFloor: true
[23:00:16] PLAYER: Pos: (-16.78938, 0.015866, 10.1762) | Chunk: (-1.0, 0.0) | TerrainHeight: 0.02 | HeightDiff: 0.00 | OnFloor: true
[23:00:17] PLAYER: Pos: (-16.78938, 0.015866, 10.1762) | Chunk: (-1.0, 0.0) | TerrainHeight: 0.02 | HeightDiff: 0.00 | OnFloor: true
[23:00:18] PLAYER: Pos: (-16.78938, 0.015866, 10.1762) | Chunk: (-1.0, 0.0) | TerrainHeight: 0.02 | HeightDiff: 0.00 | OnFloor: true
[23:00:19] PLAYER: Pos: (-16.78938, 0.015866, 10.1762) | Chunk: (-1.0, 0.0) | TerrainHeight: 0.02 | HeightDiff: 0.00 | OnFloor: true
[23:00:20] PLAYER: Pos: (-16.78938, 0.015866, 10.1762) | Chunk: (-1.0, 0.0) | TerrainHeight: 0.02 | HeightDiff: 0.00 | OnFloor: true
[23:00:21] PLAYER: Pos: (-16.78938, 0.015866, 10.1762) | Chunk: (-1.0, 0.0) | TerrainHeight: 0.02 | HeightDiff: 0.00 | OnFloor: true
[23:00:22] PLAYER: Pos: (-16.78938, 0.015866, 10.1762) | Chunk: (-1.0, 0.0) | TerrainHeight: 0.02 | HeightDiff: 0.00 | OnFloor: true
[23:00:23] PLAYER: Pos: (-16.78938, 0.015866, 10.1762) | Chunk: (-1.0, 0.0) | TerrainHeight: 0.02 | HeightDiff: 0.00 | OnFloor: true
[23:00:24] PLAYER: Pos: (-16.78938, 0.015866, 10.1762) | Chunk: (-1.0, 0.0) | TerrainHeight: 0.02 | HeightDiff: 0.00 | OnFloor: true
[23:00:25] PLAYER: Pos: (-16.78938, 0.015866, 10.1762) | Chunk: (-1.0, 0.0) | TerrainHeight: 0.02 | HeightDiff: 0.00 | OnFloor: true
[23:00:26] PLAYER: Pos: (-16.78938, 0.015866, 10.1762) | Chunk: (-1.0, 0.0) | TerrainHeight: 0.02 | HeightDiff: 0.00 | OnFloor: true
[23:00:27] PLAYER: Pos: (-16.78938, 0.015866, 10.1762) | Chunk: (-1.0, 0.0) | TerrainHeight: 0.02 | HeightDiff: 0.00 | OnFloor: true
[23:00:28] PLAYER: Pos: (-16.78938, 0.015866, 10.1762) | Chunk: (-1.0, 0.0) | TerrainHeight: 0.02 | HeightDiff: 0.00 | OnFloor: true
[23:00:29] PLAYER: Pos: (-16.78938, 0.015866, 10.1762) | Chunk: (-1.0, 0.0) | TerrainHeight: 0.02 | HeightDiff: 0.00 | OnFloor: true
[23:00:30] PLAYER: Pos: (-16.78938, 0.015866, 10.1762) | Chunk: (-1.0, 0.0) | TerrainHeight: 0.02 | HeightDiff: 0.00 | OnFloor: true
[23:00:31] PLAYER: Pos: (-16.78938, 0.015866, 10.1762) | Chunk: (-1.0, 0.0) | TerrainHeight: 0.02 | HeightDiff: 0.00 | OnFloor: true
[23:00:32] PLAYER: Pos: (-16.78938, 0.015866, 10.1762) | Chunk: (-1.0, 0.0) | TerrainHeight: 0.02 | HeightDiff: 0.00 | OnFloor: true
[23:00:33] PLAYER: Pos: (-16.78938, 0.015866, 10.1762) | Chunk: (-1.0, 0.0) | TerrainHeight: 0.02 | HeightDiff: 0.00 | OnFloor: true
[23:00:34] PLAYER: Pos: (-16.78938, 0.015866, 10.1762) | Chunk: (-1.0, 0.0) | TerrainHeight: 0.02 | HeightDiff: 0.00 | OnFloor: true
[23:00:35] PLAYER: Pos: (-16.78938, 0.015866, 10.1762) | Chunk: (-1.0, 0.0) | TerrainHeight: 0.02 | HeightDiff: 0.00 | OnFloor: true
[23:00:36] PLAYER: Pos: (-16.78938, 0.015866, 10.1762) | Chunk: (-1.0, 0.0) | TerrainHeight: 0.02 | HeightDiff: 0.00 | OnFloor: true
[23:00:37] PLAYER: Pos: (-16.78938, 0.015866, 10.1762) | Chunk: (-1.0, 0.0) | TerrainHeight: 0.02 | HeightDiff: 0.00 | OnFloor: true
[23:00:38] PLAYER: Pos: (-16.78938, 0.015866, 10.1762) | Chunk: (-1.0, 0.0) | TerrainHeight: 0.02 | HeightDiff: 0.00 | OnFloor: true
[23:00:39] PLAYER: Pos: (-16.78938, 0.015866, 10.1762) | Chunk: (-1.0, 0.0) | TerrainHeight: 0.02 | HeightDiff: 0.00 | OnFloor: true
[23:00:40] PLAYER: Pos: (-16.78938, 0.015866, 10.1762) | Chunk: (-1.0, 0.0) | TerrainHeight: 0.02 | HeightDiff: 0.00 | OnFloor: true
[23:00:41] PLAYER: Pos: (-16.78938, 0.015866, 10.1762) | Chunk: (-1.0, 0.0) | TerrainHeight: 0.02 | HeightDiff: 0.00 | OnFloor: true
[23:00:42] PLAYER: Pos: (-16.78938, 0.015866, 10.1762) | Chunk: (-1.0, 0.0) | TerrainHeight: 0.02 | HeightDiff: 0.00 | OnFloor: true
[23:00:43] PLAYER: Pos: (-16.78938, 0.015866, 10.1762) | Chunk: (-1.0, 0.0) | TerrainHeight: 0.02 | HeightDiff: 0.00 | OnFloor: true
[23:00:44] PLAYER: Pos: (-16.78938, 0.015866, 10.1762) | Chunk: (-1.0, 0.0) | TerrainHeight: 0.02 | HeightDiff: 0.00 | OnFloor: true
[23:00:45] PLAYER: Pos: (-16.78938, 0.015866, 10.1762) | Chunk: (-1.0, 0.0) | TerrainHeight: 0.02 | HeightDiff: 0.00 | OnFloor: true
[23:00:46] PLAYER: Pos: (-16.78938, 0.015866, 10.1762) | Chunk: (-1.0, 0.0) | TerrainHeight: 0.02 | HeightDiff: 0.00 | OnFloor: true
[23:00:47] PLAYER: Pos: (-16.78938, 0.015866, 10.1762) | Chunk: (-1.0, 0.0) | TerrainHeight: 0.02 | HeightDiff: 0.00 | OnFloor: true
[23:00:48] PLAYER: Pos: (-16.78938, 0.015866, 10.1762) | Chunk: (-1.0, 0.0) | TerrainHeight: 0.02 | HeightDiff: 0.00 | OnFloor: true
[23:00:49] PLAYER: Pos: (-16.78938, 0.015866, 10.1762) | Chunk: (-1.0, 0.0) | TerrainHeight: 0.02 | HeightDiff: 0.00 | OnFloor: true
[23:00:50] PLAYER: Pos: (-16.78938, 0.015866, 10.1762) | Chunk: (-1.0, 0.0) | TerrainHeight: 0.02 | HeightDiff: 0.00 | OnFloor: true
[23:00:51] PLAYER: Pos: (-16.78938, 0.015866, 10.1762) | Chunk: (-1.0, 0.0) | TerrainHeight: 0.02 | HeightDiff: 0.00 | OnFloor: true
[23:00:52] PLAYER: Pos: (-16.78938, 0.015866, 10.1762) | Chunk: (-1.0, 0.0) | TerrainHeight: 0.02 | HeightDiff: 0.00 | OnFloor: true
[23:00:53] PLAYER: Pos: (-16.78938, 0.015866, 10.1762) | Chunk: (-1.0, 0.0) | TerrainHeight: 0.02 | HeightDiff: 0.00 | OnFloor: true
[23:00:54] PLAYER: Pos: (-16.78938, 0.015866, 10.1762) | Chunk: (-1.0, 0.0) | TerrainHeight: 0.02 | HeightDiff: 0.00 | OnFloor: true
[23:00:55] PLAYER: Pos: (-16.78938, 0.015866, 10.1762) | Chunk: (-1.0, 0.0) | TerrainHeight: 0.02 | HeightDiff: 0.00 | OnFloor: true
[23:00:56] PLAYER: Pos: (-16.78938, 0.015866, 10.1762) | Chunk: (-1.0, 0.0) | TerrainHeight: 0.02 | HeightDiff: 0.00 | OnFloor: true
[23:00:57] PLAYER: Pos: (-16.78938, 0.015866, 10.1762) | Chunk: (-1.0, 0.0) | TerrainHeight: 0.02 | HeightDiff: 0.00 | OnFloor: true
[23:00:58] PLAYER: Pos: (-16.78938, 0.015866, 10.1762) | Chunk: (-1.0, 0.0) | TerrainHeight: 0.02 | HeightDiff: 0.00 | OnFloor: true
[23:00:59] PLAYER: Pos: (-16.78938, 0.015866, 10.1762) | Chunk: (-1.0, 0.0) | TerrainHeight: 0.02 | HeightDiff: 0.00 | OnFloor: true
[23:01:00] PLAYER: Pos: (-16.78938, 0.015866, 10.1762) | Chunk: (-1.0, 0.0) | TerrainHeight: 0.02 | HeightDiff: 0.00 | OnFloor: true
[23:01:01] PLAYER: Pos: (-16.78938, 0.015866, 10.1762) | Chunk: (-1.0, 0.0) | TerrainHeight: 0.02 | HeightDiff: 0.00 | OnFloor: true
[23:01:02] PLAYER: Pos: (-16.78938, 0.015866, 10.1762) | Chunk: (-1.0, 0.0) | TerrainHeight: 0.02 | HeightDiff: 0.00 | OnFloor: true
[23:01:03] PLAYER: Pos: (-16.78938, 0.015866, 10.1762) | Chunk: (-1.0, 0.0) | TerrainHeight: 0.02 | HeightDiff: 0.00 | OnFloor: true
[23:01:04] PLAYER: Pos: (-16.78938, 0.015866, 10.1762) | Chunk: (-1.0, 0.0) | TerrainHeight: 0.02 | HeightDiff: 0.00 | OnFloor: true
[23:01:05] PLAYER: Pos: (-16.78938, 0.015866, 10.1762) | Chunk: (-1.0, 0.0) | TerrainHeight: 0.02 | HeightDiff: 0.00 | OnFloor: true
[23:01:06] PLAYER: Pos: (-16.78938, 0.015866, 10.1762) | Chunk: (-1.0, 0.0) | TerrainHeight: 0.02 | HeightDiff: 0.00 | OnFloor: true
[23:01:07] PLAYER: Pos: (-16.78938, 0.015866, 10.1762) | Chunk: (-1.0, 0.0) | TerrainHeight: 0.02 | HeightDiff: 0.00 | OnFloor: true
[23:01:08] PLAYER: Pos: (-16.78938, 0.015866, 10.1762) | Chunk: (-1.0, 0.0) | TerrainHeight: 0.02 | HeightDiff: 0.00 | OnFloor: true
[23:01:09] PLAYER: Pos: (-16.78938, 0.015866, 10.1762) | Chunk: (-1.0, 0.0) | TerrainHeight: 0.02 | HeightDiff: 0.00 | OnFloor: true
[23:01:10] PLAYER: Pos: (-16.78938, 0.015866, 10.1762) | Chunk: (-1.0, 0.0) | TerrainHeight: 0.02 | HeightDiff: 0.00 | OnFloor: true
[23:01:11] PLAYER: Pos: (-16.78938, 0.015866, 10.1762) | Chunk: (-1.0, 0.0) | TerrainHeight: 0.02 | HeightDiff: 0.00 | OnFloor: true
[23:01:12] PLAYER: Pos: (-16.78938, 0.015866, 10.1762) | Chunk: (-1.0, 0.0) | TerrainHeight: 0.02 | HeightDiff: 0.00 | OnFloor: true
[23:01:13] PLAYER: Pos: (-16.78938, 0.015866, 10.1762) | Chunk: (-1.0, 0.0) | TerrainHeight: 0.02 | HeightDiff: 0.00 | OnFloor: true
[23:01:14] PLAYER: Pos: (-16.78938, 0.015866, 10.1762) | Chunk: (-1.0, 0.0) | TerrainHeight: 0.02 | HeightDiff: 0.00 | OnFloor: true
[23:01:15] PLAYER: Pos: (-16.78938, 0.015866, 10.1762) | Chunk: (-1.0, 0.0) | TerrainHeight: 0.02 | HeightDiff: 0.00 | OnFloor: true
[23:01:16] PLAYER: Pos: (-16.78938, 0.015866, 10.1762) | Chunk: (-1.0, 0.0) | TerrainHeight: 0.02 | HeightDiff: 0.00 | OnFloor: true
[23:01:17] PLAYER: Pos: (-16.78938, 0.015866, 10.1762) | Chunk: (-1.0, 0.0) | TerrainHeight: 0.02 | HeightDiff: 0.00 | OnFloor: true
[23:01:18] PLAYER: Pos: (-16.78938, 0.015866, 10.1762) | Chunk: (-1.0, 0.0) | TerrainHeight: 0.02 | HeightDiff: 0.00 | OnFloor: true
[23:01:19] PLAYER: Pos: (-16.78938, 0.015866, 10.1762) | Chunk: (-1.0, 0.0) | TerrainHeight: 0.02 | HeightDiff: 0.00 | OnFloor: true
[23:01:20] PLAYER: Pos: (-16.78938, 0.015866, 10.1762) | Chunk: (-1.0, 0.0) | TerrainHeight: 0.02 | HeightDiff: 0.00 | OnFloor: true
[23:01:21] PLAYER: Pos: (-16.78938, 0.015866, 10.1762) | Chunk: (-1.0, 0.0) | TerrainHeight: 0.02 | HeightDiff: 0.00 | OnFloor: true
[23:01:22] PLAYER: Pos: (-16.78938, 0.015866, 10.1762) | Chunk: (-1.0, 0.0) | TerrainHeight: 0.02 | HeightDiff: 0.00 | OnFloor: true
[23:01:23] PLAYER: Pos: (-16.78938, 0.015866, 10.1762) | Chunk: (-1.0, 0.0) | TerrainHeight: 0.02 | HeightDiff: 0.00 | OnFloor: true
[23:01:24] PLAYER: Pos: (-16.78938, 0.015866, 10.1762) | Chunk: (-1.0, 0.0) | TerrainHeight: 0.02 | HeightDiff: 0.00 | OnFloor: true
[23:01:25] PLAYER: Pos: (-16.78938, 0.015866, 10.1762) | Chunk: (-1.0, 0.0) | TerrainHeight: 0.02 | HeightDiff: 0.00 | OnFloor: true
[23:01:26] PLAYER: Pos: (-16.78938, 0.015866, 10.1762) | Chunk: (-1.0, 0.0) | TerrainHeight: 0.02 | HeightDiff: 0.00 | OnFloor: true
[23:01:27] PLAYER: Pos: (-16.78938, 0.015866, 10.1762) | Chunk: (-1.0, 0.0) | TerrainHeight: 0.02 | HeightDiff: 0.00 | OnFloor: true
[23:01:28] PLAYER: Pos: (-16.78938, 0.015866, 10.1762) | Chunk: (-1.0, 0.0) | TerrainHeight: 0.02 | HeightDiff: 0.00 | OnFloor: true
[23:01:29] PLAYER: Pos: (-16.78938, 0.015866, 10.1762) | Chunk: (-1.0, 0.0) | TerrainHeight: 0.02 | HeightDiff: 0.00 | OnFloor: true
[23:01:30] PLAYER: Pos: (-16.78938, 0.015866, 10.1762) | Chunk: (-1.0, 0.0) | TerrainHeight: 0.02 | HeightDiff: 0.00 | OnFloor: true
[23:01:31] PLAYER: Pos: (-16.78938, 0.015866, 10.1762) | Chunk: (-1.0, 0.0) | TerrainHeight: 0.02 | HeightDiff: 0.00 | OnFloor: true
[23:01:32] PLAYER: Pos: (-16.78938, 0.015866, 10.1762) | Chunk: (-1.0, 0.0) | TerrainHeight: 0.02 | HeightDiff: 0.00 | OnFloor: true
[23:01:33] PLAYER: Pos: (-16.78938, 0.015866, 10.1762) | Chunk: (-1.0, 0.0) | TerrainHeight: 0.02 | HeightDiff: 0.00 | OnFloor: true
[23:01:34] PLAYER: Pos: (-16.78938, 0.015866, 10.1762) | Chunk: (-1.0, 0.0) | TerrainHeight: 0.02 | HeightDiff: 0.00 | OnFloor: true
[23:01:35] PLAYER: Pos: (-16.78938, 0.015866, 10.1762) | Chunk: (-1.0, 0.0) | TerrainHeight: 0.02 | HeightDiff: 0.00 | OnFloor: true
[23:01:36] PLAYER: Pos: (-16.78938, 0.015866, 10.1762) | Chunk: (-1.0, 0.0) | TerrainHeight: 0.02 | HeightDiff: 0.00 | OnFloor: true
[23:01:37] PLAYER: Pos: (-16.78938, 0.015866, 10.1762) | Chunk: (-1.0, 0.0) | TerrainHeight: 0.02 | HeightDiff: 0.00 | OnFloor: true
[23:01:38] PLAYER: Pos: (-16.78938, 0.015866, 10.1762) | Chunk: (-1.0, 0.0) | TerrainHeight: 0.02 | HeightDiff: 0.00 | OnFloor: true
[23:01:39] PLAYER: Pos: (-16.78938, 0.015866, 10.1762) | Chunk: (-1.0, 0.0) | TerrainHeight: 0.02 | HeightDiff: 0.00 | OnFloor: true
[23:01:40] PLAYER: Pos: (-16.78938, 0.015866, 10.1762) | Chunk: (-1.0, 0.0) | TerrainHeight: 0.02 | HeightDiff: 0.00 | OnFloor: true
[23:01:41] PLAYER: Pos: (-16.78938, 0.015866, 10.1762) | Chunk: (-1.0, 0.0) | TerrainHeight: 0.02 | HeightDiff: 0.00 | OnFloor: true
[23:01:42] PLAYER: Pos: (-16.78938, 0.015866, 10.1762) | Chunk: (-1.0, 0.0) | TerrainHeight: 0.02 | HeightDiff: 0.00 | OnFloor: true
[23:01:43] PLAYER: Pos: (-16.78938, 0.015866, 10.1762) | Chunk: (-1.0, 0.0) | TerrainHeight: 0.02 | HeightDiff: 0.00 | OnFloor: true
[23:01:44] PLAYER: Pos: (-16.78938, 0.015866, 10.1762) | Chunk: (-1.0, 0.0) | TerrainHeight: 0.02 | HeightDiff: 0.00 | OnFloor: true
[23:01:45] PLAYER: Pos: (-16.78938, 0.015866, 10.1762) | Chunk: (-1.0, 0.0) | TerrainHeight: 0.02 | HeightDiff: 0.00 | OnFloor: true
[23:01:46] PLAYER: Pos: (-16.78938, 0.015866, 10.1762) | Chunk: (-1.0, 0.0) | TerrainHeight: 0.02 | HeightDiff: 0.00 | OnFloor: true
[23:01:47] PLAYER: Pos: (-16.78938, 0.015866, 10.1762) | Chunk: (-1.0, 0.0) | TerrainHeight: 0.02 | HeightDiff: 0.00 | OnFloor: true
[23:01:48] PLAYER: Pos: (-16.78938, 0.015866, 10.1762) | Chunk: (-1.0, 0.0) | TerrainHeight: 0.02 | HeightDiff: 0.00 | OnFloor: true
[23:01:49] PLAYER: Pos: (-16.78938, 0.015866, 10.1762) | Chunk: (-1.0, 0.0) | TerrainHeight: 0.02 | HeightDiff: 0.00 | OnFloor: true
[23:01:50] PLAYER: Pos: (-16.78938, 0.015866, 10.1762) | Chunk: (-1.0, 0.0) | TerrainHeight: 0.02 | HeightDiff: 0.00 | OnFloor: true
[23:01:51] PLAYER: Pos: (-16.78938, 0.015866, 10.1762) | Chunk: (-1.0, 0.0) | TerrainHeight: 0.02 | HeightDiff: 0.00 | OnFloor: true
[23:01:52] PLAYER: Pos: (-16.78938, 0.015866, 10.1762) | Chunk: (-1.0, 0.0) | TerrainHeight: 0.02 | HeightDiff: 0.00 | OnFloor: true
[23:01:53] PLAYER: Pos: (-16.78938, 0.015866, 10.1762) | Chunk: (-1.0, 0.0) | TerrainHeight: 0.02 | HeightDiff: 0.00 | OnFloor: true
[23:01:54] PLAYER: Pos: (-16.78938, 0.015866, 10.1762) | Chunk: (-1.0, 0.0) | TerrainHeight: 0.02 | HeightDiff: 0.00 | OnFloor: true
[23:01:55] PLAYER: Pos: (-16.78938, 0.015866, 10.1762) | Chunk: (-1.0, 0.0) | TerrainHeight: 0.02 | HeightDiff: 0.00 | OnFloor: true
[23:01:56] PLAYER: Pos: (-16.78938, 0.015866, 10.1762) | Chunk: (-1.0, 0.0) | TerrainHeight: 0.02 | HeightDiff: 0.00 | OnFloor: true
[23:01:57] PLAYER: Pos: (-16.78938, 0.015866, 10.1762) | Chunk: (-1.0, 0.0) | TerrainHeight: 0.02 | HeightDiff: 0.00 | OnFloor: true
[23:01:58] PLAYER: Pos: (-16.78938, 0.015866, 10.1762) | Chunk: (-1.0, 0.0) | TerrainHeight: 0.02 | HeightDiff: 0.00 | OnFloor: true
[23:01:59] PLAYER: Pos: (-16.78938, 0.015866, 10.1762) | Chunk: (-1.0, 0.0) | TerrainHeight: 0.02 | HeightDiff: 0.00 | OnFloor: true
[23:02:00] PLAYER: Pos: (-16.78938, 0.015866, 10.1762) | Chunk: (-1.0, 0.0) | TerrainHeight: 0.02 | HeightDiff: 0.00 | OnFloor: true
[23:02:01] PLAYER: Pos: (-16.78938, 0.015866, 10.1762) | Chunk: (-1.0, 0.0) | TerrainHeight: 0.02 | HeightDiff: 0.00 | OnFloor: true
[23:02:02] PLAYER: Pos: (-16.78938, 0.015866, 10.1762) | Chunk: (-1.0, 0.0) | TerrainHeight: 0.02 | HeightDiff: 0.00 | OnFloor: true
[23:02:03] PLAYER: Pos: (-16.78938, 0.015866, 10.1762) | Chunk: (-1.0, 0.0) | TerrainHeight: 0.02 | HeightDiff: 0.00 | OnFloor: true
[23:02:04] PLAYER: Pos: (-16.78938, 0.015866, 10.1762) | Chunk: (-1.0, 0.0) | TerrainHeight: 0.02 | HeightDiff: 0.00 | OnFloor: true
[23:02:05] PLAYER: Pos: (-16.78938, 0.015866, 10.1762) | Chunk: (-1.0, 0.0) | TerrainHeight: 0.02 | HeightDiff: 0.00 | OnFloor: true
[23:02:06] PLAYER: Pos: (-16.78938, 0.015866, 10.1762) | Chunk: (-1.0, 0.0) | TerrainHeight: 0.02 | HeightDiff: 0.00 | OnFloor: true
[23:02:07] PLAYER: Pos: (-16.78938, 0.015866, 10.1762) | Chunk: (-1.0, 0.0) | TerrainHeight: 0.02 | HeightDiff: 0.00 | OnFloor: true
[23:02:08] PLAYER: Pos: (-16.78938, 0.015866, 10.1762) | Chunk: (-1.0, 0.0) | TerrainHeight: 0.02 | HeightDiff: 0.00 | OnFloor: true
[23:02:09] PLAYER: Pos: (-16.78938, 0.015866, 10.1762) | Chunk: (-1.0, 0.0) | TerrainHeight: 0.02 | HeightDiff: 0.00 | OnFloor: true
[23:02:10] PLAYER: Pos: (-16.78938, 0.015866, 10.1762) | Chunk: (-1.0, 0.0) | TerrainHeight: 0.02 | HeightDiff: 0.00 | OnFloor: true
[23:02:11] PLAYER: Pos: (-16.78938, 0.015866, 10.1762) | Chunk: (-1.0, 0.0) | TerrainHeight: 0.02 | HeightDiff: 0.00 | OnFloor: true
[23:02:12] PLAYER: Pos: (-16.78938, 0.015866, 10.1762) | Chunk: (-1.0, 0.0) | TerrainHeight: 0.02 | HeightDiff: 0.00 | OnFloor: true
[23:02:13] PLAYER: Pos: (-16.78938, 0.015866, 10.1762) | Chunk: (-1.0, 0.0) | TerrainHeight: 0.02 | HeightDiff: 0.00 | OnFloor: true
[23:02:14] PLAYER: Pos: (-16.78938, 0.015866, 10.1762) | Chunk: (-1.0, 0.0) | TerrainHeight: 0.02 | HeightDiff: 0.00 | OnFloor: true
[23:02:15] PLAYER: Pos: (-16.78938, 0.015866, 10.1762) | Chunk: (-1.0, 0.0) | TerrainHeight: 0.02 | HeightDiff: 0.00 | OnFloor: true
[23:02:16] PLAYER: Pos: (-16.78938, 0.015866, 10.1762) | Chunk: (-1.0, 0.0) | TerrainHeight: 0.02 | HeightDiff: 0.00 | OnFloor: true
[23:02:17] PLAYER: Pos: (-16.78938, 0.015866, 10.1762) | Chunk: (-1.0, 0.0) | TerrainHeight: 0.02 | HeightDiff: 0.00 | OnFloor: true
[23:02:17] PLAYER: Pos: (-16.78938, 0.015866, 10.1762) | Chunk: (-1.0, 0.0) | TerrainHeight: 0.02 | HeightDiff: 0.00 | OnFloor: true
[23:02:18] PLAYER: Pos: (-16.78938, 0.015866, 10.1762) | Chunk: (-1.0, 0.0) | TerrainHeight: 0.02 | HeightDiff: 0.00 | OnFloor: true
[23:02:19] PLAYER: Pos: (-16.78938, 0.015866, 10.1762) | Chunk: (-1.0, 0.0) | TerrainHeight: 0.02 | HeightDiff: 0.00 | OnFloor: true
[23:02:20] PLAYER: Pos: (-16.78938, 0.015866, 10.1762) | Chunk: (-1.0, 0.0) | TerrainHeight: 0.02 | HeightDiff: 0.00 | OnFloor: true
[23:02:21] PLAYER: Pos: (-16.78938, 0.015866, 10.1762) | Chunk: (-1.0, 0.0) | TerrainHeight: 0.02 | HeightDiff: 0.00 | OnFloor: true
[23:02:22] PLAYER: Pos: (-16.78938, 0.015866, 10.1762) | Chunk: (-1.0, 0.0) | TerrainHeight: 0.02 | HeightDiff: 0.00 | OnFloor: true
[23:02:23] PLAYER: Pos: (-16.78938, 0.015866, 10.1762) | Chunk: (-1.0, 0.0) | TerrainHeight: 0.02 | HeightDiff: 0.00 | OnFloor: true
[23:02:24] PLAYER: Pos: (-16.78938, 0.015866, 10.1762) | Chunk: (-1.0, 0.0) | TerrainHeight: 0.02 | HeightDiff: 0.00 | OnFloor: true
[23:02:25] PLAYER: Pos: (-16.78938, 0.015866, 10.1762) | Chunk: (-1.0, 0.0) | TerrainHeight: 0.02 | HeightDiff: 0.00 | OnFloor: true
[23:02:26] PLAYER: Pos: (-16.78938, 0.015866, 10.1762) | Chunk: (-1.0, 0.0) | TerrainHeight: 0.02 | HeightDiff: 0.00 | OnFloor: true
[23:02:27] PLAYER: Pos: (-16.78938, 0.015866, 10.1762) | Chunk: (-1.0, 0.0) | TerrainHeight: 0.02 | HeightDiff: 0.00 | OnFloor: true
[23:02:28] PLAYER: Pos: (-16.78938, 0.015866, 10.1762) | Chunk: (-1.0, 0.0) | TerrainHeight: 0.02 | HeightDiff: 0.00 | OnFloor: true
[23:02:29] PLAYER: Pos: (-16.78938, 0.015866, 10.1762) | Chunk: (-1.0, 0.0) | TerrainHeight: 0.02 | HeightDiff: 0.00 | OnFloor: true
[23:02:30] PLAYER: Pos: (-16.78938, 0.015866, 10.1762) | Chunk: (-1.0, 0.0) | TerrainHeight: 0.02 | HeightDiff: 0.00 | OnFloor: true
[23:02:31] PLAYER: Pos: (-16.78938, 0.015866, 10.1762) | Chunk: (-1.0, 0.0) | TerrainHeight: 0.02 | HeightDiff: 0.00 | OnFloor: true
[23:02:32] PLAYER: Pos: (-16.78938, 0.015866, 10.1762) | Chunk: (-1.0, 0.0) | TerrainHeight: 0.02 | HeightDiff: 0.00 | OnFloor: true
[23:02:33] PLAYER: Pos: (-16.78938, 0.015866, 10.1762) | Chunk: (-1.0, 0.0) | TerrainHeight: 0.02 | HeightDiff: 0.00 | OnFloor: true
[23:02:34] PLAYER: Pos: (-16.78938, 0.015866, 10.1762) | Chunk: (-1.0, 0.0) | TerrainHeight: 0.02 | HeightDiff: 0.00 | OnFloor: true
[23:02:35] PLAYER: Pos: (-16.78938, 0.015866, 10.1762) | Chunk: (-1.0, 0.0) | TerrainHeight: 0.02 | HeightDiff: 0.00 | OnFloor: true
[23:02:36] PLAYER: Pos: (-16.78938, 0.015866, 10.1762) | Chunk: (-1.0, 0.0) | TerrainHeight: 0.02 | HeightDiff: 0.00 | OnFloor: true
[23:02:37] PLAYER: Pos: (-16.78938, 0.015866, 10.1762) | Chunk: (-1.0, 0.0) | TerrainHeight: 0.02 | HeightDiff: 0.00 | OnFloor: true
[23:02:38] PLAYER: Pos: (-16.78938, 0.015866, 10.1762) | Chunk: (-1.0, 0.0) | TerrainHeight: 0.02 | HeightDiff: 0.00 | OnFloor: true
[23:02:39] PLAYER: Pos: (-16.78938, 0.015866, 10.1762) | Chunk: (-1.0, 0.0) | TerrainHeight: 0.02 | HeightDiff: 0.00 | OnFloor: true
[23:02:40] PLAYER: Pos: (-16.78938, 0.015866, 10.1762) | Chunk: (-1.0, 0.0) | TerrainHeight: 0.02 | HeightDiff: 0.00 | OnFloor: true
[23:02:41] PLAYER: Pos: (-16.78938, 0.015866, 10.1762) | Chunk: (-1.0, 0.0) | TerrainHeight: 0.02 | HeightDiff: 0.00 | OnFloor: true
[23:02:42] PLAYER: Pos: (-16.78938, 0.015866, 10.1762) | Chunk: (-1.0, 0.0) | TerrainHeight: 0.02 | HeightDiff: 0.00 | OnFloor: true
[23:02:43] PLAYER: Pos: (-16.78938, 0.015866, 10.1762) | Chunk: (-1.0, 0.0) | TerrainHeight: 0.02 | HeightDiff: 0.00 | OnFloor: true
[23:02:44] PLAYER: Pos: (-16.78938, 0.015866, 10.1762) | Chunk: (-1.0, 0.0) | TerrainHeight: 0.02 | HeightDiff: 0.00 | OnFloor: true
[23:02:45] PLAYER: Pos: (-16.78938, 0.015866, 10.1762) | Chunk: (-1.0, 0.0) | TerrainHeight: 0.02 | HeightDiff: 0.00 | OnFloor: true
[23:02:46] PLAYER: Pos: (-16.78938, 0.015866, 10.1762) | Chunk: (-1.0, 0.0) | TerrainHeight: 0.02 | HeightDiff: 0.00 | OnFloor: true
[23:02:47] PLAYER: Pos: (-16.78938, 0.015866, 10.1762) | Chunk: (-1.0, 0.0) | TerrainHeight: 0.02 | HeightDiff: 0.00 | OnFloor: true
[23:02:48] PLAYER: Pos: (-16.78938, 0.015866, 10.1762) | Chunk: (-1.0, 0.0) | TerrainHeight: 0.02 | HeightDiff: 0.00 | OnFloor: true
[23:02:49] PLAYER: Pos: (-16.78938, 0.015866, 10.1762) | Chunk: (-1.0, 0.0) | TerrainHeight: 0.02 | HeightDiff: 0.00 | OnFloor: true
[23:02:50] PLAYER: Pos: (-16.78938, 0.015866, 10.1762) | Chunk: (-1.0, 0.0) | TerrainHeight: 0.02 | HeightDiff: 0.00 | OnFloor: true
[23:02:51] PLAYER: Pos: (-16.78938, 0.015866, 10.1762) | Chunk: (-1.0, 0.0) | TerrainHeight: 0.02 | HeightDiff: 0.00 | OnFloor: true
[23:02:52] PLAYER: Pos: (-16.78938, 0.015866, 10.1762) | Chunk: (-1.0, 0.0) | TerrainHeight: 0.02 | HeightDiff: 0.00 | OnFloor: true
[23:02:53] PLAYER: Pos: (-16.78938, 0.015866, 10.1762) | Chunk: (-1.0, 0.0) | TerrainHeight: 0.02 | HeightDiff: 0.00 | OnFloor: true
[23:02:54] PLAYER: Pos: (-16.78938, 0.015866, 10.1762) | Chunk: (-1.0, 0.0) | TerrainHeight: 0.02 | HeightDiff: 0.00 | OnFloor: true
[23:02:55] PLAYER: Pos: (-16.78938, 0.015866, 10.1762) | Chunk: (-1.0, 0.0) | TerrainHeight: 0.02 | HeightDiff: 0.00 | OnFloor: true
[23:02:56] PLAYER: Pos: (-16.78938, 0.015866, 10.1762) | Chunk: (-1.0, 0.0) | TerrainHeight: 0.02 | HeightDiff: 0.00 | OnFloor: true
[23:02:57] PLAYER: Pos: (-16.78938, 0.015866, 10.1762) | Chunk: (-1.0, 0.0) | TerrainHeight: 0.02 | HeightDiff: 0.00 | OnFloor: true
[23:02:58] PLAYER: Pos: (-16.78938, 0.015866, 10.1762) | Chunk: (-1.0, 0.0) | TerrainHeight: 0.02 | HeightDiff: 0.00 | OnFloor: true
[23:02:59] PLAYER: Pos: (-16.78938, 0.015866, 10.1762) | Chunk: (-1.0, 0.0) | TerrainHeight: 0.02 | HeightDiff: 0.00 | OnFloor: true
[23:03:00] PLAYER: Pos: (-16.78938, 0.015866, 10.1762) | Chunk: (-1.0, 0.0) | TerrainHeight: 0.02 | HeightDiff: 0.00 | OnFloor: true
[23:03:01] PLAYER: Pos: (-16.78938, 0.015866, 10.1762) | Chunk: (-1.0, 0.0) | TerrainHeight: 0.02 | HeightDiff: 0.00 | OnFloor: true
[23:03:02] PLAYER: Pos: (-16.78938, 0.015866, 10.1762) | Chunk: (-1.0, 0.0) | TerrainHeight: 0.02 | HeightDiff: 0.00 | OnFloor: true
[23:03:03] PLAYER: Pos: (-16.78938, 0.015866, 10.1762) | Chunk: (-1.0, 0.0) | TerrainHeight: 0.02 | HeightDiff: 0.00 | OnFloor: true
[23:03:04] PLAYER: Pos: (-16.78938, 0.015866, 10.1762) | Chunk: (-1.0, 0.0) | TerrainHeight: 0.02 | HeightDiff: 0.00 | OnFloor: true
[23:03:05] PLAYER: Pos: (-16.78938, 0.015866, 10.1762) | Chunk: (-1.0, 0.0) | TerrainHeight: 0.02 | HeightDiff: 0.00 | OnFloor: true
[23:03:06] PLAYER: Pos: (-16.78938, 0.015866, 10.1762) | Chunk: (-1.0, 0.0) | TerrainHeight: 0.02 | HeightDiff: 0.00 | OnFloor: true
[23:03:07] PLAYER: Pos: (-16.78938, 0.015866, 10.1762) | Chunk: (-1.0, 0.0) | TerrainHeight: 0.02 | HeightDiff: 0.00 | OnFloor: true
[23:03:08] PLAYER: Pos: (-16.78938, 0.015866, 10.1762) | Chunk: (-1.0, 0.0) | TerrainHeight: 0.02 | HeightDiff: 0.00 | OnFloor: true
[23:03:09] PLAYER: Pos: (-16.78938, 0.015866, 10.1762) | Chunk: (-1.0, 0.0) | TerrainHeight: 0.02 | HeightDiff: 0.00 | OnFloor: true
[23:03:10] PLAYER: Pos: (-16.78938, 0.015866, 10.1762) | Chunk: (-1.0, 0.0) | TerrainHeight: 0.02 | HeightDiff: 0.00 | OnFloor: true
[23:03:11] PLAYER: Pos: (-16.78938, 0.015866, 10.1762) | Chunk: (-1.0, 0.0) | TerrainHeight: 0.02 | HeightDiff: 0.00 | OnFloor: true
[23:03:12] PLAYER: Pos: (-16.78938, 0.015866, 10.1762) | Chunk: (-1.0, 0.0) | TerrainHeight: 0.02 | HeightDiff: 0.00 | OnFloor: true
[23:03:13] PLAYER: Pos: (-16.78938, 0.015866, 10.1762) | Chunk: (-1.0, 0.0) | TerrainHeight: 0.02 | HeightDiff: 0.00 | OnFloor: true
[23:03:14] PLAYER: Pos: (-16.78938, 0.015866, 10.1762) | Chunk: (-1.0, 0.0) | TerrainHeight: 0.02 | HeightDiff: 0.00 | OnFloor: true
[23:03:15] PLAYER: Pos: (-16.78938, 0.015866, 10.1762) | Chunk: (-1.0, 0.0) | TerrainHeight: 0.02 | HeightDiff: 0.00 | OnFloor: true
[23:03:16] PLAYER: Pos: (-16.78938, 0.015866, 10.1762) | Chunk: (-1.0, 0.0) | TerrainHeight: 0.02 | HeightDiff: 0.00 | OnFloor: true
[23:03:17] PLAYER: Pos: (-16.78938, 0.015866, 10.1762) | Chunk: (-1.0, 0.0) | TerrainHeight: 0.02 | HeightDiff: 0.00 | OnFloor: true
[23:03:18] PLAYER: Pos: (-16.78938, 0.015866, 10.1762) | Chunk: (-1.0, 0.0) | TerrainHeight: 0.02 | HeightDiff: 0.00 | OnFloor: true
[23:03:19] PLAYER: Pos: (-16.78938, 0.015866, 10.1762) | Chunk: (-1.0, 0.0) | TerrainHeight: 0.02 | HeightDiff: 0.00 | OnFloor: true
[23:03:20] PLAYER: Pos: (-16.78938, 0.015866, 10.1762) | Chunk: (-1.0, 0.0) | TerrainHeight: 0.02 | HeightDiff: 0.00 | OnFloor: true
[23:03:21] PLAYER: Pos: (-16.78938, 0.015866, 10.1762) | Chunk: (-1.0, 0.0) | TerrainHeight: 0.02 | HeightDiff: 0.00 | OnFloor: true
[23:03:22] PLAYER: Pos: (-16.78938, 0.015866, 10.1762) | Chunk: (-1.0, 0.0) | TerrainHeight: 0.02 | HeightDiff: 0.00 | OnFloor: true
[23:03:23] PLAYER: Pos: (-16.78938, 0.015866, 10.1762) | Chunk: (-1.0, 0.0) | TerrainHeight: 0.02 | HeightDiff: 0.00 | OnFloor: true
[23:03:24] PLAYER: Pos: (-16.78938, 0.015866, 10.1762) | Chunk: (-1.0, 0.0) | TerrainHeight: 0.02 | HeightDiff: 0.00 | OnFloor: true
[23:03:25] PLAYER: Pos: (-16.78938, 0.015866, 10.1762) | Chunk: (-1.0, 0.0) | TerrainHeight: 0.02 | HeightDiff: 0.00 | OnFloor: true
[23:03:26] PLAYER: Pos: (-16.78938, 0.015866, 10.1762) | Chunk: (-1.0, 0.0) | TerrainHeight: 0.02 | HeightDiff: 0.00 | OnFloor: true
[23:03:27] PLAYER: Pos: (-16.78938, 0.015866, 10.1762) | Chunk: (-1.0, 0.0) | TerrainHeight: 0.02 | HeightDiff: 0.00 | OnFloor: true
[23:03:28] PLAYER: Pos: (-16.78938, 0.015866, 10.1762) | Chunk: (-1.0, 0.0) | TerrainHeight: 0.02 | HeightDiff: 0.00 | OnFloor: true
[23:03:29] PLAYER: Pos: (-16.78938, 0.015866, 10.1762) | Chunk: (-1.0, 0.0) | TerrainHeight: 0.02 | HeightDiff: 0.00 | OnFloor: true
[23:03:30] PLAYER: Pos: (-16.78938, 0.015866, 10.1762) | Chunk: (-1.0, 0.0) | TerrainHeight: 0.02 | HeightDiff: 0.00 | OnFloor: true
[23:03:31] PLAYER: Pos: (-16.78938, 0.015866, 10.1762) | Chunk: (-1.0, 0.0) | TerrainHeight: 0.02 | HeightDiff: 0.00 | OnFloor: true
[23:03:32] PLAYER: Pos: (-16.78938, 0.015866, 10.1762) | Chunk: (-1.0, 0.0) | TerrainHeight: 0.02 | HeightDiff: 0.00 | OnFloor: true
[23:03:33] PLAYER: Pos: (-16.78938, 0.015866, 10.1762) | Chunk: (-1.0, 0.0) | TerrainHeight: 0.02 | HeightDiff: 0.00 | OnFloor: true
[23:03:34] PLAYER: Pos: (-16.78938, 0.015866, 10.1762) | Chunk: (-1.0, 0.0) | TerrainHeight: 0.02 | HeightDiff: 0.00 | OnFloor: true
[23:03:35] PLAYER: Pos: (-16.78938, 0.015866, 10.1762) | Chunk: (-1.0, 0.0) | TerrainHeight: 0.02 | HeightDiff: 0.00 | OnFloor: true
[23:03:36] PLAYER: Pos: (-16.78938, 0.015866, 10.1762) | Chunk: (-1.0, 0.0) | TerrainHeight: 0.02 | HeightDiff: 0.00 | OnFloor: true
[23:03:37] PLAYER: Pos: (-16.78938, 0.015866, 10.1762) | Chunk: (-1.0, 0.0) | TerrainHeight: 0.02 | HeightDiff: 0.00 | OnFloor: true
[23:03:38] PLAYER: Pos: (-16.78938, 0.015866, 10.1762) | Chunk: (-1.0, 0.0) | TerrainHeight: 0.02 | HeightDiff: 0.00 | OnFloor: true
[23:03:39] PLAYER: Pos: (-16.78938, 0.015866, 10.1762) | Chunk: (-1.0, 0.0) | TerrainHeight: 0.02 | HeightDiff: 0.00 | OnFloor: true
[23:03:40] PLAYER: Pos: (-16.78938, 0.015866, 10.1762) | Chunk: (-1.0, 0.0) | TerrainHeight: 0.02 | HeightDiff: 0.00 | OnFloor: true
[23:03:41] PLAYER: Pos: (-16.78938, 0.015866, 10.1762) | Chunk: (-1.0, 0.0) | TerrainHeight: 0.02 | HeightDiff: 0.00 | OnFloor: true
[23:03:42] PLAYER: Pos: (-16.78938, 0.015866, 10.1762) | Chunk: (-1.0, 0.0) | TerrainHeight: 0.02 | HeightDiff: 0.00 | OnFloor: true
[23:03:43] PLAYER: Pos: (-16.78938, 0.015866, 10.1762) | Chunk: (-1.0, 0.0) | TerrainHeight: 0.02 | HeightDiff: 0.00 | OnFloor: true
[23:03:44] PLAYER: Pos: (-17.01665, 0.01362, 9.202359) | Chunk: (-1.0, 0.0) | TerrainHeight: 0.01 | HeightDiff: 0.00 | OnFloor: true
[23:03:45] PLAYER: Pos: (-15.84259, 0.007566, 4.625946) | Chunk: (-1.0, 0.0) | TerrainHeight: 0.01 | HeightDiff: -0.00 | OnFloor: true
[23:03:46] PLAYER: Pos: (-13.67082, 0.008951, 1.530993) | Chunk: (-1.0, 0.0) | TerrainHeight: 0.01 | HeightDiff: -0.00 | OnFloor: true
[23:03:46] TERRAIN: Player moved to new chunk: (-1.0, -1.0) (was (-1.0, 0.0))
[23:03:46] TERRAIN: Updating terrain for player chunk: (-1.0, -1.0) (player pos: (-13.49842, 0.005582, -0.039181))
[23:03:46] TERRAIN: Player chunk (-1.0, -1.0) distance: 0.00 (max_distance: 20)
[23:03:46] TERRAIN: Queuing 43 new chunks for generation
[23:03:46] TERRAIN: Queued chunk: (-8.0, -13.0) (distance: 13.89)
[23:03:46] TERRAIN: Queued chunk: (-13.0, -8.0) (distance: 13.89)
[23:03:46] TERRAIN: Queued chunk: (-6.0, -14.0) (distance: 13.93)
[23:03:46] TERRAIN: Queued chunk: (-14.0, -6.0) (distance: 13.93)
[23:03:46] TERRAIN: Queued chunk: (-1.0, -15.0) (distance: 14.00)
[23:03:46] TERRAIN: Queued chunk: (-15.0, -1.0) (distance: 14.00)
[23:03:46] TERRAIN: Queued chunk: (-15.0, -2.0) (distance: 14.04)
[23:03:46] TERRAIN: Queued chunk: (-2.0, -15.0) (distance: 14.04)
[23:03:46] TERRAIN: Queued chunk: (-11.0, -11.0) (distance: 14.14)
[23:03:46] TERRAIN: Queued chunk: (-3.0, -15.0) (distance: 14.14)
[23:03:46] TERRAIN: Queued chunk: (1.0, -15.0) (distance: 14.14)
[23:03:46] TERRAIN: Queued chunk: (-15.0, -3.0) (distance: 14.14)
[23:03:46] TERRAIN: Queued chunk: (-15.0, 1.0) (distance: 14.14)
[23:03:46] TERRAIN: Queued chunk: (-10.0, -12.0) (distance: 14.21)
[23:03:46] TERRAIN: Queued chunk: (-12.0, -10.0) (distance: 14.21)
[23:03:46] TERRAIN: Queued chunk: (-15.0, 2.0) (distance: 14.32)
[23:03:46] TERRAIN: Queued chunk: (-14.0, -7.0) (distance: 14.32)
[23:03:46] TERRAIN: Queued chunk: (-4.0, -15.0) (distance: 14.32)
[23:03:46] TERRAIN: Queued chunk: (-15.0, -4.0) (distance: 14.32)
[23:03:46] TERRAIN: Queued chunk: (-7.0, -14.0) (distance: 14.32)
[23:03:46] TERRAIN: Queued chunk: (2.0, -15.0) (distance: 14.32)
[23:03:46] TERRAIN: Queued chunk: (-13.0, -9.0) (distance: 14.42)
[23:03:46] TERRAIN: Queued chunk: (-9.0, -13.0) (distance: 14.42)
[23:03:46] TERRAIN: Queued chunk: (-15.0, 3.0) (distance: 14.56)
[23:03:46] TERRAIN: Queued chunk: (3.0, -15.0) (distance: 14.56)
[23:03:46] TERRAIN: Queued chunk: (-15.0, -5.0) (distance: 14.56)
[23:03:46] TERRAIN: Queued chunk: (-5.0, -15.0) (distance: 14.56)
[23:03:46] TERRAIN: Queued chunk: (6.0, -14.0) (distance: 14.76)
[23:03:46] TERRAIN: Queued chunk: (-14.0, 6.0) (distance: 14.76)
[23:03:46] TERRAIN: Queued chunk: (-14.0, -8.0) (distance: 14.76)
[23:03:46] TERRAIN: Queued chunk: (-8.0, -14.0) (distance: 14.76)
[23:03:46] TERRAIN: Queued chunk: (-6.0, -15.0) (distance: 14.87)
[23:03:46] TERRAIN: Queued chunk: (-11.0, -12.0) (distance: 14.87)
[23:03:46] TERRAIN: Queued chunk: (-12.0, -11.0) (distance: 14.87)
[23:03:46] TERRAIN: Queued chunk: (4.0, -15.0) (distance: 14.87)
[23:03:46] TERRAIN: Queued chunk: (-15.0, 4.0) (distance: 14.87)
[23:03:46] TERRAIN: Queued chunk: (-15.0, -6.0) (distance: 14.87)
[23:03:46] TERRAIN: Queued chunk: (8.0, -13.0) (distance: 15.00)
[23:03:46] TERRAIN: Queued chunk: (-1.0, -16.0) (distance: 15.00)
[23:03:46] TERRAIN: Queued chunk: (-10.0, -13.0) (distance: 15.00)
[23:03:46] TERRAIN: Queued chunk: (-13.0, 8.0) (distance: 15.00)
[23:03:46] TERRAIN: Queued chunk: (-13.0, -10.0) (distance: 15.00)
[23:03:46] TERRAIN: Queued chunk: (-16.0, -1.0) (distance: 15.00)
[23:03:46] TERRAIN: Creating chunk: (-8.0, -13.0) at distance 13.89
[23:03:46] TERRAIN: Chunk (-8.0, -13.0): TRIMESH collision created successfully (distance: 13.89, vertices: 8)
[23:03:46] TERRAIN: Chunk created successfully: (-8.0, -13.0) at world pos (-256.0, 0.0, -416.0) (total chunks: 710)
[23:03:46] TERRAIN: Creating chunk: (-13.0, -8.0) at distance 13.89
[23:03:46] TERRAIN: Chunk (-13.0, -8.0): TRIMESH collision created successfully (distance: 13.89, vertices: 8)
[23:03:46] TERRAIN: Chunk created successfully: (-13.0, -8.0) at world pos (-416.0, 0.0, -256.0) (total chunks: 711)
[23:03:46] TERRAIN: Creating chunk: (-6.0, -14.0) at distance 13.93
[23:03:46] TERRAIN: Chunk (-6.0, -14.0): TRIMESH collision created successfully (distance: 13.93, vertices: 8)
[23:03:46] TERRAIN: Chunk created successfully: (-6.0, -14.0) at world pos (-192.0, 0.0, -448.0) (total chunks: 712)
[23:03:46] TERRAIN: Creating chunk: (-14.0, -6.0) at distance 13.93
[23:03:46] TERRAIN: Chunk (-14.0, -6.0): TRIMESH collision created successfully (distance: 13.93, vertices: 8)
[23:03:46] TERRAIN: Chunk created successfully: (-14.0, -6.0) at world pos (-448.0, 0.0, -192.0) (total chunks: 713)
[23:03:46] TERRAIN: Creating chunk: (-1.0, -15.0) at distance 14.00
[23:03:46] TERRAIN: Chunk (-1.0, -15.0): TRIMESH collision created successfully (distance: 14.00, vertices: 8)
[23:03:46] TERRAIN: Chunk created successfully: (-1.0, -15.0) at world pos (-32.0, 0.0, -480.0) (total chunks: 714)
[23:03:46] TERRAIN: Creating chunk: (-15.0, -1.0) at distance 14.00
[23:03:46] TERRAIN: Chunk (-15.0, -1.0): TRIMESH collision created successfully (distance: 14.00, vertices: 8)
[23:03:46] TERRAIN: Chunk created successfully: (-15.0, -1.0) at world pos (-480.0, 0.0, -32.0) (total chunks: 715)
[23:03:46] TERRAIN: Creating chunk: (-15.0, -2.0) at distance 14.04
[23:03:46] TERRAIN: Chunk (-15.0, -2.0): TRIMESH collision created successfully (distance: 14.04, vertices: 8)
[23:03:46] TERRAIN: Chunk created successfully: (-15.0, -2.0) at world pos (-480.0, 0.0, -64.0) (total chunks: 716)
[23:03:46] TERRAIN: Creating chunk: (-2.0, -15.0) at distance 14.04
[23:03:46] TERRAIN: Chunk (-2.0, -15.0): TRIMESH collision created successfully (distance: 14.04, vertices: 8)
[23:03:46] TERRAIN: Chunk created successfully: (-2.0, -15.0) at world pos (-64.0, 0.0, -480.0) (total chunks: 717)
[23:03:46] TERRAIN: Creating chunk: (-11.0, -11.0) at distance 14.14
[23:03:46] TERRAIN: Chunk (-11.0, -11.0): TRIMESH collision created successfully (distance: 14.14, vertices: 8)
[23:03:46] TERRAIN: Chunk created successfully: (-11.0, -11.0) at world pos (-352.0, 0.0, -352.0) (total chunks: 718)
[23:03:46] TERRAIN: Creating chunk: (-3.0, -15.0) at distance 14.14
[23:03:46] TERRAIN: Chunk (-3.0, -15.0): TRIMESH collision created successfully (distance: 14.14, vertices: 8)
[23:03:46] TERRAIN: Chunk created successfully: (-3.0, -15.0) at world pos (-96.0, 0.0, -480.0) (total chunks: 719)
[23:03:46] TERRAIN: Creating chunk: (1.0, -15.0) at distance 14.14
[23:03:46] TERRAIN: Chunk (1.0, -15.0): TRIMESH collision created successfully (distance: 14.14, vertices: 8)
[23:03:46] TERRAIN: Chunk created successfully: (1.0, -15.0) at world pos (32.0, 0.0, -480.0) (total chunks: 720)
[23:03:46] TERRAIN: Creating chunk: (-15.0, -3.0) at distance 14.14
[23:03:46] TERRAIN: Chunk (-15.0, -3.0): TRIMESH collision created successfully (distance: 14.14, vertices: 8)
[23:03:46] TERRAIN: Chunk created successfully: (-15.0, -3.0) at world pos (-480.0, 0.0, -96.0) (total chunks: 721)
[23:03:46] TERRAIN: Creating chunk: (-15.0, 1.0) at distance 14.14
[23:03:46] TERRAIN: Chunk (-15.0, 1.0): TRIMESH collision created successfully (distance: 14.14, vertices: 8)
[23:03:46] TERRAIN: Chunk created successfully: (-15.0, 1.0) at world pos (-480.0, 0.0, 32.0) (total chunks: 722)
[23:03:46] TERRAIN: Creating chunk: (-10.0, -12.0) at distance 14.21
[23:03:46] TERRAIN: Chunk (-10.0, -12.0): TRIMESH collision created successfully (distance: 14.21, vertices: 8)
[23:03:46] TERRAIN: Chunk created successfully: (-10.0, -12.0) at world pos (-320.0, 0.0, -384.0) (total chunks: 723)
[23:03:46] TERRAIN: Creating chunk: (-12.0, -10.0) at distance 14.21
[23:03:46] TERRAIN: Chunk (-12.0, -10.0): TRIMESH collision created successfully (distance: 14.21, vertices: 8)
[23:03:46] TERRAIN: Chunk created successfully: (-12.0, -10.0) at world pos (-384.0, 0.0, -320.0) (total chunks: 724)
[23:03:46] TERRAIN: Creating chunk: (-15.0, 2.0) at distance 14.32
[23:03:46] TERRAIN: Chunk (-15.0, 2.0): TRIMESH collision created successfully (distance: 14.32, vertices: 8)
[23:03:46] TERRAIN: Chunk created successfully: (-15.0, 2.0) at world pos (-480.0, 0.0, 64.0) (total chunks: 725)
[23:03:46] TERRAIN: Creating chunk: (-14.0, -7.0) at distance 14.32
[23:03:46] TERRAIN: Chunk (-14.0, -7.0): TRIMESH collision created successfully (distance: 14.32, vertices: 8)
[23:03:46] TERRAIN: Chunk created successfully: (-14.0, -7.0) at world pos (-448.0, 0.0, -224.0) (total chunks: 726)
[23:03:46] TERRAIN: Creating chunk: (-4.0, -15.0) at distance 14.32
[23:03:46] TERRAIN: Chunk (-4.0, -15.0): TRIMESH collision created successfully (distance: 14.32, vertices: 8)
[23:03:46] TERRAIN: Chunk created successfully: (-4.0, -15.0) at world pos (-128.0, 0.0, -480.0) (total chunks: 727)
[23:03:46] TERRAIN: Creating chunk: (-15.0, -4.0) at distance 14.32
[23:03:46] TERRAIN: Chunk (-15.0, -4.0): TRIMESH collision created successfully (distance: 14.32, vertices: 8)
[23:03:46] TERRAIN: Chunk created successfully: (-15.0, -4.0) at world pos (-480.0, 0.0, -128.0) (total chunks: 728)
[23:03:46] TERRAIN: Creating chunk: (-7.0, -14.0) at distance 14.32
[23:03:46] TERRAIN: Chunk (-7.0, -14.0): TRIMESH collision created successfully (distance: 14.32, vertices: 8)
[23:03:46] TERRAIN: Chunk created successfully: (-7.0, -14.0) at world pos (-224.0, 0.0, -448.0) (total chunks: 729)
[23:03:46] TERRAIN: Creating chunk: (2.0, -15.0) at distance 14.32
[23:03:46] TERRAIN: Chunk (2.0, -15.0): TRIMESH collision created successfully (distance: 14.32, vertices: 8)
[23:03:46] TERRAIN: Chunk created successfully: (2.0, -15.0) at world pos (64.0, 0.0, -480.0) (total chunks: 730)
[23:03:46] TERRAIN: Creating chunk: (-13.0, -9.0) at distance 14.42
[23:03:46] TERRAIN: Chunk (-13.0, -9.0): TRIMESH collision created successfully (distance: 14.42, vertices: 8)
[23:03:46] TERRAIN: Chunk created successfully: (-13.0, -9.0) at world pos (-416.0, 0.0, -288.0) (total chunks: 731)
[23:03:46] TERRAIN: Creating chunk: (-9.0, -13.0) at distance 14.42
[23:03:46] TERRAIN: Chunk (-9.0, -13.0): TRIMESH collision created successfully (distance: 14.42, vertices: 8)
[23:03:46] TERRAIN: Chunk created successfully: (-9.0, -13.0) at world pos (-288.0, 0.0, -416.0) (total chunks: 732)
[23:03:46] TERRAIN: Creating chunk: (-15.0, 3.0) at distance 14.56
[23:03:46] TERRAIN: Chunk (-15.0, 3.0): TRIMESH collision created successfully (distance: 14.56, vertices: 8)
[23:03:46] TERRAIN: Chunk created successfully: (-15.0, 3.0) at world pos (-480.0, 0.0, 96.0) (total chunks: 733)
[23:03:46] TERRAIN: Creating chunk: (3.0, -15.0) at distance 14.56
[23:03:46] TERRAIN: Chunk (3.0, -15.0): TRIMESH collision created successfully (distance: 14.56, vertices: 8)
[23:03:46] TERRAIN: Chunk created successfully: (3.0, -15.0) at world pos (96.0, 0.0, -480.0) (total chunks: 734)
[23:03:46] TERRAIN: Creating chunk: (-15.0, -5.0) at distance 14.56
[23:03:46] TERRAIN: Chunk (-15.0, -5.0): TRIMESH collision created successfully (distance: 14.56, vertices: 8)
[23:03:46] TERRAIN: Chunk created successfully: (-15.0, -5.0) at world pos (-480.0, 0.0, -160.0) (total chunks: 735)
[23:03:46] TERRAIN: Creating chunk: (-5.0, -15.0) at distance 14.56
[23:03:46] TERRAIN: Chunk (-5.0, -15.0): TRIMESH collision created successfully (distance: 14.56, vertices: 8)
[23:03:46] TERRAIN: Chunk created successfully: (-5.0, -15.0) at world pos (-160.0, 0.0, -480.0) (total chunks: 736)
[23:03:46] TERRAIN: Creating chunk: (6.0, -14.0) at distance 14.76
[23:03:46] TERRAIN: Chunk (6.0, -14.0): TRIMESH collision created successfully (distance: 14.76, vertices: 8)
[23:03:46] TERRAIN: Chunk created successfully: (6.0, -14.0) at world pos (192.0, 0.0, -448.0) (total chunks: 737)
[23:03:46] TERRAIN: Creating chunk: (-14.0, 6.0) at distance 14.76
[23:03:46] TERRAIN: Chunk (-14.0, 6.0): TRIMESH collision created successfully (distance: 14.76, vertices: 8)
[23:03:46] TERRAIN: Chunk created successfully: (-14.0, 6.0) at world pos (-448.0, 0.0, 192.0) (total chunks: 738)
[23:03:46] TERRAIN: Creating chunk: (-14.0, -8.0) at distance 14.76
[23:03:46] TERRAIN: Chunk (-14.0, -8.0): TRIMESH collision created successfully (distance: 14.76, vertices: 8)
[23:03:46] TERRAIN: Chunk created successfully: (-14.0, -8.0) at world pos (-448.0, 0.0, -256.0) (total chunks: 739)
[23:03:46] TERRAIN: Creating chunk: (-8.0, -14.0) at distance 14.76
[23:03:46] TERRAIN: Chunk (-8.0, -14.0): TRIMESH collision created successfully (distance: 14.76, vertices: 8)
[23:03:46] TERRAIN: Chunk created successfully: (-8.0, -14.0) at world pos (-256.0, 0.0, -448.0) (total chunks: 740)
[23:03:46] TERRAIN: Creating chunk: (-6.0, -15.0) at distance 14.87
[23:03:46] TERRAIN: Chunk (-6.0, -15.0): TRIMESH collision created successfully (distance: 14.87, vertices: 8)
[23:03:46] TERRAIN: Chunk created successfully: (-6.0, -15.0) at world pos (-192.0, 0.0, -480.0) (total chunks: 741)
[23:03:46] TERRAIN: Creating chunk: (-11.0, -12.0) at distance 14.87
[23:03:46] TERRAIN: Chunk (-11.0, -12.0): TRIMESH collision created successfully (distance: 14.87, vertices: 8)
[23:03:46] TERRAIN: Chunk created successfully: (-11.0, -12.0) at world pos (-352.0, 0.0, -384.0) (total chunks: 742)
[23:03:46] TERRAIN: Creating chunk: (-12.0, -11.0) at distance 14.87
[23:03:46] TERRAIN: Chunk (-12.0, -11.0): TRIMESH collision created successfully (distance: 14.87, vertices: 8)
[23:03:46] TERRAIN: Chunk created successfully: (-12.0, -11.0) at world pos (-384.0, 0.0, -352.0) (total chunks: 743)
[23:03:46] TERRAIN: Creating chunk: (4.0, -15.0) at distance 14.87
[23:03:47] TERRAIN: Chunk (4.0, -15.0): TRIMESH collision created successfully (distance: 14.87, vertices: 8)
[23:03:47] TERRAIN: Chunk created successfully: (4.0, -15.0) at world pos (128.0, 0.0, -480.0) (total chunks: 744)
[23:03:47] TERRAIN: Creating chunk: (-15.0, 4.0) at distance 14.87
[23:03:47] TERRAIN: Chunk (-15.0, 4.0): TRIMESH collision created successfully (distance: 14.87, vertices: 8)
[23:03:47] TERRAIN: Chunk created successfully: (-15.0, 4.0) at world pos (-480.0, 0.0, 128.0) (total chunks: 745)
[23:03:47] TERRAIN: Creating chunk: (-15.0, -6.0) at distance 14.87
[23:03:47] TERRAIN: Chunk (-15.0, -6.0): TRIMESH collision created successfully (distance: 14.87, vertices: 8)
[23:03:47] TERRAIN: Chunk created successfully: (-15.0, -6.0) at world pos (-480.0, 0.0, -192.0) (total chunks: 746)
[23:03:47] TERRAIN: Creating chunk: (8.0, -13.0) at distance 15.00
[23:03:47] TERRAIN: Chunk (8.0, -13.0): TRIMESH collision created successfully (distance: 15.00, vertices: 8)
[23:03:47] TERRAIN: Chunk created successfully: (8.0, -13.0) at world pos (256.0, 0.0, -416.0) (total chunks: 747)
[23:03:47] TERRAIN: Creating chunk: (-1.0, -16.0) at distance 15.00
[23:03:47] TERRAIN: Chunk (-1.0, -16.0): TRIMESH collision created successfully (distance: 15.00, vertices: 8)
[23:03:47] TERRAIN: Chunk created successfully: (-1.0, -16.0) at world pos (-32.0, 0.0, -512.0) (total chunks: 748)
[23:03:47] TERRAIN: Creating chunk: (-10.0, -13.0) at distance 15.00
[23:03:47] TERRAIN: Chunk (-10.0, -13.0): TRIMESH collision created successfully (distance: 15.00, vertices: 8)
[23:03:47] TERRAIN: Chunk created successfully: (-10.0, -13.0) at world pos (-320.0, 0.0, -416.0) (total chunks: 749)
[23:03:47] TERRAIN: Creating chunk: (-13.0, 8.0) at distance 15.00
[23:03:47] TERRAIN: Chunk (-13.0, 8.0): TRIMESH collision created successfully (distance: 15.00, vertices: 8)
[23:03:47] TERRAIN: Chunk created successfully: (-13.0, 8.0) at world pos (-416.0, 0.0, 256.0) (total chunks: 750)
[23:03:47] TERRAIN: Creating chunk: (-13.0, -10.0) at distance 15.00
[23:03:47] TERRAIN: Chunk (-13.0, -10.0): TRIMESH collision created successfully (distance: 15.00, vertices: 8)
[23:03:47] TERRAIN: Chunk created successfully: (-13.0, -10.0) at world pos (-416.0, 0.0, -320.0) (total chunks: 751)
[23:03:47] TERRAIN: Creating chunk: (-16.0, -1.0) at distance 15.00
[23:03:47] TERRAIN: Chunk (-16.0, -1.0): TRIMESH collision created successfully (distance: 15.00, vertices: 8)
[23:03:47] TERRAIN: Chunk created successfully: (-16.0, -1.0) at world pos (-512.0, 0.0, -32.0) (total chunks: 752)
[23:03:47] PLAYER: Pos: (-13.40719, 0.001201, -2.53755) | Chunk: (-1.0, -1.0) | TerrainHeight: 0.00 | HeightDiff: -0.00 | OnFloor: true
[23:03:47] PLAYER: CHUNK CHANGED: (-1.0, 0.0) -> (-1.0, -1.0)
[23:03:48] PLAYER: Pos: (-12.31831, -0.018771, -6.921436) | Chunk: (-1.0, -1.0) | TerrainHeight: -0.02 | HeightDiff: -0.00 | OnFloor: true
[23:03:49] PLAYER: Pos: (-12.30599, -0.036431, -11.00479) | Chunk: (-1.0, -1.0) | TerrainHeight: -0.04 | HeightDiff: 0.00 | OnFloor: true
[23:03:50] PLAYER: Pos: (-12.30599, -0.036431, -11.00479) | Chunk: (-1.0, -1.0) | TerrainHeight: -0.04 | HeightDiff: 0.00 | OnFloor: true
[23:03:51] PLAYER: Pos: (-12.30599, -0.036431, -11.00479) | Chunk: (-1.0, -1.0) | TerrainHeight: -0.04 | HeightDiff: 0.00 | OnFloor: true
[23:03:52] PLAYER: Pos: (-11.79208, -0.04024, -12.14428) | Chunk: (-1.0, -1.0) | TerrainHeight: -0.04 | HeightDiff: 0.00 | OnFloor: true
[23:03:53] PLAYER: Pos: (-9.736433, -0.044804, -16.70218) | Chunk: (-1.0, -1.0) | TerrainHeight: -0.05 | HeightDiff: 0.00 | OnFloor: true
[23:03:54] PLAYER: Pos: (-8.194701, -0.04815, -20.1206) | Chunk: (-1.0, -1.0) | TerrainHeight: -0.05 | HeightDiff: 0.00 | OnFloor: true
[23:03:55] PLAYER: Pos: (-8.194701, -0.04815, -20.1206) | Chunk: (-1.0, -1.0) | TerrainHeight: -0.05 | HeightDiff: 0.00 | OnFloor: true
[23:03:56] PLAYER: Pos: (-8.194701, -0.04815, -20.1206) | Chunk: (-1.0, -1.0) | TerrainHeight: -0.05 | HeightDiff: 0.00 | OnFloor: true
[23:03:57] PLAYER: Pos: (-8.194701, -0.04815, -20.1206) | Chunk: (-1.0, -1.0) | TerrainHeight: -0.05 | HeightDiff: 0.00 | OnFloor: true
[23:03:58] PLAYER: Pos: (-6.126972, -0.059137, -24.38237) | Chunk: (-1.0, -1.0) | TerrainHeight: -0.06 | HeightDiff: -0.00 | OnFloor: true
[23:03:59] PLAYER: Pos: (-1.724104, -0.071436, -25.83799) | Chunk: (-1.0, -1.0) | TerrainHeight: -0.08 | HeightDiff: 0.00 | OnFloor: true
[23:03:59] TERRAIN: Player moved to new chunk: (0.0, -1.0) (was (-1.0, -1.0))
[23:04:00] PLAYER: Pos: (2.873056, -0.080406, -23.87177) | Chunk: (0.0, -1.0) | TerrainHeight: -0.08 | HeightDiff: -0.00 | OnFloor: true
[23:04:00] PLAYER: CHUNK CHANGED: (-1.0, -1.0) -> (0.0, -1.0)
[23:04:01] PLAYER: Pos: (7.468452, -0.058969, -21.90213) | Chunk: (0.0, -1.0) | TerrainHeight: -0.06 | HeightDiff: -0.00 | OnFloor: true
[23:04:02] PLAYER: Pos: (12.06388, -0.039689, -19.93253) | Chunk: (0.0, -1.0) | TerrainHeight: -0.04 | HeightDiff: -0.00 | OnFloor: true
[23:04:03] PLAYER: Pos: (12.90639, -0.037498, -19.57143) | Chunk: (0.0, -1.0) | TerrainHeight: -0.04 | HeightDiff: -0.00 | OnFloor: true
[23:04:04] PLAYER: Pos: (12.90639, -0.037498, -19.57143) | Chunk: (0.0, -1.0) | TerrainHeight: -0.04 | HeightDiff: -0.00 | OnFloor: true
[23:04:05] PLAYER: Pos: (12.90639, -0.037498, -19.57143) | Chunk: (0.0, -1.0) | TerrainHeight: -0.04 | HeightDiff: -0.00 | OnFloor: true
[23:04:06] PLAYER: Pos: (12.90639, -0.037498, -19.57143) | Chunk: (0.0, -1.0) | TerrainHeight: -0.04 | HeightDiff: -0.00 | OnFloor: true
[23:04:07] PLAYER: Pos: (12.90639, -0.037498, -19.57143) | Chunk: (0.0, -1.0) | TerrainHeight: -0.04 | HeightDiff: -0.00 | OnFloor: true
[23:04:08] PLAYER: Pos: (12.90639, -0.037498, -19.57143) | Chunk: (0.0, -1.0) | TerrainHeight: -0.04 | HeightDiff: -0.00 | OnFloor: true
[23:04:09] PLAYER: Pos: (12.90639, -0.037498, -19.57143) | Chunk: (0.0, -1.0) | TerrainHeight: -0.04 | HeightDiff: -0.00 | OnFloor: true
[23:04:10] PLAYER: Pos: (12.90639, -0.037498, -19.57143) | Chunk: (0.0, -1.0) | TerrainHeight: -0.04 | HeightDiff: -0.00 | OnFloor: true
[23:04:11] PLAYER: Pos: (14.14033, -0.034276, -19.06634) | Chunk: (0.0, -1.0) | TerrainHeight: -0.03 | HeightDiff: -0.00 | OnFloor: true
[23:04:12] PLAYER: Pos: (18.05517, -0.040695, -16.12092) | Chunk: (0.0, -1.0) | TerrainHeight: -0.04 | HeightDiff: 0.00 | OnFloor: true
[23:04:13] PLAYER: Pos: (20.58476, -0.042941, -14.84465) | Chunk: (0.0, -1.0) | TerrainHeight: -0.04 | HeightDiff: 0.00 | OnFloor: true
[23:04:14] PLAYER: Pos: (24.6682, -0.036777, -16.58676) | Chunk: (0.0, -1.0) | TerrainHeight: -0.04 | HeightDiff: -0.00 | OnFloor: true
[23:04:15] PLAYER: Pos: (25.96113, -0.034719, -20.16991) | Chunk: (0.0, -1.0) | TerrainHeight: -0.03 | HeightDiff: -0.00 | OnFloor: true
[23:04:16] PLAYER: Pos: (27.05612, -0.033916, -19.56692) | Chunk: (0.0, -1.0) | TerrainHeight: -0.03 | HeightDiff: 0.00 | OnFloor: true
[23:04:17] PLAYER: Pos: (31.73448, -0.039859, -18.87055) | Chunk: (0.0, -1.0) | TerrainHeight: -0.04 | HeightDiff: -0.00 | OnFloor: true
[23:04:17] TERRAIN: Player moved to new chunk: (1.0, -1.0) (was (0.0, -1.0))
[23:04:17] TERRAIN: Updating terrain for player chunk: (1.0, -1.0) (player pos: (32.14182, -0.0388, -18.95819))
[23:04:17] TERRAIN: Player chunk (1.0, -1.0) distance: 0.00 (max_distance: 20)
[23:04:17] TERRAIN: Queuing 31 new chunks for generation
[23:04:17] TERRAIN: Queued chunk: (13.0, -8.0) (distance: 13.89)
[23:04:17] TERRAIN: Queued chunk: (14.0, -6.0) (distance: 13.93)
[23:04:17] TERRAIN: Queued chunk: (15.0, -1.0) (distance: 14.00)
[23:04:17] TERRAIN: Queued chunk: (15.0, -2.0) (distance: 14.04)
[23:04:17] TERRAIN: Queued chunk: (15.0, 1.0) (distance: 14.14)
[23:04:17] TERRAIN: Queued chunk: (15.0, -3.0) (distance: 14.14)
[23:04:17] TERRAIN: Queued chunk: (11.0, -11.0) (distance: 14.14)
[23:04:17] TERRAIN: Queued chunk: (10.0, -12.0) (distance: 14.21)
[23:04:17] TERRAIN: Queued chunk: (12.0, -10.0) (distance: 14.21)
[23:04:17] TERRAIN: Queued chunk: (7.0, -14.0) (distance: 14.32)
[23:04:17] TERRAIN: Queued chunk: (15.0, -4.0) (distance: 14.32)
[23:04:17] TERRAIN: Queued chunk: (14.0, -7.0) (distance: 14.32)
[23:04:17] TERRAIN: Queued chunk: (15.0, 2.0) (distance: 14.32)
[23:04:17] TERRAIN: Queued chunk: (13.0, -9.0) (distance: 14.42)
[23:04:17] TERRAIN: Queued chunk: (9.0, -13.0) (distance: 14.42)
[23:04:17] TERRAIN: Queued chunk: (15.0, 3.0) (distance: 14.56)
[23:04:17] TERRAIN: Queued chunk: (15.0, -5.0) (distance: 14.56)
[23:04:17] TERRAIN: Queued chunk: (5.0, -15.0) (distance: 14.56)
[23:04:17] TERRAIN: Queued chunk: (14.0, -8.0) (distance: 14.76)
[23:04:17] TERRAIN: Queued chunk: (14.0, 6.0) (distance: 14.76)
[23:04:17] TERRAIN: Queued chunk: (8.0, -14.0) (distance: 14.76)
[23:04:17] TERRAIN: Queued chunk: (12.0, -11.0) (distance: 14.87)
[23:04:17] TERRAIN: Queued chunk: (11.0, -12.0) (distance: 14.87)
[23:04:17] TERRAIN: Queued chunk: (15.0, 4.0) (distance: 14.87)
[23:04:17] TERRAIN: Queued chunk: (15.0, -6.0) (distance: 14.87)
[23:04:17] TERRAIN: Queued chunk: (6.0, -15.0) (distance: 14.87)
[23:04:17] TERRAIN: Queued chunk: (16.0, -1.0) (distance: 15.00)
[23:04:17] TERRAIN: Queued chunk: (13.0, 8.0) (distance: 15.00)
[23:04:17] TERRAIN: Queued chunk: (13.0, -10.0) (distance: 15.00)
[23:04:17] TERRAIN: Queued chunk: (10.0, -13.0) (distance: 15.00)
[23:04:17] TERRAIN: Queued chunk: (1.0, -16.0) (distance: 15.00)
[23:04:17] TERRAIN: Creating chunk: (13.0, -8.0) at distance 13.89
[23:04:17] TERRAIN: Chunk (13.0, -8.0): TRIMESH collision created successfully (distance: 13.89, vertices: 8)
[23:04:17] TERRAIN: Chunk created successfully: (13.0, -8.0) at world pos (416.0, 0.0, -256.0) (total chunks: 753)
[23:04:17] TERRAIN: Creating chunk: (14.0, -6.0) at distance 13.93
[23:04:17] TERRAIN: Chunk (14.0, -6.0): TRIMESH collision created successfully (distance: 13.93, vertices: 8)
[23:04:17] TERRAIN: Chunk created successfully: (14.0, -6.0) at world pos (448.0, 0.0, -192.0) (total chunks: 754)
[23:04:17] TERRAIN: Creating chunk: (15.0, -1.0) at distance 14.00
[23:04:17] TERRAIN: Chunk (15.0, -1.0): TRIMESH collision created successfully (distance: 14.00, vertices: 8)
[23:04:17] TERRAIN: Chunk created successfully: (15.0, -1.0) at world pos (480.0, 0.0, -32.0) (total chunks: 755)
[23:04:17] TERRAIN: Creating chunk: (15.0, -2.0) at distance 14.04
[23:04:17] TERRAIN: Chunk (15.0, -2.0): TRIMESH collision created successfully (distance: 14.04, vertices: 8)
[23:04:17] TERRAIN: Chunk created successfully: (15.0, -2.0) at world pos (480.0, 0.0, -64.0) (total chunks: 756)
[23:04:17] TERRAIN: Creating chunk: (15.0, 1.0) at distance 14.14
[23:04:17] TERRAIN: Chunk (15.0, 1.0): TRIMESH collision created successfully (distance: 14.14, vertices: 8)
[23:04:17] TERRAIN: Chunk created successfully: (15.0, 1.0) at world pos (480.0, 0.0, 32.0) (total chunks: 757)
[23:04:17] TERRAIN: Creating chunk: (15.0, -3.0) at distance 14.14
[23:04:17] TERRAIN: Chunk (15.0, -3.0): TRIMESH collision created successfully (distance: 14.14, vertices: 8)
[23:04:17] TERRAIN: Chunk created successfully: (15.0, -3.0) at world pos (480.0, 0.0, -96.0) (total chunks: 758)
[23:04:17] TERRAIN: Creating chunk: (11.0, -11.0) at distance 14.14
[23:04:17] TERRAIN: Chunk (11.0, -11.0): TRIMESH collision created successfully (distance: 14.14, vertices: 8)
[23:04:17] TERRAIN: Chunk created successfully: (11.0, -11.0) at world pos (352.0, 0.0, -352.0) (total chunks: 759)
[23:04:17] TERRAIN: Creating chunk: (10.0, -12.0) at distance 14.21
[23:04:17] TERRAIN: Chunk (10.0, -12.0): TRIMESH collision created successfully (distance: 14.21, vertices: 8)
[23:04:17] TERRAIN: Chunk created successfully: (10.0, -12.0) at world pos (320.0, 0.0, -384.0) (total chunks: 760)
[23:04:17] TERRAIN: Creating chunk: (12.0, -10.0) at distance 14.21
[23:04:17] TERRAIN: Chunk (12.0, -10.0): TRIMESH collision created successfully (distance: 14.21, vertices: 8)
[23:04:17] TERRAIN: Chunk created successfully: (12.0, -10.0) at world pos (384.0, 0.0, -320.0) (total chunks: 761)
[23:04:17] TERRAIN: Creating chunk: (7.0, -14.0) at distance 14.32
[23:04:17] TERRAIN: Chunk (7.0, -14.0): TRIMESH collision created successfully (distance: 14.32, vertices: 8)
[23:04:17] TERRAIN: Chunk created successfully: (7.0, -14.0) at world pos (224.0, 0.0, -448.0) (total chunks: 762)
[23:04:17] TERRAIN: Creating chunk: (15.0, -4.0) at distance 14.32
[23:04:17] TERRAIN: Chunk (15.0, -4.0): TRIMESH collision created successfully (distance: 14.32, vertices: 8)
[23:04:17] TERRAIN: Chunk created successfully: (15.0, -4.0) at world pos (480.0, 0.0, -128.0) (total chunks: 763)
[23:04:17] TERRAIN: Creating chunk: (14.0, -7.0) at distance 14.32
[23:04:17] TERRAIN: Chunk (14.0, -7.0): TRIMESH collision created successfully (distance: 14.32, vertices: 8)
[23:04:17] TERRAIN: Chunk created successfully: (14.0, -7.0) at world pos (448.0, 0.0, -224.0) (total chunks: 764)
[23:04:17] TERRAIN: Creating chunk: (15.0, 2.0) at distance 14.32
[23:04:17] TERRAIN: Chunk (15.0, 2.0): TRIMESH collision created successfully (distance: 14.32, vertices: 8)
[23:04:17] TERRAIN: Chunk created successfully: (15.0, 2.0) at world pos (480.0, 0.0, 64.0) (total chunks: 765)
[23:04:17] TERRAIN: Creating chunk: (13.0, -9.0) at distance 14.42
[23:04:17] TERRAIN: Chunk (13.0, -9.0): TRIMESH collision created successfully (distance: 14.42, vertices: 8)
[23:04:17] TERRAIN: Chunk created successfully: (13.0, -9.0) at world pos (416.0, 0.0, -288.0) (total chunks: 766)
[23:04:17] TERRAIN: Creating chunk: (9.0, -13.0) at distance 14.42
[23:04:17] TERRAIN: Chunk (9.0, -13.0): TRIMESH collision created successfully (distance: 14.42, vertices: 8)
[23:04:17] TERRAIN: Chunk created successfully: (9.0, -13.0) at world pos (288.0, 0.0, -416.0) (total chunks: 767)
[23:04:17] TERRAIN: Creating chunk: (15.0, 3.0) at distance 14.56
[23:04:17] TERRAIN: Chunk (15.0, 3.0): TRIMESH collision created successfully (distance: 14.56, vertices: 8)
[23:04:17] TERRAIN: Chunk created successfully: (15.0, 3.0) at world pos (480.0, 0.0, 96.0) (total chunks: 768)
[23:04:17] TERRAIN: Creating chunk: (15.0, -5.0) at distance 14.56
[23:04:17] TERRAIN: Chunk (15.0, -5.0): TRIMESH collision created successfully (distance: 14.56, vertices: 8)
[23:04:17] TERRAIN: Chunk created successfully: (15.0, -5.0) at world pos (480.0, 0.0, -160.0) (total chunks: 769)
[23:04:17] TERRAIN: Creating chunk: (5.0, -15.0) at distance 14.56
[23:04:17] TERRAIN: Chunk (5.0, -15.0): TRIMESH collision created successfully (distance: 14.56, vertices: 8)
[23:04:17] TERRAIN: Chunk created successfully: (5.0, -15.0) at world pos (160.0, 0.0, -480.0) (total chunks: 770)
[23:04:17] TERRAIN: Creating chunk: (14.0, -8.0) at distance 14.76
[23:04:17] TERRAIN: Chunk (14.0, -8.0): TRIMESH collision created successfully (distance: 14.76, vertices: 8)
[23:04:17] TERRAIN: Chunk created successfully: (14.0, -8.0) at world pos (448.0, 0.0, -256.0) (total chunks: 771)
[23:04:17] TERRAIN: Creating chunk: (14.0, 6.0) at distance 14.76
[23:04:17] TERRAIN: Chunk (14.0, 6.0): TRIMESH collision created successfully (distance: 14.76, vertices: 8)
[23:04:17] TERRAIN: Chunk created successfully: (14.0, 6.0) at world pos (448.0, 0.0, 192.0) (total chunks: 772)
[23:04:17] TERRAIN: Creating chunk: (8.0, -14.0) at distance 14.76
[23:04:17] TERRAIN: Chunk (8.0, -14.0): TRIMESH collision created successfully (distance: 14.76, vertices: 8)
[23:04:17] TERRAIN: Chunk created successfully: (8.0, -14.0) at world pos (256.0, 0.0, -448.0) (total chunks: 773)
[23:04:17] TERRAIN: Creating chunk: (12.0, -11.0) at distance 14.87
[23:04:17] TERRAIN: Chunk (12.0, -11.0): TRIMESH collision created successfully (distance: 14.87, vertices: 8)
[23:04:17] TERRAIN: Chunk created successfully: (12.0, -11.0) at world pos (384.0, 0.0, -352.0) (total chunks: 774)
[23:04:17] TERRAIN: Creating chunk: (11.0, -12.0) at distance 14.87
[23:04:17] TERRAIN: Chunk (11.0, -12.0): TRIMESH collision created successfully (distance: 14.87, vertices: 8)
[23:04:17] TERRAIN: Chunk created successfully: (11.0, -12.0) at world pos (352.0, 0.0, -384.0) (total chunks: 775)
[23:04:17] TERRAIN: Creating chunk: (15.0, 4.0) at distance 14.87
[23:04:17] TERRAIN: Chunk (15.0, 4.0): TRIMESH collision created successfully (distance: 14.87, vertices: 8)
[23:04:17] TERRAIN: Chunk created successfully: (15.0, 4.0) at world pos (480.0, 0.0, 128.0) (total chunks: 776)
[23:04:17] TERRAIN: Creating chunk: (15.0, -6.0) at distance 14.87
[23:04:17] TERRAIN: Chunk (15.0, -6.0): TRIMESH collision created successfully (distance: 14.87, vertices: 8)
[23:04:17] TERRAIN: Chunk created successfully: (15.0, -6.0) at world pos (480.0, 0.0, -192.0) (total chunks: 777)
[23:04:17] TERRAIN: Creating chunk: (6.0, -15.0) at distance 14.87
[23:04:17] TERRAIN: Chunk (6.0, -15.0): TRIMESH collision created successfully (distance: 14.87, vertices: 8)
[23:04:17] TERRAIN: Chunk created successfully: (6.0, -15.0) at world pos (192.0, 0.0, -480.0) (total chunks: 778)
[23:04:17] TERRAIN: Creating chunk: (16.0, -1.0) at distance 15.00
[23:04:17] TERRAIN: Chunk (16.0, -1.0): TRIMESH collision created successfully (distance: 15.00, vertices: 8)
[23:04:17] TERRAIN: Chunk created successfully: (16.0, -1.0) at world pos (512.0, 0.0, -32.0) (total chunks: 779)
[23:04:17] TERRAIN: Creating chunk: (13.0, 8.0) at distance 15.00
[23:04:17] TERRAIN: Chunk (13.0, 8.0): TRIMESH collision created successfully (distance: 15.00, vertices: 8)
[23:04:17] TERRAIN: Chunk created successfully: (13.0, 8.0) at world pos (416.0, 0.0, 256.0) (total chunks: 780)
[23:04:17] TERRAIN: Creating chunk: (13.0, -10.0) at distance 15.00
[23:04:17] TERRAIN: Chunk (13.0, -10.0): TRIMESH collision created successfully (distance: 15.00, vertices: 8)
[23:04:17] TERRAIN: Chunk created successfully: (13.0, -10.0) at world pos (416.0, 0.0, -320.0) (total chunks: 781)
[23:04:17] TERRAIN: Creating chunk: (10.0, -13.0) at distance 15.00
[23:04:17] TERRAIN: Chunk (10.0, -13.0): TRIMESH collision created successfully (distance: 15.00, vertices: 8)
[23:04:17] TERRAIN: Chunk created successfully: (10.0, -13.0) at world pos (320.0, 0.0, -416.0) (total chunks: 782)
[23:04:17] TERRAIN: Creating chunk: (1.0, -16.0) at distance 15.00
[23:04:17] TERRAIN: Chunk (1.0, -16.0): TRIMESH collision created successfully (distance: 15.00, vertices: 8)
[23:04:17] TERRAIN: Chunk created successfully: (1.0, -16.0) at world pos (32.0, 0.0, -512.0) (total chunks: 783)
[23:04:18] PLAYER: Pos: (36.67602, -0.039702, -18.85078) | Chunk: (1.0, -1.0) | TerrainHeight: -0.04 | HeightDiff: 0.00 | OnFloor: true
[23:04:18] PLAYER: CHUNK CHANGED: (0.0, -1.0) -> (1.0, -1.0)
[23:04:19] PLAYER: Pos: (41.14418, -0.03454, -16.7759) | Chunk: (1.0, -1.0) | TerrainHeight: -0.03 | HeightDiff: -0.00 | OnFloor: true
[23:04:20] PLAYER: Pos: (45.76516, -0.018563, -15.21596) | Chunk: (1.0, -1.0) | TerrainHeight: -0.01 | HeightDiff: -0.00 | OnFloor: true
[23:04:21] PLAYER: Pos: (50.05467, -0.018052, -14.25194) | Chunk: (1.0, -1.0) | TerrainHeight: -0.02 | HeightDiff: 0.00 | OnFloor: true
[23:04:22] PLAYER: Pos: (50.05467, -0.018052, -14.25194) | Chunk: (1.0, -1.0) | TerrainHeight: -0.02 | HeightDiff: 0.00 | OnFloor: true
[23:04:23] PLAYER: Pos: (51.61095, -0.022883, -13.96058) | Chunk: (1.0, -1.0) | TerrainHeight: -0.02 | HeightDiff: 0.00 | OnFloor: true
[23:04:24] PLAYER: Pos: (56.5255, -0.021224, -13.04048) | Chunk: (1.0, -1.0) | TerrainHeight: -0.02 | HeightDiff: 0.00 | OnFloor: true
[23:04:25] PLAYER: Pos: (60.70285, -0.018748, -12.2584) | Chunk: (1.0, -1.0) | TerrainHeight: -0.02 | HeightDiff: -0.00 | OnFloor: true
[23:04:26] PLAYER: Pos: (60.70285, -0.018748, -12.2584) | Chunk: (1.0, -1.0) | TerrainHeight: -0.02 | HeightDiff: -0.00 | OnFloor: true
[23:04:27] PLAYER: Pos: (60.70285, -0.018748, -12.2584) | Chunk: (1.0, -1.0) | TerrainHeight: -0.02 | HeightDiff: -0.00 | OnFloor: true
[23:04:28] PLAYER: Pos: (60.70285, -0.018748, -12.2584) | Chunk: (1.0, -1.0) | TerrainHeight: -0.02 | HeightDiff: -0.00 | OnFloor: true
[23:04:29] PLAYER: Pos: (60.70285, -0.018748, -12.2584) | Chunk: (1.0, -1.0) | TerrainHeight: -0.02 | HeightDiff: -0.00 | OnFloor: true
[23:04:30] PLAYER: Pos: (60.70285, -0.018748, -12.2584) | Chunk: (1.0, -1.0) | TerrainHeight: -0.02 | HeightDiff: -0.00 | OnFloor: true
[23:04:31] PLAYER: Pos: (60.70285, -0.018748, -12.2584) | Chunk: (1.0, -1.0) | TerrainHeight: -0.02 | HeightDiff: -0.00 | OnFloor: true
[23:04:32] PLAYER: Pos: (60.70285, -0.018748, -12.2584) | Chunk: (1.0, -1.0) | TerrainHeight: -0.02 | HeightDiff: -0.00 | OnFloor: true
[23:04:33] PLAYER: Pos: (63.75488, -0.032712, -9.640957) | Chunk: (1.0, -1.0) | TerrainHeight: -0.04 | HeightDiff: 0.00 | OnFloor: true
[23:04:33] TERRAIN: Player moved to new chunk: (2.0, -1.0) (was (1.0, -1.0))
[23:04:34] PLAYER: Pos: (65.68774, -0.051218, -5.037694) | Chunk: (2.0, -1.0) | TerrainHeight: -0.05 | HeightDiff: 0.00 | OnFloor: true
[23:04:34] PLAYER: CHUNK CHANGED: (1.0, -1.0) -> (2.0, -1.0)
[23:04:35] PLAYER: Pos: (66.07802, -0.054827, -4.027076) | Chunk: (2.0, -1.0) | TerrainHeight: -0.06 | HeightDiff: 0.00 | OnFloor: true
[23:04:36] PLAYER: Pos: (66.07802, -0.054827, -4.027076) | Chunk: (2.0, -1.0) | TerrainHeight: -0.06 | HeightDiff: 0.00 | OnFloor: true
[23:04:37] PLAYER: Pos: (66.07802, -0.054827, -4.027076) | Chunk: (2.0, -1.0) | TerrainHeight: -0.06 | HeightDiff: 0.00 | OnFloor: true
[23:04:38] PLAYER: Pos: (66.07802, -0.054827, -4.027076) | Chunk: (2.0, -1.0) | TerrainHeight: -0.06 | HeightDiff: 0.00 | OnFloor: true
[23:04:39] PLAYER: Pos: (66.07802, -0.054827, -4.027076) | Chunk: (2.0, -1.0) | TerrainHeight: -0.06 | HeightDiff: 0.00 | OnFloor: true
[23:04:40] PLAYER: Pos: (66.07802, -0.054827, -4.027076) | Chunk: (2.0, -1.0) | TerrainHeight: -0.06 | HeightDiff: 0.00 | OnFloor: true
[23:04:41] PLAYER: Pos: (66.07802, -0.054827, -4.027076) | Chunk: (2.0, -1.0) | TerrainHeight: -0.06 | HeightDiff: 0.00 | OnFloor: true
[23:04:42] PLAYER: Pos: (66.07802, -0.054827, -4.027076) | Chunk: (2.0, -1.0) | TerrainHeight: -0.06 | HeightDiff: 0.00 | OnFloor: true
[23:04:43] PLAYER: Pos: (66.07802, -0.054827, -4.027076) | Chunk: (2.0, -1.0) | TerrainHeight: -0.06 | HeightDiff: 0.00 | OnFloor: true
[23:04:44] PLAYER: Pos: (66.07802, -0.054827, -4.027076) | Chunk: (2.0, -1.0) | TerrainHeight: -0.06 | HeightDiff: 0.00 | OnFloor: true
[23:04:45] PLAYER: Pos: (66.07802, -0.054827, -4.027076) | Chunk: (2.0, -1.0) | TerrainHeight: -0.06 | HeightDiff: 0.00 | OnFloor: true
[23:04:46] PLAYER: Pos: (66.07802, -0.054827, -4.027076) | Chunk: (2.0, -1.0) | TerrainHeight: -0.06 | HeightDiff: 0.00 | OnFloor: true
[23:04:47] PLAYER: Pos: (66.07802, -0.054827, -4.027076) | Chunk: (2.0, -1.0) | TerrainHeight: -0.06 | HeightDiff: 0.00 | OnFloor: true
[23:04:48] PLAYER: Pos: (66.07802, -0.054827, -4.027076) | Chunk: (2.0, -1.0) | TerrainHeight: -0.06 | HeightDiff: 0.00 | OnFloor: true
[23:04:49] PLAYER: Pos: (66.07802, -0.054827, -4.027076) | Chunk: (2.0, -1.0) | TerrainHeight: -0.06 | HeightDiff: 0.00 | OnFloor: true
[23:04:50] PLAYER: Pos: (66.07802, -0.054827, -4.027076) | Chunk: (2.0, -1.0) | TerrainHeight: -0.06 | HeightDiff: 0.00 | OnFloor: true
[23:04:51] PLAYER: Pos: (66.07802, -0.054827, -4.027076) | Chunk: (2.0, -1.0) | TerrainHeight: -0.06 | HeightDiff: 0.00 | OnFloor: true
[23:04:52] PLAYER: Pos: (66.07802, -0.054827, -4.027076) | Chunk: (2.0, -1.0) | TerrainHeight: -0.06 | HeightDiff: 0.00 | OnFloor: true
[23:04:53] PLAYER: Pos: (66.07802, -0.054827, -4.027076) | Chunk: (2.0, -1.0) | TerrainHeight: -0.06 | HeightDiff: 0.00 | OnFloor: true
[23:04:53] PLAYER: Pos: (66.07802, -0.054827, -4.027076) | Chunk: (2.0, -1.0) | TerrainHeight: -0.06 | HeightDiff: 0.00 | OnFloor: true
[23:04:54] PLAYER: Pos: (66.07802, -0.054827, -4.027076) | Chunk: (2.0, -1.0) | TerrainHeight: -0.06 | HeightDiff: 0.00 | OnFloor: true
[23:04:55] PLAYER: Pos: (66.07802, -0.054827, -4.027076) | Chunk: (2.0, -1.0) | TerrainHeight: -0.06 | HeightDiff: 0.00 | OnFloor: true
[23:04:56] PLAYER: Pos: (66.07802, -0.054827, -4.027076) | Chunk: (2.0, -1.0) | TerrainHeight: -0.06 | HeightDiff: 0.00 | OnFloor: true
[23:04:57] PLAYER: Pos: (66.07802, -0.054827, -4.027076) | Chunk: (2.0, -1.0) | TerrainHeight: -0.06 | HeightDiff: 0.00 | OnFloor: true
[23:04:58] PLAYER: Pos: (66.07802, -0.054827, -4.027076) | Chunk: (2.0, -1.0) | TerrainHeight: -0.06 | HeightDiff: 0.00 | OnFloor: true
[23:04:59] PLAYER: Pos: (66.07802, -0.054827, -4.027076) | Chunk: (2.0, -1.0) | TerrainHeight: -0.06 | HeightDiff: 0.00 | OnFloor: true
[23:05:00] PLAYER: Pos: (66.07802, -0.054827, -4.027076) | Chunk: (2.0, -1.0) | TerrainHeight: -0.06 | HeightDiff: 0.00 | OnFloor: true
[23:05:01] PLAYER: Pos: (66.07802, -0.054827, -4.027076) | Chunk: (2.0, -1.0) | TerrainHeight: -0.06 | HeightDiff: 0.00 | OnFloor: true
[23:05:02] PLAYER: Pos: (66.07802, -0.054827, -4.027076) | Chunk: (2.0, -1.0) | TerrainHeight: -0.06 | HeightDiff: 0.00 | OnFloor: true
[23:05:03] PLAYER: Pos: (66.07802, -0.054827, -4.027076) | Chunk: (2.0, -1.0) | TerrainHeight: -0.06 | HeightDiff: 0.00 | OnFloor: true
[23:05:04] PLAYER: Pos: (66.07802, -0.054827, -4.027076) | Chunk: (2.0, -1.0) | TerrainHeight: -0.06 | HeightDiff: 0.00 | OnFloor: true
[23:05:05] PLAYER: Pos: (66.07802, -0.054827, -4.027076) | Chunk: (2.0, -1.0) | TerrainHeight: -0.06 | HeightDiff: 0.00 | OnFloor: true
[23:05:06] PLAYER: Pos: (66.07802, -0.054827, -4.027076) | Chunk: (2.0, -1.0) | TerrainHeight: -0.06 | HeightDiff: 0.00 | OnFloor: true
[23:05:07] PLAYER: Pos: (66.07802, -0.054827, -4.027076) | Chunk: (2.0, -1.0) | TerrainHeight: -0.06 | HeightDiff: 0.00 | OnFloor: true
[23:05:08] PLAYER: Pos: (66.07802, -0.054827, -4.027076) | Chunk: (2.0, -1.0) | TerrainHeight: -0.06 | HeightDiff: 0.00 | OnFloor: true
[23:05:09] PLAYER: Pos: (66.07802, -0.054827, -4.027076) | Chunk: (2.0, -1.0) | TerrainHeight: -0.06 | HeightDiff: 0.00 | OnFloor: true
[23:05:10] PLAYER: Pos: (66.07802, -0.054827, -4.027076) | Chunk: (2.0, -1.0) | TerrainHeight: -0.06 | HeightDiff: 0.00 | OnFloor: true
[23:05:11] PLAYER: Pos: (66.07802, -0.054827, -4.027076) | Chunk: (2.0, -1.0) | TerrainHeight: -0.06 | HeightDiff: 0.00 | OnFloor: true
[23:05:12] PLAYER: Pos: (66.07802, -0.054827, -4.027076) | Chunk: (2.0, -1.0) | TerrainHeight: -0.06 | HeightDiff: 0.00 | OnFloor: true
[23:05:13] PLAYER: Pos: (66.07802, -0.054827, -4.027076) | Chunk: (2.0, -1.0) | TerrainHeight: -0.06 | HeightDiff: 0.00 | OnFloor: true
[23:05:14] PLAYER: Pos: (66.07802, -0.054827, -4.027076) | Chunk: (2.0, -1.0) | TerrainHeight: -0.06 | HeightDiff: 0.00 | OnFloor: true
[23:05:15] PLAYER: Pos: (66.07802, -0.054827, -4.027076) | Chunk: (2.0, -1.0) | TerrainHeight: -0.06 | HeightDiff: 0.00 | OnFloor: true
[23:05:16] PLAYER: Pos: (66.07802, -0.054827, -4.027076) | Chunk: (2.0, -1.0) | TerrainHeight: -0.06 | HeightDiff: 0.00 | OnFloor: true
[23:05:17] PLAYER: Pos: (66.07802, -0.054827, -4.027076) | Chunk: (2.0, -1.0) | TerrainHeight: -0.06 | HeightDiff: 0.00 | OnFloor: true
[23:05:18] PLAYER: Pos: (66.07802, -0.054827, -4.027076) | Chunk: (2.0, -1.0) | TerrainHeight: -0.06 | HeightDiff: 0.00 | OnFloor: true
[23:05:19] PLAYER: Pos: (66.07802, -0.054827, -4.027076) | Chunk: (2.0, -1.0) | TerrainHeight: -0.06 | HeightDiff: 0.00 | OnFloor: true
[23:05:20] PLAYER: Pos: (66.07802, -0.054827, -4.027076) | Chunk: (2.0, -1.0) | TerrainHeight: -0.06 | HeightDiff: 0.00 | OnFloor: true
[23:05:21] PLAYER: Pos: (66.07802, -0.054827, -4.027076) | Chunk: (2.0, -1.0) | TerrainHeight: -0.06 | HeightDiff: 0.00 | OnFloor: true
[23:05:22] PLAYER: Pos: (66.07802, -0.054827, -4.027076) | Chunk: (2.0, -1.0) | TerrainHeight: -0.06 | HeightDiff: 0.00 | OnFloor: true
[23:05:23] PLAYER: Pos: (66.07802, -0.054827, -4.027076) | Chunk: (2.0, -1.0) | TerrainHeight: -0.06 | HeightDiff: 0.00 | OnFloor: true
[23:05:24] PLAYER: Pos: (66.07802, -0.054827, -4.027076) | Chunk: (2.0, -1.0) | TerrainHeight: -0.06 | HeightDiff: 0.00 | OnFloor: true
[23:05:25] PLAYER: Pos: (66.07802, -0.054827, -4.027076) | Chunk: (2.0, -1.0) | TerrainHeight: -0.06 | HeightDiff: 0.00 | OnFloor: true
[23:05:26] PLAYER: Pos: (66.07802, -0.054827, -4.027076) | Chunk: (2.0, -1.0) | TerrainHeight: -0.06 | HeightDiff: 0.00 | OnFloor: true
[23:05:27] PLAYER: Pos: (66.07802, -0.054827, -4.027076) | Chunk: (2.0, -1.0) | TerrainHeight: -0.06 | HeightDiff: 0.00 | OnFloor: true
[23:05:28] PLAYER: Pos: (66.07802, -0.054827, -4.027076) | Chunk: (2.0, -1.0) | TerrainHeight: -0.06 | HeightDiff: 0.00 | OnFloor: true
[23:05:29] PLAYER: Pos: (66.07802, -0.054827, -4.027076) | Chunk: (2.0, -1.0) | TerrainHeight: -0.06 | HeightDiff: 0.00 | OnFloor: true
[23:05:30] PLAYER: Pos: (66.07802, -0.054827, -4.027076) | Chunk: (2.0, -1.0) | TerrainHeight: -0.06 | HeightDiff: 0.00 | OnFloor: true
[23:05:31] PLAYER: Pos: (66.07802, -0.054827, -4.027076) | Chunk: (2.0, -1.0) | TerrainHeight: -0.06 | HeightDiff: 0.00 | OnFloor: true
[23:05:32] PLAYER: Pos: (66.07802, -0.054827, -4.027076) | Chunk: (2.0, -1.0) | TerrainHeight: -0.06 | HeightDiff: 0.00 | OnFloor: true
[23:05:33] PLAYER: Pos: (66.07802, -0.054827, -4.027076) | Chunk: (2.0, -1.0) | TerrainHeight: -0.06 | HeightDiff: 0.00 | OnFloor: true
[23:05:34] PLAYER: Pos: (66.07802, -0.054827, -4.027076) | Chunk: (2.0, -1.0) | TerrainHeight: -0.06 | HeightDiff: 0.00 | OnFloor: true
[23:05:35] PLAYER: Pos: (66.07802, -0.054827, -4.027076) | Chunk: (2.0, -1.0) | TerrainHeight: -0.06 | HeightDiff: 0.00 | OnFloor: true
[23:05:36] PLAYER: Pos: (66.07802, -0.054827, -4.027076) | Chunk: (2.0, -1.0) | TerrainHeight: -0.06 | HeightDiff: 0.00 | OnFloor: true
[23:05:37] PLAYER: Pos: (66.07802, -0.054827, -4.027076) | Chunk: (2.0, -1.0) | TerrainHeight: -0.06 | HeightDiff: 0.00 | OnFloor: true
[23:05:38] PLAYER: Pos: (66.07802, -0.054827, -4.027076) | Chunk: (2.0, -1.0) | TerrainHeight: -0.06 | HeightDiff: 0.00 | OnFloor: true
[23:05:39] PLAYER: Pos: (66.07802, -0.054827, -4.027076) | Chunk: (2.0, -1.0) | TerrainHeight: -0.06 | HeightDiff: 0.00 | OnFloor: true
[23:05:40] PLAYER: Pos: (66.07802, -0.054827, -4.027076) | Chunk: (2.0, -1.0) | TerrainHeight: -0.06 | HeightDiff: 0.00 | OnFloor: true
[23:05:41] PLAYER: Pos: (66.07802, -0.054827, -4.027076) | Chunk: (2.0, -1.0) | TerrainHeight: -0.06 | HeightDiff: 0.00 | OnFloor: true
[23:05:42] PLAYER: Pos: (66.07802, -0.054827, -4.027076) | Chunk: (2.0, -1.0) | TerrainHeight: -0.06 | HeightDiff: 0.00 | OnFloor: true
[23:05:43] PLAYER: Pos: (66.07802, -0.054827, -4.027076) | Chunk: (2.0, -1.0) | TerrainHeight: -0.06 | HeightDiff: 0.00 | OnFloor: true
[23:05:44] PLAYER: Pos: (66.07802, -0.054827, -4.027076) | Chunk: (2.0, -1.0) | TerrainHeight: -0.06 | HeightDiff: 0.00 | OnFloor: true
[23:05:45] PLAYER: Pos: (66.07802, -0.054827, -4.027076) | Chunk: (2.0, -1.0) | TerrainHeight: -0.06 | HeightDiff: 0.00 | OnFloor: true
[23:05:46] PLAYER: Pos: (66.07802, -0.054827, -4.027076) | Chunk: (2.0, -1.0) | TerrainHeight: -0.06 | HeightDiff: 0.00 | OnFloor: true
[23:05:47] PLAYER: Pos: (66.07802, -0.054827, -4.027076) | Chunk: (2.0, -1.0) | TerrainHeight: -0.06 | HeightDiff: 0.00 | OnFloor: true
[23:05:48] PLAYER: Pos: (66.07802, -0.054827, -4.027076) | Chunk: (2.0, -1.0) | TerrainHeight: -0.06 | HeightDiff: 0.00 | OnFloor: true
[23:05:49] PLAYER: Pos: (66.07802, -0.054827, -4.027076) | Chunk: (2.0, -1.0) | TerrainHeight: -0.06 | HeightDiff: 0.00 | OnFloor: true
[23:05:50] PLAYER: Pos: (66.07802, -0.054827, -4.027076) | Chunk: (2.0, -1.0) | TerrainHeight: -0.06 | HeightDiff: 0.00 | OnFloor: true
[23:05:51] PLAYER: Pos: (66.07802, -0.054827, -4.027076) | Chunk: (2.0, -1.0) | TerrainHeight: -0.06 | HeightDiff: 0.00 | OnFloor: true
[23:05:52] PLAYER: Pos: (66.07802, -0.054827, -4.027076) | Chunk: (2.0, -1.0) | TerrainHeight: -0.06 | HeightDiff: 0.00 | OnFloor: true
[23:05:53] PLAYER: Pos: (66.07802, -0.054827, -4.027076) | Chunk: (2.0, -1.0) | TerrainHeight: -0.06 | HeightDiff: 0.00 | OnFloor: true
[23:05:54] PLAYER: Pos: (66.07802, -0.054827, -4.027076) | Chunk: (2.0, -1.0) | TerrainHeight: -0.06 | HeightDiff: 0.00 | OnFloor: true
[23:05:55] PLAYER: Pos: (66.07802, -0.054827, -4.027076) | Chunk: (2.0, -1.0) | TerrainHeight: -0.06 | HeightDiff: 0.00 | OnFloor: true
[23:05:56] PLAYER: Pos: (66.07802, -0.054827, -4.027076) | Chunk: (2.0, -1.0) | TerrainHeight: -0.06 | HeightDiff: 0.00 | OnFloor: true
[23:05:57] PLAYER: Pos: (66.07802, -0.054827, -4.027076) | Chunk: (2.0, -1.0) | TerrainHeight: -0.06 | HeightDiff: 0.00 | OnFloor: true
[23:07:22] PLAYER: Pos: (66.07802, -0.054827, -4.027076) | Chunk: (2.0, -1.0) | TerrainHeight: -0.06 | HeightDiff: 0.00 | OnFloor: true
[23:07:23] PLAYER: Pos: (66.07802, -0.054827, -4.027076) | Chunk: (2.0, -1.0) | TerrainHeight: -0.06 | HeightDiff: 0.00 | OnFloor: true
[23:07:24] PLAYER: Pos: (66.07802, -0.054827, -4.027076) | Chunk: (2.0, -1.0) | TerrainHeight: -0.06 | HeightDiff: 0.00 | OnFloor: true
[23:07:25] PLAYER: Pos: (66.07802, -0.054827, -4.027076) | Chunk: (2.0, -1.0) | TerrainHeight: -0.06 | HeightDiff: 0.00 | OnFloor: true
[23:07:26] PLAYER: Pos: (66.07802, -0.054827, -4.027076) | Chunk: (2.0, -1.0) | TerrainHeight: -0.06 | HeightDiff: 0.00 | OnFloor: true
[23:07:27] PLAYER: Pos: (66.07802, -0.054827, -4.027076) | Chunk: (2.0, -1.0) | TerrainHeight: -0.06 | HeightDiff: 0.00 | OnFloor: true
[23:07:28] PLAYER: Pos: (66.07802, -0.054827, -4.027076) | Chunk: (2.0, -1.0) | TerrainHeight: -0.06 | HeightDiff: 0.00 | OnFloor: true
[23:07:29] PLAYER: Pos: (66.07802, -0.054827, -4.027076) | Chunk: (2.0, -1.0) | TerrainHeight: -0.06 | HeightDiff: 0.00 | OnFloor: true
[23:07:30] PLAYER: Pos: (66.07802, -0.054827, -4.027076) | Chunk: (2.0, -1.0) | TerrainHeight: -0.06 | HeightDiff: 0.00 | OnFloor: true
[23:07:31] PLAYER: Pos: (66.07802, -0.054827, -4.027076) | Chunk: (2.0, -1.0) | TerrainHeight: -0.06 | HeightDiff: 0.00 | OnFloor: true
[23:07:32] PLAYER: Pos: (66.07802, -0.054827, -4.027076) | Chunk: (2.0, -1.0) | TerrainHeight: -0.06 | HeightDiff: 0.00 | OnFloor: true
[23:07:33] PLAYER: Pos: (66.07802, -0.054827, -4.027076) | Chunk: (2.0, -1.0) | TerrainHeight: -0.06 | HeightDiff: 0.00 | OnFloor: true
[23:07:34] PLAYER: Pos: (66.07802, -0.054827, -4.027076) | Chunk: (2.0, -1.0) | TerrainHeight: -0.06 | HeightDiff: 0.00 | OnFloor: true
[23:07:35] PLAYER: Pos: (66.07802, -0.054827, -4.027076) | Chunk: (2.0, -1.0) | TerrainHeight: -0.06 | HeightDiff: 0.00 | OnFloor: true
[23:07:36] PLAYER: Pos: (66.07802, -0.054827, -4.027076) | Chunk: (2.0, -1.0) | TerrainHeight: -0.06 | HeightDiff: 0.00 | OnFloor: true
[23:07:37] PLAYER: Pos: (66.07802, -0.054827, -4.027076) | Chunk: (2.0, -1.0) | TerrainHeight: -0.06 | HeightDiff: 0.00 | OnFloor: true
[23:07:38] PLAYER: Pos: (66.07802, -0.054827, -4.027076) | Chunk: (2.0, -1.0) | TerrainHeight: -0.06 | HeightDiff: 0.00 | OnFloor: true
[23:07:39] PLAYER: Pos: (66.07802, -0.054827, -4.027076) | Chunk: (2.0, -1.0) | TerrainHeight: -0.06 | HeightDiff: 0.00 | OnFloor: true
[23:07:40] PLAYER: Pos: (66.07802, -0.054827, -4.027076) | Chunk: (2.0, -1.0) | TerrainHeight: -0.06 | HeightDiff: 0.00 | OnFloor: true
[23:07:41] PLAYER: Pos: (66.07802, -0.054827, -4.027076) | Chunk: (2.0, -1.0) | TerrainHeight: -0.06 | HeightDiff: 0.00 | OnFloor: true
[23:07:42] PLAYER: Pos: (66.07802, -0.054827, -4.027076) | Chunk: (2.0, -1.0) | TerrainHeight: -0.06 | HeightDiff: 0.00 | OnFloor: true
[23:07:43] PLAYER: Pos: (66.07802, -0.054827, -4.027076) | Chunk: (2.0, -1.0) | TerrainHeight: -0.06 | HeightDiff: 0.00 | OnFloor: true
[23:07:44] PLAYER: Pos: (66.07802, -0.054827, -4.027076) | Chunk: (2.0, -1.0) | TerrainHeight: -0.06 | HeightDiff: 0.00 | OnFloor: true
[23:07:45] PLAYER: Pos: (66.07802, -0.054827, -4.027076) | Chunk: (2.0, -1.0) | TerrainHeight: -0.06 | HeightDiff: 0.00 | OnFloor: true
[23:07:46] PLAYER: Pos: (66.07802, -0.054827, -4.027076) | Chunk: (2.0, -1.0) | TerrainHeight: -0.06 | HeightDiff: 0.00 | OnFloor: true
[23:07:47] PLAYER: Pos: (66.07802, -0.054827, -4.027076) | Chunk: (2.0, -1.0) | TerrainHeight: -0.06 | HeightDiff: 0.00 | OnFloor: true
[23:07:48] PLAYER: Pos: (66.07802, -0.054827, -4.027076) | Chunk: (2.0, -1.0) | TerrainHeight: -0.06 | HeightDiff: 0.00 | OnFloor: true
[23:07:49] PLAYER: Pos: (66.07802, -0.054827, -4.027076) | Chunk: (2.0, -1.0) | TerrainHeight: -0.06 | HeightDiff: 0.00 | OnFloor: true
[23:07:50] PLAYER: Pos: (66.07802, -0.054827, -4.027076) | Chunk: (2.0, -1.0) | TerrainHeight: -0.06 | HeightDiff: 0.00 | OnFloor: true
[23:07:51] PLAYER: Pos: (66.07802, -0.054827, -4.027076) | Chunk: (2.0, -1.0) | TerrainHeight: -0.06 | HeightDiff: 0.00 | OnFloor: true
[23:07:52] PLAYER: Pos: (66.07802, -0.054827, -4.027076) | Chunk: (2.0, -1.0) | TerrainHeight: -0.06 | HeightDiff: 0.00 | OnFloor: true
[23:07:53] PLAYER: Pos: (66.07802, -0.054827, -4.027076) | Chunk: (2.0, -1.0) | TerrainHeight: -0.06 | HeightDiff: 0.00 | OnFloor: true
[23:07:54] PLAYER: Pos: (66.07802, -0.054827, -4.027076) | Chunk: (2.0, -1.0) | TerrainHeight: -0.06 | HeightDiff: 0.00 | OnFloor: true
[23:07:55] PLAYER: Pos: (66.07802, -0.054827, -4.027076) | Chunk: (2.0, -1.0) | TerrainHeight: -0.06 | HeightDiff: 0.00 | OnFloor: true
[23:07:56] PLAYER: Pos: (66.07802, -0.054827, -4.027076) | Chunk: (2.0, -1.0) | TerrainHeight: -0.06 | HeightDiff: 0.00 | OnFloor: true
[23:08:04] PLAYER: Pos: (66.07802, -0.054827, -4.027076) | Chunk: (2.0, -1.0) | TerrainHeight: -0.06 | HeightDiff: 0.00 | OnFloor: true
[23:08:06] PLAYER: Pos: (66.07802, -0.054827, -4.027076) | Chunk: (2.0, -1.0) | TerrainHeight: -0.06 | HeightDiff: 0.00 | OnFloor: true
[23:08:07] PLAYER: Pos: (66.07802, -0.054827, -4.027076) | Chunk: (2.0, -1.0) | TerrainHeight: -0.06 | HeightDiff: 0.00 | OnFloor: true
[23:08:08] PLAYER: Pos: (66.07802, -0.054827, -4.027076) | Chunk: (2.0, -1.0) | TerrainHeight: -0.06 | HeightDiff: 0.00 | OnFloor: true
[23:08:09] PLAYER: Pos: (66.07802, -0.054827, -4.027076) | Chunk: (2.0, -1.0) | TerrainHeight: -0.06 | HeightDiff: 0.00 | OnFloor: true
[23:08:10] PLAYER: Pos: (66.07802, -0.054827, -4.027076) | Chunk: (2.0, -1.0) | TerrainHeight: -0.06 | HeightDiff: 0.00 | OnFloor: true
[23:08:11] PLAYER: Pos: (66.07802, -0.054827, -4.027076) | Chunk: (2.0, -1.0) | TerrainHeight: -0.06 | HeightDiff: 0.00 | OnFloor: true
[23:08:12] PLAYER: Pos: (66.07802, -0.054827, -4.027076) | Chunk: (2.0, -1.0) | TerrainHeight: -0.06 | HeightDiff: 0.00 | OnFloor: true
[23:08:13] PLAYER: Pos: (66.07802, -0.054827, -4.027076) | Chunk: (2.0, -1.0) | TerrainHeight: -0.06 | HeightDiff: 0.00 | OnFloor: true
[23:08:14] PLAYER: Pos: (66.07802, -0.054827, -4.027076) | Chunk: (2.0, -1.0) | TerrainHeight: -0.06 | HeightDiff: 0.00 | OnFloor: true
[23:08:15] PLAYER: Pos: (66.07802, -0.054827, -4.027076) | Chunk: (2.0, -1.0) | TerrainHeight: -0.06 | HeightDiff: 0.00 | OnFloor: true
[23:08:16] PLAYER: Pos: (66.07802, -0.054827, -4.027076) | Chunk: (2.0, -1.0) | TerrainHeight: -0.06 | HeightDiff: 0.00 | OnFloor: true
[23:08:17] PLAYER: Pos: (66.07802, -0.054827, -4.027076) | Chunk: (2.0, -1.0) | TerrainHeight: -0.06 | HeightDiff: 0.00 | OnFloor: true
[23:08:18] PLAYER: Pos: (66.07802, -0.054827, -4.027076) | Chunk: (2.0, -1.0) | TerrainHeight: -0.06 | HeightDiff: 0.00 | OnFloor: true
[23:08:19] PLAYER: Pos: (66.07802, -0.054827, -4.027076) | Chunk: (2.0, -1.0) | TerrainHeight: -0.06 | HeightDiff: 0.00 | OnFloor: true
[23:08:20] PLAYER: Pos: (66.07802, -0.054827, -4.027076) | Chunk: (2.0, -1.0) | TerrainHeight: -0.06 | HeightDiff: 0.00 | OnFloor: true
[23:08:21] PLAYER: Pos: (66.07802, -0.054827, -4.027076) | Chunk: (2.0, -1.0) | TerrainHeight: -0.06 | HeightDiff: 0.00 | OnFloor: true
[23:08:22] PLAYER: Pos: (66.07802, -0.054827, -4.027076) | Chunk: (2.0, -1.0) | TerrainHeight: -0.06 | HeightDiff: 0.00 | OnFloor: true
[23:08:23] PLAYER: Pos: (66.07802, -0.054827, -4.027076) | Chunk: (2.0, -1.0) | TerrainHeight: -0.06 | HeightDiff: 0.00 | OnFloor: true
[23:08:24] PLAYER: Pos: (66.07802, -0.054827, -4.027076) | Chunk: (2.0, -1.0) | TerrainHeight: -0.06 | HeightDiff: 0.00 | OnFloor: true
[23:08:25] PLAYER: Pos: (66.07802, -0.054827, -4.027076) | Chunk: (2.0, -1.0) | TerrainHeight: -0.06 | HeightDiff: 0.00 | OnFloor: true
[23:08:26] PLAYER: Pos: (66.07802, -0.054827, -4.027076) | Chunk: (2.0, -1.0) | TerrainHeight: -0.06 | HeightDiff: 0.00 | OnFloor: true
[23:08:27] PLAYER: Pos: (66.07802, -0.054827, -4.027076) | Chunk: (2.0, -1.0) | TerrainHeight: -0.06 | HeightDiff: 0.00 | OnFloor: true
[23:08:28] PLAYER: Pos: (66.07802, -0.054827, -4.027076) | Chunk: (2.0, -1.0) | TerrainHeight: -0.06 | HeightDiff: 0.00 | OnFloor: true
[23:08:29] PLAYER: Pos: (66.07802, -0.054827, -4.027076) | Chunk: (2.0, -1.0) | TerrainHeight: -0.06 | HeightDiff: 0.00 | OnFloor: true
[23:08:30] PLAYER: Pos: (66.07802, -0.054827, -4.027076) | Chunk: (2.0, -1.0) | TerrainHeight: -0.06 | HeightDiff: 0.00 | OnFloor: true
[23:08:31] PLAYER: Pos: (66.07802, -0.054827, -4.027076) | Chunk: (2.0, -1.0) | TerrainHeight: -0.06 | HeightDiff: 0.00 | OnFloor: true
[23:08:32] PLAYER: Pos: (66.07802, -0.054827, -4.027076) | Chunk: (2.0, -1.0) | TerrainHeight: -0.06 | HeightDiff: 0.00 | OnFloor: true
[23:08:33] PLAYER: Pos: (66.07802, -0.054827, -4.027076) | Chunk: (2.0, -1.0) | TerrainHeight: -0.06 | HeightDiff: 0.00 | OnFloor: true
[23:08:34] PLAYER: Pos: (66.07802, -0.054827, -4.027076) | Chunk: (2.0, -1.0) | TerrainHeight: -0.06 | HeightDiff: 0.00 | OnFloor: true
[23:08:35] PLAYER: Pos: (66.07802, -0.054827, -4.027076) | Chunk: (2.0, -1.0) | TerrainHeight: -0.06 | HeightDiff: 0.00 | OnFloor: true
[23:08:36] PLAYER: Pos: (66.07802, -0.054827, -4.027076) | Chunk: (2.0, -1.0) | TerrainHeight: -0.06 | HeightDiff: 0.00 | OnFloor: true
[23:08:37] PLAYER: Pos: (66.07802, -0.054827, -4.027076) | Chunk: (2.0, -1.0) | TerrainHeight: -0.06 | HeightDiff: 0.00 | OnFloor: true
[23:09:53] PLAYER: Pos: (66.07802, -0.054827, -4.027076) | Chunk: (2.0, -1.0) | TerrainHeight: -0.06 | HeightDiff: 0.00 | OnFloor: true
[23:09:54] PLAYER: Pos: (66.07802, -0.054827, -4.027076) | Chunk: (2.0, -1.0) | TerrainHeight: -0.06 | HeightDiff: 0.00 | OnFloor: true
[23:09:55] PLAYER: Pos: (66.07802, -0.054827, -4.027076) | Chunk: (2.0, -1.0) | TerrainHeight: -0.06 | HeightDiff: 0.00 | OnFloor: true
[23:09:56] PLAYER: Pos: (66.07802, -0.054827, -4.027076) | Chunk: (2.0, -1.0) | TerrainHeight: -0.06 | HeightDiff: 0.00 | OnFloor: true
[23:09:57] PLAYER: Pos: (66.07802, -0.054827, -4.027076) | Chunk: (2.0, -1.0) | TerrainHeight: -0.06 | HeightDiff: 0.00 | OnFloor: true
[23:09:58] PLAYER: Pos: (66.07802, -0.054827, -4.027076) | Chunk: (2.0, -1.0) | TerrainHeight: -0.06 | HeightDiff: 0.00 | OnFloor: true
[23:09:59] PLAYER: Pos: (66.07802, -0.054827, -4.027076) | Chunk: (2.0, -1.0) | TerrainHeight: -0.06 | HeightDiff: 0.00 | OnFloor: true
[23:10:00] PLAYER: Pos: (66.07802, -0.054827, -4.027076) | Chunk: (2.0, -1.0) | TerrainHeight: -0.06 | HeightDiff: 0.00 | OnFloor: true
[23:10:01] PLAYER: Pos: (66.07802, -0.054827, -4.027076) | Chunk: (2.0, -1.0) | TerrainHeight: -0.06 | HeightDiff: 0.00 | OnFloor: true
[23:10:02] PLAYER: Pos: (66.07802, -0.054827, -4.027076) | Chunk: (2.0, -1.0) | TerrainHeight: -0.06 | HeightDiff: 0.00 | OnFloor: true
[23:10:03] PLAYER: Pos: (66.07802, -0.054827, -4.027076) | Chunk: (2.0, -1.0) | TerrainHeight: -0.06 | HeightDiff: 0.00 | OnFloor: true
[23:10:04] PLAYER: Pos: (66.07802, -0.054827, -4.027076) | Chunk: (2.0, -1.0) | TerrainHeight: -0.06 | HeightDiff: 0.00 | OnFloor: true
[23:10:05] PLAYER: Pos: (66.07802, -0.054827, -4.027076) | Chunk: (2.0, -1.0) | TerrainHeight: -0.06 | HeightDiff: 0.00 | OnFloor: true
[23:10:06] PLAYER: Pos: (66.07802, -0.054827, -4.027076) | Chunk: (2.0, -1.0) | TerrainHeight: -0.06 | HeightDiff: 0.00 | OnFloor: true
[23:10:07] PLAYER: Pos: (66.07802, -0.054827, -4.027076) | Chunk: (2.0, -1.0) | TerrainHeight: -0.06 | HeightDiff: 0.00 | OnFloor: true
[23:10:08] PLAYER: Pos: (66.07802, -0.054827, -4.027076) | Chunk: (2.0, -1.0) | TerrainHeight: -0.06 | HeightDiff: 0.00 | OnFloor: true
[23:10:09] PLAYER: Pos: (66.07802, -0.054827, -4.027076) | Chunk: (2.0, -1.0) | TerrainHeight: -0.06 | HeightDiff: 0.00 | OnFloor: true
[23:10:10] PLAYER: Pos: (66.07802, -0.054827, -4.027076) | Chunk: (2.0, -1.0) | TerrainHeight: -0.06 | HeightDiff: 0.00 | OnFloor: true
[23:10:11] PLAYER: Pos: (66.07802, -0.054827, -4.027076) | Chunk: (2.0, -1.0) | TerrainHeight: -0.06 | HeightDiff: 0.00 | OnFloor: true
[23:10:12] PLAYER: Pos: (66.07802, -0.054827, -4.027076) | Chunk: (2.0, -1.0) | TerrainHeight: -0.06 | HeightDiff: 0.00 | OnFloor: true
[23:10:13] PLAYER: Pos: (66.07802, -0.054827, -4.027076) | Chunk: (2.0, -1.0) | TerrainHeight: -0.06 | HeightDiff: 0.00 | OnFloor: true
[23:10:14] PLAYER: Pos: (66.07802, -0.054827, -4.027076) | Chunk: (2.0, -1.0) | TerrainHeight: -0.06 | HeightDiff: 0.00 | OnFloor: true
[23:10:15] PLAYER: Pos: (66.07802, -0.054827, -4.027076) | Chunk: (2.0, -1.0) | TerrainHeight: -0.06 | HeightDiff: 0.00 | OnFloor: true
[23:10:16] PLAYER: Pos: (66.07802, -0.054827, -4.027076) | Chunk: (2.0, -1.0) | TerrainHeight: -0.06 | HeightDiff: 0.00 | OnFloor: true
[23:10:17] PLAYER: Pos: (66.07802, -0.054827, -4.027076) | Chunk: (2.0, -1.0) | TerrainHeight: -0.06 | HeightDiff: 0.00 | OnFloor: true
[23:10:18] PLAYER: Pos: (66.07802, -0.054827, -4.027076) | Chunk: (2.0, -1.0) | TerrainHeight: -0.06 | HeightDiff: 0.00 | OnFloor: true
[23:10:19] PLAYER: Pos: (66.07802, -0.054827, -4.027076) | Chunk: (2.0, -1.0) | TerrainHeight: -0.06 | HeightDiff: 0.00 | OnFloor: true
[23:10:20] PLAYER: Pos: (66.07802, -0.054827, -4.027076) | Chunk: (2.0, -1.0) | TerrainHeight: -0.06 | HeightDiff: 0.00 | OnFloor: true
[23:10:21] PLAYER: Pos: (66.07802, -0.054827, -4.027076) | Chunk: (2.0, -1.0) | TerrainHeight: -0.06 | HeightDiff: 0.00 | OnFloor: true
[23:10:22] PLAYER: Pos: (66.07802, -0.054827, -4.027076) | Chunk: (2.0, -1.0) | TerrainHeight: -0.06 | HeightDiff: 0.00 | OnFloor: true
[23:10:23] PLAYER: Pos: (66.07802, -0.054827, -4.027076) | Chunk: (2.0, -1.0) | TerrainHeight: -0.06 | HeightDiff: 0.00 | OnFloor: true
[23:10:24] PLAYER: Pos: (66.07802, -0.054827, -4.027076) | Chunk: (2.0, -1.0) | TerrainHeight: -0.06 | HeightDiff: 0.00 | OnFloor: true
[23:10:25] PLAYER: Pos: (66.07802, -0.054827, -4.027076) | Chunk: (2.0, -1.0) | TerrainHeight: -0.06 | HeightDiff: 0.00 | OnFloor: true
[23:10:26] PLAYER: Pos: (66.07802, -0.054827, -4.027076) | Chunk: (2.0, -1.0) | TerrainHeight: -0.06 | HeightDiff: 0.00 | OnFloor: true
[23:10:27] PLAYER: Pos: (66.07802, -0.054827, -4.027076) | Chunk: (2.0, -1.0) | TerrainHeight: -0.06 | HeightDiff: 0.00 | OnFloor: true
[23:10:28] PLAYER: Pos: (66.07802, -0.054827, -4.027076) | Chunk: (2.0, -1.0) | TerrainHeight: -0.06 | HeightDiff: 0.00 | OnFloor: true
[23:10:29] PLAYER: Pos: (66.07802, -0.054827, -4.027076) | Chunk: (2.0, -1.0) | TerrainHeight: -0.06 | HeightDiff: 0.00 | OnFloor: true
[23:10:30] PLAYER: Pos: (66.07802, -0.054827, -4.027076) | Chunk: (2.0, -1.0) | TerrainHeight: -0.06 | HeightDiff: 0.00 | OnFloor: true
[23:10:31] PLAYER: Pos: (66.07802, -0.054827, -4.027076) | Chunk: (2.0, -1.0) | TerrainHeight: -0.06 | HeightDiff: 0.00 | OnFloor: true
[23:10:32] PLAYER: Pos: (66.07802, -0.054827, -4.027076) | Chunk: (2.0, -1.0) | TerrainHeight: -0.06 | HeightDiff: 0.00 | OnFloor: true
[23:10:33] PLAYER: Pos: (66.07802, -0.054827, -4.027076) | Chunk: (2.0, -1.0) | TerrainHeight: -0.06 | HeightDiff: 0.00 | OnFloor: true
[23:10:34] PLAYER: Pos: (66.07802, -0.054827, -4.027076) | Chunk: (2.0, -1.0) | TerrainHeight: -0.06 | HeightDiff: 0.00 | OnFloor: true
[23:10:35] PLAYER: Pos: (66.07802, -0.054827, -4.027076) | Chunk: (2.0, -1.0) | TerrainHeight: -0.06 | HeightDiff: 0.00 | OnFloor: true
[23:10:36] PLAYER: Pos: (66.07802, -0.054827, -4.027076) | Chunk: (2.0, -1.0) | TerrainHeight: -0.06 | HeightDiff: 0.00 | OnFloor: true
[23:10:37] PLAYER: Pos: (66.07802, -0.054827, -4.027076) | Chunk: (2.0, -1.0) | TerrainHeight: -0.06 | HeightDiff: 0.00 | OnFloor: true
[23:10:38] PLAYER: Pos: (66.07802, -0.054827, -4.027076) | Chunk: (2.0, -1.0) | TerrainHeight: -0.06 | HeightDiff: 0.00 | OnFloor: true
[23:10:39] PLAYER: Pos: (66.07802, -0.054827, -4.027076) | Chunk: (2.0, -1.0) | TerrainHeight: -0.06 | HeightDiff: 0.00 | OnFloor: true
[23:10:40] PLAYER: Pos: (66.07802, -0.054827, -4.027076) | Chunk: (2.0, -1.0) | TerrainHeight: -0.06 | HeightDiff: 0.00 | OnFloor: true
[23:10:41] PLAYER: Pos: (66.07802, -0.054827, -4.027076) | Chunk: (2.0, -1.0) | TerrainHeight: -0.06 | HeightDiff: 0.00 | OnFloor: true
[23:10:42] PLAYER: Pos: (66.07802, -0.054827, -4.027076) | Chunk: (2.0, -1.0) | TerrainHeight: -0.06 | HeightDiff: 0.00 | OnFloor: true
[23:10:43] PLAYER: Pos: (66.07802, -0.054827, -4.027076) | Chunk: (2.0, -1.0) | TerrainHeight: -0.06 | HeightDiff: 0.00 | OnFloor: true
[23:10:44] PLAYER: Pos: (66.07802, -0.054827, -4.027076) | Chunk: (2.0, -1.0) | TerrainHeight: -0.06 | HeightDiff: 0.00 | OnFloor: true
[23:10:45] PLAYER: Pos: (66.07802, -0.054827, -4.027076) | Chunk: (2.0, -1.0) | TerrainHeight: -0.06 | HeightDiff: 0.00 | OnFloor: true
[23:10:46] PLAYER: Pos: (66.07802, -0.054827, -4.027076) | Chunk: (2.0, -1.0) | TerrainHeight: -0.06 | HeightDiff: 0.00 | OnFloor: true
[23:10:47] PLAYER: Pos: (66.07802, -0.054827, -4.027076) | Chunk: (2.0, -1.0) | TerrainHeight: -0.06 | HeightDiff: 0.00 | OnFloor: true
[23:10:48] PLAYER: Pos: (66.07802, -0.054827, -4.027076) | Chunk: (2.0, -1.0) | TerrainHeight: -0.06 | HeightDiff: 0.00 | OnFloor: true
[23:10:49] PLAYER: Pos: (66.07802, -0.054827, -4.027076) | Chunk: (2.0, -1.0) | TerrainHeight: -0.06 | HeightDiff: 0.00 | OnFloor: true
[23:10:50] PLAYER: Pos: (66.07802, -0.054827, -4.027076) | Chunk: (2.0, -1.0) | TerrainHeight: -0.06 | HeightDiff: 0.00 | OnFloor: true
[23:10:51] PLAYER: Pos: (66.07802, -0.054827, -4.027076) | Chunk: (2.0, -1.0) | TerrainHeight: -0.06 | HeightDiff: 0.00 | OnFloor: true
[23:10:52] PLAYER: Pos: (66.07802, -0.054827, -4.027076) | Chunk: (2.0, -1.0) | TerrainHeight: -0.06 | HeightDiff: 0.00 | OnFloor: true
[23:10:53] PLAYER: Pos: (66.07802, -0.054827, -4.027076) | Chunk: (2.0, -1.0) | TerrainHeight: -0.06 | HeightDiff: 0.00 | OnFloor: true
[23:10:54] TERRAIN: Player moved to new chunk: (1.0, -1.0) (was (2.0, -1.0))
[23:10:54] PLAYER: Pos: (63.32664, -0.050643, -0.861187) | Chunk: (1.0, -1.0) | TerrainHeight: -0.05 | HeightDiff: 0.00 | OnFloor: true
[23:10:54] PLAYER: CHUNK CHANGED: (2.0, -1.0) -> (1.0, -1.0)
[23:10:55] PLAYER: Pos: (60.67798, -0.03799, -0.566143) | Chunk: (1.0, -1.0) | TerrainHeight: -0.04 | HeightDiff: -0.00 | OnFloor: true
[23:10:55] TERRAIN: Player moved to new chunk: (1.0, 0.0) (was (1.0, -1.0))
[23:10:56] PLAYER: Pos: (58.34045, -0.031466, 1.035019) | Chunk: (1.0, 0.0) | TerrainHeight: -0.03 | HeightDiff: -0.00 | OnFloor: true
[23:10:56] PLAYER: CHUNK CHANGED: (1.0, -1.0) -> (1.0, 0.0)
[23:10:57] PLAYER: Pos: (53.70225, -0.026165, 2.72864) | Chunk: (1.0, 0.0) | TerrainHeight: -0.03 | HeightDiff: -0.00 | OnFloor: true
[23:10:58] PLAYER: Pos: (49.53048, -0.026165, 5.236209) | Chunk: (1.0, 0.0) | TerrainHeight: -0.03 | HeightDiff: 0.00 | OnFloor: true
[23:10:59] PLAYER: Pos: (47.24304, -0.008523, 9.600998) | Chunk: (1.0, 0.0) | TerrainHeight: -0.01 | HeightDiff: 0.00 | OnFloor: true
[23:11:00] PLAYER: Pos: (43.74329, 0.02901, 12.62247) | Chunk: (1.0, 0.0) | TerrainHeight: 0.03 | HeightDiff: -0.00 | OnFloor: true
[23:11:01] PLAYER: Pos: (39.42383, 0.041469, 13.5436) | Chunk: (1.0, 0.0) | TerrainHeight: 0.04 | HeightDiff: -0.00 | OnFloor: true
[23:11:02] PLAYER: Pos: (39.42383, 0.041469, 13.5436) | Chunk: (1.0, 0.0) | TerrainHeight: 0.04 | HeightDiff: -0.00 | OnFloor: true
[23:11:03] PLAYER: Pos: (34.88955, 0.043533, 13.82087) | Chunk: (1.0, 0.0) | TerrainHeight: 0.04 | HeightDiff: -0.00 | OnFloor: true
[23:11:03] TERRAIN: Player moved to new chunk: (0.0, 0.0) (was (1.0, 0.0))
[23:11:03] TERRAIN: Updating terrain for player chunk: (0.0, 0.0) (player pos: (31.876, 0.041365, 12.60391))
[23:11:03] TERRAIN: Player chunk (0.0, 0.0) distance: 0.00 (max_distance: 20)
[23:11:04] PLAYER: Pos: (30.61029, 0.03658, 11.84315) | Chunk: (0.0, 0.0) | TerrainHeight: 0.04 | HeightDiff: -0.00 | OnFloor: true
[23:11:04] PLAYER: CHUNK CHANGED: (1.0, 0.0) -> (0.0, 0.0)
[23:11:05] PLAYER: Pos: (30.03316, 0.034187, 11.24202) | Chunk: (0.0, 0.0) | TerrainHeight: 0.03 | HeightDiff: -0.00 | OnFloor: true
[23:11:06] PLAYER: Pos: (30.03316, 0.034187, 11.24202) | Chunk: (0.0, 0.0) | TerrainHeight: 0.03 | HeightDiff: -0.00 | OnFloor: true
[23:11:07] INFO: === DEBUG SESSION ENDED ===
