[22:36:58] INFO: === DEBUG SESSION STARTED ===
[22:36:58] INFO: Timestamp: 20251127_223658
[22:36:58] INFO: Godot Version: { "major": 4, "minor": 5, "patch": 0, "hex": 263424, "status": "stable", "build": "official", "hash": "876b290332ec6f2e6d173d08162a02aa7e6ca46d", "timestamp": 0, "string": "4.5-stable (official)" }
[22:36:58] TERRAIN: Updating terrain for player chunk: (0.0, 0.0) (player pos: (0.0, 1.972778, 0.0))
[22:36:58] TERRAIN: Queuing 709 new chunks for generation
[22:36:58] TERRAIN: Queued chunk: (0.0, 0.0) (distance: 0.00)
[22:36:58] TERRAIN: Queued chunk: (0.0, -1.0) (distance: 1.00)
[22:36:58] TERRAIN: Queued chunk: (-1.0, 0.0) (distance: 1.00)
[22:36:58] TERRAIN: Queued chunk: (0.0, 1.0) (distance: 1.00)
[22:36:58] TERRAIN: Queued chunk: (1.0, 0.0) (distance: 1.00)
[22:36:58] TERRAIN: Queued chunk: (-1.0, 1.0) (distance: 1.41)
[22:36:58] TERRAIN: Queued chunk: (-1.0, -1.0) (distance: 1.41)
[22:36:58] TERRAIN: Queued chunk: (1.0, 1.0) (distance: 1.41)
[22:36:58] TERRAIN: Queued chunk: (1.0, -1.0) (distance: 1.41)
[22:36:58] TERRAIN: Queued chunk: (0.0, -2.0) (distance: 2.00)
[22:36:58] TERRAIN: Queued chunk: (0.0, 2.0) (distance: 2.00)
[22:36:58] TERRAIN: Queued chunk: (-2.0, 0.0) (distance: 2.00)
[22:36:58] TERRAIN: Queued chunk: (2.0, 0.0) (distance: 2.00)
[22:36:58] TERRAIN: Queued chunk: (-2.0, 1.0) (distance: 2.24)
[22:36:58] TERRAIN: Queued chunk: (-2.0, -1.0) (distance: 2.24)
[22:36:58] TERRAIN: Queued chunk: (1.0, 2.0) (distance: 2.24)
[22:36:58] TERRAIN: Queued chunk: (1.0, -2.0) (distance: 2.24)
[22:36:58] TERRAIN: Queued chunk: (-1.0, 2.0) (distance: 2.24)
[22:36:58] TERRAIN: Queued chunk: (2.0, 1.0) (distance: 2.24)
[22:36:58] TERRAIN: Queued chunk: (2.0, -1.0) (distance: 2.24)
[22:36:58] TERRAIN: Queued chunk: (-1.0, -2.0) (distance: 2.24)
[22:36:58] TERRAIN: Queued chunk: (2.0, 2.0) (distance: 2.83)
[22:36:58] TERRAIN: Queued chunk: (2.0, -2.0) (distance: 2.83)
[22:36:58] TERRAIN: Queued chunk: (-2.0, -2.0) (distance: 2.83)
[22:36:58] TERRAIN: Queued chunk: (-2.0, 2.0) (distance: 2.83)
[22:36:58] TERRAIN: Queued chunk: (0.0, -3.0) (distance: 3.00)
[22:36:58] TERRAIN: Queued chunk: (0.0, 3.0) (distance: 3.00)
[22:36:58] TERRAIN: Queued chunk: (3.0, 0.0) (distance: 3.00)
[22:36:58] TERRAIN: Queued chunk: (-3.0, 0.0) (distance: 3.00)
[22:36:58] TERRAIN: Queued chunk: (1.0, 3.0) (distance: 3.16)
[22:36:58] TERRAIN: Queued chunk: (-1.0, -3.0) (distance: 3.16)
[22:36:58] TERRAIN: Queued chunk: (-3.0, -1.0) (distance: 3.16)
[22:36:58] TERRAIN: Queued chunk: (3.0, -1.0) (distance: 3.16)
[22:36:58] TERRAIN: Queued chunk: (3.0, 1.0) (distance: 3.16)
[22:36:58] TERRAIN: Queued chunk: (-3.0, 1.0) (distance: 3.16)
[22:36:58] TERRAIN: Queued chunk: (1.0, -3.0) (distance: 3.16)
[22:36:58] TERRAIN: Queued chunk: (-1.0, 3.0) (distance: 3.16)
[22:36:58] TERRAIN: Queued chunk: (-3.0, -2.0) (distance: 3.61)
[22:36:58] TERRAIN: Queued chunk: (-3.0, 2.0) (distance: 3.61)
[22:36:58] TERRAIN: Queued chunk: (2.0, -3.0) (distance: 3.61)
[22:36:58] TERRAIN: Queued chunk: (2.0, 3.0) (distance: 3.61)
[22:36:58] TERRAIN: Queued chunk: (-2.0, -3.0) (distance: 3.61)
[22:36:58] TERRAIN: Queued chunk: (3.0, 2.0) (distance: 3.61)
[22:36:58] TERRAIN: Queued chunk: (-2.0, 3.0) (distance: 3.61)
[22:36:58] TERRAIN: Queued chunk: (3.0, -2.0) (distance: 3.61)
[22:36:58] TERRAIN: Queued chunk: (4.0, 0.0) (distance: 4.00)
[22:36:58] TERRAIN: Queued chunk: (0.0, -4.0) (distance: 4.00)
[22:36:58] TERRAIN: Queued chunk: (0.0, 4.0) (distance: 4.00)
[22:36:58] TERRAIN: Queued chunk: (-4.0, 0.0) (distance: 4.00)
[22:36:58] TERRAIN: Queued chunk: (1.0, -4.0) (distance: 4.12)
[22:36:58] TERRAIN: Queued chunk: (-1.0, 4.0) (distance: 4.12)
[22:36:58] TERRAIN: Queued chunk: (1.0, 4.0) (distance: 4.12)
[22:36:58] TERRAIN: Queued chunk: (-4.0, -1.0) (distance: 4.12)
[22:36:58] TERRAIN: Queued chunk: (-1.0, -4.0) (distance: 4.12)
[22:36:58] TERRAIN: Queued chunk: (-4.0, 1.0) (distance: 4.12)
[22:36:58] TERRAIN: Queued chunk: (4.0, -1.0) (distance: 4.12)
[22:36:58] TERRAIN: Queued chunk: (4.0, 1.0) (distance: 4.12)
[22:36:58] TERRAIN: Queued chunk: (3.0, -3.0) (distance: 4.24)
[22:36:58] TERRAIN: Queued chunk: (3.0, 3.0) (distance: 4.24)
[22:36:58] TERRAIN: Queued chunk: (-3.0, -3.0) (distance: 4.24)
[22:36:58] TERRAIN: Queued chunk: (-3.0, 3.0) (distance: 4.24)
[22:36:58] TERRAIN: Queued chunk: (-4.0, -2.0) (distance: 4.47)
[22:36:58] TERRAIN: Queued chunk: (-4.0, 2.0) (distance: 4.47)
[22:36:58] TERRAIN: Queued chunk: (4.0, 2.0) (distance: 4.47)
[22:36:58] TERRAIN: Queued chunk: (4.0, -2.0) (distance: 4.47)
[22:36:58] TERRAIN: Queued chunk: (-2.0, -4.0) (distance: 4.47)
[22:36:58] TERRAIN: Queued chunk: (-2.0, 4.0) (distance: 4.47)
[22:36:58] TERRAIN: Queued chunk: (2.0, 4.0) (distance: 4.47)
[22:36:58] TERRAIN: Queued chunk: (2.0, -4.0) (distance: 4.47)
[22:36:58] TERRAIN: Queued chunk: (0.0, -5.0) (distance: 5.00)
[22:36:58] TERRAIN: Queued chunk: (-3.0, 4.0) (distance: 5.00)
[22:36:58] TERRAIN: Queued chunk: (-3.0, -4.0) (distance: 5.00)
[22:36:58] TERRAIN: Queued chunk: (-4.0, 3.0) (distance: 5.00)
[22:36:58] TERRAIN: Queued chunk: (-4.0, -3.0) (distance: 5.00)
[22:36:58] TERRAIN: Queued chunk: (3.0, -4.0) (distance: 5.00)
[22:36:58] TERRAIN: Queued chunk: (3.0, 4.0) (distance: 5.00)
[22:36:58] TERRAIN: Queued chunk: (-5.0, 0.0) (distance: 5.00)
[22:36:58] TERRAIN: Queued chunk: (5.0, 0.0) (distance: 5.00)
[22:36:58] TERRAIN: Queued chunk: (0.0, 5.0) (distance: 5.00)
[22:36:58] TERRAIN: Queued chunk: (4.0, -3.0) (distance: 5.00)
[22:36:58] TERRAIN: Queued chunk: (4.0, 3.0) (distance: 5.00)
[22:36:58] TERRAIN: Queued chunk: (5.0, 1.0) (distance: 5.10)
[22:36:58] TERRAIN: Queued chunk: (-1.0, 5.0) (distance: 5.10)
[22:36:58] TERRAIN: Queued chunk: (-5.0, -1.0) (distance: 5.10)
[22:36:58] TERRAIN: Queued chunk: (1.0, -5.0) (distance: 5.10)
[22:36:58] TERRAIN: Queued chunk: (1.0, 5.0) (distance: 5.10)
[22:36:58] TERRAIN: Queued chunk: (5.0, -1.0) (distance: 5.10)
[22:36:58] TERRAIN: Queued chunk: (-5.0, 1.0) (distance: 5.10)
[22:36:58] TERRAIN: Queued chunk: (-1.0, -5.0) (distance: 5.10)
[22:36:58] TERRAIN: Queued chunk: (-5.0, 2.0) (distance: 5.39)
[22:36:58] TERRAIN: Queued chunk: (5.0, -2.0) (distance: 5.39)
[22:36:58] TERRAIN: Queued chunk: (-2.0, 5.0) (distance: 5.39)
[22:36:58] TERRAIN: Queued chunk: (2.0, 5.0) (distance: 5.39)
[22:36:58] TERRAIN: Queued chunk: (2.0, -5.0) (distance: 5.39)
[22:36:58] TERRAIN: Queued chunk: (-2.0, -5.0) (distance: 5.39)
[22:36:58] TERRAIN: Queued chunk: (-5.0, -2.0) (distance: 5.39)
[22:36:58] TERRAIN: Queued chunk: (5.0, 2.0) (distance: 5.39)
[22:36:58] TERRAIN: Queued chunk: (4.0, 4.0) (distance: 5.66)
[22:36:58] TERRAIN: Queued chunk: (4.0, -4.0) (distance: 5.66)
[22:36:58] TERRAIN: Queued chunk: (-4.0, -4.0) (distance: 5.66)
[22:36:58] TERRAIN: Queued chunk: (-4.0, 4.0) (distance: 5.66)
[22:36:58] TERRAIN: Queued chunk: (3.0, -5.0) (distance: 5.83)
[22:36:58] TERRAIN: Queued chunk: (-3.0, -5.0) (distance: 5.83)
[22:36:58] TERRAIN: Queued chunk: (3.0, 5.0) (distance: 5.83)
[22:36:58] TERRAIN: Queued chunk: (5.0, -3.0) (distance: 5.83)
[22:36:58] TERRAIN: Queued chunk: (-5.0, 3.0) (distance: 5.83)
[22:36:58] TERRAIN: Queued chunk: (-3.0, 5.0) (distance: 5.83)
[22:36:58] TERRAIN: Queued chunk: (5.0, 3.0) (distance: 5.83)
[22:36:58] TERRAIN: Queued chunk: (-5.0, -3.0) (distance: 5.83)
[22:36:58] TERRAIN: Queued chunk: (-6.0, 0.0) (distance: 6.00)
[22:36:58] TERRAIN: Queued chunk: (6.0, 0.0) (distance: 6.00)
[22:36:58] TERRAIN: Queued chunk: (0.0, -6.0) (distance: 6.00)
[22:36:58] TERRAIN: Queued chunk: (0.0, 6.0) (distance: 6.00)
[22:36:58] TERRAIN: Queued chunk: (6.0, -1.0) (distance: 6.08)
[22:36:58] TERRAIN: Queued chunk: (-6.0, 1.0) (distance: 6.08)
[22:36:58] TERRAIN: Queued chunk: (-1.0, 6.0) (distance: 6.08)
[22:36:58] TERRAIN: Queued chunk: (1.0, -6.0) (distance: 6.08)
[22:36:58] TERRAIN: Queued chunk: (1.0, 6.0) (distance: 6.08)
[22:36:58] TERRAIN: Queued chunk: (-1.0, -6.0) (distance: 6.08)
[22:36:58] TERRAIN: Queued chunk: (-6.0, -1.0) (distance: 6.08)
[22:36:58] TERRAIN: Queued chunk: (6.0, 1.0) (distance: 6.08)
[22:36:58] TERRAIN: Queued chunk: (-2.0, 6.0) (distance: 6.32)
[22:36:58] TERRAIN: Queued chunk: (6.0, -2.0) (distance: 6.32)
[22:36:58] TERRAIN: Queued chunk: (6.0, 2.0) (distance: 6.32)
[22:36:58] TERRAIN: Queued chunk: (2.0, 6.0) (distance: 6.32)
[22:36:58] TERRAIN: Queued chunk: (2.0, -6.0) (distance: 6.32)
[22:36:58] TERRAIN: Queued chunk: (-2.0, -6.0) (distance: 6.32)
[22:36:58] TERRAIN: Queued chunk: (-6.0, -2.0) (distance: 6.32)
[22:36:58] TERRAIN: Queued chunk: (-6.0, 2.0) (distance: 6.32)
[22:36:58] TERRAIN: Queued chunk: (-4.0, -5.0) (distance: 6.40)
[22:36:58] TERRAIN: Queued chunk: (-5.0, 4.0) (distance: 6.40)
[22:36:58] TERRAIN: Queued chunk: (-5.0, -4.0) (distance: 6.40)
[22:36:58] TERRAIN: Queued chunk: (-4.0, 5.0) (distance: 6.40)
[22:36:58] TERRAIN: Queued chunk: (4.0, -5.0) (distance: 6.40)
[22:36:58] TERRAIN: Queued chunk: (4.0, 5.0) (distance: 6.40)
[22:36:58] TERRAIN: Queued chunk: (5.0, -4.0) (distance: 6.40)
[22:36:58] TERRAIN: Queued chunk: (5.0, 4.0) (distance: 6.40)
[22:36:58] TERRAIN: Queued chunk: (-3.0, -6.0) (distance: 6.71)
[22:36:58] TERRAIN: Queued chunk: (-3.0, 6.0) (distance: 6.71)
[22:36:58] TERRAIN: Queued chunk: (6.0, -3.0) (distance: 6.71)
[22:36:58] TERRAIN: Queued chunk: (6.0, 3.0) (distance: 6.71)
[22:36:58] TERRAIN: Queued chunk: (-6.0, 3.0) (distance: 6.71)
[22:36:58] TERRAIN: Queued chunk: (3.0, -6.0) (distance: 6.71)
[22:36:58] TERRAIN: Queued chunk: (3.0, 6.0) (distance: 6.71)
[22:36:58] TERRAIN: Queued chunk: (-6.0, -3.0) (distance: 6.71)
[22:36:58] TERRAIN: Queued chunk: (-7.0, 0.0) (distance: 7.00)
[22:36:58] TERRAIN: Queued chunk: (0.0, -7.0) (distance: 7.00)
[22:36:58] TERRAIN: Queued chunk: (0.0, 7.0) (distance: 7.00)
[22:36:58] TERRAIN: Queued chunk: (7.0, 0.0) (distance: 7.00)
[22:36:58] TERRAIN: Queued chunk: (-5.0, -5.0) (distance: 7.07)
[22:36:58] TERRAIN: Queued chunk: (-5.0, 5.0) (distance: 7.07)
[22:36:58] TERRAIN: Queued chunk: (-1.0, -7.0) (distance: 7.07)
[22:36:58] TERRAIN: Queued chunk: (-1.0, 7.0) (distance: 7.07)
[22:36:58] TERRAIN: Queued chunk: (1.0, -7.0) (distance: 7.07)
[22:36:58] TERRAIN: Queued chunk: (1.0, 7.0) (distance: 7.07)
[22:36:58] TERRAIN: Queued chunk: (5.0, -5.0) (distance: 7.07)
[22:36:58] TERRAIN: Queued chunk: (5.0, 5.0) (distance: 7.07)
[22:36:58] TERRAIN: Queued chunk: (7.0, 1.0) (distance: 7.07)
[22:36:58] TERRAIN: Queued chunk: (7.0, -1.0) (distance: 7.07)
[22:36:58] TERRAIN: Queued chunk: (-7.0, 1.0) (distance: 7.07)
[22:36:58] TERRAIN: Queued chunk: (-7.0, -1.0) (distance: 7.07)
[22:36:58] TERRAIN: Queued chunk: (-4.0, 6.0) (distance: 7.21)
[22:36:58] TERRAIN: Queued chunk: (4.0, -6.0) (distance: 7.21)
[22:36:58] TERRAIN: Queued chunk: (-6.0, 4.0) (distance: 7.21)
[22:36:58] TERRAIN: Queued chunk: (-6.0, -4.0) (distance: 7.21)
[22:36:58] TERRAIN: Queued chunk: (4.0, 6.0) (distance: 7.21)
[22:36:58] TERRAIN: Queued chunk: (6.0, 4.0) (distance: 7.21)
[22:36:58] TERRAIN: Queued chunk: (6.0, -4.0) (distance: 7.21)
[22:36:58] TERRAIN: Queued chunk: (-4.0, -6.0) (distance: 7.21)
[22:36:58] TERRAIN: Queued chunk: (-7.0, 2.0) (distance: 7.28)
[22:36:58] TERRAIN: Queued chunk: (2.0, -7.0) (distance: 7.28)
[22:36:58] TERRAIN: Queued chunk: (-7.0, -2.0) (distance: 7.28)
[22:36:58] TERRAIN: Queued chunk: (-2.0, -7.0) (distance: 7.28)
[22:36:58] TERRAIN: Queued chunk: (7.0, 2.0) (distance: 7.28)
[22:36:58] TERRAIN: Queued chunk: (-2.0, 7.0) (distance: 7.28)
[22:36:58] TERRAIN: Queued chunk: (7.0, -2.0) (distance: 7.28)
[22:36:58] TERRAIN: Queued chunk: (2.0, 7.0) (distance: 7.28)
[22:36:58] TERRAIN: Queued chunk: (-7.0, -3.0) (distance: 7.62)
[22:36:58] TERRAIN: Queued chunk: (-3.0, -7.0) (distance: 7.62)
[22:36:58] TERRAIN: Queued chunk: (-7.0, 3.0) (distance: 7.62)
[22:36:58] TERRAIN: Queued chunk: (-3.0, 7.0) (distance: 7.62)
[22:36:58] TERRAIN: Queued chunk: (3.0, -7.0) (distance: 7.62)
[22:36:58] TERRAIN: Queued chunk: (7.0, 3.0) (distance: 7.62)
[22:36:58] TERRAIN: Queued chunk: (7.0, -3.0) (distance: 7.62)
[22:36:58] TERRAIN: Queued chunk: (3.0, 7.0) (distance: 7.62)
[22:36:58] TERRAIN: Queued chunk: (-5.0, -6.0) (distance: 7.81)
[22:36:58] TERRAIN: Queued chunk: (-5.0, 6.0) (distance: 7.81)
[22:36:58] TERRAIN: Queued chunk: (-6.0, 5.0) (distance: 7.81)
[22:36:58] TERRAIN: Queued chunk: (-6.0, -5.0) (distance: 7.81)
[22:36:58] TERRAIN: Queued chunk: (5.0, -6.0) (distance: 7.81)
[22:36:58] TERRAIN: Queued chunk: (6.0, -5.0) (distance: 7.81)
[22:36:58] TERRAIN: Queued chunk: (5.0, 6.0) (distance: 7.81)
[22:36:58] TERRAIN: Queued chunk: (6.0, 5.0) (distance: 7.81)
[22:36:58] TERRAIN: Queued chunk: (8.0, 0.0) (distance: 8.00)
[22:36:58] TERRAIN: Queued chunk: (-8.0, 0.0) (distance: 8.00)
[22:36:58] TERRAIN: Queued chunk: (0.0, -8.0) (distance: 8.00)
[22:36:58] TERRAIN: Queued chunk: (0.0, 8.0) (distance: 8.00)
[22:36:58] TERRAIN: Queued chunk: (8.0, 1.0) (distance: 8.06)
[22:36:58] TERRAIN: Queued chunk: (-1.0, 8.0) (distance: 8.06)
[22:36:58] TERRAIN: Queued chunk: (-1.0, -8.0) (distance: 8.06)
[22:36:58] TERRAIN: Queued chunk: (1.0, -8.0) (distance: 8.06)
[22:36:58] TERRAIN: Queued chunk: (-4.0, -7.0) (distance: 8.06)
[22:36:58] TERRAIN: Queued chunk: (1.0, 8.0) (distance: 8.06)
[22:36:58] TERRAIN: Queued chunk: (-8.0, 1.0) (distance: 8.06)
[22:36:58] TERRAIN: Queued chunk: (8.0, -1.0) (distance: 8.06)
[22:36:58] TERRAIN: Queued chunk: (-8.0, -1.0) (distance: 8.06)
[22:36:58] TERRAIN: Queued chunk: (-4.0, 7.0) (distance: 8.06)
[22:36:58] TERRAIN: Queued chunk: (7.0, -4.0) (distance: 8.06)
[22:36:58] TERRAIN: Queued chunk: (4.0, 7.0) (distance: 8.06)
[22:36:58] TERRAIN: Queued chunk: (-7.0, -4.0) (distance: 8.06)
[22:36:58] TERRAIN: Queued chunk: (7.0, 4.0) (distance: 8.06)
[22:36:58] TERRAIN: Queued chunk: (4.0, -7.0) (distance: 8.06)
[22:36:58] TERRAIN: Queued chunk: (-7.0, 4.0) (distance: 8.06)
[22:36:58] TERRAIN: Queued chunk: (-8.0, -2.0) (distance: 8.25)
[22:36:58] TERRAIN: Queued chunk: (2.0, 8.0) (distance: 8.25)
[22:36:58] TERRAIN: Queued chunk: (-8.0, 2.0) (distance: 8.25)
[22:36:58] TERRAIN: Queued chunk: (2.0, -8.0) (distance: 8.25)
[22:36:58] TERRAIN: Queued chunk: (8.0, -2.0) (distance: 8.25)
[22:36:58] TERRAIN: Queued chunk: (-2.0, -8.0) (distance: 8.25)
[22:36:58] TERRAIN: Queued chunk: (-2.0, 8.0) (distance: 8.25)
[22:36:58] TERRAIN: Queued chunk: (8.0, 2.0) (distance: 8.25)
[22:36:58] TERRAIN: Queued chunk: (-6.0, 6.0) (distance: 8.49)
[22:36:58] TERRAIN: Queued chunk: (6.0, -6.0) (distance: 8.49)
[22:36:58] TERRAIN: Queued chunk: (6.0, 6.0) (distance: 8.49)
[22:36:58] TERRAIN: Queued chunk: (-6.0, -6.0) (distance: 8.49)
[22:36:58] TERRAIN: Queued chunk: (-8.0, 3.0) (distance: 8.54)
[22:36:58] TERRAIN: Queued chunk: (-3.0, -8.0) (distance: 8.54)
[22:36:58] TERRAIN: Queued chunk: (3.0, 8.0) (distance: 8.54)
[22:36:58] TERRAIN: Queued chunk: (-3.0, 8.0) (distance: 8.54)
[22:36:58] TERRAIN: Queued chunk: (8.0, -3.0) (distance: 8.54)
[22:36:58] TERRAIN: Queued chunk: (3.0, -8.0) (distance: 8.54)
[22:36:58] TERRAIN: Queued chunk: (-8.0, -3.0) (distance: 8.54)
[22:36:58] TERRAIN: Queued chunk: (8.0, 3.0) (distance: 8.54)
[22:36:58] TERRAIN: Queued chunk: (-7.0, -5.0) (distance: 8.60)
[22:36:58] TERRAIN: Queued chunk: (5.0, -7.0) (distance: 8.60)
[22:36:58] TERRAIN: Queued chunk: (-5.0, 7.0) (distance: 8.60)
[22:36:58] TERRAIN: Queued chunk: (7.0, -5.0) (distance: 8.60)
[22:36:58] TERRAIN: Queued chunk: (-7.0, 5.0) (distance: 8.60)
[22:36:58] TERRAIN: Queued chunk: (7.0, 5.0) (distance: 8.60)
[22:36:58] TERRAIN: Queued chunk: (5.0, 7.0) (distance: 8.60)
[22:36:58] TERRAIN: Queued chunk: (-5.0, -7.0) (distance: 8.60)
[22:36:58] TERRAIN: Queued chunk: (8.0, 4.0) (distance: 8.94)
[22:36:58] TERRAIN: Queued chunk: (4.0, 8.0) (distance: 8.94)
[22:36:58] TERRAIN: Queued chunk: (-4.0, 8.0) (distance: 8.94)
[22:36:58] TERRAIN: Queued chunk: (4.0, -8.0) (distance: 8.94)
[22:36:58] TERRAIN: Queued chunk: (-8.0, -4.0) (distance: 8.94)
[22:36:58] TERRAIN: Queued chunk: (8.0, -4.0) (distance: 8.94)
[22:36:58] TERRAIN: Queued chunk: (-4.0, -8.0) (distance: 8.94)
[22:36:58] TERRAIN: Queued chunk: (-8.0, 4.0) (distance: 8.94)
[22:36:58] TERRAIN: Queued chunk: (9.0, 0.0) (distance: 9.00)
[22:36:58] TERRAIN: Queued chunk: (-9.0, 0.0) (distance: 9.00)
[22:36:58] TERRAIN: Queued chunk: (0.0, -9.0) (distance: 9.00)
[22:36:58] TERRAIN: Queued chunk: (0.0, 9.0) (distance: 9.00)
[22:36:58] TERRAIN: Queued chunk: (9.0, 1.0) (distance: 9.06)
[22:36:58] TERRAIN: Queued chunk: (1.0, 9.0) (distance: 9.06)
[22:36:58] TERRAIN: Queued chunk: (9.0, -1.0) (distance: 9.06)
[22:36:58] TERRAIN: Queued chunk: (1.0, -9.0) (distance: 9.06)
[22:36:58] TERRAIN: Queued chunk: (-1.0, -9.0) (distance: 9.06)
[22:36:58] TERRAIN: Queued chunk: (-9.0, -1.0) (distance: 9.06)
[22:36:58] TERRAIN: Queued chunk: (-9.0, 1.0) (distance: 9.06)
[22:36:58] TERRAIN: Queued chunk: (-1.0, 9.0) (distance: 9.06)
[22:36:58] TERRAIN: Queued chunk: (-9.0, -2.0) (distance: 9.22)
[22:36:58] TERRAIN: Queued chunk: (6.0, 7.0) (distance: 9.22)
[22:36:58] TERRAIN: Queued chunk: (-9.0, 2.0) (distance: 9.22)
[22:36:58] TERRAIN: Queued chunk: (9.0, 2.0) (distance: 9.22)
[22:36:58] TERRAIN: Queued chunk: (-2.0, -9.0) (distance: 9.22)
[22:36:58] TERRAIN: Queued chunk: (-6.0, -7.0) (distance: 9.22)
[22:36:58] TERRAIN: Queued chunk: (2.0, -9.0) (distance: 9.22)
[22:36:58] TERRAIN: Queued chunk: (-2.0, 9.0) (distance: 9.22)
[22:36:58] TERRAIN: Queued chunk: (-7.0, 6.0) (distance: 9.22)
[22:36:58] TERRAIN: Queued chunk: (-7.0, -6.0) (distance: 9.22)
[22:36:58] TERRAIN: Queued chunk: (7.0, -6.0) (distance: 9.22)
[22:36:58] TERRAIN: Queued chunk: (2.0, 9.0) (distance: 9.22)
[22:36:58] TERRAIN: Queued chunk: (-6.0, 7.0) (distance: 9.22)
[22:36:58] TERRAIN: Queued chunk: (9.0, -2.0) (distance: 9.22)
[22:36:58] TERRAIN: Queued chunk: (7.0, 6.0) (distance: 9.22)
[22:36:58] TERRAIN: Queued chunk: (6.0, -7.0) (distance: 9.22)
[22:36:58] TERRAIN: Queued chunk: (-5.0, -8.0) (distance: 9.43)
[22:36:58] TERRAIN: Queued chunk: (8.0, -5.0) (distance: 9.43)
[22:36:58] TERRAIN: Queued chunk: (5.0, 8.0) (distance: 9.43)
[22:36:58] TERRAIN: Queued chunk: (-8.0, -5.0) (distance: 9.43)
[22:36:58] TERRAIN: Queued chunk: (8.0, 5.0) (distance: 9.43)
[22:36:58] TERRAIN: Queued chunk: (-8.0, 5.0) (distance: 9.43)
[22:36:58] TERRAIN: Queued chunk: (-5.0, 8.0) (distance: 9.43)
[22:36:58] TERRAIN: Queued chunk: (5.0, -8.0) (distance: 9.43)
[22:36:58] TERRAIN: Queued chunk: (-9.0, -3.0) (distance: 9.49)
[22:36:58] TERRAIN: Queued chunk: (9.0, -3.0) (distance: 9.49)
[22:36:58] TERRAIN: Queued chunk: (-9.0, 3.0) (distance: 9.49)
[22:36:58] TERRAIN: Queued chunk: (3.0, 9.0) (distance: 9.49)
[22:36:58] TERRAIN: Queued chunk: (-3.0, -9.0) (distance: 9.49)
[22:36:58] TERRAIN: Queued chunk: (-3.0, 9.0) (distance: 9.49)
[22:36:58] TERRAIN: Queued chunk: (3.0, -9.0) (distance: 9.49)
[22:36:58] TERRAIN: Queued chunk: (9.0, 3.0) (distance: 9.49)
[22:36:58] TERRAIN: Queued chunk: (-9.0, 4.0) (distance: 9.85)
[22:36:58] TERRAIN: Queued chunk: (-4.0, -9.0) (distance: 9.85)
[22:36:58] TERRAIN: Queued chunk: (9.0, -4.0) (distance: 9.85)
[22:36:58] TERRAIN: Queued chunk: (9.0, 4.0) (distance: 9.85)
[22:36:58] TERRAIN: Queued chunk: (-9.0, -4.0) (distance: 9.85)
[22:36:58] TERRAIN: Queued chunk: (4.0, 9.0) (distance: 9.85)
[22:36:58] TERRAIN: Queued chunk: (-4.0, 9.0) (distance: 9.85)
[22:36:58] TERRAIN: Queued chunk: (4.0, -9.0) (distance: 9.85)
[22:36:58] TERRAIN: Queued chunk: (7.0, -7.0) (distance: 9.90)
[22:36:58] TERRAIN: Queued chunk: (-7.0, -7.0) (distance: 9.90)
[22:36:58] TERRAIN: Queued chunk: (7.0, 7.0) (distance: 9.90)
[22:36:58] TERRAIN: Queued chunk: (-7.0, 7.0) (distance: 9.90)
[22:36:58] TERRAIN: Queued chunk: (-6.0, 8.0) (distance: 10.00)
[22:36:58] TERRAIN: Queued chunk: (-8.0, -6.0) (distance: 10.00)
[22:36:58] TERRAIN: Queued chunk: (6.0, -8.0) (distance: 10.00)
[22:36:58] TERRAIN: Queued chunk: (0.0, -10.0) (distance: 10.00)
[22:36:58] TERRAIN: Queued chunk: (8.0, 6.0) (distance: 10.00)
[22:36:58] TERRAIN: Queued chunk: (-8.0, 6.0) (distance: 10.00)
[22:36:58] TERRAIN: Queued chunk: (6.0, 8.0) (distance: 10.00)
[22:36:58] TERRAIN: Queued chunk: (-10.0, 0.0) (distance: 10.00)
[22:36:58] TERRAIN: Queued chunk: (10.0, 0.0) (distance: 10.00)
[22:36:58] TERRAIN: Queued chunk: (-6.0, -8.0) (distance: 10.00)
[22:36:58] TERRAIN: Queued chunk: (8.0, -6.0) (distance: 10.00)
[22:36:58] TERRAIN: Queued chunk: (0.0, 10.0) (distance: 10.00)
[22:36:58] TERRAIN: Queued chunk: (-10.0, -1.0) (distance: 10.05)
[22:36:58] TERRAIN: Queued chunk: (-1.0, 10.0) (distance: 10.05)
[22:36:58] TERRAIN: Queued chunk: (1.0, 10.0) (distance: 10.05)
[22:36:58] TERRAIN: Queued chunk: (1.0, -10.0) (distance: 10.05)
[22:36:58] TERRAIN: Queued chunk: (-10.0, 1.0) (distance: 10.05)
[22:36:58] TERRAIN: Queued chunk: (-1.0, -10.0) (distance: 10.05)
[22:36:58] TERRAIN: Queued chunk: (10.0, 1.0) (distance: 10.05)
[22:36:58] TERRAIN: Queued chunk: (10.0, -1.0) (distance: 10.05)
[22:36:58] TERRAIN: Queued chunk: (2.0, 10.0) (distance: 10.20)
[22:36:58] TERRAIN: Queued chunk: (-2.0, 10.0) (distance: 10.20)
[22:36:58] TERRAIN: Queued chunk: (-10.0, -2.0) (distance: 10.20)
[22:36:58] TERRAIN: Queued chunk: (10.0, -2.0) (distance: 10.20)
[22:36:58] TERRAIN: Queued chunk: (-2.0, -10.0) (distance: 10.20)
[22:36:58] TERRAIN: Queued chunk: (-10.0, 2.0) (distance: 10.20)
[22:36:58] TERRAIN: Queued chunk: (2.0, -10.0) (distance: 10.20)
[22:36:58] TERRAIN: Queued chunk: (10.0, 2.0) (distance: 10.20)
[22:36:58] TERRAIN: Queued chunk: (9.0, -5.0) (distance: 10.30)
[22:36:58] TERRAIN: Queued chunk: (9.0, 5.0) (distance: 10.30)
[22:36:58] TERRAIN: Queued chunk: (5.0, 9.0) (distance: 10.30)
[22:36:58] TERRAIN: Queued chunk: (-9.0, -5.0) (distance: 10.30)
[22:36:58] TERRAIN: Queued chunk: (5.0, -9.0) (distance: 10.30)
[22:36:58] TERRAIN: Queued chunk: (-5.0, -9.0) (distance: 10.30)
[22:36:58] TERRAIN: Queued chunk: (-9.0, 5.0) (distance: 10.30)
[22:36:58] TERRAIN: Queued chunk: (-5.0, 9.0) (distance: 10.30)
[22:36:58] TERRAIN: Queued chunk: (10.0, -3.0) (distance: 10.44)
[22:36:58] TERRAIN: Queued chunk: (-3.0, -10.0) (distance: 10.44)
[22:36:58] TERRAIN: Queued chunk: (-10.0, -3.0) (distance: 10.44)
[22:36:58] TERRAIN: Queued chunk: (3.0, 10.0) (distance: 10.44)
[22:36:58] TERRAIN: Queued chunk: (-10.0, 3.0) (distance: 10.44)
[22:36:58] TERRAIN: Queued chunk: (10.0, 3.0) (distance: 10.44)
[22:36:58] TERRAIN: Queued chunk: (3.0, -10.0) (distance: 10.44)
[22:36:58] TERRAIN: Queued chunk: (-3.0, 10.0) (distance: 10.44)
[22:36:58] TERRAIN: Queued chunk: (8.0, -7.0) (distance: 10.63)
[22:36:58] TERRAIN: Queued chunk: (7.0, 8.0) (distance: 10.63)
[22:36:58] TERRAIN: Queued chunk: (-8.0, 7.0) (distance: 10.63)
[22:36:58] TERRAIN: Queued chunk: (-8.0, -7.0) (distance: 10.63)
[22:36:58] TERRAIN: Queued chunk: (-7.0, 8.0) (distance: 10.63)
[22:36:58] TERRAIN: Queued chunk: (-7.0, -8.0) (distance: 10.63)
[22:36:58] TERRAIN: Queued chunk: (7.0, -8.0) (distance: 10.63)
[22:36:58] TERRAIN: Queued chunk: (8.0, 7.0) (distance: 10.63)
[22:36:58] TERRAIN: Queued chunk: (10.0, -4.0) (distance: 10.77)
[22:36:58] TERRAIN: Queued chunk: (-10.0, 4.0) (distance: 10.77)
[22:36:58] TERRAIN: Queued chunk: (10.0, 4.0) (distance: 10.77)
[22:36:58] TERRAIN: Queued chunk: (4.0, 10.0) (distance: 10.77)
[22:36:58] TERRAIN: Queued chunk: (-4.0, -10.0) (distance: 10.77)
[22:36:58] TERRAIN: Queued chunk: (-4.0, 10.0) (distance: 10.77)
[22:36:58] TERRAIN: Queued chunk: (-10.0, -4.0) (distance: 10.77)
[22:36:58] TERRAIN: Queued chunk: (4.0, -10.0) (distance: 10.77)
[22:36:58] TERRAIN: Queued chunk: (-9.0, 6.0) (distance: 10.82)
[22:36:58] TERRAIN: Queued chunk: (-9.0, -6.0) (distance: 10.82)
[22:36:58] TERRAIN: Queued chunk: (-6.0, 9.0) (distance: 10.82)
[22:36:58] TERRAIN: Queued chunk: (9.0, -6.0) (distance: 10.82)
[22:36:58] TERRAIN: Queued chunk: (9.0, 6.0) (distance: 10.82)
[22:36:58] TERRAIN: Queued chunk: (6.0, 9.0) (distance: 10.82)
[22:36:58] TERRAIN: Queued chunk: (6.0, -9.0) (distance: 10.82)
[22:36:58] TERRAIN: Queued chunk: (-6.0, -9.0) (distance: 10.82)
[22:36:58] TERRAIN: Queued chunk: (11.0, 0.0) (distance: 11.00)
[22:36:58] TERRAIN: Queued chunk: (-11.0, 0.0) (distance: 11.00)
[22:36:58] TERRAIN: Queued chunk: (0.0, 11.0) (distance: 11.00)
[22:36:58] TERRAIN: Queued chunk: (0.0, -11.0) (distance: 11.00)
[22:36:58] TERRAIN: Queued chunk: (1.0, -11.0) (distance: 11.05)
[22:36:58] TERRAIN: Queued chunk: (-1.0, 11.0) (distance: 11.05)
[22:36:58] TERRAIN: Queued chunk: (1.0, 11.0) (distance: 11.05)
[22:36:58] TERRAIN: Queued chunk: (-11.0, -1.0) (distance: 11.05)
[22:36:58] TERRAIN: Queued chunk: (11.0, -1.0) (distance: 11.05)
[22:36:58] TERRAIN: Queued chunk: (-1.0, -11.0) (distance: 11.05)
[22:36:58] TERRAIN: Queued chunk: (-11.0, 1.0) (distance: 11.05)
[22:36:58] TERRAIN: Queued chunk: (11.0, 1.0) (distance: 11.05)
[22:36:58] TERRAIN: Queued chunk: (2.0, -11.0) (distance: 11.18)
[22:36:58] TERRAIN: Queued chunk: (11.0, -2.0) (distance: 11.18)
[22:36:58] TERRAIN: Queued chunk: (10.0, -5.0) (distance: 11.18)
[22:36:58] TERRAIN: Queued chunk: (-5.0, -10.0) (distance: 11.18)
[22:36:58] TERRAIN: Queued chunk: (2.0, 11.0) (distance: 11.18)
[22:36:58] TERRAIN: Queued chunk: (5.0, 10.0) (distance: 11.18)
[22:36:58] TERRAIN: Queued chunk: (-5.0, 10.0) (distance: 11.18)
[22:36:58] TERRAIN: Queued chunk: (5.0, -10.0) (distance: 11.18)
[22:36:58] TERRAIN: Queued chunk: (11.0, 2.0) (distance: 11.18)
[22:36:58] TERRAIN: Queued chunk: (-10.0, 5.0) (distance: 11.18)
[22:36:58] TERRAIN: Queued chunk: (-11.0, -2.0) (distance: 11.18)
[22:36:58] TERRAIN: Queued chunk: (-11.0, 2.0) (distance: 11.18)
[22:36:58] TERRAIN: Queued chunk: (-2.0, 11.0) (distance: 11.18)
[22:36:58] TERRAIN: Queued chunk: (-10.0, -5.0) (distance: 11.18)
[22:36:58] TERRAIN: Queued chunk: (10.0, 5.0) (distance: 11.18)
[22:36:58] TERRAIN: Queued chunk: (-2.0, -11.0) (distance: 11.18)
[22:36:58] TERRAIN: Queued chunk: (8.0, -8.0) (distance: 11.31)
[22:36:58] TERRAIN: Queued chunk: (8.0, 8.0) (distance: 11.31)
[22:36:58] TERRAIN: Queued chunk: (-8.0, 8.0) (distance: 11.31)
[22:36:58] TERRAIN: Queued chunk: (-8.0, -8.0) (distance: 11.31)
[22:36:58] TERRAIN: Queued chunk: (7.0, -9.0) (distance: 11.40)
[22:36:58] TERRAIN: Queued chunk: (-7.0, 9.0) (distance: 11.40)
[22:36:58] TERRAIN: Queued chunk: (9.0, -7.0) (distance: 11.40)
[22:36:58] TERRAIN: Queued chunk: (-7.0, -9.0) (distance: 11.40)
[22:36:58] TERRAIN: Queued chunk: (3.0, 11.0) (distance: 11.40)
[22:36:58] TERRAIN: Queued chunk: (9.0, 7.0) (distance: 11.40)
[22:36:58] TERRAIN: Queued chunk: (11.0, 3.0) (distance: 11.40)
[22:36:58] TERRAIN: Queued chunk: (3.0, -11.0) (distance: 11.40)
[22:36:58] TERRAIN: Queued chunk: (-3.0, 11.0) (distance: 11.40)
[22:36:58] TERRAIN: Queued chunk: (-9.0, 7.0) (distance: 11.40)
[22:36:58] TERRAIN: Queued chunk: (-11.0, -3.0) (distance: 11.40)
[22:36:58] TERRAIN: Queued chunk: (-11.0, 3.0) (distance: 11.40)
[22:36:58] TERRAIN: Queued chunk: (11.0, -3.0) (distance: 11.40)
[22:36:58] TERRAIN: Queued chunk: (-9.0, -7.0) (distance: 11.40)
[22:36:58] TERRAIN: Queued chunk: (7.0, 9.0) (distance: 11.40)
[22:36:58] TERRAIN: Queued chunk: (-3.0, -11.0) (distance: 11.40)
[22:36:58] TERRAIN: Queued chunk: (6.0, -10.0) (distance: 11.66)
[22:36:58] TERRAIN: Queued chunk: (-6.0, -10.0) (distance: 11.66)
[22:36:58] TERRAIN: Queued chunk: (-10.0, -6.0) (distance: 11.66)
[22:36:58] TERRAIN: Queued chunk: (-10.0, 6.0) (distance: 11.66)
[22:36:58] TERRAIN: Queued chunk: (6.0, 10.0) (distance: 11.66)
[22:36:58] TERRAIN: Queued chunk: (-6.0, 10.0) (distance: 11.66)
[22:36:58] TERRAIN: Queued chunk: (10.0, 6.0) (distance: 11.66)
[22:36:58] TERRAIN: Queued chunk: (10.0, -6.0) (distance: 11.66)
[22:36:58] TERRAIN: Queued chunk: (11.0, 4.0) (distance: 11.70)
[22:36:58] TERRAIN: Queued chunk: (11.0, -4.0) (distance: 11.70)
[22:36:58] TERRAIN: Queued chunk: (-4.0, -11.0) (distance: 11.70)
[22:36:58] TERRAIN: Queued chunk: (4.0, -11.0) (distance: 11.70)
[22:36:58] TERRAIN: Queued chunk: (-4.0, 11.0) (distance: 11.70)
[22:36:58] TERRAIN: Queued chunk: (4.0, 11.0) (distance: 11.70)
[22:36:58] TERRAIN: Queued chunk: (-11.0, 4.0) (distance: 11.70)
[22:36:58] TERRAIN: Queued chunk: (-11.0, -4.0) (distance: 11.70)
[22:36:58] TERRAIN: Queued chunk: (12.0, 0.0) (distance: 12.00)
[22:36:58] TERRAIN: Queued chunk: (0.0, -12.0) (distance: 12.00)
[22:36:58] TERRAIN: Queued chunk: (-12.0, 0.0) (distance: 12.00)
[22:36:58] TERRAIN: Queued chunk: (0.0, 12.0) (distance: 12.00)
[22:36:58] TERRAIN: Queued chunk: (8.0, -9.0) (distance: 12.04)
[22:36:58] TERRAIN: Queued chunk: (8.0, 9.0) (distance: 12.04)
[22:36:58] TERRAIN: Queued chunk: (-8.0, 9.0) (distance: 12.04)
[22:36:58] TERRAIN: Queued chunk: (9.0, -8.0) (distance: 12.04)
[22:36:58] TERRAIN: Queued chunk: (12.0, 1.0) (distance: 12.04)
[22:36:58] TERRAIN: Queued chunk: (-1.0, 12.0) (distance: 12.04)
[22:36:58] TERRAIN: Queued chunk: (1.0, 12.0) (distance: 12.04)
[22:36:58] TERRAIN: Queued chunk: (-9.0, 8.0) (distance: 12.04)
[22:36:58] TERRAIN: Queued chunk: (1.0, -12.0) (distance: 12.04)
[22:36:58] TERRAIN: Queued chunk: (-8.0, -9.0) (distance: 12.04)
[22:36:58] TERRAIN: Queued chunk: (12.0, -1.0) (distance: 12.04)
[22:36:58] TERRAIN: Queued chunk: (-12.0, 1.0) (distance: 12.04)
[22:36:58] TERRAIN: Queued chunk: (-9.0, -8.0) (distance: 12.04)
[22:36:58] TERRAIN: Queued chunk: (-12.0, -1.0) (distance: 12.04)
[22:36:58] TERRAIN: Queued chunk: (9.0, 8.0) (distance: 12.04)
[22:36:58] TERRAIN: Queued chunk: (-1.0, -12.0) (distance: 12.04)
[22:36:58] TERRAIN: Queued chunk: (5.0, -11.0) (distance: 12.08)
[22:36:58] TERRAIN: Queued chunk: (-5.0, -11.0) (distance: 12.08)
[22:36:58] TERRAIN: Queued chunk: (-5.0, 11.0) (distance: 12.08)
[22:36:58] TERRAIN: Queued chunk: (11.0, -5.0) (distance: 12.08)
[22:36:58] TERRAIN: Queued chunk: (11.0, 5.0) (distance: 12.08)
[22:36:58] TERRAIN: Queued chunk: (5.0, 11.0) (distance: 12.08)
[22:36:58] TERRAIN: Queued chunk: (-11.0, -5.0) (distance: 12.08)
[22:36:58] TERRAIN: Queued chunk: (-11.0, 5.0) (distance: 12.08)
[22:36:58] TERRAIN: Queued chunk: (12.0, 2.0) (distance: 12.17)
[22:36:58] TERRAIN: Queued chunk: (2.0, 12.0) (distance: 12.17)
[22:36:58] TERRAIN: Queued chunk: (-2.0, 12.0) (distance: 12.17)
[22:36:58] TERRAIN: Queued chunk: (-12.0, 2.0) (distance: 12.17)
[22:36:58] TERRAIN: Queued chunk: (-12.0, -2.0) (distance: 12.17)
[22:36:58] TERRAIN: Queued chunk: (12.0, -2.0) (distance: 12.17)
[22:36:58] TERRAIN: Queued chunk: (2.0, -12.0) (distance: 12.17)
[22:36:58] TERRAIN: Queued chunk: (-2.0, -12.0) (distance: 12.17)
[22:36:58] TERRAIN: Queued chunk: (10.0, -7.0) (distance: 12.21)
[22:36:58] TERRAIN: Queued chunk: (7.0, 10.0) (distance: 12.21)
[22:36:58] TERRAIN: Queued chunk: (10.0, 7.0) (distance: 12.21)
[22:36:58] TERRAIN: Queued chunk: (7.0, -10.0) (distance: 12.21)
[22:36:58] TERRAIN: Queued chunk: (-7.0, -10.0) (distance: 12.21)
[22:36:58] TERRAIN: Queued chunk: (-7.0, 10.0) (distance: 12.21)
[22:36:58] TERRAIN: Queued chunk: (-10.0, 7.0) (distance: 12.21)
[22:36:58] TERRAIN: Queued chunk: (-10.0, -7.0) (distance: 12.21)
[22:36:58] TERRAIN: Queued chunk: (12.0, -3.0) (distance: 12.37)
[22:36:58] TERRAIN: Queued chunk: (-3.0, 12.0) (distance: 12.37)
[22:36:58] TERRAIN: Queued chunk: (12.0, 3.0) (distance: 12.37)
[22:36:58] TERRAIN: Queued chunk: (-3.0, -12.0) (distance: 12.37)
[22:36:58] TERRAIN: Queued chunk: (-12.0, 3.0) (distance: 12.37)
[22:36:58] TERRAIN: Queued chunk: (3.0, -12.0) (distance: 12.37)
[22:36:58] TERRAIN: Queued chunk: (3.0, 12.0) (distance: 12.37)
[22:36:58] TERRAIN: Queued chunk: (-12.0, -3.0) (distance: 12.37)
[22:36:58] TERRAIN: Queued chunk: (-11.0, 6.0) (distance: 12.53)
[22:36:58] TERRAIN: Queued chunk: (-6.0, -11.0) (distance: 12.53)
[22:36:58] TERRAIN: Queued chunk: (-11.0, -6.0) (distance: 12.53)
[22:36:58] TERRAIN: Queued chunk: (-6.0, 11.0) (distance: 12.53)
[22:36:58] TERRAIN: Queued chunk: (6.0, -11.0) (distance: 12.53)
[22:36:58] TERRAIN: Queued chunk: (6.0, 11.0) (distance: 12.53)
[22:36:58] TERRAIN: Queued chunk: (11.0, 6.0) (distance: 12.53)
[22:36:58] TERRAIN: Queued chunk: (11.0, -6.0) (distance: 12.53)
[22:36:58] TERRAIN: Queued chunk: (12.0, -4.0) (distance: 12.65)
[22:36:58] TERRAIN: Queued chunk: (4.0, 12.0) (distance: 12.65)
[22:36:58] TERRAIN: Queued chunk: (-12.0, 4.0) (distance: 12.65)
[22:36:58] TERRAIN: Queued chunk: (-4.0, 12.0) (distance: 12.65)
[22:36:58] TERRAIN: Queued chunk: (4.0, -12.0) (distance: 12.65)
[22:36:58] TERRAIN: Queued chunk: (-4.0, -12.0) (distance: 12.65)
[22:36:58] TERRAIN: Queued chunk: (-12.0, -4.0) (distance: 12.65)
[22:36:58] TERRAIN: Queued chunk: (12.0, 4.0) (distance: 12.65)
[22:36:58] TERRAIN: Queued chunk: (9.0, -9.0) (distance: 12.73)
[22:36:58] TERRAIN: Queued chunk: (9.0, 9.0) (distance: 12.73)
[22:36:58] TERRAIN: Queued chunk: (-9.0, 9.0) (distance: 12.73)
[22:36:58] TERRAIN: Queued chunk: (-9.0, -9.0) (distance: 12.73)
[22:36:58] TERRAIN: Queued chunk: (10.0, -8.0) (distance: 12.81)
[22:36:58] TERRAIN: Queued chunk: (-8.0, 10.0) (distance: 12.81)
[22:36:58] TERRAIN: Queued chunk: (-8.0, -10.0) (distance: 12.81)
[22:36:58] TERRAIN: Queued chunk: (-10.0, 8.0) (distance: 12.81)
[22:36:58] TERRAIN: Queued chunk: (-10.0, -8.0) (distance: 12.81)
[22:36:58] TERRAIN: Queued chunk: (10.0, 8.0) (distance: 12.81)
[22:36:58] TERRAIN: Queued chunk: (8.0, -10.0) (distance: 12.81)
[22:36:58] TERRAIN: Queued chunk: (8.0, 10.0) (distance: 12.81)
[22:36:58] TERRAIN: Queued chunk: (-12.0, 5.0) (distance: 13.00)
[22:36:58] TERRAIN: Queued chunk: (-12.0, -5.0) (distance: 13.00)
[22:36:58] TERRAIN: Queued chunk: (-13.0, 0.0) (distance: 13.00)
[22:36:58] TERRAIN: Queued chunk: (12.0, 5.0) (distance: 13.00)
[22:36:58] TERRAIN: Queued chunk: (13.0, 0.0) (distance: 13.00)
[22:36:58] TERRAIN: Queued chunk: (-5.0, -12.0) (distance: 13.00)
[22:36:58] TERRAIN: Queued chunk: (-5.0, 12.0) (distance: 13.00)
[22:36:58] TERRAIN: Queued chunk: (12.0, -5.0) (distance: 13.00)
[22:36:58] TERRAIN: Queued chunk: (5.0, 12.0) (distance: 13.00)
[22:36:58] TERRAIN: Queued chunk: (0.0, 13.0) (distance: 13.00)
[22:36:58] TERRAIN: Queued chunk: (0.0, -13.0) (distance: 13.00)
[22:36:58] TERRAIN: Queued chunk: (5.0, -12.0) (distance: 13.00)
[22:36:58] TERRAIN: Queued chunk: (-11.0, 7.0) (distance: 13.04)
[22:36:58] TERRAIN: Queued chunk: (-13.0, -1.0) (distance: 13.04)
[22:36:58] TERRAIN: Queued chunk: (-11.0, -7.0) (distance: 13.04)
[22:36:58] TERRAIN: Queued chunk: (7.0, -11.0) (distance: 13.04)
[22:36:58] TERRAIN: Queued chunk: (1.0, 13.0) (distance: 13.04)
[22:36:58] TERRAIN: Queued chunk: (13.0, 1.0) (distance: 13.04)
[22:36:58] TERRAIN: Queued chunk: (1.0, -13.0) (distance: 13.04)
[22:36:58] TERRAIN: Queued chunk: (7.0, 11.0) (distance: 13.04)
[22:36:58] TERRAIN: Queued chunk: (-7.0, -11.0) (distance: 13.04)
[22:36:58] TERRAIN: Queued chunk: (-7.0, 11.0) (distance: 13.04)
[22:36:58] TERRAIN: Queued chunk: (11.0, 7.0) (distance: 13.04)
[22:36:58] TERRAIN: Queued chunk: (-13.0, 1.0) (distance: 13.04)
[22:36:58] TERRAIN: Queued chunk: (-1.0, 13.0) (distance: 13.04)
[22:36:58] TERRAIN: Queued chunk: (-1.0, -13.0) (distance: 13.04)
[22:36:58] TERRAIN: Queued chunk: (11.0, -7.0) (distance: 13.04)
[22:36:58] TERRAIN: Queued chunk: (13.0, -1.0) (distance: 13.04)
[22:36:58] TERRAIN: Queued chunk: (-13.0, 2.0) (distance: 13.15)
[22:36:58] TERRAIN: Queued chunk: (2.0, 13.0) (distance: 13.15)
[22:36:58] TERRAIN: Queued chunk: (2.0, -13.0) (distance: 13.15)
[22:36:58] TERRAIN: Queued chunk: (13.0, 2.0) (distance: 13.15)
[22:36:58] TERRAIN: Queued chunk: (-13.0, -2.0) (distance: 13.15)
[22:36:58] TERRAIN: Queued chunk: (13.0, -2.0) (distance: 13.15)
[22:36:58] TERRAIN: Queued chunk: (-2.0, 13.0) (distance: 13.15)
[22:36:58] TERRAIN: Queued chunk: (-2.0, -13.0) (distance: 13.15)
[22:36:58] TERRAIN: Queued chunk: (3.0, -13.0) (distance: 13.34)
[22:36:58] TERRAIN: Queued chunk: (-13.0, -3.0) (distance: 13.34)
[22:36:58] TERRAIN: Queued chunk: (3.0, 13.0) (distance: 13.34)
[22:36:58] TERRAIN: Queued chunk: (-13.0, 3.0) (distance: 13.34)
[22:36:58] TERRAIN: Queued chunk: (13.0, 3.0) (distance: 13.34)
[22:36:58] TERRAIN: Queued chunk: (13.0, -3.0) (distance: 13.34)
[22:36:58] TERRAIN: Queued chunk: (-3.0, -13.0) (distance: 13.34)
[22:36:58] TERRAIN: Queued chunk: (-3.0, 13.0) (distance: 13.34)
[22:36:58] TERRAIN: Queued chunk: (-12.0, -6.0) (distance: 13.42)
[22:36:58] TERRAIN: Queued chunk: (-12.0, 6.0) (distance: 13.42)
[22:36:58] TERRAIN: Queued chunk: (6.0, 12.0) (distance: 13.42)
[22:36:58] TERRAIN: Queued chunk: (6.0, -12.0) (distance: 13.42)
[22:36:58] TERRAIN: Queued chunk: (12.0, 6.0) (distance: 13.42)
[22:36:58] TERRAIN: Queued chunk: (-6.0, -12.0) (distance: 13.42)
[22:36:58] TERRAIN: Queued chunk: (-6.0, 12.0) (distance: 13.42)
[22:36:58] TERRAIN: Queued chunk: (12.0, -6.0) (distance: 13.42)
[22:36:58] TERRAIN: Queued chunk: (9.0, -10.0) (distance: 13.45)
[22:36:58] TERRAIN: Queued chunk: (9.0, 10.0) (distance: 13.45)
[22:36:58] TERRAIN: Queued chunk: (10.0, -9.0) (distance: 13.45)
[22:36:58] TERRAIN: Queued chunk: (10.0, 9.0) (distance: 13.45)
[22:36:58] TERRAIN: Queued chunk: (-9.0, 10.0) (distance: 13.45)
[22:36:58] TERRAIN: Queued chunk: (-9.0, -10.0) (distance: 13.45)
[22:36:58] TERRAIN: Queued chunk: (-10.0, 9.0) (distance: 13.45)
[22:36:58] TERRAIN: Queued chunk: (-10.0, -9.0) (distance: 13.45)
[22:36:58] TERRAIN: Queued chunk: (8.0, 11.0) (distance: 13.60)
[22:36:58] TERRAIN: Queued chunk: (11.0, 8.0) (distance: 13.60)
[22:36:58] TERRAIN: Queued chunk: (-13.0, -4.0) (distance: 13.60)
[22:36:58] TERRAIN: Queued chunk: (-13.0, 4.0) (distance: 13.60)
[22:36:58] TERRAIN: Queued chunk: (11.0, -8.0) (distance: 13.60)
[22:36:58] TERRAIN: Queued chunk: (13.0, 4.0) (distance: 13.60)
[22:36:58] TERRAIN: Queued chunk: (-11.0, -8.0) (distance: 13.60)
[22:36:58] TERRAIN: Queued chunk: (-11.0, 8.0) (distance: 13.60)
[22:36:58] TERRAIN: Queued chunk: (-8.0, -11.0) (distance: 13.60)
[22:36:58] TERRAIN: Queued chunk: (-8.0, 11.0) (distance: 13.60)
[22:36:58] TERRAIN: Queued chunk: (-4.0, -13.0) (distance: 13.60)
[22:36:58] TERRAIN: Queued chunk: (-4.0, 13.0) (distance: 13.60)
[22:36:58] TERRAIN: Queued chunk: (13.0, -4.0) (distance: 13.60)
[22:36:58] TERRAIN: Queued chunk: (4.0, -13.0) (distance: 13.60)
[22:36:58] TERRAIN: Queued chunk: (4.0, 13.0) (distance: 13.60)
[22:36:58] TERRAIN: Queued chunk: (8.0, -11.0) (distance: 13.60)
[22:36:58] TERRAIN: Queued chunk: (12.0, -7.0) (distance: 13.89)
[22:36:58] TERRAIN: Queued chunk: (-7.0, 12.0) (distance: 13.89)
[22:36:58] TERRAIN: Queued chunk: (-7.0, -12.0) (distance: 13.89)
[22:36:58] TERRAIN: Queued chunk: (-12.0, 7.0) (distance: 13.89)
[22:36:58] TERRAIN: Queued chunk: (-12.0, -7.0) (distance: 13.89)
[22:36:58] TERRAIN: Queued chunk: (7.0, 12.0) (distance: 13.89)
[22:36:58] TERRAIN: Queued chunk: (7.0, -12.0) (distance: 13.89)
[22:36:58] TERRAIN: Queued chunk: (12.0, 7.0) (distance: 13.89)
[22:36:58] TERRAIN: Queued chunk: (13.0, 5.0) (distance: 13.93)
[22:36:58] TERRAIN: Queued chunk: (-13.0, 5.0) (distance: 13.93)
[22:36:58] TERRAIN: Queued chunk: (-13.0, -5.0) (distance: 13.93)
[22:36:58] TERRAIN: Queued chunk: (5.0, -13.0) (distance: 13.93)
[22:36:58] TERRAIN: Queued chunk: (5.0, 13.0) (distance: 13.93)
[22:36:58] TERRAIN: Queued chunk: (13.0, -5.0) (distance: 13.93)
[22:36:58] TERRAIN: Queued chunk: (-5.0, 13.0) (distance: 13.93)
[22:36:58] TERRAIN: Queued chunk: (-5.0, -13.0) (distance: 13.93)
[22:36:58] TERRAIN: Queued chunk: (0.0, -14.0) (distance: 14.00)
[22:36:58] TERRAIN: Queued chunk: (0.0, 14.0) (distance: 14.00)
[22:36:58] TERRAIN: Queued chunk: (14.0, 0.0) (distance: 14.00)
[22:36:58] TERRAIN: Queued chunk: (-14.0, 0.0) (distance: 14.00)
[22:36:58] TERRAIN: Queued chunk: (1.0, -14.0) (distance: 14.04)
[22:36:58] TERRAIN: Queued chunk: (14.0, 1.0) (distance: 14.04)
[22:36:58] TERRAIN: Queued chunk: (-1.0, 14.0) (distance: 14.04)
[22:36:58] TERRAIN: Queued chunk: (-1.0, -14.0) (distance: 14.04)
[22:36:58] TERRAIN: Queued chunk: (1.0, 14.0) (distance: 14.04)
[22:36:58] TERRAIN: Queued chunk: (-14.0, 1.0) (distance: 14.04)
[22:36:58] TERRAIN: Queued chunk: (-14.0, -1.0) (distance: 14.04)
[22:36:58] TERRAIN: Queued chunk: (14.0, -1.0) (distance: 14.04)
[22:36:58] TERRAIN: Queued chunk: (-14.0, 2.0) (distance: 14.14)
[22:36:58] TERRAIN: Queued chunk: (10.0, 10.0) (distance: 14.14)
[22:36:58] TERRAIN: Queued chunk: (-10.0, -10.0) (distance: 14.14)
[22:36:58] TERRAIN: Queued chunk: (-10.0, 10.0) (distance: 14.14)
[22:36:58] TERRAIN: Queued chunk: (14.0, 2.0) (distance: 14.14)
[22:36:58] TERRAIN: Queued chunk: (-14.0, -2.0) (distance: 14.14)
[22:36:58] TERRAIN: Queued chunk: (2.0, 14.0) (distance: 14.14)
[22:36:58] TERRAIN: Queued chunk: (2.0, -14.0) (distance: 14.14)
[22:36:58] TERRAIN: Queued chunk: (-2.0, 14.0) (distance: 14.14)
[22:36:58] TERRAIN: Queued chunk: (14.0, -2.0) (distance: 14.14)
[22:36:58] TERRAIN: Queued chunk: (-2.0, -14.0) (distance: 14.14)
[22:36:58] TERRAIN: Queued chunk: (10.0, -10.0) (distance: 14.14)
[22:36:58] TERRAIN: Queued chunk: (9.0, -11.0) (distance: 14.21)
[22:36:58] TERRAIN: Queued chunk: (11.0, -9.0) (distance: 14.21)
[22:36:58] TERRAIN: Queued chunk: (9.0, 11.0) (distance: 14.21)
[22:36:58] TERRAIN: Queued chunk: (-11.0, -9.0) (distance: 14.21)
[22:36:58] TERRAIN: Queued chunk: (-11.0, 9.0) (distance: 14.21)
[22:36:58] TERRAIN: Queued chunk: (-9.0, -11.0) (distance: 14.21)
[22:36:58] TERRAIN: Queued chunk: (-9.0, 11.0) (distance: 14.21)
[22:36:58] TERRAIN: Queued chunk: (11.0, 9.0) (distance: 14.21)
[22:36:58] TERRAIN: Queued chunk: (-6.0, -13.0) (distance: 14.32)
[22:36:58] TERRAIN: Queued chunk: (14.0, -3.0) (distance: 14.32)
[22:36:58] TERRAIN: Queued chunk: (6.0, 13.0) (distance: 14.32)
[22:36:58] TERRAIN: Queued chunk: (6.0, -13.0) (distance: 14.32)
[22:36:58] TERRAIN: Queued chunk: (-14.0, 3.0) (distance: 14.32)
[22:36:58] TERRAIN: Queued chunk: (13.0, 6.0) (distance: 14.32)
[22:36:58] TERRAIN: Queued chunk: (-13.0, -6.0) (distance: 14.32)
[22:36:58] TERRAIN: Queued chunk: (3.0, 14.0) (distance: 14.32)
[22:36:58] TERRAIN: Queued chunk: (3.0, -14.0) (distance: 14.32)
[22:36:58] TERRAIN: Queued chunk: (-13.0, 6.0) (distance: 14.32)
[22:36:58] TERRAIN: Queued chunk: (-6.0, 13.0) (distance: 14.32)
[22:36:58] TERRAIN: Queued chunk: (-14.0, -3.0) (distance: 14.32)
[22:36:58] TERRAIN: Queued chunk: (-3.0, -14.0) (distance: 14.32)
[22:36:58] TERRAIN: Queued chunk: (13.0, -6.0) (distance: 14.32)
[22:36:58] TERRAIN: Queued chunk: (14.0, 3.0) (distance: 14.32)
[22:36:58] TERRAIN: Queued chunk: (-3.0, 14.0) (distance: 14.32)
[22:36:58] TERRAIN: Queued chunk: (12.0, 8.0) (distance: 14.42)
[22:36:58] TERRAIN: Queued chunk: (12.0, -8.0) (distance: 14.42)
[22:36:58] TERRAIN: Queued chunk: (-12.0, -8.0) (distance: 14.42)
[22:36:58] TERRAIN: Queued chunk: (-12.0, 8.0) (distance: 14.42)
[22:36:58] TERRAIN: Queued chunk: (-8.0, -12.0) (distance: 14.42)
[22:36:58] TERRAIN: Queued chunk: (-8.0, 12.0) (distance: 14.42)
[22:36:58] TERRAIN: Queued chunk: (8.0, -12.0) (distance: 14.42)
[22:36:58] TERRAIN: Queued chunk: (8.0, 12.0) (distance: 14.42)
[22:36:58] TERRAIN: Queued chunk: (14.0, -4.0) (distance: 14.56)
[22:36:58] TERRAIN: Queued chunk: (4.0, 14.0) (distance: 14.56)
[22:36:58] TERRAIN: Queued chunk: (4.0, -14.0) (distance: 14.56)
[22:36:58] TERRAIN: Queued chunk: (-4.0, 14.0) (distance: 14.56)
[22:36:58] TERRAIN: Queued chunk: (-4.0, -14.0) (distance: 14.56)
[22:36:58] TERRAIN: Queued chunk: (14.0, 4.0) (distance: 14.56)
[22:36:58] TERRAIN: Queued chunk: (-14.0, 4.0) (distance: 14.56)
[22:36:58] TERRAIN: Queued chunk: (-14.0, -4.0) (distance: 14.56)
[22:36:58] TERRAIN: Queued chunk: (13.0, -7.0) (distance: 14.76)
[22:36:58] TERRAIN: Queued chunk: (7.0, 13.0) (distance: 14.76)
[22:36:58] TERRAIN: Queued chunk: (7.0, -13.0) (distance: 14.76)
[22:36:58] TERRAIN: Queued chunk: (-7.0, 13.0) (distance: 14.76)
[22:36:58] TERRAIN: Queued chunk: (-7.0, -13.0) (distance: 14.76)
[22:36:58] TERRAIN: Queued chunk: (-13.0, 7.0) (distance: 14.76)
[22:36:58] TERRAIN: Queued chunk: (-13.0, -7.0) (distance: 14.76)
[22:36:58] TERRAIN: Queued chunk: (13.0, 7.0) (distance: 14.76)
[22:36:58] TERRAIN: Queued chunk: (14.0, -5.0) (distance: 14.87)
[22:36:58] TERRAIN: Queued chunk: (11.0, 10.0) (distance: 14.87)
[22:36:58] TERRAIN: Queued chunk: (11.0, -10.0) (distance: 14.87)
[22:36:58] TERRAIN: Queued chunk: (10.0, 11.0) (distance: 14.87)
[22:36:58] TERRAIN: Queued chunk: (10.0, -11.0) (distance: 14.87)
[22:36:58] TERRAIN: Queued chunk: (5.0, 14.0) (distance: 14.87)
[22:36:58] TERRAIN: Queued chunk: (5.0, -14.0) (distance: 14.87)
[22:36:58] TERRAIN: Queued chunk: (-5.0, 14.0) (distance: 14.87)
[22:36:58] TERRAIN: Queued chunk: (-5.0, -14.0) (distance: 14.87)
[22:36:58] TERRAIN: Queued chunk: (-10.0, 11.0) (distance: 14.87)
[22:36:58] TERRAIN: Queued chunk: (-10.0, -11.0) (distance: 14.87)
[22:36:58] TERRAIN: Queued chunk: (-11.0, 10.0) (distance: 14.87)
[22:36:58] TERRAIN: Queued chunk: (-11.0, -10.0) (distance: 14.87)
[22:36:58] TERRAIN: Queued chunk: (14.0, 5.0) (distance: 14.87)
[22:36:58] TERRAIN: Queued chunk: (-14.0, 5.0) (distance: 14.87)
[22:36:58] TERRAIN: Queued chunk: (-14.0, -5.0) (distance: 14.87)
[22:36:58] TERRAIN: Queued chunk: (15.0, 0.0) (distance: 15.00)
[22:36:58] TERRAIN: Queued chunk: (12.0, 9.0) (distance: 15.00)
[22:36:58] TERRAIN: Queued chunk: (12.0, -9.0) (distance: 15.00)
[22:36:58] TERRAIN: Queued chunk: (9.0, 12.0) (distance: 15.00)
[22:36:58] TERRAIN: Queued chunk: (9.0, -12.0) (distance: 15.00)
[22:36:58] TERRAIN: Queued chunk: (0.0, 15.0) (distance: 15.00)
[22:36:58] TERRAIN: Queued chunk: (0.0, -15.0) (distance: 15.00)
[22:36:58] TERRAIN: Queued chunk: (-9.0, 12.0) (distance: 15.00)
[22:36:58] TERRAIN: Queued chunk: (-9.0, -12.0) (distance: 15.00)
[22:36:58] TERRAIN: Queued chunk: (-12.0, 9.0) (distance: 15.00)
[22:36:58] TERRAIN: Queued chunk: (-12.0, -9.0) (distance: 15.00)
[22:36:58] TERRAIN: Queued chunk: (-15.0, 0.0) (distance: 15.00)
[22:36:58] TERRAIN: Creating chunk: (0.0, 0.0) at distance 0.00
[22:36:58] TERRAIN: Chunk (0.0, 0.0): TRIMESH collision created successfully (distance: 0.00, vertices: 512)
[22:36:58] TERRAIN: Chunk created successfully: (0.0, 0.0) at world pos (0.0, 0.0, 0.0) (total chunks: 1)
[22:36:58] TERRAIN: Creating chunk: (0.0, -1.0) at distance 1.00
[22:36:58] TERRAIN: Chunk (0.0, -1.0): TRIMESH collision created successfully (distance: 1.00, vertices: 512)
[22:36:58] TERRAIN: Chunk created successfully: (0.0, -1.0) at world pos (0.0, 0.0, -32.0) (total chunks: 2)
[22:36:58] TERRAIN: Creating chunk: (-1.0, 0.0) at distance 1.00
[22:36:58] TERRAIN: Chunk (-1.0, 0.0): TRIMESH collision created successfully (distance: 1.00, vertices: 512)
[22:36:58] TERRAIN: Chunk created successfully: (-1.0, 0.0) at world pos (-32.0, 0.0, 0.0) (total chunks: 3)
[22:36:58] TERRAIN: Creating chunk: (0.0, 1.0) at distance 1.00
[22:36:58] TERRAIN: Chunk (0.0, 1.0): TRIMESH collision created successfully (distance: 1.00, vertices: 512)
[22:36:58] TERRAIN: Chunk created successfully: (0.0, 1.0) at world pos (0.0, 0.0, 32.0) (total chunks: 4)
[22:36:58] TERRAIN: Creating chunk: (1.0, 0.0) at distance 1.00
[22:36:58] TERRAIN: Chunk (1.0, 0.0): TRIMESH collision created successfully (distance: 1.00, vertices: 512)
[22:36:58] TERRAIN: Chunk created successfully: (1.0, 0.0) at world pos (32.0, 0.0, 0.0) (total chunks: 5)
[22:36:58] TERRAIN: Creating chunk: (-1.0, 1.0) at distance 1.41
[22:36:58] TERRAIN: Chunk (-1.0, 1.0): TRIMESH collision created successfully (distance: 1.41, vertices: 128)
[22:36:58] TERRAIN: Chunk created successfully: (-1.0, 1.0) at world pos (-32.0, 0.0, 32.0) (total chunks: 6)
[22:36:58] TERRAIN: Creating chunk: (-1.0, -1.0) at distance 1.41
[22:36:58] TERRAIN: Chunk (-1.0, -1.0): TRIMESH collision created successfully (distance: 1.41, vertices: 128)
[22:36:58] TERRAIN: Chunk created successfully: (-1.0, -1.0) at world pos (-32.0, 0.0, -32.0) (total chunks: 7)
[22:36:58] TERRAIN: Creating chunk: (1.0, 1.0) at distance 1.41
[22:36:58] TERRAIN: Chunk (1.0, 1.0): TRIMESH collision created successfully (distance: 1.41, vertices: 128)
[22:36:58] TERRAIN: Chunk created successfully: (1.0, 1.0) at world pos (32.0, 0.0, 32.0) (total chunks: 8)
[22:36:58] TERRAIN: Creating chunk: (1.0, -1.0) at distance 1.41
[22:36:58] TERRAIN: Chunk (1.0, -1.0): TRIMESH collision created successfully (distance: 1.41, vertices: 128)
[22:36:58] TERRAIN: Chunk created successfully: (1.0, -1.0) at world pos (32.0, 0.0, -32.0) (total chunks: 9)
[22:36:58] TERRAIN: Creating chunk: (0.0, -2.0) at distance 2.00
[22:36:58] TERRAIN: Chunk (0.0, -2.0): TRIMESH collision created successfully (distance: 2.00, vertices: 128)
[22:36:58] TERRAIN: Chunk created successfully: (0.0, -2.0) at world pos (0.0, 0.0, -64.0) (total chunks: 10)
[22:36:58] TERRAIN: Creating chunk: (0.0, 2.0) at distance 2.00
[22:36:58] TERRAIN: Chunk (0.0, 2.0): TRIMESH collision created successfully (distance: 2.00, vertices: 128)
[22:36:58] TERRAIN: Chunk created successfully: (0.0, 2.0) at world pos (0.0, 0.0, 64.0) (total chunks: 11)
[22:36:58] TERRAIN: Creating chunk: (-2.0, 0.0) at distance 2.00
[22:36:58] TERRAIN: Chunk (-2.0, 0.0): TRIMESH collision created successfully (distance: 2.00, vertices: 128)
[22:36:58] TERRAIN: Chunk created successfully: (-2.0, 0.0) at world pos (-64.0, 0.0, 0.0) (total chunks: 12)
[22:36:58] TERRAIN: Creating chunk: (2.0, 0.0) at distance 2.00
[22:36:58] TERRAIN: Chunk (2.0, 0.0): TRIMESH collision created successfully (distance: 2.00, vertices: 128)
[22:36:58] TERRAIN: Chunk created successfully: (2.0, 0.0) at world pos (64.0, 0.0, 0.0) (total chunks: 13)
[22:36:58] TERRAIN: Creating chunk: (-2.0, 1.0) at distance 2.24
[22:36:58] TERRAIN: Chunk (-2.0, 1.0): TRIMESH collision created successfully (distance: 2.24, vertices: 128)
[22:36:58] TERRAIN: Chunk created successfully: (-2.0, 1.0) at world pos (-64.0, 0.0, 32.0) (total chunks: 14)
[22:36:58] TERRAIN: Creating chunk: (-2.0, -1.0) at distance 2.24
[22:36:58] TERRAIN: Chunk (-2.0, -1.0): TRIMESH collision created successfully (distance: 2.24, vertices: 128)
[22:36:58] TERRAIN: Chunk created successfully: (-2.0, -1.0) at world pos (-64.0, 0.0, -32.0) (total chunks: 15)
[22:36:58] TERRAIN: Creating chunk: (1.0, 2.0) at distance 2.24
[22:36:58] TERRAIN: Chunk (1.0, 2.0): TRIMESH collision created successfully (distance: 2.24, vertices: 128)
[22:36:58] TERRAIN: Chunk created successfully: (1.0, 2.0) at world pos (32.0, 0.0, 64.0) (total chunks: 16)
[22:36:58] TERRAIN: Creating chunk: (1.0, -2.0) at distance 2.24
[22:36:58] TERRAIN: Chunk (1.0, -2.0): TRIMESH collision created successfully (distance: 2.24, vertices: 128)
[22:36:58] TERRAIN: Chunk created successfully: (1.0, -2.0) at world pos (32.0, 0.0, -64.0) (total chunks: 17)
[22:36:58] TERRAIN: Creating chunk: (-1.0, 2.0) at distance 2.24
[22:36:58] TERRAIN: Chunk (-1.0, 2.0): TRIMESH collision created successfully (distance: 2.24, vertices: 128)
[22:36:58] TERRAIN: Chunk created successfully: (-1.0, 2.0) at world pos (-32.0, 0.0, 64.0) (total chunks: 18)
[22:36:58] TERRAIN: Creating chunk: (2.0, 1.0) at distance 2.24
[22:36:58] TERRAIN: Chunk (2.0, 1.0): TRIMESH collision created successfully (distance: 2.24, vertices: 128)
[22:36:58] TERRAIN: Chunk created successfully: (2.0, 1.0) at world pos (64.0, 0.0, 32.0) (total chunks: 19)
[22:36:58] TERRAIN: Creating chunk: (2.0, -1.0) at distance 2.24
[22:36:58] TERRAIN: Chunk (2.0, -1.0): TRIMESH collision created successfully (distance: 2.24, vertices: 128)
[22:36:58] TERRAIN: Chunk created successfully: (2.0, -1.0) at world pos (64.0, 0.0, -32.0) (total chunks: 20)
[22:36:58] TERRAIN: Creating chunk: (-1.0, -2.0) at distance 2.24
[22:36:58] TERRAIN: Chunk (-1.0, -2.0): TRIMESH collision created successfully (distance: 2.24, vertices: 128)
[22:36:58] TERRAIN: Chunk created successfully: (-1.0, -2.0) at world pos (-32.0, 0.0, -64.0) (total chunks: 21)
[22:36:58] TERRAIN: Creating chunk: (2.0, 2.0) at distance 2.83
[22:36:58] TERRAIN: Chunk (2.0, 2.0): TRIMESH collision created successfully (distance: 2.83, vertices: 128)
[22:36:58] TERRAIN: Chunk created successfully: (2.0, 2.0) at world pos (64.0, 0.0, 64.0) (total chunks: 22)
[22:36:58] TERRAIN: Creating chunk: (2.0, -2.0) at distance 2.83
[22:36:58] TERRAIN: Chunk (2.0, -2.0): TRIMESH collision created successfully (distance: 2.83, vertices: 128)
[22:36:58] TERRAIN: Chunk created successfully: (2.0, -2.0) at world pos (64.0, 0.0, -64.0) (total chunks: 23)
[22:36:58] TERRAIN: Creating chunk: (-2.0, -2.0) at distance 2.83
[22:36:58] TERRAIN: Chunk (-2.0, -2.0): TRIMESH collision created successfully (distance: 2.83, vertices: 128)
[22:36:58] TERRAIN: Chunk created successfully: (-2.0, -2.0) at world pos (-64.0, 0.0, -64.0) (total chunks: 24)
[22:36:58] TERRAIN: Creating chunk: (-2.0, 2.0) at distance 2.83
[22:36:58] TERRAIN: Chunk (-2.0, 2.0): TRIMESH collision created successfully (distance: 2.83, vertices: 128)
[22:36:58] TERRAIN: Chunk created successfully: (-2.0, 2.0) at world pos (-64.0, 0.0, 64.0) (total chunks: 25)
[22:36:58] TERRAIN: Creating chunk: (0.0, -3.0) at distance 3.00
[22:36:58] TERRAIN: Chunk (0.0, -3.0): TRIMESH collision created successfully (distance: 3.00, vertices: 128)
[22:36:58] TERRAIN: Chunk created successfully: (0.0, -3.0) at world pos (0.0, 0.0, -96.0) (total chunks: 26)
[22:36:58] TERRAIN: Creating chunk: (0.0, 3.0) at distance 3.00
[22:36:58] TERRAIN: Chunk (0.0, 3.0): TRIMESH collision created successfully (distance: 3.00, vertices: 128)
[22:36:58] TERRAIN: Chunk created successfully: (0.0, 3.0) at world pos (0.0, 0.0, 96.0) (total chunks: 27)
[22:36:58] TERRAIN: Creating chunk: (3.0, 0.0) at distance 3.00
[22:36:58] TERRAIN: Chunk (3.0, 0.0): TRIMESH collision created successfully (distance: 3.00, vertices: 128)
[22:36:58] TERRAIN: Chunk created successfully: (3.0, 0.0) at world pos (96.0, 0.0, 0.0) (total chunks: 28)
[22:36:58] TERRAIN: Creating chunk: (-3.0, 0.0) at distance 3.00
[22:36:58] TERRAIN: Chunk (-3.0, 0.0): TRIMESH collision created successfully (distance: 3.00, vertices: 128)
[22:36:58] TERRAIN: Chunk created successfully: (-3.0, 0.0) at world pos (-96.0, 0.0, 0.0) (total chunks: 29)
[22:36:58] TERRAIN: Creating chunk: (1.0, 3.0) at distance 3.16
[22:36:58] TERRAIN: Chunk (1.0, 3.0): TRIMESH collision created successfully (distance: 3.16, vertices: 32)
[22:36:58] TERRAIN: Chunk created successfully: (1.0, 3.0) at world pos (32.0, 0.0, 96.0) (total chunks: 30)
[22:36:58] TERRAIN: Creating chunk: (-1.0, -3.0) at distance 3.16
[22:36:58] TERRAIN: Chunk (-1.0, -3.0): TRIMESH collision created successfully (distance: 3.16, vertices: 32)
[22:36:58] TERRAIN: Chunk created successfully: (-1.0, -3.0) at world pos (-32.0, 0.0, -96.0) (total chunks: 31)
[22:36:58] TERRAIN: Creating chunk: (-3.0, -1.0) at distance 3.16
[22:36:58] TERRAIN: Chunk (-3.0, -1.0): TRIMESH collision created successfully (distance: 3.16, vertices: 32)
[22:36:58] TERRAIN: Chunk created successfully: (-3.0, -1.0) at world pos (-96.0, 0.0, -32.0) (total chunks: 32)
[22:36:58] TERRAIN: Creating chunk: (3.0, -1.0) at distance 3.16
[22:36:58] TERRAIN: Chunk (3.0, -1.0): TRIMESH collision created successfully (distance: 3.16, vertices: 32)
[22:36:58] TERRAIN: Chunk created successfully: (3.0, -1.0) at world pos (96.0, 0.0, -32.0) (total chunks: 33)
[22:36:58] TERRAIN: Creating chunk: (3.0, 1.0) at distance 3.16
[22:36:58] TERRAIN: Chunk (3.0, 1.0): TRIMESH collision created successfully (distance: 3.16, vertices: 32)
[22:36:58] TERRAIN: Chunk created successfully: (3.0, 1.0) at world pos (96.0, 0.0, 32.0) (total chunks: 34)
[22:36:58] TERRAIN: Creating chunk: (-3.0, 1.0) at distance 3.16
[22:36:58] TERRAIN: Chunk (-3.0, 1.0): TRIMESH collision created successfully (distance: 3.16, vertices: 32)
[22:36:58] TERRAIN: Chunk created successfully: (-3.0, 1.0) at world pos (-96.0, 0.0, 32.0) (total chunks: 35)
[22:36:58] TERRAIN: Creating chunk: (1.0, -3.0) at distance 3.16
[22:36:58] TERRAIN: Chunk (1.0, -3.0): TRIMESH collision created successfully (distance: 3.16, vertices: 32)
[22:36:58] TERRAIN: Chunk created successfully: (1.0, -3.0) at world pos (32.0, 0.0, -96.0) (total chunks: 36)
[22:36:58] TERRAIN: Creating chunk: (-1.0, 3.0) at distance 3.16
[22:36:58] TERRAIN: Chunk (-1.0, 3.0): TRIMESH collision created successfully (distance: 3.16, vertices: 32)
[22:36:58] TERRAIN: Chunk created successfully: (-1.0, 3.0) at world pos (-32.0, 0.0, 96.0) (total chunks: 37)
[22:36:58] TERRAIN: Creating chunk: (-3.0, -2.0) at distance 3.61
[22:36:58] TERRAIN: Chunk (-3.0, -2.0): TRIMESH collision created successfully (distance: 3.61, vertices: 32)
[22:36:58] TERRAIN: Chunk created successfully: (-3.0, -2.0) at world pos (-96.0, 0.0, -64.0) (total chunks: 38)
[22:36:58] TERRAIN: Creating chunk: (-3.0, 2.0) at distance 3.61
[22:36:58] TERRAIN: Chunk (-3.0, 2.0): TRIMESH collision created successfully (distance: 3.61, vertices: 32)
[22:36:58] TERRAIN: Chunk created successfully: (-3.0, 2.0) at world pos (-96.0, 0.0, 64.0) (total chunks: 39)
[22:36:58] TERRAIN: Creating chunk: (2.0, -3.0) at distance 3.61
[22:36:58] TERRAIN: Chunk (2.0, -3.0): TRIMESH collision created successfully (distance: 3.61, vertices: 32)
[22:36:58] TERRAIN: Chunk created successfully: (2.0, -3.0) at world pos (64.0, 0.0, -96.0) (total chunks: 40)
[22:36:58] TERRAIN: Creating chunk: (2.0, 3.0) at distance 3.61
[22:36:58] TERRAIN: Chunk (2.0, 3.0): TRIMESH collision created successfully (distance: 3.61, vertices: 32)
[22:36:58] TERRAIN: Chunk created successfully: (2.0, 3.0) at world pos (64.0, 0.0, 96.0) (total chunks: 41)
[22:36:58] TERRAIN: Creating chunk: (-2.0, -3.0) at distance 3.61
[22:36:58] TERRAIN: Chunk (-2.0, -3.0): TRIMESH collision created successfully (distance: 3.61, vertices: 32)
[22:36:58] TERRAIN: Chunk created successfully: (-2.0, -3.0) at world pos (-64.0, 0.0, -96.0) (total chunks: 42)
[22:36:58] TERRAIN: Creating chunk: (3.0, 2.0) at distance 3.61
[22:36:58] TERRAIN: Chunk (3.0, 2.0): TRIMESH collision created successfully (distance: 3.61, vertices: 32)
[22:36:58] TERRAIN: Chunk created successfully: (3.0, 2.0) at world pos (96.0, 0.0, 64.0) (total chunks: 43)
[22:36:58] TERRAIN: Creating chunk: (-2.0, 3.0) at distance 3.61
[22:36:58] TERRAIN: Chunk (-2.0, 3.0): TRIMESH collision created successfully (distance: 3.61, vertices: 32)
[22:36:58] TERRAIN: Chunk created successfully: (-2.0, 3.0) at world pos (-64.0, 0.0, 96.0) (total chunks: 44)
[22:36:58] TERRAIN: Creating chunk: (3.0, -2.0) at distance 3.61
[22:36:58] TERRAIN: Chunk (3.0, -2.0): TRIMESH collision created successfully (distance: 3.61, vertices: 32)
[22:36:58] TERRAIN: Chunk created successfully: (3.0, -2.0) at world pos (96.0, 0.0, -64.0) (total chunks: 45)
[22:36:58] TERRAIN: Creating chunk: (4.0, 0.0) at distance 4.00
[22:36:58] TERRAIN: Chunk (4.0, 0.0): TRIMESH collision created successfully (distance: 4.00, vertices: 32)
[22:36:58] TERRAIN: Chunk created successfully: (4.0, 0.0) at world pos (128.0, 0.0, 0.0) (total chunks: 46)
[22:36:58] TERRAIN: Creating chunk: (0.0, -4.0) at distance 4.00
[22:36:58] TERRAIN: Chunk (0.0, -4.0): TRIMESH collision created successfully (distance: 4.00, vertices: 32)
[22:36:58] TERRAIN: Chunk created successfully: (0.0, -4.0) at world pos (0.0, 0.0, -128.0) (total chunks: 47)
[22:36:58] TERRAIN: Creating chunk: (0.0, 4.0) at distance 4.00
[22:36:58] TERRAIN: Chunk (0.0, 4.0): TRIMESH collision created successfully (distance: 4.00, vertices: 32)
[22:36:58] TERRAIN: Chunk created successfully: (0.0, 4.0) at world pos (0.0, 0.0, 128.0) (total chunks: 48)
[22:36:58] TERRAIN: Creating chunk: (-4.0, 0.0) at distance 4.00
[22:36:58] TERRAIN: Chunk (-4.0, 0.0): TRIMESH collision created successfully (distance: 4.00, vertices: 32)
[22:36:58] TERRAIN: Chunk created successfully: (-4.0, 0.0) at world pos (-128.0, 0.0, 0.0) (total chunks: 49)
[22:36:58] TERRAIN: Creating chunk: (1.0, -4.0) at distance 4.12
[22:36:58] TERRAIN: Chunk (1.0, -4.0): TRIMESH collision created successfully (distance: 4.12, vertices: 32)
[22:36:58] TERRAIN: Chunk created successfully: (1.0, -4.0) at world pos (32.0, 0.0, -128.0) (total chunks: 50)
[22:36:58] TERRAIN: Creating chunk: (-1.0, 4.0) at distance 4.12
[22:36:58] TERRAIN: Chunk (-1.0, 4.0): TRIMESH collision created successfully (distance: 4.12, vertices: 32)
[22:36:58] TERRAIN: Chunk created successfully: (-1.0, 4.0) at world pos (-32.0, 0.0, 128.0) (total chunks: 51)
[22:36:58] TERRAIN: Creating chunk: (1.0, 4.0) at distance 4.12
[22:36:58] TERRAIN: Chunk (1.0, 4.0): TRIMESH collision created successfully (distance: 4.12, vertices: 32)
[22:36:58] TERRAIN: Chunk created successfully: (1.0, 4.0) at world pos (32.0, 0.0, 128.0) (total chunks: 52)
[22:36:58] TERRAIN: Creating chunk: (-4.0, -1.0) at distance 4.12
[22:36:58] TERRAIN: Chunk (-4.0, -1.0): TRIMESH collision created successfully (distance: 4.12, vertices: 32)
[22:36:58] TERRAIN: Chunk created successfully: (-4.0, -1.0) at world pos (-128.0, 0.0, -32.0) (total chunks: 53)
[22:36:58] TERRAIN: Creating chunk: (-1.0, -4.0) at distance 4.12
[22:36:58] TERRAIN: Chunk (-1.0, -4.0): TRIMESH collision created successfully (distance: 4.12, vertices: 32)
[22:36:58] TERRAIN: Chunk created successfully: (-1.0, -4.0) at world pos (-32.0, 0.0, -128.0) (total chunks: 54)
[22:36:58] TERRAIN: Creating chunk: (-4.0, 1.0) at distance 4.12
[22:36:58] TERRAIN: Chunk (-4.0, 1.0): TRIMESH collision created successfully (distance: 4.12, vertices: 32)
[22:36:58] TERRAIN: Chunk created successfully: (-4.0, 1.0) at world pos (-128.0, 0.0, 32.0) (total chunks: 55)
[22:36:58] TERRAIN: Creating chunk: (4.0, -1.0) at distance 4.12
[22:36:58] TERRAIN: Chunk (4.0, -1.0): TRIMESH collision created successfully (distance: 4.12, vertices: 32)
[22:36:58] TERRAIN: Chunk created successfully: (4.0, -1.0) at world pos (128.0, 0.0, -32.0) (total chunks: 56)
[22:36:58] TERRAIN: Creating chunk: (4.0, 1.0) at distance 4.12
[22:36:58] TERRAIN: Chunk (4.0, 1.0): TRIMESH collision created successfully (distance: 4.12, vertices: 32)
[22:36:58] TERRAIN: Chunk created successfully: (4.0, 1.0) at world pos (128.0, 0.0, 32.0) (total chunks: 57)
[22:36:58] TERRAIN: Creating chunk: (3.0, -3.0) at distance 4.24
[22:36:58] TERRAIN: Chunk (3.0, -3.0): TRIMESH collision created successfully (distance: 4.24, vertices: 32)
[22:36:58] TERRAIN: Chunk created successfully: (3.0, -3.0) at world pos (96.0, 0.0, -96.0) (total chunks: 58)
[22:36:58] TERRAIN: Creating chunk: (3.0, 3.0) at distance 4.24
[22:36:58] TERRAIN: Chunk (3.0, 3.0): TRIMESH collision created successfully (distance: 4.24, vertices: 32)
[22:36:58] TERRAIN: Chunk created successfully: (3.0, 3.0) at world pos (96.0, 0.0, 96.0) (total chunks: 59)
[22:36:58] TERRAIN: Creating chunk: (-3.0, -3.0) at distance 4.24
[22:36:58] TERRAIN: Chunk (-3.0, -3.0): TRIMESH collision created successfully (distance: 4.24, vertices: 32)
[22:36:58] TERRAIN: Chunk created successfully: (-3.0, -3.0) at world pos (-96.0, 0.0, -96.0) (total chunks: 60)
[22:36:58] TERRAIN: Creating chunk: (-3.0, 3.0) at distance 4.24
[22:36:58] TERRAIN: Chunk (-3.0, 3.0): TRIMESH collision created successfully (distance: 4.24, vertices: 32)
[22:36:58] TERRAIN: Chunk created successfully: (-3.0, 3.0) at world pos (-96.0, 0.0, 96.0) (total chunks: 61)
[22:36:58] TERRAIN: Creating chunk: (-4.0, -2.0) at distance 4.47
[22:36:58] TERRAIN: Chunk (-4.0, -2.0): TRIMESH collision created successfully (distance: 4.47, vertices: 32)
[22:36:58] TERRAIN: Chunk created successfully: (-4.0, -2.0) at world pos (-128.0, 0.0, -64.0) (total chunks: 62)
[22:36:58] TERRAIN: Creating chunk: (-4.0, 2.0) at distance 4.47
[22:36:58] TERRAIN: Chunk (-4.0, 2.0): TRIMESH collision created successfully (distance: 4.47, vertices: 32)
[22:36:58] TERRAIN: Chunk created successfully: (-4.0, 2.0) at world pos (-128.0, 0.0, 64.0) (total chunks: 63)
[22:36:58] TERRAIN: Creating chunk: (4.0, 2.0) at distance 4.47
[22:36:58] TERRAIN: Chunk (4.0, 2.0): TRIMESH collision created successfully (distance: 4.47, vertices: 32)
[22:36:58] TERRAIN: Chunk created successfully: (4.0, 2.0) at world pos (128.0, 0.0, 64.0) (total chunks: 64)
[22:36:58] TERRAIN: Creating chunk: (4.0, -2.0) at distance 4.47
[22:36:58] TERRAIN: Chunk (4.0, -2.0): TRIMESH collision created successfully (distance: 4.47, vertices: 32)
[22:36:58] TERRAIN: Chunk created successfully: (4.0, -2.0) at world pos (128.0, 0.0, -64.0) (total chunks: 65)
[22:36:58] TERRAIN: Creating chunk: (-2.0, -4.0) at distance 4.47
[22:36:58] TERRAIN: Chunk (-2.0, -4.0): TRIMESH collision created successfully (distance: 4.47, vertices: 32)
[22:36:58] TERRAIN: Chunk created successfully: (-2.0, -4.0) at world pos (-64.0, 0.0, -128.0) (total chunks: 66)
[22:36:58] TERRAIN: Creating chunk: (-2.0, 4.0) at distance 4.47
[22:36:58] TERRAIN: Chunk (-2.0, 4.0): TRIMESH collision created successfully (distance: 4.47, vertices: 32)
[22:36:58] TERRAIN: Chunk created successfully: (-2.0, 4.0) at world pos (-64.0, 0.0, 128.0) (total chunks: 67)
[22:36:58] TERRAIN: Creating chunk: (2.0, 4.0) at distance 4.47
[22:36:58] TERRAIN: Chunk (2.0, 4.0): TRIMESH collision created successfully (distance: 4.47, vertices: 32)
[22:36:58] TERRAIN: Chunk created successfully: (2.0, 4.0) at world pos (64.0, 0.0, 128.0) (total chunks: 68)
[22:36:58] TERRAIN: Creating chunk: (2.0, -4.0) at distance 4.47
[22:36:58] TERRAIN: Chunk (2.0, -4.0): TRIMESH collision created successfully (distance: 4.47, vertices: 32)
[22:36:58] TERRAIN: Chunk created successfully: (2.0, -4.0) at world pos (64.0, 0.0, -128.0) (total chunks: 69)
[22:36:58] TERRAIN: Creating chunk: (0.0, -5.0) at distance 5.00
[22:36:58] TERRAIN: Chunk (0.0, -5.0): TRIMESH collision created successfully (distance: 5.00, vertices: 32)
[22:36:58] TERRAIN: Chunk created successfully: (0.0, -5.0) at world pos (0.0, 0.0, -160.0) (total chunks: 70)
[22:36:58] TERRAIN: Creating chunk: (-3.0, 4.0) at distance 5.00
[22:36:58] TERRAIN: Chunk (-3.0, 4.0): TRIMESH collision created successfully (distance: 5.00, vertices: 32)
[22:36:58] TERRAIN: Chunk created successfully: (-3.0, 4.0) at world pos (-96.0, 0.0, 128.0) (total chunks: 71)
[22:36:58] TERRAIN: Creating chunk: (-3.0, -4.0) at distance 5.00
[22:36:58] TERRAIN: Chunk (-3.0, -4.0): TRIMESH collision created successfully (distance: 5.00, vertices: 32)
[22:36:58] TERRAIN: Chunk created successfully: (-3.0, -4.0) at world pos (-96.0, 0.0, -128.0) (total chunks: 72)
[22:36:58] TERRAIN: Creating chunk: (-4.0, 3.0) at distance 5.00
[22:36:58] TERRAIN: Chunk (-4.0, 3.0): TRIMESH collision created successfully (distance: 5.00, vertices: 32)
[22:36:58] TERRAIN: Chunk created successfully: (-4.0, 3.0) at world pos (-128.0, 0.0, 96.0) (total chunks: 73)
[22:36:58] TERRAIN: Creating chunk: (-4.0, -3.0) at distance 5.00
[22:36:58] TERRAIN: Chunk (-4.0, -3.0): TRIMESH collision created successfully (distance: 5.00, vertices: 32)
[22:36:58] TERRAIN: Chunk created successfully: (-4.0, -3.0) at world pos (-128.0, 0.0, -96.0) (total chunks: 74)
[22:36:58] TERRAIN: Creating chunk: (3.0, -4.0) at distance 5.00
[22:36:58] TERRAIN: Chunk (3.0, -4.0): TRIMESH collision created successfully (distance: 5.00, vertices: 32)
[22:36:58] TERRAIN: Chunk created successfully: (3.0, -4.0) at world pos (96.0, 0.0, -128.0) (total chunks: 75)
[22:36:58] TERRAIN: Creating chunk: (3.0, 4.0) at distance 5.00
[22:36:58] TERRAIN: Chunk (3.0, 4.0): TRIMESH collision created successfully (distance: 5.00, vertices: 32)
[22:36:58] TERRAIN: Chunk created successfully: (3.0, 4.0) at world pos (96.0, 0.0, 128.0) (total chunks: 76)
[22:36:58] TERRAIN: Creating chunk: (-5.0, 0.0) at distance 5.00
[22:36:58] TERRAIN: Chunk (-5.0, 0.0): TRIMESH collision created successfully (distance: 5.00, vertices: 32)
[22:36:58] TERRAIN: Chunk created successfully: (-5.0, 0.0) at world pos (-160.0, 0.0, 0.0) (total chunks: 77)
[22:36:58] TERRAIN: Creating chunk: (5.0, 0.0) at distance 5.00
[22:36:58] TERRAIN: Chunk (5.0, 0.0): TRIMESH collision created successfully (distance: 5.00, vertices: 32)
[22:36:58] TERRAIN: Chunk created successfully: (5.0, 0.0) at world pos (160.0, 0.0, 0.0) (total chunks: 78)
[22:36:58] TERRAIN: Creating chunk: (0.0, 5.0) at distance 5.00
[22:36:58] TERRAIN: Chunk (0.0, 5.0): TRIMESH collision created successfully (distance: 5.00, vertices: 32)
[22:36:58] TERRAIN: Chunk created successfully: (0.0, 5.0) at world pos (0.0, 0.0, 160.0) (total chunks: 79)
[22:36:58] TERRAIN: Creating chunk: (4.0, -3.0) at distance 5.00
[22:36:58] TERRAIN: Chunk (4.0, -3.0): TRIMESH collision created successfully (distance: 5.00, vertices: 32)
[22:36:58] TERRAIN: Chunk created successfully: (4.0, -3.0) at world pos (128.0, 0.0, -96.0) (total chunks: 80)
[22:36:58] TERRAIN: Creating chunk: (4.0, 3.0) at distance 5.00
[22:36:59] TERRAIN: Chunk (4.0, 3.0): TRIMESH collision created successfully (distance: 5.00, vertices: 32)
[22:36:59] TERRAIN: Chunk created successfully: (4.0, 3.0) at world pos (128.0, 0.0, 96.0) (total chunks: 81)
[22:36:59] TERRAIN: Creating chunk: (5.0, 1.0) at distance 5.10
[22:36:59] TERRAIN: Chunk (5.0, 1.0): TRIMESH collision created successfully (distance: 5.10, vertices: 8)
[22:36:59] TERRAIN: Chunk created successfully: (5.0, 1.0) at world pos (160.0, 0.0, 32.0) (total chunks: 82)
[22:36:59] TERRAIN: Creating chunk: (-1.0, 5.0) at distance 5.10
[22:36:59] TERRAIN: Chunk (-1.0, 5.0): TRIMESH collision created successfully (distance: 5.10, vertices: 8)
[22:36:59] TERRAIN: Chunk created successfully: (-1.0, 5.0) at world pos (-32.0, 0.0, 160.0) (total chunks: 83)
[22:36:59] TERRAIN: Creating chunk: (-5.0, -1.0) at distance 5.10
[22:36:59] TERRAIN: Chunk (-5.0, -1.0): TRIMESH collision created successfully (distance: 5.10, vertices: 8)
[22:36:59] TERRAIN: Chunk created successfully: (-5.0, -1.0) at world pos (-160.0, 0.0, -32.0) (total chunks: 84)
[22:36:59] TERRAIN: Creating chunk: (1.0, -5.0) at distance 5.10
[22:36:59] TERRAIN: Chunk (1.0, -5.0): TRIMESH collision created successfully (distance: 5.10, vertices: 8)
[22:36:59] TERRAIN: Chunk created successfully: (1.0, -5.0) at world pos (32.0, 0.0, -160.0) (total chunks: 85)
[22:36:59] TERRAIN: Creating chunk: (1.0, 5.0) at distance 5.10
[22:36:59] TERRAIN: Chunk (1.0, 5.0): TRIMESH collision created successfully (distance: 5.10, vertices: 8)
[22:36:59] TERRAIN: Chunk created successfully: (1.0, 5.0) at world pos (32.0, 0.0, 160.0) (total chunks: 86)
[22:36:59] TERRAIN: Creating chunk: (5.0, -1.0) at distance 5.10
[22:36:59] TERRAIN: Chunk (5.0, -1.0): TRIMESH collision created successfully (distance: 5.10, vertices: 8)
[22:36:59] TERRAIN: Chunk created successfully: (5.0, -1.0) at world pos (160.0, 0.0, -32.0) (total chunks: 87)
[22:36:59] TERRAIN: Creating chunk: (-5.0, 1.0) at distance 5.10
[22:36:59] TERRAIN: Chunk (-5.0, 1.0): TRIMESH collision created successfully (distance: 5.10, vertices: 8)
[22:36:59] TERRAIN: Chunk created successfully: (-5.0, 1.0) at world pos (-160.0, 0.0, 32.0) (total chunks: 88)
[22:36:59] TERRAIN: Creating chunk: (-1.0, -5.0) at distance 5.10
[22:36:59] TERRAIN: Chunk (-1.0, -5.0): TRIMESH collision created successfully (distance: 5.10, vertices: 8)
[22:36:59] TERRAIN: Chunk created successfully: (-1.0, -5.0) at world pos (-32.0, 0.0, -160.0) (total chunks: 89)
[22:36:59] TERRAIN: Creating chunk: (-5.0, 2.0) at distance 5.39
[22:36:59] TERRAIN: Chunk (-5.0, 2.0): TRIMESH collision created successfully (distance: 5.39, vertices: 8)
[22:36:59] TERRAIN: Chunk created successfully: (-5.0, 2.0) at world pos (-160.0, 0.0, 64.0) (total chunks: 90)
[22:36:59] TERRAIN: Creating chunk: (5.0, -2.0) at distance 5.39
[22:36:59] TERRAIN: Chunk (5.0, -2.0): TRIMESH collision created successfully (distance: 5.39, vertices: 8)
[22:36:59] TERRAIN: Chunk created successfully: (5.0, -2.0) at world pos (160.0, 0.0, -64.0) (total chunks: 91)
[22:36:59] TERRAIN: Creating chunk: (-2.0, 5.0) at distance 5.39
[22:36:59] TERRAIN: Chunk (-2.0, 5.0): TRIMESH collision created successfully (distance: 5.39, vertices: 8)
[22:36:59] TERRAIN: Chunk created successfully: (-2.0, 5.0) at world pos (-64.0, 0.0, 160.0) (total chunks: 92)
[22:36:59] TERRAIN: Creating chunk: (2.0, 5.0) at distance 5.39
[22:36:59] TERRAIN: Chunk (2.0, 5.0): TRIMESH collision created successfully (distance: 5.39, vertices: 8)
[22:36:59] TERRAIN: Chunk created successfully: (2.0, 5.0) at world pos (64.0, 0.0, 160.0) (total chunks: 93)
[22:36:59] TERRAIN: Creating chunk: (2.0, -5.0) at distance 5.39
[22:36:59] TERRAIN: Chunk (2.0, -5.0): TRIMESH collision created successfully (distance: 5.39, vertices: 8)
[22:36:59] TERRAIN: Chunk created successfully: (2.0, -5.0) at world pos (64.0, 0.0, -160.0) (total chunks: 94)
[22:36:59] TERRAIN: Creating chunk: (-2.0, -5.0) at distance 5.39
[22:36:59] TERRAIN: Chunk (-2.0, -5.0): TRIMESH collision created successfully (distance: 5.39, vertices: 8)
[22:36:59] TERRAIN: Chunk created successfully: (-2.0, -5.0) at world pos (-64.0, 0.0, -160.0) (total chunks: 95)
[22:36:59] TERRAIN: Creating chunk: (-5.0, -2.0) at distance 5.39
[22:36:59] TERRAIN: Chunk (-5.0, -2.0): TRIMESH collision created successfully (distance: 5.39, vertices: 8)
[22:36:59] TERRAIN: Chunk created successfully: (-5.0, -2.0) at world pos (-160.0, 0.0, -64.0) (total chunks: 96)
[22:36:59] TERRAIN: Creating chunk: (5.0, 2.0) at distance 5.39
[22:36:59] TERRAIN: Chunk (5.0, 2.0): TRIMESH collision created successfully (distance: 5.39, vertices: 8)
[22:36:59] TERRAIN: Chunk created successfully: (5.0, 2.0) at world pos (160.0, 0.0, 64.0) (total chunks: 97)
[22:36:59] TERRAIN: Creating chunk: (4.0, 4.0) at distance 5.66
[22:36:59] TERRAIN: Chunk (4.0, 4.0): TRIMESH collision created successfully (distance: 5.66, vertices: 8)
[22:36:59] TERRAIN: Chunk created successfully: (4.0, 4.0) at world pos (128.0, 0.0, 128.0) (total chunks: 98)
[22:36:59] TERRAIN: Creating chunk: (4.0, -4.0) at distance 5.66
[22:36:59] TERRAIN: Chunk (4.0, -4.0): TRIMESH collision created successfully (distance: 5.66, vertices: 8)
[22:36:59] TERRAIN: Chunk created successfully: (4.0, -4.0) at world pos (128.0, 0.0, -128.0) (total chunks: 99)
[22:36:59] TERRAIN: Creating chunk: (-4.0, -4.0) at distance 5.66
[22:36:59] TERRAIN: Chunk (-4.0, -4.0): TRIMESH collision created successfully (distance: 5.66, vertices: 8)
[22:36:59] TERRAIN: Chunk created successfully: (-4.0, -4.0) at world pos (-128.0, 0.0, -128.0) (total chunks: 100)
[22:36:59] TERRAIN: Creating chunk: (-4.0, 4.0) at distance 5.66
[22:36:59] TERRAIN: Chunk (-4.0, 4.0): TRIMESH collision created successfully (distance: 5.66, vertices: 8)
[22:36:59] TERRAIN: Chunk created successfully: (-4.0, 4.0) at world pos (-128.0, 0.0, 128.0) (total chunks: 101)
[22:36:59] TERRAIN: Creating chunk: (3.0, -5.0) at distance 5.83
[22:36:59] TERRAIN: Chunk (3.0, -5.0): TRIMESH collision created successfully (distance: 5.83, vertices: 8)
[22:36:59] TERRAIN: Chunk created successfully: (3.0, -5.0) at world pos (96.0, 0.0, -160.0) (total chunks: 102)
[22:36:59] TERRAIN: Creating chunk: (-3.0, -5.0) at distance 5.83
[22:36:59] TERRAIN: Chunk (-3.0, -5.0): TRIMESH collision created successfully (distance: 5.83, vertices: 8)
[22:36:59] TERRAIN: Chunk created successfully: (-3.0, -5.0) at world pos (-96.0, 0.0, -160.0) (total chunks: 103)
[22:36:59] TERRAIN: Creating chunk: (3.0, 5.0) at distance 5.83
[22:36:59] TERRAIN: Chunk (3.0, 5.0): TRIMESH collision created successfully (distance: 5.83, vertices: 8)
[22:36:59] TERRAIN: Chunk created successfully: (3.0, 5.0) at world pos (96.0, 0.0, 160.0) (total chunks: 104)
[22:36:59] TERRAIN: Creating chunk: (5.0, -3.0) at distance 5.83
[22:36:59] TERRAIN: Chunk (5.0, -3.0): TRIMESH collision created successfully (distance: 5.83, vertices: 8)
[22:36:59] TERRAIN: Chunk created successfully: (5.0, -3.0) at world pos (160.0, 0.0, -96.0) (total chunks: 105)
[22:36:59] TERRAIN: Creating chunk: (-5.0, 3.0) at distance 5.83
[22:36:59] TERRAIN: Chunk (-5.0, 3.0): TRIMESH collision created successfully (distance: 5.83, vertices: 8)
[22:36:59] TERRAIN: Chunk created successfully: (-5.0, 3.0) at world pos (-160.0, 0.0, 96.0) (total chunks: 106)
[22:36:59] TERRAIN: Creating chunk: (-3.0, 5.0) at distance 5.83
[22:36:59] TERRAIN: Chunk (-3.0, 5.0): TRIMESH collision created successfully (distance: 5.83, vertices: 8)
[22:36:59] TERRAIN: Chunk created successfully: (-3.0, 5.0) at world pos (-96.0, 0.0, 160.0) (total chunks: 107)
[22:36:59] TERRAIN: Creating chunk: (5.0, 3.0) at distance 5.83
[22:36:59] TERRAIN: Chunk (5.0, 3.0): TRIMESH collision created successfully (distance: 5.83, vertices: 8)
[22:36:59] TERRAIN: Chunk created successfully: (5.0, 3.0) at world pos (160.0, 0.0, 96.0) (total chunks: 108)
[22:36:59] TERRAIN: Creating chunk: (-5.0, -3.0) at distance 5.83
[22:36:59] TERRAIN: Chunk (-5.0, -3.0): TRIMESH collision created successfully (distance: 5.83, vertices: 8)
[22:36:59] TERRAIN: Chunk created successfully: (-5.0, -3.0) at world pos (-160.0, 0.0, -96.0) (total chunks: 109)
[22:36:59] TERRAIN: Creating chunk: (-6.0, 0.0) at distance 6.00
[22:36:59] TERRAIN: Chunk (-6.0, 0.0): TRIMESH collision created successfully (distance: 6.00, vertices: 8)
[22:36:59] TERRAIN: Chunk created successfully: (-6.0, 0.0) at world pos (-192.0, 0.0, 0.0) (total chunks: 110)
[22:36:59] TERRAIN: Creating chunk: (6.0, 0.0) at distance 6.00
[22:36:59] TERRAIN: Chunk (6.0, 0.0): TRIMESH collision created successfully (distance: 6.00, vertices: 8)
[22:36:59] TERRAIN: Chunk created successfully: (6.0, 0.0) at world pos (192.0, 0.0, 0.0) (total chunks: 111)
[22:36:59] TERRAIN: Creating chunk: (0.0, -6.0) at distance 6.00
[22:36:59] TERRAIN: Chunk (0.0, -6.0): TRIMESH collision created successfully (distance: 6.00, vertices: 8)
[22:36:59] TERRAIN: Chunk created successfully: (0.0, -6.0) at world pos (0.0, 0.0, -192.0) (total chunks: 112)
[22:36:59] TERRAIN: Creating chunk: (0.0, 6.0) at distance 6.00
[22:36:59] TERRAIN: Chunk (0.0, 6.0): TRIMESH collision created successfully (distance: 6.00, vertices: 8)
[22:36:59] TERRAIN: Chunk created successfully: (0.0, 6.0) at world pos (0.0, 0.0, 192.0) (total chunks: 113)
[22:36:59] TERRAIN: Creating chunk: (6.0, -1.0) at distance 6.08
[22:36:59] TERRAIN: Chunk (6.0, -1.0): TRIMESH collision created successfully (distance: 6.08, vertices: 8)
[22:36:59] TERRAIN: Chunk created successfully: (6.0, -1.0) at world pos (192.0, 0.0, -32.0) (total chunks: 114)
[22:36:59] TERRAIN: Creating chunk: (-6.0, 1.0) at distance 6.08
[22:36:59] TERRAIN: Chunk (-6.0, 1.0): TRIMESH collision created successfully (distance: 6.08, vertices: 8)
[22:36:59] TERRAIN: Chunk created successfully: (-6.0, 1.0) at world pos (-192.0, 0.0, 32.0) (total chunks: 115)
[22:36:59] TERRAIN: Creating chunk: (-1.0, 6.0) at distance 6.08
[22:36:59] TERRAIN: Chunk (-1.0, 6.0): TRIMESH collision created successfully (distance: 6.08, vertices: 8)
[22:36:59] TERRAIN: Chunk created successfully: (-1.0, 6.0) at world pos (-32.0, 0.0, 192.0) (total chunks: 116)
[22:36:59] TERRAIN: Creating chunk: (1.0, -6.0) at distance 6.08
[22:36:59] TERRAIN: Chunk (1.0, -6.0): TRIMESH collision created successfully (distance: 6.08, vertices: 8)
[22:36:59] TERRAIN: Chunk created successfully: (1.0, -6.0) at world pos (32.0, 0.0, -192.0) (total chunks: 117)
[22:36:59] TERRAIN: Creating chunk: (1.0, 6.0) at distance 6.08
[22:36:59] TERRAIN: Chunk (1.0, 6.0): TRIMESH collision created successfully (distance: 6.08, vertices: 8)
[22:36:59] TERRAIN: Chunk created successfully: (1.0, 6.0) at world pos (32.0, 0.0, 192.0) (total chunks: 118)
[22:36:59] TERRAIN: Creating chunk: (-1.0, -6.0) at distance 6.08
[22:36:59] TERRAIN: Chunk (-1.0, -6.0): TRIMESH collision created successfully (distance: 6.08, vertices: 8)
[22:36:59] TERRAIN: Chunk created successfully: (-1.0, -6.0) at world pos (-32.0, 0.0, -192.0) (total chunks: 119)
[22:36:59] TERRAIN: Creating chunk: (-6.0, -1.0) at distance 6.08
[22:36:59] TERRAIN: Chunk (-6.0, -1.0): TRIMESH collision created successfully (distance: 6.08, vertices: 8)
[22:36:59] TERRAIN: Chunk created successfully: (-6.0, -1.0) at world pos (-192.0, 0.0, -32.0) (total chunks: 120)
[22:36:59] TERRAIN: Creating chunk: (6.0, 1.0) at distance 6.08
[22:36:59] TERRAIN: Chunk (6.0, 1.0): TRIMESH collision created successfully (distance: 6.08, vertices: 8)
[22:36:59] TERRAIN: Chunk created successfully: (6.0, 1.0) at world pos (192.0, 0.0, 32.0) (total chunks: 121)
[22:36:59] TERRAIN: Creating chunk: (-2.0, 6.0) at distance 6.32
[22:36:59] TERRAIN: Chunk (-2.0, 6.0): TRIMESH collision created successfully (distance: 6.32, vertices: 8)
[22:36:59] TERRAIN: Chunk created successfully: (-2.0, 6.0) at world pos (-64.0, 0.0, 192.0) (total chunks: 122)
[22:36:59] TERRAIN: Creating chunk: (6.0, -2.0) at distance 6.32
[22:36:59] TERRAIN: Chunk (6.0, -2.0): TRIMESH collision created successfully (distance: 6.32, vertices: 8)
[22:36:59] TERRAIN: Chunk created successfully: (6.0, -2.0) at world pos (192.0, 0.0, -64.0) (total chunks: 123)
[22:36:59] TERRAIN: Creating chunk: (6.0, 2.0) at distance 6.32
[22:36:59] TERRAIN: Chunk (6.0, 2.0): TRIMESH collision created successfully (distance: 6.32, vertices: 8)
[22:36:59] TERRAIN: Chunk created successfully: (6.0, 2.0) at world pos (192.0, 0.0, 64.0) (total chunks: 124)
[22:36:59] TERRAIN: Creating chunk: (2.0, 6.0) at distance 6.32
[22:36:59] TERRAIN: Chunk (2.0, 6.0): TRIMESH collision created successfully (distance: 6.32, vertices: 8)
[22:36:59] TERRAIN: Chunk created successfully: (2.0, 6.0) at world pos (64.0, 0.0, 192.0) (total chunks: 125)
[22:36:59] TERRAIN: Creating chunk: (2.0, -6.0) at distance 6.32
[22:36:59] TERRAIN: Chunk (2.0, -6.0): TRIMESH collision created successfully (distance: 6.32, vertices: 8)
[22:36:59] TERRAIN: Chunk created successfully: (2.0, -6.0) at world pos (64.0, 0.0, -192.0) (total chunks: 126)
[22:36:59] TERRAIN: Creating chunk: (-2.0, -6.0) at distance 6.32
[22:36:59] TERRAIN: Chunk (-2.0, -6.0): TRIMESH collision created successfully (distance: 6.32, vertices: 8)
[22:36:59] TERRAIN: Chunk created successfully: (-2.0, -6.0) at world pos (-64.0, 0.0, -192.0) (total chunks: 127)
[22:36:59] TERRAIN: Creating chunk: (-6.0, -2.0) at distance 6.32
[22:36:59] TERRAIN: Chunk (-6.0, -2.0): TRIMESH collision created successfully (distance: 6.32, vertices: 8)
[22:36:59] TERRAIN: Chunk created successfully: (-6.0, -2.0) at world pos (-192.0, 0.0, -64.0) (total chunks: 128)
[22:36:59] TERRAIN: Creating chunk: (-6.0, 2.0) at distance 6.32
[22:36:59] TERRAIN: Chunk (-6.0, 2.0): TRIMESH collision created successfully (distance: 6.32, vertices: 8)
[22:36:59] TERRAIN: Chunk created successfully: (-6.0, 2.0) at world pos (-192.0, 0.0, 64.0) (total chunks: 129)
[22:36:59] TERRAIN: Creating chunk: (-4.0, -5.0) at distance 6.40
[22:36:59] TERRAIN: Chunk (-4.0, -5.0): TRIMESH collision created successfully (distance: 6.40, vertices: 8)
[22:36:59] TERRAIN: Chunk created successfully: (-4.0, -5.0) at world pos (-128.0, 0.0, -160.0) (total chunks: 130)
[22:36:59] TERRAIN: Creating chunk: (-5.0, 4.0) at distance 6.40
[22:36:59] TERRAIN: Chunk (-5.0, 4.0): TRIMESH collision created successfully (distance: 6.40, vertices: 8)
[22:36:59] TERRAIN: Chunk created successfully: (-5.0, 4.0) at world pos (-160.0, 0.0, 128.0) (total chunks: 131)
[22:36:59] TERRAIN: Creating chunk: (-5.0, -4.0) at distance 6.40
[22:36:59] TERRAIN: Chunk (-5.0, -4.0): TRIMESH collision created successfully (distance: 6.40, vertices: 8)
[22:36:59] TERRAIN: Chunk created successfully: (-5.0, -4.0) at world pos (-160.0, 0.0, -128.0) (total chunks: 132)
[22:36:59] TERRAIN: Creating chunk: (-4.0, 5.0) at distance 6.40
[22:36:59] TERRAIN: Chunk (-4.0, 5.0): TRIMESH collision created successfully (distance: 6.40, vertices: 8)
[22:36:59] TERRAIN: Chunk created successfully: (-4.0, 5.0) at world pos (-128.0, 0.0, 160.0) (total chunks: 133)
[22:36:59] TERRAIN: Creating chunk: (4.0, -5.0) at distance 6.40
[22:36:59] TERRAIN: Chunk (4.0, -5.0): TRIMESH collision created successfully (distance: 6.40, vertices: 8)
[22:36:59] TERRAIN: Chunk created successfully: (4.0, -5.0) at world pos (128.0, 0.0, -160.0) (total chunks: 134)
[22:36:59] TERRAIN: Creating chunk: (4.0, 5.0) at distance 6.40
[22:36:59] TERRAIN: Chunk (4.0, 5.0): TRIMESH collision created successfully (distance: 6.40, vertices: 8)
[22:36:59] TERRAIN: Chunk created successfully: (4.0, 5.0) at world pos (128.0, 0.0, 160.0) (total chunks: 135)
[22:36:59] TERRAIN: Creating chunk: (5.0, -4.0) at distance 6.40
[22:36:59] TERRAIN: Chunk (5.0, -4.0): TRIMESH collision created successfully (distance: 6.40, vertices: 8)
[22:36:59] TERRAIN: Chunk created successfully: (5.0, -4.0) at world pos (160.0, 0.0, -128.0) (total chunks: 136)
[22:36:59] TERRAIN: Creating chunk: (5.0, 4.0) at distance 6.40
[22:36:59] TERRAIN: Chunk (5.0, 4.0): TRIMESH collision created successfully (distance: 6.40, vertices: 8)
[22:36:59] TERRAIN: Chunk created successfully: (5.0, 4.0) at world pos (160.0, 0.0, 128.0) (total chunks: 137)
[22:36:59] TERRAIN: Creating chunk: (-3.0, -6.0) at distance 6.71
[22:36:59] TERRAIN: Chunk (-3.0, -6.0): TRIMESH collision created successfully (distance: 6.71, vertices: 8)
[22:36:59] TERRAIN: Chunk created successfully: (-3.0, -6.0) at world pos (-96.0, 0.0, -192.0) (total chunks: 138)
[22:36:59] TERRAIN: Creating chunk: (-3.0, 6.0) at distance 6.71
[22:36:59] TERRAIN: Chunk (-3.0, 6.0): TRIMESH collision created successfully (distance: 6.71, vertices: 8)
[22:36:59] TERRAIN: Chunk created successfully: (-3.0, 6.0) at world pos (-96.0, 0.0, 192.0) (total chunks: 139)
[22:36:59] TERRAIN: Creating chunk: (6.0, -3.0) at distance 6.71
[22:36:59] TERRAIN: Chunk (6.0, -3.0): TRIMESH collision created successfully (distance: 6.71, vertices: 8)
[22:36:59] TERRAIN: Chunk created successfully: (6.0, -3.0) at world pos (192.0, 0.0, -96.0) (total chunks: 140)
[22:36:59] TERRAIN: Creating chunk: (6.0, 3.0) at distance 6.71
[22:36:59] TERRAIN: Chunk (6.0, 3.0): TRIMESH collision created successfully (distance: 6.71, vertices: 8)
[22:36:59] TERRAIN: Chunk created successfully: (6.0, 3.0) at world pos (192.0, 0.0, 96.0) (total chunks: 141)
[22:36:59] TERRAIN: Creating chunk: (-6.0, 3.0) at distance 6.71
[22:36:59] TERRAIN: Chunk (-6.0, 3.0): TRIMESH collision created successfully (distance: 6.71, vertices: 8)
[22:36:59] TERRAIN: Chunk created successfully: (-6.0, 3.0) at world pos (-192.0, 0.0, 96.0) (total chunks: 142)
[22:36:59] TERRAIN: Creating chunk: (3.0, -6.0) at distance 6.71
[22:36:59] TERRAIN: Chunk (3.0, -6.0): TRIMESH collision created successfully (distance: 6.71, vertices: 8)
[22:36:59] TERRAIN: Chunk created successfully: (3.0, -6.0) at world pos (96.0, 0.0, -192.0) (total chunks: 143)
[22:36:59] TERRAIN: Creating chunk: (3.0, 6.0) at distance 6.71
[22:36:59] TERRAIN: Chunk (3.0, 6.0): TRIMESH collision created successfully (distance: 6.71, vertices: 8)
[22:36:59] TERRAIN: Chunk created successfully: (3.0, 6.0) at world pos (96.0, 0.0, 192.0) (total chunks: 144)
[22:36:59] TERRAIN: Creating chunk: (-6.0, -3.0) at distance 6.71
[22:36:59] TERRAIN: Chunk (-6.0, -3.0): TRIMESH collision created successfully (distance: 6.71, vertices: 8)
[22:36:59] TERRAIN: Chunk created successfully: (-6.0, -3.0) at world pos (-192.0, 0.0, -96.0) (total chunks: 145)
[22:36:59] TERRAIN: Creating chunk: (-7.0, 0.0) at distance 7.00
[22:36:59] TERRAIN: Chunk (-7.0, 0.0): TRIMESH collision created successfully (distance: 7.00, vertices: 8)
[22:36:59] TERRAIN: Chunk created successfully: (-7.0, 0.0) at world pos (-224.0, 0.0, 0.0) (total chunks: 146)
[22:36:59] TERRAIN: Creating chunk: (0.0, -7.0) at distance 7.00
[22:36:59] TERRAIN: Chunk (0.0, -7.0): TRIMESH collision created successfully (distance: 7.00, vertices: 8)
[22:36:59] TERRAIN: Chunk created successfully: (0.0, -7.0) at world pos (0.0, 0.0, -224.0) (total chunks: 147)
[22:36:59] TERRAIN: Creating chunk: (0.0, 7.0) at distance 7.00
[22:36:59] TERRAIN: Chunk (0.0, 7.0): TRIMESH collision created successfully (distance: 7.00, vertices: 8)
[22:36:59] TERRAIN: Chunk created successfully: (0.0, 7.0) at world pos (0.0, 0.0, 224.0) (total chunks: 148)
[22:36:59] TERRAIN: Creating chunk: (7.0, 0.0) at distance 7.00
[22:36:59] TERRAIN: Chunk (7.0, 0.0): TRIMESH collision created successfully (distance: 7.00, vertices: 8)
[22:36:59] TERRAIN: Chunk created successfully: (7.0, 0.0) at world pos (224.0, 0.0, 0.0) (total chunks: 149)
[22:36:59] TERRAIN: Creating chunk: (-5.0, -5.0) at distance 7.07
[22:36:59] TERRAIN: Chunk (-5.0, -5.0): TRIMESH collision created successfully (distance: 7.07, vertices: 8)
[22:36:59] TERRAIN: Chunk created successfully: (-5.0, -5.0) at world pos (-160.0, 0.0, -160.0) (total chunks: 150)
[22:36:59] TERRAIN: Creating chunk: (-5.0, 5.0) at distance 7.07
[22:36:59] TERRAIN: Chunk (-5.0, 5.0): TRIMESH collision created successfully (distance: 7.07, vertices: 8)
[22:36:59] TERRAIN: Chunk created successfully: (-5.0, 5.0) at world pos (-160.0, 0.0, 160.0) (total chunks: 151)
[22:36:59] TERRAIN: Creating chunk: (-1.0, -7.0) at distance 7.07
[22:36:59] TERRAIN: Chunk (-1.0, -7.0): TRIMESH collision created successfully (distance: 7.07, vertices: 8)
[22:36:59] TERRAIN: Chunk created successfully: (-1.0, -7.0) at world pos (-32.0, 0.0, -224.0) (total chunks: 152)
[22:36:59] TERRAIN: Creating chunk: (-1.0, 7.0) at distance 7.07
[22:36:59] TERRAIN: Chunk (-1.0, 7.0): TRIMESH collision created successfully (distance: 7.07, vertices: 8)
[22:36:59] TERRAIN: Chunk created successfully: (-1.0, 7.0) at world pos (-32.0, 0.0, 224.0) (total chunks: 153)
[22:36:59] TERRAIN: Creating chunk: (1.0, -7.0) at distance 7.07
[22:36:59] TERRAIN: Chunk (1.0, -7.0): TRIMESH collision created successfully (distance: 7.07, vertices: 8)
[22:36:59] TERRAIN: Chunk created successfully: (1.0, -7.0) at world pos (32.0, 0.0, -224.0) (total chunks: 154)
[22:36:59] TERRAIN: Creating chunk: (1.0, 7.0) at distance 7.07
[22:36:59] TERRAIN: Chunk (1.0, 7.0): TRIMESH collision created successfully (distance: 7.07, vertices: 8)
[22:36:59] TERRAIN: Chunk created successfully: (1.0, 7.0) at world pos (32.0, 0.0, 224.0) (total chunks: 155)
[22:36:59] TERRAIN: Creating chunk: (5.0, -5.0) at distance 7.07
[22:36:59] TERRAIN: Chunk (5.0, -5.0): TRIMESH collision created successfully (distance: 7.07, vertices: 8)
[22:36:59] TERRAIN: Chunk created successfully: (5.0, -5.0) at world pos (160.0, 0.0, -160.0) (total chunks: 156)
[22:36:59] TERRAIN: Creating chunk: (5.0, 5.0) at distance 7.07
[22:36:59] TERRAIN: Chunk (5.0, 5.0): TRIMESH collision created successfully (distance: 7.07, vertices: 8)
[22:36:59] TERRAIN: Chunk created successfully: (5.0, 5.0) at world pos (160.0, 0.0, 160.0) (total chunks: 157)
[22:36:59] TERRAIN: Creating chunk: (7.0, 1.0) at distance 7.07
[22:36:59] TERRAIN: Chunk (7.0, 1.0): TRIMESH collision created successfully (distance: 7.07, vertices: 8)
[22:36:59] TERRAIN: Chunk created successfully: (7.0, 1.0) at world pos (224.0, 0.0, 32.0) (total chunks: 158)
[22:36:59] TERRAIN: Creating chunk: (7.0, -1.0) at distance 7.07
[22:36:59] TERRAIN: Chunk (7.0, -1.0): TRIMESH collision created successfully (distance: 7.07, vertices: 8)
[22:36:59] TERRAIN: Chunk created successfully: (7.0, -1.0) at world pos (224.0, 0.0, -32.0) (total chunks: 159)
[22:36:59] TERRAIN: Creating chunk: (-7.0, 1.0) at distance 7.07
[22:36:59] TERRAIN: Chunk (-7.0, 1.0): TRIMESH collision created successfully (distance: 7.07, vertices: 8)
[22:36:59] TERRAIN: Chunk created successfully: (-7.0, 1.0) at world pos (-224.0, 0.0, 32.0) (total chunks: 160)
[22:36:59] TERRAIN: Creating chunk: (-7.0, -1.0) at distance 7.07
[22:36:59] TERRAIN: Chunk (-7.0, -1.0): TRIMESH collision created successfully (distance: 7.07, vertices: 8)
[22:36:59] TERRAIN: Chunk created successfully: (-7.0, -1.0) at world pos (-224.0, 0.0, -32.0) (total chunks: 161)
[22:36:59] TERRAIN: Creating chunk: (-4.0, 6.0) at distance 7.21
[22:36:59] TERRAIN: Chunk (-4.0, 6.0): TRIMESH collision created successfully (distance: 7.21, vertices: 8)
[22:36:59] TERRAIN: Chunk created successfully: (-4.0, 6.0) at world pos (-128.0, 0.0, 192.0) (total chunks: 162)
[22:36:59] TERRAIN: Creating chunk: (4.0, -6.0) at distance 7.21
[22:36:59] TERRAIN: Chunk (4.0, -6.0): TRIMESH collision created successfully (distance: 7.21, vertices: 8)
[22:36:59] TERRAIN: Chunk created successfully: (4.0, -6.0) at world pos (128.0, 0.0, -192.0) (total chunks: 163)
[22:36:59] TERRAIN: Creating chunk: (-6.0, 4.0) at distance 7.21
[22:36:59] TERRAIN: Chunk (-6.0, 4.0): TRIMESH collision created successfully (distance: 7.21, vertices: 8)
[22:36:59] TERRAIN: Chunk created successfully: (-6.0, 4.0) at world pos (-192.0, 0.0, 128.0) (total chunks: 164)
[22:36:59] TERRAIN: Creating chunk: (-6.0, -4.0) at distance 7.21
[22:36:59] TERRAIN: Chunk (-6.0, -4.0): TRIMESH collision created successfully (distance: 7.21, vertices: 8)
[22:36:59] TERRAIN: Chunk created successfully: (-6.0, -4.0) at world pos (-192.0, 0.0, -128.0) (total chunks: 165)
[22:36:59] TERRAIN: Creating chunk: (4.0, 6.0) at distance 7.21
[22:36:59] TERRAIN: Chunk (4.0, 6.0): TRIMESH collision created successfully (distance: 7.21, vertices: 8)
[22:36:59] TERRAIN: Chunk created successfully: (4.0, 6.0) at world pos (128.0, 0.0, 192.0) (total chunks: 166)
[22:36:59] TERRAIN: Creating chunk: (6.0, 4.0) at distance 7.21
[22:36:59] TERRAIN: Chunk (6.0, 4.0): TRIMESH collision created successfully (distance: 7.21, vertices: 8)
[22:36:59] TERRAIN: Chunk created successfully: (6.0, 4.0) at world pos (192.0, 0.0, 128.0) (total chunks: 167)
[22:36:59] TERRAIN: Creating chunk: (6.0, -4.0) at distance 7.21
[22:36:59] TERRAIN: Chunk (6.0, -4.0): TRIMESH collision created successfully (distance: 7.21, vertices: 8)
[22:36:59] TERRAIN: Chunk created successfully: (6.0, -4.0) at world pos (192.0, 0.0, -128.0) (total chunks: 168)
[22:36:59] TERRAIN: Creating chunk: (-4.0, -6.0) at distance 7.21
[22:36:59] TERRAIN: Chunk (-4.0, -6.0): TRIMESH collision created successfully (distance: 7.21, vertices: 8)
[22:36:59] TERRAIN: Chunk created successfully: (-4.0, -6.0) at world pos (-128.0, 0.0, -192.0) (total chunks: 169)
[22:36:59] TERRAIN: Creating chunk: (-7.0, 2.0) at distance 7.28
[22:36:59] TERRAIN: Chunk (-7.0, 2.0): TRIMESH collision created successfully (distance: 7.28, vertices: 8)
[22:36:59] TERRAIN: Chunk created successfully: (-7.0, 2.0) at world pos (-224.0, 0.0, 64.0) (total chunks: 170)
[22:36:59] TERRAIN: Creating chunk: (2.0, -7.0) at distance 7.28
[22:36:59] TERRAIN: Chunk (2.0, -7.0): TRIMESH collision created successfully (distance: 7.28, vertices: 8)
[22:36:59] TERRAIN: Chunk created successfully: (2.0, -7.0) at world pos (64.0, 0.0, -224.0) (total chunks: 171)
[22:36:59] TERRAIN: Creating chunk: (-7.0, -2.0) at distance 7.28
[22:36:59] TERRAIN: Chunk (-7.0, -2.0): TRIMESH collision created successfully (distance: 7.28, vertices: 8)
[22:36:59] TERRAIN: Chunk created successfully: (-7.0, -2.0) at world pos (-224.0, 0.0, -64.0) (total chunks: 172)
[22:36:59] TERRAIN: Creating chunk: (-2.0, -7.0) at distance 7.28
[22:36:59] TERRAIN: Chunk (-2.0, -7.0): TRIMESH collision created successfully (distance: 7.28, vertices: 8)
[22:36:59] TERRAIN: Chunk created successfully: (-2.0, -7.0) at world pos (-64.0, 0.0, -224.0) (total chunks: 173)
[22:36:59] TERRAIN: Creating chunk: (7.0, 2.0) at distance 7.28
[22:36:59] TERRAIN: Chunk (7.0, 2.0): TRIMESH collision created successfully (distance: 7.28, vertices: 8)
[22:36:59] TERRAIN: Chunk created successfully: (7.0, 2.0) at world pos (224.0, 0.0, 64.0) (total chunks: 174)
[22:36:59] TERRAIN: Creating chunk: (-2.0, 7.0) at distance 7.28
[22:36:59] TERRAIN: Chunk (-2.0, 7.0): TRIMESH collision created successfully (distance: 7.28, vertices: 8)
[22:36:59] TERRAIN: Chunk created successfully: (-2.0, 7.0) at world pos (-64.0, 0.0, 224.0) (total chunks: 175)
[22:36:59] TERRAIN: Creating chunk: (7.0, -2.0) at distance 7.28
[22:36:59] TERRAIN: Chunk (7.0, -2.0): TRIMESH collision created successfully (distance: 7.28, vertices: 8)
[22:36:59] TERRAIN: Chunk created successfully: (7.0, -2.0) at world pos (224.0, 0.0, -64.0) (total chunks: 176)
[22:36:59] TERRAIN: Creating chunk: (2.0, 7.0) at distance 7.28
[22:36:59] TERRAIN: Chunk (2.0, 7.0): TRIMESH collision created successfully (distance: 7.28, vertices: 8)
[22:36:59] TERRAIN: Chunk created successfully: (2.0, 7.0) at world pos (64.0, 0.0, 224.0) (total chunks: 177)
[22:36:59] TERRAIN: Creating chunk: (-7.0, -3.0) at distance 7.62
[22:36:59] TERRAIN: Chunk (-7.0, -3.0): TRIMESH collision created successfully (distance: 7.62, vertices: 8)
[22:36:59] TERRAIN: Chunk created successfully: (-7.0, -3.0) at world pos (-224.0, 0.0, -96.0) (total chunks: 178)
[22:36:59] TERRAIN: Creating chunk: (-3.0, -7.0) at distance 7.62
[22:36:59] TERRAIN: Chunk (-3.0, -7.0): TRIMESH collision created successfully (distance: 7.62, vertices: 8)
[22:36:59] TERRAIN: Chunk created successfully: (-3.0, -7.0) at world pos (-96.0, 0.0, -224.0) (total chunks: 179)
[22:36:59] TERRAIN: Creating chunk: (-7.0, 3.0) at distance 7.62
[22:36:59] TERRAIN: Chunk (-7.0, 3.0): TRIMESH collision created successfully (distance: 7.62, vertices: 8)
[22:36:59] TERRAIN: Chunk created successfully: (-7.0, 3.0) at world pos (-224.0, 0.0, 96.0) (total chunks: 180)
[22:36:59] TERRAIN: Creating chunk: (-3.0, 7.0) at distance 7.62
[22:36:59] TERRAIN: Chunk (-3.0, 7.0): TRIMESH collision created successfully (distance: 7.62, vertices: 8)
[22:36:59] TERRAIN: Chunk created successfully: (-3.0, 7.0) at world pos (-96.0, 0.0, 224.0) (total chunks: 181)
[22:36:59] TERRAIN: Creating chunk: (3.0, -7.0) at distance 7.62
[22:36:59] TERRAIN: Chunk (3.0, -7.0): TRIMESH collision created successfully (distance: 7.62, vertices: 8)
[22:36:59] TERRAIN: Chunk created successfully: (3.0, -7.0) at world pos (96.0, 0.0, -224.0) (total chunks: 182)
[22:36:59] TERRAIN: Creating chunk: (7.0, 3.0) at distance 7.62
[22:36:59] TERRAIN: Chunk (7.0, 3.0): TRIMESH collision created successfully (distance: 7.62, vertices: 8)
[22:36:59] TERRAIN: Chunk created successfully: (7.0, 3.0) at world pos (224.0, 0.0, 96.0) (total chunks: 183)
[22:36:59] TERRAIN: Creating chunk: (7.0, -3.0) at distance 7.62
[22:36:59] TERRAIN: Chunk (7.0, -3.0): TRIMESH collision created successfully (distance: 7.62, vertices: 8)
[22:36:59] TERRAIN: Chunk created successfully: (7.0, -3.0) at world pos (224.0, 0.0, -96.0) (total chunks: 184)
[22:36:59] TERRAIN: Creating chunk: (3.0, 7.0) at distance 7.62
[22:36:59] TERRAIN: Chunk (3.0, 7.0): TRIMESH collision created successfully (distance: 7.62, vertices: 8)
[22:36:59] TERRAIN: Chunk created successfully: (3.0, 7.0) at world pos (96.0, 0.0, 224.0) (total chunks: 185)
[22:36:59] TERRAIN: Creating chunk: (-5.0, -6.0) at distance 7.81
[22:36:59] TERRAIN: Chunk (-5.0, -6.0): TRIMESH collision created successfully (distance: 7.81, vertices: 8)
[22:36:59] TERRAIN: Chunk created successfully: (-5.0, -6.0) at world pos (-160.0, 0.0, -192.0) (total chunks: 186)
[22:36:59] TERRAIN: Creating chunk: (-5.0, 6.0) at distance 7.81
[22:36:59] TERRAIN: Chunk (-5.0, 6.0): TRIMESH collision created successfully (distance: 7.81, vertices: 8)
[22:36:59] TERRAIN: Chunk created successfully: (-5.0, 6.0) at world pos (-160.0, 0.0, 192.0) (total chunks: 187)
[22:36:59] TERRAIN: Creating chunk: (-6.0, 5.0) at distance 7.81
[22:36:59] TERRAIN: Chunk (-6.0, 5.0): TRIMESH collision created successfully (distance: 7.81, vertices: 8)
[22:36:59] TERRAIN: Chunk created successfully: (-6.0, 5.0) at world pos (-192.0, 0.0, 160.0) (total chunks: 188)
[22:36:59] TERRAIN: Creating chunk: (-6.0, -5.0) at distance 7.81
[22:36:59] TERRAIN: Chunk (-6.0, -5.0): TRIMESH collision created successfully (distance: 7.81, vertices: 8)
[22:36:59] TERRAIN: Chunk created successfully: (-6.0, -5.0) at world pos (-192.0, 0.0, -160.0) (total chunks: 189)
[22:36:59] TERRAIN: Creating chunk: (5.0, -6.0) at distance 7.81
[22:36:59] TERRAIN: Chunk (5.0, -6.0): TRIMESH collision created successfully (distance: 7.81, vertices: 8)
[22:36:59] TERRAIN: Chunk created successfully: (5.0, -6.0) at world pos (160.0, 0.0, -192.0) (total chunks: 190)
[22:36:59] TERRAIN: Creating chunk: (6.0, -5.0) at distance 7.81
[22:36:59] TERRAIN: Chunk (6.0, -5.0): TRIMESH collision created successfully (distance: 7.81, vertices: 8)
[22:36:59] TERRAIN: Chunk created successfully: (6.0, -5.0) at world pos (192.0, 0.0, -160.0) (total chunks: 191)
[22:36:59] TERRAIN: Creating chunk: (5.0, 6.0) at distance 7.81
[22:36:59] TERRAIN: Chunk (5.0, 6.0): TRIMESH collision created successfully (distance: 7.81, vertices: 8)
[22:36:59] TERRAIN: Chunk created successfully: (5.0, 6.0) at world pos (160.0, 0.0, 192.0) (total chunks: 192)
[22:36:59] PLAYER: Pos: (0.0, 0.000187, 0.0) | Chunk: (0.0, 0.0) | TerrainHeight: 0.00 | HeightDiff: 0.00 | OnFloor: true
[22:36:59] PLAYER: CHUNK CHANGED: (inf, inf) -> (0.0, 0.0)
[22:36:59] TERRAIN: Creating chunk: (6.0, 5.0) at distance 7.81
[22:36:59] TERRAIN: Chunk (6.0, 5.0): TRIMESH collision created successfully (distance: 7.81, vertices: 8)
[22:36:59] TERRAIN: Chunk created successfully: (6.0, 5.0) at world pos (192.0, 0.0, 160.0) (total chunks: 193)
[22:36:59] TERRAIN: Creating chunk: (8.0, 0.0) at distance 8.00
[22:36:59] TERRAIN: Chunk (8.0, 0.0): TRIMESH collision created successfully (distance: 8.00, vertices: 8)
[22:36:59] TERRAIN: Chunk created successfully: (8.0, 0.0) at world pos (256.0, 0.0, 0.0) (total chunks: 194)
[22:36:59] TERRAIN: Creating chunk: (-8.0, 0.0) at distance 8.00
[22:36:59] TERRAIN: Chunk (-8.0, 0.0): TRIMESH collision created successfully (distance: 8.00, vertices: 8)
[22:36:59] TERRAIN: Chunk created successfully: (-8.0, 0.0) at world pos (-256.0, 0.0, 0.0) (total chunks: 195)
[22:36:59] TERRAIN: Creating chunk: (0.0, -8.0) at distance 8.00
[22:36:59] TERRAIN: Chunk (0.0, -8.0): TRIMESH collision created successfully (distance: 8.00, vertices: 8)
[22:36:59] TERRAIN: Chunk created successfully: (0.0, -8.0) at world pos (0.0, 0.0, -256.0) (total chunks: 196)
[22:36:59] TERRAIN: Creating chunk: (0.0, 8.0) at distance 8.00
[22:36:59] TERRAIN: Chunk (0.0, 8.0): TRIMESH collision created successfully (distance: 8.00, vertices: 8)
[22:36:59] TERRAIN: Chunk created successfully: (0.0, 8.0) at world pos (0.0, 0.0, 256.0) (total chunks: 197)
[22:36:59] TERRAIN: Creating chunk: (8.0, 1.0) at distance 8.06
[22:36:59] TERRAIN: Chunk (8.0, 1.0): TRIMESH collision created successfully (distance: 8.06, vertices: 8)
[22:36:59] TERRAIN: Chunk created successfully: (8.0, 1.0) at world pos (256.0, 0.0, 32.0) (total chunks: 198)
[22:36:59] TERRAIN: Creating chunk: (-1.0, 8.0) at distance 8.06
[22:36:59] TERRAIN: Chunk (-1.0, 8.0): TRIMESH collision created successfully (distance: 8.06, vertices: 8)
[22:36:59] TERRAIN: Chunk created successfully: (-1.0, 8.0) at world pos (-32.0, 0.0, 256.0) (total chunks: 199)
[22:36:59] TERRAIN: Creating chunk: (-1.0, -8.0) at distance 8.06
[22:36:59] TERRAIN: Chunk (-1.0, -8.0): TRIMESH collision created successfully (distance: 8.06, vertices: 8)
[22:36:59] TERRAIN: Chunk created successfully: (-1.0, -8.0) at world pos (-32.0, 0.0, -256.0) (total chunks: 200)
[22:36:59] TERRAIN: Creating chunk: (1.0, -8.0) at distance 8.06
[22:36:59] TERRAIN: Chunk (1.0, -8.0): TRIMESH collision created successfully (distance: 8.06, vertices: 8)
[22:36:59] TERRAIN: Chunk created successfully: (1.0, -8.0) at world pos (32.0, 0.0, -256.0) (total chunks: 201)
[22:36:59] TERRAIN: Creating chunk: (-4.0, -7.0) at distance 8.06
[22:36:59] TERRAIN: Chunk (-4.0, -7.0): TRIMESH collision created successfully (distance: 8.06, vertices: 8)
[22:36:59] TERRAIN: Chunk created successfully: (-4.0, -7.0) at world pos (-128.0, 0.0, -224.0) (total chunks: 202)
[22:36:59] TERRAIN: Creating chunk: (1.0, 8.0) at distance 8.06
[22:36:59] TERRAIN: Chunk (1.0, 8.0): TRIMESH collision created successfully (distance: 8.06, vertices: 8)
[22:36:59] TERRAIN: Chunk created successfully: (1.0, 8.0) at world pos (32.0, 0.0, 256.0) (total chunks: 203)
[22:36:59] TERRAIN: Creating chunk: (-8.0, 1.0) at distance 8.06
[22:36:59] TERRAIN: Chunk (-8.0, 1.0): TRIMESH collision created successfully (distance: 8.06, vertices: 8)
[22:36:59] TERRAIN: Chunk created successfully: (-8.0, 1.0) at world pos (-256.0, 0.0, 32.0) (total chunks: 204)
[22:36:59] TERRAIN: Creating chunk: (8.0, -1.0) at distance 8.06
[22:36:59] TERRAIN: Chunk (8.0, -1.0): TRIMESH collision created successfully (distance: 8.06, vertices: 8)
[22:36:59] TERRAIN: Chunk created successfully: (8.0, -1.0) at world pos (256.0, 0.0, -32.0) (total chunks: 205)
[22:36:59] TERRAIN: Creating chunk: (-8.0, -1.0) at distance 8.06
[22:36:59] TERRAIN: Chunk (-8.0, -1.0): TRIMESH collision created successfully (distance: 8.06, vertices: 8)
[22:36:59] TERRAIN: Chunk created successfully: (-8.0, -1.0) at world pos (-256.0, 0.0, -32.0) (total chunks: 206)
[22:36:59] TERRAIN: Creating chunk: (-4.0, 7.0) at distance 8.06
[22:36:59] TERRAIN: Chunk (-4.0, 7.0): TRIMESH collision created successfully (distance: 8.06, vertices: 8)
[22:36:59] TERRAIN: Chunk created successfully: (-4.0, 7.0) at world pos (-128.0, 0.0, 224.0) (total chunks: 207)
[22:36:59] TERRAIN: Creating chunk: (7.0, -4.0) at distance 8.06
[22:36:59] TERRAIN: Chunk (7.0, -4.0): TRIMESH collision created successfully (distance: 8.06, vertices: 8)
[22:36:59] TERRAIN: Chunk created successfully: (7.0, -4.0) at world pos (224.0, 0.0, -128.0) (total chunks: 208)
[22:36:59] TERRAIN: Creating chunk: (4.0, 7.0) at distance 8.06
[22:36:59] TERRAIN: Chunk (4.0, 7.0): TRIMESH collision created successfully (distance: 8.06, vertices: 8)
[22:36:59] TERRAIN: Chunk created successfully: (4.0, 7.0) at world pos (128.0, 0.0, 224.0) (total chunks: 209)
[22:36:59] TERRAIN: Creating chunk: (-7.0, -4.0) at distance 8.06
[22:36:59] TERRAIN: Chunk (-7.0, -4.0): TRIMESH collision created successfully (distance: 8.06, vertices: 8)
[22:36:59] TERRAIN: Chunk created successfully: (-7.0, -4.0) at world pos (-224.0, 0.0, -128.0) (total chunks: 210)
[22:36:59] TERRAIN: Creating chunk: (7.0, 4.0) at distance 8.06
[22:36:59] TERRAIN: Chunk (7.0, 4.0): TRIMESH collision created successfully (distance: 8.06, vertices: 8)
[22:36:59] TERRAIN: Chunk created successfully: (7.0, 4.0) at world pos (224.0, 0.0, 128.0) (total chunks: 211)
[22:36:59] TERRAIN: Creating chunk: (4.0, -7.0) at distance 8.06
[22:36:59] TERRAIN: Chunk (4.0, -7.0): TRIMESH collision created successfully (distance: 8.06, vertices: 8)
[22:36:59] TERRAIN: Chunk created successfully: (4.0, -7.0) at world pos (128.0, 0.0, -224.0) (total chunks: 212)
[22:36:59] TERRAIN: Creating chunk: (-7.0, 4.0) at distance 8.06
[22:36:59] TERRAIN: Chunk (-7.0, 4.0): TRIMESH collision created successfully (distance: 8.06, vertices: 8)
[22:36:59] TERRAIN: Chunk created successfully: (-7.0, 4.0) at world pos (-224.0, 0.0, 128.0) (total chunks: 213)
[22:36:59] TERRAIN: Creating chunk: (-8.0, -2.0) at distance 8.25
[22:36:59] TERRAIN: Chunk (-8.0, -2.0): TRIMESH collision created successfully (distance: 8.25, vertices: 8)
[22:36:59] TERRAIN: Chunk created successfully: (-8.0, -2.0) at world pos (-256.0, 0.0, -64.0) (total chunks: 214)
[22:36:59] TERRAIN: Creating chunk: (2.0, 8.0) at distance 8.25
[22:36:59] TERRAIN: Chunk (2.0, 8.0): TRIMESH collision created successfully (distance: 8.25, vertices: 8)
[22:36:59] TERRAIN: Chunk created successfully: (2.0, 8.0) at world pos (64.0, 0.0, 256.0) (total chunks: 215)
[22:36:59] TERRAIN: Creating chunk: (-8.0, 2.0) at distance 8.25
[22:36:59] TERRAIN: Chunk (-8.0, 2.0): TRIMESH collision created successfully (distance: 8.25, vertices: 8)
[22:36:59] TERRAIN: Chunk created successfully: (-8.0, 2.0) at world pos (-256.0, 0.0, 64.0) (total chunks: 216)
[22:36:59] TERRAIN: Creating chunk: (2.0, -8.0) at distance 8.25
[22:36:59] TERRAIN: Chunk (2.0, -8.0): TRIMESH collision created successfully (distance: 8.25, vertices: 8)
[22:36:59] TERRAIN: Chunk created successfully: (2.0, -8.0) at world pos (64.0, 0.0, -256.0) (total chunks: 217)
[22:36:59] TERRAIN: Creating chunk: (8.0, -2.0) at distance 8.25
[22:36:59] TERRAIN: Chunk (8.0, -2.0): TRIMESH collision created successfully (distance: 8.25, vertices: 8)
[22:36:59] TERRAIN: Chunk created successfully: (8.0, -2.0) at world pos (256.0, 0.0, -64.0) (total chunks: 218)
[22:36:59] TERRAIN: Creating chunk: (-2.0, -8.0) at distance 8.25
[22:36:59] TERRAIN: Chunk (-2.0, -8.0): TRIMESH collision created successfully (distance: 8.25, vertices: 8)
[22:36:59] TERRAIN: Chunk created successfully: (-2.0, -8.0) at world pos (-64.0, 0.0, -256.0) (total chunks: 219)
[22:36:59] TERRAIN: Creating chunk: (-2.0, 8.0) at distance 8.25
[22:36:59] TERRAIN: Chunk (-2.0, 8.0): TRIMESH collision created successfully (distance: 8.25, vertices: 8)
[22:36:59] TERRAIN: Chunk created successfully: (-2.0, 8.0) at world pos (-64.0, 0.0, 256.0) (total chunks: 220)
[22:36:59] TERRAIN: Creating chunk: (8.0, 2.0) at distance 8.25
[22:36:59] TERRAIN: Chunk (8.0, 2.0): TRIMESH collision created successfully (distance: 8.25, vertices: 8)
[22:36:59] TERRAIN: Chunk created successfully: (8.0, 2.0) at world pos (256.0, 0.0, 64.0) (total chunks: 221)
[22:36:59] TERRAIN: Creating chunk: (-6.0, 6.0) at distance 8.49
[22:36:59] TERRAIN: Chunk (-6.0, 6.0): TRIMESH collision created successfully (distance: 8.49, vertices: 8)
[22:36:59] TERRAIN: Chunk created successfully: (-6.0, 6.0) at world pos (-192.0, 0.0, 192.0) (total chunks: 222)
[22:36:59] TERRAIN: Creating chunk: (6.0, -6.0) at distance 8.49
[22:36:59] TERRAIN: Chunk (6.0, -6.0): TRIMESH collision created successfully (distance: 8.49, vertices: 8)
[22:36:59] TERRAIN: Chunk created successfully: (6.0, -6.0) at world pos (192.0, 0.0, -192.0) (total chunks: 223)
[22:36:59] TERRAIN: Creating chunk: (6.0, 6.0) at distance 8.49
[22:36:59] TERRAIN: Chunk (6.0, 6.0): TRIMESH collision created successfully (distance: 8.49, vertices: 8)
[22:36:59] TERRAIN: Chunk created successfully: (6.0, 6.0) at world pos (192.0, 0.0, 192.0) (total chunks: 224)
[22:36:59] TERRAIN: Creating chunk: (-6.0, -6.0) at distance 8.49
[22:36:59] TERRAIN: Chunk (-6.0, -6.0): TRIMESH collision created successfully (distance: 8.49, vertices: 8)
[22:36:59] TERRAIN: Chunk created successfully: (-6.0, -6.0) at world pos (-192.0, 0.0, -192.0) (total chunks: 225)
[22:36:59] TERRAIN: Creating chunk: (-8.0, 3.0) at distance 8.54
[22:36:59] TERRAIN: Chunk (-8.0, 3.0): TRIMESH collision created successfully (distance: 8.54, vertices: 8)
[22:36:59] TERRAIN: Chunk created successfully: (-8.0, 3.0) at world pos (-256.0, 0.0, 96.0) (total chunks: 226)
[22:36:59] TERRAIN: Creating chunk: (-3.0, -8.0) at distance 8.54
[22:36:59] TERRAIN: Chunk (-3.0, -8.0): TRIMESH collision created successfully (distance: 8.54, vertices: 8)
[22:36:59] TERRAIN: Chunk created successfully: (-3.0, -8.0) at world pos (-96.0, 0.0, -256.0) (total chunks: 227)
[22:36:59] TERRAIN: Creating chunk: (3.0, 8.0) at distance 8.54
[22:36:59] TERRAIN: Chunk (3.0, 8.0): TRIMESH collision created successfully (distance: 8.54, vertices: 8)
[22:36:59] TERRAIN: Chunk created successfully: (3.0, 8.0) at world pos (96.0, 0.0, 256.0) (total chunks: 228)
[22:36:59] TERRAIN: Creating chunk: (-3.0, 8.0) at distance 8.54
[22:36:59] TERRAIN: Chunk (-3.0, 8.0): TRIMESH collision created successfully (distance: 8.54, vertices: 8)
[22:36:59] TERRAIN: Chunk created successfully: (-3.0, 8.0) at world pos (-96.0, 0.0, 256.0) (total chunks: 229)
[22:36:59] TERRAIN: Creating chunk: (8.0, -3.0) at distance 8.54
[22:36:59] TERRAIN: Chunk (8.0, -3.0): TRIMESH collision created successfully (distance: 8.54, vertices: 8)
[22:36:59] TERRAIN: Chunk created successfully: (8.0, -3.0) at world pos (256.0, 0.0, -96.0) (total chunks: 230)
[22:36:59] TERRAIN: Creating chunk: (3.0, -8.0) at distance 8.54
[22:36:59] TERRAIN: Chunk (3.0, -8.0): TRIMESH collision created successfully (distance: 8.54, vertices: 8)
[22:36:59] TERRAIN: Chunk created successfully: (3.0, -8.0) at world pos (96.0, 0.0, -256.0) (total chunks: 231)
[22:36:59] TERRAIN: Creating chunk: (-8.0, -3.0) at distance 8.54
[22:36:59] TERRAIN: Chunk (-8.0, -3.0): TRIMESH collision created successfully (distance: 8.54, vertices: 8)
[22:36:59] TERRAIN: Chunk created successfully: (-8.0, -3.0) at world pos (-256.0, 0.0, -96.0) (total chunks: 232)
[22:36:59] TERRAIN: Creating chunk: (8.0, 3.0) at distance 8.54
[22:36:59] TERRAIN: Chunk (8.0, 3.0): TRIMESH collision created successfully (distance: 8.54, vertices: 8)
[22:36:59] TERRAIN: Chunk created successfully: (8.0, 3.0) at world pos (256.0, 0.0, 96.0) (total chunks: 233)
[22:36:59] TERRAIN: Creating chunk: (-7.0, -5.0) at distance 8.60
[22:36:59] TERRAIN: Chunk (-7.0, -5.0): TRIMESH collision created successfully (distance: 8.60, vertices: 8)
[22:36:59] TERRAIN: Chunk created successfully: (-7.0, -5.0) at world pos (-224.0, 0.0, -160.0) (total chunks: 234)
[22:36:59] TERRAIN: Creating chunk: (5.0, -7.0) at distance 8.60
[22:36:59] TERRAIN: Chunk (5.0, -7.0): TRIMESH collision created successfully (distance: 8.60, vertices: 8)
[22:36:59] TERRAIN: Chunk created successfully: (5.0, -7.0) at world pos (160.0, 0.0, -224.0) (total chunks: 235)
[22:36:59] TERRAIN: Creating chunk: (-5.0, 7.0) at distance 8.60
[22:36:59] TERRAIN: Chunk (-5.0, 7.0): TRIMESH collision created successfully (distance: 8.60, vertices: 8)
[22:36:59] TERRAIN: Chunk created successfully: (-5.0, 7.0) at world pos (-160.0, 0.0, 224.0) (total chunks: 236)
[22:36:59] TERRAIN: Creating chunk: (7.0, -5.0) at distance 8.60
[22:36:59] TERRAIN: Chunk (7.0, -5.0): TRIMESH collision created successfully (distance: 8.60, vertices: 8)
[22:36:59] TERRAIN: Chunk created successfully: (7.0, -5.0) at world pos (224.0, 0.0, -160.0) (total chunks: 237)
[22:36:59] TERRAIN: Creating chunk: (-7.0, 5.0) at distance 8.60
[22:36:59] TERRAIN: Chunk (-7.0, 5.0): TRIMESH collision created successfully (distance: 8.60, vertices: 8)
[22:36:59] TERRAIN: Chunk created successfully: (-7.0, 5.0) at world pos (-224.0, 0.0, 160.0) (total chunks: 238)
[22:36:59] TERRAIN: Creating chunk: (7.0, 5.0) at distance 8.60
[22:36:59] TERRAIN: Chunk (7.0, 5.0): TRIMESH collision created successfully (distance: 8.60, vertices: 8)
[22:36:59] TERRAIN: Chunk created successfully: (7.0, 5.0) at world pos (224.0, 0.0, 160.0) (total chunks: 239)
[22:36:59] TERRAIN: Creating chunk: (5.0, 7.0) at distance 8.60
[22:36:59] TERRAIN: Chunk (5.0, 7.0): TRIMESH collision created successfully (distance: 8.60, vertices: 8)
[22:36:59] TERRAIN: Chunk created successfully: (5.0, 7.0) at world pos (160.0, 0.0, 224.0) (total chunks: 240)
[22:36:59] TERRAIN: Creating chunk: (-5.0, -7.0) at distance 8.60
[22:36:59] TERRAIN: Chunk (-5.0, -7.0): TRIMESH collision created successfully (distance: 8.60, vertices: 8)
[22:36:59] TERRAIN: Chunk created successfully: (-5.0, -7.0) at world pos (-160.0, 0.0, -224.0) (total chunks: 241)
[22:36:59] TERRAIN: Creating chunk: (8.0, 4.0) at distance 8.94
[22:36:59] TERRAIN: Chunk (8.0, 4.0): TRIMESH collision created successfully (distance: 8.94, vertices: 8)
[22:36:59] TERRAIN: Chunk created successfully: (8.0, 4.0) at world pos (256.0, 0.0, 128.0) (total chunks: 242)
[22:36:59] TERRAIN: Creating chunk: (4.0, 8.0) at distance 8.94
[22:36:59] TERRAIN: Chunk (4.0, 8.0): TRIMESH collision created successfully (distance: 8.94, vertices: 8)
[22:36:59] TERRAIN: Chunk created successfully: (4.0, 8.0) at world pos (128.0, 0.0, 256.0) (total chunks: 243)
[22:36:59] TERRAIN: Creating chunk: (-4.0, 8.0) at distance 8.94
[22:36:59] TERRAIN: Chunk (-4.0, 8.0): TRIMESH collision created successfully (distance: 8.94, vertices: 8)
[22:36:59] TERRAIN: Chunk created successfully: (-4.0, 8.0) at world pos (-128.0, 0.0, 256.0) (total chunks: 244)
[22:36:59] TERRAIN: Creating chunk: (4.0, -8.0) at distance 8.94
[22:36:59] TERRAIN: Chunk (4.0, -8.0): TRIMESH collision created successfully (distance: 8.94, vertices: 8)
[22:36:59] TERRAIN: Chunk created successfully: (4.0, -8.0) at world pos (128.0, 0.0, -256.0) (total chunks: 245)
[22:36:59] TERRAIN: Creating chunk: (-8.0, -4.0) at distance 8.94
[22:36:59] TERRAIN: Chunk (-8.0, -4.0): TRIMESH collision created successfully (distance: 8.94, vertices: 8)
[22:36:59] TERRAIN: Chunk created successfully: (-8.0, -4.0) at world pos (-256.0, 0.0, -128.0) (total chunks: 246)
[22:36:59] TERRAIN: Creating chunk: (8.0, -4.0) at distance 8.94
[22:36:59] TERRAIN: Chunk (8.0, -4.0): TRIMESH collision created successfully (distance: 8.94, vertices: 8)
[22:36:59] TERRAIN: Chunk created successfully: (8.0, -4.0) at world pos (256.0, 0.0, -128.0) (total chunks: 247)
[22:36:59] TERRAIN: Creating chunk: (-4.0, -8.0) at distance 8.94
[22:36:59] TERRAIN: Chunk (-4.0, -8.0): TRIMESH collision created successfully (distance: 8.94, vertices: 8)
[22:36:59] TERRAIN: Chunk created successfully: (-4.0, -8.0) at world pos (-128.0, 0.0, -256.0) (total chunks: 248)
[22:36:59] TERRAIN: Creating chunk: (-8.0, 4.0) at distance 8.94
[22:36:59] TERRAIN: Chunk (-8.0, 4.0): TRIMESH collision created successfully (distance: 8.94, vertices: 8)
[22:36:59] TERRAIN: Chunk created successfully: (-8.0, 4.0) at world pos (-256.0, 0.0, 128.0) (total chunks: 249)
[22:36:59] TERRAIN: Creating chunk: (9.0, 0.0) at distance 9.00
[22:36:59] TERRAIN: Chunk (9.0, 0.0): TRIMESH collision created successfully (distance: 9.00, vertices: 8)
[22:36:59] TERRAIN: Chunk created successfully: (9.0, 0.0) at world pos (288.0, 0.0, 0.0) (total chunks: 250)
[22:36:59] TERRAIN: Creating chunk: (-9.0, 0.0) at distance 9.00
[22:36:59] TERRAIN: Chunk (-9.0, 0.0): TRIMESH collision created successfully (distance: 9.00, vertices: 8)
[22:36:59] TERRAIN: Chunk created successfully: (-9.0, 0.0) at world pos (-288.0, 0.0, 0.0) (total chunks: 251)
[22:36:59] TERRAIN: Creating chunk: (0.0, -9.0) at distance 9.00
[22:36:59] TERRAIN: Chunk (0.0, -9.0): TRIMESH collision created successfully (distance: 9.00, vertices: 8)
[22:36:59] TERRAIN: Chunk created successfully: (0.0, -9.0) at world pos (0.0, 0.0, -288.0) (total chunks: 252)
[22:36:59] TERRAIN: Creating chunk: (0.0, 9.0) at distance 9.00
[22:36:59] TERRAIN: Chunk (0.0, 9.0): TRIMESH collision created successfully (distance: 9.00, vertices: 8)
[22:36:59] TERRAIN: Chunk created successfully: (0.0, 9.0) at world pos (0.0, 0.0, 288.0) (total chunks: 253)
[22:36:59] TERRAIN: Creating chunk: (9.0, 1.0) at distance 9.06
[22:36:59] TERRAIN: Chunk (9.0, 1.0): TRIMESH collision created successfully (distance: 9.06, vertices: 8)
[22:36:59] TERRAIN: Chunk created successfully: (9.0, 1.0) at world pos (288.0, 0.0, 32.0) (total chunks: 254)
[22:36:59] TERRAIN: Creating chunk: (1.0, 9.0) at distance 9.06
[22:36:59] TERRAIN: Chunk (1.0, 9.0): TRIMESH collision created successfully (distance: 9.06, vertices: 8)
[22:36:59] TERRAIN: Chunk created successfully: (1.0, 9.0) at world pos (32.0, 0.0, 288.0) (total chunks: 255)
[22:36:59] TERRAIN: Creating chunk: (9.0, -1.0) at distance 9.06
[22:36:59] TERRAIN: Chunk (9.0, -1.0): TRIMESH collision created successfully (distance: 9.06, vertices: 8)
[22:36:59] TERRAIN: Chunk created successfully: (9.0, -1.0) at world pos (288.0, 0.0, -32.0) (total chunks: 256)
[22:36:59] TERRAIN: Creating chunk: (1.0, -9.0) at distance 9.06
[22:36:59] TERRAIN: Chunk (1.0, -9.0): TRIMESH collision created successfully (distance: 9.06, vertices: 8)
[22:36:59] TERRAIN: Chunk created successfully: (1.0, -9.0) at world pos (32.0, 0.0, -288.0) (total chunks: 257)
[22:36:59] TERRAIN: Creating chunk: (-1.0, -9.0) at distance 9.06
[22:36:59] TERRAIN: Chunk (-1.0, -9.0): TRIMESH collision created successfully (distance: 9.06, vertices: 8)
[22:36:59] TERRAIN: Chunk created successfully: (-1.0, -9.0) at world pos (-32.0, 0.0, -288.0) (total chunks: 258)
[22:36:59] TERRAIN: Creating chunk: (-9.0, -1.0) at distance 9.06
[22:36:59] TERRAIN: Chunk (-9.0, -1.0): TRIMESH collision created successfully (distance: 9.06, vertices: 8)
[22:36:59] TERRAIN: Chunk created successfully: (-9.0, -1.0) at world pos (-288.0, 0.0, -32.0) (total chunks: 259)
[22:36:59] TERRAIN: Creating chunk: (-9.0, 1.0) at distance 9.06
[22:36:59] TERRAIN: Chunk (-9.0, 1.0): TRIMESH collision created successfully (distance: 9.06, vertices: 8)
[22:36:59] TERRAIN: Chunk created successfully: (-9.0, 1.0) at world pos (-288.0, 0.0, 32.0) (total chunks: 260)
[22:36:59] TERRAIN: Creating chunk: (-1.0, 9.0) at distance 9.06
[22:36:59] TERRAIN: Chunk (-1.0, 9.0): TRIMESH collision created successfully (distance: 9.06, vertices: 8)
[22:36:59] TERRAIN: Chunk created successfully: (-1.0, 9.0) at world pos (-32.0, 0.0, 288.0) (total chunks: 261)
[22:36:59] TERRAIN: Creating chunk: (-9.0, -2.0) at distance 9.22
[22:36:59] TERRAIN: Chunk (-9.0, -2.0): TRIMESH collision created successfully (distance: 9.22, vertices: 8)
[22:36:59] TERRAIN: Chunk created successfully: (-9.0, -2.0) at world pos (-288.0, 0.0, -64.0) (total chunks: 262)
[22:36:59] TERRAIN: Creating chunk: (6.0, 7.0) at distance 9.22
[22:36:59] TERRAIN: Chunk (6.0, 7.0): TRIMESH collision created successfully (distance: 9.22, vertices: 8)
[22:36:59] TERRAIN: Chunk created successfully: (6.0, 7.0) at world pos (192.0, 0.0, 224.0) (total chunks: 263)
[22:36:59] TERRAIN: Creating chunk: (-9.0, 2.0) at distance 9.22
[22:36:59] TERRAIN: Chunk (-9.0, 2.0): TRIMESH collision created successfully (distance: 9.22, vertices: 8)
[22:36:59] TERRAIN: Chunk created successfully: (-9.0, 2.0) at world pos (-288.0, 0.0, 64.0) (total chunks: 264)
[22:36:59] TERRAIN: Creating chunk: (9.0, 2.0) at distance 9.22
[22:36:59] TERRAIN: Chunk (9.0, 2.0): TRIMESH collision created successfully (distance: 9.22, vertices: 8)
[22:36:59] TERRAIN: Chunk created successfully: (9.0, 2.0) at world pos (288.0, 0.0, 64.0) (total chunks: 265)
[22:36:59] TERRAIN: Creating chunk: (-2.0, -9.0) at distance 9.22
[22:36:59] TERRAIN: Chunk (-2.0, -9.0): TRIMESH collision created successfully (distance: 9.22, vertices: 8)
[22:36:59] TERRAIN: Chunk created successfully: (-2.0, -9.0) at world pos (-64.0, 0.0, -288.0) (total chunks: 266)
[22:36:59] TERRAIN: Creating chunk: (-6.0, -7.0) at distance 9.22
[22:36:59] TERRAIN: Chunk (-6.0, -7.0): TRIMESH collision created successfully (distance: 9.22, vertices: 8)
[22:36:59] TERRAIN: Chunk created successfully: (-6.0, -7.0) at world pos (-192.0, 0.0, -224.0) (total chunks: 267)
[22:36:59] TERRAIN: Creating chunk: (2.0, -9.0) at distance 9.22
[22:36:59] TERRAIN: Chunk (2.0, -9.0): TRIMESH collision created successfully (distance: 9.22, vertices: 8)
[22:36:59] TERRAIN: Chunk created successfully: (2.0, -9.0) at world pos (64.0, 0.0, -288.0) (total chunks: 268)
[22:36:59] TERRAIN: Creating chunk: (-2.0, 9.0) at distance 9.22
[22:36:59] TERRAIN: Chunk (-2.0, 9.0): TRIMESH collision created successfully (distance: 9.22, vertices: 8)
[22:36:59] TERRAIN: Chunk created successfully: (-2.0, 9.0) at world pos (-64.0, 0.0, 288.0) (total chunks: 269)
[22:36:59] TERRAIN: Creating chunk: (-7.0, 6.0) at distance 9.22
[22:36:59] TERRAIN: Chunk (-7.0, 6.0): TRIMESH collision created successfully (distance: 9.22, vertices: 8)
[22:36:59] TERRAIN: Chunk created successfully: (-7.0, 6.0) at world pos (-224.0, 0.0, 192.0) (total chunks: 270)
[22:36:59] TERRAIN: Creating chunk: (-7.0, -6.0) at distance 9.22
[22:36:59] TERRAIN: Chunk (-7.0, -6.0): TRIMESH collision created successfully (distance: 9.22, vertices: 8)
[22:36:59] TERRAIN: Chunk created successfully: (-7.0, -6.0) at world pos (-224.0, 0.0, -192.0) (total chunks: 271)
[22:36:59] TERRAIN: Creating chunk: (7.0, -6.0) at distance 9.22
[22:36:59] TERRAIN: Chunk (7.0, -6.0): TRIMESH collision created successfully (distance: 9.22, vertices: 8)
[22:36:59] TERRAIN: Chunk created successfully: (7.0, -6.0) at world pos (224.0, 0.0, -192.0) (total chunks: 272)
[22:36:59] TERRAIN: Creating chunk: (2.0, 9.0) at distance 9.22
[22:36:59] TERRAIN: Chunk (2.0, 9.0): TRIMESH collision created successfully (distance: 9.22, vertices: 8)
[22:36:59] TERRAIN: Chunk created successfully: (2.0, 9.0) at world pos (64.0, 0.0, 288.0) (total chunks: 273)
[22:36:59] TERRAIN: Creating chunk: (-6.0, 7.0) at distance 9.22
[22:36:59] TERRAIN: Chunk (-6.0, 7.0): TRIMESH collision created successfully (distance: 9.22, vertices: 8)
[22:36:59] TERRAIN: Chunk created successfully: (-6.0, 7.0) at world pos (-192.0, 0.0, 224.0) (total chunks: 274)
[22:36:59] TERRAIN: Creating chunk: (9.0, -2.0) at distance 9.22
[22:36:59] TERRAIN: Chunk (9.0, -2.0): TRIMESH collision created successfully (distance: 9.22, vertices: 8)
[22:36:59] TERRAIN: Chunk created successfully: (9.0, -2.0) at world pos (288.0, 0.0, -64.0) (total chunks: 275)
[22:36:59] TERRAIN: Creating chunk: (7.0, 6.0) at distance 9.22
[22:36:59] TERRAIN: Chunk (7.0, 6.0): TRIMESH collision created successfully (distance: 9.22, vertices: 8)
[22:36:59] TERRAIN: Chunk created successfully: (7.0, 6.0) at world pos (224.0, 0.0, 192.0) (total chunks: 276)
[22:36:59] TERRAIN: Creating chunk: (6.0, -7.0) at distance 9.22
[22:36:59] TERRAIN: Chunk (6.0, -7.0): TRIMESH collision created successfully (distance: 9.22, vertices: 8)
[22:36:59] TERRAIN: Chunk created successfully: (6.0, -7.0) at world pos (192.0, 0.0, -224.0) (total chunks: 277)
[22:36:59] TERRAIN: Creating chunk: (-5.0, -8.0) at distance 9.43
[22:36:59] TERRAIN: Chunk (-5.0, -8.0): TRIMESH collision created successfully (distance: 9.43, vertices: 8)
[22:36:59] TERRAIN: Chunk created successfully: (-5.0, -8.0) at world pos (-160.0, 0.0, -256.0) (total chunks: 278)
[22:36:59] TERRAIN: Creating chunk: (8.0, -5.0) at distance 9.43
[22:36:59] TERRAIN: Chunk (8.0, -5.0): TRIMESH collision created successfully (distance: 9.43, vertices: 8)
[22:36:59] TERRAIN: Chunk created successfully: (8.0, -5.0) at world pos (256.0, 0.0, -160.0) (total chunks: 279)
[22:36:59] TERRAIN: Creating chunk: (5.0, 8.0) at distance 9.43
[22:36:59] TERRAIN: Chunk (5.0, 8.0): TRIMESH collision created successfully (distance: 9.43, vertices: 8)
[22:36:59] TERRAIN: Chunk created successfully: (5.0, 8.0) at world pos (160.0, 0.0, 256.0) (total chunks: 280)
[22:37:00] TERRAIN: Creating chunk: (-8.0, -5.0) at distance 9.43
[22:37:00] TERRAIN: Chunk (-8.0, -5.0): TRIMESH collision created successfully (distance: 9.43, vertices: 8)
[22:37:00] TERRAIN: Chunk created successfully: (-8.0, -5.0) at world pos (-256.0, 0.0, -160.0) (total chunks: 281)
[22:37:00] TERRAIN: Creating chunk: (8.0, 5.0) at distance 9.43
[22:37:00] TERRAIN: Chunk (8.0, 5.0): TRIMESH collision created successfully (distance: 9.43, vertices: 8)
[22:37:00] TERRAIN: Chunk created successfully: (8.0, 5.0) at world pos (256.0, 0.0, 160.0) (total chunks: 282)
[22:37:00] TERRAIN: Creating chunk: (-8.0, 5.0) at distance 9.43
[22:37:00] TERRAIN: Chunk (-8.0, 5.0): TRIMESH collision created successfully (distance: 9.43, vertices: 8)
[22:37:00] TERRAIN: Chunk created successfully: (-8.0, 5.0) at world pos (-256.0, 0.0, 160.0) (total chunks: 283)
[22:37:00] TERRAIN: Creating chunk: (-5.0, 8.0) at distance 9.43
[22:37:00] TERRAIN: Chunk (-5.0, 8.0): TRIMESH collision created successfully (distance: 9.43, vertices: 8)
[22:37:00] TERRAIN: Chunk created successfully: (-5.0, 8.0) at world pos (-160.0, 0.0, 256.0) (total chunks: 284)
[22:37:00] TERRAIN: Creating chunk: (5.0, -8.0) at distance 9.43
[22:37:00] TERRAIN: Chunk (5.0, -8.0): TRIMESH collision created successfully (distance: 9.43, vertices: 8)
[22:37:00] TERRAIN: Chunk created successfully: (5.0, -8.0) at world pos (160.0, 0.0, -256.0) (total chunks: 285)
[22:37:00] TERRAIN: Creating chunk: (-9.0, -3.0) at distance 9.49
[22:37:00] TERRAIN: Chunk (-9.0, -3.0): TRIMESH collision created successfully (distance: 9.49, vertices: 8)
[22:37:00] TERRAIN: Chunk created successfully: (-9.0, -3.0) at world pos (-288.0, 0.0, -96.0) (total chunks: 286)
[22:37:00] TERRAIN: Creating chunk: (9.0, -3.0) at distance 9.49
[22:37:00] TERRAIN: Chunk (9.0, -3.0): TRIMESH collision created successfully (distance: 9.49, vertices: 8)
[22:37:00] TERRAIN: Chunk created successfully: (9.0, -3.0) at world pos (288.0, 0.0, -96.0) (total chunks: 287)
[22:37:00] TERRAIN: Creating chunk: (-9.0, 3.0) at distance 9.49
[22:37:00] TERRAIN: Chunk (-9.0, 3.0): TRIMESH collision created successfully (distance: 9.49, vertices: 8)
[22:37:00] TERRAIN: Chunk created successfully: (-9.0, 3.0) at world pos (-288.0, 0.0, 96.0) (total chunks: 288)
[22:37:00] TERRAIN: Creating chunk: (3.0, 9.0) at distance 9.49
[22:37:00] TERRAIN: Chunk (3.0, 9.0): TRIMESH collision created successfully (distance: 9.49, vertices: 8)
[22:37:00] TERRAIN: Chunk created successfully: (3.0, 9.0) at world pos (96.0, 0.0, 288.0) (total chunks: 289)
[22:37:00] TERRAIN: Creating chunk: (-3.0, -9.0) at distance 9.49
[22:37:00] TERRAIN: Chunk (-3.0, -9.0): TRIMESH collision created successfully (distance: 9.49, vertices: 8)
[22:37:00] TERRAIN: Chunk created successfully: (-3.0, -9.0) at world pos (-96.0, 0.0, -288.0) (total chunks: 290)
[22:37:00] TERRAIN: Creating chunk: (-3.0, 9.0) at distance 9.49
[22:37:00] TERRAIN: Chunk (-3.0, 9.0): TRIMESH collision created successfully (distance: 9.49, vertices: 8)
[22:37:00] TERRAIN: Chunk created successfully: (-3.0, 9.0) at world pos (-96.0, 0.0, 288.0) (total chunks: 291)
[22:37:00] TERRAIN: Creating chunk: (3.0, -9.0) at distance 9.49
[22:37:00] TERRAIN: Chunk (3.0, -9.0): TRIMESH collision created successfully (distance: 9.49, vertices: 8)
[22:37:00] TERRAIN: Chunk created successfully: (3.0, -9.0) at world pos (96.0, 0.0, -288.0) (total chunks: 292)
[22:37:00] TERRAIN: Creating chunk: (9.0, 3.0) at distance 9.49
[22:37:00] TERRAIN: Chunk (9.0, 3.0): TRIMESH collision created successfully (distance: 9.49, vertices: 8)
[22:37:00] TERRAIN: Chunk created successfully: (9.0, 3.0) at world pos (288.0, 0.0, 96.0) (total chunks: 293)
[22:37:00] TERRAIN: Creating chunk: (-9.0, 4.0) at distance 9.85
[22:37:00] TERRAIN: Chunk (-9.0, 4.0): TRIMESH collision created successfully (distance: 9.85, vertices: 8)
[22:37:00] TERRAIN: Chunk created successfully: (-9.0, 4.0) at world pos (-288.0, 0.0, 128.0) (total chunks: 294)
[22:37:00] TERRAIN: Creating chunk: (-4.0, -9.0) at distance 9.85
[22:37:00] TERRAIN: Chunk (-4.0, -9.0): TRIMESH collision created successfully (distance: 9.85, vertices: 8)
[22:37:00] TERRAIN: Chunk created successfully: (-4.0, -9.0) at world pos (-128.0, 0.0, -288.0) (total chunks: 295)
[22:37:00] TERRAIN: Creating chunk: (9.0, -4.0) at distance 9.85
[22:37:00] TERRAIN: Chunk (9.0, -4.0): TRIMESH collision created successfully (distance: 9.85, vertices: 8)
[22:37:00] TERRAIN: Chunk created successfully: (9.0, -4.0) at world pos (288.0, 0.0, -128.0) (total chunks: 296)
[22:37:00] TERRAIN: Creating chunk: (9.0, 4.0) at distance 9.85
[22:37:00] TERRAIN: Chunk (9.0, 4.0): TRIMESH collision created successfully (distance: 9.85, vertices: 8)
[22:37:00] TERRAIN: Chunk created successfully: (9.0, 4.0) at world pos (288.0, 0.0, 128.0) (total chunks: 297)
[22:37:00] TERRAIN: Creating chunk: (-9.0, -4.0) at distance 9.85
[22:37:00] TERRAIN: Chunk (-9.0, -4.0): TRIMESH collision created successfully (distance: 9.85, vertices: 8)
[22:37:00] TERRAIN: Chunk created successfully: (-9.0, -4.0) at world pos (-288.0, 0.0, -128.0) (total chunks: 298)
[22:37:00] TERRAIN: Creating chunk: (4.0, 9.0) at distance 9.85
[22:37:00] TERRAIN: Chunk (4.0, 9.0): TRIMESH collision created successfully (distance: 9.85, vertices: 8)
[22:37:00] TERRAIN: Chunk created successfully: (4.0, 9.0) at world pos (128.0, 0.0, 288.0) (total chunks: 299)
[22:37:00] TERRAIN: Creating chunk: (-4.0, 9.0) at distance 9.85
[22:37:00] TERRAIN: Chunk (-4.0, 9.0): TRIMESH collision created successfully (distance: 9.85, vertices: 8)
[22:37:00] TERRAIN: Chunk created successfully: (-4.0, 9.0) at world pos (-128.0, 0.0, 288.0) (total chunks: 300)
[22:37:00] TERRAIN: Creating chunk: (4.0, -9.0) at distance 9.85
[22:37:00] TERRAIN: Chunk (4.0, -9.0): TRIMESH collision created successfully (distance: 9.85, vertices: 8)
[22:37:00] TERRAIN: Chunk created successfully: (4.0, -9.0) at world pos (128.0, 0.0, -288.0) (total chunks: 301)
[22:37:00] TERRAIN: Creating chunk: (7.0, -7.0) at distance 9.90
[22:37:00] TERRAIN: Chunk (7.0, -7.0): TRIMESH collision created successfully (distance: 9.90, vertices: 8)
[22:37:00] TERRAIN: Chunk created successfully: (7.0, -7.0) at world pos (224.0, 0.0, -224.0) (total chunks: 302)
[22:37:00] TERRAIN: Creating chunk: (-7.0, -7.0) at distance 9.90
[22:37:00] TERRAIN: Chunk (-7.0, -7.0): TRIMESH collision created successfully (distance: 9.90, vertices: 8)
[22:37:00] TERRAIN: Chunk created successfully: (-7.0, -7.0) at world pos (-224.0, 0.0, -224.0) (total chunks: 303)
[22:37:00] TERRAIN: Creating chunk: (7.0, 7.0) at distance 9.90
[22:37:00] TERRAIN: Chunk (7.0, 7.0): TRIMESH collision created successfully (distance: 9.90, vertices: 8)
[22:37:00] TERRAIN: Chunk created successfully: (7.0, 7.0) at world pos (224.0, 0.0, 224.0) (total chunks: 304)
[22:37:00] TERRAIN: Creating chunk: (-7.0, 7.0) at distance 9.90
[22:37:00] TERRAIN: Chunk (-7.0, 7.0): TRIMESH collision created successfully (distance: 9.90, vertices: 8)
[22:37:00] TERRAIN: Chunk created successfully: (-7.0, 7.0) at world pos (-224.0, 0.0, 224.0) (total chunks: 305)
[22:37:00] TERRAIN: Creating chunk: (-6.0, 8.0) at distance 10.00
[22:37:00] TERRAIN: Chunk (-6.0, 8.0): TRIMESH collision created successfully (distance: 10.00, vertices: 8)
[22:37:00] TERRAIN: Chunk created successfully: (-6.0, 8.0) at world pos (-192.0, 0.0, 256.0) (total chunks: 306)
[22:37:00] TERRAIN: Creating chunk: (-8.0, -6.0) at distance 10.00
[22:37:00] TERRAIN: Chunk (-8.0, -6.0): TRIMESH collision created successfully (distance: 10.00, vertices: 8)
[22:37:00] TERRAIN: Chunk created successfully: (-8.0, -6.0) at world pos (-256.0, 0.0, -192.0) (total chunks: 307)
[22:37:00] TERRAIN: Creating chunk: (6.0, -8.0) at distance 10.00
[22:37:00] TERRAIN: Chunk (6.0, -8.0): TRIMESH collision created successfully (distance: 10.00, vertices: 8)
[22:37:00] TERRAIN: Chunk created successfully: (6.0, -8.0) at world pos (192.0, 0.0, -256.0) (total chunks: 308)
[22:37:00] TERRAIN: Creating chunk: (0.0, -10.0) at distance 10.00
[22:37:00] TERRAIN: Chunk (0.0, -10.0): TRIMESH collision created successfully (distance: 10.00, vertices: 8)
[22:37:00] TERRAIN: Chunk created successfully: (0.0, -10.0) at world pos (0.0, 0.0, -320.0) (total chunks: 309)
[22:37:00] TERRAIN: Creating chunk: (8.0, 6.0) at distance 10.00
[22:37:00] TERRAIN: Chunk (8.0, 6.0): TRIMESH collision created successfully (distance: 10.00, vertices: 8)
[22:37:00] TERRAIN: Chunk created successfully: (8.0, 6.0) at world pos (256.0, 0.0, 192.0) (total chunks: 310)
[22:37:00] TERRAIN: Creating chunk: (-8.0, 6.0) at distance 10.00
[22:37:00] TERRAIN: Chunk (-8.0, 6.0): TRIMESH collision created successfully (distance: 10.00, vertices: 8)
[22:37:00] TERRAIN: Chunk created successfully: (-8.0, 6.0) at world pos (-256.0, 0.0, 192.0) (total chunks: 311)
[22:37:00] TERRAIN: Creating chunk: (6.0, 8.0) at distance 10.00
[22:37:00] TERRAIN: Chunk (6.0, 8.0): TRIMESH collision created successfully (distance: 10.00, vertices: 8)
[22:37:00] TERRAIN: Chunk created successfully: (6.0, 8.0) at world pos (192.0, 0.0, 256.0) (total chunks: 312)
[22:37:00] TERRAIN: Creating chunk: (-10.0, 0.0) at distance 10.00
[22:37:00] TERRAIN: Chunk (-10.0, 0.0): TRIMESH collision created successfully (distance: 10.00, vertices: 8)
[22:37:00] TERRAIN: Chunk created successfully: (-10.0, 0.0) at world pos (-320.0, 0.0, 0.0) (total chunks: 313)
[22:37:00] TERRAIN: Creating chunk: (10.0, 0.0) at distance 10.00
[22:37:00] TERRAIN: Chunk (10.0, 0.0): TRIMESH collision created successfully (distance: 10.00, vertices: 8)
[22:37:00] TERRAIN: Chunk created successfully: (10.0, 0.0) at world pos (320.0, 0.0, 0.0) (total chunks: 314)
[22:37:00] TERRAIN: Creating chunk: (-6.0, -8.0) at distance 10.00
[22:37:00] TERRAIN: Chunk (-6.0, -8.0): TRIMESH collision created successfully (distance: 10.00, vertices: 8)
[22:37:00] TERRAIN: Chunk created successfully: (-6.0, -8.0) at world pos (-192.0, 0.0, -256.0) (total chunks: 315)
[22:37:00] TERRAIN: Creating chunk: (8.0, -6.0) at distance 10.00
[22:37:00] TERRAIN: Chunk (8.0, -6.0): TRIMESH collision created successfully (distance: 10.00, vertices: 8)
[22:37:00] TERRAIN: Chunk created successfully: (8.0, -6.0) at world pos (256.0, 0.0, -192.0) (total chunks: 316)
[22:37:00] TERRAIN: Creating chunk: (0.0, 10.0) at distance 10.00
[22:37:00] TERRAIN: Chunk (0.0, 10.0): TRIMESH collision created successfully (distance: 10.00, vertices: 8)
[22:37:00] TERRAIN: Chunk created successfully: (0.0, 10.0) at world pos (0.0, 0.0, 320.0) (total chunks: 317)
[22:37:00] TERRAIN: Creating chunk: (-10.0, -1.0) at distance 10.05
[22:37:00] TERRAIN: Chunk (-10.0, -1.0): TRIMESH collision created successfully (distance: 10.05, vertices: 8)
[22:37:00] TERRAIN: Chunk created successfully: (-10.0, -1.0) at world pos (-320.0, 0.0, -32.0) (total chunks: 318)
[22:37:00] TERRAIN: Creating chunk: (-1.0, 10.0) at distance 10.05
[22:37:00] TERRAIN: Chunk (-1.0, 10.0): TRIMESH collision created successfully (distance: 10.05, vertices: 8)
[22:37:00] TERRAIN: Chunk created successfully: (-1.0, 10.0) at world pos (-32.0, 0.0, 320.0) (total chunks: 319)
[22:37:00] TERRAIN: Creating chunk: (1.0, 10.0) at distance 10.05
[22:37:00] TERRAIN: Chunk (1.0, 10.0): TRIMESH collision created successfully (distance: 10.05, vertices: 8)
[22:37:00] TERRAIN: Chunk created successfully: (1.0, 10.0) at world pos (32.0, 0.0, 320.0) (total chunks: 320)
[22:37:00] TERRAIN: Creating chunk: (1.0, -10.0) at distance 10.05
[22:37:00] TERRAIN: Chunk (1.0, -10.0): TRIMESH collision created successfully (distance: 10.05, vertices: 8)
[22:37:00] TERRAIN: Chunk created successfully: (1.0, -10.0) at world pos (32.0, 0.0, -320.0) (total chunks: 321)
[22:37:00] TERRAIN: Creating chunk: (-10.0, 1.0) at distance 10.05
[22:37:00] TERRAIN: Chunk (-10.0, 1.0): TRIMESH collision created successfully (distance: 10.05, vertices: 8)
[22:37:00] TERRAIN: Chunk created successfully: (-10.0, 1.0) at world pos (-320.0, 0.0, 32.0) (total chunks: 322)
[22:37:00] TERRAIN: Creating chunk: (-1.0, -10.0) at distance 10.05
[22:37:00] TERRAIN: Chunk (-1.0, -10.0): TRIMESH collision created successfully (distance: 10.05, vertices: 8)
[22:37:00] TERRAIN: Chunk created successfully: (-1.0, -10.0) at world pos (-32.0, 0.0, -320.0) (total chunks: 323)
[22:37:00] TERRAIN: Creating chunk: (10.0, 1.0) at distance 10.05
[22:37:00] TERRAIN: Chunk (10.0, 1.0): TRIMESH collision created successfully (distance: 10.05, vertices: 8)
[22:37:00] TERRAIN: Chunk created successfully: (10.0, 1.0) at world pos (320.0, 0.0, 32.0) (total chunks: 324)
[22:37:00] TERRAIN: Creating chunk: (10.0, -1.0) at distance 10.05
[22:37:00] TERRAIN: Chunk (10.0, -1.0): TRIMESH collision created successfully (distance: 10.05, vertices: 8)
[22:37:00] TERRAIN: Chunk created successfully: (10.0, -1.0) at world pos (320.0, 0.0, -32.0) (total chunks: 325)
[22:37:00] TERRAIN: Creating chunk: (2.0, 10.0) at distance 10.20
[22:37:00] TERRAIN: Chunk (2.0, 10.0): TRIMESH collision created successfully (distance: 10.20, vertices: 8)
[22:37:00] TERRAIN: Chunk created successfully: (2.0, 10.0) at world pos (64.0, 0.0, 320.0) (total chunks: 326)
[22:37:00] TERRAIN: Creating chunk: (-2.0, 10.0) at distance 10.20
[22:37:00] TERRAIN: Chunk (-2.0, 10.0): TRIMESH collision created successfully (distance: 10.20, vertices: 8)
[22:37:00] TERRAIN: Chunk created successfully: (-2.0, 10.0) at world pos (-64.0, 0.0, 320.0) (total chunks: 327)
[22:37:00] TERRAIN: Creating chunk: (-10.0, -2.0) at distance 10.20
[22:37:00] TERRAIN: Chunk (-10.0, -2.0): TRIMESH collision created successfully (distance: 10.20, vertices: 8)
[22:37:00] TERRAIN: Chunk created successfully: (-10.0, -2.0) at world pos (-320.0, 0.0, -64.0) (total chunks: 328)
[22:37:00] TERRAIN: Creating chunk: (10.0, -2.0) at distance 10.20
[22:37:00] TERRAIN: Chunk (10.0, -2.0): TRIMESH collision created successfully (distance: 10.20, vertices: 8)
[22:37:00] TERRAIN: Chunk created successfully: (10.0, -2.0) at world pos (320.0, 0.0, -64.0) (total chunks: 329)
[22:37:00] TERRAIN: Creating chunk: (-2.0, -10.0) at distance 10.20
[22:37:00] TERRAIN: Chunk (-2.0, -10.0): TRIMESH collision created successfully (distance: 10.20, vertices: 8)
[22:37:00] TERRAIN: Chunk created successfully: (-2.0, -10.0) at world pos (-64.0, 0.0, -320.0) (total chunks: 330)
[22:37:00] TERRAIN: Creating chunk: (-10.0, 2.0) at distance 10.20
[22:37:00] TERRAIN: Chunk (-10.0, 2.0): TRIMESH collision created successfully (distance: 10.20, vertices: 8)
[22:37:00] TERRAIN: Chunk created successfully: (-10.0, 2.0) at world pos (-320.0, 0.0, 64.0) (total chunks: 331)
[22:37:00] TERRAIN: Creating chunk: (2.0, -10.0) at distance 10.20
[22:37:00] TERRAIN: Chunk (2.0, -10.0): TRIMESH collision created successfully (distance: 10.20, vertices: 8)
[22:37:00] TERRAIN: Chunk created successfully: (2.0, -10.0) at world pos (64.0, 0.0, -320.0) (total chunks: 332)
[22:37:00] TERRAIN: Creating chunk: (10.0, 2.0) at distance 10.20
[22:37:00] TERRAIN: Chunk (10.0, 2.0): TRIMESH collision created successfully (distance: 10.20, vertices: 8)
[22:37:00] TERRAIN: Chunk created successfully: (10.0, 2.0) at world pos (320.0, 0.0, 64.0) (total chunks: 333)
[22:37:00] TERRAIN: Creating chunk: (9.0, -5.0) at distance 10.30
[22:37:00] TERRAIN: Chunk (9.0, -5.0): TRIMESH collision created successfully (distance: 10.30, vertices: 8)
[22:37:00] TERRAIN: Chunk created successfully: (9.0, -5.0) at world pos (288.0, 0.0, -160.0) (total chunks: 334)
[22:37:00] TERRAIN: Creating chunk: (9.0, 5.0) at distance 10.30
[22:37:00] TERRAIN: Chunk (9.0, 5.0): TRIMESH collision created successfully (distance: 10.30, vertices: 8)
[22:37:00] TERRAIN: Chunk created successfully: (9.0, 5.0) at world pos (288.0, 0.0, 160.0) (total chunks: 335)
[22:37:00] TERRAIN: Creating chunk: (5.0, 9.0) at distance 10.30
[22:37:00] TERRAIN: Chunk (5.0, 9.0): TRIMESH collision created successfully (distance: 10.30, vertices: 8)
[22:37:00] TERRAIN: Chunk created successfully: (5.0, 9.0) at world pos (160.0, 0.0, 288.0) (total chunks: 336)
[22:37:00] TERRAIN: Creating chunk: (-9.0, -5.0) at distance 10.30
[22:37:00] TERRAIN: Chunk (-9.0, -5.0): TRIMESH collision created successfully (distance: 10.30, vertices: 8)
[22:37:00] TERRAIN: Chunk created successfully: (-9.0, -5.0) at world pos (-288.0, 0.0, -160.0) (total chunks: 337)
[22:37:00] TERRAIN: Creating chunk: (5.0, -9.0) at distance 10.30
[22:37:00] TERRAIN: Chunk (5.0, -9.0): TRIMESH collision created successfully (distance: 10.30, vertices: 8)
[22:37:00] TERRAIN: Chunk created successfully: (5.0, -9.0) at world pos (160.0, 0.0, -288.0) (total chunks: 338)
[22:37:00] TERRAIN: Creating chunk: (-5.0, -9.0) at distance 10.30
[22:37:00] TERRAIN: Chunk (-5.0, -9.0): TRIMESH collision created successfully (distance: 10.30, vertices: 8)
[22:37:00] TERRAIN: Chunk created successfully: (-5.0, -9.0) at world pos (-160.0, 0.0, -288.0) (total chunks: 339)
[22:37:00] TERRAIN: Creating chunk: (-9.0, 5.0) at distance 10.30
[22:37:00] TERRAIN: Chunk (-9.0, 5.0): TRIMESH collision created successfully (distance: 10.30, vertices: 8)
[22:37:00] TERRAIN: Chunk created successfully: (-9.0, 5.0) at world pos (-288.0, 0.0, 160.0) (total chunks: 340)
[22:37:00] TERRAIN: Creating chunk: (-5.0, 9.0) at distance 10.30
[22:37:00] TERRAIN: Chunk (-5.0, 9.0): TRIMESH collision created successfully (distance: 10.30, vertices: 8)
[22:37:00] TERRAIN: Chunk created successfully: (-5.0, 9.0) at world pos (-160.0, 0.0, 288.0) (total chunks: 341)
[22:37:00] TERRAIN: Creating chunk: (10.0, -3.0) at distance 10.44
[22:37:00] TERRAIN: Chunk (10.0, -3.0): TRIMESH collision created successfully (distance: 10.44, vertices: 8)
[22:37:00] TERRAIN: Chunk created successfully: (10.0, -3.0) at world pos (320.0, 0.0, -96.0) (total chunks: 342)
[22:37:00] TERRAIN: Creating chunk: (-3.0, -10.0) at distance 10.44
[22:37:00] TERRAIN: Chunk (-3.0, -10.0): TRIMESH collision created successfully (distance: 10.44, vertices: 8)
[22:37:00] TERRAIN: Chunk created successfully: (-3.0, -10.0) at world pos (-96.0, 0.0, -320.0) (total chunks: 343)
[22:37:00] TERRAIN: Creating chunk: (-10.0, -3.0) at distance 10.44
[22:37:00] TERRAIN: Chunk (-10.0, -3.0): TRIMESH collision created successfully (distance: 10.44, vertices: 8)
[22:37:00] TERRAIN: Chunk created successfully: (-10.0, -3.0) at world pos (-320.0, 0.0, -96.0) (total chunks: 344)
[22:37:00] TERRAIN: Creating chunk: (3.0, 10.0) at distance 10.44
[22:37:00] TERRAIN: Chunk (3.0, 10.0): TRIMESH collision created successfully (distance: 10.44, vertices: 8)
[22:37:00] TERRAIN: Chunk created successfully: (3.0, 10.0) at world pos (96.0, 0.0, 320.0) (total chunks: 345)
[22:37:00] TERRAIN: Creating chunk: (-10.0, 3.0) at distance 10.44
[22:37:00] TERRAIN: Chunk (-10.0, 3.0): TRIMESH collision created successfully (distance: 10.44, vertices: 8)
[22:37:00] TERRAIN: Chunk created successfully: (-10.0, 3.0) at world pos (-320.0, 0.0, 96.0) (total chunks: 346)
[22:37:00] TERRAIN: Creating chunk: (10.0, 3.0) at distance 10.44
[22:37:00] TERRAIN: Chunk (10.0, 3.0): TRIMESH collision created successfully (distance: 10.44, vertices: 8)
[22:37:00] TERRAIN: Chunk created successfully: (10.0, 3.0) at world pos (320.0, 0.0, 96.0) (total chunks: 347)
[22:37:00] TERRAIN: Creating chunk: (3.0, -10.0) at distance 10.44
[22:37:00] TERRAIN: Chunk (3.0, -10.0): TRIMESH collision created successfully (distance: 10.44, vertices: 8)
[22:37:00] TERRAIN: Chunk created successfully: (3.0, -10.0) at world pos (96.0, 0.0, -320.0) (total chunks: 348)
[22:37:00] TERRAIN: Creating chunk: (-3.0, 10.0) at distance 10.44
[22:37:00] TERRAIN: Chunk (-3.0, 10.0): TRIMESH collision created successfully (distance: 10.44, vertices: 8)
[22:37:00] TERRAIN: Chunk created successfully: (-3.0, 10.0) at world pos (-96.0, 0.0, 320.0) (total chunks: 349)
[22:37:00] TERRAIN: Creating chunk: (8.0, -7.0) at distance 10.63
[22:37:00] TERRAIN: Chunk (8.0, -7.0): TRIMESH collision created successfully (distance: 10.63, vertices: 8)
[22:37:00] TERRAIN: Chunk created successfully: (8.0, -7.0) at world pos (256.0, 0.0, -224.0) (total chunks: 350)
[22:37:00] TERRAIN: Creating chunk: (7.0, 8.0) at distance 10.63
[22:37:00] TERRAIN: Chunk (7.0, 8.0): TRIMESH collision created successfully (distance: 10.63, vertices: 8)
[22:37:00] TERRAIN: Chunk created successfully: (7.0, 8.0) at world pos (224.0, 0.0, 256.0) (total chunks: 351)
[22:37:00] TERRAIN: Creating chunk: (-8.0, 7.0) at distance 10.63
[22:37:00] TERRAIN: Chunk (-8.0, 7.0): TRIMESH collision created successfully (distance: 10.63, vertices: 8)
[22:37:00] TERRAIN: Chunk created successfully: (-8.0, 7.0) at world pos (-256.0, 0.0, 224.0) (total chunks: 352)
[22:37:00] TERRAIN: Creating chunk: (-8.0, -7.0) at distance 10.63
[22:37:00] TERRAIN: Chunk (-8.0, -7.0): TRIMESH collision created successfully (distance: 10.63, vertices: 8)
[22:37:00] TERRAIN: Chunk created successfully: (-8.0, -7.0) at world pos (-256.0, 0.0, -224.0) (total chunks: 353)
[22:37:00] TERRAIN: Creating chunk: (-7.0, 8.0) at distance 10.63
[22:37:00] TERRAIN: Chunk (-7.0, 8.0): TRIMESH collision created successfully (distance: 10.63, vertices: 8)
[22:37:00] TERRAIN: Chunk created successfully: (-7.0, 8.0) at world pos (-224.0, 0.0, 256.0) (total chunks: 354)
[22:37:00] TERRAIN: Creating chunk: (-7.0, -8.0) at distance 10.63
[22:37:00] TERRAIN: Chunk (-7.0, -8.0): TRIMESH collision created successfully (distance: 10.63, vertices: 8)
[22:37:00] TERRAIN: Chunk created successfully: (-7.0, -8.0) at world pos (-224.0, 0.0, -256.0) (total chunks: 355)
[22:37:00] TERRAIN: Creating chunk: (7.0, -8.0) at distance 10.63
[22:37:00] TERRAIN: Chunk (7.0, -8.0): TRIMESH collision created successfully (distance: 10.63, vertices: 8)
[22:37:00] TERRAIN: Chunk created successfully: (7.0, -8.0) at world pos (224.0, 0.0, -256.0) (total chunks: 356)
[22:37:00] TERRAIN: Creating chunk: (8.0, 7.0) at distance 10.63
[22:37:00] TERRAIN: Chunk (8.0, 7.0): TRIMESH collision created successfully (distance: 10.63, vertices: 8)
[22:37:00] TERRAIN: Chunk created successfully: (8.0, 7.0) at world pos (256.0, 0.0, 224.0) (total chunks: 357)
[22:37:00] TERRAIN: Creating chunk: (10.0, -4.0) at distance 10.77
[22:37:00] TERRAIN: Chunk (10.0, -4.0): TRIMESH collision created successfully (distance: 10.77, vertices: 8)
[22:37:00] TERRAIN: Chunk created successfully: (10.0, -4.0) at world pos (320.0, 0.0, -128.0) (total chunks: 358)
[22:37:00] TERRAIN: Creating chunk: (-10.0, 4.0) at distance 10.77
[22:37:00] TERRAIN: Chunk (-10.0, 4.0): TRIMESH collision created successfully (distance: 10.77, vertices: 8)
[22:37:00] TERRAIN: Chunk created successfully: (-10.0, 4.0) at world pos (-320.0, 0.0, 128.0) (total chunks: 359)
[22:37:00] TERRAIN: Creating chunk: (10.0, 4.0) at distance 10.77
[22:37:00] TERRAIN: Chunk (10.0, 4.0): TRIMESH collision created successfully (distance: 10.77, vertices: 8)
[22:37:00] TERRAIN: Chunk created successfully: (10.0, 4.0) at world pos (320.0, 0.0, 128.0) (total chunks: 360)
[22:37:00] TERRAIN: Creating chunk: (4.0, 10.0) at distance 10.77
[22:37:00] TERRAIN: Chunk (4.0, 10.0): TRIMESH collision created successfully (distance: 10.77, vertices: 8)
[22:37:00] TERRAIN: Chunk created successfully: (4.0, 10.0) at world pos (128.0, 0.0, 320.0) (total chunks: 361)
[22:37:00] TERRAIN: Creating chunk: (-4.0, -10.0) at distance 10.77
[22:37:00] TERRAIN: Chunk (-4.0, -10.0): TRIMESH collision created successfully (distance: 10.77, vertices: 8)
[22:37:00] TERRAIN: Chunk created successfully: (-4.0, -10.0) at world pos (-128.0, 0.0, -320.0) (total chunks: 362)
[22:37:00] TERRAIN: Creating chunk: (-4.0, 10.0) at distance 10.77
[22:37:00] TERRAIN: Chunk (-4.0, 10.0): TRIMESH collision created successfully (distance: 10.77, vertices: 8)
[22:37:00] TERRAIN: Chunk created successfully: (-4.0, 10.0) at world pos (-128.0, 0.0, 320.0) (total chunks: 363)
[22:37:00] TERRAIN: Creating chunk: (-10.0, -4.0) at distance 10.77
[22:37:00] TERRAIN: Chunk (-10.0, -4.0): TRIMESH collision created successfully (distance: 10.77, vertices: 8)
[22:37:00] TERRAIN: Chunk created successfully: (-10.0, -4.0) at world pos (-320.0, 0.0, -128.0) (total chunks: 364)
[22:37:00] TERRAIN: Creating chunk: (4.0, -10.0) at distance 10.77
[22:37:00] TERRAIN: Chunk (4.0, -10.0): TRIMESH collision created successfully (distance: 10.77, vertices: 8)
[22:37:00] TERRAIN: Chunk created successfully: (4.0, -10.0) at world pos (128.0, 0.0, -320.0) (total chunks: 365)
[22:37:00] TERRAIN: Creating chunk: (-9.0, 6.0) at distance 10.82
[22:37:00] TERRAIN: Chunk (-9.0, 6.0): TRIMESH collision created successfully (distance: 10.82, vertices: 8)
[22:37:00] TERRAIN: Chunk created successfully: (-9.0, 6.0) at world pos (-288.0, 0.0, 192.0) (total chunks: 366)
[22:37:00] TERRAIN: Creating chunk: (-9.0, -6.0) at distance 10.82
[22:37:00] TERRAIN: Chunk (-9.0, -6.0): TRIMESH collision created successfully (distance: 10.82, vertices: 8)
[22:37:00] TERRAIN: Chunk created successfully: (-9.0, -6.0) at world pos (-288.0, 0.0, -192.0) (total chunks: 367)
[22:37:00] TERRAIN: Creating chunk: (-6.0, 9.0) at distance 10.82
[22:37:00] TERRAIN: Chunk (-6.0, 9.0): TRIMESH collision created successfully (distance: 10.82, vertices: 8)
[22:37:00] TERRAIN: Chunk created successfully: (-6.0, 9.0) at world pos (-192.0, 0.0, 288.0) (total chunks: 368)
[22:37:00] TERRAIN: Creating chunk: (9.0, -6.0) at distance 10.82
[22:37:00] TERRAIN: Chunk (9.0, -6.0): TRIMESH collision created successfully (distance: 10.82, vertices: 8)
[22:37:00] TERRAIN: Chunk created successfully: (9.0, -6.0) at world pos (288.0, 0.0, -192.0) (total chunks: 369)
[22:37:00] TERRAIN: Creating chunk: (9.0, 6.0) at distance 10.82
[22:37:00] TERRAIN: Chunk (9.0, 6.0): TRIMESH collision created successfully (distance: 10.82, vertices: 8)
[22:37:00] TERRAIN: Chunk created successfully: (9.0, 6.0) at world pos (288.0, 0.0, 192.0) (total chunks: 370)
[22:37:00] TERRAIN: Creating chunk: (6.0, 9.0) at distance 10.82
[22:37:00] TERRAIN: Chunk (6.0, 9.0): TRIMESH collision created successfully (distance: 10.82, vertices: 8)
[22:37:00] TERRAIN: Chunk created successfully: (6.0, 9.0) at world pos (192.0, 0.0, 288.0) (total chunks: 371)
[22:37:00] TERRAIN: Creating chunk: (6.0, -9.0) at distance 10.82
[22:37:00] TERRAIN: Chunk (6.0, -9.0): TRIMESH collision created successfully (distance: 10.82, vertices: 8)
[22:37:00] TERRAIN: Chunk created successfully: (6.0, -9.0) at world pos (192.0, 0.0, -288.0) (total chunks: 372)
[22:37:00] PLAYER: Pos: (0.0, 0.000187, 0.0) | Chunk: (0.0, 0.0) | TerrainHeight: 0.00 | HeightDiff: 0.00 | OnFloor: true
[22:37:00] TERRAIN: Creating chunk: (-6.0, -9.0) at distance 10.82
[22:37:00] TERRAIN: Chunk (-6.0, -9.0): TRIMESH collision created successfully (distance: 10.82, vertices: 8)
[22:37:00] TERRAIN: Chunk created successfully: (-6.0, -9.0) at world pos (-192.0, 0.0, -288.0) (total chunks: 373)
[22:37:00] TERRAIN: Creating chunk: (11.0, 0.0) at distance 11.00
[22:37:00] TERRAIN: Chunk (11.0, 0.0): TRIMESH collision created successfully (distance: 11.00, vertices: 8)
[22:37:00] TERRAIN: Chunk created successfully: (11.0, 0.0) at world pos (352.0, 0.0, 0.0) (total chunks: 374)
[22:37:00] TERRAIN: Creating chunk: (-11.0, 0.0) at distance 11.00
[22:37:00] TERRAIN: Chunk (-11.0, 0.0): TRIMESH collision created successfully (distance: 11.00, vertices: 8)
[22:37:00] TERRAIN: Chunk created successfully: (-11.0, 0.0) at world pos (-352.0, 0.0, 0.0) (total chunks: 375)
[22:37:00] TERRAIN: Creating chunk: (0.0, 11.0) at distance 11.00
[22:37:00] TERRAIN: Chunk (0.0, 11.0): TRIMESH collision created successfully (distance: 11.00, vertices: 8)
[22:37:00] TERRAIN: Chunk created successfully: (0.0, 11.0) at world pos (0.0, 0.0, 352.0) (total chunks: 376)
[22:37:00] TERRAIN: Creating chunk: (0.0, -11.0) at distance 11.00
[22:37:00] TERRAIN: Chunk (0.0, -11.0): TRIMESH collision created successfully (distance: 11.00, vertices: 8)
[22:37:00] TERRAIN: Chunk created successfully: (0.0, -11.0) at world pos (0.0, 0.0, -352.0) (total chunks: 377)
[22:37:00] TERRAIN: Creating chunk: (1.0, -11.0) at distance 11.05
[22:37:00] TERRAIN: Chunk (1.0, -11.0): TRIMESH collision created successfully (distance: 11.05, vertices: 8)
[22:37:00] TERRAIN: Chunk created successfully: (1.0, -11.0) at world pos (32.0, 0.0, -352.0) (total chunks: 378)
[22:37:00] TERRAIN: Creating chunk: (-1.0, 11.0) at distance 11.05
[22:37:00] TERRAIN: Chunk (-1.0, 11.0): TRIMESH collision created successfully (distance: 11.05, vertices: 8)
[22:37:00] TERRAIN: Chunk created successfully: (-1.0, 11.0) at world pos (-32.0, 0.0, 352.0) (total chunks: 379)
[22:37:00] TERRAIN: Creating chunk: (1.0, 11.0) at distance 11.05
[22:37:00] TERRAIN: Chunk (1.0, 11.0): TRIMESH collision created successfully (distance: 11.05, vertices: 8)
[22:37:00] TERRAIN: Chunk created successfully: (1.0, 11.0) at world pos (32.0, 0.0, 352.0) (total chunks: 380)
[22:37:00] TERRAIN: Creating chunk: (-11.0, -1.0) at distance 11.05
[22:37:00] TERRAIN: Chunk (-11.0, -1.0): TRIMESH collision created successfully (distance: 11.05, vertices: 8)
[22:37:00] TERRAIN: Chunk created successfully: (-11.0, -1.0) at world pos (-352.0, 0.0, -32.0) (total chunks: 381)
[22:37:00] TERRAIN: Creating chunk: (11.0, -1.0) at distance 11.05
[22:37:00] TERRAIN: Chunk (11.0, -1.0): TRIMESH collision created successfully (distance: 11.05, vertices: 8)
[22:37:00] TERRAIN: Chunk created successfully: (11.0, -1.0) at world pos (352.0, 0.0, -32.0) (total chunks: 382)
[22:37:00] TERRAIN: Creating chunk: (-1.0, -11.0) at distance 11.05
[22:37:00] TERRAIN: Chunk (-1.0, -11.0): TRIMESH collision created successfully (distance: 11.05, vertices: 8)
[22:37:00] TERRAIN: Chunk created successfully: (-1.0, -11.0) at world pos (-32.0, 0.0, -352.0) (total chunks: 383)
[22:37:00] TERRAIN: Creating chunk: (-11.0, 1.0) at distance 11.05
[22:37:00] TERRAIN: Chunk (-11.0, 1.0): TRIMESH collision created successfully (distance: 11.05, vertices: 8)
[22:37:00] TERRAIN: Chunk created successfully: (-11.0, 1.0) at world pos (-352.0, 0.0, 32.0) (total chunks: 384)
[22:37:00] TERRAIN: Creating chunk: (11.0, 1.0) at distance 11.05
[22:37:00] TERRAIN: Chunk (11.0, 1.0): TRIMESH collision created successfully (distance: 11.05, vertices: 8)
[22:37:00] TERRAIN: Chunk created successfully: (11.0, 1.0) at world pos (352.0, 0.0, 32.0) (total chunks: 385)
[22:37:00] TERRAIN: Creating chunk: (2.0, -11.0) at distance 11.18
[22:37:00] TERRAIN: Chunk (2.0, -11.0): TRIMESH collision created successfully (distance: 11.18, vertices: 8)
[22:37:00] TERRAIN: Chunk created successfully: (2.0, -11.0) at world pos (64.0, 0.0, -352.0) (total chunks: 386)
[22:37:00] TERRAIN: Creating chunk: (11.0, -2.0) at distance 11.18
[22:37:00] TERRAIN: Chunk (11.0, -2.0): TRIMESH collision created successfully (distance: 11.18, vertices: 8)
[22:37:00] TERRAIN: Chunk created successfully: (11.0, -2.0) at world pos (352.0, 0.0, -64.0) (total chunks: 387)
[22:37:00] TERRAIN: Creating chunk: (10.0, -5.0) at distance 11.18
[22:37:00] TERRAIN: Chunk (10.0, -5.0): TRIMESH collision created successfully (distance: 11.18, vertices: 8)
[22:37:00] TERRAIN: Chunk created successfully: (10.0, -5.0) at world pos (320.0, 0.0, -160.0) (total chunks: 388)
[22:37:00] TERRAIN: Creating chunk: (-5.0, -10.0) at distance 11.18
[22:37:00] TERRAIN: Chunk (-5.0, -10.0): TRIMESH collision created successfully (distance: 11.18, vertices: 8)
[22:37:00] TERRAIN: Chunk created successfully: (-5.0, -10.0) at world pos (-160.0, 0.0, -320.0) (total chunks: 389)
[22:37:00] TERRAIN: Creating chunk: (2.0, 11.0) at distance 11.18
[22:37:00] TERRAIN: Chunk (2.0, 11.0): TRIMESH collision created successfully (distance: 11.18, vertices: 8)
[22:37:00] TERRAIN: Chunk created successfully: (2.0, 11.0) at world pos (64.0, 0.0, 352.0) (total chunks: 390)
[22:37:00] TERRAIN: Creating chunk: (5.0, 10.0) at distance 11.18
[22:37:00] TERRAIN: Chunk (5.0, 10.0): TRIMESH collision created successfully (distance: 11.18, vertices: 8)
[22:37:00] TERRAIN: Chunk created successfully: (5.0, 10.0) at world pos (160.0, 0.0, 320.0) (total chunks: 391)
[22:37:00] TERRAIN: Creating chunk: (-5.0, 10.0) at distance 11.18
[22:37:00] TERRAIN: Chunk (-5.0, 10.0): TRIMESH collision created successfully (distance: 11.18, vertices: 8)
[22:37:00] TERRAIN: Chunk created successfully: (-5.0, 10.0) at world pos (-160.0, 0.0, 320.0) (total chunks: 392)
[22:37:00] TERRAIN: Creating chunk: (5.0, -10.0) at distance 11.18
[22:37:00] TERRAIN: Chunk (5.0, -10.0): TRIMESH collision created successfully (distance: 11.18, vertices: 8)
[22:37:00] TERRAIN: Chunk created successfully: (5.0, -10.0) at world pos (160.0, 0.0, -320.0) (total chunks: 393)
[22:37:00] TERRAIN: Creating chunk: (11.0, 2.0) at distance 11.18
[22:37:00] TERRAIN: Chunk (11.0, 2.0): TRIMESH collision created successfully (distance: 11.18, vertices: 8)
[22:37:00] TERRAIN: Chunk created successfully: (11.0, 2.0) at world pos (352.0, 0.0, 64.0) (total chunks: 394)
[22:37:00] TERRAIN: Creating chunk: (-10.0, 5.0) at distance 11.18
[22:37:00] TERRAIN: Chunk (-10.0, 5.0): TRIMESH collision created successfully (distance: 11.18, vertices: 8)
[22:37:00] TERRAIN: Chunk created successfully: (-10.0, 5.0) at world pos (-320.0, 0.0, 160.0) (total chunks: 395)
[22:37:00] TERRAIN: Creating chunk: (-11.0, -2.0) at distance 11.18
[22:37:00] TERRAIN: Chunk (-11.0, -2.0): TRIMESH collision created successfully (distance: 11.18, vertices: 8)
[22:37:00] TERRAIN: Chunk created successfully: (-11.0, -2.0) at world pos (-352.0, 0.0, -64.0) (total chunks: 396)
[22:37:00] TERRAIN: Creating chunk: (-11.0, 2.0) at distance 11.18
[22:37:00] TERRAIN: Chunk (-11.0, 2.0): TRIMESH collision created successfully (distance: 11.18, vertices: 8)
[22:37:00] TERRAIN: Chunk created successfully: (-11.0, 2.0) at world pos (-352.0, 0.0, 64.0) (total chunks: 397)
[22:37:00] TERRAIN: Creating chunk: (-2.0, 11.0) at distance 11.18
[22:37:00] TERRAIN: Chunk (-2.0, 11.0): TRIMESH collision created successfully (distance: 11.18, vertices: 8)
[22:37:00] TERRAIN: Chunk created successfully: (-2.0, 11.0) at world pos (-64.0, 0.0, 352.0) (total chunks: 398)
[22:37:00] TERRAIN: Creating chunk: (-10.0, -5.0) at distance 11.18
[22:37:00] TERRAIN: Chunk (-10.0, -5.0): TRIMESH collision created successfully (distance: 11.18, vertices: 8)
[22:37:00] TERRAIN: Chunk created successfully: (-10.0, -5.0) at world pos (-320.0, 0.0, -160.0) (total chunks: 399)
[22:37:00] TERRAIN: Creating chunk: (10.0, 5.0) at distance 11.18
[22:37:00] TERRAIN: Chunk (10.0, 5.0): TRIMESH collision created successfully (distance: 11.18, vertices: 8)
[22:37:00] TERRAIN: Chunk created successfully: (10.0, 5.0) at world pos (320.0, 0.0, 160.0) (total chunks: 400)
[22:37:00] TERRAIN: Creating chunk: (-2.0, -11.0) at distance 11.18
[22:37:00] TERRAIN: Chunk (-2.0, -11.0): TRIMESH collision created successfully (distance: 11.18, vertices: 8)
[22:37:00] TERRAIN: Chunk created successfully: (-2.0, -11.0) at world pos (-64.0, 0.0, -352.0) (total chunks: 401)
[22:37:00] TERRAIN: Creating chunk: (8.0, -8.0) at distance 11.31
[22:37:00] TERRAIN: Chunk (8.0, -8.0): TRIMESH collision created successfully (distance: 11.31, vertices: 8)
[22:37:00] TERRAIN: Chunk created successfully: (8.0, -8.0) at world pos (256.0, 0.0, -256.0) (total chunks: 402)
[22:37:00] TERRAIN: Creating chunk: (8.0, 8.0) at distance 11.31
[22:37:00] TERRAIN: Chunk (8.0, 8.0): TRIMESH collision created successfully (distance: 11.31, vertices: 8)
[22:37:00] TERRAIN: Chunk created successfully: (8.0, 8.0) at world pos (256.0, 0.0, 256.0) (total chunks: 403)
[22:37:00] TERRAIN: Creating chunk: (-8.0, 8.0) at distance 11.31
[22:37:00] TERRAIN: Chunk (-8.0, 8.0): TRIMESH collision created successfully (distance: 11.31, vertices: 8)
[22:37:00] TERRAIN: Chunk created successfully: (-8.0, 8.0) at world pos (-256.0, 0.0, 256.0) (total chunks: 404)
[22:37:00] TERRAIN: Creating chunk: (-8.0, -8.0) at distance 11.31
[22:37:00] TERRAIN: Chunk (-8.0, -8.0): TRIMESH collision created successfully (distance: 11.31, vertices: 8)
[22:37:00] TERRAIN: Chunk created successfully: (-8.0, -8.0) at world pos (-256.0, 0.0, -256.0) (total chunks: 405)
[22:37:00] TERRAIN: Creating chunk: (7.0, -9.0) at distance 11.40
[22:37:00] TERRAIN: Chunk (7.0, -9.0): TRIMESH collision created successfully (distance: 11.40, vertices: 8)
[22:37:00] TERRAIN: Chunk created successfully: (7.0, -9.0) at world pos (224.0, 0.0, -288.0) (total chunks: 406)
[22:37:00] TERRAIN: Creating chunk: (-7.0, 9.0) at distance 11.40
[22:37:00] TERRAIN: Chunk (-7.0, 9.0): TRIMESH collision created successfully (distance: 11.40, vertices: 8)
[22:37:00] TERRAIN: Chunk created successfully: (-7.0, 9.0) at world pos (-224.0, 0.0, 288.0) (total chunks: 407)
[22:37:00] TERRAIN: Creating chunk: (9.0, -7.0) at distance 11.40
[22:37:00] TERRAIN: Chunk (9.0, -7.0): TRIMESH collision created successfully (distance: 11.40, vertices: 8)
[22:37:00] TERRAIN: Chunk created successfully: (9.0, -7.0) at world pos (288.0, 0.0, -224.0) (total chunks: 408)
[22:37:00] TERRAIN: Creating chunk: (-7.0, -9.0) at distance 11.40
[22:37:00] TERRAIN: Chunk (-7.0, -9.0): TRIMESH collision created successfully (distance: 11.40, vertices: 8)
[22:37:00] TERRAIN: Chunk created successfully: (-7.0, -9.0) at world pos (-224.0, 0.0, -288.0) (total chunks: 409)
[22:37:00] TERRAIN: Creating chunk: (3.0, 11.0) at distance 11.40
[22:37:00] TERRAIN: Chunk (3.0, 11.0): TRIMESH collision created successfully (distance: 11.40, vertices: 8)
[22:37:00] TERRAIN: Chunk created successfully: (3.0, 11.0) at world pos (96.0, 0.0, 352.0) (total chunks: 410)
[22:37:00] TERRAIN: Creating chunk: (9.0, 7.0) at distance 11.40
[22:37:00] TERRAIN: Chunk (9.0, 7.0): TRIMESH collision created successfully (distance: 11.40, vertices: 8)
[22:37:00] TERRAIN: Chunk created successfully: (9.0, 7.0) at world pos (288.0, 0.0, 224.0) (total chunks: 411)
[22:37:00] TERRAIN: Creating chunk: (11.0, 3.0) at distance 11.40
[22:37:00] TERRAIN: Chunk (11.0, 3.0): TRIMESH collision created successfully (distance: 11.40, vertices: 8)
[22:37:00] TERRAIN: Chunk created successfully: (11.0, 3.0) at world pos (352.0, 0.0, 96.0) (total chunks: 412)
[22:37:00] TERRAIN: Creating chunk: (3.0, -11.0) at distance 11.40
[22:37:00] TERRAIN: Chunk (3.0, -11.0): TRIMESH collision created successfully (distance: 11.40, vertices: 8)
[22:37:00] TERRAIN: Chunk created successfully: (3.0, -11.0) at world pos (96.0, 0.0, -352.0) (total chunks: 413)
[22:37:00] TERRAIN: Creating chunk: (-3.0, 11.0) at distance 11.40
[22:37:00] TERRAIN: Chunk (-3.0, 11.0): TRIMESH collision created successfully (distance: 11.40, vertices: 8)
[22:37:00] TERRAIN: Chunk created successfully: (-3.0, 11.0) at world pos (-96.0, 0.0, 352.0) (total chunks: 414)
[22:37:00] TERRAIN: Creating chunk: (-9.0, 7.0) at distance 11.40
[22:37:00] TERRAIN: Chunk (-9.0, 7.0): TRIMESH collision created successfully (distance: 11.40, vertices: 8)
[22:37:00] TERRAIN: Chunk created successfully: (-9.0, 7.0) at world pos (-288.0, 0.0, 224.0) (total chunks: 415)
[22:37:00] TERRAIN: Creating chunk: (-11.0, -3.0) at distance 11.40
[22:37:00] TERRAIN: Chunk (-11.0, -3.0): TRIMESH collision created successfully (distance: 11.40, vertices: 8)
[22:37:00] TERRAIN: Chunk created successfully: (-11.0, -3.0) at world pos (-352.0, 0.0, -96.0) (total chunks: 416)
[22:37:00] TERRAIN: Creating chunk: (-11.0, 3.0) at distance 11.40
[22:37:00] TERRAIN: Chunk (-11.0, 3.0): TRIMESH collision created successfully (distance: 11.40, vertices: 8)
[22:37:00] TERRAIN: Chunk created successfully: (-11.0, 3.0) at world pos (-352.0, 0.0, 96.0) (total chunks: 417)
[22:37:00] TERRAIN: Creating chunk: (11.0, -3.0) at distance 11.40
[22:37:00] TERRAIN: Chunk (11.0, -3.0): TRIMESH collision created successfully (distance: 11.40, vertices: 8)
[22:37:00] TERRAIN: Chunk created successfully: (11.0, -3.0) at world pos (352.0, 0.0, -96.0) (total chunks: 418)
[22:37:00] TERRAIN: Creating chunk: (-9.0, -7.0) at distance 11.40
[22:37:00] TERRAIN: Chunk (-9.0, -7.0): TRIMESH collision created successfully (distance: 11.40, vertices: 8)
[22:37:00] TERRAIN: Chunk created successfully: (-9.0, -7.0) at world pos (-288.0, 0.0, -224.0) (total chunks: 419)
[22:37:00] TERRAIN: Creating chunk: (7.0, 9.0) at distance 11.40
[22:37:00] TERRAIN: Chunk (7.0, 9.0): TRIMESH collision created successfully (distance: 11.40, vertices: 8)
[22:37:00] TERRAIN: Chunk created successfully: (7.0, 9.0) at world pos (224.0, 0.0, 288.0) (total chunks: 420)
[22:37:00] TERRAIN: Creating chunk: (-3.0, -11.0) at distance 11.40
[22:37:00] TERRAIN: Chunk (-3.0, -11.0): TRIMESH collision created successfully (distance: 11.40, vertices: 8)
[22:37:00] TERRAIN: Chunk created successfully: (-3.0, -11.0) at world pos (-96.0, 0.0, -352.0) (total chunks: 421)
[22:37:00] TERRAIN: Creating chunk: (6.0, -10.0) at distance 11.66
[22:37:00] TERRAIN: Chunk (6.0, -10.0): TRIMESH collision created successfully (distance: 11.66, vertices: 8)
[22:37:00] TERRAIN: Chunk created successfully: (6.0, -10.0) at world pos (192.0, 0.0, -320.0) (total chunks: 422)
[22:37:00] TERRAIN: Creating chunk: (-6.0, -10.0) at distance 11.66
[22:37:00] TERRAIN: Chunk (-6.0, -10.0): TRIMESH collision created successfully (distance: 11.66, vertices: 8)
[22:37:00] TERRAIN: Chunk created successfully: (-6.0, -10.0) at world pos (-192.0, 0.0, -320.0) (total chunks: 423)
[22:37:00] TERRAIN: Creating chunk: (-10.0, -6.0) at distance 11.66
[22:37:00] TERRAIN: Chunk (-10.0, -6.0): TRIMESH collision created successfully (distance: 11.66, vertices: 8)
[22:37:00] TERRAIN: Chunk created successfully: (-10.0, -6.0) at world pos (-320.0, 0.0, -192.0) (total chunks: 424)
[22:37:00] TERRAIN: Creating chunk: (-10.0, 6.0) at distance 11.66
[22:37:00] TERRAIN: Chunk (-10.0, 6.0): TRIMESH collision created successfully (distance: 11.66, vertices: 8)
[22:37:00] TERRAIN: Chunk created successfully: (-10.0, 6.0) at world pos (-320.0, 0.0, 192.0) (total chunks: 425)
[22:37:00] TERRAIN: Creating chunk: (6.0, 10.0) at distance 11.66
[22:37:00] TERRAIN: Chunk (6.0, 10.0): TRIMESH collision created successfully (distance: 11.66, vertices: 8)
[22:37:00] TERRAIN: Chunk created successfully: (6.0, 10.0) at world pos (192.0, 0.0, 320.0) (total chunks: 426)
[22:37:00] TERRAIN: Creating chunk: (-6.0, 10.0) at distance 11.66
[22:37:00] TERRAIN: Chunk (-6.0, 10.0): TRIMESH collision created successfully (distance: 11.66, vertices: 8)
[22:37:00] TERRAIN: Chunk created successfully: (-6.0, 10.0) at world pos (-192.0, 0.0, 320.0) (total chunks: 427)
[22:37:00] TERRAIN: Creating chunk: (10.0, 6.0) at distance 11.66
[22:37:00] TERRAIN: Chunk (10.0, 6.0): TRIMESH collision created successfully (distance: 11.66, vertices: 8)
[22:37:00] TERRAIN: Chunk created successfully: (10.0, 6.0) at world pos (320.0, 0.0, 192.0) (total chunks: 428)
[22:37:00] TERRAIN: Creating chunk: (10.0, -6.0) at distance 11.66
[22:37:00] TERRAIN: Chunk (10.0, -6.0): TRIMESH collision created successfully (distance: 11.66, vertices: 8)
[22:37:00] TERRAIN: Chunk created successfully: (10.0, -6.0) at world pos (320.0, 0.0, -192.0) (total chunks: 429)
[22:37:00] TERRAIN: Creating chunk: (11.0, 4.0) at distance 11.70
[22:37:00] TERRAIN: Chunk (11.0, 4.0): TRIMESH collision created successfully (distance: 11.70, vertices: 8)
[22:37:00] TERRAIN: Chunk created successfully: (11.0, 4.0) at world pos (352.0, 0.0, 128.0) (total chunks: 430)
[22:37:00] TERRAIN: Creating chunk: (11.0, -4.0) at distance 11.70
[22:37:00] TERRAIN: Chunk (11.0, -4.0): TRIMESH collision created successfully (distance: 11.70, vertices: 8)
[22:37:00] TERRAIN: Chunk created successfully: (11.0, -4.0) at world pos (352.0, 0.0, -128.0) (total chunks: 431)
[22:37:00] TERRAIN: Creating chunk: (-4.0, -11.0) at distance 11.70
[22:37:00] TERRAIN: Chunk (-4.0, -11.0): TRIMESH collision created successfully (distance: 11.70, vertices: 8)
[22:37:00] TERRAIN: Chunk created successfully: (-4.0, -11.0) at world pos (-128.0, 0.0, -352.0) (total chunks: 432)
[22:37:00] TERRAIN: Creating chunk: (4.0, -11.0) at distance 11.70
[22:37:00] TERRAIN: Chunk (4.0, -11.0): TRIMESH collision created successfully (distance: 11.70, vertices: 8)
[22:37:00] TERRAIN: Chunk created successfully: (4.0, -11.0) at world pos (128.0, 0.0, -352.0) (total chunks: 433)
[22:37:00] TERRAIN: Creating chunk: (-4.0, 11.0) at distance 11.70
[22:37:00] TERRAIN: Chunk (-4.0, 11.0): TRIMESH collision created successfully (distance: 11.70, vertices: 8)
[22:37:00] TERRAIN: Chunk created successfully: (-4.0, 11.0) at world pos (-128.0, 0.0, 352.0) (total chunks: 434)
[22:37:00] TERRAIN: Creating chunk: (4.0, 11.0) at distance 11.70
[22:37:00] TERRAIN: Chunk (4.0, 11.0): TRIMESH collision created successfully (distance: 11.70, vertices: 8)
[22:37:00] TERRAIN: Chunk created successfully: (4.0, 11.0) at world pos (128.0, 0.0, 352.0) (total chunks: 435)
[22:37:00] TERRAIN: Creating chunk: (-11.0, 4.0) at distance 11.70
[22:37:00] TERRAIN: Chunk (-11.0, 4.0): TRIMESH collision created successfully (distance: 11.70, vertices: 8)
[22:37:00] TERRAIN: Chunk created successfully: (-11.0, 4.0) at world pos (-352.0, 0.0, 128.0) (total chunks: 436)
[22:37:00] TERRAIN: Creating chunk: (-11.0, -4.0) at distance 11.70
[22:37:00] TERRAIN: Chunk (-11.0, -4.0): TRIMESH collision created successfully (distance: 11.70, vertices: 8)
[22:37:00] TERRAIN: Chunk created successfully: (-11.0, -4.0) at world pos (-352.0, 0.0, -128.0) (total chunks: 437)
[22:37:00] TERRAIN: Creating chunk: (12.0, 0.0) at distance 12.00
[22:37:00] TERRAIN: Chunk (12.0, 0.0): TRIMESH collision created successfully (distance: 12.00, vertices: 8)
[22:37:00] TERRAIN: Chunk created successfully: (12.0, 0.0) at world pos (384.0, 0.0, 0.0) (total chunks: 438)
[22:37:00] TERRAIN: Creating chunk: (0.0, -12.0) at distance 12.00
[22:37:00] TERRAIN: Chunk (0.0, -12.0): TRIMESH collision created successfully (distance: 12.00, vertices: 8)
[22:37:00] TERRAIN: Chunk created successfully: (0.0, -12.0) at world pos (0.0, 0.0, -384.0) (total chunks: 439)
[22:37:00] TERRAIN: Creating chunk: (-12.0, 0.0) at distance 12.00
[22:37:00] TERRAIN: Chunk (-12.0, 0.0): TRIMESH collision created successfully (distance: 12.00, vertices: 8)
[22:37:00] TERRAIN: Chunk created successfully: (-12.0, 0.0) at world pos (-384.0, 0.0, 0.0) (total chunks: 440)
[22:37:00] TERRAIN: Creating chunk: (0.0, 12.0) at distance 12.00
[22:37:00] TERRAIN: Chunk (0.0, 12.0): TRIMESH collision created successfully (distance: 12.00, vertices: 8)
[22:37:00] TERRAIN: Chunk created successfully: (0.0, 12.0) at world pos (0.0, 0.0, 384.0) (total chunks: 441)
[22:37:00] TERRAIN: Creating chunk: (8.0, -9.0) at distance 12.04
[22:37:00] TERRAIN: Chunk (8.0, -9.0): TRIMESH collision created successfully (distance: 12.04, vertices: 8)
[22:37:00] TERRAIN: Chunk created successfully: (8.0, -9.0) at world pos (256.0, 0.0, -288.0) (total chunks: 442)
[22:37:00] TERRAIN: Creating chunk: (8.0, 9.0) at distance 12.04
[22:37:00] TERRAIN: Chunk (8.0, 9.0): TRIMESH collision created successfully (distance: 12.04, vertices: 8)
[22:37:00] TERRAIN: Chunk created successfully: (8.0, 9.0) at world pos (256.0, 0.0, 288.0) (total chunks: 443)
[22:37:00] TERRAIN: Creating chunk: (-8.0, 9.0) at distance 12.04
[22:37:00] TERRAIN: Chunk (-8.0, 9.0): TRIMESH collision created successfully (distance: 12.04, vertices: 8)
[22:37:00] TERRAIN: Chunk created successfully: (-8.0, 9.0) at world pos (-256.0, 0.0, 288.0) (total chunks: 444)
[22:37:00] TERRAIN: Creating chunk: (9.0, -8.0) at distance 12.04
[22:37:00] TERRAIN: Chunk (9.0, -8.0): TRIMESH collision created successfully (distance: 12.04, vertices: 8)
[22:37:00] TERRAIN: Chunk created successfully: (9.0, -8.0) at world pos (288.0, 0.0, -256.0) (total chunks: 445)
[22:37:00] TERRAIN: Creating chunk: (12.0, 1.0) at distance 12.04
[22:37:00] TERRAIN: Chunk (12.0, 1.0): TRIMESH collision created successfully (distance: 12.04, vertices: 8)
[22:37:00] TERRAIN: Chunk created successfully: (12.0, 1.0) at world pos (384.0, 0.0, 32.0) (total chunks: 446)
[22:37:00] TERRAIN: Creating chunk: (-1.0, 12.0) at distance 12.04
[22:37:00] TERRAIN: Chunk (-1.0, 12.0): TRIMESH collision created successfully (distance: 12.04, vertices: 8)
[22:37:00] TERRAIN: Chunk created successfully: (-1.0, 12.0) at world pos (-32.0, 0.0, 384.0) (total chunks: 447)
[22:37:00] TERRAIN: Creating chunk: (1.0, 12.0) at distance 12.04
[22:37:00] TERRAIN: Chunk (1.0, 12.0): TRIMESH collision created successfully (distance: 12.04, vertices: 8)
[22:37:00] TERRAIN: Chunk created successfully: (1.0, 12.0) at world pos (32.0, 0.0, 384.0) (total chunks: 448)
[22:37:00] TERRAIN: Creating chunk: (-9.0, 8.0) at distance 12.04
[22:37:00] TERRAIN: Chunk (-9.0, 8.0): TRIMESH collision created successfully (distance: 12.04, vertices: 8)
[22:37:00] TERRAIN: Chunk created successfully: (-9.0, 8.0) at world pos (-288.0, 0.0, 256.0) (total chunks: 449)
[22:37:00] TERRAIN: Creating chunk: (1.0, -12.0) at distance 12.04
[22:37:00] TERRAIN: Chunk (1.0, -12.0): TRIMESH collision created successfully (distance: 12.04, vertices: 8)
[22:37:00] TERRAIN: Chunk created successfully: (1.0, -12.0) at world pos (32.0, 0.0, -384.0) (total chunks: 450)
[22:37:00] TERRAIN: Creating chunk: (-8.0, -9.0) at distance 12.04
[22:37:00] TERRAIN: Chunk (-8.0, -9.0): TRIMESH collision created successfully (distance: 12.04, vertices: 8)
[22:37:00] TERRAIN: Chunk created successfully: (-8.0, -9.0) at world pos (-256.0, 0.0, -288.0) (total chunks: 451)
[22:37:00] TERRAIN: Creating chunk: (12.0, -1.0) at distance 12.04
[22:37:00] TERRAIN: Chunk (12.0, -1.0): TRIMESH collision created successfully (distance: 12.04, vertices: 8)
[22:37:00] TERRAIN: Chunk created successfully: (12.0, -1.0) at world pos (384.0, 0.0, -32.0) (total chunks: 452)
[22:37:00] TERRAIN: Creating chunk: (-12.0, 1.0) at distance 12.04
[22:37:00] TERRAIN: Chunk (-12.0, 1.0): TRIMESH collision created successfully (distance: 12.04, vertices: 8)
[22:37:00] TERRAIN: Chunk created successfully: (-12.0, 1.0) at world pos (-384.0, 0.0, 32.0) (total chunks: 453)
[22:37:00] TERRAIN: Creating chunk: (-9.0, -8.0) at distance 12.04
[22:37:00] TERRAIN: Chunk (-9.0, -8.0): TRIMESH collision created successfully (distance: 12.04, vertices: 8)
[22:37:00] TERRAIN: Chunk created successfully: (-9.0, -8.0) at world pos (-288.0, 0.0, -256.0) (total chunks: 454)
[22:37:00] TERRAIN: Creating chunk: (-12.0, -1.0) at distance 12.04
[22:37:00] TERRAIN: Chunk (-12.0, -1.0): TRIMESH collision created successfully (distance: 12.04, vertices: 8)
[22:37:00] TERRAIN: Chunk created successfully: (-12.0, -1.0) at world pos (-384.0, 0.0, -32.0) (total chunks: 455)
[22:37:00] TERRAIN: Creating chunk: (9.0, 8.0) at distance 12.04
[22:37:00] TERRAIN: Chunk (9.0, 8.0): TRIMESH collision created successfully (distance: 12.04, vertices: 8)
[22:37:00] TERRAIN: Chunk created successfully: (9.0, 8.0) at world pos (288.0, 0.0, 256.0) (total chunks: 456)
[22:37:00] TERRAIN: Creating chunk: (-1.0, -12.0) at distance 12.04
[22:37:00] TERRAIN: Chunk (-1.0, -12.0): TRIMESH collision created successfully (distance: 12.04, vertices: 8)
[22:37:00] TERRAIN: Chunk created successfully: (-1.0, -12.0) at world pos (-32.0, 0.0, -384.0) (total chunks: 457)
[22:37:00] TERRAIN: Creating chunk: (5.0, -11.0) at distance 12.08
[22:37:00] TERRAIN: Chunk (5.0, -11.0): TRIMESH collision created successfully (distance: 12.08, vertices: 8)
[22:37:00] TERRAIN: Chunk created successfully: (5.0, -11.0) at world pos (160.0, 0.0, -352.0) (total chunks: 458)
[22:37:00] TERRAIN: Creating chunk: (-5.0, -11.0) at distance 12.08
[22:37:00] TERRAIN: Chunk (-5.0, -11.0): TRIMESH collision created successfully (distance: 12.08, vertices: 8)
[22:37:00] TERRAIN: Chunk created successfully: (-5.0, -11.0) at world pos (-160.0, 0.0, -352.0) (total chunks: 459)
[22:37:00] TERRAIN: Creating chunk: (-5.0, 11.0) at distance 12.08
[22:37:00] TERRAIN: Chunk (-5.0, 11.0): TRIMESH collision created successfully (distance: 12.08, vertices: 8)
[22:37:00] TERRAIN: Chunk created successfully: (-5.0, 11.0) at world pos (-160.0, 0.0, 352.0) (total chunks: 460)
[22:37:00] TERRAIN: Creating chunk: (11.0, -5.0) at distance 12.08
[22:37:00] TERRAIN: Chunk (11.0, -5.0): TRIMESH collision created successfully (distance: 12.08, vertices: 8)
[22:37:00] TERRAIN: Chunk created successfully: (11.0, -5.0) at world pos (352.0, 0.0, -160.0) (total chunks: 461)
[22:37:00] TERRAIN: Creating chunk: (11.0, 5.0) at distance 12.08
[22:37:00] TERRAIN: Chunk (11.0, 5.0): TRIMESH collision created successfully (distance: 12.08, vertices: 8)
[22:37:00] TERRAIN: Chunk created successfully: (11.0, 5.0) at world pos (352.0, 0.0, 160.0) (total chunks: 462)
[22:37:00] TERRAIN: Creating chunk: (5.0, 11.0) at distance 12.08
[22:37:00] TERRAIN: Chunk (5.0, 11.0): TRIMESH collision created successfully (distance: 12.08, vertices: 8)
[22:37:00] TERRAIN: Chunk created successfully: (5.0, 11.0) at world pos (160.0, 0.0, 352.0) (total chunks: 463)
[22:37:00] TERRAIN: Creating chunk: (-11.0, -5.0) at distance 12.08
[22:37:00] TERRAIN: Chunk (-11.0, -5.0): TRIMESH collision created successfully (distance: 12.08, vertices: 8)
[22:37:00] TERRAIN: Chunk created successfully: (-11.0, -5.0) at world pos (-352.0, 0.0, -160.0) (total chunks: 464)
[22:37:00] TERRAIN: Creating chunk: (-11.0, 5.0) at distance 12.08
[22:37:00] TERRAIN: Chunk (-11.0, 5.0): TRIMESH collision created successfully (distance: 12.08, vertices: 8)
[22:37:00] TERRAIN: Chunk created successfully: (-11.0, 5.0) at world pos (-352.0, 0.0, 160.0) (total chunks: 465)
[22:37:00] TERRAIN: Creating chunk: (12.0, 2.0) at distance 12.17
[22:37:00] TERRAIN: Chunk (12.0, 2.0): TRIMESH collision created successfully (distance: 12.17, vertices: 8)
[22:37:00] TERRAIN: Chunk created successfully: (12.0, 2.0) at world pos (384.0, 0.0, 64.0) (total chunks: 466)
[22:37:00] TERRAIN: Creating chunk: (2.0, 12.0) at distance 12.17
[22:37:00] TERRAIN: Chunk (2.0, 12.0): TRIMESH collision created successfully (distance: 12.17, vertices: 8)
[22:37:00] TERRAIN: Chunk created successfully: (2.0, 12.0) at world pos (64.0, 0.0, 384.0) (total chunks: 467)
[22:37:00] TERRAIN: Creating chunk: (-2.0, 12.0) at distance 12.17
[22:37:00] TERRAIN: Chunk (-2.0, 12.0): TRIMESH collision created successfully (distance: 12.17, vertices: 8)
[22:37:00] TERRAIN: Chunk created successfully: (-2.0, 12.0) at world pos (-64.0, 0.0, 384.0) (total chunks: 468)
[22:37:01] TERRAIN: Creating chunk: (-12.0, 2.0) at distance 12.17
[22:37:01] TERRAIN: Chunk (-12.0, 2.0): TRIMESH collision created successfully (distance: 12.17, vertices: 8)
[22:37:01] TERRAIN: Chunk created successfully: (-12.0, 2.0) at world pos (-384.0, 0.0, 64.0) (total chunks: 469)
[22:37:01] TERRAIN: Creating chunk: (-12.0, -2.0) at distance 12.17
[22:37:01] TERRAIN: Chunk (-12.0, -2.0): TRIMESH collision created successfully (distance: 12.17, vertices: 8)
[22:37:01] TERRAIN: Chunk created successfully: (-12.0, -2.0) at world pos (-384.0, 0.0, -64.0) (total chunks: 470)
[22:37:01] TERRAIN: Creating chunk: (12.0, -2.0) at distance 12.17
[22:37:01] TERRAIN: Chunk (12.0, -2.0): TRIMESH collision created successfully (distance: 12.17, vertices: 8)
[22:37:01] TERRAIN: Chunk created successfully: (12.0, -2.0) at world pos (384.0, 0.0, -64.0) (total chunks: 471)
[22:37:01] TERRAIN: Creating chunk: (2.0, -12.0) at distance 12.17
[22:37:01] TERRAIN: Chunk (2.0, -12.0): TRIMESH collision created successfully (distance: 12.17, vertices: 8)
[22:37:01] TERRAIN: Chunk created successfully: (2.0, -12.0) at world pos (64.0, 0.0, -384.0) (total chunks: 472)
[22:37:01] TERRAIN: Creating chunk: (-2.0, -12.0) at distance 12.17
[22:37:01] TERRAIN: Chunk (-2.0, -12.0): TRIMESH collision created successfully (distance: 12.17, vertices: 8)
[22:37:01] TERRAIN: Chunk created successfully: (-2.0, -12.0) at world pos (-64.0, 0.0, -384.0) (total chunks: 473)
[22:37:01] TERRAIN: Creating chunk: (10.0, -7.0) at distance 12.21
[22:37:01] TERRAIN: Chunk (10.0, -7.0): TRIMESH collision created successfully (distance: 12.21, vertices: 8)
[22:37:01] TERRAIN: Chunk created successfully: (10.0, -7.0) at world pos (320.0, 0.0, -224.0) (total chunks: 474)
[22:37:01] TERRAIN: Creating chunk: (7.0, 10.0) at distance 12.21
[22:37:01] TERRAIN: Chunk (7.0, 10.0): TRIMESH collision created successfully (distance: 12.21, vertices: 8)
[22:37:01] TERRAIN: Chunk created successfully: (7.0, 10.0) at world pos (224.0, 0.0, 320.0) (total chunks: 475)
[22:37:01] TERRAIN: Creating chunk: (10.0, 7.0) at distance 12.21
[22:37:01] TERRAIN: Chunk (10.0, 7.0): TRIMESH collision created successfully (distance: 12.21, vertices: 8)
[22:37:01] TERRAIN: Chunk created successfully: (10.0, 7.0) at world pos (320.0, 0.0, 224.0) (total chunks: 476)
[22:37:01] TERRAIN: Creating chunk: (7.0, -10.0) at distance 12.21
[22:37:01] TERRAIN: Chunk (7.0, -10.0): TRIMESH collision created successfully (distance: 12.21, vertices: 8)
[22:37:01] TERRAIN: Chunk created successfully: (7.0, -10.0) at world pos (224.0, 0.0, -320.0) (total chunks: 477)
[22:37:01] TERRAIN: Creating chunk: (-7.0, -10.0) at distance 12.21
[22:37:01] TERRAIN: Chunk (-7.0, -10.0): TRIMESH collision created successfully (distance: 12.21, vertices: 8)
[22:37:01] TERRAIN: Chunk created successfully: (-7.0, -10.0) at world pos (-224.0, 0.0, -320.0) (total chunks: 478)
[22:37:01] TERRAIN: Creating chunk: (-7.0, 10.0) at distance 12.21
[22:37:01] TERRAIN: Chunk (-7.0, 10.0): TRIMESH collision created successfully (distance: 12.21, vertices: 8)
[22:37:01] TERRAIN: Chunk created successfully: (-7.0, 10.0) at world pos (-224.0, 0.0, 320.0) (total chunks: 479)
[22:37:01] TERRAIN: Creating chunk: (-10.0, 7.0) at distance 12.21
[22:37:01] TERRAIN: Chunk (-10.0, 7.0): TRIMESH collision created successfully (distance: 12.21, vertices: 8)
[22:37:01] TERRAIN: Chunk created successfully: (-10.0, 7.0) at world pos (-320.0, 0.0, 224.0) (total chunks: 480)
[22:37:01] TERRAIN: Creating chunk: (-10.0, -7.0) at distance 12.21
[22:37:01] TERRAIN: Chunk (-10.0, -7.0): TRIMESH collision created successfully (distance: 12.21, vertices: 8)
[22:37:01] TERRAIN: Chunk created successfully: (-10.0, -7.0) at world pos (-320.0, 0.0, -224.0) (total chunks: 481)
[22:37:01] TERRAIN: Creating chunk: (12.0, -3.0) at distance 12.37
[22:37:01] TERRAIN: Chunk (12.0, -3.0): TRIMESH collision created successfully (distance: 12.37, vertices: 8)
[22:37:01] TERRAIN: Chunk created successfully: (12.0, -3.0) at world pos (384.0, 0.0, -96.0) (total chunks: 482)
[22:37:01] TERRAIN: Creating chunk: (-3.0, 12.0) at distance 12.37
[22:37:01] TERRAIN: Chunk (-3.0, 12.0): TRIMESH collision created successfully (distance: 12.37, vertices: 8)
[22:37:01] TERRAIN: Chunk created successfully: (-3.0, 12.0) at world pos (-96.0, 0.0, 384.0) (total chunks: 483)
[22:37:01] TERRAIN: Creating chunk: (12.0, 3.0) at distance 12.37
[22:37:01] TERRAIN: Chunk (12.0, 3.0): TRIMESH collision created successfully (distance: 12.37, vertices: 8)
[22:37:01] TERRAIN: Chunk created successfully: (12.0, 3.0) at world pos (384.0, 0.0, 96.0) (total chunks: 484)
[22:37:01] TERRAIN: Creating chunk: (-3.0, -12.0) at distance 12.37
[22:37:01] TERRAIN: Chunk (-3.0, -12.0): TRIMESH collision created successfully (distance: 12.37, vertices: 8)
[22:37:01] TERRAIN: Chunk created successfully: (-3.0, -12.0) at world pos (-96.0, 0.0, -384.0) (total chunks: 485)
[22:37:01] TERRAIN: Creating chunk: (-12.0, 3.0) at distance 12.37
[22:37:01] TERRAIN: Chunk (-12.0, 3.0): TRIMESH collision created successfully (distance: 12.37, vertices: 8)
[22:37:01] TERRAIN: Chunk created successfully: (-12.0, 3.0) at world pos (-384.0, 0.0, 96.0) (total chunks: 486)
[22:37:01] TERRAIN: Creating chunk: (3.0, -12.0) at distance 12.37
[22:37:01] TERRAIN: Chunk (3.0, -12.0): TRIMESH collision created successfully (distance: 12.37, vertices: 8)
[22:37:01] TERRAIN: Chunk created successfully: (3.0, -12.0) at world pos (96.0, 0.0, -384.0) (total chunks: 487)
[22:37:01] TERRAIN: Creating chunk: (3.0, 12.0) at distance 12.37
[22:37:01] TERRAIN: Chunk (3.0, 12.0): TRIMESH collision created successfully (distance: 12.37, vertices: 8)
[22:37:01] TERRAIN: Chunk created successfully: (3.0, 12.0) at world pos (96.0, 0.0, 384.0) (total chunks: 488)
[22:37:01] TERRAIN: Creating chunk: (-12.0, -3.0) at distance 12.37
[22:37:01] TERRAIN: Chunk (-12.0, -3.0): TRIMESH collision created successfully (distance: 12.37, vertices: 8)
[22:37:01] TERRAIN: Chunk created successfully: (-12.0, -3.0) at world pos (-384.0, 0.0, -96.0) (total chunks: 489)
[22:37:01] TERRAIN: Creating chunk: (-11.0, 6.0) at distance 12.53
[22:37:01] TERRAIN: Chunk (-11.0, 6.0): TRIMESH collision created successfully (distance: 12.53, vertices: 8)
[22:37:01] TERRAIN: Chunk created successfully: (-11.0, 6.0) at world pos (-352.0, 0.0, 192.0) (total chunks: 490)
[22:37:01] TERRAIN: Creating chunk: (-6.0, -11.0) at distance 12.53
[22:37:01] TERRAIN: Chunk (-6.0, -11.0): TRIMESH collision created successfully (distance: 12.53, vertices: 8)
[22:37:01] TERRAIN: Chunk created successfully: (-6.0, -11.0) at world pos (-192.0, 0.0, -352.0) (total chunks: 491)
[22:37:01] TERRAIN: Creating chunk: (-11.0, -6.0) at distance 12.53
[22:37:01] TERRAIN: Chunk (-11.0, -6.0): TRIMESH collision created successfully (distance: 12.53, vertices: 8)
[22:37:01] TERRAIN: Chunk created successfully: (-11.0, -6.0) at world pos (-352.0, 0.0, -192.0) (total chunks: 492)
[22:37:01] TERRAIN: Creating chunk: (-6.0, 11.0) at distance 12.53
[22:37:01] TERRAIN: Chunk (-6.0, 11.0): TRIMESH collision created successfully (distance: 12.53, vertices: 8)
[22:37:01] TERRAIN: Chunk created successfully: (-6.0, 11.0) at world pos (-192.0, 0.0, 352.0) (total chunks: 493)
[22:37:01] TERRAIN: Creating chunk: (6.0, -11.0) at distance 12.53
[22:37:01] TERRAIN: Chunk (6.0, -11.0): TRIMESH collision created successfully (distance: 12.53, vertices: 8)
[22:37:01] TERRAIN: Chunk created successfully: (6.0, -11.0) at world pos (192.0, 0.0, -352.0) (total chunks: 494)
[22:37:01] TERRAIN: Creating chunk: (6.0, 11.0) at distance 12.53
[22:37:01] TERRAIN: Chunk (6.0, 11.0): TRIMESH collision created successfully (distance: 12.53, vertices: 8)
[22:37:01] TERRAIN: Chunk created successfully: (6.0, 11.0) at world pos (192.0, 0.0, 352.0) (total chunks: 495)
[22:37:01] TERRAIN: Creating chunk: (11.0, 6.0) at distance 12.53
[22:37:01] TERRAIN: Chunk (11.0, 6.0): TRIMESH collision created successfully (distance: 12.53, vertices: 8)
[22:37:01] TERRAIN: Chunk created successfully: (11.0, 6.0) at world pos (352.0, 0.0, 192.0) (total chunks: 496)
[22:37:01] TERRAIN: Creating chunk: (11.0, -6.0) at distance 12.53
[22:37:01] TERRAIN: Chunk (11.0, -6.0): TRIMESH collision created successfully (distance: 12.53, vertices: 8)
[22:37:01] TERRAIN: Chunk created successfully: (11.0, -6.0) at world pos (352.0, 0.0, -192.0) (total chunks: 497)
[22:37:01] TERRAIN: Creating chunk: (12.0, -4.0) at distance 12.65
[22:37:01] TERRAIN: Chunk (12.0, -4.0): TRIMESH collision created successfully (distance: 12.65, vertices: 8)
[22:37:01] TERRAIN: Chunk created successfully: (12.0, -4.0) at world pos (384.0, 0.0, -128.0) (total chunks: 498)
[22:37:01] TERRAIN: Creating chunk: (4.0, 12.0) at distance 12.65
[22:37:01] TERRAIN: Chunk (4.0, 12.0): TRIMESH collision created successfully (distance: 12.65, vertices: 8)
[22:37:01] TERRAIN: Chunk created successfully: (4.0, 12.0) at world pos (128.0, 0.0, 384.0) (total chunks: 499)
[22:37:01] TERRAIN: Creating chunk: (-12.0, 4.0) at distance 12.65
[22:37:01] TERRAIN: Chunk (-12.0, 4.0): TRIMESH collision created successfully (distance: 12.65, vertices: 8)
[22:37:01] TERRAIN: Chunk created successfully: (-12.0, 4.0) at world pos (-384.0, 0.0, 128.0) (total chunks: 500)
[22:37:01] TERRAIN: Creating chunk: (-4.0, 12.0) at distance 12.65
[22:37:01] TERRAIN: Chunk (-4.0, 12.0): TRIMESH collision created successfully (distance: 12.65, vertices: 8)
[22:37:01] TERRAIN: Chunk created successfully: (-4.0, 12.0) at world pos (-128.0, 0.0, 384.0) (total chunks: 501)
[22:37:01] TERRAIN: Creating chunk: (4.0, -12.0) at distance 12.65
[22:37:01] TERRAIN: Chunk (4.0, -12.0): TRIMESH collision created successfully (distance: 12.65, vertices: 8)
[22:37:01] TERRAIN: Chunk created successfully: (4.0, -12.0) at world pos (128.0, 0.0, -384.0) (total chunks: 502)
[22:37:01] TERRAIN: Creating chunk: (-4.0, -12.0) at distance 12.65
[22:37:01] TERRAIN: Chunk (-4.0, -12.0): TRIMESH collision created successfully (distance: 12.65, vertices: 8)
[22:37:01] TERRAIN: Chunk created successfully: (-4.0, -12.0) at world pos (-128.0, 0.0, -384.0) (total chunks: 503)
[22:37:01] TERRAIN: Creating chunk: (-12.0, -4.0) at distance 12.65
[22:37:01] TERRAIN: Chunk (-12.0, -4.0): TRIMESH collision created successfully (distance: 12.65, vertices: 8)
[22:37:01] TERRAIN: Chunk created successfully: (-12.0, -4.0) at world pos (-384.0, 0.0, -128.0) (total chunks: 504)
[22:37:01] TERRAIN: Creating chunk: (12.0, 4.0) at distance 12.65
[22:37:01] TERRAIN: Chunk (12.0, 4.0): TRIMESH collision created successfully (distance: 12.65, vertices: 8)
[22:37:01] TERRAIN: Chunk created successfully: (12.0, 4.0) at world pos (384.0, 0.0, 128.0) (total chunks: 505)
[22:37:01] TERRAIN: Creating chunk: (9.0, -9.0) at distance 12.73
[22:37:01] TERRAIN: Chunk (9.0, -9.0): TRIMESH collision created successfully (distance: 12.73, vertices: 8)
[22:37:01] TERRAIN: Chunk created successfully: (9.0, -9.0) at world pos (288.0, 0.0, -288.0) (total chunks: 506)
[22:37:01] TERRAIN: Creating chunk: (9.0, 9.0) at distance 12.73
[22:37:01] TERRAIN: Chunk (9.0, 9.0): TRIMESH collision created successfully (distance: 12.73, vertices: 8)
[22:37:01] TERRAIN: Chunk created successfully: (9.0, 9.0) at world pos (288.0, 0.0, 288.0) (total chunks: 507)
[22:37:01] TERRAIN: Creating chunk: (-9.0, 9.0) at distance 12.73
[22:37:01] TERRAIN: Chunk (-9.0, 9.0): TRIMESH collision created successfully (distance: 12.73, vertices: 8)
[22:37:01] TERRAIN: Chunk created successfully: (-9.0, 9.0) at world pos (-288.0, 0.0, 288.0) (total chunks: 508)
[22:37:01] TERRAIN: Creating chunk: (-9.0, -9.0) at distance 12.73
[22:37:01] TERRAIN: Chunk (-9.0, -9.0): TRIMESH collision created successfully (distance: 12.73, vertices: 8)
[22:37:01] TERRAIN: Chunk created successfully: (-9.0, -9.0) at world pos (-288.0, 0.0, -288.0) (total chunks: 509)
[22:37:01] TERRAIN: Creating chunk: (10.0, -8.0) at distance 12.81
[22:37:01] TERRAIN: Chunk (10.0, -8.0): TRIMESH collision created successfully (distance: 12.81, vertices: 8)
[22:37:01] TERRAIN: Chunk created successfully: (10.0, -8.0) at world pos (320.0, 0.0, -256.0) (total chunks: 510)
[22:37:01] TERRAIN: Creating chunk: (-8.0, 10.0) at distance 12.81
[22:37:01] TERRAIN: Chunk (-8.0, 10.0): TRIMESH collision created successfully (distance: 12.81, vertices: 8)
[22:37:01] TERRAIN: Chunk created successfully: (-8.0, 10.0) at world pos (-256.0, 0.0, 320.0) (total chunks: 511)
[22:37:01] TERRAIN: Creating chunk: (-8.0, -10.0) at distance 12.81
[22:37:01] TERRAIN: Chunk (-8.0, -10.0): TRIMESH collision created successfully (distance: 12.81, vertices: 8)
[22:37:01] TERRAIN: Chunk created successfully: (-8.0, -10.0) at world pos (-256.0, 0.0, -320.0) (total chunks: 512)
[22:37:01] TERRAIN: Creating chunk: (-10.0, 8.0) at distance 12.81
[22:37:01] TERRAIN: Chunk (-10.0, 8.0): TRIMESH collision created successfully (distance: 12.81, vertices: 8)
[22:37:01] TERRAIN: Chunk created successfully: (-10.0, 8.0) at world pos (-320.0, 0.0, 256.0) (total chunks: 513)
[22:37:01] TERRAIN: Creating chunk: (-10.0, -8.0) at distance 12.81
[22:37:01] TERRAIN: Chunk (-10.0, -8.0): TRIMESH collision created successfully (distance: 12.81, vertices: 8)
[22:37:01] TERRAIN: Chunk created successfully: (-10.0, -8.0) at world pos (-320.0, 0.0, -256.0) (total chunks: 514)
[22:37:01] TERRAIN: Creating chunk: (10.0, 8.0) at distance 12.81
[22:37:01] TERRAIN: Chunk (10.0, 8.0): TRIMESH collision created successfully (distance: 12.81, vertices: 8)
[22:37:01] TERRAIN: Chunk created successfully: (10.0, 8.0) at world pos (320.0, 0.0, 256.0) (total chunks: 515)
[22:37:01] TERRAIN: Creating chunk: (8.0, -10.0) at distance 12.81
[22:37:01] TERRAIN: Chunk (8.0, -10.0): TRIMESH collision created successfully (distance: 12.81, vertices: 8)
[22:37:01] TERRAIN: Chunk created successfully: (8.0, -10.0) at world pos (256.0, 0.0, -320.0) (total chunks: 516)
[22:37:01] TERRAIN: Player moved to new chunk: (0.0, -1.0) (was (0.0, 0.0))
[22:37:01] TERRAIN: Creating chunk: (8.0, 10.0) at distance 13.60
[22:37:01] TERRAIN: Chunk (8.0, 10.0): TRIMESH collision created successfully (distance: 13.60, vertices: 8)
[22:37:01] TERRAIN: Chunk created successfully: (8.0, 10.0) at world pos (256.0, 0.0, 320.0) (total chunks: 517)
[22:37:01] TERRAIN: Creating chunk: (-12.0, 5.0) at distance 13.42
[22:37:01] TERRAIN: Chunk (-12.0, 5.0): TRIMESH collision created successfully (distance: 13.42, vertices: 8)
[22:37:01] TERRAIN: Chunk created successfully: (-12.0, 5.0) at world pos (-384.0, 0.0, 160.0) (total chunks: 518)
[22:37:01] TERRAIN: Creating chunk: (-12.0, -5.0) at distance 12.65
[22:37:01] TERRAIN: Chunk (-12.0, -5.0): TRIMESH collision created successfully (distance: 12.65, vertices: 8)
[22:37:01] TERRAIN: Chunk created successfully: (-12.0, -5.0) at world pos (-384.0, 0.0, -160.0) (total chunks: 519)
[22:37:01] TERRAIN: Creating chunk: (-13.0, 0.0) at distance 13.04
[22:37:01] TERRAIN: Chunk (-13.0, 0.0): TRIMESH collision created successfully (distance: 13.04, vertices: 8)
[22:37:01] TERRAIN: Chunk created successfully: (-13.0, 0.0) at world pos (-416.0, 0.0, 0.0) (total chunks: 520)
[22:37:01] TERRAIN: Creating chunk: (12.0, 5.0) at distance 13.42
[22:37:01] TERRAIN: Chunk (12.0, 5.0): TRIMESH collision created successfully (distance: 13.42, vertices: 8)
[22:37:01] TERRAIN: Chunk created successfully: (12.0, 5.0) at world pos (384.0, 0.0, 160.0) (total chunks: 521)
[22:37:01] TERRAIN: Creating chunk: (13.0, 0.0) at distance 13.04
[22:37:01] TERRAIN: Chunk (13.0, 0.0): TRIMESH collision created successfully (distance: 13.04, vertices: 8)
[22:37:01] TERRAIN: Chunk created successfully: (13.0, 0.0) at world pos (416.0, 0.0, 0.0) (total chunks: 522)
[22:37:01] TERRAIN: Creating chunk: (-5.0, -12.0) at distance 12.08
[22:37:01] TERRAIN: Chunk (-5.0, -12.0): TRIMESH collision created successfully (distance: 12.08, vertices: 8)
[22:37:01] TERRAIN: Chunk created successfully: (-5.0, -12.0) at world pos (-160.0, 0.0, -384.0) (total chunks: 523)
[22:37:01] TERRAIN: Creating chunk: (-5.0, 12.0) at distance 13.93
[22:37:01] TERRAIN: Chunk (-5.0, 12.0): TRIMESH collision created successfully (distance: 13.93, vertices: 8)
[22:37:01] TERRAIN: Chunk created successfully: (-5.0, 12.0) at world pos (-160.0, 0.0, 384.0) (total chunks: 524)
[22:37:01] TERRAIN: Creating chunk: (12.0, -5.0) at distance 12.65
[22:37:01] TERRAIN: Chunk (12.0, -5.0): TRIMESH collision created successfully (distance: 12.65, vertices: 8)
[22:37:01] TERRAIN: Chunk created successfully: (12.0, -5.0) at world pos (384.0, 0.0, -160.0) (total chunks: 525)
[22:37:01] TERRAIN: Creating chunk: (5.0, 12.0) at distance 13.93
[22:37:01] TERRAIN: Chunk (5.0, 12.0): TRIMESH collision created successfully (distance: 13.93, vertices: 8)
[22:37:01] TERRAIN: Chunk created successfully: (5.0, 12.0) at world pos (160.0, 0.0, 384.0) (total chunks: 526)
[22:37:01] TERRAIN: Creating chunk: (0.0, 13.0) at distance 14.00
[22:37:01] TERRAIN: Chunk (0.0, 13.0): TRIMESH collision created successfully (distance: 14.00, vertices: 8)
[22:37:01] TERRAIN: Chunk created successfully: (0.0, 13.0) at world pos (0.0, 0.0, 416.0) (total chunks: 527)
[22:37:01] TERRAIN: Creating chunk: (0.0, -13.0) at distance 12.00
[22:37:01] TERRAIN: Chunk (0.0, -13.0): TRIMESH collision created successfully (distance: 12.00, vertices: 8)
[22:37:01] TERRAIN: Chunk created successfully: (0.0, -13.0) at world pos (0.0, 0.0, -416.0) (total chunks: 528)
[22:37:01] TERRAIN: Creating chunk: (5.0, -12.0) at distance 12.08
[22:37:01] TERRAIN: Chunk (5.0, -12.0): TRIMESH collision created successfully (distance: 12.08, vertices: 8)
[22:37:01] TERRAIN: Chunk created successfully: (5.0, -12.0) at world pos (160.0, 0.0, -384.0) (total chunks: 529)
[22:37:01] TERRAIN: Creating chunk: (-11.0, 7.0) at distance 13.60
[22:37:01] TERRAIN: Chunk (-11.0, 7.0): TRIMESH collision created successfully (distance: 13.60, vertices: 8)
[22:37:01] TERRAIN: Chunk created successfully: (-11.0, 7.0) at world pos (-352.0, 0.0, 224.0) (total chunks: 530)
[22:37:01] TERRAIN: Creating chunk: (-13.0, -1.0) at distance 13.00
[22:37:01] TERRAIN: Chunk (-13.0, -1.0): TRIMESH collision created successfully (distance: 13.00, vertices: 8)
[22:37:01] TERRAIN: Chunk created successfully: (-13.0, -1.0) at world pos (-416.0, 0.0, -32.0) (total chunks: 531)
[22:37:01] TERRAIN: Creating chunk: (-11.0, -7.0) at distance 12.53
[22:37:01] TERRAIN: Chunk (-11.0, -7.0): TRIMESH collision created successfully (distance: 12.53, vertices: 8)
[22:37:01] TERRAIN: Chunk created successfully: (-11.0, -7.0) at world pos (-352.0, 0.0, -224.0) (total chunks: 532)
[22:37:01] TERRAIN: Creating chunk: (7.0, -11.0) at distance 12.21
[22:37:01] TERRAIN: Chunk (7.0, -11.0): TRIMESH collision created successfully (distance: 12.21, vertices: 8)
[22:37:01] TERRAIN: Chunk created successfully: (7.0, -11.0) at world pos (224.0, 0.0, -352.0) (total chunks: 533)
[22:37:01] TERRAIN: Creating chunk: (1.0, 13.0) at distance 14.04
[22:37:01] TERRAIN: Chunk (1.0, 13.0): TRIMESH collision created successfully (distance: 14.04, vertices: 8)
[22:37:01] TERRAIN: Chunk created successfully: (1.0, 13.0) at world pos (32.0, 0.0, 416.0) (total chunks: 534)
[22:37:01] TERRAIN: Creating chunk: (13.0, 1.0) at distance 13.15
[22:37:01] TERRAIN: Chunk (13.0, 1.0): TRIMESH collision created successfully (distance: 13.15, vertices: 8)
[22:37:01] TERRAIN: Chunk created successfully: (13.0, 1.0) at world pos (416.0, 0.0, 32.0) (total chunks: 535)
[22:37:01] TERRAIN: Creating chunk: (1.0, -13.0) at distance 12.04
[22:37:01] TERRAIN: Chunk (1.0, -13.0): TRIMESH collision created successfully (distance: 12.04, vertices: 8)
[22:37:01] TERRAIN: Chunk created successfully: (1.0, -13.0) at world pos (32.0, 0.0, -416.0) (total chunks: 536)
[22:37:01] TERRAIN: Creating chunk: (7.0, 11.0) at distance 13.89
[22:37:01] TERRAIN: Chunk (7.0, 11.0): TRIMESH collision created successfully (distance: 13.89, vertices: 8)
[22:37:01] TERRAIN: Chunk created successfully: (7.0, 11.0) at world pos (224.0, 0.0, 352.0) (total chunks: 537)
[22:37:01] TERRAIN: Creating chunk: (-7.0, -11.0) at distance 12.21
[22:37:01] TERRAIN: Chunk (-7.0, -11.0): TRIMESH collision created successfully (distance: 12.21, vertices: 8)
[22:37:01] TERRAIN: Chunk created successfully: (-7.0, -11.0) at world pos (-224.0, 0.0, -352.0) (total chunks: 538)
[22:37:01] TERRAIN: Creating chunk: (-7.0, 11.0) at distance 13.89
[22:37:01] TERRAIN: Chunk (-7.0, 11.0): TRIMESH collision created successfully (distance: 13.89, vertices: 8)
[22:37:01] TERRAIN: Chunk created successfully: (-7.0, 11.0) at world pos (-224.0, 0.0, 352.0) (total chunks: 539)
[22:37:01] TERRAIN: Creating chunk: (11.0, 7.0) at distance 13.60
[22:37:01] TERRAIN: Chunk (11.0, 7.0): TRIMESH collision created successfully (distance: 13.60, vertices: 8)
[22:37:01] TERRAIN: Chunk created successfully: (11.0, 7.0) at world pos (352.0, 0.0, 224.0) (total chunks: 540)
[22:37:01] TERRAIN: Creating chunk: (-13.0, 1.0) at distance 13.15
[22:37:01] TERRAIN: Chunk (-13.0, 1.0): TRIMESH collision created successfully (distance: 13.15, vertices: 8)
[22:37:01] TERRAIN: Chunk created successfully: (-13.0, 1.0) at world pos (-416.0, 0.0, 32.0) (total chunks: 541)
[22:37:01] TERRAIN: Creating chunk: (-1.0, 13.0) at distance 14.04
[22:37:01] TERRAIN: Chunk (-1.0, 13.0): TRIMESH collision created successfully (distance: 14.04, vertices: 8)
[22:37:01] TERRAIN: Chunk created successfully: (-1.0, 13.0) at world pos (-32.0, 0.0, 416.0) (total chunks: 542)
[22:37:01] TERRAIN: Creating chunk: (-1.0, -13.0) at distance 12.04
[22:37:01] TERRAIN: Chunk (-1.0, -13.0): TRIMESH collision created successfully (distance: 12.04, vertices: 8)
[22:37:01] TERRAIN: Chunk created successfully: (-1.0, -13.0) at world pos (-32.0, 0.0, -416.0) (total chunks: 543)
[22:37:01] TERRAIN: Creating chunk: (11.0, -7.0) at distance 12.53
[22:37:01] TERRAIN: Chunk (11.0, -7.0): TRIMESH collision created successfully (distance: 12.53, vertices: 8)
[22:37:01] TERRAIN: Chunk created successfully: (11.0, -7.0) at world pos (352.0, 0.0, -224.0) (total chunks: 544)
[22:37:01] TERRAIN: Creating chunk: (13.0, -1.0) at distance 13.00
[22:37:01] TERRAIN: Chunk (13.0, -1.0): TRIMESH collision created successfully (distance: 13.00, vertices: 8)
[22:37:01] TERRAIN: Chunk created successfully: (13.0, -1.0) at world pos (416.0, 0.0, -32.0) (total chunks: 545)
[22:37:01] TERRAIN: Creating chunk: (-13.0, 2.0) at distance 13.34
[22:37:01] TERRAIN: Chunk (-13.0, 2.0): TRIMESH collision created successfully (distance: 13.34, vertices: 8)
[22:37:01] TERRAIN: Chunk created successfully: (-13.0, 2.0) at world pos (-416.0, 0.0, 64.0) (total chunks: 546)
[22:37:01] TERRAIN: Creating chunk: (2.0, 13.0) at distance 14.14
[22:37:01] TERRAIN: Chunk (2.0, 13.0): TRIMESH collision created successfully (distance: 14.14, vertices: 8)
[22:37:01] TERRAIN: Chunk created successfully: (2.0, 13.0) at world pos (64.0, 0.0, 416.0) (total chunks: 547)
[22:37:01] TERRAIN: Creating chunk: (2.0, -13.0) at distance 12.17
[22:37:01] TERRAIN: Chunk (2.0, -13.0): TRIMESH collision created successfully (distance: 12.17, vertices: 8)
[22:37:01] TERRAIN: Chunk created successfully: (2.0, -13.0) at world pos (64.0, 0.0, -416.0) (total chunks: 548)
[22:37:01] TERRAIN: Creating chunk: (13.0, 2.0) at distance 13.34
[22:37:01] TERRAIN: Chunk (13.0, 2.0): TRIMESH collision created successfully (distance: 13.34, vertices: 8)
[22:37:01] TERRAIN: Chunk created successfully: (13.0, 2.0) at world pos (416.0, 0.0, 64.0) (total chunks: 549)
[22:37:01] TERRAIN: Creating chunk: (-13.0, -2.0) at distance 13.04
[22:37:01] TERRAIN: Chunk (-13.0, -2.0): TRIMESH collision created successfully (distance: 13.04, vertices: 8)
[22:37:01] TERRAIN: Chunk created successfully: (-13.0, -2.0) at world pos (-416.0, 0.0, -64.0) (total chunks: 550)
[22:37:01] TERRAIN: Creating chunk: (13.0, -2.0) at distance 13.04
[22:37:01] TERRAIN: Chunk (13.0, -2.0): TRIMESH collision created successfully (distance: 13.04, vertices: 8)
[22:37:01] TERRAIN: Chunk created successfully: (13.0, -2.0) at world pos (416.0, 0.0, -64.0) (total chunks: 551)
[22:37:01] TERRAIN: Creating chunk: (-2.0, 13.0) at distance 14.14
[22:37:01] TERRAIN: Chunk (-2.0, 13.0): TRIMESH collision created successfully (distance: 14.14, vertices: 8)
[22:37:01] TERRAIN: Chunk created successfully: (-2.0, 13.0) at world pos (-64.0, 0.0, 416.0) (total chunks: 552)
[22:37:01] TERRAIN: Creating chunk: (-2.0, -13.0) at distance 12.17
[22:37:01] TERRAIN: Chunk (-2.0, -13.0): TRIMESH collision created successfully (distance: 12.17, vertices: 8)
[22:37:01] TERRAIN: Chunk created successfully: (-2.0, -13.0) at world pos (-64.0, 0.0, -416.0) (total chunks: 553)
[22:37:01] TERRAIN: Creating chunk: (3.0, -13.0) at distance 12.37
[22:37:01] TERRAIN: Chunk (3.0, -13.0): TRIMESH collision created successfully (distance: 12.37, vertices: 8)
[22:37:01] TERRAIN: Chunk created successfully: (3.0, -13.0) at world pos (96.0, 0.0, -416.0) (total chunks: 554)
[22:37:01] TERRAIN: Creating chunk: (-13.0, -3.0) at distance 13.15
[22:37:01] TERRAIN: Chunk (-13.0, -3.0): TRIMESH collision created successfully (distance: 13.15, vertices: 8)
[22:37:01] TERRAIN: Chunk created successfully: (-13.0, -3.0) at world pos (-416.0, 0.0, -96.0) (total chunks: 555)
[22:37:01] TERRAIN: Creating chunk: (3.0, 13.0) at distance 14.32
[22:37:01] TERRAIN: Chunk (3.0, 13.0): TRIMESH collision created successfully (distance: 14.32, vertices: 8)
[22:37:01] TERRAIN: Chunk created successfully: (3.0, 13.0) at world pos (96.0, 0.0, 416.0) (total chunks: 556)
[22:37:01] TERRAIN: Creating chunk: (-13.0, 3.0) at distance 13.60
[22:37:01] TERRAIN: Chunk (-13.0, 3.0): TRIMESH collision created successfully (distance: 13.60, vertices: 8)
[22:37:01] TERRAIN: Chunk created successfully: (-13.0, 3.0) at world pos (-416.0, 0.0, 96.0) (total chunks: 557)
[22:37:01] TERRAIN: Creating chunk: (13.0, 3.0) at distance 13.60
[22:37:01] TERRAIN: Chunk (13.0, 3.0): TRIMESH collision created successfully (distance: 13.60, vertices: 8)
[22:37:01] TERRAIN: Chunk created successfully: (13.0, 3.0) at world pos (416.0, 0.0, 96.0) (total chunks: 558)
[22:37:01] TERRAIN: Creating chunk: (13.0, -3.0) at distance 13.15
[22:37:01] TERRAIN: Chunk (13.0, -3.0): TRIMESH collision created successfully (distance: 13.15, vertices: 8)
[22:37:01] TERRAIN: Chunk created successfully: (13.0, -3.0) at world pos (416.0, 0.0, -96.0) (total chunks: 559)
[22:37:01] TERRAIN: Creating chunk: (-3.0, -13.0) at distance 12.37
[22:37:01] TERRAIN: Chunk (-3.0, -13.0): TRIMESH collision created successfully (distance: 12.37, vertices: 8)
[22:37:01] TERRAIN: Chunk created successfully: (-3.0, -13.0) at world pos (-96.0, 0.0, -416.0) (total chunks: 560)
[22:37:01] PLAYER: Pos: (0.541853, -0.003115, -1.033222) | Chunk: (0.0, -1.0) | TerrainHeight: -0.00 | HeightDiff: -0.00 | OnFloor: true
[22:37:01] PLAYER: CHUNK CHANGED: (0.0, 0.0) -> (0.0, -1.0)
[22:37:01] TERRAIN: Creating chunk: (-3.0, 13.0) at distance 14.32
[22:37:01] TERRAIN: Chunk (-3.0, 13.0): TRIMESH collision created successfully (distance: 14.32, vertices: 8)
[22:37:01] TERRAIN: Chunk created successfully: (-3.0, 13.0) at world pos (-96.0, 0.0, 416.0) (total chunks: 561)
[22:37:01] TERRAIN: Creating chunk: (-12.0, -6.0) at distance 13.00
[22:37:01] TERRAIN: Chunk (-12.0, -6.0): TRIMESH collision created successfully (distance: 13.00, vertices: 8)
[22:37:01] TERRAIN: Chunk created successfully: (-12.0, -6.0) at world pos (-384.0, 0.0, -192.0) (total chunks: 562)
[22:37:01] TERRAIN: Creating chunk: (-12.0, 6.0) at distance 13.89
[22:37:01] TERRAIN: Chunk (-12.0, 6.0): TRIMESH collision created successfully (distance: 13.89, vertices: 8)
[22:37:01] TERRAIN: Chunk created successfully: (-12.0, 6.0) at world pos (-384.0, 0.0, 192.0) (total chunks: 563)
[22:37:01] TERRAIN: Creating chunk: (6.0, 12.0) at distance 14.32
[22:37:01] TERRAIN: Chunk (6.0, 12.0): TRIMESH collision created successfully (distance: 14.32, vertices: 8)
[22:37:01] TERRAIN: Chunk created successfully: (6.0, 12.0) at world pos (192.0, 0.0, 384.0) (total chunks: 564)
[22:37:01] TERRAIN: Creating chunk: (6.0, -12.0) at distance 12.53
[22:37:01] TERRAIN: Chunk (6.0, -12.0): TRIMESH collision created successfully (distance: 12.53, vertices: 8)
[22:37:01] TERRAIN: Chunk created successfully: (6.0, -12.0) at world pos (192.0, 0.0, -384.0) (total chunks: 565)
[22:37:01] TERRAIN: Creating chunk: (12.0, 6.0) at distance 13.89
[22:37:01] TERRAIN: Chunk (12.0, 6.0): TRIMESH collision created successfully (distance: 13.89, vertices: 8)
[22:37:01] TERRAIN: Chunk created successfully: (12.0, 6.0) at world pos (384.0, 0.0, 192.0) (total chunks: 566)
[22:37:01] TERRAIN: Creating chunk: (-6.0, -12.0) at distance 12.53
[22:37:01] TERRAIN: Chunk (-6.0, -12.0): TRIMESH collision created successfully (distance: 12.53, vertices: 8)
[22:37:01] TERRAIN: Chunk created successfully: (-6.0, -12.0) at world pos (-192.0, 0.0, -384.0) (total chunks: 567)
[22:37:01] TERRAIN: Creating chunk: (-6.0, 12.0) at distance 14.32
[22:37:01] TERRAIN: Chunk (-6.0, 12.0): TRIMESH collision created successfully (distance: 14.32, vertices: 8)
[22:37:01] TERRAIN: Chunk created successfully: (-6.0, 12.0) at world pos (-192.0, 0.0, 384.0) (total chunks: 568)
[22:37:01] TERRAIN: Creating chunk: (12.0, -6.0) at distance 13.00
[22:37:01] TERRAIN: Chunk (12.0, -6.0): TRIMESH collision created successfully (distance: 13.00, vertices: 8)
[22:37:01] TERRAIN: Chunk created successfully: (12.0, -6.0) at world pos (384.0, 0.0, -192.0) (total chunks: 569)
[22:37:01] TERRAIN: Creating chunk: (9.0, -10.0) at distance 12.73
[22:37:01] TERRAIN: Chunk (9.0, -10.0): TRIMESH collision created successfully (distance: 12.73, vertices: 8)
[22:37:01] TERRAIN: Chunk created successfully: (9.0, -10.0) at world pos (288.0, 0.0, -320.0) (total chunks: 570)
[22:37:01] TERRAIN: Creating chunk: (9.0, 10.0) at distance 14.21
[22:37:01] TERRAIN: Chunk (9.0, 10.0): TRIMESH collision created successfully (distance: 14.21, vertices: 8)
[22:37:01] TERRAIN: Chunk created successfully: (9.0, 10.0) at world pos (288.0, 0.0, 320.0) (total chunks: 571)
[22:37:01] TERRAIN: Creating chunk: (10.0, -9.0) at distance 12.81
[22:37:01] TERRAIN: Chunk (10.0, -9.0): TRIMESH collision created successfully (distance: 12.81, vertices: 8)
[22:37:01] TERRAIN: Chunk created successfully: (10.0, -9.0) at world pos (320.0, 0.0, -288.0) (total chunks: 572)
[22:37:01] TERRAIN: Creating chunk: (10.0, 9.0) at distance 14.14
[22:37:01] TERRAIN: Chunk (10.0, 9.0): TRIMESH collision created successfully (distance: 14.14, vertices: 8)
[22:37:01] TERRAIN: Chunk created successfully: (10.0, 9.0) at world pos (320.0, 0.0, 288.0) (total chunks: 573)
[22:37:01] TERRAIN: Creating chunk: (-9.0, 10.0) at distance 14.21
[22:37:01] TERRAIN: Chunk (-9.0, 10.0): TRIMESH collision created successfully (distance: 14.21, vertices: 8)
[22:37:01] TERRAIN: Chunk created successfully: (-9.0, 10.0) at world pos (-288.0, 0.0, 320.0) (total chunks: 574)
[22:37:01] TERRAIN: Creating chunk: (-9.0, -10.0) at distance 12.73
[22:37:01] TERRAIN: Chunk (-9.0, -10.0): TRIMESH collision created successfully (distance: 12.73, vertices: 8)
[22:37:01] TERRAIN: Chunk created successfully: (-9.0, -10.0) at world pos (-288.0, 0.0, -320.0) (total chunks: 575)
[22:37:01] TERRAIN: Creating chunk: (-10.0, 9.0) at distance 14.14
[22:37:01] TERRAIN: Chunk (-10.0, 9.0): TRIMESH collision created successfully (distance: 14.14, vertices: 8)
[22:37:01] TERRAIN: Chunk created successfully: (-10.0, 9.0) at world pos (-320.0, 0.0, 288.0) (total chunks: 576)
[22:37:01] TERRAIN: Creating chunk: (-10.0, -9.0) at distance 12.81
[22:37:01] TERRAIN: Chunk (-10.0, -9.0): TRIMESH collision created successfully (distance: 12.81, vertices: 8)
[22:37:01] TERRAIN: Chunk created successfully: (-10.0, -9.0) at world pos (-320.0, 0.0, -288.0) (total chunks: 577)
[22:37:01] TERRAIN: Creating chunk: (8.0, 11.0) at distance 14.42
[22:37:01] TERRAIN: Chunk (8.0, 11.0): TRIMESH collision created successfully (distance: 14.42, vertices: 8)
[22:37:01] TERRAIN: Chunk created successfully: (8.0, 11.0) at world pos (256.0, 0.0, 352.0) (total chunks: 578)
[22:37:01] TERRAIN: Creating chunk: (11.0, 8.0) at distance 14.21
[22:37:01] TERRAIN: Chunk (11.0, 8.0): TRIMESH collision created successfully (distance: 14.21, vertices: 8)
[22:37:01] TERRAIN: Chunk created successfully: (11.0, 8.0) at world pos (352.0, 0.0, 256.0) (total chunks: 579)
[22:37:01] TERRAIN: Creating chunk: (-13.0, -4.0) at distance 13.34
[22:37:01] TERRAIN: Chunk (-13.0, -4.0): TRIMESH collision created successfully (distance: 13.34, vertices: 8)
[22:37:01] TERRAIN: Chunk created successfully: (-13.0, -4.0) at world pos (-416.0, 0.0, -128.0) (total chunks: 580)
[22:37:01] TERRAIN: Creating chunk: (-13.0, 4.0) at distance 13.93
[22:37:01] TERRAIN: Chunk (-13.0, 4.0): TRIMESH collision created successfully (distance: 13.93, vertices: 8)
[22:37:01] TERRAIN: Chunk created successfully: (-13.0, 4.0) at world pos (-416.0, 0.0, 128.0) (total chunks: 581)
[22:37:01] TERRAIN: Creating chunk: (11.0, -8.0) at distance 13.04
[22:37:01] TERRAIN: Chunk (11.0, -8.0): TRIMESH collision created successfully (distance: 13.04, vertices: 8)
[22:37:01] TERRAIN: Chunk created successfully: (11.0, -8.0) at world pos (352.0, 0.0, -256.0) (total chunks: 582)
[22:37:01] TERRAIN: Creating chunk: (13.0, 4.0) at distance 13.93
[22:37:01] TERRAIN: Chunk (13.0, 4.0): TRIMESH collision created successfully (distance: 13.93, vertices: 8)
[22:37:01] TERRAIN: Chunk created successfully: (13.0, 4.0) at world pos (416.0, 0.0, 128.0) (total chunks: 583)
[22:37:01] TERRAIN: Creating chunk: (-11.0, -8.0) at distance 13.04
[22:37:01] TERRAIN: Chunk (-11.0, -8.0): TRIMESH collision created successfully (distance: 13.04, vertices: 8)
[22:37:01] TERRAIN: Chunk created successfully: (-11.0, -8.0) at world pos (-352.0, 0.0, -256.0) (total chunks: 584)
[22:37:01] TERRAIN: Creating chunk: (-11.0, 8.0) at distance 14.21
[22:37:01] TERRAIN: Chunk (-11.0, 8.0): TRIMESH collision created successfully (distance: 14.21, vertices: 8)
[22:37:01] TERRAIN: Chunk created successfully: (-11.0, 8.0) at world pos (-352.0, 0.0, 256.0) (total chunks: 585)
[22:37:01] TERRAIN: Creating chunk: (-8.0, -11.0) at distance 12.81
[22:37:01] TERRAIN: Chunk (-8.0, -11.0): TRIMESH collision created successfully (distance: 12.81, vertices: 8)
[22:37:01] TERRAIN: Chunk created successfully: (-8.0, -11.0) at world pos (-256.0, 0.0, -352.0) (total chunks: 586)
[22:37:01] TERRAIN: Creating chunk: (-8.0, 11.0) at distance 14.42
[22:37:01] TERRAIN: Chunk (-8.0, 11.0): TRIMESH collision created successfully (distance: 14.42, vertices: 8)
[22:37:01] TERRAIN: Chunk created successfully: (-8.0, 11.0) at world pos (-256.0, 0.0, 352.0) (total chunks: 587)
[22:37:01] TERRAIN: Creating chunk: (-4.0, -13.0) at distance 12.65
[22:37:01] TERRAIN: Chunk (-4.0, -13.0): TRIMESH collision created successfully (distance: 12.65, vertices: 8)
[22:37:01] TERRAIN: Chunk created successfully: (-4.0, -13.0) at world pos (-128.0, 0.0, -416.0) (total chunks: 588)
[22:37:01] TERRAIN: Creating chunk: (-4.0, 13.0) at distance 14.56
[22:37:01] TERRAIN: Chunk (-4.0, 13.0): TRIMESH collision created successfully (distance: 14.56, vertices: 8)
[22:37:01] TERRAIN: Chunk created successfully: (-4.0, 13.0) at world pos (-128.0, 0.0, 416.0) (total chunks: 589)
[22:37:01] TERRAIN: Creating chunk: (13.0, -4.0) at distance 13.34
[22:37:01] TERRAIN: Chunk (13.0, -4.0): TRIMESH collision created successfully (distance: 13.34, vertices: 8)
[22:37:01] TERRAIN: Chunk created successfully: (13.0, -4.0) at world pos (416.0, 0.0, -128.0) (total chunks: 590)
[22:37:01] TERRAIN: Creating chunk: (4.0, -13.0) at distance 12.65
[22:37:01] TERRAIN: Chunk (4.0, -13.0): TRIMESH collision created successfully (distance: 12.65, vertices: 8)
[22:37:01] TERRAIN: Chunk created successfully: (4.0, -13.0) at world pos (128.0, 0.0, -416.0) (total chunks: 591)
[22:37:01] TERRAIN: Creating chunk: (4.0, 13.0) at distance 14.56
[22:37:01] TERRAIN: Chunk (4.0, 13.0): TRIMESH collision created successfully (distance: 14.56, vertices: 8)
[22:37:01] TERRAIN: Chunk created successfully: (4.0, 13.0) at world pos (128.0, 0.0, 416.0) (total chunks: 592)
[22:37:01] TERRAIN: Creating chunk: (8.0, -11.0) at distance 12.81
[22:37:01] TERRAIN: Chunk (8.0, -11.0): TRIMESH collision created successfully (distance: 12.81, vertices: 8)
[22:37:01] TERRAIN: Chunk created successfully: (8.0, -11.0) at world pos (256.0, 0.0, -352.0) (total chunks: 593)
[22:37:01] TERRAIN: Creating chunk: (12.0, -7.0) at distance 13.42
[22:37:01] TERRAIN: Chunk (12.0, -7.0): TRIMESH collision created successfully (distance: 13.42, vertices: 8)
[22:37:01] TERRAIN: Chunk created successfully: (12.0, -7.0) at world pos (384.0, 0.0, -224.0) (total chunks: 594)
[22:37:01] TERRAIN: Creating chunk: (-7.0, 12.0) at distance 14.76
[22:37:01] TERRAIN: Chunk (-7.0, 12.0): TRIMESH collision created successfully (distance: 14.76, vertices: 8)
[22:37:01] TERRAIN: Chunk created successfully: (-7.0, 12.0) at world pos (-224.0, 0.0, 384.0) (total chunks: 595)
[22:37:01] TERRAIN: Creating chunk: (-7.0, -12.0) at distance 13.04
[22:37:01] TERRAIN: Chunk (-7.0, -12.0): TRIMESH collision created successfully (distance: 13.04, vertices: 8)
[22:37:01] TERRAIN: Chunk created successfully: (-7.0, -12.0) at world pos (-224.0, 0.0, -384.0) (total chunks: 596)
[22:37:01] TERRAIN: Creating chunk: (-12.0, 7.0) at distance 14.42
[22:37:01] TERRAIN: Chunk (-12.0, 7.0): TRIMESH collision created successfully (distance: 14.42, vertices: 8)
[22:37:01] TERRAIN: Chunk created successfully: (-12.0, 7.0) at world pos (-384.0, 0.0, 224.0) (total chunks: 597)
[22:37:01] TERRAIN: Creating chunk: (-12.0, -7.0) at distance 13.42
[22:37:01] TERRAIN: Chunk (-12.0, -7.0): TRIMESH collision created successfully (distance: 13.42, vertices: 8)
[22:37:01] TERRAIN: Chunk created successfully: (-12.0, -7.0) at world pos (-384.0, 0.0, -224.0) (total chunks: 598)
[22:37:01] TERRAIN: Creating chunk: (7.0, 12.0) at distance 14.76
[22:37:01] TERRAIN: Chunk (7.0, 12.0): TRIMESH collision created successfully (distance: 14.76, vertices: 8)
[22:37:01] TERRAIN: Chunk created successfully: (7.0, 12.0) at world pos (224.0, 0.0, 384.0) (total chunks: 599)
[22:37:01] TERRAIN: Creating chunk: (7.0, -12.0) at distance 13.04
[22:37:01] TERRAIN: Chunk (7.0, -12.0): TRIMESH collision created successfully (distance: 13.04, vertices: 8)
[22:37:01] TERRAIN: Chunk created successfully: (7.0, -12.0) at world pos (224.0, 0.0, -384.0) (total chunks: 600)
[22:37:01] TERRAIN: Creating chunk: (12.0, 7.0) at distance 14.42
[22:37:01] TERRAIN: Chunk (12.0, 7.0): TRIMESH collision created successfully (distance: 14.42, vertices: 8)
[22:37:01] TERRAIN: Chunk created successfully: (12.0, 7.0) at world pos (384.0, 0.0, 224.0) (total chunks: 601)
[22:37:01] TERRAIN: Creating chunk: (13.0, 5.0) at distance 14.32
[22:37:01] TERRAIN: Chunk (13.0, 5.0): TRIMESH collision created successfully (distance: 14.32, vertices: 8)
[22:37:01] TERRAIN: Chunk created successfully: (13.0, 5.0) at world pos (416.0, 0.0, 160.0) (total chunks: 602)
[22:37:01] TERRAIN: Creating chunk: (-13.0, 5.0) at distance 14.32
[22:37:01] TERRAIN: Chunk (-13.0, 5.0): TRIMESH collision created successfully (distance: 14.32, vertices: 8)
[22:37:01] TERRAIN: Chunk created successfully: (-13.0, 5.0) at world pos (-416.0, 0.0, 160.0) (total chunks: 603)
[22:37:01] TERRAIN: Creating chunk: (-13.0, -5.0) at distance 13.60
[22:37:01] TERRAIN: Chunk (-13.0, -5.0): TRIMESH collision created successfully (distance: 13.60, vertices: 8)
[22:37:01] TERRAIN: Chunk created successfully: (-13.0, -5.0) at world pos (-416.0, 0.0, -160.0) (total chunks: 604)
[22:37:01] TERRAIN: Creating chunk: (5.0, -13.0) at distance 13.00
[22:37:01] TERRAIN: Chunk (5.0, -13.0): TRIMESH collision created successfully (distance: 13.00, vertices: 8)
[22:37:01] TERRAIN: Chunk created successfully: (5.0, -13.0) at world pos (160.0, 0.0, -416.0) (total chunks: 605)
[22:37:01] TERRAIN: Creating chunk: (5.0, 13.0) at distance 14.87
[22:37:01] TERRAIN: Chunk (5.0, 13.0): TRIMESH collision created successfully (distance: 14.87, vertices: 8)
[22:37:01] TERRAIN: Chunk created successfully: (5.0, 13.0) at world pos (160.0, 0.0, 416.0) (total chunks: 606)
[22:37:01] TERRAIN: Creating chunk: (13.0, -5.0) at distance 13.60
[22:37:01] TERRAIN: Chunk (13.0, -5.0): TRIMESH collision created successfully (distance: 13.60, vertices: 8)
[22:37:01] TERRAIN: Chunk created successfully: (13.0, -5.0) at world pos (416.0, 0.0, -160.0) (total chunks: 607)
[22:37:01] TERRAIN: Creating chunk: (-5.0, 13.0) at distance 14.87
[22:37:01] TERRAIN: Chunk (-5.0, 13.0): TRIMESH collision created successfully (distance: 14.87, vertices: 8)
[22:37:01] TERRAIN: Chunk created successfully: (-5.0, 13.0) at world pos (-160.0, 0.0, 416.0) (total chunks: 608)
[22:37:01] TERRAIN: Creating chunk: (-5.0, -13.0) at distance 13.00
[22:37:01] TERRAIN: Chunk (-5.0, -13.0): TRIMESH collision created successfully (distance: 13.00, vertices: 8)
[22:37:01] TERRAIN: Chunk created successfully: (-5.0, -13.0) at world pos (-160.0, 0.0, -416.0) (total chunks: 609)
[22:37:01] TERRAIN: Creating chunk: (0.0, -14.0) at distance 13.00
[22:37:01] TERRAIN: Chunk (0.0, -14.0): TRIMESH collision created successfully (distance: 13.00, vertices: 8)
[22:37:01] TERRAIN: Chunk created successfully: (0.0, -14.0) at world pos (0.0, 0.0, -448.0) (total chunks: 610)
[22:37:01] TERRAIN: Creating chunk: (0.0, 14.0) at distance 15.00
[22:37:01] TERRAIN: Chunk (0.0, 14.0): TRIMESH collision created successfully (distance: 15.00, vertices: 8)
[22:37:01] TERRAIN: Chunk created successfully: (0.0, 14.0) at world pos (0.0, 0.0, 448.0) (total chunks: 611)
[22:37:01] TERRAIN: Creating chunk: (14.0, 0.0) at distance 14.04
[22:37:01] TERRAIN: Chunk (14.0, 0.0): TRIMESH collision created successfully (distance: 14.04, vertices: 8)
[22:37:01] TERRAIN: Chunk created successfully: (14.0, 0.0) at world pos (448.0, 0.0, 0.0) (total chunks: 612)
[22:37:01] TERRAIN: Creating chunk: (-14.0, 0.0) at distance 14.04
[22:37:01] TERRAIN: Chunk (-14.0, 0.0): TRIMESH collision created successfully (distance: 14.04, vertices: 8)
[22:37:01] TERRAIN: Chunk created successfully: (-14.0, 0.0) at world pos (-448.0, 0.0, 0.0) (total chunks: 613)
[22:37:01] TERRAIN: Creating chunk: (1.0, -14.0) at distance 13.04
[22:37:01] TERRAIN: Chunk (1.0, -14.0): TRIMESH collision created successfully (distance: 13.04, vertices: 8)
[22:37:01] TERRAIN: Chunk created successfully: (1.0, -14.0) at world pos (32.0, 0.0, -448.0) (total chunks: 614)
[22:37:01] TERRAIN: Creating chunk: (14.0, 1.0) at distance 14.14
[22:37:01] TERRAIN: Chunk (14.0, 1.0): TRIMESH collision created successfully (distance: 14.14, vertices: 8)
[22:37:01] TERRAIN: Chunk created successfully: (14.0, 1.0) at world pos (448.0, 0.0, 32.0) (total chunks: 615)
[22:37:01] TERRAIN: Creating chunk: (-1.0, -14.0) at distance 13.04
[22:37:01] TERRAIN: Chunk (-1.0, -14.0): TRIMESH collision created successfully (distance: 13.04, vertices: 8)
[22:37:01] TERRAIN: Chunk created successfully: (-1.0, -14.0) at world pos (-32.0, 0.0, -448.0) (total chunks: 616)
[22:37:01] TERRAIN: Creating chunk: (-14.0, 1.0) at distance 14.14
[22:37:01] TERRAIN: Chunk (-14.0, 1.0): TRIMESH collision created successfully (distance: 14.14, vertices: 8)
[22:37:01] TERRAIN: Chunk created successfully: (-14.0, 1.0) at world pos (-448.0, 0.0, 32.0) (total chunks: 617)
[22:37:01] TERRAIN: Creating chunk: (-14.0, -1.0) at distance 14.00
[22:37:01] TERRAIN: Chunk (-14.0, -1.0): TRIMESH collision created successfully (distance: 14.00, vertices: 8)
[22:37:01] TERRAIN: Chunk created successfully: (-14.0, -1.0) at world pos (-448.0, 0.0, -32.0) (total chunks: 618)
[22:37:01] TERRAIN: Creating chunk: (14.0, -1.0) at distance 14.00
[22:37:01] TERRAIN: Chunk (14.0, -1.0): TRIMESH collision created successfully (distance: 14.00, vertices: 8)
[22:37:01] TERRAIN: Chunk created successfully: (14.0, -1.0) at world pos (448.0, 0.0, -32.0) (total chunks: 619)
[22:37:01] TERRAIN: Creating chunk: (-14.0, 2.0) at distance 14.32
[22:37:01] TERRAIN: Chunk (-14.0, 2.0): TRIMESH collision created successfully (distance: 14.32, vertices: 8)
[22:37:01] TERRAIN: Chunk created successfully: (-14.0, 2.0) at world pos (-448.0, 0.0, 64.0) (total chunks: 620)
[22:37:01] TERRAIN: Creating chunk: (10.0, 10.0) at distance 14.87
[22:37:01] TERRAIN: Chunk (10.0, 10.0): TRIMESH collision created successfully (distance: 14.87, vertices: 8)
[22:37:01] TERRAIN: Chunk created successfully: (10.0, 10.0) at world pos (320.0, 0.0, 320.0) (total chunks: 621)
[22:37:01] TERRAIN: Creating chunk: (-10.0, -10.0) at distance 13.45
[22:37:01] TERRAIN: Chunk (-10.0, -10.0): TRIMESH collision created successfully (distance: 13.45, vertices: 8)
[22:37:01] TERRAIN: Chunk created successfully: (-10.0, -10.0) at world pos (-320.0, 0.0, -320.0) (total chunks: 622)
[22:37:01] TERRAIN: Creating chunk: (-10.0, 10.0) at distance 14.87
[22:37:01] TERRAIN: Chunk (-10.0, 10.0): TRIMESH collision created successfully (distance: 14.87, vertices: 8)
[22:37:01] TERRAIN: Chunk created successfully: (-10.0, 10.0) at world pos (-320.0, 0.0, 320.0) (total chunks: 623)
[22:37:01] TERRAIN: Creating chunk: (14.0, 2.0) at distance 14.32
[22:37:01] TERRAIN: Chunk (14.0, 2.0): TRIMESH collision created successfully (distance: 14.32, vertices: 8)
[22:37:01] TERRAIN: Chunk created successfully: (14.0, 2.0) at world pos (448.0, 0.0, 64.0) (total chunks: 624)
[22:37:01] TERRAIN: Creating chunk: (-14.0, -2.0) at distance 14.04
[22:37:01] TERRAIN: Chunk (-14.0, -2.0): TRIMESH collision created successfully (distance: 14.04, vertices: 8)
[22:37:01] TERRAIN: Chunk created successfully: (-14.0, -2.0) at world pos (-448.0, 0.0, -64.0) (total chunks: 625)
[22:37:01] TERRAIN: Creating chunk: (2.0, -14.0) at distance 13.15
[22:37:01] TERRAIN: Chunk (2.0, -14.0): TRIMESH collision created successfully (distance: 13.15, vertices: 8)
[22:37:01] TERRAIN: Chunk created successfully: (2.0, -14.0) at world pos (64.0, 0.0, -448.0) (total chunks: 626)
[22:37:01] TERRAIN: Creating chunk: (14.0, -2.0) at distance 14.04
[22:37:01] TERRAIN: Chunk (14.0, -2.0): TRIMESH collision created successfully (distance: 14.04, vertices: 8)
[22:37:01] TERRAIN: Chunk created successfully: (14.0, -2.0) at world pos (448.0, 0.0, -64.0) (total chunks: 627)
[22:37:01] TERRAIN: Creating chunk: (-2.0, -14.0) at distance 13.15
[22:37:01] TERRAIN: Chunk (-2.0, -14.0): TRIMESH collision created successfully (distance: 13.15, vertices: 8)
[22:37:01] TERRAIN: Chunk created successfully: (-2.0, -14.0) at world pos (-64.0, 0.0, -448.0) (total chunks: 628)
[22:37:01] TERRAIN: Creating chunk: (10.0, -10.0) at distance 13.45
[22:37:01] TERRAIN: Chunk (10.0, -10.0): TRIMESH collision created successfully (distance: 13.45, vertices: 8)
[22:37:01] TERRAIN: Chunk created successfully: (10.0, -10.0) at world pos (320.0, 0.0, -320.0) (total chunks: 629)
[22:37:01] TERRAIN: Creating chunk: (9.0, -11.0) at distance 13.45
[22:37:01] TERRAIN: Chunk (9.0, -11.0): TRIMESH collision created successfully (distance: 13.45, vertices: 8)
[22:37:01] TERRAIN: Chunk created successfully: (9.0, -11.0) at world pos (288.0, 0.0, -352.0) (total chunks: 630)
[22:37:01] TERRAIN: Creating chunk: (11.0, -9.0) at distance 13.60
[22:37:01] TERRAIN: Chunk (11.0, -9.0): TRIMESH collision created successfully (distance: 13.60, vertices: 8)
[22:37:01] TERRAIN: Chunk created successfully: (11.0, -9.0) at world pos (352.0, 0.0, -288.0) (total chunks: 631)
[22:37:01] TERRAIN: Creating chunk: (9.0, 11.0) at distance 15.00
[22:37:01] TERRAIN: Chunk (9.0, 11.0): TRIMESH collision created successfully (distance: 15.00, vertices: 8)
[22:37:01] TERRAIN: Chunk created successfully: (9.0, 11.0) at world pos (288.0, 0.0, 352.0) (total chunks: 632)
[22:37:01] TERRAIN: Creating chunk: (-11.0, -9.0) at distance 13.60
[22:37:01] TERRAIN: Chunk (-11.0, -9.0): TRIMESH collision created successfully (distance: 13.60, vertices: 8)
[22:37:01] TERRAIN: Chunk created successfully: (-11.0, -9.0) at world pos (-352.0, 0.0, -288.0) (total chunks: 633)
[22:37:01] TERRAIN: Creating chunk: (-11.0, 9.0) at distance 14.87
[22:37:01] TERRAIN: Chunk (-11.0, 9.0): TRIMESH collision created successfully (distance: 14.87, vertices: 8)
[22:37:01] TERRAIN: Chunk created successfully: (-11.0, 9.0) at world pos (-352.0, 0.0, 288.0) (total chunks: 634)
[22:37:01] TERRAIN: Creating chunk: (-9.0, -11.0) at distance 13.45
[22:37:01] TERRAIN: Chunk (-9.0, -11.0): TRIMESH collision created successfully (distance: 13.45, vertices: 8)
[22:37:01] TERRAIN: Chunk created successfully: (-9.0, -11.0) at world pos (-288.0, 0.0, -352.0) (total chunks: 635)
[22:37:01] TERRAIN: Creating chunk: (-9.0, 11.0) at distance 15.00
[22:37:01] TERRAIN: Chunk (-9.0, 11.0): TRIMESH collision created successfully (distance: 15.00, vertices: 8)
[22:37:01] TERRAIN: Chunk created successfully: (-9.0, 11.0) at world pos (-288.0, 0.0, 352.0) (total chunks: 636)
[22:37:01] TERRAIN: Creating chunk: (11.0, 9.0) at distance 14.87
[22:37:01] TERRAIN: Chunk (11.0, 9.0): TRIMESH collision created successfully (distance: 14.87, vertices: 8)
[22:37:01] TERRAIN: Chunk created successfully: (11.0, 9.0) at world pos (352.0, 0.0, 288.0) (total chunks: 637)
[22:37:01] TERRAIN: Creating chunk: (-6.0, -13.0) at distance 13.42
[22:37:01] TERRAIN: Chunk (-6.0, -13.0): TRIMESH collision created successfully (distance: 13.42, vertices: 8)
[22:37:01] TERRAIN: Chunk created successfully: (-6.0, -13.0) at world pos (-192.0, 0.0, -416.0) (total chunks: 638)
[22:37:01] TERRAIN: Creating chunk: (14.0, -3.0) at distance 14.14
[22:37:01] TERRAIN: Chunk (14.0, -3.0): TRIMESH collision created successfully (distance: 14.14, vertices: 8)
[22:37:01] TERRAIN: Chunk created successfully: (14.0, -3.0) at world pos (448.0, 0.0, -96.0) (total chunks: 639)
[22:37:01] TERRAIN: Creating chunk: (6.0, -13.0) at distance 13.42
[22:37:01] TERRAIN: Chunk (6.0, -13.0): TRIMESH collision created successfully (distance: 13.42, vertices: 8)
[22:37:01] TERRAIN: Chunk created successfully: (6.0, -13.0) at world pos (192.0, 0.0, -416.0) (total chunks: 640)
[22:37:01] TERRAIN: Creating chunk: (-14.0, 3.0) at distance 14.56
[22:37:01] TERRAIN: Chunk (-14.0, 3.0): TRIMESH collision created successfully (distance: 14.56, vertices: 8)
[22:37:01] TERRAIN: Chunk created successfully: (-14.0, 3.0) at world pos (-448.0, 0.0, 96.0) (total chunks: 641)
[22:37:01] TERRAIN: Creating chunk: (13.0, 6.0) at distance 14.76
[22:37:01] TERRAIN: Chunk (13.0, 6.0): TRIMESH collision created successfully (distance: 14.76, vertices: 8)
[22:37:01] TERRAIN: Chunk created successfully: (13.0, 6.0) at world pos (416.0, 0.0, 192.0) (total chunks: 642)
[22:37:01] TERRAIN: Creating chunk: (-13.0, -6.0) at distance 13.93
[22:37:01] TERRAIN: Chunk (-13.0, -6.0): TRIMESH collision created successfully (distance: 13.93, vertices: 8)
[22:37:01] TERRAIN: Chunk created successfully: (-13.0, -6.0) at world pos (-416.0, 0.0, -192.0) (total chunks: 643)
[22:37:01] TERRAIN: Creating chunk: (3.0, -14.0) at distance 13.34
[22:37:01] TERRAIN: Chunk (3.0, -14.0): TRIMESH collision created successfully (distance: 13.34, vertices: 8)
[22:37:01] TERRAIN: Chunk created successfully: (3.0, -14.0) at world pos (96.0, 0.0, -448.0) (total chunks: 644)
[22:37:01] TERRAIN: Creating chunk: (-13.0, 6.0) at distance 14.76
[22:37:01] TERRAIN: Chunk (-13.0, 6.0): TRIMESH collision created successfully (distance: 14.76, vertices: 8)
[22:37:01] TERRAIN: Chunk created successfully: (-13.0, 6.0) at world pos (-416.0, 0.0, 192.0) (total chunks: 645)
[22:37:01] TERRAIN: Creating chunk: (-14.0, -3.0) at distance 14.14
[22:37:01] TERRAIN: Chunk (-14.0, -3.0): TRIMESH collision created successfully (distance: 14.14, vertices: 8)
[22:37:01] TERRAIN: Chunk created successfully: (-14.0, -3.0) at world pos (-448.0, 0.0, -96.0) (total chunks: 646)
[22:37:01] TERRAIN: Creating chunk: (-3.0, -14.0) at distance 13.34
[22:37:01] TERRAIN: Chunk (-3.0, -14.0): TRIMESH collision created successfully (distance: 13.34, vertices: 8)
[22:37:01] TERRAIN: Chunk created successfully: (-3.0, -14.0) at world pos (-96.0, 0.0, -448.0) (total chunks: 647)
[22:37:01] TERRAIN: Creating chunk: (13.0, -6.0) at distance 13.93
[22:37:01] TERRAIN: Chunk (13.0, -6.0): TRIMESH collision created successfully (distance: 13.93, vertices: 8)
[22:37:01] TERRAIN: Chunk created successfully: (13.0, -6.0) at world pos (416.0, 0.0, -192.0) (total chunks: 648)
[22:37:01] TERRAIN: Creating chunk: (14.0, 3.0) at distance 14.56
[22:37:01] TERRAIN: Chunk (14.0, 3.0): TRIMESH collision created successfully (distance: 14.56, vertices: 8)
[22:37:01] TERRAIN: Chunk created successfully: (14.0, 3.0) at world pos (448.0, 0.0, 96.0) (total chunks: 649)
[22:37:01] TERRAIN: Creating chunk: (12.0, 8.0) at distance 15.00
[22:37:01] TERRAIN: Chunk (12.0, 8.0): TRIMESH collision created successfully (distance: 15.00, vertices: 8)
[22:37:01] TERRAIN: Chunk created successfully: (12.0, 8.0) at world pos (384.0, 0.0, 256.0) (total chunks: 650)
[22:37:01] TERRAIN: Creating chunk: (12.0, -8.0) at distance 13.89
[22:37:01] TERRAIN: Chunk (12.0, -8.0): TRIMESH collision created successfully (distance: 13.89, vertices: 8)
[22:37:01] TERRAIN: Chunk created successfully: (12.0, -8.0) at world pos (384.0, 0.0, -256.0) (total chunks: 651)
[22:37:01] TERRAIN: Creating chunk: (-12.0, -8.0) at distance 13.89
[22:37:01] TERRAIN: Chunk (-12.0, -8.0): TRIMESH collision created successfully (distance: 13.89, vertices: 8)
[22:37:01] TERRAIN: Chunk created successfully: (-12.0, -8.0) at world pos (-384.0, 0.0, -256.0) (total chunks: 652)
[22:37:01] TERRAIN: Creating chunk: (-12.0, 8.0) at distance 15.00
[22:37:01] TERRAIN: Chunk (-12.0, 8.0): TRIMESH collision created successfully (distance: 15.00, vertices: 8)
[22:37:01] TERRAIN: Chunk created successfully: (-12.0, 8.0) at world pos (-384.0, 0.0, 256.0) (total chunks: 653)
[22:37:01] TERRAIN: Creating chunk: (-8.0, -12.0) at distance 13.60
[22:37:01] TERRAIN: Chunk (-8.0, -12.0): TRIMESH collision created successfully (distance: 13.60, vertices: 8)
[22:37:01] TERRAIN: Chunk created successfully: (-8.0, -12.0) at world pos (-256.0, 0.0, -384.0) (total chunks: 654)
[22:37:01] TERRAIN: Creating chunk: (8.0, -12.0) at distance 13.60
[22:37:01] TERRAIN: Chunk (8.0, -12.0): TRIMESH collision created successfully (distance: 13.60, vertices: 8)
[22:37:01] TERRAIN: Chunk created successfully: (8.0, -12.0) at world pos (256.0, 0.0, -384.0) (total chunks: 655)
[22:37:01] TERRAIN: Creating chunk: (14.0, -4.0) at distance 14.32
[22:37:01] TERRAIN: Chunk (14.0, -4.0): TRIMESH collision created successfully (distance: 14.32, vertices: 8)
[22:37:01] TERRAIN: Chunk created successfully: (14.0, -4.0) at world pos (448.0, 0.0, -128.0) (total chunks: 656)
[22:37:01] TERRAIN: Creating chunk: (4.0, -14.0) at distance 13.60
[22:37:01] TERRAIN: Chunk (4.0, -14.0): TRIMESH collision created successfully (distance: 13.60, vertices: 8)
[22:37:01] TERRAIN: Chunk created successfully: (4.0, -14.0) at world pos (128.0, 0.0, -448.0) (total chunks: 657)
[22:37:01] TERRAIN: Creating chunk: (-4.0, -14.0) at distance 13.60
[22:37:01] TERRAIN: Chunk (-4.0, -14.0): TRIMESH collision created successfully (distance: 13.60, vertices: 8)
[22:37:01] TERRAIN: Chunk created successfully: (-4.0, -14.0) at world pos (-128.0, 0.0, -448.0) (total chunks: 658)
[22:37:01] TERRAIN: Creating chunk: (14.0, 4.0) at distance 14.87
[22:37:01] TERRAIN: Chunk (14.0, 4.0): TRIMESH collision created successfully (distance: 14.87, vertices: 8)
[22:37:01] TERRAIN: Chunk created successfully: (14.0, 4.0) at world pos (448.0, 0.0, 128.0) (total chunks: 659)
[22:37:01] TERRAIN: Creating chunk: (-14.0, 4.0) at distance 14.87
[22:37:01] TERRAIN: Chunk (-14.0, 4.0): TRIMESH collision created successfully (distance: 14.87, vertices: 8)
[22:37:01] TERRAIN: Chunk created successfully: (-14.0, 4.0) at world pos (-448.0, 0.0, 128.0) (total chunks: 660)
[22:37:01] TERRAIN: Creating chunk: (-14.0, -4.0) at distance 14.32
[22:37:02] TERRAIN: Chunk (-14.0, -4.0): TRIMESH collision created successfully (distance: 14.32, vertices: 8)
[22:37:02] TERRAIN: Chunk created successfully: (-14.0, -4.0) at world pos (-448.0, 0.0, -128.0) (total chunks: 661)
[22:37:02] TERRAIN: Creating chunk: (13.0, -7.0) at distance 14.32
[22:37:02] TERRAIN: Chunk (13.0, -7.0): TRIMESH collision created successfully (distance: 14.32, vertices: 8)
[22:37:02] TERRAIN: Chunk created successfully: (13.0, -7.0) at world pos (416.0, 0.0, -224.0) (total chunks: 662)
[22:37:02] TERRAIN: Creating chunk: (7.0, -13.0) at distance 13.89
[22:37:02] TERRAIN: Chunk (7.0, -13.0): TRIMESH collision created successfully (distance: 13.89, vertices: 8)
[22:37:02] TERRAIN: Chunk created successfully: (7.0, -13.0) at world pos (224.0, 0.0, -416.0) (total chunks: 663)
[22:37:02] TERRAIN: Creating chunk: (-7.0, -13.0) at distance 13.89
[22:37:02] TERRAIN: Chunk (-7.0, -13.0): TRIMESH collision created successfully (distance: 13.89, vertices: 8)
[22:37:02] TERRAIN: Chunk created successfully: (-7.0, -13.0) at world pos (-224.0, 0.0, -416.0) (total chunks: 664)
[22:37:02] TERRAIN: Creating chunk: (-13.0, -7.0) at distance 14.32
[22:37:02] TERRAIN: Chunk (-13.0, -7.0): TRIMESH collision created successfully (distance: 14.32, vertices: 8)
[22:37:02] TERRAIN: Chunk created successfully: (-13.0, -7.0) at world pos (-416.0, 0.0, -224.0) (total chunks: 665)
[22:37:02] TERRAIN: Creating chunk: (14.0, -5.0) at distance 14.56
[22:37:02] TERRAIN: Chunk (14.0, -5.0): TRIMESH collision created successfully (distance: 14.56, vertices: 8)
[22:37:02] TERRAIN: Chunk created successfully: (14.0, -5.0) at world pos (448.0, 0.0, -160.0) (total chunks: 666)
[22:37:02] TERRAIN: Creating chunk: (11.0, -10.0) at distance 14.21
[22:37:02] TERRAIN: Chunk (11.0, -10.0): TRIMESH collision created successfully (distance: 14.21, vertices: 8)
[22:37:02] TERRAIN: Chunk created successfully: (11.0, -10.0) at world pos (352.0, 0.0, -320.0) (total chunks: 667)
[22:37:02] TERRAIN: Creating chunk: (10.0, -11.0) at distance 14.14
[22:37:02] TERRAIN: Chunk (10.0, -11.0): TRIMESH collision created successfully (distance: 14.14, vertices: 8)
[22:37:02] TERRAIN: Chunk created successfully: (10.0, -11.0) at world pos (320.0, 0.0, -352.0) (total chunks: 668)
[22:37:02] TERRAIN: Creating chunk: (5.0, -14.0) at distance 13.93
[22:37:02] TERRAIN: Chunk (5.0, -14.0): TRIMESH collision created successfully (distance: 13.93, vertices: 8)
[22:37:02] TERRAIN: Chunk created successfully: (5.0, -14.0) at world pos (160.0, 0.0, -448.0) (total chunks: 669)
[22:37:02] TERRAIN: Creating chunk: (-5.0, -14.0) at distance 13.93
[22:37:02] TERRAIN: Chunk (-5.0, -14.0): TRIMESH collision created successfully (distance: 13.93, vertices: 8)
[22:37:02] TERRAIN: Chunk created successfully: (-5.0, -14.0) at world pos (-160.0, 0.0, -448.0) (total chunks: 670)
[22:37:02] TERRAIN: Creating chunk: (-10.0, -11.0) at distance 14.14
[22:37:02] TERRAIN: Chunk (-10.0, -11.0): TRIMESH collision created successfully (distance: 14.14, vertices: 8)
[22:37:02] TERRAIN: Chunk created successfully: (-10.0, -11.0) at world pos (-320.0, 0.0, -352.0) (total chunks: 671)
[22:37:02] TERRAIN: Creating chunk: (-11.0, -10.0) at distance 14.21
[22:37:02] TERRAIN: Chunk (-11.0, -10.0): TRIMESH collision created successfully (distance: 14.21, vertices: 8)
[22:37:02] TERRAIN: Chunk created successfully: (-11.0, -10.0) at world pos (-352.0, 0.0, -320.0) (total chunks: 672)
[22:37:02] TERRAIN: Creating chunk: (-14.0, -5.0) at distance 14.56
[22:37:02] TERRAIN: Chunk (-14.0, -5.0): TRIMESH collision created successfully (distance: 14.56, vertices: 8)
[22:37:02] TERRAIN: Chunk created successfully: (-14.0, -5.0) at world pos (-448.0, 0.0, -160.0) (total chunks: 673)
[22:37:02] TERRAIN: Creating chunk: (12.0, -9.0) at distance 14.42
[22:37:02] TERRAIN: Chunk (12.0, -9.0): TRIMESH collision created successfully (distance: 14.42, vertices: 8)
[22:37:02] TERRAIN: Chunk created successfully: (12.0, -9.0) at world pos (384.0, 0.0, -288.0) (total chunks: 674)
[22:37:02] TERRAIN: Creating chunk: (9.0, -12.0) at distance 14.21
[22:37:02] TERRAIN: Chunk (9.0, -12.0): TRIMESH collision created successfully (distance: 14.21, vertices: 8)
[22:37:02] TERRAIN: Chunk created successfully: (9.0, -12.0) at world pos (288.0, 0.0, -384.0) (total chunks: 675)
[22:37:02] TERRAIN: Creating chunk: (0.0, -15.0) at distance 14.00
[22:37:02] TERRAIN: Chunk (0.0, -15.0): TRIMESH collision created successfully (distance: 14.00, vertices: 8)
[22:37:02] TERRAIN: Chunk created successfully: (0.0, -15.0) at world pos (0.0, 0.0, -480.0) (total chunks: 676)
[22:37:02] TERRAIN: Creating chunk: (-9.0, -12.0) at distance 14.21
[22:37:02] TERRAIN: Chunk (-9.0, -12.0): TRIMESH collision created successfully (distance: 14.21, vertices: 8)
[22:37:02] TERRAIN: Chunk created successfully: (-9.0, -12.0) at world pos (-288.0, 0.0, -384.0) (total chunks: 677)
[22:37:02] TERRAIN: Creating chunk: (-12.0, -9.0) at distance 14.42
[22:37:02] TERRAIN: Chunk (-12.0, -9.0): TRIMESH collision created successfully (distance: 14.42, vertices: 8)
[22:37:02] TERRAIN: Chunk created successfully: (-12.0, -9.0) at world pos (-384.0, 0.0, -288.0) (total chunks: 678)
[22:37:02] PLAYER: Pos: (2.864099, -0.025137, -5.461357) | Chunk: (0.0, -1.0) | TerrainHeight: -0.03 | HeightDiff: 0.00 | OnFloor: true
[22:37:03] PLAYER: Pos: (3.831692, -0.031484, -7.306394) | Chunk: (0.0, -1.0) | TerrainHeight: -0.03 | HeightDiff: 0.00 | OnFloor: true
[22:37:04] PLAYER: Pos: (4.567052, -0.032607, -8.708605) | Chunk: (0.0, -1.0) | TerrainHeight: -0.03 | HeightDiff: 0.00 | OnFloor: true
[22:37:05] PLAYER: Pos: (5.276083, -0.032607, -10.63401) | Chunk: (0.0, -1.0) | TerrainHeight: -0.03 | HeightDiff: -0.00 | OnFloor: true
[22:37:06] PLAYER: Pos: (5.820331, -0.03728, -14.84897) | Chunk: (0.0, -1.0) | TerrainHeight: -0.04 | HeightDiff: 0.00 | OnFloor: true
[22:37:07] PLAYER: Pos: (6.270026, -0.044018, -18.23591) | Chunk: (0.0, -1.0) | TerrainHeight: -0.04 | HeightDiff: 0.00 | OnFloor: true
[22:37:08] PLAYER: Pos: (6.379709, -0.049097, -19.06201) | Chunk: (0.0, -1.0) | TerrainHeight: -0.05 | HeightDiff: -0.00 | OnFloor: true
[22:37:09] PLAYER: Pos: (7.818315, -0.05896, -22.66546) | Chunk: (0.0, -1.0) | TerrainHeight: -0.06 | HeightDiff: -0.00 | OnFloor: true
[22:37:10] PLAYER: Pos: (12.36065, -0.050488, -24.65313) | Chunk: (0.0, -1.0) | TerrainHeight: -0.05 | HeightDiff: -0.00 | OnFloor: true
[22:37:11] PLAYER: Pos: (17.04136, -0.042193, -26.33053) | Chunk: (0.0, -1.0) | TerrainHeight: -0.04 | HeightDiff: -0.00 | OnFloor: true
[22:37:12] PLAYER: Pos: (18.42865, -0.027039, -30.97128) | Chunk: (0.0, -1.0) | TerrainHeight: -0.03 | HeightDiff: -0.00 | OnFloor: true
[22:37:12] TERRAIN: Player moved to new chunk: (0.0, -2.0) (was (0.0, -1.0))
[22:37:12] TERRAIN: Updating terrain for player chunk: (0.0, -2.0) (player pos: (18.45564, -0.018162, -32.13739))
[22:37:12] TERRAIN: Player chunk (0.0, -2.0) distance: 0.00 (max_distance: 20)
[22:37:12] TERRAIN: Queuing 60 new chunks for generation
[22:37:12] TERRAIN: Queued chunk: (-1.0, -15.0) (distance: 13.04)
[22:37:12] TERRAIN: Queued chunk: (1.0, -15.0) (distance: 13.04)
[22:37:12] TERRAIN: Queued chunk: (2.0, -15.0) (distance: 13.15)
[22:37:12] TERRAIN: Queued chunk: (-2.0, -15.0) (distance: 13.15)
[22:37:12] TERRAIN: Queued chunk: (-3.0, -15.0) (distance: 13.34)
[22:37:12] TERRAIN: Queued chunk: (3.0, -15.0) (distance: 13.34)
[22:37:12] TERRAIN: Queued chunk: (-6.0, -14.0) (distance: 13.42)
[22:37:12] TERRAIN: Queued chunk: (6.0, -14.0) (distance: 13.42)
[22:37:12] TERRAIN: Queued chunk: (-4.0, -15.0) (distance: 13.60)
[22:37:12] TERRAIN: Queued chunk: (4.0, -15.0) (distance: 13.60)
[22:37:12] TERRAIN: Queued chunk: (-8.0, -13.0) (distance: 13.60)
[22:37:12] TERRAIN: Queued chunk: (8.0, -13.0) (distance: 13.60)
[22:37:12] TERRAIN: Queued chunk: (7.0, -14.0) (distance: 13.89)
[22:37:12] TERRAIN: Queued chunk: (-7.0, -14.0) (distance: 13.89)
[22:37:12] TERRAIN: Queued chunk: (-5.0, -15.0) (distance: 13.93)
[22:37:12] TERRAIN: Queued chunk: (5.0, -15.0) (distance: 13.93)
[22:37:12] TERRAIN: Queued chunk: (0.0, -16.0) (distance: 14.00)
[22:37:12] TERRAIN: Queued chunk: (-1.0, -16.0) (distance: 14.04)
[22:37:12] TERRAIN: Queued chunk: (1.0, -16.0) (distance: 14.04)
[22:37:12] TERRAIN: Queued chunk: (-10.0, -12.0) (distance: 14.14)
[22:37:12] TERRAIN: Queued chunk: (2.0, -16.0) (distance: 14.14)
[22:37:12] TERRAIN: Queued chunk: (10.0, -12.0) (distance: 14.14)
[22:37:12] TERRAIN: Queued chunk: (-2.0, -16.0) (distance: 14.14)
[22:37:12] TERRAIN: Queued chunk: (-11.0, -11.0) (distance: 14.21)
[22:37:12] TERRAIN: Queued chunk: (-9.0, -13.0) (distance: 14.21)
[22:37:12] TERRAIN: Queued chunk: (9.0, -13.0) (distance: 14.21)
[22:37:12] TERRAIN: Queued chunk: (11.0, -11.0) (distance: 14.21)
[22:37:12] TERRAIN: Queued chunk: (13.0, -8.0) (distance: 14.32)
[22:37:12] TERRAIN: Queued chunk: (-3.0, -16.0) (distance: 14.32)
[22:37:12] TERRAIN: Queued chunk: (3.0, -16.0) (distance: 14.32)
[22:37:12] TERRAIN: Queued chunk: (-6.0, -15.0) (distance: 14.32)
[22:37:12] TERRAIN: Queued chunk: (6.0, -15.0) (distance: 14.32)
[22:37:12] TERRAIN: Queued chunk: (-13.0, -8.0) (distance: 14.32)
[22:37:12] TERRAIN: Queued chunk: (8.0, -14.0) (distance: 14.42)
[22:37:12] TERRAIN: Queued chunk: (12.0, -10.0) (distance: 14.42)
[22:37:12] TERRAIN: Queued chunk: (-8.0, -14.0) (distance: 14.42)
[22:37:12] TERRAIN: Queued chunk: (-12.0, -10.0) (distance: 14.42)
[22:37:12] TERRAIN: Queued chunk: (-4.0, -16.0) (distance: 14.56)
[22:37:12] TERRAIN: Queued chunk: (4.0, -16.0) (distance: 14.56)
[22:37:12] TERRAIN: Queued chunk: (-14.0, -6.0) (distance: 14.56)
[22:37:12] TERRAIN: Queued chunk: (14.0, -6.0) (distance: 14.56)
[22:37:12] TERRAIN: Queued chunk: (-7.0, -15.0) (distance: 14.76)
[22:37:12] TERRAIN: Queued chunk: (7.0, -15.0) (distance: 14.76)
[22:37:12] TERRAIN: Queued chunk: (-13.0, -9.0) (distance: 14.76)
[22:37:12] TERRAIN: Queued chunk: (13.0, -9.0) (distance: 14.76)
[22:37:12] TERRAIN: Queued chunk: (-14.0, -7.0) (distance: 14.87)
[22:37:12] TERRAIN: Queued chunk: (11.0, -12.0) (distance: 14.87)
[22:37:12] TERRAIN: Queued chunk: (10.0, -13.0) (distance: 14.87)
[22:37:12] TERRAIN: Queued chunk: (-11.0, -12.0) (distance: 14.87)
[22:37:12] TERRAIN: Queued chunk: (-10.0, -13.0) (distance: 14.87)
[22:37:12] TERRAIN: Queued chunk: (14.0, -7.0) (distance: 14.87)
[22:37:12] TERRAIN: Queued chunk: (5.0, -16.0) (distance: 14.87)
[22:37:12] TERRAIN: Queued chunk: (-5.0, -16.0) (distance: 14.87)
[22:37:12] TERRAIN: Queued chunk: (15.0, -2.0) (distance: 15.00)
[22:37:12] TERRAIN: Queued chunk: (12.0, -11.0) (distance: 15.00)
[22:37:12] TERRAIN: Queued chunk: (9.0, -14.0) (distance: 15.00)
[22:37:12] TERRAIN: Queued chunk: (0.0, -17.0) (distance: 15.00)
[22:37:12] TERRAIN: Queued chunk: (-9.0, -14.0) (distance: 15.00)
[22:37:12] TERRAIN: Queued chunk: (-12.0, -11.0) (distance: 15.00)
[22:37:12] TERRAIN: Queued chunk: (-15.0, -2.0) (distance: 15.00)
[22:37:12] TERRAIN: Creating chunk: (-1.0, -15.0) at distance 13.04
[22:37:12] TERRAIN: Chunk (-1.0, -15.0): TRIMESH collision created successfully (distance: 13.04, vertices: 8)
[22:37:12] TERRAIN: Chunk created successfully: (-1.0, -15.0) at world pos (-32.0, 0.0, -480.0) (total chunks: 679)
[22:37:12] TERRAIN: Creating chunk: (1.0, -15.0) at distance 13.04
[22:37:12] TERRAIN: Chunk (1.0, -15.0): TRIMESH collision created successfully (distance: 13.04, vertices: 8)
[22:37:12] TERRAIN: Chunk created successfully: (1.0, -15.0) at world pos (32.0, 0.0, -480.0) (total chunks: 680)
[22:37:12] TERRAIN: Creating chunk: (2.0, -15.0) at distance 13.15
[22:37:12] TERRAIN: Chunk (2.0, -15.0): TRIMESH collision created successfully (distance: 13.15, vertices: 8)
[22:37:12] TERRAIN: Chunk created successfully: (2.0, -15.0) at world pos (64.0, 0.0, -480.0) (total chunks: 681)
[22:37:12] TERRAIN: Creating chunk: (-2.0, -15.0) at distance 13.15
[22:37:12] TERRAIN: Chunk (-2.0, -15.0): TRIMESH collision created successfully (distance: 13.15, vertices: 8)
[22:37:12] TERRAIN: Chunk created successfully: (-2.0, -15.0) at world pos (-64.0, 0.0, -480.0) (total chunks: 682)
[22:37:12] TERRAIN: Creating chunk: (-3.0, -15.0) at distance 13.34
[22:37:12] TERRAIN: Chunk (-3.0, -15.0): TRIMESH collision created successfully (distance: 13.34, vertices: 8)
[22:37:12] TERRAIN: Chunk created successfully: (-3.0, -15.0) at world pos (-96.0, 0.0, -480.0) (total chunks: 683)
[22:37:12] TERRAIN: Creating chunk: (3.0, -15.0) at distance 13.34
[22:37:12] TERRAIN: Chunk (3.0, -15.0): TRIMESH collision created successfully (distance: 13.34, vertices: 8)
[22:37:12] TERRAIN: Chunk created successfully: (3.0, -15.0) at world pos (96.0, 0.0, -480.0) (total chunks: 684)
[22:37:12] TERRAIN: Creating chunk: (-6.0, -14.0) at distance 13.42
[22:37:12] TERRAIN: Chunk (-6.0, -14.0): TRIMESH collision created successfully (distance: 13.42, vertices: 8)
[22:37:12] TERRAIN: Chunk created successfully: (-6.0, -14.0) at world pos (-192.0, 0.0, -448.0) (total chunks: 685)
[22:37:12] TERRAIN: Creating chunk: (6.0, -14.0) at distance 13.42
[22:37:12] TERRAIN: Chunk (6.0, -14.0): TRIMESH collision created successfully (distance: 13.42, vertices: 8)
[22:37:12] TERRAIN: Chunk created successfully: (6.0, -14.0) at world pos (192.0, 0.0, -448.0) (total chunks: 686)
[22:37:12] TERRAIN: Creating chunk: (-4.0, -15.0) at distance 13.60
[22:37:12] TERRAIN: Chunk (-4.0, -15.0): TRIMESH collision created successfully (distance: 13.60, vertices: 8)
[22:37:12] TERRAIN: Chunk created successfully: (-4.0, -15.0) at world pos (-128.0, 0.0, -480.0) (total chunks: 687)
[22:37:12] TERRAIN: Creating chunk: (4.0, -15.0) at distance 13.60
[22:37:12] TERRAIN: Chunk (4.0, -15.0): TRIMESH collision created successfully (distance: 13.60, vertices: 8)
[22:37:12] TERRAIN: Chunk created successfully: (4.0, -15.0) at world pos (128.0, 0.0, -480.0) (total chunks: 688)
[22:37:12] TERRAIN: Creating chunk: (-8.0, -13.0) at distance 13.60
[22:37:12] TERRAIN: Chunk (-8.0, -13.0): TRIMESH collision created successfully (distance: 13.60, vertices: 8)
[22:37:12] TERRAIN: Chunk created successfully: (-8.0, -13.0) at world pos (-256.0, 0.0, -416.0) (total chunks: 689)
[22:37:12] TERRAIN: Creating chunk: (8.0, -13.0) at distance 13.60
[22:37:12] TERRAIN: Chunk (8.0, -13.0): TRIMESH collision created successfully (distance: 13.60, vertices: 8)
[22:37:12] TERRAIN: Chunk created successfully: (8.0, -13.0) at world pos (256.0, 0.0, -416.0) (total chunks: 690)
[22:37:12] TERRAIN: Creating chunk: (7.0, -14.0) at distance 13.89
[22:37:12] TERRAIN: Chunk (7.0, -14.0): TRIMESH collision created successfully (distance: 13.89, vertices: 8)
[22:37:12] TERRAIN: Chunk created successfully: (7.0, -14.0) at world pos (224.0, 0.0, -448.0) (total chunks: 691)
[22:37:12] TERRAIN: Creating chunk: (-7.0, -14.0) at distance 13.89
[22:37:12] TERRAIN: Chunk (-7.0, -14.0): TRIMESH collision created successfully (distance: 13.89, vertices: 8)
[22:37:12] TERRAIN: Chunk created successfully: (-7.0, -14.0) at world pos (-224.0, 0.0, -448.0) (total chunks: 692)
[22:37:12] TERRAIN: Creating chunk: (-5.0, -15.0) at distance 13.93
[22:37:12] TERRAIN: Chunk (-5.0, -15.0): TRIMESH collision created successfully (distance: 13.93, vertices: 8)
[22:37:12] TERRAIN: Chunk created successfully: (-5.0, -15.0) at world pos (-160.0, 0.0, -480.0) (total chunks: 693)
[22:37:12] TERRAIN: Creating chunk: (5.0, -15.0) at distance 13.93
[22:37:12] TERRAIN: Chunk (5.0, -15.0): TRIMESH collision created successfully (distance: 13.93, vertices: 8)
[22:37:12] TERRAIN: Chunk created successfully: (5.0, -15.0) at world pos (160.0, 0.0, -480.0) (total chunks: 694)
[22:37:12] TERRAIN: Creating chunk: (0.0, -16.0) at distance 14.00
[22:37:12] TERRAIN: Chunk (0.0, -16.0): TRIMESH collision created successfully (distance: 14.00, vertices: 8)
[22:37:12] TERRAIN: Chunk created successfully: (0.0, -16.0) at world pos (0.0, 0.0, -512.0) (total chunks: 695)
[22:37:12] TERRAIN: Creating chunk: (-1.0, -16.0) at distance 14.04
[22:37:12] TERRAIN: Chunk (-1.0, -16.0): TRIMESH collision created successfully (distance: 14.04, vertices: 8)
[22:37:12] TERRAIN: Chunk created successfully: (-1.0, -16.0) at world pos (-32.0, 0.0, -512.0) (total chunks: 696)
[22:37:12] TERRAIN: Creating chunk: (1.0, -16.0) at distance 14.04
[22:37:12] TERRAIN: Chunk (1.0, -16.0): TRIMESH collision created successfully (distance: 14.04, vertices: 8)
[22:37:12] TERRAIN: Chunk created successfully: (1.0, -16.0) at world pos (32.0, 0.0, -512.0) (total chunks: 697)
[22:37:12] TERRAIN: Creating chunk: (-10.0, -12.0) at distance 14.14
[22:37:12] TERRAIN: Chunk (-10.0, -12.0): TRIMESH collision created successfully (distance: 14.14, vertices: 8)
[22:37:12] TERRAIN: Chunk created successfully: (-10.0, -12.0) at world pos (-320.0, 0.0, -384.0) (total chunks: 698)
[22:37:12] TERRAIN: Creating chunk: (2.0, -16.0) at distance 14.14
[22:37:12] TERRAIN: Chunk (2.0, -16.0): TRIMESH collision created successfully (distance: 14.14, vertices: 8)
[22:37:12] TERRAIN: Chunk created successfully: (2.0, -16.0) at world pos (64.0, 0.0, -512.0) (total chunks: 699)
[22:37:12] TERRAIN: Creating chunk: (10.0, -12.0) at distance 14.14
[22:37:12] TERRAIN: Chunk (10.0, -12.0): TRIMESH collision created successfully (distance: 14.14, vertices: 8)
[22:37:12] TERRAIN: Chunk created successfully: (10.0, -12.0) at world pos (320.0, 0.0, -384.0) (total chunks: 700)
[22:37:12] TERRAIN: Creating chunk: (-2.0, -16.0) at distance 14.14
[22:37:12] TERRAIN: Chunk (-2.0, -16.0): TRIMESH collision created successfully (distance: 14.14, vertices: 8)
[22:37:12] TERRAIN: Chunk created successfully: (-2.0, -16.0) at world pos (-64.0, 0.0, -512.0) (total chunks: 701)
[22:37:12] TERRAIN: Creating chunk: (-11.0, -11.0) at distance 14.21
[22:37:12] TERRAIN: Chunk (-11.0, -11.0): TRIMESH collision created successfully (distance: 14.21, vertices: 8)
[22:37:12] TERRAIN: Chunk created successfully: (-11.0, -11.0) at world pos (-352.0, 0.0, -352.0) (total chunks: 702)
[22:37:12] TERRAIN: Creating chunk: (-9.0, -13.0) at distance 14.21
[22:37:12] TERRAIN: Chunk (-9.0, -13.0): TRIMESH collision created successfully (distance: 14.21, vertices: 8)
[22:37:12] TERRAIN: Chunk created successfully: (-9.0, -13.0) at world pos (-288.0, 0.0, -416.0) (total chunks: 703)
[22:37:12] TERRAIN: Creating chunk: (9.0, -13.0) at distance 14.21
[22:37:12] TERRAIN: Chunk (9.0, -13.0): TRIMESH collision created successfully (distance: 14.21, vertices: 8)
[22:37:12] TERRAIN: Chunk created successfully: (9.0, -13.0) at world pos (288.0, 0.0, -416.0) (total chunks: 704)
[22:37:12] TERRAIN: Creating chunk: (11.0, -11.0) at distance 14.21
[22:37:12] TERRAIN: Chunk (11.0, -11.0): TRIMESH collision created successfully (distance: 14.21, vertices: 8)
[22:37:12] TERRAIN: Chunk created successfully: (11.0, -11.0) at world pos (352.0, 0.0, -352.0) (total chunks: 705)
[22:37:12] TERRAIN: Creating chunk: (13.0, -8.0) at distance 14.32
[22:37:12] TERRAIN: Chunk (13.0, -8.0): TRIMESH collision created successfully (distance: 14.32, vertices: 8)
[22:37:12] TERRAIN: Chunk created successfully: (13.0, -8.0) at world pos (416.0, 0.0, -256.0) (total chunks: 706)
[22:37:12] TERRAIN: Creating chunk: (-3.0, -16.0) at distance 14.32
[22:37:12] TERRAIN: Chunk (-3.0, -16.0): TRIMESH collision created successfully (distance: 14.32, vertices: 8)
[22:37:12] TERRAIN: Chunk created successfully: (-3.0, -16.0) at world pos (-96.0, 0.0, -512.0) (total chunks: 707)
[22:37:12] TERRAIN: Creating chunk: (3.0, -16.0) at distance 14.32
[22:37:12] TERRAIN: Chunk (3.0, -16.0): TRIMESH collision created successfully (distance: 14.32, vertices: 8)
[22:37:12] TERRAIN: Chunk created successfully: (3.0, -16.0) at world pos (96.0, 0.0, -512.0) (total chunks: 708)
[22:37:12] TERRAIN: Creating chunk: (-6.0, -15.0) at distance 14.32
[22:37:12] TERRAIN: Chunk (-6.0, -15.0): TRIMESH collision created successfully (distance: 14.32, vertices: 8)
[22:37:12] TERRAIN: Chunk created successfully: (-6.0, -15.0) at world pos (-192.0, 0.0, -480.0) (total chunks: 709)
[22:37:12] TERRAIN: Creating chunk: (6.0, -15.0) at distance 14.32
[22:37:12] TERRAIN: Chunk (6.0, -15.0): TRIMESH collision created successfully (distance: 14.32, vertices: 8)
[22:37:12] TERRAIN: Chunk created successfully: (6.0, -15.0) at world pos (192.0, 0.0, -480.0) (total chunks: 710)
[22:37:12] TERRAIN: Creating chunk: (-13.0, -8.0) at distance 14.32
[22:37:12] TERRAIN: Chunk (-13.0, -8.0): TRIMESH collision created successfully (distance: 14.32, vertices: 8)
[22:37:12] TERRAIN: Chunk created successfully: (-13.0, -8.0) at world pos (-416.0, 0.0, -256.0) (total chunks: 711)
[22:37:12] TERRAIN: Creating chunk: (8.0, -14.0) at distance 14.42
[22:37:12] TERRAIN: Chunk (8.0, -14.0): TRIMESH collision created successfully (distance: 14.42, vertices: 8)
[22:37:12] TERRAIN: Chunk created successfully: (8.0, -14.0) at world pos (256.0, 0.0, -448.0) (total chunks: 712)
[22:37:12] TERRAIN: Creating chunk: (12.0, -10.0) at distance 14.42
[22:37:12] TERRAIN: Chunk (12.0, -10.0): TRIMESH collision created successfully (distance: 14.42, vertices: 8)
[22:37:12] TERRAIN: Chunk created successfully: (12.0, -10.0) at world pos (384.0, 0.0, -320.0) (total chunks: 713)
[22:37:12] TERRAIN: Creating chunk: (-8.0, -14.0) at distance 14.42
[22:37:12] TERRAIN: Chunk (-8.0, -14.0): TRIMESH collision created successfully (distance: 14.42, vertices: 8)
[22:37:12] TERRAIN: Chunk created successfully: (-8.0, -14.0) at world pos (-256.0, 0.0, -448.0) (total chunks: 714)
[22:37:12] TERRAIN: Creating chunk: (-12.0, -10.0) at distance 14.42
[22:37:12] TERRAIN: Chunk (-12.0, -10.0): TRIMESH collision created successfully (distance: 14.42, vertices: 8)
[22:37:12] TERRAIN: Chunk created successfully: (-12.0, -10.0) at world pos (-384.0, 0.0, -320.0) (total chunks: 715)
[22:37:12] TERRAIN: Creating chunk: (-4.0, -16.0) at distance 14.56
[22:37:12] TERRAIN: Chunk (-4.0, -16.0): TRIMESH collision created successfully (distance: 14.56, vertices: 8)
[22:37:12] TERRAIN: Chunk created successfully: (-4.0, -16.0) at world pos (-128.0, 0.0, -512.0) (total chunks: 716)
[22:37:12] TERRAIN: Creating chunk: (4.0, -16.0) at distance 14.56
[22:37:12] TERRAIN: Chunk (4.0, -16.0): TRIMESH collision created successfully (distance: 14.56, vertices: 8)
[22:37:12] TERRAIN: Chunk created successfully: (4.0, -16.0) at world pos (128.0, 0.0, -512.0) (total chunks: 717)
[22:37:12] TERRAIN: Creating chunk: (-14.0, -6.0) at distance 14.56
[22:37:12] TERRAIN: Chunk (-14.0, -6.0): TRIMESH collision created successfully (distance: 14.56, vertices: 8)
[22:37:12] TERRAIN: Chunk created successfully: (-14.0, -6.0) at world pos (-448.0, 0.0, -192.0) (total chunks: 718)
[22:37:12] TERRAIN: Creating chunk: (14.0, -6.0) at distance 14.56
[22:37:12] TERRAIN: Chunk (14.0, -6.0): TRIMESH collision created successfully (distance: 14.56, vertices: 8)
[22:37:12] TERRAIN: Chunk created successfully: (14.0, -6.0) at world pos (448.0, 0.0, -192.0) (total chunks: 719)
[22:37:12] TERRAIN: Creating chunk: (-7.0, -15.0) at distance 14.76
[22:37:12] TERRAIN: Chunk (-7.0, -15.0): TRIMESH collision created successfully (distance: 14.76, vertices: 8)
[22:37:12] TERRAIN: Chunk created successfully: (-7.0, -15.0) at world pos (-224.0, 0.0, -480.0) (total chunks: 720)
[22:37:12] TERRAIN: Creating chunk: (7.0, -15.0) at distance 14.76
[22:37:12] TERRAIN: Chunk (7.0, -15.0): TRIMESH collision created successfully (distance: 14.76, vertices: 8)
[22:37:12] TERRAIN: Chunk created successfully: (7.0, -15.0) at world pos (224.0, 0.0, -480.0) (total chunks: 721)
[22:37:12] TERRAIN: Creating chunk: (-13.0, -9.0) at distance 14.76
[22:37:12] TERRAIN: Chunk (-13.0, -9.0): TRIMESH collision created successfully (distance: 14.76, vertices: 8)
[22:37:12] TERRAIN: Chunk created successfully: (-13.0, -9.0) at world pos (-416.0, 0.0, -288.0) (total chunks: 722)
[22:37:12] TERRAIN: Creating chunk: (13.0, -9.0) at distance 14.76
[22:37:12] TERRAIN: Chunk (13.0, -9.0): TRIMESH collision created successfully (distance: 14.76, vertices: 8)
[22:37:12] TERRAIN: Chunk created successfully: (13.0, -9.0) at world pos (416.0, 0.0, -288.0) (total chunks: 723)
[22:37:12] TERRAIN: Creating chunk: (-14.0, -7.0) at distance 14.87
[22:37:12] TERRAIN: Chunk (-14.0, -7.0): TRIMESH collision created successfully (distance: 14.87, vertices: 8)
[22:37:12] TERRAIN: Chunk created successfully: (-14.0, -7.0) at world pos (-448.0, 0.0, -224.0) (total chunks: 724)
[22:37:12] TERRAIN: Creating chunk: (11.0, -12.0) at distance 14.87
[22:37:12] TERRAIN: Chunk (11.0, -12.0): TRIMESH collision created successfully (distance: 14.87, vertices: 8)
[22:37:12] TERRAIN: Chunk created successfully: (11.0, -12.0) at world pos (352.0, 0.0, -384.0) (total chunks: 725)
[22:37:12] TERRAIN: Creating chunk: (10.0, -13.0) at distance 14.87
[22:37:12] TERRAIN: Chunk (10.0, -13.0): TRIMESH collision created successfully (distance: 14.87, vertices: 8)
[22:37:12] TERRAIN: Chunk created successfully: (10.0, -13.0) at world pos (320.0, 0.0, -416.0) (total chunks: 726)
[22:37:12] TERRAIN: Creating chunk: (-11.0, -12.0) at distance 14.87
[22:37:12] TERRAIN: Chunk (-11.0, -12.0): TRIMESH collision created successfully (distance: 14.87, vertices: 8)
[22:37:12] TERRAIN: Chunk created successfully: (-11.0, -12.0) at world pos (-352.0, 0.0, -384.0) (total chunks: 727)
[22:37:12] TERRAIN: Creating chunk: (-10.0, -13.0) at distance 14.87
[22:37:12] TERRAIN: Chunk (-10.0, -13.0): TRIMESH collision created successfully (distance: 14.87, vertices: 8)
[22:37:12] TERRAIN: Chunk created successfully: (-10.0, -13.0) at world pos (-320.0, 0.0, -416.0) (total chunks: 728)
[22:37:12] TERRAIN: Creating chunk: (14.0, -7.0) at distance 14.87
[22:37:12] TERRAIN: Chunk (14.0, -7.0): TRIMESH collision created successfully (distance: 14.87, vertices: 8)
[22:37:12] TERRAIN: Chunk created successfully: (14.0, -7.0) at world pos (448.0, 0.0, -224.0) (total chunks: 729)
[22:37:12] TERRAIN: Creating chunk: (5.0, -16.0) at distance 14.87
[22:37:12] TERRAIN: Chunk (5.0, -16.0): TRIMESH collision created successfully (distance: 14.87, vertices: 8)
[22:37:12] TERRAIN: Chunk created successfully: (5.0, -16.0) at world pos (160.0, 0.0, -512.0) (total chunks: 730)
[22:37:12] TERRAIN: Creating chunk: (-5.0, -16.0) at distance 14.87
[22:37:12] TERRAIN: Chunk (-5.0, -16.0): TRIMESH collision created successfully (distance: 14.87, vertices: 8)
[22:37:12] TERRAIN: Chunk created successfully: (-5.0, -16.0) at world pos (-160.0, 0.0, -512.0) (total chunks: 731)
[22:37:12] TERRAIN: Creating chunk: (15.0, -2.0) at distance 15.00
[22:37:12] TERRAIN: Chunk (15.0, -2.0): TRIMESH collision created successfully (distance: 15.00, vertices: 8)
[22:37:12] TERRAIN: Chunk created successfully: (15.0, -2.0) at world pos (480.0, 0.0, -64.0) (total chunks: 732)
[22:37:12] TERRAIN: Creating chunk: (12.0, -11.0) at distance 15.00
[22:37:12] TERRAIN: Chunk (12.0, -11.0): TRIMESH collision created successfully (distance: 15.00, vertices: 8)
[22:37:12] TERRAIN: Chunk created successfully: (12.0, -11.0) at world pos (384.0, 0.0, -352.0) (total chunks: 733)
[22:37:12] TERRAIN: Creating chunk: (9.0, -14.0) at distance 15.00
[22:37:12] TERRAIN: Chunk (9.0, -14.0): TRIMESH collision created successfully (distance: 15.00, vertices: 8)
[22:37:12] TERRAIN: Chunk created successfully: (9.0, -14.0) at world pos (288.0, 0.0, -448.0) (total chunks: 734)
[22:37:12] TERRAIN: Creating chunk: (0.0, -17.0) at distance 15.00
[22:37:12] TERRAIN: Chunk (0.0, -17.0): TRIMESH collision created successfully (distance: 15.00, vertices: 8)
[22:37:12] TERRAIN: Chunk created successfully: (0.0, -17.0) at world pos (0.0, 0.0, -544.0) (total chunks: 735)
[22:37:12] TERRAIN: Creating chunk: (-9.0, -14.0) at distance 15.00
[22:37:12] TERRAIN: Chunk (-9.0, -14.0): TRIMESH collision created successfully (distance: 15.00, vertices: 8)
[22:37:12] TERRAIN: Chunk created successfully: (-9.0, -14.0) at world pos (-288.0, 0.0, -448.0) (total chunks: 736)
[22:37:12] TERRAIN: Creating chunk: (-12.0, -11.0) at distance 15.00
[22:37:12] TERRAIN: Chunk (-12.0, -11.0): TRIMESH collision created successfully (distance: 15.00, vertices: 8)
[22:37:12] TERRAIN: Chunk created successfully: (-12.0, -11.0) at world pos (-384.0, 0.0, -352.0) (total chunks: 737)
[22:37:12] TERRAIN: Creating chunk: (-15.0, -2.0) at distance 15.00
[22:37:12] TERRAIN: Chunk (-15.0, -2.0): TRIMESH collision created successfully (distance: 15.00, vertices: 8)
[22:37:12] TERRAIN: Chunk created successfully: (-15.0, -2.0) at world pos (-480.0, 0.0, -64.0) (total chunks: 738)
[22:37:13] PLAYER: Pos: (18.80618, 0.009092, -35.95224) | Chunk: (0.0, -2.0) | TerrainHeight: 0.01 | HeightDiff: -0.00 | OnFloor: true
[22:37:13] PLAYER: CHUNK CHANGED: (0.0, -1.0) -> (0.0, -2.0)
[22:37:14] PLAYER: Pos: (18.34656, 0.023901, -40.41721) | Chunk: (0.0, -2.0) | TerrainHeight: 0.02 | HeightDiff: 0.00 | OnFloor: true
[22:37:15] PLAYER: Pos: (18.38704, 0.023901, -41.1661) | Chunk: (0.0, -2.0) | TerrainHeight: 0.02 | HeightDiff: 0.00 | OnFloor: true
[22:37:16] PLAYER: Pos: (18.38704, 0.023901, -41.1661) | Chunk: (0.0, -2.0) | TerrainHeight: 0.02 | HeightDiff: 0.00 | OnFloor: true
[22:37:17] PLAYER: Pos: (17.91941, 0.023901, -41.51484) | Chunk: (0.0, -2.0) | TerrainHeight: 0.02 | HeightDiff: 0.00 | OnFloor: true
[22:37:18] PLAYER: Pos: (17.3182, 0.022631, -41.96322) | Chunk: (0.0, -2.0) | TerrainHeight: 0.02 | HeightDiff: 0.00 | OnFloor: true
[22:37:19] PLAYER: Pos: (17.3182, 0.022631, -41.96322) | Chunk: (0.0, -2.0) | TerrainHeight: 0.02 | HeightDiff: 0.00 | OnFloor: true
[22:37:20] PLAYER: Pos: (17.3182, 0.022631, -41.96322) | Chunk: (0.0, -2.0) | TerrainHeight: 0.02 | HeightDiff: 0.00 | OnFloor: true
[22:37:21] PLAYER: Pos: (17.3182, 0.022631, -41.96322) | Chunk: (0.0, -2.0) | TerrainHeight: 0.02 | HeightDiff: 0.00 | OnFloor: true
[22:37:22] PLAYER: Pos: (17.3182, 0.022631, -41.96322) | Chunk: (0.0, -2.0) | TerrainHeight: 0.02 | HeightDiff: 0.00 | OnFloor: true
[22:37:23] PLAYER: Pos: (17.3772, 0.022631, -41.90437) | Chunk: (0.0, -2.0) | TerrainHeight: 0.02 | HeightDiff: 0.00 | OnFloor: true
[22:37:24] PLAYER: Pos: (17.83104, 0.022631, -41.30728) | Chunk: (0.0, -2.0) | TerrainHeight: 0.02 | HeightDiff: 0.00 | OnFloor: true
[22:37:25] PLAYER: Pos: (17.83104, 0.022631, -41.30728) | Chunk: (0.0, -2.0) | TerrainHeight: 0.02 | HeightDiff: 0.00 | OnFloor: true
[22:37:26] PLAYER: Pos: (17.83104, 0.022631, -41.30728) | Chunk: (0.0, -2.0) | TerrainHeight: 0.02 | HeightDiff: 0.00 | OnFloor: true
[22:37:27] PLAYER: Pos: (17.83104, 0.022631, -41.30728) | Chunk: (0.0, -2.0) | TerrainHeight: 0.02 | HeightDiff: 0.00 | OnFloor: true
[22:37:28] PLAYER: Pos: (17.83104, 0.022631, -41.30728) | Chunk: (0.0, -2.0) | TerrainHeight: 0.02 | HeightDiff: 0.00 | OnFloor: true
[22:37:29] PLAYER: Pos: (17.83104, 0.022631, -41.30728) | Chunk: (0.0, -2.0) | TerrainHeight: 0.02 | HeightDiff: 0.00 | OnFloor: true
[22:37:30] PLAYER: Pos: (17.83104, 0.022631, -41.30728) | Chunk: (0.0, -2.0) | TerrainHeight: 0.02 | HeightDiff: 0.00 | OnFloor: true
[22:37:31] PLAYER: Pos: (17.83104, 0.022631, -41.30728) | Chunk: (0.0, -2.0) | TerrainHeight: 0.02 | HeightDiff: 0.00 | OnFloor: true
[22:37:32] PLAYER: Pos: (17.83104, 0.022631, -41.30728) | Chunk: (0.0, -2.0) | TerrainHeight: 0.02 | HeightDiff: 0.00 | OnFloor: true
[22:37:33] PLAYER: Pos: (19.88984, 0.023051, -38.58821) | Chunk: (0.0, -2.0) | TerrainHeight: 0.02 | HeightDiff: -0.00 | OnFloor: true
[22:37:34] PLAYER: Pos: (21.52498, 0.019096, -37.06462) | Chunk: (0.0, -2.0) | TerrainHeight: 0.02 | HeightDiff: 0.00 | OnFloor: true
[22:37:35] PLAYER: Pos: (24.93844, 0.008431, -35.86431) | Chunk: (0.0, -2.0) | TerrainHeight: 0.01 | HeightDiff: 0.00 | OnFloor: true
[22:37:36] PLAYER: Pos: (29.89769, 0.005874, -35.81325) | Chunk: (0.0, -2.0) | TerrainHeight: 0.01 | HeightDiff: -0.00 | OnFloor: true
[22:37:36] TERRAIN: Player moved to new chunk: (1.0, -2.0) (was (0.0, -2.0))
[22:37:37] PLAYER: Pos: (34.83096, -0.014459, -35.10046) | Chunk: (1.0, -2.0) | TerrainHeight: -0.02 | HeightDiff: 0.00 | OnFloor: true
[22:37:37] PLAYER: CHUNK CHANGED: (0.0, -2.0) -> (1.0, -2.0)
[22:37:38] PLAYER: Pos: (39.25688, -0.025738, -34.30377) | Chunk: (1.0, -2.0) | TerrainHeight: -0.03 | HeightDiff: 0.00 | OnFloor: true
[22:37:39] PLAYER: Pos: (42.14369, -0.027984, -33.88818) | Chunk: (1.0, -2.0) | TerrainHeight: -0.03 | HeightDiff: 0.00 | OnFloor: true
[22:37:40] PLAYER: Pos: (42.14369, -0.027984, -33.88818) | Chunk: (1.0, -2.0) | TerrainHeight: -0.03 | HeightDiff: 0.00 | OnFloor: true
[22:37:41] PLAYER: Pos: (42.14369, -0.027984, -33.88818) | Chunk: (1.0, -2.0) | TerrainHeight: -0.03 | HeightDiff: 0.00 | OnFloor: true
[22:37:42] PLAYER: Pos: (42.14369, -0.027984, -33.88818) | Chunk: (1.0, -2.0) | TerrainHeight: -0.03 | HeightDiff: 0.00 | OnFloor: true
[22:37:43] PLAYER: Pos: (42.72087, -0.027984, -33.80377) | Chunk: (1.0, -2.0) | TerrainHeight: -0.03 | HeightDiff: 0.00 | OnFloor: true
[22:37:44] PLAYER: Pos: (47.45052, -0.025929, -32.34639) | Chunk: (1.0, -2.0) | TerrainHeight: -0.03 | HeightDiff: -0.00 | OnFloor: true
[22:37:44] TERRAIN: Player moved to new chunk: (1.0, -1.0) (was (1.0, -2.0))
[22:37:44] TERRAIN: Updating terrain for player chunk: (1.0, -1.0) (player pos: (48.81385, -0.023895, -31.96187))
[22:37:44] TERRAIN: Player chunk (1.0, -1.0) distance: 0.00 (max_distance: 20)
[22:37:44] TERRAIN: Queuing 23 new chunks for generation
[22:37:44] TERRAIN: Queued chunk: (15.0, -1.0) (distance: 14.00)
[22:37:44] TERRAIN: Queued chunk: (15.0, 0.0) (distance: 14.04)
[22:37:44] TERRAIN: Queued chunk: (15.0, 1.0) (distance: 14.14)
[22:37:44] TERRAIN: Queued chunk: (15.0, -3.0) (distance: 14.14)
[22:37:44] TERRAIN: Queued chunk: (15.0, -4.0) (distance: 14.32)
[22:37:44] TERRAIN: Queued chunk: (15.0, 2.0) (distance: 14.32)
[22:37:44] TERRAIN: Queued chunk: (14.0, 5.0) (distance: 14.32)
[22:37:44] TERRAIN: Queued chunk: (13.0, 7.0) (distance: 14.42)
[22:37:44] TERRAIN: Queued chunk: (15.0, -5.0) (distance: 14.56)
[22:37:44] TERRAIN: Queued chunk: (15.0, 3.0) (distance: 14.56)
[22:37:44] TERRAIN: Queued chunk: (14.0, 6.0) (distance: 14.76)
[22:37:44] TERRAIN: Queued chunk: (14.0, -8.0) (distance: 14.76)
[22:37:44] TERRAIN: Queued chunk: (8.0, 12.0) (distance: 14.76)
[22:37:44] TERRAIN: Queued chunk: (15.0, -6.0) (distance: 14.87)
[22:37:44] TERRAIN: Queued chunk: (12.0, 9.0) (distance: 14.87)
[22:37:44] TERRAIN: Queued chunk: (11.0, 10.0) (distance: 14.87)
[22:37:44] TERRAIN: Queued chunk: (15.0, 4.0) (distance: 14.87)
[22:37:44] TERRAIN: Queued chunk: (6.0, 13.0) (distance: 14.87)
[22:37:44] TERRAIN: Queued chunk: (16.0, -1.0) (distance: 15.00)
[22:37:44] TERRAIN: Queued chunk: (13.0, 8.0) (distance: 15.00)
[22:37:44] TERRAIN: Queued chunk: (13.0, -10.0) (distance: 15.00)
[22:37:44] TERRAIN: Queued chunk: (10.0, 11.0) (distance: 15.00)
[22:37:44] TERRAIN: Queued chunk: (1.0, 14.0) (distance: 15.00)
[22:37:44] TERRAIN: Creating chunk: (15.0, -1.0) at distance 14.00
[22:37:44] TERRAIN: Chunk (15.0, -1.0): TRIMESH collision created successfully (distance: 14.00, vertices: 8)
[22:37:44] TERRAIN: Chunk created successfully: (15.0, -1.0) at world pos (480.0, 0.0, -32.0) (total chunks: 739)
[22:37:44] TERRAIN: Creating chunk: (15.0, 0.0) at distance 14.04
[22:37:44] TERRAIN: Chunk (15.0, 0.0): TRIMESH collision created successfully (distance: 14.04, vertices: 8)
[22:37:44] TERRAIN: Chunk created successfully: (15.0, 0.0) at world pos (480.0, 0.0, 0.0) (total chunks: 740)
[22:37:44] TERRAIN: Creating chunk: (15.0, 1.0) at distance 14.14
[22:37:44] TERRAIN: Chunk (15.0, 1.0): TRIMESH collision created successfully (distance: 14.14, vertices: 8)
[22:37:44] TERRAIN: Chunk created successfully: (15.0, 1.0) at world pos (480.0, 0.0, 32.0) (total chunks: 741)
[22:37:44] TERRAIN: Creating chunk: (15.0, -3.0) at distance 14.14
[22:37:44] TERRAIN: Chunk (15.0, -3.0): TRIMESH collision created successfully (distance: 14.14, vertices: 8)
[22:37:44] TERRAIN: Chunk created successfully: (15.0, -3.0) at world pos (480.0, 0.0, -96.0) (total chunks: 742)
[22:37:44] TERRAIN: Creating chunk: (15.0, -4.0) at distance 14.32
[22:37:44] TERRAIN: Chunk (15.0, -4.0): TRIMESH collision created successfully (distance: 14.32, vertices: 8)
[22:37:44] TERRAIN: Chunk created successfully: (15.0, -4.0) at world pos (480.0, 0.0, -128.0) (total chunks: 743)
[22:37:44] TERRAIN: Creating chunk: (15.0, 2.0) at distance 14.32
[22:37:44] TERRAIN: Chunk (15.0, 2.0): TRIMESH collision created successfully (distance: 14.32, vertices: 8)
[22:37:44] TERRAIN: Chunk created successfully: (15.0, 2.0) at world pos (480.0, 0.0, 64.0) (total chunks: 744)
[22:37:44] TERRAIN: Creating chunk: (14.0, 5.0) at distance 14.32
[22:37:44] TERRAIN: Chunk (14.0, 5.0): TRIMESH collision created successfully (distance: 14.32, vertices: 8)
[22:37:44] TERRAIN: Chunk created successfully: (14.0, 5.0) at world pos (448.0, 0.0, 160.0) (total chunks: 745)
[22:37:44] TERRAIN: Creating chunk: (13.0, 7.0) at distance 14.42
[22:37:44] TERRAIN: Chunk (13.0, 7.0): TRIMESH collision created successfully (distance: 14.42, vertices: 8)
[22:37:44] TERRAIN: Chunk created successfully: (13.0, 7.0) at world pos (416.0, 0.0, 224.0) (total chunks: 746)
[22:37:44] TERRAIN: Creating chunk: (15.0, -5.0) at distance 14.56
[22:37:44] TERRAIN: Chunk (15.0, -5.0): TRIMESH collision created successfully (distance: 14.56, vertices: 8)
[22:37:44] TERRAIN: Chunk created successfully: (15.0, -5.0) at world pos (480.0, 0.0, -160.0) (total chunks: 747)
[22:37:44] TERRAIN: Creating chunk: (15.0, 3.0) at distance 14.56
[22:37:44] TERRAIN: Chunk (15.0, 3.0): TRIMESH collision created successfully (distance: 14.56, vertices: 8)
[22:37:44] TERRAIN: Chunk created successfully: (15.0, 3.0) at world pos (480.0, 0.0, 96.0) (total chunks: 748)
[22:37:44] TERRAIN: Creating chunk: (14.0, 6.0) at distance 14.76
[22:37:44] TERRAIN: Chunk (14.0, 6.0): TRIMESH collision created successfully (distance: 14.76, vertices: 8)
[22:37:44] TERRAIN: Chunk created successfully: (14.0, 6.0) at world pos (448.0, 0.0, 192.0) (total chunks: 749)
[22:37:44] TERRAIN: Creating chunk: (14.0, -8.0) at distance 14.76
[22:37:44] TERRAIN: Chunk (14.0, -8.0): TRIMESH collision created successfully (distance: 14.76, vertices: 8)
[22:37:44] TERRAIN: Chunk created successfully: (14.0, -8.0) at world pos (448.0, 0.0, -256.0) (total chunks: 750)
[22:37:44] TERRAIN: Creating chunk: (8.0, 12.0) at distance 14.76
[22:37:44] TERRAIN: Chunk (8.0, 12.0): TRIMESH collision created successfully (distance: 14.76, vertices: 8)
[22:37:44] TERRAIN: Chunk created successfully: (8.0, 12.0) at world pos (256.0, 0.0, 384.0) (total chunks: 751)
[22:37:44] TERRAIN: Creating chunk: (15.0, -6.0) at distance 14.87
[22:37:44] TERRAIN: Chunk (15.0, -6.0): TRIMESH collision created successfully (distance: 14.87, vertices: 8)
[22:37:44] TERRAIN: Chunk created successfully: (15.0, -6.0) at world pos (480.0, 0.0, -192.0) (total chunks: 752)
[22:37:44] TERRAIN: Creating chunk: (12.0, 9.0) at distance 14.87
[22:37:44] TERRAIN: Chunk (12.0, 9.0): TRIMESH collision created successfully (distance: 14.87, vertices: 8)
[22:37:44] TERRAIN: Chunk created successfully: (12.0, 9.0) at world pos (384.0, 0.0, 288.0) (total chunks: 753)
[22:37:44] TERRAIN: Creating chunk: (11.0, 10.0) at distance 14.87
[22:37:44] TERRAIN: Chunk (11.0, 10.0): TRIMESH collision created successfully (distance: 14.87, vertices: 8)
[22:37:44] TERRAIN: Chunk created successfully: (11.0, 10.0) at world pos (352.0, 0.0, 320.0) (total chunks: 754)
[22:37:44] TERRAIN: Creating chunk: (15.0, 4.0) at distance 14.87
[22:37:44] TERRAIN: Chunk (15.0, 4.0): TRIMESH collision created successfully (distance: 14.87, vertices: 8)
[22:37:44] TERRAIN: Chunk created successfully: (15.0, 4.0) at world pos (480.0, 0.0, 128.0) (total chunks: 755)
[22:37:44] TERRAIN: Creating chunk: (6.0, 13.0) at distance 14.87
[22:37:44] TERRAIN: Chunk (6.0, 13.0): TRIMESH collision created successfully (distance: 14.87, vertices: 8)
[22:37:44] TERRAIN: Chunk created successfully: (6.0, 13.0) at world pos (192.0, 0.0, 416.0) (total chunks: 756)
[22:37:44] TERRAIN: Creating chunk: (16.0, -1.0) at distance 15.00
[22:37:44] TERRAIN: Chunk (16.0, -1.0): TRIMESH collision created successfully (distance: 15.00, vertices: 8)
[22:37:44] TERRAIN: Chunk created successfully: (16.0, -1.0) at world pos (512.0, 0.0, -32.0) (total chunks: 757)
[22:37:44] TERRAIN: Creating chunk: (13.0, 8.0) at distance 15.00
[22:37:44] TERRAIN: Chunk (13.0, 8.0): TRIMESH collision created successfully (distance: 15.00, vertices: 8)
[22:37:44] TERRAIN: Chunk created successfully: (13.0, 8.0) at world pos (416.0, 0.0, 256.0) (total chunks: 758)
[22:37:44] TERRAIN: Creating chunk: (13.0, -10.0) at distance 15.00
[22:37:44] TERRAIN: Chunk (13.0, -10.0): TRIMESH collision created successfully (distance: 15.00, vertices: 8)
[22:37:44] TERRAIN: Chunk created successfully: (13.0, -10.0) at world pos (416.0, 0.0, -320.0) (total chunks: 759)
[22:37:44] TERRAIN: Creating chunk: (10.0, 11.0) at distance 15.00
[22:37:44] TERRAIN: Chunk (10.0, 11.0): TRIMESH collision created successfully (distance: 15.00, vertices: 8)
[22:37:44] TERRAIN: Chunk created successfully: (10.0, 11.0) at world pos (320.0, 0.0, 352.0) (total chunks: 760)
[22:37:44] TERRAIN: Creating chunk: (1.0, 14.0) at distance 15.00
[22:37:44] TERRAIN: Chunk (1.0, 14.0): TRIMESH collision created successfully (distance: 15.00, vertices: 8)
[22:37:44] TERRAIN: Chunk created successfully: (1.0, 14.0) at world pos (32.0, 0.0, 448.0) (total chunks: 761)
[22:37:45] PLAYER: Pos: (51.80676, -0.021853, -30.16489) | Chunk: (1.0, -1.0) | TerrainHeight: -0.02 | HeightDiff: 0.00 | OnFloor: true
[22:37:45] PLAYER: CHUNK CHANGED: (1.0, -2.0) -> (1.0, -1.0)
[22:37:46] PLAYER: Pos: (54.26043, -0.022017, -25.83566) | Chunk: (1.0, -1.0) | TerrainHeight: -0.02 | HeightDiff: -0.00 | OnFloor: true
[22:37:47] PLAYER: Pos: (56.60992, -0.028871, -21.42426) | Chunk: (1.0, -1.0) | TerrainHeight: -0.03 | HeightDiff: 0.00 | OnFloor: true
[22:37:48] PLAYER: Pos: (59.04753, -0.023749, -17.05868) | Chunk: (1.0, -1.0) | TerrainHeight: -0.02 | HeightDiff: -0.00 | OnFloor: true
[22:37:49] PLAYER: Pos: (61.29702, -0.019321, -12.61079) | Chunk: (1.0, -1.0) | TerrainHeight: -0.02 | HeightDiff: -0.00 | OnFloor: true
[22:37:50] PLAYER: Pos: (62.82151, -0.033999, -7.848944) | Chunk: (1.0, -1.0) | TerrainHeight: -0.04 | HeightDiff: 0.00 | OnFloor: true
[22:37:50] TERRAIN: Player moved to new chunk: (2.0, -1.0) (was (1.0, -1.0))
[22:37:51] PLAYER: Pos: (65.33311, -0.054052, -3.62966) | Chunk: (2.0, -1.0) | TerrainHeight: -0.06 | HeightDiff: 0.00 | OnFloor: true
[22:37:51] PLAYER: CHUNK CHANGED: (1.0, -1.0) -> (2.0, -1.0)
[22:37:52] PLAYER: Pos: (65.89468, -0.055175, -3.275326) | Chunk: (2.0, -1.0) | TerrainHeight: -0.06 | HeightDiff: 0.00 | OnFloor: true
[22:37:53] PLAYER: Pos: (65.89468, -0.055175, -3.275326) | Chunk: (2.0, -1.0) | TerrainHeight: -0.06 | HeightDiff: 0.00 | OnFloor: true
[22:37:54] PLAYER: Pos: (65.89468, -0.055175, -3.275326) | Chunk: (2.0, -1.0) | TerrainHeight: -0.06 | HeightDiff: 0.00 | OnFloor: true
[22:37:55] PLAYER: Pos: (65.89468, -0.055175, -3.275326) | Chunk: (2.0, -1.0) | TerrainHeight: -0.06 | HeightDiff: 0.00 | OnFloor: true
[22:37:56] PLAYER: Pos: (65.89468, -0.055175, -3.275326) | Chunk: (2.0, -1.0) | TerrainHeight: -0.06 | HeightDiff: 0.00 | OnFloor: true
[22:37:57] PLAYER: Pos: (65.89468, -0.055175, -3.275326) | Chunk: (2.0, -1.0) | TerrainHeight: -0.06 | HeightDiff: 0.00 | OnFloor: true
[22:37:58] PLAYER: Pos: (65.89468, -0.055175, -3.275326) | Chunk: (2.0, -1.0) | TerrainHeight: -0.06 | HeightDiff: 0.00 | OnFloor: true
[22:37:59] PLAYER: Pos: (65.89468, -0.055175, -3.275326) | Chunk: (2.0, -1.0) | TerrainHeight: -0.06 | HeightDiff: 0.00 | OnFloor: true
[22:38:00] PLAYER: Pos: (65.89468, -0.055175, -3.275326) | Chunk: (2.0, -1.0) | TerrainHeight: -0.06 | HeightDiff: 0.00 | OnFloor: true
[22:38:01] PLAYER: Pos: (66.58481, -0.058691, -2.038089) | Chunk: (2.0, -1.0) | TerrainHeight: -0.06 | HeightDiff: 0.01 | OnFloor: true
[22:38:01] TERRAIN: Player moved to new chunk: (2.0, 0.0) (was (2.0, -1.0))
[22:38:01] TERRAIN: Updating terrain for player chunk: (2.0, 0.0) (player pos: (68.5033, -0.064932, 0.06773))
[22:38:01] TERRAIN: Player chunk (2.0, 0.0) distance: 0.00 (max_distance: 20)
[22:38:01] TERRAIN: Queuing 40 new chunks for generation
[22:38:01] TERRAIN: Queued chunk: (14.0, 7.0) (distance: 13.89)
[22:38:01] TERRAIN: Queued chunk: (9.0, 12.0) (distance: 13.89)
[22:38:01] TERRAIN: Queued chunk: (15.0, 5.0) (distance: 13.93)
[22:38:01] TERRAIN: Queued chunk: (7.0, 13.0) (distance: 13.93)
[22:38:01] TERRAIN: Queued chunk: (16.0, 0.0) (distance: 14.00)
[22:38:01] TERRAIN: Queued chunk: (2.0, 14.0) (distance: 14.00)
[22:38:01] TERRAIN: Queued chunk: (3.0, 14.0) (distance: 14.04)
[22:38:01] TERRAIN: Queued chunk: (16.0, 1.0) (distance: 14.04)
[22:38:01] TERRAIN: Queued chunk: (16.0, -2.0) (distance: 14.14)
[22:38:01] TERRAIN: Queued chunk: (4.0, 14.0) (distance: 14.14)
[22:38:01] TERRAIN: Queued chunk: (12.0, 10.0) (distance: 14.14)
[22:38:01] TERRAIN: Queued chunk: (16.0, 2.0) (distance: 14.14)
[22:38:01] TERRAIN: Queued chunk: (13.0, 9.0) (distance: 14.21)
[22:38:01] TERRAIN: Queued chunk: (11.0, 11.0) (distance: 14.21)
[22:38:01] TERRAIN: Queued chunk: (8.0, 13.0) (distance: 14.32)
[22:38:01] TERRAIN: Queued chunk: (16.0, 3.0) (distance: 14.32)
[22:38:01] TERRAIN: Queued chunk: (16.0, -3.0) (distance: 14.32)
[22:38:01] TERRAIN: Queued chunk: (5.0, 14.0) (distance: 14.32)
[22:38:01] TERRAIN: Queued chunk: (-1.0, 14.0) (distance: 14.32)
[22:38:01] TERRAIN: Queued chunk: (15.0, 6.0) (distance: 14.32)
[22:38:01] TERRAIN: Queued chunk: (10.0, 12.0) (distance: 14.42)
[22:38:01] TERRAIN: Queued chunk: (14.0, 8.0) (distance: 14.42)
[22:38:01] TERRAIN: Queued chunk: (16.0, -4.0) (distance: 14.56)
[22:38:01] TERRAIN: Queued chunk: (6.0, 14.0) (distance: 14.56)
[22:38:01] TERRAIN: Queued chunk: (16.0, 4.0) (distance: 14.56)
[22:38:01] TERRAIN: Queued chunk: (-2.0, 14.0) (distance: 14.56)
[22:38:01] TERRAIN: Queued chunk: (9.0, 13.0) (distance: 14.76)
[22:38:01] TERRAIN: Queued chunk: (15.0, -7.0) (distance: 14.76)
[22:38:01] TERRAIN: Queued chunk: (15.0, 7.0) (distance: 14.76)
[22:38:01] TERRAIN: Queued chunk: (16.0, 5.0) (distance: 14.87)
[22:38:01] TERRAIN: Queued chunk: (16.0, -5.0) (distance: 14.87)
[22:38:01] TERRAIN: Queued chunk: (13.0, 10.0) (distance: 14.87)
[22:38:01] TERRAIN: Queued chunk: (12.0, 11.0) (distance: 14.87)
[22:38:01] TERRAIN: Queued chunk: (7.0, 14.0) (distance: 14.87)
[22:38:01] TERRAIN: Queued chunk: (-3.0, 14.0) (distance: 14.87)
[22:38:01] TERRAIN: Queued chunk: (14.0, 9.0) (distance: 15.00)
[22:38:01] TERRAIN: Queued chunk: (14.0, -9.0) (distance: 15.00)
[22:38:01] TERRAIN: Queued chunk: (11.0, 12.0) (distance: 15.00)
[22:38:01] TERRAIN: Queued chunk: (2.0, 15.0) (distance: 15.00)
[22:38:01] TERRAIN: Queued chunk: (17.0, 0.0) (distance: 15.00)
[22:38:01] TERRAIN: Creating chunk: (14.0, 7.0) at distance 13.89
[22:38:01] TERRAIN: Chunk (14.0, 7.0): TRIMESH collision created successfully (distance: 13.89, vertices: 8)
[22:38:01] TERRAIN: Chunk created successfully: (14.0, 7.0) at world pos (448.0, 0.0, 224.0) (total chunks: 762)
[22:38:01] TERRAIN: Creating chunk: (9.0, 12.0) at distance 13.89
[22:38:01] TERRAIN: Chunk (9.0, 12.0): TRIMESH collision created successfully (distance: 13.89, vertices: 8)
[22:38:01] TERRAIN: Chunk created successfully: (9.0, 12.0) at world pos (288.0, 0.0, 384.0) (total chunks: 763)
[22:38:01] TERRAIN: Creating chunk: (15.0, 5.0) at distance 13.93
[22:38:01] TERRAIN: Chunk (15.0, 5.0): TRIMESH collision created successfully (distance: 13.93, vertices: 8)
[22:38:01] TERRAIN: Chunk created successfully: (15.0, 5.0) at world pos (480.0, 0.0, 160.0) (total chunks: 764)
[22:38:01] TERRAIN: Creating chunk: (7.0, 13.0) at distance 13.93
[22:38:01] TERRAIN: Chunk (7.0, 13.0): TRIMESH collision created successfully (distance: 13.93, vertices: 8)
[22:38:01] TERRAIN: Chunk created successfully: (7.0, 13.0) at world pos (224.0, 0.0, 416.0) (total chunks: 765)
[22:38:01] TERRAIN: Creating chunk: (16.0, 0.0) at distance 14.00
[22:38:01] TERRAIN: Chunk (16.0, 0.0): TRIMESH collision created successfully (distance: 14.00, vertices: 8)
[22:38:01] TERRAIN: Chunk created successfully: (16.0, 0.0) at world pos (512.0, 0.0, 0.0) (total chunks: 766)
[22:38:01] TERRAIN: Creating chunk: (2.0, 14.0) at distance 14.00
[22:38:01] TERRAIN: Chunk (2.0, 14.0): TRIMESH collision created successfully (distance: 14.00, vertices: 8)
[22:38:01] TERRAIN: Chunk created successfully: (2.0, 14.0) at world pos (64.0, 0.0, 448.0) (total chunks: 767)
[22:38:01] TERRAIN: Creating chunk: (3.0, 14.0) at distance 14.04
[22:38:01] TERRAIN: Chunk (3.0, 14.0): TRIMESH collision created successfully (distance: 14.04, vertices: 8)
[22:38:01] TERRAIN: Chunk created successfully: (3.0, 14.0) at world pos (96.0, 0.0, 448.0) (total chunks: 768)
[22:38:01] TERRAIN: Creating chunk: (16.0, 1.0) at distance 14.04
[22:38:01] TERRAIN: Chunk (16.0, 1.0): TRIMESH collision created successfully (distance: 14.04, vertices: 8)
[22:38:01] TERRAIN: Chunk created successfully: (16.0, 1.0) at world pos (512.0, 0.0, 32.0) (total chunks: 769)
[22:38:01] TERRAIN: Creating chunk: (16.0, -2.0) at distance 14.14
[22:38:01] TERRAIN: Chunk (16.0, -2.0): TRIMESH collision created successfully (distance: 14.14, vertices: 8)
[22:38:01] TERRAIN: Chunk created successfully: (16.0, -2.0) at world pos (512.0, 0.0, -64.0) (total chunks: 770)
[22:38:01] TERRAIN: Creating chunk: (4.0, 14.0) at distance 14.14
[22:38:01] TERRAIN: Chunk (4.0, 14.0): TRIMESH collision created successfully (distance: 14.14, vertices: 8)
[22:38:01] TERRAIN: Chunk created successfully: (4.0, 14.0) at world pos (128.0, 0.0, 448.0) (total chunks: 771)
[22:38:01] TERRAIN: Creating chunk: (12.0, 10.0) at distance 14.14
[22:38:01] TERRAIN: Chunk (12.0, 10.0): TRIMESH collision created successfully (distance: 14.14, vertices: 8)
[22:38:01] TERRAIN: Chunk created successfully: (12.0, 10.0) at world pos (384.0, 0.0, 320.0) (total chunks: 772)
[22:38:01] TERRAIN: Creating chunk: (16.0, 2.0) at distance 14.14
[22:38:01] TERRAIN: Chunk (16.0, 2.0): TRIMESH collision created successfully (distance: 14.14, vertices: 8)
[22:38:01] TERRAIN: Chunk created successfully: (16.0, 2.0) at world pos (512.0, 0.0, 64.0) (total chunks: 773)
[22:38:01] TERRAIN: Creating chunk: (13.0, 9.0) at distance 14.21
[22:38:01] TERRAIN: Chunk (13.0, 9.0): TRIMESH collision created successfully (distance: 14.21, vertices: 8)
[22:38:01] TERRAIN: Chunk created successfully: (13.0, 9.0) at world pos (416.0, 0.0, 288.0) (total chunks: 774)
[22:38:01] TERRAIN: Creating chunk: (11.0, 11.0) at distance 14.21
[22:38:01] TERRAIN: Chunk (11.0, 11.0): TRIMESH collision created successfully (distance: 14.21, vertices: 8)
[22:38:01] TERRAIN: Chunk created successfully: (11.0, 11.0) at world pos (352.0, 0.0, 352.0) (total chunks: 775)
[22:38:01] TERRAIN: Creating chunk: (8.0, 13.0) at distance 14.32
[22:38:01] TERRAIN: Chunk (8.0, 13.0): TRIMESH collision created successfully (distance: 14.32, vertices: 8)
[22:38:01] TERRAIN: Chunk created successfully: (8.0, 13.0) at world pos (256.0, 0.0, 416.0) (total chunks: 776)
[22:38:01] TERRAIN: Creating chunk: (16.0, 3.0) at distance 14.32
[22:38:01] TERRAIN: Chunk (16.0, 3.0): TRIMESH collision created successfully (distance: 14.32, vertices: 8)
[22:38:01] TERRAIN: Chunk created successfully: (16.0, 3.0) at world pos (512.0, 0.0, 96.0) (total chunks: 777)
[22:38:01] TERRAIN: Creating chunk: (16.0, -3.0) at distance 14.32
[22:38:01] TERRAIN: Chunk (16.0, -3.0): TRIMESH collision created successfully (distance: 14.32, vertices: 8)
[22:38:01] TERRAIN: Chunk created successfully: (16.0, -3.0) at world pos (512.0, 0.0, -96.0) (total chunks: 778)
[22:38:01] TERRAIN: Creating chunk: (5.0, 14.0) at distance 14.32
[22:38:01] TERRAIN: Chunk (5.0, 14.0): TRIMESH collision created successfully (distance: 14.32, vertices: 8)
[22:38:01] TERRAIN: Chunk created successfully: (5.0, 14.0) at world pos (160.0, 0.0, 448.0) (total chunks: 779)
[22:38:01] TERRAIN: Creating chunk: (-1.0, 14.0) at distance 14.32
[22:38:01] TERRAIN: Chunk (-1.0, 14.0): TRIMESH collision created successfully (distance: 14.32, vertices: 8)
[22:38:01] TERRAIN: Chunk created successfully: (-1.0, 14.0) at world pos (-32.0, 0.0, 448.0) (total chunks: 780)
[22:38:01] TERRAIN: Creating chunk: (15.0, 6.0) at distance 14.32
[22:38:01] TERRAIN: Chunk (15.0, 6.0): TRIMESH collision created successfully (distance: 14.32, vertices: 8)
[22:38:01] TERRAIN: Chunk created successfully: (15.0, 6.0) at world pos (480.0, 0.0, 192.0) (total chunks: 781)
[22:38:01] TERRAIN: Creating chunk: (10.0, 12.0) at distance 14.42
[22:38:01] TERRAIN: Chunk (10.0, 12.0): TRIMESH collision created successfully (distance: 14.42, vertices: 8)
[22:38:01] TERRAIN: Chunk created successfully: (10.0, 12.0) at world pos (320.0, 0.0, 384.0) (total chunks: 782)
[22:38:01] TERRAIN: Creating chunk: (14.0, 8.0) at distance 14.42
[22:38:01] TERRAIN: Chunk (14.0, 8.0): TRIMESH collision created successfully (distance: 14.42, vertices: 8)
[22:38:01] TERRAIN: Chunk created successfully: (14.0, 8.0) at world pos (448.0, 0.0, 256.0) (total chunks: 783)
[22:38:01] TERRAIN: Creating chunk: (16.0, -4.0) at distance 14.56
[22:38:01] TERRAIN: Chunk (16.0, -4.0): TRIMESH collision created successfully (distance: 14.56, vertices: 8)
[22:38:01] TERRAIN: Chunk created successfully: (16.0, -4.0) at world pos (512.0, 0.0, -128.0) (total chunks: 784)
[22:38:01] TERRAIN: Creating chunk: (6.0, 14.0) at distance 14.56
[22:38:01] TERRAIN: Chunk (6.0, 14.0): TRIMESH collision created successfully (distance: 14.56, vertices: 8)
[22:38:01] TERRAIN: Chunk created successfully: (6.0, 14.0) at world pos (192.0, 0.0, 448.0) (total chunks: 785)
[22:38:01] TERRAIN: Creating chunk: (16.0, 4.0) at distance 14.56
[22:38:01] TERRAIN: Chunk (16.0, 4.0): TRIMESH collision created successfully (distance: 14.56, vertices: 8)
[22:38:01] TERRAIN: Chunk created successfully: (16.0, 4.0) at world pos (512.0, 0.0, 128.0) (total chunks: 786)
[22:38:01] TERRAIN: Creating chunk: (-2.0, 14.0) at distance 14.56
[22:38:01] TERRAIN: Chunk (-2.0, 14.0): TRIMESH collision created successfully (distance: 14.56, vertices: 8)
[22:38:01] TERRAIN: Chunk created successfully: (-2.0, 14.0) at world pos (-64.0, 0.0, 448.0) (total chunks: 787)
[22:38:01] TERRAIN: Creating chunk: (9.0, 13.0) at distance 14.76
[22:38:01] TERRAIN: Chunk (9.0, 13.0): TRIMESH collision created successfully (distance: 14.76, vertices: 8)
[22:38:01] TERRAIN: Chunk created successfully: (9.0, 13.0) at world pos (288.0, 0.0, 416.0) (total chunks: 788)
[22:38:01] TERRAIN: Creating chunk: (15.0, -7.0) at distance 14.76
[22:38:01] TERRAIN: Chunk (15.0, -7.0): TRIMESH collision created successfully (distance: 14.76, vertices: 8)
[22:38:01] TERRAIN: Chunk created successfully: (15.0, -7.0) at world pos (480.0, 0.0, -224.0) (total chunks: 789)
[22:38:01] TERRAIN: Creating chunk: (15.0, 7.0) at distance 14.76
[22:38:01] TERRAIN: Chunk (15.0, 7.0): TRIMESH collision created successfully (distance: 14.76, vertices: 8)
[22:38:01] TERRAIN: Chunk created successfully: (15.0, 7.0) at world pos (480.0, 0.0, 224.0) (total chunks: 790)
[22:38:01] TERRAIN: Creating chunk: (16.0, 5.0) at distance 14.87
[22:38:01] TERRAIN: Chunk (16.0, 5.0): TRIMESH collision created successfully (distance: 14.87, vertices: 8)
[22:38:01] TERRAIN: Chunk created successfully: (16.0, 5.0) at world pos (512.0, 0.0, 160.0) (total chunks: 791)
[22:38:01] TERRAIN: Creating chunk: (16.0, -5.0) at distance 14.87
[22:38:01] TERRAIN: Chunk (16.0, -5.0): TRIMESH collision created successfully (distance: 14.87, vertices: 8)
[22:38:01] TERRAIN: Chunk created successfully: (16.0, -5.0) at world pos (512.0, 0.0, -160.0) (total chunks: 792)
[22:38:01] TERRAIN: Creating chunk: (13.0, 10.0) at distance 14.87
[22:38:01] TERRAIN: Chunk (13.0, 10.0): TRIMESH collision created successfully (distance: 14.87, vertices: 8)
[22:38:01] TERRAIN: Chunk created successfully: (13.0, 10.0) at world pos (416.0, 0.0, 320.0) (total chunks: 793)
[22:38:01] TERRAIN: Creating chunk: (12.0, 11.0) at distance 14.87
[22:38:01] TERRAIN: Chunk (12.0, 11.0): TRIMESH collision created successfully (distance: 14.87, vertices: 8)
[22:38:01] TERRAIN: Chunk created successfully: (12.0, 11.0) at world pos (384.0, 0.0, 352.0) (total chunks: 794)
[22:38:01] TERRAIN: Creating chunk: (7.0, 14.0) at distance 14.87
[22:38:01] TERRAIN: Chunk (7.0, 14.0): TRIMESH collision created successfully (distance: 14.87, vertices: 8)
[22:38:01] TERRAIN: Chunk created successfully: (7.0, 14.0) at world pos (224.0, 0.0, 448.0) (total chunks: 795)
[22:38:01] TERRAIN: Creating chunk: (-3.0, 14.0) at distance 14.87
[22:38:01] TERRAIN: Chunk (-3.0, 14.0): TRIMESH collision created successfully (distance: 14.87, vertices: 8)
[22:38:01] TERRAIN: Chunk created successfully: (-3.0, 14.0) at world pos (-96.0, 0.0, 448.0) (total chunks: 796)
[22:38:01] TERRAIN: Creating chunk: (14.0, 9.0) at distance 15.00
[22:38:01] TERRAIN: Chunk (14.0, 9.0): TRIMESH collision created successfully (distance: 15.00, vertices: 8)
[22:38:01] TERRAIN: Chunk created successfully: (14.0, 9.0) at world pos (448.0, 0.0, 288.0) (total chunks: 797)
[22:38:01] TERRAIN: Creating chunk: (14.0, -9.0) at distance 15.00
[22:38:01] TERRAIN: Chunk (14.0, -9.0): TRIMESH collision created successfully (distance: 15.00, vertices: 8)
[22:38:01] TERRAIN: Chunk created successfully: (14.0, -9.0) at world pos (448.0, 0.0, -288.0) (total chunks: 798)
[22:38:01] TERRAIN: Creating chunk: (11.0, 12.0) at distance 15.00
[22:38:01] TERRAIN: Chunk (11.0, 12.0): TRIMESH collision created successfully (distance: 15.00, vertices: 8)
[22:38:01] TERRAIN: Chunk created successfully: (11.0, 12.0) at world pos (352.0, 0.0, 384.0) (total chunks: 799)
[22:38:01] TERRAIN: Creating chunk: (2.0, 15.0) at distance 15.00
[22:38:01] TERRAIN: Chunk (2.0, 15.0): TRIMESH collision created successfully (distance: 15.00, vertices: 8)
[22:38:01] TERRAIN: Chunk created successfully: (2.0, 15.0) at world pos (64.0, 0.0, 480.0) (total chunks: 800)
[22:38:01] TERRAIN: Creating chunk: (17.0, 0.0) at distance 15.00
[22:38:01] TERRAIN: Chunk (17.0, 0.0): TRIMESH collision created successfully (distance: 15.00, vertices: 8)
[22:38:01] TERRAIN: Chunk created successfully: (17.0, 0.0) at world pos (544.0, 0.0, 0.0) (total chunks: 801)
[22:38:02] PLAYER: Pos: (69.12406, -0.05664, 2.042735) | Chunk: (2.0, 0.0) | TerrainHeight: -0.06 | HeightDiff: 0.00 | OnFloor: true
[22:38:02] PLAYER: CHUNK CHANGED: (2.0, -1.0) -> (2.0, 0.0)
[22:38:03] PLAYER: Pos: (72.55701, -0.042188, 5.505045) | Chunk: (2.0, 0.0) | TerrainHeight: -0.04 | HeightDiff: -0.00 | OnFloor: true
[22:38:04] PLAYER: Pos: (76.836, -0.029227, 8.073741) | Chunk: (2.0, 0.0) | TerrainHeight: -0.03 | HeightDiff: 0.00 | OnFloor: true
[22:38:05] PLAYER: Pos: (79.59056, -0.015728, 10.09482) | Chunk: (2.0, 0.0) | TerrainHeight: -0.02 | HeightDiff: 0.00 | OnFloor: true
[22:38:06] PLAYER: Pos: (81.00144, -0.009268, 11.13002) | Chunk: (2.0, 0.0) | TerrainHeight: -0.01 | HeightDiff: 0.00 | OnFloor: true
[22:38:07] PLAYER: Pos: (83.52549, -0.002974, 13.10564) | Chunk: (2.0, 0.0) | TerrainHeight: -0.00 | HeightDiff: -0.00 | OnFloor: true
[22:38:08] PLAYER: Pos: (83.52549, -0.002974, 13.10564) | Chunk: (2.0, 0.0) | TerrainHeight: -0.00 | HeightDiff: -0.00 | OnFloor: true
[22:38:09] PLAYER: Pos: (83.52549, -0.002974, 13.10564) | Chunk: (2.0, 0.0) | TerrainHeight: -0.00 | HeightDiff: -0.00 | OnFloor: true
[22:38:10] PLAYER: Pos: (83.52549, -0.002974, 13.10564) | Chunk: (2.0, 0.0) | TerrainHeight: -0.00 | HeightDiff: -0.00 | OnFloor: true
[22:38:11] PLAYER: Pos: (83.52549, -0.002974, 13.10564) | Chunk: (2.0, 0.0) | TerrainHeight: -0.00 | HeightDiff: -0.00 | OnFloor: true
[22:38:12] PLAYER: Pos: (83.52549, -0.002974, 13.10564) | Chunk: (2.0, 0.0) | TerrainHeight: -0.00 | HeightDiff: -0.00 | OnFloor: true
[22:38:13] PLAYER: Pos: (83.52549, -0.002974, 13.10564) | Chunk: (2.0, 0.0) | TerrainHeight: -0.00 | HeightDiff: -0.00 | OnFloor: true
[22:38:14] PLAYER: Pos: (83.52549, -0.002974, 13.10564) | Chunk: (2.0, 0.0) | TerrainHeight: -0.00 | HeightDiff: -0.00 | OnFloor: true
[22:38:15] PLAYER: Pos: (83.52549, -0.002974, 13.10564) | Chunk: (2.0, 0.0) | TerrainHeight: -0.00 | HeightDiff: -0.00 | OnFloor: true
[22:38:16] PLAYER: Pos: (83.52549, -0.002974, 13.10564) | Chunk: (2.0, 0.0) | TerrainHeight: -0.00 | HeightDiff: -0.00 | OnFloor: true
[22:38:17] PLAYER: Pos: (83.52549, -0.002974, 13.10564) | Chunk: (2.0, 0.0) | TerrainHeight: -0.00 | HeightDiff: -0.00 | OnFloor: true
[22:38:17] PLAYER: Pos: (83.52549, -0.002974, 13.10564) | Chunk: (2.0, 0.0) | TerrainHeight: -0.00 | HeightDiff: -0.00 | OnFloor: true
[22:38:18] PLAYER: Pos: (83.52549, -0.002974, 13.10564) | Chunk: (2.0, 0.0) | TerrainHeight: -0.00 | HeightDiff: -0.00 | OnFloor: true
[22:38:19] PLAYER: Pos: (83.52549, -0.002974, 13.10564) | Chunk: (2.0, 0.0) | TerrainHeight: -0.00 | HeightDiff: -0.00 | OnFloor: true
[22:38:20] PLAYER: Pos: (83.52549, -0.002974, 13.10564) | Chunk: (2.0, 0.0) | TerrainHeight: -0.00 | HeightDiff: -0.00 | OnFloor: true
[22:38:21] PLAYER: Pos: (83.52549, -0.002974, 13.10564) | Chunk: (2.0, 0.0) | TerrainHeight: -0.00 | HeightDiff: -0.00 | OnFloor: true
[22:38:22] PLAYER: Pos: (83.52549, -0.002974, 13.10564) | Chunk: (2.0, 0.0) | TerrainHeight: -0.00 | HeightDiff: -0.00 | OnFloor: true
[22:38:23] PLAYER: Pos: (83.52549, -0.002974, 13.10564) | Chunk: (2.0, 0.0) | TerrainHeight: -0.00 | HeightDiff: -0.00 | OnFloor: true
[22:38:24] PLAYER: Pos: (83.52549, -0.002974, 13.10564) | Chunk: (2.0, 0.0) | TerrainHeight: -0.00 | HeightDiff: -0.00 | OnFloor: true
[22:38:25] PLAYER: Pos: (83.52549, -0.002974, 13.10564) | Chunk: (2.0, 0.0) | TerrainHeight: -0.00 | HeightDiff: -0.00 | OnFloor: true
[22:38:26] PLAYER: Pos: (83.52549, -0.002974, 13.10564) | Chunk: (2.0, 0.0) | TerrainHeight: -0.00 | HeightDiff: -0.00 | OnFloor: true
[22:38:27] PLAYER: Pos: (83.52549, -0.002974, 13.10564) | Chunk: (2.0, 0.0) | TerrainHeight: -0.00 | HeightDiff: -0.00 | OnFloor: true
[22:38:28] INFO: === DEBUG SESSION ENDED ===
